device_id,device_num_qubits,target_sha256,run_id,circuit_id,family,generator,num_qubits,depth,size,config_id,optimization_level,layout_method,routing_method,seed,status,phase,category,exception_type,timeout_seconds,observed_total_seconds,message,diagnostic_method,observed_phase,completed_pass_count,last_completed_pass_name,last_completed_pass_class,last_completed_pass_index,last_completed_pass_duration_seconds,last_completed_pass_wall_elapsed_seconds,interrupted_pass_file,interrupted_pass_function,interrupted_pass_line,inferred_qiskit_stage,inferred_configuration_component,inferred_configuration_value,inference_confidence,causal_attribution_supported,diagnostic_limitations,last_relevant_qiskit_frame
quantinuum_h2_56,56,8c5576ac2f280a98f797dceb53186f97500e901d9784cc328187e156cbbe9b8f,run_fba83ee5e487d3904931475f162885edc1819773cfb7a1682df603b74c6e0614,qft_indep_tket_40,qft,tket,40,81,880,o3_default_default,3,,,0,timeout,transpilation,timeout,AttemptTimeoutError,100.0,100.00217224399967,Tentativo interrotto dopo 100.0 secondi.,qiskit_post_pass_callback_and_sigalrm_traceback,transpilation,56,VF2PostLayout,qiskit.transpiler.passes.layout.vf2_post_layout.VF2PostLayout,55,96.93753623962402,99.9928891769996,qiskit/transpiler/passes/layout/vf2_post_layout.py,_score_layout,373,optimization,optimization_level,3,medium,False,"Il callback pubblico di Qiskit viene eseguito dopo ogni pass: last_completed_pass non identifica necessariamente il pass interrotto. | Lo stack indica dove SIGALRM è stato osservato, non dimostra quale pass, configurazione, circuito o hardware abbia causato il timeout. | Un'attribuzione causale richiede confronti controllati tra circuiti, configurazioni e device.",qiskit/transpiler/passes/layout/vf2_post_layout.py:373:_score_layout
quantinuum_h2_56,56,8c5576ac2f280a98f797dceb53186f97500e901d9784cc328187e156cbbe9b8f,run_e695c9cd7df83e0e8977148e8ed56e65c38fa41b2fcd26b253299965139e0d0b,qft_indep_tket_40,qft,tket,40,81,880,o3_default_default,3,,,1,timeout,transpilation,timeout,AttemptTimeoutError,100.0,100.00219542300056,Tentativo interrotto dopo 100.0 secondi.,qiskit_post_pass_callback_and_sigalrm_traceback,transpilation,56,VF2PostLayout,qiskit.transpiler.passes.layout.vf2_post_layout.VF2PostLayout,55,97.15172791481018,99.99308673999985,qiskit/transpiler/passes/layout/vf2_post_layout.py,_score_layout,371,optimization,optimization_level,3,medium,False,"Il callback pubblico di Qiskit viene eseguito dopo ogni pass: last_completed_pass non identifica necessariamente il pass interrotto. | Lo stack indica dove SIGALRM è stato osservato, non dimostra quale pass, configurazione, circuito o hardware abbia causato il timeout. | Un'attribuzione causale richiede confronti controllati tra circuiti, configurazioni e device.",qiskit/transpiler/passes/layout/vf2_post_layout.py:371:_score_layout
quantinuum_h2_56,56,8c5576ac2f280a98f797dceb53186f97500e901d9784cc328187e156cbbe9b8f,run_f067aa42ef1f3db1dc63e107bc9a05ed83a5471b972e1c75d62a5e2fc62f85ef,qft_indep_tket_40,qft,tket,40,81,880,o3_default_default,3,,,2,timeout,transpilation,timeout,AttemptTimeoutError,100.0,100.00254831799975,Tentativo interrotto dopo 100.0 secondi.,qiskit_post_pass_callback_and_sigalrm_traceback,transpilation,56,VF2PostLayout,qiskit.transpiler.passes.layout.vf2_post_layout.VF2PostLayout,55,96.98517918586731,99.99319828999978,qiskit/transpiler/passes/layout/vf2_post_layout.py,run,281,optimization,optimization_level,3,medium,False,"Il callback pubblico di Qiskit viene eseguito dopo ogni pass: last_completed_pass non identifica necessariamente il pass interrotto. | Lo stack indica dove SIGALRM è stato osservato, non dimostra quale pass, configurazione, circuito o hardware abbia causato il timeout. | Un'attribuzione causale richiede confronti controllati tra circuiti, configurazioni e device.",qiskit/transpiler/passes/layout/vf2_post_layout.py:281:run
quantinuum_h2_56,56,8c5576ac2f280a98f797dceb53186f97500e901d9784cc328187e156cbbe9b8f,run_51ff8e0e6250e169a44045fafe4eb916da58e6c4b4335f4c27dc4dbd2c00d783,random_indep_qiskit_30,random,qiskit,30,312,2080,o3_default_default,3,,,0,timeout,transpilation,timeout,AttemptTimeoutError,100.0,100.00566923699989,Tentativo interrotto dopo 100.0 secondi.,qiskit_post_pass_callback_and_sigalrm_traceback,transpilation,46,VF2PostLayout,qiskit.transpiler.passes.layout.vf2_post_layout.VF2PostLayout,45,96.41103720664978,99.98941339800058,qiskit/transpiler/passes/layout/vf2_post_layout.py,_score_layout,375,optimization,optimization_level,3,medium,False,"Il callback pubblico di Qiskit viene eseguito dopo ogni pass: last_completed_pass non identifica necessariamente il pass interrotto. | Lo stack indica dove SIGALRM è stato osservato, non dimostra quale pass, configurazione, circuito o hardware abbia causato il timeout. | Un'attribuzione causale richiede confronti controllati tra circuiti, configurazioni e device.",qiskit/transpiler/passes/layout/vf2_post_layout.py:375:_score_layout
quantinuum_h2_56,56,8c5576ac2f280a98f797dceb53186f97500e901d9784cc328187e156cbbe9b8f,run_9030ed4c90e025b76b24f6538cdc56c320f61521b7743c2e1e773a39193e2a4b,random_indep_qiskit_30,random,qiskit,30,312,2080,o3_default_default,3,,,1,timeout,transpilation,timeout,AttemptTimeoutError,100.0,100.00387650099947,Tentativo interrotto dopo 100.0 secondi.,qiskit_post_pass_callback_and_sigalrm_traceback,transpilation,46,VF2PostLayout,qiskit.transpiler.passes.layout.vf2_post_layout.VF2PostLayout,45,96.35254073143005,99.98451622299945,qiskit/transpiler/passes/layout/vf2_post_layout.py,_score_layout,371,optimization,optimization_level,3,medium,False,"Il callback pubblico di Qiskit viene eseguito dopo ogni pass: last_completed_pass non identifica necessariamente il pass interrotto. | Lo stack indica dove SIGALRM è stato osservato, non dimostra quale pass, configurazione, circuito o hardware abbia causato il timeout. | Un'attribuzione causale richiede confronti controllati tra circuiti, configurazioni e device.",qiskit/transpiler/passes/layout/vf2_post_layout.py:371:_score_layout
quantinuum_h2_56,56,8c5576ac2f280a98f797dceb53186f97500e901d9784cc328187e156cbbe9b8f,run_f04f06a2ff277c37ff35daf54227692b3a72816a5cc1b713d957e3a5aaaeda87,random_indep_qiskit_30,random,qiskit,30,312,2080,o3_default_default,3,,,2,timeout,transpilation,timeout,AttemptTimeoutError,100.0,100.00381064700014,Tentativo interrotto dopo 100.0 secondi.,qiskit_post_pass_callback_and_sigalrm_traceback,transpilation,46,VF2PostLayout,qiskit.transpiler.passes.layout.vf2_post_layout.VF2PostLayout,45,96.35097908973694,99.98449010100012,qiskit/transpiler/passes/layout/vf2_post_layout.py,_score_layout,375,optimization,optimization_level,3,medium,False,"Il callback pubblico di Qiskit viene eseguito dopo ogni pass: last_completed_pass non identifica necessariamente il pass interrotto. | Lo stack indica dove SIGALRM è stato osservato, non dimostra quale pass, configurazione, circuito o hardware abbia causato il timeout. | Un'attribuzione causale richiede confronti controllati tra circuiti, configurazioni e device.",qiskit/transpiler/passes/layout/vf2_post_layout.py:375:_score_layout
quantinuum_h2_56,56,8c5576ac2f280a98f797dceb53186f97500e901d9784cc328187e156cbbe9b8f,run_21da9ed3b8c3a64f68770eb96564f395d2a0460cc4390a414d9de7d1890ecfd8,graphstate_indep_qiskit_14,graphstate,qiskit,14,8,42,o3_dense_sabre,3,dense,sabre,0,timeout,transpilation,timeout,AttemptTimeoutError,100.0,100.0031455330004,Tentativo interrotto dopo 100.0 secondi.,qiskit_post_pass_callback_and_sigalrm_traceback,transpilation,46,VF2PostLayout,qiskit.transpiler.passes.layout.vf2_post_layout.VF2PostLayout,45,99.96902418136597,99.99958350999987,qiskit/transpiler/passes/layout/vf2_post_layout.py,_score_layout,363,optimization,optimization_level,3,medium,False,"Il callback pubblico di Qiskit viene eseguito dopo ogni pass: last_completed_pass non identifica necessariamente il pass interrotto. | Lo stack indica dove SIGALRM è stato osservato, non dimostra quale pass, configurazione, circuito o hardware abbia causato il timeout. | Un'attribuzione causale richiede confronti controllati tra circuiti, configurazioni e device.",qiskit/transpiler/passes/layout/vf2_post_layout.py:363:_score_layout
quantinuum_h2_56,56,8c5576ac2f280a98f797dceb53186f97500e901d9784cc328187e156cbbe9b8f,run_fbdc4ef1afdf39b04af5a45ddb70b30c6ef164529313e022635ab0305eeccca3,graphstate_indep_qiskit_14,graphstate,qiskit,14,8,42,o3_dense_sabre,3,dense,sabre,1,timeout,transpilation,timeout,AttemptTimeoutError,100.0,100.00185261999968,Tentativo interrotto dopo 100.0 secondi.,qiskit_post_pass_callback_and_sigalrm_traceback,transpilation,46,VF2PostLayout,qiskit.transpiler.passes.layout.vf2_post_layout.VF2PostLayout,45,99.9512140750885,99.99945725499992,qiskit/transpiler/passes/layout/vf2_post_layout.py,_score_layout,362,optimization,optimization_level,3,medium,False,"Il callback pubblico di Qiskit viene eseguito dopo ogni pass: last_completed_pass non identifica necessariamente il pass interrotto. | Lo stack indica dove SIGALRM è stato osservato, non dimostra quale pass, configurazione, circuito o hardware abbia causato il timeout. | Un'attribuzione causale richiede confronti controllati tra circuiti, configurazioni e device.",qiskit/transpiler/passes/layout/vf2_post_layout.py:362:_score_layout
quantinuum_h2_56,56,8c5576ac2f280a98f797dceb53186f97500e901d9784cc328187e156cbbe9b8f,run_7b10eb2e90c4723586caf844245b792f0d5fdd804f4fc5f8b35993657bbaa0bf,graphstate_indep_qiskit_14,graphstate,qiskit,14,8,42,o3_dense_sabre,3,dense,sabre,2,timeout,transpilation,timeout,AttemptTimeoutError,100.0,100.00226726599976,Tentativo interrotto dopo 100.0 secondi.,qiskit_post_pass_callback_and_sigalrm_traceback,transpilation,46,VF2PostLayout,qiskit.transpiler.passes.layout.vf2_post_layout.VF2PostLayout,45,99.95663595199585,99.99929503699968,qiskit/transpiler/passes/layout/vf2_post_layout.py,_score_layout,366,optimization,optimization_level,3,medium,False,"Il callback pubblico di Qiskit viene eseguito dopo ogni pass: last_completed_pass non identifica necessariamente il pass interrotto. | Lo stack indica dove SIGALRM è stato osservato, non dimostra quale pass, configurazione, circuito o hardware abbia causato il timeout. | Un'attribuzione causale richiede confronti controllati tra circuiti, configurazioni e device.",qiskit/transpiler/passes/layout/vf2_post_layout.py:366:_score_layout
quantinuum_h2_56,56,8c5576ac2f280a98f797dceb53186f97500e901d9784cc328187e156cbbe9b8f,run_204f9862dbe6ddd89eecff8b66b64f3737f110d20f5d4fab3879df9eec845ba1,pricingcall_indep_qiskit_5,pricingcall,qiskit,5,36,47,o3_dense_sabre,3,dense,sabre,0,timeout,transpilation,timeout,AttemptTimeoutError,100.0,100.00159861600059,Tentativo interrotto dopo 100.0 secondi.,qiskit_post_pass_callback_and_sigalrm_traceback,transpilation,46,VF2PostLayout,qiskit.transpiler.passes.layout.vf2_post_layout.VF2PostLayout,45,99.95624470710754,99.999510267,qiskit/transpiler/passes/layout/vf2_post_layout.py,_score_layout,366,optimization,optimization_level,3,medium,False,"Il callback pubblico di Qiskit viene eseguito dopo ogni pass: last_completed_pass non identifica necessariamente il pass interrotto. | Lo stack indica dove SIGALRM è stato osservato, non dimostra quale pass, configurazione, circuito o hardware abbia causato il timeout. | Un'attribuzione causale richiede confronti controllati tra circuiti, configurazioni e device.",qiskit/transpiler/passes/layout/vf2_post_layout.py:366:_score_layout
quantinuum_h2_56,56,8c5576ac2f280a98f797dceb53186f97500e901d9784cc328187e156cbbe9b8f,run_a952e4001ac0cd243fdb9a001941e88c661b035fde8261b3e37091a8c4770dce,pricingcall_indep_qiskit_5,pricingcall,qiskit,5,36,47,o3_dense_sabre,3,dense,sabre,1,timeout,transpilation,timeout,AttemptTimeoutError,100.0,100.00154715500048,Tentativo interrotto dopo 100.0 secondi.,qiskit_post_pass_callback_and_sigalrm_traceback,transpilation,46,VF2PostLayout,qiskit.transpiler.passes.layout.vf2_post_layout.VF2PostLayout,45,99.82448363304138,99.99951698700079,qiskit/transpiler/passes/layout/vf2_post_layout.py,_score_layout,371,optimization,optimization_level,3,medium,False,"Il callback pubblico di Qiskit viene eseguito dopo ogni pass: last_completed_pass non identifica necessariamente il pass interrotto. | Lo stack indica dove SIGALRM è stato osservato, non dimostra quale pass, configurazione, circuito o hardware abbia causato il timeout. | Un'attribuzione causale richiede confronti controllati tra circuiti, configurazioni e device.",qiskit/transpiler/passes/layout/vf2_post_layout.py:371:_score_layout
quantinuum_h2_56,56,8c5576ac2f280a98f797dceb53186f97500e901d9784cc328187e156cbbe9b8f,run_015dd5f41a08ac725a8d8e05f006b93a51b3e91815c64eef8a8570f1c1118fa4,pricingcall_indep_qiskit_5,pricingcall,qiskit,5,36,47,o3_dense_sabre,3,dense,sabre,2,timeout,transpilation,timeout,AttemptTimeoutError,100.0,100.00160155899994,Tentativo interrotto dopo 100.0 secondi.,qiskit_post_pass_callback_and_sigalrm_traceback,transpilation,46,VF2PostLayout,qiskit.transpiler.passes.layout.vf2_post_layout.VF2PostLayout,45,99.96883130073547,99.9996178930005,qiskit/transpiler/passes/layout/vf2_post_layout.py,_score_layout,366,optimization,optimization_level,3,medium,False,"Il callback pubblico di Qiskit viene eseguito dopo ogni pass: last_completed_pass non identifica necessariamente il pass interrotto. | Lo stack indica dove SIGALRM è stato osservato, non dimostra quale pass, configurazione, circuito o hardware abbia causato il timeout. | Un'attribuzione causale richiede confronti controllati tra circuiti, configurazioni e device.",qiskit/transpiler/passes/layout/vf2_post_layout.py:366:_score_layout
quantinuum_h2_56,56,8c5576ac2f280a98f797dceb53186f97500e901d9784cc328187e156cbbe9b8f,run_c957f5abcdc72f7e1dde28009097797302b95602ae2a00167444093c0046c3e7,qaoa_indep_tket_7,qaoa,tket,7,10,42,o3_dense_sabre,3,dense,sabre,0,timeout,transpilation,timeout,AttemptTimeoutError,100.0,100.00152355099999,Tentativo interrotto dopo 100.0 secondi.,qiskit_post_pass_callback_and_sigalrm_traceback,transpilation,46,VF2PostLayout,qiskit.transpiler.passes.layout.vf2_post_layout.VF2PostLayout,45,99.96150398254395,99.99949288399966,qiskit/transpiler/passes/layout/vf2_post_layout.py,_score_layout,366,optimization,optimization_level,3,medium,False,"Il callback pubblico di Qiskit viene eseguito dopo ogni pass: last_completed_pass non identifica necessariamente il pass interrotto. | Lo stack indica dove SIGALRM è stato osservato, non dimostra quale pass, configurazione, circuito o hardware abbia causato il timeout. | Un'attribuzione causale richiede confronti controllati tra circuiti, configurazioni e device.",qiskit/transpiler/passes/layout/vf2_post_layout.py:366:_score_layout
quantinuum_h2_56,56,8c5576ac2f280a98f797dceb53186f97500e901d9784cc328187e156cbbe9b8f,run_f3d476a759b93eda22e78a950790cbbcd9aceae5c36ea493693839ad6bcc93f4,qaoa_indep_tket_7,qaoa,tket,7,10,42,o3_dense_sabre,3,dense,sabre,1,timeout,transpilation,timeout,AttemptTimeoutError,100.0,100.00148074699973,Tentativo interrotto dopo 100.0 secondi.,qiskit_post_pass_callback_and_sigalrm_traceback,transpilation,46,VF2PostLayout,qiskit.transpiler.passes.layout.vf2_post_layout.VF2PostLayout,45,99.97104263305664,99.999416269,qiskit/transpiler/passes/layout/vf2_post_layout.py,run,281,optimization,optimization_level,3,medium,False,"Il callback pubblico di Qiskit viene eseguito dopo ogni pass: last_completed_pass non identifica necessariamente il pass interrotto. | Lo stack indica dove SIGALRM è stato osservato, non dimostra quale pass, configurazione, circuito o hardware abbia causato il timeout. | Un'attribuzione causale richiede confronti controllati tra circuiti, configurazioni e device.",qiskit/transpiler/passes/layout/vf2_post_layout.py:281:run
quantinuum_h2_56,56,8c5576ac2f280a98f797dceb53186f97500e901d9784cc328187e156cbbe9b8f,run_8a11691c9b8ef9ffac2d9a1cc1a034460904efad06433da2a91c86826b3027f9,qaoa_indep_tket_7,qaoa,tket,7,10,42,o3_dense_sabre,3,dense,sabre,2,timeout,transpilation,timeout,AttemptTimeoutError,100.0,100.00230496299992,Tentativo interrotto dopo 100.0 secondi.,qiskit_post_pass_callback_and_sigalrm_traceback,transpilation,46,VF2PostLayout,qiskit.transpiler.passes.layout.vf2_post_layout.VF2PostLayout,45,99.96954655647278,99.99941889599995,qiskit/transpiler/passes/layout/vf2_post_layout.py,_score_layout,362,optimization,optimization_level,3,medium,False,"Il callback pubblico di Qiskit viene eseguito dopo ogni pass: last_completed_pass non identifica necessariamente il pass interrotto. | Lo stack indica dove SIGALRM è stato osservato, non dimostra quale pass, configurazione, circuito o hardware abbia causato il timeout. | Un'attribuzione causale richiede confronti controllati tra circuiti, configurazioni e device.",qiskit/transpiler/passes/layout/vf2_post_layout.py:362:_score_layout
quantinuum_h2_56,56,8c5576ac2f280a98f797dceb53186f97500e901d9784cc328187e156cbbe9b8f,run_7303b37491fd230d9ad2150fbf4097be343dff159ac3057ab29720e3c29a3d6c,qft_indep_tket_40,qft,tket,40,81,880,o3_dense_sabre,3,dense,sabre,0,timeout,transpilation,timeout,AttemptTimeoutError,100.0,100.00322060300005,Tentativo interrotto dopo 100.0 secondi.,qiskit_post_pass_callback_and_sigalrm_traceback,transpilation,56,VF2PostLayout,qiskit.transpiler.passes.layout.vf2_post_layout.VF2PostLayout,55,99.70326828956604,99.99309360700045,qiskit/transpiler/passes/layout/vf2_post_layout.py,run,281,optimization,optimization_level,3,medium,False,"Il callback pubblico di Qiskit viene eseguito dopo ogni pass: last_completed_pass non identifica necessariamente il pass interrotto. | Lo stack indica dove SIGALRM è stato osservato, non dimostra quale pass, configurazione, circuito o hardware abbia causato il timeout. | Un'attribuzione causale richiede confronti controllati tra circuiti, configurazioni e device.",qiskit/transpiler/passes/layout/vf2_post_layout.py:281:run
quantinuum_h2_56,56,8c5576ac2f280a98f797dceb53186f97500e901d9784cc328187e156cbbe9b8f,run_86d52dd97f18987931780a157d76f6ee99da56e53c6cd5d9573f5681afdf9780,qft_indep_tket_40,qft,tket,40,81,880,o3_dense_sabre,3,dense,sabre,1,timeout,transpilation,timeout,AttemptTimeoutError,100.0,100.00273924199973,Tentativo interrotto dopo 100.0 secondi.,qiskit_post_pass_callback_and_sigalrm_traceback,transpilation,56,VF2PostLayout,qiskit.transpiler.passes.layout.vf2_post_layout.VF2PostLayout,55,99.65788578987122,99.99310665800022,qiskit/transpiler/passes/layout/vf2_post_layout.py,run,281,optimization,optimization_level,3,medium,False,"Il callback pubblico di Qiskit viene eseguito dopo ogni pass: last_completed_pass non identifica necessariamente il pass interrotto. | Lo stack indica dove SIGALRM è stato osservato, non dimostra quale pass, configurazione, circuito o hardware abbia causato il timeout. | Un'attribuzione causale richiede confronti controllati tra circuiti, configurazioni e device.",qiskit/transpiler/passes/layout/vf2_post_layout.py:281:run
quantinuum_h2_56,56,8c5576ac2f280a98f797dceb53186f97500e901d9784cc328187e156cbbe9b8f,run_34e2a041722ac485ef72390eb301ac74e81be721396d881fb4580caae484b869,qft_indep_tket_40,qft,tket,40,81,880,o3_dense_sabre,3,dense,sabre,2,timeout,transpilation,timeout,AttemptTimeoutError,100.0,100.00345749600001,Tentativo interrotto dopo 100.0 secondi.,qiskit_post_pass_callback_and_sigalrm_traceback,transpilation,56,VF2PostLayout,qiskit.transpiler.passes.layout.vf2_post_layout.VF2PostLayout,55,99.68748259544373,99.98829032200047,qiskit/transpiler/passes/layout/vf2_post_layout.py,_score_layout,375,optimization,optimization_level,3,medium,False,"Il callback pubblico di Qiskit viene eseguito dopo ogni pass: last_completed_pass non identifica necessariamente il pass interrotto. | Lo stack indica dove SIGALRM è stato osservato, non dimostra quale pass, configurazione, circuito o hardware abbia causato il timeout. | Un'attribuzione causale richiede confronti controllati tra circuiti, configurazioni e device.",qiskit/transpiler/passes/layout/vf2_post_layout.py:375:_score_layout
quantinuum_h2_56,56,8c5576ac2f280a98f797dceb53186f97500e901d9784cc328187e156cbbe9b8f,run_3169631dde72533afef8f3922b677257ade2332378d14a3e68caab2326d5d71f,random_indep_qiskit_30,random,qiskit,30,312,2080,o3_dense_sabre,3,dense,sabre,0,timeout,transpilation,timeout,AttemptTimeoutError,100.0,100.00579276799999,Tentativo interrotto dopo 100.0 secondi.,qiskit_post_pass_callback_and_sigalrm_traceback,transpilation,46,VF2PostLayout,qiskit.transpiler.passes.layout.vf2_post_layout.VF2PostLayout,45,99.44305729866028,99.9895609690002,qiskit/transpiler/passes/layout/vf2_post_layout.py,_score_layout,371,optimization,optimization_level,3,medium,False,"Il callback pubblico di Qiskit viene eseguito dopo ogni pass: last_completed_pass non identifica necessariamente il pass interrotto. | Lo stack indica dove SIGALRM è stato osservato, non dimostra quale pass, configurazione, circuito o hardware abbia causato il timeout. | Un'attribuzione causale richiede confronti controllati tra circuiti, configurazioni e device.",qiskit/transpiler/passes/layout/vf2_post_layout.py:371:_score_layout
quantinuum_h2_56,56,8c5576ac2f280a98f797dceb53186f97500e901d9784cc328187e156cbbe9b8f,run_b2277f798b2a7a70494f7535a1b15cd96928677de036e27d6d417e966e712a4a,random_indep_qiskit_30,random,qiskit,30,312,2080,o3_dense_sabre,3,dense,sabre,1,timeout,transpilation,timeout,AttemptTimeoutError,100.0,100.00370515699979,Tentativo interrotto dopo 100.0 secondi.,qiskit_post_pass_callback_and_sigalrm_traceback,transpilation,46,VF2PostLayout,qiskit.transpiler.passes.layout.vf2_post_layout.VF2PostLayout,45,99.55409908294678,99.984384417,qiskit/transpiler/passes/layout/vf2_post_layout.py,_score_layout,375,optimization,optimization_level,3,medium,False,"Il callback pubblico di Qiskit viene eseguito dopo ogni pass: last_completed_pass non identifica necessariamente il pass interrotto. | Lo stack indica dove SIGALRM è stato osservato, non dimostra quale pass, configurazione, circuito o hardware abbia causato il timeout. | Un'attribuzione causale richiede confronti controllati tra circuiti, configurazioni e device.",qiskit/transpiler/passes/layout/vf2_post_layout.py:375:_score_layout
quantinuum_h2_56,56,8c5576ac2f280a98f797dceb53186f97500e901d9784cc328187e156cbbe9b8f,run_29c56abf83be59e7d285094e24b6bfad0c2bf1ca699a3d423320ed33daceec08,random_indep_qiskit_30,random,qiskit,30,312,2080,o3_dense_sabre,3,dense,sabre,2,timeout,transpilation,timeout,AttemptTimeoutError,100.0,100.00370420800027,Tentativo interrotto dopo 100.0 secondi.,qiskit_post_pass_callback_and_sigalrm_traceback,transpilation,46,VF2PostLayout,qiskit.transpiler.passes.layout.vf2_post_layout.VF2PostLayout,45,99.59563136100769,99.98740686800011,qiskit/transpiler/passes/layout/vf2_post_layout.py,_score_layout,371,optimization,optimization_level,3,medium,False,"Il callback pubblico di Qiskit viene eseguito dopo ogni pass: last_completed_pass non identifica necessariamente il pass interrotto. | Lo stack indica dove SIGALRM è stato osservato, non dimostra quale pass, configurazione, circuito o hardware abbia causato il timeout. | Un'attribuzione causale richiede confronti controllati tra circuiti, configurazioni e device.",qiskit/transpiler/passes/layout/vf2_post_layout.py:371:_score_layout
quantinuum_h2_56,56,8c5576ac2f280a98f797dceb53186f97500e901d9784cc328187e156cbbe9b8f,run_3a995c3929d7a7ae92f1b641f38f21374d5219ba0cd392b21a0a63e4434aed00,routing_indep_qiskit_12,routing,qiskit,12,20,93,o3_dense_sabre,3,dense,sabre,0,timeout,transpilation,timeout,AttemptTimeoutError,100.0,100.00180172699947,Tentativo interrotto dopo 100.0 secondi.,qiskit_post_pass_callback_and_sigalrm_traceback,transpilation,46,VF2PostLayout,qiskit.transpiler.passes.layout.vf2_post_layout.VF2PostLayout,45,99.97291469573975,99.99981855100123,qiskit/transpiler/passes/layout/vf2_post_layout.py,_score_layout,366,optimization,optimization_level,3,medium,False,"Il callback pubblico di Qiskit viene eseguito dopo ogni pass: last_completed_pass non identifica necessariamente il pass interrotto. | Lo stack indica dove SIGALRM è stato osservato, non dimostra quale pass, configurazione, circuito o hardware abbia causato il timeout. | Un'attribuzione causale richiede confronti controllati tra circuiti, configurazioni e device.",qiskit/transpiler/passes/layout/vf2_post_layout.py:366:_score_layout
quantinuum_h2_56,56,8c5576ac2f280a98f797dceb53186f97500e901d9784cc328187e156cbbe9b8f,run_9a64580bb820d52f86429f5f765df7c3fce501db4f71fc7ae874702e67d45a6e,routing_indep_qiskit_12,routing,qiskit,12,20,93,o3_dense_sabre,3,dense,sabre,1,timeout,transpilation,timeout,AttemptTimeoutError,100.0,100.00151351099885,Tentativo interrotto dopo 100.0 secondi.,qiskit_post_pass_callback_and_sigalrm_traceback,transpilation,46,VF2PostLayout,qiskit.transpiler.passes.layout.vf2_post_layout.VF2PostLayout,45,99.97331261634827,99.9994555430003,qiskit/transpiler/passes/layout/vf2_post_layout.py,run,278,optimization,optimization_level,3,medium,False,"Il callback pubblico di Qiskit viene eseguito dopo ogni pass: last_completed_pass non identifica necessariamente il pass interrotto. | Lo stack indica dove SIGALRM è stato osservato, non dimostra quale pass, configurazione, circuito o hardware abbia causato il timeout. | Un'attribuzione causale richiede confronti controllati tra circuiti, configurazioni e device.",qiskit/transpiler/passes/layout/vf2_post_layout.py:278:run
quantinuum_h2_56,56,8c5576ac2f280a98f797dceb53186f97500e901d9784cc328187e156cbbe9b8f,run_77c37a6714680f81aba4d1e864c753aea78600be9158aa9d1b3f86e5c6bf2e8c,routing_indep_qiskit_12,routing,qiskit,12,20,93,o3_dense_sabre,3,dense,sabre,2,timeout,transpilation,timeout,AttemptTimeoutError,100.0,100.00163482900098,Tentativo interrotto dopo 100.0 secondi.,qiskit_post_pass_callback_and_sigalrm_traceback,transpilation,46,VF2PostLayout,qiskit.transpiler.passes.layout.vf2_post_layout.VF2PostLayout,45,99.97325420379639,99.99952008000037,qiskit/transpiler/passes/layout/vf2_post_layout.py,_score_layout,375,optimization,optimization_level,3,medium,False,"Il callback pubblico di Qiskit viene eseguito dopo ogni pass: last_completed_pass non identifica necessariamente il pass interrotto. | Lo stack indica dove SIGALRM è stato osservato, non dimostra quale pass, configurazione, circuito o hardware abbia causato il timeout. | Un'attribuzione causale richiede confronti controllati tra circuiti, configurazioni e device.",qiskit/transpiler/passes/layout/vf2_post_layout.py:375:_score_layout
quantinuum_h2_56,56,8c5576ac2f280a98f797dceb53186f97500e901d9784cc328187e156cbbe9b8f,run_e685304ffff9160122feb0e4475d3c1d4d4d08ae43846e5c93c2b59775a0bfb0,vqe_indep_tket_16,vqe,tket,16,21,94,o3_dense_sabre,3,dense,sabre,0,timeout,transpilation,timeout,AttemptTimeoutError,100.0,100.00247468199996,Tentativo interrotto dopo 100.0 secondi.,qiskit_post_pass_callback_and_sigalrm_traceback,transpilation,46,VF2PostLayout,qiskit.transpiler.passes.layout.vf2_post_layout.VF2PostLayout,45,99.95821142196655,99.99945963699975,qiskit/transpiler/passes/layout/vf2_post_layout.py,run,278,optimization,optimization_level,3,medium,False,"Il callback pubblico di Qiskit viene eseguito dopo ogni pass: last_completed_pass non identifica necessariamente il pass interrotto. | Lo stack indica dove SIGALRM è stato osservato, non dimostra quale pass, configurazione, circuito o hardware abbia causato il timeout. | Un'attribuzione causale richiede confronti controllati tra circuiti, configurazioni e device.",qiskit/transpiler/passes/layout/vf2_post_layout.py:278:run
quantinuum_h2_56,56,8c5576ac2f280a98f797dceb53186f97500e901d9784cc328187e156cbbe9b8f,run_7544789d4b4c1c3e2055790cf9550c3c8fbae15f56d81d569c8586c8ef4997b6,vqe_indep_tket_16,vqe,tket,16,21,94,o3_dense_sabre,3,dense,sabre,1,timeout,transpilation,timeout,AttemptTimeoutError,100.0,100.00223064000056,Tentativo interrotto dopo 100.0 secondi.,qiskit_post_pass_callback_and_sigalrm_traceback,transpilation,46,VF2PostLayout,qiskit.transpiler.passes.layout.vf2_post_layout.VF2PostLayout,45,99.97044324874878,99.9995246769995,qiskit/transpiler/passes/layout/vf2_post_layout.py,run,281,optimization,optimization_level,3,medium,False,"Il callback pubblico di Qiskit viene eseguito dopo ogni pass: last_completed_pass non identifica necessariamente il pass interrotto. | Lo stack indica dove SIGALRM è stato osservato, non dimostra quale pass, configurazione, circuito o hardware abbia causato il timeout. | Un'attribuzione causale richiede confronti controllati tra circuiti, configurazioni e device.",qiskit/transpiler/passes/layout/vf2_post_layout.py:281:run
quantinuum_h2_56,56,8c5576ac2f280a98f797dceb53186f97500e901d9784cc328187e156cbbe9b8f,run_4c0c0139e472c8138fb87b11f5e5683dc3651b0ae6e23932cb57d43768867c69,vqe_indep_tket_16,vqe,tket,16,21,94,o3_dense_sabre,3,dense,sabre,2,timeout,transpilation,timeout,AttemptTimeoutError,100.0,100.00154494799972,Tentativo interrotto dopo 100.0 secondi.,qiskit_post_pass_callback_and_sigalrm_traceback,transpilation,46,VF2PostLayout,qiskit.transpiler.passes.layout.vf2_post_layout.VF2PostLayout,45,99.97045969963074,99.99944947499989,qiskit/transpiler/passes/layout/vf2_post_layout.py,_score_layout,366,optimization,optimization_level,3,medium,False,"Il callback pubblico di Qiskit viene eseguito dopo ogni pass: last_completed_pass non identifica necessariamente il pass interrotto. | Lo stack indica dove SIGALRM è stato osservato, non dimostra quale pass, configurazione, circuito o hardware abbia causato il timeout. | Un'attribuzione causale richiede confronti controllati tra circuiti, configurazioni e device.",qiskit/transpiler/passes/layout/vf2_post_layout.py:366:_score_layout
quantinuum_h2_56,56,8c5576ac2f280a98f797dceb53186f97500e901d9784cc328187e156cbbe9b8f,run_f4ab047541a3e907c53cff38d36acd59755828be948dbc8803df5887351f3071,graphstate_indep_qiskit_14,graphstate,qiskit,14,8,42,o3_sabre_basic,3,sabre,basic,0,timeout,transpilation,timeout,AttemptTimeoutError,100.0,100.00174686400078,Tentativo interrotto dopo 100.0 secondi.,qiskit_post_pass_callback_and_sigalrm_traceback,transpilation,47,VF2PostLayout,qiskit.transpiler.passes.layout.vf2_post_layout.VF2PostLayout,46,99.97065019607544,99.99946842100053,qiskit/transpiler/passes/layout/vf2_post_layout.py,_score_layout,375,optimization,optimization_level,3,medium,False,"Il callback pubblico di Qiskit viene eseguito dopo ogni pass: last_completed_pass non identifica necessariamente il pass interrotto. | Lo stack indica dove SIGALRM è stato osservato, non dimostra quale pass, configurazione, circuito o hardware abbia causato il timeout. | Un'attribuzione causale richiede confronti controllati tra circuiti, configurazioni e device.",qiskit/transpiler/passes/layout/vf2_post_layout.py:375:_score_layout
quantinuum_h2_56,56,8c5576ac2f280a98f797dceb53186f97500e901d9784cc328187e156cbbe9b8f,run_ddc8223477bf2f060cdb8b5aac5c34148b23eaa6ab92cf8d3ae086e6fdb8f415,graphstate_indep_qiskit_14,graphstate,qiskit,14,8,42,o3_sabre_basic,3,sabre,basic,1,timeout,transpilation,timeout,AttemptTimeoutError,100.0,100.00230703500074,Tentativo interrotto dopo 100.0 secondi.,qiskit_post_pass_callback_and_sigalrm_traceback,transpilation,47,VF2PostLayout,qiskit.transpiler.passes.layout.vf2_post_layout.VF2PostLayout,46,99.96328139305115,99.9994059769997,qiskit/transpiler/passes/layout/vf2_post_layout.py,_score_layout,366,optimization,optimization_level,3,medium,False,"Il callback pubblico di Qiskit viene eseguito dopo ogni pass: last_completed_pass non identifica necessariamente il pass interrotto. | Lo stack indica dove SIGALRM è stato osservato, non dimostra quale pass, configurazione, circuito o hardware abbia causato il timeout. | Un'attribuzione causale richiede confronti controllati tra circuiti, configurazioni e device.",qiskit/transpiler/passes/layout/vf2_post_layout.py:366:_score_layout
quantinuum_h2_56,56,8c5576ac2f280a98f797dceb53186f97500e901d9784cc328187e156cbbe9b8f,run_e19ffd820dbd854f9e9216d0e7db4988685e0e7ae98f882ea718d842fa137ded,graphstate_indep_qiskit_14,graphstate,qiskit,14,8,42,o3_sabre_basic,3,sabre,basic,2,timeout,transpilation,timeout,AttemptTimeoutError,100.0,100.00163114299994,Tentativo interrotto dopo 100.0 secondi.,qiskit_post_pass_callback_and_sigalrm_traceback,transpilation,47,VF2PostLayout,qiskit.transpiler.passes.layout.vf2_post_layout.VF2PostLayout,46,99.96785950660706,99.99957862499923,qiskit/transpiler/passes/layout/vf2_post_layout.py,_score_layout,373,optimization,optimization_level,3,medium,False,"Il callback pubblico di Qiskit viene eseguito dopo ogni pass: last_completed_pass non identifica necessariamente il pass interrotto. | Lo stack indica dove SIGALRM è stato osservato, non dimostra quale pass, configurazione, circuito o hardware abbia causato il timeout. | Un'attribuzione causale richiede confronti controllati tra circuiti, configurazioni e device.",qiskit/transpiler/passes/layout/vf2_post_layout.py:373:_score_layout
quantinuum_h2_56,56,8c5576ac2f280a98f797dceb53186f97500e901d9784cc328187e156cbbe9b8f,run_8aa6ab8687941bf00adc2e6a330c659daac91b3c0024e9c6a8a64173d3d878d1,pricingcall_indep_qiskit_5,pricingcall,qiskit,5,36,47,o3_sabre_basic,3,sabre,basic,0,timeout,transpilation,timeout,AttemptTimeoutError,100.0,100.00156162599978,Tentativo interrotto dopo 100.0 secondi.,qiskit_post_pass_callback_and_sigalrm_traceback,transpilation,47,VF2PostLayout,qiskit.transpiler.passes.layout.vf2_post_layout.VF2PostLayout,46,99.96945142745972,99.99962667199998,qiskit/transpiler/passes/layout/vf2_post_layout.py,run,281,optimization,optimization_level,3,medium,False,"Il callback pubblico di Qiskit viene eseguito dopo ogni pass: last_completed_pass non identifica necessariamente il pass interrotto. | Lo stack indica dove SIGALRM è stato osservato, non dimostra quale pass, configurazione, circuito o hardware abbia causato il timeout. | Un'attribuzione causale richiede confronti controllati tra circuiti, configurazioni e device.",qiskit/transpiler/passes/layout/vf2_post_layout.py:281:run
quantinuum_h2_56,56,8c5576ac2f280a98f797dceb53186f97500e901d9784cc328187e156cbbe9b8f,run_512bb6293eb54a50eab1d0951baf831fb23847083a0d6be968ba65e0cae5c04c,pricingcall_indep_qiskit_5,pricingcall,qiskit,5,36,47,o3_sabre_basic,3,sabre,basic,1,timeout,transpilation,timeout,AttemptTimeoutError,100.0,100.00163061600051,Tentativo interrotto dopo 100.0 secondi.,qiskit_post_pass_callback_and_sigalrm_traceback,transpilation,47,VF2PostLayout,qiskit.transpiler.passes.layout.vf2_post_layout.VF2PostLayout,46,99.96901988983154,99.9996059189998,qiskit/transpiler/passes/layout/vf2_post_layout.py,_score_layout,363,optimization,optimization_level,3,medium,False,"Il callback pubblico di Qiskit viene eseguito dopo ogni pass: last_completed_pass non identifica necessariamente il pass interrotto. | Lo stack indica dove SIGALRM è stato osservato, non dimostra quale pass, configurazione, circuito o hardware abbia causato il timeout. | Un'attribuzione causale richiede confronti controllati tra circuiti, configurazioni e device.",qiskit/transpiler/passes/layout/vf2_post_layout.py:363:_score_layout
quantinuum_h2_56,56,8c5576ac2f280a98f797dceb53186f97500e901d9784cc328187e156cbbe9b8f,run_2f3bdf425f5c5df9cbc3fac26cfdad29ae87fcd76de203e0f64e7de141eb55cd,pricingcall_indep_qiskit_5,pricingcall,qiskit,5,36,47,o3_sabre_basic,3,sabre,basic,2,timeout,transpilation,timeout,AttemptTimeoutError,100.0,100.00164620900068,Tentativo interrotto dopo 100.0 secondi.,qiskit_post_pass_callback_and_sigalrm_traceback,transpilation,47,VF2PostLayout,qiskit.transpiler.passes.layout.vf2_post_layout.VF2PostLayout,46,99.96134281158447,99.99965146300019,qiskit/transpiler/passes/layout/vf2_post_layout.py,_score_layout,372,optimization,optimization_level,3,medium,False,"Il callback pubblico di Qiskit viene eseguito dopo ogni pass: last_completed_pass non identifica necessariamente il pass interrotto. | Lo stack indica dove SIGALRM è stato osservato, non dimostra quale pass, configurazione, circuito o hardware abbia causato il timeout. | Un'attribuzione causale richiede confronti controllati tra circuiti, configurazioni e device.",qiskit/transpiler/passes/layout/vf2_post_layout.py:372:_score_layout
quantinuum_h2_56,56,8c5576ac2f280a98f797dceb53186f97500e901d9784cc328187e156cbbe9b8f,run_ab4633327308802ccb4b2d763bbfa4eeb806aaf4ae7b91432631fc248373e4f1,qaoa_indep_tket_7,qaoa,tket,7,10,42,o3_sabre_basic,3,sabre,basic,0,timeout,transpilation,timeout,AttemptTimeoutError,100.0,100.00165209999977,Tentativo interrotto dopo 100.0 secondi.,qiskit_post_pass_callback_and_sigalrm_traceback,transpilation,47,VF2PostLayout,qiskit.transpiler.passes.layout.vf2_post_layout.VF2PostLayout,46,99.96679043769836,99.99958674299978,qiskit/transpiler/passes/layout/vf2_post_layout.py,_score_layout,371,optimization,optimization_level,3,medium,False,"Il callback pubblico di Qiskit viene eseguito dopo ogni pass: last_completed_pass non identifica necessariamente il pass interrotto. | Lo stack indica dove SIGALRM è stato osservato, non dimostra quale pass, configurazione, circuito o hardware abbia causato il timeout. | Un'attribuzione causale richiede confronti controllati tra circuiti, configurazioni e device.",qiskit/transpiler/passes/layout/vf2_post_layout.py:371:_score_layout
quantinuum_h2_56,56,8c5576ac2f280a98f797dceb53186f97500e901d9784cc328187e156cbbe9b8f,run_30c4d91b18cf261fbc1739f9fb771ceeb95c757383b7d9ca1575dd4435c0dad0,qaoa_indep_tket_7,qaoa,tket,7,10,42,o3_sabre_basic,3,sabre,basic,1,timeout,transpilation,timeout,AttemptTimeoutError,100.0,100.00164956300068,Tentativo interrotto dopo 100.0 secondi.,qiskit_post_pass_callback_and_sigalrm_traceback,transpilation,47,VF2PostLayout,qiskit.transpiler.passes.layout.vf2_post_layout.VF2PostLayout,46,99.96922373771667,99.99942903099964,qiskit/transpiler/passes/layout/vf2_post_layout.py,_score_layout,373,optimization,optimization_level,3,medium,False,"Il callback pubblico di Qiskit viene eseguito dopo ogni pass: last_completed_pass non identifica necessariamente il pass interrotto. | Lo stack indica dove SIGALRM è stato osservato, non dimostra quale pass, configurazione, circuito o hardware abbia causato il timeout. | Un'attribuzione causale richiede confronti controllati tra circuiti, configurazioni e device.",qiskit/transpiler/passes/layout/vf2_post_layout.py:373:_score_layout
quantinuum_h2_56,56,8c5576ac2f280a98f797dceb53186f97500e901d9784cc328187e156cbbe9b8f,run_6eff612056432c7e72ceba1ac5bcc5cf314809f8bea1d401fe431ab1da0474ba,qaoa_indep_tket_7,qaoa,tket,7,10,42,o3_sabre_basic,3,sabre,basic,2,timeout,transpilation,timeout,AttemptTimeoutError,100.0,100.00149750199944,Tentativo interrotto dopo 100.0 secondi.,qiskit_post_pass_callback_and_sigalrm_traceback,transpilation,47,VF2PostLayout,qiskit.transpiler.passes.layout.vf2_post_layout.VF2PostLayout,46,99.96626615524292,99.9995948679998,qiskit/transpiler/passes/layout/vf2_post_layout.py,run,279,optimization,optimization_level,3,medium,False,"Il callback pubblico di Qiskit viene eseguito dopo ogni pass: last_completed_pass non identifica necessariamente il pass interrotto. | Lo stack indica dove SIGALRM è stato osservato, non dimostra quale pass, configurazione, circuito o hardware abbia causato il timeout. | Un'attribuzione causale richiede confronti controllati tra circuiti, configurazioni e device.",qiskit/transpiler/passes/layout/vf2_post_layout.py:279:run
quantinuum_h2_56,56,8c5576ac2f280a98f797dceb53186f97500e901d9784cc328187e156cbbe9b8f,run_895fa73e1a7f7474d17272c58cce08313efcb14b84f87e3fa8d4062d2ed2f18f,qft_indep_tket_40,qft,tket,40,81,880,o3_sabre_basic,3,sabre,basic,0,timeout,transpilation,timeout,AttemptTimeoutError,100.0,100.00258225899961,Tentativo interrotto dopo 100.0 secondi.,qiskit_post_pass_callback_and_sigalrm_traceback,transpilation,57,VF2PostLayout,qiskit.transpiler.passes.layout.vf2_post_layout.VF2PostLayout,56,99.51669025421143,99.9926847580009,qiskit/transpiler/passes/layout/vf2_post_layout.py,_score_layout,375,optimization,optimization_level,3,medium,False,"Il callback pubblico di Qiskit viene eseguito dopo ogni pass: last_completed_pass non identifica necessariamente il pass interrotto. | Lo stack indica dove SIGALRM è stato osservato, non dimostra quale pass, configurazione, circuito o hardware abbia causato il timeout. | Un'attribuzione causale richiede confronti controllati tra circuiti, configurazioni e device.",qiskit/transpiler/passes/layout/vf2_post_layout.py:375:_score_layout
quantinuum_h2_56,56,8c5576ac2f280a98f797dceb53186f97500e901d9784cc328187e156cbbe9b8f,run_426b3672d07899714106e5a9a4919eae1d74d2e57f661106d6d4cdb28242fe4f,qft_indep_tket_40,qft,tket,40,81,880,o3_sabre_basic,3,sabre,basic,1,timeout,transpilation,timeout,AttemptTimeoutError,100.0,100.00258573799874,Tentativo interrotto dopo 100.0 secondi.,qiskit_post_pass_callback_and_sigalrm_traceback,transpilation,57,VF2PostLayout,qiskit.transpiler.passes.layout.vf2_post_layout.VF2PostLayout,56,99.64598822593689,99.99332251600026,qiskit/transpiler/passes/layout/vf2_post_layout.py,run,281,optimization,optimization_level,3,medium,False,"Il callback pubblico di Qiskit viene eseguito dopo ogni pass: last_completed_pass non identifica necessariamente il pass interrotto. | Lo stack indica dove SIGALRM è stato osservato, non dimostra quale pass, configurazione, circuito o hardware abbia causato il timeout. | Un'attribuzione causale richiede confronti controllati tra circuiti, configurazioni e device.",qiskit/transpiler/passes/layout/vf2_post_layout.py:281:run
quantinuum_h2_56,56,8c5576ac2f280a98f797dceb53186f97500e901d9784cc328187e156cbbe9b8f,run_79f90ef171b80b465c6653c8d823e0cf34d669aef9693062fad745cfc7865daf,qft_indep_tket_40,qft,tket,40,81,880,o3_sabre_basic,3,sabre,basic,2,timeout,transpilation,timeout,AttemptTimeoutError,100.0,100.00252695700146,Tentativo interrotto dopo 100.0 secondi.,qiskit_post_pass_callback_and_sigalrm_traceback,transpilation,57,VF2PostLayout,qiskit.transpiler.passes.layout.vf2_post_layout.VF2PostLayout,56,99.67241954803467,99.99321204099942,qiskit/transpiler/passes/layout/vf2_post_layout.py,_score_layout,375,optimization,optimization_level,3,medium,False,"Il callback pubblico di Qiskit viene eseguito dopo ogni pass: last_completed_pass non identifica necessariamente il pass interrotto. | Lo stack indica dove SIGALRM è stato osservato, non dimostra quale pass, configurazione, circuito o hardware abbia causato il timeout. | Un'attribuzione causale richiede confronti controllati tra circuiti, configurazioni e device.",qiskit/transpiler/passes/layout/vf2_post_layout.py:375:_score_layout
quantinuum_h2_56,56,8c5576ac2f280a98f797dceb53186f97500e901d9784cc328187e156cbbe9b8f,run_83b48d23a3d13e9eb3db48b61d37fdb92895c72fc387ce7951d304527e18ee02,random_indep_qiskit_30,random,qiskit,30,312,2080,o3_sabre_basic,3,sabre,basic,0,timeout,transpilation,timeout,AttemptTimeoutError,100.0,100.00521658900016,Tentativo interrotto dopo 100.0 secondi.,qiskit_post_pass_callback_and_sigalrm_traceback,transpilation,47,VF2PostLayout,qiskit.transpiler.passes.layout.vf2_post_layout.VF2PostLayout,46,99.58907914161682,99.98845539800004,qiskit/transpiler/passes/layout/vf2_post_layout.py,_score_layout,366,optimization,optimization_level,3,medium,False,"Il callback pubblico di Qiskit viene eseguito dopo ogni pass: last_completed_pass non identifica necessariamente il pass interrotto. | Lo stack indica dove SIGALRM è stato osservato, non dimostra quale pass, configurazione, circuito o hardware abbia causato il timeout. | Un'attribuzione causale richiede confronti controllati tra circuiti, configurazioni e device.",qiskit/transpiler/passes/layout/vf2_post_layout.py:366:_score_layout
quantinuum_h2_56,56,8c5576ac2f280a98f797dceb53186f97500e901d9784cc328187e156cbbe9b8f,run_a69a6ef3cc07a8f3f03121364e87a6cb118552f5eab39ba069cf0659de6bf48e,random_indep_qiskit_30,random,qiskit,30,312,2080,o3_sabre_basic,3,sabre,basic,1,timeout,transpilation,timeout,AttemptTimeoutError,100.0,100.00574428399977,Tentativo interrotto dopo 100.0 secondi.,qiskit_post_pass_callback_and_sigalrm_traceback,transpilation,47,VF2PostLayout,qiskit.transpiler.passes.layout.vf2_post_layout.VF2PostLayout,46,99.33882737159729,99.98301634200016,qiskit/transpiler/passes/layout/vf2_post_layout.py,_score_layout,371,optimization,optimization_level,3,medium,False,"Il callback pubblico di Qiskit viene eseguito dopo ogni pass: last_completed_pass non identifica necessariamente il pass interrotto. | Lo stack indica dove SIGALRM è stato osservato, non dimostra quale pass, configurazione, circuito o hardware abbia causato il timeout. | Un'attribuzione causale richiede confronti controllati tra circuiti, configurazioni e device.",qiskit/transpiler/passes/layout/vf2_post_layout.py:371:_score_layout
quantinuum_h2_56,56,8c5576ac2f280a98f797dceb53186f97500e901d9784cc328187e156cbbe9b8f,run_5d33eddc1a5f38f7475e442c998b235cbd8db6674f899b23c126aa246e478964,random_indep_qiskit_30,random,qiskit,30,312,2080,o3_sabre_basic,3,sabre,basic,2,timeout,transpilation,timeout,AttemptTimeoutError,100.0,100.00451301700014,Tentativo interrotto dopo 100.0 secondi.,qiskit_post_pass_callback_and_sigalrm_traceback,transpilation,47,VF2PostLayout,qiskit.transpiler.passes.layout.vf2_post_layout.VF2PostLayout,46,99.41614603996277,99.98501035299978,qiskit/transpiler/passes/layout/vf2_post_layout.py,_score_layout,371,optimization,optimization_level,3,medium,False,"Il callback pubblico di Qiskit viene eseguito dopo ogni pass: last_completed_pass non identifica necessariamente il pass interrotto. | Lo stack indica dove SIGALRM è stato osservato, non dimostra quale pass, configurazione, circuito o hardware abbia causato il timeout. | Un'attribuzione causale richiede confronti controllati tra circuiti, configurazioni e device.",qiskit/transpiler/passes/layout/vf2_post_layout.py:371:_score_layout
quantinuum_h2_56,56,8c5576ac2f280a98f797dceb53186f97500e901d9784cc328187e156cbbe9b8f,run_7cda1db5f2d84bc9313f061925f21e2558de4b27af5d42a22fb9fc12ea20d3d9,routing_indep_qiskit_12,routing,qiskit,12,20,93,o3_sabre_basic,3,sabre,basic,0,timeout,transpilation,timeout,AttemptTimeoutError,100.0,100.00160131700068,Tentativo interrotto dopo 100.0 secondi.,qiskit_post_pass_callback_and_sigalrm_traceback,transpilation,47,VF2PostLayout,qiskit.transpiler.passes.layout.vf2_post_layout.VF2PostLayout,46,99.96781778335571,99.9995099989992,qiskit/transpiler/passes/layout/vf2_post_layout.py,_score_layout,366,optimization,optimization_level,3,medium,False,"Il callback pubblico di Qiskit viene eseguito dopo ogni pass: last_completed_pass non identifica necessariamente il pass interrotto. | Lo stack indica dove SIGALRM è stato osservato, non dimostra quale pass, configurazione, circuito o hardware abbia causato il timeout. | Un'attribuzione causale richiede confronti controllati tra circuiti, configurazioni e device.",qiskit/transpiler/passes/layout/vf2_post_layout.py:366:_score_layout
quantinuum_h2_56,56,8c5576ac2f280a98f797dceb53186f97500e901d9784cc328187e156cbbe9b8f,run_e67302506a39eea8c0b281b6cd1421c5d3255537087e7d287978dbca0c070aec,routing_indep_qiskit_12,routing,qiskit,12,20,93,o3_sabre_basic,3,sabre,basic,1,timeout,transpilation,timeout,AttemptTimeoutError,100.0,100.00185875900024,Tentativo interrotto dopo 100.0 secondi.,qiskit_post_pass_callback_and_sigalrm_traceback,transpilation,47,VF2PostLayout,qiskit.transpiler.passes.layout.vf2_post_layout.VF2PostLayout,46,99.97391057014465,99.99975892099974,qiskit/transpiler/passes/layout/vf2_post_layout.py,_score_layout,366,optimization,optimization_level,3,medium,False,"Il callback pubblico di Qiskit viene eseguito dopo ogni pass: last_completed_pass non identifica necessariamente il pass interrotto. | Lo stack indica dove SIGALRM è stato osservato, non dimostra quale pass, configurazione, circuito o hardware abbia causato il timeout. | Un'attribuzione causale richiede confronti controllati tra circuiti, configurazioni e device.",qiskit/transpiler/passes/layout/vf2_post_layout.py:366:_score_layout
quantinuum_h2_56,56,8c5576ac2f280a98f797dceb53186f97500e901d9784cc328187e156cbbe9b8f,run_e925ff8bcbc92971fbcdae8155a5ff171e76e0d00f1232cd87796b515b9553e0,routing_indep_qiskit_12,routing,qiskit,12,20,93,o3_sabre_basic,3,sabre,basic,2,timeout,transpilation,timeout,AttemptTimeoutError,100.0,100.00157336200027,Tentativo interrotto dopo 100.0 secondi.,qiskit_post_pass_callback_and_sigalrm_traceback,transpilation,47,VF2PostLayout,qiskit.transpiler.passes.layout.vf2_post_layout.VF2PostLayout,46,99.9728639125824,99.99960355599978,qiskit/transpiler/passes/layout/vf2_post_layout.py,_target_match,41,optimization,optimization_level,3,medium,False,"Il callback pubblico di Qiskit viene eseguito dopo ogni pass: last_completed_pass non identifica necessariamente il pass interrotto. | Lo stack indica dove SIGALRM è stato osservato, non dimostra quale pass, configurazione, circuito o hardware abbia causato il timeout. | Un'attribuzione causale richiede confronti controllati tra circuiti, configurazioni e device.",qiskit/transpiler/passes/layout/vf2_post_layout.py:41:_target_match
quantinuum_h2_56,56,8c5576ac2f280a98f797dceb53186f97500e901d9784cc328187e156cbbe9b8f,run_6b30d40ceeed96ff09a4aada63f03c29e55e509f08953d9c2cf3a66f5bc1067e,vqe_indep_tket_16,vqe,tket,16,21,94,o3_sabre_basic,3,sabre,basic,0,timeout,transpilation,timeout,AttemptTimeoutError,100.0,100.00153583500014,Tentativo interrotto dopo 100.0 secondi.,qiskit_post_pass_callback_and_sigalrm_traceback,transpilation,47,VF2PostLayout,qiskit.transpiler.passes.layout.vf2_post_layout.VF2PostLayout,46,99.97275638580322,99.99942437500067,qiskit/transpiler/passes/layout/vf2_post_layout.py,run,279,optimization,optimization_level,3,medium,False,"Il callback pubblico di Qiskit viene eseguito dopo ogni pass: last_completed_pass non identifica necessariamente il pass interrotto. | Lo stack indica dove SIGALRM è stato osservato, non dimostra quale pass, configurazione, circuito o hardware abbia causato il timeout. | Un'attribuzione causale richiede confronti controllati tra circuiti, configurazioni e device.",qiskit/transpiler/passes/layout/vf2_post_layout.py:279:run
quantinuum_h2_56,56,8c5576ac2f280a98f797dceb53186f97500e901d9784cc328187e156cbbe9b8f,run_e133e517d0427a093dc056ae79ae2eac14b8bb6a4a99ed7bbe3b44932072c94e,vqe_indep_tket_16,vqe,tket,16,21,94,o3_sabre_basic,3,sabre,basic,1,timeout,transpilation,timeout,AttemptTimeoutError,100.0,100.001539418,Tentativo interrotto dopo 100.0 secondi.,qiskit_post_pass_callback_and_sigalrm_traceback,transpilation,47,VF2PostLayout,qiskit.transpiler.passes.layout.vf2_post_layout.VF2PostLayout,46,99.96979713439941,99.99944178999976,qiskit/transpiler/passes/layout/vf2_post_layout.py,_target_match,41,optimization,optimization_level,3,medium,False,"Il callback pubblico di Qiskit viene eseguito dopo ogni pass: last_completed_pass non identifica necessariamente il pass interrotto. | Lo stack indica dove SIGALRM è stato osservato, non dimostra quale pass, configurazione, circuito o hardware abbia causato il timeout. | Un'attribuzione causale richiede confronti controllati tra circuiti, configurazioni e device.",qiskit/transpiler/passes/layout/vf2_post_layout.py:41:_target_match
quantinuum_h2_56,56,8c5576ac2f280a98f797dceb53186f97500e901d9784cc328187e156cbbe9b8f,run_e5f2456d75b6422553bf009d6f35bcdbd43b8383a2f729e0d2eb1258d34cd8da,vqe_indep_tket_16,vqe,tket,16,21,94,o3_sabre_basic,3,sabre,basic,2,timeout,transpilation,timeout,AttemptTimeoutError,100.0,100.00157773899991,Tentativo interrotto dopo 100.0 secondi.,qiskit_post_pass_callback_and_sigalrm_traceback,transpilation,47,VF2PostLayout,qiskit.transpiler.passes.layout.vf2_post_layout.VF2PostLayout,46,99.97382879257202,99.99938969899995,qiskit/transpiler/passes/layout/vf2_post_layout.py,_score_layout,371,optimization,optimization_level,3,medium,False,"Il callback pubblico di Qiskit viene eseguito dopo ogni pass: last_completed_pass non identifica necessariamente il pass interrotto. | Lo stack indica dove SIGALRM è stato osservato, non dimostra quale pass, configurazione, circuito o hardware abbia causato il timeout. | Un'attribuzione causale richiede confronti controllati tra circuiti, configurazioni e device.",qiskit/transpiler/passes/layout/vf2_post_layout.py:371:_score_layout
quantinuum_h2_56,56,8c5576ac2f280a98f797dceb53186f97500e901d9784cc328187e156cbbe9b8f,run_792b91b14c8250a0f8bc362c81d78d37f99abc499c56e117e15a4f422d32d72e,graphstate_indep_qiskit_14,graphstate,qiskit,14,8,42,o3_sabre_lookahead,3,sabre,lookahead,0,timeout,transpilation,timeout,AttemptTimeoutError,100.0,100.00284339600057,Tentativo interrotto dopo 100.0 secondi.,qiskit_post_pass_callback_and_sigalrm_traceback,transpilation,47,VF2PostLayout,qiskit.transpiler.passes.layout.vf2_post_layout.VF2PostLayout,46,99.8519401550293,99.9996168609996,qiskit/transpiler/passes/layout/vf2_post_layout.py,_score_layout,366,optimization,optimization_level,3,medium,False,"Il callback pubblico di Qiskit viene eseguito dopo ogni pass: last_completed_pass non identifica necessariamente il pass interrotto. | Lo stack indica dove SIGALRM è stato osservato, non dimostra quale pass, configurazione, circuito o hardware abbia causato il timeout. | Un'attribuzione causale richiede confronti controllati tra circuiti, configurazioni e device.",qiskit/transpiler/passes/layout/vf2_post_layout.py:366:_score_layout
quantinuum_h2_56,56,8c5576ac2f280a98f797dceb53186f97500e901d9784cc328187e156cbbe9b8f,run_1a2001dde579dd17a94cd5a1d83f935b2bb4eba69c8ef1eb60ebdaa78714d917,graphstate_indep_qiskit_14,graphstate,qiskit,14,8,42,o3_sabre_lookahead,3,sabre,lookahead,1,timeout,transpilation,timeout,AttemptTimeoutError,100.0,100.00237549699978,Tentativo interrotto dopo 100.0 secondi.,qiskit_post_pass_callback_and_sigalrm_traceback,transpilation,47,VF2PostLayout,qiskit.transpiler.passes.layout.vf2_post_layout.VF2PostLayout,46,99.96416473388672,99.99956370200016,qiskit/transpiler/passes/layout/vf2_post_layout.py,_target_match,41,optimization,optimization_level,3,medium,False,"Il callback pubblico di Qiskit viene eseguito dopo ogni pass: last_completed_pass non identifica necessariamente il pass interrotto. | Lo stack indica dove SIGALRM è stato osservato, non dimostra quale pass, configurazione, circuito o hardware abbia causato il timeout. | Un'attribuzione causale richiede confronti controllati tra circuiti, configurazioni e device.",qiskit/transpiler/passes/layout/vf2_post_layout.py:41:_target_match
quantinuum_h2_56,56,8c5576ac2f280a98f797dceb53186f97500e901d9784cc328187e156cbbe9b8f,run_c0ed63db5ba3a8e984e93270c55489f54116121b5f31f4ee5af53db1139e5a69,graphstate_indep_qiskit_14,graphstate,qiskit,14,8,42,o3_sabre_lookahead,3,sabre,lookahead,2,timeout,transpilation,timeout,AttemptTimeoutError,100.0,100.00276896700052,Tentativo interrotto dopo 100.0 secondi.,qiskit_post_pass_callback_and_sigalrm_traceback,transpilation,47,VF2PostLayout,qiskit.transpiler.passes.layout.vf2_post_layout.VF2PostLayout,46,99.9623327255249,99.99945599900002,qiskit/transpiler/passes/layout/vf2_post_layout.py,run,279,optimization,optimization_level,3,medium,False,"Il callback pubblico di Qiskit viene eseguito dopo ogni pass: last_completed_pass non identifica necessariamente il pass interrotto. | Lo stack indica dove SIGALRM è stato osservato, non dimostra quale pass, configurazione, circuito o hardware abbia causato il timeout. | Un'attribuzione causale richiede confronti controllati tra circuiti, configurazioni e device.",qiskit/transpiler/passes/layout/vf2_post_layout.py:279:run
quantinuum_h2_56,56,8c5576ac2f280a98f797dceb53186f97500e901d9784cc328187e156cbbe9b8f,run_e1dbeddc830f5ad049f40111e741d869f2e8180fbdc372d898ca404be117ff21,pricingcall_indep_qiskit_5,pricingcall,qiskit,5,36,47,o3_sabre_lookahead,3,sabre,lookahead,0,timeout,transpilation,timeout,AttemptTimeoutError,100.0,100.00158331700004,Tentativo interrotto dopo 100.0 secondi.,qiskit_post_pass_callback_and_sigalrm_traceback,transpilation,47,VF2PostLayout,qiskit.transpiler.passes.layout.vf2_post_layout.VF2PostLayout,46,99.97010660171509,99.99965209200036,qiskit/transpiler/passes/layout/vf2_post_layout.py,_target_match,41,optimization,optimization_level,3,medium,False,"Il callback pubblico di Qiskit viene eseguito dopo ogni pass: last_completed_pass non identifica necessariamente il pass interrotto. | Lo stack indica dove SIGALRM è stato osservato, non dimostra quale pass, configurazione, circuito o hardware abbia causato il timeout. | Un'attribuzione causale richiede confronti controllati tra circuiti, configurazioni e device.",qiskit/transpiler/passes/layout/vf2_post_layout.py:41:_target_match
quantinuum_h2_56,56,8c5576ac2f280a98f797dceb53186f97500e901d9784cc328187e156cbbe9b8f,run_113d93ae1d1575e882d95170910b7b6c0a8de7c14f99d1d7f56b4bb48fd4cb93,pricingcall_indep_qiskit_5,pricingcall,qiskit,5,36,47,o3_sabre_lookahead,3,sabre,lookahead,1,timeout,transpilation,timeout,AttemptTimeoutError,100.0,100.00160338900059,Tentativo interrotto dopo 100.0 secondi.,qiskit_post_pass_callback_and_sigalrm_traceback,transpilation,47,VF2PostLayout,qiskit.transpiler.passes.layout.vf2_post_layout.VF2PostLayout,46,99.96761584281921,99.99967182399996,qiskit/transpiler/passes/layout/vf2_post_layout.py,_score_layout,375,optimization,optimization_level,3,medium,False,"Il callback pubblico di Qiskit viene eseguito dopo ogni pass: last_completed_pass non identifica necessariamente il pass interrotto. | Lo stack indica dove SIGALRM è stato osservato, non dimostra quale pass, configurazione, circuito o hardware abbia causato il timeout. | Un'attribuzione causale richiede confronti controllati tra circuiti, configurazioni e device.",qiskit/transpiler/passes/layout/vf2_post_layout.py:375:_score_layout
quantinuum_h2_56,56,8c5576ac2f280a98f797dceb53186f97500e901d9784cc328187e156cbbe9b8f,run_ff4b8b39f0784d11fc8933d9d676330caa521b475c3f3f0d9bd4c30daaa7f93a,pricingcall_indep_qiskit_5,pricingcall,qiskit,5,36,47,o3_sabre_lookahead,3,sabre,lookahead,2,timeout,transpilation,timeout,AttemptTimeoutError,100.0,100.0017126140001,Tentativo interrotto dopo 100.0 secondi.,qiskit_post_pass_callback_and_sigalrm_traceback,transpilation,47,VF2PostLayout,qiskit.transpiler.passes.layout.vf2_post_layout.VF2PostLayout,46,99.96792721748352,99.999421171,qiskit/transpiler/passes/layout/vf2_post_layout.py,_score_layout,373,optimization,optimization_level,3,medium,False,"Il callback pubblico di Qiskit viene eseguito dopo ogni pass: last_completed_pass non identifica necessariamente il pass interrotto. | Lo stack indica dove SIGALRM è stato osservato, non dimostra quale pass, configurazione, circuito o hardware abbia causato il timeout. | Un'attribuzione causale richiede confronti controllati tra circuiti, configurazioni e device.",qiskit/transpiler/passes/layout/vf2_post_layout.py:373:_score_layout
quantinuum_h2_56,56,8c5576ac2f280a98f797dceb53186f97500e901d9784cc328187e156cbbe9b8f,run_6ed0a15d046ac9b874cde5f4c0b76eebccc561f7a64f1ffaf5dea4d772ad30aa,qaoa_indep_tket_7,qaoa,tket,7,10,42,o3_sabre_lookahead,3,sabre,lookahead,0,timeout,transpilation,timeout,AttemptTimeoutError,100.0,100.00252241599992,Tentativo interrotto dopo 100.0 secondi.,qiskit_post_pass_callback_and_sigalrm_traceback,transpilation,47,VF2PostLayout,qiskit.transpiler.passes.layout.vf2_post_layout.VF2PostLayout,46,99.9708526134491,99.99953575700056,qiskit/transpiler/passes/layout/vf2_post_layout.py,run,281,optimization,optimization_level,3,medium,False,"Il callback pubblico di Qiskit viene eseguito dopo ogni pass: last_completed_pass non identifica necessariamente il pass interrotto. | Lo stack indica dove SIGALRM è stato osservato, non dimostra quale pass, configurazione, circuito o hardware abbia causato il timeout. | Un'attribuzione causale richiede confronti controllati tra circuiti, configurazioni e device.",qiskit/transpiler/passes/layout/vf2_post_layout.py:281:run
quantinuum_h2_56,56,8c5576ac2f280a98f797dceb53186f97500e901d9784cc328187e156cbbe9b8f,run_a039ec909ce7413230ae1ec9cd580b7944b53317026c3f72686fc6f02f1ecd0e,qaoa_indep_tket_7,qaoa,tket,7,10,42,o3_sabre_lookahead,3,sabre,lookahead,1,timeout,transpilation,timeout,AttemptTimeoutError,100.0,100.0015881469999,Tentativo interrotto dopo 100.0 secondi.,qiskit_post_pass_callback_and_sigalrm_traceback,transpilation,47,VF2PostLayout,qiskit.transpiler.passes.layout.vf2_post_layout.VF2PostLayout,46,99.96447896957397,99.99942693699995,qiskit/transpiler/passes/layout/vf2_post_layout.py,_score_layout,366,optimization,optimization_level,3,medium,False,"Il callback pubblico di Qiskit viene eseguito dopo ogni pass: last_completed_pass non identifica necessariamente il pass interrotto. | Lo stack indica dove SIGALRM è stato osservato, non dimostra quale pass, configurazione, circuito o hardware abbia causato il timeout. | Un'attribuzione causale richiede confronti controllati tra circuiti, configurazioni e device.",qiskit/transpiler/passes/layout/vf2_post_layout.py:366:_score_layout
quantinuum_h2_56,56,8c5576ac2f280a98f797dceb53186f97500e901d9784cc328187e156cbbe9b8f,run_86fc35df3b27644c9b114be9fb7892616d8ff35c839bf7261573e7731fc15127,qaoa_indep_tket_7,qaoa,tket,7,10,42,o3_sabre_lookahead,3,sabre,lookahead,2,timeout,transpilation,timeout,AttemptTimeoutError,100.0,100.00237710199963,Tentativo interrotto dopo 100.0 secondi.,qiskit_post_pass_callback_and_sigalrm_traceback,transpilation,47,VF2PostLayout,qiskit.transpiler.passes.layout.vf2_post_layout.VF2PostLayout,46,99.9604856967926,99.9994658149999,qiskit/transpiler/passes/layout/vf2_post_layout.py,run,282,optimization,optimization_level,3,medium,False,"Il callback pubblico di Qiskit viene eseguito dopo ogni pass: last_completed_pass non identifica necessariamente il pass interrotto. | Lo stack indica dove SIGALRM è stato osservato, non dimostra quale pass, configurazione, circuito o hardware abbia causato il timeout. | Un'attribuzione causale richiede confronti controllati tra circuiti, configurazioni e device.",qiskit/transpiler/passes/layout/vf2_post_layout.py:282:run
quantinuum_h2_56,56,8c5576ac2f280a98f797dceb53186f97500e901d9784cc328187e156cbbe9b8f,run_dc6a316a773bbf18d19eced5fe320899b25b58280a26417231c164f166dac60d,qft_indep_tket_40,qft,tket,40,81,880,o3_sabre_lookahead,3,sabre,lookahead,0,timeout,transpilation,timeout,AttemptTimeoutError,100.0,100.00213145999987,Tentativo interrotto dopo 100.0 secondi.,qiskit_post_pass_callback_and_sigalrm_traceback,transpilation,57,VF2PostLayout,qiskit.transpiler.passes.layout.vf2_post_layout.VF2PostLayout,56,99.69984769821167,99.9932160820008,qiskit/transpiler/passes/layout/vf2_post_layout.py,_score_layout,371,optimization,optimization_level,3,medium,False,"Il callback pubblico di Qiskit viene eseguito dopo ogni pass: last_completed_pass non identifica necessariamente il pass interrotto. | Lo stack indica dove SIGALRM è stato osservato, non dimostra quale pass, configurazione, circuito o hardware abbia causato il timeout. | Un'attribuzione causale richiede confronti controllati tra circuiti, configurazioni e device.",qiskit/transpiler/passes/layout/vf2_post_layout.py:371:_score_layout
quantinuum_h2_56,56,8c5576ac2f280a98f797dceb53186f97500e901d9784cc328187e156cbbe9b8f,run_0ac78eca3f7f30498a4206a93095290750dddc18eb753a046510cbc06b07b4c1,qft_indep_tket_40,qft,tket,40,81,880,o3_sabre_lookahead,3,sabre,lookahead,1,timeout,transpilation,timeout,AttemptTimeoutError,100.0,100.00276720500005,Tentativo interrotto dopo 100.0 secondi.,qiskit_post_pass_callback_and_sigalrm_traceback,transpilation,57,VF2PostLayout,qiskit.transpiler.passes.layout.vf2_post_layout.VF2PostLayout,56,99.65316247940063,99.9932418240005,qiskit/transpiler/passes/layout/vf2_post_layout.py,_score_layout,375,optimization,optimization_level,3,medium,False,"Il callback pubblico di Qiskit viene eseguito dopo ogni pass: last_completed_pass non identifica necessariamente il pass interrotto. | Lo stack indica dove SIGALRM è stato osservato, non dimostra quale pass, configurazione, circuito o hardware abbia causato il timeout. | Un'attribuzione causale richiede confronti controllati tra circuiti, configurazioni e device.",qiskit/transpiler/passes/layout/vf2_post_layout.py:375:_score_layout
quantinuum_h2_56,56,8c5576ac2f280a98f797dceb53186f97500e901d9784cc328187e156cbbe9b8f,run_0ea477d79cf3e58b5ad48ade36575ffa8c5203ff7233109c9c441ed849d49c34,qft_indep_tket_40,qft,tket,40,81,880,o3_sabre_lookahead,3,sabre,lookahead,2,timeout,transpilation,timeout,AttemptTimeoutError,100.0,100.00216437500058,Tentativo interrotto dopo 100.0 secondi.,qiskit_post_pass_callback_and_sigalrm_traceback,transpilation,57,VF2PostLayout,qiskit.transpiler.passes.layout.vf2_post_layout.VF2PostLayout,56,99.64599657058716,99.99276423599986,qiskit/transpiler/passes/layout/vf2_post_layout.py,_score_layout,371,optimization,optimization_level,3,medium,False,"Il callback pubblico di Qiskit viene eseguito dopo ogni pass: last_completed_pass non identifica necessariamente il pass interrotto. | Lo stack indica dove SIGALRM è stato osservato, non dimostra quale pass, configurazione, circuito o hardware abbia causato il timeout. | Un'attribuzione causale richiede confronti controllati tra circuiti, configurazioni e device.",qiskit/transpiler/passes/layout/vf2_post_layout.py:371:_score_layout
quantinuum_h2_56,56,8c5576ac2f280a98f797dceb53186f97500e901d9784cc328187e156cbbe9b8f,run_a4eb1e87abd712247643b9eb6b50be88aace4fdc18c8e46363130f99c18038cf,random_indep_qiskit_30,random,qiskit,30,312,2080,o3_sabre_lookahead,3,sabre,lookahead,0,timeout,transpilation,timeout,AttemptTimeoutError,100.0,100.00385078699946,Tentativo interrotto dopo 100.0 secondi.,qiskit_post_pass_callback_and_sigalrm_traceback,transpilation,47,VF2PostLayout,qiskit.transpiler.passes.layout.vf2_post_layout.VF2PostLayout,46,99.52169728279114,99.98388286999943,qiskit/transpiler/passes/layout/vf2_post_layout.py,_score_layout,371,optimization,optimization_level,3,medium,False,"Il callback pubblico di Qiskit viene eseguito dopo ogni pass: last_completed_pass non identifica necessariamente il pass interrotto. | Lo stack indica dove SIGALRM è stato osservato, non dimostra quale pass, configurazione, circuito o hardware abbia causato il timeout. | Un'attribuzione causale richiede confronti controllati tra circuiti, configurazioni e device.",qiskit/transpiler/passes/layout/vf2_post_layout.py:371:_score_layout
quantinuum_h2_56,56,8c5576ac2f280a98f797dceb53186f97500e901d9784cc328187e156cbbe9b8f,run_0106e87a508e549aa017430856a63aefcb1fa733a782d6f09041ebc0944f1c65,random_indep_qiskit_30,random,qiskit,30,312,2080,o3_sabre_lookahead,3,sabre,lookahead,1,timeout,transpilation,timeout,AttemptTimeoutError,100.0,100.00395000699973,Tentativo interrotto dopo 100.0 secondi.,qiskit_post_pass_callback_and_sigalrm_traceback,transpilation,47,VF2PostLayout,qiskit.transpiler.passes.layout.vf2_post_layout.VF2PostLayout,46,99.5533139705658,99.9703741860003,qiskit/transpiler/passes/layout/vf2_post_layout.py,_score_layout,373,optimization,optimization_level,3,medium,False,"Il callback pubblico di Qiskit viene eseguito dopo ogni pass: last_completed_pass non identifica necessariamente il pass interrotto. | Lo stack indica dove SIGALRM è stato osservato, non dimostra quale pass, configurazione, circuito o hardware abbia causato il timeout. | Un'attribuzione causale richiede confronti controllati tra circuiti, configurazioni e device.",qiskit/transpiler/passes/layout/vf2_post_layout.py:373:_score_layout
quantinuum_h2_56,56,8c5576ac2f280a98f797dceb53186f97500e901d9784cc328187e156cbbe9b8f,run_97ad8328ef57bf80c45a0b075fa7e945c01718149b38cea164fed0355fb99596,random_indep_qiskit_30,random,qiskit,30,312,2080,o3_sabre_lookahead,3,sabre,lookahead,2,timeout,transpilation,timeout,AttemptTimeoutError,100.0,100.00587553700007,Tentativo interrotto dopo 100.0 secondi.,qiskit_post_pass_callback_and_sigalrm_traceback,transpilation,47,VF2PostLayout,qiskit.transpiler.passes.layout.vf2_post_layout.VF2PostLayout,46,99.44126725196838,99.9903624640001,qiskit/transpiler/passes/layout/vf2_post_layout.py,_target_match,41,optimization,optimization_level,3,medium,False,"Il callback pubblico di Qiskit viene eseguito dopo ogni pass: last_completed_pass non identifica necessariamente il pass interrotto. | Lo stack indica dove SIGALRM è stato osservato, non dimostra quale pass, configurazione, circuito o hardware abbia causato il timeout. | Un'attribuzione causale richiede confronti controllati tra circuiti, configurazioni e device.",qiskit/transpiler/passes/layout/vf2_post_layout.py:41:_target_match
quantinuum_h2_56,56,8c5576ac2f280a98f797dceb53186f97500e901d9784cc328187e156cbbe9b8f,run_781a95b24b9b38f5895218cd06de4d1d42123ecd5317d75451ee68a685beb681,routing_indep_qiskit_12,routing,qiskit,12,20,93,o3_sabre_lookahead,3,sabre,lookahead,0,timeout,transpilation,timeout,AttemptTimeoutError,100.0,100.00159805400108,Tentativo interrotto dopo 100.0 secondi.,qiskit_post_pass_callback_and_sigalrm_traceback,transpilation,47,VF2PostLayout,qiskit.transpiler.passes.layout.vf2_post_layout.VF2PostLayout,46,99.97057390213013,99.99962552800025,qiskit/transpiler/passes/layout/vf2_post_layout.py,run,278,optimization,optimization_level,3,medium,False,"Il callback pubblico di Qiskit viene eseguito dopo ogni pass: last_completed_pass non identifica necessariamente il pass interrotto. | Lo stack indica dove SIGALRM è stato osservato, non dimostra quale pass, configurazione, circuito o hardware abbia causato il timeout. | Un'attribuzione causale richiede confronti controllati tra circuiti, configurazioni e device.",qiskit/transpiler/passes/layout/vf2_post_layout.py:278:run
quantinuum_h2_56,56,8c5576ac2f280a98f797dceb53186f97500e901d9784cc328187e156cbbe9b8f,run_3f43894729a8c34bd2df501dd0a17b469beb05959c9e1ac0ed817978f3d139a2,routing_indep_qiskit_12,routing,qiskit,12,20,93,o3_sabre_lookahead,3,sabre,lookahead,1,timeout,transpilation,timeout,AttemptTimeoutError,100.0,100.00149710700134,Tentativo interrotto dopo 100.0 secondi.,qiskit_post_pass_callback_and_sigalrm_traceback,transpilation,47,VF2PostLayout,qiskit.transpiler.passes.layout.vf2_post_layout.VF2PostLayout,46,99.96250867843628,99.99918895399969,qiskit/transpiler/passes/layout/vf2_post_layout.py,run,282,optimization,optimization_level,3,medium,False,"Il callback pubblico di Qiskit viene eseguito dopo ogni pass: last_completed_pass non identifica necessariamente il pass interrotto. | Lo stack indica dove SIGALRM è stato osservato, non dimostra quale pass, configurazione, circuito o hardware abbia causato il timeout. | Un'attribuzione causale richiede confronti controllati tra circuiti, configurazioni e device.",qiskit/transpiler/passes/layout/vf2_post_layout.py:282:run
quantinuum_h2_56,56,8c5576ac2f280a98f797dceb53186f97500e901d9784cc328187e156cbbe9b8f,run_60399ff26a6888a27b795f9133dd1e8494449109afd46b21a7b6318e10877dff,routing_indep_qiskit_12,routing,qiskit,12,20,93,o3_sabre_lookahead,3,sabre,lookahead,2,timeout,transpilation,timeout,AttemptTimeoutError,100.0,100.00159434099987,Tentativo interrotto dopo 100.0 secondi.,qiskit_post_pass_callback_and_sigalrm_traceback,transpilation,47,VF2PostLayout,qiskit.transpiler.passes.layout.vf2_post_layout.VF2PostLayout,46,99.96741080284119,99.99948290199973,qiskit/transpiler/passes/layout/vf2_post_layout.py,_score_layout,363,optimization,optimization_level,3,medium,False,"Il callback pubblico di Qiskit viene eseguito dopo ogni pass: last_completed_pass non identifica necessariamente il pass interrotto. | Lo stack indica dove SIGALRM è stato osservato, non dimostra quale pass, configurazione, circuito o hardware abbia causato il timeout. | Un'attribuzione causale richiede confronti controllati tra circuiti, configurazioni e device.",qiskit/transpiler/passes/layout/vf2_post_layout.py:363:_score_layout
quantinuum_h2_56,56,8c5576ac2f280a98f797dceb53186f97500e901d9784cc328187e156cbbe9b8f,run_72d1ae7c074a95c89d277a2ee3bcd0f76bc47101a4268af2a5bd9c57cc54b243,vqe_indep_tket_16,vqe,tket,16,21,94,o3_sabre_lookahead,3,sabre,lookahead,0,timeout,transpilation,timeout,AttemptTimeoutError,100.0,100.00165671300056,Tentativo interrotto dopo 100.0 secondi.,qiskit_post_pass_callback_and_sigalrm_traceback,transpilation,47,VF2PostLayout,qiskit.transpiler.passes.layout.vf2_post_layout.VF2PostLayout,46,99.96640133857727,99.99953766300041,qiskit/transpiler/passes/layout/vf2_post_layout.py,run,281,optimization,optimization_level,3,medium,False,"Il callback pubblico di Qiskit viene eseguito dopo ogni pass: last_completed_pass non identifica necessariamente il pass interrotto. | Lo stack indica dove SIGALRM è stato osservato, non dimostra quale pass, configurazione, circuito o hardware abbia causato il timeout. | Un'attribuzione causale richiede confronti controllati tra circuiti, configurazioni e device.",qiskit/transpiler/passes/layout/vf2_post_layout.py:281:run
quantinuum_h2_56,56,8c5576ac2f280a98f797dceb53186f97500e901d9784cc328187e156cbbe9b8f,run_1a5c719968ea672e8be2083029ac9c0f39e02779436c222a30a5950d96f19236,vqe_indep_tket_16,vqe,tket,16,21,94,o3_sabre_lookahead,3,sabre,lookahead,1,timeout,transpilation,timeout,AttemptTimeoutError,100.0,100.00150894900071,Tentativo interrotto dopo 100.0 secondi.,qiskit_post_pass_callback_and_sigalrm_traceback,transpilation,47,VF2PostLayout,qiskit.transpiler.passes.layout.vf2_post_layout.VF2PostLayout,46,99.97268533706665,99.99941639899953,qiskit/transpiler/passes/layout/vf2_post_layout.py,_score_layout,375,optimization,optimization_level,3,medium,False,"Il callback pubblico di Qiskit viene eseguito dopo ogni pass: last_completed_pass non identifica necessariamente il pass interrotto. | Lo stack indica dove SIGALRM è stato osservato, non dimostra quale pass, configurazione, circuito o hardware abbia causato il timeout. | Un'attribuzione causale richiede confronti controllati tra circuiti, configurazioni e device.",qiskit/transpiler/passes/layout/vf2_post_layout.py:375:_score_layout
quantinuum_h2_56,56,8c5576ac2f280a98f797dceb53186f97500e901d9784cc328187e156cbbe9b8f,run_7962e309b9c9c39891c333b0530737b1fb290625853c6af2ef1a18d633277ac5,vqe_indep_tket_16,vqe,tket,16,21,94,o3_sabre_lookahead,3,sabre,lookahead,2,timeout,transpilation,timeout,AttemptTimeoutError,100.0,100.00155961599921,Tentativo interrotto dopo 100.0 secondi.,qiskit_post_pass_callback_and_sigalrm_traceback,transpilation,47,VF2PostLayout,qiskit.transpiler.passes.layout.vf2_post_layout.VF2PostLayout,46,99.97230672836304,99.99947195700042,qiskit/transpiler/passes/layout/vf2_post_layout.py,_score_layout,368,optimization,optimization_level,3,medium,False,"Il callback pubblico di Qiskit viene eseguito dopo ogni pass: last_completed_pass non identifica necessariamente il pass interrotto. | Lo stack indica dove SIGALRM è stato osservato, non dimostra quale pass, configurazione, circuito o hardware abbia causato il timeout. | Un'attribuzione causale richiede confronti controllati tra circuiti, configurazioni e device.",qiskit/transpiler/passes/layout/vf2_post_layout.py:368:_score_layout
quantinuum_h2_56,56,8c5576ac2f280a98f797dceb53186f97500e901d9784cc328187e156cbbe9b8f,run_55bb3f245bf5d3767e0bfa1ed4355901b40681ddd3249cf05b5558efc5e25476,graphstate_indep_qiskit_14,graphstate,qiskit,14,8,42,o3_sabre_sabre,3,sabre,sabre,0,timeout,transpilation,timeout,AttemptTimeoutError,100.0,100.00405594899985,Tentativo interrotto dopo 100.0 secondi.,qiskit_post_pass_callback_and_sigalrm_traceback,transpilation,44,VF2PostLayout,qiskit.transpiler.passes.layout.vf2_post_layout.VF2PostLayout,43,99.95393180847168,99.9995688150002,qiskit/transpiler/passes/layout/vf2_post_layout.py,_score_layout,364,optimization,optimization_level,3,medium,False,"Il callback pubblico di Qiskit viene eseguito dopo ogni pass: last_completed_pass non identifica necessariamente il pass interrotto. | Lo stack indica dove SIGALRM è stato osservato, non dimostra quale pass, configurazione, circuito o hardware abbia causato il timeout. | Un'attribuzione causale richiede confronti controllati tra circuiti, configurazioni e device.",qiskit/transpiler/passes/layout/vf2_post_layout.py:364:_score_layout
quantinuum_h2_56,56,8c5576ac2f280a98f797dceb53186f97500e901d9784cc328187e156cbbe9b8f,run_6b9287edf69bef4d5334a53990e7b08e0b67b3ab00a80bc48c9ae5685390ee16,graphstate_indep_qiskit_14,graphstate,qiskit,14,8,42,o3_sabre_sabre,3,sabre,sabre,1,timeout,transpilation,timeout,AttemptTimeoutError,100.0,100.00222918400004,Tentativo interrotto dopo 100.0 secondi.,qiskit_post_pass_callback_and_sigalrm_traceback,transpilation,44,VF2PostLayout,qiskit.transpiler.passes.layout.vf2_post_layout.VF2PostLayout,43,99.96021151542664,99.99954665199994,qiskit/transpiler/passes/layout/vf2_post_layout.py,_score_layout,366,optimization,optimization_level,3,medium,False,"Il callback pubblico di Qiskit viene eseguito dopo ogni pass: last_completed_pass non identifica necessariamente il pass interrotto. | Lo stack indica dove SIGALRM è stato osservato, non dimostra quale pass, configurazione, circuito o hardware abbia causato il timeout. | Un'attribuzione causale richiede confronti controllati tra circuiti, configurazioni e device.",qiskit/transpiler/passes/layout/vf2_post_layout.py:366:_score_layout
quantinuum_h2_56,56,8c5576ac2f280a98f797dceb53186f97500e901d9784cc328187e156cbbe9b8f,run_6d43c84ec3c12698530029a2cbffbdbf0fefa88960764db8115c0290c7a5f6f2,graphstate_indep_qiskit_14,graphstate,qiskit,14,8,42,o3_sabre_sabre,3,sabre,sabre,2,timeout,transpilation,timeout,AttemptTimeoutError,100.0,100.0035973099998,Tentativo interrotto dopo 100.0 secondi.,qiskit_post_pass_callback_and_sigalrm_traceback,transpilation,44,VF2PostLayout,qiskit.transpiler.passes.layout.vf2_post_layout.VF2PostLayout,43,99.95854687690735,100.00068058100032,qiskit/transpiler/passes/layout/vf2_post_layout.py,_score_layout,363,optimization,optimization_level,3,medium,False,"Il callback pubblico di Qiskit viene eseguito dopo ogni pass: last_completed_pass non identifica necessariamente il pass interrotto. | Lo stack indica dove SIGALRM è stato osservato, non dimostra quale pass, configurazione, circuito o hardware abbia causato il timeout. | Un'attribuzione causale richiede confronti controllati tra circuiti, configurazioni e device.",qiskit/transpiler/passes/layout/vf2_post_layout.py:363:_score_layout
quantinuum_h2_56,56,8c5576ac2f280a98f797dceb53186f97500e901d9784cc328187e156cbbe9b8f,run_8564a2c81a8cdf0c0bfe4ba2cd5fd62621ebae786caa627f4ec245176ff02313,pricingcall_indep_qiskit_5,pricingcall,qiskit,5,36,47,o3_sabre_sabre,3,sabre,sabre,0,timeout,transpilation,timeout,AttemptTimeoutError,100.0,100.0015216769998,Tentativo interrotto dopo 100.0 secondi.,qiskit_post_pass_callback_and_sigalrm_traceback,transpilation,44,VF2PostLayout,qiskit.transpiler.passes.layout.vf2_post_layout.VF2PostLayout,43,99.96660423278809,99.99957477200041,qiskit/transpiler/passes/layout/vf2_post_layout.py,run,281,optimization,optimization_level,3,medium,False,"Il callback pubblico di Qiskit viene eseguito dopo ogni pass: last_completed_pass non identifica necessariamente il pass interrotto. | Lo stack indica dove SIGALRM è stato osservato, non dimostra quale pass, configurazione, circuito o hardware abbia causato il timeout. | Un'attribuzione causale richiede confronti controllati tra circuiti, configurazioni e device.",qiskit/transpiler/passes/layout/vf2_post_layout.py:281:run
quantinuum_h2_56,56,8c5576ac2f280a98f797dceb53186f97500e901d9784cc328187e156cbbe9b8f,run_56158731981493cad51fd81d8c2ef21211b6109b697f0d878d0f35f77c841a1a,pricingcall_indep_qiskit_5,pricingcall,qiskit,5,36,47,o3_sabre_sabre,3,sabre,sabre,1,timeout,transpilation,timeout,AttemptTimeoutError,100.0,100.00162799499958,Tentativo interrotto dopo 100.0 secondi.,qiskit_post_pass_callback_and_sigalrm_traceback,transpilation,44,VF2PostLayout,qiskit.transpiler.passes.layout.vf2_post_layout.VF2PostLayout,43,99.96464467048645,99.99952456699975,qiskit/transpiler/passes/layout/vf2_post_layout.py,_score_layout,366,optimization,optimization_level,3,medium,False,"Il callback pubblico di Qiskit viene eseguito dopo ogni pass: last_completed_pass non identifica necessariamente il pass interrotto. | Lo stack indica dove SIGALRM è stato osservato, non dimostra quale pass, configurazione, circuito o hardware abbia causato il timeout. | Un'attribuzione causale richiede confronti controllati tra circuiti, configurazioni e device.",qiskit/transpiler/passes/layout/vf2_post_layout.py:366:_score_layout
quantinuum_h2_56,56,8c5576ac2f280a98f797dceb53186f97500e901d9784cc328187e156cbbe9b8f,run_036caea610f538eb8c525a546d67e2dce8c3ddeff5c7f5336a9c57e46d1f25de,pricingcall_indep_qiskit_5,pricingcall,qiskit,5,36,47,o3_sabre_sabre,3,sabre,sabre,2,timeout,transpilation,timeout,AttemptTimeoutError,100.0,100.00159141299991,Tentativo interrotto dopo 100.0 secondi.,qiskit_post_pass_callback_and_sigalrm_traceback,transpilation,44,VF2PostLayout,qiskit.transpiler.passes.layout.vf2_post_layout.VF2PostLayout,43,99.96915698051453,99.99955906499963,qiskit/transpiler/passes/layout/vf2_post_layout.py,run,281,optimization,optimization_level,3,medium,False,"Il callback pubblico di Qiskit viene eseguito dopo ogni pass: last_completed_pass non identifica necessariamente il pass interrotto. | Lo stack indica dove SIGALRM è stato osservato, non dimostra quale pass, configurazione, circuito o hardware abbia causato il timeout. | Un'attribuzione causale richiede confronti controllati tra circuiti, configurazioni e device.",qiskit/transpiler/passes/layout/vf2_post_layout.py:281:run
quantinuum_h2_56,56,8c5576ac2f280a98f797dceb53186f97500e901d9784cc328187e156cbbe9b8f,run_4700257e57453ef97ebd4ecc8004f6e097ae0425eeb48a8be283694531d67124,qaoa_indep_tket_7,qaoa,tket,7,10,42,o3_sabre_sabre,3,sabre,sabre,0,timeout,transpilation,timeout,AttemptTimeoutError,100.0,100.00231361900023,Tentativo interrotto dopo 100.0 secondi.,qiskit_post_pass_callback_and_sigalrm_traceback,transpilation,44,VF2PostLayout,qiskit.transpiler.passes.layout.vf2_post_layout.VF2PostLayout,43,99.97187185287476,99.99955238500024,qiskit/transpiler/passes/layout/vf2_post_layout.py,_target_match,49,optimization,optimization_level,3,medium,False,"Il callback pubblico di Qiskit viene eseguito dopo ogni pass: last_completed_pass non identifica necessariamente il pass interrotto. | Lo stack indica dove SIGALRM è stato osservato, non dimostra quale pass, configurazione, circuito o hardware abbia causato il timeout. | Un'attribuzione causale richiede confronti controllati tra circuiti, configurazioni e device.",qiskit/transpiler/passes/layout/vf2_post_layout.py:49:_target_match
quantinuum_h2_56,56,8c5576ac2f280a98f797dceb53186f97500e901d9784cc328187e156cbbe9b8f,run_fba234355d2835e849c3a82a09b7d14e193a8ed19c45888b5f98affd13eb1133,qaoa_indep_tket_7,qaoa,tket,7,10,42,o3_sabre_sabre,3,sabre,sabre,1,timeout,transpilation,timeout,AttemptTimeoutError,100.0,100.00186789300005,Tentativo interrotto dopo 100.0 secondi.,qiskit_post_pass_callback_and_sigalrm_traceback,transpilation,44,VF2PostLayout,qiskit.transpiler.passes.layout.vf2_post_layout.VF2PostLayout,43,99.96487760543823,99.99959380100063,qiskit/transpiler/passes/layout/vf2_post_layout.py,_score_layout,371,optimization,optimization_level,3,medium,False,"Il callback pubblico di Qiskit viene eseguito dopo ogni pass: last_completed_pass non identifica necessariamente il pass interrotto. | Lo stack indica dove SIGALRM è stato osservato, non dimostra quale pass, configurazione, circuito o hardware abbia causato il timeout. | Un'attribuzione causale richiede confronti controllati tra circuiti, configurazioni e device.",qiskit/transpiler/passes/layout/vf2_post_layout.py:371:_score_layout
quantinuum_h2_56,56,8c5576ac2f280a98f797dceb53186f97500e901d9784cc328187e156cbbe9b8f,run_b79874b584a241fed186a42feb8390ae494eca03a63042baaea9b4c09a1299d7,qaoa_indep_tket_7,qaoa,tket,7,10,42,o3_sabre_sabre,3,sabre,sabre,2,timeout,transpilation,timeout,AttemptTimeoutError,100.0,100.00163585999962,Tentativo interrotto dopo 100.0 secondi.,qiskit_post_pass_callback_and_sigalrm_traceback,transpilation,44,VF2PostLayout,qiskit.transpiler.passes.layout.vf2_post_layout.VF2PostLayout,43,99.9717173576355,99.99946877000002,qiskit/transpiler/passes/layout/vf2_post_layout.py,_score_layout,364,optimization,optimization_level,3,medium,False,"Il callback pubblico di Qiskit viene eseguito dopo ogni pass: last_completed_pass non identifica necessariamente il pass interrotto. | Lo stack indica dove SIGALRM è stato osservato, non dimostra quale pass, configurazione, circuito o hardware abbia causato il timeout. | Un'attribuzione causale richiede confronti controllati tra circuiti, configurazioni e device.",qiskit/transpiler/passes/layout/vf2_post_layout.py:364:_score_layout
quantinuum_h2_56,56,8c5576ac2f280a98f797dceb53186f97500e901d9784cc328187e156cbbe9b8f,run_d9132235e284fd792bbc47fe04cee79941a67c5212e75ac0338d624263973dfa,qft_indep_tket_40,qft,tket,40,81,880,o3_sabre_sabre,3,sabre,sabre,0,timeout,transpilation,timeout,AttemptTimeoutError,100.0,100.0036390790001,Tentativo interrotto dopo 100.0 secondi.,qiskit_post_pass_callback_and_sigalrm_traceback,transpilation,54,VF2PostLayout,qiskit.transpiler.passes.layout.vf2_post_layout.VF2PostLayout,53,99.4561824798584,99.99195317799968,qiskit/transpiler/passes/layout/vf2_post_layout.py,_score_layout,375,optimization,optimization_level,3,medium,False,"Il callback pubblico di Qiskit viene eseguito dopo ogni pass: last_completed_pass non identifica necessariamente il pass interrotto. | Lo stack indica dove SIGALRM è stato osservato, non dimostra quale pass, configurazione, circuito o hardware abbia causato il timeout. | Un'attribuzione causale richiede confronti controllati tra circuiti, configurazioni e device.",qiskit/transpiler/passes/layout/vf2_post_layout.py:375:_score_layout
quantinuum_h2_56,56,8c5576ac2f280a98f797dceb53186f97500e901d9784cc328187e156cbbe9b8f,run_5623ce362aee6c15b1d9cc077310f3a89039c613e5002a270170faa91d0f5de7,qft_indep_tket_40,qft,tket,40,81,880,o3_sabre_sabre,3,sabre,sabre,1,timeout,transpilation,timeout,AttemptTimeoutError,100.0,100.00263084400012,Tentativo interrotto dopo 100.0 secondi.,qiskit_post_pass_callback_and_sigalrm_traceback,transpilation,54,VF2PostLayout,qiskit.transpiler.passes.layout.vf2_post_layout.VF2PostLayout,53,99.69589114189148,99.99279565399956,qiskit/transpiler/passes/layout/vf2_post_layout.py,_score_layout,371,optimization,optimization_level,3,medium,False,"Il callback pubblico di Qiskit viene eseguito dopo ogni pass: last_completed_pass non identifica necessariamente il pass interrotto. | Lo stack indica dove SIGALRM è stato osservato, non dimostra quale pass, configurazione, circuito o hardware abbia causato il timeout. | Un'attribuzione causale richiede confronti controllati tra circuiti, configurazioni e device.",qiskit/transpiler/passes/layout/vf2_post_layout.py:371:_score_layout
quantinuum_h2_56,56,8c5576ac2f280a98f797dceb53186f97500e901d9784cc328187e156cbbe9b8f,run_cc5af6fdf7f57c94a58c2445dfddcb7b7181fd42c6b973a62d03ec11a2a2257c,qft_indep_tket_40,qft,tket,40,81,880,o3_sabre_sabre,3,sabre,sabre,2,timeout,transpilation,timeout,AttemptTimeoutError,100.0,100.00290951899933,Tentativo interrotto dopo 100.0 secondi.,qiskit_post_pass_callback_and_sigalrm_traceback,transpilation,54,VF2PostLayout,qiskit.transpiler.passes.layout.vf2_post_layout.VF2PostLayout,53,99.51735925674438,99.98828866300028,qiskit/transpiler/passes/layout/vf2_post_layout.py,_score_layout,375,optimization,optimization_level,3,medium,False,"Il callback pubblico di Qiskit viene eseguito dopo ogni pass: last_completed_pass non identifica necessariamente il pass interrotto. | Lo stack indica dove SIGALRM è stato osservato, non dimostra quale pass, configurazione, circuito o hardware abbia causato il timeout. | Un'attribuzione causale richiede confronti controllati tra circuiti, configurazioni e device.",qiskit/transpiler/passes/layout/vf2_post_layout.py:375:_score_layout
quantinuum_h2_56,56,8c5576ac2f280a98f797dceb53186f97500e901d9784cc328187e156cbbe9b8f,run_e38e286065cc3b8a902717d0c61d5219d56b02742ad63962e769510b62060c71,random_indep_qiskit_30,random,qiskit,30,312,2080,o3_sabre_sabre,3,sabre,sabre,0,timeout,transpilation,timeout,AttemptTimeoutError,100.0,100.0056309369993,Tentativo interrotto dopo 100.0 secondi.,qiskit_post_pass_callback_and_sigalrm_traceback,transpilation,44,VF2PostLayout,qiskit.transpiler.passes.layout.vf2_post_layout.VF2PostLayout,43,99.53446125984192,99.98318903899963,qiskit/transpiler/passes/layout/vf2_post_layout.py,_score_layout,372,optimization,optimization_level,3,medium,False,"Il callback pubblico di Qiskit viene eseguito dopo ogni pass: last_completed_pass non identifica necessariamente il pass interrotto. | Lo stack indica dove SIGALRM è stato osservato, non dimostra quale pass, configurazione, circuito o hardware abbia causato il timeout. | Un'attribuzione causale richiede confronti controllati tra circuiti, configurazioni e device.",qiskit/transpiler/passes/layout/vf2_post_layout.py:372:_score_layout
quantinuum_h2_56,56,8c5576ac2f280a98f797dceb53186f97500e901d9784cc328187e156cbbe9b8f,run_2a1d9d41620d2feadfba4d13255491fb3359c5f42a5f35f96552f28f3446aef0,random_indep_qiskit_30,random,qiskit,30,312,2080,o3_sabre_sabre,3,sabre,sabre,1,timeout,transpilation,timeout,AttemptTimeoutError,100.0,100.00373460400078,Tentativo interrotto dopo 100.0 secondi.,qiskit_post_pass_callback_and_sigalrm_traceback,transpilation,44,VF2PostLayout,qiskit.transpiler.passes.layout.vf2_post_layout.VF2PostLayout,43,99.6176233291626,99.98486753499947,qiskit/transpiler/passes/layout/vf2_post_layout.py,_score_layout,371,optimization,optimization_level,3,medium,False,"Il callback pubblico di Qiskit viene eseguito dopo ogni pass: last_completed_pass non identifica necessariamente il pass interrotto. | Lo stack indica dove SIGALRM è stato osservato, non dimostra quale pass, configurazione, circuito o hardware abbia causato il timeout. | Un'attribuzione causale richiede confronti controllati tra circuiti, configurazioni e device.",qiskit/transpiler/passes/layout/vf2_post_layout.py:371:_score_layout
quantinuum_h2_56,56,8c5576ac2f280a98f797dceb53186f97500e901d9784cc328187e156cbbe9b8f,run_964bf89bcf0a79917876bcbb87386495f244df985ca7b8573e06385316d7d671,random_indep_qiskit_30,random,qiskit,30,312,2080,o3_sabre_sabre,3,sabre,sabre,2,timeout,transpilation,timeout,AttemptTimeoutError,100.0,100.0059742759995,Tentativo interrotto dopo 100.0 secondi.,qiskit_post_pass_callback_and_sigalrm_traceback,transpilation,44,VF2PostLayout,qiskit.transpiler.passes.layout.vf2_post_layout.VF2PostLayout,43,99.37847828865051,99.98480677299995,qiskit/transpiler/passes/layout/vf2_post_layout.py,_score_layout,375,optimization,optimization_level,3,medium,False,"Il callback pubblico di Qiskit viene eseguito dopo ogni pass: last_completed_pass non identifica necessariamente il pass interrotto. | Lo stack indica dove SIGALRM è stato osservato, non dimostra quale pass, configurazione, circuito o hardware abbia causato il timeout. | Un'attribuzione causale richiede confronti controllati tra circuiti, configurazioni e device.",qiskit/transpiler/passes/layout/vf2_post_layout.py:375:_score_layout
quantinuum_h2_56,56,8c5576ac2f280a98f797dceb53186f97500e901d9784cc328187e156cbbe9b8f,run_c87f56ca87da6f8096280b6780877b852fb4299c6d8b7f0e6859c26e220ca8d6,routing_indep_qiskit_12,routing,qiskit,12,20,93,o3_sabre_sabre,3,sabre,sabre,0,timeout,transpilation,timeout,AttemptTimeoutError,100.0,100.0015697079998,Tentativo interrotto dopo 100.0 secondi.,qiskit_post_pass_callback_and_sigalrm_traceback,transpilation,44,VF2PostLayout,qiskit.transpiler.passes.layout.vf2_post_layout.VF2PostLayout,43,99.9727041721344,99.99954600099954,qiskit/transpiler/passes/layout/vf2_post_layout.py,_target_match,41,optimization,optimization_level,3,medium,False,"Il callback pubblico di Qiskit viene eseguito dopo ogni pass: last_completed_pass non identifica necessariamente il pass interrotto. | Lo stack indica dove SIGALRM è stato osservato, non dimostra quale pass, configurazione, circuito o hardware abbia causato il timeout. | Un'attribuzione causale richiede confronti controllati tra circuiti, configurazioni e device.",qiskit/transpiler/passes/layout/vf2_post_layout.py:41:_target_match
quantinuum_h2_56,56,8c5576ac2f280a98f797dceb53186f97500e901d9784cc328187e156cbbe9b8f,run_257ef366431e98bcc79abfabec02506a4d76d5a3487a4f21457fd3f31f00be68,routing_indep_qiskit_12,routing,qiskit,12,20,93,o3_sabre_sabre,3,sabre,sabre,1,timeout,transpilation,timeout,AttemptTimeoutError,100.0,100.00171110599877,Tentativo interrotto dopo 100.0 secondi.,qiskit_post_pass_callback_and_sigalrm_traceback,transpilation,44,VF2PostLayout,qiskit.transpiler.passes.layout.vf2_post_layout.VF2PostLayout,43,99.79007601737976,99.99959334599953,qiskit/transpiler/passes/layout/vf2_post_layout.py,_score_layout,363,optimization,optimization_level,3,medium,False,"Il callback pubblico di Qiskit viene eseguito dopo ogni pass: last_completed_pass non identifica necessariamente il pass interrotto. | Lo stack indica dove SIGALRM è stato osservato, non dimostra quale pass, configurazione, circuito o hardware abbia causato il timeout. | Un'attribuzione causale richiede confronti controllati tra circuiti, configurazioni e device.",qiskit/transpiler/passes/layout/vf2_post_layout.py:363:_score_layout
quantinuum_h2_56,56,8c5576ac2f280a98f797dceb53186f97500e901d9784cc328187e156cbbe9b8f,run_17a548adcc85315ffb22c3d9aec40c55d854ecbe1176751c300e8151e39406c9,routing_indep_qiskit_12,routing,qiskit,12,20,93,o3_sabre_sabre,3,sabre,sabre,2,timeout,transpilation,timeout,AttemptTimeoutError,100.0,100.00188160100151,Tentativo interrotto dopo 100.0 secondi.,qiskit_post_pass_callback_and_sigalrm_traceback,transpilation,44,VF2PostLayout,qiskit.transpiler.passes.layout.vf2_post_layout.VF2PostLayout,43,99.972083568573,99.9998497430006,qiskit/transpiler/passes/layout/vf2_post_layout.py,_score_layout,372,optimization,optimization_level,3,medium,False,"Il callback pubblico di Qiskit viene eseguito dopo ogni pass: last_completed_pass non identifica necessariamente il pass interrotto. | Lo stack indica dove SIGALRM è stato osservato, non dimostra quale pass, configurazione, circuito o hardware abbia causato il timeout. | Un'attribuzione causale richiede confronti controllati tra circuiti, configurazioni e device.",qiskit/transpiler/passes/layout/vf2_post_layout.py:372:_score_layout
quantinuum_h2_56,56,8c5576ac2f280a98f797dceb53186f97500e901d9784cc328187e156cbbe9b8f,run_2f01e651e0479a0fcf7877e9636fb5b7792a913809c82cb148fc9789aecc348d,vqe_indep_tket_16,vqe,tket,16,21,94,o3_sabre_sabre,3,sabre,sabre,0,timeout,transpilation,timeout,AttemptTimeoutError,100.0,100.00289218000034,Tentativo interrotto dopo 100.0 secondi.,qiskit_post_pass_callback_and_sigalrm_traceback,transpilation,44,VF2PostLayout,qiskit.transpiler.passes.layout.vf2_post_layout.VF2PostLayout,43,99.95827603340149,99.99913497299985,qiskit/transpiler/passes/layout/vf2_post_layout.py,run,281,optimization,optimization_level,3,medium,False,"Il callback pubblico di Qiskit viene eseguito dopo ogni pass: last_completed_pass non identifica necessariamente il pass interrotto. | Lo stack indica dove SIGALRM è stato osservato, non dimostra quale pass, configurazione, circuito o hardware abbia causato il timeout. | Un'attribuzione causale richiede confronti controllati tra circuiti, configurazioni e device.",qiskit/transpiler/passes/layout/vf2_post_layout.py:281:run
quantinuum_h2_56,56,8c5576ac2f280a98f797dceb53186f97500e901d9784cc328187e156cbbe9b8f,run_eaab401661e9eccf1fd51ab9abf18f094bbd12ceb21253e781c5fe26b85ba7b7,vqe_indep_tket_16,vqe,tket,16,21,94,o3_sabre_sabre,3,sabre,sabre,1,timeout,transpilation,timeout,AttemptTimeoutError,100.0,100.00221509400035,Tentativo interrotto dopo 100.0 secondi.,qiskit_post_pass_callback_and_sigalrm_traceback,transpilation,44,VF2PostLayout,qiskit.transpiler.passes.layout.vf2_post_layout.VF2PostLayout,43,99.96164751052856,99.99936009700014,qiskit/transpiler/passes/layout/vf2_post_layout.py,run,281,optimization,optimization_level,3,medium,False,"Il callback pubblico di Qiskit viene eseguito dopo ogni pass: last_completed_pass non identifica necessariamente il pass interrotto. | Lo stack indica dove SIGALRM è stato osservato, non dimostra quale pass, configurazione, circuito o hardware abbia causato il timeout. | Un'attribuzione causale richiede confronti controllati tra circuiti, configurazioni e device.",qiskit/transpiler/passes/layout/vf2_post_layout.py:281:run
quantinuum_h2_56,56,8c5576ac2f280a98f797dceb53186f97500e901d9784cc328187e156cbbe9b8f,run_a371a2b736d0d27aa45fcb1edd51a5093212d6c33bf29d9c8f5f3b11845a907f,vqe_indep_tket_16,vqe,tket,16,21,94,o3_sabre_sabre,3,sabre,sabre,2,timeout,transpilation,timeout,AttemptTimeoutError,100.0,100.00309664300039,Tentativo interrotto dopo 100.0 secondi.,qiskit_post_pass_callback_and_sigalrm_traceback,transpilation,44,VF2PostLayout,qiskit.transpiler.passes.layout.vf2_post_layout.VF2PostLayout,43,99.97149729728699,99.99960258200008,qiskit/transpiler/passes/layout/vf2_post_layout.py,run,298,optimization,optimization_level,3,medium,False,"Il callback pubblico di Qiskit viene eseguito dopo ogni pass: last_completed_pass non identifica necessariamente il pass interrotto. | Lo stack indica dove SIGALRM è stato osservato, non dimostra quale pass, configurazione, circuito o hardware abbia causato il timeout. | Un'attribuzione causale richiede confronti controllati tra circuiti, configurazioni e device.",qiskit/transpiler/passes/layout/vf2_post_layout.py:298:run
quantinuum_h2_56,56,8c5576ac2f280a98f797dceb53186f97500e901d9784cc328187e156cbbe9b8f,run_b6333b498ff510026bcd833d579ab4902a6cb2b8ae0884df05067188813ac913,graphstate_indep_qiskit_14,graphstate,qiskit,14,8,42,o3_trivial_sabre,3,trivial,sabre,0,timeout,transpilation,timeout,AttemptTimeoutError,100.0,100.00876797499996,Tentativo interrotto dopo 100.0 secondi.,qiskit_post_pass_callback_and_sigalrm_traceback,transpilation,46,VF2PostLayout,qiskit.transpiler.passes.layout.vf2_post_layout.VF2PostLayout,45,99.97881984710693,99.9995972100005,qiskit/transpiler/passes/layout/vf2_post_layout.py,_score_layout,366,optimization,optimization_level,3,medium,False,"Il callback pubblico di Qiskit viene eseguito dopo ogni pass: last_completed_pass non identifica necessariamente il pass interrotto. | Lo stack indica dove SIGALRM è stato osservato, non dimostra quale pass, configurazione, circuito o hardware abbia causato il timeout. | Un'attribuzione causale richiede confronti controllati tra circuiti, configurazioni e device.",qiskit/transpiler/passes/layout/vf2_post_layout.py:366:_score_layout
quantinuum_h2_56,56,8c5576ac2f280a98f797dceb53186f97500e901d9784cc328187e156cbbe9b8f,run_75fa72eca8ddca4e33e3ea773ea7ea2e9a26a4994d632619fd305deaee764cdf,graphstate_indep_qiskit_14,graphstate,qiskit,14,8,42,o3_trivial_sabre,3,trivial,sabre,1,timeout,transpilation,timeout,AttemptTimeoutError,100.0,100.00286842400055,Tentativo interrotto dopo 100.0 secondi.,qiskit_post_pass_callback_and_sigalrm_traceback,transpilation,46,VF2PostLayout,qiskit.transpiler.passes.layout.vf2_post_layout.VF2PostLayout,45,99.97808456420898,99.99952385600045,qiskit/transpiler/passes/layout/vf2_post_layout.py,_score_layout,366,optimization,optimization_level,3,medium,False,"Il callback pubblico di Qiskit viene eseguito dopo ogni pass: last_completed_pass non identifica necessariamente il pass interrotto. | Lo stack indica dove SIGALRM è stato osservato, non dimostra quale pass, configurazione, circuito o hardware abbia causato il timeout. | Un'attribuzione causale richiede confronti controllati tra circuiti, configurazioni e device.",qiskit/transpiler/passes/layout/vf2_post_layout.py:366:_score_layout
quantinuum_h2_56,56,8c5576ac2f280a98f797dceb53186f97500e901d9784cc328187e156cbbe9b8f,run_fe0b78aa60a47f11edb4c4e651b19d2e70f6bf1094edf015949ee6e83aa881d4,graphstate_indep_qiskit_14,graphstate,qiskit,14,8,42,o3_trivial_sabre,3,trivial,sabre,2,timeout,transpilation,timeout,AttemptTimeoutError,100.0,100.00245959099993,Tentativo interrotto dopo 100.0 secondi.,qiskit_post_pass_callback_and_sigalrm_traceback,transpilation,46,VF2PostLayout,qiskit.transpiler.passes.layout.vf2_post_layout.VF2PostLayout,45,99.94911861419678,99.99787862500034,qiskit/transpiler/passes/layout/vf2_post_layout.py,_score_layout,371,optimization,optimization_level,3,medium,False,"Il callback pubblico di Qiskit viene eseguito dopo ogni pass: last_completed_pass non identifica necessariamente il pass interrotto. | Lo stack indica dove SIGALRM è stato osservato, non dimostra quale pass, configurazione, circuito o hardware abbia causato il timeout. | Un'attribuzione causale richiede confronti controllati tra circuiti, configurazioni e device.",qiskit/transpiler/passes/layout/vf2_post_layout.py:371:_score_layout
quantinuum_h2_56,56,8c5576ac2f280a98f797dceb53186f97500e901d9784cc328187e156cbbe9b8f,run_d877c72162f837535d36e48eec70d1c936c026b132493c7467beb5573481ea64,pricingcall_indep_qiskit_5,pricingcall,qiskit,5,36,47,o3_trivial_sabre,3,trivial,sabre,0,timeout,transpilation,timeout,AttemptTimeoutError,100.0,100.0014658629998,Tentativo interrotto dopo 100.0 secondi.,qiskit_post_pass_callback_and_sigalrm_traceback,transpilation,46,VF2PostLayout,qiskit.transpiler.passes.layout.vf2_post_layout.VF2PostLayout,45,99.97380995750427,99.99950289700064,qiskit/transpiler/passes/layout/vf2_post_layout.py,_target_match,41,optimization,optimization_level,3,medium,False,"Il callback pubblico di Qiskit viene eseguito dopo ogni pass: last_completed_pass non identifica necessariamente il pass interrotto. | Lo stack indica dove SIGALRM è stato osservato, non dimostra quale pass, configurazione, circuito o hardware abbia causato il timeout. | Un'attribuzione causale richiede confronti controllati tra circuiti, configurazioni e device.",qiskit/transpiler/passes/layout/vf2_post_layout.py:41:_target_match
quantinuum_h2_56,56,8c5576ac2f280a98f797dceb53186f97500e901d9784cc328187e156cbbe9b8f,run_3427a7aedece46358df8b70fdf376f1d9e2b2e8d078a4d873e666b3684ee925c,pricingcall_indep_qiskit_5,pricingcall,qiskit,5,36,47,o3_trivial_sabre,3,trivial,sabre,1,timeout,transpilation,timeout,AttemptTimeoutError,100.0,100.0021056960004,Tentativo interrotto dopo 100.0 secondi.,qiskit_post_pass_callback_and_sigalrm_traceback,transpilation,46,VF2PostLayout,qiskit.transpiler.passes.layout.vf2_post_layout.VF2PostLayout,45,99.97626805305481,99.9999723560004,qiskit/transpiler/passes/layout/vf2_post_layout.py,run,281,optimization,optimization_level,3,medium,False,"Il callback pubblico di Qiskit viene eseguito dopo ogni pass: last_completed_pass non identifica necessariamente il pass interrotto. | Lo stack indica dove SIGALRM è stato osservato, non dimostra quale pass, configurazione, circuito o hardware abbia causato il timeout. | Un'attribuzione causale richiede confronti controllati tra circuiti, configurazioni e device.",qiskit/transpiler/passes/layout/vf2_post_layout.py:281:run
quantinuum_h2_56,56,8c5576ac2f280a98f797dceb53186f97500e901d9784cc328187e156cbbe9b8f,run_af760368bc169ea8cb0e603eb70a95e3d0ddf4a3076a4d02b52e65dc6c79d8ad,pricingcall_indep_qiskit_5,pricingcall,qiskit,5,36,47,o3_trivial_sabre,3,trivial,sabre,2,timeout,transpilation,timeout,AttemptTimeoutError,100.0,100.00153861699982,Tentativo interrotto dopo 100.0 secondi.,qiskit_post_pass_callback_and_sigalrm_traceback,transpilation,46,VF2PostLayout,qiskit.transpiler.passes.layout.vf2_post_layout.VF2PostLayout,45,99.97000074386597,99.99939734700001,qiskit/transpiler/passes/layout/vf2_post_layout.py,_score_layout,372,optimization,optimization_level,3,medium,False,"Il callback pubblico di Qiskit viene eseguito dopo ogni pass: last_completed_pass non identifica necessariamente il pass interrotto. | Lo stack indica dove SIGALRM è stato osservato, non dimostra quale pass, configurazione, circuito o hardware abbia causato il timeout. | Un'attribuzione causale richiede confronti controllati tra circuiti, configurazioni e device.",qiskit/transpiler/passes/layout/vf2_post_layout.py:372:_score_layout
quantinuum_h2_56,56,8c5576ac2f280a98f797dceb53186f97500e901d9784cc328187e156cbbe9b8f,run_0ae060855c62a114e569ff4d3217b40b957d8207a600ff86463d322419625332,qaoa_indep_tket_7,qaoa,tket,7,10,42,o3_trivial_sabre,3,trivial,sabre,0,timeout,transpilation,timeout,AttemptTimeoutError,100.0,100.00234534800074,Tentativo interrotto dopo 100.0 secondi.,qiskit_post_pass_callback_and_sigalrm_traceback,transpilation,46,VF2PostLayout,qiskit.transpiler.passes.layout.vf2_post_layout.VF2PostLayout,45,99.97084355354309,99.9996711140002,qiskit/transpiler/passes/layout/vf2_post_layout.py,_score_layout,366,optimization,optimization_level,3,medium,False,"Il callback pubblico di Qiskit viene eseguito dopo ogni pass: last_completed_pass non identifica necessariamente il pass interrotto. | Lo stack indica dove SIGALRM è stato osservato, non dimostra quale pass, configurazione, circuito o hardware abbia causato il timeout. | Un'attribuzione causale richiede confronti controllati tra circuiti, configurazioni e device.",qiskit/transpiler/passes/layout/vf2_post_layout.py:366:_score_layout
quantinuum_h2_56,56,8c5576ac2f280a98f797dceb53186f97500e901d9784cc328187e156cbbe9b8f,run_2d66622fe2c51d84bf25ce9addedc190414c2b858c814daf9b434ecfafb9843c,qaoa_indep_tket_7,qaoa,tket,7,10,42,o3_trivial_sabre,3,trivial,sabre,1,timeout,transpilation,timeout,AttemptTimeoutError,100.0,100.00213419100055,Tentativo interrotto dopo 100.0 secondi.,qiskit_post_pass_callback_and_sigalrm_traceback,transpilation,46,VF2PostLayout,qiskit.transpiler.passes.layout.vf2_post_layout.VF2PostLayout,45,99.97101306915283,99.99942507800006,qiskit/transpiler/passes/layout/vf2_post_layout.py,run,282,optimization,optimization_level,3,medium,False,"Il callback pubblico di Qiskit viene eseguito dopo ogni pass: last_completed_pass non identifica necessariamente il pass interrotto. | Lo stack indica dove SIGALRM è stato osservato, non dimostra quale pass, configurazione, circuito o hardware abbia causato il timeout. | Un'attribuzione causale richiede confronti controllati tra circuiti, configurazioni e device.",qiskit/transpiler/passes/layout/vf2_post_layout.py:282:run
quantinuum_h2_56,56,8c5576ac2f280a98f797dceb53186f97500e901d9784cc328187e156cbbe9b8f,run_d828fcb18b8c19c3a435cb51a15dd0b22226a5f52c2d19de6c02dd5d799ffd28,qaoa_indep_tket_7,qaoa,tket,7,10,42,o3_trivial_sabre,3,trivial,sabre,2,timeout,transpilation,timeout,AttemptTimeoutError,100.0,100.00269708799988,Tentativo interrotto dopo 100.0 secondi.,qiskit_post_pass_callback_and_sigalrm_traceback,transpilation,46,VF2PostLayout,qiskit.transpiler.passes.layout.vf2_post_layout.VF2PostLayout,45,99.97143602371216,99.99939922199974,qiskit/transpiler/passes/layout/vf2_post_layout.py,run,281,optimization,optimization_level,3,medium,False,"Il callback pubblico di Qiskit viene eseguito dopo ogni pass: last_completed_pass non identifica necessariamente il pass interrotto. | Lo stack indica dove SIGALRM è stato osservato, non dimostra quale pass, configurazione, circuito o hardware abbia causato il timeout. | Un'attribuzione causale richiede confronti controllati tra circuiti, configurazioni e device.",qiskit/transpiler/passes/layout/vf2_post_layout.py:281:run
quantinuum_h2_56,56,8c5576ac2f280a98f797dceb53186f97500e901d9784cc328187e156cbbe9b8f,run_63dfdf02fd81c13ea6afb6451c54a59ed6499d5eb85a954e9e3974677031e76e,qft_indep_tket_40,qft,tket,40,81,880,o3_trivial_sabre,3,trivial,sabre,0,timeout,transpilation,timeout,AttemptTimeoutError,100.0,100.00264079799945,Tentativo interrotto dopo 100.0 secondi.,qiskit_post_pass_callback_and_sigalrm_traceback,transpilation,56,VF2PostLayout,qiskit.transpiler.passes.layout.vf2_post_layout.VF2PostLayout,55,99.67785358428955,99.99269158700099,qiskit/transpiler/passes/layout/vf2_post_layout.py,_score_layout,371,optimization,optimization_level,3,medium,False,"Il callback pubblico di Qiskit viene eseguito dopo ogni pass: last_completed_pass non identifica necessariamente il pass interrotto. | Lo stack indica dove SIGALRM è stato osservato, non dimostra quale pass, configurazione, circuito o hardware abbia causato il timeout. | Un'attribuzione causale richiede confronti controllati tra circuiti, configurazioni e device.",qiskit/transpiler/passes/layout/vf2_post_layout.py:371:_score_layout
quantinuum_h2_56,56,8c5576ac2f280a98f797dceb53186f97500e901d9784cc328187e156cbbe9b8f,run_6e218aba1a9d5d62e3b578b57cf0fd24cfce59919c7373b63ba5d1ed8f43a225,qft_indep_tket_40,qft,tket,40,81,880,o3_trivial_sabre,3,trivial,sabre,1,timeout,transpilation,timeout,AttemptTimeoutError,100.0,100.00249190699833,Tentativo interrotto dopo 100.0 secondi.,qiskit_post_pass_callback_and_sigalrm_traceback,transpilation,56,VF2PostLayout,qiskit.transpiler.passes.layout.vf2_post_layout.VF2PostLayout,55,99.69982028007507,99.98803952200069,qiskit/transpiler/passes/layout/vf2_post_layout.py,_score_layout,373,optimization,optimization_level,3,medium,False,"Il callback pubblico di Qiskit viene eseguito dopo ogni pass: last_completed_pass non identifica necessariamente il pass interrotto. | Lo stack indica dove SIGALRM è stato osservato, non dimostra quale pass, configurazione, circuito o hardware abbia causato il timeout. | Un'attribuzione causale richiede confronti controllati tra circuiti, configurazioni e device.",qiskit/transpiler/passes/layout/vf2_post_layout.py:373:_score_layout
quantinuum_h2_56,56,8c5576ac2f280a98f797dceb53186f97500e901d9784cc328187e156cbbe9b8f,run_8ea2e0427ab8eff9fe04c319464a8211410e1ce0648ac985d73b5bd9979c7fec,qft_indep_tket_40,qft,tket,40,81,880,o3_trivial_sabre,3,trivial,sabre,2,timeout,transpilation,timeout,AttemptTimeoutError,100.0,100.00263291999909,Tentativo interrotto dopo 100.0 secondi.,qiskit_post_pass_callback_and_sigalrm_traceback,transpilation,56,VF2PostLayout,qiskit.transpiler.passes.layout.vf2_post_layout.VF2PostLayout,55,99.67379379272461,99.99303422499906,qiskit/transpiler/passes/layout/vf2_post_layout.py,_score_layout,371,optimization,optimization_level,3,medium,False,"Il callback pubblico di Qiskit viene eseguito dopo ogni pass: last_completed_pass non identifica necessariamente il pass interrotto. | Lo stack indica dove SIGALRM è stato osservato, non dimostra quale pass, configurazione, circuito o hardware abbia causato il timeout. | Un'attribuzione causale richiede confronti controllati tra circuiti, configurazioni e device.",qiskit/transpiler/passes/layout/vf2_post_layout.py:371:_score_layout
quantinuum_h2_56,56,8c5576ac2f280a98f797dceb53186f97500e901d9784cc328187e156cbbe9b8f,run_d30858f2229254e8119bb90e8b248131e1ceec8e10cd54850cbd67aa58aa4be4,random_indep_qiskit_30,random,qiskit,30,312,2080,o3_trivial_sabre,3,trivial,sabre,0,timeout,transpilation,timeout,AttemptTimeoutError,100.0,100.00575939300052,Tentativo interrotto dopo 100.0 secondi.,qiskit_post_pass_callback_and_sigalrm_traceback,transpilation,46,VF2PostLayout,qiskit.transpiler.passes.layout.vf2_post_layout.VF2PostLayout,45,99.61110973358154,99.98483568699976,qiskit/transpiler/passes/layout/vf2_post_layout.py,run,298,optimization,optimization_level,3,medium,False,"Il callback pubblico di Qiskit viene eseguito dopo ogni pass: last_completed_pass non identifica necessariamente il pass interrotto. | Lo stack indica dove SIGALRM è stato osservato, non dimostra quale pass, configurazione, circuito o hardware abbia causato il timeout. | Un'attribuzione causale richiede confronti controllati tra circuiti, configurazioni e device.",qiskit/transpiler/passes/layout/vf2_post_layout.py:298:run
quantinuum_h2_56,56,8c5576ac2f280a98f797dceb53186f97500e901d9784cc328187e156cbbe9b8f,run_97fda4f4e7887867a98f59b7fbc92136ae8110c2d252272f0a76a34e0eb3da6f,random_indep_qiskit_30,random,qiskit,30,312,2080,o3_trivial_sabre,3,trivial,sabre,1,timeout,transpilation,timeout,AttemptTimeoutError,100.0,100.00367925500086,Tentativo interrotto dopo 100.0 secondi.,qiskit_post_pass_callback_and_sigalrm_traceback,transpilation,46,VF2PostLayout,qiskit.transpiler.passes.layout.vf2_post_layout.VF2PostLayout,45,99.56750512123108,99.98463307300062,qiskit/transpiler/passes/layout/vf2_post_layout.py,_score_layout,371,optimization,optimization_level,3,medium,False,"Il callback pubblico di Qiskit viene eseguito dopo ogni pass: last_completed_pass non identifica necessariamente il pass interrotto. | Lo stack indica dove SIGALRM è stato osservato, non dimostra quale pass, configurazione, circuito o hardware abbia causato il timeout. | Un'attribuzione causale richiede confronti controllati tra circuiti, configurazioni e device.",qiskit/transpiler/passes/layout/vf2_post_layout.py:371:_score_layout
quantinuum_h2_56,56,8c5576ac2f280a98f797dceb53186f97500e901d9784cc328187e156cbbe9b8f,run_1a9bf0a68d2e86c56483e6d5b4c4a005cf0dc3048b3612d6f5f2a2ed125f4a24,random_indep_qiskit_30,random,qiskit,30,312,2080,o3_trivial_sabre,3,trivial,sabre,2,timeout,transpilation,timeout,AttemptTimeoutError,100.0,100.00705712099989,Tentativo interrotto dopo 100.0 secondi.,qiskit_post_pass_callback_and_sigalrm_traceback,transpilation,46,VF2PostLayout,qiskit.transpiler.passes.layout.vf2_post_layout.VF2PostLayout,45,99.42594146728516,99.98608207699999,qiskit/transpiler/passes/layout/vf2_post_layout.py,_score_layout,371,optimization,optimization_level,3,medium,False,"Il callback pubblico di Qiskit viene eseguito dopo ogni pass: last_completed_pass non identifica necessariamente il pass interrotto. | Lo stack indica dove SIGALRM è stato osservato, non dimostra quale pass, configurazione, circuito o hardware abbia causato il timeout. | Un'attribuzione causale richiede confronti controllati tra circuiti, configurazioni e device.",qiskit/transpiler/passes/layout/vf2_post_layout.py:371:_score_layout
quantinuum_h2_56,56,8c5576ac2f280a98f797dceb53186f97500e901d9784cc328187e156cbbe9b8f,run_078222ffd67e1294e04f46d72a534eb89063cb1bb4b50befba848d585ff21017,routing_indep_qiskit_12,routing,qiskit,12,20,93,o3_trivial_sabre,3,trivial,sabre,0,timeout,transpilation,timeout,AttemptTimeoutError,100.0,100.00153888400018,Tentativo interrotto dopo 100.0 secondi.,qiskit_post_pass_callback_and_sigalrm_traceback,transpilation,46,VF2PostLayout,qiskit.transpiler.passes.layout.vf2_post_layout.VF2PostLayout,45,99.97880506515503,99.99939740400077,qiskit/transpiler/passes/layout/vf2_post_layout.py,run,281,optimization,optimization_level,3,medium,False,"Il callback pubblico di Qiskit viene eseguito dopo ogni pass: last_completed_pass non identifica necessariamente il pass interrotto. | Lo stack indica dove SIGALRM è stato osservato, non dimostra quale pass, configurazione, circuito o hardware abbia causato il timeout. | Un'attribuzione causale richiede confronti controllati tra circuiti, configurazioni e device.",qiskit/transpiler/passes/layout/vf2_post_layout.py:281:run
quantinuum_h2_56,56,8c5576ac2f280a98f797dceb53186f97500e901d9784cc328187e156cbbe9b8f,run_7d24cd6d784ed6da539b86394fde8d43be5cfeb2209bb45327f0caadf9b88975,routing_indep_qiskit_12,routing,qiskit,12,20,93,o3_trivial_sabre,3,trivial,sabre,1,timeout,transpilation,timeout,AttemptTimeoutError,100.0,100.00155798500055,Tentativo interrotto dopo 100.0 secondi.,qiskit_post_pass_callback_and_sigalrm_traceback,transpilation,46,VF2PostLayout,qiskit.transpiler.passes.layout.vf2_post_layout.VF2PostLayout,45,99.97917294502258,99.99943228600023,qiskit/transpiler/passes/layout/vf2_post_layout.py,_score_layout,371,optimization,optimization_level,3,medium,False,"Il callback pubblico di Qiskit viene eseguito dopo ogni pass: last_completed_pass non identifica necessariamente il pass interrotto. | Lo stack indica dove SIGALRM è stato osservato, non dimostra quale pass, configurazione, circuito o hardware abbia causato il timeout. | Un'attribuzione causale richiede confronti controllati tra circuiti, configurazioni e device.",qiskit/transpiler/passes/layout/vf2_post_layout.py:371:_score_layout
quantinuum_h2_56,56,8c5576ac2f280a98f797dceb53186f97500e901d9784cc328187e156cbbe9b8f,run_76e279ce97b485aa125a378e2317c51979fa99c3a8c33d1056f2832c5f2df90f,routing_indep_qiskit_12,routing,qiskit,12,20,93,o3_trivial_sabre,3,trivial,sabre,2,timeout,transpilation,timeout,AttemptTimeoutError,100.0,100.00235900100051,Tentativo interrotto dopo 100.0 secondi.,qiskit_post_pass_callback_and_sigalrm_traceback,transpilation,46,VF2PostLayout,qiskit.transpiler.passes.layout.vf2_post_layout.VF2PostLayout,45,99.97913360595703,99.9994938639993,qiskit/transpiler/passes/layout/vf2_post_layout.py,run,278,optimization,optimization_level,3,medium,False,"Il callback pubblico di Qiskit viene eseguito dopo ogni pass: last_completed_pass non identifica necessariamente il pass interrotto. | Lo stack indica dove SIGALRM è stato osservato, non dimostra quale pass, configurazione, circuito o hardware abbia causato il timeout. | Un'attribuzione causale richiede confronti controllati tra circuiti, configurazioni e device.",qiskit/transpiler/passes/layout/vf2_post_layout.py:278:run
quantinuum_h2_56,56,8c5576ac2f280a98f797dceb53186f97500e901d9784cc328187e156cbbe9b8f,run_64b3756f04017707751442c903e38bada0674d91dc8aa3a509c1b76c3e6ef6f3,vqe_indep_tket_16,vqe,tket,16,21,94,o3_trivial_sabre,3,trivial,sabre,0,timeout,transpilation,timeout,AttemptTimeoutError,100.0,100.00162765100049,Tentativo interrotto dopo 100.0 secondi.,qiskit_post_pass_callback_and_sigalrm_traceback,transpilation,46,VF2PostLayout,qiskit.transpiler.passes.layout.vf2_post_layout.VF2PostLayout,45,99.97841787338257,99.99945229900004,qiskit/transpiler/passes/layout/vf2_post_layout.py,_score_layout,366,optimization,optimization_level,3,medium,False,"Il callback pubblico di Qiskit viene eseguito dopo ogni pass: last_completed_pass non identifica necessariamente il pass interrotto. | Lo stack indica dove SIGALRM è stato osservato, non dimostra quale pass, configurazione, circuito o hardware abbia causato il timeout. | Un'attribuzione causale richiede confronti controllati tra circuiti, configurazioni e device.",qiskit/transpiler/passes/layout/vf2_post_layout.py:366:_score_layout
quantinuum_h2_56,56,8c5576ac2f280a98f797dceb53186f97500e901d9784cc328187e156cbbe9b8f,run_8af51c88ff105fe8e3dea7fcf783f73f41bb3adabfe2334811b2be2c93271656,vqe_indep_tket_16,vqe,tket,16,21,94,o3_trivial_sabre,3,trivial,sabre,1,timeout,transpilation,timeout,AttemptTimeoutError,100.0,100.00164829099958,Tentativo interrotto dopo 100.0 secondi.,qiskit_post_pass_callback_and_sigalrm_traceback,transpilation,46,VF2PostLayout,qiskit.transpiler.passes.layout.vf2_post_layout.VF2PostLayout,45,99.97940492630005,99.99952928099992,qiskit/transpiler/passes/layout/vf2_post_layout.py,_score_layout,364,optimization,optimization_level,3,medium,False,"Il callback pubblico di Qiskit viene eseguito dopo ogni pass: last_completed_pass non identifica necessariamente il pass interrotto. | Lo stack indica dove SIGALRM è stato osservato, non dimostra quale pass, configurazione, circuito o hardware abbia causato il timeout. | Un'attribuzione causale richiede confronti controllati tra circuiti, configurazioni e device.",qiskit/transpiler/passes/layout/vf2_post_layout.py:364:_score_layout
quantinuum_h2_56,56,8c5576ac2f280a98f797dceb53186f97500e901d9784cc328187e156cbbe9b8f,run_9f2700a4d978b2a668931dc6ed362be945640c3bbcb9d6db41815a114b69fb62,vqe_indep_tket_16,vqe,tket,16,21,94,o3_trivial_sabre,3,trivial,sabre,2,timeout,transpilation,timeout,AttemptTimeoutError,100.0,100.00165563199971,Tentativo interrotto dopo 100.0 secondi.,qiskit_post_pass_callback_and_sigalrm_traceback,transpilation,46,VF2PostLayout,qiskit.transpiler.passes.layout.vf2_post_layout.VF2PostLayout,45,99.97331500053406,99.99944368999968,qiskit/transpiler/passes/layout/vf2_post_layout.py,_score_layout,366,optimization,optimization_level,3,medium,False,"Il callback pubblico di Qiskit viene eseguito dopo ogni pass: last_completed_pass non identifica necessariamente il pass interrotto. | Lo stack indica dove SIGALRM è stato osservato, non dimostra quale pass, configurazione, circuito o hardware abbia causato il timeout. | Un'attribuzione causale richiede confronti controllati tra circuiti, configurazioni e device.",qiskit/transpiler/passes/layout/vf2_post_layout.py:366:_score_layout
