device_id,circuit_id,split,family,generator,num_qubits,depth,size,attempts_expected,attempts_observed,success_count,failure_count,timeout_count,success_rate,transpile_success_n,transpile_median_s,transpile_mean_s,transpile_p95_s,transpile_max_s,eligible_configurations,best_config_id,best_median_score
ibm_falcon_127,ae_indep_qiskit_10,train,ae,qiskit,10,54,101,36,36,30,0,6,0.8333333333333334,30,0.028878742000415514,0.07599471786676683,0.27355778875071335,0.29788251699937973,10,o3_default_default,0.7796773164
ibm_falcon_127,ae_indep_qiskit_11,train,ae,qiskit,11,60,117,36,36,30,0,6,0.8333333333333334,30,0.025913434499670984,0.029183262566766642,0.04791421610016186,0.054046755998570006,10,o3_default_default,0.7178677234
ibm_falcon_127,ae_indep_qiskit_12,train,ae,qiskit,12,66,134,36,36,30,0,6,0.8333333333333334,30,0.02804073149945907,0.0335914337999687,0.05793389794916945,0.06478972999866528,10,o3_default_default,0.6660506914
ibm_falcon_127,ae_indep_qiskit_13,train,ae,qiskit,13,72,152,36,36,30,0,6,0.8333333333333334,30,0.03355097050007316,0.037573410299895235,0.06622542964860259,0.06855874699976994,10,o3_default_default,0.6055415119
ibm_falcon_127,ae_indep_qiskit_2,train,ae,qiskit,2,6,9,36,36,36,0,0,1.0,36,0.011379151500477747,0.011372971944436157,0.013672452249920752,0.014439168000535574,12,o2_default_default,0.9987047861
ibm_falcon_127,ae_indep_qiskit_3,train,ae,qiskit,3,12,17,36,36,36,0,0,1.0,36,0.014962247000767093,0.7789189333332919,5.333430371999384,5.413010688000213,12,o3_default_default,0.9925061709
ibm_falcon_127,ae_indep_qiskit_30,train,ae,qiskit,30,174,611,36,36,30,0,6,0.8333333333333334,30,0.08765451300041605,0.1319054636334234,0.35219366979963523,0.40576827699987916,10,o3_default_default,0.062916795
ibm_falcon_127,ae_indep_qiskit_4,train,ae,qiskit,4,18,26,36,36,36,0,0,1.0,36,0.01714972149966343,2.4887440542500676,15.97485384824904,17.709326873000464,12,o3_default_default,0.9821221584
ibm_falcon_127,ae_indep_qiskit_40,train,ae,qiskit,40,234,1016,36,36,30,0,6,0.8333333333333334,30,0.12620505249924463,0.18384857749988442,0.5006024871505358,0.5420904680013336,10,o3_default_default,0.0088200642
ibm_falcon_127,ae_indep_qiskit_5,train,ae,qiskit,5,24,36,36,36,36,0,0,1.0,36,0.016671579999638197,1.8576686855556344,12.213364710749374,12.41614246500103,12,o3_default_default,0.9518266695
ibm_falcon_127,ae_indep_qiskit_50,train,ae,qiskit,50,294,1521,36,36,30,0,6,0.8333333333333334,30,0.19947879499977716,0.2973906797999007,0.7496287723996828,1.195805557001222,10,o3_default_default,0.0008867691
ibm_falcon_127,ae_indep_qiskit_6,train,ae,qiskit,6,30,47,36,36,36,0,0,1.0,36,0.02165853699989384,4.508745570388783,29.75448316975053,31.22228524899947,12,o3_default_default,0.9278086774
ibm_falcon_127,ae_indep_qiskit_60,train,ae,qiskit,60,354,2126,36,36,30,0,6,0.8333333333333334,30,0.2036562210005286,0.3498971053665931,1.1045343497502467,1.301512862999516,10,o3_default_default,4.59078e-05
ibm_falcon_127,ae_indep_qiskit_7,train,ae,qiskit,7,36,59,36,36,36,0,0,1.0,36,0.0184691334998206,6.050657150777776,34.59609830274985,50.39207725000051,12,o3_default_default,0.8948290863
ibm_falcon_127,ae_indep_qiskit_8,train,ae,qiskit,8,42,72,36,36,33,0,3,0.9166666666666666,33,0.020167159998891293,5.653117504211905,53.55041250839891,73.00777397299862,10,o3_default_default,0.8624778437
ibm_falcon_127,ae_indep_qiskit_9,train,ae,qiskit,9,48,86,36,36,33,0,3,0.9166666666666666,33,0.02094458899955498,7.738341485757536,81.85964197260037,90.1735513650001,10,o3_default_default,0.8497879151
ibm_falcon_127,ae_indep_tket_10,train,ae,tket,10,63,119,36,36,30,0,6,0.8333333333333334,30,0.019659040999613353,0.02213942709968251,0.03732832744954066,0.04287947399825498,10,o3_default_default,0.779380014
ibm_falcon_127,ae_indep_tket_11,train,ae,tket,11,70,137,36,36,30,0,6,0.8333333333333334,30,0.02094464850051736,0.02442492616664822,0.04576317699975333,0.05117695599983563,10,o3_default_default,0.7177359362
ibm_falcon_127,ae_indep_tket_12,train,ae,tket,12,77,156,36,36,30,0,6,0.8333333333333334,30,0.02220613099871116,0.031082291133376808,0.05885841890021756,0.18310119700072391,10,o3_default_default,0.6657955226
ibm_falcon_127,ae_indep_tket_2,train,ae,tket,2,7,11,36,36,36,0,0,1.0,36,0.011204992999410024,0.011742803250146809,0.016005993250018946,0.021759623999969335,12,o2_default_default,0.9987047861
ibm_falcon_127,ae_indep_tket_3,train,ae,tket,3,14,21,36,36,36,0,0,1.0,36,0.013733311000578396,0.7142204979443503,4.637446715499664,5.232495725000263,12,o3_default_default,0.9925061709
ibm_falcon_127,ae_indep_tket_30,train,ae,tket,30,203,669,36,36,30,0,6,0.8333333333333334,30,0.08340808999946603,0.11787938113320706,0.3371588473997687,0.4593305029993644,10,o3_default_default,0.0628631105
ibm_falcon_127,ae_indep_tket_4,train,ae,tket,4,21,32,36,36,36,0,0,1.0,36,0.01565408799888246,2.366752428555527,14.778763810000328,17.91602945900013,12,o3_default_default,0.9820309729
ibm_falcon_127,ae_indep_tket_40,train,ae,tket,40,273,1094,36,36,30,0,6,0.8333333333333334,30,0.11284894349955721,0.17287769110001439,0.45594518919951943,0.5544762630015612,10,o3_default_default,0.0088285432
ibm_falcon_127,ae_indep_tket_5,train,ae,tket,5,28,44,36,36,36,0,0,1.0,36,0.018682085999898845,1.8338045844999316,12.339365716749398,12.545138600999053,12,o3_default_default,0.9514648032
ibm_falcon_127,ae_indep_tket_50,train,ae,tket,50,343,1619,36,36,30,0,6,0.8333333333333334,30,0.15497481599959428,0.26707731779988536,0.7225120622998471,1.2317567730005976,10,o3_default_default,0.0008871889
ibm_falcon_127,ae_indep_tket_6,train,ae,tket,6,35,57,36,36,36,0,0,1.0,36,0.019963708499744826,4.360933799055601,28.21484218274918,30.996627038999577,12,o3_default_default,0.9279775908
ibm_falcon_127,ae_indep_tket_7,train,ae,tket,7,42,71,36,36,36,0,0,1.0,36,0.01805684349983494,6.166183310194356,35.442625358999976,50.42761453100138,12,o3_default_default,0.8948290863
ibm_falcon_127,ae_indep_tket_8,train,ae,tket,8,49,86,36,36,33,0,3,0.9166666666666666,33,0.0186972749997949,5.523398588030074,52.749632559600244,70.64882485899943,10,o3_default_default,0.8623188967
ibm_falcon_127,ae_indep_tket_9,train,ae,tket,9,56,102,36,36,33,0,3,0.9166666666666666,33,0.01797572200121067,7.867596536242535,83.0723657012004,92.2059429130004,10,o3_default_default,0.8498712706
ibm_falcon_127,dj_indep_qiskit_10,train,dj,qiskit,10,12,37,36,36,36,0,0,1.0,36,0.01643261800018081,7.198773058666777,43.414203817749694,71.70996625099906,12,o2_sabre_sabre,0.9479136554
ibm_falcon_127,dj_indep_qiskit_11,train,dj,qiskit,11,13,41,36,36,33,0,3,0.9166666666666666,33,0.015941101999487728,1.3550602425454572,14.65968135480107,14.841731693000838,10,o3_default_default,0.949029768
ibm_falcon_127,dj_indep_qiskit_12,train,dj,qiskit,12,14,45,36,36,36,0,0,1.0,36,0.016343934999895282,2.601821038861039,15.781197301500015,16.0008546500012,12,o3_default_default,0.955171519
ibm_falcon_127,dj_indep_qiskit_13,train,dj,qiskit,13,15,49,36,36,36,0,0,1.0,36,0.015559911499622103,15.008378438694207,90.58943344850059,91.30368534700028,12,o3_sabre_sabre,0.922084711
ibm_falcon_127,dj_indep_qiskit_14,train,dj,qiskit,14,16,53,36,36,30,0,6,0.8333333333333334,30,0.01619377249971876,0.017617537399989183,0.027458498249416142,0.0305175160010549,10,o3_default_default,0.916257378
ibm_falcon_127,dj_indep_qiskit_15,train,dj,qiskit,15,17,57,36,36,36,0,0,1.0,36,0.015561466500912502,3.5344549720556038,21.318647589499506,21.442290798000613,12,o3_default_default,0.9295035553
ibm_falcon_127,dj_indep_qiskit_16,train,dj,qiskit,16,18,61,36,36,32,0,4,0.8888888888888888,32,0.016556149500502215,1.6126335150311775,11.222197055700127,26.17275715100004,10,o3_default_default,0.9299491229
ibm_falcon_127,dj_indep_qiskit_17,train,dj,qiskit,17,19,65,36,36,30,0,6,0.8333333333333334,30,0.018639355500454258,0.019820154499999867,0.02913791604933067,0.029798908999509877,10,o3_default_default,0.925047426
ibm_falcon_127,dj_indep_qiskit_18,train,dj,qiskit,18,20,69,36,36,32,0,4,0.8888888888888888,32,0.015362354998615046,1.762214372718688,12.219808479550903,28.731156481999278,10,o3_default_default,0.9161422432
ibm_falcon_127,dj_indep_qiskit_19,train,dj,qiskit,19,21,73,36,36,36,0,0,1.0,36,0.01914588199906575,4.885052224527651,29.642883831500058,30.556617498999913,12,o3_default_default,0.900934305
ibm_falcon_127,dj_indep_qiskit_2,train,dj,qiskit,2,4,5,36,36,36,0,0,1.0,36,0.011130915499961702,0.011104564138905617,0.013583226750142785,0.01664805700056604,12,o2_default_default,0.9994380656
ibm_falcon_127,dj_indep_qiskit_20,train,dj,qiskit,20,22,77,36,36,34,0,2,0.9444444444444444,34,0.017661445499470574,3.885172481529266,32.20871477929987,34.89654025699929,10,o3_default_default,0.8979832695
ibm_falcon_127,dj_indep_qiskit_21,train,dj,qiskit,21,23,81,36,36,34,0,2,0.9444444444444444,34,0.01939465050054423,4.300005663852918,36.22615156379979,37.51370088499971,10,o3_default_default,0.8943521193
ibm_falcon_127,dj_indep_qiskit_22,train,dj,qiskit,22,24,85,36,36,33,0,3,0.9166666666666666,33,0.01751759599937941,3.8278259843938773,41.08228836880007,43.49313832900043,11,o3_default_default,0.8848603301
ibm_falcon_127,dj_indep_qiskit_23,train,dj,qiskit,23,25,89,36,36,32,0,4,0.8888888888888888,32,0.019499216999975033,2.6320062467186176,18.424521618549413,42.64313044700066,10,o3_default_default,0.8762057782
ibm_falcon_127,dj_indep_qiskit_24,train,dj,qiskit,24,26,93,36,36,30,0,6,0.8333333333333334,30,0.01919659349914582,0.02267759753346278,0.040299981149837544,0.04504316600105085,10,o3_default_default,0.8689734195
ibm_falcon_127,dj_indep_qiskit_25,train,dj,qiskit,25,27,97,36,36,36,0,0,1.0,36,0.021425325499876635,7.247355146500063,43.979800487000375,44.33497907799938,12,o3_default_default,0.8627256265
ibm_falcon_127,dj_indep_qiskit_26,train,dj,qiskit,26,28,101,36,36,36,0,0,1.0,36,0.021185030000197003,8.392515937416697,50.9144290967497,52.55242462800015,12,o3_default_default,0.8627188801
ibm_falcon_127,dj_indep_qiskit_27,train,dj,qiskit,27,29,105,36,36,34,0,2,0.9444444444444444,34,0.02085275500030548,7.36856224302948,61.07315730835051,67.74909250099881,10,o3_default_default,0.855444338
ibm_falcon_127,dj_indep_qiskit_28,train,dj,qiskit,28,30,109,36,36,30,0,6,0.8333333333333334,30,0.019655941500786867,0.026728067899845578,0.05118114205060918,0.05424625200066657,10,o3_default_default,0.8513944426
ibm_falcon_127,dj_indep_qiskit_29,train,dj,qiskit,29,31,113,36,36,30,0,6,0.8333333333333334,30,0.021750146000158566,0.027496767999946315,0.05678135214930078,0.060917696999240434,10,o3_default_default,0.8374909112
ibm_falcon_127,dj_indep_qiskit_3,train,dj,qiskit,3,5,9,36,36,36,0,0,1.0,36,0.01170361300046352,0.01213078241698895,0.016379315251015214,0.01739703099883627,12,o3_default_default,0.9968815164
ibm_falcon_127,dj_indep_qiskit_30,train,dj,qiskit,30,32,117,36,36,30,0,6,0.8333333333333334,30,0.018712100500124507,0.02900603026664612,0.06389036100035807,0.07184287899872288,10,o3_default_default,0.8457070545
ibm_falcon_127,dj_indep_qiskit_4,train,dj,qiskit,4,6,13,36,36,36,0,0,1.0,36,0.01206978150003124,0.012579849666659962,0.015966840000146476,0.017121951999797602,12,o3_default_default,0.9906226188
ibm_falcon_127,dj_indep_qiskit_40,train,dj,qiskit,40,42,157,36,36,30,0,6,0.8333333333333334,30,0.023204770000120334,0.03936887416693935,0.11667930949997748,0.12378530699970725,10,o3_default_default,0.766217802
ibm_falcon_127,dj_indep_qiskit_5,train,dj,qiskit,5,7,17,36,36,36,0,0,1.0,36,0.013826078500642325,0.6663871371389783,4.171768070249982,4.41756777000046,12,o2_default_default,0.9860237279
ibm_falcon_127,dj_indep_qiskit_50,train,dj,qiskit,50,52,197,36,36,30,0,6,0.8333333333333334,30,0.02562975799992273,0.06520629696666826,0.33924357600017163,0.38093528999888804,10,o3_default_default,0.7212438488
ibm_falcon_127,dj_indep_qiskit_6,train,dj,qiskit,6,8,21,36,36,36,0,0,1.0,36,0.015213770999253029,1.3403319057501397,8.939272546000211,10.034325483997236,12,o3_default_default,0.9812900089
ibm_falcon_127,dj_indep_qiskit_60,train,dj,qiskit,60,62,237,36,36,30,0,6,0.8333333333333334,30,0.03075722850007878,0.11963030879984823,0.7798550042491112,0.969576267998491,10,o3_default_default,0.6474921644
ibm_falcon_127,dj_indep_qiskit_7,train,dj,qiskit,7,9,25,36,36,36,0,0,1.0,36,0.01600465699993947,1.4196537658611608,9.728752528999394,10.841536023999652,12,o2_default_default,0.9683024421
ibm_falcon_127,dj_indep_qiskit_70,train,dj,qiskit,70,72,277,36,36,30,0,6,0.8333333333333334,30,0.03207287999975961,0.17042721106639266,1.2200089096504583,1.5070594409990008,10,o3_default_default,0.5797994378
ibm_falcon_127,dj_indep_qiskit_8,train,dj,qiskit,8,10,29,36,36,36,0,0,1.0,36,0.0169277589993726,1.4842372494440497,8.925575851499161,11.7375254030012,12,o2_sabre_sabre,0.9659832336
ibm_falcon_127,dj_indep_qiskit_80,train,dj,qiskit,80,82,317,36,36,30,0,6,0.8333333333333334,30,0.04143598950031446,0.22321003383331117,1.7024159243012031,1.9345958960002463,10,o3_default_default,0.5275455931
ibm_falcon_127,dj_indep_qiskit_9,train,dj,qiskit,9,11,33,36,36,36,0,0,1.0,36,0.018400388000372914,1.7630052492223613,10.744131140499121,14.978243649002252,12,o3_default_default,0.9609509972
ibm_falcon_127,dj_indep_qiskit_90,train,dj,qiskit,90,92,357,36,36,30,0,6,0.8333333333333334,30,0.03484113099875685,0.1771527378998144,1.1928630428492397,1.2578277680004248,10,o3_default_default,0.4901719687
ibm_falcon_127,dj_indep_tket_10,train,dj,tket,10,14,50,36,36,36,0,0,1.0,36,0.015558734499791171,7.148967385360771,42.570309101498424,74.31181531999755,12,o2_sabre_sabre,0.9479961801
ibm_falcon_127,dj_indep_tket_11,train,dj,tket,11,15,56,36,36,33,0,3,0.9166666666666666,33,0.014841889002127573,1.3770704813635375,14.92013089660104,15.08143025499885,10,o3_default_default,0.9527849057
ibm_falcon_127,dj_indep_tket_12,train,dj,tket,12,15,60,36,36,36,0,0,1.0,36,0.015630756000973633,2.7098930986667256,16.42633418350124,17.609706704999553,12,o3_default_default,0.9553522464
ibm_falcon_127,dj_indep_tket_13,train,dj,tket,13,17,66,36,36,36,0,0,1.0,36,0.01658681699700537,15.510111218583411,94.01163793100204,94.39067988899842,12,o3_default_default,0.9259459586
ibm_falcon_127,dj_indep_tket_14,train,dj,tket,14,18,72,36,36,30,0,6,0.8333333333333334,30,0.01565667599970766,0.016690240166281,0.02769948370059864,0.03042419299890753,10,o3_default_default,0.9160968921
ibm_falcon_127,dj_indep_tket_15,train,dj,tket,15,18,76,36,36,36,0,0,1.0,36,0.017211922500791843,3.6792277135002425,22.365102713501074,22.71100162100265,12,o3_default_default,0.9295102595
ibm_falcon_127,dj_indep_tket_16,train,dj,tket,16,19,80,36,36,32,0,4,0.8888888888888888,32,0.015506239000387723,1.6101286511562876,11.448433011249271,25.59590749599738,10,o3_default_default,0.9298604955
ibm_falcon_127,dj_indep_tket_17,train,dj,tket,17,21,86,36,36,30,0,6,0.8333333333333334,30,0.01716774600026838,0.018375744133542562,0.028358693299560398,0.030322360998980002,10,o3_default_default,0.9279754404
ibm_falcon_127,dj_indep_tket_18,train,dj,tket,18,21,90,36,36,32,0,4,0.8888888888888888,32,0.015992943499441026,1.746914807344183,12.4673910097519,27.708856158002163,10,o3_default_default,0.9182273114
ibm_falcon_127,dj_indep_tket_19,train,dj,tket,19,22,94,36,36,36,0,0,1.0,36,0.018108892500094953,4.91638386222217,29.78187193075155,30.58855818899974,12,o3_default_default,0.9020679389
ibm_falcon_127,dj_indep_tket_2,train,dj,tket,2,6,8,36,36,36,0,0,1.0,36,0.010691797500840039,0.010941751555846067,0.013047199501670548,0.015479745001357514,12,o2_default_default,0.9994380656
ibm_falcon_127,dj_indep_tket_20,train,dj,tket,20,23,98,36,36,34,0,2,0.9444444444444444,34,0.019313365000925842,4.05275439100061,34.05095580475226,35.71188384800189,10,o3_default_default,0.8993264157
ibm_falcon_127,dj_indep_tket_21,train,dj,tket,21,24,102,36,36,34,0,2,0.9444444444444444,34,0.01736576400071499,4.4800440813237135,37.81390760784943,38.312498888000846,10,o3_default_default,0.8922174641
ibm_falcon_127,dj_indep_tket_22,train,dj,tket,22,25,106,36,36,33,0,3,0.9166666666666666,33,0.018666666001081467,3.8523207902724224,41.53324447659834,43.270727967999846,11,o3_default_default,0.8827483301
ibm_falcon_127,dj_indep_tket_23,train,dj,tket,23,27,112,36,36,32,0,4,0.8888888888888888,32,0.017696503999104607,2.6226041814371683,18.50918665834867,42.17727277299855,10,o3_default_default,0.8752159295
ibm_falcon_127,dj_indep_tket_24,train,dj,tket,24,27,116,36,36,30,0,6,0.8333333333333334,30,0.01659682450008404,0.022558934933840646,0.04258379410184715,0.048807814997417154,10,o3_default_default,0.8680724659
ibm_falcon_127,dj_indep_tket_25,train,dj,tket,25,28,120,36,36,36,0,0,1.0,36,0.02169109849819506,7.411389390972141,44.64826414599884,45.405729048001376,12,o3_default_default,0.8640854939
ibm_falcon_127,dj_indep_tket_26,train,dj,tket,26,30,126,36,36,36,0,0,1.0,36,0.020659505500589148,8.623084846916855,51.756489458500255,53.19191734299966,12,o3_default_default,0.8625576909
ibm_falcon_127,dj_indep_tket_27,train,dj,tket,27,31,132,36,36,34,0,2,0.9444444444444444,34,0.020830024001043057,7.533577409293738,63.978415546049106,68.87278998599868,10,o3_default_default,0.8553668106
ibm_falcon_127,dj_indep_tket_28,train,dj,tket,28,31,136,36,36,30,0,6,0.8333333333333334,30,0.019571374999941327,0.025638755366405044,0.04707439754783988,0.051030031998379854,10,o3_default_default,0.8490589456
ibm_falcon_127,dj_indep_tket_29,train,dj,tket,29,32,140,36,36,30,0,6,0.8333333333333334,30,0.020289341000534478,0.02842717026627118,0.05003333304885018,0.062122152998199454,10,o3_default_default,0.8373334476
ibm_falcon_127,dj_indep_tket_3,train,dj,tket,3,7,14,36,36,36,0,0,1.0,36,0.010974658000122872,0.011474406805771449,0.014635458499469678,0.015137354999751551,12,o3_default_default,0.9968815164
ibm_falcon_127,dj_indep_tket_30,train,dj,tket,30,34,146,36,36,30,0,6,0.8333333333333334,30,0.01817365250099101,0.0290119012666158,0.058259486548922705,0.07863222500236589,10,o3_default_default,0.8336365649
ibm_falcon_127,dj_indep_tket_4,train,dj,tket,4,7,18,36,36,36,0,0,1.0,36,0.011553736499990919,0.011895920722458363,0.014576477499758766,0.015030899998237146,12,o3_default_default,0.9906226188
ibm_falcon_127,dj_indep_tket_40,train,dj,tket,40,44,194,36,36,30,0,6,0.8333333333333334,30,0.02233971999885398,0.04131418206682914,0.1302861559986922,0.15713471200069762,10,o3_default_default,0.7790913279
ibm_falcon_127,dj_indep_tket_5,train,dj,tket,5,9,24,36,36,36,0,0,1.0,36,0.013483111499226652,0.6791521488332566,4.31984906075013,4.639963519999583,12,o3_default_default,0.9847574321
ibm_falcon_127,dj_indep_tket_50,train,dj,tket,50,53,244,36,36,30,0,6,0.8333333333333334,30,0.02559807199941133,0.06716538799979996,0.31308425049919597,0.4328195800007961,10,o2_default_default,0.7213107728
ibm_falcon_127,dj_indep_tket_6,train,dj,tket,6,9,28,36,36,36,0,0,1.0,36,0.01469367200115812,1.356688774638921,8.744747164751061,10.122360296998522,12,o3_default_default,0.9811956406
ibm_falcon_127,dj_indep_tket_60,train,dj,tket,60,64,298,36,36,30,0,6,0.8333333333333334,30,0.027378696500818478,0.1070736317004048,0.6914821991507778,0.7256426949970773,10,o3_default_default,0.6487603322
ibm_falcon_127,dj_indep_tket_7,train,dj,tket,7,11,34,36,36,36,0,0,1.0,36,0.015485161500691902,1.4035684154443717,9.182516347001183,11.21912608400089,12,o2_default_default,0.9683024421
ibm_falcon_127,dj_indep_tket_70,train,dj,tket,70,74,346,36,36,30,0,6,0.8333333333333334,30,0.02826499450020492,0.17972478760032876,1.1912492315001133,1.8178131339991523,10,o3_default_default,0.5788365381
ibm_falcon_127,dj_indep_tket_8,train,dj,tket,8,12,40,36,36,36,0,0,1.0,36,0.01691361049961415,1.5274276259443569,9.707902317749358,11.941702454998449,12,o2_sabre_sabre,0.9659832336
ibm_falcon_127,dj_indep_tket_80,train,dj,tket,80,84,396,36,36,30,0,6,0.8333333333333334,30,0.02864254750056716,0.23181216126686194,1.8384174680002614,1.978267449001578,10,o2_default_default,0.5300591405
ibm_falcon_127,dj_indep_tket_9,train,dj,tket,9,12,44,36,36,36,0,0,1.0,36,0.01743413699841767,1.822282182805389,11.439732329251456,14.741557591001765,12,o3_default_default,0.9609509972
ibm_falcon_127,dj_indep_tket_90,train,dj,tket,90,94,442,36,36,30,0,6,0.8333333333333334,30,0.03642390700042597,0.1773991507999502,1.1083718835998293,1.4058506910005235,10,o3_default_default,0.4902136332
ibm_falcon_127,graphstate_indep_qiskit_10,train,graphstate,qiskit,10,8,30,36,36,36,0,0,1.0,36,0.018217251999885775,1.7733781767220635,12.117749918249501,14.141259118001472,12,o3_default_default,0.9478173268
ibm_falcon_127,graphstate_indep_qiskit_11,train,graphstate,qiskit,11,7,33,36,36,36,0,0,1.0,36,0.018384614999376936,2.374670774027638,14.40512384449903,14.608921999999438,12,o3_default_default,0.9585358754
ibm_falcon_127,graphstate_indep_qiskit_12,train,graphstate,qiskit,12,6,36,36,36,36,0,0,1.0,36,0.016507411499333102,1.8923151994721492,13.464817548250721,15.06595221599855,12,o2_default_default,0.9612967059
ibm_falcon_127,graphstate_indep_qiskit_13,train,graphstate,qiskit,13,5,39,36,36,36,0,0,1.0,36,0.018538828499004012,1.5635152150834983,8.909699782750977,10.678543343998172,12,o3_default_default,0.9561647091
ibm_falcon_127,graphstate_indep_qiskit_14,train,graphstate,qiskit,14,8,42,36,36,36,0,0,1.0,36,0.020190938001178438,2.789703410888756,16.48719413500021,21.703711391997786,12,o3_default_default,0.9228833865
ibm_falcon_127,graphstate_indep_qiskit_15,train,graphstate,qiskit,15,9,45,36,36,36,0,0,1.0,36,0.0190932374989643,2.841843567777687,21.458257514248544,22.103022133997,12,o3_default_default,0.9291531303
ibm_falcon_127,graphstate_indep_qiskit_16,train,graphstate,qiskit,16,7,48,36,36,36,0,0,1.0,36,0.019243417998950463,3.370815522194385,22.577609873249457,24.52777164100189,12,o3_default_default,0.9109088808
ibm_falcon_127,graphstate_indep_qiskit_17,train,graphstate,qiskit,17,6,51,36,36,36,0,0,1.0,36,0.02022763999957533,3.029476745444905,18.874742838749626,23.992937670001993,12,o3_default_default,0.918086355
ibm_falcon_127,graphstate_indep_qiskit_18,train,graphstate,qiskit,18,7,54,36,36,36,0,0,1.0,36,0.02092811550210172,4.024464172250191,26.737937715001863,27.024742710000282,12,o3_default_default,0.8830992194
ibm_falcon_127,graphstate_indep_qiskit_19,train,graphstate,qiskit,19,7,57,36,36,36,0,0,1.0,36,0.021365186999901198,3.8233752138889434,23.574121714497778,32.03450538999823,12,o2_default_default,0.8898892367
ibm_falcon_127,graphstate_indep_qiskit_20,train,graphstate,qiskit,20,9,60,36,36,35,0,1,0.9722222222222222,35,0.019286972001282265,4.265585539342594,32.663435826800196,35.3716492909989,11,o2_default_default,0.9300071076
ibm_falcon_127,graphstate_indep_qiskit_21,train,graphstate,qiskit,21,7,63,36,36,36,0,0,1.0,36,0.021587716499197995,6.219583587639136,39.38699678575176,56.86258146200271,12,o3_default_default,0.8432121392
ibm_falcon_127,graphstate_indep_qiskit_22,train,graphstate,qiskit,22,8,66,36,36,35,0,1,0.9722222222222222,35,0.02193119799994747,4.401781381228544,29.163619111299695,39.06339575799939,11,o3_default_default,0.8661800183
ibm_falcon_127,graphstate_indep_qiskit_23,train,graphstate,qiskit,23,6,69,36,36,36,0,0,1.0,36,0.02269274550053524,4.909250289861524,32.52284783025061,33.451283406000584,12,o3_default_default,0.8763185963
ibm_falcon_127,graphstate_indep_qiskit_24,train,graphstate,qiskit,24,8,72,36,36,36,0,0,1.0,36,0.02055001949884172,5.4074738991107045,35.25032344650117,36.6455802820019,12,o3_default_default,0.8424866227
ibm_falcon_127,graphstate_indep_qiskit_25,train,graphstate,qiskit,25,7,75,36,36,36,0,0,1.0,36,0.025962813999285572,6.180515283638568,37.46350585450091,50.031902924998576,12,o3_default_default,0.8250964184
ibm_falcon_127,graphstate_indep_qiskit_26,train,graphstate,qiskit,26,8,78,36,36,36,0,0,1.0,36,0.02388549999886891,6.033925509499972,36.32786026474969,44.538676578999,12,o3_default_default,0.8291238436
ibm_falcon_127,graphstate_indep_qiskit_27,train,graphstate,qiskit,27,8,81,36,36,35,0,1,0.9722222222222222,35,0.027847575998748653,7.340219775171551,56.674413947500945,64.5928023560009,11,o3_default_default,0.8288596073
ibm_falcon_127,graphstate_indep_qiskit_28,train,graphstate,qiskit,28,10,84,36,36,36,0,0,1.0,36,0.02631295250102994,6.918387883472153,43.52970644375182,56.25490625399834,12,o3_default_default,0.8124224265
ibm_falcon_127,graphstate_indep_qiskit_29,train,graphstate,qiskit,29,9,87,36,36,34,0,2,0.9444444444444444,34,0.022476066000308492,5.960150856823983,51.18364328980077,60.44144836600026,11,o3_default_default,0.7860337104
ibm_falcon_127,graphstate_indep_qiskit_3,train,graphstate,qiskit,3,5,9,36,36,36,0,0,1.0,36,0.013445978498566546,0.4954918136665785,3.0583607272483277,3.233454437999171,12,o3_default_default,0.9931463697
ibm_falcon_127,graphstate_indep_qiskit_30,train,graphstate,qiskit,30,8,90,36,36,36,0,0,1.0,36,0.029627289999552886,8.865452340500168,57.30829407700185,63.867928644998756,12,o3_default_default,0.7952168856
ibm_falcon_127,graphstate_indep_qiskit_4,train,graphstate,qiskit,4,5,12,36,36,36,0,0,1.0,36,0.014438004998737597,0.8621437272219433,5.367954681250922,5.601410958999622,12,o3_default_default,0.9913153367
ibm_falcon_127,graphstate_indep_qiskit_40,train,graphstate,qiskit,40,9,120,36,36,32,0,4,0.8888888888888888,32,0.036187379499097005,5.823716144562923,38.92505086005179,98.24671627999851,10,o3_sabre_sabre,0.6294642882
ibm_falcon_127,graphstate_indep_qiskit_5,train,graphstate,qiskit,5,6,15,36,36,36,0,0,1.0,36,0.015473047000341467,1.0230529516110336,6.273033196001961,6.426569870000094,12,o2_default_default,0.9860672756
ibm_falcon_127,graphstate_indep_qiskit_50,train,graphstate,qiskit,50,10,150,36,36,30,0,6,0.8333333333333334,30,0.03705557949979266,0.05228028223270182,0.1270709229487692,0.20884800900239497,10,o3_default_default,0.6140939708
ibm_falcon_127,graphstate_indep_qiskit_6,train,graphstate,qiskit,6,7,18,36,36,36,0,0,1.0,36,0.016069632500148145,1.2921166793611418,6.69049636325235,13.523794999000529,12,o3_default_default,0.9774441409
ibm_falcon_127,graphstate_indep_qiskit_60,train,graphstate,qiskit,60,14,180,36,36,30,0,6,0.8333333333333334,30,0.03208933849964524,2.063626500099781,17.27343883014837,17.65939424499811,10,o3_default_default,0.5032176814
ibm_falcon_127,graphstate_indep_qiskit_7,train,graphstate,qiskit,7,5,21,36,36,36,0,0,1.0,36,0.01659728250160697,1.0738057751949681,6.359097215252405,6.880771897998784,12,o3_default_default,0.9794908064
ibm_falcon_127,graphstate_indep_qiskit_70,train,graphstate,qiskit,70,8,210,36,36,30,0,6,0.8333333333333334,30,0.039640599499762175,2.138867569566719,17.378650483048293,19.17722971600233,10,o3_default_default,0.4493842852
ibm_falcon_127,graphstate_indep_qiskit_8,train,graphstate,qiskit,8,6,24,36,36,36,0,0,1.0,36,0.015294743499907781,1.131547900972085,6.786263776249143,7.493380984000396,12,o2_default_default,0.9770144244
ibm_falcon_127,graphstate_indep_qiskit_80,train,graphstate,qiskit,80,11,240,36,36,30,0,6,0.8333333333333334,30,0.058385653001096216,0.22474813450025977,0.9421742443493712,1.0654767570013064,10,o3_default_default,0.3557639805
ibm_falcon_127,graphstate_indep_qiskit_9,train,graphstate,qiskit,9,7,27,36,36,36,0,0,1.0,36,0.0171548794987757,1.2015430912496312,7.276495737248297,7.694392303001223,12,o3_default_default,0.9609886904
ibm_falcon_127,graphstate_indep_qiskit_90,train,graphstate,qiskit,90,8,270,36,36,30,0,6,0.8333333333333334,30,0.08117785699869273,2.156594358033423,17.94465251255042,18.379767613001604,10,o3_default_default,0.3009524914
ibm_falcon_127,graphstate_indep_tket_10,train,graphstate,tket,10,7,30,36,36,36,0,0,1.0,36,0.01869239000006928,1.503251041721948,9.761650898248263,10.815394232999097,12,o3_default_default,0.9710061157
ibm_falcon_127,graphstate_indep_tket_11,train,graphstate,tket,11,7,33,36,36,36,0,0,1.0,36,0.018803488501362153,1.9869769246944189,13.764790265001466,15.294259279999096,12,o3_default_default,0.9482769781
ibm_falcon_127,graphstate_indep_tket_12,train,graphstate,tket,12,8,36,36,36,36,0,0,1.0,36,0.017048061499735923,2.3436220627225137,15.564308493751014,16.047224492998794,12,o2_default_default,0.9616877418
ibm_falcon_127,graphstate_indep_tket_13,train,graphstate,tket,13,6,39,36,36,36,0,0,1.0,36,0.018267868501425255,2.914976296083498,17.829660392751066,21.787809200999618,12,o3_default_default,0.9149969546
ibm_falcon_127,graphstate_indep_tket_14,train,graphstate,tket,14,6,42,36,36,36,0,0,1.0,36,0.019699448499522987,2.0388568366110524,14.585203999248733,14.804341390001355,12,o3_default_default,0.9401137925
ibm_falcon_127,graphstate_indep_tket_15,train,graphstate,tket,15,5,45,36,36,36,0,0,1.0,36,0.01769074600088061,2.8335797019723636,14.86136359700231,16.187723623999773,12,o3_default_default,0.9382462691
ibm_falcon_127,graphstate_indep_tket_16,train,graphstate,tket,16,7,48,36,36,36,0,0,1.0,36,0.020043984000949422,3.5900613980004183,22.742252293748606,23.034320496000873,12,o3_default_default,0.9051086081
ibm_falcon_127,graphstate_indep_tket_17,train,graphstate,tket,17,7,51,36,36,36,0,0,1.0,36,0.021350753000660916,3.1210900754165576,17.322380642001917,17.611600626998552,12,o3_default_default,0.9117296051
ibm_falcon_127,graphstate_indep_tket_18,train,graphstate,tket,18,8,54,36,36,36,0,0,1.0,36,0.021759044500868185,3.3413162774721865,18.244026581250182,32.95304179999948,12,o3_default_default,0.9027168661
ibm_falcon_127,graphstate_indep_tket_19,train,graphstate,tket,19,7,57,36,36,36,0,0,1.0,36,0.025481116501396173,4.34310798119461,25.721551543499118,29.536803555001825,12,o3_default_default,0.904180157
ibm_falcon_127,graphstate_indep_tket_20,train,graphstate,tket,20,7,60,36,36,36,0,0,1.0,36,0.01838921099806612,5.079179698749714,32.729845177498646,36.37492051299705,12,o2_default_default,0.9289245777
ibm_falcon_127,graphstate_indep_tket_21,train,graphstate,tket,21,8,63,36,36,36,0,0,1.0,36,0.021704509501432767,5.246854043750115,32.21721446149968,54.31236649600032,12,o3_default_default,0.8685511348
ibm_falcon_127,graphstate_indep_tket_22,train,graphstate,tket,22,8,66,36,36,36,0,0,1.0,36,0.023177219001809135,6.0321701947499,40.82843339249939,44.34238587100117,12,o3_default_default,0.8467140846
ibm_falcon_127,graphstate_indep_tket_23,train,graphstate,tket,23,8,69,36,36,36,0,0,1.0,36,0.028288013998462702,5.393089835472387,32.424168886998814,46.71072213500156,12,o3_default_default,0.8548337293
ibm_falcon_127,graphstate_indep_tket_24,train,graphstate,tket,24,8,72,36,36,36,0,0,1.0,36,0.02260586549891741,5.711632155749815,34.42645327474929,42.95302622099916,12,o3_default_default,0.8558379242
ibm_falcon_127,graphstate_indep_tket_25,train,graphstate,tket,25,7,75,36,36,36,0,0,1.0,36,0.029327686499527772,5.76232488125,35.58608478875067,38.57303494699954,12,o2_default_default,0.8203881688
ibm_falcon_127,graphstate_indep_tket_26,train,graphstate,tket,26,8,78,36,36,36,0,0,1.0,36,0.031075028500708868,7.953115252278217,44.221364749751956,80.42813885799842,12,o3_default_default,0.8305745416
ibm_falcon_127,graphstate_indep_tket_27,train,graphstate,tket,27,8,81,36,36,36,0,0,1.0,36,0.02465549299995473,6.029040746277638,37.65284549599801,38.69949487000122,12,o3_default_default,0.8310978394
ibm_falcon_127,graphstate_indep_tket_28,train,graphstate,tket,28,11,84,36,36,36,0,0,1.0,36,0.025559325000358513,5.971785810694503,35.809271352000906,53.21202730400182,12,o3_default_default,0.8412681822
ibm_falcon_127,graphstate_indep_tket_29,train,graphstate,tket,29,7,87,36,36,36,0,0,1.0,36,0.025039897998794913,5.8321126235554805,36.95236441625002,41.644569559000956,12,o3_default_default,0.8355732118
ibm_falcon_127,graphstate_indep_tket_3,train,graphstate,tket,3,5,9,36,36,36,0,0,1.0,36,0.01387769400025718,0.4894824424164754,2.972876870499931,3.164745526002662,12,o3_default_default,0.9931463697
ibm_falcon_127,graphstate_indep_tket_30,train,graphstate,tket,30,6,90,36,36,36,0,0,1.0,36,0.027899024998987443,7.994454255389327,47.42680586250026,71.16725152900108,12,o3_default_default,0.7887144849
ibm_falcon_127,graphstate_indep_tket_4,train,graphstate,tket,4,5,12,36,36,36,0,0,1.0,36,0.014375349499459844,0.8777751565560012,5.39526649650179,5.508963414999016,12,o3_default_default,0.9906292324
ibm_falcon_127,graphstate_indep_tket_40,train,graphstate,tket,40,8,120,36,36,34,0,2,0.9444444444444444,34,0.026771686498250347,9.789336796381845,80.6801204440511,98.39914328599843,11,o3_default_default,0.8547626893
ibm_falcon_127,graphstate_indep_tket_5,train,graphstate,tket,5,6,15,36,36,36,0,0,1.0,36,0.014378898002178175,0.9459697868617999,5.702351674001875,5.991931118998764,12,o2_default_default,0.9860723674
ibm_falcon_127,graphstate_indep_tket_50,train,graphstate,tket,50,9,150,36,36,30,0,6,0.8333333333333334,30,0.034404933499899926,2.0087742740670365,16.444586468250233,18.017445060999307,10,o3_default_default,0.5896868153
ibm_falcon_127,graphstate_indep_tket_6,train,graphstate,tket,6,7,18,36,36,36,0,0,1.0,36,0.01559067749985843,1.1183301224166118,6.736688325750947,6.964149266001186,12,o2_default_default,0.9799385543
ibm_falcon_127,graphstate_indep_tket_60,train,graphstate,tket,60,10,180,36,36,30,0,6,0.8333333333333334,30,0.03215344749878568,2.045345533266421,16.367794055651757,18.74135834199842,10,o3_default_default,0.5178604078
ibm_falcon_127,graphstate_indep_tket_7,train,graphstate,tket,7,7,21,36,36,36,0,0,1.0,36,0.01567238650022773,1.1480446481109539,6.576138471999002,9.078202296001109,12,o3_default_default,0.9665471449
ibm_falcon_127,graphstate_indep_tket_70,train,graphstate,tket,70,8,210,36,36,30,0,6,0.8333333333333334,30,0.04164841399870056,2.1096238411999364,17.375492498850686,18.49772968599791,10,o3_sabre_sabre,0.4367250688
ibm_falcon_127,graphstate_indep_tket_8,train,graphstate,tket,8,6,24,36,36,36,0,0,1.0,36,0.017013729499012697,1.190251713583469,7.14695887175094,7.76512234799884,12,o3_default_default,0.9757351695
ibm_falcon_127,graphstate_indep_tket_80,train,graphstate,tket,80,11,240,36,36,30,0,6,0.8333333333333334,30,0.04673671250020561,0.0809298262665834,0.34345202734930347,0.3559572340018349,10,o3_default_default,0.7065337956
ibm_falcon_127,graphstate_indep_tket_9,train,graphstate,tket,9,6,27,36,36,36,0,0,1.0,36,0.016955832497842493,1.1448100267775265,6.771785812249618,7.240962607000256,12,o3_default_default,0.9723011068
ibm_falcon_127,graphstate_indep_tket_90,train,graphstate,tket,90,9,270,36,36,30,0,6,0.8333333333333334,30,0.07865539549857203,2.1583478062000117,17.79871495579973,18.841708419000497,10,o3_sabre_sabre,0.278539376
ibm_falcon_127,portfolioqaoa_indep_qiskit_3,train,portfolioqaoa,qiskit,3,15,27,36,36,36,0,0,1.0,36,0.01611224500084063,6.127167267028199,44.34750576149963,45.745406496000214,12,o2_dense_sabre,0.9719705077
ibm_falcon_127,portfolioqaoa_indep_qiskit_4,train,portfolioqaoa,qiskit,4,19,42,36,36,36,0,0,1.0,36,0.015641626001524855,9.923984787277833,72.08894442449855,81.81977724299941,12,o3_dense_sabre,0.9440272679
ibm_falcon_127,portfolioqaoa_indep_qiskit_5,train,portfolioqaoa,qiskit,5,23,60,36,36,30,0,6,0.8333333333333334,30,0.01660268449995783,0.01823095336694678,0.02775781754899071,0.03079626000180724,10,o3_default_default,0.8886094026
ibm_falcon_127,portfolioqaoa_indep_qiskit_6,train,portfolioqaoa,qiskit,6,27,81,36,36,30,0,6,0.8333333333333334,30,0.015749063999464852,0.019106393732848424,0.03395428390122103,0.045694222000747686,10,o2_default_default,0.7778188432
ibm_falcon_127,portfolioqaoa_indep_qiskit_7,train,portfolioqaoa,qiskit,7,31,105,36,36,30,0,6,0.8333333333333334,30,0.018823827000232995,0.02279421956712516,0.04440878674959094,0.0464293090008141,10,o2_default_default,0.7080847635
ibm_falcon_127,portfolioqaoa_indep_tket_3,train,portfolioqaoa,tket,3,18,36,36,36,36,0,0,1.0,36,0.01436237450070621,6.0977304081115005,43.2085089257489,46.533072186000936,12,o2_dense_sabre,0.9721595308
ibm_falcon_127,portfolioqaoa_indep_tket_4,train,portfolioqaoa,tket,4,22,54,36,36,36,0,0,1.0,36,0.01665771650004899,10.132457793277657,76.26126775274952,83.83477571399999,12,o3_dense_sabre,0.9440272679
ibm_falcon_127,portfolioqaoa_indep_tket_5,train,portfolioqaoa,tket,5,26,75,36,36,30,0,6,0.8333333333333334,30,0.014789126998948632,0.018493964100101342,0.03341034640052383,0.04070958100055577,10,o3_default_default,0.8887814741
ibm_falcon_127,portfolioqaoa_indep_tket_6,train,portfolioqaoa,tket,6,30,99,36,36,30,0,6,0.8333333333333334,30,0.015928000499116024,0.01949739929950738,0.038899082799434825,0.04374791599911987,10,o2_default_default,0.7777483171
ibm_falcon_127,portfolioqaoa_indep_tket_7,train,portfolioqaoa,tket,7,34,126,36,36,30,0,6,0.8333333333333334,30,0.01707461499972851,0.02185877900022509,0.045167727200532665,0.04831303900209605,10,o2_default_default,0.7082133163
ibm_falcon_127,portfoliovqe_indep_qiskit_10,train,portfoliovqe,qiskit,10,42,185,36,36,30,0,6,0.8333333333333334,30,0.02305917750163644,0.031648272700113014,0.07879792549974805,0.09517631600101595,10,o3_default_default,0.5254824743
ibm_falcon_127,portfoliovqe_indep_qiskit_11,train,portfoliovqe,qiskit,11,46,220,36,36,30,0,6,0.8333333333333334,30,0.029066347000480164,0.040033637367014305,0.08862688649878692,0.09748441399642616,10,o3_default_default,0.4665999155
ibm_falcon_127,portfoliovqe_indep_qiskit_3,train,portfoliovqe,qiskit,3,14,24,36,36,36,0,0,1.0,36,0.015274377499736147,4.927557895694513,35.194292031998884,36.88093942600244,12,o3_dense_sabre,0.9814935518
ibm_falcon_127,portfoliovqe_indep_qiskit_4,train,portfoliovqe,qiskit,4,18,38,36,36,36,0,0,1.0,36,0.01735811100115825,8.197620074500366,58.92600586024946,68.82033123300062,12,o2_dense_sabre,0.956189247
ibm_falcon_127,portfoliovqe_indep_qiskit_5,train,portfoliovqe,qiskit,5,22,55,36,36,30,0,6,0.8333333333333334,30,0.016250286002104986,0.018174376033130102,0.030983063550047513,0.036147473998425994,10,o2_default_default,0.9060654483
ibm_falcon_127,portfoliovqe_indep_qiskit_6,train,portfoliovqe,qiskit,6,26,75,36,36,30,0,6,0.8333333333333334,30,0.014456973000051221,0.01806338113322757,0.035064583949315414,0.03639599500093027,10,o2_default_default,0.8340790286
ibm_falcon_127,portfoliovqe_indep_qiskit_7,train,portfoliovqe,qiskit,7,30,98,36,36,30,0,6,0.8333333333333334,30,0.017929482499312144,0.020583445233205565,0.03539095970063499,0.04165642800217029,10,o2_default_default,0.7742963641
ibm_falcon_127,portfoliovqe_indep_qiskit_8,train,portfoliovqe,qiskit,8,34,124,36,36,30,0,6,0.8333333333333334,30,0.019616546500401455,0.02414738810014872,0.05094582410092696,0.06500979799966444,10,o3_default_default,0.7071254889
ibm_falcon_127,portfoliovqe_indep_qiskit_9,train,portfoliovqe,qiskit,9,38,153,36,36,30,0,6,0.8333333333333334,30,0.021533267998165684,0.027928236166432422,0.05944895269967673,0.07118971599993529,10,o3_default_default,0.6338557376
ibm_falcon_127,portfoliovqe_indep_tket_10,train,portfoliovqe,tket,10,42,185,36,36,30,0,6,0.8333333333333334,30,0.02479460899849073,0.03243073366635751,0.07467154240093804,0.07979071899899282,10,o3_default_default,0.5252326758
ibm_falcon_127,portfoliovqe_indep_tket_11,train,portfoliovqe,tket,11,46,220,36,36,30,0,6,0.8333333333333334,30,0.03040647150010045,0.03998634836680139,0.08468157914903711,0.10903405399949406,10,o3_default_default,0.4666003471
ibm_falcon_127,portfoliovqe_indep_tket_3,train,portfoliovqe,tket,3,14,24,36,36,36,0,0,1.0,36,0.014639297500252724,4.958030837499994,35.58667088650054,37.18926301799729,12,o3_dense_sabre,0.981589153
ibm_falcon_127,portfoliovqe_indep_tket_4,train,portfoliovqe,tket,4,18,38,36,36,36,0,0,1.0,36,0.015345920999607188,8.370245841777635,61.183360219498354,71.08366818899958,12,o2_dense_sabre,0.956189247
ibm_falcon_127,portfoliovqe_indep_tket_5,train,portfoliovqe,tket,5,22,55,36,36,30,0,6,0.8333333333333334,30,0.016003955499400035,0.01692063359975388,0.02336739680067694,0.026961251998727676,10,o2_default_default,0.9061572401
ibm_falcon_127,portfoliovqe_indep_tket_6,train,portfoliovqe,tket,6,26,75,36,36,30,0,6,0.8333333333333334,30,0.01582328849872283,0.018863302132983033,0.03587379910204617,0.04038625199973467,10,o2_default_default,0.8338455459
ibm_falcon_127,portfoliovqe_indep_tket_7,train,portfoliovqe,tket,7,30,98,36,36,30,0,6,0.8333333333333334,30,0.01804217099925154,0.020907367232818313,0.03636268494901741,0.04394921199855162,10,o2_default_default,0.7742963641
ibm_falcon_127,portfoliovqe_indep_tket_8,train,portfoliovqe,tket,8,34,124,36,36,30,0,6,0.8333333333333334,30,0.01901844100029848,0.02447004983344717,0.05229251780128834,0.0540952629999083,10,o3_default_default,0.7067333312
ibm_falcon_127,portfoliovqe_indep_tket_9,train,portfoliovqe,tket,9,38,153,36,36,30,0,6,0.8333333333333334,30,0.022529127500092727,0.02788782983298006,0.05797587574925271,0.06340469999850029,10,o3_default_default,0.6337882149
ibm_falcon_127,qaoa_indep_qiskit_10,train,qaoa,qiskit,10,11,60,36,36,36,0,0,1.0,36,0.01805047649941116,3.819490123444363,24.750727183500203,28.97875474399916,12,o3_default_default,0.9139179628
ibm_falcon_127,qaoa_indep_qiskit_11,train,qaoa,qiskit,11,10,66,36,36,36,0,0,1.0,36,0.01846979000038118,1.3883022048334572,8.685236338500545,8.957386948997737,12,o3_default_default,0.914540937
ibm_falcon_127,qaoa_indep_qiskit_12,train,qaoa,qiskit,12,11,72,36,36,36,0,0,1.0,36,0.015527034498518333,2.682679405916739,15.570425497997348,47.30803388500135,12,o2_default_default,0.9180778366
ibm_falcon_127,qaoa_indep_qiskit_13,train,qaoa,qiskit,13,10,78,36,36,35,0,1,0.9722222222222222,35,0.020112147998588625,2.470001860799987,9.803379458001992,49.124050361002446,11,o3_default_default,0.880611902
ibm_falcon_127,qaoa_indep_qiskit_14,train,qaoa,qiskit,14,10,84,36,36,36,0,0,1.0,36,0.023774529501679353,8.239056026000172,44.407523305250834,89.91805770999781,12,o3_default_default,0.8809216386
ibm_falcon_127,qaoa_indep_qiskit_3,train,qaoa,qiskit,3,10,18,36,36,36,0,0,1.0,36,0.014355413499288261,2.1205878146670836,12.929918898748838,13.103421639996668,12,o3_default_default,0.9838159019
ibm_falcon_127,qaoa_indep_qiskit_4,train,qaoa,qiskit,4,9,24,36,36,36,0,0,1.0,36,0.013465003999954206,1.215640062499915,7.392724586999066,7.753067366000323,12,o2_dense_sabre,0.9822170185
ibm_falcon_127,qaoa_indep_qiskit_5,train,qaoa,qiskit,5,10,30,36,36,36,0,0,1.0,36,0.015067626000018208,1.8354778819445225,11.021204707000834,11.8241418409998,12,o2_dense_sabre,0.9555016381
ibm_falcon_127,qaoa_indep_qiskit_6,train,qaoa,qiskit,6,9,36,36,36,36,0,0,1.0,36,0.015936849997160607,2.0462059640557424,12.575157911001043,15.035428133000096,12,o2_default_default,0.9430647671
ibm_falcon_127,qaoa_indep_qiskit_7,train,qaoa,qiskit,7,10,42,36,36,36,0,0,1.0,36,0.017198009498315514,1.6584580212775109,10.063289511250332,10.214703764999285,12,o3_default_default,0.9601498259
ibm_falcon_127,qaoa_indep_qiskit_8,train,qaoa,qiskit,8,9,48,36,36,36,0,0,1.0,36,0.01791721199879248,2.6487289752499743,16.377218943000116,17.419188196003233,12,o3_default_default,0.9271571716
ibm_falcon_127,qaoa_indep_qiskit_9,train,qaoa,qiskit,9,10,54,36,36,36,0,0,1.0,36,0.019396329000301193,3.598435914555517,17.5584690307478,49.15294298699882,12,o3_default_default,0.9082328141
ibm_falcon_127,qaoa_indep_tket_10,train,qaoa,tket,10,11,60,36,36,36,0,0,1.0,36,0.018943600000056904,3.888845376666824,25.11662449749747,29.426722546999372,12,o3_default_default,0.9139754405
ibm_falcon_127,qaoa_indep_tket_11,train,qaoa,tket,11,10,66,36,36,36,0,0,1.0,36,0.019537486998160603,1.372993213666733,8.364712112251254,8.939934357000311,12,o3_default_default,0.9145416476
ibm_falcon_127,qaoa_indep_tket_12,train,qaoa,tket,12,11,72,36,36,36,0,0,1.0,36,0.017303308499322156,2.725687786083452,15.668648158999531,49.53364083300039,12,o2_default_default,0.9180752278
ibm_falcon_127,qaoa_indep_tket_13,train,qaoa,tket,13,10,78,36,36,35,0,1,0.9722222222222222,35,0.021172371998545714,2.4288223583431057,9.98080316050143,47.33884886099986,11,o3_default_default,0.880611902
ibm_falcon_127,qaoa_indep_tket_14,train,qaoa,tket,14,10,84,36,36,36,0,0,1.0,36,0.020814723500734544,8.213770293249581,44.16880828999729,89.14740614499897,12,o3_default_default,0.8809216386
ibm_falcon_127,qaoa_indep_tket_3,train,qaoa,tket,3,10,18,36,36,36,0,0,1.0,36,0.013259037499665283,2.0777415212223787,12.5278318390001,12.73752990900175,12,o3_default_default,0.9838159019
ibm_falcon_127,qaoa_indep_tket_4,train,qaoa,tket,4,9,24,36,36,36,0,0,1.0,36,0.01434567050091573,1.1653622565002781,7.0971328015020845,7.2578756300026726,12,o2_dense_sabre,0.9823126902
ibm_falcon_127,qaoa_indep_tket_5,train,qaoa,tket,5,10,30,36,36,36,0,0,1.0,36,0.01534187099969131,1.8023786933051977,11.034502015249018,11.585234135000064,12,o2_dense_sabre,0.9555016381
ibm_falcon_127,qaoa_indep_tket_6,train,qaoa,tket,6,9,36,36,36,36,0,0,1.0,36,0.015624219999153866,2.083940813139028,12.720542533251319,14.652201093998883,12,o2_default_default,0.9430647671
ibm_falcon_127,qaoa_indep_tket_7,train,qaoa,tket,7,10,42,36,36,36,0,0,1.0,36,0.018300657999134273,1.6196464537222508,9.825224862250252,10.122943893999036,12,o3_default_default,0.9570475382
ibm_falcon_127,qaoa_indep_tket_8,train,qaoa,tket,8,9,48,36,36,36,0,0,1.0,36,0.01826941899889789,2.677190620194071,16.517970047500967,16.954160588000377,12,o3_default_default,0.9271499305
ibm_falcon_127,qaoa_indep_tket_9,train,qaoa,tket,9,10,54,36,36,36,0,0,1.0,36,0.020015689999127062,3.6513515978334303,18.004245169749993,48.6166100570008,12,o3_default_default,0.9082321438
ibm_falcon_127,qnn_indep_qiskit_2,train,qnn,qiskit,2,12,17,36,36,36,0,0,1.0,36,0.01056226900072943,0.010899787333781004,0.013797361249999085,0.016076592000899836,12,o3_default_default,0.9983824511
ibm_falcon_127,qnn_indep_qiskit_3,train,qnn,qiskit,3,25,35,36,36,36,0,0,1.0,36,0.014844050998362945,2.2617095579439086,13.648190279000119,14.13950154199847,12,o2_dense_sabre,0.9818540986
ibm_falcon_127,qnn_indep_qiskit_30,train,qnn,qiskit,30,295,2789,36,36,30,0,6,0.8333333333333334,30,0.13688907049981935,0.2563473006001004,0.8548798876487125,0.8946799359982833,10,o3_default_default,0.0041270523
ibm_falcon_127,qnn_indep_qiskit_4,train,qnn,qiskit,4,35,59,36,36,36,0,0,1.0,36,0.017655279998507467,3.832846608999615,22.703618609500154,26.871249596999405,12,o2_dense_sabre,0.9615423265
ibm_falcon_127,qnn_indep_qiskit_5,train,qnn,qiskit,5,45,89,36,36,34,0,2,0.9444444444444444,34,0.01611178849998396,7.4592660260291535,61.53081110279961,69.6911577589999,10,o3_default_default,0.9329353476
ibm_falcon_127,qnn_indep_qiskit_6,train,qnn,qiskit,6,55,125,36,36,30,0,6,0.8333333333333334,30,0.016310228500515223,0.01842849966645493,0.02968011774937622,0.030542305998096708,10,o3_default_default,0.8348793302
ibm_falcon_127,qnn_indep_qiskit_7,train,qnn,qiskit,7,65,167,36,36,30,0,6,0.8333333333333334,30,0.017565844500495587,0.021119565766639425,0.04287125454957277,0.048761997000838164,10,o3_default_default,0.7896769829
ibm_falcon_127,qnn_indep_tket_2,train,qnn,tket,2,14,21,36,36,36,0,0,1.0,36,0.010601946500173653,0.010704292444441106,0.012920077001581376,0.014056702999369008,12,o3_default_default,0.9983824511
ibm_falcon_127,qnn_indep_tket_3,train,qnn,tket,3,27,41,36,36,36,0,0,1.0,36,0.014261541498854058,2.2623303684440543,13.658364900000379,14.370885611999256,12,o2_dense_sabre,0.9818473186
ibm_falcon_127,qnn_indep_tket_30,train,qnn,tket,30,297,2849,36,36,30,0,6,0.8333333333333334,30,0.13021503249910893,0.24899688593335062,0.8073828346481604,0.8230529680004111,10,o3_default_default,0.0041282099
ibm_falcon_127,qnn_indep_tket_4,train,qnn,tket,4,37,67,36,36,36,0,0,1.0,36,0.018356407001192565,3.898399045889164,23.523524755251856,26.1540127340013,12,o2_dense_sabre,0.9615423265
ibm_falcon_127,qnn_indep_tket_5,train,qnn,tket,5,47,99,36,36,34,0,2,0.9444444444444444,34,0.015475386999241891,7.427748456411363,62.29753717105048,67.13798963999943,10,o3_default_default,0.9329353476
ibm_falcon_127,qnn_indep_tket_6,train,qnn,tket,6,57,137,36,36,30,0,6,0.8333333333333334,30,0.01623477849898336,0.01937690183343269,0.03894321265015605,0.040583895999589004,10,o3_default_default,0.8491338656
ibm_falcon_127,qnn_indep_tket_7,train,qnn,tket,7,67,181,36,36,30,0,6,0.8333333333333334,30,0.01667972650102456,0.02087486649955584,0.04208498269763365,0.0495746410015272,10,o3_default_default,0.7898207359
ibm_falcon_127,random_indep_qiskit_2,train,random,qiskit,2,12,18,36,36,36,0,0,1.0,36,0.01049014349700883,0.0102799548054059,0.012102999749913579,0.012954090001585428,12,o3_default_default,0.9987991939
ibm_falcon_127,random_indep_qiskit_3,train,random,qiskit,3,11,19,36,36,36,0,0,1.0,36,0.014946184501241078,3.2867961622220414,20.5963805602496,26.70507809099945,12,o2_dense_sabre,0.9834021894
ibm_falcon_127,random_indep_qiskit_30,train,random,qiskit,30,312,2080,36,36,30,0,6,0.8333333333333334,30,0.32086337550208555,0.42628227746693786,1.0526164885004619,1.2315480629986268,10,o2_default_default,3.972e-07
ibm_falcon_127,random_indep_qiskit_4,train,random,qiskit,4,28,50,36,36,36,0,0,1.0,36,0.01845066599889833,4.134672071082807,24.437975088249914,34.41057422000085,12,o2_dense_sabre,0.9620268381
ibm_falcon_127,random_indep_qiskit_5,train,random,qiskit,5,25,59,36,36,36,0,0,1.0,36,0.019524212500982685,6.175373612972281,34.2912854087499,57.538809058998595,12,o2_default_default,0.9605321853
ibm_falcon_127,random_indep_qiskit_6,train,random,qiskit,6,34,78,36,36,30,0,6,0.8333333333333334,30,0.018297405000339495,0.020723987132926898,0.03483159784900635,0.03952578700045706,10,o3_default_default,0.8939538969
ibm_falcon_127,random_indep_qiskit_7,train,random,qiskit,7,41,116,36,36,30,0,6,0.8333333333333334,30,0.020213396499457303,0.024667383366856182,0.04454702719940539,0.04935349900188157,10,o2_default_default,0.822825272
ibm_falcon_127,random_indep_qiskit_8,train,random,qiskit,8,50,152,36,36,30,0,6,0.8333333333333334,30,0.025451587000134168,0.028642606166977204,0.053455273700274114,0.060904901001777034,10,o3_default_default,0.7915461059
ibm_falcon_127,random_indep_tket_2,train,random,tket,2,12,18,36,36,36,0,0,1.0,36,0.011459903000286431,0.011670037861323281,0.014983263749854814,0.01565871799903107,12,o3_default_default,0.9987991939
ibm_falcon_127,random_indep_tket_3,train,random,tket,3,11,19,36,36,36,0,0,1.0,36,0.01588114599871915,3.2990877821667812,20.872308372750012,26.188278539997555,12,o2_dense_sabre,0.9834021894
ibm_falcon_127,random_indep_tket_30,train,random,tket,30,312,2080,36,36,30,0,6,0.8333333333333334,30,0.42225227499875473,0.4485353764996641,0.9189203436504612,1.110359812999377,10,o2_default_default,3.97e-07
ibm_falcon_127,random_indep_tket_4,train,random,tket,4,28,50,36,36,36,0,0,1.0,36,0.02699493749969406,4.186452983639053,25.114028136999877,34.539867404997494,12,o2_dense_sabre,0.9620268381
ibm_falcon_127,random_indep_tket_5,train,random,tket,5,25,59,36,36,36,0,0,1.0,36,0.020414827498825616,6.04732840747157,33.770385036249536,57.59488800799954,12,o2_default_default,0.9604384997
ibm_falcon_127,random_indep_tket_6,train,random,tket,6,34,78,36,36,30,0,6,0.8333333333333334,30,0.018616063500303426,0.020045235166981,0.03072754950117087,0.037508014000195544,10,o3_default_default,0.8939590192
ibm_falcon_127,random_indep_tket_7,train,random,tket,7,41,116,36,36,30,0,6,0.8333333333333334,30,0.01985788549973222,0.02360027766711331,0.04245190035035193,0.04380527700050152,10,o2_default_default,0.8226641725
ibm_falcon_127,random_indep_tket_8,train,random,tket,8,50,152,36,36,30,0,6,0.8333333333333334,30,0.02024480699947162,0.023856452766509998,0.042427566249352816,0.05155794200254604,10,o3_default_default,0.7914667679
ibm_falcon_127,realamprandom_indep_qiskit_10,train,realamprandom,qiskit,10,42,185,36,36,30,0,6,0.8333333333333334,30,0.025299341999925673,0.03323613750011039,0.07053990735203111,0.09421444299732684,10,o3_default_default,0.5558087096
ibm_falcon_127,realamprandom_indep_qiskit_11,train,realamprandom,qiskit,11,46,220,36,36,30,0,6,0.8333333333333334,30,0.027397448999181506,0.037156244866370494,0.08413108025215478,0.08622522599762306,10,o3_default_default,0.4790422322
ibm_falcon_127,realamprandom_indep_qiskit_2,train,realamprandom,qiskit,2,8,13,36,36,36,0,0,1.0,36,0.011860513001010986,0.012990221805517245,0.018518836250223103,0.02833470000041416,12,o2_default_default,0.9978340951
ibm_falcon_127,realamprandom_indep_qiskit_3,train,realamprandom,qiskit,3,14,24,36,36,36,0,0,1.0,36,0.015243509998981608,4.90094255774976,35.882125547001124,36.46786287199939,12,o2_dense_sabre,0.9816776761
ibm_falcon_127,realamprandom_indep_qiskit_30,train,realamprandom,qiskit,30,122,1455,36,36,30,0,6,0.8333333333333334,30,0.16052478949859506,0.2656202976663432,0.8521269243992714,1.0871480069981772,10,o3_default_default,0.008294223
ibm_falcon_127,realamprandom_indep_qiskit_4,train,realamprandom,qiskit,4,18,38,36,36,36,0,0,1.0,36,0.021980328499921598,8.428847368500405,62.20499503850078,70.6539257000004,12,o2_dense_sabre,0.9569892044
ibm_falcon_127,realamprandom_indep_qiskit_40,train,realamprandom,qiskit,40,162,2540,36,36,30,0,6,0.8333333333333334,30,0.3106005575009476,0.603480780766525,1.847276045199032,2.0080796420006664,10,o3_default_default,3.23822e-05
ibm_falcon_127,realamprandom_indep_qiskit_5,train,realamprandom,qiskit,5,22,55,36,36,30,0,6,0.8333333333333334,30,0.017048101999534993,0.01947533783289449,0.03150548999947203,0.037224179999611806,10,o3_default_default,0.9164502182
ibm_falcon_127,realamprandom_indep_qiskit_50,train,realamprandom,qiskit,50,202,3925,36,36,30,0,6,0.8333333333333334,30,0.5748780310004804,1.1472937369999272,3.871604070001012,4.1616245659970446,10,o3_default_default,8.86e-08
ibm_falcon_127,realamprandom_indep_qiskit_6,train,realamprandom,qiskit,6,26,75,36,36,30,0,6,0.8333333333333334,30,0.01839751149964286,0.020751382633170577,0.033181710649660086,0.03979720899951644,10,o3_default_default,0.8422862453
ibm_falcon_127,realamprandom_indep_qiskit_7,train,realamprandom,qiskit,7,30,98,36,36,30,0,6,0.8333333333333334,30,0.02021445950049383,0.024260876799720183,0.04050927064836287,0.05023620000065421,10,o3_default_default,0.7891337822
ibm_falcon_127,realamprandom_indep_qiskit_8,train,realamprandom,qiskit,8,34,124,36,36,30,0,6,0.8333333333333334,30,0.023151137998866034,0.02876794360005685,0.06272306334940365,0.06646866699884413,10,o3_default_default,0.735525834
ibm_falcon_127,realamprandom_indep_qiskit_9,train,realamprandom,qiskit,9,38,153,36,36,30,0,6,0.8333333333333334,30,0.0319501224985288,0.03434083860011015,0.06481813020036498,0.0802356950007379,10,o3_default_default,0.6594927382
ibm_falcon_127,realamprandom_indep_tket_10,train,realamprandom,tket,10,42,185,36,36,30,0,6,0.8333333333333334,30,0.03589633499905176,0.04230415213363206,0.08546362664965272,0.09211436199984746,10,o3_default_default,0.5558087096
ibm_falcon_127,realamprandom_indep_tket_11,train,realamprandom,tket,11,46,220,36,36,30,0,6,0.8333333333333334,30,0.042099002001123154,0.0483402277999024,0.10460577790036038,0.10827665599936154,10,o3_default_default,0.4790854723
ibm_falcon_127,realamprandom_indep_tket_2,train,realamprandom,tket,2,8,13,36,36,36,0,0,1.0,36,0.01126003299941658,0.01163882913897396,0.014104603751547984,0.019765680997807067,12,o2_default_default,0.9978340951
ibm_falcon_127,realamprandom_indep_tket_3,train,realamprandom,tket,3,14,24,36,36,36,0,0,1.0,36,0.018050637998385355,5.096343975221923,36.643462465249286,37.28687749699748,12,o2_dense_sabre,0.9816776761
ibm_falcon_127,realamprandom_indep_tket_30,train,realamprandom,tket,30,122,1455,36,36,30,0,6,0.8333333333333334,30,0.16995959049927478,0.2749116012668916,0.876215602500815,0.9999272780005413,10,o3_default_default,0.0082934666
ibm_falcon_127,realamprandom_indep_tket_4,train,realamprandom,tket,4,18,38,36,36,36,0,0,1.0,36,0.016713442500986275,8.329754335055846,59.83827833399937,69.3493924989998,12,o2_dense_sabre,0.9569892044
ibm_falcon_127,realamprandom_indep_tket_40,train,realamprandom,tket,40,162,2540,36,36,30,0,6,0.8333333333333334,30,0.33610414900067553,0.6068389834668778,1.9424588155989109,2.0602267340000253,10,o3_default_default,3.23822e-05
ibm_falcon_127,realamprandom_indep_tket_5,train,realamprandom,tket,5,22,55,36,36,30,0,6,0.8333333333333334,30,0.01584193099915865,0.01817481286658828,0.02719642969932464,0.03529958600120153,10,o3_default_default,0.9164502182
ibm_falcon_127,realamprandom_indep_tket_50,train,realamprandom,tket,50,202,3925,36,36,30,0,6,0.8333333333333334,30,0.6190779410007963,1.098688497000694,3.637512748550398,3.842662653998559,10,o3_default_default,8.86e-08
ibm_falcon_127,realamprandom_indep_tket_6,train,realamprandom,tket,6,26,75,36,36,30,0,6,0.8333333333333334,30,0.020739878998938366,0.02350206673327193,0.03980648969900358,0.04456407700126874,10,o3_default_default,0.8422862453
ibm_falcon_127,realamprandom_indep_tket_7,train,realamprandom,tket,7,30,98,36,36,30,0,6,0.8333333333333334,30,0.020263380500182393,0.024430456000360815,0.04063453909820964,0.056860574000893394,10,o3_default_default,0.7891337822
ibm_falcon_127,realamprandom_indep_tket_8,train,realamprandom,tket,8,34,124,36,36,30,0,6,0.8333333333333334,30,0.02333629100030521,0.028674359366171607,0.060508969098191256,0.06754446400009328,10,o3_default_default,0.735525834
ibm_falcon_127,realamprandom_indep_tket_9,train,realamprandom,tket,9,38,153,36,36,30,0,6,0.8333333333333334,30,0.030492088499158854,0.03304404883298654,0.058047629250722814,0.0595142610000039,10,o3_default_default,0.6594927382
ibm_falcon_127,su2random_indep_qiskit_2,train,su2random,qiskit,2,8,13,36,36,36,0,0,1.0,36,0.009839413998633972,0.010309361027591675,0.012925156498567958,0.013510131000657566,12,o2_default_default,0.9978340951
ibm_falcon_127,su2random_indep_qiskit_3,train,su2random,qiskit,3,14,24,36,36,36,0,0,1.0,36,0.01540819949877914,4.884673326110512,35.17784412424862,36.50218569500066,12,o2_dense_sabre,0.981399792
ibm_falcon_127,su2random_indep_qiskit_30,train,su2random,qiskit,30,122,1455,36,36,30,0,6,0.8333333333333334,30,0.17071872549968248,0.2705807421333399,0.8562488147001204,0.9311657550024393,10,o3_default_default,0.0082807786
ibm_falcon_127,su2random_indep_qiskit_4,train,su2random,qiskit,4,18,38,36,36,36,0,0,1.0,36,0.01625011850046576,8.214522979500039,59.59410611699968,69.62856468500104,12,o2_dense_sabre,0.9565362386
ibm_falcon_127,su2random_indep_qiskit_40,train,su2random,qiskit,40,162,2540,36,36,30,0,6,0.8333333333333334,30,0.3331173505011975,0.5808912593335359,1.648819087051197,2.174937162002607,10,o3_default_default,3.22589e-05
ibm_falcon_127,su2random_indep_qiskit_5,train,su2random,qiskit,5,22,55,36,36,30,0,6,0.8333333333333334,30,0.01625561800210562,0.01803757756642881,0.028712805598843254,0.030239009000069927,10,o3_default_default,0.9163651889
ibm_falcon_127,su2random_indep_qiskit_50,train,su2random,qiskit,50,202,3925,36,36,30,0,6,0.8333333333333334,30,0.4904594090003229,0.9780205419333167,3.3417159254002393,3.561934591998579,10,o3_default_default,8.81e-08
ibm_falcon_127,su2random_indep_qiskit_6,train,su2random,qiskit,6,26,75,36,36,30,0,6,0.8333333333333334,30,0.019345857999724103,0.020296124033241842,0.032844300699252926,0.03454270099973655,10,o3_default_default,0.8422096228
ibm_falcon_127,su2random_indep_qiskit_7,train,su2random,qiskit,7,30,98,36,36,30,0,6,0.8333333333333334,30,0.018304496501514222,0.027615224433732995,0.0358598542990876,0.20254271800149581,10,o3_default_default,0.7889895135
ibm_falcon_127,su2random_indep_qiskit_8,train,su2random,qiskit,8,34,124,36,36,30,0,6,0.8333333333333334,30,0.0202969745023438,0.025236388033348097,0.05379618179958921,0.06009788600204047,10,o3_default_default,0.7351802913
ibm_falcon_127,su2random_indep_qiskit_9,train,su2random,qiskit,9,38,153,36,36,30,0,6,0.8333333333333334,30,0.022945408498344477,0.02840650799989817,0.05962140195115352,0.06239224599994486,10,o3_default_default,0.659070894
ibm_falcon_127,su2random_indep_tket_2,train,su2random,tket,2,12,21,36,36,36,0,0,1.0,36,0.010864481000680826,0.01081012333351181,0.012639138499253022,0.015042684997752076,12,o2_default_default,0.9978340951
ibm_falcon_127,su2random_indep_tket_3,train,su2random,tket,3,18,36,36,36,36,0,0,1.0,36,0.015054216501084738,5.1721728402224265,37.70207069324988,38.10736809500304,12,o2_dense_sabre,0.9814886066
ibm_falcon_127,su2random_indep_tket_30,train,su2random,tket,30,126,1575,36,36,30,0,6,0.8333333333333334,30,0.16539224999905855,0.2637890969667448,0.8390974246998666,0.9675761770013196,10,o3_default_default,0.0082838032
ibm_falcon_127,su2random_indep_tket_4,train,su2random,tket,4,22,54,36,36,36,0,0,1.0,36,0.01736642049945658,8.574851472610943,60.594386237002254,71.80399601099998,12,o2_dense_sabre,0.9565362386
ibm_falcon_127,su2random_indep_tket_40,train,su2random,tket,40,166,2700,36,36,30,0,6,0.8333333333333334,30,0.3408590020007978,0.598298980799882,1.865050766798412,2.0427608600002714,10,o3_default_default,3.22443e-05
ibm_falcon_127,su2random_indep_tket_5,train,su2random,tket,5,26,75,36,36,30,0,6,0.8333333333333334,30,0.018191929499153048,0.020660832633196454,0.03237850950063148,0.05200225899898214,10,o3_default_default,0.9162758112
ibm_falcon_127,su2random_indep_tket_50,train,su2random,tket,50,206,4125,36,36,30,0,6,0.8333333333333334,30,0.5577050379997672,1.044967983767007,3.2785693460000394,3.5855108430005203,10,o3_default_default,8.81e-08
ibm_falcon_127,su2random_indep_tket_6,train,su2random,tket,6,30,99,36,36,30,0,6,0.8333333333333334,30,0.01764311399892904,0.020626585300124133,0.03939775399867356,0.04265503599890508,10,o3_default_default,0.8422862453
ibm_falcon_127,su2random_indep_tket_7,train,su2random,tket,7,34,126,36,36,30,0,6,0.8333333333333334,30,0.017679977499938104,0.02328059916665855,0.04697178054957476,0.04804644500109134,10,o3_default_default,0.7889895135
ibm_falcon_127,su2random_indep_tket_8,train,su2random,tket,8,38,156,36,36,30,0,6,0.8333333333333334,30,0.020965712999895914,0.026083337800688847,0.05569158744983724,0.06051073200069368,10,o3_default_default,0.7351803948
ibm_falcon_127,su2random_indep_tket_9,train,su2random,tket,9,42,189,36,36,30,0,6,0.8333333333333334,30,0.022045712001272477,0.028896697767292305,0.05796600650246544,0.06936662700172747,10,o3_default_default,0.6591267571
ibm_falcon_127,twolocalrandom_indep_qiskit_10,train,twolocalrandom,qiskit,10,42,185,36,36,30,0,6,0.8333333333333334,30,0.02449620550032705,0.03146605986682213,0.0683361950514154,0.07841502900191699,10,o3_default_default,0.5558087096
ibm_falcon_127,twolocalrandom_indep_qiskit_11,train,twolocalrandom,qiskit,11,46,220,36,36,30,0,6,0.8333333333333334,30,0.026755724999020458,0.03689499229985813,0.08033699170155159,0.08709967699905974,10,o3_default_default,0.4790422322
ibm_falcon_127,twolocalrandom_indep_qiskit_2,train,twolocalrandom,qiskit,2,8,13,36,36,36,0,0,1.0,36,0.010348308000175166,0.010265598666592268,0.012428215249201457,0.013613387000077637,12,o2_default_default,0.9978340951
ibm_falcon_127,twolocalrandom_indep_qiskit_3,train,twolocalrandom,qiskit,3,14,24,36,36,36,0,0,1.0,36,0.015457512501598103,5.002561452638777,36.07852269900013,37.385493910998775,12,o2_dense_sabre,0.9816776761
ibm_falcon_127,twolocalrandom_indep_qiskit_30,train,twolocalrandom,qiskit,30,122,1455,36,36,30,0,6,0.8333333333333334,30,0.17064330949870055,0.26886907873304156,0.851570417699804,0.904652247998456,10,o3_default_default,0.008294223
ibm_falcon_127,twolocalrandom_indep_qiskit_4,train,twolocalrandom,qiskit,4,18,38,36,36,36,0,0,1.0,36,0.016363246999389958,8.313252452916762,60.427813104752204,68.62509720999878,12,o2_dense_sabre,0.9569892044
ibm_falcon_127,twolocalrandom_indep_qiskit_40,train,twolocalrandom,qiskit,40,162,2540,36,36,30,0,6,0.8333333333333334,30,0.33295224600078654,0.5639009674333162,1.6131112166980528,2.139124085999356,10,o3_default_default,3.23822e-05
ibm_falcon_127,twolocalrandom_indep_qiskit_5,train,twolocalrandom,qiskit,5,22,55,36,36,30,0,6,0.8333333333333334,30,0.015994939001757302,0.017395823833188235,0.024149714801569643,0.028480672001023777,10,o3_default_default,0.9164502182
ibm_falcon_127,twolocalrandom_indep_qiskit_50,train,twolocalrandom,qiskit,50,202,3925,36,36,30,0,6,0.8333333333333334,30,0.5349442725018889,1.0262743554002858,3.3583676027494214,3.6221765429982042,10,o3_default_default,8.86e-08
ibm_falcon_127,twolocalrandom_indep_qiskit_6,train,twolocalrandom,qiskit,6,26,75,36,36,30,0,6,0.8333333333333334,30,0.01806410100107314,0.02664899643326256,0.05075850574885399,0.16730469899994205,10,o3_default_default,0.8422862453
ibm_falcon_127,twolocalrandom_indep_qiskit_7,train,twolocalrandom,qiskit,7,30,98,36,36,30,0,6,0.8333333333333334,30,0.018691273999138502,0.02113511269999435,0.038148264551455195,0.04197806299998774,10,o3_default_default,0.7891337822
ibm_falcon_127,twolocalrandom_indep_qiskit_8,train,twolocalrandom,qiskit,8,34,124,36,36,30,0,6,0.8333333333333334,30,0.021600130501610693,0.026300914300130294,0.05111298589908983,0.0620373740021023,10,o3_default_default,0.735525834
ibm_falcon_127,twolocalrandom_indep_qiskit_9,train,twolocalrandom,qiskit,9,38,153,36,36,30,0,6,0.8333333333333334,30,0.02395573750072799,0.029428739899716068,0.06404916314786532,0.06434124400038854,10,o3_default_default,0.6594927382
ibm_falcon_127,twolocalrandom_indep_tket_10,train,twolocalrandom,tket,10,42,185,36,36,30,0,6,0.8333333333333334,30,0.024773666498731473,0.031843688766214955,0.07081862884988362,0.09474338099971646,10,o3_default_default,0.5558087096
ibm_falcon_127,twolocalrandom_indep_tket_11,train,twolocalrandom,tket,11,46,220,36,36,30,0,6,0.8333333333333334,30,0.028494176500316826,0.03778904266643319,0.08993593705090461,0.10693740699935006,10,o3_default_default,0.4790854723
ibm_falcon_127,twolocalrandom_indep_tket_2,train,twolocalrandom,tket,2,8,13,36,36,36,0,0,1.0,36,0.010088221501064254,0.010278355944643004,0.012777578750501561,0.01427585900091799,12,o2_default_default,0.9978340951
ibm_falcon_127,twolocalrandom_indep_tket_3,train,twolocalrandom,tket,3,14,24,36,36,36,0,0,1.0,36,0.014479310999377049,4.95670815661126,35.450183233500866,36.56002614099998,12,o2_dense_sabre,0.9816776761
ibm_falcon_127,twolocalrandom_indep_tket_30,train,twolocalrandom,tket,30,122,1455,36,36,30,0,6,0.8333333333333334,30,0.1702100904985855,0.28096051386673937,0.9447650420521311,1.0173494500013476,10,o3_default_default,0.0082934666
ibm_falcon_127,twolocalrandom_indep_tket_4,train,twolocalrandom,tket,4,18,38,36,36,36,0,0,1.0,36,0.017952246500499314,8.316554534221824,59.59164940849951,69.78994772200167,12,o2_dense_sabre,0.9569892044
ibm_falcon_127,twolocalrandom_indep_tket_40,train,twolocalrandom,tket,40,162,2540,36,36,30,0,6,0.8333333333333334,30,0.34059295149927493,0.582129807299619,1.7916758907487744,1.9976677070008009,10,o3_default_default,3.23822e-05
ibm_falcon_127,twolocalrandom_indep_tket_5,train,twolocalrandom,tket,5,22,55,36,36,30,0,6,0.8333333333333334,30,0.01647937850066228,0.01809639673313844,0.028031866247874855,0.02905020399703062,10,o3_default_default,0.9164502182
ibm_falcon_127,twolocalrandom_indep_tket_50,train,twolocalrandom,tket,50,202,3925,36,36,30,0,6,0.8333333333333334,30,0.6168016765004722,1.0349811727999623,3.3194419346982604,3.6725542369968025,10,o3_default_default,8.86e-08
ibm_falcon_127,twolocalrandom_indep_tket_6,train,twolocalrandom,tket,6,26,75,36,36,30,0,6,0.8333333333333334,30,0.018612709998706123,0.020669647633500668,0.03302997894952568,0.03573878700262867,10,o3_default_default,0.8422862453
ibm_falcon_127,twolocalrandom_indep_tket_7,train,twolocalrandom,tket,7,30,98,36,36,30,0,6,0.8333333333333334,30,0.019102066000414197,0.02169213996664136,0.03749692299788875,0.04340665399649879,10,o3_default_default,0.7891337822
ibm_falcon_127,twolocalrandom_indep_tket_8,train,twolocalrandom,tket,8,34,124,36,36,30,0,6,0.8333333333333334,30,0.02118659000188927,0.025775655032581803,0.05652123195031888,0.06269895799778169,10,o3_default_default,0.735525834
ibm_falcon_127,twolocalrandom_indep_tket_9,train,twolocalrandom,tket,9,38,153,36,36,30,0,6,0.8333333333333334,30,0.02357325050252257,0.03016616686678996,0.06417120109945243,0.0668266680004308,10,o3_default_default,0.6594927382
ibm_falcon_127,vqe_indep_qiskit_10,train,vqe,qiskit,10,15,58,36,36,36,0,0,1.0,36,0.01325703000111389,0.013492833749397606,0.01756431324974983,0.020282514997234102,12,o3_default_default,0.9631896271
ibm_falcon_127,vqe_indep_qiskit_11,train,vqe,qiskit,11,16,64,36,36,36,0,0,1.0,36,0.01382439250301104,0.014110222639323588,0.01796850049868226,0.01840592200460378,12,o2_default_default,0.958205902
ibm_falcon_127,vqe_indep_qiskit_12,train,vqe,qiskit,12,17,70,36,36,36,0,0,1.0,36,0.013716526002099272,0.014074650138354627,0.01844511699891882,0.02017442899523303,12,o2_default_default,0.9546959488
ibm_falcon_127,vqe_indep_qiskit_13,train,vqe,qiskit,13,18,76,36,36,36,0,0,1.0,36,0.013795314000162762,0.01447629074997773,0.019022517002667882,0.0200151890021516,12,o2_default_default,0.9478486818
ibm_falcon_127,vqe_indep_qiskit_14,train,vqe,qiskit,14,19,82,36,36,36,0,0,1.0,36,0.013998817001265706,0.014297476528049123,0.018062516750433133,0.01909875700221164,12,o2_default_default,0.9427468899
ibm_falcon_127,vqe_indep_qiskit_15,train,vqe,qiskit,15,20,88,36,36,36,0,0,1.0,36,0.014435185497859493,0.014810408082565927,0.01958454725172487,0.020085901000129525,12,o2_default_default,0.9374161798
ibm_falcon_127,vqe_indep_qiskit_16,train,vqe,qiskit,16,21,94,36,36,36,0,0,1.0,36,0.019291986001917394,2.312148552860688,14.704508343753332,21.44955715600372,12,o2_default_default,0.9265890746
ibm_falcon_127,vqe_indep_qiskit_3,train,vqe,qiskit,3,8,16,36,36,36,0,0,1.0,36,0.011710454502463108,0.011583206638735848,0.013501573497705976,0.014294927001174074,12,o2_default_default,0.9948949706
ibm_falcon_127,vqe_indep_qiskit_4,train,vqe,qiskit,4,9,22,36,36,36,0,0,1.0,36,0.012051290497765876,0.012291400389383651,0.01549628524662694,0.016272513996227644,12,o3_default_default,0.9914142517
ibm_falcon_127,vqe_indep_qiskit_5,train,vqe,qiskit,5,10,28,36,36,36,0,0,1.0,36,0.011709892998624127,0.012050313832029739,0.014809088497713674,0.01586422299442347,12,o3_default_default,0.9883099013
ibm_falcon_127,vqe_indep_qiskit_6,train,vqe,qiskit,6,11,34,36,36,36,0,0,1.0,36,0.014079681499424623,0.01407596505487163,0.018189428747064085,0.022482754997326992,12,o2_default_default,0.9852966857
ibm_falcon_127,vqe_indep_qiskit_7,train,vqe,qiskit,7,12,40,36,36,36,0,0,1.0,36,0.01347003249975387,0.014577285832880685,0.01880961850110907,0.03968456999427872,12,o2_default_default,0.9808106512
ibm_falcon_127,vqe_indep_qiskit_8,train,vqe,qiskit,8,13,46,36,36,36,0,0,1.0,36,0.014896027998474892,0.014698695110281632,0.018318210250072298,0.020119343003898393,12,o2_default_default,0.9761582196
ibm_falcon_127,vqe_indep_qiskit_9,train,vqe,qiskit,9,14,52,36,36,36,0,0,1.0,36,0.014759105004486628,0.015789180721993843,0.02446502324892208,0.029509289997804444,12,o2_default_default,0.9713845479
ibm_falcon_127,vqe_indep_tket_10,train,vqe,tket,10,15,58,36,36,36,0,0,1.0,36,0.014393019995623035,0.014598599555635397,0.017998484250711044,0.019761809999181423,12,o3_default_default,0.9630062958
ibm_falcon_127,vqe_indep_tket_11,train,vqe,tket,11,16,64,36,36,36,0,0,1.0,36,0.015408444000058807,0.01588801458395513,0.019881031495970092,0.024734083999646828,12,o2_default_default,0.9589444713
ibm_falcon_127,vqe_indep_tket_12,train,vqe,tket,12,17,70,36,36,36,0,0,1.0,36,0.016983198500383878,0.01789692083285546,0.026982642246366595,0.02915838800254278,12,o2_default_default,0.9545016417
ibm_falcon_127,vqe_indep_tket_13,train,vqe,tket,13,18,76,36,36,36,0,0,1.0,36,0.015342144502938027,0.020203545251610597,0.019282627003121888,0.19877151499531465,12,o2_default_default,0.9478282889
ibm_falcon_127,vqe_indep_tket_14,train,vqe,tket,14,19,82,36,36,36,0,0,1.0,36,0.016912729501200374,0.01716497924988087,0.021931157250946853,0.02501245200255653,12,o2_default_default,0.9429042678
ibm_falcon_127,vqe_indep_tket_15,train,vqe,tket,15,20,88,36,36,36,0,0,1.0,36,0.016092141497210832,0.016257248166059272,0.01979676425071375,0.02177752800344024,12,o2_default_default,0.937527333
ibm_falcon_127,vqe_indep_tket_16,train,vqe,tket,16,21,94,36,36,36,0,0,1.0,36,0.02033514849972562,2.2961764025282414,14.50792276775428,21.589540576998843,12,o2_default_default,0.9266905436
ibm_falcon_127,vqe_indep_tket_3,train,vqe,tket,3,8,16,36,36,36,0,0,1.0,36,0.012221424000017578,0.012587780832392228,0.015840688998650876,0.018292978005774785,12,o2_default_default,0.9948949706
ibm_falcon_127,vqe_indep_tket_4,train,vqe,tket,4,9,22,36,36,36,0,0,1.0,36,0.012953248999110656,0.01306698341775498,0.016183229003218003,0.016696679005690385,12,o3_default_default,0.9913275066
ibm_falcon_127,vqe_indep_tket_5,train,vqe,tket,5,10,28,36,36,36,0,0,1.0,36,0.01318827350041829,0.013194737500574169,0.015600573999108747,0.016123405999678653,12,o3_default_default,0.9883099013
ibm_falcon_127,vqe_indep_tket_6,train,vqe,tket,6,11,34,36,36,36,0,0,1.0,36,0.014101969500188716,0.015191384806409284,0.02312711299782677,0.03722079399449285,12,o2_default_default,0.9848980747
ibm_falcon_127,vqe_indep_tket_7,train,vqe,tket,7,12,40,36,36,36,0,0,1.0,36,0.012831811502110213,0.013171688582790213,0.017309044755165814,0.01876779899612302,12,o2_default_default,0.9807747381
ibm_falcon_127,vqe_indep_tket_8,train,vqe,tket,8,13,46,36,36,36,0,0,1.0,36,0.014856044999760343,0.014687714554788222,0.018630497750564246,0.019655454998428468,12,o2_default_default,0.9759820915
ibm_falcon_127,vqe_indep_tket_9,train,vqe,tket,9,14,52,36,36,36,0,0,1.0,36,0.013748403500358108,0.014174544805630122,0.018716180751653155,0.023309433003305458,12,o2_default_default,0.9708048566
ibm_falcon_127,wstate_indep_qiskit_10,train,wstate,qiskit,10,21,47,36,36,36,0,0,1.0,36,0.014496647501800908,0.01993681408304029,0.01823723999586946,0.19950687299569836,12,o3_default_default,0.9585921003
ibm_falcon_127,wstate_indep_qiskit_11,train,wstate,qiskit,11,23,52,36,36,36,0,0,1.0,36,0.014786423496843781,0.015297796055569456,0.019088185999862617,0.021687362001102883,12,o3_default_default,0.9537600046
ibm_falcon_127,wstate_indep_qiskit_12,train,wstate,qiskit,12,25,57,36,36,36,0,0,1.0,36,0.015713868000602815,0.015610287777841828,0.018968578997373697,0.02134493400080828,12,o3_default_default,0.9481859725
ibm_falcon_127,wstate_indep_qiskit_13,train,wstate,qiskit,13,27,62,36,36,36,0,0,1.0,36,0.01536006649985211,0.01600760341676101,0.020772711000972777,0.021699013996112626,12,o3_default_default,0.945143394
ibm_falcon_127,wstate_indep_qiskit_14,train,wstate,qiskit,14,29,67,36,36,36,0,0,1.0,36,0.015534951999143232,0.01630592169426058,0.020375673750095302,0.023385246000543702,12,o2_default_default,0.9390814805
ibm_falcon_127,wstate_indep_qiskit_15,train,wstate,qiskit,15,31,72,36,36,36,0,0,1.0,36,0.016885211996850558,0.016924736110417546,0.020804169003895367,0.02461241299897665,12,o3_default_default,0.9311535874
ibm_falcon_127,wstate_indep_qiskit_16,train,wstate,qiskit,16,33,77,36,36,35,0,1,0.9722222222222222,35,0.01805866100039566,1.872366467370635,12.822224214499869,22.017512256999908,11,o3_default_default,0.9229503187
ibm_falcon_127,wstate_indep_qiskit_17,train,wstate,qiskit,17,35,82,36,36,35,0,1,0.9722222222222222,35,0.018539976997999474,8.451728022400182,84.31853739449724,98.50443683299818,11,o3_default_default,0.9181495037
ibm_falcon_127,wstate_indep_qiskit_18,train,wstate,qiskit,18,37,87,36,36,36,0,0,1.0,36,0.020373751998704392,5.38932694902764,26.153876669251986,97.81739662100154,12,o3_default_default,0.9085614383
ibm_falcon_127,wstate_indep_qiskit_19,train,wstate,qiskit,19,39,92,36,36,36,0,0,1.0,36,0.020243285998731153,9.838194183722509,90.62191755174717,94.2334663799993,12,o3_default_default,0.9047760548
ibm_falcon_127,wstate_indep_qiskit_2,train,wstate,qiskit,2,5,7,36,36,36,0,0,1.0,36,0.011096094003733015,0.011217518277893154,0.014216621249943273,0.014831739004875999,12,o3_default_default,0.99855944
ibm_falcon_127,wstate_indep_qiskit_20,train,wstate,qiskit,20,41,97,36,36,36,0,0,1.0,36,0.020468350001465296,12.735474960777436,91.66006215325069,92.68801714599977,12,o3_default_default,0.8973640318
ibm_falcon_127,wstate_indep_qiskit_21,train,wstate,qiskit,21,43,102,36,36,34,0,2,0.9444444444444444,34,0.018144326499168528,7.234718839264722,51.516962486251444,94.57158764799533,10,o2_default_default,0.8951551921
ibm_falcon_127,wstate_indep_qiskit_22,train,wstate,qiskit,22,45,107,36,36,34,0,2,0.9444444444444444,34,0.017910448998009088,5.247444678087906,27.151698881645984,97.3876184719993,10,o3_default_default,0.8901700536
ibm_falcon_127,wstate_indep_qiskit_23,train,wstate,qiskit,23,47,112,36,36,34,0,2,0.9444444444444444,34,0.022980972498771735,5.613734839823284,30.628107768650445,98.94776483700116,10,o3_default_default,0.8854667876
ibm_falcon_127,wstate_indep_qiskit_24,train,wstate,qiskit,24,49,117,36,36,32,0,4,0.8888888888888888,32,0.023873262500273995,2.0190934098441176,14.354791946049566,31.814563509004074,10,o2_default_default,0.8789143672
ibm_falcon_127,wstate_indep_qiskit_25,train,wstate,qiskit,25,51,122,36,36,32,0,4,0.8888888888888888,32,0.02236073050153209,2.0413999078748475,14.274679430651645,32.770503120002104,10,o3_default_default,0.8754078737
ibm_falcon_127,wstate_indep_qiskit_26,train,wstate,qiskit,26,53,127,36,36,32,0,4,0.8888888888888888,32,0.0231172144995071,2.0355924765624422,14.413259536706004,32.20258491200366,10,o3_default_default,0.87295244
ibm_falcon_127,wstate_indep_qiskit_27,train,wstate,qiskit,27,55,132,36,36,32,0,4,0.8888888888888888,32,0.022822384496976156,2.0808283982503326,14.679069057701032,33.04845063700486,10,o2_default_default,0.8672975625
ibm_falcon_127,wstate_indep_qiskit_28,train,wstate,qiskit,28,57,137,36,36,30,0,6,0.8333333333333334,30,0.022543865499756066,0.037203456799276564,0.12475435469968942,0.12846684599935543,10,o3_default_default,0.8625113318
ibm_falcon_127,wstate_indep_qiskit_29,train,wstate,qiskit,29,59,142,36,36,30,0,6,0.8333333333333334,30,0.022672161499940557,0.03865800389976357,0.13766924565170482,0.14619553399825236,10,o3_default_default,0.8584684383
ibm_falcon_127,wstate_indep_qiskit_3,train,wstate,qiskit,3,7,12,36,36,36,0,0,1.0,36,0.014847206501144683,0.01466767050038066,0.017079606752304244,0.018130108001059853,12,o2_default_default,0.9935916425
ibm_falcon_127,wstate_indep_qiskit_30,train,wstate,qiskit,30,61,147,36,36,30,0,6,0.8333333333333334,30,0.02830852399711148,0.047300649133588495,0.19574091625181606,0.20732558899908327,10,o3_default_default,0.8461849519
ibm_falcon_127,wstate_indep_qiskit_4,train,wstate,qiskit,4,9,17,36,36,36,0,0,1.0,36,0.013153619998774957,0.013877313443824986,0.016870626499439823,0.01726814799621934,12,o3_default_default,0.990040435
ibm_falcon_127,wstate_indep_qiskit_40,train,wstate,qiskit,40,81,197,36,36,31,0,5,0.8611111111111112,31,0.02495835899753729,2.587176574579761,0.3112407790031284,78.44163162400218,10,o3_default_default,0.792163427
ibm_falcon_127,wstate_indep_qiskit_5,train,wstate,qiskit,5,11,22,36,36,36,0,0,1.0,36,0.014718496000568848,0.015154214333759027,0.018938797253213124,0.021173232002183795,12,o3_default_default,0.984688259
ibm_falcon_127,wstate_indep_qiskit_50,train,wstate,qiskit,50,101,247,36,36,30,0,6,0.8333333333333334,30,0.03740529750211863,0.07209631836716048,0.3323009011506656,0.34608879800362047,10,o3_default_default,0.7446997113
ibm_falcon_127,wstate_indep_qiskit_6,train,wstate,qiskit,6,13,27,36,36,36,0,0,1.0,36,0.015560871994239278,0.016174388610225934,0.02063059250031074,0.022105427000497002,12,o3_default_default,0.9824316369
ibm_falcon_127,wstate_indep_qiskit_60,train,wstate,qiskit,60,121,297,36,36,30,0,6,0.8333333333333334,30,0.03447270249671419,0.07759492486632856,0.3504333056494942,0.3653398919996107,10,o3_default_default,0.686158418
ibm_falcon_127,wstate_indep_qiskit_7,train,wstate,qiskit,7,15,32,36,36,36,0,0,1.0,36,0.014610124999308027,0.014691425333997662,0.01793385799646785,0.019654928997624665,12,o3_default_default,0.9775234083
ibm_falcon_127,wstate_indep_qiskit_70,train,wstate,qiskit,70,141,347,36,36,30,0,6,0.8333333333333334,30,0.037569882999378024,0.07870414656645153,0.3481636084528873,0.3547553099997458,10,o3_default_default,0.6328346999
ibm_falcon_127,wstate_indep_qiskit_8,train,wstate,qiskit,8,17,37,36,36,36,0,0,1.0,36,0.015875205001066206,0.016189115500310436,0.02233351800168748,0.023660746002860833,12,o3_default_default,0.9709559841
ibm_falcon_127,wstate_indep_qiskit_80,train,wstate,qiskit,80,161,397,36,36,30,0,6,0.8333333333333334,30,0.04493418399943039,0.0886209467673325,0.35160292550135636,0.36036132000299403,10,o3_default_default,0.5838464241
ibm_falcon_127,wstate_indep_qiskit_9,train,wstate,qiskit,9,19,42,36,36,36,0,0,1.0,36,0.015870582497882424,0.016490394443786097,0.02241938599763671,0.02834860299481079,12,o3_default_default,0.9637556229
ibm_falcon_127,wstate_indep_qiskit_90,train,wstate,qiskit,90,181,447,36,36,30,0,6,0.8333333333333334,30,0.045943123503093375,0.09595351333361274,0.37430902910200525,0.39779886799806263,10,o3_default_default,0.5371766285
ibm_falcon_127,wstate_indep_tket_10,train,wstate,tket,10,21,47,36,36,36,0,0,1.0,36,0.01668512899777852,0.017422076472939807,0.022633475997281494,0.03077264999592444,12,o3_default_default,0.9585921003
ibm_falcon_127,wstate_indep_tket_11,train,wstate,tket,11,23,52,36,36,36,0,0,1.0,36,0.017578006496478338,0.017918021583682275,0.021265964747726684,0.02504492899606703,12,o3_default_default,0.9533055707
ibm_falcon_127,wstate_indep_tket_12,train,wstate,tket,12,25,57,36,36,36,0,0,1.0,36,0.017813659000239568,0.018590812888861465,0.024355263500183355,0.02489629499905277,12,o3_default_default,0.9479974533
ibm_falcon_127,wstate_indep_tket_13,train,wstate,tket,13,27,62,36,36,36,0,0,1.0,36,0.01852688300277805,0.01871608958269159,0.022217206500499742,0.026950077997753397,12,o3_default_default,0.9453313457
ibm_falcon_127,wstate_indep_tket_14,train,wstate,tket,14,29,67,36,36,36,0,0,1.0,36,0.019001279499207158,0.019106146249719638,0.02449569575037458,0.026101363000634592,12,o2_default_default,0.939345701
ibm_falcon_127,wstate_indep_tket_15,train,wstate,tket,15,31,72,36,36,36,0,0,1.0,36,0.018368396998994285,0.01915639116668899,0.027493074503581738,0.029966504000185523,12,o3_default_default,0.9315959022
ibm_falcon_127,wstate_indep_tket_16,train,wstate,tket,16,33,77,36,36,35,0,1,0.9722222222222222,35,0.022677332002785988,2.2495508332283602,14.550909409898294,27.38286312999844,11,o3_default_default,0.9230322601
ibm_falcon_127,wstate_indep_tket_17,train,wstate,tket,17,35,82,36,36,34,0,2,0.9444444444444444,34,0.020702355996036204,6.652170605382065,45.40746485780274,98.10178676299984,11,o3_default_default,0.9183977216
ibm_falcon_127,wstate_indep_tket_18,train,wstate,tket,18,37,87,36,36,35,0,1,0.9722222222222222,35,0.021731413995439652,3.2398786313709156,21.952529445898804,34.27449166500446,11,o3_default_default,0.9083960396
ibm_falcon_127,wstate_indep_tket_19,train,wstate,tket,19,39,92,36,36,33,0,3,0.9166666666666666,33,0.023396008000418078,2.5845461346662804,26.881973706597634,30.625176156005182,11,o3_default_default,0.9051073498
ibm_falcon_127,wstate_indep_tket_2,train,wstate,tket,2,5,7,36,36,36,0,0,1.0,36,0.01461500550067285,0.014408052277859597,0.0164307747490966,0.01678694500151323,12,o3_default_default,0.99855944
ibm_falcon_127,wstate_indep_tket_20,train,wstate,tket,20,41,97,36,36,32,0,4,0.8888888888888888,32,0.022979698002018267,3.3815060651568274,15.27430762774745,73.46510983400367,10,o3_default_default,0.8974448378
ibm_falcon_127,wstate_indep_tket_21,train,wstate,tket,21,43,102,36,36,32,0,4,0.8888888888888888,32,0.02253495449986076,2.0488956856245295,14.351166887801424,32.91203081299318,10,o2_default_default,0.8950528738
ibm_falcon_127,wstate_indep_tket_22,train,wstate,tket,22,45,107,36,36,33,0,3,0.9166666666666666,33,0.02218713000183925,2.7518079609704507,26.308918216600432,37.03012760599813,10,o3_default_default,0.8897470855
ibm_falcon_127,wstate_indep_tket_23,train,wstate,tket,23,47,112,36,36,33,0,3,0.9166666666666666,33,0.021402619997388683,3.0483437414840218,33.0037761169966,33.60289467700204,10,o3_default_default,0.8857910123
ibm_falcon_127,wstate_indep_tket_24,train,wstate,tket,24,49,117,36,36,32,0,4,0.8888888888888888,32,0.026359543000580743,2.1616351951558954,15.361909818046819,34.12784853800258,10,o2_default_default,0.8779095133
ibm_falcon_127,wstate_indep_tket_25,train,wstate,tket,25,51,122,36,36,32,0,4,0.8888888888888888,32,0.024612352997792186,2.174560724406092,15.436849763149414,34.38525275699794,10,o3_default_default,0.8757284151
ibm_falcon_127,wstate_indep_tket_26,train,wstate,tket,26,53,127,36,36,32,0,4,0.8888888888888888,32,0.021994866503519006,2.1931407445945297,15.543303390952472,34.725794655001664,10,o3_default_default,0.8731091249
ibm_falcon_127,wstate_indep_tket_27,train,wstate,tket,27,55,132,36,36,32,0,4,0.8888888888888888,32,0.023430429500876926,2.17945795753144,15.195754181745336,35.02801095000177,10,o3_default_default,0.8680336334
ibm_falcon_127,wstate_indep_tket_28,train,wstate,tket,28,57,137,36,36,30,0,6,0.8333333333333334,30,0.02497998549733893,0.03822314003264182,0.1269049906513828,0.13653219899424585,10,o3_default_default,0.8624256184
ibm_falcon_127,wstate_indep_tket_29,train,wstate,tket,29,59,142,36,36,30,0,6,0.8333333333333334,30,0.02369987799829687,0.041224598866392625,0.14596608640385966,0.1633591339996201,10,o3_default_default,0.8578254294
ibm_falcon_127,wstate_indep_tket_3,train,wstate,tket,3,7,12,36,36,36,0,0,1.0,36,0.01438938550199964,0.014758798250113614,0.017470712751674,0.018985960996360518,12,o2_default_default,0.9935916425
ibm_falcon_127,wstate_indep_tket_30,train,wstate,tket,30,61,147,36,36,30,0,6,0.8333333333333334,30,0.02550608350065886,0.045575333334030195,0.19878298280127638,0.20231509499717504,10,o3_default_default,0.8464097029
ibm_falcon_127,wstate_indep_tket_4,train,wstate,tket,4,9,17,36,36,36,0,0,1.0,36,0.015344199000537628,0.015552237000317999,0.01916984549825429,0.020761065003171097,12,o3_default_default,0.990040435
ibm_falcon_127,wstate_indep_tket_40,train,wstate,tket,40,81,197,36,36,31,0,5,0.8611111111111112,31,0.030780011999013368,2.7059336194516,0.3321502800026792,81.78231862800021,10,o3_default_default,0.7917953718
ibm_falcon_127,wstate_indep_tket_5,train,wstate,tket,5,11,22,36,36,36,0,0,1.0,36,0.015632075501343934,0.016322196194879426,0.020955577749191434,0.026709279001806863,12,o3_default_default,0.9842249032
ibm_falcon_127,wstate_indep_tket_50,train,wstate,tket,50,101,247,36,36,30,0,6,0.8333333333333334,30,0.03559566600233666,0.07137576100091489,0.3369262285032164,0.3495202970007085,10,o3_default_default,0.7449039704
ibm_falcon_127,wstate_indep_tket_6,train,wstate,tket,6,13,27,36,36,36,0,0,1.0,36,0.015748842499306193,0.01611706111078901,0.020164842002486694,0.0236157839972293,12,o3_default_default,0.9825189524
ibm_falcon_127,wstate_indep_tket_60,train,wstate,tket,60,121,297,36,36,30,0,6,0.8333333333333334,30,0.036629723999794805,0.07853105180062508,0.3445669644501322,0.3545793000012054,10,o3_default_default,0.6864166063
ibm_falcon_127,wstate_indep_tket_7,train,wstate,tket,7,15,32,36,36,36,0,0,1.0,36,0.015260766002029413,0.015737386916953255,0.01977856375015108,0.020600828996975906,12,o2_default_default,0.97770415
ibm_falcon_127,wstate_indep_tket_70,train,wstate,tket,70,141,347,36,36,30,0,6,0.8333333333333334,30,0.040718139498494565,0.0849545097000373,0.37469890290340113,0.39887060599721735,10,o3_default_default,0.6317041798
ibm_falcon_127,wstate_indep_tket_8,train,wstate,tket,8,17,37,36,36,36,0,0,1.0,36,0.016522464004083304,0.016954298195843067,0.02357875525194686,0.027477463001559954,12,o2_default_default,0.9711355115
ibm_falcon_127,wstate_indep_tket_80,train,wstate,tket,80,161,397,36,36,30,0,6,0.8333333333333334,30,0.04474848499739892,0.09319846150004499,0.37858273270321663,0.38788263100286713,10,o3_default_default,0.5842462749
ibm_falcon_127,wstate_indep_tket_9,train,wstate,tket,9,19,42,36,36,36,0,0,1.0,36,0.015729024999018293,0.01654006027860709,0.02161694624555821,0.023110027999791782,12,o3_default_default,0.9637556229
ibm_falcon_127,wstate_indep_tket_90,train,wstate,tket,90,181,447,36,36,30,0,6,0.8333333333333334,30,0.04810715049825376,0.0984693032662714,0.3747850379473675,0.3974756809984683,10,o3_default_default,0.5367380222
ibm_falcon_127,pricingcall_indep_qiskit_11,validation,pricingcall,qiskit,11,127,166,36,36,30,0,6,0.8333333333333334,30,0.04266686599657987,0.10340658146669739,0.2954215610036044,0.3186105549975764,10,o3_default_default,0.5966166838
ibm_falcon_127,pricingcall_indep_qiskit_5,validation,pricingcall,qiskit,5,36,47,36,36,30,0,6,0.8333333333333334,30,0.018552810499386396,0.020651769299729495,0.03408195370029716,0.03996834200370358,10,o3_default_default,0.9523592832
ibm_falcon_127,pricingcall_indep_qiskit_7,validation,pricingcall,qiskit,7,56,78,36,36,30,0,6,0.8333333333333334,30,0.02288375549687771,0.030308075499973105,0.0629295529499359,0.06817573900480056,10,o3_default_default,0.7782209449
ibm_falcon_127,pricingcall_indep_qiskit_9,validation,pricingcall,qiskit,9,83,111,36,36,30,0,6,0.8333333333333334,30,0.031065029001183575,0.04155391226595384,0.08332494579881312,0.09341221499926178,10,o2_default_default,0.6805522479
ibm_falcon_127,pricingcall_indep_tket_5,validation,pricingcall,tket,5,41,59,36,36,30,0,6,0.8333333333333334,30,0.017354671505017905,0.02099102229985874,0.038727422850206486,0.04126562199962791,10,o3_default_default,0.9521814778
ibm_falcon_127,pricingcall_indep_tket_7,validation,pricingcall,tket,7,63,92,36,36,30,0,6,0.8333333333333334,30,0.02485085199805326,0.031095185299394264,0.0632234241998958,0.06658354899991537,10,o3_default_default,0.7782164858
ibm_falcon_127,pricingcall_indep_tket_9,validation,pricingcall,tket,9,92,129,36,36,30,0,6,0.8333333333333334,30,0.03154015700056334,0.041972473333589735,0.09674025105196046,0.10473061000084272,10,o2_default_default,0.6804803023
ibm_falcon_127,pricingput_indep_qiskit_11,validation,pricingput,qiskit,11,128,172,36,36,30,0,6,0.8333333333333334,30,0.04420283449871931,0.0642672379333817,0.1424083571499068,0.17260129100031918,10,o3_default_default,0.5759526335
ibm_falcon_127,pricingput_indep_qiskit_5,validation,pricingput,qiskit,5,36,47,36,36,30,0,6,0.8333333333333334,30,0.019092275499133393,0.021210326165843677,0.03556412119432935,0.037246696003421675,10,o3_default_default,0.9488616109
ibm_falcon_127,pricingput_indep_qiskit_7,validation,pricingput,qiskit,7,55,80,36,36,30,0,6,0.8333333333333334,30,0.021556235995376483,0.028279010767194752,0.06402605254734224,0.07126513700495707,10,o3_default_default,0.8120683454
ibm_falcon_127,pricingput_indep_qiskit_9,validation,pricingput,qiskit,9,84,121,36,36,30,0,6,0.8333333333333334,30,0.033143011500214925,0.0437841708328051,0.10245529150015494,0.11280374299531104,10,o3_default_default,0.6626809779
ibm_falcon_127,pricingput_indep_tket_5,validation,pricingput,tket,5,41,59,36,36,30,0,6,0.8333333333333334,30,0.022079886999563314,0.025429107932723127,0.03849486885119403,0.050921232999826316,10,o3_default_default,0.9488616109
ibm_falcon_127,pricingput_indep_tket_7,validation,pricingput,tket,7,62,102,36,36,30,0,6,0.8333333333333334,30,0.025058287999854656,0.0324393157333058,0.06331631830180412,0.06981167599587934,10,o3_default_default,0.7655628271
ibm_falcon_127,pricingput_indep_tket_9,validation,pricingput,tket,9,93,159,36,36,30,0,6,0.8333333333333334,30,0.033817657498730114,0.0425020445662085,0.09415089080102915,0.10277821800264064,10,o3_default_default,0.6629292571
ibm_falcon_127,qft_indep_qiskit_10,validation,qft,qiskit,10,21,70,36,36,30,0,6,0.8333333333333334,30,0.023559280001791194,0.026123857967953277,0.043213086802279574,0.051581079002062324,10,o3_default_default,0.7852398153
ibm_falcon_127,qft_indep_qiskit_11,validation,qft,qiskit,11,23,82,36,36,30,0,6,0.8333333333333334,30,0.025410131500393618,0.03017348403300275,0.045055116147341326,0.05058466400078032,10,o3_default_default,0.744050257
ibm_falcon_127,qft_indep_qiskit_12,validation,qft,qiskit,12,25,96,36,36,30,0,6,0.8333333333333334,30,0.029914668499259278,0.033721221165857664,0.05188710340007673,0.053317175996198785,10,o3_default_default,0.6875120019
ibm_falcon_127,qft_indep_qiskit_13,validation,qft,qiskit,13,27,110,36,36,30,0,6,0.8333333333333334,30,0.031042856000567554,0.037701776365429394,0.0698726453967537,0.09711605199845508,10,o3_default_default,0.6872496418
ibm_falcon_127,qft_indep_qiskit_14,validation,qft,qiskit,14,29,126,36,36,30,0,6,0.8333333333333334,30,0.03455054149890202,0.0414188174661831,0.07242816689831669,0.0853324089985108,10,o3_default_default,0.5877781126
ibm_falcon_127,qft_indep_qiskit_15,validation,qft,qiskit,15,31,142,36,36,30,0,6,0.8333333333333334,30,0.03880846199899679,0.046169563199509864,0.0873640862497268,0.09400833700055955,10,o3_default_default,0.5357712123
ibm_falcon_127,qft_indep_qiskit_16,validation,qft,qiskit,16,33,160,36,36,30,0,6,0.8333333333333334,30,0.04479230950164492,0.054664076033077436,0.11953509764971376,0.13713210000423715,10,o3_default_default,0.4658126747
ibm_falcon_127,qft_indep_qiskit_17,validation,qft,qiskit,17,35,178,36,36,30,0,6,0.8333333333333334,30,0.05400301649569883,0.058758476799751706,0.10465628960155299,0.14174940699740546,10,o3_default_default,0.4203043003
ibm_falcon_127,qft_indep_qiskit_2,validation,qft,qiskit,2,5,6,36,36,36,0,0,1.0,36,0.010780942000565119,0.011398101333624153,0.01511555375327589,0.016055232998041902,12,o2_default_default,0.9992545079
ibm_falcon_127,qft_indep_qiskit_3,validation,qft,qiskit,3,7,10,36,36,36,0,0,1.0,36,0.014051430000108667,0.5565597797778739,3.3519233944953157,3.711581866002234,12,o3_default_default,0.9923244785
ibm_falcon_127,qft_indep_qiskit_30,validation,qft,qiskit,30,61,510,36,36,30,0,6,0.8333333333333334,30,0.11904999300168129,0.16347909670027244,0.4411939076002449,0.6337346950022038,10,o3_default_default,0.1079097821
ibm_falcon_127,qft_indep_qiskit_4,validation,qft,qiskit,4,9,16,36,36,36,0,0,1.0,36,0.017210920002980856,2.2030566288615065,16.613927487500405,18.76091297200037,12,o2_dense_sabre,0.9794005262
ibm_falcon_127,qft_indep_qiskit_40,validation,qft,qiskit,40,81,880,36,36,30,0,6,0.8333333333333334,30,0.14308135800092714,0.23307482713401745,0.7730821403514707,1.1279689940056414,10,o3_default_default,0.0106623679
ibm_falcon_127,qft_indep_qiskit_5,validation,qft,qiskit,5,11,22,36,36,36,0,0,1.0,36,0.016609577000053832,2.602359345944529,16.98841146124869,22.185473548001028,12,o2_trivial_sabre,0.9595761323
ibm_falcon_127,qft_indep_qiskit_50,validation,qft,qiskit,50,101,1350,36,36,30,0,6,0.8333333333333334,30,0.1262857729998359,0.2978091085991764,1.1410273957495514,1.6023231699946336,10,o3_default_default,0.0021216764
ibm_falcon_127,qft_indep_qiskit_6,validation,qft,qiskit,6,13,30,36,36,36,0,0,1.0,36,0.02513096199982101,4.1034979362496715,17.240635220749027,63.89689490499586,12,o2_default_default,0.9320860341
ibm_falcon_127,qft_indep_qiskit_60,validation,qft,qiskit,60,121,1920,36,36,30,0,6,0.8333333333333334,30,0.21385075700163725,0.47926008606664255,2.1415785632019815,2.4694232800029567,10,o3_default_default,0.0001057343
ibm_falcon_127,qft_indep_qiskit_7,validation,qft,qiskit,7,15,38,36,36,32,0,4,0.8888888888888888,32,0.015848895996896317,3.6153431576547064,24.33058533595318,61.14498211599857,10,o3_default_default,0.9067619227
ibm_falcon_127,qft_indep_qiskit_70,validation,qft,qiskit,70,141,2590,36,36,30,0,6,0.8333333333333334,30,0.21898703050101176,0.5385609495320144,2.359754509947013,2.666634138993686,10,o3_default_default,7.8227e-06
ibm_falcon_127,qft_indep_qiskit_8,validation,qft,qiskit,8,17,48,36,36,35,0,1,0.9722222222222222,35,0.018482353996660095,10.169312749342186,72.84668416979981,83.55652275200555,11,o2_default_default,0.8634417425
ibm_falcon_127,qft_indep_qiskit_9,validation,qft,qiskit,9,19,58,36,36,30,0,6,0.8333333333333334,30,0.017803883001761278,0.020421837400014433,0.038066271299612695,0.04460263699729694,10,o2_default_default,0.8233331916
ibm_falcon_127,qft_indep_tket_10,validation,qft,tket,10,21,70,36,36,30,0,6,0.8333333333333334,30,0.017866731501271715,0.021191641501112222,0.0392546343980939,0.05540172899782192,10,o3_default_default,0.7852398153
ibm_falcon_127,qft_indep_tket_11,validation,qft,tket,11,23,82,36,36,30,0,6,0.8333333333333334,30,0.019263096000941005,0.023683228534355293,0.04071042950199624,0.04375864299800014,10,o3_default_default,0.744050257
ibm_falcon_127,qft_indep_tket_12,validation,qft,tket,12,25,96,36,36,30,0,6,0.8333333333333334,30,0.0208016359974863,0.025035816232654422,0.04627505039898096,0.05716826899879379,10,o3_default_default,0.6875120019
ibm_falcon_127,qft_indep_tket_13,validation,qft,tket,13,27,110,36,36,30,0,6,0.8333333333333334,30,0.022849974997370737,0.027155498499632814,0.058251950404883235,0.06774310499895364,10,o3_default_default,0.6872496418
ibm_falcon_127,qft_indep_tket_14,validation,qft,tket,14,29,126,36,36,30,0,6,0.8333333333333334,30,0.02215939899906516,0.0299220409001767,0.06991799945171805,0.08731115100090392,10,o3_default_default,0.5877781126
ibm_falcon_127,qft_indep_tket_2,validation,qft,tket,2,5,6,36,36,36,0,0,1.0,36,0.009984647000237601,0.010295809361398116,0.012922912250360241,0.01355037400207948,12,o2_default_default,0.9992545079
ibm_falcon_127,qft_indep_tket_3,validation,qft,tket,3,7,10,36,36,36,0,0,1.0,36,0.01395629699982237,0.5087343726950672,3.0498928062515915,3.086292690000846,12,o3_default_default,0.9923244785
ibm_falcon_127,qft_indep_tket_30,validation,qft,tket,30,61,510,36,36,30,0,6,0.8333333333333334,30,0.07644846699986374,0.12889260626616306,0.467295150499194,0.5242253399992478,10,o3_default_default,0.1079097821
ibm_falcon_127,qft_indep_tket_4,validation,qft,tket,4,9,16,36,36,36,0,0,1.0,36,0.01598809500137577,2.1750074598053795,16.346096368504732,17.609135761995276,12,o2_dense_sabre,0.9794005262
ibm_falcon_127,qft_indep_tket_40,validation,qft,tket,40,81,880,36,36,30,0,6,0.8333333333333334,30,0.11864841799979331,0.2248219695672257,0.8465360172511278,1.0672690299979877,10,o3_default_default,0.0106623679
ibm_falcon_127,qft_indep_tket_5,validation,qft,tket,5,11,22,36,36,36,0,0,1.0,36,0.01608822849811986,2.5711881063056756,16.927758417003133,21.77823163499852,12,o2_trivial_sabre,0.9595761323
ibm_falcon_127,qft_indep_tket_50,validation,qft,tket,50,101,1350,36,36,30,0,6,0.8333333333333334,30,0.1936463835008908,0.31756082733433383,1.1266365856481564,1.7708932489986182,10,o3_default_default,0.0021210899
ibm_falcon_127,qft_indep_tket_6,validation,qft,tket,6,13,30,36,36,36,0,0,1.0,36,0.020784680000360822,4.077115835833562,17.12795047624968,61.79652634199738,12,o2_default_default,0.9320860341
ibm_falcon_127,qft_indep_tket_60,validation,qft,tket,60,121,1920,36,36,30,0,6,0.8333333333333334,30,0.21564057650175528,0.45449033103407904,1.921568918148477,2.2297908870023093,10,o3_default_default,0.0001057343
ibm_falcon_127,qft_indep_tket_7,validation,qft,tket,7,15,38,36,36,32,0,4,0.8888888888888888,32,0.01705714800118585,3.431662916374762,22.96307149565142,58.29705916700186,10,o3_default_default,0.9067619227
ibm_falcon_127,qft_indep_tket_8,validation,qft,tket,8,17,48,36,36,35,0,1,0.9722222222222222,35,0.016963321999355685,10.193469201085307,73.64802309449803,83.6211823640042,11,o2_default_default,0.8634417425
ibm_falcon_127,qft_indep_tket_9,validation,qft,tket,9,19,58,36,36,30,0,6,0.8333333333333334,30,0.017468912003096193,0.020711896565868908,0.03550733844858769,0.0397041519972845,10,o2_default_default,0.8233331916
ibm_falcon_127,qftentangled_indep_qiskit_10,validation,qftentangled,qiskit,10,23,80,36,36,30,0,6,0.8333333333333334,30,0.017710542000713758,0.021180471266658667,0.039078079599494234,0.041866660001687706,10,o3_default_default,0.7633479299
ibm_falcon_127,qftentangled_indep_qiskit_11,validation,qftentangled,qiskit,11,25,93,36,36,30,0,6,0.8333333333333334,30,0.021565240000199992,0.024837646599917208,0.045088846501675994,0.052328894002130255,10,o3_default_default,0.720707761
ibm_falcon_127,qftentangled_indep_qiskit_12,validation,qftentangled,qiskit,12,27,108,36,36,30,0,6,0.8333333333333334,30,0.021196648503973847,0.02650075213484039,0.05285249324915639,0.07118526699923677,10,o3_default_default,0.673350365
ibm_falcon_127,qftentangled_indep_qiskit_13,validation,qftentangled,qiskit,13,29,123,36,36,30,0,6,0.8333333333333334,30,0.02157496449945029,0.027676804833996965,0.05844195005083748,0.07086018299742136,10,o3_default_default,0.636085469
ibm_falcon_127,qftentangled_indep_qiskit_14,validation,qftentangled,qiskit,14,31,140,36,36,30,0,6,0.8333333333333334,30,0.022676160999253625,0.031196041866739202,0.07411369229921543,0.0934820460024639,10,o3_default_default,0.5841776531
ibm_falcon_127,qftentangled_indep_qiskit_15,validation,qftentangled,qiskit,15,33,157,36,36,30,0,6,0.8333333333333334,30,0.023683223502303008,0.04078913690003295,0.08339234999803011,0.20468028700270224,10,o3_default_default,0.5240500855
ibm_falcon_127,qftentangled_indep_qiskit_16,validation,qftentangled,qiskit,16,35,176,36,36,30,0,6,0.8333333333333334,30,0.02649887300140108,0.036774400967503125,0.09986255905278084,0.10804493100295076,10,o3_default_default,0.5024355961
ibm_falcon_127,qftentangled_indep_qiskit_2,validation,qftentangled,qiskit,2,7,8,36,36,36,0,0,1.0,36,0.011538401002326282,0.011308655693937908,0.013467227250657743,0.014060604000405874,12,o3_default_default,0.9987991939
ibm_falcon_127,qftentangled_indep_qiskit_3,validation,qftentangled,qiskit,3,9,13,36,36,36,0,0,1.0,36,0.014864877502986928,0.7511526613335364,4.554431901004136,4.560325899001327,12,o3_default_default,0.9906233942
ibm_falcon_127,qftentangled_indep_qiskit_30,validation,qftentangled,qiskit,30,63,540,36,36,30,0,6,0.8333333333333334,30,0.08083584900305141,0.1172997684329554,0.34832472039852286,0.3745568199956324,10,o3_default_default,0.073137865
ibm_falcon_127,qftentangled_indep_qiskit_4,validation,qftentangled,qiskit,4,11,20,36,36,36,0,0,1.0,36,0.018151978500100086,1.8830903847772587,11.100705948747418,17.361765139001363,12,o2_dense_sabre,0.9757277624
ibm_falcon_127,qftentangled_indep_qiskit_40,validation,qftentangled,qiskit,40,83,920,36,36,30,0,6,0.8333333333333334,30,0.15510942949913442,0.23903071763318925,0.6106995636993814,0.806492753996281,10,o3_default_default,0.0149358247
ibm_falcon_127,qftentangled_indep_qiskit_5,validation,qftentangled,qiskit,5,13,27,36,36,36,0,0,1.0,36,0.015684149500884814,3.995192985638722,24.01855195749704,28.225296897995577,12,o2_trivial_sabre,0.9561324843
ibm_falcon_127,qftentangled_indep_qiskit_50,validation,qftentangled,qiskit,50,103,1400,36,36,30,0,6,0.8333333333333334,30,0.18226568150203093,0.30043932143404767,1.2411689765518525,1.4248027770008775,10,o3_default_default,0.0012430752
ibm_falcon_127,qftentangled_indep_qiskit_6,validation,qftentangled,qiskit,6,15,36,36,36,36,0,0,1.0,36,0.01629525949829258,7.13593479652809,43.82568273149809,58.348193147998245,12,o3_default_default,0.9308179473
ibm_falcon_127,qftentangled_indep_qiskit_60,validation,qftentangled,qiskit,60,123,1980,36,36,30,0,6,0.8333333333333334,30,0.20631287099968176,0.36093077309972915,1.1105315721993971,1.8200608949991874,10,o3_sabre_sabre,5.59632e-05
ibm_falcon_127,qftentangled_indep_qiskit_7,validation,qftentangled,qiskit,7,17,45,36,36,34,0,2,0.9444444444444444,34,0.017692463003186276,4.794772942147093,40.33693407810024,41.29135198499716,10,o2_default_default,0.8767240449
ibm_falcon_127,qftentangled_indep_qiskit_70,validation,qftentangled,qiskit,70,143,2660,36,36,30,0,6,0.8333333333333334,30,0.2049524600006407,0.3966445249330718,1.457632940348775,1.7401126490003662,10,o3_default_default,8.4491e-06
ibm_falcon_127,qftentangled_indep_qiskit_8,validation,qftentangled,qiskit,8,19,56,36,36,30,0,6,0.8333333333333334,30,0.016828570998768555,0.019529164300183765,0.03445723320219258,0.03644734099361813,10,o3_default_default,0.829464403
ibm_falcon_127,qftentangled_indep_qiskit_9,validation,qftentangled,qiskit,9,21,67,36,36,30,0,6,0.8333333333333334,30,0.018004920002567815,0.01986195060162572,0.033418337603870876,0.03919882600166602,10,o3_default_default,0.8173745858
ibm_falcon_127,qftentangled_indep_tket_10,validation,qftentangled,tket,10,23,80,36,36,30,0,6,0.8333333333333334,30,0.017821068500779802,0.02071976443354894,0.03495808694897277,0.03804225400381256,10,o3_default_default,0.7633479299
ibm_falcon_127,qftentangled_indep_tket_11,validation,qftentangled,tket,11,25,93,36,36,30,0,6,0.8333333333333334,30,0.022712631995091215,0.026134780632613305,0.04667916480284473,0.05201974800002063,10,o3_default_default,0.720707761
ibm_falcon_127,qftentangled_indep_tket_12,validation,qftentangled,tket,12,27,108,36,36,30,0,6,0.8333333333333334,30,0.022999871500360314,0.029617136966165466,0.06397084064919907,0.0771700810000766,10,o3_default_default,0.673350365
ibm_falcon_127,qftentangled_indep_tket_13,validation,qftentangled,tket,13,29,123,36,36,30,0,6,0.8333333333333334,30,0.02451695949639543,0.02956278663429354,0.056778816450241715,0.06785106000461383,10,o3_default_default,0.636085469
ibm_falcon_127,qftentangled_indep_tket_14,validation,qftentangled,tket,14,31,140,36,36,30,0,6,0.8333333333333334,30,0.02287418199921376,0.03430220373265911,0.09167399424914037,0.12202053800137946,10,o3_default_default,0.5841776531
ibm_falcon_127,qftentangled_indep_tket_2,validation,qftentangled,tket,2,7,8,36,36,36,0,0,1.0,36,0.011846158500702586,0.012257821861769318,0.015262952998455148,0.01612622500397265,12,o3_default_default,0.9987991939
ibm_falcon_127,qftentangled_indep_tket_3,validation,qftentangled,tket,3,9,13,36,36,36,0,0,1.0,36,0.015662768499169033,0.7784718398332997,4.71878875999937,4.756777877999411,12,o3_default_default,0.9906233942
ibm_falcon_127,qftentangled_indep_tket_30,validation,qftentangled,tket,30,63,540,36,36,30,0,6,0.8333333333333334,30,0.08089001850021305,0.11556121183287663,0.3083886130989413,0.3956337749987142,10,o3_default_default,0.0731161205
ibm_falcon_127,qftentangled_indep_tket_4,validation,qftentangled,tket,4,11,20,36,36,36,0,0,1.0,36,0.017114454003603896,1.881808820305701,10.894273432497357,16.637245853999048,12,o2_dense_sabre,0.9757277624
ibm_falcon_127,qftentangled_indep_tket_40,validation,qftentangled,tket,40,83,920,36,36,30,0,6,0.8333333333333334,30,0.12053280549662304,0.2164718228324394,0.6051287791473441,0.7430053589996533,10,o3_default_default,0.0149358247
ibm_falcon_127,qftentangled_indep_tket_5,validation,qftentangled,tket,5,13,27,36,36,36,0,0,1.0,36,0.016705826499674004,4.02482596466608,23.82936705125212,29.5262327370001,12,o2_trivial_sabre,0.9561324843
ibm_falcon_127,qftentangled_indep_tket_50,validation,qftentangled,tket,50,103,1400,36,36,30,0,6,0.8333333333333334,30,0.15538734950314392,0.2674538774001121,1.0292086908473719,1.114660762999847,10,o3_default_default,0.0012430752
ibm_falcon_127,qftentangled_indep_tket_6,validation,qftentangled,tket,6,15,36,36,36,36,0,0,1.0,36,0.017612816503969952,7.135715644806421,44.37054159050422,58.39347252200241,12,o3_default_default,0.9308179473
ibm_falcon_127,qftentangled_indep_tket_7,validation,qftentangled,tket,7,17,45,36,36,34,0,2,0.9444444444444444,34,0.016230752498813672,4.951206409353557,41.72376606900361,43.19707056400512,10,o2_default_default,0.8767240449
ibm_falcon_127,qftentangled_indep_tket_8,validation,qftentangled,tket,8,19,56,36,36,30,0,6,0.8333333333333334,30,0.015961664998030756,0.018089279033059333,0.02950294919755833,0.030294520998722874,10,o3_default_default,0.829464403
ibm_falcon_127,qftentangled_indep_tket_9,validation,qftentangled,tket,9,21,67,36,36,30,0,6,0.8333333333333334,30,0.016465140499349218,0.019718019101856044,0.032288343899563185,0.04679808299988508,10,o3_default_default,0.8173745858
