{
  "status": "prepared",
  "circuit_id": "pricingcall_indep_qiskit_11",
  "source_sha256": "36f58505d5126e70b8c176ce9018a7def04486820f93fcbf381ecefaf9c0fec4",
  "features": {
    "gate_count_u3": 1.0,
    "gate_count_u2": 0.0,
    "gate_count_u1": 0.0,
    "gate_count_cx": 52.0,
    "gate_count_id": 0.0,
    "gate_count_u0": 0.0,
    "gate_count_u": 21.0,
    "gate_count_p": 0.0,
    "gate_count_x": 20.0,
    "gate_count_y": 0.0,
    "gate_count_z": 0.0,
    "gate_count_h": 0.0,
    "gate_count_s": 0.0,
    "gate_count_sdg": 0.0,
    "gate_count_t": 0.0,
    "gate_count_tdg": 0.0,
    "gate_count_rx": 0.0,
    "gate_count_ry": 32.0,
    "gate_count_rz": 0.0,
    "gate_count_sx": 0.0,
    "gate_count_sxdg": 0.0,
    "gate_count_cz": 0.0,
    "gate_count_cy": 0.0,
    "gate_count_swap": 0.0,
    "gate_count_ch": 0.0,
    "gate_count_ccx": 24.0,
    "gate_count_cswap": 0.0,
    "gate_count_crx": 0.0,
    "gate_count_cry": 5.0,
    "gate_count_crz": 0.0,
    "gate_count_cu1": 0.0,
    "gate_count_cp": 0.0,
    "gate_count_cu3": 0.0,
    "gate_count_csx": 0.0,
    "gate_count_cu": 0.0,
    "gate_count_rxx": 0.0,
    "gate_count_rzz": 0.0,
    "gate_count_rccx": 0.0,
    "gate_count_rc3x": 0.0,
    "gate_count_c3x": 0.0,
    "gate_count_c3sqrtx": 0.0,
    "gate_count_c4x": 0.0,
    "num_qubits": 11.0,
    "depth": 127.0,
    "program_communication": 0.2909090909090909,
    "critical_depth": 0.9473684210526315,
    "entanglement_ratio": 0.36774193548387096,
    "parallelism": 0.022047244094488196,
    "liveness": 0.19398711524695778
  },
  "devices": [
    "ibm_falcon_127",
    "ibm_falcon_27",
    "ibm_heron_133",
    "ibm_heron_156",
    "quantinuum_h2_56"
  ],
  "examples": [
    {
      "rag_id": "rag_3fc15d69c35cfade39cca440ef4e8f402a7b8870c7ab7d30a53908079518f516",
      "distance": 4.568106738463007
    },
    {
      "rag_id": "rag_80a90838fc07aebd209ae9b10fdfad21d21a672b73ed60ecd2e6e8e42f559bd4",
      "distance": 4.568106738463007
    },
    {
      "rag_id": "rag_b7fd0e6e1c4fd6fbb3e4e3a4644b37a7560e135b22cddb018dcf983fac5ec2da",
      "distance": 4.576498141345151
    },
    {
      "rag_id": "rag_fbfe56de23b6f65b7009e212d833218cc17f54c0b922a91f7f24b19aa2d5c5f3",
      "distance": 4.576498141345151
    },
    {
      "rag_id": "rag_0f8f2d2038b1c3306d17cb4bde98a2a037df93584cb82476179a88f91216d123",
      "distance": 4.585133806805965
    }
  ],
  "registry_count": 5,
  "registry_sha256": "8a76d38b8f55da5551aa7de8b4bbc0377cab7442cf4cd1f944391a89b56f0f16",
  "prompt_sha256": "9d3ccee7e9cc84d9db595d4209d177d9465cd59212b79f089ce677ca8c8da406",
  "prompt": {
    "task": "Recommend one compatible quantum device and an allowlisted deterministic Qiskit compilation plan.",
    "live_request": {
      "schema_version": "1.0.0",
      "request_id": "25e1130a-544e-5ba7-905f-67a4318e5af5",
      "catalog_snapshot_id": "hardware_catalog_d1c339c8243cc208ebbf34fa22724ea19bcbe9af0c49b43fc98794e3cfe66dac",
      "user_text": "",
      "figure_of_merit": "expected_fidelity",
      "constraints": {},
      "circuit": {
        "name": "pricingcall_indep_qiskit_11",
        "format": "OpenQASM 2",
        "qasm2": "// Benchmark was created by MQT Bench on 2023-06-29\n// For more information about MQT Bench, please visit https://www.cda.cit.tum.de/mqtbench/\n// MQT Bench version: v1.0.0\n// Qiskit version: {'qiskit-terra': '0.24.1', 'qiskit-aer': '0.12.0', 'qiskit-ignis': None, 'qiskit-ibmq-provider': '0.20.2', 'qiskit': '0.43.1', 'qiskit-nature': '0.6.2', 'qiskit-finance': '0.3.4', 'qiskit-optimization': '0.5.0', 'qiskit-machine-learning': '0.6.1'}\n\nOPENQASM 2.0;\ninclude \"qelib1.inc\";\nqreg q[11];\ncreg meas[11];\nry(1.6198682507649047) q[0];\nry(1.6522302917073766) q[1];\nry(1.6686540393933997) q[2];\nry(1.6513284175602783) q[3];\nry(1.513791568856051) q[4];\ncx q[4],q[3];\nry(0.8865441001965427) q[3];\ncx q[4],q[3];\ncx q[3],q[2];\nry(0.27136874684996826) q[2];\ncx q[4],q[2];\nry(0.12296746850591658) q[2];\ncx q[3],q[2];\nry(0.5561141419458926) q[2];\ncx q[4],q[2];\ncx q[2],q[1];\nry(0.08597710262930724) q[1];\ncx q[3],q[1];\nry(0.02128571075901764) q[1];\ncx q[2],q[1];\nry(0.1717062891360026) q[1];\ncx q[4],q[1];\nry(0.09020964299228712) q[1];\ncx q[2],q[1];\nry(0.009215944885749727) q[1];\ncx q[3],q[1];\nry(0.0442354039257552) q[1];\ncx q[2],q[1];\nry(0.32183424985558245) q[1];\ncx q[4],q[1];\ncx q[1],q[0];\nry(0.02442612637425834) q[0];\ncx q[2],q[0];\nry(0.0038978568896098076) q[0];\ncx q[1],q[0];\nry(0.0485542812102942) q[0];\ncx q[3],q[0];\nry(0.015244745443372232) q[0];\ncx q[1],q[0];\nry(0.0012686783248472833) q[0];\ncx q[2],q[0];\nry(0.007653454623708866) q[0];\ncx q[1],q[0];\nry(0.09454174123859943) q[0];\ncx q[4],q[0];\nry(0.05275864958646086) q[0];\ncx q[1],q[0];\nry(0.004656051107221712) q[0];\ncx q[2],q[0];\nry(0.0007802127795901309) q[0];\ncx q[1],q[0];\nry(0.009297218326801707) q[0];\ncx q[3],q[0];\nry(0.027179311202451997) q[0];\ncx q[1],q[0];\nry(0.00235243320042329) q[0];\ncx q[2],q[0];\nry(0.013674425811266919) q[0];\ncx q[1],q[0];\nry(0.1709079216792977) q[0];\ncx q[4],q[0];\nry(3*pi/8) q[5];\ncry(0) q[0],q[5];\ncry(0) q[1],q[5];\nx q[1];\ncry(0) q[2],q[5];\ncry(0) q[3],q[5];\ncry(0) q[4],q[5];\nx q[4];\nx q[6];\nx q[7];\nx q[8];\nccx q[1],q[7],q[8];\nccx q[2],q[8],q[9];\nccx q[3],q[9],q[10];\nx q[10];\nccx q[4],q[10],q[6];\nx q[10];\nccx q[3],q[9],q[10];\nccx q[2],q[8],q[9];\nx q[4];\ncx q[6],q[5];\nu(0.2942523647695425,0,0) q[5];\ncx q[6],q[5];\nu3(0.2942523647695425,-pi,-pi) q[5];\ncx q[6],q[5];\nu(-0.011079862039810753,0,0) q[5];\ncx q[6],q[5];\nu(0.011079862039810753,0,0) q[5];\nccx q[6],q[0],q[5];\ncx q[6],q[5];\nu(0.011079862039810753,0,0) q[5];\ncx q[6],q[5];\nu(-0.011079862039810753,0,0) q[5];\nccx q[6],q[0],q[5];\ncx q[6],q[5];\nu(-0.022159724079621506,0,0) q[5];\ncx q[6],q[5];\nu(0.022159724079621506,0,0) q[5];\nx q[8];\nccx q[1],q[7],q[8];\nx q[1];\nccx q[6],q[1],q[5];\ncx q[6],q[5];\nu(0.022159724079621506,0,0) q[5];\ncx q[6],q[5];\nu(-0.022159724079621506,0,0) q[5];\nccx q[6],q[1],q[5];\nx q[1];\nccx q[1],q[7],q[8];\ncx q[6],q[5];\nu(-0.04431944815924301,0,0) q[5];\ncx q[6],q[5];\nu(0.04431944815924301,0,0) q[5];\nccx q[6],q[2],q[5];\ncx q[6],q[5];\nu(0.04431944815924301,0,0) q[5];\ncx q[6],q[5];\nu(-0.04431944815924301,0,0) q[5];\nccx q[6],q[2],q[5];\ncx q[6],q[5];\nu(-0.08863889631848602,0,0) q[5];\ncx q[6],q[5];\nu(0.08863889631848602,0,0) q[5];\nccx q[6],q[3],q[5];\ncx q[6],q[5];\nu(0.08863889631848602,0,0) q[5];\ncx q[6],q[5];\nu(-0.08863889631848602,0,0) q[5];\nccx q[6],q[3],q[5];\ncx q[6],q[5];\nu(-0.17727779263697205,0,0) q[5];\ncx q[6],q[5];\nu(0.17727779263697205,0,0) q[5];\nccx q[6],q[4],q[5];\ncx q[6],q[5];\nu(0.17727779263697205,0,0) q[5];\ncx q[6],q[5];\nu(-0.17727779263697205,0,0) q[5];\nccx q[6],q[4],q[5];\nx q[4];\nx q[8];\nccx q[2],q[8],q[9];\nccx q[3],q[9],q[10];\nx q[10];\nccx q[4],q[10],q[6];\nx q[10];\nccx q[3],q[9],q[10];\nccx q[2],q[8],q[9];\nccx q[1],q[7],q[8];\nx q[1];\nx q[4];\nx q[6];\nx q[7];\nx q[8];\nbarrier q[0],q[1],q[2],q[3],q[4],q[5],q[6],q[7],q[8],q[9],q[10];\nmeasure q[0] -> meas[0];\nmeasure q[1] -> meas[1];\nmeasure q[2] -> meas[2];\nmeasure q[3] -> meas[3];\nmeasure q[4] -> meas[4];\nmeasure q[5] -> meas[5];\nmeasure q[6] -> meas[6];\nmeasure q[7] -> meas[7];\nmeasure q[8] -> meas[8];\nmeasure q[9] -> meas[9];\nmeasure q[10] -> meas[10];\n",
        "num_qubits": 11,
        "depth": 127,
        "operation_names": [
          "barrier",
          "ccx",
          "cry",
          "cx",
          "measure",
          "ry",
          "u",
          "u3",
          "x"
        ],
        "features": {
          "gate_count_u3": 1.0,
          "gate_count_u2": 0.0,
          "gate_count_u1": 0.0,
          "gate_count_cx": 52.0,
          "gate_count_id": 0.0,
          "gate_count_u0": 0.0,
          "gate_count_u": 21.0,
          "gate_count_p": 0.0,
          "gate_count_x": 20.0,
          "gate_count_y": 0.0,
          "gate_count_z": 0.0,
          "gate_count_h": 0.0,
          "gate_count_s": 0.0,
          "gate_count_sdg": 0.0,
          "gate_count_t": 0.0,
          "gate_count_tdg": 0.0,
          "gate_count_rx": 0.0,
          "gate_count_ry": 32.0,
          "gate_count_rz": 0.0,
          "gate_count_sx": 0.0,
          "gate_count_sxdg": 0.0,
          "gate_count_cz": 0.0,
          "gate_count_cy": 0.0,
          "gate_count_swap": 0.0,
          "gate_count_ch": 0.0,
          "gate_count_ccx": 24.0,
          "gate_count_cswap": 0.0,
          "gate_count_crx": 0.0,
          "gate_count_cry": 5.0,
          "gate_count_crz": 0.0,
          "gate_count_cu1": 0.0,
          "gate_count_cp": 0.0,
          "gate_count_cu3": 0.0,
          "gate_count_csx": 0.0,
          "gate_count_cu": 0.0,
          "gate_count_rxx": 0.0,
          "gate_count_rzz": 0.0,
          "gate_count_rccx": 0.0,
          "gate_count_rc3x": 0.0,
          "gate_count_c3x": 0.0,
          "gate_count_c3sqrtx": 0.0,
          "gate_count_c4x": 0.0,
          "num_qubits": 11.0,
          "depth": 127.0,
          "program_communication": 0.2909090909090909,
          "critical_depth": 0.9473684210526315,
          "entanglement_ratio": 0.36774193548387096,
          "parallelism": 0.022047244094488196,
          "liveness": 0.19398711524695778
        }
      },
      "compatible_hardware": [
        {
          "id": "ibm_falcon_127",
          "num_qubits": 127,
          "operation_names": [
            "box",
            "break",
            "continue",
            "cx",
            "delay",
            "for_loop",
            "id",
            "if_else",
            "measure",
            "reset",
            "rz",
            "switch_case",
            "sx",
            "while_loop",
            "x"
          ],
          "coupling_edges": [
            [
              0,
              1
            ],
            [
              0,
              14
            ],
            [
              1,
              0
            ],
            [
              1,
              2
            ],
            [
              2,
              1
            ],
            [
              2,
              3
            ],
            [
              3,
              2
            ],
            [
              3,
              4
            ],
            [
              4,
              3
            ],
            [
              4,
              5
            ],
            [
              4,
              15
            ],
            [
              5,
              4
            ],
            [
              5,
              6
            ],
            [
              6,
              5
            ],
            [
              6,
              7
            ],
            [
              7,
              6
            ],
            [
              7,
              8
            ],
            [
              8,
              7
            ],
            [
              8,
              16
            ],
            [
              9,
              10
            ],
            [
              10,
              9
            ],
            [
              10,
              11
            ],
            [
              11,
              10
            ],
            [
              11,
              12
            ],
            [
              12,
              11
            ],
            [
              12,
              13
            ],
            [
              12,
              17
            ],
            [
              13,
              12
            ],
            [
              14,
              0
            ],
            [
              14,
              18
            ],
            [
              15,
              4
            ],
            [
              15,
              22
            ],
            [
              16,
              8
            ],
            [
              16,
              26
            ],
            [
              17,
              12
            ],
            [
              17,
              30
            ],
            [
              18,
              14
            ],
            [
              18,
              19
            ],
            [
              19,
              18
            ],
            [
              19,
              20
            ],
            [
              20,
              19
            ],
            [
              20,
              21
            ],
            [
              20,
              33
            ],
            [
              21,
              20
            ],
            [
              21,
              22
            ],
            [
              22,
              15
            ],
            [
              22,
              21
            ],
            [
              22,
              23
            ],
            [
              23,
              22
            ],
            [
              23,
              24
            ],
            [
              24,
              23
            ],
            [
              24,
              25
            ],
            [
              24,
              34
            ],
            [
              25,
              24
            ],
            [
              25,
              26
            ],
            [
              26,
              16
            ],
            [
              26,
              25
            ],
            [
              26,
              27
            ],
            [
              27,
              26
            ],
            [
              27,
              28
            ],
            [
              28,
              27
            ],
            [
              28,
              29
            ],
            [
              28,
              35
            ],
            [
              29,
              28
            ],
            [
              29,
              30
            ],
            [
              30,
              17
            ],
            [
              30,
              29
            ],
            [
              30,
              31
            ],
            [
              31,
              30
            ],
            [
              31,
              32
            ],
            [
              32,
              31
            ],
            [
              32,
              36
            ],
            [
              33,
              20
            ],
            [
              33,
              39
            ],
            [
              34,
              24
            ],
            [
              34,
              43
            ],
            [
              35,
              28
            ],
            [
              35,
              47
            ],
            [
              36,
              32
            ],
            [
              36,
              51
            ],
            [
              37,
              38
            ],
            [
              37,
              52
            ],
            [
              38,
              37
            ],
            [
              38,
              39
            ],
            [
              39,
              33
            ],
            [
              39,
              38
            ],
            [
              39,
              40
            ],
            [
              40,
              39
            ],
            [
              40,
              41
            ],
            [
              41,
              40
            ],
            [
              41,
              42
            ],
            [
              41,
              53
            ],
            [
              42,
              41
            ],
            [
              42,
              43
            ],
            [
              43,
              34
            ],
            [
              43,
              42
            ],
            [
              43,
              44
            ],
            [
              44,
              43
            ],
            [
              44,
              45
            ],
            [
              45,
              44
            ],
            [
              45,
              46
            ],
            [
              45,
              54
            ],
            [
              46,
              45
            ],
            [
              46,
              47
            ],
            [
              47,
              35
            ],
            [
              47,
              46
            ],
            [
              47,
              48
            ],
            [
              48,
              47
            ],
            [
              48,
              49
            ],
            [
              49,
              48
            ],
            [
              49,
              50
            ],
            [
              49,
              55
            ],
            [
              50,
              49
            ],
            [
              50,
              51
            ],
            [
              51,
              36
            ],
            [
              51,
              50
            ],
            [
              52,
              37
            ],
            [
              52,
              56
            ],
            [
              53,
              41
            ],
            [
              53,
              60
            ],
            [
              54,
              45
            ],
            [
              54,
              64
            ],
            [
              55,
              49
            ],
            [
              55,
              68
            ],
            [
              56,
              52
            ],
            [
              56,
              57
            ],
            [
              57,
              56
            ],
            [
              57,
              58
            ],
            [
              58,
              57
            ],
            [
              58,
              59
            ],
            [
              58,
              71
            ],
            [
              59,
              58
            ],
            [
              59,
              60
            ],
            [
              60,
              53
            ],
            [
              60,
              59
            ],
            [
              60,
              61
            ],
            [
              61,
              60
            ],
            [
              61,
              62
            ],
            [
              62,
              61
            ],
            [
              62,
              63
            ],
            [
              62,
              72
            ],
            [
              63,
              62
            ],
            [
              63,
              64
            ],
            [
              64,
              54
            ],
            [
              64,
              63
            ],
            [
              64,
              65
            ],
            [
              65,
              64
            ],
            [
              65,
              66
            ],
            [
              66,
              65
            ],
            [
              66,
              67
            ],
            [
              66,
              73
            ],
            [
              67,
              66
            ],
            [
              67,
              68
            ],
            [
              68,
              55
            ],
            [
              68,
              67
            ],
            [
              68,
              69
            ],
            [
              69,
              68
            ],
            [
              69,
              70
            ],
            [
              70,
              69
            ],
            [
              70,
              74
            ],
            [
              71,
              58
            ],
            [
              71,
              77
            ],
            [
              72,
              62
            ],
            [
              72,
              81
            ],
            [
              73,
              66
            ],
            [
              73,
              85
            ],
            [
              74,
              70
            ],
            [
              74,
              89
            ],
            [
              75,
              76
            ],
            [
              75,
              90
            ],
            [
              76,
              75
            ],
            [
              76,
              77
            ],
            [
              77,
              71
            ],
            [
              77,
              76
            ],
            [
              77,
              78
            ],
            [
              78,
              77
            ],
            [
              78,
              79
            ],
            [
              79,
              78
            ],
            [
              79,
              80
            ],
            [
              79,
              91
            ],
            [
              80,
              79
            ],
            [
              80,
              81
            ],
            [
              81,
              72
            ],
            [
              81,
              80
            ],
            [
              81,
              82
            ],
            [
              82,
              81
            ],
            [
              82,
              83
            ],
            [
              83,
              82
            ],
            [
              83,
              84
            ],
            [
              83,
              92
            ],
            [
              84,
              83
            ],
            [
              84,
              85
            ],
            [
              85,
              73
            ],
            [
              85,
              84
            ],
            [
              85,
              86
            ],
            [
              86,
              85
            ],
            [
              86,
              87
            ],
            [
              87,
              86
            ],
            [
              87,
              88
            ],
            [
              87,
              93
            ],
            [
              88,
              87
            ],
            [
              88,
              89
            ],
            [
              89,
              74
            ],
            [
              89,
              88
            ],
            [
              90,
              75
            ],
            [
              90,
              94
            ],
            [
              91,
              79
            ],
            [
              91,
              98
            ],
            [
              92,
              83
            ],
            [
              92,
              102
            ],
            [
              93,
              87
            ],
            [
              93,
              106
            ],
            [
              94,
              90
            ],
            [
              94,
              95
            ],
            [
              95,
              94
            ],
            [
              95,
              96
            ],
            [
              96,
              95
            ],
            [
              96,
              97
            ],
            [
              96,
              109
            ],
            [
              97,
              96
            ],
            [
              97,
              98
            ],
            [
              98,
              91
            ],
            [
              98,
              97
            ],
            [
              98,
              99
            ],
            [
              99,
              98
            ],
            [
              99,
              100
            ],
            [
              100,
              99
            ],
            [
              100,
              101
            ],
            [
              100,
              110
            ],
            [
              101,
              100
            ],
            [
              101,
              102
            ],
            [
              102,
              92
            ],
            [
              102,
              101
            ],
            [
              102,
              103
            ],
            [
              103,
              102
            ],
            [
              103,
              104
            ],
            [
              104,
              103
            ],
            [
              104,
              105
            ],
            [
              104,
              111
            ],
            [
              105,
              104
            ],
            [
              105,
              106
            ],
            [
              106,
              93
            ],
            [
              106,
              105
            ],
            [
              106,
              107
            ],
            [
              107,
              106
            ],
            [
              107,
              108
            ],
            [
              108,
              107
            ],
            [
              108,
              112
            ],
            [
              109,
              96
            ],
            [
              110,
              100
            ],
            [
              110,
              118
            ],
            [
              111,
              104
            ],
            [
              111,
              122
            ],
            [
              112,
              108
            ],
            [
              112,
              126
            ],
            [
              113,
              114
            ],
            [
              114,
              113
            ],
            [
              114,
              115
            ],
            [
              115,
              114
            ],
            [
              115,
              116
            ],
            [
              116,
              115
            ],
            [
              116,
              117
            ],
            [
              117,
              116
            ],
            [
              117,
              118
            ],
            [
              118,
              110
            ],
            [
              118,
              117
            ],
            [
              118,
              119
            ],
            [
              119,
              118
            ],
            [
              119,
              120
            ],
            [
              120,
              119
            ],
            [
              120,
              121
            ],
            [
              121,
              120
            ],
            [
              121,
              122
            ],
            [
              122,
              111
            ],
            [
              122,
              121
            ],
            [
              122,
              123
            ],
            [
              123,
              122
            ],
            [
              123,
              124
            ],
            [
              124,
              123
            ],
            [
              124,
              125
            ],
            [
              125,
              124
            ],
            [
              125,
              126
            ],
            [
              126,
              112
            ],
            [
              126,
              125
            ]
          ],
          "supported_figure_of_merit_ids": [
            "expected_fidelity"
          ],
          "allowed_qiskit_configuration_ids": [
            "o2_default_default",
            "o3_default_default",
            "o2_sabre_sabre",
            "o2_dense_sabre",
            "o2_trivial_sabre",
            "o3_sabre_sabre",
            "o3_dense_sabre",
            "o3_trivial_sabre",
            "o2_sabre_lookahead",
            "o2_sabre_basic",
            "o3_sabre_lookahead",
            "o3_sabre_basic"
          ],
          "target_hash": "5b91130482b02e3029bf550d88ec2cf732b52f023137c0f1ec7e059facb1debd",
          "metadata": {
            "target_source": "mqt.bench.targets.get_device",
            "native_gateset_id": "ibm_falcon",
            "target_fingerprint_algorithm": "qiskit-dataset-target/2",
            "calibration_kind": "synthetic_deterministic_target",
            "live_hardware_data": false,
            "target_type": "qiskit.transpiler.target.Target",
            "coupling_hash": "fd995d3a13e8cb7d48f3516d6f7fb7c582d213f15f83919b649fa0f84ba9766c",
            "instruction_properties_hash": "d20642cd5bff5d7ccd2a7232198abd62e26a8180666c35938204357183ebd591"
          }
        },
        {
          "id": "ibm_falcon_27",
          "num_qubits": 27,
          "operation_names": [
            "box",
            "break",
            "continue",
            "cx",
            "delay",
            "for_loop",
            "id",
            "if_else",
            "measure",
            "reset",
            "rz",
            "switch_case",
            "sx",
            "while_loop",
            "x"
          ],
          "coupling_edges": [
            [
              0,
              1
            ],
            [
              1,
              0
            ],
            [
              1,
              2
            ],
            [
              1,
              4
            ],
            [
              2,
              1
            ],
            [
              2,
              3
            ],
            [
              3,
              2
            ],
            [
              3,
              5
            ],
            [
              4,
              1
            ],
            [
              4,
              7
            ],
            [
              5,
              3
            ],
            [
              5,
              8
            ],
            [
              6,
              7
            ],
            [
              7,
              4
            ],
            [
              7,
              6
            ],
            [
              7,
              10
            ],
            [
              8,
              5
            ],
            [
              8,
              9
            ],
            [
              8,
              11
            ],
            [
              9,
              8
            ],
            [
              10,
              7
            ],
            [
              10,
              12
            ],
            [
              11,
              8
            ],
            [
              11,
              14
            ],
            [
              12,
              10
            ],
            [
              12,
              13
            ],
            [
              12,
              15
            ],
            [
              13,
              12
            ],
            [
              13,
              14
            ],
            [
              14,
              11
            ],
            [
              14,
              13
            ],
            [
              14,
              16
            ],
            [
              15,
              12
            ],
            [
              15,
              18
            ],
            [
              16,
              14
            ],
            [
              16,
              19
            ],
            [
              17,
              18
            ],
            [
              18,
              15
            ],
            [
              18,
              17
            ],
            [
              18,
              21
            ],
            [
              19,
              16
            ],
            [
              19,
              20
            ],
            [
              19,
              22
            ],
            [
              20,
              19
            ],
            [
              21,
              18
            ],
            [
              21,
              23
            ],
            [
              22,
              19
            ],
            [
              22,
              25
            ],
            [
              23,
              21
            ],
            [
              23,
              24
            ],
            [
              24,
              23
            ],
            [
              24,
              25
            ],
            [
              25,
              22
            ],
            [
              25,
              24
            ],
            [
              25,
              26
            ],
            [
              26,
              25
            ]
          ],
          "supported_figure_of_merit_ids": [
            "expected_fidelity"
          ],
          "allowed_qiskit_configuration_ids": [
            "o2_default_default",
            "o3_default_default",
            "o2_sabre_sabre",
            "o2_dense_sabre",
            "o2_trivial_sabre",
            "o3_sabre_sabre",
            "o3_dense_sabre",
            "o3_trivial_sabre",
            "o2_sabre_lookahead",
            "o2_sabre_basic",
            "o3_sabre_lookahead",
            "o3_sabre_basic"
          ],
          "target_hash": "b9120f471bd90ef5aae03606ebc1e421478cd50f7b65ff4fb115f64c5148c104",
          "metadata": {
            "target_source": "mqt.bench.targets.get_device",
            "native_gateset_id": "ibm_falcon",
            "target_fingerprint_algorithm": "qiskit-dataset-target/2",
            "calibration_kind": "synthetic_deterministic_target",
            "live_hardware_data": false,
            "target_type": "qiskit.transpiler.target.Target",
            "coupling_hash": "61ca37f4f49fa0ddc2488c885e13c31301495d08b422e06b4a17900e7b4ea683",
            "instruction_properties_hash": "69fa527e32b72f6bff73ec01552dca65ff708396ea5e7ef85ecf24fcbb676027"
          }
        },
        {
          "id": "ibm_heron_133",
          "num_qubits": 133,
          "operation_names": [
            "box",
            "break",
            "continue",
            "cz",
            "delay",
            "for_loop",
            "id",
            "if_else",
            "measure",
            "reset",
            "rz",
            "switch_case",
            "sx",
            "while_loop",
            "x"
          ],
          "coupling_edges": [
            [
              0,
              1
            ],
            [
              0,
              15
            ],
            [
              1,
              0
            ],
            [
              1,
              2
            ],
            [
              2,
              1
            ],
            [
              2,
              3
            ],
            [
              3,
              2
            ],
            [
              3,
              4
            ],
            [
              4,
              3
            ],
            [
              4,
              5
            ],
            [
              4,
              16
            ],
            [
              5,
              4
            ],
            [
              5,
              6
            ],
            [
              6,
              5
            ],
            [
              6,
              7
            ],
            [
              7,
              6
            ],
            [
              7,
              8
            ],
            [
              8,
              7
            ],
            [
              8,
              9
            ],
            [
              8,
              17
            ],
            [
              9,
              8
            ],
            [
              9,
              10
            ],
            [
              10,
              9
            ],
            [
              10,
              11
            ],
            [
              11,
              10
            ],
            [
              11,
              12
            ],
            [
              12,
              11
            ],
            [
              12,
              13
            ],
            [
              12,
              18
            ],
            [
              13,
              12
            ],
            [
              13,
              14
            ],
            [
              14,
              13
            ],
            [
              15,
              0
            ],
            [
              15,
              19
            ],
            [
              16,
              4
            ],
            [
              16,
              23
            ],
            [
              17,
              8
            ],
            [
              17,
              27
            ],
            [
              18,
              12
            ],
            [
              18,
              31
            ],
            [
              19,
              15
            ],
            [
              19,
              20
            ],
            [
              20,
              19
            ],
            [
              20,
              21
            ],
            [
              21,
              20
            ],
            [
              21,
              22
            ],
            [
              21,
              34
            ],
            [
              22,
              21
            ],
            [
              22,
              23
            ],
            [
              23,
              16
            ],
            [
              23,
              22
            ],
            [
              23,
              24
            ],
            [
              24,
              23
            ],
            [
              24,
              25
            ],
            [
              25,
              24
            ],
            [
              25,
              26
            ],
            [
              25,
              35
            ],
            [
              26,
              25
            ],
            [
              26,
              27
            ],
            [
              27,
              17
            ],
            [
              27,
              26
            ],
            [
              27,
              28
            ],
            [
              28,
              27
            ],
            [
              28,
              29
            ],
            [
              29,
              28
            ],
            [
              29,
              30
            ],
            [
              29,
              36
            ],
            [
              30,
              29
            ],
            [
              30,
              31
            ],
            [
              31,
              18
            ],
            [
              31,
              30
            ],
            [
              31,
              32
            ],
            [
              32,
              31
            ],
            [
              32,
              33
            ],
            [
              33,
              32
            ],
            [
              33,
              37
            ],
            [
              34,
              21
            ],
            [
              34,
              40
            ],
            [
              35,
              25
            ],
            [
              35,
              44
            ],
            [
              36,
              29
            ],
            [
              36,
              48
            ],
            [
              37,
              33
            ],
            [
              37,
              52
            ],
            [
              38,
              39
            ],
            [
              38,
              53
            ],
            [
              39,
              38
            ],
            [
              39,
              40
            ],
            [
              40,
              34
            ],
            [
              40,
              39
            ],
            [
              40,
              41
            ],
            [
              41,
              40
            ],
            [
              41,
              42
            ],
            [
              42,
              41
            ],
            [
              42,
              43
            ],
            [
              42,
              54
            ],
            [
              43,
              42
            ],
            [
              43,
              44
            ],
            [
              44,
              35
            ],
            [
              44,
              43
            ],
            [
              44,
              45
            ],
            [
              45,
              44
            ],
            [
              45,
              46
            ],
            [
              46,
              45
            ],
            [
              46,
              47
            ],
            [
              46,
              55
            ],
            [
              47,
              46
            ],
            [
              47,
              48
            ],
            [
              48,
              36
            ],
            [
              48,
              47
            ],
            [
              48,
              49
            ],
            [
              49,
              48
            ],
            [
              49,
              50
            ],
            [
              50,
              49
            ],
            [
              50,
              51
            ],
            [
              50,
              56
            ],
            [
              51,
              50
            ],
            [
              51,
              52
            ],
            [
              52,
              37
            ],
            [
              52,
              51
            ],
            [
              53,
              38
            ],
            [
              53,
              57
            ],
            [
              54,
              42
            ],
            [
              54,
              61
            ],
            [
              55,
              46
            ],
            [
              55,
              65
            ],
            [
              56,
              50
            ],
            [
              56,
              69
            ],
            [
              57,
              53
            ],
            [
              57,
              58
            ],
            [
              58,
              57
            ],
            [
              58,
              59
            ],
            [
              59,
              58
            ],
            [
              59,
              60
            ],
            [
              59,
              72
            ],
            [
              60,
              59
            ],
            [
              60,
              61
            ],
            [
              61,
              54
            ],
            [
              61,
              60
            ],
            [
              61,
              62
            ],
            [
              62,
              61
            ],
            [
              62,
              63
            ],
            [
              63,
              62
            ],
            [
              63,
              64
            ],
            [
              63,
              73
            ],
            [
              64,
              63
            ],
            [
              64,
              65
            ],
            [
              65,
              55
            ],
            [
              65,
              64
            ],
            [
              65,
              66
            ],
            [
              66,
              65
            ],
            [
              66,
              67
            ],
            [
              67,
              66
            ],
            [
              67,
              68
            ],
            [
              67,
              74
            ],
            [
              68,
              67
            ],
            [
              68,
              69
            ],
            [
              69,
              56
            ],
            [
              69,
              68
            ],
            [
              69,
              70
            ],
            [
              70,
              69
            ],
            [
              70,
              71
            ],
            [
              71,
              70
            ],
            [
              71,
              75
            ],
            [
              72,
              59
            ],
            [
              72,
              78
            ],
            [
              73,
              63
            ],
            [
              73,
              82
            ],
            [
              74,
              67
            ],
            [
              74,
              86
            ],
            [
              75,
              71
            ],
            [
              75,
              90
            ],
            [
              76,
              77
            ],
            [
              76,
              91
            ],
            [
              77,
              76
            ],
            [
              77,
              78
            ],
            [
              78,
              72
            ],
            [
              78,
              77
            ],
            [
              78,
              79
            ],
            [
              79,
              78
            ],
            [
              79,
              80
            ],
            [
              80,
              79
            ],
            [
              80,
              81
            ],
            [
              80,
              92
            ],
            [
              81,
              80
            ],
            [
              81,
              82
            ],
            [
              82,
              73
            ],
            [
              82,
              81
            ],
            [
              82,
              83
            ],
            [
              83,
              82
            ],
            [
              83,
              84
            ],
            [
              84,
              83
            ],
            [
              84,
              85
            ],
            [
              84,
              93
            ],
            [
              85,
              84
            ],
            [
              85,
              86
            ],
            [
              86,
              74
            ],
            [
              86,
              85
            ],
            [
              86,
              87
            ],
            [
              87,
              86
            ],
            [
              87,
              88
            ],
            [
              88,
              87
            ],
            [
              88,
              89
            ],
            [
              88,
              94
            ],
            [
              89,
              88
            ],
            [
              89,
              90
            ],
            [
              90,
              75
            ],
            [
              90,
              89
            ],
            [
              91,
              76
            ],
            [
              91,
              95
            ],
            [
              92,
              80
            ],
            [
              92,
              99
            ],
            [
              93,
              84
            ],
            [
              93,
              103
            ],
            [
              94,
              88
            ],
            [
              94,
              107
            ],
            [
              95,
              91
            ],
            [
              95,
              96
            ],
            [
              96,
              95
            ],
            [
              96,
              97
            ],
            [
              97,
              96
            ],
            [
              97,
              98
            ],
            [
              97,
              110
            ],
            [
              98,
              97
            ],
            [
              98,
              99
            ],
            [
              99,
              92
            ],
            [
              99,
              98
            ],
            [
              99,
              100
            ],
            [
              100,
              99
            ],
            [
              100,
              101
            ],
            [
              101,
              100
            ],
            [
              101,
              102
            ],
            [
              101,
              111
            ],
            [
              102,
              101
            ],
            [
              102,
              103
            ],
            [
              103,
              93
            ],
            [
              103,
              102
            ],
            [
              103,
              104
            ],
            [
              104,
              103
            ],
            [
              104,
              105
            ],
            [
              105,
              104
            ],
            [
              105,
              106
            ],
            [
              105,
              112
            ],
            [
              106,
              105
            ],
            [
              106,
              107
            ],
            [
              107,
              94
            ],
            [
              107,
              106
            ],
            [
              107,
              108
            ],
            [
              108,
              107
            ],
            [
              108,
              109
            ],
            [
              109,
              108
            ],
            [
              109,
              113
            ],
            [
              110,
              97
            ],
            [
              110,
              116
            ],
            [
              111,
              101
            ],
            [
              111,
              120
            ],
            [
              112,
              105
            ],
            [
              112,
              124
            ],
            [
              113,
              109
            ],
            [
              113,
              128
            ],
            [
              114,
              115
            ],
            [
              114,
              129
            ],
            [
              115,
              114
            ],
            [
              115,
              116
            ],
            [
              116,
              110
            ],
            [
              116,
              115
            ],
            [
              116,
              117
            ],
            [
              117,
              116
            ],
            [
              117,
              118
            ],
            [
              118,
              117
            ],
            [
              118,
              119
            ],
            [
              118,
              130
            ],
            [
              119,
              118
            ],
            [
              119,
              120
            ],
            [
              120,
              111
            ],
            [
              120,
              119
            ],
            [
              120,
              121
            ],
            [
              121,
              120
            ],
            [
              121,
              122
            ],
            [
              122,
              121
            ],
            [
              122,
              123
            ],
            [
              122,
              131
            ],
            [
              123,
              122
            ],
            [
              123,
              124
            ],
            [
              124,
              112
            ],
            [
              124,
              123
            ],
            [
              124,
              125
            ],
            [
              125,
              124
            ],
            [
              125,
              126
            ],
            [
              126,
              125
            ],
            [
              126,
              127
            ],
            [
              126,
              132
            ],
            [
              127,
              126
            ],
            [
              127,
              128
            ],
            [
              128,
              113
            ],
            [
              128,
              127
            ],
            [
              129,
              114
            ],
            [
              130,
              118
            ],
            [
              131,
              122
            ],
            [
              132,
              126
            ]
          ],
          "supported_figure_of_merit_ids": [
            "expected_fidelity"
          ],
          "allowed_qiskit_configuration_ids": [
            "o2_default_default",
            "o3_default_default",
            "o2_sabre_sabre",
            "o2_dense_sabre",
            "o2_trivial_sabre",
            "o3_sabre_sabre",
            "o3_dense_sabre",
            "o3_trivial_sabre",
            "o2_sabre_lookahead",
            "o2_sabre_basic",
            "o3_sabre_lookahead",
            "o3_sabre_basic"
          ],
          "target_hash": "2de960a68a2d3c77d1c8284fc2f89c2ec26a565994024c6ea329e7a5b7bf2df3",
          "metadata": {
            "target_source": "mqt.bench.targets.get_device",
            "native_gateset_id": "ibm_heron",
            "target_fingerprint_algorithm": "qiskit-dataset-target/2",
            "calibration_kind": "synthetic_deterministic_target",
            "live_hardware_data": false,
            "target_type": "qiskit.transpiler.target.Target",
            "coupling_hash": "1f2a0cb8c11a6ded6a9d6983f379186bb90e41eee8440fb52b79ccf8a0420667",
            "instruction_properties_hash": "99834cb8fd4e461b81ce5a15583b1640dfd74e0c69184910e1294373ab1202d9"
          }
        },
        {
          "id": "ibm_heron_156",
          "num_qubits": 156,
          "operation_names": [
            "box",
            "break",
            "continue",
            "cz",
            "delay",
            "for_loop",
            "id",
            "if_else",
            "measure",
            "reset",
            "rz",
            "switch_case",
            "sx",
            "while_loop",
            "x"
          ],
          "coupling_edges": [
            [
              0,
              1
            ],
            [
              1,
              0
            ],
            [
              1,
              2
            ],
            [
              2,
              1
            ],
            [
              2,
              3
            ],
            [
              3,
              2
            ],
            [
              3,
              4
            ],
            [
              3,
              16
            ],
            [
              4,
              3
            ],
            [
              4,
              5
            ],
            [
              5,
              4
            ],
            [
              5,
              6
            ],
            [
              6,
              5
            ],
            [
              6,
              7
            ],
            [
              7,
              6
            ],
            [
              7,
              8
            ],
            [
              7,
              17
            ],
            [
              8,
              7
            ],
            [
              8,
              9
            ],
            [
              9,
              8
            ],
            [
              9,
              10
            ],
            [
              10,
              9
            ],
            [
              10,
              11
            ],
            [
              11,
              10
            ],
            [
              11,
              12
            ],
            [
              11,
              18
            ],
            [
              12,
              11
            ],
            [
              12,
              13
            ],
            [
              13,
              12
            ],
            [
              13,
              14
            ],
            [
              14,
              13
            ],
            [
              14,
              15
            ],
            [
              15,
              14
            ],
            [
              15,
              19
            ],
            [
              16,
              3
            ],
            [
              16,
              23
            ],
            [
              17,
              7
            ],
            [
              17,
              27
            ],
            [
              18,
              11
            ],
            [
              18,
              31
            ],
            [
              19,
              15
            ],
            [
              19,
              35
            ],
            [
              20,
              21
            ],
            [
              21,
              20
            ],
            [
              21,
              22
            ],
            [
              21,
              36
            ],
            [
              22,
              21
            ],
            [
              22,
              23
            ],
            [
              23,
              16
            ],
            [
              23,
              22
            ],
            [
              23,
              24
            ],
            [
              24,
              23
            ],
            [
              24,
              25
            ],
            [
              25,
              24
            ],
            [
              25,
              26
            ],
            [
              25,
              37
            ],
            [
              26,
              25
            ],
            [
              26,
              27
            ],
            [
              27,
              17
            ],
            [
              27,
              26
            ],
            [
              27,
              28
            ],
            [
              28,
              27
            ],
            [
              28,
              29
            ],
            [
              29,
              28
            ],
            [
              29,
              30
            ],
            [
              29,
              38
            ],
            [
              30,
              29
            ],
            [
              30,
              31
            ],
            [
              31,
              18
            ],
            [
              31,
              30
            ],
            [
              31,
              32
            ],
            [
              32,
              31
            ],
            [
              32,
              33
            ],
            [
              33,
              32
            ],
            [
              33,
              34
            ],
            [
              33,
              39
            ],
            [
              34,
              33
            ],
            [
              34,
              35
            ],
            [
              35,
              19
            ],
            [
              35,
              34
            ],
            [
              36,
              21
            ],
            [
              36,
              41
            ],
            [
              37,
              25
            ],
            [
              37,
              45
            ],
            [
              38,
              29
            ],
            [
              38,
              49
            ],
            [
              39,
              33
            ],
            [
              39,
              53
            ],
            [
              40,
              41
            ],
            [
              41,
              36
            ],
            [
              41,
              40
            ],
            [
              41,
              42
            ],
            [
              42,
              41
            ],
            [
              42,
              43
            ],
            [
              43,
              42
            ],
            [
              43,
              44
            ],
            [
              43,
              56
            ],
            [
              44,
              43
            ],
            [
              44,
              45
            ],
            [
              45,
              37
            ],
            [
              45,
              44
            ],
            [
              45,
              46
            ],
            [
              46,
              45
            ],
            [
              46,
              47
            ],
            [
              47,
              46
            ],
            [
              47,
              48
            ],
            [
              47,
              57
            ],
            [
              48,
              47
            ],
            [
              48,
              49
            ],
            [
              49,
              38
            ],
            [
              49,
              48
            ],
            [
              49,
              50
            ],
            [
              50,
              49
            ],
            [
              50,
              51
            ],
            [
              51,
              50
            ],
            [
              51,
              52
            ],
            [
              51,
              58
            ],
            [
              52,
              51
            ],
            [
              52,
              53
            ],
            [
              53,
              39
            ],
            [
              53,
              52
            ],
            [
              53,
              54
            ],
            [
              54,
              53
            ],
            [
              54,
              55
            ],
            [
              55,
              54
            ],
            [
              55,
              59
            ],
            [
              56,
              43
            ],
            [
              56,
              63
            ],
            [
              57,
              47
            ],
            [
              57,
              67
            ],
            [
              58,
              51
            ],
            [
              58,
              71
            ],
            [
              59,
              55
            ],
            [
              59,
              75
            ],
            [
              60,
              61
            ],
            [
              61,
              60
            ],
            [
              61,
              62
            ],
            [
              61,
              76
            ],
            [
              62,
              61
            ],
            [
              62,
              63
            ],
            [
              63,
              56
            ],
            [
              63,
              62
            ],
            [
              63,
              64
            ],
            [
              64,
              63
            ],
            [
              64,
              65
            ],
            [
              65,
              64
            ],
            [
              65,
              66
            ],
            [
              65,
              77
            ],
            [
              66,
              65
            ],
            [
              66,
              67
            ],
            [
              67,
              57
            ],
            [
              67,
              66
            ],
            [
              67,
              68
            ],
            [
              68,
              67
            ],
            [
              68,
              69
            ],
            [
              69,
              68
            ],
            [
              69,
              70
            ],
            [
              69,
              78
            ],
            [
              70,
              69
            ],
            [
              70,
              71
            ],
            [
              71,
              58
            ],
            [
              71,
              70
            ],
            [
              71,
              72
            ],
            [
              72,
              71
            ],
            [
              72,
              73
            ],
            [
              73,
              72
            ],
            [
              73,
              74
            ],
            [
              73,
              79
            ],
            [
              74,
              73
            ],
            [
              74,
              75
            ],
            [
              75,
              59
            ],
            [
              75,
              74
            ],
            [
              76,
              61
            ],
            [
              76,
              81
            ],
            [
              77,
              65
            ],
            [
              77,
              85
            ],
            [
              78,
              69
            ],
            [
              78,
              89
            ],
            [
              79,
              73
            ],
            [
              79,
              93
            ],
            [
              80,
              81
            ],
            [
              81,
              76
            ],
            [
              81,
              80
            ],
            [
              81,
              82
            ],
            [
              82,
              81
            ],
            [
              82,
              83
            ],
            [
              83,
              82
            ],
            [
              83,
              84
            ],
            [
              83,
              96
            ],
            [
              84,
              83
            ],
            [
              84,
              85
            ],
            [
              85,
              77
            ],
            [
              85,
              84
            ],
            [
              85,
              86
            ],
            [
              86,
              85
            ],
            [
              86,
              87
            ],
            [
              87,
              86
            ],
            [
              87,
              88
            ],
            [
              87,
              97
            ],
            [
              88,
              87
            ],
            [
              88,
              89
            ],
            [
              89,
              78
            ],
            [
              89,
              88
            ],
            [
              89,
              90
            ],
            [
              90,
              89
            ],
            [
              90,
              91
            ],
            [
              91,
              90
            ],
            [
              91,
              92
            ],
            [
              91,
              98
            ],
            [
              92,
              91
            ],
            [
              92,
              93
            ],
            [
              93,
              79
            ],
            [
              93,
              92
            ],
            [
              93,
              94
            ],
            [
              94,
              93
            ],
            [
              94,
              95
            ],
            [
              95,
              94
            ],
            [
              95,
              99
            ],
            [
              96,
              83
            ],
            [
              96,
              103
            ],
            [
              97,
              87
            ],
            [
              97,
              107
            ],
            [
              98,
              91
            ],
            [
              98,
              111
            ],
            [
              99,
              95
            ],
            [
              99,
              115
            ],
            [
              100,
              101
            ],
            [
              101,
              100
            ],
            [
              101,
              102
            ],
            [
              101,
              116
            ],
            [
              102,
              101
            ],
            [
              102,
              103
            ],
            [
              103,
              96
            ],
            [
              103,
              102
            ],
            [
              103,
              104
            ],
            [
              104,
              103
            ],
            [
              104,
              105
            ],
            [
              105,
              104
            ],
            [
              105,
              106
            ],
            [
              105,
              117
            ],
            [
              106,
              105
            ],
            [
              106,
              107
            ],
            [
              107,
              97
            ],
            [
              107,
              106
            ],
            [
              107,
              108
            ],
            [
              108,
              107
            ],
            [
              108,
              109
            ],
            [
              109,
              108
            ],
            [
              109,
              110
            ],
            [
              109,
              118
            ],
            [
              110,
              109
            ],
            [
              110,
              111
            ],
            [
              111,
              98
            ],
            [
              111,
              110
            ],
            [
              111,
              112
            ],
            [
              112,
              111
            ],
            [
              112,
              113
            ],
            [
              113,
              112
            ],
            [
              113,
              114
            ],
            [
              113,
              119
            ],
            [
              114,
              113
            ],
            [
              114,
              115
            ],
            [
              115,
              99
            ],
            [
              115,
              114
            ],
            [
              116,
              101
            ],
            [
              116,
              121
            ],
            [
              117,
              105
            ],
            [
              117,
              125
            ],
            [
              118,
              109
            ],
            [
              118,
              129
            ],
            [
              119,
              113
            ],
            [
              119,
              133
            ],
            [
              120,
              121
            ],
            [
              121,
              116
            ],
            [
              121,
              120
            ],
            [
              121,
              122
            ],
            [
              122,
              121
            ],
            [
              122,
              123
            ],
            [
              123,
              122
            ],
            [
              123,
              124
            ],
            [
              123,
              136
            ],
            [
              124,
              123
            ],
            [
              124,
              125
            ],
            [
              125,
              117
            ],
            [
              125,
              124
            ],
            [
              125,
              126
            ],
            [
              126,
              125
            ],
            [
              126,
              127
            ],
            [
              127,
              126
            ],
            [
              127,
              128
            ],
            [
              127,
              137
            ],
            [
              128,
              127
            ],
            [
              128,
              129
            ],
            [
              129,
              118
            ],
            [
              129,
              128
            ],
            [
              129,
              130
            ],
            [
              130,
              129
            ],
            [
              130,
              131
            ],
            [
              131,
              130
            ],
            [
              131,
              132
            ],
            [
              131,
              138
            ],
            [
              132,
              131
            ],
            [
              132,
              133
            ],
            [
              133,
              119
            ],
            [
              133,
              132
            ],
            [
              133,
              134
            ],
            [
              134,
              133
            ],
            [
              134,
              135
            ],
            [
              135,
              134
            ],
            [
              135,
              139
            ],
            [
              136,
              123
            ],
            [
              136,
              143
            ],
            [
              137,
              127
            ],
            [
              137,
              147
            ],
            [
              138,
              131
            ],
            [
              138,
              151
            ],
            [
              139,
              135
            ],
            [
              139,
              155
            ],
            [
              140,
              141
            ],
            [
              141,
              140
            ],
            [
              141,
              142
            ],
            [
              142,
              141
            ],
            [
              142,
              143
            ],
            [
              143,
              136
            ],
            [
              143,
              142
            ],
            [
              143,
              144
            ],
            [
              144,
              143
            ],
            [
              144,
              145
            ],
            [
              145,
              144
            ],
            [
              145,
              146
            ],
            [
              146,
              145
            ],
            [
              146,
              147
            ],
            [
              147,
              137
            ],
            [
              147,
              146
            ],
            [
              147,
              148
            ],
            [
              148,
              147
            ],
            [
              148,
              149
            ],
            [
              149,
              148
            ],
            [
              149,
              150
            ],
            [
              150,
              149
            ],
            [
              150,
              151
            ],
            [
              151,
              138
            ],
            [
              151,
              150
            ],
            [
              151,
              152
            ],
            [
              152,
              151
            ],
            [
              152,
              153
            ],
            [
              153,
              152
            ],
            [
              153,
              154
            ],
            [
              154,
              153
            ],
            [
              154,
              155
            ],
            [
              155,
              139
            ],
            [
              155,
              154
            ]
          ],
          "supported_figure_of_merit_ids": [
            "expected_fidelity"
          ],
          "allowed_qiskit_configuration_ids": [
            "o2_default_default",
            "o3_default_default",
            "o2_sabre_sabre",
            "o2_dense_sabre",
            "o2_trivial_sabre",
            "o3_sabre_sabre",
            "o3_dense_sabre",
            "o3_trivial_sabre",
            "o2_sabre_lookahead",
            "o2_sabre_basic",
            "o3_sabre_lookahead",
            "o3_sabre_basic"
          ],
          "target_hash": "207fcb68d097a924aa681ca5d4545d2f5eed04f9783a91021dffb59bcff43003",
          "metadata": {
            "target_source": "mqt.bench.targets.get_device",
            "native_gateset_id": "ibm_heron",
            "target_fingerprint_algorithm": "qiskit-dataset-target/2",
            "calibration_kind": "synthetic_deterministic_target",
            "live_hardware_data": false,
            "target_type": "qiskit.transpiler.target.Target",
            "coupling_hash": "0e9b3e12a4198cd3006793c43354ee6014ff222203a748d27b204ee442203df2",
            "instruction_properties_hash": "117b0eab6ab93ddedeb5495bdd5a941a8a2a6c970e2a808c9017740a74298e52"
          }
        },
        {
          "id": "quantinuum_h2_56",
          "num_qubits": 56,
          "operation_names": [
            "if_else",
            "measure",
            "rx",
            "ry",
            "rz",
            "rzz"
          ],
          "coupling_edges": [
            [
              0,
              1
            ],
            [
              0,
              2
            ],
            [
              0,
              3
            ],
            [
              0,
              4
            ],
            [
              0,
              5
            ],
            [
              0,
              6
            ],
            [
              0,
              7
            ],
            [
              0,
              8
            ],
            [
              0,
              9
            ],
            [
              0,
              10
            ],
            [
              0,
              11
            ],
            [
              0,
              12
            ],
            [
              0,
              13
            ],
            [
              0,
              14
            ],
            [
              0,
              15
            ],
            [
              0,
              16
            ],
            [
              0,
              17
            ],
            [
              0,
              18
            ],
            [
              0,
              19
            ],
            [
              0,
              20
            ],
            [
              0,
              21
            ],
            [
              0,
              22
            ],
            [
              0,
              23
            ],
            [
              0,
              24
            ],
            [
              0,
              25
            ],
            [
              0,
              26
            ],
            [
              0,
              27
            ],
            [
              0,
              28
            ],
            [
              0,
              29
            ],
            [
              0,
              30
            ],
            [
              0,
              31
            ],
            [
              0,
              32
            ],
            [
              0,
              33
            ],
            [
              0,
              34
            ],
            [
              0,
              35
            ],
            [
              0,
              36
            ],
            [
              0,
              37
            ],
            [
              0,
              38
            ],
            [
              0,
              39
            ],
            [
              0,
              40
            ],
            [
              0,
              41
            ],
            [
              0,
              42
            ],
            [
              0,
              43
            ],
            [
              0,
              44
            ],
            [
              0,
              45
            ],
            [
              0,
              46
            ],
            [
              0,
              47
            ],
            [
              0,
              48
            ],
            [
              0,
              49
            ],
            [
              0,
              50
            ],
            [
              0,
              51
            ],
            [
              0,
              52
            ],
            [
              0,
              53
            ],
            [
              0,
              54
            ],
            [
              0,
              55
            ],
            [
              1,
              0
            ],
            [
              1,
              2
            ],
            [
              1,
              3
            ],
            [
              1,
              4
            ],
            [
              1,
              5
            ],
            [
              1,
              6
            ],
            [
              1,
              7
            ],
            [
              1,
              8
            ],
            [
              1,
              9
            ],
            [
              1,
              10
            ],
            [
              1,
              11
            ],
            [
              1,
              12
            ],
            [
              1,
              13
            ],
            [
              1,
              14
            ],
            [
              1,
              15
            ],
            [
              1,
              16
            ],
            [
              1,
              17
            ],
            [
              1,
              18
            ],
            [
              1,
              19
            ],
            [
              1,
              20
            ],
            [
              1,
              21
            ],
            [
              1,
              22
            ],
            [
              1,
              23
            ],
            [
              1,
              24
            ],
            [
              1,
              25
            ],
            [
              1,
              26
            ],
            [
              1,
              27
            ],
            [
              1,
              28
            ],
            [
              1,
              29
            ],
            [
              1,
              30
            ],
            [
              1,
              31
            ],
            [
              1,
              32
            ],
            [
              1,
              33
            ],
            [
              1,
              34
            ],
            [
              1,
              35
            ],
            [
              1,
              36
            ],
            [
              1,
              37
            ],
            [
              1,
              38
            ],
            [
              1,
              39
            ],
            [
              1,
              40
            ],
            [
              1,
              41
            ],
            [
              1,
              42
            ],
            [
              1,
              43
            ],
            [
              1,
              44
            ],
            [
              1,
              45
            ],
            [
              1,
              46
            ],
            [
              1,
              47
            ],
            [
              1,
              48
            ],
            [
              1,
              49
            ],
            [
              1,
              50
            ],
            [
              1,
              51
            ],
            [
              1,
              52
            ],
            [
              1,
              53
            ],
            [
              1,
              54
            ],
            [
              1,
              55
            ],
            [
              2,
              0
            ],
            [
              2,
              1
            ],
            [
              2,
              3
            ],
            [
              2,
              4
            ],
            [
              2,
              5
            ],
            [
              2,
              6
            ],
            [
              2,
              7
            ],
            [
              2,
              8
            ],
            [
              2,
              9
            ],
            [
              2,
              10
            ],
            [
              2,
              11
            ],
            [
              2,
              12
            ],
            [
              2,
              13
            ],
            [
              2,
              14
            ],
            [
              2,
              15
            ],
            [
              2,
              16
            ],
            [
              2,
              17
            ],
            [
              2,
              18
            ],
            [
              2,
              19
            ],
            [
              2,
              20
            ],
            [
              2,
              21
            ],
            [
              2,
              22
            ],
            [
              2,
              23
            ],
            [
              2,
              24
            ],
            [
              2,
              25
            ],
            [
              2,
              26
            ],
            [
              2,
              27
            ],
            [
              2,
              28
            ],
            [
              2,
              29
            ],
            [
              2,
              30
            ],
            [
              2,
              31
            ],
            [
              2,
              32
            ],
            [
              2,
              33
            ],
            [
              2,
              34
            ],
            [
              2,
              35
            ],
            [
              2,
              36
            ],
            [
              2,
              37
            ],
            [
              2,
              38
            ],
            [
              2,
              39
            ],
            [
              2,
              40
            ],
            [
              2,
              41
            ],
            [
              2,
              42
            ],
            [
              2,
              43
            ],
            [
              2,
              44
            ],
            [
              2,
              45
            ],
            [
              2,
              46
            ],
            [
              2,
              47
            ],
            [
              2,
              48
            ],
            [
              2,
              49
            ],
            [
              2,
              50
            ],
            [
              2,
              51
            ],
            [
              2,
              52
            ],
            [
              2,
              53
            ],
            [
              2,
              54
            ],
            [
              2,
              55
            ],
            [
              3,
              0
            ],
            [
              3,
              1
            ],
            [
              3,
              2
            ],
            [
              3,
              4
            ],
            [
              3,
              5
            ],
            [
              3,
              6
            ],
            [
              3,
              7
            ],
            [
              3,
              8
            ],
            [
              3,
              9
            ],
            [
              3,
              10
            ],
            [
              3,
              11
            ],
            [
              3,
              12
            ],
            [
              3,
              13
            ],
            [
              3,
              14
            ],
            [
              3,
              15
            ],
            [
              3,
              16
            ],
            [
              3,
              17
            ],
            [
              3,
              18
            ],
            [
              3,
              19
            ],
            [
              3,
              20
            ],
            [
              3,
              21
            ],
            [
              3,
              22
            ],
            [
              3,
              23
            ],
            [
              3,
              24
            ],
            [
              3,
              25
            ],
            [
              3,
              26
            ],
            [
              3,
              27
            ],
            [
              3,
              28
            ],
            [
              3,
              29
            ],
            [
              3,
              30
            ],
            [
              3,
              31
            ],
            [
              3,
              32
            ],
            [
              3,
              33
            ],
            [
              3,
              34
            ],
            [
              3,
              35
            ],
            [
              3,
              36
            ],
            [
              3,
              37
            ],
            [
              3,
              38
            ],
            [
              3,
              39
            ],
            [
              3,
              40
            ],
            [
              3,
              41
            ],
            [
              3,
              42
            ],
            [
              3,
              43
            ],
            [
              3,
              44
            ],
            [
              3,
              45
            ],
            [
              3,
              46
            ],
            [
              3,
              47
            ],
            [
              3,
              48
            ],
            [
              3,
              49
            ],
            [
              3,
              50
            ],
            [
              3,
              51
            ],
            [
              3,
              52
            ],
            [
              3,
              53
            ],
            [
              3,
              54
            ],
            [
              3,
              55
            ],
            [
              4,
              0
            ],
            [
              4,
              1
            ],
            [
              4,
              2
            ],
            [
              4,
              3
            ],
            [
              4,
              5
            ],
            [
              4,
              6
            ],
            [
              4,
              7
            ],
            [
              4,
              8
            ],
            [
              4,
              9
            ],
            [
              4,
              10
            ],
            [
              4,
              11
            ],
            [
              4,
              12
            ],
            [
              4,
              13
            ],
            [
              4,
              14
            ],
            [
              4,
              15
            ],
            [
              4,
              16
            ],
            [
              4,
              17
            ],
            [
              4,
              18
            ],
            [
              4,
              19
            ],
            [
              4,
              20
            ],
            [
              4,
              21
            ],
            [
              4,
              22
            ],
            [
              4,
              23
            ],
            [
              4,
              24
            ],
            [
              4,
              25
            ],
            [
              4,
              26
            ],
            [
              4,
              27
            ],
            [
              4,
              28
            ],
            [
              4,
              29
            ],
            [
              4,
              30
            ],
            [
              4,
              31
            ],
            [
              4,
              32
            ],
            [
              4,
              33
            ],
            [
              4,
              34
            ],
            [
              4,
              35
            ],
            [
              4,
              36
            ],
            [
              4,
              37
            ],
            [
              4,
              38
            ],
            [
              4,
              39
            ],
            [
              4,
              40
            ],
            [
              4,
              41
            ],
            [
              4,
              42
            ],
            [
              4,
              43
            ],
            [
              4,
              44
            ],
            [
              4,
              45
            ],
            [
              4,
              46
            ],
            [
              4,
              47
            ],
            [
              4,
              48
            ],
            [
              4,
              49
            ],
            [
              4,
              50
            ],
            [
              4,
              51
            ],
            [
              4,
              52
            ],
            [
              4,
              53
            ],
            [
              4,
              54
            ],
            [
              4,
              55
            ],
            [
              5,
              0
            ],
            [
              5,
              1
            ],
            [
              5,
              2
            ],
            [
              5,
              3
            ],
            [
              5,
              4
            ],
            [
              5,
              6
            ],
            [
              5,
              7
            ],
            [
              5,
              8
            ],
            [
              5,
              9
            ],
            [
              5,
              10
            ],
            [
              5,
              11
            ],
            [
              5,
              12
            ],
            [
              5,
              13
            ],
            [
              5,
              14
            ],
            [
              5,
              15
            ],
            [
              5,
              16
            ],
            [
              5,
              17
            ],
            [
              5,
              18
            ],
            [
              5,
              19
            ],
            [
              5,
              20
            ],
            [
              5,
              21
            ],
            [
              5,
              22
            ],
            [
              5,
              23
            ],
            [
              5,
              24
            ],
            [
              5,
              25
            ],
            [
              5,
              26
            ],
            [
              5,
              27
            ],
            [
              5,
              28
            ],
            [
              5,
              29
            ],
            [
              5,
              30
            ],
            [
              5,
              31
            ],
            [
              5,
              32
            ],
            [
              5,
              33
            ],
            [
              5,
              34
            ],
            [
              5,
              35
            ],
            [
              5,
              36
            ],
            [
              5,
              37
            ],
            [
              5,
              38
            ],
            [
              5,
              39
            ],
            [
              5,
              40
            ],
            [
              5,
              41
            ],
            [
              5,
              42
            ],
            [
              5,
              43
            ],
            [
              5,
              44
            ],
            [
              5,
              45
            ],
            [
              5,
              46
            ],
            [
              5,
              47
            ],
            [
              5,
              48
            ],
            [
              5,
              49
            ],
            [
              5,
              50
            ],
            [
              5,
              51
            ],
            [
              5,
              52
            ],
            [
              5,
              53
            ],
            [
              5,
              54
            ],
            [
              5,
              55
            ],
            [
              6,
              0
            ],
            [
              6,
              1
            ],
            [
              6,
              2
            ],
            [
              6,
              3
            ],
            [
              6,
              4
            ],
            [
              6,
              5
            ],
            [
              6,
              7
            ],
            [
              6,
              8
            ],
            [
              6,
              9
            ],
            [
              6,
              10
            ],
            [
              6,
              11
            ],
            [
              6,
              12
            ],
            [
              6,
              13
            ],
            [
              6,
              14
            ],
            [
              6,
              15
            ],
            [
              6,
              16
            ],
            [
              6,
              17
            ],
            [
              6,
              18
            ],
            [
              6,
              19
            ],
            [
              6,
              20
            ],
            [
              6,
              21
            ],
            [
              6,
              22
            ],
            [
              6,
              23
            ],
            [
              6,
              24
            ],
            [
              6,
              25
            ],
            [
              6,
              26
            ],
            [
              6,
              27
            ],
            [
              6,
              28
            ],
            [
              6,
              29
            ],
            [
              6,
              30
            ],
            [
              6,
              31
            ],
            [
              6,
              32
            ],
            [
              6,
              33
            ],
            [
              6,
              34
            ],
            [
              6,
              35
            ],
            [
              6,
              36
            ],
            [
              6,
              37
            ],
            [
              6,
              38
            ],
            [
              6,
              39
            ],
            [
              6,
              40
            ],
            [
              6,
              41
            ],
            [
              6,
              42
            ],
            [
              6,
              43
            ],
            [
              6,
              44
            ],
            [
              6,
              45
            ],
            [
              6,
              46
            ],
            [
              6,
              47
            ],
            [
              6,
              48
            ],
            [
              6,
              49
            ],
            [
              6,
              50
            ],
            [
              6,
              51
            ],
            [
              6,
              52
            ],
            [
              6,
              53
            ],
            [
              6,
              54
            ],
            [
              6,
              55
            ],
            [
              7,
              0
            ],
            [
              7,
              1
            ],
            [
              7,
              2
            ],
            [
              7,
              3
            ],
            [
              7,
              4
            ],
            [
              7,
              5
            ],
            [
              7,
              6
            ],
            [
              7,
              8
            ],
            [
              7,
              9
            ],
            [
              7,
              10
            ],
            [
              7,
              11
            ],
            [
              7,
              12
            ],
            [
              7,
              13
            ],
            [
              7,
              14
            ],
            [
              7,
              15
            ],
            [
              7,
              16
            ],
            [
              7,
              17
            ],
            [
              7,
              18
            ],
            [
              7,
              19
            ],
            [
              7,
              20
            ],
            [
              7,
              21
            ],
            [
              7,
              22
            ],
            [
              7,
              23
            ],
            [
              7,
              24
            ],
            [
              7,
              25
            ],
            [
              7,
              26
            ],
            [
              7,
              27
            ],
            [
              7,
              28
            ],
            [
              7,
              29
            ],
            [
              7,
              30
            ],
            [
              7,
              31
            ],
            [
              7,
              32
            ],
            [
              7,
              33
            ],
            [
              7,
              34
            ],
            [
              7,
              35
            ],
            [
              7,
              36
            ],
            [
              7,
              37
            ],
            [
              7,
              38
            ],
            [
              7,
              39
            ],
            [
              7,
              40
            ],
            [
              7,
              41
            ],
            [
              7,
              42
            ],
            [
              7,
              43
            ],
            [
              7,
              44
            ],
            [
              7,
              45
            ],
            [
              7,
              46
            ],
            [
              7,
              47
            ],
            [
              7,
              48
            ],
            [
              7,
              49
            ],
            [
              7,
              50
            ],
            [
              7,
              51
            ],
            [
              7,
              52
            ],
            [
              7,
              53
            ],
            [
              7,
              54
            ],
            [
              7,
              55
            ],
            [
              8,
              0
            ],
            [
              8,
              1
            ],
            [
              8,
              2
            ],
            [
              8,
              3
            ],
            [
              8,
              4
            ],
            [
              8,
              5
            ],
            [
              8,
              6
            ],
            [
              8,
              7
            ],
            [
              8,
              9
            ],
            [
              8,
              10
            ],
            [
              8,
              11
            ],
            [
              8,
              12
            ],
            [
              8,
              13
            ],
            [
              8,
              14
            ],
            [
              8,
              15
            ],
            [
              8,
              16
            ],
            [
              8,
              17
            ],
            [
              8,
              18
            ],
            [
              8,
              19
            ],
            [
              8,
              20
            ],
            [
              8,
              21
            ],
            [
              8,
              22
            ],
            [
              8,
              23
            ],
            [
              8,
              24
            ],
            [
              8,
              25
            ],
            [
              8,
              26
            ],
            [
              8,
              27
            ],
            [
              8,
              28
            ],
            [
              8,
              29
            ],
            [
              8,
              30
            ],
            [
              8,
              31
            ],
            [
              8,
              32
            ],
            [
              8,
              33
            ],
            [
              8,
              34
            ],
            [
              8,
              35
            ],
            [
              8,
              36
            ],
            [
              8,
              37
            ],
            [
              8,
              38
            ],
            [
              8,
              39
            ],
            [
              8,
              40
            ],
            [
              8,
              41
            ],
            [
              8,
              42
            ],
            [
              8,
              43
            ],
            [
              8,
              44
            ],
            [
              8,
              45
            ],
            [
              8,
              46
            ],
            [
              8,
              47
            ],
            [
              8,
              48
            ],
            [
              8,
              49
            ],
            [
              8,
              50
            ],
            [
              8,
              51
            ],
            [
              8,
              52
            ],
            [
              8,
              53
            ],
            [
              8,
              54
            ],
            [
              8,
              55
            ],
            [
              9,
              0
            ],
            [
              9,
              1
            ],
            [
              9,
              2
            ],
            [
              9,
              3
            ],
            [
              9,
              4
            ],
            [
              9,
              5
            ],
            [
              9,
              6
            ],
            [
              9,
              7
            ],
            [
              9,
              8
            ],
            [
              9,
              10
            ],
            [
              9,
              11
            ],
            [
              9,
              12
            ],
            [
              9,
              13
            ],
            [
              9,
              14
            ],
            [
              9,
              15
            ],
            [
              9,
              16
            ],
            [
              9,
              17
            ],
            [
              9,
              18
            ],
            [
              9,
              19
            ],
            [
              9,
              20
            ],
            [
              9,
              21
            ],
            [
              9,
              22
            ],
            [
              9,
              23
            ],
            [
              9,
              24
            ],
            [
              9,
              25
            ],
            [
              9,
              26
            ],
            [
              9,
              27
            ],
            [
              9,
              28
            ],
            [
              9,
              29
            ],
            [
              9,
              30
            ],
            [
              9,
              31
            ],
            [
              9,
              32
            ],
            [
              9,
              33
            ],
            [
              9,
              34
            ],
            [
              9,
              35
            ],
            [
              9,
              36
            ],
            [
              9,
              37
            ],
            [
              9,
              38
            ],
            [
              9,
              39
            ],
            [
              9,
              40
            ],
            [
              9,
              41
            ],
            [
              9,
              42
            ],
            [
              9,
              43
            ],
            [
              9,
              44
            ],
            [
              9,
              45
            ],
            [
              9,
              46
            ],
            [
              9,
              47
            ],
            [
              9,
              48
            ],
            [
              9,
              49
            ],
            [
              9,
              50
            ],
            [
              9,
              51
            ],
            [
              9,
              52
            ],
            [
              9,
              53
            ],
            [
              9,
              54
            ],
            [
              9,
              55
            ],
            [
              10,
              0
            ],
            [
              10,
              1
            ],
            [
              10,
              2
            ],
            [
              10,
              3
            ],
            [
              10,
              4
            ],
            [
              10,
              5
            ],
            [
              10,
              6
            ],
            [
              10,
              7
            ],
            [
              10,
              8
            ],
            [
              10,
              9
            ],
            [
              10,
              11
            ],
            [
              10,
              12
            ],
            [
              10,
              13
            ],
            [
              10,
              14
            ],
            [
              10,
              15
            ],
            [
              10,
              16
            ],
            [
              10,
              17
            ],
            [
              10,
              18
            ],
            [
              10,
              19
            ],
            [
              10,
              20
            ],
            [
              10,
              21
            ],
            [
              10,
              22
            ],
            [
              10,
              23
            ],
            [
              10,
              24
            ],
            [
              10,
              25
            ],
            [
              10,
              26
            ],
            [
              10,
              27
            ],
            [
              10,
              28
            ],
            [
              10,
              29
            ],
            [
              10,
              30
            ],
            [
              10,
              31
            ],
            [
              10,
              32
            ],
            [
              10,
              33
            ],
            [
              10,
              34
            ],
            [
              10,
              35
            ],
            [
              10,
              36
            ],
            [
              10,
              37
            ],
            [
              10,
              38
            ],
            [
              10,
              39
            ],
            [
              10,
              40
            ],
            [
              10,
              41
            ],
            [
              10,
              42
            ],
            [
              10,
              43
            ],
            [
              10,
              44
            ],
            [
              10,
              45
            ],
            [
              10,
              46
            ],
            [
              10,
              47
            ],
            [
              10,
              48
            ],
            [
              10,
              49
            ],
            [
              10,
              50
            ],
            [
              10,
              51
            ],
            [
              10,
              52
            ],
            [
              10,
              53
            ],
            [
              10,
              54
            ],
            [
              10,
              55
            ],
            [
              11,
              0
            ],
            [
              11,
              1
            ],
            [
              11,
              2
            ],
            [
              11,
              3
            ],
            [
              11,
              4
            ],
            [
              11,
              5
            ],
            [
              11,
              6
            ],
            [
              11,
              7
            ],
            [
              11,
              8
            ],
            [
              11,
              9
            ],
            [
              11,
              10
            ],
            [
              11,
              12
            ],
            [
              11,
              13
            ],
            [
              11,
              14
            ],
            [
              11,
              15
            ],
            [
              11,
              16
            ],
            [
              11,
              17
            ],
            [
              11,
              18
            ],
            [
              11,
              19
            ],
            [
              11,
              20
            ],
            [
              11,
              21
            ],
            [
              11,
              22
            ],
            [
              11,
              23
            ],
            [
              11,
              24
            ],
            [
              11,
              25
            ],
            [
              11,
              26
            ],
            [
              11,
              27
            ],
            [
              11,
              28
            ],
            [
              11,
              29
            ],
            [
              11,
              30
            ],
            [
              11,
              31
            ],
            [
              11,
              32
            ],
            [
              11,
              33
            ],
            [
              11,
              34
            ],
            [
              11,
              35
            ],
            [
              11,
              36
            ],
            [
              11,
              37
            ],
            [
              11,
              38
            ],
            [
              11,
              39
            ],
            [
              11,
              40
            ],
            [
              11,
              41
            ],
            [
              11,
              42
            ],
            [
              11,
              43
            ],
            [
              11,
              44
            ],
            [
              11,
              45
            ],
            [
              11,
              46
            ],
            [
              11,
              47
            ],
            [
              11,
              48
            ],
            [
              11,
              49
            ],
            [
              11,
              50
            ],
            [
              11,
              51
            ],
            [
              11,
              52
            ],
            [
              11,
              53
            ],
            [
              11,
              54
            ],
            [
              11,
              55
            ],
            [
              12,
              0
            ],
            [
              12,
              1
            ],
            [
              12,
              2
            ],
            [
              12,
              3
            ],
            [
              12,
              4
            ],
            [
              12,
              5
            ],
            [
              12,
              6
            ],
            [
              12,
              7
            ],
            [
              12,
              8
            ],
            [
              12,
              9
            ],
            [
              12,
              10
            ],
            [
              12,
              11
            ],
            [
              12,
              13
            ],
            [
              12,
              14
            ],
            [
              12,
              15
            ],
            [
              12,
              16
            ],
            [
              12,
              17
            ],
            [
              12,
              18
            ],
            [
              12,
              19
            ],
            [
              12,
              20
            ],
            [
              12,
              21
            ],
            [
              12,
              22
            ],
            [
              12,
              23
            ],
            [
              12,
              24
            ],
            [
              12,
              25
            ],
            [
              12,
              26
            ],
            [
              12,
              27
            ],
            [
              12,
              28
            ],
            [
              12,
              29
            ],
            [
              12,
              30
            ],
            [
              12,
              31
            ],
            [
              12,
              32
            ],
            [
              12,
              33
            ],
            [
              12,
              34
            ],
            [
              12,
              35
            ],
            [
              12,
              36
            ],
            [
              12,
              37
            ],
            [
              12,
              38
            ],
            [
              12,
              39
            ],
            [
              12,
              40
            ],
            [
              12,
              41
            ],
            [
              12,
              42
            ],
            [
              12,
              43
            ],
            [
              12,
              44
            ],
            [
              12,
              45
            ],
            [
              12,
              46
            ],
            [
              12,
              47
            ],
            [
              12,
              48
            ],
            [
              12,
              49
            ],
            [
              12,
              50
            ],
            [
              12,
              51
            ],
            [
              12,
              52
            ],
            [
              12,
              53
            ],
            [
              12,
              54
            ],
            [
              12,
              55
            ],
            [
              13,
              0
            ],
            [
              13,
              1
            ],
            [
              13,
              2
            ],
            [
              13,
              3
            ],
            [
              13,
              4
            ],
            [
              13,
              5
            ],
            [
              13,
              6
            ],
            [
              13,
              7
            ],
            [
              13,
              8
            ],
            [
              13,
              9
            ],
            [
              13,
              10
            ],
            [
              13,
              11
            ],
            [
              13,
              12
            ],
            [
              13,
              14
            ],
            [
              13,
              15
            ],
            [
              13,
              16
            ],
            [
              13,
              17
            ],
            [
              13,
              18
            ],
            [
              13,
              19
            ],
            [
              13,
              20
            ],
            [
              13,
              21
            ],
            [
              13,
              22
            ],
            [
              13,
              23
            ],
            [
              13,
              24
            ],
            [
              13,
              25
            ],
            [
              13,
              26
            ],
            [
              13,
              27
            ],
            [
              13,
              28
            ],
            [
              13,
              29
            ],
            [
              13,
              30
            ],
            [
              13,
              31
            ],
            [
              13,
              32
            ],
            [
              13,
              33
            ],
            [
              13,
              34
            ],
            [
              13,
              35
            ],
            [
              13,
              36
            ],
            [
              13,
              37
            ],
            [
              13,
              38
            ],
            [
              13,
              39
            ],
            [
              13,
              40
            ],
            [
              13,
              41
            ],
            [
              13,
              42
            ],
            [
              13,
              43
            ],
            [
              13,
              44
            ],
            [
              13,
              45
            ],
            [
              13,
              46
            ],
            [
              13,
              47
            ],
            [
              13,
              48
            ],
            [
              13,
              49
            ],
            [
              13,
              50
            ],
            [
              13,
              51
            ],
            [
              13,
              52
            ],
            [
              13,
              53
            ],
            [
              13,
              54
            ],
            [
              13,
              55
            ],
            [
              14,
              0
            ],
            [
              14,
              1
            ],
            [
              14,
              2
            ],
            [
              14,
              3
            ],
            [
              14,
              4
            ],
            [
              14,
              5
            ],
            [
              14,
              6
            ],
            [
              14,
              7
            ],
            [
              14,
              8
            ],
            [
              14,
              9
            ],
            [
              14,
              10
            ],
            [
              14,
              11
            ],
            [
              14,
              12
            ],
            [
              14,
              13
            ],
            [
              14,
              15
            ],
            [
              14,
              16
            ],
            [
              14,
              17
            ],
            [
              14,
              18
            ],
            [
              14,
              19
            ],
            [
              14,
              20
            ],
            [
              14,
              21
            ],
            [
              14,
              22
            ],
            [
              14,
              23
            ],
            [
              14,
              24
            ],
            [
              14,
              25
            ],
            [
              14,
              26
            ],
            [
              14,
              27
            ],
            [
              14,
              28
            ],
            [
              14,
              29
            ],
            [
              14,
              30
            ],
            [
              14,
              31
            ],
            [
              14,
              32
            ],
            [
              14,
              33
            ],
            [
              14,
              34
            ],
            [
              14,
              35
            ],
            [
              14,
              36
            ],
            [
              14,
              37
            ],
            [
              14,
              38
            ],
            [
              14,
              39
            ],
            [
              14,
              40
            ],
            [
              14,
              41
            ],
            [
              14,
              42
            ],
            [
              14,
              43
            ],
            [
              14,
              44
            ],
            [
              14,
              45
            ],
            [
              14,
              46
            ],
            [
              14,
              47
            ],
            [
              14,
              48
            ],
            [
              14,
              49
            ],
            [
              14,
              50
            ],
            [
              14,
              51
            ],
            [
              14,
              52
            ],
            [
              14,
              53
            ],
            [
              14,
              54
            ],
            [
              14,
              55
            ],
            [
              15,
              0
            ],
            [
              15,
              1
            ],
            [
              15,
              2
            ],
            [
              15,
              3
            ],
            [
              15,
              4
            ],
            [
              15,
              5
            ],
            [
              15,
              6
            ],
            [
              15,
              7
            ],
            [
              15,
              8
            ],
            [
              15,
              9
            ],
            [
              15,
              10
            ],
            [
              15,
              11
            ],
            [
              15,
              12
            ],
            [
              15,
              13
            ],
            [
              15,
              14
            ],
            [
              15,
              16
            ],
            [
              15,
              17
            ],
            [
              15,
              18
            ],
            [
              15,
              19
            ],
            [
              15,
              20
            ],
            [
              15,
              21
            ],
            [
              15,
              22
            ],
            [
              15,
              23
            ],
            [
              15,
              24
            ],
            [
              15,
              25
            ],
            [
              15,
              26
            ],
            [
              15,
              27
            ],
            [
              15,
              28
            ],
            [
              15,
              29
            ],
            [
              15,
              30
            ],
            [
              15,
              31
            ],
            [
              15,
              32
            ],
            [
              15,
              33
            ],
            [
              15,
              34
            ],
            [
              15,
              35
            ],
            [
              15,
              36
            ],
            [
              15,
              37
            ],
            [
              15,
              38
            ],
            [
              15,
              39
            ],
            [
              15,
              40
            ],
            [
              15,
              41
            ],
            [
              15,
              42
            ],
            [
              15,
              43
            ],
            [
              15,
              44
            ],
            [
              15,
              45
            ],
            [
              15,
              46
            ],
            [
              15,
              47
            ],
            [
              15,
              48
            ],
            [
              15,
              49
            ],
            [
              15,
              50
            ],
            [
              15,
              51
            ],
            [
              15,
              52
            ],
            [
              15,
              53
            ],
            [
              15,
              54
            ],
            [
              15,
              55
            ],
            [
              16,
              0
            ],
            [
              16,
              1
            ],
            [
              16,
              2
            ],
            [
              16,
              3
            ],
            [
              16,
              4
            ],
            [
              16,
              5
            ],
            [
              16,
              6
            ],
            [
              16,
              7
            ],
            [
              16,
              8
            ],
            [
              16,
              9
            ],
            [
              16,
              10
            ],
            [
              16,
              11
            ],
            [
              16,
              12
            ],
            [
              16,
              13
            ],
            [
              16,
              14
            ],
            [
              16,
              15
            ],
            [
              16,
              17
            ],
            [
              16,
              18
            ],
            [
              16,
              19
            ],
            [
              16,
              20
            ],
            [
              16,
              21
            ],
            [
              16,
              22
            ],
            [
              16,
              23
            ],
            [
              16,
              24
            ],
            [
              16,
              25
            ],
            [
              16,
              26
            ],
            [
              16,
              27
            ],
            [
              16,
              28
            ],
            [
              16,
              29
            ],
            [
              16,
              30
            ],
            [
              16,
              31
            ],
            [
              16,
              32
            ],
            [
              16,
              33
            ],
            [
              16,
              34
            ],
            [
              16,
              35
            ],
            [
              16,
              36
            ],
            [
              16,
              37
            ],
            [
              16,
              38
            ],
            [
              16,
              39
            ],
            [
              16,
              40
            ],
            [
              16,
              41
            ],
            [
              16,
              42
            ],
            [
              16,
              43
            ],
            [
              16,
              44
            ],
            [
              16,
              45
            ],
            [
              16,
              46
            ],
            [
              16,
              47
            ],
            [
              16,
              48
            ],
            [
              16,
              49
            ],
            [
              16,
              50
            ],
            [
              16,
              51
            ],
            [
              16,
              52
            ],
            [
              16,
              53
            ],
            [
              16,
              54
            ],
            [
              16,
              55
            ],
            [
              17,
              0
            ],
            [
              17,
              1
            ],
            [
              17,
              2
            ],
            [
              17,
              3
            ],
            [
              17,
              4
            ],
            [
              17,
              5
            ],
            [
              17,
              6
            ],
            [
              17,
              7
            ],
            [
              17,
              8
            ],
            [
              17,
              9
            ],
            [
              17,
              10
            ],
            [
              17,
              11
            ],
            [
              17,
              12
            ],
            [
              17,
              13
            ],
            [
              17,
              14
            ],
            [
              17,
              15
            ],
            [
              17,
              16
            ],
            [
              17,
              18
            ],
            [
              17,
              19
            ],
            [
              17,
              20
            ],
            [
              17,
              21
            ],
            [
              17,
              22
            ],
            [
              17,
              23
            ],
            [
              17,
              24
            ],
            [
              17,
              25
            ],
            [
              17,
              26
            ],
            [
              17,
              27
            ],
            [
              17,
              28
            ],
            [
              17,
              29
            ],
            [
              17,
              30
            ],
            [
              17,
              31
            ],
            [
              17,
              32
            ],
            [
              17,
              33
            ],
            [
              17,
              34
            ],
            [
              17,
              35
            ],
            [
              17,
              36
            ],
            [
              17,
              37
            ],
            [
              17,
              38
            ],
            [
              17,
              39
            ],
            [
              17,
              40
            ],
            [
              17,
              41
            ],
            [
              17,
              42
            ],
            [
              17,
              43
            ],
            [
              17,
              44
            ],
            [
              17,
              45
            ],
            [
              17,
              46
            ],
            [
              17,
              47
            ],
            [
              17,
              48
            ],
            [
              17,
              49
            ],
            [
              17,
              50
            ],
            [
              17,
              51
            ],
            [
              17,
              52
            ],
            [
              17,
              53
            ],
            [
              17,
              54
            ],
            [
              17,
              55
            ],
            [
              18,
              0
            ],
            [
              18,
              1
            ],
            [
              18,
              2
            ],
            [
              18,
              3
            ],
            [
              18,
              4
            ],
            [
              18,
              5
            ],
            [
              18,
              6
            ],
            [
              18,
              7
            ],
            [
              18,
              8
            ],
            [
              18,
              9
            ],
            [
              18,
              10
            ],
            [
              18,
              11
            ],
            [
              18,
              12
            ],
            [
              18,
              13
            ],
            [
              18,
              14
            ],
            [
              18,
              15
            ],
            [
              18,
              16
            ],
            [
              18,
              17
            ],
            [
              18,
              19
            ],
            [
              18,
              20
            ],
            [
              18,
              21
            ],
            [
              18,
              22
            ],
            [
              18,
              23
            ],
            [
              18,
              24
            ],
            [
              18,
              25
            ],
            [
              18,
              26
            ],
            [
              18,
              27
            ],
            [
              18,
              28
            ],
            [
              18,
              29
            ],
            [
              18,
              30
            ],
            [
              18,
              31
            ],
            [
              18,
              32
            ],
            [
              18,
              33
            ],
            [
              18,
              34
            ],
            [
              18,
              35
            ],
            [
              18,
              36
            ],
            [
              18,
              37
            ],
            [
              18,
              38
            ],
            [
              18,
              39
            ],
            [
              18,
              40
            ],
            [
              18,
              41
            ],
            [
              18,
              42
            ],
            [
              18,
              43
            ],
            [
              18,
              44
            ],
            [
              18,
              45
            ],
            [
              18,
              46
            ],
            [
              18,
              47
            ],
            [
              18,
              48
            ],
            [
              18,
              49
            ],
            [
              18,
              50
            ],
            [
              18,
              51
            ],
            [
              18,
              52
            ],
            [
              18,
              53
            ],
            [
              18,
              54
            ],
            [
              18,
              55
            ],
            [
              19,
              0
            ],
            [
              19,
              1
            ],
            [
              19,
              2
            ],
            [
              19,
              3
            ],
            [
              19,
              4
            ],
            [
              19,
              5
            ],
            [
              19,
              6
            ],
            [
              19,
              7
            ],
            [
              19,
              8
            ],
            [
              19,
              9
            ],
            [
              19,
              10
            ],
            [
              19,
              11
            ],
            [
              19,
              12
            ],
            [
              19,
              13
            ],
            [
              19,
              14
            ],
            [
              19,
              15
            ],
            [
              19,
              16
            ],
            [
              19,
              17
            ],
            [
              19,
              18
            ],
            [
              19,
              20
            ],
            [
              19,
              21
            ],
            [
              19,
              22
            ],
            [
              19,
              23
            ],
            [
              19,
              24
            ],
            [
              19,
              25
            ],
            [
              19,
              26
            ],
            [
              19,
              27
            ],
            [
              19,
              28
            ],
            [
              19,
              29
            ],
            [
              19,
              30
            ],
            [
              19,
              31
            ],
            [
              19,
              32
            ],
            [
              19,
              33
            ],
            [
              19,
              34
            ],
            [
              19,
              35
            ],
            [
              19,
              36
            ],
            [
              19,
              37
            ],
            [
              19,
              38
            ],
            [
              19,
              39
            ],
            [
              19,
              40
            ],
            [
              19,
              41
            ],
            [
              19,
              42
            ],
            [
              19,
              43
            ],
            [
              19,
              44
            ],
            [
              19,
              45
            ],
            [
              19,
              46
            ],
            [
              19,
              47
            ],
            [
              19,
              48
            ],
            [
              19,
              49
            ],
            [
              19,
              50
            ],
            [
              19,
              51
            ],
            [
              19,
              52
            ],
            [
              19,
              53
            ],
            [
              19,
              54
            ],
            [
              19,
              55
            ],
            [
              20,
              0
            ],
            [
              20,
              1
            ],
            [
              20,
              2
            ],
            [
              20,
              3
            ],
            [
              20,
              4
            ],
            [
              20,
              5
            ],
            [
              20,
              6
            ],
            [
              20,
              7
            ],
            [
              20,
              8
            ],
            [
              20,
              9
            ],
            [
              20,
              10
            ],
            [
              20,
              11
            ],
            [
              20,
              12
            ],
            [
              20,
              13
            ],
            [
              20,
              14
            ],
            [
              20,
              15
            ],
            [
              20,
              16
            ],
            [
              20,
              17
            ],
            [
              20,
              18
            ],
            [
              20,
              19
            ],
            [
              20,
              21
            ],
            [
              20,
              22
            ],
            [
              20,
              23
            ],
            [
              20,
              24
            ],
            [
              20,
              25
            ],
            [
              20,
              26
            ],
            [
              20,
              27
            ],
            [
              20,
              28
            ],
            [
              20,
              29
            ],
            [
              20,
              30
            ],
            [
              20,
              31
            ],
            [
              20,
              32
            ],
            [
              20,
              33
            ],
            [
              20,
              34
            ],
            [
              20,
              35
            ],
            [
              20,
              36
            ],
            [
              20,
              37
            ],
            [
              20,
              38
            ],
            [
              20,
              39
            ],
            [
              20,
              40
            ],
            [
              20,
              41
            ],
            [
              20,
              42
            ],
            [
              20,
              43
            ],
            [
              20,
              44
            ],
            [
              20,
              45
            ],
            [
              20,
              46
            ],
            [
              20,
              47
            ],
            [
              20,
              48
            ],
            [
              20,
              49
            ],
            [
              20,
              50
            ],
            [
              20,
              51
            ],
            [
              20,
              52
            ],
            [
              20,
              53
            ],
            [
              20,
              54
            ],
            [
              20,
              55
            ],
            [
              21,
              0
            ],
            [
              21,
              1
            ],
            [
              21,
              2
            ],
            [
              21,
              3
            ],
            [
              21,
              4
            ],
            [
              21,
              5
            ],
            [
              21,
              6
            ],
            [
              21,
              7
            ],
            [
              21,
              8
            ],
            [
              21,
              9
            ],
            [
              21,
              10
            ],
            [
              21,
              11
            ],
            [
              21,
              12
            ],
            [
              21,
              13
            ],
            [
              21,
              14
            ],
            [
              21,
              15
            ],
            [
              21,
              16
            ],
            [
              21,
              17
            ],
            [
              21,
              18
            ],
            [
              21,
              19
            ],
            [
              21,
              20
            ],
            [
              21,
              22
            ],
            [
              21,
              23
            ],
            [
              21,
              24
            ],
            [
              21,
              25
            ],
            [
              21,
              26
            ],
            [
              21,
              27
            ],
            [
              21,
              28
            ],
            [
              21,
              29
            ],
            [
              21,
              30
            ],
            [
              21,
              31
            ],
            [
              21,
              32
            ],
            [
              21,
              33
            ],
            [
              21,
              34
            ],
            [
              21,
              35
            ],
            [
              21,
              36
            ],
            [
              21,
              37
            ],
            [
              21,
              38
            ],
            [
              21,
              39
            ],
            [
              21,
              40
            ],
            [
              21,
              41
            ],
            [
              21,
              42
            ],
            [
              21,
              43
            ],
            [
              21,
              44
            ],
            [
              21,
              45
            ],
            [
              21,
              46
            ],
            [
              21,
              47
            ],
            [
              21,
              48
            ],
            [
              21,
              49
            ],
            [
              21,
              50
            ],
            [
              21,
              51
            ],
            [
              21,
              52
            ],
            [
              21,
              53
            ],
            [
              21,
              54
            ],
            [
              21,
              55
            ],
            [
              22,
              0
            ],
            [
              22,
              1
            ],
            [
              22,
              2
            ],
            [
              22,
              3
            ],
            [
              22,
              4
            ],
            [
              22,
              5
            ],
            [
              22,
              6
            ],
            [
              22,
              7
            ],
            [
              22,
              8
            ],
            [
              22,
              9
            ],
            [
              22,
              10
            ],
            [
              22,
              11
            ],
            [
              22,
              12
            ],
            [
              22,
              13
            ],
            [
              22,
              14
            ],
            [
              22,
              15
            ],
            [
              22,
              16
            ],
            [
              22,
              17
            ],
            [
              22,
              18
            ],
            [
              22,
              19
            ],
            [
              22,
              20
            ],
            [
              22,
              21
            ],
            [
              22,
              23
            ],
            [
              22,
              24
            ],
            [
              22,
              25
            ],
            [
              22,
              26
            ],
            [
              22,
              27
            ],
            [
              22,
              28
            ],
            [
              22,
              29
            ],
            [
              22,
              30
            ],
            [
              22,
              31
            ],
            [
              22,
              32
            ],
            [
              22,
              33
            ],
            [
              22,
              34
            ],
            [
              22,
              35
            ],
            [
              22,
              36
            ],
            [
              22,
              37
            ],
            [
              22,
              38
            ],
            [
              22,
              39
            ],
            [
              22,
              40
            ],
            [
              22,
              41
            ],
            [
              22,
              42
            ],
            [
              22,
              43
            ],
            [
              22,
              44
            ],
            [
              22,
              45
            ],
            [
              22,
              46
            ],
            [
              22,
              47
            ],
            [
              22,
              48
            ],
            [
              22,
              49
            ],
            [
              22,
              50
            ],
            [
              22,
              51
            ],
            [
              22,
              52
            ],
            [
              22,
              53
            ],
            [
              22,
              54
            ],
            [
              22,
              55
            ],
            [
              23,
              0
            ],
            [
              23,
              1
            ],
            [
              23,
              2
            ],
            [
              23,
              3
            ],
            [
              23,
              4
            ],
            [
              23,
              5
            ],
            [
              23,
              6
            ],
            [
              23,
              7
            ],
            [
              23,
              8
            ],
            [
              23,
              9
            ],
            [
              23,
              10
            ],
            [
              23,
              11
            ],
            [
              23,
              12
            ],
            [
              23,
              13
            ],
            [
              23,
              14
            ],
            [
              23,
              15
            ],
            [
              23,
              16
            ],
            [
              23,
              17
            ],
            [
              23,
              18
            ],
            [
              23,
              19
            ],
            [
              23,
              20
            ],
            [
              23,
              21
            ],
            [
              23,
              22
            ],
            [
              23,
              24
            ],
            [
              23,
              25
            ],
            [
              23,
              26
            ],
            [
              23,
              27
            ],
            [
              23,
              28
            ],
            [
              23,
              29
            ],
            [
              23,
              30
            ],
            [
              23,
              31
            ],
            [
              23,
              32
            ],
            [
              23,
              33
            ],
            [
              23,
              34
            ],
            [
              23,
              35
            ],
            [
              23,
              36
            ],
            [
              23,
              37
            ],
            [
              23,
              38
            ],
            [
              23,
              39
            ],
            [
              23,
              40
            ],
            [
              23,
              41
            ],
            [
              23,
              42
            ],
            [
              23,
              43
            ],
            [
              23,
              44
            ],
            [
              23,
              45
            ],
            [
              23,
              46
            ],
            [
              23,
              47
            ],
            [
              23,
              48
            ],
            [
              23,
              49
            ],
            [
              23,
              50
            ],
            [
              23,
              51
            ],
            [
              23,
              52
            ],
            [
              23,
              53
            ],
            [
              23,
              54
            ],
            [
              23,
              55
            ],
            [
              24,
              0
            ],
            [
              24,
              1
            ],
            [
              24,
              2
            ],
            [
              24,
              3
            ],
            [
              24,
              4
            ],
            [
              24,
              5
            ],
            [
              24,
              6
            ],
            [
              24,
              7
            ],
            [
              24,
              8
            ],
            [
              24,
              9
            ],
            [
              24,
              10
            ],
            [
              24,
              11
            ],
            [
              24,
              12
            ],
            [
              24,
              13
            ],
            [
              24,
              14
            ],
            [
              24,
              15
            ],
            [
              24,
              16
            ],
            [
              24,
              17
            ],
            [
              24,
              18
            ],
            [
              24,
              19
            ],
            [
              24,
              20
            ],
            [
              24,
              21
            ],
            [
              24,
              22
            ],
            [
              24,
              23
            ],
            [
              24,
              25
            ],
            [
              24,
              26
            ],
            [
              24,
              27
            ],
            [
              24,
              28
            ],
            [
              24,
              29
            ],
            [
              24,
              30
            ],
            [
              24,
              31
            ],
            [
              24,
              32
            ],
            [
              24,
              33
            ],
            [
              24,
              34
            ],
            [
              24,
              35
            ],
            [
              24,
              36
            ],
            [
              24,
              37
            ],
            [
              24,
              38
            ],
            [
              24,
              39
            ],
            [
              24,
              40
            ],
            [
              24,
              41
            ],
            [
              24,
              42
            ],
            [
              24,
              43
            ],
            [
              24,
              44
            ],
            [
              24,
              45
            ],
            [
              24,
              46
            ],
            [
              24,
              47
            ],
            [
              24,
              48
            ],
            [
              24,
              49
            ],
            [
              24,
              50
            ],
            [
              24,
              51
            ],
            [
              24,
              52
            ],
            [
              24,
              53
            ],
            [
              24,
              54
            ],
            [
              24,
              55
            ],
            [
              25,
              0
            ],
            [
              25,
              1
            ],
            [
              25,
              2
            ],
            [
              25,
              3
            ],
            [
              25,
              4
            ],
            [
              25,
              5
            ],
            [
              25,
              6
            ],
            [
              25,
              7
            ],
            [
              25,
              8
            ],
            [
              25,
              9
            ],
            [
              25,
              10
            ],
            [
              25,
              11
            ],
            [
              25,
              12
            ],
            [
              25,
              13
            ],
            [
              25,
              14
            ],
            [
              25,
              15
            ],
            [
              25,
              16
            ],
            [
              25,
              17
            ],
            [
              25,
              18
            ],
            [
              25,
              19
            ],
            [
              25,
              20
            ],
            [
              25,
              21
            ],
            [
              25,
              22
            ],
            [
              25,
              23
            ],
            [
              25,
              24
            ],
            [
              25,
              26
            ],
            [
              25,
              27
            ],
            [
              25,
              28
            ],
            [
              25,
              29
            ],
            [
              25,
              30
            ],
            [
              25,
              31
            ],
            [
              25,
              32
            ],
            [
              25,
              33
            ],
            [
              25,
              34
            ],
            [
              25,
              35
            ],
            [
              25,
              36
            ],
            [
              25,
              37
            ],
            [
              25,
              38
            ],
            [
              25,
              39
            ],
            [
              25,
              40
            ],
            [
              25,
              41
            ],
            [
              25,
              42
            ],
            [
              25,
              43
            ],
            [
              25,
              44
            ],
            [
              25,
              45
            ],
            [
              25,
              46
            ],
            [
              25,
              47
            ],
            [
              25,
              48
            ],
            [
              25,
              49
            ],
            [
              25,
              50
            ],
            [
              25,
              51
            ],
            [
              25,
              52
            ],
            [
              25,
              53
            ],
            [
              25,
              54
            ],
            [
              25,
              55
            ],
            [
              26,
              0
            ],
            [
              26,
              1
            ],
            [
              26,
              2
            ],
            [
              26,
              3
            ],
            [
              26,
              4
            ],
            [
              26,
              5
            ],
            [
              26,
              6
            ],
            [
              26,
              7
            ],
            [
              26,
              8
            ],
            [
              26,
              9
            ],
            [
              26,
              10
            ],
            [
              26,
              11
            ],
            [
              26,
              12
            ],
            [
              26,
              13
            ],
            [
              26,
              14
            ],
            [
              26,
              15
            ],
            [
              26,
              16
            ],
            [
              26,
              17
            ],
            [
              26,
              18
            ],
            [
              26,
              19
            ],
            [
              26,
              20
            ],
            [
              26,
              21
            ],
            [
              26,
              22
            ],
            [
              26,
              23
            ],
            [
              26,
              24
            ],
            [
              26,
              25
            ],
            [
              26,
              27
            ],
            [
              26,
              28
            ],
            [
              26,
              29
            ],
            [
              26,
              30
            ],
            [
              26,
              31
            ],
            [
              26,
              32
            ],
            [
              26,
              33
            ],
            [
              26,
              34
            ],
            [
              26,
              35
            ],
            [
              26,
              36
            ],
            [
              26,
              37
            ],
            [
              26,
              38
            ],
            [
              26,
              39
            ],
            [
              26,
              40
            ],
            [
              26,
              41
            ],
            [
              26,
              42
            ],
            [
              26,
              43
            ],
            [
              26,
              44
            ],
            [
              26,
              45
            ],
            [
              26,
              46
            ],
            [
              26,
              47
            ],
            [
              26,
              48
            ],
            [
              26,
              49
            ],
            [
              26,
              50
            ],
            [
              26,
              51
            ],
            [
              26,
              52
            ],
            [
              26,
              53
            ],
            [
              26,
              54
            ],
            [
              26,
              55
            ],
            [
              27,
              0
            ],
            [
              27,
              1
            ],
            [
              27,
              2
            ],
            [
              27,
              3
            ],
            [
              27,
              4
            ],
            [
              27,
              5
            ],
            [
              27,
              6
            ],
            [
              27,
              7
            ],
            [
              27,
              8
            ],
            [
              27,
              9
            ],
            [
              27,
              10
            ],
            [
              27,
              11
            ],
            [
              27,
              12
            ],
            [
              27,
              13
            ],
            [
              27,
              14
            ],
            [
              27,
              15
            ],
            [
              27,
              16
            ],
            [
              27,
              17
            ],
            [
              27,
              18
            ],
            [
              27,
              19
            ],
            [
              27,
              20
            ],
            [
              27,
              21
            ],
            [
              27,
              22
            ],
            [
              27,
              23
            ],
            [
              27,
              24
            ],
            [
              27,
              25
            ],
            [
              27,
              26
            ],
            [
              27,
              28
            ],
            [
              27,
              29
            ],
            [
              27,
              30
            ],
            [
              27,
              31
            ],
            [
              27,
              32
            ],
            [
              27,
              33
            ],
            [
              27,
              34
            ],
            [
              27,
              35
            ],
            [
              27,
              36
            ],
            [
              27,
              37
            ],
            [
              27,
              38
            ],
            [
              27,
              39
            ],
            [
              27,
              40
            ],
            [
              27,
              41
            ],
            [
              27,
              42
            ],
            [
              27,
              43
            ],
            [
              27,
              44
            ],
            [
              27,
              45
            ],
            [
              27,
              46
            ],
            [
              27,
              47
            ],
            [
              27,
              48
            ],
            [
              27,
              49
            ],
            [
              27,
              50
            ],
            [
              27,
              51
            ],
            [
              27,
              52
            ],
            [
              27,
              53
            ],
            [
              27,
              54
            ],
            [
              27,
              55
            ],
            [
              28,
              0
            ],
            [
              28,
              1
            ],
            [
              28,
              2
            ],
            [
              28,
              3
            ],
            [
              28,
              4
            ],
            [
              28,
              5
            ],
            [
              28,
              6
            ],
            [
              28,
              7
            ],
            [
              28,
              8
            ],
            [
              28,
              9
            ],
            [
              28,
              10
            ],
            [
              28,
              11
            ],
            [
              28,
              12
            ],
            [
              28,
              13
            ],
            [
              28,
              14
            ],
            [
              28,
              15
            ],
            [
              28,
              16
            ],
            [
              28,
              17
            ],
            [
              28,
              18
            ],
            [
              28,
              19
            ],
            [
              28,
              20
            ],
            [
              28,
              21
            ],
            [
              28,
              22
            ],
            [
              28,
              23
            ],
            [
              28,
              24
            ],
            [
              28,
              25
            ],
            [
              28,
              26
            ],
            [
              28,
              27
            ],
            [
              28,
              29
            ],
            [
              28,
              30
            ],
            [
              28,
              31
            ],
            [
              28,
              32
            ],
            [
              28,
              33
            ],
            [
              28,
              34
            ],
            [
              28,
              35
            ],
            [
              28,
              36
            ],
            [
              28,
              37
            ],
            [
              28,
              38
            ],
            [
              28,
              39
            ],
            [
              28,
              40
            ],
            [
              28,
              41
            ],
            [
              28,
              42
            ],
            [
              28,
              43
            ],
            [
              28,
              44
            ],
            [
              28,
              45
            ],
            [
              28,
              46
            ],
            [
              28,
              47
            ],
            [
              28,
              48
            ],
            [
              28,
              49
            ],
            [
              28,
              50
            ],
            [
              28,
              51
            ],
            [
              28,
              52
            ],
            [
              28,
              53
            ],
            [
              28,
              54
            ],
            [
              28,
              55
            ],
            [
              29,
              0
            ],
            [
              29,
              1
            ],
            [
              29,
              2
            ],
            [
              29,
              3
            ],
            [
              29,
              4
            ],
            [
              29,
              5
            ],
            [
              29,
              6
            ],
            [
              29,
              7
            ],
            [
              29,
              8
            ],
            [
              29,
              9
            ],
            [
              29,
              10
            ],
            [
              29,
              11
            ],
            [
              29,
              12
            ],
            [
              29,
              13
            ],
            [
              29,
              14
            ],
            [
              29,
              15
            ],
            [
              29,
              16
            ],
            [
              29,
              17
            ],
            [
              29,
              18
            ],
            [
              29,
              19
            ],
            [
              29,
              20
            ],
            [
              29,
              21
            ],
            [
              29,
              22
            ],
            [
              29,
              23
            ],
            [
              29,
              24
            ],
            [
              29,
              25
            ],
            [
              29,
              26
            ],
            [
              29,
              27
            ],
            [
              29,
              28
            ],
            [
              29,
              30
            ],
            [
              29,
              31
            ],
            [
              29,
              32
            ],
            [
              29,
              33
            ],
            [
              29,
              34
            ],
            [
              29,
              35
            ],
            [
              29,
              36
            ],
            [
              29,
              37
            ],
            [
              29,
              38
            ],
            [
              29,
              39
            ],
            [
              29,
              40
            ],
            [
              29,
              41
            ],
            [
              29,
              42
            ],
            [
              29,
              43
            ],
            [
              29,
              44
            ],
            [
              29,
              45
            ],
            [
              29,
              46
            ],
            [
              29,
              47
            ],
            [
              29,
              48
            ],
            [
              29,
              49
            ],
            [
              29,
              50
            ],
            [
              29,
              51
            ],
            [
              29,
              52
            ],
            [
              29,
              53
            ],
            [
              29,
              54
            ],
            [
              29,
              55
            ],
            [
              30,
              0
            ],
            [
              30,
              1
            ],
            [
              30,
              2
            ],
            [
              30,
              3
            ],
            [
              30,
              4
            ],
            [
              30,
              5
            ],
            [
              30,
              6
            ],
            [
              30,
              7
            ],
            [
              30,
              8
            ],
            [
              30,
              9
            ],
            [
              30,
              10
            ],
            [
              30,
              11
            ],
            [
              30,
              12
            ],
            [
              30,
              13
            ],
            [
              30,
              14
            ],
            [
              30,
              15
            ],
            [
              30,
              16
            ],
            [
              30,
              17
            ],
            [
              30,
              18
            ],
            [
              30,
              19
            ],
            [
              30,
              20
            ],
            [
              30,
              21
            ],
            [
              30,
              22
            ],
            [
              30,
              23
            ],
            [
              30,
              24
            ],
            [
              30,
              25
            ],
            [
              30,
              26
            ],
            [
              30,
              27
            ],
            [
              30,
              28
            ],
            [
              30,
              29
            ],
            [
              30,
              31
            ],
            [
              30,
              32
            ],
            [
              30,
              33
            ],
            [
              30,
              34
            ],
            [
              30,
              35
            ],
            [
              30,
              36
            ],
            [
              30,
              37
            ],
            [
              30,
              38
            ],
            [
              30,
              39
            ],
            [
              30,
              40
            ],
            [
              30,
              41
            ],
            [
              30,
              42
            ],
            [
              30,
              43
            ],
            [
              30,
              44
            ],
            [
              30,
              45
            ],
            [
              30,
              46
            ],
            [
              30,
              47
            ],
            [
              30,
              48
            ],
            [
              30,
              49
            ],
            [
              30,
              50
            ],
            [
              30,
              51
            ],
            [
              30,
              52
            ],
            [
              30,
              53
            ],
            [
              30,
              54
            ],
            [
              30,
              55
            ],
            [
              31,
              0
            ],
            [
              31,
              1
            ],
            [
              31,
              2
            ],
            [
              31,
              3
            ],
            [
              31,
              4
            ],
            [
              31,
              5
            ],
            [
              31,
              6
            ],
            [
              31,
              7
            ],
            [
              31,
              8
            ],
            [
              31,
              9
            ],
            [
              31,
              10
            ],
            [
              31,
              11
            ],
            [
              31,
              12
            ],
            [
              31,
              13
            ],
            [
              31,
              14
            ],
            [
              31,
              15
            ],
            [
              31,
              16
            ],
            [
              31,
              17
            ],
            [
              31,
              18
            ],
            [
              31,
              19
            ],
            [
              31,
              20
            ],
            [
              31,
              21
            ],
            [
              31,
              22
            ],
            [
              31,
              23
            ],
            [
              31,
              24
            ],
            [
              31,
              25
            ],
            [
              31,
              26
            ],
            [
              31,
              27
            ],
            [
              31,
              28
            ],
            [
              31,
              29
            ],
            [
              31,
              30
            ],
            [
              31,
              32
            ],
            [
              31,
              33
            ],
            [
              31,
              34
            ],
            [
              31,
              35
            ],
            [
              31,
              36
            ],
            [
              31,
              37
            ],
            [
              31,
              38
            ],
            [
              31,
              39
            ],
            [
              31,
              40
            ],
            [
              31,
              41
            ],
            [
              31,
              42
            ],
            [
              31,
              43
            ],
            [
              31,
              44
            ],
            [
              31,
              45
            ],
            [
              31,
              46
            ],
            [
              31,
              47
            ],
            [
              31,
              48
            ],
            [
              31,
              49
            ],
            [
              31,
              50
            ],
            [
              31,
              51
            ],
            [
              31,
              52
            ],
            [
              31,
              53
            ],
            [
              31,
              54
            ],
            [
              31,
              55
            ],
            [
              32,
              0
            ],
            [
              32,
              1
            ],
            [
              32,
              2
            ],
            [
              32,
              3
            ],
            [
              32,
              4
            ],
            [
              32,
              5
            ],
            [
              32,
              6
            ],
            [
              32,
              7
            ],
            [
              32,
              8
            ],
            [
              32,
              9
            ],
            [
              32,
              10
            ],
            [
              32,
              11
            ],
            [
              32,
              12
            ],
            [
              32,
              13
            ],
            [
              32,
              14
            ],
            [
              32,
              15
            ],
            [
              32,
              16
            ],
            [
              32,
              17
            ],
            [
              32,
              18
            ],
            [
              32,
              19
            ],
            [
              32,
              20
            ],
            [
              32,
              21
            ],
            [
              32,
              22
            ],
            [
              32,
              23
            ],
            [
              32,
              24
            ],
            [
              32,
              25
            ],
            [
              32,
              26
            ],
            [
              32,
              27
            ],
            [
              32,
              28
            ],
            [
              32,
              29
            ],
            [
              32,
              30
            ],
            [
              32,
              31
            ],
            [
              32,
              33
            ],
            [
              32,
              34
            ],
            [
              32,
              35
            ],
            [
              32,
              36
            ],
            [
              32,
              37
            ],
            [
              32,
              38
            ],
            [
              32,
              39
            ],
            [
              32,
              40
            ],
            [
              32,
              41
            ],
            [
              32,
              42
            ],
            [
              32,
              43
            ],
            [
              32,
              44
            ],
            [
              32,
              45
            ],
            [
              32,
              46
            ],
            [
              32,
              47
            ],
            [
              32,
              48
            ],
            [
              32,
              49
            ],
            [
              32,
              50
            ],
            [
              32,
              51
            ],
            [
              32,
              52
            ],
            [
              32,
              53
            ],
            [
              32,
              54
            ],
            [
              32,
              55
            ],
            [
              33,
              0
            ],
            [
              33,
              1
            ],
            [
              33,
              2
            ],
            [
              33,
              3
            ],
            [
              33,
              4
            ],
            [
              33,
              5
            ],
            [
              33,
              6
            ],
            [
              33,
              7
            ],
            [
              33,
              8
            ],
            [
              33,
              9
            ],
            [
              33,
              10
            ],
            [
              33,
              11
            ],
            [
              33,
              12
            ],
            [
              33,
              13
            ],
            [
              33,
              14
            ],
            [
              33,
              15
            ],
            [
              33,
              16
            ],
            [
              33,
              17
            ],
            [
              33,
              18
            ],
            [
              33,
              19
            ],
            [
              33,
              20
            ],
            [
              33,
              21
            ],
            [
              33,
              22
            ],
            [
              33,
              23
            ],
            [
              33,
              24
            ],
            [
              33,
              25
            ],
            [
              33,
              26
            ],
            [
              33,
              27
            ],
            [
              33,
              28
            ],
            [
              33,
              29
            ],
            [
              33,
              30
            ],
            [
              33,
              31
            ],
            [
              33,
              32
            ],
            [
              33,
              34
            ],
            [
              33,
              35
            ],
            [
              33,
              36
            ],
            [
              33,
              37
            ],
            [
              33,
              38
            ],
            [
              33,
              39
            ],
            [
              33,
              40
            ],
            [
              33,
              41
            ],
            [
              33,
              42
            ],
            [
              33,
              43
            ],
            [
              33,
              44
            ],
            [
              33,
              45
            ],
            [
              33,
              46
            ],
            [
              33,
              47
            ],
            [
              33,
              48
            ],
            [
              33,
              49
            ],
            [
              33,
              50
            ],
            [
              33,
              51
            ],
            [
              33,
              52
            ],
            [
              33,
              53
            ],
            [
              33,
              54
            ],
            [
              33,
              55
            ],
            [
              34,
              0
            ],
            [
              34,
              1
            ],
            [
              34,
              2
            ],
            [
              34,
              3
            ],
            [
              34,
              4
            ],
            [
              34,
              5
            ],
            [
              34,
              6
            ],
            [
              34,
              7
            ],
            [
              34,
              8
            ],
            [
              34,
              9
            ],
            [
              34,
              10
            ],
            [
              34,
              11
            ],
            [
              34,
              12
            ],
            [
              34,
              13
            ],
            [
              34,
              14
            ],
            [
              34,
              15
            ],
            [
              34,
              16
            ],
            [
              34,
              17
            ],
            [
              34,
              18
            ],
            [
              34,
              19
            ],
            [
              34,
              20
            ],
            [
              34,
              21
            ],
            [
              34,
              22
            ],
            [
              34,
              23
            ],
            [
              34,
              24
            ],
            [
              34,
              25
            ],
            [
              34,
              26
            ],
            [
              34,
              27
            ],
            [
              34,
              28
            ],
            [
              34,
              29
            ],
            [
              34,
              30
            ],
            [
              34,
              31
            ],
            [
              34,
              32
            ],
            [
              34,
              33
            ],
            [
              34,
              35
            ],
            [
              34,
              36
            ],
            [
              34,
              37
            ],
            [
              34,
              38
            ],
            [
              34,
              39
            ],
            [
              34,
              40
            ],
            [
              34,
              41
            ],
            [
              34,
              42
            ],
            [
              34,
              43
            ],
            [
              34,
              44
            ],
            [
              34,
              45
            ],
            [
              34,
              46
            ],
            [
              34,
              47
            ],
            [
              34,
              48
            ],
            [
              34,
              49
            ],
            [
              34,
              50
            ],
            [
              34,
              51
            ],
            [
              34,
              52
            ],
            [
              34,
              53
            ],
            [
              34,
              54
            ],
            [
              34,
              55
            ],
            [
              35,
              0
            ],
            [
              35,
              1
            ],
            [
              35,
              2
            ],
            [
              35,
              3
            ],
            [
              35,
              4
            ],
            [
              35,
              5
            ],
            [
              35,
              6
            ],
            [
              35,
              7
            ],
            [
              35,
              8
            ],
            [
              35,
              9
            ],
            [
              35,
              10
            ],
            [
              35,
              11
            ],
            [
              35,
              12
            ],
            [
              35,
              13
            ],
            [
              35,
              14
            ],
            [
              35,
              15
            ],
            [
              35,
              16
            ],
            [
              35,
              17
            ],
            [
              35,
              18
            ],
            [
              35,
              19
            ],
            [
              35,
              20
            ],
            [
              35,
              21
            ],
            [
              35,
              22
            ],
            [
              35,
              23
            ],
            [
              35,
              24
            ],
            [
              35,
              25
            ],
            [
              35,
              26
            ],
            [
              35,
              27
            ],
            [
              35,
              28
            ],
            [
              35,
              29
            ],
            [
              35,
              30
            ],
            [
              35,
              31
            ],
            [
              35,
              32
            ],
            [
              35,
              33
            ],
            [
              35,
              34
            ],
            [
              35,
              36
            ],
            [
              35,
              37
            ],
            [
              35,
              38
            ],
            [
              35,
              39
            ],
            [
              35,
              40
            ],
            [
              35,
              41
            ],
            [
              35,
              42
            ],
            [
              35,
              43
            ],
            [
              35,
              44
            ],
            [
              35,
              45
            ],
            [
              35,
              46
            ],
            [
              35,
              47
            ],
            [
              35,
              48
            ],
            [
              35,
              49
            ],
            [
              35,
              50
            ],
            [
              35,
              51
            ],
            [
              35,
              52
            ],
            [
              35,
              53
            ],
            [
              35,
              54
            ],
            [
              35,
              55
            ],
            [
              36,
              0
            ],
            [
              36,
              1
            ],
            [
              36,
              2
            ],
            [
              36,
              3
            ],
            [
              36,
              4
            ],
            [
              36,
              5
            ],
            [
              36,
              6
            ],
            [
              36,
              7
            ],
            [
              36,
              8
            ],
            [
              36,
              9
            ],
            [
              36,
              10
            ],
            [
              36,
              11
            ],
            [
              36,
              12
            ],
            [
              36,
              13
            ],
            [
              36,
              14
            ],
            [
              36,
              15
            ],
            [
              36,
              16
            ],
            [
              36,
              17
            ],
            [
              36,
              18
            ],
            [
              36,
              19
            ],
            [
              36,
              20
            ],
            [
              36,
              21
            ],
            [
              36,
              22
            ],
            [
              36,
              23
            ],
            [
              36,
              24
            ],
            [
              36,
              25
            ],
            [
              36,
              26
            ],
            [
              36,
              27
            ],
            [
              36,
              28
            ],
            [
              36,
              29
            ],
            [
              36,
              30
            ],
            [
              36,
              31
            ],
            [
              36,
              32
            ],
            [
              36,
              33
            ],
            [
              36,
              34
            ],
            [
              36,
              35
            ],
            [
              36,
              37
            ],
            [
              36,
              38
            ],
            [
              36,
              39
            ],
            [
              36,
              40
            ],
            [
              36,
              41
            ],
            [
              36,
              42
            ],
            [
              36,
              43
            ],
            [
              36,
              44
            ],
            [
              36,
              45
            ],
            [
              36,
              46
            ],
            [
              36,
              47
            ],
            [
              36,
              48
            ],
            [
              36,
              49
            ],
            [
              36,
              50
            ],
            [
              36,
              51
            ],
            [
              36,
              52
            ],
            [
              36,
              53
            ],
            [
              36,
              54
            ],
            [
              36,
              55
            ],
            [
              37,
              0
            ],
            [
              37,
              1
            ],
            [
              37,
              2
            ],
            [
              37,
              3
            ],
            [
              37,
              4
            ],
            [
              37,
              5
            ],
            [
              37,
              6
            ],
            [
              37,
              7
            ],
            [
              37,
              8
            ],
            [
              37,
              9
            ],
            [
              37,
              10
            ],
            [
              37,
              11
            ],
            [
              37,
              12
            ],
            [
              37,
              13
            ],
            [
              37,
              14
            ],
            [
              37,
              15
            ],
            [
              37,
              16
            ],
            [
              37,
              17
            ],
            [
              37,
              18
            ],
            [
              37,
              19
            ],
            [
              37,
              20
            ],
            [
              37,
              21
            ],
            [
              37,
              22
            ],
            [
              37,
              23
            ],
            [
              37,
              24
            ],
            [
              37,
              25
            ],
            [
              37,
              26
            ],
            [
              37,
              27
            ],
            [
              37,
              28
            ],
            [
              37,
              29
            ],
            [
              37,
              30
            ],
            [
              37,
              31
            ],
            [
              37,
              32
            ],
            [
              37,
              33
            ],
            [
              37,
              34
            ],
            [
              37,
              35
            ],
            [
              37,
              36
            ],
            [
              37,
              38
            ],
            [
              37,
              39
            ],
            [
              37,
              40
            ],
            [
              37,
              41
            ],
            [
              37,
              42
            ],
            [
              37,
              43
            ],
            [
              37,
              44
            ],
            [
              37,
              45
            ],
            [
              37,
              46
            ],
            [
              37,
              47
            ],
            [
              37,
              48
            ],
            [
              37,
              49
            ],
            [
              37,
              50
            ],
            [
              37,
              51
            ],
            [
              37,
              52
            ],
            [
              37,
              53
            ],
            [
              37,
              54
            ],
            [
              37,
              55
            ],
            [
              38,
              0
            ],
            [
              38,
              1
            ],
            [
              38,
              2
            ],
            [
              38,
              3
            ],
            [
              38,
              4
            ],
            [
              38,
              5
            ],
            [
              38,
              6
            ],
            [
              38,
              7
            ],
            [
              38,
              8
            ],
            [
              38,
              9
            ],
            [
              38,
              10
            ],
            [
              38,
              11
            ],
            [
              38,
              12
            ],
            [
              38,
              13
            ],
            [
              38,
              14
            ],
            [
              38,
              15
            ],
            [
              38,
              16
            ],
            [
              38,
              17
            ],
            [
              38,
              18
            ],
            [
              38,
              19
            ],
            [
              38,
              20
            ],
            [
              38,
              21
            ],
            [
              38,
              22
            ],
            [
              38,
              23
            ],
            [
              38,
              24
            ],
            [
              38,
              25
            ],
            [
              38,
              26
            ],
            [
              38,
              27
            ],
            [
              38,
              28
            ],
            [
              38,
              29
            ],
            [
              38,
              30
            ],
            [
              38,
              31
            ],
            [
              38,
              32
            ],
            [
              38,
              33
            ],
            [
              38,
              34
            ],
            [
              38,
              35
            ],
            [
              38,
              36
            ],
            [
              38,
              37
            ],
            [
              38,
              39
            ],
            [
              38,
              40
            ],
            [
              38,
              41
            ],
            [
              38,
              42
            ],
            [
              38,
              43
            ],
            [
              38,
              44
            ],
            [
              38,
              45
            ],
            [
              38,
              46
            ],
            [
              38,
              47
            ],
            [
              38,
              48
            ],
            [
              38,
              49
            ],
            [
              38,
              50
            ],
            [
              38,
              51
            ],
            [
              38,
              52
            ],
            [
              38,
              53
            ],
            [
              38,
              54
            ],
            [
              38,
              55
            ],
            [
              39,
              0
            ],
            [
              39,
              1
            ],
            [
              39,
              2
            ],
            [
              39,
              3
            ],
            [
              39,
              4
            ],
            [
              39,
              5
            ],
            [
              39,
              6
            ],
            [
              39,
              7
            ],
            [
              39,
              8
            ],
            [
              39,
              9
            ],
            [
              39,
              10
            ],
            [
              39,
              11
            ],
            [
              39,
              12
            ],
            [
              39,
              13
            ],
            [
              39,
              14
            ],
            [
              39,
              15
            ],
            [
              39,
              16
            ],
            [
              39,
              17
            ],
            [
              39,
              18
            ],
            [
              39,
              19
            ],
            [
              39,
              20
            ],
            [
              39,
              21
            ],
            [
              39,
              22
            ],
            [
              39,
              23
            ],
            [
              39,
              24
            ],
            [
              39,
              25
            ],
            [
              39,
              26
            ],
            [
              39,
              27
            ],
            [
              39,
              28
            ],
            [
              39,
              29
            ],
            [
              39,
              30
            ],
            [
              39,
              31
            ],
            [
              39,
              32
            ],
            [
              39,
              33
            ],
            [
              39,
              34
            ],
            [
              39,
              35
            ],
            [
              39,
              36
            ],
            [
              39,
              37
            ],
            [
              39,
              38
            ],
            [
              39,
              40
            ],
            [
              39,
              41
            ],
            [
              39,
              42
            ],
            [
              39,
              43
            ],
            [
              39,
              44
            ],
            [
              39,
              45
            ],
            [
              39,
              46
            ],
            [
              39,
              47
            ],
            [
              39,
              48
            ],
            [
              39,
              49
            ],
            [
              39,
              50
            ],
            [
              39,
              51
            ],
            [
              39,
              52
            ],
            [
              39,
              53
            ],
            [
              39,
              54
            ],
            [
              39,
              55
            ],
            [
              40,
              0
            ],
            [
              40,
              1
            ],
            [
              40,
              2
            ],
            [
              40,
              3
            ],
            [
              40,
              4
            ],
            [
              40,
              5
            ],
            [
              40,
              6
            ],
            [
              40,
              7
            ],
            [
              40,
              8
            ],
            [
              40,
              9
            ],
            [
              40,
              10
            ],
            [
              40,
              11
            ],
            [
              40,
              12
            ],
            [
              40,
              13
            ],
            [
              40,
              14
            ],
            [
              40,
              15
            ],
            [
              40,
              16
            ],
            [
              40,
              17
            ],
            [
              40,
              18
            ],
            [
              40,
              19
            ],
            [
              40,
              20
            ],
            [
              40,
              21
            ],
            [
              40,
              22
            ],
            [
              40,
              23
            ],
            [
              40,
              24
            ],
            [
              40,
              25
            ],
            [
              40,
              26
            ],
            [
              40,
              27
            ],
            [
              40,
              28
            ],
            [
              40,
              29
            ],
            [
              40,
              30
            ],
            [
              40,
              31
            ],
            [
              40,
              32
            ],
            [
              40,
              33
            ],
            [
              40,
              34
            ],
            [
              40,
              35
            ],
            [
              40,
              36
            ],
            [
              40,
              37
            ],
            [
              40,
              38
            ],
            [
              40,
              39
            ],
            [
              40,
              41
            ],
            [
              40,
              42
            ],
            [
              40,
              43
            ],
            [
              40,
              44
            ],
            [
              40,
              45
            ],
            [
              40,
              46
            ],
            [
              40,
              47
            ],
            [
              40,
              48
            ],
            [
              40,
              49
            ],
            [
              40,
              50
            ],
            [
              40,
              51
            ],
            [
              40,
              52
            ],
            [
              40,
              53
            ],
            [
              40,
              54
            ],
            [
              40,
              55
            ],
            [
              41,
              0
            ],
            [
              41,
              1
            ],
            [
              41,
              2
            ],
            [
              41,
              3
            ],
            [
              41,
              4
            ],
            [
              41,
              5
            ],
            [
              41,
              6
            ],
            [
              41,
              7
            ],
            [
              41,
              8
            ],
            [
              41,
              9
            ],
            [
              41,
              10
            ],
            [
              41,
              11
            ],
            [
              41,
              12
            ],
            [
              41,
              13
            ],
            [
              41,
              14
            ],
            [
              41,
              15
            ],
            [
              41,
              16
            ],
            [
              41,
              17
            ],
            [
              41,
              18
            ],
            [
              41,
              19
            ],
            [
              41,
              20
            ],
            [
              41,
              21
            ],
            [
              41,
              22
            ],
            [
              41,
              23
            ],
            [
              41,
              24
            ],
            [
              41,
              25
            ],
            [
              41,
              26
            ],
            [
              41,
              27
            ],
            [
              41,
              28
            ],
            [
              41,
              29
            ],
            [
              41,
              30
            ],
            [
              41,
              31
            ],
            [
              41,
              32
            ],
            [
              41,
              33
            ],
            [
              41,
              34
            ],
            [
              41,
              35
            ],
            [
              41,
              36
            ],
            [
              41,
              37
            ],
            [
              41,
              38
            ],
            [
              41,
              39
            ],
            [
              41,
              40
            ],
            [
              41,
              42
            ],
            [
              41,
              43
            ],
            [
              41,
              44
            ],
            [
              41,
              45
            ],
            [
              41,
              46
            ],
            [
              41,
              47
            ],
            [
              41,
              48
            ],
            [
              41,
              49
            ],
            [
              41,
              50
            ],
            [
              41,
              51
            ],
            [
              41,
              52
            ],
            [
              41,
              53
            ],
            [
              41,
              54
            ],
            [
              41,
              55
            ],
            [
              42,
              0
            ],
            [
              42,
              1
            ],
            [
              42,
              2
            ],
            [
              42,
              3
            ],
            [
              42,
              4
            ],
            [
              42,
              5
            ],
            [
              42,
              6
            ],
            [
              42,
              7
            ],
            [
              42,
              8
            ],
            [
              42,
              9
            ],
            [
              42,
              10
            ],
            [
              42,
              11
            ],
            [
              42,
              12
            ],
            [
              42,
              13
            ],
            [
              42,
              14
            ],
            [
              42,
              15
            ],
            [
              42,
              16
            ],
            [
              42,
              17
            ],
            [
              42,
              18
            ],
            [
              42,
              19
            ],
            [
              42,
              20
            ],
            [
              42,
              21
            ],
            [
              42,
              22
            ],
            [
              42,
              23
            ],
            [
              42,
              24
            ],
            [
              42,
              25
            ],
            [
              42,
              26
            ],
            [
              42,
              27
            ],
            [
              42,
              28
            ],
            [
              42,
              29
            ],
            [
              42,
              30
            ],
            [
              42,
              31
            ],
            [
              42,
              32
            ],
            [
              42,
              33
            ],
            [
              42,
              34
            ],
            [
              42,
              35
            ],
            [
              42,
              36
            ],
            [
              42,
              37
            ],
            [
              42,
              38
            ],
            [
              42,
              39
            ],
            [
              42,
              40
            ],
            [
              42,
              41
            ],
            [
              42,
              43
            ],
            [
              42,
              44
            ],
            [
              42,
              45
            ],
            [
              42,
              46
            ],
            [
              42,
              47
            ],
            [
              42,
              48
            ],
            [
              42,
              49
            ],
            [
              42,
              50
            ],
            [
              42,
              51
            ],
            [
              42,
              52
            ],
            [
              42,
              53
            ],
            [
              42,
              54
            ],
            [
              42,
              55
            ],
            [
              43,
              0
            ],
            [
              43,
              1
            ],
            [
              43,
              2
            ],
            [
              43,
              3
            ],
            [
              43,
              4
            ],
            [
              43,
              5
            ],
            [
              43,
              6
            ],
            [
              43,
              7
            ],
            [
              43,
              8
            ],
            [
              43,
              9
            ],
            [
              43,
              10
            ],
            [
              43,
              11
            ],
            [
              43,
              12
            ],
            [
              43,
              13
            ],
            [
              43,
              14
            ],
            [
              43,
              15
            ],
            [
              43,
              16
            ],
            [
              43,
              17
            ],
            [
              43,
              18
            ],
            [
              43,
              19
            ],
            [
              43,
              20
            ],
            [
              43,
              21
            ],
            [
              43,
              22
            ],
            [
              43,
              23
            ],
            [
              43,
              24
            ],
            [
              43,
              25
            ],
            [
              43,
              26
            ],
            [
              43,
              27
            ],
            [
              43,
              28
            ],
            [
              43,
              29
            ],
            [
              43,
              30
            ],
            [
              43,
              31
            ],
            [
              43,
              32
            ],
            [
              43,
              33
            ],
            [
              43,
              34
            ],
            [
              43,
              35
            ],
            [
              43,
              36
            ],
            [
              43,
              37
            ],
            [
              43,
              38
            ],
            [
              43,
              39
            ],
            [
              43,
              40
            ],
            [
              43,
              41
            ],
            [
              43,
              42
            ],
            [
              43,
              44
            ],
            [
              43,
              45
            ],
            [
              43,
              46
            ],
            [
              43,
              47
            ],
            [
              43,
              48
            ],
            [
              43,
              49
            ],
            [
              43,
              50
            ],
            [
              43,
              51
            ],
            [
              43,
              52
            ],
            [
              43,
              53
            ],
            [
              43,
              54
            ],
            [
              43,
              55
            ],
            [
              44,
              0
            ],
            [
              44,
              1
            ],
            [
              44,
              2
            ],
            [
              44,
              3
            ],
            [
              44,
              4
            ],
            [
              44,
              5
            ],
            [
              44,
              6
            ],
            [
              44,
              7
            ],
            [
              44,
              8
            ],
            [
              44,
              9
            ],
            [
              44,
              10
            ],
            [
              44,
              11
            ],
            [
              44,
              12
            ],
            [
              44,
              13
            ],
            [
              44,
              14
            ],
            [
              44,
              15
            ],
            [
              44,
              16
            ],
            [
              44,
              17
            ],
            [
              44,
              18
            ],
            [
              44,
              19
            ],
            [
              44,
              20
            ],
            [
              44,
              21
            ],
            [
              44,
              22
            ],
            [
              44,
              23
            ],
            [
              44,
              24
            ],
            [
              44,
              25
            ],
            [
              44,
              26
            ],
            [
              44,
              27
            ],
            [
              44,
              28
            ],
            [
              44,
              29
            ],
            [
              44,
              30
            ],
            [
              44,
              31
            ],
            [
              44,
              32
            ],
            [
              44,
              33
            ],
            [
              44,
              34
            ],
            [
              44,
              35
            ],
            [
              44,
              36
            ],
            [
              44,
              37
            ],
            [
              44,
              38
            ],
            [
              44,
              39
            ],
            [
              44,
              40
            ],
            [
              44,
              41
            ],
            [
              44,
              42
            ],
            [
              44,
              43
            ],
            [
              44,
              45
            ],
            [
              44,
              46
            ],
            [
              44,
              47
            ],
            [
              44,
              48
            ],
            [
              44,
              49
            ],
            [
              44,
              50
            ],
            [
              44,
              51
            ],
            [
              44,
              52
            ],
            [
              44,
              53
            ],
            [
              44,
              54
            ],
            [
              44,
              55
            ],
            [
              45,
              0
            ],
            [
              45,
              1
            ],
            [
              45,
              2
            ],
            [
              45,
              3
            ],
            [
              45,
              4
            ],
            [
              45,
              5
            ],
            [
              45,
              6
            ],
            [
              45,
              7
            ],
            [
              45,
              8
            ],
            [
              45,
              9
            ],
            [
              45,
              10
            ],
            [
              45,
              11
            ],
            [
              45,
              12
            ],
            [
              45,
              13
            ],
            [
              45,
              14
            ],
            [
              45,
              15
            ],
            [
              45,
              16
            ],
            [
              45,
              17
            ],
            [
              45,
              18
            ],
            [
              45,
              19
            ],
            [
              45,
              20
            ],
            [
              45,
              21
            ],
            [
              45,
              22
            ],
            [
              45,
              23
            ],
            [
              45,
              24
            ],
            [
              45,
              25
            ],
            [
              45,
              26
            ],
            [
              45,
              27
            ],
            [
              45,
              28
            ],
            [
              45,
              29
            ],
            [
              45,
              30
            ],
            [
              45,
              31
            ],
            [
              45,
              32
            ],
            [
              45,
              33
            ],
            [
              45,
              34
            ],
            [
              45,
              35
            ],
            [
              45,
              36
            ],
            [
              45,
              37
            ],
            [
              45,
              38
            ],
            [
              45,
              39
            ],
            [
              45,
              40
            ],
            [
              45,
              41
            ],
            [
              45,
              42
            ],
            [
              45,
              43
            ],
            [
              45,
              44
            ],
            [
              45,
              46
            ],
            [
              45,
              47
            ],
            [
              45,
              48
            ],
            [
              45,
              49
            ],
            [
              45,
              50
            ],
            [
              45,
              51
            ],
            [
              45,
              52
            ],
            [
              45,
              53
            ],
            [
              45,
              54
            ],
            [
              45,
              55
            ],
            [
              46,
              0
            ],
            [
              46,
              1
            ],
            [
              46,
              2
            ],
            [
              46,
              3
            ],
            [
              46,
              4
            ],
            [
              46,
              5
            ],
            [
              46,
              6
            ],
            [
              46,
              7
            ],
            [
              46,
              8
            ],
            [
              46,
              9
            ],
            [
              46,
              10
            ],
            [
              46,
              11
            ],
            [
              46,
              12
            ],
            [
              46,
              13
            ],
            [
              46,
              14
            ],
            [
              46,
              15
            ],
            [
              46,
              16
            ],
            [
              46,
              17
            ],
            [
              46,
              18
            ],
            [
              46,
              19
            ],
            [
              46,
              20
            ],
            [
              46,
              21
            ],
            [
              46,
              22
            ],
            [
              46,
              23
            ],
            [
              46,
              24
            ],
            [
              46,
              25
            ],
            [
              46,
              26
            ],
            [
              46,
              27
            ],
            [
              46,
              28
            ],
            [
              46,
              29
            ],
            [
              46,
              30
            ],
            [
              46,
              31
            ],
            [
              46,
              32
            ],
            [
              46,
              33
            ],
            [
              46,
              34
            ],
            [
              46,
              35
            ],
            [
              46,
              36
            ],
            [
              46,
              37
            ],
            [
              46,
              38
            ],
            [
              46,
              39
            ],
            [
              46,
              40
            ],
            [
              46,
              41
            ],
            [
              46,
              42
            ],
            [
              46,
              43
            ],
            [
              46,
              44
            ],
            [
              46,
              45
            ],
            [
              46,
              47
            ],
            [
              46,
              48
            ],
            [
              46,
              49
            ],
            [
              46,
              50
            ],
            [
              46,
              51
            ],
            [
              46,
              52
            ],
            [
              46,
              53
            ],
            [
              46,
              54
            ],
            [
              46,
              55
            ],
            [
              47,
              0
            ],
            [
              47,
              1
            ],
            [
              47,
              2
            ],
            [
              47,
              3
            ],
            [
              47,
              4
            ],
            [
              47,
              5
            ],
            [
              47,
              6
            ],
            [
              47,
              7
            ],
            [
              47,
              8
            ],
            [
              47,
              9
            ],
            [
              47,
              10
            ],
            [
              47,
              11
            ],
            [
              47,
              12
            ],
            [
              47,
              13
            ],
            [
              47,
              14
            ],
            [
              47,
              15
            ],
            [
              47,
              16
            ],
            [
              47,
              17
            ],
            [
              47,
              18
            ],
            [
              47,
              19
            ],
            [
              47,
              20
            ],
            [
              47,
              21
            ],
            [
              47,
              22
            ],
            [
              47,
              23
            ],
            [
              47,
              24
            ],
            [
              47,
              25
            ],
            [
              47,
              26
            ],
            [
              47,
              27
            ],
            [
              47,
              28
            ],
            [
              47,
              29
            ],
            [
              47,
              30
            ],
            [
              47,
              31
            ],
            [
              47,
              32
            ],
            [
              47,
              33
            ],
            [
              47,
              34
            ],
            [
              47,
              35
            ],
            [
              47,
              36
            ],
            [
              47,
              37
            ],
            [
              47,
              38
            ],
            [
              47,
              39
            ],
            [
              47,
              40
            ],
            [
              47,
              41
            ],
            [
              47,
              42
            ],
            [
              47,
              43
            ],
            [
              47,
              44
            ],
            [
              47,
              45
            ],
            [
              47,
              46
            ],
            [
              47,
              48
            ],
            [
              47,
              49
            ],
            [
              47,
              50
            ],
            [
              47,
              51
            ],
            [
              47,
              52
            ],
            [
              47,
              53
            ],
            [
              47,
              54
            ],
            [
              47,
              55
            ],
            [
              48,
              0
            ],
            [
              48,
              1
            ],
            [
              48,
              2
            ],
            [
              48,
              3
            ],
            [
              48,
              4
            ],
            [
              48,
              5
            ],
            [
              48,
              6
            ],
            [
              48,
              7
            ],
            [
              48,
              8
            ],
            [
              48,
              9
            ],
            [
              48,
              10
            ],
            [
              48,
              11
            ],
            [
              48,
              12
            ],
            [
              48,
              13
            ],
            [
              48,
              14
            ],
            [
              48,
              15
            ],
            [
              48,
              16
            ],
            [
              48,
              17
            ],
            [
              48,
              18
            ],
            [
              48,
              19
            ],
            [
              48,
              20
            ],
            [
              48,
              21
            ],
            [
              48,
              22
            ],
            [
              48,
              23
            ],
            [
              48,
              24
            ],
            [
              48,
              25
            ],
            [
              48,
              26
            ],
            [
              48,
              27
            ],
            [
              48,
              28
            ],
            [
              48,
              29
            ],
            [
              48,
              30
            ],
            [
              48,
              31
            ],
            [
              48,
              32
            ],
            [
              48,
              33
            ],
            [
              48,
              34
            ],
            [
              48,
              35
            ],
            [
              48,
              36
            ],
            [
              48,
              37
            ],
            [
              48,
              38
            ],
            [
              48,
              39
            ],
            [
              48,
              40
            ],
            [
              48,
              41
            ],
            [
              48,
              42
            ],
            [
              48,
              43
            ],
            [
              48,
              44
            ],
            [
              48,
              45
            ],
            [
              48,
              46
            ],
            [
              48,
              47
            ],
            [
              48,
              49
            ],
            [
              48,
              50
            ],
            [
              48,
              51
            ],
            [
              48,
              52
            ],
            [
              48,
              53
            ],
            [
              48,
              54
            ],
            [
              48,
              55
            ],
            [
              49,
              0
            ],
            [
              49,
              1
            ],
            [
              49,
              2
            ],
            [
              49,
              3
            ],
            [
              49,
              4
            ],
            [
              49,
              5
            ],
            [
              49,
              6
            ],
            [
              49,
              7
            ],
            [
              49,
              8
            ],
            [
              49,
              9
            ],
            [
              49,
              10
            ],
            [
              49,
              11
            ],
            [
              49,
              12
            ],
            [
              49,
              13
            ],
            [
              49,
              14
            ],
            [
              49,
              15
            ],
            [
              49,
              16
            ],
            [
              49,
              17
            ],
            [
              49,
              18
            ],
            [
              49,
              19
            ],
            [
              49,
              20
            ],
            [
              49,
              21
            ],
            [
              49,
              22
            ],
            [
              49,
              23
            ],
            [
              49,
              24
            ],
            [
              49,
              25
            ],
            [
              49,
              26
            ],
            [
              49,
              27
            ],
            [
              49,
              28
            ],
            [
              49,
              29
            ],
            [
              49,
              30
            ],
            [
              49,
              31
            ],
            [
              49,
              32
            ],
            [
              49,
              33
            ],
            [
              49,
              34
            ],
            [
              49,
              35
            ],
            [
              49,
              36
            ],
            [
              49,
              37
            ],
            [
              49,
              38
            ],
            [
              49,
              39
            ],
            [
              49,
              40
            ],
            [
              49,
              41
            ],
            [
              49,
              42
            ],
            [
              49,
              43
            ],
            [
              49,
              44
            ],
            [
              49,
              45
            ],
            [
              49,
              46
            ],
            [
              49,
              47
            ],
            [
              49,
              48
            ],
            [
              49,
              50
            ],
            [
              49,
              51
            ],
            [
              49,
              52
            ],
            [
              49,
              53
            ],
            [
              49,
              54
            ],
            [
              49,
              55
            ],
            [
              50,
              0
            ],
            [
              50,
              1
            ],
            [
              50,
              2
            ],
            [
              50,
              3
            ],
            [
              50,
              4
            ],
            [
              50,
              5
            ],
            [
              50,
              6
            ],
            [
              50,
              7
            ],
            [
              50,
              8
            ],
            [
              50,
              9
            ],
            [
              50,
              10
            ],
            [
              50,
              11
            ],
            [
              50,
              12
            ],
            [
              50,
              13
            ],
            [
              50,
              14
            ],
            [
              50,
              15
            ],
            [
              50,
              16
            ],
            [
              50,
              17
            ],
            [
              50,
              18
            ],
            [
              50,
              19
            ],
            [
              50,
              20
            ],
            [
              50,
              21
            ],
            [
              50,
              22
            ],
            [
              50,
              23
            ],
            [
              50,
              24
            ],
            [
              50,
              25
            ],
            [
              50,
              26
            ],
            [
              50,
              27
            ],
            [
              50,
              28
            ],
            [
              50,
              29
            ],
            [
              50,
              30
            ],
            [
              50,
              31
            ],
            [
              50,
              32
            ],
            [
              50,
              33
            ],
            [
              50,
              34
            ],
            [
              50,
              35
            ],
            [
              50,
              36
            ],
            [
              50,
              37
            ],
            [
              50,
              38
            ],
            [
              50,
              39
            ],
            [
              50,
              40
            ],
            [
              50,
              41
            ],
            [
              50,
              42
            ],
            [
              50,
              43
            ],
            [
              50,
              44
            ],
            [
              50,
              45
            ],
            [
              50,
              46
            ],
            [
              50,
              47
            ],
            [
              50,
              48
            ],
            [
              50,
              49
            ],
            [
              50,
              51
            ],
            [
              50,
              52
            ],
            [
              50,
              53
            ],
            [
              50,
              54
            ],
            [
              50,
              55
            ],
            [
              51,
              0
            ],
            [
              51,
              1
            ],
            [
              51,
              2
            ],
            [
              51,
              3
            ],
            [
              51,
              4
            ],
            [
              51,
              5
            ],
            [
              51,
              6
            ],
            [
              51,
              7
            ],
            [
              51,
              8
            ],
            [
              51,
              9
            ],
            [
              51,
              10
            ],
            [
              51,
              11
            ],
            [
              51,
              12
            ],
            [
              51,
              13
            ],
            [
              51,
              14
            ],
            [
              51,
              15
            ],
            [
              51,
              16
            ],
            [
              51,
              17
            ],
            [
              51,
              18
            ],
            [
              51,
              19
            ],
            [
              51,
              20
            ],
            [
              51,
              21
            ],
            [
              51,
              22
            ],
            [
              51,
              23
            ],
            [
              51,
              24
            ],
            [
              51,
              25
            ],
            [
              51,
              26
            ],
            [
              51,
              27
            ],
            [
              51,
              28
            ],
            [
              51,
              29
            ],
            [
              51,
              30
            ],
            [
              51,
              31
            ],
            [
              51,
              32
            ],
            [
              51,
              33
            ],
            [
              51,
              34
            ],
            [
              51,
              35
            ],
            [
              51,
              36
            ],
            [
              51,
              37
            ],
            [
              51,
              38
            ],
            [
              51,
              39
            ],
            [
              51,
              40
            ],
            [
              51,
              41
            ],
            [
              51,
              42
            ],
            [
              51,
              43
            ],
            [
              51,
              44
            ],
            [
              51,
              45
            ],
            [
              51,
              46
            ],
            [
              51,
              47
            ],
            [
              51,
              48
            ],
            [
              51,
              49
            ],
            [
              51,
              50
            ],
            [
              51,
              52
            ],
            [
              51,
              53
            ],
            [
              51,
              54
            ],
            [
              51,
              55
            ],
            [
              52,
              0
            ],
            [
              52,
              1
            ],
            [
              52,
              2
            ],
            [
              52,
              3
            ],
            [
              52,
              4
            ],
            [
              52,
              5
            ],
            [
              52,
              6
            ],
            [
              52,
              7
            ],
            [
              52,
              8
            ],
            [
              52,
              9
            ],
            [
              52,
              10
            ],
            [
              52,
              11
            ],
            [
              52,
              12
            ],
            [
              52,
              13
            ],
            [
              52,
              14
            ],
            [
              52,
              15
            ],
            [
              52,
              16
            ],
            [
              52,
              17
            ],
            [
              52,
              18
            ],
            [
              52,
              19
            ],
            [
              52,
              20
            ],
            [
              52,
              21
            ],
            [
              52,
              22
            ],
            [
              52,
              23
            ],
            [
              52,
              24
            ],
            [
              52,
              25
            ],
            [
              52,
              26
            ],
            [
              52,
              27
            ],
            [
              52,
              28
            ],
            [
              52,
              29
            ],
            [
              52,
              30
            ],
            [
              52,
              31
            ],
            [
              52,
              32
            ],
            [
              52,
              33
            ],
            [
              52,
              34
            ],
            [
              52,
              35
            ],
            [
              52,
              36
            ],
            [
              52,
              37
            ],
            [
              52,
              38
            ],
            [
              52,
              39
            ],
            [
              52,
              40
            ],
            [
              52,
              41
            ],
            [
              52,
              42
            ],
            [
              52,
              43
            ],
            [
              52,
              44
            ],
            [
              52,
              45
            ],
            [
              52,
              46
            ],
            [
              52,
              47
            ],
            [
              52,
              48
            ],
            [
              52,
              49
            ],
            [
              52,
              50
            ],
            [
              52,
              51
            ],
            [
              52,
              53
            ],
            [
              52,
              54
            ],
            [
              52,
              55
            ],
            [
              53,
              0
            ],
            [
              53,
              1
            ],
            [
              53,
              2
            ],
            [
              53,
              3
            ],
            [
              53,
              4
            ],
            [
              53,
              5
            ],
            [
              53,
              6
            ],
            [
              53,
              7
            ],
            [
              53,
              8
            ],
            [
              53,
              9
            ],
            [
              53,
              10
            ],
            [
              53,
              11
            ],
            [
              53,
              12
            ],
            [
              53,
              13
            ],
            [
              53,
              14
            ],
            [
              53,
              15
            ],
            [
              53,
              16
            ],
            [
              53,
              17
            ],
            [
              53,
              18
            ],
            [
              53,
              19
            ],
            [
              53,
              20
            ],
            [
              53,
              21
            ],
            [
              53,
              22
            ],
            [
              53,
              23
            ],
            [
              53,
              24
            ],
            [
              53,
              25
            ],
            [
              53,
              26
            ],
            [
              53,
              27
            ],
            [
              53,
              28
            ],
            [
              53,
              29
            ],
            [
              53,
              30
            ],
            [
              53,
              31
            ],
            [
              53,
              32
            ],
            [
              53,
              33
            ],
            [
              53,
              34
            ],
            [
              53,
              35
            ],
            [
              53,
              36
            ],
            [
              53,
              37
            ],
            [
              53,
              38
            ],
            [
              53,
              39
            ],
            [
              53,
              40
            ],
            [
              53,
              41
            ],
            [
              53,
              42
            ],
            [
              53,
              43
            ],
            [
              53,
              44
            ],
            [
              53,
              45
            ],
            [
              53,
              46
            ],
            [
              53,
              47
            ],
            [
              53,
              48
            ],
            [
              53,
              49
            ],
            [
              53,
              50
            ],
            [
              53,
              51
            ],
            [
              53,
              52
            ],
            [
              53,
              54
            ],
            [
              53,
              55
            ],
            [
              54,
              0
            ],
            [
              54,
              1
            ],
            [
              54,
              2
            ],
            [
              54,
              3
            ],
            [
              54,
              4
            ],
            [
              54,
              5
            ],
            [
              54,
              6
            ],
            [
              54,
              7
            ],
            [
              54,
              8
            ],
            [
              54,
              9
            ],
            [
              54,
              10
            ],
            [
              54,
              11
            ],
            [
              54,
              12
            ],
            [
              54,
              13
            ],
            [
              54,
              14
            ],
            [
              54,
              15
            ],
            [
              54,
              16
            ],
            [
              54,
              17
            ],
            [
              54,
              18
            ],
            [
              54,
              19
            ],
            [
              54,
              20
            ],
            [
              54,
              21
            ],
            [
              54,
              22
            ],
            [
              54,
              23
            ],
            [
              54,
              24
            ],
            [
              54,
              25
            ],
            [
              54,
              26
            ],
            [
              54,
              27
            ],
            [
              54,
              28
            ],
            [
              54,
              29
            ],
            [
              54,
              30
            ],
            [
              54,
              31
            ],
            [
              54,
              32
            ],
            [
              54,
              33
            ],
            [
              54,
              34
            ],
            [
              54,
              35
            ],
            [
              54,
              36
            ],
            [
              54,
              37
            ],
            [
              54,
              38
            ],
            [
              54,
              39
            ],
            [
              54,
              40
            ],
            [
              54,
              41
            ],
            [
              54,
              42
            ],
            [
              54,
              43
            ],
            [
              54,
              44
            ],
            [
              54,
              45
            ],
            [
              54,
              46
            ],
            [
              54,
              47
            ],
            [
              54,
              48
            ],
            [
              54,
              49
            ],
            [
              54,
              50
            ],
            [
              54,
              51
            ],
            [
              54,
              52
            ],
            [
              54,
              53
            ],
            [
              54,
              55
            ],
            [
              55,
              0
            ],
            [
              55,
              1
            ],
            [
              55,
              2
            ],
            [
              55,
              3
            ],
            [
              55,
              4
            ],
            [
              55,
              5
            ],
            [
              55,
              6
            ],
            [
              55,
              7
            ],
            [
              55,
              8
            ],
            [
              55,
              9
            ],
            [
              55,
              10
            ],
            [
              55,
              11
            ],
            [
              55,
              12
            ],
            [
              55,
              13
            ],
            [
              55,
              14
            ],
            [
              55,
              15
            ],
            [
              55,
              16
            ],
            [
              55,
              17
            ],
            [
              55,
              18
            ],
            [
              55,
              19
            ],
            [
              55,
              20
            ],
            [
              55,
              21
            ],
            [
              55,
              22
            ],
            [
              55,
              23
            ],
            [
              55,
              24
            ],
            [
              55,
              25
            ],
            [
              55,
              26
            ],
            [
              55,
              27
            ],
            [
              55,
              28
            ],
            [
              55,
              29
            ],
            [
              55,
              30
            ],
            [
              55,
              31
            ],
            [
              55,
              32
            ],
            [
              55,
              33
            ],
            [
              55,
              34
            ],
            [
              55,
              35
            ],
            [
              55,
              36
            ],
            [
              55,
              37
            ],
            [
              55,
              38
            ],
            [
              55,
              39
            ],
            [
              55,
              40
            ],
            [
              55,
              41
            ],
            [
              55,
              42
            ],
            [
              55,
              43
            ],
            [
              55,
              44
            ],
            [
              55,
              45
            ],
            [
              55,
              46
            ],
            [
              55,
              47
            ],
            [
              55,
              48
            ],
            [
              55,
              49
            ],
            [
              55,
              50
            ],
            [
              55,
              51
            ],
            [
              55,
              52
            ],
            [
              55,
              53
            ],
            [
              55,
              54
            ]
          ],
          "supported_figure_of_merit_ids": [
            "expected_fidelity"
          ],
          "allowed_qiskit_configuration_ids": [
            "o2_default_default",
            "o3_default_default",
            "o2_sabre_sabre",
            "o2_dense_sabre",
            "o2_trivial_sabre",
            "o3_sabre_sabre",
            "o3_dense_sabre",
            "o3_trivial_sabre",
            "o2_sabre_lookahead",
            "o2_sabre_basic",
            "o3_sabre_lookahead",
            "o3_sabre_basic"
          ],
          "target_hash": "ceb17d2f893cad6d8f78572def3c73dee3b7f3c2cc55dcb4feddc9e292e2aeee",
          "metadata": {
            "target_source": "mqt.bench.targets.get_device",
            "native_gateset_id": "quantinuum",
            "target_fingerprint_algorithm": "qiskit-dataset-target/2",
            "calibration_kind": "synthetic_deterministic_target",
            "live_hardware_data": false,
            "target_type": "qiskit.transpiler.target.Target",
            "coupling_hash": "d0e27150b1dd382748f2987283bf5950ccc593d9279d0227c2324ba9c1b88e97",
            "instruction_properties_hash": "715eadf93f9869fd5d008adaac931de3f3f51e0fba57b38be1a4b05d08d87942"
          }
        }
      ],
      "unavailable_hardware": {}
    },
    "retrieved_labeled_examples": [
      {
        "record_id": "rag_3fc15d69c35cfade39cca440ef4e8f402a7b8870c7ab7d30a53908079518f516",
        "distance": 4.568106738463007,
        "example": {
          "rag_id": "rag_3fc15d69c35cfade39cca440ef4e8f402a7b8870c7ab7d30a53908079518f516",
          "view_scope": "global_multi_device",
          "objective": {
            "direction": "maximize",
            "implementation": "mqt.predictor.reward.expected_fidelity",
            "interpretation": "Stima deterministica basata sul Target sintetico MQT Bench 2.2.3; non \u00e8 una misura su hardware reale.",
            "name": "expected_fidelity"
          },
          "input": {
            "circuit": {
              "circuit_id": "vqe_indep_qiskit_16",
              "benchmark_family": "vqe",
              "generator": "qiskit",
              "num_qubits": 16,
              "depth": 21,
              "size": 94,
              "source_sha256": "6e22631a790ecf6a720317aa23c214e4bbaddc0f2e61cca48625d9888af42a4d",
              "features": {
                "values": {
                  "critical_depth": 0.5666666666666667,
                  "depth": 21.0,
                  "entanglement_ratio": 0.38461538461538464,
                  "gate_count_c3sqrtx": 0.0,
                  "gate_count_c3x": 0.0,
                  "gate_count_c4x": 0.0,
                  "gate_count_ccx": 0.0,
                  "gate_count_ch": 0.0,
                  "gate_count_cp": 0.0,
                  "gate_count_crx": 0.0,
                  "gate_count_cry": 0.0,
                  "gate_count_crz": 0.0,
                  "gate_count_cswap": 0.0,
                  "gate_count_csx": 0.0,
                  "gate_count_cu": 0.0,
                  "gate_count_cu1": 0.0,
                  "gate_count_cu3": 0.0,
                  "gate_count_cx": 30.0,
                  "gate_count_cy": 0.0,
                  "gate_count_cz": 0.0,
                  "gate_count_h": 0.0,
                  "gate_count_id": 0.0,
                  "gate_count_p": 0.0,
                  "gate_count_rc3x": 0.0,
                  "gate_count_rccx": 0.0,
                  "gate_count_rx": 0.0,
                  "gate_count_rxx": 0.0,
                  "gate_count_ry": 48.0,
                  "gate_count_rz": 0.0,
                  "gate_count_rzz": 0.0,
                  "gate_count_s": 0.0,
                  "gate_count_sdg": 0.0,
                  "gate_count_swap": 0.0,
                  "gate_count_sx": 0.0,
                  "gate_count_sxdg": 0.0,
                  "gate_count_t": 0.0,
                  "gate_count_tdg": 0.0,
                  "gate_count_u": 0.0,
                  "gate_count_u0": 0.0,
                  "gate_count_u1": 0.0,
                  "gate_count_u2": 0.0,
                  "gate_count_u3": 0.0,
                  "gate_count_x": 0.0,
                  "gate_count_y": 0.0,
                  "gate_count_z": 0.0,
                  "liveness": 0.36904761904761907,
                  "num_qubits": 16.0,
                  "parallelism": 0.18095238095238095,
                  "program_communication": 0.125
                }
              }
            },
            "compatible_devices": [
              {
                "device_id": "ibm_falcon_27",
                "num_qubits": 27,
                "operation_names": [
                  "box",
                  "break",
                  "continue",
                  "cx",
                  "delay",
                  "for_loop",
                  "id",
                  "if_else",
                  "measure",
                  "reset",
                  "rz",
                  "switch_case",
                  "sx",
                  "while_loop",
                  "x"
                ],
                "target_sha256": "b9120f471bd90ef5aae03606ebc1e421478cd50f7b65ff4fb115f64c5148c104"
              },
              {
                "device_id": "ibm_heron_133",
                "num_qubits": 133,
                "operation_names": [
                  "box",
                  "break",
                  "continue",
                  "cz",
                  "delay",
                  "for_loop",
                  "id",
                  "if_else",
                  "measure",
                  "reset",
                  "rz",
                  "switch_case",
                  "sx",
                  "while_loop",
                  "x"
                ],
                "target_sha256": "2de960a68a2d3c77d1c8284fc2f89c2ec26a565994024c6ea329e7a5b7bf2df3"
              },
              {
                "device_id": "ibm_falcon_127",
                "num_qubits": 127,
                "operation_names": [
                  "box",
                  "break",
                  "continue",
                  "cx",
                  "delay",
                  "for_loop",
                  "id",
                  "if_else",
                  "measure",
                  "reset",
                  "rz",
                  "switch_case",
                  "sx",
                  "while_loop",
                  "x"
                ],
                "target_sha256": "5b91130482b02e3029bf550d88ec2cf732b52f023137c0f1ec7e059facb1debd"
              },
              {
                "device_id": "ibm_heron_156",
                "num_qubits": 156,
                "operation_names": [
                  "box",
                  "break",
                  "continue",
                  "cz",
                  "delay",
                  "for_loop",
                  "id",
                  "if_else",
                  "measure",
                  "reset",
                  "rz",
                  "switch_case",
                  "sx",
                  "while_loop",
                  "x"
                ],
                "target_sha256": "207fcb68d097a924aa681ca5d4545d2f5eed04f9783a91021dffb59bcff43003"
              },
              {
                "device_id": "quantinuum_h2_56",
                "num_qubits": 56,
                "operation_names": [
                  "if_else",
                  "measure",
                  "rx",
                  "ry",
                  "rz",
                  "rzz"
                ],
                "target_sha256": "ceb17d2f893cad6d8f78572def3c73dee3b7f3c2cc55dcb4feddc9e292e2aeee"
              }
            ],
            "user_constraints": {
              "constraint_set_id": null,
              "hard_constraints": [],
              "preferences": [],
              "schema_version": "0.1.0",
              "status": "not_applied_offline"
            }
          },
          "label": {
            "selected_device": {
              "best_config_id": "o2_default_default",
              "best_summary_id": "summary_07ae9789e039ebade2dacaa1fc4d3747f156706f5cd09707ab5f17915ce00ada",
              "comparison_margin": 0.002777651200000064,
              "device_id": "quantinuum_h2_56",
              "eligible_device_ids": [
                "quantinuum_h2_56",
                "ibm_falcon_127",
                "ibm_heron_156",
                "ibm_heron_133",
                "ibm_falcon_27"
              ],
              "ineligible_device_ids": [],
              "median_score": 0.9293667258,
              "selection_reason": "best_observed_median",
              "tied_best_config_ids": [
                "o2_default_default",
                "o3_default_default",
                "o2_sabre_sabre",
                "o2_dense_sabre",
                "o2_trivial_sabre",
                "o3_sabre_sabre",
                "o3_dense_sabre",
                "o3_trivial_sabre",
                "o2_sabre_lookahead",
                "o2_sabre_basic",
                "o3_sabre_lookahead",
                "o3_sabre_basic"
              ],
              "tied_best_device_ids": [
                "quantinuum_h2_56"
              ]
            },
            "top_configurations": [
              {
                "claim_id": "claim_347daab167a63bcb5dfbf6f29b23a9fe30fd200e2e598be5ad4f8cc88fe78bb4",
                "config_id": "o2_default_default",
                "device_id": "quantinuum_h2_56",
                "evidence_id": "evidence_6e10f3ae5692baf153f7d2dc479606c68ba0d534893c7d6dd9d87021745de345",
                "layout_method": null,
                "mean_score": 0.9293667258,
                "median_score": 0.9293667258,
                "optimization_level": 2,
                "rank": 1,
                "regret": 0.0,
                "routing_method": null,
                "score_std_population": 0.0,
                "success_rate": 1.0,
                "summary_id": "summary_07ae9789e039ebade2dacaa1fc4d3747f156706f5cd09707ab5f17915ce00ada",
                "tied_score_config_ids": [
                  "o2_default_default",
                  "o3_default_default",
                  "o2_sabre_sabre",
                  "o2_dense_sabre",
                  "o2_trivial_sabre",
                  "o3_sabre_sabre",
                  "o3_dense_sabre",
                  "o3_trivial_sabre",
                  "o2_sabre_lookahead",
                  "o2_sabre_basic",
                  "o3_sabre_lookahead",
                  "o3_sabre_basic"
                ]
              },
              {
                "claim_id": "claim_de728b9f82c70a4af399a41a448162753f7062bd884435d7d7b8541a4a2622dc",
                "config_id": "o3_default_default",
                "device_id": "quantinuum_h2_56",
                "evidence_id": "evidence_1cb19644e557af00d6fad484a93ab4dc2e76ddd8e137ce512fc658329499be8c",
                "layout_method": null,
                "mean_score": 0.9293667258,
                "median_score": 0.9293667258,
                "optimization_level": 3,
                "rank": 2,
                "regret": 0.0,
                "routing_method": null,
                "score_std_population": 0.0,
                "success_rate": 1.0,
                "summary_id": "summary_6d780bf4ab0b872bef2112ec910f6c5e83bcee34cf777aa70f2dcfb0f0c5ca26",
                "tied_score_config_ids": [
                  "o2_default_default",
                  "o3_default_default",
                  "o2_sabre_sabre",
                  "o2_dense_sabre",
                  "o2_trivial_sabre",
                  "o3_sabre_sabre",
                  "o3_dense_sabre",
                  "o3_trivial_sabre",
                  "o2_sabre_lookahead",
                  "o2_sabre_basic",
                  "o3_sabre_lookahead",
                  "o3_sabre_basic"
                ]
              },
              {
                "claim_id": "claim_fd811460a695b7fb348f0af8be08265c9c42e5c7dd2b4f60996a6c5c667dddc5",
                "config_id": "o2_sabre_sabre",
                "device_id": "quantinuum_h2_56",
                "evidence_id": "evidence_b3eb3dc74f10a9b035a512b76272c97310ba64a8d624fa396fb592abbbfa5453",
                "layout_method": "sabre",
                "mean_score": 0.9293667258,
                "median_score": 0.9293667258,
                "optimization_level": 2,
                "rank": 3,
                "regret": 0.0,
                "routing_method": "sabre",
                "score_std_population": 0.0,
                "success_rate": 1.0,
                "summary_id": "summary_f3e265394b7fc7ec7daf0be9f7e9044033bfe4ba904cd776200970cb85f80a6a",
                "tied_score_config_ids": [
                  "o2_default_default",
                  "o3_default_default",
                  "o2_sabre_sabre",
                  "o2_dense_sabre",
                  "o2_trivial_sabre",
                  "o3_sabre_sabre",
                  "o3_dense_sabre",
                  "o3_trivial_sabre",
                  "o2_sabre_lookahead",
                  "o2_sabre_basic",
                  "o3_sabre_lookahead",
                  "o3_sabre_basic"
                ]
              }
            ]
          },
          "claims": [
            {
              "caveat_ids": [
                "expected_fidelity_is_estimate",
                "ranking_is_not_causal",
                "closed_candidate_set"
              ],
              "claim_id": "claim_2b688c5a1edb45cb0dab9150915150388be097e2220229fb3523e7c13d4e76e4",
              "claim_type": "selected_device",
              "evidence_ids": [
                "evidence_6e10f3ae5692baf153f7d2dc479606c68ba0d534893c7d6dd9d87021745de345",
                "evidence_fc6b7aafe7717135b1320fed07ac731f1861d43bd17b2f68b9e53356aaba5db3",
                "evidence_25eeb38b11c3eef1c8f317336d2592112cb2969395bd8580cf82d79cc6adc147",
                "evidence_45d91107440628f4454b711e4326080ab29b4459ed773209667d6b02a604c206",
                "evidence_365108451a9bcab8aa7b3354877b94dd79203fa8f23e4b309e012b24a447b880"
              ],
              "text": "quantinuum_h2_56 \u00e8 l'etichetta tra i device compatibili: o2_default_default ottiene mediana 0.9293667258, contro 0.9265890746 del miglior candidato ibm_falcon_127 (o2_default_default), con margine 0.0027776512."
            },
            {
              "caveat_ids": [
                "expected_fidelity_is_estimate",
                "ranking_is_not_causal"
              ],
              "claim_id": "claim_347daab167a63bcb5dfbf6f29b23a9fe30fd200e2e598be5ad4f8cc88fe78bb4",
              "claim_type": "ranked_configuration",
              "evidence_ids": [
                "evidence_6e10f3ae5692baf153f7d2dc479606c68ba0d534893c7d6dd9d87021745de345"
              ],
              "text": "Per quantinuum_h2_56, o2_default_default \u00e8 la configurazione in posizione 1: mediana 0.9293667258, regret 0. Condivide lo stesso score con o3_default_default, o2_sabre_sabre, o2_dense_sabre, o2_trivial_sabre, o3_sabre_sabre, o3_dense_sabre, o3_trivial_sabre, o2_sabre_lookahead, o2_sabre_basic, o3_sabre_lookahead, o3_sabre_basic; la posizione segue l'ordine deterministico del catalogo e non dimostra superiorit\u00e0 tra le configurazioni a pari score."
            },
            {
              "caveat_ids": [
                "expected_fidelity_is_estimate",
                "ranking_is_not_causal"
              ],
              "claim_id": "claim_de728b9f82c70a4af399a41a448162753f7062bd884435d7d7b8541a4a2622dc",
              "claim_type": "ranked_configuration",
              "evidence_ids": [
                "evidence_1cb19644e557af00d6fad484a93ab4dc2e76ddd8e137ce512fc658329499be8c"
              ],
              "text": "Per quantinuum_h2_56, o3_default_default \u00e8 la configurazione in posizione 2: mediana 0.9293667258, regret 0. Condivide lo stesso score con o2_default_default, o2_sabre_sabre, o2_dense_sabre, o2_trivial_sabre, o3_sabre_sabre, o3_dense_sabre, o3_trivial_sabre, o2_sabre_lookahead, o2_sabre_basic, o3_sabre_lookahead, o3_sabre_basic; la posizione segue l'ordine deterministico del catalogo e non dimostra superiorit\u00e0 tra le configurazioni a pari score."
            },
            {
              "caveat_ids": [
                "expected_fidelity_is_estimate",
                "ranking_is_not_causal"
              ],
              "claim_id": "claim_fd811460a695b7fb348f0af8be08265c9c42e5c7dd2b4f60996a6c5c667dddc5",
              "claim_type": "ranked_configuration",
              "evidence_ids": [
                "evidence_b3eb3dc74f10a9b035a512b76272c97310ba64a8d624fa396fb592abbbfa5453"
              ],
              "text": "Per quantinuum_h2_56, o2_sabre_sabre \u00e8 la configurazione in posizione 3: mediana 0.9293667258, regret 0. Condivide lo stesso score con o2_default_default, o3_default_default, o2_dense_sabre, o2_trivial_sabre, o3_sabre_sabre, o3_dense_sabre, o3_trivial_sabre, o2_sabre_lookahead, o2_sabre_basic, o3_sabre_lookahead, o3_sabre_basic; la posizione segue l'ordine deterministico del catalogo e non dimostra superiorit\u00e0 tra le configurazioni a pari score."
            }
          ],
          "evidence": [
            {
              "aggregation": {
                "method": "median",
                "sample_count": 3,
                "value": 0.9293667258
              },
              "comparison_with_selected_best": {
                "absolute_regret": 0.0,
                "reference_summary_id": "summary_07ae9789e039ebade2dacaa1fc4d3747f156706f5cd09707ab5f17915ce00ada",
                "reference_value": 0.9293667258,
                "tied_with_selected_best": true
              },
              "config_id": "o2_default_default",
              "device_id": "quantinuum_h2_56",
              "evidence_id": "evidence_6e10f3ae5692baf153f7d2dc479606c68ba0d534893c7d6dd9d87021745de345",
              "evidence_type": "offline_seed_aggregate",
              "metric": "median_expected_fidelity_across_seeds",
              "provenance": {
                "catalog_id": "qiskit_expected_fidelity_mqt_2_4_v2",
                "dataset_scope": "full",
                "measurement_context": "offline_qiskit_transpilation",
                "source_sha256": "6e22631a790ecf6a720317aa23c214e4bbaddc0f2e61cca48625d9888af42a4d",
                "target_sha256": "ceb17d2f893cad6d8f78572def3c73dee3b7f3c2cc55dcb4feddc9e292e2aeee"
              },
              "rank_within_selected_device": 1,
              "run_ids": [
                "run_3874494c3e6d53257c3596802bdf81f55de1a02d1e8c01a256178b180fdcd0a1",
                "run_62b053ef5c3843c7e39f9963e34821cfc9e3157f4fafbad65d53fe3dbb8d848a",
                "run_6615ed3ff88e96fe2469b2a9d7921d324ee1ebca11ff0667fec7869249b1f27c"
              ],
              "stability": {
                "expected_seeds": [
                  0,
                  1,
                  2
                ],
                "observations": [
                  {
                    "run_id": "run_3874494c3e6d53257c3596802bdf81f55de1a02d1e8c01a256178b180fdcd0a1",
                    "score": 0.9293667258,
                    "seed_transpiler": 0
                  },
                  {
                    "run_id": "run_62b053ef5c3843c7e39f9963e34821cfc9e3157f4fafbad65d53fe3dbb8d848a",
                    "score": 0.9293667258,
                    "seed_transpiler": 1
                  },
                  {
                    "run_id": "run_6615ed3ff88e96fe2469b2a9d7921d324ee1ebca11ff0667fec7869249b1f27c",
                    "score": 0.9293667258,
                    "seed_transpiler": 2
                  }
                ],
                "score_max": 0.9293667258,
                "score_min": 0.9293667258,
                "score_std_population": 0.0,
                "success_rate": 1.0,
                "successful_seeds": [
                  0,
                  1,
                  2
                ]
              },
              "summary_id": "summary_07ae9789e039ebade2dacaa1fc4d3747f156706f5cd09707ab5f17915ce00ada"
            },
            {
              "aggregation": {
                "method": "median",
                "sample_count": 3,
                "value": 0.9265890746
              },
              "comparison_with_selected_best": {
                "absolute_regret": 0.002777651200000064,
                "reference_summary_id": "summary_07ae9789e039ebade2dacaa1fc4d3747f156706f5cd09707ab5f17915ce00ada",
                "reference_value": 0.9293667258,
                "tied_with_selected_best": false
              },
              "config_id": "o2_default_default",
              "device_id": "ibm_falcon_127",
              "evidence_id": "evidence_fc6b7aafe7717135b1320fed07ac731f1861d43bd17b2f68b9e53356aaba5db3",
              "evidence_type": "offline_seed_aggregate",
              "metric": "median_expected_fidelity_across_seeds",
              "provenance": {
                "catalog_id": "qiskit_expected_fidelity_mqt_2_4_v2",
                "dataset_scope": "full",
                "measurement_context": "offline_qiskit_transpilation",
                "source_sha256": "6e22631a790ecf6a720317aa23c214e4bbaddc0f2e61cca48625d9888af42a4d",
                "target_sha256": "5b91130482b02e3029bf550d88ec2cf732b52f023137c0f1ec7e059facb1debd"
              },
              "rank_within_selected_device": null,
              "run_ids": [
                "run_16275ef4ab0017bdb5133c1b1e0c17a367706bc42cc0d8ed4872690482198070",
                "run_93a3e626271d164abfc4b63234c7b0a8385a7b58ddbf8b8c0a44318ffbd28555",
                "run_9b5be14b8d011e283682b60503b93900dc4f02e7b15241ee14a2a3bd4ea454b6"
              ],
              "stability": {
                "expected_seeds": [
                  0,
                  1,
                  2
                ],
                "observations": [
                  {
                    "run_id": "run_16275ef4ab0017bdb5133c1b1e0c17a367706bc42cc0d8ed4872690482198070",
                    "score": 0.9265890746,
                    "seed_transpiler": 0
                  },
                  {
                    "run_id": "run_93a3e626271d164abfc4b63234c7b0a8385a7b58ddbf8b8c0a44318ffbd28555",
                    "score": 0.9265890746,
                    "seed_transpiler": 1
                  },
                  {
                    "run_id": "run_9b5be14b8d011e283682b60503b93900dc4f02e7b15241ee14a2a3bd4ea454b6",
                    "score": 0.9265890746,
                    "seed_transpiler": 2
                  }
                ],
                "score_max": 0.9265890746,
                "score_min": 0.9265890746,
                "score_std_population": 0.0,
                "success_rate": 1.0,
                "successful_seeds": [
                  0,
                  1,
                  2
                ]
              },
              "summary_id": "summary_34b62f2e7fdfc5dd7f48580eec0ad20dc8c0250fccc5e9bfb9e0957ca8141a72"
            },
            {
              "aggregation": {
                "method": "median",
                "sample_count": 3,
                "value": 0.9218659331
              },
              "comparison_with_selected_best": {
                "absolute_regret": 0.007500792700000036,
                "reference_summary_id": "summary_07ae9789e039ebade2dacaa1fc4d3747f156706f5cd09707ab5f17915ce00ada",
                "reference_value": 0.9293667258,
                "tied_with_selected_best": false
              },
              "config_id": "o3_default_default",
              "device_id": "ibm_heron_156",
              "evidence_id": "evidence_25eeb38b11c3eef1c8f317336d2592112cb2969395bd8580cf82d79cc6adc147",
              "evidence_type": "offline_seed_aggregate",
              "metric": "median_expected_fidelity_across_seeds",
              "provenance": {
                "catalog_id": "qiskit_expected_fidelity_mqt_2_4_v2",
                "dataset_scope": "full",
                "measurement_context": "offline_qiskit_transpilation",
                "source_sha256": "6e22631a790ecf6a720317aa23c214e4bbaddc0f2e61cca48625d9888af42a4d",
                "target_sha256": "207fcb68d097a924aa681ca5d4545d2f5eed04f9783a91021dffb59bcff43003"
              },
              "rank_within_selected_device": null,
              "run_ids": [
                "run_d021b216af425806d8fa5f97de501435d03ca4d32bb66c750cc2d32dce2bbc34",
                "run_d3520f6c45d8ce29cee907983c57306157e32f0146b8542a6adab8175d1c4b08",
                "run_8ad84852e0a68639351011ec5c38f685fd5af04c37127efcc8f4d7a6d244c589"
              ],
              "stability": {
                "expected_seeds": [
                  0,
                  1,
                  2
                ],
                "observations": [
                  {
                    "run_id": "run_d021b216af425806d8fa5f97de501435d03ca4d32bb66c750cc2d32dce2bbc34",
                    "score": 0.9218659331,
                    "seed_transpiler": 0
                  },
                  {
                    "run_id": "run_d3520f6c45d8ce29cee907983c57306157e32f0146b8542a6adab8175d1c4b08",
                    "score": 0.9218659331,
                    "seed_transpiler": 1
                  },
                  {
                    "run_id": "run_8ad84852e0a68639351011ec5c38f685fd5af04c37127efcc8f4d7a6d244c589",
                    "score": 0.9218659331,
                    "seed_transpiler": 2
                  }
                ],
                "score_max": 0.9218659331,
                "score_min": 0.9218659331,
                "score_std_population": 0.0,
                "success_rate": 1.0,
                "successful_seeds": [
                  0,
                  1,
                  2
                ]
              },
              "summary_id": "summary_a6a8dca87719355cc4c728d70a536b2ecac202cc7b5329a12f22e7272ae92c4f"
            },
            {
              "aggregation": {
                "method": "median",
                "sample_count": 3,
                "value": 0.9203075618
              },
              "comparison_with_selected_best": {
                "absolute_regret": 0.009059164000000064,
                "reference_summary_id": "summary_07ae9789e039ebade2dacaa1fc4d3747f156706f5cd09707ab5f17915ce00ada",
                "reference_value": 0.9293667258,
                "tied_with_selected_best": false
              },
              "config_id": "o2_default_default",
              "device_id": "ibm_heron_133",
              "evidence_id": "evidence_45d91107440628f4454b711e4326080ab29b4459ed773209667d6b02a604c206",
              "evidence_type": "offline_seed_aggregate",
              "metric": "median_expected_fidelity_across_seeds",
              "provenance": {
                "catalog_id": "qiskit_expected_fidelity_mqt_2_4_v2",
                "dataset_scope": "full",
                "measurement_context": "offline_qiskit_transpilation",
                "source_sha256": "6e22631a790ecf6a720317aa23c214e4bbaddc0f2e61cca48625d9888af42a4d",
                "target_sha256": "2de960a68a2d3c77d1c8284fc2f89c2ec26a565994024c6ea329e7a5b7bf2df3"
              },
              "rank_within_selected_device": null,
              "run_ids": [
                "run_b32842ee2ce784eaef0c56c754f2e0ae3245b6a543952ccf7615125a44dc90aa",
                "run_bd589920f0bf182eec615a41e87f37e281e0d0d3940bbf726fad668b07b7953f",
                "run_ac0850b4fb0a74da17d1bcd71aed81994be94ca3755e34b401f58848ab415588"
              ],
              "stability": {
                "expected_seeds": [
                  0,
                  1,
                  2
                ],
                "observations": [
                  {
                    "run_id": "run_b32842ee2ce784eaef0c56c754f2e0ae3245b6a543952ccf7615125a44dc90aa",
                    "score": 0.9203075618,
                    "seed_transpiler": 0
                  },
                  {
                    "run_id": "run_bd589920f0bf182eec615a41e87f37e281e0d0d3940bbf726fad668b07b7953f",
                    "score": 0.9203075618,
                    "seed_transpiler": 1
                  },
                  {
                    "run_id": "run_ac0850b4fb0a74da17d1bcd71aed81994be94ca3755e34b401f58848ab415588",
                    "score": 0.9203075618,
                    "seed_transpiler": 2
                  }
                ],
                "score_max": 0.9203075618,
                "score_min": 0.9203075618,
                "score_std_population": 0.0,
                "success_rate": 1.0,
                "successful_seeds": [
                  0,
                  1,
                  2
                ]
              },
              "summary_id": "summary_afb62745fa00675c4a92712957bd9228bd69bf7b4ec6f1b557b1766fe9992a87"
            },
            {
              "aggregation": {
                "method": "median",
                "sample_count": 3,
                "value": 0.9105135319
              },
              "comparison_with_selected_best": {
                "absolute_regret": 0.018853193900000065,
                "reference_summary_id": "summary_07ae9789e039ebade2dacaa1fc4d3747f156706f5cd09707ab5f17915ce00ada",
                "reference_value": 0.9293667258,
                "tied_with_selected_best": false
              },
              "config_id": "o3_default_default",
              "device_id": "ibm_falcon_27",
              "evidence_id": "evidence_365108451a9bcab8aa7b3354877b94dd79203fa8f23e4b309e012b24a447b880",
              "evidence_type": "offline_seed_aggregate",
              "metric": "median_expected_fidelity_across_seeds",
              "provenance": {
                "catalog_id": "qiskit_expected_fidelity_mqt_2_4_v2",
                "dataset_scope": "full",
                "measurement_context": "offline_qiskit_transpilation",
                "source_sha256": "6e22631a790ecf6a720317aa23c214e4bbaddc0f2e61cca48625d9888af42a4d",
                "target_sha256": "b9120f471bd90ef5aae03606ebc1e421478cd50f7b65ff4fb115f64c5148c104"
              },
              "rank_within_selected_device": null,
              "run_ids": [
                "run_05d8905f711836f0425b74bb898f7a584ad5fa343b47064c2d24c778bc4e111f",
                "run_a1f8729e10799e7ffd13f614c9d09079efef13c6846d89cb8d90ce01727da60c",
                "run_d7ef66d6184c138165b5587b7b3f81a873626dbe96bda7aa7eb02c11f0a4198d"
              ],
              "stability": {
                "expected_seeds": [
                  0,
                  1,
                  2
                ],
                "observations": [
                  {
                    "run_id": "run_05d8905f711836f0425b74bb898f7a584ad5fa343b47064c2d24c778bc4e111f",
                    "score": 0.9105135319,
                    "seed_transpiler": 0
                  },
                  {
                    "run_id": "run_a1f8729e10799e7ffd13f614c9d09079efef13c6846d89cb8d90ce01727da60c",
                    "score": 0.9105135319,
                    "seed_transpiler": 1
                  },
                  {
                    "run_id": "run_d7ef66d6184c138165b5587b7b3f81a873626dbe96bda7aa7eb02c11f0a4198d",
                    "score": 0.9105135319,
                    "seed_transpiler": 2
                  }
                ],
                "score_max": 0.9105135319,
                "score_min": 0.9105135319,
                "score_std_population": 0.0,
                "success_rate": 1.0,
                "successful_seeds": [
                  0,
                  1,
                  2
                ]
              },
              "summary_id": "summary_e5ec0766c984c8c1f14094917436ced8eda1826b3c04513c8f7f18e00a9da747"
            },
            {
              "aggregation": {
                "method": "median",
                "sample_count": 3,
                "value": 0.9293667258
              },
              "comparison_with_selected_best": {
                "absolute_regret": 0.0,
                "reference_summary_id": "summary_07ae9789e039ebade2dacaa1fc4d3747f156706f5cd09707ab5f17915ce00ada",
                "reference_value": 0.9293667258,
                "tied_with_selected_best": true
              },
              "config_id": "o3_default_default",
              "device_id": "quantinuum_h2_56",
              "evidence_id": "evidence_1cb19644e557af00d6fad484a93ab4dc2e76ddd8e137ce512fc658329499be8c",
              "evidence_type": "offline_seed_aggregate",
              "metric": "median_expected_fidelity_across_seeds",
              "provenance": {
                "catalog_id": "qiskit_expected_fidelity_mqt_2_4_v2",
                "dataset_scope": "full",
                "measurement_context": "offline_qiskit_transpilation",
                "source_sha256": "6e22631a790ecf6a720317aa23c214e4bbaddc0f2e61cca48625d9888af42a4d",
                "target_sha256": "ceb17d2f893cad6d8f78572def3c73dee3b7f3c2cc55dcb4feddc9e292e2aeee"
              },
              "rank_within_selected_device": 2,
              "run_ids": [
                "run_0817d70d0787032f7a95c84c9e4e373e29a94054fbfc99326314cb844eacb3d3",
                "run_bf958b7183867d57b39cfb04557860cfca7304171c36cc2278fa980f14d3a9bd",
                "run_050ae9a524e81997db4c3b29352f745249a56bc2215f3d356f05ec7d29d8631d"
              ],
              "stability": {
                "expected_seeds": [
                  0,
                  1,
                  2
                ],
                "observations": [
                  {
                    "run_id": "run_0817d70d0787032f7a95c84c9e4e373e29a94054fbfc99326314cb844eacb3d3",
                    "score": 0.9293667258,
                    "seed_transpiler": 0
                  },
                  {
                    "run_id": "run_bf958b7183867d57b39cfb04557860cfca7304171c36cc2278fa980f14d3a9bd",
                    "score": 0.9293667258,
                    "seed_transpiler": 1
                  },
                  {
                    "run_id": "run_050ae9a524e81997db4c3b29352f745249a56bc2215f3d356f05ec7d29d8631d",
                    "score": 0.9293667258,
                    "seed_transpiler": 2
                  }
                ],
                "score_max": 0.9293667258,
                "score_min": 0.9293667258,
                "score_std_population": 0.0,
                "success_rate": 1.0,
                "successful_seeds": [
                  0,
                  1,
                  2
                ]
              },
              "summary_id": "summary_6d780bf4ab0b872bef2112ec910f6c5e83bcee34cf777aa70f2dcfb0f0c5ca26"
            },
            {
              "aggregation": {
                "method": "median",
                "sample_count": 3,
                "value": 0.9293667258
              },
              "comparison_with_selected_best": {
                "absolute_regret": 0.0,
                "reference_summary_id": "summary_07ae9789e039ebade2dacaa1fc4d3747f156706f5cd09707ab5f17915ce00ada",
                "reference_value": 0.9293667258,
                "tied_with_selected_best": true
              },
              "config_id": "o2_sabre_sabre",
              "device_id": "quantinuum_h2_56",
              "evidence_id": "evidence_b3eb3dc74f10a9b035a512b76272c97310ba64a8d624fa396fb592abbbfa5453",
              "evidence_type": "offline_seed_aggregate",
              "metric": "median_expected_fidelity_across_seeds",
              "provenance": {
                "catalog_id": "qiskit_expected_fidelity_mqt_2_4_v2",
                "dataset_scope": "full",
                "measurement_context": "offline_qiskit_transpilation",
                "source_sha256": "6e22631a790ecf6a720317aa23c214e4bbaddc0f2e61cca48625d9888af42a4d",
                "target_sha256": "ceb17d2f893cad6d8f78572def3c73dee3b7f3c2cc55dcb4feddc9e292e2aeee"
              },
              "rank_within_selected_device": 3,
              "run_ids": [
                "run_021e901feb3571685dc2bbde787509d723fa7c1bd026c1351c2d6484f3a8e9c0",
                "run_3a9d7063abe6f855494c4849d5c77f066fd5202d17727515df9e6e8dfa366cdf",
                "run_fb411dfb40743ad816c141e8e7713a25f21f752c0e489976120629ff2ce0a51b"
              ],
              "stability": {
                "expected_seeds": [
                  0,
                  1,
                  2
                ],
                "observations": [
                  {
                    "run_id": "run_021e901feb3571685dc2bbde787509d723fa7c1bd026c1351c2d6484f3a8e9c0",
                    "score": 0.9293667258,
                    "seed_transpiler": 0
                  },
                  {
                    "run_id": "run_3a9d7063abe6f855494c4849d5c77f066fd5202d17727515df9e6e8dfa366cdf",
                    "score": 0.9293667258,
                    "seed_transpiler": 1
                  },
                  {
                    "run_id": "run_fb411dfb40743ad816c141e8e7713a25f21f752c0e489976120629ff2ce0a51b",
                    "score": 0.9293667258,
                    "seed_transpiler": 2
                  }
                ],
                "score_max": 0.9293667258,
                "score_min": 0.9293667258,
                "score_std_population": 0.0,
                "success_rate": 1.0,
                "successful_seeds": [
                  0,
                  1,
                  2
                ]
              },
              "summary_id": "summary_f3e265394b7fc7ec7daf0be9f7e9044033bfe4ba904cd776200970cb85f80a6a"
            }
          ],
          "scientific_caveats": [
            {
              "caveat_id": "expected_fidelity_is_estimate",
              "text": "Expected fidelity \u00e8 una stima offline calcolata dal Target sintetico MQT Bench, non una misura ottenuta su hardware reale."
            },
            {
              "caveat_id": "ranking_is_not_causal",
              "text": "Il ranking descrive risultati osservati con catalogo, versioni e seed fissati; non dimostra che una feature del circuito abbia causato la scelta."
            },
            {
              "caveat_id": "closed_candidate_set",
              "text": "L'etichetta vale soltanto tra device compatibili e configurazioni effettivamente valutati in questo protocollo."
            },
            {
              "caveat_id": "constraints_not_applied",
              "text": "Gli esempi offline non applicano vincoli utente; al retrieval i vincoli devono filtrare candidati e configurazioni senza riscrivere la ground truth."
            }
          ]
        }
      },
      {
        "record_id": "rag_80a90838fc07aebd209ae9b10fdfad21d21a672b73ed60ecd2e6e8e42f559bd4",
        "distance": 4.568106738463007,
        "example": {
          "rag_id": "rag_80a90838fc07aebd209ae9b10fdfad21d21a672b73ed60ecd2e6e8e42f559bd4",
          "view_scope": "global_multi_device",
          "objective": {
            "direction": "maximize",
            "implementation": "mqt.predictor.reward.expected_fidelity",
            "interpretation": "Stima deterministica basata sul Target sintetico MQT Bench 2.2.3; non \u00e8 una misura su hardware reale.",
            "name": "expected_fidelity"
          },
          "input": {
            "circuit": {
              "circuit_id": "vqe_indep_tket_16",
              "benchmark_family": "vqe",
              "generator": "tket",
              "num_qubits": 16,
              "depth": 21,
              "size": 94,
              "source_sha256": "71f4fb8c978c585cd4d3fff8207cac095fbf58d403c65905da931b5cb33cc978",
              "features": {
                "values": {
                  "critical_depth": 0.5666666666666667,
                  "depth": 21.0,
                  "entanglement_ratio": 0.38461538461538464,
                  "gate_count_c3sqrtx": 0.0,
                  "gate_count_c3x": 0.0,
                  "gate_count_c4x": 0.0,
                  "gate_count_ccx": 0.0,
                  "gate_count_ch": 0.0,
                  "gate_count_cp": 0.0,
                  "gate_count_crx": 0.0,
                  "gate_count_cry": 0.0,
                  "gate_count_crz": 0.0,
                  "gate_count_cswap": 0.0,
                  "gate_count_csx": 0.0,
                  "gate_count_cu": 0.0,
                  "gate_count_cu1": 0.0,
                  "gate_count_cu3": 0.0,
                  "gate_count_cx": 30.0,
                  "gate_count_cy": 0.0,
                  "gate_count_cz": 0.0,
                  "gate_count_h": 0.0,
                  "gate_count_id": 0.0,
                  "gate_count_p": 0.0,
                  "gate_count_rc3x": 0.0,
                  "gate_count_rccx": 0.0,
                  "gate_count_rx": 0.0,
                  "gate_count_rxx": 0.0,
                  "gate_count_ry": 48.0,
                  "gate_count_rz": 0.0,
                  "gate_count_rzz": 0.0,
                  "gate_count_s": 0.0,
                  "gate_count_sdg": 0.0,
                  "gate_count_swap": 0.0,
                  "gate_count_sx": 0.0,
                  "gate_count_sxdg": 0.0,
                  "gate_count_t": 0.0,
                  "gate_count_tdg": 0.0,
                  "gate_count_u": 0.0,
                  "gate_count_u0": 0.0,
                  "gate_count_u1": 0.0,
                  "gate_count_u2": 0.0,
                  "gate_count_u3": 0.0,
                  "gate_count_x": 0.0,
                  "gate_count_y": 0.0,
                  "gate_count_z": 0.0,
                  "liveness": 0.36904761904761907,
                  "num_qubits": 16.0,
                  "parallelism": 0.18095238095238095,
                  "program_communication": 0.125
                }
              }
            },
            "compatible_devices": [
              {
                "device_id": "ibm_falcon_27",
                "num_qubits": 27,
                "operation_names": [
                  "box",
                  "break",
                  "continue",
                  "cx",
                  "delay",
                  "for_loop",
                  "id",
                  "if_else",
                  "measure",
                  "reset",
                  "rz",
                  "switch_case",
                  "sx",
                  "while_loop",
                  "x"
                ],
                "target_sha256": "b9120f471bd90ef5aae03606ebc1e421478cd50f7b65ff4fb115f64c5148c104"
              },
              {
                "device_id": "ibm_heron_133",
                "num_qubits": 133,
                "operation_names": [
                  "box",
                  "break",
                  "continue",
                  "cz",
                  "delay",
                  "for_loop",
                  "id",
                  "if_else",
                  "measure",
                  "reset",
                  "rz",
                  "switch_case",
                  "sx",
                  "while_loop",
                  "x"
                ],
                "target_sha256": "2de960a68a2d3c77d1c8284fc2f89c2ec26a565994024c6ea329e7a5b7bf2df3"
              },
              {
                "device_id": "ibm_falcon_127",
                "num_qubits": 127,
                "operation_names": [
                  "box",
                  "break",
                  "continue",
                  "cx",
                  "delay",
                  "for_loop",
                  "id",
                  "if_else",
                  "measure",
                  "reset",
                  "rz",
                  "switch_case",
                  "sx",
                  "while_loop",
                  "x"
                ],
                "target_sha256": "5b91130482b02e3029bf550d88ec2cf732b52f023137c0f1ec7e059facb1debd"
              },
              {
                "device_id": "ibm_heron_156",
                "num_qubits": 156,
                "operation_names": [
                  "box",
                  "break",
                  "continue",
                  "cz",
                  "delay",
                  "for_loop",
                  "id",
                  "if_else",
                  "measure",
                  "reset",
                  "rz",
                  "switch_case",
                  "sx",
                  "while_loop",
                  "x"
                ],
                "target_sha256": "207fcb68d097a924aa681ca5d4545d2f5eed04f9783a91021dffb59bcff43003"
              },
              {
                "device_id": "quantinuum_h2_56",
                "num_qubits": 56,
                "operation_names": [
                  "if_else",
                  "measure",
                  "rx",
                  "ry",
                  "rz",
                  "rzz"
                ],
                "target_sha256": "ceb17d2f893cad6d8f78572def3c73dee3b7f3c2cc55dcb4feddc9e292e2aeee"
              }
            ],
            "user_constraints": {
              "constraint_set_id": null,
              "hard_constraints": [],
              "preferences": [],
              "schema_version": "0.1.0",
              "status": "not_applied_offline"
            }
          },
          "label": {
            "selected_device": {
              "best_config_id": "o2_default_default",
              "best_summary_id": "summary_6fe6f803a79737dad947ac4263354d053724591957c4672ef9387c069982e883",
              "comparison_margin": 0.002676182199999988,
              "device_id": "quantinuum_h2_56",
              "eligible_device_ids": [
                "quantinuum_h2_56",
                "ibm_falcon_127",
                "ibm_heron_156",
                "ibm_heron_133",
                "ibm_falcon_27"
              ],
              "ineligible_device_ids": [],
              "median_score": 0.9293667258,
              "selection_reason": "best_observed_median",
              "tied_best_config_ids": [
                "o2_default_default",
                "o3_default_default",
                "o2_sabre_sabre",
                "o2_dense_sabre",
                "o2_trivial_sabre",
                "o3_sabre_sabre",
                "o3_dense_sabre",
                "o3_trivial_sabre",
                "o2_sabre_lookahead",
                "o2_sabre_basic",
                "o3_sabre_lookahead",
                "o3_sabre_basic"
              ],
              "tied_best_device_ids": [
                "quantinuum_h2_56"
              ]
            },
            "top_configurations": [
              {
                "claim_id": "claim_276cf9a9cef4548d35e2b86aac75a469797be51d01d533b287167f87daab8d87",
                "config_id": "o2_default_default",
                "device_id": "quantinuum_h2_56",
                "evidence_id": "evidence_6a58d71634474fdfa5b3f4c4392d7f5e759cec5630a926d1e66eebc7c608643c",
                "layout_method": null,
                "mean_score": 0.9293667258,
                "median_score": 0.9293667258,
                "optimization_level": 2,
                "rank": 1,
                "regret": 0.0,
                "routing_method": null,
                "score_std_population": 0.0,
                "success_rate": 1.0,
                "summary_id": "summary_6fe6f803a79737dad947ac4263354d053724591957c4672ef9387c069982e883",
                "tied_score_config_ids": [
                  "o2_default_default",
                  "o3_default_default",
                  "o2_sabre_sabre",
                  "o2_dense_sabre",
                  "o2_trivial_sabre",
                  "o3_sabre_sabre",
                  "o3_dense_sabre",
                  "o3_trivial_sabre",
                  "o2_sabre_lookahead",
                  "o2_sabre_basic",
                  "o3_sabre_lookahead",
                  "o3_sabre_basic"
                ]
              },
              {
                "claim_id": "claim_02604c087f5361cac1d3611ca02db2f4add7cdc8cbe90276c5e472c87dd6cffe",
                "config_id": "o3_default_default",
                "device_id": "quantinuum_h2_56",
                "evidence_id": "evidence_30b32a90e2c37db409d2bf9395168ad5b469b9c295ac650203826ddbf351258d",
                "layout_method": null,
                "mean_score": 0.9293667258,
                "median_score": 0.9293667258,
                "optimization_level": 3,
                "rank": 2,
                "regret": 0.0,
                "routing_method": null,
                "score_std_population": 0.0,
                "success_rate": 1.0,
                "summary_id": "summary_2242ea9eb00e2b17f56b994e5b5e7c8c4287afe6270f21cfe5e8d0241ff90565",
                "tied_score_config_ids": [
                  "o2_default_default",
                  "o3_default_default",
                  "o2_sabre_sabre",
                  "o2_dense_sabre",
                  "o2_trivial_sabre",
                  "o3_sabre_sabre",
                  "o3_dense_sabre",
                  "o3_trivial_sabre",
                  "o2_sabre_lookahead",
                  "o2_sabre_basic",
                  "o3_sabre_lookahead",
                  "o3_sabre_basic"
                ]
              },
              {
                "claim_id": "claim_5231d8d660078c5cf8e697b9b075be7caa55f6fc69d7c40af00e99ebcec72429",
                "config_id": "o2_sabre_sabre",
                "device_id": "quantinuum_h2_56",
                "evidence_id": "evidence_940f8bf340c226882b8bbdc15ad83ac43e7379b39bc519d1af796308e74f8174",
                "layout_method": "sabre",
                "mean_score": 0.9293667258,
                "median_score": 0.9293667258,
                "optimization_level": 2,
                "rank": 3,
                "regret": 0.0,
                "routing_method": "sabre",
                "score_std_population": 0.0,
                "success_rate": 1.0,
                "summary_id": "summary_dca1472308417a336234370477646769bea922f54b98f74d9475b198c26f83ac",
                "tied_score_config_ids": [
                  "o2_default_default",
                  "o3_default_default",
                  "o2_sabre_sabre",
                  "o2_dense_sabre",
                  "o2_trivial_sabre",
                  "o3_sabre_sabre",
                  "o3_dense_sabre",
                  "o3_trivial_sabre",
                  "o2_sabre_lookahead",
                  "o2_sabre_basic",
                  "o3_sabre_lookahead",
                  "o3_sabre_basic"
                ]
              }
            ]
          },
          "claims": [
            {
              "caveat_ids": [
                "expected_fidelity_is_estimate",
                "ranking_is_not_causal",
                "closed_candidate_set"
              ],
              "claim_id": "claim_aefed3accf93e9fe926feb3f63857140048bfbde07f6d7934eb9975ed5160b54",
              "claim_type": "selected_device",
              "evidence_ids": [
                "evidence_6a58d71634474fdfa5b3f4c4392d7f5e759cec5630a926d1e66eebc7c608643c",
                "evidence_bc2f6a8e5c9b06eebfbdb9b46ab1b4d3d072933bb388ef3a1488313220da1602",
                "evidence_8ffc6e53858bc8db0a4e8f369aaaed1d6100c1e20f98860a21a64859ab527789",
                "evidence_ca906d44bf3ada317577ae03c7919314a82b93c1b178c70b9cab6872b43552a7",
                "evidence_ea1c991be7be76370a65ce0a31b9cd5900168fbd2f25bfe5cac5323ffdd03e5e"
              ],
              "text": "quantinuum_h2_56 \u00e8 l'etichetta tra i device compatibili: o2_default_default ottiene mediana 0.9293667258, contro 0.9266905436 del miglior candidato ibm_falcon_127 (o2_default_default), con margine 0.0026761822."
            },
            {
              "caveat_ids": [
                "expected_fidelity_is_estimate",
                "ranking_is_not_causal"
              ],
              "claim_id": "claim_276cf9a9cef4548d35e2b86aac75a469797be51d01d533b287167f87daab8d87",
              "claim_type": "ranked_configuration",
              "evidence_ids": [
                "evidence_6a58d71634474fdfa5b3f4c4392d7f5e759cec5630a926d1e66eebc7c608643c"
              ],
              "text": "Per quantinuum_h2_56, o2_default_default \u00e8 la configurazione in posizione 1: mediana 0.9293667258, regret 0. Condivide lo stesso score con o3_default_default, o2_sabre_sabre, o2_dense_sabre, o2_trivial_sabre, o3_sabre_sabre, o3_dense_sabre, o3_trivial_sabre, o2_sabre_lookahead, o2_sabre_basic, o3_sabre_lookahead, o3_sabre_basic; la posizione segue l'ordine deterministico del catalogo e non dimostra superiorit\u00e0 tra le configurazioni a pari score."
            },
            {
              "caveat_ids": [
                "expected_fidelity_is_estimate",
                "ranking_is_not_causal"
              ],
              "claim_id": "claim_02604c087f5361cac1d3611ca02db2f4add7cdc8cbe90276c5e472c87dd6cffe",
              "claim_type": "ranked_configuration",
              "evidence_ids": [
                "evidence_30b32a90e2c37db409d2bf9395168ad5b469b9c295ac650203826ddbf351258d"
              ],
              "text": "Per quantinuum_h2_56, o3_default_default \u00e8 la configurazione in posizione 2: mediana 0.9293667258, regret 0. Condivide lo stesso score con o2_default_default, o2_sabre_sabre, o2_dense_sabre, o2_trivial_sabre, o3_sabre_sabre, o3_dense_sabre, o3_trivial_sabre, o2_sabre_lookahead, o2_sabre_basic, o3_sabre_lookahead, o3_sabre_basic; la posizione segue l'ordine deterministico del catalogo e non dimostra superiorit\u00e0 tra le configurazioni a pari score."
            },
            {
              "caveat_ids": [
                "expected_fidelity_is_estimate",
                "ranking_is_not_causal"
              ],
              "claim_id": "claim_5231d8d660078c5cf8e697b9b075be7caa55f6fc69d7c40af00e99ebcec72429",
              "claim_type": "ranked_configuration",
              "evidence_ids": [
                "evidence_940f8bf340c226882b8bbdc15ad83ac43e7379b39bc519d1af796308e74f8174"
              ],
              "text": "Per quantinuum_h2_56, o2_sabre_sabre \u00e8 la configurazione in posizione 3: mediana 0.9293667258, regret 0. Condivide lo stesso score con o2_default_default, o3_default_default, o2_dense_sabre, o2_trivial_sabre, o3_sabre_sabre, o3_dense_sabre, o3_trivial_sabre, o2_sabre_lookahead, o2_sabre_basic, o3_sabre_lookahead, o3_sabre_basic; la posizione segue l'ordine deterministico del catalogo e non dimostra superiorit\u00e0 tra le configurazioni a pari score."
            }
          ],
          "evidence": [
            {
              "aggregation": {
                "method": "median",
                "sample_count": 3,
                "value": 0.9293667258
              },
              "comparison_with_selected_best": {
                "absolute_regret": 0.0,
                "reference_summary_id": "summary_6fe6f803a79737dad947ac4263354d053724591957c4672ef9387c069982e883",
                "reference_value": 0.9293667258,
                "tied_with_selected_best": true
              },
              "config_id": "o2_default_default",
              "device_id": "quantinuum_h2_56",
              "evidence_id": "evidence_6a58d71634474fdfa5b3f4c4392d7f5e759cec5630a926d1e66eebc7c608643c",
              "evidence_type": "offline_seed_aggregate",
              "metric": "median_expected_fidelity_across_seeds",
              "provenance": {
                "catalog_id": "qiskit_expected_fidelity_mqt_2_4_v2",
                "dataset_scope": "full",
                "measurement_context": "offline_qiskit_transpilation",
                "source_sha256": "71f4fb8c978c585cd4d3fff8207cac095fbf58d403c65905da931b5cb33cc978",
                "target_sha256": "ceb17d2f893cad6d8f78572def3c73dee3b7f3c2cc55dcb4feddc9e292e2aeee"
              },
              "rank_within_selected_device": 1,
              "run_ids": [
                "run_76598307c9cb176d4f6a90b0e9c0a6ce6806cce99f147500d4e83f557f33cfd9",
                "run_82919d09366778244a3a32d4485e54547365e182a7dafc0aad694354a7465c6b",
                "run_0fd7dc36a52835cc201dee0c3a5cf235d34d2385a9387dd4e4b09529f96615b2"
              ],
              "stability": {
                "expected_seeds": [
                  0,
                  1,
                  2
                ],
                "observations": [
                  {
                    "run_id": "run_76598307c9cb176d4f6a90b0e9c0a6ce6806cce99f147500d4e83f557f33cfd9",
                    "score": 0.9293667258,
                    "seed_transpiler": 0
                  },
                  {
                    "run_id": "run_82919d09366778244a3a32d4485e54547365e182a7dafc0aad694354a7465c6b",
                    "score": 0.9293667258,
                    "seed_transpiler": 1
                  },
                  {
                    "run_id": "run_0fd7dc36a52835cc201dee0c3a5cf235d34d2385a9387dd4e4b09529f96615b2",
                    "score": 0.9293667258,
                    "seed_transpiler": 2
                  }
                ],
                "score_max": 0.9293667258,
                "score_min": 0.9293667258,
                "score_std_population": 0.0,
                "success_rate": 1.0,
                "successful_seeds": [
                  0,
                  1,
                  2
                ]
              },
              "summary_id": "summary_6fe6f803a79737dad947ac4263354d053724591957c4672ef9387c069982e883"
            },
            {
              "aggregation": {
                "method": "median",
                "sample_count": 3,
                "value": 0.9266905436
              },
              "comparison_with_selected_best": {
                "absolute_regret": 0.002676182199999988,
                "reference_summary_id": "summary_6fe6f803a79737dad947ac4263354d053724591957c4672ef9387c069982e883",
                "reference_value": 0.9293667258,
                "tied_with_selected_best": false
              },
              "config_id": "o2_default_default",
              "device_id": "ibm_falcon_127",
              "evidence_id": "evidence_bc2f6a8e5c9b06eebfbdb9b46ab1b4d3d072933bb388ef3a1488313220da1602",
              "evidence_type": "offline_seed_aggregate",
              "metric": "median_expected_fidelity_across_seeds",
              "provenance": {
                "catalog_id": "qiskit_expected_fidelity_mqt_2_4_v2",
                "dataset_scope": "full",
                "measurement_context": "offline_qiskit_transpilation",
                "source_sha256": "71f4fb8c978c585cd4d3fff8207cac095fbf58d403c65905da931b5cb33cc978",
                "target_sha256": "5b91130482b02e3029bf550d88ec2cf732b52f023137c0f1ec7e059facb1debd"
              },
              "rank_within_selected_device": null,
              "run_ids": [
                "run_4ad29905c088f51363f427eb961dc20517f543f0519cc526d35e43af971c6cc2",
                "run_c18c3d68ce089f4bd416138d4d0fbff4da7033bf23cc0ceb05224524c83eda06",
                "run_f099943f5b7a8377f2deb10ec45a752195956eb863d7e215162b2612c40cfc06"
              ],
              "stability": {
                "expected_seeds": [
                  0,
                  1,
                  2
                ],
                "observations": [
                  {
                    "run_id": "run_4ad29905c088f51363f427eb961dc20517f543f0519cc526d35e43af971c6cc2",
                    "score": 0.9266905436,
                    "seed_transpiler": 0
                  },
                  {
                    "run_id": "run_c18c3d68ce089f4bd416138d4d0fbff4da7033bf23cc0ceb05224524c83eda06",
                    "score": 0.9266905436,
                    "seed_transpiler": 1
                  },
                  {
                    "run_id": "run_f099943f5b7a8377f2deb10ec45a752195956eb863d7e215162b2612c40cfc06",
                    "score": 0.9266905436,
                    "seed_transpiler": 2
                  }
                ],
                "score_max": 0.9266905436,
                "score_min": 0.9266905436,
                "score_std_population": 0.0,
                "success_rate": 1.0,
                "successful_seeds": [
                  0,
                  1,
                  2
                ]
              },
              "summary_id": "summary_a7acbbe29f2a915ecdccaa7e80011dd0341a0d26582d82e0808499b817191478"
            },
            {
              "aggregation": {
                "method": "median",
                "sample_count": 3,
                "value": 0.9223036965
              },
              "comparison_with_selected_best": {
                "absolute_regret": 0.007063029300000023,
                "reference_summary_id": "summary_6fe6f803a79737dad947ac4263354d053724591957c4672ef9387c069982e883",
                "reference_value": 0.9293667258,
                "tied_with_selected_best": false
              },
              "config_id": "o3_default_default",
              "device_id": "ibm_heron_156",
              "evidence_id": "evidence_8ffc6e53858bc8db0a4e8f369aaaed1d6100c1e20f98860a21a64859ab527789",
              "evidence_type": "offline_seed_aggregate",
              "metric": "median_expected_fidelity_across_seeds",
              "provenance": {
                "catalog_id": "qiskit_expected_fidelity_mqt_2_4_v2",
                "dataset_scope": "full",
                "measurement_context": "offline_qiskit_transpilation",
                "source_sha256": "71f4fb8c978c585cd4d3fff8207cac095fbf58d403c65905da931b5cb33cc978",
                "target_sha256": "207fcb68d097a924aa681ca5d4545d2f5eed04f9783a91021dffb59bcff43003"
              },
              "rank_within_selected_device": null,
              "run_ids": [
                "run_39c3f6cdd47030a833bb3d65a6c81a9f9089a9674134d34463c85aafa53bdaed",
                "run_3e7f83ff411357a91f32ddb1b8ea83a3213c66b3f7398a97a35da4ac3e0a14a1",
                "run_596b25a7aa2bcd3d4ddbffcdc780db70d29eddd28bbce2d43918371b926f061f"
              ],
              "stability": {
                "expected_seeds": [
                  0,
                  1,
                  2
                ],
                "observations": [
                  {
                    "run_id": "run_39c3f6cdd47030a833bb3d65a6c81a9f9089a9674134d34463c85aafa53bdaed",
                    "score": 0.9223036965,
                    "seed_transpiler": 0
                  },
                  {
                    "run_id": "run_3e7f83ff411357a91f32ddb1b8ea83a3213c66b3f7398a97a35da4ac3e0a14a1",
                    "score": 0.9223036965,
                    "seed_transpiler": 1
                  },
                  {
                    "run_id": "run_596b25a7aa2bcd3d4ddbffcdc780db70d29eddd28bbce2d43918371b926f061f",
                    "score": 0.9223036965,
                    "seed_transpiler": 2
                  }
                ],
                "score_max": 0.9223036965,
                "score_min": 0.9223036965,
                "score_std_population": 0.0,
                "success_rate": 1.0,
                "successful_seeds": [
                  0,
                  1,
                  2
                ]
              },
              "summary_id": "summary_9f98e4117910e188e1cf0eec546928bc883c2d373b5a6ec6dbc818d47c2c5d8c"
            },
            {
              "aggregation": {
                "method": "median",
                "sample_count": 3,
                "value": 0.920663253
              },
              "comparison_with_selected_best": {
                "absolute_regret": 0.008703472800000056,
                "reference_summary_id": "summary_6fe6f803a79737dad947ac4263354d053724591957c4672ef9387c069982e883",
                "reference_value": 0.9293667258,
                "tied_with_selected_best": false
              },
              "config_id": "o2_default_default",
              "device_id": "ibm_heron_133",
              "evidence_id": "evidence_ca906d44bf3ada317577ae03c7919314a82b93c1b178c70b9cab6872b43552a7",
              "evidence_type": "offline_seed_aggregate",
              "metric": "median_expected_fidelity_across_seeds",
              "provenance": {
                "catalog_id": "qiskit_expected_fidelity_mqt_2_4_v2",
                "dataset_scope": "full",
                "measurement_context": "offline_qiskit_transpilation",
                "source_sha256": "71f4fb8c978c585cd4d3fff8207cac095fbf58d403c65905da931b5cb33cc978",
                "target_sha256": "2de960a68a2d3c77d1c8284fc2f89c2ec26a565994024c6ea329e7a5b7bf2df3"
              },
              "rank_within_selected_device": null,
              "run_ids": [
                "run_aa116c63b1c4f2b5e60fe543872b16c4b0e8c8cd297ffba9006d20f2368f21cf",
                "run_d45b04284df48538186c027216a746b7e7e3259edec3f60f675faf8be12218d6",
                "run_53da8f2319d35cc78fa1cfa8577a48fb0dde264c4611a85964314ff14f92d30a"
              ],
              "stability": {
                "expected_seeds": [
                  0,
                  1,
                  2
                ],
                "observations": [
                  {
                    "run_id": "run_aa116c63b1c4f2b5e60fe543872b16c4b0e8c8cd297ffba9006d20f2368f21cf",
                    "score": 0.920663253,
                    "seed_transpiler": 0
                  },
                  {
                    "run_id": "run_d45b04284df48538186c027216a746b7e7e3259edec3f60f675faf8be12218d6",
                    "score": 0.920663253,
                    "seed_transpiler": 1
                  },
                  {
                    "run_id": "run_53da8f2319d35cc78fa1cfa8577a48fb0dde264c4611a85964314ff14f92d30a",
                    "score": 0.920663253,
                    "seed_transpiler": 2
                  }
                ],
                "score_max": 0.920663253,
                "score_min": 0.920663253,
                "score_std_population": 0.0,
                "success_rate": 1.0,
                "successful_seeds": [
                  0,
                  1,
                  2
                ]
              },
              "summary_id": "summary_f8b66697a29d9c881d4546b3596e69a052a94db48c29f17e09bf482b80493b72"
            },
            {
              "aggregation": {
                "method": "median",
                "sample_count": 3,
                "value": 0.910572138
              },
              "comparison_with_selected_best": {
                "absolute_regret": 0.018794587799999984,
                "reference_summary_id": "summary_6fe6f803a79737dad947ac4263354d053724591957c4672ef9387c069982e883",
                "reference_value": 0.9293667258,
                "tied_with_selected_best": false
              },
              "config_id": "o3_default_default",
              "device_id": "ibm_falcon_27",
              "evidence_id": "evidence_ea1c991be7be76370a65ce0a31b9cd5900168fbd2f25bfe5cac5323ffdd03e5e",
              "evidence_type": "offline_seed_aggregate",
              "metric": "median_expected_fidelity_across_seeds",
              "provenance": {
                "catalog_id": "qiskit_expected_fidelity_mqt_2_4_v2",
                "dataset_scope": "full",
                "measurement_context": "offline_qiskit_transpilation",
                "source_sha256": "71f4fb8c978c585cd4d3fff8207cac095fbf58d403c65905da931b5cb33cc978",
                "target_sha256": "b9120f471bd90ef5aae03606ebc1e421478cd50f7b65ff4fb115f64c5148c104"
              },
              "rank_within_selected_device": null,
              "run_ids": [
                "run_2ac5c3d525b6474f64cf2933cac2ef06df55d9221922a1fb25162cbfcdc8f81e",
                "run_7cdffc3e5a11399b53320135f8a65af22163bb173035db42ba3b3cf2130245c3",
                "run_dc04e7ac4d96550ef615b09dd66034490aad7e1cf0470e60088d49d4487a5464"
              ],
              "stability": {
                "expected_seeds": [
                  0,
                  1,
                  2
                ],
                "observations": [
                  {
                    "run_id": "run_2ac5c3d525b6474f64cf2933cac2ef06df55d9221922a1fb25162cbfcdc8f81e",
                    "score": 0.910572138,
                    "seed_transpiler": 0
                  },
                  {
                    "run_id": "run_7cdffc3e5a11399b53320135f8a65af22163bb173035db42ba3b3cf2130245c3",
                    "score": 0.910572138,
                    "seed_transpiler": 1
                  },
                  {
                    "run_id": "run_dc04e7ac4d96550ef615b09dd66034490aad7e1cf0470e60088d49d4487a5464",
                    "score": 0.910572138,
                    "seed_transpiler": 2
                  }
                ],
                "score_max": 0.910572138,
                "score_min": 0.910572138,
                "score_std_population": 0.0,
                "success_rate": 1.0,
                "successful_seeds": [
                  0,
                  1,
                  2
                ]
              },
              "summary_id": "summary_1e02683d4dc9d172c4a0d9410f2ade73bce7f0f5c0c4bd9f7476bcafc335a224"
            },
            {
              "aggregation": {
                "method": "median",
                "sample_count": 3,
                "value": 0.9293667258
              },
              "comparison_with_selected_best": {
                "absolute_regret": 0.0,
                "reference_summary_id": "summary_6fe6f803a79737dad947ac4263354d053724591957c4672ef9387c069982e883",
                "reference_value": 0.9293667258,
                "tied_with_selected_best": true
              },
              "config_id": "o3_default_default",
              "device_id": "quantinuum_h2_56",
              "evidence_id": "evidence_30b32a90e2c37db409d2bf9395168ad5b469b9c295ac650203826ddbf351258d",
              "evidence_type": "offline_seed_aggregate",
              "metric": "median_expected_fidelity_across_seeds",
              "provenance": {
                "catalog_id": "qiskit_expected_fidelity_mqt_2_4_v2",
                "dataset_scope": "full",
                "measurement_context": "offline_qiskit_transpilation",
                "source_sha256": "71f4fb8c978c585cd4d3fff8207cac095fbf58d403c65905da931b5cb33cc978",
                "target_sha256": "ceb17d2f893cad6d8f78572def3c73dee3b7f3c2cc55dcb4feddc9e292e2aeee"
              },
              "rank_within_selected_device": 2,
              "run_ids": [
                "run_e944a2b3698ba83037f26b4fe20edd55d75beba6ca33edda1e5e306922966789",
                "run_307222dbd41c13f4bcb213c5aa15c9b376eddce3900baacd867c352f70f80987",
                "run_7abc7abb63b4fb646c54950df78a23128f17a46941f20109cd337099ae375338"
              ],
              "stability": {
                "expected_seeds": [
                  0,
                  1,
                  2
                ],
                "observations": [
                  {
                    "run_id": "run_e944a2b3698ba83037f26b4fe20edd55d75beba6ca33edda1e5e306922966789",
                    "score": 0.9293667258,
                    "seed_transpiler": 0
                  },
                  {
                    "run_id": "run_307222dbd41c13f4bcb213c5aa15c9b376eddce3900baacd867c352f70f80987",
                    "score": 0.9293667258,
                    "seed_transpiler": 1
                  },
                  {
                    "run_id": "run_7abc7abb63b4fb646c54950df78a23128f17a46941f20109cd337099ae375338",
                    "score": 0.9293667258,
                    "seed_transpiler": 2
                  }
                ],
                "score_max": 0.9293667258,
                "score_min": 0.9293667258,
                "score_std_population": 0.0,
                "success_rate": 1.0,
                "successful_seeds": [
                  0,
                  1,
                  2
                ]
              },
              "summary_id": "summary_2242ea9eb00e2b17f56b994e5b5e7c8c4287afe6270f21cfe5e8d0241ff90565"
            },
            {
              "aggregation": {
                "method": "median",
                "sample_count": 3,
                "value": 0.9293667258
              },
              "comparison_with_selected_best": {
                "absolute_regret": 0.0,
                "reference_summary_id": "summary_6fe6f803a79737dad947ac4263354d053724591957c4672ef9387c069982e883",
                "reference_value": 0.9293667258,
                "tied_with_selected_best": true
              },
              "config_id": "o2_sabre_sabre",
              "device_id": "quantinuum_h2_56",
              "evidence_id": "evidence_940f8bf340c226882b8bbdc15ad83ac43e7379b39bc519d1af796308e74f8174",
              "evidence_type": "offline_seed_aggregate",
              "metric": "median_expected_fidelity_across_seeds",
              "provenance": {
                "catalog_id": "qiskit_expected_fidelity_mqt_2_4_v2",
                "dataset_scope": "full",
                "measurement_context": "offline_qiskit_transpilation",
                "source_sha256": "71f4fb8c978c585cd4d3fff8207cac095fbf58d403c65905da931b5cb33cc978",
                "target_sha256": "ceb17d2f893cad6d8f78572def3c73dee3b7f3c2cc55dcb4feddc9e292e2aeee"
              },
              "rank_within_selected_device": 3,
              "run_ids": [
                "run_d7b4fef852d62baa89d3f6d5e206695730fe42ae5561aff0808cf90cfe98eef0",
                "run_0734b85f0040e465908358449c24263c02f46d59ecd08817efc53bae6a01c9e8",
                "run_0a5bda5b2396b64796b92b144cd48568207b4db89e161956e6357e3b64ceaa91"
              ],
              "stability": {
                "expected_seeds": [
                  0,
                  1,
                  2
                ],
                "observations": [
                  {
                    "run_id": "run_d7b4fef852d62baa89d3f6d5e206695730fe42ae5561aff0808cf90cfe98eef0",
                    "score": 0.9293667258,
                    "seed_transpiler": 0
                  },
                  {
                    "run_id": "run_0734b85f0040e465908358449c24263c02f46d59ecd08817efc53bae6a01c9e8",
                    "score": 0.9293667258,
                    "seed_transpiler": 1
                  },
                  {
                    "run_id": "run_0a5bda5b2396b64796b92b144cd48568207b4db89e161956e6357e3b64ceaa91",
                    "score": 0.9293667258,
                    "seed_transpiler": 2
                  }
                ],
                "score_max": 0.9293667258,
                "score_min": 0.9293667258,
                "score_std_population": 0.0,
                "success_rate": 1.0,
                "successful_seeds": [
                  0,
                  1,
                  2
                ]
              },
              "summary_id": "summary_dca1472308417a336234370477646769bea922f54b98f74d9475b198c26f83ac"
            }
          ],
          "scientific_caveats": [
            {
              "caveat_id": "expected_fidelity_is_estimate",
              "text": "Expected fidelity \u00e8 una stima offline calcolata dal Target sintetico MQT Bench, non una misura ottenuta su hardware reale."
            },
            {
              "caveat_id": "ranking_is_not_causal",
              "text": "Il ranking descrive risultati osservati con catalogo, versioni e seed fissati; non dimostra che una feature del circuito abbia causato la scelta."
            },
            {
              "caveat_id": "closed_candidate_set",
              "text": "L'etichetta vale soltanto tra device compatibili e configurazioni effettivamente valutati in questo protocollo."
            },
            {
              "caveat_id": "constraints_not_applied",
              "text": "Gli esempi offline non applicano vincoli utente; al retrieval i vincoli devono filtrare candidati e configurazioni senza riscrivere la ground truth."
            }
          ]
        }
      },
      {
        "record_id": "rag_b7fd0e6e1c4fd6fbb3e4e3a4644b37a7560e135b22cddb018dcf983fac5ec2da",
        "distance": 4.576498141345151,
        "example": {
          "rag_id": "rag_b7fd0e6e1c4fd6fbb3e4e3a4644b37a7560e135b22cddb018dcf983fac5ec2da",
          "view_scope": "global_multi_device",
          "objective": {
            "direction": "maximize",
            "implementation": "mqt.predictor.reward.expected_fidelity",
            "interpretation": "Stima deterministica basata sul Target sintetico MQT Bench 2.2.3; non \u00e8 una misura su hardware reale.",
            "name": "expected_fidelity"
          },
          "input": {
            "circuit": {
              "circuit_id": "vqe_indep_tket_15",
              "benchmark_family": "vqe",
              "generator": "tket",
              "num_qubits": 15,
              "depth": 20,
              "size": 88,
              "source_sha256": "340f838f4828967044e815cf0dcd8ef9789855ee99c5c958d238e6b78c6ece0d",
              "features": {
                "values": {
                  "critical_depth": 0.5714285714285714,
                  "depth": 20.0,
                  "entanglement_ratio": 0.3835616438356164,
                  "gate_count_c3sqrtx": 0.0,
                  "gate_count_c3x": 0.0,
                  "gate_count_c4x": 0.0,
                  "gate_count_ccx": 0.0,
                  "gate_count_ch": 0.0,
                  "gate_count_cp": 0.0,
                  "gate_count_crx": 0.0,
                  "gate_count_cry": 0.0,
                  "gate_count_crz": 0.0,
                  "gate_count_cswap": 0.0,
                  "gate_count_csx": 0.0,
                  "gate_count_cu": 0.0,
                  "gate_count_cu1": 0.0,
                  "gate_count_cu3": 0.0,
                  "gate_count_cx": 28.0,
                  "gate_count_cy": 0.0,
                  "gate_count_cz": 0.0,
                  "gate_count_h": 0.0,
                  "gate_count_id": 0.0,
                  "gate_count_p": 0.0,
                  "gate_count_rc3x": 0.0,
                  "gate_count_rccx": 0.0,
                  "gate_count_rx": 0.0,
                  "gate_count_rxx": 0.0,
                  "gate_count_ry": 45.0,
                  "gate_count_rz": 0.0,
                  "gate_count_rzz": 0.0,
                  "gate_count_s": 0.0,
                  "gate_count_sdg": 0.0,
                  "gate_count_swap": 0.0,
                  "gate_count_sx": 0.0,
                  "gate_count_sxdg": 0.0,
                  "gate_count_t": 0.0,
                  "gate_count_tdg": 0.0,
                  "gate_count_u": 0.0,
                  "gate_count_u0": 0.0,
                  "gate_count_u1": 0.0,
                  "gate_count_u2": 0.0,
                  "gate_count_u3": 0.0,
                  "gate_count_x": 0.0,
                  "gate_count_y": 0.0,
                  "gate_count_z": 0.0,
                  "liveness": 0.38666666666666666,
                  "num_qubits": 15.0,
                  "parallelism": 0.18928571428571428,
                  "program_communication": 0.13333333333333333
                }
              }
            },
            "compatible_devices": [
              {
                "device_id": "ibm_falcon_27",
                "num_qubits": 27,
                "operation_names": [
                  "box",
                  "break",
                  "continue",
                  "cx",
                  "delay",
                  "for_loop",
                  "id",
                  "if_else",
                  "measure",
                  "reset",
                  "rz",
                  "switch_case",
                  "sx",
                  "while_loop",
                  "x"
                ],
                "target_sha256": "b9120f471bd90ef5aae03606ebc1e421478cd50f7b65ff4fb115f64c5148c104"
              },
              {
                "device_id": "ibm_heron_133",
                "num_qubits": 133,
                "operation_names": [
                  "box",
                  "break",
                  "continue",
                  "cz",
                  "delay",
                  "for_loop",
                  "id",
                  "if_else",
                  "measure",
                  "reset",
                  "rz",
                  "switch_case",
                  "sx",
                  "while_loop",
                  "x"
                ],
                "target_sha256": "2de960a68a2d3c77d1c8284fc2f89c2ec26a565994024c6ea329e7a5b7bf2df3"
              },
              {
                "device_id": "ibm_falcon_127",
                "num_qubits": 127,
                "operation_names": [
                  "box",
                  "break",
                  "continue",
                  "cx",
                  "delay",
                  "for_loop",
                  "id",
                  "if_else",
                  "measure",
                  "reset",
                  "rz",
                  "switch_case",
                  "sx",
                  "while_loop",
                  "x"
                ],
                "target_sha256": "5b91130482b02e3029bf550d88ec2cf732b52f023137c0f1ec7e059facb1debd"
              },
              {
                "device_id": "ibm_heron_156",
                "num_qubits": 156,
                "operation_names": [
                  "box",
                  "break",
                  "continue",
                  "cz",
                  "delay",
                  "for_loop",
                  "id",
                  "if_else",
                  "measure",
                  "reset",
                  "rz",
                  "switch_case",
                  "sx",
                  "while_loop",
                  "x"
                ],
                "target_sha256": "207fcb68d097a924aa681ca5d4545d2f5eed04f9783a91021dffb59bcff43003"
              },
              {
                "device_id": "quantinuum_h2_56",
                "num_qubits": 56,
                "operation_names": [
                  "if_else",
                  "measure",
                  "rx",
                  "ry",
                  "rz",
                  "rzz"
                ],
                "target_sha256": "ceb17d2f893cad6d8f78572def3c73dee3b7f3c2cc55dcb4feddc9e292e2aeee"
              }
            ],
            "user_constraints": {
              "constraint_set_id": null,
              "hard_constraints": [],
              "preferences": [],
              "schema_version": "0.1.0",
              "status": "not_applied_offline"
            }
          },
          "label": {
            "selected_device": {
              "best_config_id": "o2_default_default",
              "best_summary_id": "summary_5f7967f7244172df164037653d1cdff3aeaeb414622bf908f0a4beaae65ca8f6",
              "comparison_margin": 0.0036577482999999855,
              "device_id": "ibm_falcon_127",
              "eligible_device_ids": [
                "ibm_falcon_127",
                "quantinuum_h2_56",
                "ibm_heron_156",
                "ibm_heron_133",
                "ibm_falcon_27"
              ],
              "ineligible_device_ids": [],
              "median_score": 0.937527333,
              "selection_reason": "best_observed_median",
              "tied_best_config_ids": [
                "o2_default_default",
                "o3_default_default"
              ],
              "tied_best_device_ids": [
                "ibm_falcon_127"
              ]
            },
            "top_configurations": [
              {
                "claim_id": "claim_27757171ebb52a85e23eea2fd3fe263428749cc432dfe81f7d4f087e5edb0e0c",
                "config_id": "o2_default_default",
                "device_id": "ibm_falcon_127",
                "evidence_id": "evidence_b8847089c914cf5fa9dd0c7f55cb588f60d895e45cbfdc8e44037e1c8a351497",
                "layout_method": null,
                "mean_score": 0.9375273329999999,
                "median_score": 0.937527333,
                "optimization_level": 2,
                "rank": 1,
                "regret": 0.0,
                "routing_method": null,
                "score_std_population": 0.0,
                "success_rate": 1.0,
                "summary_id": "summary_5f7967f7244172df164037653d1cdff3aeaeb414622bf908f0a4beaae65ca8f6",
                "tied_score_config_ids": [
                  "o2_default_default",
                  "o3_default_default"
                ]
              },
              {
                "claim_id": "claim_d45f9c623dd282eae4bfee9c26834adc680c7edf85f5fdac51b3838c3a861ab4",
                "config_id": "o3_default_default",
                "device_id": "ibm_falcon_127",
                "evidence_id": "evidence_256e5f01bdfcc91747d15305db56967c68f94bdb600bb6c1c52c7762d9b06c25",
                "layout_method": null,
                "mean_score": 0.9375273329999999,
                "median_score": 0.937527333,
                "optimization_level": 3,
                "rank": 2,
                "regret": 0.0,
                "routing_method": null,
                "score_std_population": 0.0,
                "success_rate": 1.0,
                "summary_id": "summary_c8951faad10217849403450c8cc632f1e9833b8687be0f94597789be32666f04",
                "tied_score_config_ids": [
                  "o2_default_default",
                  "o3_default_default"
                ]
              },
              {
                "claim_id": "claim_3472a410eecf55bd2c95d3f5ad6da9d7b33e871cb6bf5e3e9bace4066d1a1cd0",
                "config_id": "o2_sabre_sabre",
                "device_id": "ibm_falcon_127",
                "evidence_id": "evidence_ef400805b38529aab730478902bd8ac013e5837860a352a479f47da7590a54ea",
                "layout_method": "sabre",
                "mean_score": 0.8853258947999999,
                "median_score": 0.8853258948,
                "optimization_level": 2,
                "rank": 3,
                "regret": 0.052201438200000005,
                "routing_method": "sabre",
                "score_std_population": 0.0,
                "success_rate": 1.0,
                "summary_id": "summary_426753c6876f58ada241b7dcdd5b0d7c9eb5fbd8260bb628d938a3551ee8fcfb",
                "tied_score_config_ids": [
                  "o2_sabre_sabre",
                  "o3_sabre_sabre",
                  "o2_sabre_lookahead",
                  "o2_sabre_basic",
                  "o3_sabre_lookahead",
                  "o3_sabre_basic"
                ]
              }
            ]
          },
          "claims": [
            {
              "caveat_ids": [
                "expected_fidelity_is_estimate",
                "ranking_is_not_causal",
                "closed_candidate_set"
              ],
              "claim_id": "claim_1938a71b18933d946377f66aa5e745c6d33234b8c2c295b7687745fbfd811634",
              "claim_type": "selected_device",
              "evidence_ids": [
                "evidence_b8847089c914cf5fa9dd0c7f55cb588f60d895e45cbfdc8e44037e1c8a351497",
                "evidence_f1dd8db1b125fcf142c3357a71e7b1cdf2f79722f27df0daad43831c72a1224c",
                "evidence_5487316613a3d3152e808396e08f155f62a252538e834a3200b85dc7596c9227",
                "evidence_2a9c370c37e8d06f200110124dfee7c1649fe79c6daf08e35095aa6954174948",
                "evidence_f6c85fb090e57ea62bdb07150c6fa862163a8a68976751db5740ff82e13ee9e1"
              ],
              "text": "ibm_falcon_127 \u00e8 l'etichetta tra i device compatibili: o2_default_default ottiene mediana 0.937527333, contro 0.9338695847 del miglior candidato quantinuum_h2_56 (o2_default_default), con margine 0.0036577483."
            },
            {
              "caveat_ids": [
                "expected_fidelity_is_estimate",
                "ranking_is_not_causal"
              ],
              "claim_id": "claim_27757171ebb52a85e23eea2fd3fe263428749cc432dfe81f7d4f087e5edb0e0c",
              "claim_type": "ranked_configuration",
              "evidence_ids": [
                "evidence_b8847089c914cf5fa9dd0c7f55cb588f60d895e45cbfdc8e44037e1c8a351497"
              ],
              "text": "Per ibm_falcon_127, o2_default_default \u00e8 la configurazione in posizione 1: mediana 0.937527333, regret 0. Condivide lo stesso score con o3_default_default; la posizione segue l'ordine deterministico del catalogo e non dimostra superiorit\u00e0 tra le configurazioni a pari score."
            },
            {
              "caveat_ids": [
                "expected_fidelity_is_estimate",
                "ranking_is_not_causal"
              ],
              "claim_id": "claim_d45f9c623dd282eae4bfee9c26834adc680c7edf85f5fdac51b3838c3a861ab4",
              "claim_type": "ranked_configuration",
              "evidence_ids": [
                "evidence_256e5f01bdfcc91747d15305db56967c68f94bdb600bb6c1c52c7762d9b06c25"
              ],
              "text": "Per ibm_falcon_127, o3_default_default \u00e8 la configurazione in posizione 2: mediana 0.937527333, regret 0. Condivide lo stesso score con o2_default_default; la posizione segue l'ordine deterministico del catalogo e non dimostra superiorit\u00e0 tra le configurazioni a pari score."
            },
            {
              "caveat_ids": [
                "expected_fidelity_is_estimate",
                "ranking_is_not_causal"
              ],
              "claim_id": "claim_3472a410eecf55bd2c95d3f5ad6da9d7b33e871cb6bf5e3e9bace4066d1a1cd0",
              "claim_type": "ranked_configuration",
              "evidence_ids": [
                "evidence_ef400805b38529aab730478902bd8ac013e5837860a352a479f47da7590a54ea"
              ],
              "text": "Per ibm_falcon_127, o2_sabre_sabre \u00e8 la configurazione in posizione 3: mediana 0.8853258948, regret 0.0522014382. Condivide lo stesso score con o3_sabre_sabre, o2_sabre_lookahead, o2_sabre_basic, o3_sabre_lookahead, o3_sabre_basic; la posizione segue l'ordine deterministico del catalogo e non dimostra superiorit\u00e0 tra le configurazioni a pari score."
            }
          ],
          "evidence": [
            {
              "aggregation": {
                "method": "median",
                "sample_count": 3,
                "value": 0.937527333
              },
              "comparison_with_selected_best": {
                "absolute_regret": 0.0,
                "reference_summary_id": "summary_5f7967f7244172df164037653d1cdff3aeaeb414622bf908f0a4beaae65ca8f6",
                "reference_value": 0.937527333,
                "tied_with_selected_best": true
              },
              "config_id": "o2_default_default",
              "device_id": "ibm_falcon_127",
              "evidence_id": "evidence_b8847089c914cf5fa9dd0c7f55cb588f60d895e45cbfdc8e44037e1c8a351497",
              "evidence_type": "offline_seed_aggregate",
              "metric": "median_expected_fidelity_across_seeds",
              "provenance": {
                "catalog_id": "qiskit_expected_fidelity_mqt_2_4_v2",
                "dataset_scope": "full",
                "measurement_context": "offline_qiskit_transpilation",
                "source_sha256": "340f838f4828967044e815cf0dcd8ef9789855ee99c5c958d238e6b78c6ece0d",
                "target_sha256": "5b91130482b02e3029bf550d88ec2cf732b52f023137c0f1ec7e059facb1debd"
              },
              "rank_within_selected_device": 1,
              "run_ids": [
                "run_d475c4f22b31ca2d7010ded2d113437691ae9aac4de8ca6cc2c2be59f49555ca",
                "run_2080a28a33868dc9bbd19fefafc4168fc6b8f0158ac3a7802795faa61b168984",
                "run_40abef510522fd39a4e07a7c306569716f5c08da97258684ef6310dda4837227"
              ],
              "stability": {
                "expected_seeds": [
                  0,
                  1,
                  2
                ],
                "observations": [
                  {
                    "run_id": "run_d475c4f22b31ca2d7010ded2d113437691ae9aac4de8ca6cc2c2be59f49555ca",
                    "score": 0.937527333,
                    "seed_transpiler": 0
                  },
                  {
                    "run_id": "run_2080a28a33868dc9bbd19fefafc4168fc6b8f0158ac3a7802795faa61b168984",
                    "score": 0.937527333,
                    "seed_transpiler": 1
                  },
                  {
                    "run_id": "run_40abef510522fd39a4e07a7c306569716f5c08da97258684ef6310dda4837227",
                    "score": 0.937527333,
                    "seed_transpiler": 2
                  }
                ],
                "score_max": 0.937527333,
                "score_min": 0.937527333,
                "score_std_population": 0.0,
                "success_rate": 1.0,
                "successful_seeds": [
                  0,
                  1,
                  2
                ]
              },
              "summary_id": "summary_5f7967f7244172df164037653d1cdff3aeaeb414622bf908f0a4beaae65ca8f6"
            },
            {
              "aggregation": {
                "method": "median",
                "sample_count": 3,
                "value": 0.9338695847
              },
              "comparison_with_selected_best": {
                "absolute_regret": 0.0036577482999999855,
                "reference_summary_id": "summary_5f7967f7244172df164037653d1cdff3aeaeb414622bf908f0a4beaae65ca8f6",
                "reference_value": 0.937527333,
                "tied_with_selected_best": false
              },
              "config_id": "o2_default_default",
              "device_id": "quantinuum_h2_56",
              "evidence_id": "evidence_f1dd8db1b125fcf142c3357a71e7b1cdf2f79722f27df0daad43831c72a1224c",
              "evidence_type": "offline_seed_aggregate",
              "metric": "median_expected_fidelity_across_seeds",
              "provenance": {
                "catalog_id": "qiskit_expected_fidelity_mqt_2_4_v2",
                "dataset_scope": "full",
                "measurement_context": "offline_qiskit_transpilation",
                "source_sha256": "340f838f4828967044e815cf0dcd8ef9789855ee99c5c958d238e6b78c6ece0d",
                "target_sha256": "ceb17d2f893cad6d8f78572def3c73dee3b7f3c2cc55dcb4feddc9e292e2aeee"
              },
              "rank_within_selected_device": null,
              "run_ids": [
                "run_6550c8298bd406f5dfd8fa7acd68d636c2ab8694bd77945cd659830df6f4eb10",
                "run_584214c0c97665864d8b18bb21775e5e945c04264634fdcb3ac19f6b377e53c3",
                "run_472ee59579c072f17df8d506a6d8bf0125b44fd9d507571d3f85cb2dc8114e73"
              ],
              "stability": {
                "expected_seeds": [
                  0,
                  1,
                  2
                ],
                "observations": [
                  {
                    "run_id": "run_6550c8298bd406f5dfd8fa7acd68d636c2ab8694bd77945cd659830df6f4eb10",
                    "score": 0.9338695847,
                    "seed_transpiler": 0
                  },
                  {
                    "run_id": "run_584214c0c97665864d8b18bb21775e5e945c04264634fdcb3ac19f6b377e53c3",
                    "score": 0.9338695847,
                    "seed_transpiler": 1
                  },
                  {
                    "run_id": "run_472ee59579c072f17df8d506a6d8bf0125b44fd9d507571d3f85cb2dc8114e73",
                    "score": 0.9338695847,
                    "seed_transpiler": 2
                  }
                ],
                "score_max": 0.9338695847,
                "score_min": 0.9338695847,
                "score_std_population": 0.0,
                "success_rate": 1.0,
                "successful_seeds": [
                  0,
                  1,
                  2
                ]
              },
              "summary_id": "summary_305d01271c0f392e59964089c185332012c2157cba6b8c0fbf911a541446a978"
            },
            {
              "aggregation": {
                "method": "median",
                "sample_count": 3,
                "value": 0.9274382492
              },
              "comparison_with_selected_best": {
                "absolute_regret": 0.010089083800000065,
                "reference_summary_id": "summary_5f7967f7244172df164037653d1cdff3aeaeb414622bf908f0a4beaae65ca8f6",
                "reference_value": 0.937527333,
                "tied_with_selected_best": false
              },
              "config_id": "o3_default_default",
              "device_id": "ibm_heron_156",
              "evidence_id": "evidence_5487316613a3d3152e808396e08f155f62a252538e834a3200b85dc7596c9227",
              "evidence_type": "offline_seed_aggregate",
              "metric": "median_expected_fidelity_across_seeds",
              "provenance": {
                "catalog_id": "qiskit_expected_fidelity_mqt_2_4_v2",
                "dataset_scope": "full",
                "measurement_context": "offline_qiskit_transpilation",
                "source_sha256": "340f838f4828967044e815cf0dcd8ef9789855ee99c5c958d238e6b78c6ece0d",
                "target_sha256": "207fcb68d097a924aa681ca5d4545d2f5eed04f9783a91021dffb59bcff43003"
              },
              "rank_within_selected_device": null,
              "run_ids": [
                "run_2fc879889e0905beb307529f0c9a0fec0ddabf809fba8bf23a3e40755f502872",
                "run_44ddb3e721372d352ad70140e107724f38f07a47d45ec853adb5fd18d41c453f",
                "run_154b98a7d83a19e6963a204d3c1b8233d0f15fd451f0c9e43c6bd5f8a4ac3655"
              ],
              "stability": {
                "expected_seeds": [
                  0,
                  1,
                  2
                ],
                "observations": [
                  {
                    "run_id": "run_2fc879889e0905beb307529f0c9a0fec0ddabf809fba8bf23a3e40755f502872",
                    "score": 0.9274382492,
                    "seed_transpiler": 0
                  },
                  {
                    "run_id": "run_44ddb3e721372d352ad70140e107724f38f07a47d45ec853adb5fd18d41c453f",
                    "score": 0.9274382492,
                    "seed_transpiler": 1
                  },
                  {
                    "run_id": "run_154b98a7d83a19e6963a204d3c1b8233d0f15fd451f0c9e43c6bd5f8a4ac3655",
                    "score": 0.9274382492,
                    "seed_transpiler": 2
                  }
                ],
                "score_max": 0.9274382492,
                "score_min": 0.9274382492,
                "score_std_population": 0.0,
                "success_rate": 1.0,
                "successful_seeds": [
                  0,
                  1,
                  2
                ]
              },
              "summary_id": "summary_e970b5b50d10be68d8c1278d8e87ff212fe1a76c6301a751f3dd11564b2fe2df"
            },
            {
              "aggregation": {
                "method": "median",
                "sample_count": 3,
                "value": 0.9256998688
              },
              "comparison_with_selected_best": {
                "absolute_regret": 0.011827464200000026,
                "reference_summary_id": "summary_5f7967f7244172df164037653d1cdff3aeaeb414622bf908f0a4beaae65ca8f6",
                "reference_value": 0.937527333,
                "tied_with_selected_best": false
              },
              "config_id": "o2_default_default",
              "device_id": "ibm_heron_133",
              "evidence_id": "evidence_2a9c370c37e8d06f200110124dfee7c1649fe79c6daf08e35095aa6954174948",
              "evidence_type": "offline_seed_aggregate",
              "metric": "median_expected_fidelity_across_seeds",
              "provenance": {
                "catalog_id": "qiskit_expected_fidelity_mqt_2_4_v2",
                "dataset_scope": "full",
                "measurement_context": "offline_qiskit_transpilation",
                "source_sha256": "340f838f4828967044e815cf0dcd8ef9789855ee99c5c958d238e6b78c6ece0d",
                "target_sha256": "2de960a68a2d3c77d1c8284fc2f89c2ec26a565994024c6ea329e7a5b7bf2df3"
              },
              "rank_within_selected_device": null,
              "run_ids": [
                "run_14b92f2094b591e274b9e7ea384a5b244afa4ac92d56f5cb6d7298ab40f35ea9",
                "run_a9a592b59d10616c99b6a68dea020863aec39eba02fa2b637af9c9caadd4e8d5",
                "run_48f58ec0bc278cb93237cb2d07d012e0ababf018445b6a68be1e514e368c9719"
              ],
              "stability": {
                "expected_seeds": [
                  0,
                  1,
                  2
                ],
                "observations": [
                  {
                    "run_id": "run_14b92f2094b591e274b9e7ea384a5b244afa4ac92d56f5cb6d7298ab40f35ea9",
                    "score": 0.9256998688,
                    "seed_transpiler": 0
                  },
                  {
                    "run_id": "run_a9a592b59d10616c99b6a68dea020863aec39eba02fa2b637af9c9caadd4e8d5",
                    "score": 0.9256998688,
                    "seed_transpiler": 1
                  },
                  {
                    "run_id": "run_48f58ec0bc278cb93237cb2d07d012e0ababf018445b6a68be1e514e368c9719",
                    "score": 0.9256998688,
                    "seed_transpiler": 2
                  }
                ],
                "score_max": 0.9256998688,
                "score_min": 0.9256998688,
                "score_std_population": 0.0,
                "success_rate": 1.0,
                "successful_seeds": [
                  0,
                  1,
                  2
                ]
              },
              "summary_id": "summary_d238af43b27af67ab6cc25a75e2bbadb1d6da35557d3dbfcf50333d0c1fc6ef9"
            },
            {
              "aggregation": {
                "method": "median",
                "sample_count": 3,
                "value": 0.9236284313
              },
              "comparison_with_selected_best": {
                "absolute_regret": 0.013898901699999966,
                "reference_summary_id": "summary_5f7967f7244172df164037653d1cdff3aeaeb414622bf908f0a4beaae65ca8f6",
                "reference_value": 0.937527333,
                "tied_with_selected_best": false
              },
              "config_id": "o2_default_default",
              "device_id": "ibm_falcon_27",
              "evidence_id": "evidence_f6c85fb090e57ea62bdb07150c6fa862163a8a68976751db5740ff82e13ee9e1",
              "evidence_type": "offline_seed_aggregate",
              "metric": "median_expected_fidelity_across_seeds",
              "provenance": {
                "catalog_id": "qiskit_expected_fidelity_mqt_2_4_v2",
                "dataset_scope": "full",
                "measurement_context": "offline_qiskit_transpilation",
                "source_sha256": "340f838f4828967044e815cf0dcd8ef9789855ee99c5c958d238e6b78c6ece0d",
                "target_sha256": "b9120f471bd90ef5aae03606ebc1e421478cd50f7b65ff4fb115f64c5148c104"
              },
              "rank_within_selected_device": null,
              "run_ids": [
                "run_50df6d0e8a303058ef89d8ed8562d70843d6c7f26e1457a10c04815e22e430d3",
                "run_63d865bf45667184a5683cbc66e38a24ed71ec8af6510e00aafc207023b6c1d0",
                "run_544f2a59e8049aa12ac24e51c1d478d57c500f152ae67812e2066549ccac23e4"
              ],
              "stability": {
                "expected_seeds": [
                  0,
                  1,
                  2
                ],
                "observations": [
                  {
                    "run_id": "run_50df6d0e8a303058ef89d8ed8562d70843d6c7f26e1457a10c04815e22e430d3",
                    "score": 0.9236284313,
                    "seed_transpiler": 0
                  },
                  {
                    "run_id": "run_63d865bf45667184a5683cbc66e38a24ed71ec8af6510e00aafc207023b6c1d0",
                    "score": 0.9236284313,
                    "seed_transpiler": 1
                  },
                  {
                    "run_id": "run_544f2a59e8049aa12ac24e51c1d478d57c500f152ae67812e2066549ccac23e4",
                    "score": 0.9236284313,
                    "seed_transpiler": 2
                  }
                ],
                "score_max": 0.9236284313,
                "score_min": 0.9236284313,
                "score_std_population": 0.0,
                "success_rate": 1.0,
                "successful_seeds": [
                  0,
                  1,
                  2
                ]
              },
              "summary_id": "summary_e5879a156f0c2597deb65a5e4f20184f9d0558545cb1f6641618bd8e9a09bdea"
            },
            {
              "aggregation": {
                "method": "median",
                "sample_count": 3,
                "value": 0.937527333
              },
              "comparison_with_selected_best": {
                "absolute_regret": 0.0,
                "reference_summary_id": "summary_5f7967f7244172df164037653d1cdff3aeaeb414622bf908f0a4beaae65ca8f6",
                "reference_value": 0.937527333,
                "tied_with_selected_best": true
              },
              "config_id": "o3_default_default",
              "device_id": "ibm_falcon_127",
              "evidence_id": "evidence_256e5f01bdfcc91747d15305db56967c68f94bdb600bb6c1c52c7762d9b06c25",
              "evidence_type": "offline_seed_aggregate",
              "metric": "median_expected_fidelity_across_seeds",
              "provenance": {
                "catalog_id": "qiskit_expected_fidelity_mqt_2_4_v2",
                "dataset_scope": "full",
                "measurement_context": "offline_qiskit_transpilation",
                "source_sha256": "340f838f4828967044e815cf0dcd8ef9789855ee99c5c958d238e6b78c6ece0d",
                "target_sha256": "5b91130482b02e3029bf550d88ec2cf732b52f023137c0f1ec7e059facb1debd"
              },
              "rank_within_selected_device": 2,
              "run_ids": [
                "run_9abd497cff43aa97fd8c90b0a0d2567c85395ebbbde7d9789bb84f35ecc51884",
                "run_1e02b07313050a1cd5eed9ccf10e6de396f826229e08a3ec6baabeaa4c3fff13",
                "run_e9cb7fd2125dd40319563fda2f9e3edffc06f254ebee72c4855ff506aa03d33e"
              ],
              "stability": {
                "expected_seeds": [
                  0,
                  1,
                  2
                ],
                "observations": [
                  {
                    "run_id": "run_9abd497cff43aa97fd8c90b0a0d2567c85395ebbbde7d9789bb84f35ecc51884",
                    "score": 0.937527333,
                    "seed_transpiler": 0
                  },
                  {
                    "run_id": "run_1e02b07313050a1cd5eed9ccf10e6de396f826229e08a3ec6baabeaa4c3fff13",
                    "score": 0.937527333,
                    "seed_transpiler": 1
                  },
                  {
                    "run_id": "run_e9cb7fd2125dd40319563fda2f9e3edffc06f254ebee72c4855ff506aa03d33e",
                    "score": 0.937527333,
                    "seed_transpiler": 2
                  }
                ],
                "score_max": 0.937527333,
                "score_min": 0.937527333,
                "score_std_population": 0.0,
                "success_rate": 1.0,
                "successful_seeds": [
                  0,
                  1,
                  2
                ]
              },
              "summary_id": "summary_c8951faad10217849403450c8cc632f1e9833b8687be0f94597789be32666f04"
            },
            {
              "aggregation": {
                "method": "median",
                "sample_count": 3,
                "value": 0.8853258948
              },
              "comparison_with_selected_best": {
                "absolute_regret": 0.052201438200000005,
                "reference_summary_id": "summary_5f7967f7244172df164037653d1cdff3aeaeb414622bf908f0a4beaae65ca8f6",
                "reference_value": 0.937527333,
                "tied_with_selected_best": false
              },
              "config_id": "o2_sabre_sabre",
              "device_id": "ibm_falcon_127",
              "evidence_id": "evidence_ef400805b38529aab730478902bd8ac013e5837860a352a479f47da7590a54ea",
              "evidence_type": "offline_seed_aggregate",
              "metric": "median_expected_fidelity_across_seeds",
              "provenance": {
                "catalog_id": "qiskit_expected_fidelity_mqt_2_4_v2",
                "dataset_scope": "full",
                "measurement_context": "offline_qiskit_transpilation",
                "source_sha256": "340f838f4828967044e815cf0dcd8ef9789855ee99c5c958d238e6b78c6ece0d",
                "target_sha256": "5b91130482b02e3029bf550d88ec2cf732b52f023137c0f1ec7e059facb1debd"
              },
              "rank_within_selected_device": 3,
              "run_ids": [
                "run_510d1b7644e4166b7f84f57cfb18c7c55c3bb1ea44de55bbb6c056ac7268e5df",
                "run_ea2e14db1ba02fd4344cbec01143f1a2a7579e3764c6db6828c25f415cc156cf",
                "run_d3493f377e25fa6aaca904bcd5e4b0ac7846955958997cbac922e6980461e560"
              ],
              "stability": {
                "expected_seeds": [
                  0,
                  1,
                  2
                ],
                "observations": [
                  {
                    "run_id": "run_510d1b7644e4166b7f84f57cfb18c7c55c3bb1ea44de55bbb6c056ac7268e5df",
                    "score": 0.8853258948,
                    "seed_transpiler": 0
                  },
                  {
                    "run_id": "run_ea2e14db1ba02fd4344cbec01143f1a2a7579e3764c6db6828c25f415cc156cf",
                    "score": 0.8853258948,
                    "seed_transpiler": 1
                  },
                  {
                    "run_id": "run_d3493f377e25fa6aaca904bcd5e4b0ac7846955958997cbac922e6980461e560",
                    "score": 0.8853258948,
                    "seed_transpiler": 2
                  }
                ],
                "score_max": 0.8853258948,
                "score_min": 0.8853258948,
                "score_std_population": 0.0,
                "success_rate": 1.0,
                "successful_seeds": [
                  0,
                  1,
                  2
                ]
              },
              "summary_id": "summary_426753c6876f58ada241b7dcdd5b0d7c9eb5fbd8260bb628d938a3551ee8fcfb"
            }
          ],
          "scientific_caveats": [
            {
              "caveat_id": "expected_fidelity_is_estimate",
              "text": "Expected fidelity \u00e8 una stima offline calcolata dal Target sintetico MQT Bench, non una misura ottenuta su hardware reale."
            },
            {
              "caveat_id": "ranking_is_not_causal",
              "text": "Il ranking descrive risultati osservati con catalogo, versioni e seed fissati; non dimostra che una feature del circuito abbia causato la scelta."
            },
            {
              "caveat_id": "closed_candidate_set",
              "text": "L'etichetta vale soltanto tra device compatibili e configurazioni effettivamente valutati in questo protocollo."
            },
            {
              "caveat_id": "constraints_not_applied",
              "text": "Gli esempi offline non applicano vincoli utente; al retrieval i vincoli devono filtrare candidati e configurazioni senza riscrivere la ground truth."
            }
          ]
        }
      },
      {
        "record_id": "rag_fbfe56de23b6f65b7009e212d833218cc17f54c0b922a91f7f24b19aa2d5c5f3",
        "distance": 4.576498141345151,
        "example": {
          "rag_id": "rag_fbfe56de23b6f65b7009e212d833218cc17f54c0b922a91f7f24b19aa2d5c5f3",
          "view_scope": "global_multi_device",
          "objective": {
            "direction": "maximize",
            "implementation": "mqt.predictor.reward.expected_fidelity",
            "interpretation": "Stima deterministica basata sul Target sintetico MQT Bench 2.2.3; non \u00e8 una misura su hardware reale.",
            "name": "expected_fidelity"
          },
          "input": {
            "circuit": {
              "circuit_id": "vqe_indep_qiskit_15",
              "benchmark_family": "vqe",
              "generator": "qiskit",
              "num_qubits": 15,
              "depth": 20,
              "size": 88,
              "source_sha256": "cb84095399fd46cc242ca61e19a731b8c36280eb6539c955d55e37edd1042c2a",
              "features": {
                "values": {
                  "critical_depth": 0.5714285714285714,
                  "depth": 20.0,
                  "entanglement_ratio": 0.3835616438356164,
                  "gate_count_c3sqrtx": 0.0,
                  "gate_count_c3x": 0.0,
                  "gate_count_c4x": 0.0,
                  "gate_count_ccx": 0.0,
                  "gate_count_ch": 0.0,
                  "gate_count_cp": 0.0,
                  "gate_count_crx": 0.0,
                  "gate_count_cry": 0.0,
                  "gate_count_crz": 0.0,
                  "gate_count_cswap": 0.0,
                  "gate_count_csx": 0.0,
                  "gate_count_cu": 0.0,
                  "gate_count_cu1": 0.0,
                  "gate_count_cu3": 0.0,
                  "gate_count_cx": 28.0,
                  "gate_count_cy": 0.0,
                  "gate_count_cz": 0.0,
                  "gate_count_h": 0.0,
                  "gate_count_id": 0.0,
                  "gate_count_p": 0.0,
                  "gate_count_rc3x": 0.0,
                  "gate_count_rccx": 0.0,
                  "gate_count_rx": 0.0,
                  "gate_count_rxx": 0.0,
                  "gate_count_ry": 45.0,
                  "gate_count_rz": 0.0,
                  "gate_count_rzz": 0.0,
                  "gate_count_s": 0.0,
                  "gate_count_sdg": 0.0,
                  "gate_count_swap": 0.0,
                  "gate_count_sx": 0.0,
                  "gate_count_sxdg": 0.0,
                  "gate_count_t": 0.0,
                  "gate_count_tdg": 0.0,
                  "gate_count_u": 0.0,
                  "gate_count_u0": 0.0,
                  "gate_count_u1": 0.0,
                  "gate_count_u2": 0.0,
                  "gate_count_u3": 0.0,
                  "gate_count_x": 0.0,
                  "gate_count_y": 0.0,
                  "gate_count_z": 0.0,
                  "liveness": 0.38666666666666666,
                  "num_qubits": 15.0,
                  "parallelism": 0.18928571428571428,
                  "program_communication": 0.13333333333333333
                }
              }
            },
            "compatible_devices": [
              {
                "device_id": "ibm_falcon_27",
                "num_qubits": 27,
                "operation_names": [
                  "box",
                  "break",
                  "continue",
                  "cx",
                  "delay",
                  "for_loop",
                  "id",
                  "if_else",
                  "measure",
                  "reset",
                  "rz",
                  "switch_case",
                  "sx",
                  "while_loop",
                  "x"
                ],
                "target_sha256": "b9120f471bd90ef5aae03606ebc1e421478cd50f7b65ff4fb115f64c5148c104"
              },
              {
                "device_id": "ibm_heron_133",
                "num_qubits": 133,
                "operation_names": [
                  "box",
                  "break",
                  "continue",
                  "cz",
                  "delay",
                  "for_loop",
                  "id",
                  "if_else",
                  "measure",
                  "reset",
                  "rz",
                  "switch_case",
                  "sx",
                  "while_loop",
                  "x"
                ],
                "target_sha256": "2de960a68a2d3c77d1c8284fc2f89c2ec26a565994024c6ea329e7a5b7bf2df3"
              },
              {
                "device_id": "ibm_falcon_127",
                "num_qubits": 127,
                "operation_names": [
                  "box",
                  "break",
                  "continue",
                  "cx",
                  "delay",
                  "for_loop",
                  "id",
                  "if_else",
                  "measure",
                  "reset",
                  "rz",
                  "switch_case",
                  "sx",
                  "while_loop",
                  "x"
                ],
                "target_sha256": "5b91130482b02e3029bf550d88ec2cf732b52f023137c0f1ec7e059facb1debd"
              },
              {
                "device_id": "ibm_heron_156",
                "num_qubits": 156,
                "operation_names": [
                  "box",
                  "break",
                  "continue",
                  "cz",
                  "delay",
                  "for_loop",
                  "id",
                  "if_else",
                  "measure",
                  "reset",
                  "rz",
                  "switch_case",
                  "sx",
                  "while_loop",
                  "x"
                ],
                "target_sha256": "207fcb68d097a924aa681ca5d4545d2f5eed04f9783a91021dffb59bcff43003"
              },
              {
                "device_id": "quantinuum_h2_56",
                "num_qubits": 56,
                "operation_names": [
                  "if_else",
                  "measure",
                  "rx",
                  "ry",
                  "rz",
                  "rzz"
                ],
                "target_sha256": "ceb17d2f893cad6d8f78572def3c73dee3b7f3c2cc55dcb4feddc9e292e2aeee"
              }
            ],
            "user_constraints": {
              "constraint_set_id": null,
              "hard_constraints": [],
              "preferences": [],
              "schema_version": "0.1.0",
              "status": "not_applied_offline"
            }
          },
          "label": {
            "selected_device": {
              "best_config_id": "o2_default_default",
              "best_summary_id": "summary_f6fb1ce3c9e2e3ee24738c702d7133dc2edbe15026727a7d45215c16659a537f",
              "comparison_margin": 0.0036306408999999817,
              "device_id": "ibm_falcon_127",
              "eligible_device_ids": [
                "ibm_falcon_127",
                "quantinuum_h2_56",
                "ibm_heron_156",
                "ibm_heron_133",
                "ibm_falcon_27"
              ],
              "ineligible_device_ids": [],
              "median_score": 0.9374161798,
              "selection_reason": "best_observed_median",
              "tied_best_config_ids": [
                "o2_default_default",
                "o3_default_default"
              ],
              "tied_best_device_ids": [
                "ibm_falcon_127"
              ]
            },
            "top_configurations": [
              {
                "claim_id": "claim_b718e0cf05319ef14e99cf0a8234c7d2a59b583dacc469f4d81b614d23ad4107",
                "config_id": "o2_default_default",
                "device_id": "ibm_falcon_127",
                "evidence_id": "evidence_7773cbf82e2df7a30f3c285cc479645d3279a0afddbf189d40a2e799d9ed8da2",
                "layout_method": null,
                "mean_score": 0.9374161798,
                "median_score": 0.9374161798,
                "optimization_level": 2,
                "rank": 1,
                "regret": 0.0,
                "routing_method": null,
                "score_std_population": 0.0,
                "success_rate": 1.0,
                "summary_id": "summary_f6fb1ce3c9e2e3ee24738c702d7133dc2edbe15026727a7d45215c16659a537f",
                "tied_score_config_ids": [
                  "o2_default_default",
                  "o3_default_default"
                ]
              },
              {
                "claim_id": "claim_edc4bfe11ef63544d4b8f873808f7d5d57407a40f7a148f3784ae7138d94a5f6",
                "config_id": "o3_default_default",
                "device_id": "ibm_falcon_127",
                "evidence_id": "evidence_334d8a797c40875ad4160aedf4a517860e5436670659fdcbf2a4a5fbc81e7e71",
                "layout_method": null,
                "mean_score": 0.9374161798,
                "median_score": 0.9374161798,
                "optimization_level": 3,
                "rank": 2,
                "regret": 0.0,
                "routing_method": null,
                "score_std_population": 0.0,
                "success_rate": 1.0,
                "summary_id": "summary_b30d8e7a318f42dfd32e193d06f09dc4bb15e2681618690f256d708b8667e50a",
                "tied_score_config_ids": [
                  "o2_default_default",
                  "o3_default_default"
                ]
              },
              {
                "claim_id": "claim_f5778a9a6edd029e857d8d4a2683730da2e9821c6bdb06e9078f9d3b7c19af74",
                "config_id": "o2_sabre_sabre",
                "device_id": "ibm_falcon_127",
                "evidence_id": "evidence_bc1a97a908c86f0aa1dad31e3018cf5dacf2ccd53c6bc8b684613bfd8b045a34",
                "layout_method": "sabre",
                "mean_score": 0.8852506991999999,
                "median_score": 0.8852506992,
                "optimization_level": 2,
                "rank": 3,
                "regret": 0.052165480600000036,
                "routing_method": "sabre",
                "score_std_population": 0.0,
                "success_rate": 1.0,
                "summary_id": "summary_4de412a7a930b0632c932af0c4905cdf62173398b6445ab2a560f050c203f5c3",
                "tied_score_config_ids": [
                  "o2_sabre_sabre",
                  "o3_sabre_sabre",
                  "o2_sabre_lookahead",
                  "o2_sabre_basic",
                  "o3_sabre_lookahead",
                  "o3_sabre_basic"
                ]
              }
            ]
          },
          "claims": [
            {
              "caveat_ids": [
                "expected_fidelity_is_estimate",
                "ranking_is_not_causal",
                "closed_candidate_set"
              ],
              "claim_id": "claim_4372b76b9861d18c4835b80aba7ec4081296518c4f08172e617bfd97670688e8",
              "claim_type": "selected_device",
              "evidence_ids": [
                "evidence_7773cbf82e2df7a30f3c285cc479645d3279a0afddbf189d40a2e799d9ed8da2",
                "evidence_ea13c4d14c1b6e832d284a883428cc0b09a7c709ff06cced8cadd19799076920",
                "evidence_175c35e40ee4d75ce67e4ca980c34150db936655e146e086f83f110620af0b42",
                "evidence_16d558fd9425de6c0ad956cb2c4a193c0558411cca0cd175a393ea64b3eb9f22",
                "evidence_7d29199662646e20305f65e477317364a8b2116f896b1f3386ca1bcb32f81710"
              ],
              "text": "ibm_falcon_127 \u00e8 l'etichetta tra i device compatibili: o2_default_default ottiene mediana 0.9374161798, contro 0.9337855389 del miglior candidato quantinuum_h2_56 (o2_default_default), con margine 0.0036306409."
            },
            {
              "caveat_ids": [
                "expected_fidelity_is_estimate",
                "ranking_is_not_causal"
              ],
              "claim_id": "claim_b718e0cf05319ef14e99cf0a8234c7d2a59b583dacc469f4d81b614d23ad4107",
              "claim_type": "ranked_configuration",
              "evidence_ids": [
                "evidence_7773cbf82e2df7a30f3c285cc479645d3279a0afddbf189d40a2e799d9ed8da2"
              ],
              "text": "Per ibm_falcon_127, o2_default_default \u00e8 la configurazione in posizione 1: mediana 0.9374161798, regret 0. Condivide lo stesso score con o3_default_default; la posizione segue l'ordine deterministico del catalogo e non dimostra superiorit\u00e0 tra le configurazioni a pari score."
            },
            {
              "caveat_ids": [
                "expected_fidelity_is_estimate",
                "ranking_is_not_causal"
              ],
              "claim_id": "claim_edc4bfe11ef63544d4b8f873808f7d5d57407a40f7a148f3784ae7138d94a5f6",
              "claim_type": "ranked_configuration",
              "evidence_ids": [
                "evidence_334d8a797c40875ad4160aedf4a517860e5436670659fdcbf2a4a5fbc81e7e71"
              ],
              "text": "Per ibm_falcon_127, o3_default_default \u00e8 la configurazione in posizione 2: mediana 0.9374161798, regret 0. Condivide lo stesso score con o2_default_default; la posizione segue l'ordine deterministico del catalogo e non dimostra superiorit\u00e0 tra le configurazioni a pari score."
            },
            {
              "caveat_ids": [
                "expected_fidelity_is_estimate",
                "ranking_is_not_causal"
              ],
              "claim_id": "claim_f5778a9a6edd029e857d8d4a2683730da2e9821c6bdb06e9078f9d3b7c19af74",
              "claim_type": "ranked_configuration",
              "evidence_ids": [
                "evidence_bc1a97a908c86f0aa1dad31e3018cf5dacf2ccd53c6bc8b684613bfd8b045a34"
              ],
              "text": "Per ibm_falcon_127, o2_sabre_sabre \u00e8 la configurazione in posizione 3: mediana 0.8852506992, regret 0.0521654806. Condivide lo stesso score con o3_sabre_sabre, o2_sabre_lookahead, o2_sabre_basic, o3_sabre_lookahead, o3_sabre_basic; la posizione segue l'ordine deterministico del catalogo e non dimostra superiorit\u00e0 tra le configurazioni a pari score."
            }
          ],
          "evidence": [
            {
              "aggregation": {
                "method": "median",
                "sample_count": 3,
                "value": 0.9374161798
              },
              "comparison_with_selected_best": {
                "absolute_regret": 0.0,
                "reference_summary_id": "summary_f6fb1ce3c9e2e3ee24738c702d7133dc2edbe15026727a7d45215c16659a537f",
                "reference_value": 0.9374161798,
                "tied_with_selected_best": true
              },
              "config_id": "o2_default_default",
              "device_id": "ibm_falcon_127",
              "evidence_id": "evidence_7773cbf82e2df7a30f3c285cc479645d3279a0afddbf189d40a2e799d9ed8da2",
              "evidence_type": "offline_seed_aggregate",
              "metric": "median_expected_fidelity_across_seeds",
              "provenance": {
                "catalog_id": "qiskit_expected_fidelity_mqt_2_4_v2",
                "dataset_scope": "full",
                "measurement_context": "offline_qiskit_transpilation",
                "source_sha256": "cb84095399fd46cc242ca61e19a731b8c36280eb6539c955d55e37edd1042c2a",
                "target_sha256": "5b91130482b02e3029bf550d88ec2cf732b52f023137c0f1ec7e059facb1debd"
              },
              "rank_within_selected_device": 1,
              "run_ids": [
                "run_c7f9f7072a6c4928c6309fd9726550d10addd96e8aa256971fb16c84196d7766",
                "run_115355f40232fddf32a8726ed355cd80376417a3efe301b3b0000965237ca00d",
                "run_dc3ba47ca5e429c7cc8cd79d8774ceba4f5e0d7cfda13d6515633ad66cb420ac"
              ],
              "stability": {
                "expected_seeds": [
                  0,
                  1,
                  2
                ],
                "observations": [
                  {
                    "run_id": "run_c7f9f7072a6c4928c6309fd9726550d10addd96e8aa256971fb16c84196d7766",
                    "score": 0.9374161798,
                    "seed_transpiler": 0
                  },
                  {
                    "run_id": "run_115355f40232fddf32a8726ed355cd80376417a3efe301b3b0000965237ca00d",
                    "score": 0.9374161798,
                    "seed_transpiler": 1
                  },
                  {
                    "run_id": "run_dc3ba47ca5e429c7cc8cd79d8774ceba4f5e0d7cfda13d6515633ad66cb420ac",
                    "score": 0.9374161798,
                    "seed_transpiler": 2
                  }
                ],
                "score_max": 0.9374161798,
                "score_min": 0.9374161798,
                "score_std_population": 0.0,
                "success_rate": 1.0,
                "successful_seeds": [
                  0,
                  1,
                  2
                ]
              },
              "summary_id": "summary_f6fb1ce3c9e2e3ee24738c702d7133dc2edbe15026727a7d45215c16659a537f"
            },
            {
              "aggregation": {
                "method": "median",
                "sample_count": 3,
                "value": 0.9337855389
              },
              "comparison_with_selected_best": {
                "absolute_regret": 0.0036306408999999817,
                "reference_summary_id": "summary_f6fb1ce3c9e2e3ee24738c702d7133dc2edbe15026727a7d45215c16659a537f",
                "reference_value": 0.9374161798,
                "tied_with_selected_best": false
              },
              "config_id": "o2_default_default",
              "device_id": "quantinuum_h2_56",
              "evidence_id": "evidence_ea13c4d14c1b6e832d284a883428cc0b09a7c709ff06cced8cadd19799076920",
              "evidence_type": "offline_seed_aggregate",
              "metric": "median_expected_fidelity_across_seeds",
              "provenance": {
                "catalog_id": "qiskit_expected_fidelity_mqt_2_4_v2",
                "dataset_scope": "full",
                "measurement_context": "offline_qiskit_transpilation",
                "source_sha256": "cb84095399fd46cc242ca61e19a731b8c36280eb6539c955d55e37edd1042c2a",
                "target_sha256": "ceb17d2f893cad6d8f78572def3c73dee3b7f3c2cc55dcb4feddc9e292e2aeee"
              },
              "rank_within_selected_device": null,
              "run_ids": [
                "run_9fa41754047aca826b7f07b2d0df7ce597046859a2895f584fe013feb4f2efe7",
                "run_cd804b8380c80b35bbeab4e875efe10b9e8ff4bfb0ebf5ed9814afcf4df4786c",
                "run_6ecf4fc636ed57207ca9da6e8941afe08a28490cef5bf4124304eb8d55f0fe8a"
              ],
              "stability": {
                "expected_seeds": [
                  0,
                  1,
                  2
                ],
                "observations": [
                  {
                    "run_id": "run_9fa41754047aca826b7f07b2d0df7ce597046859a2895f584fe013feb4f2efe7",
                    "score": 0.9337855389,
                    "seed_transpiler": 0
                  },
                  {
                    "run_id": "run_cd804b8380c80b35bbeab4e875efe10b9e8ff4bfb0ebf5ed9814afcf4df4786c",
                    "score": 0.9337855389,
                    "seed_transpiler": 1
                  },
                  {
                    "run_id": "run_6ecf4fc636ed57207ca9da6e8941afe08a28490cef5bf4124304eb8d55f0fe8a",
                    "score": 0.9337855389,
                    "seed_transpiler": 2
                  }
                ],
                "score_max": 0.9337855389,
                "score_min": 0.9337855389,
                "score_std_population": 0.0,
                "success_rate": 1.0,
                "successful_seeds": [
                  0,
                  1,
                  2
                ]
              },
              "summary_id": "summary_c476c6549aafe8865fdb637a46adcf1f70efc10c314d9ac6a71a41e69019696e"
            },
            {
              "aggregation": {
                "method": "median",
                "sample_count": 3,
                "value": 0.9273627688
              },
              "comparison_with_selected_best": {
                "absolute_regret": 0.010053411000000012,
                "reference_summary_id": "summary_f6fb1ce3c9e2e3ee24738c702d7133dc2edbe15026727a7d45215c16659a537f",
                "reference_value": 0.9374161798,
                "tied_with_selected_best": false
              },
              "config_id": "o3_default_default",
              "device_id": "ibm_heron_156",
              "evidence_id": "evidence_175c35e40ee4d75ce67e4ca980c34150db936655e146e086f83f110620af0b42",
              "evidence_type": "offline_seed_aggregate",
              "metric": "median_expected_fidelity_across_seeds",
              "provenance": {
                "catalog_id": "qiskit_expected_fidelity_mqt_2_4_v2",
                "dataset_scope": "full",
                "measurement_context": "offline_qiskit_transpilation",
                "source_sha256": "cb84095399fd46cc242ca61e19a731b8c36280eb6539c955d55e37edd1042c2a",
                "target_sha256": "207fcb68d097a924aa681ca5d4545d2f5eed04f9783a91021dffb59bcff43003"
              },
              "rank_within_selected_device": null,
              "run_ids": [
                "run_eaa955b7fdc2e66aebe0bba994d9a3eba03c5ab74cc2b34563cabee9472fd482",
                "run_c41a4a31b13736c807f4bae27fc656fe5f2c452767519ec0f9079db50cd5ea3f",
                "run_bb2a4c1bd9e5455e083fc54646fadbf925d1878056af6f5b148ce51101b76450"
              ],
              "stability": {
                "expected_seeds": [
                  0,
                  1,
                  2
                ],
                "observations": [
                  {
                    "run_id": "run_eaa955b7fdc2e66aebe0bba994d9a3eba03c5ab74cc2b34563cabee9472fd482",
                    "score": 0.9273627688,
                    "seed_transpiler": 0
                  },
                  {
                    "run_id": "run_c41a4a31b13736c807f4bae27fc656fe5f2c452767519ec0f9079db50cd5ea3f",
                    "score": 0.9273627688,
                    "seed_transpiler": 1
                  },
                  {
                    "run_id": "run_bb2a4c1bd9e5455e083fc54646fadbf925d1878056af6f5b148ce51101b76450",
                    "score": 0.9273627688,
                    "seed_transpiler": 2
                  }
                ],
                "score_max": 0.9273627688,
                "score_min": 0.9273627688,
                "score_std_population": 0.0,
                "success_rate": 1.0,
                "successful_seeds": [
                  0,
                  1,
                  2
                ]
              },
              "summary_id": "summary_edd73630e4e00a25867da5c1ff651cddf49837f885b14a1134b1a5676d1ca534"
            },
            {
              "aggregation": {
                "method": "median",
                "sample_count": 3,
                "value": 0.9255298769
              },
              "comparison_with_selected_best": {
                "absolute_regret": 0.011886302900000034,
                "reference_summary_id": "summary_f6fb1ce3c9e2e3ee24738c702d7133dc2edbe15026727a7d45215c16659a537f",
                "reference_value": 0.9374161798,
                "tied_with_selected_best": false
              },
              "config_id": "o2_default_default",
              "device_id": "ibm_heron_133",
              "evidence_id": "evidence_16d558fd9425de6c0ad956cb2c4a193c0558411cca0cd175a393ea64b3eb9f22",
              "evidence_type": "offline_seed_aggregate",
              "metric": "median_expected_fidelity_across_seeds",
              "provenance": {
                "catalog_id": "qiskit_expected_fidelity_mqt_2_4_v2",
                "dataset_scope": "full",
                "measurement_context": "offline_qiskit_transpilation",
                "source_sha256": "cb84095399fd46cc242ca61e19a731b8c36280eb6539c955d55e37edd1042c2a",
                "target_sha256": "2de960a68a2d3c77d1c8284fc2f89c2ec26a565994024c6ea329e7a5b7bf2df3"
              },
              "rank_within_selected_device": null,
              "run_ids": [
                "run_d702d79fd1e80ecb7a273717c61764fb8b923e9782e2613c23723c7b77dbe47e",
                "run_29b892de8d56feb169f349559035fb66b7bf2e3c19bb81769d4272409df4dc06",
                "run_73b79b72f1b1ae774640b98269e3ff98cffd36cf29259d7ee5cac758503d8265"
              ],
              "stability": {
                "expected_seeds": [
                  0,
                  1,
                  2
                ],
                "observations": [
                  {
                    "run_id": "run_d702d79fd1e80ecb7a273717c61764fb8b923e9782e2613c23723c7b77dbe47e",
                    "score": 0.9255298769,
                    "seed_transpiler": 0
                  },
                  {
                    "run_id": "run_29b892de8d56feb169f349559035fb66b7bf2e3c19bb81769d4272409df4dc06",
                    "score": 0.9255298769,
                    "seed_transpiler": 1
                  },
                  {
                    "run_id": "run_73b79b72f1b1ae774640b98269e3ff98cffd36cf29259d7ee5cac758503d8265",
                    "score": 0.9255298769,
                    "seed_transpiler": 2
                  }
                ],
                "score_max": 0.9255298769,
                "score_min": 0.9255298769,
                "score_std_population": 0.0,
                "success_rate": 1.0,
                "successful_seeds": [
                  0,
                  1,
                  2
                ]
              },
              "summary_id": "summary_d49accd040548d7574e80319070336e95fce335f98f952f4fbfc29267b58debf"
            },
            {
              "aggregation": {
                "method": "median",
                "sample_count": 3,
                "value": 0.9235256185
              },
              "comparison_with_selected_best": {
                "absolute_regret": 0.013890561299999993,
                "reference_summary_id": "summary_f6fb1ce3c9e2e3ee24738c702d7133dc2edbe15026727a7d45215c16659a537f",
                "reference_value": 0.9374161798,
                "tied_with_selected_best": false
              },
              "config_id": "o2_default_default",
              "device_id": "ibm_falcon_27",
              "evidence_id": "evidence_7d29199662646e20305f65e477317364a8b2116f896b1f3386ca1bcb32f81710",
              "evidence_type": "offline_seed_aggregate",
              "metric": "median_expected_fidelity_across_seeds",
              "provenance": {
                "catalog_id": "qiskit_expected_fidelity_mqt_2_4_v2",
                "dataset_scope": "full",
                "measurement_context": "offline_qiskit_transpilation",
                "source_sha256": "cb84095399fd46cc242ca61e19a731b8c36280eb6539c955d55e37edd1042c2a",
                "target_sha256": "b9120f471bd90ef5aae03606ebc1e421478cd50f7b65ff4fb115f64c5148c104"
              },
              "rank_within_selected_device": null,
              "run_ids": [
                "run_d421c7a59ba27609f7ce873a8bfe5fc40663ad0811d7846578c6177f3afdd82f",
                "run_c635a8ba26a7d7bddbdddd9ac3b81340c717f4eaf8bf968d158c2f02a9e578ef",
                "run_ee6493e36ceca9c90fa2035011d36689449765db23f9687f538f2d3208c79e9f"
              ],
              "stability": {
                "expected_seeds": [
                  0,
                  1,
                  2
                ],
                "observations": [
                  {
                    "run_id": "run_d421c7a59ba27609f7ce873a8bfe5fc40663ad0811d7846578c6177f3afdd82f",
                    "score": 0.9235256185,
                    "seed_transpiler": 0
                  },
                  {
                    "run_id": "run_c635a8ba26a7d7bddbdddd9ac3b81340c717f4eaf8bf968d158c2f02a9e578ef",
                    "score": 0.9235256185,
                    "seed_transpiler": 1
                  },
                  {
                    "run_id": "run_ee6493e36ceca9c90fa2035011d36689449765db23f9687f538f2d3208c79e9f",
                    "score": 0.9235256185,
                    "seed_transpiler": 2
                  }
                ],
                "score_max": 0.9235256185,
                "score_min": 0.9235256185,
                "score_std_population": 0.0,
                "success_rate": 1.0,
                "successful_seeds": [
                  0,
                  1,
                  2
                ]
              },
              "summary_id": "summary_e14023b779ff67b9d8fccfb394685ca9ec2ac375f93913b179a8b689412b38bd"
            },
            {
              "aggregation": {
                "method": "median",
                "sample_count": 3,
                "value": 0.9374161798
              },
              "comparison_with_selected_best": {
                "absolute_regret": 0.0,
                "reference_summary_id": "summary_f6fb1ce3c9e2e3ee24738c702d7133dc2edbe15026727a7d45215c16659a537f",
                "reference_value": 0.9374161798,
                "tied_with_selected_best": true
              },
              "config_id": "o3_default_default",
              "device_id": "ibm_falcon_127",
              "evidence_id": "evidence_334d8a797c40875ad4160aedf4a517860e5436670659fdcbf2a4a5fbc81e7e71",
              "evidence_type": "offline_seed_aggregate",
              "metric": "median_expected_fidelity_across_seeds",
              "provenance": {
                "catalog_id": "qiskit_expected_fidelity_mqt_2_4_v2",
                "dataset_scope": "full",
                "measurement_context": "offline_qiskit_transpilation",
                "source_sha256": "cb84095399fd46cc242ca61e19a731b8c36280eb6539c955d55e37edd1042c2a",
                "target_sha256": "5b91130482b02e3029bf550d88ec2cf732b52f023137c0f1ec7e059facb1debd"
              },
              "rank_within_selected_device": 2,
              "run_ids": [
                "run_1a0a3caddf42f013952133d60056a4605ea3b227336c370b801858bb9a289556",
                "run_a3138bf791061136a91d28e7bd5b824d13dec1432bc9fdbdb8f5d58f159190d7",
                "run_81980dbda76b19ccfaf351ce9370aaf03fd02131d3b55c219a9b60de1f9784e6"
              ],
              "stability": {
                "expected_seeds": [
                  0,
                  1,
                  2
                ],
                "observations": [
                  {
                    "run_id": "run_1a0a3caddf42f013952133d60056a4605ea3b227336c370b801858bb9a289556",
                    "score": 0.9374161798,
                    "seed_transpiler": 0
                  },
                  {
                    "run_id": "run_a3138bf791061136a91d28e7bd5b824d13dec1432bc9fdbdb8f5d58f159190d7",
                    "score": 0.9374161798,
                    "seed_transpiler": 1
                  },
                  {
                    "run_id": "run_81980dbda76b19ccfaf351ce9370aaf03fd02131d3b55c219a9b60de1f9784e6",
                    "score": 0.9374161798,
                    "seed_transpiler": 2
                  }
                ],
                "score_max": 0.9374161798,
                "score_min": 0.9374161798,
                "score_std_population": 0.0,
                "success_rate": 1.0,
                "successful_seeds": [
                  0,
                  1,
                  2
                ]
              },
              "summary_id": "summary_b30d8e7a318f42dfd32e193d06f09dc4bb15e2681618690f256d708b8667e50a"
            },
            {
              "aggregation": {
                "method": "median",
                "sample_count": 3,
                "value": 0.8852506992
              },
              "comparison_with_selected_best": {
                "absolute_regret": 0.052165480600000036,
                "reference_summary_id": "summary_f6fb1ce3c9e2e3ee24738c702d7133dc2edbe15026727a7d45215c16659a537f",
                "reference_value": 0.9374161798,
                "tied_with_selected_best": false
              },
              "config_id": "o2_sabre_sabre",
              "device_id": "ibm_falcon_127",
              "evidence_id": "evidence_bc1a97a908c86f0aa1dad31e3018cf5dacf2ccd53c6bc8b684613bfd8b045a34",
              "evidence_type": "offline_seed_aggregate",
              "metric": "median_expected_fidelity_across_seeds",
              "provenance": {
                "catalog_id": "qiskit_expected_fidelity_mqt_2_4_v2",
                "dataset_scope": "full",
                "measurement_context": "offline_qiskit_transpilation",
                "source_sha256": "cb84095399fd46cc242ca61e19a731b8c36280eb6539c955d55e37edd1042c2a",
                "target_sha256": "5b91130482b02e3029bf550d88ec2cf732b52f023137c0f1ec7e059facb1debd"
              },
              "rank_within_selected_device": 3,
              "run_ids": [
                "run_ac50489de3fa4d11589e026f5402a65edd807cf17f1c4f83a0b2ff4dfd385132",
                "run_5b42800963761ba5f55f0be2b170b4c783acb9e168ba1bbf61d7c980fed41c76",
                "run_ffafdc5b3d381173ac648d978a1ae6f08bc73a1a3da0f476636146ae6111383c"
              ],
              "stability": {
                "expected_seeds": [
                  0,
                  1,
                  2
                ],
                "observations": [
                  {
                    "run_id": "run_ac50489de3fa4d11589e026f5402a65edd807cf17f1c4f83a0b2ff4dfd385132",
                    "score": 0.8852506992,
                    "seed_transpiler": 0
                  },
                  {
                    "run_id": "run_5b42800963761ba5f55f0be2b170b4c783acb9e168ba1bbf61d7c980fed41c76",
                    "score": 0.8852506992,
                    "seed_transpiler": 1
                  },
                  {
                    "run_id": "run_ffafdc5b3d381173ac648d978a1ae6f08bc73a1a3da0f476636146ae6111383c",
                    "score": 0.8852506992,
                    "seed_transpiler": 2
                  }
                ],
                "score_max": 0.8852506992,
                "score_min": 0.8852506992,
                "score_std_population": 0.0,
                "success_rate": 1.0,
                "successful_seeds": [
                  0,
                  1,
                  2
                ]
              },
              "summary_id": "summary_4de412a7a930b0632c932af0c4905cdf62173398b6445ab2a560f050c203f5c3"
            }
          ],
          "scientific_caveats": [
            {
              "caveat_id": "expected_fidelity_is_estimate",
              "text": "Expected fidelity \u00e8 una stima offline calcolata dal Target sintetico MQT Bench, non una misura ottenuta su hardware reale."
            },
            {
              "caveat_id": "ranking_is_not_causal",
              "text": "Il ranking descrive risultati osservati con catalogo, versioni e seed fissati; non dimostra che una feature del circuito abbia causato la scelta."
            },
            {
              "caveat_id": "closed_candidate_set",
              "text": "L'etichetta vale soltanto tra device compatibili e configurazioni effettivamente valutati in questo protocollo."
            },
            {
              "caveat_id": "constraints_not_applied",
              "text": "Gli esempi offline non applicano vincoli utente; al retrieval i vincoli devono filtrare candidati e configurazioni senza riscrivere la ground truth."
            }
          ]
        }
      },
      {
        "record_id": "rag_0f8f2d2038b1c3306d17cb4bde98a2a037df93584cb82476179a88f91216d123",
        "distance": 4.585133806805965,
        "example": {
          "rag_id": "rag_0f8f2d2038b1c3306d17cb4bde98a2a037df93584cb82476179a88f91216d123",
          "view_scope": "global_multi_device",
          "objective": {
            "direction": "maximize",
            "implementation": "mqt.predictor.reward.expected_fidelity",
            "interpretation": "Stima deterministica basata sul Target sintetico MQT Bench 2.2.3; non \u00e8 una misura su hardware reale.",
            "name": "expected_fidelity"
          },
          "input": {
            "circuit": {
              "circuit_id": "vqe_indep_qiskit_14",
              "benchmark_family": "vqe",
              "generator": "qiskit",
              "num_qubits": 14,
              "depth": 19,
              "size": 82,
              "source_sha256": "199431a4857b8fbb9718e3d71bc013a086f63629c373dead484e88d12497540c",
              "features": {
                "values": {
                  "critical_depth": 0.5769230769230769,
                  "depth": 19.0,
                  "entanglement_ratio": 0.38235294117647056,
                  "gate_count_c3sqrtx": 0.0,
                  "gate_count_c3x": 0.0,
                  "gate_count_c4x": 0.0,
                  "gate_count_ccx": 0.0,
                  "gate_count_ch": 0.0,
                  "gate_count_cp": 0.0,
                  "gate_count_crx": 0.0,
                  "gate_count_cry": 0.0,
                  "gate_count_crz": 0.0,
                  "gate_count_cswap": 0.0,
                  "gate_count_csx": 0.0,
                  "gate_count_cu": 0.0,
                  "gate_count_cu1": 0.0,
                  "gate_count_cu3": 0.0,
                  "gate_count_cx": 26.0,
                  "gate_count_cy": 0.0,
                  "gate_count_cz": 0.0,
                  "gate_count_h": 0.0,
                  "gate_count_id": 0.0,
                  "gate_count_p": 0.0,
                  "gate_count_rc3x": 0.0,
                  "gate_count_rccx": 0.0,
                  "gate_count_rx": 0.0,
                  "gate_count_rxx": 0.0,
                  "gate_count_ry": 42.0,
                  "gate_count_rz": 0.0,
                  "gate_count_rzz": 0.0,
                  "gate_count_s": 0.0,
                  "gate_count_sdg": 0.0,
                  "gate_count_swap": 0.0,
                  "gate_count_sx": 0.0,
                  "gate_count_sxdg": 0.0,
                  "gate_count_t": 0.0,
                  "gate_count_tdg": 0.0,
                  "gate_count_u": 0.0,
                  "gate_count_u0": 0.0,
                  "gate_count_u1": 0.0,
                  "gate_count_u2": 0.0,
                  "gate_count_u3": 0.0,
                  "gate_count_x": 0.0,
                  "gate_count_y": 0.0,
                  "gate_count_z": 0.0,
                  "liveness": 0.40601503759398494,
                  "num_qubits": 14.0,
                  "parallelism": 0.19838056680161945,
                  "program_communication": 0.14285714285714285
                }
              }
            },
            "compatible_devices": [
              {
                "device_id": "ibm_falcon_27",
                "num_qubits": 27,
                "operation_names": [
                  "box",
                  "break",
                  "continue",
                  "cx",
                  "delay",
                  "for_loop",
                  "id",
                  "if_else",
                  "measure",
                  "reset",
                  "rz",
                  "switch_case",
                  "sx",
                  "while_loop",
                  "x"
                ],
                "target_sha256": "b9120f471bd90ef5aae03606ebc1e421478cd50f7b65ff4fb115f64c5148c104"
              },
              {
                "device_id": "ibm_heron_133",
                "num_qubits": 133,
                "operation_names": [
                  "box",
                  "break",
                  "continue",
                  "cz",
                  "delay",
                  "for_loop",
                  "id",
                  "if_else",
                  "measure",
                  "reset",
                  "rz",
                  "switch_case",
                  "sx",
                  "while_loop",
                  "x"
                ],
                "target_sha256": "2de960a68a2d3c77d1c8284fc2f89c2ec26a565994024c6ea329e7a5b7bf2df3"
              },
              {
                "device_id": "ibm_falcon_127",
                "num_qubits": 127,
                "operation_names": [
                  "box",
                  "break",
                  "continue",
                  "cx",
                  "delay",
                  "for_loop",
                  "id",
                  "if_else",
                  "measure",
                  "reset",
                  "rz",
                  "switch_case",
                  "sx",
                  "while_loop",
                  "x"
                ],
                "target_sha256": "5b91130482b02e3029bf550d88ec2cf732b52f023137c0f1ec7e059facb1debd"
              },
              {
                "device_id": "ibm_heron_156",
                "num_qubits": 156,
                "operation_names": [
                  "box",
                  "break",
                  "continue",
                  "cz",
                  "delay",
                  "for_loop",
                  "id",
                  "if_else",
                  "measure",
                  "reset",
                  "rz",
                  "switch_case",
                  "sx",
                  "while_loop",
                  "x"
                ],
                "target_sha256": "207fcb68d097a924aa681ca5d4545d2f5eed04f9783a91021dffb59bcff43003"
              },
              {
                "device_id": "quantinuum_h2_56",
                "num_qubits": 56,
                "operation_names": [
                  "if_else",
                  "measure",
                  "rx",
                  "ry",
                  "rz",
                  "rzz"
                ],
                "target_sha256": "ceb17d2f893cad6d8f78572def3c73dee3b7f3c2cc55dcb4feddc9e292e2aeee"
              }
            ],
            "user_constraints": {
              "constraint_set_id": null,
              "hard_constraints": [],
              "preferences": [],
              "schema_version": "0.1.0",
              "status": "not_applied_offline"
            }
          },
          "label": {
            "selected_device": {
              "best_config_id": "o2_default_default",
              "best_summary_id": "summary_95fb4ccdcc3b80fb0beb2ffc8878d7cb6cb37c877ce5a483a693ed77a6818a7b",
              "comparison_margin": 0.004352629600000046,
              "device_id": "ibm_falcon_127",
              "eligible_device_ids": [
                "ibm_falcon_127",
                "quantinuum_h2_56",
                "ibm_heron_156",
                "ibm_heron_133",
                "ibm_falcon_27"
              ],
              "ineligible_device_ids": [],
              "median_score": 0.9427468899,
              "selection_reason": "best_observed_median",
              "tied_best_config_ids": [
                "o2_default_default",
                "o3_default_default"
              ],
              "tied_best_device_ids": [
                "ibm_falcon_127"
              ]
            },
            "top_configurations": [
              {
                "claim_id": "claim_66a85dc23e28d79119e9c832c305d3bd741672fd9f61cf4d59d24e538df4e2ff",
                "config_id": "o2_default_default",
                "device_id": "ibm_falcon_127",
                "evidence_id": "evidence_9fda0b360446759f835083a8924aa738eefc93624ede4bb65d0877918bd20615",
                "layout_method": null,
                "mean_score": 0.9427468899,
                "median_score": 0.9427468899,
                "optimization_level": 2,
                "rank": 1,
                "regret": 0.0,
                "routing_method": null,
                "score_std_population": 0.0,
                "success_rate": 1.0,
                "summary_id": "summary_95fb4ccdcc3b80fb0beb2ffc8878d7cb6cb37c877ce5a483a693ed77a6818a7b",
                "tied_score_config_ids": [
                  "o2_default_default",
                  "o3_default_default"
                ]
              },
              {
                "claim_id": "claim_c4066461bc459e1eac342908a14eba675d3e4b538b2319e6b66d19bd9253ade7",
                "config_id": "o3_default_default",
                "device_id": "ibm_falcon_127",
                "evidence_id": "evidence_374298f10e10e33aea8147019334e431cde3cc89521171a3c1919e44ce206c52",
                "layout_method": null,
                "mean_score": 0.9427468899,
                "median_score": 0.9427468899,
                "optimization_level": 3,
                "rank": 2,
                "regret": 0.0,
                "routing_method": null,
                "score_std_population": 0.0,
                "success_rate": 1.0,
                "summary_id": "summary_1223075d4f0a30424b3dd742ca420aaeca6f919f5f0a54c8259dc6db79b56d7f",
                "tied_score_config_ids": [
                  "o2_default_default",
                  "o3_default_default"
                ]
              },
              {
                "claim_id": "claim_5a3e8f69422c6c5fe673210592ace2e63d5ca724997592a8bfc42ec00e0ab4c7",
                "config_id": "o2_sabre_sabre",
                "device_id": "ibm_falcon_127",
                "evidence_id": "evidence_46d0c1932a2497b8b8564c7c9b6bbd4dd15e146edd1f41da34a4da882ea5e001",
                "layout_method": "sabre",
                "mean_score": 0.8901786048,
                "median_score": 0.8901786048,
                "optimization_level": 2,
                "rank": 3,
                "regret": 0.0525682851,
                "routing_method": "sabre",
                "score_std_population": 0.0,
                "success_rate": 1.0,
                "summary_id": "summary_156a3283b1c418f1e06e2990035e8dbb303b38bdf9744fb7593a480f5e532a76",
                "tied_score_config_ids": [
                  "o2_sabre_sabre",
                  "o3_sabre_sabre",
                  "o2_sabre_lookahead",
                  "o2_sabre_basic",
                  "o3_sabre_lookahead",
                  "o3_sabre_basic"
                ]
              }
            ]
          },
          "claims": [
            {
              "caveat_ids": [
                "expected_fidelity_is_estimate",
                "ranking_is_not_causal",
                "closed_candidate_set"
              ],
              "claim_id": "claim_bfa129bf812b9cc5dc09a75d777cacc0f021d6912f805271b863f849e35e5893",
              "claim_type": "selected_device",
              "evidence_ids": [
                "evidence_9fda0b360446759f835083a8924aa738eefc93624ede4bb65d0877918bd20615",
                "evidence_263d9a5fbe7fd5d3fbb9b9765925e6725ff29a3a0a433f3e01ec3b8cb26ca724",
                "evidence_fbe66d8ca6b4b6bd4a0fe80d183f0fe687c8de42a3d367b0e095c0f86906ea2d",
                "evidence_c21417dce9607a0c30ab52f1696e4a2ecf17a05455e899f056fdddc494256974",
                "evidence_14ebada9054553b47815ee06898dffd21848ef4e24f5417a7b2b6ced6f36832c"
              ],
              "text": "ibm_falcon_127 \u00e8 l'etichetta tra i device compatibili: o2_default_default ottiene mediana 0.9427468899, contro 0.9383942603 del miglior candidato quantinuum_h2_56 (o2_default_default), con margine 0.0043526296."
            },
            {
              "caveat_ids": [
                "expected_fidelity_is_estimate",
                "ranking_is_not_causal"
              ],
              "claim_id": "claim_66a85dc23e28d79119e9c832c305d3bd741672fd9f61cf4d59d24e538df4e2ff",
              "claim_type": "ranked_configuration",
              "evidence_ids": [
                "evidence_9fda0b360446759f835083a8924aa738eefc93624ede4bb65d0877918bd20615"
              ],
              "text": "Per ibm_falcon_127, o2_default_default \u00e8 la configurazione in posizione 1: mediana 0.9427468899, regret 0. Condivide lo stesso score con o3_default_default; la posizione segue l'ordine deterministico del catalogo e non dimostra superiorit\u00e0 tra le configurazioni a pari score."
            },
            {
              "caveat_ids": [
                "expected_fidelity_is_estimate",
                "ranking_is_not_causal"
              ],
              "claim_id": "claim_c4066461bc459e1eac342908a14eba675d3e4b538b2319e6b66d19bd9253ade7",
              "claim_type": "ranked_configuration",
              "evidence_ids": [
                "evidence_374298f10e10e33aea8147019334e431cde3cc89521171a3c1919e44ce206c52"
              ],
              "text": "Per ibm_falcon_127, o3_default_default \u00e8 la configurazione in posizione 2: mediana 0.9427468899, regret 0. Condivide lo stesso score con o2_default_default; la posizione segue l'ordine deterministico del catalogo e non dimostra superiorit\u00e0 tra le configurazioni a pari score."
            },
            {
              "caveat_ids": [
                "expected_fidelity_is_estimate",
                "ranking_is_not_causal"
              ],
              "claim_id": "claim_5a3e8f69422c6c5fe673210592ace2e63d5ca724997592a8bfc42ec00e0ab4c7",
              "claim_type": "ranked_configuration",
              "evidence_ids": [
                "evidence_46d0c1932a2497b8b8564c7c9b6bbd4dd15e146edd1f41da34a4da882ea5e001"
              ],
              "text": "Per ibm_falcon_127, o2_sabre_sabre \u00e8 la configurazione in posizione 3: mediana 0.8901786048, regret 0.0525682851. Condivide lo stesso score con o3_sabre_sabre, o2_sabre_lookahead, o2_sabre_basic, o3_sabre_lookahead, o3_sabre_basic; la posizione segue l'ordine deterministico del catalogo e non dimostra superiorit\u00e0 tra le configurazioni a pari score."
            }
          ],
          "evidence": [
            {
              "aggregation": {
                "method": "median",
                "sample_count": 3,
                "value": 0.9427468899
              },
              "comparison_with_selected_best": {
                "absolute_regret": 0.0,
                "reference_summary_id": "summary_95fb4ccdcc3b80fb0beb2ffc8878d7cb6cb37c877ce5a483a693ed77a6818a7b",
                "reference_value": 0.9427468899,
                "tied_with_selected_best": true
              },
              "config_id": "o2_default_default",
              "device_id": "ibm_falcon_127",
              "evidence_id": "evidence_9fda0b360446759f835083a8924aa738eefc93624ede4bb65d0877918bd20615",
              "evidence_type": "offline_seed_aggregate",
              "metric": "median_expected_fidelity_across_seeds",
              "provenance": {
                "catalog_id": "qiskit_expected_fidelity_mqt_2_4_v2",
                "dataset_scope": "full",
                "measurement_context": "offline_qiskit_transpilation",
                "source_sha256": "199431a4857b8fbb9718e3d71bc013a086f63629c373dead484e88d12497540c",
                "target_sha256": "5b91130482b02e3029bf550d88ec2cf732b52f023137c0f1ec7e059facb1debd"
              },
              "rank_within_selected_device": 1,
              "run_ids": [
                "run_6e3ed0116840466351a23f5e391a25a0e4d76f31a3a8730f8979f4f029e144b1",
                "run_22f62e073777737112bdfa39f43c2930b51ab5aa513ad1dbe38e68442fa4e271",
                "run_65edfd0ed17181d48449c6ed6d2044e397b2af7be579216a24dd2b5b1325ab58"
              ],
              "stability": {
                "expected_seeds": [
                  0,
                  1,
                  2
                ],
                "observations": [
                  {
                    "run_id": "run_6e3ed0116840466351a23f5e391a25a0e4d76f31a3a8730f8979f4f029e144b1",
                    "score": 0.9427468899,
                    "seed_transpiler": 0
                  },
                  {
                    "run_id": "run_22f62e073777737112bdfa39f43c2930b51ab5aa513ad1dbe38e68442fa4e271",
                    "score": 0.9427468899,
                    "seed_transpiler": 1
                  },
                  {
                    "run_id": "run_65edfd0ed17181d48449c6ed6d2044e397b2af7be579216a24dd2b5b1325ab58",
                    "score": 0.9427468899,
                    "seed_transpiler": 2
                  }
                ],
                "score_max": 0.9427468899,
                "score_min": 0.9427468899,
                "score_std_population": 0.0,
                "success_rate": 1.0,
                "successful_seeds": [
                  0,
                  1,
                  2
                ]
              },
              "summary_id": "summary_95fb4ccdcc3b80fb0beb2ffc8878d7cb6cb37c877ce5a483a693ed77a6818a7b"
            },
            {
              "aggregation": {
                "method": "median",
                "sample_count": 3,
                "value": 0.9383942603
              },
              "comparison_with_selected_best": {
                "absolute_regret": 0.004352629600000046,
                "reference_summary_id": "summary_95fb4ccdcc3b80fb0beb2ffc8878d7cb6cb37c877ce5a483a693ed77a6818a7b",
                "reference_value": 0.9427468899,
                "tied_with_selected_best": false
              },
              "config_id": "o2_default_default",
              "device_id": "quantinuum_h2_56",
              "evidence_id": "evidence_263d9a5fbe7fd5d3fbb9b9765925e6725ff29a3a0a433f3e01ec3b8cb26ca724",
              "evidence_type": "offline_seed_aggregate",
              "metric": "median_expected_fidelity_across_seeds",
              "provenance": {
                "catalog_id": "qiskit_expected_fidelity_mqt_2_4_v2",
                "dataset_scope": "full",
                "measurement_context": "offline_qiskit_transpilation",
                "source_sha256": "199431a4857b8fbb9718e3d71bc013a086f63629c373dead484e88d12497540c",
                "target_sha256": "ceb17d2f893cad6d8f78572def3c73dee3b7f3c2cc55dcb4feddc9e292e2aeee"
              },
              "rank_within_selected_device": null,
              "run_ids": [
                "run_1f688da7d483f836f87e79291da04a2a19f2686c345713e9422fca90b44f6152",
                "run_3fd1ccaf65ef31118e1b5132ea121326209c42caf3cca64ad9ef6854f3d9010a",
                "run_79aedcfa764d81d88276c08d93be290b75d1788a7694c88aa8ffc41a06520601"
              ],
              "stability": {
                "expected_seeds": [
                  0,
                  1,
                  2
                ],
                "observations": [
                  {
                    "run_id": "run_1f688da7d483f836f87e79291da04a2a19f2686c345713e9422fca90b44f6152",
                    "score": 0.9383942603,
                    "seed_transpiler": 0
                  },
                  {
                    "run_id": "run_3fd1ccaf65ef31118e1b5132ea121326209c42caf3cca64ad9ef6854f3d9010a",
                    "score": 0.9383942603,
                    "seed_transpiler": 1
                  },
                  {
                    "run_id": "run_79aedcfa764d81d88276c08d93be290b75d1788a7694c88aa8ffc41a06520601",
                    "score": 0.9383942603,
                    "seed_transpiler": 2
                  }
                ],
                "score_max": 0.9383942603,
                "score_min": 0.9383942603,
                "score_std_population": 0.0,
                "success_rate": 1.0,
                "successful_seeds": [
                  0,
                  1,
                  2
                ]
              },
              "summary_id": "summary_717267a32322fd02833c94dcbb913b1fa9e58ca3093ad351e22d3d61fdc6991a"
            },
            {
              "aggregation": {
                "method": "median",
                "sample_count": 3,
                "value": 0.9313870378
              },
              "comparison_with_selected_best": {
                "absolute_regret": 0.011359852100000012,
                "reference_summary_id": "summary_95fb4ccdcc3b80fb0beb2ffc8878d7cb6cb37c877ce5a483a693ed77a6818a7b",
                "reference_value": 0.9427468899,
                "tied_with_selected_best": false
              },
              "config_id": "o3_default_default",
              "device_id": "ibm_heron_156",
              "evidence_id": "evidence_fbe66d8ca6b4b6bd4a0fe80d183f0fe687c8de42a3d367b0e095c0f86906ea2d",
              "evidence_type": "offline_seed_aggregate",
              "metric": "median_expected_fidelity_across_seeds",
              "provenance": {
                "catalog_id": "qiskit_expected_fidelity_mqt_2_4_v2",
                "dataset_scope": "full",
                "measurement_context": "offline_qiskit_transpilation",
                "source_sha256": "199431a4857b8fbb9718e3d71bc013a086f63629c373dead484e88d12497540c",
                "target_sha256": "207fcb68d097a924aa681ca5d4545d2f5eed04f9783a91021dffb59bcff43003"
              },
              "rank_within_selected_device": null,
              "run_ids": [
                "run_c677d74d883415a4f9ec9802982a0e456427b472536c87bd9b14dc1a323faff1",
                "run_376539e5ae620a4c199eeea5a83ab664b611c9f51693ca79bc8f1a2427314d50",
                "run_0fc321e0a85f304ddd79e522f7849d92f86335157fa53671a3153688bbcc5c0c"
              ],
              "stability": {
                "expected_seeds": [
                  0,
                  1,
                  2
                ],
                "observations": [
                  {
                    "run_id": "run_c677d74d883415a4f9ec9802982a0e456427b472536c87bd9b14dc1a323faff1",
                    "score": 0.9313870378,
                    "seed_transpiler": 0
                  },
                  {
                    "run_id": "run_376539e5ae620a4c199eeea5a83ab664b611c9f51693ca79bc8f1a2427314d50",
                    "score": 0.9313870378,
                    "seed_transpiler": 1
                  },
                  {
                    "run_id": "run_0fc321e0a85f304ddd79e522f7849d92f86335157fa53671a3153688bbcc5c0c",
                    "score": 0.9313870378,
                    "seed_transpiler": 2
                  }
                ],
                "score_max": 0.9313870378,
                "score_min": 0.9313870378,
                "score_std_population": 0.0,
                "success_rate": 1.0,
                "successful_seeds": [
                  0,
                  1,
                  2
                ]
              },
              "summary_id": "summary_8a965e02790998d3bdfcb788e33441870b11945b255d49e1fd123ca9f7a8e49b"
            },
            {
              "aggregation": {
                "method": "median",
                "sample_count": 3,
                "value": 0.929988199
              },
              "comparison_with_selected_best": {
                "absolute_regret": 0.012758690900000036,
                "reference_summary_id": "summary_95fb4ccdcc3b80fb0beb2ffc8878d7cb6cb37c877ce5a483a693ed77a6818a7b",
                "reference_value": 0.9427468899,
                "tied_with_selected_best": false
              },
              "config_id": "o2_default_default",
              "device_id": "ibm_heron_133",
              "evidence_id": "evidence_c21417dce9607a0c30ab52f1696e4a2ecf17a05455e899f056fdddc494256974",
              "evidence_type": "offline_seed_aggregate",
              "metric": "median_expected_fidelity_across_seeds",
              "provenance": {
                "catalog_id": "qiskit_expected_fidelity_mqt_2_4_v2",
                "dataset_scope": "full",
                "measurement_context": "offline_qiskit_transpilation",
                "source_sha256": "199431a4857b8fbb9718e3d71bc013a086f63629c373dead484e88d12497540c",
                "target_sha256": "2de960a68a2d3c77d1c8284fc2f89c2ec26a565994024c6ea329e7a5b7bf2df3"
              },
              "rank_within_selected_device": null,
              "run_ids": [
                "run_6de5c812e968d98f4910a515461096eb5773a72d6985e169709f206c7b53ac9e",
                "run_ad2f3b401a5d032c3d35237cc114b3cd84fb19d531619eb48dfe8ecab98d1d23",
                "run_79bd224224f73092edb99c29be4876ffb964640f61edb25f570f91aa74f83777"
              ],
              "stability": {
                "expected_seeds": [
                  0,
                  1,
                  2
                ],
                "observations": [
                  {
                    "run_id": "run_6de5c812e968d98f4910a515461096eb5773a72d6985e169709f206c7b53ac9e",
                    "score": 0.929988199,
                    "seed_transpiler": 0
                  },
                  {
                    "run_id": "run_ad2f3b401a5d032c3d35237cc114b3cd84fb19d531619eb48dfe8ecab98d1d23",
                    "score": 0.929988199,
                    "seed_transpiler": 1
                  },
                  {
                    "run_id": "run_79bd224224f73092edb99c29be4876ffb964640f61edb25f570f91aa74f83777",
                    "score": 0.929988199,
                    "seed_transpiler": 2
                  }
                ],
                "score_max": 0.929988199,
                "score_min": 0.929988199,
                "score_std_population": 0.0,
                "success_rate": 1.0,
                "successful_seeds": [
                  0,
                  1,
                  2
                ]
              },
              "summary_id": "summary_df1c25bf536579d51802b157bf5ca8645095bdbc0c9a1c7a4c4e21978e2a41f9"
            },
            {
              "aggregation": {
                "method": "median",
                "sample_count": 3,
                "value": 0.9298082461
              },
              "comparison_with_selected_best": {
                "absolute_regret": 0.012938643799999983,
                "reference_summary_id": "summary_95fb4ccdcc3b80fb0beb2ffc8878d7cb6cb37c877ce5a483a693ed77a6818a7b",
                "reference_value": 0.9427468899,
                "tied_with_selected_best": false
              },
              "config_id": "o2_default_default",
              "device_id": "ibm_falcon_27",
              "evidence_id": "evidence_14ebada9054553b47815ee06898dffd21848ef4e24f5417a7b2b6ced6f36832c",
              "evidence_type": "offline_seed_aggregate",
              "metric": "median_expected_fidelity_across_seeds",
              "provenance": {
                "catalog_id": "qiskit_expected_fidelity_mqt_2_4_v2",
                "dataset_scope": "full",
                "measurement_context": "offline_qiskit_transpilation",
                "source_sha256": "199431a4857b8fbb9718e3d71bc013a086f63629c373dead484e88d12497540c",
                "target_sha256": "b9120f471bd90ef5aae03606ebc1e421478cd50f7b65ff4fb115f64c5148c104"
              },
              "rank_within_selected_device": null,
              "run_ids": [
                "run_820f6850568da6952713b8759bda6611639e5c4461f2114505b2eab27cb1e609",
                "run_7c5ba045ac518128cf91cc555bbfd803a904fdff16260d9f30f2d8909e6eb99b",
                "run_9ff83923cff0ec38a41675126752fd2dd9fb6f8bc9737d9935d45f38a8e446d4"
              ],
              "stability": {
                "expected_seeds": [
                  0,
                  1,
                  2
                ],
                "observations": [
                  {
                    "run_id": "run_820f6850568da6952713b8759bda6611639e5c4461f2114505b2eab27cb1e609",
                    "score": 0.9298082461,
                    "seed_transpiler": 0
                  },
                  {
                    "run_id": "run_7c5ba045ac518128cf91cc555bbfd803a904fdff16260d9f30f2d8909e6eb99b",
                    "score": 0.9298082461,
                    "seed_transpiler": 1
                  },
                  {
                    "run_id": "run_9ff83923cff0ec38a41675126752fd2dd9fb6f8bc9737d9935d45f38a8e446d4",
                    "score": 0.9298082461,
                    "seed_transpiler": 2
                  }
                ],
                "score_max": 0.9298082461,
                "score_min": 0.9298082461,
                "score_std_population": 0.0,
                "success_rate": 1.0,
                "successful_seeds": [
                  0,
                  1,
                  2
                ]
              },
              "summary_id": "summary_fd6eeae3c4170f72b7de319aeadb0984a911eef9a63101331d6a1021f32cff03"
            },
            {
              "aggregation": {
                "method": "median",
                "sample_count": 3,
                "value": 0.9427468899
              },
              "comparison_with_selected_best": {
                "absolute_regret": 0.0,
                "reference_summary_id": "summary_95fb4ccdcc3b80fb0beb2ffc8878d7cb6cb37c877ce5a483a693ed77a6818a7b",
                "reference_value": 0.9427468899,
                "tied_with_selected_best": true
              },
              "config_id": "o3_default_default",
              "device_id": "ibm_falcon_127",
              "evidence_id": "evidence_374298f10e10e33aea8147019334e431cde3cc89521171a3c1919e44ce206c52",
              "evidence_type": "offline_seed_aggregate",
              "metric": "median_expected_fidelity_across_seeds",
              "provenance": {
                "catalog_id": "qiskit_expected_fidelity_mqt_2_4_v2",
                "dataset_scope": "full",
                "measurement_context": "offline_qiskit_transpilation",
                "source_sha256": "199431a4857b8fbb9718e3d71bc013a086f63629c373dead484e88d12497540c",
                "target_sha256": "5b91130482b02e3029bf550d88ec2cf732b52f023137c0f1ec7e059facb1debd"
              },
              "rank_within_selected_device": 2,
              "run_ids": [
                "run_0e8c59800a505a9c63f991776e6ed5663eac9ba5d38e455874b71ffe04f6da38",
                "run_56df3b74dd13d3abfdbb9c94e7b8e43f890d12e97447c41b3043d00245a41f98",
                "run_63bea0d2f314a723f21dfa9ffa1a1e1d41621b58349b5fcf8ddf9215ddb90f94"
              ],
              "stability": {
                "expected_seeds": [
                  0,
                  1,
                  2
                ],
                "observations": [
                  {
                    "run_id": "run_0e8c59800a505a9c63f991776e6ed5663eac9ba5d38e455874b71ffe04f6da38",
                    "score": 0.9427468899,
                    "seed_transpiler": 0
                  },
                  {
                    "run_id": "run_56df3b74dd13d3abfdbb9c94e7b8e43f890d12e97447c41b3043d00245a41f98",
                    "score": 0.9427468899,
                    "seed_transpiler": 1
                  },
                  {
                    "run_id": "run_63bea0d2f314a723f21dfa9ffa1a1e1d41621b58349b5fcf8ddf9215ddb90f94",
                    "score": 0.9427468899,
                    "seed_transpiler": 2
                  }
                ],
                "score_max": 0.9427468899,
                "score_min": 0.9427468899,
                "score_std_population": 0.0,
                "success_rate": 1.0,
                "successful_seeds": [
                  0,
                  1,
                  2
                ]
              },
              "summary_id": "summary_1223075d4f0a30424b3dd742ca420aaeca6f919f5f0a54c8259dc6db79b56d7f"
            },
            {
              "aggregation": {
                "method": "median",
                "sample_count": 3,
                "value": 0.8901786048
              },
              "comparison_with_selected_best": {
                "absolute_regret": 0.0525682851,
                "reference_summary_id": "summary_95fb4ccdcc3b80fb0beb2ffc8878d7cb6cb37c877ce5a483a693ed77a6818a7b",
                "reference_value": 0.9427468899,
                "tied_with_selected_best": false
              },
              "config_id": "o2_sabre_sabre",
              "device_id": "ibm_falcon_127",
              "evidence_id": "evidence_46d0c1932a2497b8b8564c7c9b6bbd4dd15e146edd1f41da34a4da882ea5e001",
              "evidence_type": "offline_seed_aggregate",
              "metric": "median_expected_fidelity_across_seeds",
              "provenance": {
                "catalog_id": "qiskit_expected_fidelity_mqt_2_4_v2",
                "dataset_scope": "full",
                "measurement_context": "offline_qiskit_transpilation",
                "source_sha256": "199431a4857b8fbb9718e3d71bc013a086f63629c373dead484e88d12497540c",
                "target_sha256": "5b91130482b02e3029bf550d88ec2cf732b52f023137c0f1ec7e059facb1debd"
              },
              "rank_within_selected_device": 3,
              "run_ids": [
                "run_628d08c3aa1ae6913386394318eea02df99767c331c350047534ef2a8e79785e",
                "run_bce051ba5b74c8796b9b0b1f242de84e9a9852dcefdb3dc6b4bd30ca7233387a",
                "run_69f5fb757752dd9ff81181b7ff7615761fd727104f85b53fe03c5d7f0822fdec"
              ],
              "stability": {
                "expected_seeds": [
                  0,
                  1,
                  2
                ],
                "observations": [
                  {
                    "run_id": "run_628d08c3aa1ae6913386394318eea02df99767c331c350047534ef2a8e79785e",
                    "score": 0.8901786048,
                    "seed_transpiler": 0
                  },
                  {
                    "run_id": "run_bce051ba5b74c8796b9b0b1f242de84e9a9852dcefdb3dc6b4bd30ca7233387a",
                    "score": 0.8901786048,
                    "seed_transpiler": 1
                  },
                  {
                    "run_id": "run_69f5fb757752dd9ff81181b7ff7615761fd727104f85b53fe03c5d7f0822fdec",
                    "score": 0.8901786048,
                    "seed_transpiler": 2
                  }
                ],
                "score_max": 0.8901786048,
                "score_min": 0.8901786048,
                "score_std_population": 0.0,
                "success_rate": 1.0,
                "successful_seeds": [
                  0,
                  1,
                  2
                ]
              },
              "summary_id": "summary_156a3283b1c418f1e06e2990035e8dbb303b38bdf9744fb7593a480f5e532a76"
            }
          ],
          "scientific_caveats": [
            {
              "caveat_id": "expected_fidelity_is_estimate",
              "text": "Expected fidelity \u00e8 una stima offline calcolata dal Target sintetico MQT Bench, non una misura ottenuta su hardware reale."
            },
            {
              "caveat_id": "ranking_is_not_causal",
              "text": "Il ranking descrive risultati osservati con catalogo, versioni e seed fissati; non dimostra che una feature del circuito abbia causato la scelta."
            },
            {
              "caveat_id": "closed_candidate_set",
              "text": "L'etichetta vale soltanto tra device compatibili e configurazioni effettivamente valutati in questo protocollo."
            },
            {
              "caveat_id": "constraints_not_applied",
              "text": "Gli esempi offline non applicano vincoli utente; al retrieval i vincoli devono filtrare candidati e configurazioni senza riscrivere la ground truth."
            }
          ]
        }
      }
    ],
    "allowed_evidence_registry": {
      "records": [
        {
          "record_id": "rag_3fc15d69c35cfade39cca440ef4e8f402a7b8870c7ab7d30a53908079518f516",
          "rank": 1,
          "distance": 4.568106738463007,
          "selected_device_id": "quantinuum_h2_56",
          "source_claims": [
            {
              "claim_id": "claim_2b688c5a1edb45cb0dab9150915150388be097e2220229fb3523e7c13d4e76e4",
              "claim_type": "selected_device",
              "evidence_ids": [
                "evidence_6e10f3ae5692baf153f7d2dc479606c68ba0d534893c7d6dd9d87021745de345",
                "evidence_fc6b7aafe7717135b1320fed07ac731f1861d43bd17b2f68b9e53356aaba5db3",
                "evidence_25eeb38b11c3eef1c8f317336d2592112cb2969395bd8580cf82d79cc6adc147",
                "evidence_45d91107440628f4454b711e4326080ab29b4459ed773209667d6b02a604c206",
                "evidence_365108451a9bcab8aa7b3354877b94dd79203fa8f23e4b309e012b24a447b880"
              ],
              "caveat_ids": [
                "expected_fidelity_is_estimate",
                "ranking_is_not_causal",
                "closed_candidate_set"
              ]
            },
            {
              "claim_id": "claim_347daab167a63bcb5dfbf6f29b23a9fe30fd200e2e598be5ad4f8cc88fe78bb4",
              "claim_type": "ranked_configuration",
              "evidence_ids": [
                "evidence_6e10f3ae5692baf153f7d2dc479606c68ba0d534893c7d6dd9d87021745de345"
              ],
              "caveat_ids": [
                "expected_fidelity_is_estimate",
                "ranking_is_not_causal"
              ]
            },
            {
              "claim_id": "claim_de728b9f82c70a4af399a41a448162753f7062bd884435d7d7b8541a4a2622dc",
              "claim_type": "ranked_configuration",
              "evidence_ids": [
                "evidence_1cb19644e557af00d6fad484a93ab4dc2e76ddd8e137ce512fc658329499be8c"
              ],
              "caveat_ids": [
                "expected_fidelity_is_estimate",
                "ranking_is_not_causal"
              ]
            },
            {
              "claim_id": "claim_fd811460a695b7fb348f0af8be08265c9c42e5c7dd2b4f60996a6c5c667dddc5",
              "claim_type": "ranked_configuration",
              "evidence_ids": [
                "evidence_b3eb3dc74f10a9b035a512b76272c97310ba64a8d624fa396fb592abbbfa5453"
              ],
              "caveat_ids": [
                "expected_fidelity_is_estimate",
                "ranking_is_not_causal"
              ]
            }
          ],
          "top_configurations": [
            {
              "rank": 1,
              "device_id": "quantinuum_h2_56",
              "configuration_id": "o2_default_default",
              "claim_id": "claim_347daab167a63bcb5dfbf6f29b23a9fe30fd200e2e598be5ad4f8cc88fe78bb4",
              "evidence_id": "evidence_6e10f3ae5692baf153f7d2dc479606c68ba0d534893c7d6dd9d87021745de345",
              "optimization_level": 2,
              "layout_method": null,
              "routing_method": null,
              "summary_id": "summary_07ae9789e039ebade2dacaa1fc4d3747f156706f5cd09707ab5f17915ce00ada",
              "median_score": 0.9293667258
            },
            {
              "rank": 2,
              "device_id": "quantinuum_h2_56",
              "configuration_id": "o3_default_default",
              "claim_id": "claim_de728b9f82c70a4af399a41a448162753f7062bd884435d7d7b8541a4a2622dc",
              "evidence_id": "evidence_1cb19644e557af00d6fad484a93ab4dc2e76ddd8e137ce512fc658329499be8c",
              "optimization_level": 3,
              "layout_method": null,
              "routing_method": null,
              "summary_id": "summary_6d780bf4ab0b872bef2112ec910f6c5e83bcee34cf777aa70f2dcfb0f0c5ca26",
              "median_score": 0.9293667258
            },
            {
              "rank": 3,
              "device_id": "quantinuum_h2_56",
              "configuration_id": "o2_sabre_sabre",
              "claim_id": "claim_fd811460a695b7fb348f0af8be08265c9c42e5c7dd2b4f60996a6c5c667dddc5",
              "evidence_id": "evidence_b3eb3dc74f10a9b035a512b76272c97310ba64a8d624fa396fb592abbbfa5453",
              "optimization_level": 2,
              "layout_method": "sabre",
              "routing_method": "sabre",
              "summary_id": "summary_f3e265394b7fc7ec7daf0be9f7e9044033bfe4ba904cd776200970cb85f80a6a",
              "median_score": 0.9293667258
            }
          ],
          "evidence": [
            {
              "evidence_id": "evidence_6e10f3ae5692baf153f7d2dc479606c68ba0d534893c7d6dd9d87021745de345",
              "device_id": "quantinuum_h2_56",
              "configuration_id": "o2_default_default",
              "metric": "median_expected_fidelity_across_seeds",
              "value": 0.9293667258,
              "summary_id": "summary_07ae9789e039ebade2dacaa1fc4d3747f156706f5cd09707ab5f17915ce00ada",
              "sample_count": 3
            },
            {
              "evidence_id": "evidence_fc6b7aafe7717135b1320fed07ac731f1861d43bd17b2f68b9e53356aaba5db3",
              "device_id": "ibm_falcon_127",
              "configuration_id": "o2_default_default",
              "metric": "median_expected_fidelity_across_seeds",
              "value": 0.9265890746,
              "summary_id": "summary_34b62f2e7fdfc5dd7f48580eec0ad20dc8c0250fccc5e9bfb9e0957ca8141a72",
              "sample_count": 3
            },
            {
              "evidence_id": "evidence_25eeb38b11c3eef1c8f317336d2592112cb2969395bd8580cf82d79cc6adc147",
              "device_id": "ibm_heron_156",
              "configuration_id": "o3_default_default",
              "metric": "median_expected_fidelity_across_seeds",
              "value": 0.9218659331,
              "summary_id": "summary_a6a8dca87719355cc4c728d70a536b2ecac202cc7b5329a12f22e7272ae92c4f",
              "sample_count": 3
            },
            {
              "evidence_id": "evidence_45d91107440628f4454b711e4326080ab29b4459ed773209667d6b02a604c206",
              "device_id": "ibm_heron_133",
              "configuration_id": "o2_default_default",
              "metric": "median_expected_fidelity_across_seeds",
              "value": 0.9203075618,
              "summary_id": "summary_afb62745fa00675c4a92712957bd9228bd69bf7b4ec6f1b557b1766fe9992a87",
              "sample_count": 3
            },
            {
              "evidence_id": "evidence_365108451a9bcab8aa7b3354877b94dd79203fa8f23e4b309e012b24a447b880",
              "device_id": "ibm_falcon_27",
              "configuration_id": "o3_default_default",
              "metric": "median_expected_fidelity_across_seeds",
              "value": 0.9105135319,
              "summary_id": "summary_e5ec0766c984c8c1f14094917436ced8eda1826b3c04513c8f7f18e00a9da747",
              "sample_count": 3
            },
            {
              "evidence_id": "evidence_1cb19644e557af00d6fad484a93ab4dc2e76ddd8e137ce512fc658329499be8c",
              "device_id": "quantinuum_h2_56",
              "configuration_id": "o3_default_default",
              "metric": "median_expected_fidelity_across_seeds",
              "value": 0.9293667258,
              "summary_id": "summary_6d780bf4ab0b872bef2112ec910f6c5e83bcee34cf777aa70f2dcfb0f0c5ca26",
              "sample_count": 3
            },
            {
              "evidence_id": "evidence_b3eb3dc74f10a9b035a512b76272c97310ba64a8d624fa396fb592abbbfa5453",
              "device_id": "quantinuum_h2_56",
              "configuration_id": "o2_sabre_sabre",
              "metric": "median_expected_fidelity_across_seeds",
              "value": 0.9293667258,
              "summary_id": "summary_f3e265394b7fc7ec7daf0be9f7e9044033bfe4ba904cd776200970cb85f80a6a",
              "sample_count": 3
            }
          ],
          "caveats": [
            {
              "caveat_id": "expected_fidelity_is_estimate",
              "text": "Expected fidelity \u00e8 una stima offline calcolata dal Target sintetico MQT Bench, non una misura ottenuta su hardware reale."
            },
            {
              "caveat_id": "ranking_is_not_causal",
              "text": "Il ranking descrive risultati osservati con catalogo, versioni e seed fissati; non dimostra che una feature del circuito abbia causato la scelta."
            },
            {
              "caveat_id": "closed_candidate_set",
              "text": "L'etichetta vale soltanto tra device compatibili e configurazioni effettivamente valutati in questo protocollo."
            },
            {
              "caveat_id": "constraints_not_applied",
              "text": "Gli esempi offline non applicano vincoli utente; al retrieval i vincoli devono filtrare candidati e configurazioni senza riscrivere la ground truth."
            }
          ]
        },
        {
          "record_id": "rag_80a90838fc07aebd209ae9b10fdfad21d21a672b73ed60ecd2e6e8e42f559bd4",
          "rank": 2,
          "distance": 4.568106738463007,
          "selected_device_id": "quantinuum_h2_56",
          "source_claims": [
            {
              "claim_id": "claim_aefed3accf93e9fe926feb3f63857140048bfbde07f6d7934eb9975ed5160b54",
              "claim_type": "selected_device",
              "evidence_ids": [
                "evidence_6a58d71634474fdfa5b3f4c4392d7f5e759cec5630a926d1e66eebc7c608643c",
                "evidence_bc2f6a8e5c9b06eebfbdb9b46ab1b4d3d072933bb388ef3a1488313220da1602",
                "evidence_8ffc6e53858bc8db0a4e8f369aaaed1d6100c1e20f98860a21a64859ab527789",
                "evidence_ca906d44bf3ada317577ae03c7919314a82b93c1b178c70b9cab6872b43552a7",
                "evidence_ea1c991be7be76370a65ce0a31b9cd5900168fbd2f25bfe5cac5323ffdd03e5e"
              ],
              "caveat_ids": [
                "expected_fidelity_is_estimate",
                "ranking_is_not_causal",
                "closed_candidate_set"
              ]
            },
            {
              "claim_id": "claim_276cf9a9cef4548d35e2b86aac75a469797be51d01d533b287167f87daab8d87",
              "claim_type": "ranked_configuration",
              "evidence_ids": [
                "evidence_6a58d71634474fdfa5b3f4c4392d7f5e759cec5630a926d1e66eebc7c608643c"
              ],
              "caveat_ids": [
                "expected_fidelity_is_estimate",
                "ranking_is_not_causal"
              ]
            },
            {
              "claim_id": "claim_02604c087f5361cac1d3611ca02db2f4add7cdc8cbe90276c5e472c87dd6cffe",
              "claim_type": "ranked_configuration",
              "evidence_ids": [
                "evidence_30b32a90e2c37db409d2bf9395168ad5b469b9c295ac650203826ddbf351258d"
              ],
              "caveat_ids": [
                "expected_fidelity_is_estimate",
                "ranking_is_not_causal"
              ]
            },
            {
              "claim_id": "claim_5231d8d660078c5cf8e697b9b075be7caa55f6fc69d7c40af00e99ebcec72429",
              "claim_type": "ranked_configuration",
              "evidence_ids": [
                "evidence_940f8bf340c226882b8bbdc15ad83ac43e7379b39bc519d1af796308e74f8174"
              ],
              "caveat_ids": [
                "expected_fidelity_is_estimate",
                "ranking_is_not_causal"
              ]
            }
          ],
          "top_configurations": [
            {
              "rank": 1,
              "device_id": "quantinuum_h2_56",
              "configuration_id": "o2_default_default",
              "claim_id": "claim_276cf9a9cef4548d35e2b86aac75a469797be51d01d533b287167f87daab8d87",
              "evidence_id": "evidence_6a58d71634474fdfa5b3f4c4392d7f5e759cec5630a926d1e66eebc7c608643c",
              "optimization_level": 2,
              "layout_method": null,
              "routing_method": null,
              "summary_id": "summary_6fe6f803a79737dad947ac4263354d053724591957c4672ef9387c069982e883",
              "median_score": 0.9293667258
            },
            {
              "rank": 2,
              "device_id": "quantinuum_h2_56",
              "configuration_id": "o3_default_default",
              "claim_id": "claim_02604c087f5361cac1d3611ca02db2f4add7cdc8cbe90276c5e472c87dd6cffe",
              "evidence_id": "evidence_30b32a90e2c37db409d2bf9395168ad5b469b9c295ac650203826ddbf351258d",
              "optimization_level": 3,
              "layout_method": null,
              "routing_method": null,
              "summary_id": "summary_2242ea9eb00e2b17f56b994e5b5e7c8c4287afe6270f21cfe5e8d0241ff90565",
              "median_score": 0.9293667258
            },
            {
              "rank": 3,
              "device_id": "quantinuum_h2_56",
              "configuration_id": "o2_sabre_sabre",
              "claim_id": "claim_5231d8d660078c5cf8e697b9b075be7caa55f6fc69d7c40af00e99ebcec72429",
              "evidence_id": "evidence_940f8bf340c226882b8bbdc15ad83ac43e7379b39bc519d1af796308e74f8174",
              "optimization_level": 2,
              "layout_method": "sabre",
              "routing_method": "sabre",
              "summary_id": "summary_dca1472308417a336234370477646769bea922f54b98f74d9475b198c26f83ac",
              "median_score": 0.9293667258
            }
          ],
          "evidence": [
            {
              "evidence_id": "evidence_6a58d71634474fdfa5b3f4c4392d7f5e759cec5630a926d1e66eebc7c608643c",
              "device_id": "quantinuum_h2_56",
              "configuration_id": "o2_default_default",
              "metric": "median_expected_fidelity_across_seeds",
              "value": 0.9293667258,
              "summary_id": "summary_6fe6f803a79737dad947ac4263354d053724591957c4672ef9387c069982e883",
              "sample_count": 3
            },
            {
              "evidence_id": "evidence_bc2f6a8e5c9b06eebfbdb9b46ab1b4d3d072933bb388ef3a1488313220da1602",
              "device_id": "ibm_falcon_127",
              "configuration_id": "o2_default_default",
              "metric": "median_expected_fidelity_across_seeds",
              "value": 0.9266905436,
              "summary_id": "summary_a7acbbe29f2a915ecdccaa7e80011dd0341a0d26582d82e0808499b817191478",
              "sample_count": 3
            },
            {
              "evidence_id": "evidence_8ffc6e53858bc8db0a4e8f369aaaed1d6100c1e20f98860a21a64859ab527789",
              "device_id": "ibm_heron_156",
              "configuration_id": "o3_default_default",
              "metric": "median_expected_fidelity_across_seeds",
              "value": 0.9223036965,
              "summary_id": "summary_9f98e4117910e188e1cf0eec546928bc883c2d373b5a6ec6dbc818d47c2c5d8c",
              "sample_count": 3
            },
            {
              "evidence_id": "evidence_ca906d44bf3ada317577ae03c7919314a82b93c1b178c70b9cab6872b43552a7",
              "device_id": "ibm_heron_133",
              "configuration_id": "o2_default_default",
              "metric": "median_expected_fidelity_across_seeds",
              "value": 0.920663253,
              "summary_id": "summary_f8b66697a29d9c881d4546b3596e69a052a94db48c29f17e09bf482b80493b72",
              "sample_count": 3
            },
            {
              "evidence_id": "evidence_ea1c991be7be76370a65ce0a31b9cd5900168fbd2f25bfe5cac5323ffdd03e5e",
              "device_id": "ibm_falcon_27",
              "configuration_id": "o3_default_default",
              "metric": "median_expected_fidelity_across_seeds",
              "value": 0.910572138,
              "summary_id": "summary_1e02683d4dc9d172c4a0d9410f2ade73bce7f0f5c0c4bd9f7476bcafc335a224",
              "sample_count": 3
            },
            {
              "evidence_id": "evidence_30b32a90e2c37db409d2bf9395168ad5b469b9c295ac650203826ddbf351258d",
              "device_id": "quantinuum_h2_56",
              "configuration_id": "o3_default_default",
              "metric": "median_expected_fidelity_across_seeds",
              "value": 0.9293667258,
              "summary_id": "summary_2242ea9eb00e2b17f56b994e5b5e7c8c4287afe6270f21cfe5e8d0241ff90565",
              "sample_count": 3
            },
            {
              "evidence_id": "evidence_940f8bf340c226882b8bbdc15ad83ac43e7379b39bc519d1af796308e74f8174",
              "device_id": "quantinuum_h2_56",
              "configuration_id": "o2_sabre_sabre",
              "metric": "median_expected_fidelity_across_seeds",
              "value": 0.9293667258,
              "summary_id": "summary_dca1472308417a336234370477646769bea922f54b98f74d9475b198c26f83ac",
              "sample_count": 3
            }
          ],
          "caveats": [
            {
              "caveat_id": "expected_fidelity_is_estimate",
              "text": "Expected fidelity \u00e8 una stima offline calcolata dal Target sintetico MQT Bench, non una misura ottenuta su hardware reale."
            },
            {
              "caveat_id": "ranking_is_not_causal",
              "text": "Il ranking descrive risultati osservati con catalogo, versioni e seed fissati; non dimostra che una feature del circuito abbia causato la scelta."
            },
            {
              "caveat_id": "closed_candidate_set",
              "text": "L'etichetta vale soltanto tra device compatibili e configurazioni effettivamente valutati in questo protocollo."
            },
            {
              "caveat_id": "constraints_not_applied",
              "text": "Gli esempi offline non applicano vincoli utente; al retrieval i vincoli devono filtrare candidati e configurazioni senza riscrivere la ground truth."
            }
          ]
        },
        {
          "record_id": "rag_b7fd0e6e1c4fd6fbb3e4e3a4644b37a7560e135b22cddb018dcf983fac5ec2da",
          "rank": 3,
          "distance": 4.576498141345151,
          "selected_device_id": "ibm_falcon_127",
          "source_claims": [
            {
              "claim_id": "claim_1938a71b18933d946377f66aa5e745c6d33234b8c2c295b7687745fbfd811634",
              "claim_type": "selected_device",
              "evidence_ids": [
                "evidence_b8847089c914cf5fa9dd0c7f55cb588f60d895e45cbfdc8e44037e1c8a351497",
                "evidence_f1dd8db1b125fcf142c3357a71e7b1cdf2f79722f27df0daad43831c72a1224c",
                "evidence_5487316613a3d3152e808396e08f155f62a252538e834a3200b85dc7596c9227",
                "evidence_2a9c370c37e8d06f200110124dfee7c1649fe79c6daf08e35095aa6954174948",
                "evidence_f6c85fb090e57ea62bdb07150c6fa862163a8a68976751db5740ff82e13ee9e1"
              ],
              "caveat_ids": [
                "expected_fidelity_is_estimate",
                "ranking_is_not_causal",
                "closed_candidate_set"
              ]
            },
            {
              "claim_id": "claim_27757171ebb52a85e23eea2fd3fe263428749cc432dfe81f7d4f087e5edb0e0c",
              "claim_type": "ranked_configuration",
              "evidence_ids": [
                "evidence_b8847089c914cf5fa9dd0c7f55cb588f60d895e45cbfdc8e44037e1c8a351497"
              ],
              "caveat_ids": [
                "expected_fidelity_is_estimate",
                "ranking_is_not_causal"
              ]
            },
            {
              "claim_id": "claim_d45f9c623dd282eae4bfee9c26834adc680c7edf85f5fdac51b3838c3a861ab4",
              "claim_type": "ranked_configuration",
              "evidence_ids": [
                "evidence_256e5f01bdfcc91747d15305db56967c68f94bdb600bb6c1c52c7762d9b06c25"
              ],
              "caveat_ids": [
                "expected_fidelity_is_estimate",
                "ranking_is_not_causal"
              ]
            },
            {
              "claim_id": "claim_3472a410eecf55bd2c95d3f5ad6da9d7b33e871cb6bf5e3e9bace4066d1a1cd0",
              "claim_type": "ranked_configuration",
              "evidence_ids": [
                "evidence_ef400805b38529aab730478902bd8ac013e5837860a352a479f47da7590a54ea"
              ],
              "caveat_ids": [
                "expected_fidelity_is_estimate",
                "ranking_is_not_causal"
              ]
            }
          ],
          "top_configurations": [
            {
              "rank": 1,
              "device_id": "ibm_falcon_127",
              "configuration_id": "o2_default_default",
              "claim_id": "claim_27757171ebb52a85e23eea2fd3fe263428749cc432dfe81f7d4f087e5edb0e0c",
              "evidence_id": "evidence_b8847089c914cf5fa9dd0c7f55cb588f60d895e45cbfdc8e44037e1c8a351497",
              "optimization_level": 2,
              "layout_method": null,
              "routing_method": null,
              "summary_id": "summary_5f7967f7244172df164037653d1cdff3aeaeb414622bf908f0a4beaae65ca8f6",
              "median_score": 0.937527333
            },
            {
              "rank": 2,
              "device_id": "ibm_falcon_127",
              "configuration_id": "o3_default_default",
              "claim_id": "claim_d45f9c623dd282eae4bfee9c26834adc680c7edf85f5fdac51b3838c3a861ab4",
              "evidence_id": "evidence_256e5f01bdfcc91747d15305db56967c68f94bdb600bb6c1c52c7762d9b06c25",
              "optimization_level": 3,
              "layout_method": null,
              "routing_method": null,
              "summary_id": "summary_c8951faad10217849403450c8cc632f1e9833b8687be0f94597789be32666f04",
              "median_score": 0.937527333
            },
            {
              "rank": 3,
              "device_id": "ibm_falcon_127",
              "configuration_id": "o2_sabre_sabre",
              "claim_id": "claim_3472a410eecf55bd2c95d3f5ad6da9d7b33e871cb6bf5e3e9bace4066d1a1cd0",
              "evidence_id": "evidence_ef400805b38529aab730478902bd8ac013e5837860a352a479f47da7590a54ea",
              "optimization_level": 2,
              "layout_method": "sabre",
              "routing_method": "sabre",
              "summary_id": "summary_426753c6876f58ada241b7dcdd5b0d7c9eb5fbd8260bb628d938a3551ee8fcfb",
              "median_score": 0.8853258948
            }
          ],
          "evidence": [
            {
              "evidence_id": "evidence_b8847089c914cf5fa9dd0c7f55cb588f60d895e45cbfdc8e44037e1c8a351497",
              "device_id": "ibm_falcon_127",
              "configuration_id": "o2_default_default",
              "metric": "median_expected_fidelity_across_seeds",
              "value": 0.937527333,
              "summary_id": "summary_5f7967f7244172df164037653d1cdff3aeaeb414622bf908f0a4beaae65ca8f6",
              "sample_count": 3
            },
            {
              "evidence_id": "evidence_f1dd8db1b125fcf142c3357a71e7b1cdf2f79722f27df0daad43831c72a1224c",
              "device_id": "quantinuum_h2_56",
              "configuration_id": "o2_default_default",
              "metric": "median_expected_fidelity_across_seeds",
              "value": 0.9338695847,
              "summary_id": "summary_305d01271c0f392e59964089c185332012c2157cba6b8c0fbf911a541446a978",
              "sample_count": 3
            },
            {
              "evidence_id": "evidence_5487316613a3d3152e808396e08f155f62a252538e834a3200b85dc7596c9227",
              "device_id": "ibm_heron_156",
              "configuration_id": "o3_default_default",
              "metric": "median_expected_fidelity_across_seeds",
              "value": 0.9274382492,
              "summary_id": "summary_e970b5b50d10be68d8c1278d8e87ff212fe1a76c6301a751f3dd11564b2fe2df",
              "sample_count": 3
            },
            {
              "evidence_id": "evidence_2a9c370c37e8d06f200110124dfee7c1649fe79c6daf08e35095aa6954174948",
              "device_id": "ibm_heron_133",
              "configuration_id": "o2_default_default",
              "metric": "median_expected_fidelity_across_seeds",
              "value": 0.9256998688,
              "summary_id": "summary_d238af43b27af67ab6cc25a75e2bbadb1d6da35557d3dbfcf50333d0c1fc6ef9",
              "sample_count": 3
            },
            {
              "evidence_id": "evidence_f6c85fb090e57ea62bdb07150c6fa862163a8a68976751db5740ff82e13ee9e1",
              "device_id": "ibm_falcon_27",
              "configuration_id": "o2_default_default",
              "metric": "median_expected_fidelity_across_seeds",
              "value": 0.9236284313,
              "summary_id": "summary_e5879a156f0c2597deb65a5e4f20184f9d0558545cb1f6641618bd8e9a09bdea",
              "sample_count": 3
            },
            {
              "evidence_id": "evidence_256e5f01bdfcc91747d15305db56967c68f94bdb600bb6c1c52c7762d9b06c25",
              "device_id": "ibm_falcon_127",
              "configuration_id": "o3_default_default",
              "metric": "median_expected_fidelity_across_seeds",
              "value": 0.937527333,
              "summary_id": "summary_c8951faad10217849403450c8cc632f1e9833b8687be0f94597789be32666f04",
              "sample_count": 3
            },
            {
              "evidence_id": "evidence_ef400805b38529aab730478902bd8ac013e5837860a352a479f47da7590a54ea",
              "device_id": "ibm_falcon_127",
              "configuration_id": "o2_sabre_sabre",
              "metric": "median_expected_fidelity_across_seeds",
              "value": 0.8853258948,
              "summary_id": "summary_426753c6876f58ada241b7dcdd5b0d7c9eb5fbd8260bb628d938a3551ee8fcfb",
              "sample_count": 3
            }
          ],
          "caveats": [
            {
              "caveat_id": "expected_fidelity_is_estimate",
              "text": "Expected fidelity \u00e8 una stima offline calcolata dal Target sintetico MQT Bench, non una misura ottenuta su hardware reale."
            },
            {
              "caveat_id": "ranking_is_not_causal",
              "text": "Il ranking descrive risultati osservati con catalogo, versioni e seed fissati; non dimostra che una feature del circuito abbia causato la scelta."
            },
            {
              "caveat_id": "closed_candidate_set",
              "text": "L'etichetta vale soltanto tra device compatibili e configurazioni effettivamente valutati in questo protocollo."
            },
            {
              "caveat_id": "constraints_not_applied",
              "text": "Gli esempi offline non applicano vincoli utente; al retrieval i vincoli devono filtrare candidati e configurazioni senza riscrivere la ground truth."
            }
          ]
        },
        {
          "record_id": "rag_fbfe56de23b6f65b7009e212d833218cc17f54c0b922a91f7f24b19aa2d5c5f3",
          "rank": 4,
          "distance": 4.576498141345151,
          "selected_device_id": "ibm_falcon_127",
          "source_claims": [
            {
              "claim_id": "claim_4372b76b9861d18c4835b80aba7ec4081296518c4f08172e617bfd97670688e8",
              "claim_type": "selected_device",
              "evidence_ids": [
                "evidence_7773cbf82e2df7a30f3c285cc479645d3279a0afddbf189d40a2e799d9ed8da2",
                "evidence_ea13c4d14c1b6e832d284a883428cc0b09a7c709ff06cced8cadd19799076920",
                "evidence_175c35e40ee4d75ce67e4ca980c34150db936655e146e086f83f110620af0b42",
                "evidence_16d558fd9425de6c0ad956cb2c4a193c0558411cca0cd175a393ea64b3eb9f22",
                "evidence_7d29199662646e20305f65e477317364a8b2116f896b1f3386ca1bcb32f81710"
              ],
              "caveat_ids": [
                "expected_fidelity_is_estimate",
                "ranking_is_not_causal",
                "closed_candidate_set"
              ]
            },
            {
              "claim_id": "claim_b718e0cf05319ef14e99cf0a8234c7d2a59b583dacc469f4d81b614d23ad4107",
              "claim_type": "ranked_configuration",
              "evidence_ids": [
                "evidence_7773cbf82e2df7a30f3c285cc479645d3279a0afddbf189d40a2e799d9ed8da2"
              ],
              "caveat_ids": [
                "expected_fidelity_is_estimate",
                "ranking_is_not_causal"
              ]
            },
            {
              "claim_id": "claim_edc4bfe11ef63544d4b8f873808f7d5d57407a40f7a148f3784ae7138d94a5f6",
              "claim_type": "ranked_configuration",
              "evidence_ids": [
                "evidence_334d8a797c40875ad4160aedf4a517860e5436670659fdcbf2a4a5fbc81e7e71"
              ],
              "caveat_ids": [
                "expected_fidelity_is_estimate",
                "ranking_is_not_causal"
              ]
            },
            {
              "claim_id": "claim_f5778a9a6edd029e857d8d4a2683730da2e9821c6bdb06e9078f9d3b7c19af74",
              "claim_type": "ranked_configuration",
              "evidence_ids": [
                "evidence_bc1a97a908c86f0aa1dad31e3018cf5dacf2ccd53c6bc8b684613bfd8b045a34"
              ],
              "caveat_ids": [
                "expected_fidelity_is_estimate",
                "ranking_is_not_causal"
              ]
            }
          ],
          "top_configurations": [
            {
              "rank": 1,
              "device_id": "ibm_falcon_127",
              "configuration_id": "o2_default_default",
              "claim_id": "claim_b718e0cf05319ef14e99cf0a8234c7d2a59b583dacc469f4d81b614d23ad4107",
              "evidence_id": "evidence_7773cbf82e2df7a30f3c285cc479645d3279a0afddbf189d40a2e799d9ed8da2",
              "optimization_level": 2,
              "layout_method": null,
              "routing_method": null,
              "summary_id": "summary_f6fb1ce3c9e2e3ee24738c702d7133dc2edbe15026727a7d45215c16659a537f",
              "median_score": 0.9374161798
            },
            {
              "rank": 2,
              "device_id": "ibm_falcon_127",
              "configuration_id": "o3_default_default",
              "claim_id": "claim_edc4bfe11ef63544d4b8f873808f7d5d57407a40f7a148f3784ae7138d94a5f6",
              "evidence_id": "evidence_334d8a797c40875ad4160aedf4a517860e5436670659fdcbf2a4a5fbc81e7e71",
              "optimization_level": 3,
              "layout_method": null,
              "routing_method": null,
              "summary_id": "summary_b30d8e7a318f42dfd32e193d06f09dc4bb15e2681618690f256d708b8667e50a",
              "median_score": 0.9374161798
            },
            {
              "rank": 3,
              "device_id": "ibm_falcon_127",
              "configuration_id": "o2_sabre_sabre",
              "claim_id": "claim_f5778a9a6edd029e857d8d4a2683730da2e9821c6bdb06e9078f9d3b7c19af74",
              "evidence_id": "evidence_bc1a97a908c86f0aa1dad31e3018cf5dacf2ccd53c6bc8b684613bfd8b045a34",
              "optimization_level": 2,
              "layout_method": "sabre",
              "routing_method": "sabre",
              "summary_id": "summary_4de412a7a930b0632c932af0c4905cdf62173398b6445ab2a560f050c203f5c3",
              "median_score": 0.8852506992
            }
          ],
          "evidence": [
            {
              "evidence_id": "evidence_7773cbf82e2df7a30f3c285cc479645d3279a0afddbf189d40a2e799d9ed8da2",
              "device_id": "ibm_falcon_127",
              "configuration_id": "o2_default_default",
              "metric": "median_expected_fidelity_across_seeds",
              "value": 0.9374161798,
              "summary_id": "summary_f6fb1ce3c9e2e3ee24738c702d7133dc2edbe15026727a7d45215c16659a537f",
              "sample_count": 3
            },
            {
              "evidence_id": "evidence_ea13c4d14c1b6e832d284a883428cc0b09a7c709ff06cced8cadd19799076920",
              "device_id": "quantinuum_h2_56",
              "configuration_id": "o2_default_default",
              "metric": "median_expected_fidelity_across_seeds",
              "value": 0.9337855389,
              "summary_id": "summary_c476c6549aafe8865fdb637a46adcf1f70efc10c314d9ac6a71a41e69019696e",
              "sample_count": 3
            },
            {
              "evidence_id": "evidence_175c35e40ee4d75ce67e4ca980c34150db936655e146e086f83f110620af0b42",
              "device_id": "ibm_heron_156",
              "configuration_id": "o3_default_default",
              "metric": "median_expected_fidelity_across_seeds",
              "value": 0.9273627688,
              "summary_id": "summary_edd73630e4e00a25867da5c1ff651cddf49837f885b14a1134b1a5676d1ca534",
              "sample_count": 3
            },
            {
              "evidence_id": "evidence_16d558fd9425de6c0ad956cb2c4a193c0558411cca0cd175a393ea64b3eb9f22",
              "device_id": "ibm_heron_133",
              "configuration_id": "o2_default_default",
              "metric": "median_expected_fidelity_across_seeds",
              "value": 0.9255298769,
              "summary_id": "summary_d49accd040548d7574e80319070336e95fce335f98f952f4fbfc29267b58debf",
              "sample_count": 3
            },
            {
              "evidence_id": "evidence_7d29199662646e20305f65e477317364a8b2116f896b1f3386ca1bcb32f81710",
              "device_id": "ibm_falcon_27",
              "configuration_id": "o2_default_default",
              "metric": "median_expected_fidelity_across_seeds",
              "value": 0.9235256185,
              "summary_id": "summary_e14023b779ff67b9d8fccfb394685ca9ec2ac375f93913b179a8b689412b38bd",
              "sample_count": 3
            },
            {
              "evidence_id": "evidence_334d8a797c40875ad4160aedf4a517860e5436670659fdcbf2a4a5fbc81e7e71",
              "device_id": "ibm_falcon_127",
              "configuration_id": "o3_default_default",
              "metric": "median_expected_fidelity_across_seeds",
              "value": 0.9374161798,
              "summary_id": "summary_b30d8e7a318f42dfd32e193d06f09dc4bb15e2681618690f256d708b8667e50a",
              "sample_count": 3
            },
            {
              "evidence_id": "evidence_bc1a97a908c86f0aa1dad31e3018cf5dacf2ccd53c6bc8b684613bfd8b045a34",
              "device_id": "ibm_falcon_127",
              "configuration_id": "o2_sabre_sabre",
              "metric": "median_expected_fidelity_across_seeds",
              "value": 0.8852506992,
              "summary_id": "summary_4de412a7a930b0632c932af0c4905cdf62173398b6445ab2a560f050c203f5c3",
              "sample_count": 3
            }
          ],
          "caveats": [
            {
              "caveat_id": "expected_fidelity_is_estimate",
              "text": "Expected fidelity \u00e8 una stima offline calcolata dal Target sintetico MQT Bench, non una misura ottenuta su hardware reale."
            },
            {
              "caveat_id": "ranking_is_not_causal",
              "text": "Il ranking descrive risultati osservati con catalogo, versioni e seed fissati; non dimostra che una feature del circuito abbia causato la scelta."
            },
            {
              "caveat_id": "closed_candidate_set",
              "text": "L'etichetta vale soltanto tra device compatibili e configurazioni effettivamente valutati in questo protocollo."
            },
            {
              "caveat_id": "constraints_not_applied",
              "text": "Gli esempi offline non applicano vincoli utente; al retrieval i vincoli devono filtrare candidati e configurazioni senza riscrivere la ground truth."
            }
          ]
        },
        {
          "record_id": "rag_0f8f2d2038b1c3306d17cb4bde98a2a037df93584cb82476179a88f91216d123",
          "rank": 5,
          "distance": 4.585133806805965,
          "selected_device_id": "ibm_falcon_127",
          "source_claims": [
            {
              "claim_id": "claim_bfa129bf812b9cc5dc09a75d777cacc0f021d6912f805271b863f849e35e5893",
              "claim_type": "selected_device",
              "evidence_ids": [
                "evidence_9fda0b360446759f835083a8924aa738eefc93624ede4bb65d0877918bd20615",
                "evidence_263d9a5fbe7fd5d3fbb9b9765925e6725ff29a3a0a433f3e01ec3b8cb26ca724",
                "evidence_fbe66d8ca6b4b6bd4a0fe80d183f0fe687c8de42a3d367b0e095c0f86906ea2d",
                "evidence_c21417dce9607a0c30ab52f1696e4a2ecf17a05455e899f056fdddc494256974",
                "evidence_14ebada9054553b47815ee06898dffd21848ef4e24f5417a7b2b6ced6f36832c"
              ],
              "caveat_ids": [
                "expected_fidelity_is_estimate",
                "ranking_is_not_causal",
                "closed_candidate_set"
              ]
            },
            {
              "claim_id": "claim_66a85dc23e28d79119e9c832c305d3bd741672fd9f61cf4d59d24e538df4e2ff",
              "claim_type": "ranked_configuration",
              "evidence_ids": [
                "evidence_9fda0b360446759f835083a8924aa738eefc93624ede4bb65d0877918bd20615"
              ],
              "caveat_ids": [
                "expected_fidelity_is_estimate",
                "ranking_is_not_causal"
              ]
            },
            {
              "claim_id": "claim_c4066461bc459e1eac342908a14eba675d3e4b538b2319e6b66d19bd9253ade7",
              "claim_type": "ranked_configuration",
              "evidence_ids": [
                "evidence_374298f10e10e33aea8147019334e431cde3cc89521171a3c1919e44ce206c52"
              ],
              "caveat_ids": [
                "expected_fidelity_is_estimate",
                "ranking_is_not_causal"
              ]
            },
            {
              "claim_id": "claim_5a3e8f69422c6c5fe673210592ace2e63d5ca724997592a8bfc42ec00e0ab4c7",
              "claim_type": "ranked_configuration",
              "evidence_ids": [
                "evidence_46d0c1932a2497b8b8564c7c9b6bbd4dd15e146edd1f41da34a4da882ea5e001"
              ],
              "caveat_ids": [
                "expected_fidelity_is_estimate",
                "ranking_is_not_causal"
              ]
            }
          ],
          "top_configurations": [
            {
              "rank": 1,
              "device_id": "ibm_falcon_127",
              "configuration_id": "o2_default_default",
              "claim_id": "claim_66a85dc23e28d79119e9c832c305d3bd741672fd9f61cf4d59d24e538df4e2ff",
              "evidence_id": "evidence_9fda0b360446759f835083a8924aa738eefc93624ede4bb65d0877918bd20615",
              "optimization_level": 2,
              "layout_method": null,
              "routing_method": null,
              "summary_id": "summary_95fb4ccdcc3b80fb0beb2ffc8878d7cb6cb37c877ce5a483a693ed77a6818a7b",
              "median_score": 0.9427468899
            },
            {
              "rank": 2,
              "device_id": "ibm_falcon_127",
              "configuration_id": "o3_default_default",
              "claim_id": "claim_c4066461bc459e1eac342908a14eba675d3e4b538b2319e6b66d19bd9253ade7",
              "evidence_id": "evidence_374298f10e10e33aea8147019334e431cde3cc89521171a3c1919e44ce206c52",
              "optimization_level": 3,
              "layout_method": null,
              "routing_method": null,
              "summary_id": "summary_1223075d4f0a30424b3dd742ca420aaeca6f919f5f0a54c8259dc6db79b56d7f",
              "median_score": 0.9427468899
            },
            {
              "rank": 3,
              "device_id": "ibm_falcon_127",
              "configuration_id": "o2_sabre_sabre",
              "claim_id": "claim_5a3e8f69422c6c5fe673210592ace2e63d5ca724997592a8bfc42ec00e0ab4c7",
              "evidence_id": "evidence_46d0c1932a2497b8b8564c7c9b6bbd4dd15e146edd1f41da34a4da882ea5e001",
              "optimization_level": 2,
              "layout_method": "sabre",
              "routing_method": "sabre",
              "summary_id": "summary_156a3283b1c418f1e06e2990035e8dbb303b38bdf9744fb7593a480f5e532a76",
              "median_score": 0.8901786048
            }
          ],
          "evidence": [
            {
              "evidence_id": "evidence_9fda0b360446759f835083a8924aa738eefc93624ede4bb65d0877918bd20615",
              "device_id": "ibm_falcon_127",
              "configuration_id": "o2_default_default",
              "metric": "median_expected_fidelity_across_seeds",
              "value": 0.9427468899,
              "summary_id": "summary_95fb4ccdcc3b80fb0beb2ffc8878d7cb6cb37c877ce5a483a693ed77a6818a7b",
              "sample_count": 3
            },
            {
              "evidence_id": "evidence_263d9a5fbe7fd5d3fbb9b9765925e6725ff29a3a0a433f3e01ec3b8cb26ca724",
              "device_id": "quantinuum_h2_56",
              "configuration_id": "o2_default_default",
              "metric": "median_expected_fidelity_across_seeds",
              "value": 0.9383942603,
              "summary_id": "summary_717267a32322fd02833c94dcbb913b1fa9e58ca3093ad351e22d3d61fdc6991a",
              "sample_count": 3
            },
            {
              "evidence_id": "evidence_fbe66d8ca6b4b6bd4a0fe80d183f0fe687c8de42a3d367b0e095c0f86906ea2d",
              "device_id": "ibm_heron_156",
              "configuration_id": "o3_default_default",
              "metric": "median_expected_fidelity_across_seeds",
              "value": 0.9313870378,
              "summary_id": "summary_8a965e02790998d3bdfcb788e33441870b11945b255d49e1fd123ca9f7a8e49b",
              "sample_count": 3
            },
            {
              "evidence_id": "evidence_c21417dce9607a0c30ab52f1696e4a2ecf17a05455e899f056fdddc494256974",
              "device_id": "ibm_heron_133",
              "configuration_id": "o2_default_default",
              "metric": "median_expected_fidelity_across_seeds",
              "value": 0.929988199,
              "summary_id": "summary_df1c25bf536579d51802b157bf5ca8645095bdbc0c9a1c7a4c4e21978e2a41f9",
              "sample_count": 3
            },
            {
              "evidence_id": "evidence_14ebada9054553b47815ee06898dffd21848ef4e24f5417a7b2b6ced6f36832c",
              "device_id": "ibm_falcon_27",
              "configuration_id": "o2_default_default",
              "metric": "median_expected_fidelity_across_seeds",
              "value": 0.9298082461,
              "summary_id": "summary_fd6eeae3c4170f72b7de319aeadb0984a911eef9a63101331d6a1021f32cff03",
              "sample_count": 3
            },
            {
              "evidence_id": "evidence_374298f10e10e33aea8147019334e431cde3cc89521171a3c1919e44ce206c52",
              "device_id": "ibm_falcon_127",
              "configuration_id": "o3_default_default",
              "metric": "median_expected_fidelity_across_seeds",
              "value": 0.9427468899,
              "summary_id": "summary_1223075d4f0a30424b3dd742ca420aaeca6f919f5f0a54c8259dc6db79b56d7f",
              "sample_count": 3
            },
            {
              "evidence_id": "evidence_46d0c1932a2497b8b8564c7c9b6bbd4dd15e146edd1f41da34a4da882ea5e001",
              "device_id": "ibm_falcon_127",
              "configuration_id": "o2_sabre_sabre",
              "metric": "median_expected_fidelity_across_seeds",
              "value": 0.8901786048,
              "summary_id": "summary_156a3283b1c418f1e06e2990035e8dbb303b38bdf9744fb7593a480f5e532a76",
              "sample_count": 3
            }
          ],
          "caveats": [
            {
              "caveat_id": "expected_fidelity_is_estimate",
              "text": "Expected fidelity \u00e8 una stima offline calcolata dal Target sintetico MQT Bench, non una misura ottenuta su hardware reale."
            },
            {
              "caveat_id": "ranking_is_not_causal",
              "text": "Il ranking descrive risultati osservati con catalogo, versioni e seed fissati; non dimostra che una feature del circuito abbia causato la scelta."
            },
            {
              "caveat_id": "closed_candidate_set",
              "text": "L'etichetta vale soltanto tra device compatibili e configurazioni effettivamente valutati in questo protocollo."
            },
            {
              "caveat_id": "constraints_not_applied",
              "text": "Gli esempi offline non applicano vincoli utente; al retrieval i vincoli devono filtrare candidati e configurazioni senza riscrivere la ground truth."
            }
          ]
        }
      ]
    },
    "response_contract": {
      "json_schema": {
        "$schema": "https://json-schema.org/draft/2020-12/schema",
        "$id": "llm_recommendation.schema.json",
        "title": "LLM recommendation",
        "type": "object",
        "additionalProperties": false,
        "required": [
          "schema_version",
          "request_id",
          "catalog_snapshot_id",
          "selected_device",
          "figure_of_merit",
          "compiler",
          "qiskit_plan",
          "evidence_refs",
          "claims"
        ],
        "properties": {
          "schema_version": {
            "const": "2.0.0"
          },
          "request_id": {
            "type": "string",
            "minLength": 1,
            "maxLength": 128
          },
          "catalog_snapshot_id": {
            "type": "string",
            "pattern": "^(hardware_catalog_[0-9a-f]{64}|legacy_unspecified)$"
          },
          "selected_device": {
            "type": "string",
            "pattern": "^[a-z][a-z0-9_]{0,63}$"
          },
          "figure_of_merit": {
            "const": "expected_fidelity"
          },
          "compiler": {
            "const": "qiskit"
          },
          "qiskit_plan": {
            "type": "object",
            "additionalProperties": false,
            "required": [
              "optimization_level",
              "seed_transpiler",
              "layout_method",
              "routing_method"
            ],
            "properties": {
              "optimization_level": {
                "type": "integer",
                "enum": [
                  2,
                  3
                ]
              },
              "seed_transpiler": {
                "type": "integer",
                "minimum": 0,
                "maximum": 4294967295
              },
              "layout_method": {
                "enum": [
                  null,
                  "trivial",
                  "dense",
                  "sabre"
                ]
              },
              "routing_method": {
                "enum": [
                  null,
                  "basic",
                  "lookahead",
                  "sabre"
                ]
              }
            }
          },
          "evidence_refs": {
            "type": "array",
            "maxItems": 32,
            "uniqueItems": true,
            "items": {
              "type": "object",
              "additionalProperties": false,
              "required": [
                "reference_id",
                "record_id",
                "source_type",
                "source_id"
              ],
              "properties": {
                "reference_id": {
                  "type": "string",
                  "minLength": 1,
                  "maxLength": 128
                },
                "record_id": {
                  "type": "string",
                  "minLength": 1,
                  "maxLength": 128
                },
                "source_type": {
                  "enum": [
                    "historical_result",
                    "scientific_caveat"
                  ]
                },
                "source_id": {
                  "type": "string",
                  "minLength": 1,
                  "maxLength": 128
                },
                "source_claim_id": {
                  "type": "string",
                  "minLength": 1,
                  "maxLength": 128
                }
              }
            }
          },
          "claims": {
            "type": "array",
            "minItems": 1,
            "maxItems": 32,
            "uniqueItems": true,
            "items": {
              "type": "object",
              "additionalProperties": false,
              "required": [
                "claim_id",
                "claim_type",
                "parameters",
                "evidence_ref_ids"
              ],
              "properties": {
                "claim_id": {
                  "type": "string",
                  "minLength": 1,
                  "maxLength": 128
                },
                "claim_type": {
                  "enum": [
                    "historical_device_support",
                    "historical_configuration_support",
                    "live_compatibility",
                    "scientific_caveat",
                    "historical_evidence_unavailable"
                  ]
                },
                "parameters": {
                  "type": "object",
                  "additionalProperties": false,
                  "properties": {
                    "device_id": {
                      "type": "string",
                      "pattern": "^[a-z][a-z0-9_]{0,63}$"
                    },
                    "configuration_id": {
                      "type": "string",
                      "minLength": 1,
                      "maxLength": 128
                    },
                    "caveat_id": {
                      "type": "string",
                      "minLength": 1,
                      "maxLength": 128
                    }
                  }
                },
                "evidence_ref_ids": {
                  "type": "array",
                  "maxItems": 32,
                  "uniqueItems": true,
                  "items": {
                    "type": "string",
                    "minLength": 1,
                    "maxLength": 128
                  }
                }
              }
            }
          }
        }
      },
      "required_values": {
        "schema_version": "2.0.0",
        "request_id": "25e1130a-544e-5ba7-905f-67a4318e5af5",
        "catalog_snapshot_id": "hardware_catalog_d1c339c8243cc208ebbf34fa22724ea19bcbe9af0c49b43fc98794e3cfe66dac",
        "selected_device": "one live_request.compatible_hardware[].id",
        "figure_of_merit": "expected_fidelity",
        "compiler": "qiskit",
        "historical_record_ids": [
          "rag_3fc15d69c35cfade39cca440ef4e8f402a7b8870c7ab7d30a53908079518f516",
          "rag_80a90838fc07aebd209ae9b10fdfad21d21a672b73ed60ecd2e6e8e42f559bd4",
          "rag_b7fd0e6e1c4fd6fbb3e4e3a4644b37a7560e135b22cddb018dcf983fac5ec2da",
          "rag_fbfe56de23b6f65b7009e212d833218cc17f54c0b922a91f7f24b19aa2d5c5f3",
          "rag_0f8f2d2038b1c3306d17cb4bde98a2a037df93584cb82476179a88f91216d123"
        ],
        "historical_support_required": true
      }
    },
    "configuration_catalog": {
      "catalog_id": "qiskit_expected_fidelity_mqt_2_4_v2",
      "allowed_configurations": [
        {
          "config_id": "o2_default_default",
          "study": "baseline",
          "optimization_level": 2,
          "layout_method": null,
          "routing_method": null
        },
        {
          "config_id": "o3_default_default",
          "study": "baseline",
          "optimization_level": 3,
          "layout_method": null,
          "routing_method": null
        },
        {
          "config_id": "o2_sabre_sabre",
          "study": "layout",
          "optimization_level": 2,
          "layout_method": "sabre",
          "routing_method": "sabre"
        },
        {
          "config_id": "o2_dense_sabre",
          "study": "layout",
          "optimization_level": 2,
          "layout_method": "dense",
          "routing_method": "sabre"
        },
        {
          "config_id": "o2_trivial_sabre",
          "study": "layout",
          "optimization_level": 2,
          "layout_method": "trivial",
          "routing_method": "sabre"
        },
        {
          "config_id": "o3_sabre_sabre",
          "study": "layout",
          "optimization_level": 3,
          "layout_method": "sabre",
          "routing_method": "sabre"
        },
        {
          "config_id": "o3_dense_sabre",
          "study": "layout",
          "optimization_level": 3,
          "layout_method": "dense",
          "routing_method": "sabre"
        },
        {
          "config_id": "o3_trivial_sabre",
          "study": "layout",
          "optimization_level": 3,
          "layout_method": "trivial",
          "routing_method": "sabre"
        },
        {
          "config_id": "o2_sabre_lookahead",
          "study": "routing",
          "optimization_level": 2,
          "layout_method": "sabre",
          "routing_method": "lookahead"
        },
        {
          "config_id": "o2_sabre_basic",
          "study": "routing",
          "optimization_level": 2,
          "layout_method": "sabre",
          "routing_method": "basic"
        },
        {
          "config_id": "o3_sabre_lookahead",
          "study": "routing",
          "optimization_level": 3,
          "layout_method": "sabre",
          "routing_method": "lookahead"
        },
        {
          "config_id": "o3_sabre_basic",
          "study": "routing",
          "optimization_level": 3,
          "layout_method": "sabre",
          "routing_method": "basic"
        }
      ]
    },
    "previous_validation_errors": [],
    "rules": [
      "Return exactly one JSON object matching the response schema, without Markdown or surrounding text.",
      "Never select unavailable hardware.",
      "Use only a configuration allowed by the selected hardware.",
      "Do not invent hardware, scores, pass traces, or measurements.",
      "Historical labels and evidence are examples, not live ground truth.",
      "Return only structured claims and evidence_refs; do not write explanations, evidence text, warnings, scores, or measurements.",
      "Every historical claim must cite only record, source claim, and evidence ids from allowed_evidence_registry.",
      "When historical records are available, support both the selected device and the exact Qiskit configuration with historical claims, and always include live_compatibility.",
      "When no historical records are available, use historical_evidence_unavailable, no evidence_refs, and always include live_compatibility.",
      "Scientific caveats are resolved and rendered by the application from validated source links.",
      "The final circuit will be produced only by the deterministic compiler."
    ]
  },
  "retrieval_and_prompt_seconds": 5.74793883899838,
  "query_audit": {
    "max_qdrant_score_error": 1.351702074714467e-07
  }
}
