#{"t_start": 1788946560.1669784, "env_id": "None"}
r,l,t
0.934686,3,77.076048
0.980852,3,77.183054
0.0,3,139.728906
0.970221,4,139.839654
0.945179,3,139.917977
0.122886,12,153.679713
0.942233,3,153.756889
0.895137,4,156.923631
0.927559,3,160.430969
0.917313,3,163.565198
0.920098,3,163.659203
0.848314,3,175.658465
0.953733,3,177.991483
0.97276,3,180.212898
0.828546,3,180.31785
0.795636,3,180.408808
0.968418,4,182.636531
0.977148,3,182.706611
0.981117,3,182.785879
0.84308,4,187.026393
0.961727,3,189.842534
0.944756,3,189.924314
0.889348,3,190.002192
0.734057,7,190.839177
0.957029,4,190.941634
0.927567,4,194.034026
0.939751,3,196.923906
0.955221,3,197.0116
0.841463,8,202.237374
0.771771,7,221.038182
0.988212,3,221.110782
0.796615,3,221.204339
0.979353,3,223.459535
0.987945,3,225.593852
0.955279,4,228.467465
0.939747,3,228.637925
0.972643,3,230.746451
0.885327,4,230.866401
0.938366,4,230.976111
0.916293,3,231.056781
0.956541,4,231.164622
0.0,1,291.866842
0.97466,3,294.965552
0.933224,4,295.110054
0.94612,3,300.55034
0.882471,3,305.639235
0.981117,3,305.714964
0.979353,3,307.980927
0.0,3,368.48472
0.976124,3,370.607228
0.950414,4,370.760513
0.943141,3,370.836933
0.993417,3,372.870189
0.0,1,433.21621
0.954019,3,433.357001
0.796161,4,433.484212
0.965718,3,435.844568
0.936512,3,441.446836
0.95988,4,443.703187
0.916593,3,443.791353
0.991749,3,443.861074
0.961727,3,446.650418
0.979059,3,448.962991
0.848314,3,455.412057
0.864192,3,455.511183
0.981265,3,458.547961
0.984215,3,458.625679
0.940428,4,461.267318
0.916241,4,461.406675
0.925,3,464.23416
0.962995,3,464.316616
0.939611,3,467.722628
0.995238,6,469.758454
0.913166,4,474.253012
0.932445,3,477.250374
0.962737,3,481.954033
0.932445,3,484.987772
0.972906,3,487.850561
0.951929,3,487.93011
0.944669,3,493.135758
0.936512,3,495.935852
0.861943,3,500.566884
0.913218,3,500.65642
0.0,3,562.24003
0.967023,3,562.333076
0.991749,3,562.402187
0.889268,3,562.488996
0.95821,3,564.914673
0.957,4,565.027681
0.979528,3,565.105386
0.0,2,626.377954
0.93961,3,631.928476
0.972906,3,634.714935
0.895137,3,634.798864
0.94612,3,640.124946
0.989697,3,642.220652
0.965922,3,644.681749
0.988064,4,649.135016
0.989934,3,651.171094
0.981117,3,651.26357
0.916289,3,651.355282
0.960224,5,653.754596
0.813399,3,660.088787
0.91138,4,660.209917
0.989548,3,662.273224
0.884724,3,670.418256
0.911001,5,673.707742
0.989548,3,677.726996
0.957262,3,682.750957
0.99491,3,684.605938
0.889862,5,688.177824
0.93961,3,690.900287
0.92353,3,696.99704
0.983477,3,697.07196
0.321027,6,702.550727
0.949392,3,705.08263
0.97997,3,709.344378
0.953733,3,711.878104
0.869055,3,711.973124
0.913903,3,712.06026
0.893554,3,712.15789
0.933758,5,712.283225
0.894466,4,712.393495
0.882471,3,717.676616
0.954246,3,717.754703
0.949362,3,717.893775
0.97997,3,720.101781
0.949534,3,722.776864
0.946173,5,722.906819
0.932724,6,733.691468
0.024042,4,734.068739
0.926863,4,737.168424
0.907394,3,737.253797
0.124293,5,737.965515
0.969085,3,738.043111
0.907862,3,741.436854
0.988064,3,743.73883
0.996404,3,745.673227
0.974075,3,748.803469
0.882471,3,758.756591
0.944613,3,761.490752
0.9225,3,761.570534
0.986286,3,763.6313
0.863282,4,769.801391
0.93127,4,769.921945
0.950957,3,770.001435
0.974513,3,772.670027
0.930706,3,774.926916
0.865149,6,775.088792
0.979353,3,779.392509
0.942828,3,779.500615
0.973052,4,784.872874
0.996554,3,784.938785
0.939611,3,788.275935
0.939751,4,790.980561
0.913056,3,798.955077
0.9608,3,799.111026
0.957262,3,804.224289
0.0,1,864.60141
0.978294,4,866.893905
0.907862,3,873.943711
0.904597,6,877.342759
0.958556,3,882.180804
0.981117,3,882.280352
0.992076,4,882.401519
0.947257,3,885.532813
0.988094,4,887.60609
0.970106,3,889.929117
0.866327,4,894.783263
0.848314,5,900.984923
0.984244,4,901.092402
0.970221,4,901.198194
0.974834,3,901.277344
0.989697,3,903.455163
0.939383,3,906.167186
0.988064,3,908.729178
0.962995,3,908.808278
0.936512,4,911.556278
0.959275,3,916.449139
0.972468,3,918.821346
0.97627,3,921.791579
0.979852,3,923.872321
0.024068,6,970.600965
0.967373,3,973.143852
0.963689,3,973.26769
0.988064,3,977.757299
0.951043,3,977.889526
0.975977,3,980.102959
0.988212,3,980.175073
0.74968,12,1000.103482
0.937356,3,1006.668891
0.939383,3,1009.817343
0.907726,3,1017.391507
0.940793,3,1017.481874
0.887859,10,1026.276707
0.848314,5,1037.98072
0.942092,5,1038.285496
0.993745,3,1038.357942
0.911137,7,1075.717479
0.963517,3,1077.931699
0.945209,4,1080.647178
0.975977,3,1085.028616
0.02403,8,1086.103344
0.973929,3,1089.028707
0.977794,3,1089.114289
0.942294,3,1094.948336
0.848314,4,1101.086009
0.939751,3,1103.893475
0.967023,3,1103.966375
0.958556,3,1108.660546
0.97627,3,1111.63246
0.881853,4,1111.74764
0.949392,3,1116.998545
0.848314,5,1123.212524
0.913056,3,1131.178013
0.946003,3,1131.259161
0.0,6,1235.518505
0.94612,3,1239.495608
0.978529,3,1239.578338
0.984451,3,1239.655736
0.910865,3,1242.731243
0.957691,3,1242.815258
0.991987,3,1242.900725
0.976739,3,1243.064239
0.973168,6,1245.444681
0.912095,3,1248.425381
0.95016,3,1248.503682
0.981323,3,1250.604853
0.882471,3,1255.884533
0.779847,3,1256.115746
0.926916,5,1256.433326
0.0,1,1316.944152
0.957376,3,1317.262239
0.979529,3,1319.860098
0.954162,3,1319.941696
0.811304,7,1320.173303
0.957,5,1322.437682
0.996404,4,1324.315799
0.979646,3,1329.185165
0.976855,3,1329.325256
0.989964,3,1329.396715
0.930457,5,1329.533575
0.936199,3,1329.612762
0.991332,3,1331.725852
0.899528,4,1331.842859
0.987916,3,1333.931024
0.942859,4,1336.69732
0.913056,3,1340.58924
0.988064,3,1342.895217
0.920454,3,1342.979937
0.911137,4,1360.4426
0.0,5,1426.654402
0.895808,4,1426.772638
0.917175,4,1430.101462
0.982887,3,1432.2077
0.980587,4,1434.550291
0.910148,3,1434.663861
0.926916,3,1434.744826
0.972468,3,1437.163549
0.894388,3,1440.582972
0.926724,3,1446.489065
0.930706,3,1448.760361
0.110035,20,1535.823516
0.906254,3,1538.859871
0.932445,3,1542.072299
0.944756,3,1542.163123
0.88717,4,1542.273815
0.922666,4,1542.38145
0.349408,14,1571.13538
0.0,12,1673.399371
0.99491,3,1675.177051
0.0,1,1735.866446
0.99491,3,1737.825184
0.828546,3,1737.935185
0.988212,3,1738.008719
0.978381,3,1738.083996
0.872485,3,1741.661672
0.951074,3,1741.749973
0.970659,3,1743.969982
0.922334,4,1746.790709
0.967373,3,1749.269922
0.0,3,1839.287234
0.955624,3,1841.831211
0.962737,3,1844.268903
0.974805,3,1844.379857
0.976768,3,1844.456827
0.9287,3,1844.545943
0.996404,3,1846.528591
0.0,1,1907.220784
0.959275,3,1909.83865
0.902914,3,1913.111809
0.987916,3,1915.366682
0.0,4,1977.802883
0.9299,6,1980.81413
0.939747,3,1980.88977
0.887548,10,1993.25325
0.972906,4,1996.240404
0.980058,3,1996.331656
0.944643,3,1996.414576
0.933285,4,1999.327113
0.913221,3,1999.540854
0.961727,3,2002.304859
0.993656,4,2004.439502
0.946262,3,2009.783224
0.0,2,2071.457488
0.778608,3,2077.34444
0.982887,3,2079.462712
0.984659,3,2081.686383
0.300976,7,2146.206372
0.988064,3,2148.723707
0.97759,4,2153.083076
0.948135,3,2153.165516
0.901615,3,2156.76721
0.993715,5,2156.884215
0.917588,4,2160.422366
0.861788,3,2169.680931
0.936512,3,2172.466435
0.771311,3,2189.19988
0.976739,3,2189.272725
0.964848,4,2192.148178
0.894466,3,2192.260527
0.974075,3,2195.653421
0.951243,3,2195.728653
0.848314,7,2213.345896
0.992076,4,2213.440072
0.907862,3,2219.962184
0.984659,3,2222.91734
0.978352,3,2222.99125
0.771496,7,2244.916406
0.952246,3,2250.407569
0.002941,6,2289.669954
0.930068,3,2295.44115
0.982887,3,2297.905529
0.981676,3,2297.97923
0.984511,5,2300.286143
0.7909,5,2300.43841
0.886074,9,2314.354551
0.882471,3,2324.084461
0.954189,4,2324.191763
0.912506,3,2339.468824
0.98451,3,2339.547199
0.987916,3,2341.753638
0.969698,3,2347.393983
0.961727,3,2352.700168
0.903512,4,2356.622041
0.991332,3,2360.771227
0.975331,3,2362.786414
0.939611,3,2366.273198
0.980676,3,2368.364206
0.0,4,2430.963946
0.947257,3,2433.992319
0.969698,3,2437.487431
0.864786,3,2437.576573
0.944444,3,2437.655144
0.0,4,2500.659747
0.94048,5,2500.799109
0.963197,3,2500.880246
0.024079,5,2545.243782
0.830662,6,2545.424595
0.988983,3,2545.502941
0.940593,3,2545.581625
0.946262,3,2548.368415
0.98451,4,2550.32887
0.913022,3,2550.422334
0.811085,3,2558.092455
0.984541,3,2560.352003
0.926724,3,2566.379932
0.984451,3,2566.458731
0.988568,3,2566.5333
0.984659,3,2569.319324
0.873239,4,2569.453071
0.981117,4,2569.551038
0.973344,4,2571.768123
0.942294,3,2577.66964
0.991481,3,2579.907507
0.979528,3,2579.992405
0.940593,3,2580.070465
0.87089,5,2588.969381
0.904733,3,2592.450066
0.941667,3,2592.523851
0.957662,3,2592.610472
0.755075,3,2599.385273
0.916289,3,2599.472013
0.946003,3,2599.554215
0.991332,3,2601.710714
0.966067,3,2604.058241
0.963922,3,2604.226921
0.913903,3,2604.325211
0.993447,3,2604.398577
0.219901,6,2605.863611
0.832284,3,2605.957925
0.930402,3,2606.042218
0.911137,9,2627.334274
0.963689,3,2629.48188
0.99491,3,2631.447079
0.871358,3,2631.550709
0.90202,3,2634.97776
0.937356,3,2638.304801
0.975097,4,2640.557916
0.979499,3,2642.790057
0.962304,3,2645.594839
0.875477,4,2650.20346
0.972176,3,2653.216832
0.0,1,2713.470686
0.793062,3,2719.187467
0.903675,3,2722.930321
0.939611,3,2729.365741
0.989697,3,2731.472183
0.993715,3,2731.54493
0.882471,3,2736.699004
0.939611,3,2739.829044
0.962593,3,2744.612087
0.928031,3,2747.382926
0.968154,3,2747.517553
0.907862,3,2750.979724
0.959275,3,2753.534626
0.939611,3,2756.998127
0.940653,3,2759.515497
0.988568,3,2759.59062
0.958556,3,2764.123817
0.974806,6,2767.770182
0.565957,3,2768.111399
0.97466,3,2771.299961
0.964444,3,2773.894576
0.755709,4,2780.458054
0.024078,8,2824.282446
0.961727,3,2829.673113
0.918166,4,2829.77689
0.961727,4,2832.633945
0.811085,5,2840.132915
0.975331,3,2842.152741
0.936512,7,2847.648037
0.882471,3,2852.882196
0.979059,3,2857.210302
0.945123,3,2857.293518
0.982739,3,2859.571177
0.982739,3,2861.886733
0.788126,7,2870.306098
0.97759,3,2872.629734
0.939465,4,2874.877836
0.981117,3,2874.95298
0.979264,3,2877.096869
0.903512,3,2880.92027
0.929929,3,2886.795071
0.988064,3,2889.26727
0.989697,3,2891.333668
0.936372,3,2897.158619
0.933588,3,2897.244771
0.913056,3,2901.463485
0.793062,3,2907.220503
0.939611,3,2910.624842
0.961727,3,2913.488525
0.0,3,2975.930625
0.841463,4,2980.809062
0.962852,4,2985.72928
0.980852,3,2985.807745
0.0,6,3049.527323
0.882471,5,3055.145942
0.942828,4,3057.853459
0.94535,3,3057.938391
0.844977,3,3058.289595
0.866327,3,3063.097913
0.99491,3,3066.890527
0.771542,3,3067.009408
0.882471,3,3076.78811
0.970106,4,3079.122229
0.895754,3,3079.211404
0.884884,3,3083.102458
0.930961,3,3085.815092
0.917865,3,3092.63605
0.93831,4,3092.782526
0.939465,4,3092.90414
0.848314,3,3099.314747
0.979059,3,3101.681348
0.982739,3,3103.834403
0.989697,3,3106.172707
0.913903,3,3106.283073
0.956541,3,3106.376832
0.940428,3,3109.024163
0.988123,3,3109.103399
0.962593,3,3113.833441
0.973548,3,3113.91391
0.961727,3,3119.272304
0.983477,3,3119.345546
0.916673,3,3119.430883
0.275079,19,3199.409146
0.873901,3,3207.495147
0.956541,4,3207.599936
0.898128,3,3207.691351
0.978294,3,3209.718988
0.949787,3,3209.800471
0.984244,3,3209.878431
0.882471,3,3214.82131
0.979059,3,3216.985659
0.92353,3,3220.176502
0.961727,3,3222.968905
0.771771,5,3237.254077
0.002921,23,3255.608872
0.951074,4,3255.711215
0.96653,3,3257.968796
0.979852,3,3259.960634
0.942859,3,3265.363577
0.931045,3,3273.493326
0.913056,3,3277.222747
0.981676,3,3279.202467
0.975273,4,3279.308904
0.946262,3,3282.102213
0.942859,3,3284.819455
0.910864,3,3296.831749
0.91322,3,3300.203804
0.884849,5,3300.345536
0.981323,4,3300.444636
0.945663,7,3303.457682
0.971008,4,3305.923343
0.986286,3,3310.134555
0.9608,4,3310.230607
0.952703,4,3312.851351
0.936705,3,3312.931786
0.969756,4,3313.032595
0.972614,3,3315.246464
0.888894,3,3315.331958
0.023746,8,3360.611262
0.979499,3,3364.959786
0.910152,3,3365.048065
0.948021,3,3365.136523
0.993268,3,3369.438272
0.957173,5,3369.558111
0.943001,3,3372.229766
0.854488,3,3372.324851
0.866483,4,3376.566293
0.903512,3,3380.434038
0.812108,5,3386.793732
0.991987,3,3386.868013
0.904733,3,3390.150305
0.630902,8,3429.029149
0.993686,3,3429.109716
0.844247,11,3446.569242
0.967373,3,3449.127858
0.017994,9,3504.048804
0.94212,3,3504.141985
0.987916,4,3506.252639
0.925138,4,3509.046358
0.932613,3,3512.026935
0.925138,3,3514.852011
0.939611,3,3521.24113
0.952129,4,3521.394525
0.949392,4,3524.184723
0.973227,3,3526.557097
0.913056,3,3530.831351
0.987916,3,3535.167857
0.952246,4,3540.914636
0.939611,3,3543.983931
0.941667,4,3544.075938
0.0,4,3627.75236
0.942859,3,3633.231782
0.945123,4,3633.328896
0.828546,3,3633.429573
0.813399,3,3645.225217
0.863489,3,3649.550144
0.956113,3,3652.211852
0.945209,4,4015.657845
0.939611,3,4018.737731
0.975331,4,4020.90063
0.939611,3,4024.029041
0.908105,4,4027.504115
0.969085,3,4027.589381
0.0,5,4088.987465
0.951872,3,4089.080932
0.910152,3,4089.16399
0.911134,4,4092.101753
0.93387,3,4092.212573
0.986226,3,4092.299006
0.903512,3,4096.229855
0.936372,3,4099.058197
0.892884,4,4108.722035
0.942176,3,4108.806001
0.982887,4,4113.33828
0.920347,3,4116.50518
0.979353,3,4120.861509
0.996404,3,4122.735703
0.996823,3,4122.806217
0.972174,4,4122.909153
0.922699,3,4129.778734
0.972262,3,4129.855123
0.967922,3,4129.93097
0.940282,3,4130.110765
0.99491,3,4133.89802
0.848314,3,4145.784523
0.944669,3,4148.363046
0.933145,3,4151.369867
0.946003,4,4154.146739
0.982739,3,4156.306976
0.922473,3,4156.391228
0.917865,3,4163.191303
0.975273,4,4163.292697
0.962737,3,4165.680211
0.981264,4,4167.946661
0.911298,3,4168.162499
0.95988,3,4170.469249
0.992076,3,4170.55187
0.811085,3,4178.177134
0.963922,3,4178.253098
0.927559,3,4184.909228
0.984451,3,4184.992063
0.996404,3,4186.901702
0.967373,4,4191.78516
0.943906,3,4194.413943
0.965369,3,4194.493903
0.933957,3,4197.183656
0.811085,3,4204.809925
0.973227,3,4206.995887
0.0,4,4269.537045
0.97759,3,4274.084584
0.966414,3,4276.387857
0.895137,3,4276.47377
0.882471,3,4286.089782
0.0,9,4371.408891
0.894251,3,4375.112779
0.9225,4,4375.218198
0.959243,3,4375.346844
0.932445,3,4381.599592
0.0,7,4448.418336
0.923112,3,4448.515262
0.99297,3,4450.537466
0.972614,3,4452.90786
0.977794,3,4452.985024
0.890126,3,4453.096625
0.882471,3,4458.084752
0.917366,3,4461.132811
0.947257,3,4466.660578
0.976855,3,4466.802042
0.974075,4,4469.984151
0.99491,3,4471.855753
0.953391,3,4474.932117
0.978089,4,4477.466358
0.947311,3,4477.549054
0.018252,5,4478.346446
0.878132,3,4478.458714
0.908435,3,4481.900765
0.989548,4,4484.0036
0.960223,4,4484.109278
0.99491,3,4485.965296
0.926447,3,4491.901502
0.864786,3,4492.139129
0.991778,3,4494.544563
0.989697,3,4496.677617
0.874161,4,4496.806442
0.932724,5,4507.727119
0.953733,3,4510.244955
0.877496,3,4510.354807
0.96375,3,4517.901481
0.982887,3,4522.130347
0.904733,5,4532.195369
0.898128,3,4532.288124
0.0,1,4592.631681
0.909497,7,4623.903068
0.910148,3,4623.986638
0.819129,3,4628.924098
0.936372,3,4631.887772
0.968709,3,4632.022901
0.979353,3,4634.188073
0.912506,3,4649.684004
0.961727,3,4652.262752
0.960916,3,4654.49461
0.913056,4,4658.598463
0.729534,3,4678.179787
0.996823,3,4678.250714
0.920347,4,4684.392996
0.925194,3,4687.338619
0.884642,3,4687.43085
0.863489,3,4691.923892
0.0,10,4808.616551
0.991481,3,4810.774276
0.972468,3,4813.229214
0.990142,4,4817.824454
0.97466,5,4823.115324
0.0,5,4883.490681
0.857114,3,4883.594609
0.949392,3,4888.863276
0.984659,3,4893.559459
0.963689,3,4893.685577
0.926166,3,4893.781963
0.988064,3,4898.266531
0.972468,3,4900.619219
0.904733,3,4907.341083
0.986107,3,4907.415983
0.947257,3,4912.967795
0.988924,3,4913.043497
0.813399,3,4924.943836
0.969872,4,4927.412817
0.903512,3,4931.268464
0.957173,3,4931.400065
0.97627,3,4936.510665
0.979353,3,4938.64059
0.880191,3,4938.770887
0.954246,3,4938.899339
0.961727,5,4946.826076
0.944586,3,4946.963765
0.979646,5,4949.908572
0.93328,3,4949.98846
0.848314,3,4956.196574
0.811085,3,4970.067715
0.984392,5,4970.187623
0.947427,3,4972.749875
0.979852,4,4974.866483
0.917865,3,4981.682171
0.917175,3,4984.973972
0.972349,3,4985.054825
0.0,4,5046.63024
0.979059,3,5048.827185
0.993686,4,5048.926865
0.933145,3,5051.950509
0.930068,3,5054.95846
0.813399,3,5061.125426
0.957262,3,5066.213492
0.902669,3,5066.347962
0.917313,3,5069.598423
0.811085,3,5075.793997
0.848518,3,5076.037526
0.993119,3,5077.995738
0.995298,3,5078.069564
0.929929,4,5081.145807
0.972322,3,5083.800659
0.976124,3,5086.05955
0.977444,3,5091.270116
0.987945,3,5093.402138
0.974075,3,5096.512616
0.018028,9,5236.28071
0.97346,3,5236.358243
0.913056,3,5244.225571
0.922473,4,5244.461699
0.922699,3,5251.281837
0.984659,4,5256.079445
0.949534,3,5261.262656
0.0,1,5321.521485
0.962737,3,5323.949837
0.0,4,5392.534892
0.913056,3,5400.417156
0.988983,3,5400.494006
0.976855,3,5400.570877
0.953391,3,5403.642612
0.99491,3,5405.497042
0.937525,3,5408.348909
0.992076,4,5410.704146
0.90324,10,5451.039346
0.976124,3,5453.348387
0.907394,4,5453.467824
0.966354,3,5455.7211
0.942859,3,5458.378538
0.921477,3,5461.529885
0.980029,3,5461.605609
0.921591,3,5464.458562
0.972643,3,5466.668698
0.952675,3,5471.67054
0.884106,3,5471.767551
0.961958,4,5477.11488
0.927081,4,5477.586766
0.981265,3,5480.415403
0.0,3,5595.815567
0.97627,3,5600.830131
0.947367,3,5600.908323
0.974805,3,5600.985362
0.988064,3,5603.322263
0.925583,3,5603.402772
0.982916,3,5605.54626
0.0,13,5716.364484
0.965369,3,5716.550484
0.932445,3,5719.786925
0.962995,4,5719.94685
0.967138,3,5720.030047
0.988064,3,5722.475091
0.949534,3,5725.210097
0.920485,4,5728.423522
0.955021,5,5731.317965
0.928921,3,5731.432752
0.968011,5,5733.803583
0.947311,3,5733.887408
0.959243,4,5733.981174
0.97276,3,5736.319104
0.894466,3,5736.408634
0.0,5,5842.265426
0.071162,4,5845.212377
0.974075,3,5848.513002
0.903675,3,5851.928707
0.952818,3,5854.503216
0.966064,3,5854.639986
0.96653,3,5856.905052
0.895137,5,5857.200218
0.828446,3,5857.301039
0.939611,3,5860.551121
0.932445,3,5864.162346
0.927753,3,5866.933463
0.99491,3,5868.943181
0.89554,4,5869.064309
0.942859,3,5871.884657
0.937356,3,5874.994286
0.952959,5,5877.680295
0.939383,3,5880.422778
0.96563,3,5880.505989
0.992076,6,5884.93729
0.932445,4,5888.619093
0.87102,3,5896.647681
0.951786,3,5896.765131
0.984362,4,5896.870317
0.968504,3,5898.981792
0.973052,3,5903.070735
0.904597,3,5909.796515
0.921478,4,5913.129015
0.980411,3,5915.189873
0.986048,3,5915.266364
0.979852,3,5915.34486
0.957262,3,5920.624954
0.947257,4,5923.551967
0.952246,3,5926.136363
0.950414,4,5926.232824
0.979498,3,5926.308746
0.95723,3,5926.390699
0.932445,3,5932.481504
0.937831,5,5935.447052
0.993715,4,5935.560707
0.959419,4,5938.049989
0.912643,3,5941.047653
0.995059,4,5943.049547
0.981618,3,5945.011325
0.963922,3,5945.090811
0.963835,3,5945.231903
0.988271,3,5947.255595
0.972614,3,5951.736048
0.910864,3,5963.795455
0.79311,4,5969.511105
0.729534,3,5980.004302
0.940935,3,5982.667161
0.981441,4,5982.828217
0.894069,3,5990.594229
0.918166,3,5990.675768
0.904597,3,5993.979319
0.811085,3,6000.204187
0.986286,3,6002.65394
0.948021,4,6002.761396
0.930399,3,6002.850289
0.974075,3,6008.685529
0.047252,4,6014.586777
0.930068,3,6020.365068
0.989697,3,6022.411635
0.962593,3,6024.629937
0.989964,3,6024.704678
0.957262,3,6029.984546
0.986819,3,6032.006668
0.97028,3,6032.101731
0.0,3,6092.862373
0.989934,3,6092.950891
0.969262,3,6095.221815
0.887944,3,6095.4649
0.848314,3,6101.706764
0.930068,6,6104.878846
0.986286,4,6111.322338
0.977119,4,6111.421535
0.0,5,6223.688454
0.954046,4,6223.818553
0.910585,5,6223.988008
0.942294,4,6229.250794
0.945179,3,6229.332042
0.956801,3,6231.655705
0.916673,3,6231.732432
0.955969,3,6234.323182
0.980411,3,6236.424332
0.962477,3,6238.933724
0.891147,4,6239.134236
0.977884,3,6241.664111
0.981117,3,6241.739098
0.960772,3,6241.852008
0.848314,3,6253.815622
0.907394,3,6253.907308
0.757866,3,6254.01213
0.920454,3,6254.099473
0.933224,3,6254.185355
0.963922,3,6254.34666
0.900395,4,6258.382792
0.907097,3,6258.470502
0.828546,3,6258.582586
0.936372,3,6261.4939
0.904597,3,6268.236154
0.977618,3,6270.309956
0.982739,3,6272.620449
0.907726,3,6276.116256
0.993686,3,6276.198997
0.943141,3,6276.371865
0.931718,4,6279.816315
0.981265,3,6283.079864
0.936705,3,6283.161535
0.941642,3,6283.25265
0.988568,3,6283.330794
0.849353,4,6283.469021
0.990588,3,6283.54733
0.0,1,6344.267779
0.536089,6,6345.060177
0.897455,3,6348.497949
0.882471,3,6352.921317
0.853258,6,6361.93945
0.973548,3,6362.015081
0.757866,5,6368.621929
0.989697,3,6370.732853
0.916289,3,6373.173466
0.983123,3,6375.23326
0.927559,4,6378.449862
0.925194,3,6381.408551
0.953733,3,6383.956051
0.989697,3,6386.091463
0.969756,3,6386.173736
0.966067,3,6390.654902
0.0,1,6451.366629
0.966354,3,6453.628912
0.951074,3,6453.723579
0.975977,3,6455.953139
0.962737,3,6460.627358
0.857273,3,6465.610389
0.0,2,6526.183802
0.996823,4,6526.292568
0.871358,3,6526.393549
0.918468,4,6529.711065
0.962015,3,6536.946187
0.925138,3,6539.767765
0.99491,3,6543.547877
0.104674,9,6569.70387
0.979059,3,6572.033531
0.969262,3,6574.437454
0.949962,4,6577.359896
0.984244,4,6577.491742
0.975068,3,6577.569301
0.975273,3,6577.650685
0.945465,4,6577.75691
0.936372,3,6580.694939
0.572395,9,6587.507991
0.984659,3,6590.271885
0.96563,3,6590.355654
0.989548,4,6592.479512
0.0,4,6679.972106
0.729534,3,6690.409407
0.996823,3,6690.47872
0.981265,3,6695.504539
0.912476,5,6699.058585
0.960108,3,6699.139977
0.927805,4,6701.521113
0.952675,3,6704.06286
0.913056,3,6708.387873
0.967373,3,6713.356436
0.930961,3,6716.075751
0.972614,3,6720.584129
0.939751,3,6723.395223
0.927559,3,6726.34392
0.948249,3,6726.427521
0.910152,3,6726.509254
0.947625,3,6726.63548
0.821887,3,6726.730502
0.979646,3,6729.629864
0.757866,3,6729.927659
0.927582,3,6730.011472
0.906801,4,6730.251593
0.828546,4,6730.378239
0.976768,3,6730.457104
0.872485,3,6734.050257
0.933957,3,6736.712963
0.965922,3,6739.037954
0.91089,3,6739.133735
0.968154,3,6739.292117
0.947708,4,6739.454975
0.913056,3,6743.547523
0.882471,3,6753.29416
0.944669,3,6756.106842
0.849353,3,6756.226022
0.956113,3,6758.7485
0.927805,3,6758.848606
0.90324,3,6801.531709
0.974834,3,6801.616784
0.954878,3,6801.728061
0.969756,3,6801.822106
0.960598,3,6801.899107
0.946943,3,6804.38325
0.952877,6,6806.889512
0.921642,3,6806.983115
0.967373,3,6809.494253
0.86814,4,6809.805879
0.993119,3,6811.863151
0.848314,3,6823.533224
0.930961,3,6826.226268
0.97759,3,6828.634364
0.970427,4,6831.313968
0.952675,3,6833.891756
0.987589,3,6833.969407
0.104674,13,6923.2686
0.811085,3,6937.174523
0.99832,6,6941.03862
0.86279,3,6945.250344
0.989697,3,6949.307456
0.94865,3,6949.476284
0.979059,3,6951.800483
0.810328,3,6951.920372
0.956885,5,6952.236282
0.99297,3,6956.163808
0.913056,3,6960.468551
0.939611,3,6963.723786
0.936372,3,6966.56042
0.0,2,7027.319587
0.931045,4,7035.502898
0.990677,3,7037.389949
0.935443,3,7037.484542
0.990618,3,7037.575019
0.913056,3,7045.413981
0.921449,3,7048.546215
0.0,4,7111.404282
0.979059,3,7113.809867
0.953733,3,7116.347505
0.984659,3,7119.217022
0.967373,3,7123.875644
0.960684,3,7123.955715
0.921587,3,7124.046724
0.925583,3,7124.133017
0.903512,3,7127.88076
0.927805,3,7130.192603
0.757866,3,7130.294545
0.927559,3,7136.845438
0.921064,3,7136.932213
0.972233,3,7137.072238
0.990797,3,7137.147541
0.796161,4,7137.283466
0.969407,3,7139.528814
0.895754,3,7139.619392
0.99491,3,7141.524437
0.949787,4,7141.681801
0.729534,6,7159.827456
0.967545,3,7162.016809
0.93387,3,7162.103073
0.965922,3,7164.572625
0.907394,3,7164.660636
0.978352,3,7164.750534
0.913055,3,7168.408803
0.981205,4,7168.51719
0.982739,3,7172.96619
0.953733,3,7175.392289
0.963689,3,7175.520909
0.904597,3,7182.404619
0.917313,3,7185.678735
0.795636,3,7185.774075
0.937356,3,7191.878759
0.907097,3,7191.962583
0.970193,3,7192.041524
0.946003,3,7192.12429
0.935443,3,7192.210681
0.979353,3,7196.412629
0.954246,3,7196.499122
0.958556,4,7201.344549
0.963457,3,7201.426168
0.947367,4,7201.533302
0.990142,7,7206.178391
0.94212,3,7206.265054
0.968912,3,7208.47456
0.984659,3,7211.395877
0.857273,3,7220.89133
0.972468,3,7225.561285
0.995059,6,7229.534555
0.0,2,7290.788578
0.986138,3,7292.864197
0.942233,3,7292.995241
0.942176,3,7293.128035
0.901615,4,7299.742488
0.864371,3,7299.830294
0.94589,5,7302.271624
0.959243,4,7302.368907
0.811085,3,7309.822052
0.979499,3,7312.098519
0.927782,4,7315.183594
0.993745,3,7315.257974
0.821418,3,7320.314761
0.918796,3,7320.405006
0.8946,3,7320.494352
0.939611,3,7323.899498
0.99491,3,7325.768906
0.930068,3,7331.587049
0.925442,5,7334.844061
0.873239,3,7334.940525
0.977444,3,7340.07276
0.993209,3,7340.144754
0.93961,4,7347.933507
0.976504,3,7348.008535
0.979264,3,7350.133922
0.989548,3,7352.168432
0.887273,4,7360.632421
0.790233,6,7361.906017
0.913056,3,7366.028632
0.918608,3,7366.11845
0.92353,3,7369.484921
0.811304,3,7369.593166
0.972906,4,7372.426982
0.94603,4,7372.534311
0.993119,3,7374.478923
0.910585,4,7374.591331
0.969262,3,7379.156251
0.903512,3,7382.99434
0.93961,3,7385.736553
0.922699,3,7389.315394
0.939611,3,7392.341795
0.953733,3,7397.147851
0.969085,3,7397.229561
0.977884,7,7402.206488
0.984244,4,7402.306663
0.952246,4,7407.792017
0.964819,3,7410.13578
0.857273,5,7415.770535
0.913056,3,7419.911725
0.984659,3,7424.901201
0.979499,4,7429.115156
0.967373,3,7433.920383
0.961727,3,7439.215996
0.0,2,7499.947299
0.811085,5,7514.229872
0.963199,3,7516.49743
0.955365,3,7518.927442
0.910865,3,7522.253087
0.972818,4,7526.728131
0.97627,4,7531.779678
0.933588,3,7531.873564
0.99491,4,7535.637744
0.962015,3,7542.699218
0.0,9,7629.762012
0.929144,3,7629.860815
0.977794,3,7629.955745
0.932445,3,7633.646089
0.918635,3,7636.557678
0.96375,3,7643.458431
0.995298,3,7643.528672
0.911845,5,7643.676823
0.975977,3,7645.967639
0.936372,3,7651.786318
0.979353,3,7654.052262
0.961727,3,7656.659446
0.917313,3,7662.939155
0.94603,3,7663.010633
0.979499,4,7667.340698
0.951501,3,7667.427307
0.926555,4,7667.596029
0.890049,3,7671.489517
0.963459,3,7671.567433
0.857273,3,7676.475342
0.884884,3,7680.35265
0.996823,3,7680.430898
0.995298,3,7680.505957
0.950616,4,7683.481879
0.979059,3,7685.538721
0.967138,3,7687.742667
0.922476,3,7687.866615
0.984659,3,7690.792545
0.956254,3,7690.90451
0.978381,3,7690.979878
0.964385,3,7691.05871
0.86476,3,7691.294477
0.884642,4,7691.422488
0.99491,3,7693.315176
0.965833,4,7693.509105
0.993119,4,7695.510291
0.920347,3,7698.5392
0.942884,3,7698.622723
0.945663,3,7698.707354
0.911298,3,8057.360201
0.944643,3,8057.601
0.907832,3,8057.703431
0.922473,3,8057.794242
0.979499,3,8062.143062
0.988064,3,8064.46627
0.882471,3,8069.673016
0.939611,3,8073.058011
0.968244,3,8073.229388
0.829392,4,8078.0436
0.809987,6,8118.619061
0.988064,3,8120.808085
0.977884,3,8123.489516
0.844247,3,8128.385303
0.990588,4,8128.485923
0.977884,4,8131.95768
0.962737,3,8134.341648
0.957319,3,8134.424057
0.0,6,8283.318048
0.848314,3,8295.345967
0.982739,3,8297.598112
0.979852,3,8297.67401
0.976124,3,8302.073651
0.910865,3,8308.651213
0.811085,3,8316.308472
0.987916,3,8320.365713
0.942294,3,8323.123973
0.937323,3,8323.251584
0.99297,3,8325.244539
0.903832,5,8329.042828
0.993715,3,8329.115911
0.013257,3,8330.155909
0.972614,3,8332.522526
0.980882,3,8332.621405
0.948338,3,8335.755042
0.979059,3,8338.137256
0.988983,3,8338.220497
0.926863,3,8341.191552
0.930315,3,8341.323172
0.979499,3,8343.572171
0.953391,3,8346.639246
0.964819,3,8348.984299
0.993417,3,8351.103209
0.963197,3,8351.194613
0.955192,3,8351.273876
0.83141,3,8351.368726
0.943001,3,8356.757007
0.884106,3,8356.853141
0.966936,3,8356.988798
0.907726,4,8360.543622
0.916648,3,8360.629366
0.091348,4,8420.540122
0.99297,3,8422.477801
0.981117,3,8422.55889
0.771311,3,8431.374523
0.873901,3,8435.608551
0.933285,3,8438.598544
0.951872,3,8438.6794
0.0,1,8499.135381
0.0,7,8562.625679
0.965922,3,8565.141782
0.857114,3,8565.383555
0.947598,3,8568.031829
0.881669,3,8568.131962
0.979059,3,8570.338963
0.917175,3,8573.532047
0.986523,3,8575.620681
0.981559,3,8575.696458
0.975331,3,8575.787992
0.967922,3,8575.870464
0.930594,3,8575.949236
0.872485,3,8579.649229
0.811085,3,8593.399924
0.980087,3,8595.648162
0.913056,3,8599.91155
0.87089,3,8604.599331
0.966238,3,8604.693216
0.778608,4,8610.753224
0.942686,3,8610.835208
0.993119,3,8612.826499
0.0,1,8673.329569
0.991481,3,8675.626891
0.771311,3,8682.925034
0.933398,4,8686.466668
0.986286,3,8690.894849
0.982887,3,8693.153237
0.922699,4,8699.756803
0.959275,4,8702.330478
0.945123,4,8702.43696
0.955969,3,8704.78266
0.99491,3,8706.678926
0.967373,3,8709.194142
0.972468,3,8711.631799
0.961696,3,8713.957697
0.933758,3,8714.046863
0.946003,3,8714.128813
0.95657,3,8714.241309
0.954246,3,8714.323106
0.757866,3,8714.426722
0.963517,3,8716.797292
0.0,2,8777.545631
0.981323,3,8779.653534
0.0,2,8841.106825
0.951961,3,8846.27528
0.953962,3,8849.285472
0.99491,3,8851.17521
0.813546,3,8856.814868
0.993417,4,8858.961314
0.933004,8,8886.241018
0.869055,3,8886.337492
0.972641,3,8886.41221
0.900933,3,8886.700872
0.936145,3,8886.782664
0.960598,4,8886.880294
0.979059,3,8888.913867
0.99491,3,8890.857333
0.949392,3,8893.571044
0.913055,3,8900.757616
0.935106,3,8900.846047
0.995298,3,8900.923427
0.949787,4,8901.022921
0.811085,3,8907.209804
0.0,2,8967.537721
0.97759,3,8971.899073
0.910421,3,8972.015521
0.991481,3,8976.030647
0.982887,3,8980.271317
0.795636,3,8980.369901
0.99491,3,8982.312217
0.907726,3,8989.004079
0.829839,4,8989.168444
0.995238,4,8993.070301
0.989697,3,8995.113866
0.854488,3,8995.204931
0.960772,3,8995.316686
0.991332,3,8997.545449
0.988568,3,8997.619019
0.907862,3,9004.289623
0.947257,3,9006.94427
0.917175,4,9013.228891
0.903512,4,9020.419929
0.913405,3,9020.507464
0.757866,3,9020.816783
0.887273,4,9029.37053
0.914015,4,9032.755634
0.983477,3,9035.332784
0.965922,3,9037.73828
0.796591,4,9037.852698
0.961727,3,9040.707737
0.962737,3,9043.23866
0.882471,3,9048.473708
0.976768,3,9048.55445
0.892726,7,9069.004319
0.961727,3,9074.183998
0.969262,3,9076.587589
0.892913,3,9080.000211
0.882471,3,9089.5987
0.99297,3,9091.617885
0.988509,3,9094.418446
0.973227,4,9096.619204
0.90324,4,9138.776884
0.927753,3,9141.597162
0.987916,4,9145.769956
0.982887,3,9150.352793
0.841463,3,9155.198767
0.907862,3,9158.493594
0.934346,4,9161.47353
0.954162,3,9161.551709
0.969407,3,9163.830977
0.958641,3,9166.266391
0.888182,11,9185.863621
0.99297,3,9187.806551
0.920485,3,9190.861318
0.961379,3,9195.295391
0.955969,3,9200.275229
0.946262,3,9205.579115
0.887915,3,9222.69409
0.991749,3,9222.762985
0.927471,3,9222.850245
0.930877,3,9222.937475
0.961118,3,9223.019474
0.99491,4,9225.013743
0.844247,3,9234.3669
0.995238,4,9236.383966
0.95723,3,9236.463268
0.955969,4,9241.329318
0.962995,4,9241.431462
0.97346,3,9241.508027
0.979059,3,9243.9044
0.932888,3,9246.457079
0.989697,3,9248.516672
0.952246,3,9253.887901
0.981265,4,9257.172984
0.771311,3,9265.906146
0.758913,3,9266.00452
0.943906,4,9268.56087
0.964385,3,9268.639385
0.757866,3,9268.739675
0.947257,5,9274.547551
0.967315,3,9276.982268
0.981265,3,9281.854188
0.960485,3,9284.261024
0.982739,3,9288.536525
0.86279,4,9292.942794
0.933285,3,9298.711301
0.991481,3,9300.78042
0.980205,3,9300.875341
0.973548,3,9300.952938
0.849353,3,9301.071314
0.811085,4,9307.377303
0.987916,3,9311.533963
0.955396,3,9319.589573
0.973052,3,9324.968593
0.93961,3,9330.531535
0.961727,3,9333.335615
0.920098,3,9333.42323
0.933004,8,9364.275255
0.759141,6,9364.680563
0.972731,3,9366.883213
0.910864,3,9378.770789
0.972262,4,9380.942802
0.979059,4,9385.373158
0.771311,3,9401.95487
0.97759,4,9406.30138
0.931045,4,9416.814339
0.864786,3,9416.903177
0.956113,4,9421.932073
0.730125,6,9443.521355
0.949392,3,9448.800525
0.937356,3,9454.866672
0.990588,3,9454.950025
0.944586,3,9455.038115
0.996404,3,9456.991931
0.931154,3,9457.078683
0.950957,3,9457.17236
0.92203,3,9457.382926
0.956113,3,9459.881765
0.911298,3,9459.975192
0.981265,3,9462.640653
0.959275,4,9467.709432
0.881669,4,9467.832725
0.956541,3,9468.060336
0.0,4,9528.713305
0.984421,3,9528.82058
0.920347,3,9531.729399
0.953733,3,9534.274214
0.979646,3,9537.210316
0.991778,3,9541.480314
0.981265,3,9544.455897
0.972614,3,9546.836184
0.922254,3,9549.735882
0.942294,3,9555.885565
0.023413,6,9556.713206
0.94603,4,9556.81309
0.975685,3,9559.181719
0.831385,4,9559.297673
0.909225,3,9571.463836
0.943141,3,9571.633701
0.888228,3,9571.712178
0.948249,3,9571.793779
0.771311,3,9580.829085
0.906254,3,9583.914524
0.913056,3,9588.279163
0.986286,3,9592.821232
0.961727,3,9598.096867
0.936512,3,9601.017945
0.97997,3,9605.170202
0.955969,3,9607.782743
0.982887,3,9609.938056
0.947257,3,9612.844041
0.996404,3,9616.672681
0.963457,3,9616.752371
0.933588,3,9616.833882
0.102468,13,9624.613593
0.848314,3,9636.587506
0.978294,3,9638.690184
0.904597,3,9642.231333
0.755709,4,9648.794283
0.925,3,9651.596332
0.918468,4,9654.994163
0.990618,4,9657.078185
0.942294,3,9659.983729
0.996404,3,9662.026892
0.981265,3,9667.230536
0.90324,5,9710.014027
0.993119,3,9711.949733
0.750535,6,9722.506567
0.996404,4,9724.408237
0.873344,4,9728.387553
0.874238,5,9733.452979
0.882471,3,9738.586428
0.895217,3,9738.679665
0.952246,4,9744.120944
0.967373,3,9746.458316
0.922473,3,9746.544832
0.932445,3,9749.387994
0.979059,3,9753.702647
0.123631,3,9754.043384
0.755709,3,9760.511241
0.233934,4,9804.604833
0.99491,3,9806.500276
0.95988,4,9808.806828
0.988509,6,9813.690785
0.980087,3,9815.859454
0.913056,4,9820.335922
0.977444,3,9825.523602
0.963691,3,9825.59753
0.979852,3,9827.733145
0.981265,3,9830.771306
0.884724,4,9835.13273
0.991481,7,9841.478607
0.939014,3,9841.558814
0.903131,3,9844.642945
0.83141,5,9844.967146
0.988271,3,9847.006986
0.848314,3,9853.295854
0.93961,3,9856.003744
0.996404,3,9859.715888
0.848314,3,9865.282957
0.99491,3,9867.170455
0.920485,3,9870.176309
0.99491,3,9873.950554
0.937525,4,9876.91034
0.990677,3,9876.985922
0.922699,3,9883.566979
0.887832,5,9890.994615
0.924746,3,9891.117254
0.982739,3,9893.472977
0.819129,3,9898.393877
0.882471,3,9907.968093
0.995059,3,9911.806635
0.935443,3,9911.895556
0.811304,3,9912.188689
0.957058,3,9912.271754
0.974629,3,9914.442477
0.892857,3,9918.169744
0.98451,3,9918.244754
0.984659,3,9921.161877
0.934966,3,9921.23968
0.990053,4,9921.352734
0.967373,3,9926.244663
0.967373,3,9928.735221
0.980411,3,9930.824167
0.936199,3,9930.955776
0.966067,3,9935.615189
0.890049,4,9939.550359
0.729534,4,9959.179562
0.964472,3,9961.51094
0.981265,3,9963.990917
0.889355,4,9964.251606
0.898128,3,9964.344895
0.831236,5,9969.359133
0.927559,3,9975.742172
0.881669,3,9975.839186
0.972468,3,9977.970693
0.986641,3,9978.109412
0.920347,3,9981.323455
0.794372,7,9981.551755
0.875635,3,9985.800361
0.928117,3,9991.852168
0.979852,3,9993.994553
0.818344,4,9995.159006
0.968244,3,9995.246105
0.858138,3,9995.356585
0.972641,3,9995.433219
0.936705,3,9995.563384
0.928921,3,9995.649208
0.956113,3,10000.453613
0.952246,3,10003.154266
0.972731,3,10005.366107
0.963517,3,10007.716238
0.976124,4,10012.151432
0.978294,3,10014.300925
0.94603,3,10014.37436
0.974454,3,10016.591105
0.979353,3,10018.705374
0.988271,3,10020.737666
0.94572,3,10023.32918
0.993119,3,10025.310804
0.882471,3,10030.547915
0.965922,3,10033.02443
0.882471,3,10042.740904
0.945606,3,10042.820812
0.848314,3,10049.057977
0.0,16,10127.540195
0.951961,3,10137.757064
0.0,2,10198.978352
0.913056,3,10207.064687
0.991332,3,10211.088733
0.943001,3,10213.918339
0.787961,4,10218.419146
0.862764,3,10222.670917
0.949392,3,10227.923292
0.977884,3,10233.895315
0.0,7,10368.176691
0.936512,3,10371.070982
0.949392,3,10373.796209
0.903046,3,10373.909527
0.969873,3,10376.103509
0.829367,3,10381.00011
0.933145,3,10386.800578
0.908952,3,10389.834455
0.91089,3,10389.933183
0.930399,3,10390.018064
0.989548,3,10392.184012
0.952246,3,10395.047012
0.959821,4,10397.883045
0.954246,3,10397.965488
0.924579,3,10398.048796
0.933398,3,10401.604554
0.873901,3,10406.007699
0.970017,3,10408.200215
0.99491,3,10409.962459
0.99476,5,10413.961845
0.979059,3,10416.364223
0.951786,3,10416.443055
0.946943,3,10418.941254
0.949534,3,10424.068088
0.951961,3,10429.174203
0.0,1,10489.53394
0.904733,3,10493.041676
0.992076,3,10493.12042
0.771311,3,10509.802413
0.882471,3,10514.754272
0.962737,3,10519.384788
0.744369,3,10519.497593
0.916289,3,10519.580657
0.979499,3,10521.913672
0.956113,3,10524.605627
0.984303,3,10524.681259
0.952675,3,10527.351176
0.979704,3,10527.465171
0.904733,3,10534.209418
0.939751,3,10537.074226
0.848314,3,10543.288629
0.970106,3,10547.749996
0.981618,3,10547.833302
0.790233,4,10548.139418
0.982739,3,10552.263228
0.962737,3,10554.668149
0.913056,3,10558.809146
0.961727,3,10561.666431
0.90324,5,10593.694713
0.871047,3,10597.892414
0.848314,3,10604.439836
0.981265,3,10607.2041
0.989697,3,10611.24306
0.986286,3,10615.450817
0.918166,3,10615.539809
0.991987,3,10615.61675
0.949534,3,10620.713411
0.832209,3,10620.987028
0.979499,3,10623.179197
0.978205,3,10623.258119
0.981265,3,10628.147109
0.941299,3,10628.285419
0.914015,3,10634.560421
0.758913,3,10634.662256
0.942176,3,10634.744724
0.959275,3,10637.065156
0.0,8,10755.739206
0.86854,3,10755.849461
0.984659,3,10758.835205
0.866327,3,10763.640393
0.915249,3,10766.584976
0.977706,4,10768.903481
0.952246,3,10771.708021
0.903046,4,10771.847542
0.926722,3,10774.756908
0.936372,3,10780.34946
0.932445,4,10784.00052
0.961727,3,10786.794029
0.755709,6,10793.443588
0.953962,3,10796.464294
0.729534,3,10806.812563
0.993686,4,10806.91267
0.956659,4,10807.238272
0.957058,3,10807.316472
0.991987,4,10807.410241
0.945179,3,10807.494048
0.976153,3,10810.148011
0.975859,4,10813.895644
0.937356,3,10820.183259
0.984451,3,10820.26034
0.924941,4,10820.372299
0.95657,3,10820.484329
0.952246,3,10823.069301
0.969231,3,10823.156874
0.961727,3,10828.485834
0.963835,5,10828.608552
0.122335,6,10868.607102
0.976474,3,10868.685362
0.922032,3,10871.66991
0.848314,3,10877.888951
0.99491,3,10879.757919
0.981323,3,10881.826818
0.996404,3,10883.726091
0.97276,3,10886.09625
0.906037,3,10889.177149
0.930068,3,10894.955624
0.922865,3,10898.103605
0.93831,3,10898.189115
0.993209,3,10898.266132
0.961842,3,10898.348669
0.955365,3,10900.751993
0.857546,3,10900.851366
0.965922,3,10903.113032
0.99832,5,10907.075206
0.913056,3,10911.220195
0.946262,3,10913.978551
0.967431,3,10916.591815
0.913903,3,10916.681715
0.960772,3,10916.760764
0.951501,3,10916.843874
0.975331,3,10918.837897
0.973227,3,10921.029806
0.920347,3,10924.268452
0.0,1,10984.572184
0.875635,3,10988.663684
0.988212,3,10988.734378
0.12343,4,10989.562452
0.908271,3,10996.731815
0.971301,3,11000.050527
0.878132,3,11000.165123
0.882471,3,11009.933597
0.979499,3,11014.241514
0.882471,3,11019.222139
0.832284,4,11019.514386
0.961727,3,11022.375302
0.861788,3,11027.33786
0.970106,3,11029.679788
0.989697,3,11032.087379
0.962304,3,11034.817058
0.917313,3,11041.126205
0.979059,3,11045.527523
0.94535,3,11045.612668
0.0,1,11106.176316
0.956455,3,11106.269822
0.979852,3,11108.361073
0.990677,3,11110.273347
0.976445,3,11110.351085
0.0,3,11170.938612
0.972262,3,11171.037791
0.918385,7,11181.132424
0.953962,3,11184.145739
0.841463,5,11193.924436
0.961118,3,11194.037141
0.958987,4,11194.133389
0.972468,3,11194.211104
0.981323,3,11196.422288
0.978795,3,11196.49858
0.922699,3,11199.631492
0.917313,3,11202.710819
0.97466,3,11205.861739
0.976241,4,11208.147397
0.996404,5,11211.993301
0.857273,3,11216.982585
0.904597,3,11220.534276
0.974075,3,11223.473263
0.992076,3,11223.541845
0.963922,3,11223.619142
0.0,8,11293.455859
0.980058,3,11293.552595
0.984659,3,11296.23094
0.866327,3,11301.057371
0.947598,3,11303.603434
0.988271,3,11305.638239
0.962302,3,11305.718386
0.882471,3,11315.324247
0.857546,3,11315.424854
0.993417,3,11317.58288
0.922423,4,11325.824815
0.795588,3,11325.920749
0.913056,3,11333.813021
0.95379,3,11336.297985
0.832284,3,11336.386342
0.979852,3,11338.444441
0.882471,3,11343.700723
0.944471,3,11343.780585
0.953845,3,11343.857557
0.873901,3,11347.9839
0.986138,3,11350.016639
0.884724,3,11358.271132
0.829491,4,11362.773994
0.793062,3,11368.473716
0.937356,3,11374.390566
0.916293,3,11374.476749
0.942294,3,11380.423834
0.848106,4,11380.545122
0.97806,3,11382.809947
0.979059,3,11387.094106
0.984451,4,11387.191668
0.921394,3,11390.348876
0.919516,4,11393.490471
0.907339,3,11393.6038
0.990677,4,11395.533772
0.948135,3,11395.613486
0.947311,3,11395.696294
0.869055,3,11395.788884
0.976855,3,11395.866052
0.939611,6,11405.611681
0.771311,3,11412.981953
0.924746,3,11413.104017
0.944444,4,11413.202289
0.866327,4,11418.04337
0.927582,3,11418.12758
0.939611,3,11424.548312
0.979147,3,11424.62655
0.889783,16,11534.224273
0.952246,3,11536.81512
0.931519,3,11536.89442
0.933285,3,11539.828775
0.942294,3,11901.915335
0.890126,3,11902.008073
0.94263,3,11902.089492
0.895137,3,11902.178342
0.93961,3,11904.911693
0.930068,3,11907.959387
0.99297,3,11909.966516
0.024076,6,11910.580883
0.89361,4,11910.696606
0.927559,3,11913.881062
0.979646,3,11916.751584
0.984777,4,11918.796257
0.910421,3,11918.882098
0.96375,3,11926.104399
0.811085,3,11940.118764
0.0,5,12001.037699
0.913056,3,12008.946176
0.923669,3,12015.010611
0.924552,3,12015.093691
0.963689,3,12017.241302
0.884724,3,12021.562313
0.989697,3,12023.859334
0.96375,3,12031.108435
0.857273,3,12040.69089
0.957031,3,12043.009695
0.123404,4,12043.300379
0.918468,4,12049.991485
0.002943,14,12070.354589
0.93831,3,12070.443889
0.972935,4,12072.665931
0.925721,3,12072.755831
0.955396,3,12080.904151
0.821887,3,12081.001046
0.895217,4,12081.113039
0.930315,4,12081.232708
0.913056,3,12085.535738
0.882471,3,12090.844441
0.958641,3,12093.269007
0.941299,3,12093.351368
0.929144,3,12093.436567
0.795636,3,12093.534623
0.0,8,12165.433644
0.989548,3,12169.548062
0.962015,3,12176.676986
0.882471,3,12181.966188
0.972291,3,12182.103616
0.99297,3,12184.031697
0.0,9,12248.473443
0.984659,3,12250.791528
0.966181,3,12255.20636
0.991481,3,12259.342813
0.966067,3,12261.626838
0.922699,3,12265.143682
0.922833,5,12265.27444
0.97997,3,12267.46533
0.961727,3,12272.73238
0.939611,3,12279.138183
0.964501,4,12281.923825
0.859561,3,12286.489262
0.886371,3,12286.577644
0.939611,3,12289.943654
0.936512,3,12292.677194
0.961727,3,12295.566447
0.993119,3,12297.557895
0.979353,3,12301.777883
0.946262,3,12307.092223
0.993417,3,12309.202674
0.93738,3,12309.283195
0.929147,3,12312.192342
0.913056,4,12316.257529
0.970106,3,12320.668285
0.99297,3,12322.530666
0.986286,3,12327.033414
0.996823,5,12327.158837
0.976475,3,12329.359413
0.9225,3,12329.442562
0.962737,3,12331.923067
0.947367,3,12332.002436
0.889545,3,12335.775282
0.857273,3,12340.761573
0.99491,3,12342.733147
0.923669,3,12345.740517
0.967922,3,12345.876272
0.934573,3,12348.454515
0.92203,3,12348.538268
0.996823,4,12348.633077
0.936199,4,12348.736483
0.977884,3,12352.217822
0.946262,3,12357.406498
0.987916,3,12359.772765
0.952818,5,12363.382539
0.0,1,12424.09037
0.970163,3,12424.188139
0.941274,3,12424.314134
0.964472,3,12426.719142
0.972468,3,12431.279952
0.952818,3,12433.887544
0.957434,3,12436.37522
0.977444,3,12441.556502
0.961727,3,12446.82545
0.939611,3,12449.808212
0.939611,3,12453.164233
0.950957,3,12453.248451
0.0,1,12513.599969
0.961727,3,12516.199204
0.979059,4,12518.348509
0.990499,5,12522.952236
0.950446,4,12525.400808
0.980029,3,12525.484546
0.90202,3,12528.928378
0.961727,3,12534.097559
0.993417,3,12536.188349
0.883974,3,12536.281224
0.988568,3,12536.355902
0.959419,3,12538.961911
0.979353,3,12543.336768
0.982916,3,12545.353452
0.970106,3,12547.651213
0.975977,3,12552.053171
0.938115,3,12552.136532
0.967023,3,12552.213227
0.0,1,12612.719679
0.920347,3,12618.856673
0.771311,3,12627.766806
0.980852,3,12627.865801
0.947311,3,12627.944761
0.980676,3,12630.050408
0.903675,3,12633.475621
0.841463,5,12638.419515
0.0,2,12699.026457
0.938085,3,12699.128726
0.94999,3,12701.484363
0.949392,4,12704.226616
0.976124,3,12708.603776
0.991778,4,12712.787524
0.982739,3,12715.185614
0.97759,3,12719.679604
0.933957,3,12722.373638
0.867781,3,12726.304909
0.989875,3,12728.30706
0.978177,4,12733.465251
0.962304,3,12736.261158
0.977444,3,12741.39007
0.970017,3,12743.602957
0.882648,4,12747.836547
0.982739,3,12750.120364
0.913056,3,12754.257684
0.969698,3,12759.923537
0.978205,3,12760.002081
0.97997,3,12762.230772
0.982739,3,12764.537353
0.957173,3,12764.616479
0.959419,3,12767.159568
0.916293,3,12767.280974
0.99297,3,12769.302051
0.960598,3,12769.382252
0.99297,3,12773.530614
0.946003,3,12773.61319
0.986819,3,12775.645983
0.939465,3,12775.72999
0.857273,3,12785.136948
0.91089,4,12785.255218
0.99491,3,12789.025388
0.986286,3,12791.129643
0.960456,3,12791.217094
0.979059,3,12795.742482
0.917175,3,12802.004889
0.95657,3,12802.121631
0.986138,3,12804.205293
0.864371,3,12804.444527
0.961696,3,12806.782529
0.967373,3,12811.602293
0.886371,3,12811.820753
0.904597,3,12815.357486
0.991332,3,12817.492369
0.944613,3,12820.202093
0.969027,3,12820.28275
0.0,6,12888.283027
0.910865,3,12894.783104
0.830264,3,12899.713295
0.942859,3,12905.102087
0.909225,3,12914.652901
0.957662,3,12914.736011
0.947367,3,12914.85771
0.882471,3,12924.585544
0.984659,3,12927.473189
0.863282,4,12933.837212
0.024042,3,12934.180082
0.913056,3,12942.017675
0.795588,4,12942.312015
0.959475,3,12944.556209
0.989697,3,12948.594453
0.979646,3,12951.497625
0.955969,3,12953.94378
0.9299,3,12956.823654
0.979059,3,12959.189025
0.98451,3,12959.268022
0.92353,3,12962.517134
0.912095,3,12965.520185
0.936372,3,12968.467887
0.967953,3,12971.620093
0.921587,3,12971.708428
0.951043,3,12971.796173
0.93328,3,12971.895255
0.87102,3,12976.116591
0.758822,3,12976.214767
0.947881,3,12976.298029
0.911137,5,12991.405766
0.884988,10,13012.720662
0.305857,7,13085.890511
0.811085,3,13099.684188
0.954878,3,13099.762536
0.911298,3,13099.850215
0.93831,3,13099.9635
0.969873,3,13102.164912
0.96375,4,13109.319326
0.894388,3,13112.784794
0.978206,4,13115.134608
0.913056,3,13119.28177
0.968447,3,13121.538965
0.913056,3,13125.828493
0.942828,4,13128.593241
0.795636,3,13128.691223
0.902669,3,13128.826695
0.998051,5,13134.711369
0.962331,3,13134.878791
0.993119,3,13136.820534
0.946003,3,13136.99455
0.99491,4,13138.876877
0.981117,3,13138.974525
0.969231,3,13139.055865
0.983477,3,13141.70122
0.952246,4,13147.184253
0.848314,3,13153.450626
0.961727,3,13158.76031
0.93961,3,13164.299875
0.957058,3,13164.380722
0.927753,3,13167.093957
0.955969,4,13174.039518
0.913056,3,13178.215255
0.993686,3,13178.290557
0.123631,4,13179.157099
0.932445,3,13185.232991
0.940793,3,13185.315025
0.981618,3,13185.392863
0.894069,3,13189.557763
0.830662,3,13189.826838
0.959419,3,13192.096632
0.884106,3,13192.1889
0.960108,3,13192.272892
0.972906,3,13195.092455
0.978205,3,13195.171027
0.986286,3,13197.345992
0.932445,3,13203.83967
0.831435,4,13210.068876
0.996404,3,13212.072003
0.987916,3,13214.265783
0.969262,3,13216.572063
0.992076,3,13216.649271
0.972468,3,13219.052049
0.90324,3,13249.45775
0.962995,3,13249.538507
0.972468,3,13254.222301
0.97997,3,13258.454981
0.913056,3,13262.71635
0.968826,3,13265.929954
0.925,3,13268.720086
0.986523,3,13270.777307
0.937412,3,13273.430756
0.933145,3,13276.41204
0.981265,3,13279.750507
0.981265,3,13285.036034
0.915249,3,13287.986867
0.926863,3,13290.941646
0.990677,3,13291.018915
0.758913,3,13291.118336
0.964877,3,13293.444492
0.98327,3,13295.555421
0.991481,3,13297.635686
0.920347,3,13300.860823
0.894466,3,13300.972501
0.0,7,13374.5915
0.907394,3,13374.689727
0.952989,3,13377.114897
0.984244,3,13377.195663
0.908271,3,13380.991261
0.978529,3,13381.130205
0.927559,3,13384.473824
0.933004,8,13406.944676
0.932445,3,13410.183464
0.956113,3,13412.80793
0.878132,3,13412.912386
0.961727,3,13415.689224
0.942463,3,13418.466889
0.924746,3,13418.547412
0.982887,3,13423.165112
0.94535,3,13423.244693
0.97627,3,13426.145877
0.907803,4,13432.792866
0.917175,3,13439.032106
0.972233,3,13439.109865
0.0,2,13500.57011
0.962302,3,13500.664652
0.990677,3,13500.746084
0.988094,3,13502.71283
0.96653,3,13504.967002
0.99491,3,13506.990373
0.95657,3,13507.106192
0.894069,3,13511.413004
0.828446,3,13511.527297
0.972468,3,13513.959645
0.898778,3,13521.353122
0.97466,3,13526.69128
0.963488,5,13531.209515
0.97627,3,13534.027947
0.844247,3,13543.371574
0.943001,3,13546.160271
0.981117,3,13546.239047
0.984777,3,13548.345784
0.932888,3,13550.915575
0.771311,3,13559.813281
0.927559,3,13566.416229
0.926166,3,13566.511207
0.981117,4,13566.616623
0.988983,3,13566.691722
0.922254,3,13569.529444
0.969407,3,13571.934916
0.920014,3,13572.030711
0.962737,3,13574.380843
0.962995,3,13574.51334
0.951043,3,13574.649338
0.935443,3,13574.738266
0.966067,3,13577.136058
0.988064,3,13579.561348
0.946003,3,13579.737245
0.955365,3,13582.158566
0.937356,3,13585.418619
0.975977,3,13587.713382
0.961727,3,13592.987753
0.936372,3,13595.900086
0.913056,3,13603.776397
0.882471,3,13608.639179
0.847546,3,13612.625501
0.957262,3,13615.3306
0.93961,3,13618.073511
0.962593,3,13620.573767
0.946003,3,13620.657307
0.954246,3,13622.742079
0.99491,3,13624.724184
0.987589,3,13624.872921
0.882471,3,13629.870973
0.929929,4,13632.960974
0.952246,3,13635.557814
0.996823,3,13635.630276
0.969698,3,13639.101939
0.986286,3,13643.582072
0.957262,3,13646.284132
0.966067,3,13648.477576
0.974454,3,13650.662971
0.0,3,13768.065405
0.973227,4,13770.287651
0.947257,3,13775.749901
0.886555,9,13792.698485
0.904597,3,13796.221288
0.882471,3,13805.929487
0.96563,3,13806.008273
0.233646,11,13807.769623
0.977148,3,13807.841753
0.963922,3,13808.003765
0.955396,3,13816.031277
0.939611,3,13822.440956
0.0,6,13927.819142
0.94612,3,13930.588019
0.0,1,13991.028804
0.944669,3,13996.123449
0.991778,3,13998.443937
0.974075,3,14003.913285
0.97759,3,14006.193138
0.939183,3,14006.27842
0.940428,4,14008.911857
0.952246,3,14011.498922
0.94572,3,14014.088477
0.911001,3,14017.264375
0.981265,4,14022.153443
0.880089,10,14035.192994
0.002932,8,14036.003663
0.961727,3,14038.855899
0.942828,3,14038.936985
0.942294,3,14044.923044
0.936512,3,14050.503186
0.0,2,14111.1059
0.97466,3,14116.446501
0.982887,3,14120.734509
0.0,3,14217.688044
0.882471,3,14222.859062
0.993119,3,14226.81676
0.933616,5,14226.953398
0.979353,3,14229.211576
0.988064,3,14231.37193
0.913056,3,14235.699429
0.930706,3,14238.002024
0.0,3,14298.461261
0.965718,3,14300.825861
0.991719,3,14302.841962
0.954819,3,14302.919607
0.0,1,14363.265405
0.928117,3,14369.563132
0.942176,3,14369.647826
0.969262,3,14371.906883
0.973344,3,14374.053334
0.975977,3,14378.350869
0.98451,3,14378.433811
0.921477,3,14381.592586
0.922699,3,14384.734272
0.957262,3,14387.424118
0.993686,3,14387.508201
0.989697,3,14389.575127
0.972468,3,14394.287421
0.869107,3,14394.38259
0.882471,3,14399.38491
0.949534,3,14404.579938
0.960195,3,14404.669535
0.881853,3,14404.757345
0.945209,3,14407.466095
0.938338,3,14407.578111
0.991332,3,14411.69172
0.0,4,14472.798188
0.831385,3,14472.906499
0.97997,3,14475.120745
0.957031,3,14477.473175
0.907862,3,14484.088482
0.939611,3,14487.445035
0.996554,3,14487.520978
0.981265,3,14492.287723
0.917313,3,14495.556816
0.811304,3,14495.843138
0.757866,5,14502.3897
0.936536,3,14502.477749
0.996404,3,14504.369488
0.942859,3,14507.040598
0.904733,3,14513.781214
0.976124,3,14515.966246
0.951243,3,14516.046117
0.97466,5,14524.007056
0.962737,3,14526.321736
0.911001,3,14529.650589
0.941299,3,14529.727988
0.943001,3,14535.124708
0.989548,3,14537.228142
0.99491,3,14539.107042
0.947257,3,14542.029004
0.979499,3,14544.16675
0.972614,3,14546.520869
0.981265,3,14549.830257
0.962737,3,14552.351487
0.937356,3,14558.485861
0.91089,3,14558.581867
0.0,3,14619.053977
0.956113,3,14624.009173
0.870548,3,14628.04936
0.924746,4,14631.044689
0.795636,3,14631.146627
0.873901,3,14639.204886
0.993119,3,14641.142868
0.952675,3,14643.670485
0.953733,3,14646.200398
0.967373,3,14650.845776
0.922833,3,14651.055762
0.969231,3,14651.134421
0.961696,3,14653.451964
0.97276,3,14657.946837
0.945606,3,14658.037541
0.959419,3,14662.86972
0.926166,3,14662.963223
0.90324,6,14741.670429
0.932445,3,14744.814471
0.920098,3,14744.900999
0.924191,3,14747.452458
0.982916,3,14749.585074
0.917865,3,14753.119989
0.973227,3,14755.367964
0.917313,3,14761.534714
0.936536,3,14763.761732
0.916289,4,14763.908368
0.954219,4,14764.013072
0.991332,3,14768.126758
0.122349,4,14807.613461
0.981117,3,14807.711165
0.893554,4,14817.474945
0.991778,3,14821.780569
0.866974,3,14821.914401
0.982887,3,14824.072538
0.977884,3,14829.496089
0.94263,3,14829.61226
0.96653,3,14831.858903
0.972641,3,14831.932208
0.944613,3,14834.554186
0.729534,3,14844.875811
0.969756,3,14844.95435
0.929229,3,14845.040108
0.757866,3,14845.141609
0.789736,4,14845.285572
0.986523,3,14847.363767
0.942859,3,14850.188925
0.84308,4,14854.374671
0.99491,3,14856.253046
0.99491,3,14858.275969
0.90324,4,14889.367933
0.828446,3,14889.480938
0.977884,5,14895.46904
0.921477,4,14898.639728
0.979499,3,14900.917776
0.890126,3,14901.008258
0.934125,3,14903.835527
0.894069,3,14907.909395
0.959475,3,14910.10551
0.893607,3,14910.207847
0.885359,3,14913.901865
0.901124,4,14914.056185
0.981117,3,14914.136048
0.99491,3,14916.028113
0.916648,3,14916.113324
0.995059,5,14920.078195
0.981265,3,14924.911224
0.8785,4,14929.615406
0.90324,13,15033.000233
0.930068,3,15036.069963
0.976943,3,15036.146929
0.898778,3,15043.611425
0.916673,3,15043.690156
0.0,1,15104.032361
0.92353,3,15107.067568
0.972468,3,15111.860323
0.947311,3,15111.973497
0.966067,4,15114.417308
0.948963,3,15117.021751
0.756549,3,15123.573138
0.848314,3,15135.27649
0.928117,3,15141.549323
0.981618,3,15141.692898
0.857273,3,15151.210151
0.848314,3,15163.09421
0.926724,3,15169.267175
0.970221,3,15169.34894
0.984274,3,15169.423887
0.93961,3,15172.271352
0.961727,3,15175.016952
0.901615,3,15178.374133
0.97276,3,15180.701412
0.979353,3,15185.026316
0.967373,3,15187.662115
0.99491,3,15189.547168
0.942859,3,15194.981933
0.961727,3,15200.247154
0.979646,3,15203.120021
0.940932,5,15203.249393
0.957262,3,15205.940695
0.87102,3,15213.932412
0.106192,3,15214.253038
0.965922,3,15216.722872
0.882471,3,15226.530629
0.89423,3,15230.108668
0.961727,3,15232.895212
0.958927,3,15232.976027
0.923614,3,15236.317282
0.993417,3,15240.339082
0.748444,7,15254.032193
0.962304,3,15256.624728
0.024068,8,15262.530714
0.921477,3,15265.684062
0.988983,3,15265.769559
0.104674,3,15266.473844
0.922699,3,15269.92905
0.961727,3,15275.132108
0.96563,3,15275.301277
0.965572,3,15275.377369
0.991481,3,15279.548307
0.962737,3,15282.003271
0.848314,3,15288.363656
0.854283,4,15288.971371
0.977884,3,15292.337254
0.0,1,15352.994531
0.938338,3,15353.095246
0.920454,3,15353.224193
0.980882,3,15353.320368
0.979735,3,15355.442652
0.961727,3,15360.632288
0.864917,5,15376.473532
0.961727,3,15381.762617
0.729534,3,15392.41983
0.954819,3,15392.552714
0.974075,3,15395.252961
0.942294,3,15401.021941
0.933224,3,15401.107485
0.96291,3,15404.56544
0.910865,3,15411.062709
0.939751,3,15413.893137
0.965632,4,15420.078951
0.883974,3,15420.174574
0.967864,3,15420.313896
0.820187,5,15420.532763
0.892913,3,15424.306708
0.964472,3,15426.664695
0.913056,3,15434.485018
0.957262,3,15437.195266
0.936705,3,15437.285896
0.929929,3,15440.224277
0.882471,3,15445.361523
0.881669,3,15445.462624
0.989697,3,15447.54415
0.977444,3,15452.694043
0.965572,3,15452.805917
0.758913,3,15452.911523
0.98327,3,15455.039487
0.922833,3,15455.250306
0.97759,3,15457.544561
0.002145,6,15461.456298
0.913055,3,15465.117857
0.986138,3,15467.290612
0.0,4,15614.880531
0.907097,3,15614.977157
0.954219,3,15615.056766
0.979498,3,15615.136258
0.934966,3,15615.216691
0.974805,3,15615.314137
0.94612,3,15618.102497
0.938115,3,15977.028327
0.927559,3,15980.170944
0.757866,4,15980.297072
0.889384,3,15988.208905
0.908271,3,15991.971366
0.908271,3,15999.308017
0.942294,3,16005.560947
0.942859,3,16010.9963
0.024068,9,16098.583305
0.972468,3,16100.935179
0.904733,3,16107.674405
0.757866,3,16107.773224
0.910864,3,16119.563875
0.873901,3,16123.864513
0.942686,3,16123.978638
0.982739,3,16126.209663
0.944613,3,16128.83771
0.934629,3,16131.646152
0.924556,3,16134.468382
0.0,3,16194.888039
0.973227,3,16197.207113
0.979059,3,16199.608782
0.992076,3,16199.685782
0.942859,3,16205.162349
0.953962,4,16208.061321
0.983919,3,16210.068694
0.980499,3,16214.310088
0.876421,3,16218.010216
0.937356,3,16224.019987
0.942859,3,16229.652047
0.982887,3,16234.190361
0.913056,3,16238.479627
0.917313,3,16241.617998
0.917175,3,16244.965886
0.0,4,16307.209724
0.0,3,16412.96723
0.939611,3,16419.31872
0.989875,3,16421.277516
0.922001,3,16421.368109
0.963457,3,16421.450308
0.930068,3,16424.300261
0.931325,9,16437.880008
0.92314,4,16438.226271
0.0,1,16498.774793
0.0,10,16631.14549
0.955969,3,16633.774657
0.946259,3,16633.951715
0.962737,3,16638.731051
0.881906,3,16638.838916
0.910864,5,16673.077146
0.729775,3,16673.205309
0.882471,3,16677.761233
0.977884,3,16680.300244
0.936512,3,16683.217433
0.888894,3,16683.302715
0.965342,5,16692.031315
0.967373,3,16694.371297
0.979353,3,16698.703025
0.916098,3,16698.793519
0.921394,3,16701.855824
0.864917,4,16717.89892
0.913056,3,16722.022901
0.970017,3,16724.226894
0.932888,3,16726.724075
0.961727,3,16729.489393
0.918714,3,16729.573323
0.771311,3,16738.29839
0.894069,3,16742.413085
0.979353,3,16744.565157
0.771311,3,16761.233803
0.981265,3,16764.043597
0.0,5,16829.058945
0.937356,3,16832.159149
0.94999,3,16834.620698
0.927582,3,16834.749913
0.96653,3,16837.003075
0.795636,3,16837.103682
0.872485,3,16840.629881
0.933004,7,16863.373505
0.915932,3,16863.461193
0.973227,3,16865.539213
0.97466,3,16870.691319
0.94535,3,16872.864369
0.950446,5,16875.351144
0.94999,3,16877.804457
0.882471,3,16883.007673
0.925138,3,16885.781943
0.967373,3,16890.635988
0.991481,3,16892.62394
0.950446,3,16894.964504
0.992076,3,16895.048715
0.933285,3,16900.657572
0.952818,3,16903.1534
0.95821,4,16905.611622
0.97997,3,16909.888419
0.0,1,16970.354001
0.857273,3,16979.767068
0.926724,3,16982.894082
0.907394,3,16983.003945
0.986523,3,16985.060567
0.961727,3,16990.318627
0.970659,3,16992.4721
0.984659,3,16997.387922
0.953504,3,16999.819855
0.936199,3,16999.900964
0.875477,3,17004.454283
0.989548,3,17006.569666
0.778608,3,17012.449302
0.967138,3,17014.659441
0.956113,3,17019.807686
0.986226,3,17019.899601
0.921642,3,17019.982918
0.84389,4,17024.116115
0.931718,3,17027.636885
0.942859,3,17030.466272
0.914152,3,17036.86787
0.937356,3,17042.727138
0.863489,3,17047.055163
0.95053,3,17049.266343
0.972468,3,17053.92294
0.959475,3,17056.024947
0.969231,3,17056.104267
0.989697,3,17060.192764
0.929929,3,17066.263992
0.984984,3,17068.378923
0.974075,3,17074.307549
0.991332,3,17076.450707
0.984244,4,17076.556895
0.963517,3,17078.901917
0.959419,3,17081.374962
0.903512,3,17085.137535
0.984659,3,17090.112628
0.983123,3,17092.15712
0.99491,3,17094.051462
0.882471,3,17099.3083
0.962737,3,17103.965504
0.989934,4,17106.027671
0.946262,3,17108.770538
0.957662,3,17108.856396
0.984659,3,17111.512947
0.910865,3,17118.062121
0.906037,3,17121.131612
0.938056,5,17124.141656
0.96563,3,17124.222492
0.882471,3,17129.442586
0.981618,3,17129.521723
0.89894,3,17133.304003
0.913056,3,17141.093781
0.874713,8,17155.761078
0.968418,3,17157.902607
0.894069,3,17161.953831
0.984452,3,17163.953101
0.848314,3,17175.858365
0.991778,3,17178.200623
0.966064,3,17178.281165
0.901615,3,17181.614056
0.9982,3,17185.369507
0.759232,7,17192.286486
0.910865,3,17199.054304
0.977444,3,17204.077967
0.894388,3,17207.554899
0.906387,5,17218.430708
0.0,3,17280.678359
0.914152,3,17283.999446
0.963691,3,17284.078559
0.933004,8,17309.34823
0.961727,3,17314.53722
0.755709,4,17321.037019
0.914152,3,17324.347782
0.972906,3,17327.171502
0.939751,3,17329.772766
0.99491,3,17331.655054
0.927805,3,17333.968926
0.958987,3,17334.052647
0.848314,3,17340.144826
0.973052,4,17343.46906
0.99491,3,17345.346501
0.981206,3,17347.711265
0.933285,3,17350.49808
0.920347,3,17356.858633
0.987916,3,17359.00872
0.755075,3,17365.390265
0.955969,4,17367.987075
0.964472,3,17370.349787
0.969262,3,17372.537185
0.913218,3,17372.655733
0.962737,3,17377.415527
0.99491,3,17379.377137
0.937356,3,17385.248132
0.0,1,17445.810313
0.961727,3,17451.152104
0.975977,3,17453.412188
0.978294,3,17455.528599
0.961727,3,17458.187611
0.930706,3,17460.49466
0.925138,3,17463.312397
0.811085,3,17470.552855
0.882471,3,17480.265836
0.937356,3,17483.267915
0.897455,3,17486.715876
0.979646,4,17491.513143
0.932359,3,17491.597417
0.963575,3,17494.014366
0.913055,3,17501.020691
0.977884,3,17503.750232
0.986523,3,17505.829892
0.917175,3,17512.209291
0.939383,3,17514.941261
0.981117,3,17515.021477
0.996404,3,17516.896016
0.0,9,17621.532486
0.973227,3,17626.041078
0.979499,3,17628.18595
0.943368,3,17630.747043
0.874976,3,17634.703168
0.882471,3,17639.936879
0.963689,3,17642.031123
0.958641,3,17644.430359
0.0,2,17705.894763
0.988983,3,17705.990289
0.925,3,17708.804461
0.943736,3,17711.476981
0.969407,3,17713.892657
0.969873,6,17716.10546
0.95723,3,17718.191884
0.930399,3,17718.276495
0.966067,3,17723.024747
0.913056,3,17727.154121
0.959419,3,17729.540654
0.952246,3,17732.333668
0.977444,3,17737.568175
0.990677,3,17737.646187
0.954507,3,17740.258421
0.819793,4,17745.248632
0.932888,3,17747.797662
0.901615,3,17751.332163
0.942859,3,17754.1343
0.94612,3,17756.764929
0.972468,3,17761.382987
0.873901,3,17765.236184
0.939383,3,17767.978517
0.939611,3,17771.361237
0.984659,3,17774.090424
0.963084,3,17776.429291
0.947339,4,17779.150435
0.989697,3,17781.224788
0.931154,3,17781.309646
0.84389,3,17785.616876
0.0,11,18034.452608
0.930961,3,18037.17866
0.993119,3,18039.171912
0.882471,3,18048.859945
0.959275,3,18053.960238
0.977884,3,18056.668387
0.848314,3,18062.123252
0.954162,3,18062.259553
0.973052,4,18069.7737
0.991987,3,18069.849903
0.963313,3,18069.930298
0.930402,3,18070.02025
0.928921,3,18070.134712
0.954219,3,18070.213221
0.848314,3,18076.50549
0.771311,3,18085.53456
0.0,5,18150.948106
0.757866,3,18151.259548
0.949392,3,18156.478039
0.960223,3,18156.556506
0.99297,3,18158.569844
0.832209,3,18158.660129
0.848314,3,18165.064508
0.939611,3,18168.445508
0.947257,4,18171.398002
0.97759,3,18173.796893
0.828869,4,18174.657145
0.970572,3,18177.972057
0.857273,3,18187.396267
0.9299,4,18190.321629
0.959275,3,18192.790381
0.909225,3,18205.036582
0.940932,3,18205.172176
0.917865,3,18208.754401
0.889384,3,18212.903705
0.913055,3,18219.84984
0.956113,3,18222.301062
0.946259,3,18222.382891
0.927753,3,18225.167741
0.929649,22,18259.830219
0.848314,3,18271.767165
0.869107,3,18271.883572
0.927753,3,18274.714898
0.993268,3,18279.004794
0.983654,4,18279.106287
0.954246,3,18279.19725
0.922254,3,18282.021407
0.939611,3,18288.429735
0.989697,3,18292.47481
0.961727,5,18300.538994
0.962362,3,18303.023463
0.848314,3,18314.977908
0.97997,3,18317.144675
0.980087,3,18319.345466
0.772191,7,18325.478509
0.882471,3,18335.153941
0.988064,3,18339.746702
0.0,2,18400.714017
0.952818,3,18405.651558
0.979499,3,18407.882849
0.974395,5,18411.017558
0.927753,3,18413.839634
0.93387,3,18413.925003
0.912643,3,18416.893927
0.945663,3,18416.978652
0.94535,3,18419.137885
0.0,1,18479.400472
0.86339,3,18483.632652
0.981618,3,18483.71466
0.830912,7,18483.943653
0.871047,5,18492.740852
0.0,18,18669.123877
0.991719,3,18671.134439
0.844247,3,18680.348039
0.981265,3,18685.694054
0.956113,3,18688.273954
0.885327,3,18688.371657
0.957173,3,18688.503381
0.920485,3,18694.85375
0.991332,3,18696.98287
0.811085,3,18704.396956
0.986138,3,18706.48972
0.963313,3,18706.620453
0.917865,3,18710.212083
0.967373,3,18714.979279
0.962304,3,18717.65527
0.936372,3,18720.616952
0.0,1,18781.014229
0.962304,3,18786.325122
0.0,4,18902.528951
0.99491,3,18904.440314
0.92979,3,18913.650811
0.925194,3,18916.609856
0.973227,3,18918.870461
0.913056,3,18926.749047
0.933285,3,18929.59289
0.981323,3,18931.698555
0.989697,3,18935.711073
0.933588,3,18935.806536
0.973052,3,18941.159612
0.915249,3,18944.153046
0.952675,5,18949.210768
0.869055,3,18949.305919
0.90324,3,18992.016546
0.0,2,19052.705245
0.980058,3,19052.798531
0.0,1,19113.197017
0.965543,3,19115.427226
0.957173,3,19115.50508
0.99297,3,19117.431343
0.931325,7,19128.616266
0.988064,3,19132.838549
0.947367,3,19132.917246
0.90324,3,19160.155868
0.989548,3,19162.170049
0.963835,3,19162.245608
0.938338,3,19162.328428
0.0,1,19222.673343
0.956541,3,19222.768265
0.0,6,19337.610602
0.953988,3,19337.703372
0.976124,3,19339.892448
0.844247,3,19349.209443
0.981323,3,19349.283552
0.990677,3,19349.358555
0.99491,3,19351.244001
0.0,10,19474.607692
0.920347,3,19477.895498
0.863489,3,19482.245683
0.944161,3,19484.895785
0.908105,3,19488.034249
0.947598,3,19490.665791
0.962304,3,19495.759278
0.99297,3,19497.716321
0.859561,3,19502.306178
0.996823,3,19502.383417
0.962737,3,19504.722103
0.98327,3,19506.831781
0.848314,3,19513.191314
0.975331,3,19515.164408
0.758412,4,19515.298033
0.984984,3,19517.442585
0.965922,4,19522.145522
0.979499,3,19524.478837
0.913056,3,19532.23836
0.99297,3,19536.232555
0.953504,3,19538.657964
0.961032,4,19541.116373
0.848314,3,19552.968811
0.864917,4,19568.800907
0.993268,3,19573.294327
0.944217,4,19576.779974
0.93328,3,19576.859124
0.957262,3,19582.127309
0.874161,3,19582.21497
0.821887,3,19582.485868
0.908271,3,19586.244031
0.99491,3,19588.108455
0.982887,3,19590.366961
0.932888,3,19592.885394
0.0,2,19653.286698
0.903512,3,19657.665076
0.0,8,19773.203886
0.943001,3,19778.640349
0.937356,3,19784.574949
0.980882,3,19784.650309
0.936199,4,19784.806881
0.965922,3,19787.122173
0.962737,3,19791.794611
0.904733,3,19795.248117
0.888182,8,19904.301622
0.988064,3,19908.838335
0.97466,4,19914.049011
0.844247,3,19923.331676
0.94612,3,19925.947056
0.842625,7,19933.832481
0.966067,3,19938.335464
0.914015,4,19944.821312
0.848314,3,19956.633895
0.96563,3,19956.796619
0.977884,3,19960.6211
0.857427,3,19965.12859
0.955396,3,19977.245969
0.993715,3,19977.322488
0.932445,3,19980.180624
0.907557,4,19980.346884
0.936255,3,19980.477761
0.913056,3,19988.395729
0.0,5,20072.790489
0.771311,3,20089.237475
0.90324,3,20119.778625
0.993686,3,20119.856504
0.942402,3,20119.936204
0.99297,3,20123.848497
0.967373,3,20128.646987
0.90324,3,20159.162592
0.966181,3,20163.53187
0.954819,3,20163.614298
0.97759,4,20165.952929
0.976124,3,20170.344384
0.886371,3,20170.434561
0.915497,4,20173.401742
0.99491,3,20175.285008
0.898778,3,20179.293416
0.866327,3,20184.044183
0.99491,3,20185.925834
0.957262,3,20190.979593
0.771311,3,20199.787164
0.975068,3,20199.863959
0.939611,3,20203.295113
0.996404,3,20205.172964
0.0,5,20310.227729
0.980058,3,20310.323116
0.981146,3,20312.427248
0.966067,3,20314.811023
0.971301,3,20318.148519
0.758958,6,20324.70607
0.97759,3,20329.132107
0.917865,3,20335.915212
0.123071,17,20434.724586
0.882471,3,20439.856943
0.992076,5,20444.270606
0.922833,3,20444.352215
0.946315,3,20444.522048
0.978352,3,20444.598174
0.966064,3,20444.683768
0.99491,3,20446.575799
0.962302,4,20446.759003
0.970572,3,20450.113274
0.969085,3,20450.190307
0.848314,3,20455.977008
0.980676,3,20458.17073
0.771311,3,20467.859861
0.995298,3,20467.943284
0.844247,4,20473.183854
0.984215,3,20473.304028
0.848314,3,20485.756366
0.940428,3,20488.359392
0.980205,3,20488.436125
0.987916,3,20490.559102
0.989697,3,20494.727697
0.993119,3,20496.937243
0.0,1,20557.255074
0.771311,4,20575.130691
0.956113,3,20580.256057
0.943001,3,20585.914603
0.939611,3,20589.26846
0.875477,3,20594.019817
0.922473,3,20594.229753
0.946262,3,20599.465627
0.97759,3,20601.625454
0.925138,3,20604.340227
0.962304,3,20607.161651
0.953733,3,20609.730063
0.952675,3,20612.394945
0.942294,3,20618.271811
0.439556,3,20618.612139
0.920454,3,20618.697879
0.844247,3,20623.28948
0.974454,3,20625.476882
0.946262,3,20628.300429
0.539561,7,20630.062256
0.973607,3,20630.138585
0.987916,3,20634.528463
0.990677,4,20634.658656
0.945209,3,20637.358218
0.967373,3,20639.921363
0.984421,3,20640.006642
0.982739,3,20644.130289
0.979852,3,20646.287515
0.024018,18,20904.004431
0.907862,3,20910.81812
0.982887,3,20915.069681
0.942859,3,20917.868301
0.97997,3,20922.107578
0.934828,4,20931.402395
0.947257,3,20934.31882
0.878445,4,20934.449553
0.880878,3,20938.147052
0.99832,4,20940.159932
0.942294,3,20943.203955
0.944613,3,20945.930178
0.972614,3,20948.249519
0.982887,3,20950.489114
0.979646,3,20953.218991
0.982887,3,20955.468471
0.993715,3,20955.546304
0.940428,3,20958.167893
0.927559,3,20961.793358
0.828446,3,20961.897188
0.957232,3,20961.97393
0.912721,3,20964.669744
0.941299,3,20964.748894
0.958641,3,20967.153761
0.0,3,21057.418803
0.864371,3,21057.668449
0.939611,3,21060.682202
0.884884,3,21064.588811
0.933285,4,21070.306523
0.989548,3,21072.414214
0.939611,3,21075.792315
0.898772,3,21075.883301
0.9982,3,21079.600986
0.981294,3,21079.688196
0.99491,3,21081.642811
0.99491,3,21083.530942
0.956113,3,21085.927001
0.968418,3,21088.180513
0.970106,3,21090.480948
0.911001,4,21097.126198
0.882471,3,21107.628888
0.946943,3,21110.271959
0.0,1,21170.925474
0.977444,3,21176.253399
0.938338,3,21176.353221
0.893098,3,21180.489373
0.93961,3,21186.151289
0.966238,3,21186.226883
0.977444,4,21191.891532
0.953845,3,21191.971065
0.945039,3,21194.843436
0.979499,3,21197.118054
0.924552,3,21197.229913
0.848314,3,21203.973032
0.913055,3,21211.242292
0.882471,3,21221.265692
0.951501,3,21221.373697
0.92131,3,21224.145954
0.913056,3,21228.572924
0.976474,3,21228.653547
0.894466,3,21228.766534
0.929339,3,21228.849738
0.937356,3,21232.164123
0.984215,3,21232.240149
0.981265,3,21237.661796
0.986286,3,21239.926601
0.973198,4,21246.859537
0.99297,3,21250.910142
0.964472,3,21253.349206
0.981146,3,21255.499861
0.818344,4,21259.597494
0.90324,3,21291.749048
0.995059,4,21295.725514
0.933285,3,21301.693721
0.960226,3,21306.4419
0.962824,3,21309.030006
0.989934,3,21311.091656
0.758389,5,21320.098638
0.916098,4,21320.202917
0.846148,4,21324.608496
0.952675,3,21327.289166
0.98265,3,21327.382313
0.914152,3,21330.747274
0.98451,3,21332.659164
0.927559,3,21339.405913
0.757866,4,21339.534645
0.913056,3,21347.582268
0.882471,3,21352.799445
0.978294,3,21355.002081
0.991987,3,21355.083954
0.931325,4,21370.92601
0.826338,4,21378.632246
0.854488,4,21756.397023
0.811085,3,21764.043247
0.939611,3,21770.547509
0.927726,3,21773.685547
0.973052,3,21779.145169
0.771311,5,21788.826517
0.957262,3,21791.64123
0.957031,3,21794.068689
0.977444,4,21799.433713
0.907726,3,21806.220064
0.988064,3,21808.78087
0.962824,3,21811.305309
0.978264,5,21811.436099
0.864786,4,21811.706988
0.979499,3,21816.139678
0.861788,3,21825.655777
0.957031,3,21827.984101
0.942828,4,21828.11474
0.988271,3,21830.187921
0.988924,3,21830.272318
0.972614,3,21832.606029
0.965804,3,21832.688217
0.921561,5,21839.51862
0.757707,5,21840.058297
0.933285,3,21845.778172
0.97627,3,21848.742993
0.982887,3,21850.891186
0.959275,3,21856.048554
0.938338,3,21856.136406
0.934828,3,21859.772284
0.932359,3,21859.855575
0.984659,3,21862.641562
0.99491,3,21864.639421
0.951074,3,21864.725215
0.984659,3,21867.639859
0.945066,3,21867.726648
0.933004,4,21893.094913
0.96653,3,21895.372622
0.894069,3,21899.543244
0.909225,3,21911.694641
0.79311,3,21917.339031
0.972468,3,21919.835898
0.975331,3,21919.912341
0.848314,3,21932.141717
0.960108,3,21932.222106
0.87102,3,21940.476689
0.867781,3,21944.529458
0.913056,3,21948.854016
0.995059,3,21952.819141
0.964819,3,21955.22016
0.0,1,22015.768277
0.963835,3,22015.862504
0.978205,3,22016.002567
0.99491,3,22018.029653
0.981146,3,22020.09974
0.965166,4,22024.797527
0.729534,3,22035.422242
0.952246,3,22038.356421
0.956828,4,22040.941217
0.989697,3,22043.013301
0.943141,3,22043.195657
0.953733,3,22045.59121
0.963199,3,22047.858267
0.884664,3,22051.005829
0.980852,3,22051.087596
0.962593,3,22055.895648
0.848314,3,22068.288771
0.987916,3,22072.856344
0.976358,3,22075.060164
0.993119,3,22079.073242
0.78598,9,22102.185441
0.981146,3,22104.294003
0.992076,4,22106.737447
0.995208,4,22108.913355
0.972468,3,22111.764925
0.946003,3,22111.856676
0.933285,3,22117.949719
0.986138,3,22120.095336
0.959275,3,22122.701269
0.959419,3,22125.244509
0.947881,3,22125.328475
0.921477,3,22128.543395
0.966064,3,22128.621915
0.922254,3,22131.558438
0.906608,3,22134.8634
0.952818,3,22140.089483
0.0,8,22203.20854
0.0,16,22386.914393
0.024078,11,22387.804987
0.971329,4,22391.507598
0.979499,3,22393.897077
0.894412,5,22397.740206
0.945179,3,22397.833358
0.024078,9,22421.232291
0.945039,3,22424.170761
0.848314,3,22436.110343
0.990142,3,22440.574227
0.962304,3,22445.674175
0.922001,3,22445.760106
0.99297,3,22447.764861
0.962304,3,22450.48306
0.907862,3,22453.869334
0.8785,4,22458.555319
0.937323,4,22458.710346
0.91322,3,22462.07337
0.848314,3,22474.146556
0.811085,3,22487.943635
0.967373,3,22490.442744
0.973052,3,22495.78863
0.979059,3,22498.170188
0.889862,3,22501.933102
0.949534,3,22504.588354
0.882471,3,22509.725693
0.93961,3,22512.603373
0.904597,3,22516.220476
0.936372,3,22521.999727
0.787961,6,22532.366263
0.959419,3,22537.274782
0.830438,3,22542.132267
0.969698,3,22548.003042
0.960916,3,22550.367587
0.882471,3,22560.22525
0.979059,3,22562.591481
0.953245,4,22565.128755
0.946318,3,22567.560709
0.991778,3,22571.974114
0.977444,3,22577.298614
0.972262,3,22577.380566
0.99491,3,22579.366065
0.933145,3,22585.211863
0.970106,3,22589.740874
0.939611,3,22593.234828
0.875477,3,22602.358862
0.954878,3,22602.441195
0.921587,3,22602.536703
0.982739,3,22604.813945
0.991332,3,22606.997964
0.795636,3,22607.265226
0.980499,4,22611.512701
0.002951,9,22620.557684
0.987916,3,22624.753341
0.965746,3,22627.09982
0.980205,3,22627.185758
0.124113,7,22628.639715
0.913056,3,22633.106086
0.888395,4,22636.854615
0.972233,3,22636.940203
0.889384,3,22641.501093
0.956541,3,22641.744758
0.848518,3,22641.847322
0.0,1,22702.520658
0.970017,3,22704.976285
0.988271,3,22707.083782
0.866327,3,22717.525011
0.93166,3,22720.300936
0.988094,3,22722.256881
0.933588,3,22722.338946
0.944613,3,22725.08654
0.986286,3,22729.906869
0.987589,3,22729.992064
0.882471,3,22740.257525
0.729534,6,22762.962604
0.97627,3,22766.073323
0.952818,3,22768.856645
0.991778,3,22773.48851
0.955396,3,22781.636666
0.882471,3,22791.848916
0.993417,3,22795.811816
0.982887,3,22800.495828
0.0,17,23039.101219
0.986286,3,23043.850514
0.811085,3,23058.551441
0.939611,3,23065.512502
0.978381,4,23065.68697
0.900933,3,23065.991953
0.966067,3,23070.74531
0.981117,3,23070.822098
0.0,1,23131.129461
0.992076,3,23131.239187
0.811085,3,23139.231928
0.956972,3,23139.311883
0.0,1,23200.018598
0.967922,3,23200.113918
0.981117,3,23200.202516
0.90324,4,23244.717241
0.981265,3,23250.070024
0.991719,3,23252.244244
0.882471,3,23262.046745
0.964444,4,23264.597408
0.943906,3,23267.163138
0.945179,3,23267.289793
0.918166,3,23267.374006
0.913056,4,23271.620263
0.929144,3,23271.705264
0.961727,3,23274.258373
0.757866,4,23274.387411
0.991778,3,23276.740758
0.992076,3,23276.816582
0.811085,3,23284.489012
0.99491,3,23286.414644
0.94612,3,23291.838469
0.990588,3,23291.915846
0.94612,3,23295.116454
0.940935,3,23300.248288
0.0,1,23360.730449
0.844247,3,23370.704942
0.024081,12,23421.989268
0.862764,3,23426.828028
0.979852,3,23429.087244
0.927753,3,23432.470939
0.932445,3,23439.670066
0.917175,3,23443.180836
0.86279,3,23448.077693
0.979499,3,23450.348639
0.991332,3,23454.54156
0.754622,6,23463.783665
0.946003,3,23463.89098
0.913055,3,23467.788008
0.883899,4,23471.694097
0.961727,3,23477.342169
0.974075,3,23480.873494
0.915497,3,23483.908841
0.988568,3,23484.18088
0.929144,3,23484.264585
0.97759,3,23488.796569
0.848314,3,23500.940038
0.988983,3,23501.017146
0.972906,3,23503.810853
0.989697,4,23505.959625
0.811085,4,23513.85819
0.771311,3,23521.761828
0.821887,3,23521.863856
0.91322,3,23525.288736
0.910865,3,23528.770162
0.989548,3,23532.862762
0.952246,3,23535.704873
0.917366,3,23538.705267
0.901615,4,23545.499036
0.979059,3,23547.649359
0.95657,4,23547.751753
0.989697,3,23551.849033
0.961696,3,23554.223003
0.991987,3,23554.302376
0.972468,3,23559.038687
0.821418,3,23563.904782
0.882471,3,23573.970311
0.930179,5,23576.86506
0.979499,4,23581.34945
0.940653,3,23583.977727
0.927471,3,23584.065312
0.928117,3,23590.272135
0.322857,16,23602.554179
0.942176,4,23602.701193
0.924746,4,23602.832438
0.93328,3,23602.919742
0.962966,4,23605.320914
0.984215,3,23605.395759
0.93961,3,23608.164804
0.983919,3,23610.272863
0.939611,4,23613.735882
0.934686,3,23616.578476
0.99491,3,23618.563997
0.961118,3,23618.66327
0.963313,3,23618.798386
0.984303,3,23618.907382
0.978529,3,23618.979261
0.939611,3,23622.443033
0.987916,3,23624.632583
0.832284,3,23624.727161
0.0,8,23741.121865
0.907726,3,23747.958259
0.857273,3,23753.290363
0.965922,3,23755.740206
0.918495,5,23762.128629
0.913056,3,23766.405434
0.983919,3,23768.525823
0.965225,3,23770.905274
0.903512,3,23774.866676
0.901615,3,23778.536335
0.0,2,23878.351519
0.848314,4,23884.942425
0.981117,3,23885.033726
0.99491,4,23887.067955
0.887273,4,23891.482999
0.977179,3,23894.175532
0.903512,3,23901.723871
0.991719,3,23903.82103
0.0,9,24004.997267
0.95988,3,24007.438309
0.988064,3,24009.548002
0.811085,3,24017.141293
0.946943,3,24019.674338
0.97627,4,24024.93066
0.946262,3,24030.365445
0.97276,3,24032.704854
0.917865,3,24040.02957
0.882471,3,24045.41444
0.937356,3,24048.654473
0.882471,3,24053.755425
0.841463,5,24058.273818
0.920347,3,24061.469241
0.729534,3,24070.762357
0.957262,3,24076.108769
0.982887,3,24080.828704
0.931466,3,24090.437236
0.986138,3,24092.7621
0.972468,3,24097.573389
0.970106,3,24099.996279
0.984659,3,24102.976566
0.928921,3,24103.106563
0.987916,3,24105.323128
0.961727,3,24108.04451
0.955396,3,24115.91091
0.882471,3,24125.908623
0.955624,3,24128.410084
0.943001,3,24133.789815
0.963199,3,24136.124341
0.991332,3,24138.213845
0.840378,3,24138.332442
0.962304,3,24141.042937
0.904733,3,24148.072472
0.991481,3,24152.352997
0.953845,3,24152.434011
0.989697,3,24156.59664
0.984451,3,24156.682257
0.930315,3,24156.772998
0.979499,3,24159.202535
0.926724,3,24162.422497
0.882449,12,24171.029791
0.884106,3,24171.117715
0.955365,3,24173.814048
0.951961,3,24179.653575
0.95988,3,24182.032126
0.97759,3,24186.576552
0.972468,3,24191.370307
0.882471,3,24201.364574
0.0,9,24310.57919
0.97627,3,24315.727912
0.87089,5,24324.455361
0.987916,3,24328.71651
0.981265,3,24334.201576
0.979059,3,24336.673231
0.863489,3,24341.287899
0.938338,3,24341.371649
0.972262,3,24341.448107
0.962593,3,24343.98042
0.109144,5,24370.833145
0.933145,3,24376.880378
0.947257,3,24382.580518
0.890126,8,24382.835585
0.932445,3,24386.178603
0.991481,3,24388.264102
0.939611,3,24394.845796
0.0,1,24455.248317
0.97276,3,24457.742837
0.969231,3,24457.826585
0.93166,3,24460.786507
0.829392,4,24466.016193
0.901615,4,24476.301446
0.967373,3,24481.199983
0.987916,3,24483.4799
0.910864,3,24495.387489
0.983477,3,24497.852916
0.962593,3,24502.845723
0.971301,3,24506.049386
0.965922,5,24508.355295
0.962966,3,24508.436137
0.831385,3,24508.528824
0.884849,3,24508.627478
0.979646,3,24513.514412
0.904733,3,24520.279773
0.972468,4,24522.746802
0.941667,3,24522.820499
0.757866,3,24522.916422
0.942179,3,24525.674321
0.993686,3,24525.745285
0.882657,3,24525.83666
0.996404,3,24527.72382
0.959419,3,24532.515728
0.959275,3,24537.376358
0.0,5,24611.178714
0.981265,3,24616.20334
0.99297,3,24620.079319
0.889862,3,24623.583204
0.771771,4,24637.617918
0.910148,4,24637.725987
0.97997,3,24642.103692
0.979646,3,24647.184803
0.961696,3,24649.431031
0.955969,3,24654.65092
0.987916,3,24656.957602
0.830887,4,24657.262284
0.907339,3,24657.375066
0.991332,3,24661.655781
0.940793,3,24661.744389
0.965369,4,24661.886843
0.939014,3,24661.971998
0.913049,3,24662.060918
0.932445,3,24665.535574
0.926777,4,24665.664137
0.97627,3,24670.926151
0.970106,3,24673.259635
0.98451,3,24675.201451
0.981118,3,24678.011122
0.970572,3,24681.542305
0.968447,3,24683.981818
0.981618,3,24684.063212
0.831385,3,24684.157727
0.979499,3,24688.518064
0.989934,3,24690.724525
0.966936,3,24690.804252
0.875477,3,24700.125734
0.866142,3,24704.386381
0.961003,3,24704.502383
0.972468,3,24709.388076
0.984274,3,24709.5597
0.965922,3,24714.381079
0.965718,3,24716.871636
0.988064,3,24721.331715
0.989548,3,24725.464934
0.0,1,24785.761047
0.962533,3,24788.166923
0.907862,3,24794.803922
0.889384,3,24802.919339
0.848314,3,24814.76566
0.942294,3,24820.733957
0.97759,3,24825.000862
0.848314,3,24836.651033
0.99832,4,24838.62386
0.942233,3,24838.75034
0.961379,3,24843.150598
0.942294,3,24846.050711
0.902914,3,24849.199911
0.961727,3,24851.948107
0.913218,3,24852.031429
0.952246,3,24857.600323
0.0,1,24918.216106
0.990677,3,24918.302884
0.988924,3,24918.384879
0.967373,3,24920.721049
0.979059,3,24922.953888
0.939751,3,24925.97756
0.0,3,25026.550042
0.0,6,25090.509633
0.988271,3,25092.617841
0.961727,3,25095.433388
0.966067,3,25100.440016
0.961695,5,25103.00317
0.913049,3,25103.115541
0.858138,4,25106.657926
0.917175,3,25113.536623
0.882471,3,25118.876486
0.892994,10,25173.279628
0.946003,3,25173.364277
0.951961,3,25178.591955
0.024078,6,25268.079396
0.979264,3,25270.342417
0.755709,3,25277.314225
0.929929,3,25280.284139
0.913056,3,25288.241733
0.969085,3,25288.324908
0.979646,3,25293.397275
0.917313,3,25296.735586
0.0,1,25357.045246
0.0,1,25417.691257
0.981118,3,25420.561393
0.830264,3,25425.704419
0.940593,3,25425.780753
0.929147,3,25428.797199
0.99491,3,25432.65522
0.907726,3,25436.080256
0.946003,3,25436.161724
0.914015,3,25443.362014
0.979499,3,25445.77592
0.989875,3,25448.411027
0.918744,3,25451.961318
0.0,2,25513.641521
0.993656,4,25513.784457
0.941274,3,25513.917062
0.884664,3,25517.232488
0.993268,3,25521.577147
0.952246,3,25527.096296
0.982739,3,25529.32301
0.99491,3,25531.215066
0.982887,3,25533.428412
0.93831,3,25533.521894
0.929929,3,25536.667222
0.97627,3,25541.788969
0.975977,3,25544.176658
0.957262,3,25546.851084
0.757025,4,25553.562453
0.972468,3,25555.964053
0.979646,3,25558.888083
0.970221,3,25559.021526
0.983477,3,25561.687105
0.891305,3,25565.443189
0.882471,3,25575.256336
0.898772,3,25575.388473
0.793062,3,25581.307722
0.882471,3,25591.301037
0.942859,3,25596.873536
0.910865,3,25600.408332
0.956113,3,25603.126683
0.0,3,25666.269346
0.963199,3,25668.585654
0.932445,4,25671.896806
0.939383,3,25674.718935
0.962015,3,25681.966784
0.96563,3,25682.051823
0.949962,3,25685.132889
0.940653,3,25688.292645
0.0,2,25751.357705
0.93328,3,25751.476188
0.956972,3,25751.57862
0.975977,3,25756.809134
0.959419,3,25759.481889
0.933758,3,25759.580263
0.861943,3,25764.625811
0.958987,3,25764.770153
0.942294,3,25767.942075
0.882471,3,25778.366091
0.95988,3,25780.876463
0.907862,3,25787.935573
0.898778,3,25795.963221
0.963199,3,25798.322128
0.79311,3,25804.233812
0.913056,3,25808.55239
0.912095,3,25811.604874
0.883974,4,25811.724185
0.959419,3,25814.301969
0.84308,5,25818.611524
0.911763,3,25818.724281
0.913056,3,25823.057551
0.961727,3,25828.330845
0.913056,3,25836.332566
0.982739,3,25838.606796
0.916431,3,25838.742286
0.913055,3,25846.126572
0.913049,3,25846.246021
0.729534,3,25866.311357
0.87089,3,25875.398036
0.931828,3,25875.49497
0.926724,3,25878.683511
0.991332,3,25882.783388
0.847546,3,25886.973259
0.877496,3,25887.071235
0.979499,3,25889.288961
0.991481,4,25893.37536
0.880191,3,25893.483186
0.933285,3,25896.397741
0.979646,3,25901.465948
0.946318,3,25904.005792
0.813399,3,25916.077219
0.920509,4,25919.072822
0.99297,3,25921.040154
0.866327,3,25930.291523
0.87089,3,25939.237747
0.977884,4,25942.837136
0.969174,3,25942.912286
0.930706,3,25945.270437
0.02405,11,25955.831461
0.969262,3,25960.532415
0.795588,3,25960.650594
0.969407,3,25965.350073
0.932724,4,25976.421397
0.87102,3,25980.854792
0.982887,3,25985.596489
0.937356,3,25988.796723
0.995238,4,25992.692917
0.848314,3,26004.8813
0.729534,3,26013.883496
0.987916,3,26018.154627
0.942402,3,26020.344214
0.811085,3,26027.864862
0.95379,3,26030.410191
0.0,5,26092.786638
0.991481,3,26094.857506
0.982887,3,26097.191599
0.918415,3,26100.179491
0.877444,3,26100.277906
0.984363,3,26104.536986
0.99491,3,26106.424874
0.98327,3,26108.547288
0.848314,3,26114.796993
0.990588,3,26114.875524
0.937356,3,26118.176231
0.0,9,26179.757694
0.932445,3,26183.670449
0.986523,3,26185.764977
0.95723,3,26185.843957
0.952246,3,26188.638797
0.975685,3,26191.103321
0.99491,3,26193.005544
0.755075,4,26199.689223
0.951929,3,26199.80208
0.917865,3,26203.428179
0.113084,8,26271.669191
0.943001,3,26277.172575
0.972468,3,26279.661382
0.965572,3,26279.744298
0.914152,3,26286.17102
0.979059,3,26290.539229
0.93166,3,26293.286223
0.99491,3,26295.178548
0.024019,7,26339.555779
0.99491,3,26341.541938
0.907339,3,26341.630807
0.960684,3,26341.801147
0.984984,3,26343.995055
0.0,1,26404.387075
0.937437,3,26777.428625
0.970106,3,26782.444398
0.993745,3,26782.52657
0.987916,3,26786.878122
0.87089,3,26795.838434
0.961696,3,26798.171562
0.99491,3,26800.083323
0.984659,3,26803.122192
0.965833,4,26805.494343
0.848314,3,26817.804022
0.929283,3,26817.908873
0.987916,3,26820.030892
0.974075,3,26825.415462
0.987589,3,26825.495106
0.959275,3,26830.568444
0.024087,3,26831.210343
0.936372,3,26834.271491
0.857114,3,26834.508005
0.960284,3,26839.182901
0.0,1,26899.759964
0.912095,3,26902.904077
0.876159,3,26906.706992
0.858138,3,26909.646001
0.958699,3,26912.043001
0.972614,3,26916.569758
0.962593,3,26921.481635
0.924556,3,26924.404282
0.877496,3,26924.502898
0.984659,3,26927.24112
0.987559,3,26927.332188
0.952246,3,26932.884645
0.946262,3,26935.729915
0.910421,3,26935.816602
0.977444,3,26941.121813
0.932445,3,26944.850412
0.990588,3,26944.925962
0.882471,3,26950.128018
0.973929,3,26953.230867
0.859561,3,26957.942766
0.962593,3,26961.203446
0.965369,3,26961.303708
0.84308,3,26966.146085
0.829392,3,26971.69394
0.993268,3,26976.056009
0.0,1,27036.391975
0.811085,3,27043.957414
0.976124,3,27046.366703
0.965922,3,27048.982401
0.984274,3,27049.063144
0.0,6,27113.243807
0.89894,3,27117.13925
0.848314,3,27129.26875
0.933588,3,27129.352857
0.961727,4,27132.1956
0.988064,3,27136.893642
0.97759,3,27141.398017
0.989548,3,27145.502475
0.972468,4,27148.044221
0.758913,5,27148.215643
0.991332,3,27152.535443
0.981323,3,27154.857704
0.982739,3,27159.789622
0.981618,3,27162.388583
0.979499,3,27166.762264
0.913056,3,27171.147702
0.848314,3,27177.489984
0.936372,3,27183.380066
0.919379,3,27183.464883
0.977002,3,27183.54725
0.989548,3,27185.639652
0.967373,3,27188.327259
0.858138,3,27191.375181
0.942828,3,27191.464694
0.965922,3,27193.683651
0.962593,3,27198.53137
0.965718,4,27200.842462
0.982739,3,27203.218611
0.829392,3,27208.346667
0.982887,3,27213.154115
0.952989,3,27215.66356
0.979852,3,27217.763129
0.984984,3,27220.060827
0.979353,3,27222.358269
0.956113,3,27227.322653
0.0,7,27322.576641
0.961727,3,27328.020651
0.952246,3,27333.510075
0.904597,3,27337.155588
0.942859,3,27340.005127
0.957262,3,27345.402006
0.99491,3,27347.287377
0.987559,3,27347.364414
0.913056,3,27351.583575
0.964472,3,27354.012352
0.936255,3,27354.098857
0.962533,3,27356.48744
0.0,2,27417.261492
0.969698,3,27423.008314
0.917175,4,27429.284554
0.947881,3,27429.376475
0.903509,3,27432.663496
0.983919,3,27434.75273
0.811085,3,27442.558461
0.960284,3,27447.569246
0.981265,3,27452.914608
0.947257,3,27459.137925
0.977884,3,27465.537742
0.97759,3,27468.024755
0.847546,3,27472.353085
0.993417,3,27474.373885
0.921477,3,27477.600004
0.933145,3,27483.366394
0.819129,3,27488.638772
0.917175,3,27492.306114
0.79311,4,27498.863928
0.882471,3,27504.599887
0.966238,3,27504.71278
0.99297,3,27506.909031
0.9982,3,27509.170515
0.916648,3,27509.27947
0.757866,3,27509.399112
0.938085,3,27509.490819
0.977884,3,27516.630107
0.976124,3,27520.52926
0.924556,3,27524.648
0.904733,3,27529.394776
0.991332,3,27532.895222
0.99832,4,27537.234693
0.849353,3,27537.355503
0.992076,4,27542.067718
0.969407,3,27544.74447
0.962995,3,27544.850913
0.9225,3,27544.965407
0.982887,3,27547.757233
0.939383,4,27550.868147
0.966067,3,27556.0898
0.982739,3,27558.494523
0.0,10,27623.435836
0.941642,3,27623.583008
0.969873,3,27625.774745
0.972468,3,27630.554318
0.942859,3,27633.384216
0.875477,3,27642.847778
0.866142,3,27647.232096
0.991778,3,27649.639926
0.0,10,27728.641309
0.915795,3,27728.97017
0.849353,3,27729.296352
0.0,5,27791.071539
0.962304,3,27796.465398
0.0,3,27857.261309
0.920347,3,27863.776668
0.945039,3,27866.630543
0.97276,3,27869.768995
0.86476,3,27869.870083
0.894069,4,27878.852182
0.784143,3,27878.965112
0.889268,3,27879.229542
0.996404,3,27881.653961
0.875477,3,27891.532292
0.959475,3,27893.824058
0.93831,3,27893.919816
0.0,8,27969.223125
0.756549,3,27976.162875
0.0,5,28038.901602
0.995059,3,28042.923624
0.97997,3,28045.253958
0.872485,3,28049.081191
0.904597,3,28052.639963
0.975977,3,28057.346407
0.922699,3,28061.187775
0.88722,5,28070.32974
0.989697,3,28072.559411
0.986523,3,28074.594048
0.910865,3,28081.691872
0.969407,3,28086.389924
0.931045,5,28097.695934
0.910865,3,28101.294805
0.939611,3,28108.063222
0.959275,3,28110.804745
0.79311,3,28117.143529
0.933004,5,28149.645691
0.942294,3,28153.098129
0.93387,3,28153.198435
0.996404,3,28155.394068
0.90324,3,28188.703217
0.933589,3,28188.822795
0.996823,4,28188.930036
0.986138,3,28193.292105
0.0,1,28253.737283
0.99491,3,28258.030414
0.969407,3,28260.774892
0.927559,4,28264.912265
0.904733,3,28272.99548
0.967373,3,28275.539515
0.936512,3,28281.57068
0.960916,3,28284.243851
0.793062,3,28290.485687
0.975273,3,28290.573652
0.861788,3,28300.928414
0.935106,3,28301.019999
0.981265,3,28306.705976
0.982887,3,28311.178893
0.947311,3,28311.312446
0.962304,3,28314.232774
0.967373,3,28319.735218
0.963199,3,28322.023523
0.953906,3,28322.286423
0.848314,3,28334.804162
0.892913,3,28338.448059
0.0,14,28477.784513
0.937356,3,28484.240364
0.986286,3,28488.831653
0.911298,3,28489.086739
0.979353,3,28491.391729
0.936372,3,28494.365005
0.771311,3,28503.343968
0.90324,3,28543.585489
0.913056,3,28551.426859
0.942294,3,28554.417442
0.953962,5,28558.309748
0.922476,3,28558.431636
0.904597,3,28565.355433
0.966238,3,28567.364844
0.97627,3,28572.628788
0.976124,3,28574.858061
0.947257,3,28580.458561
0.995059,3,28582.464504
0.889545,4,28590.368663
0.729534,10,28614.987914
0.795636,3,28615.092503
0.99491,3,28617.020756
0.963922,3,28617.097389
0.922254,3,28619.976207
0.959419,3,28624.80035
0.9299,3,28627.724982
0.885359,3,28631.405892
0.904597,3,28638.343923
0.993417,3,28640.479186
0.888894,3,28640.568871
0.875477,3,28649.470992
0.973052,3,28654.958795
0.974513,3,28657.648794
0.951501,3,28657.730971
0.922699,3,28664.502643
0.959275,3,28669.346838
0.0,4,28730.232856
0.0,1,28790.593511
0.98265,3,28790.689692
0.873901,3,28794.994991
0.977444,3,28800.021405
0.944161,3,28802.716772
0.944669,3,28805.577976
0.811085,3,28813.162987
0.957262,3,28818.430633
0.939611,3,28825.108835
0.942294,3,28830.846385
0.99491,3,28832.719669
0.0,1,28893.073611
0.966181,3,28897.500721
0.929929,3,28903.329646
0.962593,3,28908.269301
0.970221,3,28908.352665
0.944161,3,28911.033178
0.983123,3,28913.000899
0.937356,3,28916.189137
0.957262,3,28921.5965
0.829367,3,28926.528412
0.992076,3,28926.60763
0.940932,3,28926.687258
0.931325,4,28939.617113
0.871596,4,28948.623118
0.930961,3,28951.362777
0.983123,3,28953.29486
0.924778,3,28956.30646
0.975977,3,28958.484315
0.87102,3,28966.806577
0.99491,3,28968.737252
0.980676,3,28970.915217
0.969873,3,28973.149703
0.956113,3,28975.711024
0.996823,5,28975.830842
0.848314,3,28988.001182
0.966238,3,28988.089666
0.913056,3,28992.411952
0.974806,4,28995.994702
0.290143,7,29056.76466
0.905004,4,29063.726234
0.924778,3,29066.760093
0.982739,3,29069.085473
0.828546,3,29069.188809
0.926863,3,29075.101844
0.829392,3,29079.994957
0.984659,3,29082.979288
0.952246,3,29088.509956
0.939611,3,29091.923193
0.961727,3,29097.457985
0.811085,3,29112.45103
0.991332,3,29116.904272
0.987916,3,29121.29926
0.946318,3,29123.869759
0.982739,3,29128.207611
0.882471,3,29132.951096
0.965543,3,29137.603129
0.911,10,29147.391121
0.966238,3,29149.356195
0.927805,3,29151.849516
0.927805,3,29154.31228
0.917313,3,29157.439522
0.882471,3,29162.762554
0.983123,4,29165.126976
0.848314,3,29171.511941
0.944161,3,29174.249851
0.924556,3,29177.121177
0.848314,3,29188.95295
0.973052,3,29194.412743
0.99491,3,29196.374194
0.93387,3,29196.458383
0.952246,3,29199.103441
0.962304,3,29204.217173
0.908271,3,29211.471714
0.910865,3,29214.926878
0.989697,3,29219.030838
0.995238,4,29222.849422
0.907862,3,29226.341276
0.912095,3,29229.367243
0.864371,3,29229.462678
0.901615,3,29233.117355
0.0,3,29294.715947
0.94612,3,29297.577641
0.95379,3,29300.096479
0.97627,3,29305.161154
0.97276,3,29307.427388
0.979264,3,29309.578434
0.964877,3,29311.934974
0.955969,3,29314.420126
0.973227,3,29318.927916
0.928117,3,29325.185447
0.932445,3,29331.491697
0.933145,3,29337.311957
0.873901,3,29341.513321
0.967373,3,29346.510302
0.965369,3,29346.591708
0.882471,3,29356.207339
0.933145,3,29361.982995
0.82453,8,29367.561052
0.971301,3,29370.599676
0.939611,3,29374.022227
0.996404,3,29375.888311
0.972468,3,29380.639902
0.972468,3,29382.969563
0.84389,4,29387.116545
0.0,7,29455.104782
0.99297,3,29459.081824
0.979499,3,29463.413371
0.927471,3,29463.496348
0.0,2,29524.577634
0.989934,3,29526.627857
0.972468,3,29531.263057
0.962331,4,29531.454525
0.920512,3,29534.659259
0.795636,3,29534.759512
0.992076,3,29534.839803
0.950446,3,29537.185874
0.977444,3,29542.387657
0.972176,3,29545.473616
0.992076,4,29549.887017
0.97627,3,29554.914714
0.99491,3,29558.720592
0.939465,3,29560.971799
0.969262,3,29563.245112
0.959935,3,29563.338213
0.92131,3,29566.057707
0.981323,3,29568.266373
0.920347,3,29571.502096
0.969262,3,29576.115757
0.87089,3,29585.067352
0.972671,4,29588.395023
0.976124,3,29592.80973
0.930961,3,29595.603091
0.904597,3,29602.699971
0.989548,3,29606.844051
0.98327,3,29608.928758
0.875477,3,29613.507763
0.915301,4,29616.30166
0.97466,3,29621.577672
0.944669,3,29626.735308
0.811085,3,29634.306421
0.794968,3,29640.050441
0.97997,3,29644.28172
0.913056,3,29652.145158
0.936512,3,29657.854724
0.979059,3,29662.358897
0.983477,3,29665.157429
0.882471,3,29670.32664
0.965369,3,29670.406556
0.904733,3,29677.109552
0.882471,3,29682.400092
0.024076,4,29683.077191
0.950957,3,29683.162109
0.97759,3,29687.549949
0.982739,3,29689.823481
0.99306,3,29689.892459
0.932724,4,29697.948656
0.995059,3,29701.77307
0.90202,3,29705.234307
0.972468,3,29707.619502
0.984659,3,29710.60736
0.857114,3,29710.701103
0.983123,3,29712.748523
0.97028,3,29712.837677
0.969698,3,29718.405441
0.888894,3,29718.634982
0.94535,3,29718.730589
0.987916,3,29723.084575
0.943368,3,29725.667019
0.910148,3,29725.755583
0.929144,3,29725.877162
0.955624,3,29728.664697
0.87102,3,29732.82084
0.866327,3,29737.572725
0.934828,3,29746.737925
0.972176,3,29749.714986
0.950531,3,29752.234614
0.0,1,29812.631181
0.0,1,29873.232664
0.956113,3,29878.173816
0.1234,10,29935.963226
0.908271,3,29939.758632
0.962304,3,29944.872721
0.961727,3,29950.222411
0.86279,3,29954.84541
0.864786,3,29954.938498
0.0,2,30017.019505
0.908271,3,30020.868572
0.90324,4,30051.84084
0.903131,3,30055.010698
0.90324,3,30098.761085
0.901615,3,30105.914173
0.857273,3,30111.033476
0.979499,3,30113.18398
0.974075,3,30118.648464
0.942294,3,30124.702838
0.927753,3,30127.522221
0.780784,3,30133.446903
0.984659,3,30136.376094
0.98327,3,30138.5211
0.932888,3,30141.106653
0.893098,3,30144.896975
0.94999,3,30147.401361
0.983477,3,30149.991763
0.96375,3,30157.170532
0.953504,3,30159.518414
0.950957,3,30159.602861
0.970367,3,30159.686175
0.939611,4,30163.149063
0.945606,4,30163.255716
0.871358,3,30163.364212
0.912095,3,30166.422704
0.957262,3,30169.161446
0.871596,5,30178.458287
0.943368,3,30181.092512
0.996404,3,30182.989771
0.828546,3,30183.107578
0.962737,3,30185.534235
0.962824,3,30188.000806
0.857273,3,30193.029668
0.980411,3,30195.156382
0.933589,3,30195.242374
0.966936,3,30195.32183
0.92131,3,30198.058344
0.957262,3,30203.392733
0.949392,3,30206.148551
0.944444,3,30206.279777
0.99491,3,30208.196977
0.943736,3,30210.882428
0.931466,3,30220.046679
0.934125,3,30222.941712
0.980676,3,30225.09202
0.819129,3,30230.392063
0.913056,3,30238.391836
0.958556,3,30243.229982
0.123182,8,30246.336924
0.979059,3,30248.504242
0.962593,3,30251.099985
0.957262,3,30253.999971
0.936372,3,30256.962409
0.961118,3,30257.044471
0.875477,3,30261.742064
0.97759,3,30264.115097
0.872195,3,30268.035176
0.755279,6,30268.22146
0.938338,4,30268.360848
0.0,6,30330.603798
0.908105,3,30333.869309
0.964472,3,30336.281177
0.848314,3,30348.340188
0.982887,3,30352.502725
0.882471,3,30362.59953
0.903509,3,30365.846533
0.939611,4,30369.279799
0.938085,3,30369.366211
0.930315,3,30369.452785
0.99297,3,30371.319824
0.979353,3,30375.572762
0.949787,3,30375.709475
0.987916,3,30378.035411
0.942294,3,30384.186007
0.811085,3,30391.683167
0.94612,3,30397.109175
0.811085,3,30405.05843
0.956972,3,30405.151623
0.928117,3,30411.449863
0.962015,3,30418.863853
0.976124,3,30423.301398
0.942294,3,30429.146229
0.968912,3,30431.444105
0.882471,3,30441.283642
0.884106,3,30441.377521
0.882471,3,30446.563554
0.951501,3,30446.675402
0.961696,3,30449.026165
0.024131,7,30456.563913
0.903046,3,30456.676142
0.0,12,30530.71143
0.865357,3,30530.965019
0.913056,3,30538.911426
0.933004,5,30560.882697
0.890049,3,30564.811865
0.931325,10,30589.800142
0.771311,3,30606.67675
0.925194,3,30609.651199
0.947257,3,30612.600825
0.926863,3,30615.734119
0.872485,3,30619.433501
0.961727,3,30622.29416
0.929929,3,30628.246504
0.995298,3,30628.318684
0.920347,3,30634.638453
0.933145,3,30637.685836
0.99491,3,30641.496589
0.959475,3,30643.744258
0.939465,3,30646.043925
0.903512,3,30650.086846
0.972468,3,30654.732635
0.930706,3,30654.817359
0.848314,3,30661.30293
0.961727,3,30664.181779
0.988064,3,30666.693226
0.940935,3,30669.406707
0.882471,3,30679.208254
0.002941,8,30681.083478
0.903131,3,30684.250478
0.0,1,30744.817098
0.939611,3,30748.374632
0.729534,3,30757.237175
0.951043,3,30757.372494
0.972468,3,30759.899551
0.829367,3,30764.813379
0.976358,3,30766.957046
0.960224,3,30769.335083
0.988271,3,30771.404164
0.991987,3,30771.482244
0.944613,4,30774.50253
0.757866,4,30774.630178
0.979852,3,30776.721658
0.962015,3,30784.114089
0.993119,3,30788.067724
0.966067,3,30792.70315
0.956254,3,30792.796602
0.969262,4,30797.3843
0.961695,4,30799.838672
0.873901,3,30804.137043
0.972468,3,30808.736553
0.903512,3,30812.561944
0.949392,3,30815.138989
0.983123,3,30817.206237
0.99491,4,30819.122458
0.936512,3,30824.774009
0.758913,3,30824.87924
0.996404,4,30826.797976
0.948963,3,30829.43187
0.967373,3,30832.13876
0.866327,3,30841.680396
0.950957,3,30841.76511
0.927559,3,30848.691301
0.893554,3,30848.790421
0.796591,3,30848.892132
0.951043,3,30848.97237
0.882471,3,30854.181088
0.917865,3,30861.071016
0.969873,3,30863.237617
0.853829,3,30863.336846
0.981265,3,30868.29269
0.94612,3,30873.592476
0.97759,3,30878.137199
0.970659,3,30880.300461
0.99297,3,30884.307627
0.991332,3,30886.469022
0.946003,3,30886.551972
0.97627,3,30889.591328
0.925138,3,30892.334347
0.758913,4,30892.465331
0.981265,3,30895.471621
0.97466,3,30900.825991
0.933004,4,30928.281816
0.79523,4,30933.916123
0.920347,3,30937.164282
0.921477,3,30940.33732
0.01758,36,31217.412979
0.97759,3,31219.722071
0.946318,3,31222.184783
0.934629,3,31225.009878
0.882471,3,31234.724474
0.873239,3,31234.819013
0.99297,3,31236.778275
0.97759,3,31241.195765
0.882471,3,31246.359415
0.929929,3,31252.310444
0.0,1,31313.003023
0.986286,3,31315.499209
0.912724,3,31318.699848
0.986286,3,31690.198092
0.758958,4,31697.287585
0.990618,3,31697.367049
0.947257,3,31702.983669
0.987589,6,31703.12743
0.893527,4,31708.329473
0.973052,3,31713.74284
0.937356,3,31716.898394
0.991987,3,31716.974203
0.811085,3,31731.076351
0.914152,3,31737.604087
0.934629,3,31740.459041
0.966067,3,31745.105879
0.961727,3,31750.236612
0.960226,3,31754.741484
0.103363,6,31772.489095
0.991332,3,31776.722038
0.87102,3,31784.935875
0.960456,3,31785.015532
0.975977,3,31789.354782
0.976593,3,31791.516164
0.945663,3,31791.599532
0.996404,3,31793.50776
0.980411,3,31795.604312
0.954246,3,31797.7229
0.99491,3,31799.610519
0.977444,3,31804.940196
0.024078,16,31850.600161
0.939183,3,31850.732665
0.991481,3,31852.767201
0.972614,3,31857.339559
0.99491,3,31859.221121
0.97759,3,31861.575931
0.99491,3,31863.462906
0.848314,3,31875.453972
0.988894,3,31875.545059
0.881218,4,31879.289815
0.882471,3,31884.422627
0.793062,3,31890.438978
0.9299,3,31893.357097
0.972614,3,31895.746691
0.979059,3,31897.934263
0.936199,3,31898.021548
0.920347,3,31904.378717
0.920347,3,31910.69038
0.942859,3,31913.52716
0.942294,3,31919.668694
0.988064,3,31921.97974
0.901615,3,31925.463761
0.917865,3,31932.326141
0.916289,3,31934.793266
0.97759,3,31939.292112
0.84389,3,31943.51827
0.934629,3,31946.406129
0.931435,3,31949.263015
0.95988,3,31951.596056
0.973052,3,31954.898806
0.951786,3,31955.011399
0.982887,3,31959.165244
0.970659,3,31961.388372
0.982887,3,31963.654308
0.981265,3,31968.803212
0.877444,3,31968.901496
0.961727,3,31974.181065
0.912643,3,31977.226062
0.771311,3,31984.730504
0.124157,6,31987.029242
0.901615,3,31994.1648
0.771771,3,32008.150711
0.942294,3,32011.363428
0.830662,4,32011.487514
0.959275,3,32014.072669
0.86279,3,32018.587754
0.99491,3,32022.389993
0.913056,3,32030.375792
0.982887,3,32034.59441
0.959275,3,32039.494311
0.952675,3,32044.664533
0.0,1,32104.91985
0.90324,3,32135.748703
0.951501,3,32135.836843
0.936372,3,32138.664545
0.829392,3,32143.664516
0.833049,6,32144.725899
0.981411,3,32144.808296
0.903512,3,32152.345787
0.866142,3,32156.505227
0.907862,3,32163.043121
0.908952,3,32166.137357
0.977884,3,32170.011321
0.972468,3,32172.556466
0.952246,3,32175.367201
0.982739,3,32177.506264
0.0,1,32238.229563
0.969027,3,32238.330784
0.811085,3,32252.199722
0.962362,3,32254.710424
0.976124,3,32259.290273
0.989934,3,32261.355896
0.758276,4,32267.917653
0.980617,4,32272.259625
0.829392,3,32277.220072
0.946003,3,32277.309294
0.996404,3,32279.231215
0.953733,3,32281.807328
0.957031,3,32284.156542
0.855052,3,32284.247154
0.758822,4,32284.372057
0.960224,3,32286.708025
0.0,7,32349.697104
0.885359,3,32353.546881
0.841463,3,32362.857167
0.0,3,32423.475321
0.984659,3,32426.180758
0.872301,4,32430.33379
0.0,2,32491.821795
0.989934,3,32493.799761
0.961727,3,32499.283248
0.982739,3,32503.710658
0.945179,3,32503.790431
0.910864,3,32515.901747
0.79311,3,32521.659761
0.91591,4,32529.50544
0.976124,3,32531.768755
0.993119,3,32533.727265
0.962593,3,32536.234658
0.915497,3,32539.152728
0.979646,3,32544.11178
0.972468,3,32548.755258
0.931045,3,32557.047851
0.928921,3,32557.133562
0.780784,3,32563.000517
0.866327,3,32572.423824
0.99491,3,32576.187381
0.979147,3,32576.266642
0.903322,3,32591.215488
0.989548,3,32593.355594
0.993119,3,32595.343254
0.966067,3,32597.786606
0.961727,3,32603.147892
0.97028,3,32603.236623
0.951501,3,32603.32087
0.989548,3,32607.470097
0.848314,4,32613.856324
0.927805,4,32616.190979
0.964877,5,32618.593506
0.957662,3,32618.677291
0.939611,3,32622.194066
0.991481,3,32626.285817
0.882471,3,32631.450906
0.959419,4,32633.880997
0.922888,3,32633.960567
0.933758,3,32634.045829
0.0,18,32854.888156
0.979646,3,32859.928771
0.99297,3,32863.769381
0.963689,3,32865.910136
0.937356,3,32871.835081
0.928117,3,32878.038342
0.993119,3,32880.023038
0.964472,3,32882.427642
0.918635,3,32885.418172
0.991332,3,32887.437366
0.950446,3,32889.906961
0.830887,3,32890.003579
0.848314,3,32901.993273
0.907862,3,32905.349396
0.97276,3,32908.066968
0.947257,3,32913.693007
0.972468,3,32918.446903
0.940428,3,32921.096387
0.913056,3,32924.730503
0.827156,6,32934.683641
0.960226,3,32939.284069
0.79311,3,32945.254211
0.931546,4,32951.269104
0.969407,3,32955.866255
0.937356,3,32959.042699
0.913221,3,32959.2604
0.908952,3,32962.355123
0.873901,3,32966.532041
0.981323,3,32968.723088
0.882471,3,32973.845319
0.97759,3,32978.146108
0.981265,3,32981.135497
0.917175,3,32984.501465
0.861788,3,32993.947485
0.903777,4,32997.742383
0.913056,3,33001.900761
0.920485,3,33005.093756
0.940653,3,33007.679003
0.987916,3,33009.790896
0.956113,3,33014.671237
0.931718,3,33018.238276
0.90324,3,33045.739997
0.780784,3,33051.529826
0.931185,3,33054.291349
0.885359,3,33057.946853
0.894552,3,33058.04526
0.828546,3,33058.156092
0.882471,3,33063.287146
0.889268,3,33063.370525
0.942856,4,33063.482677
0.898778,3,33071.358253
0.952818,3,33074.015068
0.904597,3,33077.610138
0.943906,4,33080.183595
0.865357,3,33080.27625
0.972468,3,33084.937301
0.976124,3,33087.204961
0.906037,3,33090.314838
0.882471,3,33095.504938
0.898128,3,33095.640693
0.990142,6,33102.34332
0.979059,3,33106.813282
0.982887,3,33110.979984
0.951929,3,33111.064602
0.972614,4,33115.579181
0.995059,4,33119.514933
0.996823,4,33119.621812
0.977884,3,33122.950295
0.952675,4,33128.152278
0.984303,3,33128.265267
0.912506,3,33144.050801
0.95379,3,33146.569234
0.927559,3,33153.486738
0.988271,3,33155.517386
0.918415,3,33158.498646
0.962593,3,33163.369809
0.882471,3,33168.506423
0.914042,4,33171.923634
0.924778,3,33174.930198
0.927559,3,33178.799914
0.854488,3,33178.888477
0.991481,3,33182.961053
0.96653,3,33185.095173
0.979499,3,33187.363546
0.771542,3,33187.481304
0.969407,3,33192.148945
0.960284,3,33197.014446
0.953733,3,33199.421807
0.92353,3,33205.825934
0.936512,3,33208.669069
0.939611,3,33215.189506
0.882471,3,33224.909758
0.921812,3,33227.770414
0.0,1,33288.341828
0.907726,4,33295.029545
0.971533,3,33297.178605
0.947257,3,33299.876588
0.970106,3,33304.339431
0.901615,3,33307.702758
0.963517,3,33309.978716
0.848314,3,33315.487781
0.989934,3,33317.549166
0.913055,3,33324.544574
0.987916,3,33326.965504
0.972291,3,33327.047756
0.957262,3,33332.161804
0.953988,3,33332.253178
0.903131,3,33335.403214
0.942236,3,33338.299281
0.957031,3,33340.519323
0.974075,3,33345.974637
0.936372,3,33348.94082
0.986286,3,33353.46058
0.914038,5,33360.197687
0.96653,3,33362.414258
0.93387,3,33362.498312
0.928031,3,33365.270426
0.927559,3,33371.858418
0.882471,3,33376.404165
0.962015,3,33383.71521
0.848314,3,33395.777905
0.966067,5,33403.145401
0.84308,4,33407.294747
0.917865,3,33414.153068
0.921477,3,33417.241054
0.921591,3,33420.111399
0.936512,3,33425.868287
0.93961,3,33431.352164
0.99491,3,33433.251508
0.969407,3,33435.652301
0.99491,3,33437.56747
0.97627,3,33440.600246
0.993686,3,33440.671655
0.84389,3,33444.822516
0.917313,3,33451.218602
0.90324,3,33494.93012
0.972468,3,33497.423009
0.965922,3,33499.914066
0.986523,3,33502.000924
0.962593,3,33504.403333
0.980882,3,33504.483121
0.894388,3,33507.958301
0.0,1,33568.900622
0.927559,3,33572.011258
0.954246,3,33574.145122
0.939383,3,33576.913084
0.993656,4,33580.950369
0.85938,3,33585.581411
0.933285,3,33591.39863
0.911001,3,33597.920234
0.963199,3,33600.081615
0.861788,3,33609.738122
0.975273,3,33609.8178
0.907862,3,33613.361098
0.954246,3,33613.450273
0.927559,6,33619.328172
0.92353,3,33625.43435
0.975977,3,33627.778372
0.99491,3,33631.578625
0.99297,3,33635.46926
0.933145,3,33638.326146
0.972262,4,33638.44035
0.0,3,33699.307649
0.904597,3,33706.264197
0.910864,3,33718.475807
0.991332,3,33720.650008
0.947311,3,33720.739344
0.971999,4,33722.978961
0.963226,5,33723.104716
0.972468,3,33727.897119
0.942294,3,33733.647459
0.982679,3,33733.755191
0.0,1,33794.035018
0.911219,3,33797.293731
0.962737,4,33802.002257
0.933285,3,33807.815394
0.984244,3,33807.893881
0.972614,3,33810.119998
0.944613,4,33813.118876
0.964472,3,33815.365509
0.97759,3,33817.691998
0.0,3,33879.021659
0.989697,3,33881.457793
0.929929,3,33884.409821
0.966067,3,33888.990264
0.984451,3,33889.128006
0.925194,3,33892.125795
0.977648,4,33894.406141
0.988064,3,33898.809994
0.979059,3,33900.944352
0.962995,3,33901.075496
0.988271,3,33903.13065
0.907862,3,33906.267103
0.947257,3,33912.110814
0.904597,3,33915.696259
0.960226,3,33920.311125
0.828446,3,33920.414638
0.97759,3,33924.861821
0.987916,3,33929.218035
0.967138,3,33929.301549
0.947257,3,33932.220167
0.930594,3,33932.305694
0.99491,3,33934.191558
0.95821,3,33936.637381
0.979059,3,33941.131644
0.93961,3,33946.562019
0.962995,3,33946.696013
0.947257,3,33952.363161
0.914152,3,33958.837222
0.907862,3,33965.698187
0.925,3,33968.458502
0.755709,3,33975.004228
0.97466,3,33980.272081
0.940653,3,33982.892223
0.962304,3,33985.707688
0.943001,3,33991.180984
0.882471,3,34001.13544
0.903512,3,34008.520015
0.953504,3,34010.939343
0.962737,4,34013.528992
0.9225,3,34013.61402
0.939383,3,34016.554285
0.992076,4,34018.961141
0.966181,3,34023.386055
0.939611,3,34029.800039
0.981265,3,34032.642231
0.971533,3,34034.716114
0.0,1,34094.990293
0.894552,3,34095.252385
0.874161,3,34095.340388
0.967545,3,34097.476708
0.972614,3,34102.002538
0.02402,17,34302.908194
0.105007,7,34350.038208
0.914152,3,34356.550465
0.963575,3,34358.926825
0.755709,3,34365.533724
0.854488,4,34365.659409
0.972468,3,34370.463632
0.821887,3,34370.740619
0.981265,3,34375.970792
0.995059,3,34379.666043
0.934573,3,34382.357016
0.9225,3,34382.440565
0.996404,3,34384.344391
0.926166,3,34384.433529
0.926863,3,34390.286815
0.97627,3,34395.363154
0.962304,3,34400.428741
0.858138,4,34403.665144
0.927559,3,34410.597447
0.988064,3,34412.765698
0.917865,3,34419.672885
0.948135,5,34419.806909
0.960284,3,34424.527201
0.854488,3,34424.619658
0.903131,3,34427.789203
0.913056,3,34435.743197
0.977884,3,34441.726271
0.848314,3,34448.033077
0.976124,3,34450.343372
0.982739,3,34454.621194
0.965922,3,34459.386744
0.873901,3,34467.76774
0.966067,3,34470.08067
0.0,8,34662.554911
0.936255,3,34662.65002
0.944669,3,34667.907932
0.993656,4,34671.942872
0.966067,3,34676.685763
0.904597,3,34680.306429
0.962304,3,34683.063496
0.908271,3,34686.880278
0.824133,4,34693.234688
0.97997,3,34695.518014
0.981265,3,34698.637902
0.949392,3,34703.933222
0.953962,3,34706.916248
0.991481,3,34709.031888
0.988983,3,34709.117362
0.943906,3,34711.658162
0.892726,6,34733.03808
0.962593,3,34737.887346
0.957262,3,34740.704633
0.918166,3,34740.918847
0.952818,4,34746.024281
0.939611,3,34749.460645
0.960284,3,34754.134713
0.982739,3,34758.418263
0.974075,3,34764.131884
0.944669,3,34769.376875
0.0,1,34829.626044
0.914015,3,34833.039872
0.937356,3,34839.236764
0.939751,3,34844.780862
0.862842,4,34857.090772
0.968418,3,34859.383304
0.933004,4,34881.318269
0.956455,3,34881.404587
0.953733,3,34884.002993
0.97627,3,34889.133237
0.940653,3,34891.740914
0.903512,3,34895.652885
0.79473,3,34901.450467
0.929144,3,34901.564729
0.99491,3,34903.466902
0.902669,3,34903.60635
0.947367,3,34903.686994
0.970106,3,34908.087587
0.965718,3,34910.469827
0.872485,3,34914.039142
0.917865,3,34920.897357
0.982887,3,34923.08476
0.946262,3,34928.312946
0.982887,3,34930.55726
0.939611,3,34937.067746
0.962737,3,34939.50443
0.981265,3,34944.376667
0.988064,3,34946.731616
0.936372,3,34952.204532
0.882471,3,34962.23589
0.991332,3,34966.380951
0.959419,3,34968.880121
0.946943,3,34971.391181
0.903509,3,34974.760274
0.99491,3,34976.650385
0.939611,3,34983.169593
0.841463,3,34988.08595
0.910865,3,34994.62078
0.882471,3,35004.526529
0.0,5,35065.957535
0.0,3,35128.295361
0.944613,3,35131.082917
0.968418,3,35133.358893
0.954246,3,35135.505221
0.866327,3,35144.953451
0.995178,5,35148.854121
0.975273,3,35148.933187
0.962737,3,35153.675194
0.122715,5,35154.868699
0.882471,3,35164.727208
0.97627,3,35169.828387
0.984451,3,35169.904593
0.888894,3,35169.990235
0.907726,3,35176.579954
0.916289,3,35176.665894
0.882471,3,35181.946918
0.830264,3,35187.09168
0.903512,3,35190.885928
0.96375,3,35197.988899
0.962015,3,35205.494756
0.99491,3,35207.378521
0.974075,3,35212.936028
0.933145,3,35215.981479
0.960226,3,35220.657307
0.950957,3,35220.740876
0.932724,4,35232.068784
0.973227,3,35236.617993
0.952675,3,35239.31885
0.908271,3,35246.758201
0.848314,3,35258.619006
0.878132,3,35258.720656
0.984659,3,35261.106032
0.90324,3,35304.330835
0.987916,4,35308.712635
0.90324,4,35340.368153
0.99491,3,35342.275016
0.943537,4,35345.439419
0.991481,3,35349.58566
0.925138,3,35352.30718
0.967373,3,35357.029148
0.863489,3,35361.424416
0.97759,3,35365.919729
0.973227,3,35370.385182
0.882471,3,35375.579599
0.973052,3,35381.070726
0.925,3,35383.923421
0.885359,4,35387.591695
0.0,8,35538.331742
0.933285,3,35544.178387
0.95379,3,35546.68016
0.933224,3,35546.762327
0.966067,3,35549.053556
0.939611,3,35555.539168
0.950986,3,35555.6686
0.990588,3,35555.763707
0.949787,3,35555.845314
0.931325,6,35574.125981
0.916289,4,35576.606066
0.756866,7,35583.730182
0.974075,3,35589.389147
0.991481,3,35591.379349
0.978381,3,35591.456542
0.961727,3,35596.825457
0.97759,3,35599.185895
0.120257,11,35642.003648
0.92353,3,35645.236456
0.951872,3,35645.319551
0.982739,3,35649.649737
0.854488,5,35649.803097
0.821887,3,35649.896361
0.979059,3,35654.355659
0.949731,4,35659.761644
0.967373,3,35662.317538
0.945123,3,35662.398416
0.913056,3,35666.568758
0.984303,3,35666.650911
0.104693,7,35670.277728
0.937496,3,35672.845482
0.984541,3,35675.113853
0.969407,3,35677.49069
0.980411,3,35679.747312
0.913056,3,35684.148119
0.991778,3,35686.492892
0.950446,3,35688.967571
0.755075,3,35695.578622
0.984274,3,35695.657626
0.977884,3,35698.402414
0.830662,3,35698.495253
0.94535,3,35698.587128
0.84308,3,35702.763614
0.960284,3,35707.629261
0.979059,3,35709.776366
0.99491,3,35711.654635
0.981265,3,35714.99035
0.961379,3,35719.405005
0.987916,3,35721.603753
0.97466,3,35724.789398
0.85938,3,35729.397018
0.821418,3,35734.471685
0.918635,3,35737.436432
0.972291,3,35737.517901
0.99491,3,35739.407224
0.953504,4,35741.869475
0.917175,3,35748.318187
0.873901,3,35756.526258
0.990677,3,35756.602712
0.960284,3,35761.204856
0.913056,3,35769.203049
0.882471,3,35778.842028
0.907862,3,35785.440459
0.959275,3,35790.342211
0.123404,3,35790.570269
0.0,7,35885.515425
0.906037,3,35888.699347
0.884884,3,35892.636525
0.924556,3,35895.57341
0.982739,3,35897.829207
0.907726,3,35904.621881
0.795588,3,35904.71788
0.991332,3,35908.874151
0.979499,3,35913.214489
0.993417,3,35915.301531
0.939383,3,35918.048798
0.830264,4,35923.112252
0.969407,3,35925.548872
0.920347,3,35928.610432
0.912643,3,35931.647988
0.811304,3,35931.936384
0.955365,3,35934.379236
0.960684,3,35934.464832
0.942686,3,35934.546902
0.9299,3,35937.441782
0.942859,3,35942.906576
0.991778,3,35945.258795
0.984244,4,35945.385602
0.882471,3,35950.506184
0.946943,3,35953.048282
0.892455,5,35956.723937
0.97466,3,35962.03987
0.931435,3,35964.876144
0.934125,3,35967.753002
0.986641,4,35967.848748
0.982887,3,35969.985577
0.977884,3,35975.929127
0.97759,3,35980.274167
0.959419,3,36347.587367
0.961727,3,36352.948123
0.771311,3,36369.864177
0.84308,3,36374.071681
0.795588,3,36374.170401
0.819129,3,36379.358042
0.882471,5,36394.556473
0.979353,3,36398.972256
0.953733,3,36401.608449
0.982739,3,36403.880425
0.884724,3,36412.324758
0.996404,3,36414.320632
0.967373,3,36419.176666
0.93961,3,36422.055469
0.981265,3,36426.99609
0.979059,3,36429.328945
0.972087,3,36429.42599
0.757866,3,36429.527899
0.944669,3,36432.247437
0.873292,3,36432.346116
0.993119,3,36436.245603
0.0,1,36496.546492
0.821418,3,36501.486037
0.952675,3,36506.64171
0.829367,3,36511.685123
0.965922,3,36516.519945
0.912506,3,36532.070476
0.921642,3,36532.156634
0.957262,3,36537.40174
0.972468,3,36541.997436
0.988271,3,36543.946313
0.882471,3,36549.231007
0.913056,3,36557.426881
0.979059,3,36561.949564
0.913056,3,36569.908023
0.903509,3,36573.248908
0.957031,3,36575.468727
0.854488,3,36575.558642
0.981265,3,36581.008662
0.844247,3,36585.501199
0.771311,3,36602.290184
0.917175,3,36608.552982
0.925194,3,36611.56667
0.883899,3,36615.286343
0.987916,3,36619.625347
0.907862,3,36623.104526
0.811085,3,36637.318113
0.978205,3,36637.39513
0.99491,3,36639.286468
0.913056,3,36643.498332
0.897455,3,36647.006837
0.0,3,36745.911994
0.99491,3,36747.970974
0.980499,3,36752.125323
0.771311,4,36761.326248
0.957058,3,36761.410428
0.977884,4,36767.312942
0.993268,3,36771.67403
0.96653,3,36773.862908
0.925194,3,36776.882922
0.979353,3,36779.234175
0.982739,3,36783.556594
0.986286,3,36788.135235
0.956801,4,36792.707277
0.913056,3,36800.701613
0.917865,3,36807.539454
0.981323,3,36809.55101
0.972614,3,36814.11466
0.988271,3,36816.158076
0.795588,3,36816.429562
0.952675,3,36821.645299
0.912643,3,36824.651145
0.952818,3,36827.296626
0.922254,3,36830.352791
0.122027,5,36911.073894
0.902914,3,36914.225457
0.939465,3,36916.480001
0.953733,3,36921.465041
0.881669,3,36921.558122
0.98327,4,36923.750445
0.981265,3,36926.814704
0.973227,3,36928.992436
0.977884,3,36932.453758
0.871358,4,36932.575711
0.98327,3,36934.713431
0.979353,3,36936.992669
0.927559,3,36943.939983
0.982916,4,36946.210188
0.986286,3,36950.473015
0.943736,3,36953.125086
0.99491,3,36955.010113
0.755709,3,36961.806979
0.972614,3,36966.364763
0.92353,4,36972.377634
0.979646,3,36977.40693
0.0,7,37045.925863
0.943906,3,37048.518166
0.99297,3,37050.436767
0.99491,3,37054.230957
0.864786,3,37054.468233
0.873901,3,37062.534256
0.857273,3,37072.20699
0.972614,3,37074.462223
0.918415,3,37077.394556
0.961727,3,37082.655612
0.967922,3,37082.731312
0.987916,3,37085.115006
0.910865,3,37091.977166
0.982887,4,37096.376557
0.947311,3,37096.461673
0.969262,3,37098.926316
0.962737,3,37101.355411
0.0,4,37171.298423
0.882471,3,37181.142183
0.97276,4,37184.143783
0.965369,3,37184.227888
0.927805,3,37184.319124
0.99297,3,37188.322902
0.0,7,37347.688531
0.907726,3,37351.031973
0.99297,3,37353.017056
0.894069,3,37361.121217
0.86279,3,37365.498876
0.99491,4,37369.342257
0.947257,3,37374.992186
0.972349,3,37375.080778
0.960226,3,37379.729395
0.921477,3,37382.797092
0.93831,3,37382.925097
0.989875,3,37384.984612
0.972468,3,37389.684502
0.959243,3,37389.758186
0.952675,3,37394.842979
0.972233,3,37394.922751
0.952246,3,37397.87498
0.943141,3,37398.047673
0.993686,3,37398.126929
0.94999,3,37400.623751
0.931325,6,37411.002992
0.952818,3,37413.619234
0.987589,3,37413.69879
0.95379,3,37416.196679
0.95988,3,37418.55656
0.981117,3,37418.656276
0.913055,4,37425.774245
0.94535,3,37427.977941
0.964472,3,37430.386284
0.87102,3,37434.657438
0.915497,3,37437.634261
0.973227,3,37439.841734
0.99297,3,37441.862835
0.947257,3,37447.368701
0.979852,3,37449.369383
0.961727,3,37452.239785
0.755891,5,37461.00766
0.972176,3,37463.945248
0.988064,3,37466.014588
0.882471,3,37475.813961
0.944613,3,37478.578016
0.902914,3,37481.797951
0.0,1,37542.106468
0.925138,3,37545.165942
0.0,6,37656.307055
0.966067,3,37658.645833
0.962737,3,37661.112926
0.898778,3,37668.976036
0.912506,3,37684.258859
0.910865,3,37690.851454
0.99491,3,37692.776054
0.95379,3,37695.291946
0.94612,3,37698.321096
0.96563,3,37698.487762
0.95988,3,37700.69647
0.848314,3,37712.512224
0.922473,3,37712.592967
0.969873,3,37714.790745
0.811085,3,37722.396638
0.811085,3,37729.94753
0.958699,3,37732.355574
0.94612,3,37735.167032
0.959275,3,37740.331958
0.024078,10,37742.411968
0.987916,3,37744.78862
0.854488,3,37744.888479
0.99297,3,37746.920533
0.966238,3,37748.942456
0.966067,3,37753.552505
0.917175,3,37756.887914
0.967138,3,37759.13094
0.94263,3,37759.213151
0.977884,3,37765.067759
0.918635,3,37768.071054
0.926863,3,37773.991069
0.915249,3,37776.970496
0.973227,3,37779.180411
0.942402,3,37781.42464
0.953962,3,37784.351782
0.97759,3,37788.796993
0.0,1,37849.361341
0.974075,3,37854.953871
0.936512,3,37857.871576
0.93961,3,37860.751315
0.913055,3,37864.335312
0.974629,3,37866.520983
0.0,3,37930.749609
0.34195,4,37931.125002
0.894388,3,37934.664506
0.844247,3,37939.687022
0.889268,3,37939.918536
0.931325,7,37953.123804
0.913056,3,37961.317344
0.939611,3,37967.76717
0.993686,3,37967.848009
0.903512,3,37971.733
0.970221,3,37971.846296
0.946943,3,37974.349703
0.988894,3,37974.425736
0.897455,3,37977.948455
0.99491,3,37979.823317
0.873901,3,37984.109253
0.946943,3,37986.65567
0.811085,3,38000.782539
0.950957,3,38000.867492
0.963517,3,38003.133169
0.987916,3,38007.489854
0.913056,3,38015.558817
0.904733,4,38019.189659
0.984777,3,38021.370954
0.978324,5,38023.544811
0.913056,3,38031.542063
0.0,1,38091.991439
0.995059,3,38095.748235
0.952246,3,38101.1907
0.993656,5,38103.228863
0.0,5,38253.727761
0.961727,3,38256.316169
0.844247,3,38265.684925
0.990677,3,38267.603633
0.99491,3,38269.486434
0.966067,3,38271.945093
0.0,2,38332.870932
0.910779,6,38340.910184
0.910865,3,38347.705788
0.876159,4,38351.350584
0.970106,3,38353.698469
0.986286,3,38355.869653
0.859561,3,38360.469935
0.894069,3,38368.248491
0.848314,3,38380.418244
0.991481,3,38384.55492
0.948338,3,38387.415201
0.917175,3,38390.745283
0.771311,4,38407.422818
0.976593,3,38409.569949
0.757025,3,38416.178262
0.931519,3,38416.260756
0.995059,3,38420.181956
0.947257,3,38423.500649
0.958641,3,38425.928925
0.907862,3,38429.377831
0.916289,3,38431.768013
0.939611,3,38435.059482
0.940428,3,38437.689869
0.942179,4,38440.60645
0.962304,3,38445.802427
0.917313,3,38449.140366
0.995208,4,38451.066978
0.979646,3,38454.004791
0.952818,3,38456.425154
0.979499,3,38460.771867
0.864786,3,38460.867951
0.95723,3,38462.9621
0.939611,3,38466.277894
0.882471,3,38476.041132
0.99491,3,38477.933396
0.933285,3,38483.610733
0.947598,3,38486.284554
0.891061,4,38490.328197
0.910865,3,38496.99405
0.986286,3,38501.455469
0.934686,3,38504.164527
0.913056,3,38508.549323
0.952246,3,38514.066579
0.962995,3,38514.148017
0.957262,3,38519.322119
0.918166,3,38519.407777
0.993268,3,38523.770144
0.976124,3,38528.331685
0.989697,3,38530.322521
0.962824,3,38532.707424
0.933224,3,38532.788057
0.961696,3,38535.140444
0.975977,3,38539.671456
0.916289,3,38542.12824
0.993119,3,38544.063606
0.793062,3,38549.810807
0.987559,3,38549.888067
0.979852,3,38552.043389
0.79311,3,38557.732242
0.974075,3,38560.888309
0.962304,3,38563.699543
0.936512,3,38569.37097
0.898937,3,38572.768389
0.972468,3,38577.457734
0.974454,3,38579.863117
0.913055,3,38586.912879
0.981265,3,38590.228578
0.989875,3,38592.278935
0.973227,3,38594.51249
0.980852,3,38594.59178
0.910865,3,38597.967913
0.981117,3,38598.046713
0.86279,3,38602.322576
0.882471,3,38612.109181
0.957031,3,38614.435251
0.943906,3,38616.975222
0.813546,3,38622.563336
0.939383,3,38625.318593
0.97627,3,38630.411498
0.983329,4,38630.505486
0.848314,3,38642.491659
0.929929,3,38648.408907
0.979499,3,38652.695472
0.996404,3,38654.585459
0.961118,3,38654.666003
0.967373,3,38659.706958
0.795636,3,38659.801367
0.964472,3,38662.185532
0.936512,3,38665.126481
0.913056,3,38673.093553
0.79311,3,38678.872857
0.955969,3,38681.302844
0.934629,3,38684.156393
0.924778,3,38687.201041
0.955396,3,38695.344883
0.98047,3,38697.423304
0.857273,3,38702.525222
0.882471,3,38707.721328
0.917865,3,38714.832893
0.848314,3,38721.156156
0.97759,3,38725.610891
0.771771,3,38739.63607
0.956801,3,38742.169181
0.996404,3,38744.065616
0.966181,3,38748.47472
0.956801,3,38750.804139
0.944613,3,38753.574678
0.0,2,38814.120142
0.972468,3,38818.813529
0.966181,3,38823.242681
0.957262,3,38828.457434
0.94612,3,38831.148668
0.969698,3,38834.669875
0.979353,3,38839.254844
0.926722,3,38842.20171
0.844247,3,38851.712893
0.984659,3,38856.553288
0.937356,3,38859.608777
0.970308,3,38859.689975
0.93387,3,38859.776067
0.965922,3,38862.187648
0.912643,3,38865.076917
0.984659,3,38868.068579
0.811085,4,38882.284113
0.829616,9,38895.180602
0.957262,3,38900.527843
0.0,9,38973.556044
0.0,2,39034.292094
0.924746,3,39034.387159
0.931435,3,39037.255478
0.99491,3,39039.120802
0.0,3,39099.606656
0.922699,3,39106.209699
0.002878,16,39163.700487
0.0,3,39250.461618
0.0,1,39310.866687
0.993119,3,39312.848986
0.961727,3,39318.343437
0.917865,3,39321.953804
0.922699,3,39325.475285
0.963517,3,39327.84115
0.964472,3,39330.209625
0.973052,3,39335.629152
0.99491,3,39337.513057
0.913056,3,39341.717842
0.918714,3,39341.805719
0.972468,3,39346.397718
0.956113,3,39351.352623
0.898937,3,39354.791749
0.825322,3,39359.959261
0.848314,3,39372.155344
0.975185,3,39372.252232
0.925194,3,39375.288987
0.980499,3,39379.439332
0.758071,5,39379.996019
0.877444,4,39380.110154
0.974075,3,39385.471923
0.979646,3,39390.491745
0.982887,3,39395.133013
0.86476,3,39395.224618
0.882471,3,39405.048423
0.894388,3,39408.61711
0.990142,3,39413.244354
0.97276,3,39417.865347
0.908271,3,39425.314574
0.934125,3,39428.178074
0.829367,3,39433.188323
0.944586,3,39433.322975
0.927805,3,39435.648593
0.993268,3,39440.011283
0.92131,3,39442.735823
0.913056,3,39447.060551
0.934573,3,39449.734742
0.944499,3,39449.820406
0.912095,3,39452.853063
0.942402,3,39455.00294
0.961727,3,39460.246387
0.958556,3,39465.148789
0.97759,3,39469.478234
0.974454,3,39471.713385
0.756549,4,39478.334964
0.952246,3,39481.457192
0.979059,3,39485.960029
0.90324,3,39526.115999
0.91563,3,39526.202636
0.757866,5,39526.350764
0.952246,3,39531.772502
0.918744,3,39535.108013
0.927559,3,39541.863803
0.97627,3,39546.862906
0.771311,3,39556.016507
0.931185,3,39558.680956
0.927753,3,39561.545392
0.84389,3,39565.725468
0.943906,3,39568.274027
0.981618,3,39570.185799
0.958699,3,39572.5875
0.913056,3,39576.802003
0.934686,3,39579.661248
0.0,1,39640.209436
0.934686,3,39643.039891
0.86476,3,39643.125778
0.0,2,39704.960977
0.948306,3,39707.128456
0.84389,3,39711.292911
0.90202,3,39714.68583
0.963199,3,39716.956432
0.901615,3,39720.567518
0.969873,3,39722.773771
0.83141,3,39723.051086
0.988894,3,39723.126818
0.962995,3,39725.415828
0.848314,3,39731.893875
0.980411,3,39734.039436
0.975977,3,39736.207832
0.894388,3,39739.696836
0.974075,3,39745.290129
0.862764,4,39749.605508
0.961696,3,39751.950874
0.79311,3,39757.90409
0.937356,4,39764.207122
0.961727,3,39767.015702
0.922699,3,39770.188006
0.964819,3,39772.565188
0.975977,3,39776.997099
0.959938,3,39779.465102
0.811085,3,39786.969272
0.922473,3,39787.056358
0.9225,3,39787.137281
0.989934,3,39789.187258
0.882471,3,39798.998679
0.99297,3,39802.920303
0.019673,6,39804.002651
0.901615,7,39821.916782
0.926724,3,39825.035199
0.907862,3,39828.39063
0.967373,3,39833.419459
0.894069,3,39841.344248
0.978205,4,39841.445392
0.0,13,40081.547627
0.986286,3,40086.021137
0.945775,3,40086.101391
0.913056,3,40094.075773
0.94535,3,40094.166173
0.844247,3,40099.088397
0.936536,3,40101.558454
0.881669,3,40101.657661
0.952818,3,40104.276126
0.903512,3,40111.633029
0.949534,3,40116.945618
0.795636,3,40117.217047
0.983919,3,40119.335124
0.0,1,40179.633376
0.949534,3,40182.381569
0.0,5,40247.35657
0.956113,3,40249.839386
0.951961,3,40258.050762
0.848314,3,40264.535454
0.983477,3,40267.046396
0.975977,3,40269.252578
0.0,6,40377.406801
0.987916,3,40381.76564
0.882471,3,40391.588175
0.975185,3,40391.671774
0.953733,3,40394.067518
0.903046,3,40394.161789
0.98451,3,40396.084094
0.882471,3,40406.067221
0.980499,3,40410.277359
0.99491,3,40412.203302
0.977444,3,40417.432282
0.0,1,40477.689158
0.995178,4,40479.621809
0.953845,3,40479.70261
0.961727,3,40482.556249
0.894466,3,40482.651669
0.961727,3,40485.438755
0.955969,3,40487.890413
0.99491,3,40491.737023
0.973052,3,40495.032998
0.972174,3,40495.109825
0.99491,3,40498.848852
0.94535,3,40498.930244
0.866327,3,40503.943067
0.90324,4,40534.893888
0.920485,3,40541.161946
0.937356,3,40544.504849
0.927753,4,40547.33499
0.996404,3,40549.150681
0.97759,3,40553.642628
0.9225,3,40553.860477
0.967373,3,40556.389908
0.936199,3,40556.472235
0.969698,3,40562.174983
0.0,7,40630.209215
0.915932,3,40630.313202
0.936199,3,40630.391334
0.024021,9,40675.449923
0.952675,3,40680.697758
0.90324,3,40711.813684
0.918714,3,40711.896594
0.946262,3,40714.435316
0.908271,3,40721.756365
0.756549,3,40728.4963
0.99491,3,40730.400043
0.952675,3,40735.630056
0.97997,3,40739.848391
0.912095,3,40742.871269
0.989697,3,40745.302339
0.97627,3,40750.334295
0.969698,3,40756.0196
0.962995,3,40756.096581
0.980852,3,40756.174595
0.969085,3,40756.255198
0.969698,3,40761.926023
0.99491,3,40763.829972
0.938085,3,40763.943193
0.980499,3,40768.071127
0.995238,4,40770.11851
0.996404,3,40772.012988
0.967547,3,40774.377721
0.862764,3,40778.790918
0.0,1,40839.34638
0.99491,3,40841.276684
0.948338,3,40844.258293
0.948306,3,40844.350574
0.882471,3,40849.715356
0.988983,3,40849.791563
0.758594,5,40850.341963
0.979499,3,40854.700377
0.869107,3,40854.815047
0.982739,3,40857.06986
0.972468,3,40861.752572
0.943368,3,40864.36453
0.906037,3,40867.579363
0.759232,4,40867.730325
0.922699,3,40871.259981
0.978352,3,40871.339167
0.97627,3,40876.402099
0.972614,3,40880.808146
0.962477,3,40883.278156
0.961727,3,40888.609511
0.962593,3,40893.447162
0.913218,3,40893.531654
0.796161,4,40893.654313
0.982887,3,40896.263508
0.988983,4,40896.370321
0.988064,3,40898.673055
0.959419,3,40903.532091
0.989875,3,40905.571911
0.933758,3,40905.661851
0.882471,3,40915.550078
0.953733,3,40918.17185
0.991987,3,40918.248526
0.820187,4,40918.394058
0.951043,4,40918.4935
0.951786,3,40918.609836
0.0,1,40978.968641
0.930068,3,40984.836617
0.977884,3,40990.821763
0.729534,4,41010.606973
0.93328,3,41010.700824
0.959275,3,41015.631548
0.989548,3,41017.897096
0.771311,5,41035.114058
0.944613,3,41037.859034
0.979059,3,41042.334281
0.913056,3,41046.678457
0.980852,3,41046.753523
0.983123,3,41048.819271
0.953733,3,41051.37262
0.024068,7,41060.487068
0.875477,3,41065.015026
0.989697,3,41067.428991
0.942859,3,41072.891544
0.956113,3,41077.817698
0.904733,3,41081.39643
0.917175,3,41087.841039
0.917865,3,41091.41749
0.924746,3,41091.541095
0.970106,3,41095.851361
0.957262,3,41101.209779
0.85938,3,41105.895529
0.937356,3,41111.812099
0.967431,3,41114.27474
0.771542,3,41114.394726
0.848314,3,41126.412631
0.991481,3,41128.423019
0.97627,4,41133.555526
0.771311,4,41142.613166
0.99491,3,41144.521737
0.986286,3,41146.685644
0.975977,3,41151.134588
0.986523,3,41153.142272
0.99491,3,41155.042228
0.829367,3,41160.22062
0.946262,3,41165.637655
0.894069,3,41173.509857
0.795588,3,41173.786519
0.811085,3,41181.545122
0.939611,3,41188.033938
0.793062,3,41194.009732
0.921642,3,41564.936097
0.984274,3,41565.016887
0.967315,3,41567.909633
0.987916,3,41572.361341
0.907862,3,41579.009263
0.729775,3,41579.135118
0.9299,4,41582.07232
0.940653,3,41584.70124
0.859561,3,41589.265134
0.989697,3,41591.690636
0.875477,3,41596.340604
0.97759,3,41598.636337
0.969085,3,41598.716933
0.927805,3,41601.050223
0.829392,3,41606.063984
0.915932,3,41606.158314
0.892726,5,41626.839826
0.912643,3,41629.867594
0.11072,5,41631.259307
0.884664,3,41634.464655
0.0,9,41741.712517
0.981265,3,41746.671529
0.99491,3,41748.560711
0.981146,3,41750.561712
0.933285,3,41756.233389
0.864371,3,41756.323598
0.934573,4,41759.036874
0.979059,3,41761.207109
0.875477,3,41769.898367
0.951501,3,41769.982313
0.866142,3,41774.087584
0.9225,3,41774.168379
0.981265,3,41777.207218
0.0,1,41837.473284
0.934828,3,41847.065135
0.866327,3,41856.288261
0.950414,3,41856.366071
0.978381,3,41856.443815
0.912095,3,41859.488266
0.881853,3,41859.581543
0.890126,4,41859.703504
0.939611,3,41866.24046
0.953733,3,41868.82929
0.898772,3,41868.91615
0.930961,3,41871.691514
0.882471,3,41876.94371
0.86476,3,41877.034187
0.979499,3,41881.416009
0.953733,3,41883.980789
0.962966,3,41884.067826
0.961727,3,41886.988592
0.961727,3,41892.585976
0.972468,3,41897.269973
0.972935,3,41899.371917
0.951961,3,41904.5018
0.829367,3,41909.43028
0.889384,3,41913.704357
0.991749,3,41913.778893
0.819129,3,41918.634313
0.953504,3,41921.007593
0.0,1,41981.604991
0.971533,3,41983.772041
0.992076,3,41983.850057
0.934686,3,41986.570698
0.979499,3,41988.894534
0.96375,3,41996.298649
0.936512,3,42001.939943
0.957031,3,42004.279342
0.861788,3,42009.234623
0.830438,3,42014.211019
0.8785,4,42018.957782
0.979059,3,42023.430033
0.979059,3,42027.886762
0.875477,3,42036.779583
0.894466,3,42036.893684
0.892994,4,42089.755363
0.921591,3,42092.530039
0.99491,3,42094.42882
0.967138,3,42096.688197
0.979264,3,42098.874779
0.945209,3,42101.617649
0.848314,3,42108.003535
0.981265,3,42110.757896
0.901615,3,42114.270534
0.948021,3,42114.350819
0.917366,3,42117.35708
0.956113,3,42119.92137
0.944613,3,42122.671618
0.934573,3,42125.578307
0.982887,3,42127.901547
0.829367,3,42132.856627
0.882471,3,42142.560119
0.848314,3,42154.462497
0.93831,3,42154.575738
0.980499,3,42158.757772
0.918796,3,42158.848713
0.931325,5,42174.237382
0.977884,4,42177.014774
0.924556,3,42179.938259
0.946003,3,42180.024428
0.976124,3,42182.279923
0.964472,3,42184.65922
0.965369,3,42184.738352
0.969407,3,42189.379313
0.989934,3,42191.416847
0.981265,3,42194.252445
0.883899,3,42197.904742
0.933145,3,42203.698183
0.920485,3,42206.64479
0.929869,4,42209.530553
0.97759,3,42211.866998
0.920347,3,42218.080489
0.990677,3,42220.0065
0.957262,3,42225.350884
0.942859,3,42230.76687
0.962593,3,42235.607853
0.988598,3,42237.647722
0.962593,3,42240.176933
0.882471,3,42250.139088
0.888395,3,42253.836841
0.99491,3,42255.733661
0.947311,3,42255.84551
0.979646,3,42260.855581
0.795588,3,42260.95212
0.969407,3,42265.475782
0.891119,5,42285.523154
0.961727,3,42290.885452
0.943368,3,42293.470681
0.829367,3,42298.517985
0.988064,3,42303.052254
0.978205,3,42303.133902
0.918796,3,42303.220555
0.962593,4,42305.582316
0.84308,4,42309.852139
0.991778,3,42312.191653
0.982739,3,42314.536926
0.979499,3,42318.776034
0.954246,3,42320.89205
0.959275,3,42323.4474
0.880194,6,42331.259174
0.979646,3,42334.30351
0.979353,3,42338.657073
0.991481,3,42340.757195
0.885327,3,42340.858792
0.757866,4,42340.989649
0.993119,3,42342.942729
0.981265,3,42346.023935
0.903322,6,42377.974686
0.942686,3,42378.086467
0.940428,3,42380.729986
0.970106,3,42385.165665
0.99297,3,42387.086874
0.894069,3,42395.254877
0.981265,3,42400.286591
0.961727,3,42405.651587
0.99491,3,42407.570126
0.973227,3,42409.777812
0.99491,3,42413.596747
0.881853,3,42413.703368
0.002932,5,42415.373049
0.882471,3,42425.58924
0.828199,5,42435.850059
0.0,7,42570.394141
0.979059,3,42574.884405
0.757866,3,42574.986943
0.884724,3,42583.292583
0.903512,3,42590.984031
0.97627,3,42596.002296
0.972935,3,42598.078503
0.964444,3,42600.501295
0.898937,3,42603.910494
0.979499,3,42608.326462
0.939383,3,42611.084142
0.942859,3,42616.488274
0.97759,3,42621.026388
0.0,1,42681.44525
0.947367,3,42681.569085
0.83141,3,42681.662445
0.972614,3,42686.197883
0.954507,3,42689.008573
0.909225,3,42701.303213
0.0,1,42761.929924
0.991778,3,42764.279218
0.981618,3,42766.253783
0.976124,3,42770.644754
0.976124,3,42775.06586
0.989697,3,42779.147915
0.897455,3,42782.642835
0.929481,4,42785.579116
0.97759,3,42790.028132
0.977884,3,42795.567657
0.946318,3,42798.122847
0.95988,3,42800.331136
0.971184,3,42803.28022
0.959275,4,42808.272537
0.96653,3,42810.54536
0.875477,3,42815.199823
0.884724,3,42823.621875
0.986138,3,42825.847076
0.981265,3,42830.778037
0.97466,3,42836.075984
0.931435,3,42839.123748
0.986523,3,42841.223947
0.989548,3,42845.385397
0.9982,3,42849.172153
0.959419,3,42851.680449
0.979646,3,42854.591734
0.955221,3,42854.67433
0.95988,3,42856.981701
0.982887,3,42861.239363
0.934629,4,42864.104596
0.981265,3,42869.51378
0.024068,4,42914.601396
0.987916,3,42918.876648
0.755709,5,42925.633119
0.947257,3,42931.296343
0.986286,3,42933.757192
0.875477,3,42938.385235
0.795541,4,42939.997094
0.936512,3,42942.89754
0.879265,7,42952.883723
0.931325,4,42968.394521
0.912506,3,42983.670388
0.939611,3,42990.209663
0.95723,3,42992.215672
0.93831,3,42992.30214
0.939611,3,42999.05609
0.771771,4,43011.021572
0.929929,3,43016.947378
0.966181,3,43021.350693
0.955623,5,43026.497667
0.97627,3,43029.510005
0.757866,4,43036.436613
0.942294,3,43042.375511
0.87089,8,43051.796405
0.811085,3,43065.989896
0.882471,3,43075.792977
0.961727,3,43081.174107
0.960226,3,43085.799334
0.980499,3,43090.016987
0.933004,10,43114.039077
0.910865,4,43120.757198
0.958812,3,43120.844588
0.982887,3,43125.54448
0.951961,3,43130.596072
0.957031,3,43132.947961
0.898778,3,43140.561108
0.96653,3,43142.784945
0.90324,3,43186.467492
0.943736,3,43189.157902
0.950446,3,43191.642386
0.987916,3,43195.849087
0.729775,3,43196.175199
0.950986,3,43196.307341
0.983477,3,43198.939034
0.944669,3,43201.702828
0.92203,3,43201.785049
0.904597,3,43205.404583
0.793062,3,43211.360556
0.972233,3,43211.442448
0.864786,3,43211.532949
0.86279,3,43215.965528
0.99491,3,43217.839389
0.987916,3,43222.164372
0.893554,3,43222.253764
0.968447,3,43224.540146
0.928117,3,43230.884772
0.946318,3,43233.472042
0.979735,3,43235.582391
0.811085,3,43249.898994
0.956113,3,43254.8279
0.989934,3,43256.856196
0.942859,3,43262.37287
0.982887,3,43267.085146
0.828446,3,43267.201122
0.90324,3,43307.500358
0.848314,3,43319.473866
0.123078,6,43361.094519
0.982739,3,43363.287729
0.855052,4,43363.418908
0.947311,3,43363.508474
0.918635,3,43366.487674
0.882471,3,43371.695042
0.96653,3,43373.917615
0.979499,3,43378.228288
0.987916,3,43382.504468
0.972935,3,43384.675154
0.850352,3,43384.96548
0.937356,3,43391.111059
0.831385,3,43391.38055
0.821418,3,43396.285142
0.0,1,43456.850931
0.858138,3,43459.804539
0.933814,4,43462.710545
0.927471,4,43462.816209
0.889384,3,43470.93513
0.0,1,43531.499087
0.922473,3,43531.594687
0.989934,3,43533.633558
0.0,19,43924.215401
0.925,3,43927.08502
0.94048,3,43927.166693
0.991778,3,43931.501242
0.987916,3,43933.730342
0.90324,3,43973.714356
0.960226,3,43978.379404
0.982739,3,43982.725212
0.0,1,44042.974533
0.933224,3,44043.070839
0.931325,4,44061.435605
0.942294,3,44067.309997
0.973052,3,44072.665809
0.940428,3,44075.308636
0.989934,3,44077.335454
0.821418,3,44082.299711
0.952246,3,44085.270004
0.952675,3,44090.486299
0.982887,3,44095.169864
0.890126,3,44095.267007
0.964472,3,44097.655117
0.95988,3,44099.962695
0.988509,4,44102.826516
0.918635,3,44105.824501
0.947257,3,44111.617731
0.0,2,44173.690057
0.977618,3,44175.808175
0.949392,3,44181.106556
0.939611,3,44184.640534
0.982887,3,44188.883454
0.982739,3,44193.285137
0.947257,3,44199.095473
0.906037,3,44202.253438
0.973227,4,44204.50602
0.977884,3,44210.500029
0.0,5,44303.440179
0.857273,3,44313.13016
0.873901,4,44317.44817
0.934686,3,44320.275446
0.99297,3,44322.324489
0.962304,3,44327.49834
0.0,1,44387.851136
0.913056,3,44392.400817
0.960108,3,44392.480806
0.913056,3,44396.686067
0.92131,3,44399.423726
0.968447,3,44401.725847
0.873901,3,44406.013229
0.771311,4,44423.050098
0.99297,3,44425.007545
0.979353,3,44429.360347
0.0,2,44491.367072
0.99491,3,44493.268979
0.784143,3,44493.378462
0.962995,3,44493.5136
0.97466,3,44498.812885
0.947311,3,44498.901552
0.964385,3,44498.977137
0.966067,3,44503.609161
0.858138,3,44506.646504
0.811085,3,44514.349325
0.955624,3,44516.866747
0.94612,3,44522.231646
0.979353,3,44526.659864
0.891387,5,44557.783699
0.964472,3,44560.048552
0.940653,3,44562.686592
0.866327,5,44568.180431
0.0,1,44628.485742
0.957262,3,44633.724669
0.877444,5,44637.959611
0.981146,3,44639.975781
0.953962,3,44642.98248
0.965485,3,44643.063885
0.99297,3,44647.046628
0.975977,3,44651.490049
0.906037,3,44654.676426
0.996404,3,44656.586421
0.977884,3,44662.542845
0.964444,3,44664.972506
0.910865,3,44671.652967
0.962737,3,44676.33741
0.870548,3,44680.322186
0.99491,3,44682.209612
0.993268,3,44686.556249
0.955969,3,44691.586981
0.983123,3,44693.638516
0.829865,7,44698.932567
0.942294,4,44704.996472
0.943001,3,44707.88328
0.821418,3,44712.783573
0.0,13,44786.931313
0.0,5,44848.877872
0.95988,3,44851.240583
0.92131,3,44853.970038
0.979499,3,44856.279715
0.939611,4,44859.815483
0.873901,3,44867.999416
0.939751,3,44870.852833
0.903512,3,44878.136978
0.986523,3,44880.227005
0.945663,4,44880.419951
0.901615,3,44887.3884
0.952818,3,44890.021895
0.979852,3,44892.081343
0.962304,3,44897.176151
0.892726,4,44921.846963
0.961727,3,44927.113719
0.944669,3,44932.265295
0.980499,3,44936.468576
0.0,1,44996.918538
0.986286,3,44999.500895
0.881218,4,45003.230597
0.903512,3,45007.153959
0.975977,3,45009.377534
0.979499,3,45011.676107
0.933285,3,45017.437679
0.982887,3,45021.764796
0.930594,3,45021.890053
0.987916,3,45024.125263
0.972468,3,45026.613011
0.922699,3,45033.227937
0.917865,3,45040.217138
0.969262,3,45042.468103
0.920347,3,45049.151182
0.912506,3,45064.818504
0.962593,3,45069.633475
0.0,1,45130.326024
0.936512,3,45135.997576
0.937356,3,45142.207608
0.960224,3,45144.56198
0.931185,3,45147.336242
0.904597,3,45150.987051
0.771311,3,45160.111212
0.866142,3,45164.43603
0.975185,3,45164.517378
0.981265,3,45167.322163
0.0,7,45241.825187
0.848314,3,45247.322726
0.939611,3,45250.418745
0.937356,3,45256.4511
0.921812,3,45259.37323
0.993119,3,45261.362068
0.829367,3,45266.238
0.956801,3,45268.597406
0.933224,3,45268.721247
0.996404,3,45270.61116
0.967373,3,45275.4797
0.755641,5,45286.308936
0.957058,3,45286.394241
0.0,1,45346.64655
0.755075,3,45353.329023
0.885359,3,45357.17239
0.977794,3,45357.268602
0.854488,4,45357.395263
0.993268,3,45361.72007
0.903131,3,45364.855504
0.922699,3,45371.456657
0.931435,3,45374.320495
0.979059,3,45376.677093
0.830887,3,45376.95027
0.936173,3,45379.721733
0.958812,3,45379.857664
0.0,2,45440.195228
0.981265,3,45445.052077
0.917175,3,45448.400901
0.939014,3,45448.531263
0.922001,3,45448.615714
0.982887,3,45453.299822
0.952675,3,45455.979408
0.869107,3,45456.095902
0.866327,3,45460.965333
0.961727,3,45463.868782
0.976124,4,45468.280829
0.989875,3,45470.408118
0.967373,3,45475.114914
0.963199,3,45477.370439
0.953504,3,45479.994807
0.959275,3,45482.245494
0.943906,3,45484.701936
0.944161,3,45487.394624
0.979353,3,45491.822731
0.937356,3,45494.958349
0.0,12,45653.221572
0.882471,3,45658.653328
0.12343,4,45659.380522
0.953733,3,45661.688528
0.969085,4,45661.792744
0.829392,3,45666.803457
0.957262,3,45669.544622
0.948135,3,45669.627541
0.981265,3,45674.846389
0.924556,3,45677.675786
0.99297,3,45679.671302
0.0,1,45740.234958
0.962737,3,45745.071757
0.987916,3,45749.441521
0.936313,4,45756.122313
0.939611,3,45759.654607
0.992076,4,45762.077414
0.990677,3,45764.011168
0.0,5,45832.576363
0.926447,3,45838.613873
0.988509,3,45843.506384
0.947257,3,45849.133711
0.981265,3,45854.187953
0.993268,3,45858.491077
0.927805,3,45858.57914
0.821418,3,45863.503387
0.937356,3,45866.656788
0.866327,3,45875.965674
0.941274,3,45876.043326
0.977444,3,45881.241834
0.955969,3,45883.574558
0.990588,3,45883.656139
0.979499,3,45885.942397
0.936512,3,45888.979881
0.830438,3,45893.979608
0.841463,3,45903.44619
0.979059,3,45907.97478
0.933146,3,45917.64176
0.729709,6,45945.591
0.988064,3,45947.774351
0.917175,3,45954.267758
0.97627,3,45957.28438
0.933145,3,45963.135627
0.94535,3,45965.319018
0.961727,3,45968.1872
0.917313,3,45971.290426
0.921591,3,45974.217116
0.922699,3,45981.133463
0.90324,3,46025.033193
0.917175,3,46031.254348
0.942463,3,46034.05971
0.99297,3,46036.030099
0.848314,3,46042.539912
0.982739,3,46044.786373
0.848314,3,46056.811393
0.960223,3,46056.892966
0.962967,5,46062.779551
0.978294,3,46064.934874
0.957262,3,46067.795428
0.993119,3,46071.752902
0.980411,3,46073.847249
0.830662,3,46073.9429
0.907862,3,46077.336178
0.979059,3,46081.751246
0.947257,3,46087.316233
0.934686,3,46090.150123
0.831385,3,46090.246884
0.796591,3,46090.337672
0.992076,3,46090.412972
0.961727,3,46093.205386
0.903131,4,46096.386346
0.0,3,46158.8271
0.932445,3,46162.016099
0.957262,3,46167.386567
0.979353,3,46171.68654
0.943906,3,46174.271647
0.864969,4,46191.075269
0.972614,3,46195.618169
0.977444,3,46200.858368
0.957262,3,46206.165521
0.972468,3,46210.80513
0.875477,3,46219.602991
0.952818,4,46224.716978
0.957262,3,46229.937424
0.99491,3,46233.782825
0.94535,3,46235.97381
0.924579,3,46236.056866
0.924778,3,46239.321268
0.848314,3,46251.254613
0.97466,4,46254.492597
0.9299,3,46257.37831
0.99491,3,46259.280684
0.789736,3,46259.393751
0.832284,3,46259.487469
0.979263,3,46261.590595
0.823294,6,46272.223977
0.962304,3,46274.831218
0.918714,3,46274.917562
0.969262,3,46277.35282
0.0,1,46337.745901
0.976593,3,46339.822939
0.913049,3,46339.909984
0.983123,3,46342.008667
0.953504,3,46344.459825
0.858138,3,46344.563529
0.982887,3,46348.851487
0.940653,3,46351.463203
0.982887,3,46356.208073
0.9982,3,46358.254955
0.948963,4,46360.810255
0.901615,3,46367.773509
0.90202,3,46371.219756
0.939611,3,46377.788124
0.996404,3,46379.6842
0.978205,3,46379.775291
0.988924,4,46382.658019
0.946943,3,46385.093035
0.95988,3,46387.39883
0.987916,3,46391.596092
0.8785,5,46396.301087
0.962737,3,46401.029121
0.771311,3,46410.085928
0.884724,3,46418.499309
0.831385,3,46418.773959
0.9982,3,46422.639544
0.97759,3,46427.152637
0.915932,3,46427.239026
0.963199,3,46429.512162
0.947257,3,46432.353381
0.990142,3,46436.98363
0.980676,3,46439.118251
0.940653,3,46441.724635
0.937356,3,46445.086029
0.989548,3,46449.225313
0.969231,3,46449.305043
0.937356,3,46452.498467
0.99297,3,46454.507104
0.962824,3,46457.00947
0.811085,3,46464.4902
0.917175,3,46470.900507
0.934629,3,46473.748497
0.917865,3,46477.385925
0.943368,3,46479.995731
0.977002,3,46480.091972
0.94612,3,46485.504559
0.959419,3,46488.010155
0.99491,3,46491.861885
0.922473,3,46491.945627
0.981265,3,46497.08325
0.973052,3,46502.597452
0.973227,3,46504.800048
0.989875,3,46506.942595
0.953962,3,46509.984516
0.882471,3,46515.330985
0.986138,3,46519.571687
0.989697,3,46521.705843
0.988271,3,46523.780386
0.939611,3,46900.980361
0.936512,3,46906.671531
0.0,12,46977.805948
0.971533,3,46979.956502
0.848314,3,46985.373053
0.99491,3,46989.183046
0.872195,3,46993.099658
0.821887,3,46993.197294
0.931466,3,47002.540592
0.977884,3,47005.154279
0.907862,3,47011.864213
0.913022,3,47011.955545
0.882471,3,47021.707104
0.933285,3,47027.355443
0.927559,3,47030.860888
0.959275,3,47035.556601
0.991778,3,47037.916998
0.019394,6,47063.358924
0.979147,3,47063.45409
0.976124,3,47065.723812
0.882471,3,47075.386963
0.979059,3,47079.881266
0.907862,3,47083.206538
0.93961,3,47086.16575
0.922032,3,47089.175265
0.974454,3,47091.378481
0.954246,3,47091.459733
0.86279,3,47095.880179
0.90324,3,47123.949949
0.972468,4,47128.456547
0.989934,3,47128.530408
0.984659,3,47131.285549
0.956113,3,47136.142406
0.961727,3,47141.401268
0.961727,3,47146.647145
0.871596,5,47155.574018
0.0,1,47215.824861
0.918714,4,47215.946137
0.99491,3,47217.8314
0.982739,3,47222.155701
0.93831,3,47222.263761
0.988064,3,47224.696579
0.986286,3,47229.125932
0.848314,3,47240.996664
0.929144,3,47241.079406
0.993119,3,47243.060122
0.992076,4,47247.364527
0.920454,3,47247.447914
0.90202,3,47250.808752
0.914152,3,47257.021195
0.957262,3,47259.822792
0.87089,8,47268.8763
0.922001,3,47268.961898
0.873901,3,47273.17543
0.882471,3,47282.810611
0.982887,3,47287.055959
0.908271,3,47290.773134
0.992076,3,47290.851372
0.90324,4,47332.354995
0.952246,3,47335.23884
0.83141,3,47335.33074
0.97759,3,47337.679061
0.922032,3,47340.66084
0.984451,3,47340.73884
0.977618,3,47342.78487
0.866142,3,47346.973294
0.942294,3,47350.155162
0.933224,3,47350.278881
0.934966,3,47350.360873
0.986138,3,47354.487399
0.908271,3,47358.188516
0.991332,3,47360.305029
0.915249,3,47363.13333
0.979499,3,47365.408398
0.952675,3,47367.887929
0.951043,3,47367.967262
0.972468,3,47370.424089
0.936372,3,47373.336617
0.961118,3,47373.415913
0.825322,3,47378.426577
0.986138,3,47380.484959
0.979499,3,47384.776805
0.950218,4,47389.411058
0.99491,3,47391.391548
0.757866,3,47391.687656
0.986138,3,47395.825417
0.981265,3,47400.637051
0.913056,3,47408.523037
0.953504,3,47410.897804
0.917865,3,47417.649801
0.913056,3,47425.427091
0.937356,3,47431.352651
0.957262,3,47436.456373
0.917175,3,47442.548609
0.966181,3,47446.872342
0.89894,3,47450.442735
0.953962,3,47453.384135
0.94572,3,47455.828907
0.981117,3,47455.921862
0.979059,3,47458.501885
0.961727,3,47463.731198
0.933145,3,47469.429808
0.962737,3,47471.829599
0.894069,3,47475.904006
0.981265,3,47480.665756
0.832284,3,47480.761134
0.953504,3,47483.154511
0.976358,3,47485.264975
0.996404,3,47487.120863
0.97759,3,47491.530504
0.922699,3,47498.071647
0.962304,3,47503.033117
0.977794,3,47503.110146
0.98327,3,47505.211969
0.99491,3,47507.146195
0.912095,3,47510.026838
0.79473,3,47515.644142
0.921394,3,47518.996473
0.911001,3,47522.161963
0.0,16,47760.261939
0.894069,3,47764.23599
0.921642,3,47764.326375
0.952675,3,47766.970865
0.93328,3,47767.050456
0.976593,3,47769.164714
0.99491,3,47771.052536
0.982739,3,47773.268123
0.964472,3,47775.613554
0.901615,3,47779.151718
0.959275,3,47784.012578
0.821418,3,47788.804271
0.991481,3,47792.80265
0.962593,3,47795.196245
0.959275,3,47800.040903
0.979499,3,47802.281304
0.894069,3,47810.060454
0.988271,3,47812.062178
0.993268,3,47816.421024
0.829367,3,47821.45435
0.986286,3,47823.524563
0.936372,4,47826.432985
0.959275,3,47831.157177
0.894069,3,47835.232472
0.933145,3,47838.186777
0.99297,3,47842.093962
0.986523,3,47844.035989
0.973052,3,47849.232985
0.795588,3,47849.325176
0.936173,3,47852.046687
0.957262,3,47857.155939
0.952675,3,47862.264026
0.857546,3,47862.361867
0.959275,3,47867.19042
0.99491,3,47869.055069
0.933224,3,47869.137495
0.943368,3,47871.673374
0.861788,3,47880.636726
0.967545,3,47882.888242
0.982739,3,47887.397958
0.882471,3,47892.342653
0.969085,3,47892.422255
0.937356,3,47895.647944
0.903131,3,47898.781245
0.950446,3,47901.19175
0.90324,3,47940.567286
0.926722,3,47943.476745
0.937356,3,47946.730282
0.955969,3,47949.094861
0.907394,3,47949.181111
0.0,1,48009.443868
0.972468,3,48011.90319
0.969698,3,48017.410441
0.924778,3,48020.387937
0.95821,3,48022.668115
0.932445,3,48026.299471
0.859561,3,48030.825698
0.960224,4,48033.150442
0.918796,3,48033.234787
0.972176,3,48036.18223
0.97759,3,48040.502412
0.988064,3,48042.947487
0.933004,4,48072.692528
0.0,2,48133.387598
0.925194,3,48136.323358
0.948306,3,48136.413563
0.973052,3,48141.729094
0.936512,3,48147.290196
0.981146,3,48149.361216
0.973227,3,48151.417499
0.942402,3,48153.639786
0.98747,3,48153.72595
0.967373,3,48158.517732
0.956801,3,48160.767002
0.987916,3,48165.085309
0.965922,3,48169.673774
0.853719,4,48173.808051
0.980411,3,48175.874484
0.989548,3,48179.993118
0.954246,3,48180.079556
0.0,6,48289.471486
0.825322,3,48294.681304
0.99491,3,48296.574031
0.97627,3,48299.544904
0.982887,3,48303.764416
0.952246,3,48309.105198
0.987916,3,48313.254187
0.978324,3,48315.359462
0.975977,3,48319.663955
0.988271,3,48321.687511
0.844247,3,48326.737994
0.987916,3,48330.982433
0.858138,3,48334.150899
0.910421,3,48334.235358
0.990618,3,48334.385741
0.953504,3,48336.886606
0.857273,3,48346.906606
0.924941,3,48346.989413
0.960226,3,48351.761629
0.906037,3,48355.011994
0.0,1,48415.375931
0.963199,3,48417.691515
0.83141,3,48417.785123
0.882471,3,48427.875347
0.92131,3,48430.590755
0.972614,3,48435.181391
0.988064,3,48439.946234
0.922699,3,48443.471214
0.832209,3,48443.565164
0.947598,3,48446.328702
0.965572,3,48446.41396
0.942236,3,48449.337988
0.755075,3,48456.151356
0.882471,3,48466.157139
0.952989,3,48468.626763
0.943368,3,48471.312558
0.948963,3,48474.218066
0.910865,3,48480.998612
0.872195,3,48484.980408
0.986523,3,48487.139634
0.888395,3,48490.845013
0.903512,3,48495.515523
0.945606,3,48495.720883
0.972468,3,48501.355527
0.993656,4,48503.650718
0.96653,3,48505.93725
0.986138,3,48508.184672
0.982887,3,48510.405152
0.964472,3,48512.868522
0.982887,3,48515.665674
0.982739,3,48517.948424
0.996404,3,48519.867696
0.965485,3,48519.949305
0.930961,3,48522.930665
0.913056,3,48527.344421
0.882471,3,48532.726024
0.955969,3,48537.835281
0.975977,3,48540.068003
0.96653,3,48542.417404
0.979499,3,48546.829498
0.942859,3,48552.74051
0.988598,3,48554.834275
0.024067,12,48649.809772
0.864786,3,48649.899881
0.974834,3,48650.008931
0.966035,3,48650.093132
0.952818,3,48655.269731
0.90324,3,48682.738712
0.902669,3,48682.83183
0.973052,3,48688.264554
0.981265,3,48693.123982
0.993268,3,48697.479816
0.951961,3,48702.658233
0.945039,3,48705.397368
0.947367,3,48705.478191
0.907862,3,48712.893989
0.967922,3,48712.984133
0.981265,3,48718.781427
0.882471,3,48723.948042
0.982739,3,48728.379004
0.907862,3,48731.880105
0.844247,3,48741.320675
0.848314,3,48747.611604
0.961727,3,48753.153949
0.977444,3,48758.426941
0.973052,3,48764.044105
0.848467,4,48770.522597
0.970163,3,48770.601108
0.979353,3,48772.951165
0.908271,3,48780.853665
0.917865,3,48784.483822
0.912506,3,48801.044796
0.961727,3,48806.990755
0.931185,3,48810.008524
0.959275,3,48815.578247
0.0,8,48895.534962
0.918635,3,48898.515421
0.974075,3,48904.517177
0.936173,3,48907.348586
0.989934,3,48909.395105
0.881669,4,48913.372189
0.903509,3,48916.800698
0.99297,3,48920.79287
0.957173,3,48920.931333
0.975977,3,48925.431859
0.933758,3,48925.517965
0.904597,3,48932.541169
0.972935,3,48934.640095
0.97759,3,48939.100825
0.902914,3,48942.328016
0.963835,3,48942.401926
0.97759,3,48946.805906
0.99297,3,48951.142824
0.979059,3,48953.877513
0.949534,3,48962.955419
0.981265,3,48966.831752
0.977884,3,48975.424923
0.893554,3,48975.56218
0.0,1,49035.517465
0.84389,3,49046.157161
0.969085,3,49046.295941
0.967373,3,49051.18058
0.958556,3,49055.892378
0.972468,3,49060.815908
0.986286,3,49065.222055
0.957262,3,49070.529211
0.912643,3,49074.107701
0.977884,3,49080.117027
0.959275,3,49085.154431
0.94263,4,49085.259554
0.991778,3,49089.26502
0.970659,3,49091.561743
0.982887,3,49095.854797
0.99491,3,49097.732107
0.916289,3,49100.235944
0.915249,3,49103.308108
0.918744,4,49106.9242
0.962737,3,49111.555485
0.993417,3,49113.89009
0.988064,3,49118.620153
0.984659,3,49124.9893
0.99297,3,49127.762853
0.917175,3,49139.526578
0.945066,3,49139.634437
0.972468,3,49146.427459
0.0,2,49206.495935
0.916289,3,49209.07718
0.956113,3,49214.236236
0.962737,3,49219.121641
0.0,2,49278.749303
0.939183,3,49278.251816
0.83141,3,49278.379769
0.892994,5,49352.677128
0.93831,3,49352.833242
0.933758,3,49352.97619
0.961727,3,49359.031308
0.930315,3,49359.12509
0.873901,3,49364.142741
0.974075,3,49367.119048
0.981265,3,49370.178769
0.969873,3,49372.684158
0.939611,3,49380.536883
0.992076,3,49380.617542
0.930706,3,49383.40688
0.861788,3,49389.405523
0.982887,3,49394.023655
0.0,5,49454.580668
0.959475,3,49456.304084
0.864034,4,49456.442032
0.981265,3,49461.622263
0.910865,3,49469.969121
0.972468,3,49475.375345
0.979059,3,49478.116906
0.982887,3,49480.792211
0.831385,3,49480.91975
0.982916,3,49483.387418
0.937356,3,49489.79627
0.972468,3,49495.247013
0.944217,4,49499.315429
0.936372,3,49502.521034
0.963199,3,49505.14204
0.98327,3,49507.456872
0.944669,3,49510.596081
0.982739,3,49514.830745
0.793062,3,49521.601454
0.966067,3,49526.980759
0.949392,3,49530.157278
0.976124,3,49532.777904
0.948963,3,49535.733254
0.979646,3,49539.147204
0.863489,3,49544.08056
0.975977,3,49549.595802
0.989934,3,49552.020057
0.912721,3,49555.584231
0.961727,3,49558.889756
0.873901,3,49568.632324
0.946943,4,49571.664832
0.948963,4,49574.16735
0.957262,3,49580.344354
0.99491,3,49582.523944
0.903512,3,49587.631471
0.974075,3,49591.93495
0.99491,3,49594.342666
0.931185,3,49597.991721
0.880247,3,49602.82232
0.982887,3,49606.183048
0.882471,3,49613.268494
0.962593,3,49616.283382
0.979059,3,49621.317446
0.939465,3,49623.928559
0.952246,3,49627.499232
0.984451,3,49627.60143
0.982887,3,49630.691887
0.0,1,49688.771681
0.927805,3,49688.993382
0.944669,3,49694.986771
0.980499,3,49699.31633
0.979059,3,49704.029387
0.861788,3,49713.698166
0.973227,3,49715.942235
0.933285,3,49721.483764
0.925,3,49724.408948
0.989934,3,49726.477914
0.953104,3,49729.112442
0.024174,8,49730.390747
0.9225,3,49730.607067
0.894069,3,49738.752496
0.918744,3,49742.255793
0.952246,3,49746.905657
0.970193,3,49747.053859
0.922833,3,49747.280663
0.937356,3,49753.67802
0.976124,3,49758.24091
0.961727,3,49763.720025
0.908271,3,49767.659957
0.929144,3,49767.749562
0.969815,4,49770.073523
0.793062,3,49776.148552
0.894224,3,49779.390597
0.821418,3,49784.38833
0.915497,3,49787.377633
0.848314,3,49799.696381
0.97997,3,49802.056125
0.972233,3,49802.135679
0.99832,4,49806.054829
0.969085,3,49805.897487
0.122864,5,49850.018401
0.931185,3,49852.876773
0.990142,3,49857.641045
0.927559,3,49863.997178
0.963835,3,49864.091124
0.99297,3,49868.278962
0.957262,3,49873.646868
0.932445,3,49880.546056
0.97759,3,49882.920197
0.912506,3,49898.276229
0.929229,3,49898.3771
0.90202,3,49901.798986
0.921449,3,49905.131375
0.882471,3,49910.511415
0.0,9,49973.171221
0.937356,3,49979.499442
0.936372,3,49981.837837
0.973227,3,49984.308669
0.989934,3,49986.433858
0.939465,3,49988.720917
0.987916,3,49991.173455
0.930961,3,49994.050176
0.939751,3,49996.864831
0.923669,3,50000.159527
0.0,2,50060.278096
0.891305,4,50064.401697
0.933758,3,50064.525743
0.93961,3,50069.733703
0.979646,3,50075.207517
0.979852,3,50077.510125
0.918635,3,50080.580384
0.917865,3,50087.808108
0.961727,3,50090.563515
0.90324,3,50131.922325
0.93961,3,50137.72891
0.972614,3,50140.207508
0.991481,3,50144.546186
0.945663,3,50144.704167
0.970572,3,50148.298839
0.99491,3,50152.70239
0.927805,3,50155.209212
0.957262,3,50157.235078
0.942294,3,50163.397096
0.973052,3,50169.01723
0.986138,3,50173.385594
0.987916,3,50177.998417
0.795588,3,50178.104425
0.884724,3,50186.213088
0.957262,3,50191.619656
0.966067,3,50196.505037
0.0,7,50263.295027
0.876318,6,50272.547842
0.959419,3,50274.323586
0.903509,3,50277.838416
0.99491,3,50279.809073
0.913056,3,50284.328999
0.991332,3,50286.500545
0.90324,4,50314.586438
0.982887,3,50319.057846
0.024042,3,50319.421679
0.882471,3,50329.537141
0.937356,3,50334.878055
0.959275,3,50340.019133
0.986138,3,50344.227199
0.904733,3,50351.301342
0.864917,5,50367.650688
0.962593,3,50372.691186
0.991481,3,50375.011308
0.866327,3,50384.56801
0.948963,3,50387.413877
0.988064,3,50389.152735
0.0,9,50456.46001
0.966067,3,50461.135851
0.97627,3,50464.265319
0.926724,3,50470.539763
0.972176,3,50473.822955
0.872195,3,50476.901331
0.952675,3,50482.291458
0.854488,3,50482.396343
0.795588,3,50482.499742
0.917366,3,50485.656667
0.991332,3,50487.753848
0.84389,3,50492.016673
0.989934,3,50494.120146
0.913218,3,50494.243783
0.99491,4,50496.203797
0.996404,3,50500.102357
0.972468,3,50504.893437
0.755075,3,50511.07173
0.947257,3,50516.945104
0.966067,3,50521.881538
0.952246,3,50525.020026
0.962737,3,50527.458276
0.925194,3,50530.584272
0.942859,3,50533.428485
0.916648,3,50533.516953
0.927753,3,50535.399857
0.972468,3,50537.970786
0.97627,3,50541.026223
0.920347,3,50547.602381
0.922699,3,50554.468711
0.915249,3,50557.76693
0.913056,3,50562.163015
0.944669,3,50564.150027
0.946259,3,50564.232225
0.898778,3,50572.20515
0.903512,3,50579.967062
0.936705,3,50580.056233
0.876161,4,50585.055963
0.755709,3,50592.102319
0.942176,3,50592.236747
0.755709,3,50598.277017
0.755075,4,50605.126918
0.934828,3,50614.839686
0.99297,3,50617.041158
0.866327,3,50622.292346
0.963575,3,50623.75577
0.927559,3,50630.36709
0.959419,3,50635.299357
0.99491,3,50639.210559
0.907862,3,50642.701727
0.99491,3,50644.644976
0.965922,3,50647.256667
0.922699,3,50653.38894
0.889384,3,50661.853447
0.952246,3,50667.568367
0.907339,4,50667.711588
0.99491,3,50671.629303
0.97759,3,50674.05785
0.89894,3,50677.840089
0.949534,3,50680.608781
0.922032,3,50682.825584
0.99491,3,50684.688581
0.957262,3,50687.617131
0.932888,3,50690.292019
0.976124,4,50692.619566
0.96563,3,50692.706295
0.982887,3,50697.203314
0.936372,3,50703.091863
0.945039,3,50706.011839
0.972087,3,50706.103301
0.917175,3,50709.598967
0.937356,3,50715.028981
0.965922,3,50717.614713
0.903509,3,50721.073481
0.829367,3,50726.243577
0.917175,3,50733.075279
0.927753,3,50736.015412
0.930706,3,50738.387384
0.98327,3,50739.726506
0.939611,3,50746.570015
0.979499,3,50751.120039
0.969262,3,50753.472171
0.979264,3,50755.691302
0.969085,3,50755.773426
0.988064,3,50760.550713
0.946318,3,50763.230987
0.87089,3,50771.660294
0.989548,3,50775.935333
0.972176,3,50779.086648
0.922001,3,50779.176224
0.0,2,50837.941462
0.957262,3,50843.493592
0.778608,3,50849.745261
0.0,7,50921.947464
0.901615,3,50925.702936
0.0,28,51304.364305
0.909225,3,51317.423709
0.939611,3,51323.32896
0.885359,3,51327.047251
0.986138,3,51331.425016
0.972731,3,51333.728049
0.986286,3,51337.976157
0.967373,3,51343.177375
0.912643,3,51346.283446
0.755075,3,51352.545791
0.863489,3,51357.161891
0.933145,3,51360.287558
0.992076,3,51360.369798
0.99491,3,51364.336255
0.857273,3,51369.497158
0.844247,3,51378.335943
0.972468,3,51380.879557
0.940935,3,51383.69323
0.0,1,51442.27282
0.771311,3,51451.892538
0.916289,3,51451.985265
0.920512,3,51455.203519
0.962995,3,51455.285822
0.912095,3,51458.451865
0.979852,3,51460.636809
0.99491,3,51462.633887
0.891119,5,51482.180609
0.950332,4,51484.768975
0.933146,3,51494.615992
0.942294,3,51499.842872
0.972614,3,51502.322413
0.927471,3,51880.987253
0.795588,3,51881.103876
0.944161,3,51884.416566
0.97627,3,51889.831716
0.973052,3,51895.520156
0.973227,3,51900.281372
0.991778,3,51901.638385
0.99297,3,51903.790794
0.939611,3,51907.415304
0.95988,3,51909.811072
0.916898,4,51913.105729
0.982739,3,51915.51829
0.940932,3,51915.607282
0.931435,3,51918.462838
0.87089,3,51927.866491
0.945663,3,51928.047934
0.974075,3,51930.573437
0.0,1,51988.967625
0.948135,3,51989.077263
0.796615,3,51989.181553
0.939611,3,51992.76919
0.953733,3,51995.256379
0.857273,3,52005.25733
0.902914,3,52008.591287
0.939183,3,52008.682764
0.907339,3,52008.776393
0.912506,3,52024.398145
0.910865,3,52031.303298
0.913056,3,52035.733525
0.944161,3,52038.534942
0.857273,3,52043.846783
0.979353,3,52047.38564
0.927753,3,52050.316233
0.95379,3,52052.934234
0.0,7,52202.91273
0.872485,3,52206.673559
0.946003,3,52206.758768
0.962593,3,52211.882807
0.961727,3,52217.314068
0.90324,5,52248.542618
0.894069,3,52256.029881
0.957173,3,52256.119967
0.981265,3,52261.349595
0.0,4,52324.976764
0.939611,3,52328.534304
0.967373,3,52333.472333
0.832209,3,52333.774224
0.963517,3,52336.302609
0.946318,3,52337.914331
0.966067,3,52342.745224
0.974075,3,52348.491061
0.936512,3,52354.258813
0.99491,3,52356.209527
0.923614,3,52359.744712
0.848314,3,52371.345535
0.946943,3,52373.980379
0.0,1,52432.264337
0.974075,3,52437.905248
0.975977,3,52440.189584
0.972262,3,52440.272211
0.755709,3,52447.187686
0.964819,3,52449.614168
0.920347,3,52455.212248
0.0,5,52517.576371
0.947311,3,52517.706768
0.988271,3,52519.818669
0.963517,3,52522.293
0.0,16,52608.53788
0.986138,3,52610.846628
0.0,2,52682.35434
0.965922,3,52686.198836
0.984659,3,52689.327763
0.885359,3,52693.208178
0.771311,3,52710.922948
0.829392,3,52715.098929
0.881669,3,52715.202104
0.99491,3,52719.094291
0.891119,5,52740.188902
0.937356,3,52745.449143
0.966067,3,52750.388507
0.966181,3,52755.021302
0.755709,3,52762.124839
0.936255,3,52762.216974
0.967373,3,52767.304323
0.996823,3,52767.379753
0.969873,3,52769.645775
0.979353,3,52773.141679
0.894388,3,52776.819872
0.917175,3,52780.178093
0.984451,3,52780.263004
0.931466,3,52790.148653
0.894069,5,52794.847373
0.984659,3,52799.880483
0.984659,3,52803.807071
0.982739,3,52808.261598
0.951043,3,52808.349644
0.848314,3,52814.186077
0.974075,3,52820.006205
0.952246,3,52825.855021
0.97759,3,52829.426377
0.024029,13,52887.79897
0.921812,3,52890.860099
0.979353,3,52895.332956
0.991481,3,52899.583131
0.996404,3,52901.5485
0.949392,3,52907.086807
0.979499,3,52909.533045
0.988064,3,52914.281059
0.965108,3,52915.601102
0.981265,3,52920.912031
0.953733,3,52923.393471
0.729534,6,52952.19025
0.952246,3,52957.947819
0.918415,3,52961.041802
0.97759,3,52963.470297
0.932888,3,52966.172738
0.982887,3,52968.549055
0.904597,3,52974.77826
0.986286,3,52977.337358
0.988064,3,52981.941829
0.97759,3,52984.439982
0.959275,3,52989.506305
0.991481,3,52991.734014
0.979059,3,52994.180647
0.922699,3,53001.036041
0.969407,3,53004.773868
0.936512,3,53007.820174
0.974075,3,53013.43496
0.866215,3,53013.786425
0.979353,3,53018.330437
0.922699,3,53021.855364
0.0,5,53100.705326
0.894069,3,53108.780613
0.967373,3,53113.842596
0.956113,3,53117.953628
0.980087,3,53120.218095
0.904597,3,53127.367255
0.984215,3,53127.443986
0.960195,3,53127.532366
0.960485,3,53130.086528
0.925,3,53133.093569
0.882471,3,53138.501129
0.885359,3,53142.417589
0.859561,3,53147.305655
0.977884,3,53151.843818
0.913055,3,53159.124169
0.961727,3,53164.726374
0.939611,3,53168.321763
0.99491,3,53170.314258
0.933224,3,53170.40182
0.90324,3,53201.717766
0.973052,3,53205.185576
0.943368,3,53206.677161
0.989548,3,53211.001089
0.917175,3,53217.639364
0.984777,3,53219.84855
0.959475,3,53222.248744
0.922865,3,53225.601977
0.866142,3,53229.806324
0.948135,3,53229.887354
0.881669,3,53229.982706
0.988598,3,53232.085119
0.917175,3,53234.432172
0.910865,3,53241.455904
0.97627,3,53246.78525
0.875477,3,53256.022061
0.829392,3,53261.213046
0.921449,3,53263.515175
0.968447,3,53265.931461
0.952818,3,53268.667804
0.96653,3,53271.008816
0.983919,3,53273.110317
0.848314,3,53285.904568
0.990677,3,53286.016294
0.931466,3,53294.738966
0.979059,4,53299.472703
0.918744,3,53302.932136
0.993119,3,53304.95171
0.963575,3,53307.437083
0.979353,3,53309.712398
0.931325,7,53320.281003
0.950817,3,53320.361498
0.917865,3,53327.390497
0.991778,3,53329.838147
0.922473,3,53329.924789
0.873239,3,53330.023343
0.961379,3,53334.803953
0.987916,3,53339.367923
0.986138,3,53343.759896
0.97759,3,53348.402218
0.930399,3,53348.512774
0.860464,4,53354.003541
0.857273,3,53364.235873
0.864786,3,53364.32963
0.988271,3,53366.455062
0.922032,3,53369.491531
0.891387,6,53396.955087
0.977884,3,53401.079458
0.967373,3,53406.009181
0.793062,3,53411.071575
0.873901,3,53415.601223
0.920347,3,53419.014726
0.953733,4,53421.588619
0.980205,3,53421.674546
0.986138,3,53426.111456
0.967373,3,53431.156775
0.952675,3,53436.544275
0.912506,3,53451.871963
0.0,2,53511.385759
0.913049,3,53511.488348
0.959419,3,53516.612057
0.96375,3,53523.000269
0.867781,3,53527.105758
0.995238,4,53531.200294
0.881669,3,53531.299784
0.872485,3,53535.136892
0.982887,3,53540.017386
0.917175,3,53543.524929
0.789736,3,53543.643718
0.94612,3,53549.283722
0.904597,3,53551.949736
0.981265,3,53556.963084
0.987589,3,53557.11137
0.946943,3,53559.75033
0.960974,3,53559.836495
0.93961,3,53565.824873
0.0,1,53624.366702
0.967373,3,53627.20095
0.947367,3,53627.289353
0.937356,3,53633.557689
0.986286,3,53636.076824
0.882471,3,53645.250508
0.94572,3,53647.964556
0.979059,3,53652.760152
0.929147,3,53655.896132
0.974075,3,53661.452861
0.961727,3,53666.922422
0.771311,3,53675.241621
0.861943,3,53680.119821
0.913055,3,53683.883105
0.861788,3,53689.114809
0.979646,3,53692.209427
0.942294,3,53697.241956
0.991778,3,53701.83022
0.933004,7,53727.06737
0.910865,3,53734.118828
0.873901,3,53742.67822
0.918714,3,53742.801814
0.967373,3,53747.71096
0.933285,3,53753.766855
0.973052,3,53758.406443
0.977884,3,53764.546231
0.979735,3,53766.789937
0.886741,6,53780.72239
0.974075,3,53783.520292
0.949392,3,53786.31921
0.99297,3,53788.345524
0.913056,3,53792.899062
0.921642,3,53792.988529
0.934629,3,53795.956032
0.989697,3,53800.156199
0.981265,3,53805.755793
0.930706,3,53808.159994
0.0,10,54049.461902
0.894069,3,54057.769766
0.932445,3,54060.889803
0.943368,3,54063.604158
0.861788,3,54072.633534
0.965543,3,54077.349857
0.961727,3,54082.948049
0.957262,3,54085.583724
0.965922,3,54088.025377
0.979353,3,54092.543562
0.930706,3,54094.879345
0.973227,3,54097.181183
0.933145,3,54102.079782
0.973227,3,54104.375885
0.749365,7,54111.857799
0.979059,3,54116.516743
0.927753,3,54119.4525
0.757866,5,54119.817681
0.951961,3,54132.229166
0.913049,3,54132.314534
0.904597,3,54139.489146
0.0,8,54206.406587
0.947598,3,54209.231473
0.921587,3,54209.316036
0.924556,3,54212.337681
0.962737,3,54214.884371
0.0,1,54272.993675
0.972614,3,54276.560357
0.979059,3,54281.222283
0.882471,3,54286.740335
0.991332,3,54288.849837
0.99491,3,54292.725379
0.973227,3,54295.03066
0.795636,3,54295.136883
0.93961,3,54297.996713
0.932445,3,54303.82823
0.95988,3,54306.254606
0.850907,6,54311.523198
0.972468,3,54314.127207
0.92203,3,54314.212458
0.952818,3,54316.974607
0.889384,3,54321.509254
0.926724,3,54328.113223
0.95379,3,54330.764728
0.95723,3,54330.853655
0.921477,3,54333.098094
0.912095,3,54336.306342
0.811085,3,54344.371934
0.962304,3,54346.983491
0.910864,3,54359.736238
0.969262,3,54360.864989
0.986523,3,54363.042897
0.961727,3,54368.600268
0.854488,3,54368.694445
0.952246,3,54374.406529
0.829367,3,54379.84987
0.986286,3,54382.411634
0.123219,4,54382.712244
0.981265,3,54388.046583
0.829392,3,54392.135677
0.936372,3,54395.237491
0.931325,9,54406.195858
0.904597,3,54413.479781
0.829367,3,54418.718029
0.907726,3,54421.325413
0.99297,3,54423.409329
0.920454,3,54423.503101
0.866327,3,54428.647398
0.904597,3,54435.874954
0.993686,3,54435.956433
0.963199,3,54438.344296
0.99297,3,54440.489257
0.93831,3,54440.579095
0.930706,3,54440.674389
0.848314,3,54447.282321
0.953962,3,54449.360384
0.931045,4,54460.627377
0.969262,3,54463.0496
0.962995,3,54463.140943
0.872485,3,54466.987202
0.859561,3,54471.871607
0.962593,3,54476.422229
0.912095,3,54478.963265
0.984984,3,54481.225574
0.94535,3,54481.313158
0.933957,3,54484.172368
0.939611,3,54487.879153
0.945123,3,54487.9636
0.933224,3,54488.049437
0.962304,3,54493.569668
0.979499,3,54496.022996
0.944613,3,54498.918548
0.984659,3,54501.904745
0.946943,3,54504.562886
0.913056,3,54512.016529
0.882471,3,54517.477
0.974075,3,54523.212656
0.929929,3,54526.461914
0.123404,3,54527.082215
0.981265,3,54532.157946
0.960284,3,54535.767665
0.969698,3,54539.470236
0.939611,3,54543.011336
0.932724,7,54554.989001
0.974075,3,54558.473354
0.95988,3,54560.892166
0.937356,3,54563.10649
0.925194,3,54566.462642
0.916289,3,54569.028885
0.921477,3,54572.36098
0.950018,3,54574.931059
0.86279,3,54579.45233
0.973929,3,54582.656423
0.968447,3,54585.038441
0.920512,3,54588.26705
0.752768,4,54595.162698
0.99297,3,54597.229625
0.755075,3,54604.251495
0.755709,3,54611.368197
0.874186,4,54621.057038
0.963517,3,54622.389522
0.95379,3,54625.093663
0.925194,3,54628.228233
0.993119,3,54630.255496
0.969698,3,54633.967494
0.97759,3,54638.623256
0.944586,3,54638.714317
0.910864,3,54650.631753
0.83141,3,54650.732474
0.975097,4,54653.063998
0.921812,3,54656.087714
0.992076,4,54658.596653
0.986523,3,54660.777113
0.913056,3,54665.319384
0.939611,3,54672.075744
0.944669,3,54677.644601
0.949392,3,54682.04283
0.979499,3,54686.550583
0.964472,3,54688.904872
0.961727,3,54694.519501
0.982739,3,54699.142854
0.796591,4,54699.280591
0.99491,3,54701.26749
0.859561,3,54706.071098
0.930594,3,54706.155609
0.975977,3,54707.341687
0.755709,3,54714.449251
0.0,1,54772.57126
0.894922,3,54772.677149
0.907862,3,54776.241482
0.830264,3,54781.468099
0.876161,4,54790.934614
0.989697,3,54794.097784
0.937356,3,54800.415648
0.943906,3,54803.095539
0.0,3,54869.733523
0.981265,3,54875.321763
0.914152,3,54878.826208
0.933145,3,54883.814906
0.913056,3,54888.347783
0.962304,3,54893.668378
0.955396,3,54901.544202
0.851417,5,54906.739156
0.917313,3,54909.0762
0.981265,3,54914.473034
0.913049,3,54914.591973
0.964472,3,54917.06361
0.982887,3,54922.028509
0.984777,3,54924.27336
0.990142,3,54929.060732
0.881669,3,54929.163923
0.863489,3,54933.664127
0.968504,3,54935.883766
0.903512,3,54942.619218
0.917865,3,54949.90742
0.961032,3,54952.412903
0.996404,3,54954.391475
0.907862,3,54961.275517
0.921591,3,54964.197059
0.993268,3,54967.581957
0.996404,4,54971.511759
0.793062,3,54977.575817
0.924746,3,54977.709602
0.965922,3,54982.78387
0.991332,3,54985.067719
0.993119,3,54987.125506
0.99491,3,54989.109793
0.903509,3,54992.623569
0.932445,3,54998.540723
0.90324,3,55030.153347
0.988064,3,55032.342609
0.99491,3,55034.300933
0.940567,4,55040.224169
0.957173,3,55040.361674
0.882471,3,55050.816379
0.962362,3,55053.418628
0.913056,3,55060.667081
0.926724,3,55067.105166
0.973052,3,55072.871748
0.99491,3,55074.843379
0.927753,3,55077.687758
0.979059,3,55082.362343
0.991778,3,55085.710204
0.97759,3,55090.399755
0.910865,3,55094.054673
0.97466,3,55099.713008
0.969698,3,55103.583613
0.953845,3,55103.673755
0.933589,3,55103.767131
0.9982,3,55107.79203
0.981265,3,55111.70073
0.99491,3,55113.755946
0.972174,3,55113.834108
0.0,7,55197.416882
0.918415,4,55199.392209
0.991481,3,55203.765743
0.937356,3,55206.791757
0.979353,3,55209.034739
0.975977,3,55211.346418
0.795636,3,55211.447306
0.866142,3,55215.707572
0.939611,3,55222.451488
0.952246,3,55225.533286
0.912506,3,55241.01907
0.930315,3,55241.109579
0.934686,3,55244.067883
0.912095,3,55247.250923
0.979499,3,55249.734838
0.979499,3,55254.340319
0.973052,3,55256.702565
0.79473,3,55262.72191
0.972174,3,55262.805805
0.917865,3,55270.064226
0.946943,3,55272.722677
0.936705,3,55272.815666
0.780784,3,55279.166874
0.97759,3,55281.686683
0.85938,3,55285.41474
0.95988,3,55287.834096
0.929929,3,55293.943609
0.942294,3,55300.096395
0.988064,3,55304.874039
0.988271,3,55307.027468
0.894069,3,55314.192576
0.976124,3,55318.808127
0.919379,3,55318.895616
0.957262,3,55321.846556
0.97759,3,55326.538931
0.0,6,55400.727219
0.0,6,55479.384842
0.962304,3,55482.226064
0.959275,3,55484.693168
0.956113,3,55488.725027
0.932445,3,55492.570578
0.926724,3,55499.018685
0.0,6,55577.211026
0.976124,3,55581.796005
0.778608,3,55588.013895
0.912643,3,55591.212492
0.966064,3,55591.300303
0.90324,3,55622.77213
0.971533,3,55624.975317
0.982887,3,55629.4455
0.967373,3,55630.900221
0.990677,3,55632.918507
0.937356,3,55639.414983
0.912095,3,55642.61341
0.97997,3,55644.824053
0.937356,3,55651.460147
0.936173,3,55654.397934
0.973227,3,55656.613005
0.99297,3,55658.654322
0.971301,3,55661.042944
0.93961,3,55666.96817
0.902752,4,55673.218014
0.79311,3,55679.34932
0.973052,3,55685.084824
0.0,6,55770.450181
0.931045,4,55780.221437
0.982887,3,55782.625453
0.898937,3,55786.112688
0.99297,3,55788.157756
0.918744,3,55791.627636
0.982887,3,55794.346781
0.0,4,55855.595348
0.944669,3,55859.900253
0.991481,3,55864.132994
0.99491,3,55866.120475
0.986138,3,55870.52168
0.922699,3,55877.515459
0.94572,3,55880.242004
0.993119,3,55884.380854
0.966035,3,55884.468309
0.99491,3,55886.484348
0.984659,3,55890.264235
0.99491,3,55892.269443
0.972468,3,55897.18176
0.913056,3,55905.456799
0.98047,3,55907.703975
0.907862,3,55911.182759
0.924579,3,55911.272715
0.946943,3,55913.941537
0.908734,3,55917.281352
0.942294,3,55919.272545
0.965922,3,55921.786625
0.860644,4,55934.173033
0.987916,3,55936.643225
0.97466,3,55939.966993
0.982887,3,55942.298094
0.864371,3,55942.551033
0.979059,3,55946.040967
0.894069,3,55954.337559
0.963517,3,55956.822487
0.830662,3,55956.928303
0.0,5,56018.216607
0.982887,3,56022.691771
0.931325,5,56032.797495
0.947257,3,56035.905626
0.969873,4,56038.122726
0.907726,3,56045.316852
0.933146,3,56055.358063
0.98451,3,56057.368789
0.982739,3,56061.962111
0.950817,3,56062.045349
0.79473,3,56066.798847
0.934181,3,56069.517626
0.918635,3,56072.634539
0.841463,3,56077.7945
0.0,9,56156.518104
0.904597,3,56163.956938
0.793062,3,56170.034179
0.949392,3,56172.727235
0.0,1,56231.028006
0.910865,3,56234.694997
0.969085,3,56234.781948
0.991332,3,56235.719577
0.979353,3,56238.134439
0.991778,3,56242.607584
0.979059,3,56247.27582
0.972614,3,56251.909231
0.972233,3,56252.000394
0.758913,3,56252.100642
0.862764,3,56256.773186
0.758913,3,56256.876947
0.920454,3,56256.995367
0.94048,3,56257.082296
0.917175,3,56263.837079
0.92353,3,56269.046079
0.936372,3,56274.889582
0.942236,3,56277.893961
0.954246,3,56277.988895
0.989697,3,56280.153466
0.882471,3,56290.525776
0.924746,3,56290.613198
0.811085,3,56297.321971
0.976124,3,56301.898081
0.912506,3,56318.323905
0.995059,5,56323.12287
0.981265,3,56326.260813
0.904733,3,56329.983163
0.974075,3,56335.992217
0.915249,3,56339.127088
0.981265,3,56344.02345
0.921587,3,56344.11517
0.962362,3,56346.740793
0.942859,3,56351.273695
0.920786,4,56357.497373
0.883899,3,56361.448431
0.913055,3,56365.319021
0.973052,3,56371.005154
0.993268,3,56375.405818
0.962304,3,56378.187678
0.957262,3,56382.310933
0.907726,3,56389.445775
0.969698,3,56395.631716
0.927559,3,56399.547133
0.99491,3,56401.573076
0.873901,3,56408.818548
0.982887,3,56790.894166
0.991332,3,56795.523838
0.993119,3,56797.562648
0.937356,3,56800.564003
0.991481,3,56804.987593
0.85938,3,56809.937276
0.946318,3,56811.370581
0.937356,3,56814.844922
0.944613,3,56817.74072
0.986523,3,56819.954928
0.991481,3,56822.165713
0.913056,3,56830.400227
0.934125,3,56833.593432
0.979353,3,56838.01896
0.942859,3,56842.372633
0.972468,3,56847.332148
0.848314,3,56859.848577
0.915249,3,56862.970713
0.940653,3,56865.693703
0.925,3,56867.433913
0.757866,3,56867.538133
0.918635,3,56870.639871
0.871047,3,56875.271216
0.989934,3,56877.271672
0.956801,3,56879.729397
0.882471,3,56889.863549
0.942859,3,56892.840252
0.931045,5,56900.531234
0.946003,3,56900.613813
0.99491,3,56902.669826
0.8785,4,56907.671944
0.991332,3,56912.012326
0.949392,3,56914.89804
0.957262,3,56920.512933
0.830438,3,56924.549147
0.937356,3,56930.862748
0.922473,3,56930.950781
0.962304,3,56936.320781
0.952246,3,56939.414382
0.913056,3,56943.331078
0.811085,3,56956.828381
0.962593,3,56961.867788
0.962593,3,56966.877492
0.927726,3,56970.105312
0.977884,3,56975.738946
0.99491,3,56977.725348
0.917313,3,56983.040192
0.913056,3,56991.271075
0.982739,3,56993.79518
0.933588,3,56993.885604
0.930706,3,56996.285953
0.956113,3,56998.937688
0.975977,3,57003.472164
0.86279,3,57008.08976
0.0,1,57066.153105
0.913022,3,57066.272007
0.915854,3,57068.179387
0.946943,3,57070.806629
0.916289,3,57073.393764
0.904597,3,57080.395795
0.981265,3,57083.17179
0.847546,3,57087.523481
0.99491,3,57091.455737
0.0,9,57174.490641
0.936512,3,57177.548254
0.984244,3,57177.663199
0.0,8,57414.053974
0.95723,3,57414.161035
0.970659,3,57416.632367
0.961727,3,57419.461349
0.953733,3,57421.991329
0.913056,3,57430.58447
0.955365,3,57433.161469
0.964819,3,57435.73442
0.952675,3,57438.631013
0.795636,3,57438.730901
0.847546,4,57441.725393
0.913056,3,57450.058924
0.844247,3,57455.341518
0.829367,3,57460.618325
0.913055,3,57464.535924
0.907862,5,57474.238978
0.882471,3,57479.709862
0.904597,3,57483.485805
0.956801,3,57485.952331
0.912095,3,57489.141315
0.990677,3,57489.227216
0.0,1,57547.432221
0.830438,3,57552.674564
0.864786,3,57552.779392
0.912095,3,57555.858885
0.0,10,57727.213232
0.96563,3,57727.310579
0.988509,3,57729.001111
0.939611,3,57735.899858
0.771542,3,57736.03206
0.99491,3,57737.998698
0.917865,3,57745.165378
0.864786,3,57745.25852
0.907726,3,57748.986854
0.993417,3,57753.260885
0.981265,5,57758.303431
0.0,1,57815.376827
0.86476,3,57815.480694
0.984659,3,57820.490499
0.921642,3,57820.580575
0.97466,3,57826.143334
0.927498,3,57826.234487
0.955365,3,57828.772079
0.964472,3,57831.251229
0.967373,3,57836.214832
0.988894,3,57836.295876
0.984984,3,57838.601063
0.979059,3,57843.307367
0.979735,3,57844.227764
0.882471,3,57849.714192
0.908271,3,57853.697068
0.979059,3,57856.245711
0.979499,3,57858.618641
0.904597,3,57862.38037
0.981618,3,57862.466323
0.936173,3,57865.385111
0.916289,3,57867.987104
0.910865,3,57873.817927
0.982739,3,57878.387586
0.882471,3,57883.793429
0.858138,3,57886.945979
0.858138,3,57890.107579
0.955396,3,57898.63305
0.982739,3,57900.869145
0.90324,3,57931.060228
0.939611,3,57937.939859
0.932724,6,57950.039068
0.825322,3,57955.841538
0.939611,3,57961.407589
0.0,1,58019.123446
0.894466,3,58019.260993
0.913056,3,58023.717039
0.924941,3,58023.834619
0.953962,3,58026.978356
0.97759,3,58031.683285
0.953733,3,58036.878682
0.920347,3,58043.568779
0.979499,3,58046.810365
0.96375,3,58054.313563
0.979059,3,58059.004567
0.979852,3,58061.194657
0.908271,3,58069.053693
0.757025,3,58074.72953
0.967373,3,58079.84578
0.956113,3,58085.057805
0.755709,3,58092.079191
0.988894,3,58092.158283
0.882471,3,58097.839952
0.883498,5,58105.728358
0.948538,3,58112.056848
0.780784,3,58118.26688
0.956113,3,58120.966496
0.982887,3,58123.322674
0.931185,3,58126.119895
0.942294,3,58130.972623
0.979059,3,58135.666895
0.987916,3,58140.223175
0.965543,3,58142.585125
0.986138,3,58146.979139
0.974075,3,58153.304994
0.937356,3,58160.010321
0.865357,3,58160.102898
0.913022,3,58160.193443
0.939611,3,58165.615438
0.0,5,58230.118169
0.982887,3,58232.492095
0.929929,3,58238.790365
0.901615,3,58246.159567
0.953733,3,58247.533556
0.872485,3,58251.289465
0.848314,4,58257.192551
0.98327,3,58259.406327
0.757866,3,58259.721328
0.882889,4,58269.054155
0.859561,3,58273.954939
0.918796,3,58274.051685
0.844247,3,58283.113695
0.954246,3,58285.331827
0.942686,3,58285.424641
0.995298,3,58285.508732
0.942859,3,58288.470896
0.0,10,58360.41911
0.924778,3,58362.307301
0.952246,3,58368.036966
0.928117,3,58374.472638
0.966181,3,58379.135405
0.980676,3,58381.369592
0.0,1,58439.128766
0.829367,3,58444.463686
0.857273,3,58448.669724
0.912643,3,58451.837776
0.729534,3,58472.734082
0.795588,3,58473.019419
0.0,1,58530.805196
0.918744,4,58533.033311
0.884724,3,58537.643584
0.939465,3,58539.960507
0.97466,3,58545.525207
0.989697,3,58548.082036
0.927559,3,58552.127428
0.979499,3,58556.641513
0.953733,3,58559.190648
0.859561,3,58562.911168
0.991481,3,58565.229227
0.936372,4,58571.1555
0.982887,3,58573.865538
0.867781,3,58578.11343
0.945123,3,58578.19584
0.984659,3,58583.419963
0.980499,3,58587.695049
0.921812,3,58590.758193
0.936512,3,58592.521393
0.950957,3,58592.6033
0.936173,3,58595.520246
0.907862,3,58599.246433
0.934629,3,58602.146285
0.961727,3,58605.032504
0.987916,3,58609.55015
0.968447,3,58611.939138
0.937356,3,58618.318276
0.889268,3,58618.407705
0.980676,3,58619.281422
0.961727,3,58624.971281
0.974075,3,58630.716739
0.0,3,58697.055328
0.934629,3,58699.945207
0.961696,3,58702.377204
0.944613,3,58705.299124
0.882471,3,58714.666792
0.920454,3,58714.785218
0.882471,3,58720.274582
0.962737,3,58725.221954
0.99297,3,58729.425946
0.848314,3,58734.745011
0.882471,3,58740.202279
0.882471,3,58745.651968
0.933285,3,58751.774856
0.944669,3,58754.660002
0.991332,3,58758.881811
0.771311,3,58775.398015
0.982739,3,58780.007859
0.979059,3,58784.69306
0.917175,3,58791.493559
0.952675,3,58795.650443
0.898778,3,58803.968144
0.961727,3,58809.623058
0.962995,3,58809.706016
0.973052,4,58815.552796
0.93387,3,58815.64024
0.952675,3,58819.760591
0.916289,3,58822.352106
0.953504,3,58824.804296
0.99491,3,58826.796692
0.95962,4,58826.935362
0.969407,3,58829.446444
0.981265,3,58835.108137
0.991481,3,58839.942234
0.993119,3,58844.430764
0.968504,3,58846.91007
0.957058,4,58847.043947
0.99297,4,58850.111273
0.904597,3,58857.910614
0.864786,3,58858.007934
0.955396,3,58866.483655
0.83141,3,58866.593403
0.0,11,58987.77731
0.960284,3,58991.501452
0.96653,3,58993.882015
0.927753,3,58997.061287
0.981206,3,58999.38115
0.959419,3,59004.586114
0.920868,4,59007.378894
0.982887,3,59011.595039
0.857273,3,59016.854164
0.871047,4,59024.848691
0.99297,3,59026.867915
0.909798,3,59030.106089
0.974075,3,59035.806142
0.729534,5,59055.375895
0.99491,3,59057.349101
0.912506,3,59074.083424
0.910865,3,59079.733444
0.0,3,59142.3872
0.90324,3,59183.431122
0.0,1,59241.251563
0.0,7,59382.080247
0.866142,3,59386.413427
0.784143,3,59386.516999
0.939611,3,59393.3555
0.979499,3,59394.42576
0.976124,3,59396.842134
0.927582,3,59396.930226
0.829392,3,59402.268165
0.757707,5,59402.821056
0.97276,3,59407.564492
0.979646,3,59410.542673
0.927805,3,59413.036882
0.955365,3,59415.618836
0.993268,3,59420.13646
0.921477,3,59422.109351
0.94999,3,59424.755447
0.0,5,59531.743525
0.946003,3,59531.940485
0.926724,3,59537.094148
0.95657,3,59537.214616
0.961727,3,59542.871262
0.928031,3,59545.737679
0.99306,3,59545.844443
0.986523,3,59548.021589
0.0,6,59687.724987
0.973227,3,59692.513321
0.963575,3,59695.193909
0.979646,3,59698.189375
0.981265,3,59701.088592
0.972935,3,59703.377599
0.948963,3,59706.083885
0.97759,3,59709.424999
0.982887,3,59711.76
0.964819,3,59714.124707
0.984659,3,59719.107755
0.979646,3,59724.400438
0.952246,3,59730.202255
0.991778,3,59734.742629
0.922001,3,59734.832457
0.955396,3,59741.280586
0.944613,3,59744.201049
0.830264,3,59749.50001
0.904597,3,59753.303124
0.957262,3,59758.816897
0.903512,3,59765.610965
0.97759,3,59770.189582
0.977884,3,59772.6282
0.99297,3,59774.676725
0.961727,3,59777.702992
0.957262,3,59780.433262
0.729534,5,59800.808162
0.86546,3,59800.901435
0.979735,3,59803.118364
0.993268,3,59807.735019
0.974834,3,59807.823309
0.921642,3,59807.931358
0.961727,3,59810.99317
0.972233,3,59811.078191
0.982887,3,59813.467163
0.912506,3,59828.550931
0.917865,3,59836.040145
0.939611,3,59842.753741
0.982739,3,59847.286635
0.861788,3,59851.177274
0.0,5,60003.600193
0.979059,3,60008.265691
0.950986,3,60008.354871
0.859561,3,60013.164664
0.961727,3,60018.840964
0.99491,3,60020.715836
0.894069,3,60023.71373
0.912643,3,60026.937515
0.930706,3,60027.03031
0.848314,3,60039.778593
0.828546,3,60039.884539
0.952246,3,60045.71721
0.771403,4,60053.889591
0.946943,3,60056.586845
0.981265,3,60059.828924
0.910865,3,60063.489097
0.98047,3,60065.783415
0.961727,3,60071.34987
0.975185,3,60071.43295
0.961379,3,60076.350546
0.925,3,60079.22436
0.918415,3,60080.943559
0.965369,3,60081.03737
0.924885,3,60081.133981
0.979646,3,60084.215735
0.979059,3,60088.894787
0.970106,3,60093.618329
0.908271,3,60101.402772
0.910865,3,60108.416765
0.973227,3,60109.3618
0.959446,5,60114.227826
0.939611,3,60117.826234
0.931466,3,60127.849304
0.986286,4,60132.254464
0.908271,3,60136.245808
0.952246,3,60137.927444
0.972468,3,60142.924117
0.97627,3,60148.331144
0.939611,3,60155.189101
0.989697,3,60157.417322
0.0,5,60217.687253
0.973227,3,60219.981537
0.93328,3,60220.070331
0.984451,3,60220.15131
0.939014,3,60220.236975
0.991481,3,60223.045864
0.962995,3,60225.455624
0.972614,3,60227.843308
0.953733,3,60230.446679
0.948963,3,60233.152408
0.0,1,60291.096605
0.95988,3,60293.523464
0.952246,3,60299.269729
0.934686,3,60302.136058
0.969873,3,60304.463804
0.924556,3,60307.488373
0.956885,4,60308.708735
0.99491,3,60310.76072
0.924746,5,60310.90344
0.95988,3,60313.424278
0.93328,3,60313.521953
0.756549,3,60320.558173
0.984659,3,60323.659585
0.955396,4,60332.362803
0.961727,3,60335.300152
0.892913,3,60337.691783
0.937356,3,60341.185444
0.991778,3,60343.64215
0.91322,3,60347.223917
0.94999,3,60349.813395
0.904597,3,60353.57197
0.0,2,60423.378287
0.939611,3,60427.000518
0.873901,3,60431.479959
0.962593,3,60436.424252
0.972614,3,60438.887754
0.968447,3,60441.272133
0.755641,4,60452.528382
0.813546,3,60456.947636
0.979059,3,60461.634871
0.918415,3,60464.766233
0.921477,3,60468.118484
0.94048,3,60468.206081
0.861788,3,60473.688798
0.961727,3,60479.373019
0.966067,3,60482.830763
0.995298,3,60482.905568
0.958641,3,60485.481796
0.976124,3,60490.117404
0.962015,3,60498.151438
0.99491,3,60502.154512
0.987916,4,60508.567557
0.751662,5,60514.520648
0.979059,3,60519.163254
0.915932,3,60519.256507
0.907726,5,60529.756296
0.942294,3,60536.183866
0.913056,3,60543.097194
0.957262,3,60548.533544
0.991332,3,60550.671208
0.982739,3,60553.012957
0.903509,3,60556.464853
0.972176,3,60559.579438
0.984244,3,60559.660207
0.969698,3,60563.385195
0.942294,3,60568.20837
0.913056,3,60572.653885
0.918714,3,60572.781076
0.996404,3,60574.75212
0.970106,3,60579.409614
0.97627,3,60584.784764
0.755709,3,60591.995956
0.903512,3,60594.75498
0.882471,3,60605.209655
0.891119,4,60624.983609
0.83141,3,60625.081089
0.991778,3,60627.551745
0.950446,3,60630.146554
0.97759,3,60634.782904
0.955624,3,60637.457922
0.96375,3,60644.913037
0.778608,4,60654.50582
0.986286,3,60657.249234
0.861549,8,60671.096768
0.966067,3,60673.487005
0.950531,3,60676.172593
0.729534,3,60684.851665
0.9299,3,60687.932305
0.962737,3,60692.860849
0.811085,3,60708.01818
0.858138,3,60709.76413
0.972468,3,60712.362355
0.0,1,60769.838152
0.951786,3,60769.966532
0.974075,3,60775.830959
0.909523,4,60779.526024
0.932888,3,60782.268339
0.965543,3,60784.664988
0.92131,3,60787.52037
0.988509,3,60790.409074
0.933004,5,60813.042632
0.996404,3,60815.032526
0.894069,3,60823.286732
0.904597,3,60825.677755
0.959275,4,60830.914191
0.908271,3,60834.901733
0.988509,3,60837.878021
0.931325,4,60855.927406
0.903512,3,60859.998557
0.884724,3,60868.821981
0.969873,3,60871.170058
0.956771,4,60873.734416
0.913022,3,60873.828966
0.986286,4,60880.330449
0.925138,3,60881.957364
0.756549,3,60888.991217
0.975977,3,60891.306096
0.921477,3,60894.743345
0.961727,3,60900.327339
0.830438,3,60905.591442
0.995298,3,60905.666019
0.991481,3,60909.947638
0.952418,3,60911.313918
0.9299,3,60914.375411
0.024114,8,61036.996863
0.921591,3,61040.095031
0.981205,4,61042.336101
0.889545,3,61046.388818
0.988271,3,61048.515282
0.908271,3,61052.493192
0.964385,3,61052.607892
0.904733,3,61058.535454
0.979059,3,61061.033988
0.951961,3,61066.917078
0.811085,3,61081.702942
0.921449,3,61083.61949
0.855052,3,61083.717895
0.990588,3,61083.799833
0.99297,3,61085.848664
0.912643,3,61089.013253
0.0,1,61146.708326
0.973227,3,61149.106991
0.988271,3,61151.277725
0.952675,3,61153.966311
0.962593,3,61156.598489
0.963199,3,61159.009971
0.979353,3,61163.672334
0.756866,7,61163.910914
0.947794,4,61166.52154
0.991481,3,61167.513002
0.95988,3,61169.946565
0.936173,3,61172.860292
0.961727,3,61175.903049
0.921477,3,61179.220232
0.981265,3,61182.134836
0.958699,3,61184.65268
0.97997,4,61186.979427
0.981265,3,61189.884547
0.927582,3,61189.973697
0.979059,3,61194.669407
0.907862,3,61200.378488
0.927582,3,61200.500819
0.910865,3,61204.181381
0.90202,3,61207.690207
0.966067,3,61212.478592
0.942176,3,61212.569983
0.979646,3,61217.876648
0.811085,8,61232.368284
0.929649,4,61252.90288
0.964472,3,61254.626602
0.913056,3,61259.027081
0.957262,3,61264.620178
0.0,4,61324.567281
0.97627,3,61329.931178
0.889384,4,61334.563723
0.982887,3,61338.963857
0.780784,3,61343.708013
0.99297,3,61345.82981
0.972468,3,61348.42107
0.981265,3,61353.819771
0.811085,3,61367.405606
0.99491,3,61369.396733
0.789736,3,61369.520896
0.90324,3,61413.993315
0.981265,3,61417.193262
0.955969,3,61419.779785
0.953733,3,61424.931865
0.937356,3,61427.021609
0.939611,3,61433.878593
0.954246,4,61433.986563
0.931325,4,61453.277974
0.93387,3,61453.397253
0.987916,3,61456.582757
0.986138,3,61460.885591
0.942176,3,61460.96929
0.973052,3,61466.672698
0.974834,3,61466.761003
0.933285,3,61472.848876
0.910864,3,61484.158822
0.922473,3,61484.24539
0.0,1,61541.96649
0.993417,3,61546.248951
0.93328,4,61546.367993
0.913056,3,61550.767421
0.796615,4,61550.908483
0.913056,3,61555.363311
0.866327,3,61560.401641
0.960916,3,61562.986462
0.984363,3,61567.475041
0.973052,3,61571.761854
0.861759,4,61576.16193
0.898772,3,61576.255664
0.959419,3,61581.33615
0.956972,3,61581.426132
0.907862,3,61585.117404
0.995059,3,61587.166087
0.942294,3,61593.653518
0.878896,11,61610.824462
0.928117,3,61617.039893
0.97466,3,61622.648849
0.979059,3,61623.706481
0.92353,3,61627.078721
0.897455,3,61630.818104
0.952818,3,61636.237692
0.99491,3,61638.206839
0.947367,3,61638.296414
0.0,1,61695.809946
0.84308,3,61700.250431
0.943368,3,61702.992697
0.990677,3,61703.071089
0.866327,3,61708.236427
0.920347,3,61713.630983
0.993119,3,61715.696131
0.9225,3,61715.786083
0.97627,3,61721.146799
0.952246,3,61726.860586
0.979059,3,61731.610573
0.983329,3,61731.692832
0.793062,3,61737.885991
0.956972,3,61737.984449
0.95988,3,61739.016283
0.95379,3,61741.674705
0.99491,3,61743.66747
0.861759,3,61748.084411
0.853924,5,61752.569453
0.981265,3,61757.974319
0.957262,3,61763.584682
0.990142,3,61767.007852
0.922699,3,61770.892619
0.908675,7,62153.520771
0.912506,3,62168.459977
0.866142,3,62172.705892
0.99491,3,62174.896511
0.97759,3,62177.399505
0.908271,3,62185.083035
0.0,21,62499.668229
0.979735,3,62501.888673
0.988064,3,62504.194605
0.913056,3,62508.678638
0.982739,3,62509.609328
0.888395,3,62513.453853
0.979059,3,62518.174655
0.942686,3,62518.268655
0.97997,3,62522.73808
0.832284,3,62522.839236
0.918744,3,62526.362399
0.124053,9,62584.228153
0.866327,3,62589.330617
0.936536,3,62589.422608
0.911219,3,62592.826149
0.99491,3,62594.799742
0.917865,3,62600.5996
0.996404,3,62602.569685
0.982887,3,62607.001677
0.991332,3,62611.336771
0.0,9,62682.680201
0.757866,3,62682.794967
0.912095,3,62685.985574
0.984659,3,62691.143417
0.977444,3,62696.649632
0.981146,3,62698.701271
0.917175,3,62705.724482
0.932445,3,62711.307432
0.940428,3,62713.96759
0.943368,3,62716.769439
0.942294,3,62722.900812
0.96653,3,62725.25499
0.996404,3,62727.139421
0.962737,3,62732.111597
0.987916,3,62736.575035
0.949392,3,62740.690247
0.939611,3,62747.659766
0.907862,3,62751.326439
0.917175,3,62754.636191
0.991987,3,62754.717665
0.99297,3,62756.801669
0.952246,3,62759.903585
0.955969,3,62762.678581
0.908271,3,62766.741556
0.974075,3,62770.926403
0.758071,5,62771.754041
0.979059,3,62776.452356
0.933145,3,62782.455469
0.912643,3,62785.81952
0.848314,3,62792.473253
0.929929,4,62797.118314
0.992076,3,62797.21018
0.0,6,62868.259979
0.925194,3,62871.395661
0.962304,3,62874.184971
0.953733,3,62876.862373
0.866327,3,62885.139006
0.961727,3,62890.738366
0.933224,3,62890.827518
0.976593,3,62893.148363
0.917175,3,62896.796405
0.987559,3,62896.881962
0.95723,3,62896.978502
0.936705,3,62897.080127
0.967373,3,62902.27962
0.757025,3,62909.287811
0.981618,3,62909.89272
0.90324,3,62937.90031
0.933814,4,62940.981057
0.930706,3,62941.073281
0.972468,3,62946.080667
0.755075,3,62953.353423
0.962015,3,62961.036314
0.832284,3,62961.132138
0.956801,3,62963.53048
0.952246,3,62967.760468
0.982887,3,62970.527334
0.0,1,63028.322674
0.984451,3,63028.418555
0.0,1,63085.772902
0.904597,3,63089.986126
0.912643,3,63093.28478
0.924579,3,63093.423997
0.847546,3,63098.02416
0.981265,3,63103.668561
0.99491,3,63105.654843
0.990677,3,63107.708519
0.0,1,63165.326617
0.956113,3,63169.099335
0.0,1,63226.431549
0.961727,3,63232.057047
0.966354,3,63234.482071
0.0,1,63292.237715
0.972262,3,63292.340246
0.924579,3,63292.424894
0.90324,3,63333.976967
0.97759,3,63337.18878
0.933004,4,63364.377215
0.827181,5,63369.838463
0.858138,3,63369.947205
0.903509,3,63373.71266
0.894069,3,63377.972204
0.982739,3,63380.443769
0.986138,3,63384.94669
0.94612,3,63390.72077
0.79311,3,63395.313129
0.982887,3,63397.589643
0.867781,3,63401.802021
0.755483,5,63411.032364
0.928031,3,63414.039626
0.757866,3,63414.146744
0.961727,3,63417.094497
0.901615,4,63422.608982
0.931185,3,63425.54556
0.945209,3,63428.464344
0.906037,3,63431.767148
0.917175,3,63435.201478
0.94999,3,63437.833647
0.930706,3,63440.145366
0.887915,5,63449.884279
0.916289,3,63449.97483
0.91322,4,63455.930082
0.908271,3,63459.869838
0.945209,3,63462.772632
0.99491,3,63464.752548
0.966064,3,63464.836437
0.983477,3,63467.499333
0.972468,3,63470.323406
0.908271,3,63477.942628
0.944613,3,63479.251421
0.969407,3,63484.117563
0.972468,3,63489.06287
0.984303,3,63489.141491
0.79311,3,63495.327492
0.882471,5,63505.79245
0.881906,3,63505.903978
0.990677,3,63506.005085
0.940653,3,63507.288569
0.0,8,63612.466695
0.993119,3,63614.588935
0.909225,3,63626.150026
0.921587,3,63626.242082
0.966067,3,63631.123495
0.945606,3,63631.214627
0.0,8,63782.388981
0.757866,3,63782.715858
0.90202,3,63786.244721
0.937412,3,63789.092436
0.979059,3,63792.52075
0.873901,3,63797.110613
0.988271,3,63799.272213
0.844143,4,63804.262789
0.94999,3,63806.900226
0.908271,3,63814.594397
0.024075,9,63821.245995
0.931185,3,63822.646431
0.019394,7,63872.008792
0.918635,3,63875.138762
0.972176,3,63878.347755
0.965922,3,63881.810312
0.979059,3,63886.49623
0.961727,3,63892.160969
0.907862,3,63895.901856
0.99491,3,63897.910003
0.928921,3,63898.004709
0.918744,3,63901.501596
0.961727,3,63907.184995
0.921477,3,63909.040145
0.924579,3,63909.167516
0.979499,3,63911.566894
0.958699,3,63914.106183
0.904733,3,63921.578994
0.995059,3,63925.6856
0.942176,3,63925.770128
0.951961,3,63931.328564
0.916289,3,63931.42752
0.972468,3,63934.721811
0.975977,3,63937.142764
0.99491,3,63941.156874
0.991778,3,63945.742867
0.914152,3,63949.045566
0.939183,3,63949.13322
0.992076,4,63951.662381
0.876421,3,63955.759492
0.989697,3,63957.942793
0.95723,3,63960.158955
0.939611,3,63965.627648
0.977444,3,63971.118826
0.927559,3,63978.48682
0.964472,3,63980.970292
0.917175,3,63984.383632
0.94612,3,63987.382839
0.889545,3,63991.629872
0.90324,3,64021.661175
0.962737,3,64026.59378
0.988598,3,64028.733873
0.90202,3,64032.334324
0.99297,3,64034.458255
0.873901,3,64039.044947
0.982739,3,64043.704845
0.976124,3,64046.083896
0.961727,3,64050.11511
0.931185,3,64052.973781
0.947257,3,64058.937435
0.960224,3,64061.429215
0.970106,3,64066.106936
0.0,6,64191.271441
0.903512,3,64195.343165
0.937412,3,64198.16842
0.98327,3,64200.421535
0.953504,3,64202.990782
0.982887,3,64207.337077
0.982887,3,64209.613385
0.83141,3,64209.714037
0.904597,3,64217.030273
0.889268,3,64217.125169
0.0,11,64315.250441
0.934686,3,64318.280274
0.988271,3,64320.324745
0.937356,3,64326.776628
0.957262,3,64332.275227
0.891305,3,64334.812373
0.976124,3,64337.342471
0.94999,3,64339.958709
0.933758,3,64340.088891
0.951786,3,64340.195357
0.951043,3,64340.347884
0.996823,3,64340.419272
0.972468,3,64343.050994
0.882471,10,64366.804157
0.926447,3,64373.470056
0.829367,3,64378.950682
0.99491,3,64380.989408
0.872485,3,64384.863703
0.99491,3,64386.850518
0.920347,3,64390.323374
0.924579,3,64390.409136
0.946943,3,64391.429923
0.828446,3,64391.542414
0.932724,4,64403.187708
0.966067,3,64407.966431
0.981265,3,64411.202935
0.937356,3,64417.619576
0.97759,3,64418.625512
0.97759,3,64423.220132
0.945123,3,64423.310305
0.981265,3,64428.521634
0.913049,3,64428.608116
0.918744,3,64432.110079
0.892913,3,64436.115793
0.937356,3,64442.685207
0.966181,3,64447.358077
0.947257,3,64452.152214
0.986286,3,64454.44097
0.995298,3,64454.517326
0.981265,3,64459.67771
0.980499,3,64463.981137
0.961727,3,64469.575688
0.970106,3,64472.091894
0.991778,3,64474.560625
0.962015,3,64480.77107
0.936173,3,64483.681852
0.912095,3,64486.848969
0.980676,3,64489.029686
0.987916,3,64491.320637
0.990142,3,64496.158624
0.991511,3,64496.238574
0.942294,3,64502.433558
0.0,1,64559.978204
0.980499,3,64562.890272
0.95723,3,64562.982632
0.942463,3,64565.958362
0.944669,3,64568.838171
0.982887,3,64573.328984
0.370308,21,64668.241065
0.859561,3,64673.066615
0.986138,3,64675.980459
0.966067,3,64681.099785
0.956484,4,64681.380783
0.986286,3,64685.984831
0.937356,3,64689.460935
0.943001,3,64692.338259
0.882471,3,64702.789114
0.99491,4,64703.256178
0.841463,4,64713.048662
0.939611,3,64719.812208
0.912643,3,64722.992238
0.976593,3,64725.247415
0.959419,3,64727.807721
0.86279,3,64732.66715
0.977884,3,64737.545565
0.998051,5,64745.715373
0.952989,3,64748.314186
0.925,3,64751.329027
0.993417,3,64755.640917
0.951043,3,64755.779198
0.866327,3,64763.966524
0.996404,3,64765.949468
0.981411,3,64766.0345
0.918635,3,64769.13018
0.965108,3,64771.546724
0.882471,3,64777.044344
0.939611,3,64780.542166
0.96375,3,64788.33947
0.976124,3,64791.46732
0.943906,3,64794.156033
0.885914,3,64794.276822
0.959935,3,64794.373356
0.933146,3,64804.524331
0.79311,3,64810.683477
0.0,1,64867.944394
0.979353,3,64872.558629
0.795636,3,64872.842956
0.991778,4,64875.850753
0.898772,3,64875.951084
0.958641,3,64878.538516
0.757025,3,64885.760967
0.953962,3,64888.977029
0.894388,3,64892.577826
0.962304,3,64897.968827
0.862764,3,64902.645573
0.889268,3,64902.887637
0.932445,3,64905.258112
0.962593,3,64910.345845
0.93961,3,64916.267374
0.757866,3,64916.374007
0.97627,3,64921.829036
0.93961,3,64927.789261
0.98327,3,64929.962175
0.94263,3,64930.050168
0.939611,3,64935.628575
0.918635,3,64938.709113
0.829392,3,64944.054624
0.0,1,65001.369859
0.988271,3,65003.529891
0.996404,3,65007.541814
0.907862,3,65014.756151
0.872485,3,65017.032423
0.962737,3,65021.960701
0.848314,3,65034.714452
0.991481,3,65039.00986
0.918495,5,65045.906916
0.974075,3,65047.938937
0.969873,3,65050.292115
0.931325,11,65081.339514
0.960284,3,65086.27646
0.0,1,65143.816033
0.912095,3,65147.052698
0.986819,3,65149.213446
0.931435,3,65152.271446
0.910865,3,65155.974789
0.936372,3,65159.11585
0.97276,3,65159.990656
0.90202,3,65163.636548
0.965369,3,65163.719537
0.830264,3,65168.986943
0.958812,3,65169.075312
0.882471,3,65179.536411
0.962593,3,65184.577076
0.993119,3,65186.616453
0.961727,3,65190.748509
0.755075,3,65197.926196
0.93961,3,65200.987701
0.982887,3,65203.755072
0.984659,3,65209.045129
0.99491,3,65211.058049
0.966067,3,65215.93697
0.979499,3,65218.969057
0.912506,3,65235.502785
0.974629,3,65237.819032
0.942859,3,65243.607889
0.920347,3,65245.247531
0.991481,3,65249.465912
0.0,7,65316.396905
0.992076,4,65320.975064
0.918714,3,65321.068435
0.966181,3,65325.758726
0.0,5,65385.572785
0.922254,3,65386.957735
0.894388,4,65390.657865
0.0,6,65453.821431
0.943736,3,65456.658045
0.989875,3,65458.785293
0.979852,3,65461.011148
0.922032,3,65464.19979
0.848314,3,65475.521141
0.950446,3,65478.114229
0.86279,3,65482.63625
0.933224,3,65482.721297
0.969262,3,65487.713658
0.907862,3,65491.297656
0.962362,3,65493.963965
0.952246,3,65499.784938
0.930877,3,65499.88307
0.983919,3,65500.505894
0.903512,3,65508.724229
0.979059,3,65511.218913
0.981323,3,65513.57063
0.828446,3,65513.687649
0.99491,4,65515.699352
0.96563,3,65515.787765
0.918415,3,65518.986338
0.92203,3,65519.20904
0.907862,3,65526.211227
0.988509,4,65529.269575
0.755709,3,65534.810823
0.981265,3,65539.969021
0.981265,3,65545.393262
0.982739,3,65549.994665
0.862764,3,65554.698889
0.967373,3,65558.257332
0.882471,3,65564.106872
0.771311,3,65582.026903
0.755075,3,65587.785138
0.906037,3,65591.073236
0.962737,3,65596.01332
0.966067,3,65600.903964
0.932445,4,65604.751294
0.93961,3,65610.611697
0.979499,3,65612.971028
0.873901,3,65620.027214
0.986286,3,65624.81915
0.945606,3,65624.90358
0.93166,3,65627.8099
0.779543,11,65634.728574
0.771771,8,65650.6172
0.907862,3,65657.975957
0.959475,3,65660.376378
0.9299,3,65663.49506
0.982739,3,65668.066214
0.992076,6,65673.261325
0.988064,3,65677.968997
0.933145,3,65684.059578
0.97466,3,65687.409702
0.866327,5,65695.974413
0.913049,3,65696.096017
0.979059,3,65698.605777
0.99491,3,65699.078707
0.986286,3,65703.54078
0.953391,3,65706.795807
0.95723,3,65709.005886
0.952246,3,65715.053561
0.892214,5,65720.611106
0.971533,3,65722.841127
0.99491,3,65724.827368
0.977884,3,65728.342891
0.889862,3,65730.633342
0.926724,3,65737.074831
0.953504,3,65739.645543
0.86279,3,65744.299042
0.968504,3,65746.559553
0.962304,3,65749.33325
0.880878,4,65753.35473
0.945123,3,65753.441475
0.906037,3,65756.986552
0.955365,3,65758.018267
0.84389,4,65762.484398
0.755709,3,65769.381051
0.944161,3,65772.116606
0.977444,3,65777.6046
0.771311,3,65794.10479
0.79473,3,65800.156521
0.986138,3,65802.232701
0.830662,3,65802.517939
0.873901,3,65807.119174
0.967373,3,65812.24584
0.917865,3,65818.06636
0.932888,3,65820.831332
0.915497,3,65824.01182
0.829367,3,65829.207611
0.953733,3,65834.495712
0.97997,3,65836.828506
0.907394,3,65836.925914
0.932888,3,65839.654965
0.96653,3,65842.057057
0.903512,3,65848.358663
0.943906,3,65851.056823
0.933224,3,65851.145574
0.962737,3,65853.744138
0.996404,3,65855.786003
0.973227,3,65858.103899
0.962824,3,65860.739295
0.910865,3,65867.843416
0.857273,3,65876.743068
0.917175,3,65883.457224
0.907862,3,65890.477101
0.986286,3,65895.180712
0.973052,3,65899.476361
0.961003,3,65899.566979
0.882471,4,65908.539461
0.937356,3,65915.054343
0.969262,3,65917.61235
0.989875,3,65919.774943
0.910864,3,65931.01493
0.965543,3,65933.397726
0.947257,3,65936.525248
0.981265,3,65940.03581
0.976358,3,65942.309285
0.968418,3,65944.734046
0.979499,3,65949.33459
0.92131,3,65952.236158
0.981618,3,65954.324995
0.982887,3,65955.132597
0.980499,3,65959.461168
0.943001,3,65965.259879
0.987916,3,65967.63332
0.829367,3,65972.841061
0.922254,3,65975.992267
0.830662,4,65976.140085
0.981265,3,65979.093661
0.939611,3,65984.404684
0.979059,3,65986.92598
0.982887,3,65991.407552
0.966181,3,65996.06037
0.982887,3,66000.59735
0.894069,6,66011.318768
0.97759,3,66016.056028
0.99491,3,66018.115936
0.979499,3,66020.476148
0.97997,3,66022.862553
0.967373,3,66028.054896
0.86476,3,66028.148883
0.0,5,66086.759215
0.921449,3,66090.249603
0.948306,3,66092.548075
0.882471,5,66107.646294
0.904597,3,66115.029034
0.981618,3,66117.120981
0.990499,4,66122.003516
0.92353,4,66126.958294
0.957031,3,66129.46314
0.949392,3,66132.372381
0.957262,3,66137.891058
0.959275,3,66140.384083
0.912095,3,66143.569498
0.984777,3,66145.826658
0.746987,8,66152.568428
0.889862,3,66154.920969
0.93961,3,66157.987286
0.936512,3,66161.072035
0.892726,4,66182.736158
0.912506,3,66197.923227
0.974075,3,66203.879307
0.949392,3,66206.622854
0.986523,3,66208.900109
0.950986,3,66208.997686
0.943906,3,66211.722383
0.952246,3,66216.062649
0.942859,3,66221.85017
0.0,1,66278.992105
0.952246,3,66284.954328
0.0,2,66343.930277
0.123404,5,66345.197864
0.90324,3,66376.82752
0.966067,3,66379.371434
0.952818,3,66383.309868
0.95988,3,66385.676558
0.927753,3,66388.674191
0.920347,3,66395.607073
0.771311,3,66411.886492
0.966238,3,66414.012564
0.933146,3,66424.157729
0.988064,3,66428.845839
0.939611,3,66432.548269
0.993268,3,66437.092114
0.953733,3,66438.06487
0.974075,3,66444.02008
0.955969,3,66446.58188
0.99491,3,66448.579145
0.953733,3,66451.092934
0.922473,3,66451.182644
0.987916,3,66455.759748
0.991778,3,66460.268169
0.83141,3,66460.36837
0.913056,3,66467.318051
0.953504,3,66469.741578
0.974075,3,66475.869502
0.967922,3,66475.954581
0.995238,6,66482.192803
0.97466,3,66487.707816
0.936372,3,66490.896562
0.961727,3,66494.978334
0.922473,3,66495.074568
0.0,1,66552.411309
0.986286,3,66557.072139
0.97759,3,66561.692581
0.920347,3,66564.853315
0.0,11,66693.708546
0.863489,3,66698.7009
0.866142,3,66703.063804
0.993119,3,66705.157082
0.993417,3,66709.450735
0.934573,3,66712.348195
0.925194,3,66715.546708
0.99297,3,66717.622602
0.979353,3,66722.275356
0.882683,4,66726.159993
0.967373,3,66728.837513
0.925194,3,66732.019826
0.882604,4,66737.557596
0.882524,6,66751.645493
0.930706,3,66754.113271
0.95988,3,66756.581003
0.002942,3,66757.185578
0.982887,3,66761.678739
0.918415,3,66764.815479
0.830887,3,66764.921472
0.894069,3,66773.274143
0.97759,3,66778.030635
0.979059,3,66781.126961
0.881669,3,66781.225672
0.961727,3,66786.851854
0.98327,3,66789.092199
0.992076,3,66789.164747
0.94263,3,66789.254302
0.930315,3,66789.383113
0.965922,3,66794.38009
0.97759,3,66796.884179
0.92131,3,66799.788093
0.981206,3,67178.794926
0.993119,3,67180.916116
0.97466,3,67186.587324
0.965922,3,67191.74866
0.959275,3,67197.138412
0.959275,3,67202.409709
0.0,4,67260.315925
0.978205,3,67260.419277
0.982887,3,67263.294637
0.875477,9,67281.096396
0.873901,3,67289.746505
0.99491,3,67290.157108
0.97627,3,67295.534075
0.933449,3,67295.629157
0.0,3,67354.808107
0.882471,3,67365.274507
0.0,8,67476.283412
0.976124,3,67480.759281
0.957262,3,67486.401275
0.940653,3,67489.181041
0.955365,3,67490.332393
0.979059,3,67492.817064
0.962304,3,67495.665459
0.96653,3,67498.030062
0.0,1,67555.095859
0.0,4,67667.912613
0.991481,3,67672.24105
0.939611,3,67679.130026
0.979059,3,67683.823069
0.939611,3,67689.162474
0.946943,3,67691.834185
0.952246,3,67694.993141
0.977444,3,67700.491082
0.996404,3,67702.388938
0.929283,3,67702.481404
0.97759,3,67704.937584
0.84308,3,67709.407936
0.979059,3,67714.273045
0.987916,3,67714.95576
0.983123,3,67717.156508
0.961379,3,67722.037036
0.959419,3,67724.63775
0.912506,3,67741.272497
0.967373,3,67743.907074
0.981265,3,67745.848283
0.982739,3,67748.253406
0.965922,3,67753.298082
0.927471,3,67753.429989
0.979646,3,67758.762244
0.97759,3,67761.271476
0.0,14,67875.281513
0.991481,3,67879.43831
0.924556,3,67882.4892
0.929929,3,67887.147338
0.980499,3,67891.577136
0.989934,3,67893.716524
0.757866,4,67893.849723
0.927753,3,67896.832224
0.961727,3,67899.973069
0.976593,3,67902.123263
0.908734,3,67905.394618
0.982739,3,67907.835335
0.0,2,67966.14542
0.925138,3,67969.170869
0.986819,3,67971.359081
0.924191,3,67972.651438
0.757707,6,67973.455582
0.987916,3,67977.887123
0.982887,3,67982.821859
0.92203,3,67982.913006
0.0,11,68109.152683
0.972468,3,68112.452679
0.99297,3,68114.574324
0.921394,3,68117.95338
0.956113,3,68123.184286
0.955396,3,68131.70914
0.991332,3,68133.864075
0.0,1,68190.881623
0.933146,3,68199.19392
0.956113,3,68204.420408
0.933145,3,68210.627661
0.972349,3,68210.774842
0.84389,3,68215.23286
0.93961,3,68221.246787
0.972614,3,68223.743256
0.959475,3,68226.10964
0.99491,3,68226.453861
0.925194,3,68229.861141
0.93961,3,68232.956624
0.975977,3,68235.32838
0.973227,3,68237.652808
0.892726,5,68262.547223
0.922032,3,68265.742703
0.755709,3,68272.875002
0.912506,3,68288.001657
0.83141,3,68288.100336
0.928031,3,68291.041368
0.959275,3,68296.177477
0.957262,3,68299.23455
0.892913,3,68303.051242
0.921477,3,68306.444109
0.950446,3,68308.979502
0.97759,3,68312.071659
0.988271,3,68314.240489
0.988271,3,68316.421171
0.0,2,68373.662036
0.947598,3,68376.728892
0.955624,3,68379.445177
0.958699,3,68381.993966
0.981265,3,68387.153393
0.937356,3,68393.633502
0.0,1,68450.825865
0.024078,5,68451.715635
0.962304,3,68455.50886
0.989697,3,68459.829503
0.934573,3,68462.714677
0.968912,3,68465.161
0.86476,3,68465.417501
0.0,12,68540.651768
0.95723,3,68542.906305
0.864786,3,68543.008685
0.97759,3,68545.5208
0.0,1,68602.538109
0.885359,3,68606.491587
0.993715,3,68606.573992
0.9299,3,68609.670441
0.934181,3,68612.558107
0.930092,4,68615.624583
0.972174,3,68615.770471
0.920347,3,68622.333206
0.97627,3,68623.933787
0.937356,3,68630.510456
0.907726,3,68637.884142
0.898937,3,68641.540441
0.989697,3,68643.737807
0.942859,3,68649.63523
0.84389,4,68652.337023
0.795636,4,68652.531751
0.952989,3,68655.119647
0.981265,3,68660.469872
0.97627,3,68665.900562
0.955969,3,68668.490443
0.942179,3,68671.56342
0.94572,3,68674.339422
0.915854,3,68677.724294
0.771311,3,68685.773631
0.979353,3,68690.309924
0.894069,3,68698.951469
0.962304,3,68701.782307
0.882471,8,68716.566103
0.974454,3,68718.915072
0.950531,3,68721.602018
0.888894,3,68721.695248
0.0,1,68778.714099
0.956113,3,68784.093991
0.942686,3,68784.215362
0.979059,3,68789.001573
0.964472,3,68791.533688
0.937356,3,68793.297054
0.988983,3,68793.378848
0.928921,3,68793.470824
0.0,14,68906.217547
0.948963,3,68907.589164
0.903512,3,68911.726681
0.907862,3,68918.891838
0.952989,3,68921.498796
0.0,2,68978.989066
0.858138,3,68982.219808
0.9225,3,68982.311391
0.963575,3,68984.900637
0.0,5,69058.52069
0.953962,3,69061.657693
0.866142,3,69065.985976
0.757866,3,69066.299927
0.976358,3,69068.599295
0.903512,3,69076.557962
0.795636,3,69076.659673
0.952675,4,69078.097572
0.989697,3,69080.349769
0.916289,3,69082.949241
0.989697,3,69085.539737
0.97466,3,69091.205031
0.941667,3,69091.2885
0.904597,3,69098.675114
0.912506,3,69113.542352
0.0,4,69173.760399
0.990142,3,69178.652245
0.894069,3,69183.078682
0.940653,3,69185.836194
0.970163,3,69185.926236
0.921449,3,69189.306771
0.924191,3,69190.474812
0.917865,3,69197.860939
0.962304,3,69203.460469
0.891387,7,69227.031388
0.980676,3,69229.090516
0.97627,3,69234.655016
0.989548,3,69239.07347
0.961727,3,69244.640408
0.979059,3,69247.727312
0.927559,5,69257.690158
0.863489,3,69262.414582
0.973052,4,69268.313322
0.849353,3,69268.465368
0.921591,3,69271.540576
0.952818,3,69275.217054
0.936512,3,69281.343818
0.933224,3,69281.435673
0.988212,3,69281.516433
0.95988,3,69283.963987
0.901615,3,69287.879155
0.957262,3,69293.396917
0.983123,3,69295.614203
0.991719,3,69297.832597
0.0,9,69412.702393
0.90324,3,69455.929042
0.965922,3,69460.993888
0.94535,3,69463.332756
0.975977,3,69468.085895
0.99491,3,69470.102954
0.123404,3,69470.729033
0.920509,4,69474.055256
0.961727,3,69477.993934
0.967373,3,69480.661843
0.933004,9,69511.294494
0.984659,3,69514.400125
0.936512,3,69520.401385
0.904597,3,69527.673757
0.927753,3,69530.530943
0.961727,3,69534.503018
0.964877,3,69537.008551
0.978381,3,69537.158383
0.0,12,69611.345276
0.99491,3,69613.383243
0.953733,3,69617.030664
0.758822,3,69617.350969
0.98451,3,69617.433751
0.952818,5,69625.712904
0.9225,3,69625.937891
0.908105,3,69629.409572
0.917865,3,69636.7324
0.986286,3,69641.506263
0.957262,3,69645.261703
0.982887,3,69649.780484
0.989697,3,69652.04285
0.892726,4,69672.443295
0.873901,3,69681.16293
0.99491,3,69685.216353
0.795588,3,69685.505
0.962304,3,69691.093677
0.99491,3,69693.081384
0.947257,3,69698.96
0.972176,3,69700.549726
0.982887,3,69704.999623
0.96375,3,69712.546823
0.936512,3,69715.693055
0.0,1,69772.968353
0.979059,3,69777.697102
0.956801,3,69780.193927
0.991332,3,69784.589867
0.916289,3,69785.585989
0.884664,3,69788.945864
0.961727,3,69794.588284
0.961727,3,69797.52419
0.933145,3,69800.787991
0.967864,3,69800.878866
0.930315,3,69800.968256
0.97627,3,69804.170467
0.811085,3,69812.420267
0.84308,3,69815.247144
0.924778,3,69818.346184
0.829392,3,69823.795389
0.980499,3,69828.135156
0.972468,3,69830.770282
0.926724,3,69837.290007
0.939611,3,69842.536774
0.90202,3,69846.165939
0.876159,3,69850.029176
0.0,11,69917.036524
0.97627,3,69920.253304
0.98327,3,69922.548703
0.972906,3,69925.995367
0.959419,3,69929.449792
0.996404,3,69931.438343
0.881906,3,69931.536609
0.995059,3,69935.627996
0.991332,3,69937.943179
0.0,4,70000.676572
0.903512,4,70008.630071
0.796591,3,70008.731741
0.927753,3,70011.760358
0.921587,3,70011.886702
0.749613,7,70019.912067
0.94048,3,70019.998554
0.980499,3,70024.323993
0.897455,4,70028.063082
0.972468,3,70030.603096
0.888395,3,70034.492468
0.979059,3,70039.230392
0.920509,3,70039.348852
0.991332,3,70042.036231
0.936512,3,70045.149045
0.903131,3,70048.50201
0.758822,4,70048.841537
0.848314,3,70061.817536
0.99491,3,70063.826218
0.912506,3,70078.542921
0.991332,3,70082.891642
0.885967,4,70086.892578
0.908271,3,70094.709102
0.979059,3,70095.605011
0.982739,3,70100.252578
0.949392,3,70105.884076
0.981265,3,70109.126837
0.828546,3,70109.245981
0.902752,4,70115.734992
0.930706,3,70115.835557
0.912095,3,70119.040471
0.933814,4,70122.107831
0.969085,3,70122.251526
0.917971,4,70129.015235
0.962304,3,70131.988911
0.982887,3,70136.582818
0.99297,3,70138.703382
0.936536,3,70141.143144
0.729534,5,70153.202062
0.930315,3,70153.290883
0.84308,3,70157.995152
0.955396,3,70166.101281
0.944161,3,70168.936482
0.967545,3,70171.408829
0.88263,4,70176.955974
0.921812,3,70180.055483
0.961727,3,70181.376955
0.995238,4,70185.515413
0.979353,3,70190.192137
0.933145,3,70196.391548
0.925194,3,70199.590959
0.971999,4,70201.927673
0.970106,3,70206.719748
0.830712,5,70210.487029
0.946943,3,70213.236225
0.914152,3,70216.699183
0.921394,3,70220.088739
0.988212,6,70227.673147
0.892913,3,70231.496559
0.942402,3,70233.851585
0.929929,3,70237.03248
0.971301,3,70238.981004
0.962593,3,70243.97833
0.951074,3,70244.077638
0.989697,3,70248.458276
0.961379,3,70253.296791
0.811085,3,70266.561281
0.002934,3,70267.483793
0.966067,3,70272.422498
0.972468,3,70277.359257
0.937356,3,70283.847088
0.863489,3,70288.566078
0.979059,3,70291.021991
0.913056,3,70294.782078
0.986286,3,70298.569825
0.939611,3,70305.497053
0.934629,3,70308.552338
0.917865,3,70315.932097
0.910865,3,70319.623473
0.934686,3,70322.624262
0.992076,4,70325.513111
0.979646,3,70330.756344
0.991332,3,70335.115199
0.979646,3,70340.622566
0.964819,3,70343.115183
0.975977,3,70345.405411
0.931435,3,70348.440049
0.957031,3,70350.924369
0.859303,5,70357.929847
0.903512,3,70365.884476
0.983477,3,70368.660226
0.967373,3,70373.838089
0.922254,3,70376.891603
0.984215,3,70376.984784
0.34195,5,70377.359275
0.94572,3,70380.049833
0.97759,3,70380.864667
0.957262,3,70383.909789
0.962304,3,70389.287619
0.894388,3,70393.249273
0.921642,3,70393.348076
0.969698,3,70399.389402
0.921812,3,70402.396054
0.947257,3,70408.405439
0.982887,3,70409.480608
0.976358,3,70411.792553
0.95988,3,70414.139111
0.963199,3,70416.569217
0.912506,3,70433.106365
0.97759,3,70436.21829
0.912643,3,70439.482861
0.780784,3,70445.898626
0.864786,3,70445.995792
0.857273,3,70456.216374
0.894388,3,70459.987549
0.996404,4,70462.10395
0.993715,3,70462.212539
0.982887,3,70465.61559
0.950446,3,70468.216741
0.729534,6,70490.44049
0.929929,3,70493.615088
0.900395,4,70500.412477
0.986286,3,70504.871767
0.933588,3,70504.960639
0.910865,3,70508.540997
0.970572,3,70511.971975
0.933533,3,70512.063919
0.987916,3,70516.492791
0.981146,3,70518.717317
0.97627,3,70521.939181
0.961727,3,70526.073415
0.979059,3,70530.817654
0.93831,3,70530.909602
0.973052,3,70534.47959
0.918714,4,70534.633024
0.882836,4,70539.598163
0.977444,3,70545.133519
0.925194,3,70548.313082
0.972468,3,70549.133206
0.972614,3,70553.84019
0.934828,3,70563.943302
0.937356,3,70567.525724
0.917865,3,70574.859693
0.972176,3,70578.064637
0.972468,3,70581.322714
0.931466,3,70591.399529
0.90324,3,70622.882611
0.903512,3,70630.743948
0.855052,3,70630.841018
0.891733,5,70634.658954
0.95379,3,70637.367011
0.99491,3,70639.352214
0.982887,3,70642.060291
0.978293,4,70646.791727
0.892726,4,70666.9653
0.921394,3,70670.441619
0.981265,3,70675.560439
0.882736,7,70681.265313
0.993119,3,70683.331877
0.918635,3,70686.494709
0.0,2,70743.646463
0.956455,3,70743.74688
0.873901,3,70750.831889
0.946318,3,70753.552526
0.866327,3,70763.453639
0.973227,3,70765.809236
0.841463,4,70770.99769
0.918415,3,70774.192476
0.973052,3,70778.259573
0.99491,3,70780.257401
0.882471,3,70790.885677
0.830438,4,70796.285831
0.882471,3,70805.072903
0.885359,3,70808.993065
0.99491,3,70810.99931
0.99491,3,70814.914003
0.948963,3,70817.652318
0.968447,3,70820.051224
0.99491,3,70822.040924
0.881669,3,70822.159133
0.892669,7,70832.582175
0.924778,3,70834.074774
0.90324,3,70878.64555
0.988924,3,70878.73377
0.758913,3,70878.839016
0.992076,3,70878.918266
0.864969,4,70895.385619
0.974075,3,70901.202151
0.99297,3,70903.251488
0.93166,3,70906.149543
0.937356,3,70909.567885
0.832209,3,70909.855944
0.778819,6,70916.56429
0.755709,3,70921.941498
0.979059,3,70924.462573
0.953962,3,70927.714228
0.883899,3,70931.701852
0.959475,3,70934.107975
0.99297,3,70936.208083
0.969262,4,70941.120541
0.0,6,71003.1233
0.858138,3,71006.372438
0.996404,3,71010.409351
0.956113,3,71013.142104
0.0,7,71124.08745
0.936372,4,71130.093691
0.97466,3,71133.470992
0.995059,3,71137.623721
0.863956,4,71142.354998
0.880878,3,71144.668553
0.907394,3,71144.765229
0.757866,3,71144.868688
0.916098,3,71144.95844
0.958641,3,71147.517688
0.984244,4,71147.618793
0.988271,3,71149.788918
0.927753,3,71152.772793
0.977444,3,71158.402919
0.943906,4,71161.247401
0.993268,3,71165.803846
0.904597,3,71171.690164
0.936199,3,71171.779391
0.946943,3,71174.374962
0.930961,3,71177.200446
0.0,3,71242.45864
0.988271,3,71244.644745
0.863489,3,71249.242923
0.90324,5,71288.602654
0.908271,3,71296.40669
0.944669,3,71299.346557
0.989697,3,71303.66786
0.924886,3,71303.758881
0.915249,3,71306.963858
0.0,7,71398.23476
0.907862,3,71402.0195
0.848314,3,71408.940183
0.924746,3,71409.069242
0.847546,3,71413.348426
0.758822,3,71413.456104
0.756549,3,71420.578305
0.99491,3,71422.561411
0.882471,3,71426.417259
0.979646,3,71431.715623
0.970572,3,71435.147827
0.0,7,71511.021023
0.969407,3,71514.245192
0.960284,3,71519.341233
0.884849,3,71519.445851
0.0,7,71588.406048
0.811085,3,71601.815713
0.939611,3,71605.451508
0.991332,3,71609.862791
0.982739,3,71612.208288
0.0,12,71682.435481
0.979353,3,71686.976614
0.983477,3,71689.688875
0.9299,3,71692.778074
0.986138,3,71695.024391
0.969085,3,71695.112616
0.963313,3,71695.196858
0.944161,3,71698.069176
0.907862,3,71705.279253
0.996404,4,71709.704609
0.979059,3,71714.3834
0.979499,3,71718.964405
0.956113,3,71724.200043
0.986286,3,71726.872602
0.959275,4,71732.037715
0.959275,3,71734.78153
0.99297,3,71737.175686
0.99491,3,71739.221607
0.988894,3,71739.300383
0.943368,3,71742.057121
0.962304,3,71747.524483
0.942176,3,71747.661997
0.95988,3,71750.140994
0.988271,3,71752.200183
0.903512,3,71760.193933
0.95988,3,71762.680439
0.908271,3,71768.73134
0.993119,4,71770.810802
0.961727,3,71776.51966
0.931466,3,71786.558515
0.907339,3,71786.654268
0.94999,3,71789.353406
0.907862,3,71793.064307
0.771311,3,71801.012952
0.937356,4,71807.488924
0.947339,4,71810.370526
0.908271,3,71818.149241
0.990677,3,71818.231379
0.944161,3,71821.08516
0.974075,3,71822.771157
0.961696,3,71825.267174
0.957262,3,71830.855167
0.932445,3,71837.850708
0.889783,5,71857.330119
0.987916,3,71861.845003
0.90324,3,71903.442302
0.937356,3,71906.879977
0.951786,3,71906.968378
0.912506,3,71922.154242
0.995059,3,71926.301688
0.970106,3,71928.753797
0.904597,3,71934.348695
0.972176,3,71937.605819
0.930594,3,71937.696568
0.968504,3,71939.933702
0.771311,3,71949.790591
0.910148,3,71949.917462
0.94048,3,71950.012299
0.97627,3,71953.210895
0.936173,3,71956.197944
0.922473,3,71956.285727
0.903509,3,71959.757606
0.758822,3,71959.864534
0.987916,3,71962.174901
0.123422,12,71991.348209
0.927559,3,71998.573644
0.0,3,72055.488689
0.778608,5,72062.254225
0.939465,4,72062.378221
0.95988,3,72064.828208
0.925,3,72067.846548
0.0,8,72136.887859
0.942294,3,72139.877046
0.979059,3,72526.523099
0.988983,3,72526.640133
0.969698,3,72531.848938
0.968418,3,72534.297944
0.988064,3,72539.242764
0.0,11,72736.265355
0.961727,3,72741.936226
0.729534,13,72761.989027
0.882471,3,72767.68928
0.952246,3,72773.435715
0.939183,3,72773.573948
0.915854,3,72776.949966
0.982739,3,72779.395614
0.99491,3,72783.441193
0.795588,3,72783.552398
0.954246,3,72784.11519
0.964472,3,72786.656978
0.961032,3,72789.268802
0.988509,3,72792.236865
0.987916,3,72796.682241
0.939611,3,72803.517779
0.0,1,72860.360581
0.889516,8,72881.620978
0.927753,3,72884.614549
0.939611,3,72888.267951
0.908271,3,72896.260214
0.988509,3,72897.406178
0.939611,3,72904.373937
0.991332,3,72906.723824
0.976124,3,72911.355884
0.976124,3,72916.025606
0.795636,3,72916.315855
0.9982,3,72920.351966
0.982739,3,72922.812207
0.943906,3,72923.821114
0.917865,3,72931.151314
0.944669,3,72936.729887
0.882471,3,72942.181376
0.930706,3,72944.644468
0.945209,3,72947.576207
0.755709,3,72953.052012
0.99491,3,72955.068464
0.0,19,73427.015942
0.979499,3,73429.386036
0.848314,5,73442.653216
0.988271,3,73444.847898
0.841463,8,73459.440218
0.912095,3,73460.945151
0.942402,3,73463.281784
0.991332,3,73467.534484
0.918744,3,73470.962772
0.961727,3,73476.529074
0.924191,3,73479.577925
0.913055,4,73483.397321
0.0,3,73542.907257
0.96653,3,73545.373389
0.99491,3,73545.549158
0.984363,3,73549.956167
0.97627,3,73555.365113
0.882471,3,73560.806273
0.979499,3,73565.446735
0.796591,4,73565.573538
0.942179,3,73568.651135
0.915854,3,73572.019769
0.995059,3,73574.309969
0.90202,3,73578.133172
0.973227,3,73582.914514
0.992076,3,73583.004831
0.977618,3,73585.290336
0.959475,3,73587.675848
0.952246,3,73593.535309
0.977444,3,73599.085143
0.953733,3,73601.816826
0.964819,3,73602.586988
0.0,4,73669.525184
0.987916,3,73674.087722
0.918415,3,73677.274353
0.819129,3,73682.712019
0.964819,3,73685.23737
0.972468,3,73688.499071
0.0,3,73747.412902
0.908271,3,73751.484799
0.882471,5,73761.53403
0.965804,3,73761.655899
0.858138,3,73765.129206
0.924579,3,73765.223653
0.758913,3,73765.334535
0.986286,3,73770.148823
0.960224,3,73772.650686
0.962304,3,73776.277765
0.918744,3,73779.821248
0.867781,3,73784.132727
0.945606,3,73784.219403
0.931185,3,73787.141583
0.956885,4,73789.718014
0.881669,3,73789.817488
0.967373,3,73795.151515
0.858138,3,73795.259563
0.875477,3,73802.908692
0.0,1,73859.935239
0.755709,3,73867.059808
0.929283,3,73867.153581
0.842777,17,73889.348443
0.980499,3,73893.804839
0.961727,3,73899.572331
0.995059,3,73901.72455
0.972468,3,73906.786707
0.904597,3,73910.702457
0.962304,3,73913.423567
0.971533,3,73913.930291
0.946003,3,73914.020705
0.960224,3,73916.565813
0.94263,3,73916.657358
0.993417,3,73920.827511
0.972468,3,73925.85845
0.962737,3,73928.470086
0.848314,3,73941.166093
0.962304,3,73942.567868
0.024068,8,74033.361896
0.995208,4,74037.45246
0.979059,3,74042.192426
0.966181,3,74047.153508
0.933146,3,74055.344168
0.918415,3,74058.521001
0.942236,3,74061.590565
0.908271,3,74069.397596
0.912506,3,74084.882271
0.916289,3,74087.540061
0.88263,4,74093.257507
0.951961,3,74098.402498
0.962304,3,74103.755813
0.894388,3,74107.396499
0.940653,3,74110.178913
0.848314,3,74121.063182
0.979735,3,74123.307359
0.927559,3,74127.343963
0.969407,3,74132.303645
0.85938,3,74137.402085
0.972468,3,74140.614853
0.894069,3,74149.008469
0.967922,3,74149.15736
0.97759,3,74153.85937
0.93961,3,74159.835723
0.867781,3,74164.119893
0.962593,3,74167.592177
0.885359,3,74171.529048
0.892913,3,74175.432833
0.90324,3,74203.207188
0.789736,3,74203.320629
0.948963,3,74206.105933
0.979059,3,74210.861527
0.873901,3,74219.825984
0.943736,3,74222.718718
0.939611,3,74227.97493
0.986286,3,74230.57757
0.990677,3,74230.693277
0.942859,3,74236.54279
0.909798,3,74239.723693
0.946943,3,74242.336709
0.993268,3,74247.006247
0.988924,3,74247.094226
0.894069,3,74251.61845
0.757025,3,74256.852014
0.982887,3,74261.683269
0.93831,3,74261.803096
0.921642,3,74261.895277
0.944613,3,74265.031144
0.962737,3,74270.041263
0.932445,3,74274.061816
0.97997,3,74278.500517
0.942859,3,74282.632886
0.953504,3,74285.210218
0.921449,3,74288.594253
0.972349,3,74288.679196
0.0,1,74345.561099
0.961032,3,74348.133705
0.965922,3,74353.230097
0.0,4,74415.313441
0.99491,3,74417.314896
0.927559,3,74422.731016
0.951961,3,74428.800946
0.918744,3,74432.350178
0.969085,3,74432.443855
0.95988,3,74434.923361
0.729534,12,74454.157382
0.977884,3,74457.787205
0.950018,3,74460.447581
0.981265,3,74465.651587
0.991778,3,74470.189774
0.979646,3,74473.312054
0.894069,3,74480.000916
0.942179,3,74482.9357
0.828546,3,74483.045507
0.977884,3,74489.018107
0.793062,3,74495.203345
0.0,6,74583.86424
0.993417,3,74588.1814
0.857546,3,74588.294444
0.903046,3,74588.392739
0.90202,3,74590.111125
0.976593,3,74592.38945
0.958699,3,74594.94936
0.884724,3,74603.987649
0.979646,3,74607.058481
0.957262,3,74610.092102
0.902914,3,74613.370908
0.936372,3,74616.585538
0.829367,3,74620.22547
0.936372,3,74626.357612
0.942859,3,74632.232848
0.891305,3,74636.340694
0.841463,3,74641.83593
0.981265,3,74647.401016
0.866142,3,74649.988076
0.956113,3,74655.27002
0.961727,3,74658.254741
0.955969,3,74660.824445
0.981265,3,74664.059175
0.888182,7,74685.701836
0.869107,3,74685.804408
0.96653,3,74688.20864
0.892726,4,74708.406853
0.960284,3,74713.514654
0.959275,3,74716.247592
0.0,14,74876.444044
0.88263,4,74886.954644
0.913049,3,74887.049495
0.946943,3,74889.737612
0.952246,3,74895.638034
0.949534,3,74898.404511
0.95379,3,74901.087194
0.933224,4,74901.199311
0.912095,3,74902.549073
0.0,1,74959.561059
0.952675,3,74962.36806
0.912095,4,74965.636661
0.934181,3,74968.614114
0.961727,3,74974.343417
0.947257,3,74977.521081
0.942294,3,74983.795038
0.858138,3,74983.903654
0.86476,3,74983.998399
0.912095,3,74985.496405
0.955969,3,74990.851089
0.961727,3,74996.55128
0.979059,3,75001.389657
0.0,9,75107.978396
0.865357,4,75108.114125
0.95988,3,75110.649644
0.921812,3,75113.698534
0.979059,3,75118.475924
0.927559,3,75122.584879
0.959419,3,75125.246034
0.930092,4,75126.504713
0.869368,6,75126.70756
0.979059,3,75131.478252
0.0,4,75190.595822
0.929144,3,75190.731361
0.950957,3,75190.825069
0.934181,3,75193.709383
0.969873,3,75196.072873
0.934828,3,75205.92883
0.90324,3,75249.129424
0.944161,3,75252.000787
0.9225,3,75252.088088
0.975977,3,75256.787055
0.96291,3,75259.216336
0.975977,3,75261.649138
0.0,11,75439.492828
0.912506,3,75455.780679
0.913709,6,75464.742237
0.993268,3,75469.34121
0.975068,3,75469.428465
0.981265,3,75472.469621
0.980499,3,75476.890965
0.934828,3,75486.877559
0.793062,3,75493.198877
0.0,4,75551.785818
0.956113,3,75557.162516
0.910865,3,75564.284724
0.925138,3,75567.283127
0.0,4,75653.985302
0.983477,3,75656.817628
0.0,5,75729.677874
0.823294,6,75741.236447
0.932888,3,75743.969402
0.982739,3,75746.772488
0.963517,3,75749.308726
0.915249,3,75752.600961
0.961727,3,75758.364531
0.885359,3,75762.434307
0.996404,3,75764.459433
0.925138,3,75767.543652
0.0,4,75840.669209
0.902914,3,75844.084449
0.916289,3,75846.618752
0.903512,3,75854.610905
0.795588,3,75854.716175
0.0,7,75992.919238
0.943906,3,75995.601397
0.913056,3,76000.112698
0.866327,3,76008.167907
0.993417,3,76010.498918
0.97276,3,76015.566499
0.99491,3,76017.554317
0.0,8,76131.100771
0.933957,3,76134.024414
0.795636,4,76134.345499
0.97759,3,76138.991739
0.981265,3,76142.944736
0.961727,3,76146.029001
0.980499,3,76150.443522
0.90324,3,76192.027035
0.977884,3,76196.629927
0.927753,3,76199.653202
0.859561,3,76204.578809
0.95379,3,76207.281179
0.979646,3,76210.385577
0.819129,3,76215.792375
0.988064,3,76220.621375
0.0,3,76284.110625
0.989934,3,76286.293972
0.939611,3,76293.270031
0.0,1,76350.129199
0.950446,3,76352.799263
0.99491,3,76354.813534
0.973227,3,76357.049217
0.947257,3,76362.951856
0.823294,5,76372.454631
0.771311,3,76382.27229
0.989934,3,76384.418539
0.944669,3,76390.125736
0.982887,3,76394.912396
0.859561,3,76398.034853
0.757025,4,76405.123883
0.948963,3,76407.810599
0.977884,3,76413.586056
0.946318,3,76416.329933
0.962304,3,76421.96317
0.96653,3,76422.557036
0.866327,3,76432.684135
0.947598,3,76435.574986
0.933146,3,76445.550933
0.932888,3,76448.351828
0.982739,3,76451.075736
0.932445,3,76458.14554
0.959475,3,76460.519039
0.830463,4,76465.913554
0.946318,3,76468.648723
0.024093,23,76887.667462
0.920347,3,76894.44668
0.972176,3,76897.687453
0.943141,3,76897.879606
0.90202,3,76899.671079
0.795636,3,76899.772934
0.933004,5,76930.589768
0.980499,3,76935.039542
0.796615,3,76935.139571
0.882471,3,76940.883321
0.996404,3,76942.867823
0.90202,3,76946.552516
0.993119,3,76948.653491
0.976593,3,76950.96032
0.978381,3,76951.114567
0.980499,3,76955.566534
0.957173,3,76955.650297
0.942859,3,76959.566777
0.929929,3,76965.947942
0.918635,3,76969.109096
0.903512,3,76973.32074
0.961727,3,76976.539354
0.992076,3,76976.623295
0.832209,3,76976.724714
0.972233,3,76976.812524
0.957262,3,76979.7518
0.875477,3,76987.258908
0.987916,3,76989.562419
0.967373,3,76994.714876
0.981146,3,76996.946585
0.921642,3,76997.041854
0.885359,4,77001.007292
0.979353,3,77005.576073
0.939611,3,77012.548004
0.989697,3,77015.072523
0.866327,3,77025.275686
0.939611,3,77032.265164
0.913221,3,77032.365008
0.0,24,77439.382274
0.960916,3,77442.015447
0.944669,3,77447.63985
0.95379,3,77450.339542
0.858138,3,77453.775544
0.953733,3,77456.443439
0.984659,3,77461.622906
0.888395,3,77463.539995
0.912506,3,77480.138295
0.0,5,77538.227192
0.982887,3,77542.821875
0.991481,3,77547.222965
0.907726,3,77552.693476
0.979646,3,77558.045932
0.915249,3,77561.249282
0.981265,3,77566.571388
0.99491,3,77570.578384
0.960108,3,77570.668244
0.831385,5,77574.239256
0.993268,3,77578.833127
0.963457,3,77578.921576
0.924778,3,77582.167267
0.0,7,77642.460345
0.825322,3,77648.063942
0.903509,3,77651.668101
0.942294,3,77658.173598
0.993656,4,77658.634764
0.946943,3,77661.395343
0.982887,3,77666.027233
0.97759,3,77670.713429
0.982887,3,77673.082942
0.906037,3,77676.445101
0.969873,3,77678.8255
0.977444,3,77684.412382
0.99297,3,77686.563087
0.984363,3,77689.230507
0.959419,3,77694.343185
0.811085,3,77702.559295
0.755709,3,77709.712367
0.956113,3,77714.892028
0.0,1,77771.467032
0.0,1,77828.423505
0.961727,3,77829.63034
0.86476,4,77829.75
0.959275,3,77832.47853
0.922254,3,77835.558922
0.946943,3,77838.257717
0.98451,3,77840.335913
0.989697,3,77842.959059
0.965922,3,77847.791523
0.981265,3,77853.083636
0.95988,3,77855.592197
0.97627,3,77859.222059
0.958641,3,77861.858271
0.86476,3,77861.956083
0.989697,3,77864.197451
0.956113,3,77869.518828
0.979735,3,77871.791491
0.970106,3,77874.347495
0.959275,3,77879.72718
0.989934,3,77881.899107
0.889862,5,77884.006076
0.965922,3,77889.140858
0.937356,3,77895.629428
0.934125,3,77898.730391
0.882471,3,77904.326939
0.947598,3,77907.188782
0.97627,3,77912.719375
0.959275,3,77913.610707
0.841463,3,77924.020471
0.937356,3,77930.458825
0.972468,3,77935.465046
0.936372,3,77938.624442
0.932888,3,77939.549345
0.882471,4,77950.160101
0.993119,3,77952.218579
0.99491,3,77954.205205
0.920347,3,77960.955411
0.973052,3,77966.861564
0.912506,3,77981.840746
0.977444,3,77987.405492
0.952246,3,77993.329834
0.979499,3,77995.714826
0.9299,3,77996.942431
0.976124,3,78001.668608
0.918714,3,78001.763907
0.933588,3,78001.85435
0.882471,3,78007.633348
0.913056,3,78016.364658
0.891119,5,78036.309292
0.927753,3,78039.37
0.981265,3,78044.486836
0.967373,3,78049.664741
0.961727,3,78053.476477
0.122349,3,78095.318231
0.946943,3,78098.038403
0.991481,3,78100.394084
0.844247,3,78108.678392
0.979059,3,78111.250438
0.86279,3,78115.986132
0.963517,3,78118.506098
0.919765,6,78118.6755
0.912724,3,78122.16131
0.85938,3,78127.120133
0.979499,3,78129.581974
0.94999,3,78132.229819
0.930706,3,78134.692081
0.894069,3,78137.190094
0.988509,3,78140.208945
0.939834,3,78140.353804
0.913056,3,78144.764611
0.94048,3,78144.855367
0.973052,3,78151.044108
0.946259,3,78151.233401
0.975977,3,78156.028054
0.979353,3,78160.726732
0.0,21,78667.457589
0.939611,3,78672.582962
0.939611,3,78676.381077
0.829367,3,78681.715858
0.993686,3,78681.79042
0.944669,3,78687.383851
0.982887,3,78690.137983
0.979646,3,78693.230411
0.955969,3,78695.82067
0.920868,4,78698.615382
0.0,5,78754.831805
0.936372,3,78757.967856
0.981265,3,78763.254332
0.912643,3,78766.541233
0.940653,3,78769.264808
0.949534,3,78772.064233
0.922254,3,78775.201945
0.918796,3,78775.292752
0.966035,3,78775.380391
0.904597,3,78779.304757
0.841463,3,78782.717693
0.945123,3,78782.804826
0.989697,3,78787.072838
0.906037,3,78790.494562
0.983919,4,78795.06637
0.973344,3,78797.418493
0.881906,3,78797.510173
0.932888,3,78800.330817
0.956113,3,78805.62915
0.961727,3,78808.656507
0.99491,3,78810.662632
0.960226,3,78813.702195
0.933533,3,78813.794926
0.0,2,78870.362314
0.933224,3,78870.465963
0.99491,3,78874.520559
0.982887,3,78879.09784
0.949392,3,78882.071024
0.829367,3,78887.576713
0.90324,3,78930.664433
0.979353,3,78935.388427
0.94572,3,78938.19743
0.939383,3,78941.154811
0.0,10,79137.204014
0.86476,3,79137.312644
0.988064,3,79142.225513
0.789736,3,79142.34997
0.0,1,79198.834976
0.946943,3,79201.585669
0.917865,3,79203.483866
0.97627,3,79206.946404
0.898772,3,79207.04403
0.789736,4,79213.363087
0.90324,3,79258.791451
0.979059,3,79261.586318
0.880878,3,79265.660877
0.921812,3,79268.68505
0.987916,3,79273.358746
0.969873,3,79275.735043
0.981411,3,79275.832556
0.99491,3,79277.854032
0.912643,3,79281.10704
0.873901,3,79285.735296
0.930706,3,79288.238424
0.9225,3,79287.711243
0.86546,3,79286.643529
0.872485,3,79290.579862
0.970106,3,79293.068575
0.965543,3,79295.598989
0.996404,3,79297.505307
0.903512,3,79305.599388
0.99491,3,79307.55558
0.974075,3,79310.950696
0.981265,3,79313.986891
0.979059,3,79316.867404
0.939611,3,79320.562884
0.97759,3,79325.382165
0.960284,3,79330.620128
0.975977,3,79335.381161
0.882471,3,79341.005852
0.922699,3,79346.348082
0.957262,3,79349.319921
0.974075,3,79355.429951
0.99491,3,79357.452742
0.989934,3,79359.6294
0.968447,3,79362.12462
0.85938,3,79367.029828
0.828546,3,79367.141382
0.933145,3,79371.526662
0.992076,3,79371.609842
0.961727,3,79377.41042
0.915932,3,79377.513995
0.844247,3,79387.643123
0.912643,3,79390.878319
0.982887,3,79393.295352
0.0,1,79450.130607
0.918415,3,79453.233084
0.979059,3,79456.057417
0.957173,3,79456.19862
0.962737,3,79461.206105
0.973227,3,79463.553874
0.0,12,79563.836207
0.796591,3,79563.94768
0.882471,3,79953.700059
0.934686,3,79956.620464
0.906037,3,79959.997672
0.894466,3,79960.123968
0.939611,3,79965.120646
0.981618,3,79967.268744
0.937412,3,79970.166577
0.0,1,80027.017914
0.99491,3,80029.053065
0.937356,3,80032.557091
0.986286,3,80037.045531
0.972468,3,80039.623879
0.969262,3,80042.049742
0.979059,3,80044.578398
0.953988,3,80044.671802
0.979059,3,80045.367894
0.0,3,80103.212106
0.960916,3,80105.803454
0.995178,4,80107.864465
0.885359,4,80111.871771
0.99491,3,80113.930498
0.0,2,80170.542043
0.981618,3,80172.706588
0.986138,3,80177.177356
0.939611,3,80184.175788
0.975273,3,80184.318348
0.972614,3,80187.155658
0.984659,3,80190.252174
0.959275,4,80193.03277
0.755075,3,80200.412675
0.96653,3,80202.825794
0.97759,3,80205.268003
0.986286,4,80210.106923
0.0,1,80266.88011
0.937356,3,80271.414789
0.795588,3,80271.522528
0.99491,3,80273.533881
0.931185,3,80276.49086
0.898772,3,80276.609244
0.943736,3,80279.478917
0.929283,3,80279.601309
0.961727,3,80282.666826
0.892726,5,80303.00723
0.95821,3,80305.652578
0.963517,3,80308.171793
0.979059,3,80310.713609
0.789736,5,80317.095019
0.907862,3,80320.88154
0.969262,3,80323.855274
0.959475,3,80326.295586
0.0,6,80412.571593
0.910148,3,80412.677003
0.929147,3,80415.735023
0.796615,3,80416.026278
0.957058,3,80416.118195
0.904597,3,80420.012902
0.953962,3,80423.287853
0.882471,3,80428.815597
0.952246,3,80434.769294
0.925194,3,80436.019622
0.962737,3,80440.940481
0.865357,3,80441.199995
0.90324,3,80482.648403
0.936372,3,80488.810756
0.970163,3,80488.932351
0.972468,3,80491.646117
0.92353,3,80496.230743
0.993686,3,80496.323153
0.950446,3,80499.012337
0.947257,3,80505.074626
0.0,11,80702.549114
0.972468,3,80707.56868
0.942859,3,80713.448075
0.982887,3,80715.999218
0.982887,3,80718.410007
0.853719,4,80722.98417
0.910148,3,80723.077387
0.950248,3,80728.694111
0.944161,3,80731.589594
0.918744,3,80735.162407
0.991778,3,80739.668282
0.908271,3,80743.851672
0.942176,3,80743.93957
0.97276,3,80744.68922
0.969231,3,80744.786722
0.989934,3,80746.946023
0.981559,3,80747.09656
0.926724,3,80750.243435
0.931325,8,80775.248406
0.85938,3,80780.301728
0.863489,3,80785.025558
0.0,4,80874.137145
0.910865,3,80881.608873
0.882471,3,80885.064764
0.0,11,81086.126642
0.830662,3,81086.238991
0.858138,4,81089.44039
0.963199,3,81091.886576
0.93831,3,81092.00869
0.906037,3,81095.365715
0.978205,3,81095.515353
0.924778,3,81098.754115
0.94612,3,81104.538283
0.991332,3,81109.032473
0.972174,3,81109.117162
0.894922,3,81109.373015
0.99297,3,81109.527387
0.9299,3,81112.687837
0.927753,3,81115.689768
0.910864,3,81128.691424
0.963517,3,81131.26431
0.987916,3,81133.702965
0.0,9,81277.480606
0.892994,4,81330.534308
0.12337,4,81357.030235
0.991749,3,81357.113288
0.965369,3,81357.237245
0.967373,3,81360.548899
0.934181,3,81363.455366
0.932445,3,81367.46524
0.882471,3,81373.180856
0.947598,3,81376.059583
0.789736,3,81376.187139
0.755709,3,81383.369698
0.910865,3,81388.602387
0.94999,3,81391.138629
0.976358,3,81393.440298
0.942233,3,81393.536273
0.986256,3,81393.618988
0.881853,3,81393.712337
0.962995,3,81393.854528
0.983919,3,81396.086958
0.912506,3,81413.13608
0.894922,3,81413.231479
0.819129,3,81416.726799
0.961727,3,81419.767597
0.757866,3,81420.084587
0.913056,3,81424.652108
0.969873,3,81427.000581
0.916289,3,81429.644607
0.882471,3,81440.469824
0.962304,3,81443.359464
0.0,10,81548.075492
0.982916,3,81550.38477
0.908271,3,81556.23996
0.848518,3,81556.347511
0.757866,3,81556.452711
0.916098,3,81556.549737
0.937356,3,81559.975916
0.894922,3,81560.073685
0.974454,3,81562.346418
0.956455,3,81562.435906
0.976593,3,81564.750807
0.940428,3,81567.496344
0.962593,3,81572.753919
0.972468,3,81577.874488
0.982887,3,81580.36108
0.854488,3,81580.466781
0.947367,3,81580.590268
0.951961,3,81584.4155
0.829367,3,81589.688272
0.944669,3,81595.314674
0.99491,3,81597.329418
0.795588,6,81599.454871
0.974629,3,81601.769684
0.982887,3,81606.321391
0.86476,4,81606.452117
0.991481,3,81610.940617
0.882471,3,81619.383756
0.982739,3,81624.129095
0.873901,3,81628.842875
0.830264,3,81634.124515
0.955969,3,81636.781343
0.898937,3,81640.449365
0.917175,3,81641.749136
0.978205,3,81641.835203
0.934686,3,81644.871412
0.939465,3,81647.361252
0.950218,5,81652.579837
0.982887,3,81655.327998
0.921591,3,81658.517376
0.99491,3,81660.57697
0.94535,3,81662.9271
0.972468,3,81665.533893
0.882471,3,81669.151196
0.948963,3,81671.93078
0.922254,3,81675.096701
0.942402,3,81677.379773
0.986138,3,81679.759292
0.885967,4,81684.017377
0.795636,3,81684.124442
0.9299,3,81687.295382
0.969231,3,81687.381467
0.898778,5,81697.255547
0.97759,3,81699.829529
0.973227,3,81702.165721
0.928031,3,81705.171422
0.963575,3,81707.727474
0.857273,3,81713.138948
0.934629,3,81716.40856
0.902914,3,81719.878872
0.95988,4,81722.460858
0.848314,3,81727.522074
0.934629,3,81730.451217
0.752677,7,81753.073298
0.955624,3,81753.826192
0.986523,3,81756.042987
0.0,1,81812.739632
0.771311,3,81822.723863
0.979735,3,81825.001364
0.927753,3,81828.039858
0.943906,3,81830.861816
0.0,8,81898.846128
0.99491,3,81900.890125
0.829392,3,81906.265437
0.917366,3,81909.605588
0.993268,3,81914.345657
0.922699,3,81919.511439
0.922699,3,81926.662141
0.118708,18,82065.019365
0.991481,3,82069.354535
0.874976,3,82073.603749
0.933146,3,82083.700457
0.884664,3,82087.179352
0.94572,3,82087.986048
0.0,2,82145.277775
0.93961,3,82151.105024
0.972468,3,82153.768928
0.943906,3,82156.51252
0.74804,12,82187.770729
0.975977,3,82192.549759
0.986286,3,82195.214238
0.755483,6,82201.006946
0.969085,3,82201.094144
0.960226,3,82206.05206
0.988271,3,82208.173715
0.948306,3,82210.494972
0.945179,3,82210.58864
0.966238,3,82212.781089
0.866142,3,82217.398169
0.955365,3,82219.941892
0.933146,4,82227.677102
0.955624,3,82230.407681
0.829392,3,82235.769236
0.862764,3,82240.526253
0.982739,3,82243.042452
0.975977,3,82245.5327
0.747479,4,82262.788981
0.984659,3,82265.791651
0.921477,3,82269.231488
0.99297,4,82271.383992
0.993268,3,82276.020048
0.981206,3,82278.545264
0.9225,3,82278.634208
0.962824,3,82281.292032
0.929339,3,82281.389667
0.930706,3,82281.479365
0.97759,3,82284.291776
0.932724,5,82293.407047
0.988064,3,82298.205906
0.918415,3,82301.363213
0.996404,3,82303.469935
0.960224,4,82305.935285
0.913056,3,82312.926744
0.975977,3,82315.449827
0.982887,3,82318.19528
0.918744,3,82321.781701
0.967373,3,82324.454103
0.95723,3,82326.671037
0.99297,3,82328.807337
0.98451,3,82330.805249
0.918415,3,82333.978571
0.829392,3,82339.339639
0.96563,3,82339.428716
0.976124,3,82339.791277
0.862764,3,82344.574692
0.961727,3,82347.614853
0.979852,3,82349.891616
0.993686,3,82349.97453
0.924746,3,82350.066107
0.9225,3,82350.159926
0.967373,3,82355.316172
0.952675,3,82360.756008
0.99491,3,82364.85372
0.830438,3,82368.231422
0.988983,3,82368.314745
0.982887,3,82372.900229
0.927805,3,82375.291128
0.933285,3,82381.542254
0.942402,3,82381.641392
0.959275,3,82386.963004
0.908271,3,82394.877834
0.971301,3,82396.478725
0.924579,3,82396.610657
0.946003,3,82396.704275
0.892913,3,82400.5725
0.996404,4,82402.534704
0.951929,3,82402.625673
0.963517,3,82405.166992
0.0,1,82461.723429
0.976593,3,82464.085115
0.854488,3,82464.18786
0.892913,3,82468.096674
0.0,7,82535.118987
0.991332,3,82539.533452
0.957031,3,82542.080266
0.922833,3,82542.174749
0.976358,3,82544.539081
0.90324,3,82572.308461
0.996404,3,82574.407927
0.97276,3,82576.810976
0.889384,4,82581.321867
0.979059,3,82586.118421
0.966067,3,82591.115195
0.962593,3,82594.226752
0.966238,3,82596.581063
0.989548,3,82598.879674
0.921394,3,82602.355324
0.87102,3,82611.180411
0.922699,3,82618.23314
0.980411,3,82620.33858
0.902914,3,82621.672564
0.980499,3,82626.23019
0.966238,3,82628.400264
0.947311,3,82628.493499
0.966067,3,82633.435261
0.938085,3,82633.527041
0.987589,3,82633.683342
0.913056,3,82637.824197
0.961727,3,82640.954932
0.875477,3,82648.732015
0.982887,3,82653.318962
0.892994,10,82709.037998
0.961696,3,82711.444939
0.942176,3,82711.530344
0.910865,3,82718.944521
0.0,6,82781.327131
0.97627,3,82786.841684
0.947367,3,82786.929706
0.967373,3,82787.718836
0.0,1,82844.297757
0.875477,3,82849.242862
0.986286,3,82854.057385
0.901615,4,82864.677485
0.0,1,82920.942165
0.961727,3,82926.700269
0.942294,3,82930.821197
0.95988,3,82933.374933
0.981265,3,82938.669261
0.96653,3,82941.123813
0.885359,3,82945.186445
0.986138,3,82947.610667
0.771311,3,82955.304756
0.953962,3,82958.440636
0.975273,3,82958.529033
0.921642,3,82958.620042
0.904597,3,82966.082045
0.995059,3,82970.314045
0.942294,3,82973.649709
0.963199,3,82976.079547
0.79311,4,82982.42823
0.97466,3,82986.03313
0.942402,3,82988.332851
0.963575,3,82990.867122
0.942828,3,82991.166309
0.979059,3,82996.007556
0.0,12,83105.11796
0.8946,3,83105.22662
0.922473,3,83105.452829
0.793062,3,83111.762148
0.882471,3,83117.343904
0.931435,3,83120.345646
0.981618,3,83122.497531
0.944161,3,83123.352358
0.97466,3,83129.164637
0.979353,3,83133.893785
0.936512,3,83140.039423
0.937356,3,83143.391562
0.90202,3,83147.276581
0.903512,3,83153.306693
0.950446,3,83155.980543
0.9299,3,83159.134859
0.853719,4,83163.696638
0.965572,3,83163.815945
0.873901,3,83172.669157
0.989697,3,83175.298314
0.12337,4,83201.864859
0.937412,3,83204.704761
0.982916,3,83207.129893
0.968447,3,83207.52499
0.943906,3,83210.289277
0.959419,3,83215.579739
0.973929,3,83218.874965
0.959419,3,83224.111506
0.943906,3,83226.862581
0.882471,3,83232.453555
0.948306,3,83234.78102
0.946943,3,83235.470119
0.965922,3,83240.528622
0.982887,3,83243.350739
0.913056,3,83247.943102
0.796615,3,83248.048103
0.0,4,83306.740246
0.921812,3,83309.87271
0.933957,3,83312.855844
0.962737,3,83317.932209
0.882471,3,83321.480029
0.934125,3,83324.532687
0.979499,3,83326.920134
0.874976,3,83331.147948
0.915497,3,83334.606009
0.987916,3,83339.358649
0.94612,3,83345.179666
0.963575,3,83345.636895
0.99491,3,83347.654748
0.99491,3,83349.649433
0.795588,4,83349.780843
0.977444,3,83355.400883
0.944669,3,83361.034858
0.95988,3,83363.419279
0.959275,3,83368.743657
0.962304,3,83371.454765
0.903046,3,83371.550011
0.972935,3,83373.883131
0.962304,3,83377.439885
0.966238,3,83379.489395
0.917175,3,83386.374994
0.976124,3,83391.134731
0.898937,3,83394.834795
0.982887,3,83399.78611
0.989697,3,83402.420229
0.942176,3,83402.559282
0.944161,3,83403.284875
0.948306,3,83405.610533
0.979499,3,83408.042527
0.969262,3,83410.547741
0.891387,4,83434.005759
0.771311,3,83443.732863
0.956113,3,83449.079248
0.97759,3,83453.882464
0.95053,3,83456.436097
0.99297,3,83458.507293
0.952818,3,83459.264372
0.991481,3,83463.655672
0.943906,3,83466.394922
0.979499,3,83471.090022
0.957031,3,83473.643967
0.882471,3,83479.357635
0.981559,3,83479.44875
0.99297,3,83481.682678
0.969873,3,83484.229234
0.882471,3,83487.786887
0.931325,4,83501.813961
0.796615,4,83501.940355
0.921591,5,83505.039334
0.939611,3,83508.681603
0.979059,3,83511.235754
0.981146,3,83513.493729
0.889384,3,83520.292728
0.953733,3,83522.907326
0.933224,3,83523.001389
0.984659,3,83528.056112
0.940653,3,83530.9541
0.97627,3,83534.212621
0.892536,5,83542.792432
0.889268,3,83542.884013
0.948338,3,83545.961056
0.981323,3,83548.248466
0.915795,3,83548.344556
0.90324,3,83589.933578
0.983919,3,83592.146585
0.912721,3,83595.219162
0.796615,3,83595.31831
0.950018,3,83597.984929
0.953504,3,83598.468839
0.959419,3,83603.587967
0.889862,3,83607.478199
0.975273,3,83607.561384
0.929147,3,83610.952364
0.83141,3,83611.051171
0.795588,4,83611.180502
0.917175,3,83614.700289
0.97627,3,83620.189596
0.947598,3,83623.078225
0.829367,3,83626.432886
0.982887,3,83628.832822
0.976124,3,83633.591102
0.961727,3,83639.479833
0.930961,3,83642.512782
0.0,2,83698.718849
0.913055,3,83706.497337
0.982739,3,83709.090826
0.92203,3,83709.188803
0.917865,3,83711.048833
0.952675,4,83713.878195
0.0,1,83770.243657
0.94535,3,83772.506951
0.937356,3,83776.084338
0.927559,3,83780.040118
0.993119,3,83784.281957
0.96653,3,83786.732148
0.934125,3,83789.830096
0.979059,3,83792.415338
0.894466,3,83792.534212
0.99491,4,83792.551811
0.922473,3,83792.643263
0.873901,3,83796.872668
0.932833,4,83799.924614
0.961727,3,83805.800491
0.932445,3,83809.669681
0.0,5,83868.045093
0.992076,3,83868.137982
0.882471,3,83873.719209
0.947598,3,83876.58452
0.789736,4,83880.89782
0.957262,3,83883.804266
0.969085,3,83883.946241
0.894069,3,83888.33311
0.977444,3,83893.802073
0.930961,3,83896.788932
0.991481,3,83901.12867
0.996404,3,83905.024834
0.945179,3,83905.123282
0.99491,3,83907.268354
0.925194,3,83910.498273
0.830887,3,83910.600387
0.965543,3,83912.928642
0.921812,3,83916.025421
0.982887,3,83920.661892
0.90202,3,83924.358013
0.925194,3,83927.588255
0.984659,3,83930.784822
0.90202,3,83932.432076
0.96653,3,83934.809909
0.916289,3,83937.466608
0.882471,3,83943.045105
0.0,24,84220.742484
0.841463,3,84226.075191
0.932724,4,84238.310409
0.986138,3,84240.714104
0.959475,3,84242.998728
0.889862,3,84246.840415
0.99491,3,84248.862161
0.982887,3,84253.636294
0.916289,3,84256.333997
0.0,2,84324.650588
0.780784,3,84330.832966
0.934686,3,84333.848409
0.831385,3,84333.953038
0.99491,3,84335.967308
0.950018,3,84338.704379
0.960485,3,84341.321052
0.956801,3,84343.875999
0.948135,3,84343.962469
0.976124,3,84348.750894
0.726349,6,84355.931311
0.891305,3,84360.094521
0.947311,3,84360.188091
0.962995,3,84362.712139
0.97466,3,84366.18866
0.922473,3,84366.282547
0.982887,3,84370.869113
0.921587,3,84371.000057
0.991332,3,84373.37827
0.861788,3,84381.532855
0.866142,3,84386.224028
0.847546,3,84390.631426
0.870548,3,84394.814699
0.983123,3,84396.989408
0.0,6,84494.321895
0.902914,3,84497.732589
0.991778,3,84500.266598
0.981146,3,84502.535124
0.907394,3,84502.635916
0.929144,3,84502.759194
0.986523,3,84504.991944
0.986523,3,84507.211887
0.0,3,84611.605134
0.945123,3,84611.702475
0.913049,3,84611.832279
0.991481,3,84616.182388
0.973052,3,84622.098285
0.94612,3,84627.918809
0.99491,3,84629.962988
0.973227,4,84630.280995
0.972468,3,84632.90652
0.841463,5,84643.138237
0.947257,3,84649.129621
0.987916,3,84651.506576
0.982739,3,84656.158132
0.942859,3,84659.896393
0.795588,3,84660.190665
0.947598,3,84663.040438
0.927559,3,84670.375101
0.981265,3,84676.211174
0.910864,3,84687.429734
0.993119,3,84689.560586
0.969873,3,84691.906671
0.0,9,84808.44689
0.982887,3,84810.929615
0.859561,3,84815.912543
0.948963,3,84818.729392
0.875477,3,84826.328372
0.123404,4,84827.005219
0.829392,3,84832.365275
0.977884,3,84838.348169
0.951501,3,84838.469266
0.881669,3,84838.592247
0.982887,3,84841.092529
0.996404,3,84845.113138
0.993417,3,84849.356515
0.857114,3,84849.456986
0.882471,3,84857.809742
0.978205,3,84857.894631
0.79473,3,84864.684256
0.0,1,84920.928235
0.86546,3,84921.041365
0.97466,3,84924.58223
0.0,5,84982.573771
0.987916,4,84984.854664
0.961727,3,84990.58221
0.933224,3,84990.716234
0.821418,3,84994.010104
0.771311,5,85009.144665
0.971533,3,85011.432212
0.974075,3,85014.753361
0.924746,3,85392.839196
0.910148,3,85392.946848
0.993119,3,85395.229885
0.956972,3,85395.317937
0.0,1,85451.349344
0.947598,3,85454.227341
0.972935,3,85456.571749
0.854488,4,85456.708125
0.99491,3,85460.81493
0.974075,3,85467.434179
0.953504,3,85467.789898
0.951961,3,85473.224262
0.932888,3,85475.899848
0.922473,3,85475.994193
0.771311,3,85494.327354
0.875635,3,85496.733041
0.939611,3,85503.916887
0.936199,3,85504.011554
0.866142,3,85508.432323
0.99297,3,85510.655631
0.95379,3,85513.367764
0.969085,3,85513.454093
0.0,6,85591.218652
0.957262,3,85596.992987
0.949392,3,85602.687516
0.963517,3,85605.25186
0.888395,3,85607.132804
0.832209,3,85607.427962
0.794968,3,85613.620388
0.979646,3,85619.022676
0.991481,3,85623.416214
0.795636,3,85623.712918
0.920509,3,85623.807853
0.9982,3,85628.031653
0.969262,3,85630.656089
0.906254,3,85634.058031
0.951961,3,85637.542655
0.757866,3,85637.857656
0.977884,3,85643.82964
0.965543,3,85646.27361
0.979499,3,85650.973464
0.964472,3,85653.596835
0.757025,4,85660.806769
0.942402,3,85660.898129
0.0,10,85745.541609
0.961727,3,85749.067831
0.875477,3,85758.747052
0.970106,3,85763.628042
0.981265,3,85769.006887
0.892913,3,85772.863147
0.986286,3,85773.384734
0.904597,3,85780.810442
0.84503,5,85789.563346
0.939611,3,85793.243293
0.979499,3,85795.636159
0.882471,3,85804.368408
0.829392,3,85809.736586
0.954246,3,85812.09542
0.755709,3,85819.23243
0.9225,3,85819.328417
0.875477,4,85828.98159
0.972614,3,85829.318309
0.811085,3,85844.673944
0.86476,3,85844.776347
0.857273,3,85850.334315
0.964819,3,85852.85354
0.0,5,85965.361313
0.963199,3,85967.832639
0.858138,4,85969.097181
0.973227,3,85971.474367
0.992076,4,85974.092824
0.922254,3,85977.176016
0.92353,3,85983.845914
0.936255,3,85983.936347
0.991481,3,85988.322097
0.979059,3,85993.169535
0.987916,3,85995.444042
0.921394,3,85998.884056
0.969873,3,86001.238015
0.979059,3,86003.734289
0.990142,3,86008.691326
0.0,6,86071.447566
0.962593,3,86074.142294
0.962304,3,86079.647223
0.984659,3,86082.718898
0.0,1,86138.968488
0.988064,3,86143.78433
0.0,5,86202.559198
0.917865,3,86206.454901
0.916289,3,86209.187914
0.910148,3,86209.281545
0.931466,3,86219.552331
0.920454,3,86219.674506
0.94535,3,86219.89163
0.980499,3,86224.380403
0.99297,3,86226.541662
0.979646,3,86231.961501
0.952675,3,86234.876307
0.844247,3,86239.77329
0.895137,3,86239.877787
0.953733,3,86242.4758
0.991332,3,86246.89269
0.972468,3,86247.351635
0.982739,3,86249.660509
0.917865,3,86256.99739
0.974454,3,86259.394123
0.918635,3,86262.553133
0.90324,3,86290.844947
0.956113,3,86296.264104
0.944613,3,86299.227693
0.921394,3,86302.638699
0.918415,3,86303.622106
0.922699,3,86310.866844
0.973227,3,86313.221457
0.946943,3,86315.966639
0.830438,3,86321.414934
0.918608,3,86321.512272
0.920509,3,86321.606662
0.960195,3,86321.699428
0.929144,3,86321.792086
0.946943,3,86324.58415
0.0,1,86381.049943
0.981265,3,86384.406284
0.980087,3,86386.835613
0.973052,3,86390.609515
0.889862,3,86394.46958
0.942402,3,86394.562891
0.0,3,86459.622406
0.912095,3,86462.932914
0.0,1,86518.904398
0.979059,3,86521.431197
0.972468,3,86524.173821
0.979353,3,86526.667035
0.979059,3,86529.238784
0.757866,4,86529.654386
0.956113,3,86535.040987
0.9982,4,86539.205747
0.829392,3,86544.542521
0.755709,3,86551.911777
0.97759,3,86554.564842
0.90202,3,86558.232203
0.987559,3,86558.317563
0.907862,4,86561.992338
0.913056,3,86570.841326
0.927559,3,86574.848484
0.966067,3,86579.757133
0.925194,3,86580.889463
0.0,19,86706.646098
0.94368,4,86712.052578
0.970106,3,86716.830665
0.967373,3,86719.524879
0.967373,3,86722.576738
0.969873,3,86724.897192
0.976124,3,86727.436491
0.952246,3,86733.38071
0.0,10,86865.143459
0.953504,3,86867.79794
0.988123,3,86867.880168
0.95379,3,86870.609278
0.974629,3,86872.966949
0.931185,3,86875.955877
0.894922,3,86876.07569
0.86476,3,86876.185836
0.96375,3,86883.78793
0.981146,3,86886.046921
0.940653,3,86886.672186
0.916098,3,86886.79092
0.947257,3,86892.736924
0.932888,3,86895.515307
0.979059,3,86898.020418
0.857273,3,86908.455994
0.973227,3,86910.7694
0.944613,3,86913.750273
0.0,15,87157.978459
0.979646,3,87161.138278
0.989697,3,87163.758949
0.967373,3,87166.790329
0.952246,3,87172.766231
0.958556,3,87177.85897
0.958699,3,87180.459581
0.0,1,87236.353125
0.95988,3,87238.924454
0.946318,3,87241.721935
0.972614,3,87244.246735
0.962593,3,87249.423845
0.913056,3,87251.983695
0.993417,3,87254.318849
0.966238,3,87256.388424
0.916289,3,87259.086106
0.988064,3,87261.750213
0.0,1,87317.860042
0.986286,3,87322.815295
0.939383,3,87325.781114
0.982739,3,87330.507443
0.858138,3,87331.565162
0.970221,3,87331.656995
0.986523,3,87333.898326
0.973929,3,87337.154261
0.993119,3,87339.216424
0.979059,3,87341.685971
0.99491,3,87343.77084
0.922833,3,87343.86134
0.984659,3,87349.03002
0.996404,3,87351.056845
0.933285,3,87354.288521
0.963199,3,87356.738793
0.95988,3,87359.260022
0.952246,3,87363.092058
0.976593,3,87365.38483
0.97627,3,87370.962992
0.819129,4,87376.547809
0.961727,3,87379.519351
0.97759,3,87384.386427
0.973052,3,87388.145504
0.778608,3,87394.83809
0.933224,3,87394.927933
0.972614,3,87399.765285
0.94612,3,87405.530761
0.90324,3,87445.272025
0.892726,4,87467.673743
0.96375,3,87473.398885
0.0,3,87534.573075
0.933224,3,87534.677353
0.917175,3,87538.277566
0.962737,3,87543.533278
0.979059,3,87546.171233
0.987916,3,87548.403828
0.904597,3,87553.822509
0.973227,3,87556.200382
0.989875,3,87558.387203
0.944669,3,87564.029911
0.962593,3,87566.693729
0.972614,3,87569.167055
0.934181,3,87572.150276
0.959419,3,87577.365862
0.991332,3,87581.791221
0.882471,3,87585.231731
0.952989,3,87587.90018
0.963199,3,87590.38388
0.943368,3,87593.159428
0.972176,3,87596.382586
0.9299,3,87599.467103
0.921394,3,87602.874419
0.942176,3,87602.967204
0.883899,3,87607.035563
0.857273,3,87615.643185
0.881853,3,87615.739366
0.881669,3,87615.862249
0.758253,7,87618.393717
0.942236,3,87621.587978
0.929144,3,87621.68147
0.944613,3,87624.575522
0.961727,3,87630.37444
0.0,3,87687.255429
0.947367,3,87687.357765
0.855052,3,87687.452033
0.957262,3,87690.371682
0.99491,3,87692.385285
0.93831,3,87692.476555
0.984659,3,87695.670465
0.924778,3,87698.898811
0.981265,3,87701.963806
0.987916,3,87706.521962
0.979059,3,87709.105372
0.793062,3,87715.333809
0.918635,3,87718.55278
0.915497,3,87721.828474
0.917865,3,87723.366505
0.829392,3,87728.814325
0.882471,3,87734.438046
0.931325,4,87749.148536
0.946318,3,87751.933135
0.989697,3,87754.554371
0.979353,3,87756.874078
0.959275,3,87759.655973
0.988271,3,87761.862122
0.993119,3,87766.093096
0.99491,3,87768.154234
0.938338,3,87768.257065
0.977884,3,87774.618131
0.0,6,87838.351707
0.984659,3,87843.738725
0.984659,3,87849.030702
0.936372,3,87855.213277
0.940428,3,87858.097955
0.996404,3,87860.102311
0.918635,3,87861.008426
0.969262,3,87863.423602
0.934742,4,87866.398455
0.841665,6,87876.473476
0.957262,3,87879.493701
0.892857,3,87883.481313
0.952246,3,87889.367798
0.857273,3,87897.562582
0.944669,3,87900.634527
0.895217,3,87900.884985
0.934125,3,87904.206042
0.991332,3,87908.687815
0.933146,3,87916.743877
0.980676,3,87918.997845
0.920509,3,87919.092312
0.953733,3,87921.677117
0.936536,3,87924.102156
0.99491,3,87928.25744
0.921591,3,87931.459418
0.863489,3,87936.305465
0.920454,3,87936.398997
0.967373,3,87939.094467
0.0,1,87994.977931
0.891387,5,88018.643098
0.906037,3,88022.065415
0.894922,3,88022.316777
0.0,1,88078.30917
0.946943,3,88081.057778
0.981265,3,88084.422342
0.910421,3,88084.513825
0.961727,3,88090.298219
0.892913,3,88094.232836
0.993119,3,88096.365723
0.97759,3,88098.882517
0.982887,3,88101.714973
0.86339,3,88106.39901
0.894224,3,88110.430842
0.97466,3,88114.093468
0.821418,3,88119.414579
0.965922,3,88122.092161
0.983123,3,88124.385344
0.943906,3,88127.145516
0.931435,3,88130.245467
0.934629,3,88133.311872
0.981265,3,88138.516063
0.99297,3,88138.480288
0.939383,3,88141.452559
0.929929,3,88144.785972
0.913056,3,88153.670258
0.979059,3,88158.561516
0.979059,3,88163.435232
0.910865,3,88168.477146
0.973929,3,88171.704898
0.898778,3,88180.088718
0.99491,3,88184.20227
0.989697,3,88186.873692
0.99491,3,88190.98546
0.927753,3,88194.091432
0.99297,3,88194.071493
0.957376,3,88194.157759
0.967373,3,88199.395374
0.965922,3,88204.520145
0.867781,3,88208.896496
0.8946,3,88208.991942
0.959419,3,88214.313771
0.0,1,88270.586834
0.984274,3,88270.69152
0.909225,3,88282.131596
0.821418,3,88287.501108
0.934573,3,88290.430758
0.888395,3,88294.414432
0.989548,3,88298.830279
0.903512,3,88304.755338
0.955969,3,88307.616822
0.894388,3,88311.30234
0.942743,4,88314.516701
0.0,8,88411.74373
0.98327,3,88414.053277
0.97466,3,88417.498668
0.892913,3,88421.344694
0.0,2,88481.770356
0.95988,3,88484.333587
0.918608,3,88484.531633
0.979646,3,88489.953245
0.98451,3,88492.044639
0.865357,3,88492.143634
0.928117,3,88498.750235
0.924556,3,88499.644216
0.969698,3,88505.798195
0.966067,3,88508.246575
0.995238,4,88512.342503
0.0,1,88568.212295
0.962737,3,88570.863258
0.93328,3,88570.956772
0.771311,3,88587.094926
0.965369,3,88587.281713
0.966181,3,88592.125013
0.9299,3,88595.198574
0.921812,4,88598.449066
0.898937,3,88602.205597
0.0,52,89082.729454
0.989697,3,89087.160129
0.873239,3,89087.28821
0.793062,3,89093.539444
0.972468,3,89096.148897
0.94999,3,89098.7785
0.794968,3,89105.230344
0.931185,3,89108.192171
0.946318,3,89110.98828
0.972468,3,89113.84554
0.991332,3,89118.22762
0.44019,3,89118.437856
0.873239,3,89118.537043
0.898937,3,89122.256903
0.867781,3,89126.804288
0.989697,3,89129.118797
0.97627,3,89132.399647
0.0,9,89257.775509
0.920347,3,89264.902394
0.916098,3,89264.995323
0.882471,3,89275.626697
0.921394,3,89279.06162
0.979499,3,89281.480033
0.972176,3,89284.683426
0.940653,3,89287.543422
0.971301,3,89291.220622
0.830264,3,89296.707971
0.927753,3,89299.808933
0.0,2,89356.152935
0.947257,3,89359.092577
0.863489,3,89361.657688
0.950531,3,89364.389413
0.950446,3,89367.051416
0.857273,3,89372.605029
0.979059,3,89377.512327
0.98451,3,89377.612524
0.743008,8,89397.623196
0.79311,3,89403.958165
0.942402,3,89404.064803
0.969262,3,89406.359794
0.991481,3,89408.672058
0.964472,3,89411.244763
0.866142,3,89415.729233
0.789736,4,89419.998265
0.961727,3,89425.764081
0.0,4,89530.368644
0.918635,3,89533.522924
0.989697,3,89537.810553
0.913022,3,89537.903585
0.921812,3,89541.079329
0.95379,3,89543.794152
0.963457,3,89543.886109
0.995208,4,89545.963408
0.961118,3,89546.086719
0.951961,3,89552.147472
0.939611,3,89556.985755
0.829367,3,89562.619242
0.969262,3,89565.012613
0.977884,3,89571.408629
0.909798,3,89574.780834
0.983919,3,89577.051168
0.95723,3,89579.274442
0.913056,3,89585.759202
0.891305,3,89589.930073
0.754871,8,89605.06634
0.929929,3,89611.542323
0.973227,3,89613.940591
0.946943,3,89616.537132
0.97759,3,89619.10942
0.979059,3,89623.939752
0.963575,3,89626.545003
0.912506,3,89640.943569
0.996404,3,89645.021288
0.993119,3,89648.960469
0.991987,3,89649.049164
0.986138,3,89651.246198
0.921591,3,89654.681881
0.972176,3,89658.011344
0.917865,3,89661.862113
0.939465,4,89661.984648
0.929339,3,89662.076912
0.972468,3,89664.744323
0.932445,3,89669.634297
0.922254,3,89672.644554
0.972468,3,89675.330256
0.922473,3,89675.561291
0.982887,3,89680.106975
0.922254,3,89683.308058
0.911219,3,89686.875601
0.963199,3,89689.35735
0.94999,3,89691.960633
0.980411,3,89694.199517
0.90324,3,89737.450383
0.876421,3,89741.663685
0.969262,3,89746.692972
0.974075,3,89750.121711
0.0,4,89855.930511
0.889516,5,89876.98128
0.892726,5,89897.478937
0.970106,3,89900.024538
0.962593,3,89905.270165
0.986523,3,89907.543954
0.995298,3,89907.618538
0.932445,3,89914.854132
0.771311,3,89922.366862
0.939611,3,89929.447727
0.979059,3,89934.298483
0.966067,3,89939.399853
0.989548,3,89941.69219
0.885359,3,89943.369485
0.891387,4,89968.993522
0.982739,3,89971.545031
0.979059,3,89976.49455
0.910865,3,89983.630393
0.907862,3,89987.4245
0.885359,3,89991.424322
0.87995,5,89999.490152
0.945209,3,90000.408233
0.891387,7,90025.809358
0.979059,3,90028.509317
0.951501,3,90028.600086
0.954507,3,90031.395394
0.939465,3,90031.490629
0.882471,3,90037.016304
0.915497,3,90040.326195
0.973052,3,90043.958352
0.984659,3,90046.903974
0.92353,3,90050.168274
0.953733,3,90052.752013
0.933957,3,90055.70696
0.0,1,90111.796042
0.90324,3,90140.72395
0.979353,3,90145.630437
0.981265,3,90151.30544
0.94612,3,90157.27111
0.979059,3,90159.797739
0.0,11,90242.690813
0.0,6,90306.978044
0.97997,3,90311.439534
0.979499,3,90313.884097
0.95988,3,90316.278425
0.932445,3,90323.638653
0.956113,3,90329.07797
0.969873,3,90331.485334
0.965922,3,90334.376041
0.981206,3,90337.008857
0.962737,3,90342.106136
0.918744,3,90345.6984
0.914152,3,90349.173222
0.989697,3,90351.814892
0.0,1,90407.582527
0.960224,3,90410.178394
0.947311,3,90410.270018
0.947311,3,90410.392103
0.97627,3,90415.906725
0.829367,3,90419.073615
0.962593,3,90424.326746
0.937356,3,90430.961241
0.924579,3,90431.055687
0.784143,3,90431.171594
0.982887,3,90433.760272
0.795588,3,90433.862212
0.950446,3,90436.515717
0.953962,3,90439.830736
0.945066,3,90439.93359
0.96653,3,90442.343574
0.984451,3,90442.426199
0.975185,3,90442.524691
0.984659,3,90445.335656
0.979735,3,90447.63408
0.942176,3,90447.723989
0.872485,3,90451.680493
0.0,1,90507.530666
0.979059,3,90510.13794
0.891387,5,90547.745383
0.974834,3,90547.832883
0.915249,3,90551.064102
0.969873,3,90553.458804
0.882471,3,90556.905905
0.961727,3,90562.726594
0.0,1,90618.584414
0.771311,3,90628.813679
0.0,6,90692.863836
0.924556,3,90696.007587
0.917366,3,90699.34341
0.920509,3,90699.43677
0.955396,3,90708.360865
0.979646,3,90713.843496
0.921812,3,90717.007447
0.883899,3,90721.057788
0.991481,3,90721.116871
0.979059,3,90725.980389
0.955969,3,90731.572922
0.933146,3,90742.132636
0.959275,3,90747.465558
0.847546,3,90749.71211
0.0,1,90805.457015
0.907862,3,90809.251656
0.863489,4,90813.967329
0.0,7,90960.511511
0.866327,3,90965.851029
0.895217,3,90966.102818
0.979059,3,90971.00401
0.988894,3,90971.084847
0.780784,3,90975.312139
0.924191,3,90978.305323
0.984244,3,90978.426236
0.993268,3,90983.071033
0.945123,3,90983.161077
0.903512,3,90987.480511
0.945039,3,90990.491792
0.892913,3,90994.373875
0.97759,3,90999.177716
0.99491,3,91001.032837
0.972468,3,91006.142505
0.983123,3,91008.407561
0.939383,3,91011.421183
0.892913,3,91015.233658
0.0,1,91071.309852
0.0,1,91127.186104
0.907862,5,91134.437038
0.881669,3,91134.560629
0.979059,3,91137.150808
0.987916,3,91141.877146
0.99297,3,91143.978684
0.989697,3,91146.241169
0.94535,3,91148.610742
0.965922,3,91153.786736
0.979499,3,91156.333002
0.94612,3,91159.390939
0.927753,3,91162.46314
0.922254,3,91165.618643
0.90324,3,91195.078597
0.83141,3,91195.183121
0.979499,3,91199.970982
0.99491,3,91202.110849
0.976124,3,91206.926219
0.894466,3,91207.048437
0.979059,3,91209.532286
0.894466,3,91209.629521
0.991481,3,91213.967141
0.991481,4,91218.265314
0.957262,3,91221.046162
0.984451,3,91218.994116
0.0,13,91677.514488
0.99491,3,91679.52342
0.986523,3,91681.743375
0.968418,3,91684.115548
0.873901,3,91688.434805
0.830438,4,91693.479725
0.921812,3,91695.441727
0.903509,3,91698.756493
0.926724,3,91701.831227
0.950018,3,91704.435076
0.952989,3,91707.012792
0.778608,4,91717.979541
0.888894,3,91718.061844
0.990677,3,91719.964168
0.97997,3,91722.25773
0.945209,3,91724.656371
0.982887,3,91729.22906
0.979059,3,91731.74545
0.987916,3,91736.088209
0.99297,3,91740.201968
0.79311,3,91745.994263
0.989875,3,91748.164699
0.885861,3,91748.265556
0.0,1,91807.32626
0.90324,3,91847.391576
0.882471,3,91852.625181
0.995059,3,91854.687135
0.96291,3,91856.945071
0.946943,3,91859.576244
0.872195,3,91863.529944
0.94535,3,91863.611062
0.956113,3,91866.297446
0.981265,3,91870.598743
0.910864,3,91882.765432
0.0,7,91954.147335
0.909798,3,91957.400533
0.967373,3,91961.609404
0.962015,3,91968.935752
0.982739,3,91971.309873
0.885327,3,91971.408446
0.99491,3,91973.413279
0.0,4,92042.013273
0.987916,3,92044.432215
0.979059,3,92048.526399
0.90324,4,92076.466493
0.995059,3,92080.069939
0.993268,3,92084.510822
0.795636,3,92084.608424
0.880878,3,92088.231067
0.966064,3,92088.308011
0.912506,3,92104.069289
0.0,6,92173.576056
0.937356,3,92176.717587
0.979059,3,92181.150058
0.885359,3,92184.940511
0.972614,3,92189.55409
0.979059,3,92191.945148
0.979059,3,92196.313545
0.988924,3,92196.395179
0.97759,3,92198.805124
0.90202,3,92202.210957
0.757298,5,92202.781132
0.972468,3,92205.314839
0.92979,3,92211.472525
0.949962,3,92214.496438
0.987916,3,92216.883417
0.755709,4,92223.667923
0.908271,3,92227.335525
0.99832,6,92235.179321
0.883899,3,92238.895712
0.933224,3,92238.980673
0.944669,3,92241.837929
0.829392,3,92247.12483
0.977884,3,92253.105025
0.924941,3,92253.195654
0.819129,3,92257.99499
0.969873,3,92260.227046
0.99491,3,92262.14932
0.751662,6,92269.130366
0.99297,3,92273.012442
0.97759,3,92275.343256
0.993119,3,92277.338853
0.955969,3,92279.784513
0.953504,3,92282.225702
0.96653,3,92284.455401
0.961727,3,92287.285542
0.79311,3,92293.314474
0.873532,4,92297.026889
0.989697,3,92299.385865
0.989934,3,92301.414035
0.942686,3,92301.527017
0.944161,3,92304.250516
0.987916,3,92308.527912
0.97997,3,92312.843256
0.976358,3,92314.861173
0.0,4,92377.932486
0.979059,3,92380.310544
0.982887,3,92384.699893
0.937356,3,92387.941991
0.974075,3,92393.437196
0.942233,3,92393.569022
0.993268,4,92397.967211
0.873901,3,92402.434211
0.888395,3,92406.047234
0.952246,3,92411.587213
0.940653,3,92414.229849
0.844247,3,92423.686424
0.979059,3,92426.070228
0.0,10,92512.105867
0.977884,3,92518.139082
0.979059,3,92522.699807
0.970106,3,92527.218783
0.984659,3,92530.139579
0.932888,3,92532.720498
0.929147,3,92535.694114
0.936536,3,92537.980772
0.819129,3,92543.068019
0.9299,3,92546.086115
0.830438,3,92550.980558
0.988894,3,92551.058975
0.828446,3,92551.162645
0.857273,3,92556.12712
0.921449,3,92559.366741
0.9299,3,92562.31855
0.975273,3,92562.401182
0.972614,3,92564.782427
0.811085,3,92572.609016
0.962304,3,92577.763646
0.866327,3,92587.068823
0.927805,3,92589.415368
0.86279,3,92593.905983
0.979353,3,92598.316882
0.983064,3,92600.423317
0.85938,3,92605.047196
0.934686,3,92607.921402
0.95988,3,92610.259672
0.99297,3,92614.246747
0.987916,3,92618.368434
0.972468,3,92620.826611
0.912721,3,92623.688104
0.811085,3,92631.536425
0.936372,3,92634.525877
0.969262,3,92639.139279
0.924885,3,92639.22966
0.862764,3,92643.687518
0.123174,4,92657.394035
0.943906,3,92659.945517
0.0,1,92720.138597
0.884664,3,92723.37619
0.968418,3,92725.642437
0.959506,3,92728.194573
0.97466,3,92733.502751
0.977444,3,92738.78449
0.980676,3,92740.893224
0.952246,3,92743.867075
0.979059,3,92748.351982
0.933957,3,92751.205347
0.903131,3,92754.437854
0.979646,3,92759.442008
0.925138,3,92762.318808
0.830264,3,92767.274612
0.858138,3,92770.304485
0.954246,3,92772.448857
0.915854,3,92775.655496
0.986523,3,92777.66816
0.959475,3,92779.916018
0.927753,3,92782.779258
0.961727,3,92788.18254
0.947794,4,92790.798523
0.90202,3,92794.222752
0.988271,3,92796.274363
0.982739,3,92798.668394
0.981323,3,92798.7487
0.952246,3,92804.317198
0.995238,4,92806.367211
0.982887,3,92811.040944
0.921477,3,92814.234688
0.948021,3,92814.325423
0.866327,3,92823.735322
0.944613,3,92826.509204
0.924579,3,92826.594564
0.796615,4,92826.890831
0.950446,3,92829.37092
0.912095,3,92832.406707
0.957262,3,92837.671009
0.930961,3,92840.436388
0.939611,3,92847.000862
0.979353,3,92849.164345
0.931325,5,92881.507316
0.965369,3,92881.621429
0.921642,3,92881.715451
0.0,3,92945.717526
0.980676,3,92947.883742
0.995238,4,92951.748312
0.917865,3,92958.682323
0.0,3,93022.014887
0.955365,3,93024.506772
0.894466,3,93024.598921
0.894251,3,93028.361754
0.903512,3,93036.146587
0.993417,3,93038.243148
0.988271,3,93040.290722
0.0,7,93129.620219
0.969085,3,93129.715664
0.915854,3,93132.905724
0.93387,3,93133.044711
0.944669,3,93135.778976
0.750018,10,93146.175148
0.936705,3,93146.258607
0.93831,3,93146.346425
0.927805,3,93148.722917
0.991481,3,93152.802853
0.953962,3,93155.807636
0.94999,3,93158.282053
0.973052,3,93163.767846
0.0,3,93273.280761
0.965369,3,93273.457815
0.94612,3,93278.985249
0.952675,3,93284.215793
0.950446,3,93286.587528
0.990677,3,93288.513398
0.84389,4,93292.625262
0.953733,3,93295.200163
0.943736,3,93297.893201
0.830662,3,93297.989426
0.863489,3,93302.381225
0.972468,3,93304.808636
0.953504,3,93307.255397
0.93961,3,93309.989047
0.963575,3,93312.398758
0.796615,3,93312.503582
0.882471,3,93317.666307
0.945123,3,93317.793779
0.97627,3,93322.935686
0.982887,3,93327.29531
0.924778,3,93330.336745
0.961727,3,93335.910004
0.967373,3,93338.441006
0.987916,3,93342.89894
0.921642,3,93342.986416
0.79311,3,93348.80056
0.936512,3,93351.598668
0.913049,3,93351.681635
0.793062,3,93357.503952
0.755709,3,93364.133763
0.934629,3,93366.882048
0.931241,6,93378.655087
0.97627,3,93383.803006
0.968418,3,93386.13474
0.979499,3,93390.390046
0.984659,3,93395.220584
0.936372,3,93400.878486
0.859561,3,93405.515253
0.979059,3,93410.094223
0.968504,3,93412.273384
0.936536,3,93414.724854
0.927753,3,93417.527908
0.948963,3,93420.164239
0.906037,3,93423.326617
0.872195,3,93427.160863
0.961727,3,93432.324074
0.917865,3,93439.311241
0.0,4,93502.328998
0.940653,3,93504.979295
0.964819,3,93507.362129
0.909798,3,93510.460025
0.847546,3,93514.605936
0.982916,3,93516.764855
0.881669,3,93516.859591
0.991481,3,93519.087817
0.939465,3,93521.325423
0.976593,3,93523.461854
0.982887,3,93527.766238
0.888182,6,93542.828672
0.973052,3,93548.33615
0.961727,3,93553.705978
0.894251,3,93557.43546
0.830662,4,93557.742624
0.975977,3,93559.976505
0.841463,5,93569.304926
0.875477,3,93578.349421
0.795636,3,93578.445173
0.947598,3,93581.11364
0.99491,3,93583.018879
0.889756,8,93595.200678
0.906037,3,93598.369574
0.99491,3,93602.224083
0.975977,3,93606.640551
0.755709,3,93613.270002
0.876421,3,93617.152656
0.729534,6,93634.352112
0.983919,3,93636.442214
0.942176,3,93636.522439
0.894466,3,93636.610203
0.933758,3,93636.723875
0.894922,3,93636.81114
0.99491,3,93638.703893
0.99491,3,93640.642288
0.888894,3,93640.872883
0.831385,3,93640.963345
0.982739,3,93645.231206
0.951961,3,93658.006448
0.903512,3,93665.534788
0.912506,3,93681.432684
0.922254,3,93684.374466
0.979059,3,93688.823571
0.892913,3,93692.440384
0.910421,3,93692.561463
0.972468,3,93695.011724
0.925194,3,93698.018209
0.830662,3,93698.11367
0.993268,3,93702.476409
0.873901,3,93710.729455
0.95988,3,93713.055428
0.895754,3,93713.144216
0.894388,3,93716.689064
0.811085,3,93724.546222
0.795588,3,93724.825433
0.942176,3,93724.902792
0.926722,3,93727.847892
0.937412,3,93730.532789
0.950018,3,93733.022544
0.95379,3,93735.544269
0.921449,3,93738.771036
0.0,13,93867.322305
0.915249,3,93870.333285
0.757025,5,93876.894581
0.0,19,93982.092482
0.944613,3,93984.8952
0.954246,3,93987.069252
0.927559,3,93993.731554
0.94572,3,93996.327806
0.0,8,94106.049844
0.98327,3,94108.227566
0.86546,3,94108.321902
0.981618,3,94108.405577
0.789736,3,94108.519829
0.830264,3,94113.68203
0.99297,3,94115.697409
0.933758,3,94115.784486
0.920454,3,94115.895899
0.9225,3,94115.985035
0.830438,3,94120.998854
0.932888,3,94123.628255
0.979499,3,94127.789615
0.962593,3,94132.629466
0.86476,3,94132.722394
0.986138,3,94134.865324
0.986523,3,94136.950443
0.991332,3,94139.00237
0.924746,3,94139.12473
0.967373,3,94143.997446
0.95379,3,94146.509597
0.944613,3,94149.187359
0.97759,3,94153.656823
0.0,17,94572.977115
0.95988,3,94575.227014
0.939183,3,94575.310689
0.796591,4,94575.61637
0.98327,3,94577.773247
0.906037,3,94580.802609
0.84308,3,94584.902053
0.966067,3,94587.357294
0.97759,3,94589.750938
0.946003,3,94589.837599
0.986523,3,94591.867436
0.966064,3,94592.004239
0.921975,4,94592.134247
0.979499,4,94596.433605
0.961727,3,94601.822824
0.917175,3,94605.184569
0.870548,3,94609.178242
0.995059,3,94611.226079
0.789736,3,94611.342413
0.86476,3,94611.435893
0.982739,3,94613.624691
0.921449,3,94616.814758
0.991332,3,94620.998759
0.928117,3,94627.144095
0.979353,3,94629.440679
0.966064,3,94629.516958
0.909798,3,94632.609855
0.972614,3,94635.003579
0.79473,4,94640.789673
0.885967,4,94644.876857
0.906254,3,94648.032227
0.944161,3,94650.704041
0.972468,3,94653.183974
0.921642,3,94653.272179
0.931325,7,94664.144405
0.966067,3,94666.529915
0.974075,3,94672.012226
0.960223,3,94672.093493
0.992076,3,94672.16974
0.963199,3,94674.442525
0.906037,3,94677.574217
0.99491,3,94679.395172
0.973227,3,94681.535619
0.963199,3,94683.788422
0.918663,3,94686.74938
0.9225,3,94686.835544
0.996404,3,94688.736872
0.756549,4,94695.638273
0.988064,3,94700.172489
0.917366,3,94703.31476
0.931435,3,94706.208032
0.969407,3,94708.66391
0.975097,4,94710.964579
0.0,2,94771.262418
0.989875,3,94773.333573
0.979059,3,94775.702101
0.937356,3,94781.734863
0.771311,3,94790.894679
0.881218,4,94794.645719
0.880878,3,94798.520637
0.934629,3,94801.408771
0.93166,3,94804.093761
0.910148,3,94804.176332
0.955969,3,94809.220761
0.933146,3,94818.710164
0.832209,4,94818.83545
0.96653,3,94821.070827
0.970106,3,94823.4061
0.981618,3,94825.409773
0.0,1,94885.924752
0.930706,3,94888.192328
0.99491,3,94890.182222
0.0,1,94950.533416
0.972468,3,94955.277533
0.857273,3,94964.989942
0.979646,3,94970.007708
0.981411,3,94970.088253
0.937356,3,94973.435973
0.962304,3,94976.116612
0.962304,3,94978.743174
0.962304,3,94983.91411
0.933224,3,94983.994935
0.972468,3,94986.696267
0.979646,3,94991.733328
0.90202,3,94995.154447
0.933758,3,94995.266224
0.982887,3,94997.911175
0.984984,3,95000.111763
0.977884,3,95005.509882
0.99491,3,95007.432339
0.986138,3,95011.730444
0.961727,3,95017.087241
0.96563,3,95017.168859
0.830264,3,95022.194916
0.916923,3,95022.42406
0.995238,4,95026.322216
0.960224,3,95028.696028
0.90324,3,95059.93564
0.99297,3,95063.947205
0.965922,3,95066.242292
0.0,3,95128.09386
0.970163,3,95128.183753
0.984659,3,95132.993112
0.948963,3,95135.595228
0.97627,3,95140.698377
0.939752,3,95140.783117
0.796591,4,95141.084918
0.968418,3,95143.376334
0.956801,4,95145.77737
0.758276,7,95146.251936
0.864786,3,95146.341216
0.956801,3,95148.748749
0.912095,3,95151.837744
0.966067,3,95156.569219
0.906037,4,95159.733639
0.771311,3,95168.576279
0.910148,3,95168.661418
0.948963,3,95171.272393
0.904597,3,95174.902713
0.986286,3,95179.414822
0.99297,3,95181.44683
0.907339,3,95181.566852
0.882471,3,95186.738099
0.989934,3,95188.820098
0.903509,3,95192.208977
0.972468,3,95194.64457
0.949962,3,95197.564602
0.988271,3,95199.651878
0.0,2,95259.920104
0.0,3,95321.178169
0.959475,3,95323.44319
0.848314,3,95329.241486
0.961696,3,95331.579076
0.933814,4,95334.411222
0.956801,3,95336.76299
0.789736,3,95336.875043
0.97466,3,95340.054032
0.953733,3,95342.376591
0.903512,3,95349.855887
0.910864,3,95362.234874
0.972468,3,95366.93551
0.988064,3,95371.520874
0.97759,3,95375.984704
0.946943,3,95378.603683
0.937356,3,95381.924883
0.908271,3,95385.753769
0.866327,3,95394.935756
0.865357,3,95395.181435
0.98451,3,95397.134579
0.953733,3,95399.431841
0.981411,3,95399.51263
0.977884,3,95403.320075
0.960223,3,95403.396159
0.979059,3,95405.777277
0.996404,3,95407.656102
0.993268,3,95412.065626
0.844853,4,95416.565215
0.939611,3,95423.089847
0.832234,4,95428.10111
0.0,4,95489.792929
0.921812,3,95492.7249
0.954246,3,95494.832723
0.976358,3,95496.99646
0.99297,3,95500.891921
0.986138,3,95502.952873
0.979499,3,95507.253204
0.954246,3,95509.361538
0.976358,3,95511.541564
0.0,1,95571.890288
0.953504,3,95574.355815
0.936173,3,95577.15668
0.988983,3,95577.240139
0.931325,6,95590.273797
0.912095,3,95593.335927
0.851987,5,95603.100898
0.966238,3,95605.129668
0.968418,3,95607.346271
0.957262,3,95610.1948
0.99491,3,95612.086706
0.931325,5,95625.53612
0.93831,3,95625.620374
0.936173,3,95628.60555
0.821887,3,95628.702885
0.0,11,95785.398549
0.986523,3,95787.554618
0.970221,3,95787.638506
0.92131,3,95790.392565
0.989697,3,95792.821162
0.976124,3,95797.199066
0.979646,3,95800.142205
0.966238,3,95802.153439
0.94535,3,95804.534506
0.981265,3,95809.481159
0.93328,3,95809.5661
0.857273,3,95819.32742
0.962737,3,95823.988786
0.921477,3,95827.11199
0.97759,3,95831.575136
0.959275,3,95833.955151
0.936255,3,95834.082321
0.953733,3,95836.494863
0.966181,3,95840.948977
0.912095,3,95843.979199
0.989697,3,95847.899491
0.931185,3,95850.691795
0.967373,3,95853.16593
0.99491,3,95855.061906
0.93328,3,95855.158309
0.965369,3,95855.325908
0.99491,3,95857.304013
0.981618,3,95857.4439
0.864969,6,95874.604532
0.957262,3,95877.356497
0.976124,3,95879.629779
0.99297,3,95883.606275
0.931435,3,95886.37912
0.97759,3,95888.683012
0.0,4,95965.803712
0.933957,3,95968.593384
0.955396,3,95976.574983
0.984659,3,95981.570707
0.99491,3,95985.307189
0.942233,3,95985.390025
0.927753,3,95988.113775
0.959935,3,95988.197801
0.996404,3,95990.201214
0.99297,3,95994.17442
0.771311,3,96003.19929
0.948963,3,96005.687573
0.99297,3,96007.738843
0.970106,3,96012.202118
0.939611,3,96018.66689
0.922888,3,96018.754678
0.894466,3,96018.844535
0.916289,3,96021.332908
0.965108,3,96023.647917
0.984659,3,96028.516201
0.915854,3,96031.644082
0.916289,3,96034.096139
0.910865,3,96040.933735
0.915249,3,96043.879546
0.789736,3,96043.993952
0.99491,3,96045.914393
0.960226,3,96050.600596
0.96653,3,96052.860607
0.0,1,96113.233954
0.934686,3,96116.102069
0.85938,3,96120.936424
0.832209,3,96121.030162
0.950986,3,96121.167545
0.966354,3,96123.501791
0.947257,3,96129.144607
0.989548,3,96131.303926
0.940428,3,96133.969174
0.882471,3,96143.624491
0.917865,3,96147.321909
0.933145,3,96153.11102
0.921812,3,96156.019876
0.882471,3,96165.983046
0.877444,3,96166.077727
0.921477,3,96169.175321
0.932445,3,96175.962849
0.988894,3,96176.039011
0.927805,3,96178.406433
0.973227,3,96182.908408
0.828174,5,96193.080486
0.960684,3,96193.161459
0.951961,3,96198.337776
0.963199,3,96200.645416
0.979059,3,96203.002116
0.982887,3,96207.659588
0.926722,3,96210.82008
0.991778,3,96215.131373
0.976124,3,96219.570454
0.921642,3,96219.655958
0.966067,3,96224.28187
0.972262,3,96595.642166
0.943906,3,96598.221701
0.895754,3,96598.31234
0.934629,3,96601.168125
0.931185,3,96603.91328
0.932724,4,96615.261008
0.99491,3,96617.161231
0.94263,3,96617.275178
0.894069,3,96625.137909
0.915249,3,96628.173213
0.973227,3,96630.391376
0.0,1,96691.233703
0.988271,3,96693.319421
0.993119,3,96695.333604
0.926722,3,96698.296641
0.90324,3,96729.653599
0.993119,3,96731.621563
0.970367,3,96731.702872
0.903512,3,96735.541479
0.947598,3,96738.227795
0.99491,3,96740.129288
0.988509,3,96743.012116
0.9225,3,96743.224434
0.875635,3,96747.291634
0.934181,3,96750.124847
0.912643,3,96753.108443
0.928921,3,96753.195367
0.794968,3,96758.830445
0.986523,3,96760.952106
0.219315,4,96761.736628
0.969873,3,96763.876902
0.939611,3,96767.316834
0.796615,4,96767.443071
0.988509,7,96770.409178
0.950986,3,96770.544804
0.918744,3,96773.798366
0.903509,3,96777.078602
0.991332,3,96779.179562
0.960974,3,96779.263114
0.918744,3,96782.541702
0.960226,3,96787.177612
0.915249,3,96790.176513
0.977884,3,96796.201283
0.94263,3,96796.302121
0.926724,3,96802.575109
0.980676,3,96804.767544
0.979499,3,96806.989877
0.969698,3,96812.53948
0.99297,3,96816.497561
0.894069,4,96824.390807
0.0,2,96886.76592
0.991481,3,96888.925504
0.86279,3,96893.292513
0.933449,3,96893.378122
0.895137,3,96893.613865
0.979735,3,96895.613856
0.0,1,96955.988415
0.983064,3,96958.158877
0.960772,3,96958.243496
0.974075,3,96961.586973
0.968504,3,96963.768126
0.930706,3,96966.08601
0.928031,3,96968.764831
0.96653,3,96971.013813
0.951501,3,96971.095131
0.864786,3,96971.185978
0.989697,3,96973.652772
0.97627,3,96978.788027
0.966067,3,96981.159821
0.974075,3,96986.529426
0.922032,3,96989.607459
0.903509,3,96992.902758
0.989697,3,96996.988326
0.957031,3,96999.336807
0.966181,3,97003.754729
0.996404,3,97005.661766
0.0,6,97112.422339
0.960226,3,97117.079471
0.952675,3,97122.282275
0.993417,3,97126.275356
0.94572,3,97128.923722
0.981265,3,97131.774354
0.86476,3,97131.871343
0.0,6,97245.481498
0.979059,3,97247.794044
0.796591,3,97247.886113
0.972176,3,97250.911421
0.954246,3,97252.932934
0.948963,3,97255.555292
0.980499,3,97259.618011
0.97759,3,97264.066137
0.975977,3,97266.227406
0.979059,3,97270.972288
0.827181,4,97276.245499
0.912643,3,97279.184848
0.938338,3,97279.28149
0.933285,3,97285.118885
0.828546,3,97285.224902
0.954246,3,97287.391717
0.943906,3,97289.921785
0.93961,3,97292.69923
0.907862,3,97299.436736
0.970221,3,97299.550928
0.830887,3,97299.820506
0.968504,3,97301.9984
0.975977,3,97306.494853
0.979059,3,97311.029867
0.955365,3,97313.487706
0.894466,3,97313.580519
0.0,3,97377.039246
0.995059,3,97379.081935
0.961696,3,97381.355153
0.755709,3,97387.861385
0.904733,3,97394.740314
0.84389,3,97398.933288
0.0,5,97501.452128
0.939611,3,97507.999549
0.979059,3,97510.322168
0.982739,3,97512.480104
0.946003,3,97512.558999
0.0,4,97575.102611
0.993745,3,97575.194588
0.934181,3,97577.946859
0.984659,3,97580.981709
0.99297,3,97583.078151
0.0,1,97643.308043
0.973052,3,97646.635926
0.90324,3,97687.058725
0.921812,3,97689.967706
0.995298,3,97690.040613
0.903512,3,97697.610765
0.903131,3,97700.840188
0.987916,3,97705.303861
0.962015,3,97712.434498
0.822381,7,97723.387713
0.956455,3,97723.473662
0.97466,3,97728.846319
0.957262,3,97734.04135
0.95379,3,97736.634839
0.894224,3,97740.332813
0.94572,3,97742.949326
0.986523,3,97744.991187
0.755709,3,97751.64453
0.977884,3,97755.14659
0.895754,3,97755.234935
0.821418,3,97760.321994
0.956455,3,97760.403769
0.972468,3,97764.992962
0.915249,3,97768.034768
0.0,4,97887.071788
0.924885,3,97887.180373
0.98451,3,97887.27474
0.909712,4,97890.658018
0.979059,3,97893.013334
0.968504,3,97895.200462
0.953104,3,97897.761982
0.931185,3,97900.510645
0.93961,3,97903.409019
0.951501,3,97903.522482
0.969262,3,97905.819616
0.97759,3,97910.362436
0.963199,3,97912.675929
0.0,4,97984.420765
0.821,3,97984.527206
0.0,5,98046.144404
0.99491,3,98048.067484
0.79311,3,98054.033443
0.989697,3,98056.153994
0.90324,3,98096.688084
0.0,3,98158.117688
0.921591,3,98161.049078
0.954246,3,98163.163297
0.0,10,98239.152178
0.906037,3,98242.332957
0.933004,5,98265.146268
0.954246,3,98267.293638
0.957262,3,98272.64198
0.976124,3,98274.800572
0.970659,3,98277.092059
0.988894,3,98277.16925
0.796591,3,98277.266759
0.890049,3,98281.014632
0.97627,3,98283.990729
0.993268,3,98288.337133
0.895754,3,98288.425303
0.933224,4,98288.523985
0.979059,3,98290.934071
0.907862,3,98294.406458
0.990499,5,98299.120447
0.92203,3,98299.204659
0.939611,3,98305.671424
0.912721,3,98308.369899
0.954246,3,98310.482635
0.951961,3,98315.702872
0.947257,3,98321.340736
0.821418,3,98326.276002
0.935246,4,98329.12531
0.972614,3,98331.494699
0.910864,3,98343.489559
0.97759,3,98345.817773
0.989964,3,98345.890195
0.987916,3,98348.315064
0.974629,3,98350.45974
0.937356,3,98356.914281
0.97627,3,98361.924714
0.937356,3,98367.934505
0.989548,3,98372.004024
0.939465,3,98374.261119
0.865357,3,98374.348217
0.924886,3,98374.461939
0.945039,3,98377.28081
0.979646,3,98382.291907
0.953733,3,98384.596707
0.933004,4,98414.920822
0.988924,3,98414.994434
0.885967,4,98418.877963
0.86279,3,98423.338219
0.922699,3,98430.002675
0.979353,3,98434.42892
0.996404,3,98436.241128
0.830662,3,98436.541758
0.989697,3,98439.039293
0.858138,3,98442.114077
0.757866,4,98442.247734
0.903131,3,98445.46924
0.962015,3,98452.527597
0.979353,3,98457.009476
0.932888,3,98459.441809
0.952246,3,98462.326497
0.982739,3,98466.696595
0.0,6,98576.037133
0.953733,3,98578.407104
0.944613,3,98581.141822
0.855052,3,98581.267804
0.895754,3,98581.354739
0.972468,3,98583.776358
0.996404,3,98585.660619
0.920509,3,98585.934772
0.983123,3,98588.02345
0.864786,3,98588.114284
0.979646,3,98593.134232
0.99491,3,98595.046649
0.828446,3,98595.162084
0.99491,3,98597.067811
0.942402,3,98599.315012
0.949534,3,98602.060345
0.966181,3,98606.472942
0.970106,3,98610.903721
0.848314,3,98617.363843
0.957262,3,98622.706593
0.864786,3,98622.797794
0.922833,3,98622.878903
0.957262,3,98625.765383
0.979353,3,98630.152578
0.989697,3,98634.310419
0.936536,3,98636.587405
0.953504,3,98638.956735
0.99297,3,98640.978384
0.0,8,98735.538885
0.981146,3,98737.664681
0.921591,3,98740.574898
0.876421,3,98744.488893
0.99491,3,98746.404498
0.0,7,98812.500685
0.829392,3,98817.39827
0.86476,3,98817.485527
0.889862,3,98821.077097
0.969873,3,98823.162563
0.973052,3,98828.637248
0.996404,3,98830.536226
0.95016,3,98830.618562
0.859561,3,98835.178949
0.939465,3,98837.446005
0.929929,3,98843.493547
0.907862,3,98846.958063
0.908271,3,98854.307041
0.980852,3,98854.384001
0.962304,3,98856.997481
0.979059,3,98861.57434
0.95988,3,98863.929781
0.0,9,99060.502166
0.921591,3,99063.487986
0.986286,3,99068.011296
0.961727,4,99076.16123
0.97759,3,99078.478706
0.8946,3,99078.566754
0.874976,4,99082.55326
0.925194,3,99085.583169
0.915249,3,99088.534585
0.989875,3,99090.560925
0.95988,3,99092.880537
0.893098,3,99096.802029
0.963199,3,99099.320765
0.912095,3,99102.381817
0.893098,4,99106.139504
0.939611,3,99112.636031
0.99297,3,99116.556565
0.959275,3,99118.898303
0.83141,3,99118.990587
0.947794,4,99121.58589
0.929144,3,99121.678055
0.865357,3,99121.766143
0.99491,3,99123.660555
0.858138,3,99123.762638
0.794968,3,99129.455583
0.969231,3,99129.533899
0.93387,3,99129.647172
0.104995,11,99205.21919
0.92353,3,99211.340503
0.993119,3,99213.304644
0.979059,3,99215.729776
0.972468,3,99218.240491
0.979499,3,99222.641306
0.982739,3,99227.177073
0.948963,3,99229.801126
0.949787,3,99229.882782
0.924556,3,99232.76468
0.99491,3,99234.697933
0.918635,3,99237.458005
0.964877,3,99239.817955
0.755075,3,99246.538168
0.982739,3,99248.871314
0.872485,3,99252.612386
0.970106,3,99257.064746
0.862842,4,99265.395189
0.99491,3,99267.294698
0.755075,4,99273.99926
0.921449,3,99277.203062
0.953733,3,99279.833319
0.979059,3,99282.212509
0.981265,3,99285.647773
0.95053,3,99288.04813
0.922699,3,99294.748379
0.993686,3,99294.824184
0.872485,3,99298.443408
0.975273,3,99298.524279
0.979646,3,99303.547936
0.950446,3,99306.007913
0.977884,3,99312.176687
0.943906,3,99314.761057
0.894519,5,99314.929624
0.123404,3,99315.160136
0.978205,3,99315.243247
0.866327,3,99320.189607
0.952246,3,99325.79459
0.981323,3,99327.963393
0.971533,3,99330.204937
0.99491,3,99332.098156
0.916289,3,99332.190463
0.980087,3,99334.433075
0.97759,3,99338.974447
0.0,3,99407.449549
0.972468,3,99412.159563
0.987916,3,99414.386996
0.929283,3,99414.470972
0.928921,3,99414.553212
0.024122,7,99505.996878
0.918415,3,99508.989103
0.982887,3,99513.570511
0.913658,6,99517.289843
0.771311,3,99534.47418
0.970106,3,99538.769657
0.979499,3,99542.979621
0.981146,3,99545.091805
0.950446,3,99547.55865
0.961118,4,99547.665555
0.989697,3,99550.122988
0.953962,3,99553.191995
0.94572,3,99555.852381
0.925194,3,99558.78896
0.986138,3,99561.058434
0.990677,3,99562.99978
0.934629,3,99565.772722
0.979646,3,99570.726615
0.903512,3,99578.254418
0.979735,3,99580.371247
0.918744,3,99583.738019
0.0,4,99693.418245
0.94048,3,99693.609159
0.885359,3,99697.367018
0.94263,3,99697.481273
0.973929,3,99700.535521
0.99491,3,99702.473773
0.869055,3,99702.572571
0.916289,3,99702.660171
0.914015,3,99705.880635
0.0,5,99768.463214
0.0,8,99851.208914
0.937356,3,99857.498008
0.939465,3,99859.786101
0.795636,3,99859.885384
0.979646,3,99864.823609
0.961727,3,99870.057882
0.864786,3,99870.148404
0.0,1,99930.589924
0.934629,3,99933.44449
0.989934,3,99935.487516
0.757866,3,99935.589767
0.973052,3,99941.169799
0.962015,3,99948.65372
0.93387,3,99948.768843
0.857273,3,99958.432515
0.977444,3,99963.669446
0.932888,3,99966.314825
0.951501,3,99966.432095
0.955969,3,99968.88008
0.988064,3,99973.495067
0.0,1,100033.963481
0.86476,3,100034.063321
0.99491,3,100035.960384
0.972468,3,100038.424931
0.946003,3,100038.50616
0.97627,3,100043.64041
0.819129,3,100048.599908
0.972935,3,100050.799107
0.977884,3,100056.840388
0.894069,3,100061.03862
0.0,1,100121.571182
0.0,3,100186.517489
0.99491,3,100188.463643
0.996404,3,100190.37482
0.970193,3,100190.456629
0.945066,3,100190.539663
0.982887,3,100192.852067
0.967373,3,100195.238634
0.943368,3,100197.851489
0.960226,3,100202.387986
0.921812,3,100205.206911
0.121228,4,100246.358767
0.0,13,100369.913632
0.991481,3,100372.108733
0.99491,3,100373.91943
0.950446,3,100376.265813
0.973929,3,100379.189319
0.984303,3,100379.299524
0.962737,3,100381.744055
0.94535,3,100383.97905
0.90324,3,100415.143734
0.915497,3,100418.124131
0.98327,3,100420.305044
0.90324,3,100451.623954
0.955969,3,100454.100489
0.979499,3,100456.417369
0.92131,3,100459.059007
0.943906,3,100461.667058
0.861759,3,100465.766183
0.966354,3,100468.133462
0.961379,3,100472.757374
0.97627,3,100477.875659
0.950957,3,100477.959896
0.993119,3,100479.980659
0.986286,3,100484.563088
0.79473,3,100490.613644
0.988509,3,100493.361378
0.872485,3,100497.0416
0.984659,3,100501.875514
0.795588,3,100502.147344
0.94612,3,100504.985554
0.968447,3,100507.2755
0.986286,3,100511.800398
0.953733,3,100514.220785
0.893098,3,100518.047754
0.757025,3,100524.518673
0.952675,4,100529.23748
0.982887,3,100531.429974
0.95723,3,100533.444865
0.933957,3,100536.192853
0.932724,3,100547.43961
0.910865,3,100554.105844
0.794968,3,100559.706037
0.829392,3,100564.627032
0.757866,3,100564.727131
0.97466,3,100570.101461
0.988271,3,100572.17317
0.865672,4,100577.566785
0.903509,3,100580.960904
0.866142,3,100584.94893
0.984451,3,100585.027233
0.0,3,100653.378944
0.873292,3,100653.507235
0.912721,3,100656.409967
0.989697,3,100660.524574
0.979735,3,100662.68817
0.98327,3,100664.872314
0.0,4,100726.423673
0.983919,3,100728.559577
0.995059,3,100732.341078
0.947257,3,100737.935911
0.967373,3,100742.801703
0.972468,3,100745.275198
0.965543,3,100747.581177
0.969873,3,100749.826306
0.881853,3,100749.9127
0.757025,3,100756.646583
0.894466,3,100756.737384
0.957262,3,100762.065809
0.996404,3,100765.718076
0.829367,3,100770.602631
0.963199,3,100772.883907
0.9225,3,100772.966832
0.952818,3,100775.633636
0.993417,3,100779.727027
0.957262,3,100782.462564
0.981146,3,100784.585759
0.982887,3,100787.216293
0.917175,3,100790.396502
0.969085,3,100790.47555
0.977884,3,100796.419524
0.982887,3,100800.731316
0.915249,3,100803.666673
0.94612,3,100809.122051
0.990677,3,100811.073026
0.933957,3,100813.84105
0.85938,3,100818.658719
0.104674,3,100819.357389
0.0,3,100884.097073
0.866327,3,100893.659973
0.903131,3,100896.877213
0.993119,3,100898.770929
0.959275,3,100903.638057
0.872485,3,100907.40177
0.915249,3,100910.459521
0.819129,3,100915.406487
0.961727,3,100920.735612
0.993656,4,100924.801731
0.895217,3,100924.892086
0.977884,3,100931.007002
0.880878,3,100934.812773
0.942294,3,100937.927307
0.907726,3,100941.470208
0.925,3,100944.250776
0.97466,3,100949.582169
0.970106,3,100953.955047
0.122349,4,100994.71244
0.973052,3,100998.09282
0.867781,3,101002.025665
0.895754,3,101002.113065
0.961727,3,101007.474467
0.872195,3,101011.412674
0.830438,3,101016.311068
0.906037,3,101019.357229
0.922833,3,101019.446797
0.979852,3,101021.564356
0.993417,5,101025.658829
0.955365,3,101028.127971
0.963575,3,101030.549937
0.981265,3,101035.802886
0.982887,3,101037.992006
0.904597,3,101041.856726
0.944161,3,101044.458887
0.924191,4,101047.266155
0.954246,3,101049.316003
0.881906,3,101049.407914
0.947311,3,101049.489815
0.024078,11,101051.739873
0.979499,3,101054.031888
0.924746,3,101054.115317
0.789736,4,101054.263051
0.925194,3,101057.339754
0.930961,3,101060.1662
0.894922,3,101060.260606
0.973929,3,101063.221021
0.871596,4,101072.33916
0.929144,3,101072.452791
0.831385,3,101072.54723
0.962304,3,101077.81774
0.796591,3,101078.093309
0.942236,3,101080.996926
0.945123,3,101081.125235
0.933589,3,101081.214906
0.881669,3,101081.311124
0.9299,3,101084.499965
0.979059,3,101088.956948
0.819129,3,101093.911294
0.902914,3,101097.054337
0.912506,3,101112.776526
0.945123,3,101112.856846
0.94572,3,101115.498662
0.903512,3,101119.395793
0.99297,3,101121.519034
0.991987,3,101121.59023
0.979499,3,101123.808745
0.90202,3,101127.217772
0.933224,3,101127.345764
0.982739,3,101129.56994
0.932724,4,101140.773256
0.950446,3,101143.296325
0.989697,3,101147.333825
0.986523,3,101149.428448
0.924778,3,101152.336444
0.939465,3,101154.596872
0.980499,3,101158.801199
0.0,1,101219.137758
0.940653,3,101221.777866
0.894069,3,101225.995116
0.884459,5,101235.564429
0.757866,3,101235.665108
0.947598,3,101238.340505
0.928031,3,101241.054409
0.943736,3,101243.799236
0.977884,3,101249.776855
0.894069,3,101253.994496
0.939611,3,101260.653295
0.869107,3,101260.752863
0.881669,3,101260.845982
0.945663,3,101260.93285
0.981265,3,101264.278415
0.955396,3,101272.606037
0.924885,3,101272.879822
0.991332,3,101277.05832
0.912643,3,101280.075452
0.858138,3,101283.131661
0.893098,3,101286.958786
0.334106,5,101288.829043
0.895754,3,101288.915564
0.972468,3,101291.407897
0.964877,3,101293.716425
0.920512,3,101296.84314
0.99297,3,101298.818775
0.959275,3,101303.615668
0.939611,3,101310.188332
0.0,5,101384.612654
0.87089,3,101393.719266
0.949392,3,101399.07721
0.950957,3,101399.162602
0.977444,3,101404.320198
0.79473,3,101410.024238
0.992076,3,101410.105018
0.873239,3,101410.203787
0.99491,3,101413.93269
0.863489,3,101418.474182
0.910864,3,101430.591114
0.941667,3,101430.663941
0.950018,3,101433.216243
0.828446,4,101438.331132
0.948963,3,101440.964666
0.934573,3,101443.76494
0.922254,3,101446.684036
0.956541,3,101446.767359
0.952818,3,101449.339777
0.917865,3,101456.069857
0.758298,5,101456.430031
0.973227,3,101458.670132
0.927471,3,101458.773051
0.950446,3,101834.389297
0.90202,3,101837.7248
0.991481,3,101839.876373
0.0,1,101900.119443
0.961727,3,101905.439048
0.758913,3,101905.736948
0.85938,3,101910.252473
0.931325,6,101929.674972
0.86476,4,101929.787408
0.881669,3,101929.899029
0.811085,3,101937.605112
0.945606,3,101937.688235
0.996404,3,101939.593701
0.93328,3,101939.685067
0.991481,3,101941.735035
0.922473,3,101941.827054
0.947794,4,101944.333118
0.975977,3,101946.539037
0.992076,3,101946.61192
0.959419,3,101951.428637
0.982739,3,101953.766291
0.925194,3,101956.730237
0.932888,3,101959.196044
0.953733,3,101961.552994
0.983123,3,101963.643066
0.85938,3,101968.257679
0.882471,4,101978.4457
0.964848,4,101983.782737
0.952989,3,101986.288505
0.930961,3,101989.113185
0.982739,3,101991.486886
0.79311,3,101997.261041
0.908952,3,102000.358247
0.99297,3,102002.356194
0.9299,3,102005.30242
0.902914,3,102008.438491
0.968504,3,102010.501414
0.976358,3,102012.691126
0.939611,3,102019.048607
0.948963,3,102021.609332
0.933146,3,102031.155334
0.95723,3,102033.283595
0.933146,3,102042.904619
0.915249,3,102045.925221
0.987916,3,102050.118252
0.9299,3,102053.030088
0.793062,3,102058.745903
0.888395,3,102062.35107
0.993715,3,102062.429152
0.944613,3,102065.220606
0.922254,3,102068.148176
0.0,1,102128.518435
0.96375,3,102135.990651
0.883899,3,102139.592391
0.925,3,102142.301516
0.988271,3,102144.318366
0.947257,3,102150.02218
0.943906,3,102152.615423
0.982739,3,102154.945321
0.990677,3,102155.024354
0.966238,3,102157.057952
0.962593,3,102159.616824
0.830438,3,102164.707353
0.916098,3,102164.798609
0.920347,3,102167.932891
0.950446,3,102170.365267
0.977884,3,102174.229968
0.948963,3,102176.800323
0.0,7,102281.485952
0.932724,4,102292.352916
0.86476,3,102292.441383
0.907862,3,102295.90732
0.991332,3,102298.059312
0.893098,3,102301.761244
0.0,3,102378.490707
0.973344,3,102380.741928
0.984451,3,102380.817129
0.95379,3,102383.32235
0.99491,3,102385.208766
0.929929,3,102391.228777
0.986286,3,102395.836074
0.933533,3,102395.9236
0.947367,3,102396.03781
0.857273,3,102405.643956
0.97627,3,102410.549471
0.933957,3,102413.274617
0.829392,3,102418.30088
0.825322,3,102423.865036
0.915249,3,102426.91852
0.946943,3,102429.482422
0.940935,3,102432.238796
0.946943,3,102434.795784
0.918635,3,102437.602105
0.981206,3,102439.948997
0.757866,3,102440.054413
0.0,3,102501.521569
0.957031,3,102503.881712
0.996404,3,102505.79179
0.894069,3,102510.067265
0.948963,3,102512.695368
0.99491,3,102514.61544
0.934686,3,102517.48512
0.894069,3,102525.238702
0.97759,3,102527.554776
0.924885,3,102527.637228
0.97759,3,102530.016465
0.981618,3,102531.991627
0.937496,3,102534.676191
0.993417,3,102538.687934
0.908271,3,102542.511086
0.916289,3,102545.031351
0.927753,3,102547.963244
0.945039,3,102550.763482
0.981265,3,102556.032176
0.882471,3,102561.978627
0.942176,3,102562.116633
0.929339,3,102562.250192
0.9299,3,102565.48072
0.898772,3,102565.575117
0.982887,3,102568.225473
0.921812,3,102571.261621
0.988271,3,102573.357802
0.961727,3,102578.818812
0.942402,3,102581.296545
0.913056,3,102585.576989
0.959475,3,102587.834196
0.912095,3,102590.988643
0.972468,3,102593.454214
0.917865,3,102600.516818
0.915249,3,102603.95694
0.0,1,102664.403087
0.921642,3,102664.520414
0.974454,3,102666.806642
0.921449,3,102670.0487
0.907726,3,102676.728821
0.90202,3,102680.019516
0.857273,3,102685.138529
0.989697,3,102689.280344
0.981265,3,102692.608721
0.92131,3,102695.398481
0.929147,3,102698.319588
0.989875,3,102700.386099
0.931435,3,102703.311481
0.996404,3,102705.142543
0.99491,3,102707.003236
0.913056,3,102715.026124
0.981265,3,102720.165751
0.948963,3,102722.792737
0.956113,3,102727.859121
0.939383,3,102730.653996
0.989697,3,102733.112108
0.884664,3,102736.204122
0.0,1,102796.525343
0.947367,3,102796.625982
0.977444,3,102801.786759
0.939383,3,102804.563274
0.916098,3,102804.6507
0.972468,3,102807.1807
0.918635,3,102810.210011
0.79473,4,102816.186975
0.929144,3,102816.283499
0.945123,3,102816.36785
0.885967,4,102820.28246
0.932888,3,102822.92204
0.922473,3,102823.008842
0.891387,5,102836.316649
0.981265,5,102841.484044
0.830662,3,102841.580717
0.970659,3,102843.918921
0.885359,3,102847.638807
0.963575,3,102849.960794
0.976358,3,102852.144049
0.940428,3,102854.691429
0.959419,3,102859.370479
0.825322,3,102864.728801
0.9299,3,102867.870251
0.940428,3,102870.520241
0.85938,3,102875.230912
0.962593,3,102877.880798
0.988064,3,102882.445115
0.984659,3,102887.140026
0.990142,6,102893.866573
0.972291,3,102894.005859
0.977618,3,102896.13126
0.996404,3,102898.005163
0.945066,3,102898.092252
0.987916,3,102902.371862
0.961727,3,102907.77748
0.915854,3,102911.011204
0.960108,3,102911.140702
0.910864,3,102923.314184
0.995059,3,102927.171496
0.882471,3,102932.636448
0.99491,3,102934.556949
0.961727,3,102937.458144
0.9299,3,102940.514907
0.894388,3,102944.090744
0.943368,3,102946.666687
0.952989,3,102949.018834
0.97759,3,102953.591185
0.90324,3,102997.683045
0.946003,3,102997.76646
0.991987,3,102997.843291
0.921642,3,102997.930883
0.920454,3,102998.04669
0.975977,3,103000.245672
0.936372,3,103005.915924
0.889516,5,103023.822774
0.758913,3,103023.922456
0.880878,3,103027.624191
0.950018,3,103030.167563
0.99491,3,103032.098977
0.821887,3,103032.384949
0.864786,3,103032.483844
0.977884,3,103038.343045
0.961727,3,103041.145118
0.857273,3,103046.221114
0.864786,3,103046.458707
0.984303,3,103046.534124
0.921477,3,103049.765169
0.967373,3,103052.295863
0.891387,5,103075.909071
0.969262,3,103078.131526
0.959475,3,103080.372435
0.916098,3,103080.486635
0.934125,3,103083.358461
0.924579,3,103083.51441
0.95379,3,103086.076662
0.84308,3,103090.319571
0.780784,4,103096.086883
0.910865,3,103102.631062
0.996404,3,103104.613302
0.0,1,103164.869322
0.931466,3,103174.540373
0.929147,4,103177.586939
0.963517,3,103180.1762
0.956113,3,103185.0214
0.952246,3,103187.955186
0.84308,3,103192.028754
0.979059,3,103194.449364
0.972468,3,103196.948927
0.942294,3,103202.913843
0.934686,3,103205.779444
0.0,14,103405.900621
0.975977,3,103408.279213
0.924778,4,103411.464748
0.930961,3,103414.263505
0.991481,5,103420.738123
0.955624,3,103423.170738
0.894466,3,103423.260353
0.966067,3,103427.884099
0.912095,3,103430.810703
0.986286,3,103433.336117
0.796591,3,103433.435591
0.907862,3,103440.278684
0.976358,3,103442.489326
0.892913,3,103446.124594
0.939611,3,103452.541775
0.982887,3,103455.134887
0.99491,3,103458.907633
0.944161,3,103461.595157
0.908952,3,103464.725346
0.933145,3,103467.798784
0.857273,3,103477.816803
0.979059,3,103480.227893
0.97759,3,103484.592923
0.964472,3,103486.958012
0.97466,3,103492.296658
0.9225,3,103492.382612
0.789736,3,103492.494936
0.904597,3,103499.540098
0.830264,3,103504.640231
0.831385,3,103504.736683
0.968447,3,103507.034042
0.755075,3,103513.608092
0.977444,3,103518.755411
0.953504,3,103521.425107
0.948538,3,103527.453494
0.94535,3,103529.660546
0.968504,3,103531.86222
0.979646,3,103536.885952
0.99297,3,103539.012045
0.855052,3,103539.102616
0.912724,3,103542.210438
0.924886,3,103542.320669
0.90324,3,103582.781127
0.755075,3,103589.584197
0.960284,3,103594.665555
0.0,3,103657.075226
0.865357,3,103657.178307
0.989697,3,103661.073183
0.987916,3,103665.47336
0.969698,3,103668.882238
0.890049,3,103672.781714
0.995059,3,103674.851547
0.890126,3,103674.947553
0.917175,3,103678.333585
0.024076,3,103679.014335
0.864786,3,103679.107405
0.921812,3,103681.975429
0.757025,3,103688.667142
0.831211,4,103692.517506
0.915249,3,103695.362755
0.950986,3,103695.443269
0.925194,3,103698.463133
0.973052,3,103703.923544
0.949962,3,103706.912718
0.974075,3,103710.408991
0.99491,3,103712.349755
0.95723,3,103714.490089
0.921591,3,103717.406016
0.901615,3,103720.923879
0.965922,3,103725.583276
0.920509,3,103725.696677
0.943736,3,103728.407119
0.946318,3,103730.991177
0.908952,3,103734.135324
0.939383,3,103736.923579
0.924191,3,103739.851758
0.929929,3,103743.013678
0.944613,3,103745.816684
0.961727,3,103748.759687
0.872195,3,103752.581652
0.910864,3,103764.859757
0.97627,3,103770.050554
0.931185,3,103772.811089
0.980499,3,103777.106447
0.983123,3,103779.207274
0.90324,3,103807.103275
0.99491,3,103810.856608
0.969262,3,103815.437511
0.0,3,103876.698544
0.915932,3,103876.796587
0.933145,3,103879.827034
0.925138,3,103882.769836
0.982887,3,103886.975519
0.0,2,103948.266576
0.895083,4,103948.40381
0.982916,3,103950.559723
0.861759,3,103954.722265
0.969873,3,103956.945096
0.830662,3,103957.219364
0.955365,3,103959.683214
0.97759,3,103961.90978
0.981265,3,103964.65876
0.921477,3,103967.839684
0.950531,3,103970.378566
0.996404,3,103974.263565
0.789736,3,103974.380049
0.984984,3,103976.577586
0.955365,3,103979.090439
0.972935,3,103981.301981
0.969085,3,103981.440321
0.951961,3,103986.487067
0.953733,3,103989.111113
0.934828,3,103998.337294
0.939611,3,104004.959446
0.918663,3,104007.98768
0.0,7,104122.828552
0.831385,3,104123.11694
0.973227,3,104127.719952
0.94612,3,104133.265688
0.892857,3,104137.166569
0.844853,4,104141.306229
0.961727,3,104144.061297
0.123404,4,104144.349411
0.0,1,104204.389767
0.933957,3,104207.045707
0.972614,3,104211.563913
0.948963,3,104214.195792
0.024068,4,104259.916024
0.980499,3,104264.041959
0.915854,3,104267.207738
0.931325,4,104282.845086
0.96653,3,104285.181825
0.99491,3,104287.102971
0.931185,3,104289.857344
0.964819,3,104292.191206
0.979735,3,104294.318213
0.895137,3,104294.407784
0.895137,3,104294.64052
0.98451,3,104294.730096
0.973344,3,104296.963523
0.948306,3,104297.057008
0.934629,3,104299.82415
0.976358,3,104302.007234
0.0,5,104405.529778
0.986523,3,104407.679294
0.934573,3,104410.199755
0.904597,3,104417.177218
0.929144,3,104417.290836
0.97466,3,104422.717024
0.97759,3,104425.010794
0.961727,3,104430.481466
0.98451,3,104432.410813
0.989934,3,104434.479467
0.968447,3,104436.802548
0.928921,3,104436.895101
0.945606,3,104436.983539
0.982887,3,104441.450882
0.780784,3,104447.272143
0.865357,3,104447.364147
0.988064,3,104449.572158
0.929929,3,104455.641315
0.934181,3,104458.401732
0.84308,3,104462.693788
0.95821,3,104465.210519
0.945209,3,104467.944072
0.986286,3,104470.439299
0.902914,3,104473.641389
0.989875,3,104475.689258
0.979735,3,104477.823877
0.95053,3,104480.107124
0.911219,3,104483.412576
0.981146,3,104485.538771
0.881669,3,104485.636655
0.960284,3,104490.73602
0.938085,3,104490.851671
0.811085,7,104499.695172
0.944669,3,104502.565163
0.969262,3,104504.808549
0.936536,3,104507.102848
0.864786,3,104507.19622
0.953845,3,104507.275532
0.929144,3,104507.390172
0.987916,3,104509.687697
0.895083,4,104509.954173
0.987589,3,104510.035311
0.960772,3,104510.121791
0.915249,3,104513.134538
0.86476,3,104513.382664
0.934573,3,104516.119712
0.0,1,104576.386248
0.99491,3,104578.326432
0.959419,3,104580.921405
0.757866,4,104581.263467
0.937356,3,104587.307152
0.972614,3,104589.658994
0.828446,3,104589.766974
0.982916,3,104591.868137
0.991481,3,104594.11819
0.940653,3,104596.770629
0.953962,3,104599.82496
0.989697,3,104601.985188
0.965543,3,104604.310946
0.979646,3,104609.50854
0.948306,3,104611.726687
0.943906,3,104614.355392
0.796591,3,104614.636744
0.930706,3,104616.889745
0.922473,3,104616.979805
0.0,1,104676.985415
0.757866,3,104677.287009
0.970106,3,104681.768339
0.979499,3,104686.038746
0.865357,3,104686.131111
0.99491,3,104688.036354
0.945123,3,104688.117404
0.986286,3,104692.67341
0.913056,3,104702.291286
0.953962,3,104706.208292
0.858138,3,104709.573989
0.979059,3,104714.523014
0.950986,3,104714.607296
0.962362,3,104717.077392
0.911219,4,104720.50741
0.949787,3,104720.621508
0.95723,3,104722.856049
0.987916,3,104727.383325
0.947311,3,104727.50238
0.961727,3,104730.42467
0.829392,3,104735.658218
0.951961,3,104740.926423
0.99491,3,104742.888188
0.921591,3,104745.861438
0.991332,3,104748.070082
0.936705,3,104748.207559
0.953962,3,104751.362533
0.981265,3,104756.797405
0.956801,3,104759.504971
0.793062,3,104765.974405
0.9225,3,104766.191509
0.915932,3,104766.283001
0.991332,3,104770.319579
0.942402,3,104770.425163
0.922254,3,104773.334351
0.880878,4,104777.159411
0.795588,3,104777.430367
0.965369,3,104777.51034
0.989697,3,104781.52712
0.85938,3,104786.279315
0.986286,3,104788.545934
0.952246,3,104794.2421
0.961727,3,104799.492713
0.957058,3,104799.572769
0.993119,4,104801.610687
0.989697,3,104805.706071
0.934181,3,104808.40281
0.962593,3,104813.345335
0.982887,3,104815.6383
0.988064,3,104820.632365
0.946943,3,104823.351948
0.988894,3,104823.43336
0.86476,3,104823.532647
0.0,4,104898.307158
0.972468,3,104903.195945
0.991332,3,104905.405006
0.857273,3,104915.584516
0.962304,3,104918.222036
0.937356,3,104924.509398
0.986138,3,104926.634337
0.989934,3,104928.583364
0.912095,3,104931.72752
0.910865,3,104938.517964
0.0,5,105001.457508
0.992076,3,105001.55354
0.95379,3,105004.137908
0.873239,3,105004.237875
0.946943,3,105006.700759
0.984451,3,105006.847606
0.962593,3,105011.698612
0.934181,3,105014.479755
0.829367,3,105019.659201
0.9225,3,105019.744699
0.944669,3,105022.720336
0.989697,3,105025.224092
0.966067,3,105030.033723
0.95988,3,105032.43965
0.865357,3,105032.536636
0.920512,3,105035.67167
0.92203,3,105035.759158
0.986286,3,105038.209894
0.979059,3,105042.816049
0.95988,3,105045.187615
0.993119,3,105047.231749
0.952818,3,105049.911591
0.99297,3,105051.880858
0.973929,3,105054.971377
0.872485,3,105058.765876
0.926724,3,105065.005387
0.979059,3,105067.405474
0.991481,3,105071.652818
0.848314,3,105084.074868
0.979646,3,105089.226935
0.855052,3,105089.324383
0.990618,3,105089.408245
0.84389,3,105093.687255
0.118602,9,105139.124038
0.966067,3,105141.46442
0.97759,3,105143.878292
0.0,1,105204.248517
0.972614,3,105206.688674
0.948538,3,105217.541559
0.968504,3,105219.926428
0.953733,3,105225.586105
0.942176,3,105225.718348
0.996404,3,105227.754119
0.880878,3,105231.502063
0.920509,3,105231.61832
0.949392,4,105236.562604
0.964877,3,105239.009239
0.755075,3,105245.95418
0.942176,3,105246.085926
0.960772,3,105246.166636
0.948306,3,105248.404727
0.755709,3,105255.780943
0.991481,3,105260.148524
0.981323,3,105262.297023
0.940428,3,105265.035097
0.882471,3,105270.962448
0.918635,3,105273.959618
0.962824,3,105276.685186
0.86476,3,105276.779168
0.95988,3,105279.153146
0.950018,3,105281.677551
0.0,3,105343.880232
0.966067,3,105346.345166
0.916098,3,105346.43777
0.956455,3,105346.521218
0.993417,4,105350.696385
0.99491,3,105352.659431
0.982739,3,105357.274449
0.830264,3,105362.412969
0.971533,3,105364.413049
0.942859,3,105369.966484
0.940935,3,105372.80272
0.97997,3,105377.08944
0.96653,3,105379.364279
0.984659,3,105384.495626
0.858138,3,105387.61146
0.979059,3,105390.105609
0.969698,3,105396.426966
0.933145,3,105402.555942
0.93831,3,105402.642679
0.969085,3,105402.724038
0.988064,3,105407.517332
0.891387,4,105432.511345
0.989697,3,105436.999434
0.898772,3,105437.096629
0.94535,3,105439.843846
0.97759,3,105444.99585
0.976593,3,105447.507916
0.933533,3,105447.627851
0.97466,3,105453.528312
0.962304,3,105458.966491
0.931466,3,105469.35914
0.986286,3,105474.176912
0.932888,3,105476.999322
0.942402,3,105479.272171
0.913049,3,105479.365157
0.875477,3,105489.081321
0.959275,3,105491.8595
0.918635,3,105495.009553
0.981265,3,105500.154549
0.922032,3,105503.400275
0.755709,3,105510.714551
0.903512,3,105518.36604
0.943906,3,105521.217944
0.961003,3,105521.30828
0.0,2,105583.340228
0.876421,3,105587.469378
0.981265,3,105592.888962
0.907862,3,105600.63767
0.946943,3,105603.896028
0.83141,3,105604.005026
0.969262,3,105606.853254
0.86476,3,105606.993278
0.933146,3,105617.24076
0.771311,3,105635.172657
0.930961,3,105637.912327
0.957262,3,105643.033758
0.966067,3,105647.749177
0.929929,3,105653.805551
0.909798,3,105656.963083
0.930961,3,105659.756973
0.996404,3,105661.667895
0.949787,3,105661.823038
0.965922,3,105664.244997
0.84308,3,105668.574967
0.92753,4,105674.335302
0.947367,3,105674.424205
0.911219,3,105677.912713
0.957031,3,105680.423164
0.829392,3,105686.012042
0.953733,3,105688.482442
0.979059,3,105690.925339
0.928921,3,105691.029843
0.979499,3,105693.132365
0.979059,3,105697.73727
0.99491,3,105699.704742
0.984451,3,105699.856877
0.987916,3,105702.403176
0.796591,4,105708.858048
0.962593,3,105711.655417
0.984659,3,105716.925552
0.966067,3,105719.469897
0.942233,3,105719.610624
0.953504,3,105722.203901
0.94535,4,105722.349153
0.96653,3,105725.01239
0.796591,4,105731.792285
0.949787,3,105731.883502
0.9299,3,105735.314049
0.910865,3,106151.874968
0.959935,3,106151.977595
0.921449,3,106155.417262
0.903512,3,106164.130708
0.912506,3,106181.771765
0.962593,3,106187.16651
0.872195,3,106191.70842
0.982739,3,106194.280914
0.912643,3,106197.640605
0.0,3,106262.468453
0.959475,3,106264.78972
0.987916,3,106269.027853
0.968447,3,106271.3588
0.931325,7,106287.091791
0.0,1,106346.302802
0.0,1,106405.917081
0.90324,3,106443.618215
0.895137,3,106443.770245
0.923082,4,106444.136486
0.831385,3,106445.10437
0.873239,3,106445.223514
0.975977,3,106448.178687
0.920454,3,106448.325463
0.993119,3,106450.638675
0.961727,3,106456.96293
0.972176,3,106460.774266
0.892913,3,106464.429698
0.979059,3,106467.560348
0.978205,3,106467.743341
0.973052,3,106475.652082
0.831385,3,106475.764031
0.936199,3,106475.923126
0.912095,3,106479.701873
0.894069,3,106484.916195
0.963313,3,106485.01738
0.956113,3,106489.193813
0.903512,3,106493.797862
0.953733,3,106496.858659
0.916098,3,106496.982526
0.921812,3,106500.505216
0.930594,3,106500.635333
0.79311,3,106507.920352
0.909798,3,106511.434031
0.972468,3,106516.824733
0.930961,3,106520.176596
0.0,18,106775.459479
0.952818,3,106778.274321
0.903512,3,106782.525182
0.929339,3,106782.646547
0.931466,3,106792.17763
0.874976,3,106796.630303
0.993417,3,106801.044509
0.984215,3,106801.132482
0.0,24,107119.696328
0.894466,4,107119.887289
0.963139,4,107125.487587
0.0,6,107191.851621
0.966064,3,107192.05194
0.929339,3,107192.182128
0.979059,3,107196.830425
0.984363,3,107202.143485
0.986286,3,107207.631221
0.944613,3,107211.261404
0.981206,3,107214.335538
0.959475,3,107217.336972
0.948306,3,107220.114253
0.970106,3,107223.001574
0.936536,3,107225.686345
0.758822,3,107226.028164
0.99491,3,107227.626953
0.959419,3,107233.979091
0.937412,3,107237.391987
0.974834,3,107237.536554
0.861788,3,107249.024332
0.819129,3,107255.05532
0.757866,3,107255.177237
0.954246,3,107257.017459
0.981265,3,107260.978325
0.894069,3,107266.170368
0.987916,3,107271.404412
0.973052,3,107278.212324
0.980499,3,107283.139138
0.94999,3,107285.490523
0.122261,6,107395.173718
0.930706,3,107397.906688
0.980676,3,107400.409641
0.987916,3,107402.304238
0.903512,3,107411.378435
0.86476,3,107411.671622
0.936173,3,107414.984245
0.95723,3,107417.455355
0.955396,3,107426.486823
0.942686,3,107426.607065
0.970106,3,107431.31374
0.962015,3,107440.609116
0.93096,4,107444.141567
0.99491,3,107448.70878
0.94612,3,107455.318938
0.79473,3,107461.112862
0.0,1,107520.566138
0.99491,3,107523.20917
0.861788,3,107536.331555
0.96563,3,107536.514556
0.953733,3,107539.404706
0.993268,3,107544.808647
0.0,4,107609.750697
0.962304,3,107612.924567
0.894466,3,107613.058719
0.986523,3,107615.332188
0.903512,3,107619.854224
0.987916,3,107624.62993
0.950248,3,107631.010715
0.989697,3,107635.229311
0.97759,3,107639.669803
0.894069,3,107644.258049
0.989697,3,107647.00317
0.961696,3,107649.587264
0.965922,3,107654.851634
0.996404,3,107656.992584
0.962593,3,107662.398586
0.964819,3,107665.153996
0.979059,3,107669.411689
0.758276,6,107670.084934
0.85938,3,107675.032035
0.95379,3,107677.706867
0.918714,4,107677.868173
0.921642,3,107677.960716
0.97627,3,107681.189708
0.97627,3,107684.875569
0.983477,3,107687.673046
0.986286,3,107690.254967
0.979059,3,107694.67117
0.924191,3,107698.001602
0.915497,3,107701.646634
0.911219,3,107705.412089
0.917835,3,107709.264398
0.895137,3,107709.368376
0.943906,3,107712.29215
0.982887,3,107717.083562
0.953733,3,107719.878188
0.959419,3,107722.738936
0.981265,3,107725.239652
0.0,32,107868.384025
0.873901,4,107875.994601
0.789736,3,107876.132233
0.879555,5,107886.958412
0.857273,3,107898.042998
0.989875,3,107899.634742
0.979646,3,107905.526779
0.917366,3,107909.189773
0.99297,3,107911.590765
0.94999,3,107914.507632
0.95657,3,107914.616904
0.872485,3,107918.909243
0.968447,3,107921.642956
0.99491,3,107923.819811
0.945606,3,107923.91973
0.969698,3,107928.103829
0.907726,3,107931.620168
0.819129,3,107938.104479
0.988064,3,107943.402864
0.99491,3,107945.525475
0.950018,3,107948.4739
0.97759,3,107951.239142
0.9225,3,107951.341433
0.959275,3,107957.235597
0.937356,3,107960.495393
0.881669,3,107960.63073
0.909798,3,107964.246064
0.949392,3,107970.520171
0.963575,3,107973.378354
0.969873,3,107976.02993
0.952246,3,107982.60884
0.968418,3,107985.24375
0.894922,3,107985.354981
0.953962,3,107987.956204
0.0,5,108104.817748
0.921812,3,108108.340204
0.953504,3,108111.181907
0.0,3,108173.693289
0.931185,3,108176.923899
0.017577,7,108184.406573
0.961727,3,108187.643438
0.94212,3,108187.753165
0.929144,3,108187.890011
0.986138,3,108190.385539
0.968447,3,108192.182138
0.0,1,108251.115335
0.979059,3,108253.903979
0.906254,3,108257.45035
0.86339,3,108262.43776
0.979499,3,108267.207518
0.97627,3,108270.724538
0.861788,3,108281.333326
0.942294,3,108288.46875
0.969407,3,108291.284031
0.92131,3,108294.515057
0.912721,3,108297.848613
0.867781,3,108302.591672
0.93831,3,108302.697359
0.968504,3,108305.260945
0.0,1,108364.067472
0.904597,3,108367.568484
0.934629,3,108371.134372
0.97466,3,108377.543354
0.830264,3,108383.420664
0.993268,3,108388.619327
0.950018,3,108391.452173
0.755709,3,108398.462297
0.912506,3,108417.059577
0.895137,3,108417.167202
0.0,4,108479.271152
0.931185,3,108482.589455
0.906608,3,108485.787489
0.937356,3,108492.993801
0.957173,3,108493.150102
0.92131,3,108496.391861
0.952246,3,108502.738846
0.92353,3,108506.477117
0.947598,3,108509.65213
0.989548,3,108514.218324
0.965922,3,108516.364516
0.991481,3,108521.158016
0.921394,3,108525.020612
0.959419,3,108530.669712
0.942176,3,108530.83039
0.731156,5,108549.673386
0.0,4,108609.762053
0.959419,3,108615.635302
0.99491,3,108617.641577
0.944161,3,108620.772278
0.979059,3,108623.536247
0.959475,3,108626.119756
0.85938,3,108630.753227
0.991778,3,108635.739479
0.986286,3,108638.59143
0.909798,3,108642.230245
0.988924,3,108642.33817
0.8946,3,108642.595969
0.97627,3,108645.961021
0.979059,3,108648.703585
0.937356,3,108652.380208
0.942294,3,108658.779911
0.950986,3,108658.918212
0.921812,3,108661.240282
0.918663,3,108664.424397
0.979059,3,108666.780868
0.961727,3,108672.436983
0.889862,3,108676.190527
0.961727,3,108679.190607
0.99491,3,108681.079205
0.894922,3,108681.324467
0.918635,3,108684.672567
0.975273,3,108684.77167
0.93961,3,108691.036004
0.909712,4,108694.774313
0.982887,3,108700.078574
0.937356,3,108707.271904
0.955969,3,108710.036012
0.975977,3,108712.664274
0.990142,3,108718.009668
0.921394,3,108720.893198
0.977884,3,108726.877479
0.884106,3,108726.989409
0.947311,3,108727.090601
0.906037,3,108730.684278
0.924579,3,108730.798357
0.962593,3,108736.293267
0.962304,3,108739.265197
0.957031,3,108741.753853
0.917865,3,108745.927185
0.915932,3,108746.046602
0.99491,3,108747.424057
0.977884,3,108753.825329
0.924556,3,108757.101876
0.934629,3,108760.354824
0.996404,3,108764.495916
0.933285,3,108767.890665
0.97627,3,108771.369783
0.0,4,108835.428865
0.982739,3,108840.452932
0.966064,3,108840.555453
0.79473,3,108847.283177
0.921812,3,108850.700968
0.964819,3,108853.300933
0.894466,3,108853.398716
0.982887,3,108858.203907
0.962304,3,108861.226424
0.981265,3,108866.195351
0.982887,3,108871.348744
0.957031,3,108874.32043
0.865357,3,108874.582861
0.954246,3,108877.113385
0.912095,3,108880.585973
0.0,1,108939.383704
0.97997,3,108944.421801
0.946943,3,108947.283556
0.991481,3,108952.075888
0.962737,3,108956.761688
0.0,1,109015.537247
0.965369,3,109015.645708
0.947598,3,109018.598687
0.94535,3,109021.161463
0.913056,3,109031.058968
0.947311,3,109031.159571
0.986523,3,109033.549721
0.931435,3,109037.025467
0.993745,3,109037.126336
0.934125,3,109039.688864
0.0,1,109098.59171
0.942176,3,109098.70975
0.946003,3,109098.805174
0.892857,3,109103.179227
0.989697,3,109105.442429
0.94999,3,109108.354826
0.94535,3,109110.898993
0.921449,3,109114.895819
0.979059,3,109120.301358
0.927753,3,109123.59283
0.954246,3,109126.007051
0.961118,3,109126.107497
0.921394,3,109129.02457
0.962824,3,109131.90476
0.944161,3,109135.003512
0.974075,3,109141.106528
0.972176,3,109144.465332
0.90324,3,109176.389904
0.99491,3,109178.54119
0.892726,4,109202.209311
0.976124,3,109207.330372
0.0,1,109266.493106
0.972468,3,109271.832183
0.986523,3,109273.412107
0.956801,3,109276.229694
0.961727,3,109281.981283
0.788436,5,109294.740424
0.979059,3,109299.637878
0.937356,3,109305.639565
0.961727,3,109308.944933
0.940653,3,109311.742876
0.869055,3,109311.844281
0.922334,4,109314.964163
0.97759,3,109319.801996
0.957173,3,109319.885352
0.960284,3,109325.13691
0.972614,3,109330.037692
0.962737,3,109334.131984
0.0,2,109395.074956
0.789736,3,109395.207603
0.96653,3,109397.670568
0.939611,3,109401.235672
0.864786,3,109401.331778
0.947257,3,109407.428545
0.864371,3,109407.68272
0.984363,3,109412.009851
0.989875,3,109414.129521
0.913056,3,109418.477885
0.968504,3,109419.963483
0.97759,3,109424.671577
0.949787,3,109424.826504
0.974075,3,109430.428632
0.965369,3,109430.603919
0.829367,3,109435.831962
0.970367,3,109435.917824
0.925194,3,109439.190657
0.996404,3,109443.072004
0.981265,3,109448.587561
0.99491,3,109449.75691
0.934573,3,109452.571726
0.979646,3,109457.805823
0.918635,3,109460.905181
0.831385,3,109461.01576
0.987916,3,109463.353416
0.97759,3,109468.014446
0.972233,3,109468.167784
0.959275,3,109473.446494
0.968447,3,109475.829405
0.0,2,109535.871628
0.973929,3,109538.342964
0.906037,3,109541.678377
0.937356,3,109548.145345
0.907862,3,109551.883423
0.931466,3,109561.724492
0.979499,3,109565.518105
0.924556,3,109568.43639
0.0,6,109705.205657
0.757866,3,109705.328832
0.0,2,109764.024969
0.957031,3,109766.546821
0.965369,3,109766.638684
0.94535,3,109768.96465
0.948538,3,109773.884708
0.970106,3,109778.68137
0.933004,4,109806.999712
0.922032,3,109810.201257
0.933146,3,109819.986959
0.982916,3,109822.330605
0.952818,3,109825.182494
0.957173,3,109825.324844
0.983123,3,109827.573347
0.912643,3,109830.008876
0.982887,3,109834.662966
0.950986,3,109834.746347
0.97627,3,109837.986218
0.979059,3,109840.526824
0.953733,3,109843.3154
0.991719,3,109845.466324
0.892857,3,109849.688789
0.890126,4,109849.831436
0.945039,3,109852.811962
0.984659,3,109857.33263
0.982739,3,109859.840132
0.756549,3,109867.050423
0.92203,3,109867.297051
0.953733,3,109870.119502
0.962593,3,109872.824019
0.988064,3,109875.605974
0.890132,4,109884.499575
0.960772,3,109884.595052
0.341315,5,109886.067583
0.996404,3,109887.286191
0.90324,3,109934.10416
0.982887,3,109939.106704
0.993119,3,109941.254838
0.853719,4,109945.20786
0.895808,3,109945.447015
0.9225,3,109945.535747
0.971533,3,109947.854272
0.902914,3,109951.147389
0.934686,3,109954.236961
0.933224,3,109954.330539
0.0,5,110023.191371
0.9299,3,110026.59719
0.940428,3,110029.721555
0.873901,3,110033.888553
0.0,4,110127.180641
0.0,8,110191.678562
0.0,9,110294.885258
0.967373,3,110297.941946
0.960684,3,110298.043573
0.894466,3,110298.152343
0.952675,3,110301.308676
0.934629,3,110304.628387
0.970106,3,110307.28279
0.99491,3,110309.507879
0.976593,3,110312.008216
0.893098,3,110316.688243
0.927805,3,110316.789495
0.983123,3,110319.265003
0.982739,3,110321.941612
0.936173,3,110324.30496
0.123404,4,110324.992507
0.957262,3,110328.161707
0.883899,3,110332.568321
0.969698,3,110339.304509
0.973052,3,110345.864338
0.963199,3,110348.475057
0.757025,3,110355.664712
0.922473,3,110355.767413
0.979059,3,110358.394756
0.99491,3,110360.596174
0.904597,4,110368.924515
0.982739,3,110371.455401
0.979646,3,110377.178108
0.913022,3,110377.306374
0.993417,3,110381.026628
0.99491,3,110383.17603
0.962304,3,110389.260936
0.972468,3,110392.145976
0.937356,3,110395.84004
0.872485,3,110399.92216
0.946262,5,110409.198555
0.84389,3,110413.234069
0.811085,3,110422.787185
0.96375,4,110431.395005
0.931435,3,110434.7938
0.99491,3,110436.997241
0.945209,3,110439.205604
0.913022,3,110439.323904
0.981265,3,110443.271419
0.0,3,110535.664181
0.989934,3,110538.076274
0.966067,3,110543.541694
0.946318,3,110546.577527
0.966064,3,110546.676001
0.885359,3,110551.033937
0.0,2,110610.711114
0.979646,3,110615.687078
0.972614,3,110618.496814
0.90324,3,110666.713331
0.989697,3,110671.137978
0.95379,3,110672.972745
0.959475,3,110675.455054
0.987916,3,110680.370783
0.970106,3,110685.439166
0.829367,3,110691.282707
0.828546,3,110691.420087
0.97627,3,110697.38522
0.932888,3,110700.370527
0.920454,3,110700.476836
0.895754,3,110700.581569
0.934125,3,110703.193387
0.981559,3,110703.28493
0.976124,3,110705.902668
0.921591,3,110709.369027
0.956113,3,110712.359739
0.0,10,110800.290767
0.946943,3,110803.343918
0.959935,3,110803.451805
0.755075,3,110811.943448
0.918635,3,110815.48767
0.99491,3,110817.665872
0.982739,3,110821.915558
0.940428,3,110825.075425
0.910148,3,110825.213426
0.912095,3,110828.88009
0.880878,3,110833.364527
0.953733,3,110839.080444
0.97759,3,110841.878074
0.981411,3,110841.97358
0.0,1,110900.866659
0.9982,3,110905.305928
0.986138,3,110909.252986
0.778608,3,110916.411974
0.97466,3,110922.892499
0.940282,3,110922.998402
0.936705,3,110923.162078
0.952818,3,110926.261544
0.957031,3,110929.043512
0.99491,3,110931.256327
0.0,14,111087.425408
0.915854,3,111091.241497
0.960223,3,111091.347862
0.885359,3,111095.687759
0.984984,3,111098.289626
0.844247,3,111108.863501
0.95723,3,111111.371054
0.972176,3,111114.807786
0.966067,3,111117.668849
0.959419,3,111123.485398
0.987916,3,111128.373927
0.972176,3,111131.973967
0.97759,3,111137.202899
0.943906,3,111139.384683
0.927559,3,111143.954777
0.972468,3,111149.484576
0.981146,3,111151.907663
0.948963,3,111154.953462
0.917366,3,111158.626994
0.913022,3,111158.740403
0.961727,3,111165.177722
0.983477,3,111167.324813
0.922001,3,111167.43315
0.937356,3,111171.023382
0.97466,3,111177.38456
0.85938,3,111182.8886
0.942402,3,111185.587884
0.920454,3,111185.702125
0.966064,3,111185.80764
0.97997,3,111190.646866
0.967373,3,111196.53065
0.934181,3,111198.873342
0.934181,3,111202.114376
0.982739,3,111204.652243
0.991778,3,111207.43108
0.933145,3,111214.614691
0.987916,3,111219.36981
0.894466,3,111219.486161
0.99491,3,111221.721389
0.951961,3,111227.047202
0.937356,3,111230.886282
0.947598,4,111234.071517
0.979499,3,111236.53813
0.90202,3,111240.609885
0.942236,3,111244.00826
0.966067,3,111249.451046
0.982739,3,111252.093952
0.957262,3,111254.476202
0.863489,3,111259.910951
0.977444,3,111266.043959
0.933957,3,111269.286674
0.972614,3,111272.034041
0.956113,3,111277.863977
0.957262,3,111281.288167
0.855052,3,111281.403923
0.947257,3,111287.19739
0.986286,3,111292.537969
0.0,6,111353.23772
0.939611,3,111361.064201
0.945123,3,111361.172729
0.795588,3,111361.485464
0.895137,3,111361.594289
0.913056,3,111371.420265
0.895137,3,111370.782789
0.989934,3,111373.247099
0.947257,3,111380.119323
0.9225,3,111380.225108
0.771311,3,111391.451337
0.876421,3,111396.082601
0.946318,3,111399.152166
0.924556,3,111401.778852
0.873901,3,111412.017965
0.919155,3,111414.991077
0.975977,3,111417.674089
0.972468,3,111423.265144
0.979353,3,111428.553952
0.937356,3,111435.147252
0.795636,3,111435.460278
0.908271,3,111440.089783
0.976358,3,111442.802502
0.0,3,111507.004998
0.934573,3,111510.269825
0.908271,3,111514.850463
0.934828,3,111525.006946
0.829367,3,111531.310934
0.960226,3,111536.891276
0.903512,3,111545.600402
0.944161,4,111547.699137
0.932445,3,111554.749429
0.981411,3,111554.827772
0.939383,3,111557.680043
0.915249,3,111560.679914
0.829392,3,111565.746152
0.962737,3,111570.503014
0.969085,3,111570.5929
0.970221,3,111570.711921
0.952246,3,111573.731104
0.86572,5,111573.883766
0.0,14,111693.043524
0.793062,3,111699.061025
0.98327,3,111701.265431
0.894388,3,111704.945536
0.916289,3,111707.484986
0.980676,3,111709.694884
0.981265,3,111712.545291
0.960224,3,112093.137581
0.981265,3,112097.337728
0.945066,3,112097.426204
0.903512,3,112105.257566
0.993119,3,112107.306502
0.789736,3,112107.433274
0.944613,3,112110.416274
0.829392,3,112115.653263
0.953962,3,112118.851404
0.929339,3,112118.943077
0.912643,3,112122.132656
0.931185,3,112124.976935
0.972614,3,112126.487579
0.979059,3,112128.915994
0.913049,3,112129.004294
0.831385,3,112129.100512
0.927559,3,112133.14515
0.966064,3,112133.292201
0.945663,3,112133.475513
0.937356,3,112136.891452
0.946943,3,112139.400305
0.981265,3,112144.418321
0.939383,3,112147.254273
0.920454,3,112147.597858
0.979059,3,112150.049718
0.984659,3,112154.913777
0.819129,3,112159.178372
0.884724,3,112163.627691
0.988924,3,112163.715301
0.937496,3,112166.459193
0.981206,3,112168.935643
0.932888,3,112171.598067
0.934125,3,112174.559226
0.830662,3,112174.845261
0.979059,3,112177.290368
0.943906,3,112179.936505
0.86476,3,112180.033341
0.92131,3,112182.855766
0.957173,3,112182.93746
0.0,4,112271.640215
0.747322,7,112291.274142
0.982887,3,112295.634904
0.961727,3,112301.104738
0.916289,3,112302.6998
0.0,3,112362.814253
0.811085,3,112370.59183
0.979646,3,112375.775494
0.0,8,112453.920338
0.795636,3,112454.03594
0.922473,3,112454.128704
0.962015,3,112461.418459
0.912506,3,112476.766889
0.866483,3,112481.271937
0.982739,3,112483.505858
0.894466,4,112483.630986
0.952989,3,112486.186739
0.847546,3,112490.467577
0.976358,3,112492.709544
0.944613,3,112495.568503
0.965922,3,112498.121454
0.0,1,112556.664995
0.969873,3,112558.969033
0.920868,4,112561.743852
0.890049,3,112564.848379
0.934181,3,112567.636607
0.86546,3,112567.730423
0.979059,3,112570.183639
0.795588,3,112570.286659
0.757025,3,112577.189047
0.966067,3,112581.902394
0.975273,3,112581.982788
0.922888,3,112582.073711
0.913056,3,112590.463733
0.942179,3,112592.665933
0.922254,3,112595.546058
0.922888,3,112595.636354
0.991332,3,112599.93057
0.99297,3,112601.941913
0.920454,3,112602.031169
0.913056,3,112606.477253
0.925,3,112609.423256
0.99491,3,112611.3918
0.908243,4,112615.101631
0.796783,7,112615.596076
0.953845,3,112615.738925
0.988924,5,112618.723505
0.96563,3,112618.893868
0.891387,4,112642.256706
0.964877,3,112644.711519
0.913221,3,112644.805383
0.97466,3,112648.173179
0.946318,3,112649.88368
0.981265,3,112655.413908
0.986523,3,112657.575145
0.907862,3,112661.220683
0.96563,3,112661.299031
0.966067,3,112666.215982
0.0,3,112740.884567
0.982887,3,112743.190749
0.023804,16,112765.228451
0.967138,3,112766.595149
0.94572,3,112769.326614
0.857273,3,112779.611761
0.946318,3,112782.157109
0.902914,3,112785.451925
0.922699,3,112792.281646
0.996404,3,112795.299555
0.946318,3,112797.943892
0.907862,3,112801.633435
0.991332,3,112805.876254
0.951961,3,112811.135343
0.97759,3,112813.587629
0.973052,3,112819.202065
0.979499,3,112821.570148
0.975273,3,112821.708247
0.829367,3,112825.892569
0.959419,3,112831.134568
0.982887,3,112833.38904
0.829367,3,112838.464578
0.96563,3,112838.545959
0.927805,3,112840.993481
0.971533,3,112843.167127
0.966181,3,112847.705222
0.951043,3,112847.794219
0.927471,3,112847.877118
0.873901,3,112855.317136
0.99491,3,112857.281868
0.957262,3,112862.912441
0.981265,3,112865.827015
0.830662,3,112865.923404
0.97466,3,112871.600597
0.881853,3,112871.714468
0.969873,3,112874.012128
0.921394,3,112877.346922
0.966067,3,112879.824613
0.979499,4,112883.189888
0.97997,3,112885.436656
0.981265,3,112890.586793
0.933145,3,112893.7318
0.889862,3,112897.669374
0.892994,4,112951.003278
0.863489,3,112955.66919
0.980676,3,112957.873041
0.982739,3,112960.311613
0.927753,3,112963.244908
0.99491,3,112965.225546
0.871047,4,112973.685196
0.927753,3,112976.518005
0.981411,3,112976.59864
0.950957,3,112976.687765
0.961727,3,112982.236347
0.979059,3,112986.869535
0.989697,3,112989.063759
0.024076,4,112989.472927
0.973227,3,112991.970423
0.995298,3,112992.050489
0.977884,3,112997.825575
0.991481,3,112999.119958
0.927805,3,113001.577899
0.940653,3,113004.29108
0.970106,3,113006.787124
0.99491,3,113008.730011
0.902914,3,113012.078895
0.922473,3,113012.300951
0.957262,3,113015.264896
0.880878,3,113019.189038
0.981323,3,113019.272216
0.927753,3,113022.143072
0.990677,4,113024.178636
0.95723,3,113026.248744
0.979353,3,113029.76611
0.928921,3,113029.887698
0.879423,7,113039.367553
0.972176,3,113042.583318
0.973052,3,113048.129028
0.927753,3,113051.05746
0.950986,3,113051.140491
0.981265,3,113055.142546
0.963199,3,113057.526881
0.991481,3,113061.648904
0.975977,3,113063.974675
0.757866,3,113064.290155
0.909798,3,113067.505817
0.830264,3,113072.705565
0.875477,3,113081.872206
0.98327,3,113084.064674
0.981559,3,113084.145085
0.982887,3,113085.438848
0.989697,3,113089.602647
0.946943,3,113092.253706
0.965369,3,113092.336623
0.95988,3,113094.661336
0.977884,3,113100.797565
0.946003,3,113100.886707
0.920509,3,113100.975315
0.912506,3,113116.125548
0.993119,3,113118.13696
0.963575,3,113120.626944
0.874976,4,113124.710989
0.939383,3,113127.608238
0.934629,3,113130.697988
0.917865,3,113134.521388
0.903512,3,113142.529083
0.83141,3,113142.623821
0.813399,3,113148.29477
0.950957,3,113148.385041
0.970163,3,113148.504679
0.795588,4,113148.633104
0.95988,3,113150.944028
0.858138,3,113154.115885
0.931435,3,113157.067835
0.99491,3,113159.048282
0.796591,4,113165.179358
0.789736,3,113165.295354
0.97627,3,113170.64055
0.960284,3,113174.675852
0.986286,3,113177.22371
0.888395,3,113181.031127
0.974075,3,113187.28081
0.945039,3,113190.147162
0.98327,3,113192.237024
0.876159,3,113195.988247
0.94572,3,113198.726196
0.975977,3,113201.022145
0.942294,3,113203.201471
0.934629,3,113206.175486
0.97759,3,113210.801177
0.937356,3,113214.256703
0.96653,3,113216.605883
0.99491,3,113218.572708
0.953845,3,113218.655436
0.951929,3,113218.741725
0.92203,3,113218.83053
0.953733,3,113221.537998
0.0,20,113312.40692
0.883899,3,113316.33358
0.944669,3,113318.151257
0.946943,3,113320.854763
0.903509,3,113324.361354
0.911298,3,113324.600675
0.984303,3,113324.67865
0.943906,3,113327.265325
0.961727,3,113332.725338
0.940935,3,113335.512953
0.921591,4,113338.598864
0.883899,4,113345.678087
0.0,1,113403.971665
0.872485,3,113406.694054
0.97466,3,113412.276184
0.936173,3,113415.182298
0.961727,3,113420.761987
0.936536,3,113423.116153
0.123404,4,113423.808272
0.993119,3,113425.861077
0.991332,3,113430.158926
0.952418,3,113432.906295
0.789736,3,113432.028177
0.945179,3,113432.112935
0.960226,3,113436.91982
0.965369,3,113437.004359
0.974075,3,113440.467185
0.904597,3,113444.2331
0.906037,3,113447.495414
0.0,2,113507.885696
0.984303,3,113508.012639
0.883899,3,113511.920331
0.955365,3,113514.494273
0.990677,3,113516.471206
0.930706,3,113518.90349
0.987916,3,113522.317927
0.97466,3,113527.849617
0.94999,3,113530.433801
0.910864,3,113543.225402
0.929283,4,113543.377067
0.991778,3,113547.795141
0.960684,3,113547.879714
0.945123,3,113548.014169
0.982887,3,113551.855268
0.959475,3,113554.083303
0.961727,3,113559.787881
0.95723,3,113561.944015
0.986138,3,113564.187507
0.921394,3,113567.524805
0.79311,3,113573.56365
0.927753,4,113576.516215
0.939183,4,113576.643621
0.984363,3,113580.078802
0.894466,3,113580.174671
0.024265,7,113587.400468
0.953733,3,113590.099354
0.919155,3,113592.649042
0.829367,3,113597.785296
0.961696,3,113600.341051
0.986138,3,113604.753172
0.962304,3,113606.651068
0.953733,3,113609.354839
0.973052,3,113612.816388
0.123938,8,113696.832344
0.99491,3,113700.80234
0.95379,3,113703.433401
0.924556,3,113706.424404
0.930594,3,113706.554376
0.890049,3,113710.640878
0.967373,3,113713.267097
0.980676,3,113715.485349
0.883899,3,113719.375246
0.984274,3,113719.461658
0.972468,3,113723.420721
0.99491,3,113725.422117
0.883899,3,113729.606841
0.881669,3,113729.731043
0.979059,3,113734.23446
0.972468,3,113739.058687
0.993268,3,113743.588658
0.819129,3,113748.88239
0.944669,3,113751.28745
0.874976,3,113754.668181
0.97276,3,113757.039858
0.934125,3,113760.05902
0.979059,3,113762.410136
0.971533,3,113764.640899
0.857546,3,113764.742826
0.969262,3,113766.939612
0.883899,3,113770.819939
0.989548,3,113775.10974
0.991481,3,113779.303607
0.979059,3,113783.082375
0.942236,3,113786.08175
0.84389,3,113790.438101
0.875477,3,113799.830051
0.963199,3,113802.218786
0.97466,3,113807.864587
0.924579,3,113807.949419
0.915497,3,113810.055574
0.939611,3,113813.504816
0.0,1,113871.768784
0.962995,3,113871.916409
0.982739,3,113874.297005
0.946003,3,113874.475487
0.943906,3,113877.189072
0.902914,3,113880.532675
0.948963,3,113883.434215
0.866327,3,113893.006325
0.828546,3,113893.11812
0.939383,3,113895.909501
0.936536,3,113896.005212
0.977444,3,113900.463892
0.9225,3,113900.551749
0.755709,4,113907.465702
0.927805,3,113909.88919
0.84389,3,113914.466045
0.989697,3,113916.535945
0.96563,3,113916.616104
0.966067,3,113921.448127
0.894069,3,113928.70474
0.944161,3,113931.476689
0.953845,3,113931.617167
0.930706,3,113934.014064
0.0,5,114042.227103
0.873901,3,114050.847818
0.0,10,114123.980669
0.873239,3,114124.110399
0.830264,3,114128.288342
0.0,4,114194.836723
0.984659,3,114200.077995
0.982739,3,114202.500473
0.979059,3,114207.199207
0.893098,3,114211.167615
0.937356,3,114214.518357
0.959275,3,114218.604457
0.99491,3,114220.55919
0.95988,3,114222.965259
0.989697,3,114225.007673
0.950446,3,114227.579748
0.96653,3,114229.95083
0.972349,3,114230.039966
0.910864,3,114242.863088
0.99491,3,114243.80106
0.991332,3,114248.071799
0.972468,3,114250.599434
0.986286,3,114255.311964
0.99491,3,114257.291668
0.995298,3,114257.370472
0.86476,3,114257.463033
0.0,5,114358.874639
0.984451,3,114358.97502
0.973052,3,114364.588405
0.953733,3,114367.268188
0.972468,3,114372.07644
0.918415,3,114375.148639
0.971533,3,114377.356454
0.83141,3,114377.456658
0.982887,3,114379.803445
0.903509,3,114383.278446
0.940653,3,114386.052872
0.942402,3,114386.137963
0.877444,3,114386.236046
0.957173,3,114386.326092
0.942176,3,114386.411343
0.847546,3,114389.661723
0.981265,3,114393.158896
0.962737,3,114398.061107
0.943001,3,114403.806509
0.859561,3,114408.722634
0.869055,3,114408.831616
0.894251,3,114412.933882
0.97466,3,114417.357866
0.979059,3,114419.833017
0.933285,3,114422.943472
0.922032,3,114426.105717
0.96653,3,114428.420708
0.90324,3,114473.200506
0.946943,3,114474.811852
0.828546,3,114474.925865
0.982739,3,114477.386696
0.968418,3,114479.758919
0.916923,3,114480.000785
0.981265,3,114484.887876
0.979499,3,114489.420842
0.948306,3,114491.707267
0.874976,3,114495.753172
0.924579,3,114495.837609
0.946259,3,114495.929163
0.98451,3,114498.011116
0.933145,3,114504.054007
0.965543,3,114505.225716
0.964472,3,114507.701777
0.98327,3,114509.908787
0.0,1,114568.289079
0.864786,3,114568.398027
0.946003,3,114568.48616
0.99297,3,114570.531807
0.95982,4,114573.018061
0.925,3,114575.99217
0.0,5,114636.440136
0.75392,6,114648.882529
0.969262,3,114651.214291
0.960226,3,114656.038677
0.982887,3,114660.523032
0.979059,3,114662.964338
0.979059,3,114665.29095
0.99491,3,114667.26827
0.921812,3,114670.262156
0.979059,3,114672.668289
0.0,1,114730.863234
0.910864,3,114742.68115
0.924191,3,114745.545582
0.96653,3,114747.860954
0.922254,3,114750.899719
0.907862,3,114757.83204
0.940935,3,114760.641753
0.0,10,114882.952456
0.881906,3,114883.052374
0.95723,3,114885.253124
0.0,1,114943.359535
0.953733,3,114945.907777
0.750535,4,114957.280652
0.959419,3,114959.93694
0.929339,3,114960.05991
0.91803,3,114963.696308
0.943736,3,114966.518605
0.993119,3,114967.468163
0.99491,3,114969.445615
0.99832,4,114973.483973
0.756549,3,114980.54526
0.981618,3,114982.623688
0.894069,3,114987.027453
0.872485,3,114990.979956
0.932888,3,114993.694244
0.942402,3,114995.540762
0.932888,3,114997.646876
0.989934,3,114999.762433
0.982887,3,115002.073571
0.962737,3,115006.986341
0.945123,3,115007.092767
0.953733,3,115009.783991
0.858138,3,115012.95895
0.984215,3,115013.038806
0.922001,3,115013.139827
0.955396,3,115021.755186
0.830438,3,115026.156639
0.869055,3,115026.281851
0.989875,3,115028.403848
0.99491,3,115030.405703
0.903512,3,115038.297074
0.934686,3,115041.311513
0.96653,3,115043.659662
0.932445,3,115050.731388
0.796591,4,115050.860016
0.931466,3,115059.393359
0.908952,3,115062.640309
0.95988,3,115065.10837
0.970017,3,115067.433084
0.959419,3,115072.42614
0.990677,3,115074.441386
0.928921,4,115074.587813
0.927753,3,115077.757823
0.867781,3,115081.925888
0.0,14,115278.617333
0.962593,3,115283.592015
0.879426,3,115286.76019
0.99491,3,115288.782828
0.002943,7,115340.166169
0.989697,3,115342.374371
0.97466,3,115344.586571
0.967138,3,115346.912369
0.948963,3,115349.520621
0.982739,3,115351.835373
0.930399,3,115351.926514
0.979059,3,115354.378305
0.830438,3,115359.568124
0.993119,3,115361.578004
0.962593,3,115366.610319
0.893098,3,115370.541188
0.933224,3,115370.624897
0.957031,3,115371.990934
0.929929,3,115378.380826
0.857273,3,115388.418593
0.966067,3,115393.228065
0.942176,3,115393.315708
0.931185,3,115396.165781
0.966067,3,115399.761776
0.795636,3,115399.864093
0.995238,4,115403.924664
0.979499,3,115406.333805
0.90324,3,115437.919232
0.916289,3,115438.023825
0.892857,3,115442.021582
0.989697,3,115444.244062
0.961727,3,115449.870504
0.979059,3,115452.32117
0.979499,3,115456.859879
0.995059,3,115459.758673
0.872485,3,115463.597042
0.894466,3,115463.696293
0.918714,3,115463.820937
0.952246,3,115469.619511
0.829367,3,115475.00416
0.988064,3,115477.283841
0.79473,3,115483.270704
0.859561,3,115486.958196
0.86476,3,115487.205159
0.979499,3,115491.682842
0.952246,3,115497.40682
0.94535,3,115499.709559
0.953733,3,115502.210343
0.933589,3,115502.330405
0.986523,3,115504.445611
0.90324,3,115544.206014
0.959419,3,115549.333004
0.937356,3,115555.66456
0.913405,3,115555.757449
0.956113,3,115558.474943
0.99491,3,115560.463625
0.99297,3,115562.520218
0.957262,3,115565.35393
0.9225,3,115565.573776
0.906037,3,115568.726473
0.921477,3,115572.056957
0.988924,3,115572.140656
0.913049,3,115572.263028
0.8946,3,115572.353699
0.987916,3,115575.797947
0.937356,3,115582.398654
0.979499,3,115587.067711
0.937356,3,115593.58971
0.962737,3,115598.378326
0.874976,3,115602.492556
0.961696,3,115603.767271
0.778608,4,115610.046183
0.973929,3,115613.072355
0.962304,3,115615.90364
0.955396,4,115624.618362
0.973227,3,115626.936136
0.966067,3,115630.64764
0.980676,3,115632.861207
0.97759,3,115637.622817
0.945663,3,115637.709883
0.946003,3,115637.89112
0.963517,3,115640.273152
0.873901,3,115644.87553
0.957031,3,115647.316154
0.973607,3,115647.463153
0.99491,3,115649.42158
0.99491,3,115653.349296
0.9225,3,115653.569918
0.9982,3,115657.473901
0.958556,3,115661.229694
0.92131,3,115664.045972
0.99297,3,115666.124874
0.944669,3,115671.643266
0.910864,3,115684.287876
0.988064,3,115688.929111
0.857273,3,115693.143191
0.894251,3,115696.923673
0.961003,3,115697.042476
0.90324,4,115728.311104
0.920509,3,115728.431008
0.972614,3,115730.858021
0.981265,3,115735.978472
0.866142,3,115740.487072
0.972935,3,115742.787674
0.932888,3,115745.505749
0.916289,3,115745.598464
0.989697,3,115746.611344
0.99491,3,115748.576966
0.982739,3,115750.919196
0.968447,3,115753.225997
0.953962,3,115756.396529
0.866142,3,115760.727077
0.979059,3,115763.19656
0.946318,3,115765.761066
0.830662,3,115765.856697
0.987916,3,115770.233358
0.90324,3,115814.067767
0.933449,3,115814.159055
0.894251,3,115818.025798
0.99491,3,115820.006547
0.922833,3,115820.227954
0.755709,3,115827.187595
0.959275,3,115832.286306
0.970106,3,115835.776262
0.973227,3,115838.075473
0.979059,3,115840.490177
0.979353,3,115842.933204
0.924191,3,115845.663997
0.903509,3,115849.164999
0.921812,3,115852.070336
0.964472,3,115854.545103
0.97997,3,115856.85266
0.912506,3,115872.022517
0.922888,3,115872.244802
0.976124,3,115874.576222
0.893098,3,115878.529679
0.93831,3,115878.647871
0.927753,3,115881.800887
0.0,3,115998.733655
0.988509,3,116001.607486
0.981618,4,116003.714198
0.909798,3,116005.838694
0.972468,3,116008.393537
0.913056,3,116016.819614
0.970106,3,116021.527964
0.95821,3,116023.990291
0.913022,3,116024.081717
0.90324,3,116424.578901
0.983123,3,116426.808344
0.939383,3,116429.594408
0.987916,3,116432.046303
0.981411,3,116432.143394
0.969698,3,116438.061774
0.928031,3,116439.84988
0.99491,4,116441.909937
0.894069,3,116450.188242
0.883899,3,116454.120113
0.932724,3,116465.847364
0.980411,3,116468.015954
0.903512,3,116474.649109
0.987916,3,116479.044865
0.982887,3,116483.311107
0.912506,3,116498.374771
0.927805,3,116500.737432
0.944669,3,116506.221674
0.947257,3,116512.099722
0.0,1,116570.554891
0.909712,4,116573.903279
0.876159,3,116577.683975
0.894466,3,116577.780781
0.894922,3,116578.021878
0.975977,3,116582.523066
0.931435,3,116584.307617
0.979059,3,116586.768212
0.863489,3,116591.346251
0.907339,3,116591.436914
0.981117,3,116591.539683
0.962304,3,116594.302442
0.971533,3,116596.44232
0.946003,3,116596.526374
0.871727,5,116601.579623
0.84308,3,116605.87612
0.987916,3,116610.443665
0.979646,3,116612.374117
0.79311,3,116618.594366
0.924746,3,116618.68341
0.930961,3,116621.559515
0.945123,3,116621.647719
0.977884,3,116627.435072
0.972468,3,116630.082213
0.992076,4,116632.535854
0.903509,3,116636.0016
0.99491,3,116638.00062
0.982739,3,116641.274973
0.991778,3,116643.802598
0.943906,3,116646.490521
0.951243,3,116646.576098
0.940653,3,116649.204007
0.982739,3,116651.573663
0.981265,3,116656.660003
0.97759,3,116659.100508
0.97466,3,116664.670393
0.969873,3,116666.948042
0.957262,3,116669.912034
0.944613,3,116671.513157
0.934686,3,116674.488117
0.0,9,116827.872199
0.872195,3,116832.01899
0.962995,3,116832.110024
0.892857,3,116836.067006
0.976358,3,116838.346922
0.984659,3,116841.451046
0.989697,3,116844.505588
0.866215,3,116844.605283
0.948963,3,116847.3247
0.991332,3,116849.477202
0.973227,3,116851.764319
0.99491,3,116853.746788
0.84308,3,116858.410076
0.996404,3,116860.275154
0.967373,3,116862.906684
0.877444,3,116863.009301
0.957262,3,116865.968926
0.946315,3,116866.150856
0.894388,3,116869.812402
0.987916,3,116873.002258
0.84308,3,116877.42345
0.910864,3,116889.942173
0.960226,3,116894.853966
0.93328,3,116894.954931
0.943736,3,116897.763606
0.993417,3,116900.76057
0.972468,3,116905.678995
0.981265,3,116909.085654
0.993268,3,116913.616548
0.961727,3,116916.616454
0.983123,3,116918.795268
0.97759,3,116923.541738
0.982887,3,116925.913488
0.991481,3,116928.971569
0.944669,3,116931.83348
0.962304,3,116934.60153
0.934686,3,116937.567148
0.0,4,117000.621598
0.883899,3,117004.451599
0.79311,3,117010.735078
0.892913,3,117014.539131
0.979059,3,117018.085005
0.921394,3,117021.343234
0.864034,3,117021.597219
0.988271,3,117023.718052
0.0,7,117100.169461
0.94999,3,117101.620449
0.95053,3,117104.120303
0.972468,3,117106.658173
0.961727,3,117109.605636
0.984451,3,117109.691715
0.995059,3,117113.69625
0.991719,3,117115.886704
0.903131,3,117119.212383
0.988509,3,117122.185568
0.959275,3,117124.899829
0.986819,3,117126.952964
0.942402,3,117127.041808
0.973052,3,117131.379583
0.906037,3,117134.558193
0.988509,3,117137.448069
0.984659,3,117142.70951
0.986523,3,117144.776699
0.97759,3,117149.533566
0.956113,3,117154.572064
0.986819,3,117156.705359
0.915249,3,117159.832009
0.979264,3,117160.905301
0.957262,3,117166.231848
0.99491,3,117168.206786
0.924556,3,117171.17172
0.924886,3,117171.260412
0.973227,3,117173.550557
0.917175,3,117176.960329
0.988924,3,117177.042928
0.939383,3,117180.182628
0.96563,3,117180.26403
0.944613,3,117183.150112
0.946259,3,117183.239412
0.959506,3,117185.906833
0.897455,3,117188.250792
0.99491,3,117190.242497
0.943906,3,117192.89837
0.969873,3,117195.231911
0.97759,3,117199.915656
0.973227,3,117202.189765
0.898772,3,117202.307881
0.993417,4,117206.426043
0.880878,3,117210.365733
0.981265,3,117213.308845
0.9225,3,117213.397753
0.993119,3,117215.459562
0.972906,3,117217.52694
0.0,1,117275.843832
0.981206,3,117278.371231
0.977884,3,117282.117515
0.97466,3,117287.7829
0.828546,3,117287.89505
0.913056,3,117296.312314
0.989934,3,117298.471329
0.894251,3,117302.354426
0.950446,3,117303.726161
0.99297,3,117307.851944
0.974454,3,117310.168537
0.982887,3,117314.624398
0.931185,3,117317.508897
0.944669,3,117320.512703
0.981146,3,117322.756272
0.96563,3,117322.844473
0.972176,3,117326.083805
0.97759,3,117328.587075
0.980499,3,117331.82154
0.99491,3,117333.816496
0.90324,3,117374.826313
0.960284,3,117379.894579
0.942294,3,117386.092931
0.944613,3,117389.021533
0.924886,3,117389.117105
0.0,8,117601.480452
0.99491,3,117603.492131
0.953733,3,117605.992167
0.920509,3,117606.085465
0.943368,3,117608.802558
0.986286,3,117613.248891
0.97759,3,117615.678415
0.0,4,117677.296982
0.829367,3,117681.295918
0.993417,3,117685.496701
0.929339,3,117685.587649
0.942884,3,117685.701823
0.976358,3,117687.994962
0.945663,3,117688.084301
0.910148,3,117688.205632
0.987916,3,117690.670935
0.918663,3,117693.801222
0.987916,3,117698.18744
0.95988,3,117700.622602
0.944613,3,117703.5254
0.981618,3,117705.61142
0.989697,3,117708.800047
0.952675,3,117711.648127
0.924556,3,117714.671895
0.962331,3,117714.852546
0.99297,3,117718.890941
0.972614,3,117723.712863
0.928031,3,117726.681498
0.969262,3,117729.05399
0.969873,3,117731.326573
0.825322,3,117735.80545
0.912643,3,117738.902381
0.96375,3,117746.696707
0.979646,3,117751.87238
0.828446,3,117751.983643
0.872485,3,117755.800408
0.894388,3,117759.503652
0.881669,3,117759.611229
0.964472,3,117762.113971
0.778608,3,117767.187288
0.964472,3,117769.718061
0.83141,3,117770.000865
0.942236,3,117772.878516
0.981206,3,117775.294824
0.988064,3,117777.86605
0.989697,3,117782.189119
0.924885,3,117782.285791
0.936372,3,117788.49202
0.979499,3,117790.835117
0.970106,3,117794.308673
0.870548,3,117798.496841
0.962737,3,117803.371507
0.789736,3,117803.492228
0.861788,3,117813.510621
0.950986,3,117813.603795
0.952818,3,117816.371938
0.949787,3,117816.455627
0.953504,3,117819.026922
0.962737,3,117822.753065
0.939611,3,117829.614367
0.950957,3,117829.703036
0.983477,3,117832.436346
0.913056,3,117841.004592
0.967373,3,117846.120124
0.906254,3,117849.397345
0.942176,3,117849.481655
0.984659,3,117853.233682
0.987916,3,117857.648274
0.880878,3,117861.601697
0.796591,4,117867.76308
0.97997,3,117869.995245
0.979499,3,117874.50524
0.756549,3,117880.426234
0.961727,3,117886.07488
0.981559,3,117886.158281
0.957173,3,117886.24157
0.97276,3,117888.789327
0.881669,3,117888.889425
0.961727,3,117894.496594
0.894251,3,117898.370913
0.952818,3,117901.137349
0.97627,3,117906.545408
0.969873,3,117907.606044
0.907862,3,117911.27934
0.924885,3,117911.368636
0.961727,3,117914.389955
0.897455,3,117918.116287
0.927753,3,117921.105544
0.961727,3,117926.741153
0.993119,3,117928.764315
0.912643,3,117931.96317
0.979059,3,117934.46189
0.981618,3,117936.566503
0.969698,3,117938.986008
0.976593,3,117941.251841
0.950446,3,117943.832952
0.99491,3,117945.828384
0.931185,3,117948.714084
0.967373,3,117953.804333
0.879426,3,117957.828521
0.979646,3,117962.982379
0.894069,3,117966.026139
0.97759,3,117970.943282
0.945039,3,117973.839295
0.924191,3,117976.603687
0.906037,3,117979.901724
0.99491,3,117983.856252
0.895137,3,117983.948546
0.864786,3,117984.041206
0.931466,3,117993.787526
0.968447,3,117994.955045
0.903512,3,118002.935082
0.918635,3,118006.040025
0.968447,3,118008.440811
0.927753,3,118011.325678
0.811085,5,118030.650969
0.93387,3,118030.767677
0.969085,3,118030.909264
0.940653,3,118033.678707
0.0,8,118098.081724
0.970106,3,118100.536279
0.987916,3,118103.025719
0.993119,3,118105.040299
0.894069,3,118109.37764
0.979059,3,118110.499472
0.97759,3,118115.223595
0.907862,3,118118.879752
0.945066,3,118118.967967
0.969262,3,118121.30629
0.958556,3,118126.420017
0.94999,3,118129.032439
0.755709,3,118136.026212
0.904597,3,118142.270515
0.944613,3,118145.22412
0.983919,3,118147.378181
0.795636,3,118147.665193
0.982887,3,118152.16631
0.92353,3,118155.55238
0.830438,3,118160.903672
0.962362,3,118163.550023
0.872485,3,118166.068384
0.023976,11,118214.601579
0.921642,3,118214.69195
0.996793,4,118216.742038
0.958556,3,118221.802836
0.950986,3,118221.886508
0.0,5,118331.634806
0.927753,4,118334.63795
0.83141,3,118334.736212
0.894466,3,118334.853131
0.955365,4,118337.459153
0.970106,3,118340.785486
0.97759,3,118343.259871
0.793062,3,118349.607073
0.867781,3,118353.714174
0.954246,3,118355.841735
0.987916,3,118360.428795
0.943906,3,118363.128686
0.918635,3,118366.206289
0.982739,3,118369.525956
0.993686,3,118369.601023
0.983123,3,118371.699552
0.0,9,118491.256896
0.996404,3,118493.251325
0.924746,3,118493.342304
0.982887,3,118495.679291
0.919155,3,118498.308952
0.932724,4,118511.582501
0.971533,3,118513.82466
0.922473,3,118514.040171
0.949787,3,118514.183995
0.993417,3,118518.405544
0.908271,3,118522.420188
0.982887,3,118527.278357
0.962304,3,118530.263789
0.989697,3,118534.596309
0.863489,3,118539.24525
0.86476,3,118539.340361
0.92131,3,118540.947855
0.963457,3,118541.089651
0.922833,3,118541.180865
0.987916,3,118545.611012
0.989875,3,118547.783295
0.903512,3,118551.813174
0.993119,3,118553.850533
0.949787,3,118553.992969
0.960226,3,118558.878079
0.872485,3,118562.74782
0.94999,3,118565.569368
0.862764,3,118568.844912
0.989697,3,118571.009838
0.989697,3,118573.187872
0.934686,3,118576.160201
0.927805,3,118576.250631
0.950446,3,118578.823775
0.9225,3,118578.921174
0.930706,3,118581.365219
0.922699,3,118588.441737
0.99491,3,118590.442617
0.960226,3,118595.300888
0.893098,3,118597.968431
0.922473,3,118598.057743
0.929283,3,118598.143679
0.973227,3,118600.450613
0.859561,3,118605.267605
0.933145,3,118611.403281
0.859561,3,118616.417231
0.970106,3,118621.00241
0.913049,3,118621.093303
0.97759,3,118625.858834
0.972614,3,118629.291157
0.969262,3,118631.659909
0.956113,3,118636.841422
0.945066,3,118636.939397
0.977884,3,118643.239741
0.844247,3,118653.27696
0.963199,3,118654.439085
0.866142,3,118658.798063
0.966067,3,118661.303395
0.991481,3,118663.512493
0.929929,3,118666.652475
0.97627,3,118672.230223
0.793062,3,118678.368694
0.910864,3,118689.831168
0.952246,3,118692.923797
0.961727,3,118698.598476
0.987916,3,118703.077879
0.755075,4,118710.341563
0.925194,3,118712.245678
0.903512,3,118720.116434
0.780784,3,118726.250897
0.972935,3,118728.565355
0.916098,3,118728.658782
0.858138,3,118731.836778
0.94612,3,118734.787453
0.970659,3,118737.172634
0.99297,3,118741.131555
0.793062,3,118746.058763
0.908952,3,118749.306701
0.924552,3,118749.396159
0.928031,3,118752.32375
0.976124,3,118756.951652
0.915854,3,118760.199627
0.901615,3,118763.98894
0.879426,3,118767.964428
0.922888,3,118768.055378
0.894466,3,118768.148048
0.99491,3,118770.161246
0.951961,3,118774.352185
0.980676,3,118776.531347
0.991481,3,118778.888237
0.987589,3,118778.975645
0.945663,3,118779.062579
0.948306,3,118781.242996
0.894388,3,118784.913945
0.916098,3,118785.009766
0.84308,3,118789.674651
0.94999,3,118792.301473
0.931185,3,118795.187147
0.95379,3,118797.829265
0.956113,3,118801.743617
0.953733,3,118804.460383
0.0,19,118893.244849
0.944613,3,118896.143395
0.99491,3,118898.134273
0.895137,3,118898.377886
0.969262,3,118900.718197
0.99297,3,118902.899339
0.892857,3,118906.749099
0.950446,3,118909.32721
0.961727,3,118913.648138
0.929283,3,118913.765134
0.866142,3,118918.066349
0.981265,3,118921.007115
0.962304,3,118923.94504
0.909225,3,118937.076003
0.948021,3,118937.166018
0.908435,3,118940.819394
0.96653,3,118941.855108
0.956801,3,118944.322365
0.94535,3,118946.63579
0.917366,3,118949.894907
0.970106,3,118954.604866
0.92131,3,118957.457805
0.895137,3,118957.550596
0.962995,3,118957.683997
0.979499,3,118960.101778
0.979059,3,118964.72067
0.993119,3,118966.771777
0.959475,3,118969.131111
0.965369,3,118969.21365
0.944613,3,118970.842157
0.969262,3,118973.194351
0.991778,3,118975.660722
0.952989,3,118978.251316
0.984451,3,118978.398003
0.863489,3,118982.949914
0.97759,3,118987.582778
0.974075,3,118993.832962
0.936536,3,118996.10469
0.90324,3,119027.228412
0.993268,3,119030.495088
0.795588,3,119030.775196
0.880878,3,119034.911718
0.952246,3,119040.587252
0.924556,3,119043.562825
0.970106,3,119045.983271
0.917865,3,119053.045743
0.872195,3,119057.130889
0.975273,3,119057.213009
0.830887,3,119056.205879
0.964819,3,119058.801755
0.968504,3,119061.075259
0.944613,3,119063.868045
0.922473,3,119064.089372
0.97627,3,119067.293931
0.942236,3,119070.334297
0.962737,3,119075.235622
0.967138,3,119077.584798
0.92353,3,119084.054034
0.976593,3,119085.051583
0.99491,3,119087.035938
0.986523,3,119089.261939
0.966181,3,119093.898849
0.99491,3,119095.900386
0.919155,4,119098.507861
0.977884,3,119104.781854
0.889516,5,119126.270515
0.877496,3,119126.390579
0.918635,3,119129.530484
0.884724,3,119134.174182
0.963457,3,119134.258255
0.933758,3,119134.34486
0.90324,3,119174.119415
0.962737,3,119176.572764
0.922833,3,119176.665972
0.024076,3,119177.032939
0.857273,3,119182.435705
0.980087,3,119184.721282
0.979059,3,119187.223824
0.970106,3,119191.927946
0.945209,3,119194.803746
0.796591,4,119200.903799
0.957262,3,119202.391725
0.979059,3,119207.075387
0.984421,3,119207.156477
0.990677,3,119207.237464
0.989697,3,119209.433037
0.962304,3,119212.238125
0.969698,3,119218.209158
0.976358,3,119220.466642
0.0,11,119432.118702
0.93831,3,119432.221308
0.981265,3,119437.367124
0.901615,3,119440.954015
0.869107,3,119441.054559
0.9299,3,119444.122292
0.991481,3,119446.416919
0.872485,3,119450.214626
0.963199,3,119452.601777
0.95053,3,119455.056386
0.961696,3,119457.399549
0.890049,3,119460.437719
0.863489,3,119465.117198
0.00325,20,119502.178114
0.955969,3,119507.573339
0.977884,3,119513.918296
0.987916,3,119517.067836
0.929144,3,119517.161588
0.979499,3,119519.499306
0.955221,3,119519.682161
0.995059,3,119523.75053
0.829392,3,119528.958551
0.975185,3,119529.040318
0.931466,3,119538.648184
0.983477,3,119541.428948
0.960223,3,119541.571613
0.95988,3,119544.020798
0.789736,3,119544.145672
0.943368,4,119545.491165
0.965922,3,119548.237325
0.828546,3,119548.352978
0.913049,3,119548.438862
0.796591,4,119554.74937
0.922254,3,119557.725932
0.869055,3,119557.8249
0.936372,3,119563.847637
0.99491,3,119565.814636
0.892857,3,119569.653583
0.966067,3,119573.223284
0.986286,3,119575.670791
0.921449,3,119578.913653
0.972176,3,119582.083995
0.904597,3,119585.870105
0.995059,3,119587.972573
0.988212,5,119595.156942
0.979059,3,119597.615557
0.981411,3,119597.696961
0.984659,3,119601.419863
0.99491,3,119603.425516
0.894922,3,119603.668625
0.991481,3,119607.940711
0.86476,3,119608.193596
0.892857,3,119612.184679
0.924579,3,119612.315084
0.940653,3,119615.055964
0.989697,3,119617.234357
0.924746,3,119617.325944
0.946943,3,119619.960269
0.907339,3,119620.079979
0.918415,3,119623.15133
0.94535,3,119625.42293
0.99491,3,119627.321697
0.944669,3,119630.244033
0.980499,3,119633.357156
0.793062,3,119639.528638
0.977884,3,119645.810838
0.97759,3,119650.48368
0.996404,3,119652.473895
0.99491,3,119654.435843
0.931185,3,119657.300406
0.924746,3,119657.388019
0.0,2,119716.904803
0.0,1,119773.507323
0.90324,3,119814.538921
0.857273,3,119824.756318
0.829392,3,119829.999181
0.969698,3,119834.687787
0.981206,3,119837.18602
0.0,2,119895.309189
0.991719,3,119897.49487
0.892726,4,119917.780909
0.912721,3,119920.667904
0.942686,3,119920.755081
0.0,11,120018.981988
0.97759,3,120023.774674
0.0,5,120131.088609
0.970106,3,120135.807346
0.832284,3,120135.902672
0.99491,3,120139.867675
0.94535,3,120142.17279
0.969085,3,120142.317803
0.97759,3,120146.85851
0.890049,3,120149.688774
0.181252,4,120150.972503
0.96653,3,120153.345345
0.943906,3,120156.063249
0.788436,5,120168.822444
0.917366,3,120172.100838
0.962304,3,120174.945958
0.988064,3,120176.211935
0.991778,3,120178.659482
0.879426,3,120182.609882
0.920347,3,120186.026549
0.864786,3,120186.12229
0.915249,4,120189.347545
0.85938,3,120194.256152
0.0,1,120252.26088
0.857273,3,120257.567247
0.848314,3,120268.916256
0.934181,3,120271.731084
0.915249,3,120274.802693
0.981265,3,120279.923033
0.909497,5,120286.410969
0.937356,3,120289.929585
0.968504,3,120290.899179
0.995059,3,120295.021806
0.867781,3,120299.184726
0.97627,3,120304.585621
0.99491,3,120680.568237
0.918663,3,120683.777744
0.99491,3,120685.737169
0.0,10,120764.047437
0.894922,3,120764.151104
0.950446,3,120766.730572
0.755075,3,120773.712293
0.90202,3,120775.88315
0.953962,3,120779.074131
0.97627,3,120782.317403
0.970106,3,120786.983442
0.988064,3,120789.327073
0.961696,3,120791.784448
0.934125,3,120794.784459
0.99491,3,120796.766538
0.920347,3,120800.195778
0.974454,3,120802.498673
0.99297,3,120804.654325
0.973052,3,120806.772925
0.976358,3,120809.020847
0.982887,3,120813.939152
0.86546,3,120814.031434
0.95821,3,120816.595572
0.986819,3,120818.742081
0.991481,3,120823.087605
0.0,1,120881.092179
0.986286,3,120883.718489
0.883899,3,120887.685982
0.972468,3,120890.234049
0.972176,3,120891.949631
0.969873,3,120894.294678
0.982887,3,120896.667644
0.989697,3,120898.889534
0.986138,3,120903.356212
0.918415,3,120906.443053
0.794968,3,120912.496758
0.04804,7,121008.918881
0.758913,3,121009.02176
0.942859,3,121014.819647
0.0,1,121072.659246
0.916289,3,121075.270852
0.972468,3,121080.192173
0.95379,3,121082.875502
0.991778,3,121087.42214
0.924886,3,121087.5162
0.982739,3,121089.984345
0.967373,3,121093.674776
0.990677,3,121093.751147
0.887273,4,121102.687258
0.950531,3,121105.344566
0.953845,3,121105.481298
0.885359,3,121109.322806
0.866327,3,121119.295478
0.97627,3,121121.166297
0.92203,3,121121.254143
0.912721,3,121124.106257
0.962304,3,121126.944866
0.982739,3,121129.311027
0.989548,3,121133.632039
0.934629,3,121136.60945
0.979059,3,121139.117236
0.964472,3,121141.650485
0.99491,3,121143.659524
0.970106,3,121148.417641
0.881669,3,121148.514174
0.858138,3,121150.290648
0.94612,3,121153.257938
0.916098,3,121153.34687
0.983123,3,121155.546472
0.99297,3,121159.699452
0.948338,3,121162.811568
0.984363,3,121167.307668
0.945606,3,121167.393014
0.894922,3,121167.639225
0.968447,3,121170.036002
0.929147,3,121173.339759
0.963199,3,121175.748938
0.99297,3,121176.414323
0.95988,3,121178.853491
0.967138,3,121181.193399
0.953504,3,121183.632937
0.99491,3,121185.616688
0.924746,3,121185.701303
0.872485,3,121189.565258
0.942294,3,121195.653899
0.830264,3,121200.926425
0.877496,3,121201.044507
0.12306,5,121204.423535
0.942686,3,121204.517131
0.965922,3,121205.714018
0.961727,3,121211.380661
0.844247,3,121221.576229
0.979059,3,121224.048624
0.948963,3,121226.806823
0.940653,3,121229.603621
0.950531,3,121232.301326
0.944613,3,121233.829183
0.958556,3,121238.755885
0.945663,3,121238.843395
0.937356,3,121242.325079
0.870548,3,121246.540308
0.952989,3,121249.145138
0.927559,3,121253.256097
0.943906,3,121255.940769
0.99491,3,121257.931269
0.975977,3,121260.238364
0.962362,3,121262.89702
0.933145,3,121264.646807
0.97759,3,121269.340822
0.922254,3,121272.368754
0.916289,3,121274.944739
0.9982,3,121278.922199
0.982916,3,121281.126608
0.913049,3,121281.219383
0.825322,3,121286.756932
0.972468,3,121289.369428
0.951786,3,121289.471108
0.934686,3,121291.096999
0.831385,3,121291.198717
0.97759,3,121295.907216
0.924191,3,121298.765467
0.989697,3,121300.959612
0.847546,3,121305.518047
0.916289,3,121305.617295
0.90324,3,121349.215372
0.986138,3,121353.639807
0.982916,3,121355.916258
0.957031,3,121358.389893
0.970221,3,121358.509367
0.977884,3,121364.815171
0.984984,3,121367.140644
0.883899,3,121371.064403
0.968447,3,121373.505157
0.957031,3,121375.980588
0.99491,3,121376.610428
0.94572,3,121379.39477
0.961727,3,121385.022573
0.988064,3,121387.669858
0.972468,3,121392.671602
0.9299,3,121395.769385
0.920512,3,121399.056695
0.930961,3,121402.005779
0.92203,3,121402.098391
0.979059,3,121404.630115
0.92203,3,121404.848759
0.0,1,121462.61442
0.92131,3,121464.042816
0.991987,3,121464.116181
0.948538,3,121470.333114
0.962593,3,121475.405912
0.957262,3,121478.258895
0.930961,3,121481.181202
0.90202,3,121484.775327
0.881669,3,121484.894513
0.864786,3,121484.992968
0.979059,3,121489.805233
0.79311,3,121494.551844
0.962304,3,121497.289508
0.12363,6,121515.455928
0.979059,3,121517.969343
0.953962,3,121519.700247
0.99491,3,121521.695781
0.980676,3,121523.909642
0.94999,3,121526.454645
0.938338,3,121526.545844
0.912506,3,121543.210788
0.986138,3,121545.375726
0.918635,3,121548.483617
0.984659,3,121552.228961
0.976593,3,121554.398638
0.984333,4,121556.620724
0.821418,3,121561.886571
0.0,5,121694.153867
0.854488,3,121694.259917
0.881669,3,121694.379524
0.972468,3,121696.928816
0.924191,3,121700.039313
0.99297,3,121704.17118
0.996404,3,121708.218445
0.981618,3,121710.290268
0.877496,3,121710.409759
0.96653,3,121712.738389
0.0,5,121820.923801
0.96653,4,121823.358213
0.962593,3,121826.058542
0.828446,3,121826.1714
0.864786,3,121826.270092
0.828546,3,121826.380405
0.965922,3,121828.987565
0.968447,3,121831.442827
0.989697,3,121833.67268
0.944669,3,121835.235192
0.979353,3,121839.834264
0.921812,3,121842.884666
0.916289,3,121845.373053
0.347382,19,121951.549262
0.973227,3,121953.880033
0.755709,3,121960.824089
0.943906,3,121963.524568
0.968504,3,121965.820499
0.910421,3,121965.91053
0.937356,3,121969.274031
0.979059,3,121971.779752
0.885359,3,121975.668189
0.880878,3,121978.116401
0.891119,5,121999.336356
0.0,2,122057.243933
0.94999,3,122059.903656
0.973227,3,122062.243867
0.930706,3,122062.33714
0.912095,3,122064.034622
0.962304,3,122066.811862
0.921591,3,122069.919409
0.885967,4,122073.996282
0.977884,3,122080.310921
0.99297,3,122082.405287
0.983123,3,122084.624174
0.946259,3,122084.716494
0.981265,3,122090.156281
0.971533,3,122090.865227
0.943368,3,122093.612786
0.987916,3,122096.108615
0.831385,3,122096.394832
0.948249,3,122096.532506
0.927753,3,122099.481429
0.86476,3,122099.578612
0.922473,3,122099.669057
0.894466,3,122099.764626
0.975977,3,122102.086961
0.907862,3,122109.079159
0.97997,3,122111.395168
0.979059,3,122113.937288
0.989934,3,122116.080319
0.970572,3,122119.543885
0.873901,3,122126.731228
0.927753,3,122129.702449
0.83141,3,122129.992008
0.989697,3,122134.243773
0.864786,3,122134.3395
0.929929,3,122140.676422
0.981265,3,122145.833972
0.961727,3,122148.793781
0.873901,3,122151.897276
0.892726,5,122164.283803
0.977444,3,122169.78851
0.967138,3,122172.139466
0.987916,3,122176.572453
0.967373,3,122180.213032
0.0,13,122248.378079
0.0,1,122306.081116
0.940653,3,122308.839511
0.96653,3,122311.195556
0.974075,3,122316.873772
0.789736,3,122316.993515
0.755709,3,122322.577304
0.9299,3,122325.638561
0.94999,3,122328.202419
0.974075,3,122331.749216
0.989697,3,122336.093767
0.918663,3,122339.250893
0.890049,3,122343.392969
0.952246,3,122346.544374
0.980087,3,122348.925421
0.958699,3,122349.91432
0.867781,3,122354.403981
0.757025,3,122361.40408
0.934181,3,122364.285915
0.893098,3,122368.142832
0.973052,3,122373.969051
0.982887,3,122377.009434
0.929147,3,122380.155858
0.757025,4,122387.173904
0.97466,3,122392.784291
0.989548,3,122397.160812
0.996404,3,122399.229323
0.986138,3,122401.413312
0.9225,3,122401.505057
0.939183,3,122401.608852
0.965804,3,122401.696953
0.0,5,122463.920555
0.99491,3,122465.906493
0.951961,3,122471.344335
0.974075,3,122475.306191
0.960684,3,122475.588398
0.859561,3,122480.358492
0.977884,3,122486.633197
0.979735,3,122488.906927
0.981206,3,122491.407505
0.976593,3,122492.222448
0.831385,3,122492.323313
0.0,3,122553.8189
0.989697,3,122556.028967
0.875475,4,122560.191261
0.930961,3,122563.09804
0.947311,3,122563.191779
0.90324,3,122606.621557
0.991332,3,122608.789366
0.945663,3,122608.878109
0.86476,3,122608.972252
0.993119,3,122611.007916
0.95988,3,122613.380457
0.934125,3,122616.358413
0.989548,3,122618.621141
0.891119,4,122638.54515
0.95379,3,122641.214947
0.755709,3,122648.240383
0.962304,3,122651.018073
0.936512,5,122654.465806
0.979059,3,122656.944404
0.953733,3,122659.493124
0.873901,3,122666.86851
0.99491,3,122668.846832
0.979499,3,122671.209467
0.895137,3,122671.301872
0.79311,3,122677.40712
0.885359,3,122681.511522
0.911219,3,122685.065577
0.979353,3,122689.910277
0.907862,3,122695.90678
0.0,1,122753.629857
0.99297,3,122757.792742
0.99491,3,122759.805571
0.0,2,122817.383645
0.926724,3,122824.063432
0.989548,3,122826.277731
0.789736,3,122826.402022
0.885967,4,122830.45129
0.79473,3,122835.052449
0.962593,3,122840.136732
0.986286,3,122842.703809
0.943906,3,122845.387141
0.936173,3,122848.234292
0.965543,3,122850.691191
0.979499,3,122855.127138
0.954246,3,122857.377106
0.906037,3,122860.687729
0.916289,3,122861.822773
0.991719,3,122864.02022
0.0,7,123006.070013
0.87102,3,123010.644991
0.891305,3,123014.79624
0.944613,3,123017.735402
0.993268,3,123022.205628
0.946943,3,123024.915236
0.869107,3,123025.021008
0.0,2,123082.849357
0.981265,3,123086.393618
0.984659,3,123090.224272
0.79311,3,123096.261308
0.937356,3,123099.674439
0.991778,3,123104.179073
0.993417,3,123108.412703
0.940653,3,123111.163582
0.945066,3,123111.262515
0.79311,3,123117.427023
0.986286,3,123118.509116
0.939014,3,123118.595619
0.929283,3,123118.68264
0.920347,3,123122.167546
0.755075,3,123129.429711
0.756549,3,123136.458123
0.910421,3,123136.604117
0.95723,3,123138.837878
0.969873,3,123141.031105
0.969873,3,123143.342272
0.903512,3,123149.608312
0.988509,3,123152.489189
0.0,6,123239.034542
0.952246,3,123242.126387
0.916289,3,123242.216613
0.99491,3,123244.218787
0.984363,3,123248.783134
0.968447,3,123251.188704
0.0,2,123308.72692
0.913056,3,123317.288107
0.986523,3,123318.048839
0.95821,3,123320.654783
0.993417,3,123324.887716
0.92131,3,123327.744486
0.979499,3,123332.308296
0.950531,3,123335.002126
0.79311,3,123341.166725
0.957031,3,123343.66657
0.993119,3,123345.765712
0.988983,3,123345.856712
0.848314,3,123351.039554
0.937356,3,123357.314325
0.948306,3,123359.607292
0.903512,3,123367.440698
0.97759,3,123372.167137
0.0,3,123436.410684
0.929144,3,123436.510957
0.757866,3,123436.832587
0.932888,3,123439.817127
0.915932,3,123439.908895
0.929147,3,123443.05605
0.913056,3,123447.675329
0.960284,3,123452.953944
0.979499,3,123455.216895
0.982887,3,123460.302758
0.984984,3,123461.11217
0.793062,3,123467.280236
0.894466,3,123467.382237
0.984363,3,123471.929293
0.0,1,123529.656192
0.979059,3,123532.188396
0.991481,3,123534.575131
0.961727,3,123540.223276
0.946943,3,123542.903047
0.952246,3,123545.995945
0.989697,3,123546.725248
0.956801,3,123549.234737
0.99491,3,123551.223938
0.942686,3,123551.311774
0.965369,3,123551.398517
0.869055,3,123551.498599
0.0,3,123617.781271
0.755075,4,123624.959807
0.951786,3,123625.099542
0.948963,3,123627.849516
0.0,9,123692.966799
0.79311,3,123699.186013
0.943736,3,123702.031373
0.989934,3,123704.183881
0.97759,3,123708.974779
0.996404,3,123712.974563
0.987916,3,123716.036711
0.969262,3,123718.429179
0.972468,3,123721.025165
0.912506,3,123737.693133
0.12337,4,123763.830971
0.932888,3,123766.57244
0.795588,4,123772.892303
0.934573,3,123774.179955
0.891387,5,123799.089415
0.99491,3,123801.077021
0.951961,3,123805.548308
0.959275,3,123810.728682
0.950957,3,123810.821176
0.979059,3,123815.591288
0.90324,3,123857.196365
0.99491,3,123859.194755
0.821418,3,123862.932427
0.951961,3,123868.29106
0.920454,3,123868.383449
0.962737,3,123873.322644
0.864786,3,123873.576117
0.958699,3,123876.144522
0.92131,3,123879.005664
0.957262,3,123881.899668
0.948963,3,123884.741922
0.982887,3,123887.988172
0.927805,3,123890.450083
0.90202,3,123894.062834
0.913022,3,123894.160563
0.99491,3,123896.134824
0.960916,3,123898.619169
0.858138,3,123901.860342
0.922473,3,123902.084399
0.975977,3,123906.722098
0.99297,3,123908.834562
0.979499,3,123911.244014
0.9225,3,123911.331244
0.976593,3,123913.585179
0.979059,3,123916.744473
0.916098,3,123916.84042
0.984659,3,123922.053661
0.987916,3,123924.317385
0.961696,3,123926.806503
0.980499,3,123931.266137
0.934686,3,123934.280126
0.0,1,123991.861459
0.924552,3,123991.962093
0.97759,3,123996.611235
0.858138,3,123999.832563
0.939383,3,124001.243989
0.981265,3,124004.8718
0.970106,3,124009.729587
0.937356,3,124013.079915
0.916289,3,124015.712367
0.979059,3,124018.201874
0.990677,3,124020.209874
0.93831,3,124020.300456
0.99491,3,124022.297138
0.944669,3,124027.949304
0.969873,3,124030.238108
0.986138,3,124030.907988
0.952246,3,124036.662059
0.984363,3,124041.203572
0.924885,3,124041.313476
0.0,4,124126.465898
0.929339,3,124126.566474
0.942176,3,124126.653237
0.957691,3,124126.742131
0.991481,3,124129.054319
0.96563,3,124129.146405
0.863489,3,124133.82154
0.975977,3,124136.256104
0.973052,3,124142.256274
0.958556,3,124145.604839
0.979353,3,124150.209521
0.986138,3,124154.681303
0.982739,3,124159.416509
0.934629,3,124162.431462
0.830887,3,124162.533075
0.966067,3,124167.485411
0.861788,3,124175.951632
0.979646,3,124179.02291
0.94535,4,124181.351483
0.968504,3,124183.592188
0.925194,3,124186.805096
0.952989,3,124189.405286
0.903131,3,124192.75847
0.924556,3,124195.837671
0.976358,3,124198.123476
0.0,3,124271.651857
0.9225,3,124271.752024
0.918635,3,124274.922739
0.921477,3,124278.226387
0.0,1,124335.432543
0.957262,3,124338.404475
0.844247,3,124347.191703
0.969873,3,124349.511969
0.877444,3,124349.611914
0.969698,3,124355.537277
0.973052,3,124359.017752
0.988064,3,124363.857576
0.996404,3,124365.835164
0.947257,3,124371.864435
0.90324,3,124399.963969
0.99491,3,124400.411484
0.990677,3,124402.426773
0.903512,3,124410.277002
0.970106,3,124415.03836
0.902914,3,124418.4364
0.931325,5,124436.672
0.0,5,124511.61727
0.981265,3,124513.355356
0.952989,3,124515.970574
0.931325,6,124536.661281
0.922001,3,124536.760046
0.907862,3,124540.346045
0.939465,3,124541.197013
0.883899,3,124545.179415
0.903512,3,124553.01517
0.913055,3,124557.021931
0.892857,3,124561.029542
0.957173,3,124561.11701
0.892726,6,124581.629642
0.988924,4,124584.661041
0.961696,3,124587.123244
0.907862,3,124590.799668
0.996823,3,124590.885827
0.952246,3,124596.710379
0.0,1,124653.883097
0.929283,3,124653.987625
0.864786,3,124654.085218
0.821418,3,124657.777945
0.979059,3,124660.26736
0.0,1,124717.748857
0.99297,3,124719.892312
0.0,2,124777.576862
0.953962,3,124780.733217
0.944471,3,124780.821488
0.979059,3,124785.628966
0.944669,3,124791.23999
0.894069,3,124798.034292
0.971533,3,124800.252293
0.960226,3,124805.189321
0.903512,3,124809.353164
0.929339,3,124809.442626
0.945123,3,124809.528984
0.757866,3,124809.645127
0.912095,3,124812.871605
0.933957,3,124815.785351
0.024135,6,124829.806116
0.831385,3,124829.906569
0.968418,3,124832.228013
0.881853,3,124832.320881
0.94572,3,124835.10842
0.988064,3,124837.690465
0.912643,3,124840.91982
0.984659,3,124846.194525
0.961727,3,124849.064322
0.913022,3,124849.157955
0.99491,3,124851.239767
0.953504,3,124853.820159
0.831385,3,124853.920747
0.99491,3,124854.323375
0.861788,3,124859.848127
0.97759,3,124862.306547
0.955396,3,124870.966898
0.99491,3,124872.989959
0.984659,3,124878.069758
0.981265,3,124881.299309
0.0,7,124977.625281
0.958556,3,124982.82268
0.95988,3,124985.189751
0.981265,3,124988.716428
0.949787,3,124988.80082
0.948538,3,124995.008537
0.930399,3,124995.099347
0.966064,3,124995.18279
0.972643,3,124996.05743
0.936372,3,124999.197956
0.972935,3,125001.549892
0.979059,3,125004.085742
0.986138,3,125006.252453
0.894224,3,125010.235991
0.979059,3,125012.77975
0.915249,3,125015.959107
0.94535,3,125018.168329
0.964472,3,125020.592367
0.979059,3,125023.052611
0.873901,3,125030.131441
0.892857,3,125034.127449
0.972468,3,125036.747343
0.796615,3,125036.849756
0.934629,3,125039.837157
0.97627,3,125045.158908
0.881906,3,125045.251544
0.962737,3,125050.226205
0.79311,3,125054.986464
0.863489,3,125059.534971
0.95723,3,125061.75906
0.972468,3,125064.206717
0.966067,3,125066.592698
0.757866,3,125066.698374
0.0,1,125123.958282
0.918635,3,125127.187992
0.979059,3,125129.677065
0.982887,3,125132.036908
0.959419,3,125137.042337
0.972468,3,125138.115132
0.0,2,125195.777663
0.996404,3,125197.789968
0.97997,3,125202.342139
0.950446,3,125204.961281
0.993417,6,125211.42046
0.93166,3,125214.396921
0.962593,3,125219.464913
0.927805,3,125221.852524
0.965543,3,125224.233472
0.962304,3,125228.055029
0.95988,3,125230.521919
0.97466,3,125236.031317
0.942686,3,125236.119515
0.979059,3,125240.884329
0.979059,3,125243.366379
0.79311,3,125249.553826
0.989697,3,125252.299431
0.982739,3,125254.703337
0.990677,3,125254.783559
0.945066,3,125254.869955
0.958699,3,125257.427932
0.793062,3,125263.604135
0.99491,3,125265.598122
0.94535,3,125267.929399
0.907862,3,125658.758203
0.976124,3,125661.186189
0.94999,3,125663.847295
0.996404,3,125665.858757
0.895754,3,125665.964305
0.956113,3,125671.245843
0.982887,3,125675.707413
0.973227,3,125677.938437
0.972176,4,125679.373239
0.984659,3,125684.502597
0.937356,3,125690.876625
0.96653,3,125693.220134
0.0,1,125750.346779
0.946315,3,125750.445189
0.967373,3,125753.10808
0.918744,3,125756.612179
0.0,10,126064.881185
0.96563,3,126064.996535
0.968447,3,126067.258206
0.979059,3,126069.529179
0.957262,3,126075.057847
0.981206,3,126077.671747
0.910864,3,126090.300691
0.936536,3,126092.673121
0.757025,3,126099.448836
0.959275,3,126104.498751
0.0,10,126174.568656
0.974075,3,126177.794789
0.9299,3,126180.747961
0.94572,3,126183.418329
0.969873,3,126185.658142
0.979353,3,126190.016621
0.0,1,126250.392839
0.0,3,126327.892008
0.955365,3,126330.663791
0.968504,3,126332.852186
0.890049,3,126337.108648
0.933224,3,126337.235465
0.959419,3,126342.239146
0.95821,3,126344.759079
0.993686,3,126344.830724
0.99491,3,126346.769375
0.911298,3,126346.861814
0.939383,3,126349.760138
0.86476,3,126349.854657
0.987916,3,126354.314768
0.982916,3,126356.48317
0.894922,3,126356.571277
0.979059,3,126358.946293
0.94999,3,126361.528702
0.94572,3,126364.103065
0.97466,3,126369.488611
0.961727,3,126374.929877
0.966064,3,126375.010064
0.986286,3,126377.394734
0.946259,3,126377.486149
0.0,1,126438.237186
0.988983,3,126438.361614
0.912095,3,126441.593508
0.979499,3,126443.938712
0.922254,3,126447.028882
0.931185,3,126449.978014
0.916098,3,126450.076313
0.97759,3,126452.653163
0.95379,3,126455.286988
0.965369,3,126455.369579
0.986286,3,126457.886571
0.86546,3,126458.125858
0.789736,3,126458.241853
0.755709,3,126465.256552
0.966064,3,126465.335735
0.95053,3,126467.656871
0.979059,3,126472.453316
0.991332,3,126474.60949
0.991778,3,126479.037149
0.907339,3,126479.135348
0.0,5,126594.606601
0.946943,3,126597.272278
0.960224,3,126599.817655
0.0,1,126660.135245
0.989697,3,126662.785537
0.960226,3,126667.802017
0.995059,3,126670.058197
0.972935,3,126672.416693
0.943906,3,126675.182935
0.755709,3,126682.428154
0.988064,3,126685.098921
0.988924,3,126685.183102
0.924556,3,126688.23905
0.979646,3,126693.827542
0.913056,3,126698.483367
0.90324,3,126731.01337
0.9225,3,126731.105137
0.991778,3,126735.649114
0.920454,3,126735.741379
0.956113,3,126738.350693
0.902914,3,126741.580466
0.86476,3,126741.820792
0.0,4,126849.919173
0.885359,3,126853.545875
0.943906,3,126856.207601
0.97759,3,126860.937439
0.976124,3,126865.756216
0.979499,3,126868.050386
0.907339,3,126868.140555
0.0,1,126928.624875
0.97466,3,126931.983687
0.894224,3,126935.946078
0.829392,3,126941.071009
0.979499,3,126945.563492
0.0,1,127005.862794
0.903512,3,127014.393151
0.982916,3,127016.780512
0.915249,3,127020.04514
0.755075,3,127028.067787
0.988064,3,127032.751183
0.832209,3,127033.049929
0.942402,3,127035.545351
0.942884,3,127035.677541
0.943906,3,127038.661893
0.990677,3,127040.653999
0.927753,3,127043.426088
0.968447,3,127045.79144
0.959475,3,127048.241316
0.885967,4,127052.630992
0.957173,3,127052.723145
0.947257,3,127058.759301
0.936372,3,127061.830981
0.981265,3,127066.897666
0.937496,3,127070.283928
0.962593,3,127073.238913
0.123411,4,127105.496232
0.922473,3,127105.606179
0.973929,3,127109.238858
0.984303,3,127109.318923
0.973052,3,127112.723418
0.991332,3,127114.808502
0.986286,3,127117.589155
0.881906,3,127117.694114
0.927805,3,127120.18016
0.0,8,127284.337815
0.953504,3,127287.015063
0.942233,3,127287.11041
0.991481,3,127291.443751
0.956801,3,127293.862611
0.884664,3,127297.201973
0.0,5,127367.692846
0.895137,3,127367.794244
0.96653,3,127370.191746
0.959419,3,127375.177308
0.865357,3,127375.273669
0.930706,3,127377.658869
0.894466,3,127377.75531
0.94612,3,127383.216949
0.828446,3,127383.332896
0.962737,3,127388.151188
0.0,1,127448.766048
0.981411,3,127448.873355
0.976124,3,127451.225892
0.912506,3,127467.966315
0.84389,5,127472.463116
0.975977,3,127477.155965
0.927805,3,127479.723663
0.0,1,127540.349219
0.981411,3,127540.441744
0.96563,3,127540.526791
0.988064,3,127542.775537
0.972468,3,127545.233505
0.962593,3,127550.292112
0.90202,3,127553.860057
0.975977,3,127556.173549
0.981206,3,127558.633912
0.95988,3,127561.103043
0.984274,3,127561.187576
0.925138,3,127564.284509
0.951961,3,127569.765542
0.960226,3,127574.812564
0.979059,3,127577.40401
0.981265,3,127583.042301
0.952246,3,127586.22979
0.975977,3,127588.658422
0.932888,3,127591.332483
0.0,1,127652.049756
0.924552,3,127652.166106
0.904597,3,127659.752602
0.986138,3,127664.256884
0.95379,3,127666.857684
0.972468,3,127669.389868
0.99297,3,127671.514532
0.942176,3,127671.647665
0.83141,3,127671.745402
0.885861,3,127671.846792
0.99297,3,127673.895826
0.947311,3,127674.166803
0.971533,3,127676.37603
0.953733,3,127679.155198
0.984215,3,127679.249459
0.934181,3,127682.153208
0.989697,3,127684.656752
0.97627,3,127687.900163
0.921812,3,127691.080663
0.950957,3,127691.186275
0.0,1,127751.719237
0.946315,3,127751.822785
0.865357,3,127752.106556
0.934573,3,127755.068751
0.984659,3,127760.258906
0.970106,3,127762.715366
0.962304,3,127765.452524
0.0,2,127827.106236
0.0,4,127889.738286
0.988064,3,127894.562184
0.903509,3,127898.148204
0.97759,3,127903.066201
0.97627,3,127908.53732
0.937412,3,127911.33005
0.9299,3,127914.328726
0.894388,3,127917.922406
0.977884,3,127923.756115
0.922032,3,127927.156437
0.972291,3,127927.242821
0.0,1,127987.996178
0.950986,3,127988.139334
0.97627,3,127991.268853
0.918714,3,127991.356266
0.979059,3,127993.788278
0.99297,3,127995.654099
0.943368,3,127998.272753
0.945123,3,127998.358664
0.907862,3,128002.016841
0.992076,3,128002.109519
0.793062,3,128008.798389
0.915854,3,128012.103422
0.884849,3,128012.201438
0.84389,4,128016.902403
0.97759,3,128021.550195
0.927753,3,128024.458558
0.915249,3,128027.509551
0.913049,3,128027.626834
0.894069,3,128036.103781
0.960226,3,128040.741216
0.90202,3,128044.539337
0.907862,3,128048.189511
0.940653,3,128050.851652
0.95053,3,128053.243516
0.99491,3,128055.128239
0.948963,3,128057.77281
0.945039,3,128060.567491
0.971533,3,128062.812792
0.991332,3,128065.024892
0.960226,3,128069.599341
0.878553,5,128074.550577
0.99297,3,128076.574984
0.964472,3,128078.856982
0.757866,3,128079.157278
0.892913,3,128082.751498
0.922473,3,128082.964252
0.958987,3,128083.047971
0.924886,3,128083.161799
0.932888,3,128085.74711
0.969698,3,128091.477602
0.873901,3,128095.896035
0.0,9,128252.09299
0.920347,3,128255.387857
0.969262,3,128257.63113
0.904597,3,128261.266802
0.981265,3,128266.143206
0.916098,3,128266.234056
0.991332,3,128268.327119
0.929147,3,128271.290637
0.864786,3,128271.388844
0.890049,3,128275.358389
0.929147,3,128278.348529
0.972468,3,128280.786014
0.966181,3,128285.279696
0.978205,3,128285.361818
0.960284,3,128290.20654
0.90324,3,128318.019625
0.75322,6,128331.74165
0.795588,5,128337.760455
0.996404,3,128339.714744
0.881906,3,128339.813753
0.906037,3,128342.994689
0.967373,3,128347.790153
0.960684,3,128347.879117
0.946943,3,128350.410011
0.913022,3,128350.496801
0.894224,3,128354.151727
0.96563,3,128354.230074
0.922254,3,128357.060424
0.986819,3,128359.125633
0.972468,3,128361.600995
0.957058,3,128361.733233
0.931325,4,128377.362773
0.958641,3,128379.82334
0.991778,3,128384.145158
0.933004,4,128414.277948
0.948963,3,128416.886327
0.885967,4,128420.775068
0.0,4,128534.542904
0.950018,3,128537.062719
0.961727,3,128542.49403
0.99297,3,128546.507814
0.990618,3,128546.616208
0.992076,3,128546.693246
0.958641,3,128549.145219
0.0,3,128617.624962
0.830264,3,128622.662269
0.981411,3,128622.739092
0.932724,3,128634.201036
0.980852,3,128634.283381
0.861759,3,128638.414423
0.0,5,128699.348501
0.99491,3,128703.208709
0.831385,3,128703.479493
0.893098,3,128707.265639
0.79311,3,128713.073595
0.940935,3,128715.796624
0.979353,3,128720.249626
0.0,10,128834.891434
0.881906,3,128834.988636
0.902914,3,128838.146797
0.943736,3,128840.778525
0.908271,3,128844.557603
0.965922,3,128847.064528
0.983477,3,128849.711197
0.0,2,128935.824058
0.977884,3,128941.373351
0.885914,3,128941.468799
0.0,3,129002.793955
0.950446,3,129005.254838
0.8946,3,129005.490526
0.989697,3,129007.952354
0.962737,3,129012.545159
0.83141,3,129012.645123
0.976124,3,129017.057965
0.972468,3,129019.53001
0.830264,3,129024.548908
0.988064,3,129027.010386
0.979059,3,129029.454276
0.924579,3,129029.541401
0.922032,3,129032.503062
0.944499,3,129032.738332
0.858138,3,129035.785205
0.950446,3,129038.270888
0.993268,3,129042.781908
0.988924,3,129042.857738
0.965369,3,129042.940761
0.993417,3,129047.007968
0.795588,3,129047.105888
0.828546,3,129047.209174
0.94535,3,129049.425797
0.970106,3,129053.799786
0.979059,3,129056.180545
0.830887,4,129056.299794
0.944669,3,129061.664441
0.988509,3,129064.44853
0.996404,3,129068.241106
0.903046,3,129068.333376
0.995059,3,129072.246583
0.917175,3,129075.608219
0.931466,3,129085.049875
0.931466,3,129094.659336
0.832234,4,129099.674947
0.0,3,129162.112183
0.981206,3,129164.442847
0.982887,3,129169.189753
0.972468,3,129171.643078
0.927805,3,129173.996533
0.948538,3,129184.567328
0.972176,3,129187.616148
0.869107,3,129187.712411
0.048898,8,129241.258892
0.895137,3,129241.348367
0.986523,3,129243.464702
0.959275,4,129248.434011
0.831385,3,129248.5278
0.90324,3,129292.584996
0.881669,3,129292.682223
0.99491,3,129294.589803
0.97627,3,129299.781549
0.974454,3,129302.016129
0.910864,3,129314.175679
0.922473,3,129314.272393
0.963199,3,129316.559616
0.873901,3,129320.864767
0.972614,3,129323.278366
0.967373,3,129325.801956
0.97627,3,129328.848938
0.993686,3,129328.92308
0.952246,3,129334.473812
0.97466,3,129340.026023
0.881669,4,129343.973364
0.930706,3,129344.057774
0.956113,3,129348.945202
0.984244,3,129349.05915
0.956113,3,129354.033215
0.979059,3,129356.400424
0.986138,3,129358.491826
0.0,6,129469.065346
0.986286,3,129471.460201
0.99491,3,129473.37398
0.948963,3,129476.010299
0.934686,3,129478.859967
0.972468,3,129481.363488
0.99491,3,129483.263435
0.99297,3,129487.268084
0.819129,3,129492.316657
0.958699,3,129494.645726
0.982887,3,129499.404013
0.903512,3,129503.345151
0.958641,3,129505.787697
0.923614,3,129509.160489
0.907862,3,129515.910801
0.982887,3,129518.244431
0.828546,3,129518.345811
0.0,1,129579.054331
0.95988,3,129581.390977
0.97759,3,129583.832438
0.955969,3,129586.294575
0.75031,6,129605.599399
0.967373,3,129608.141779
0.928031,3,129610.950089
0.979059,3,129613.382326
0.960224,3,129615.741427
0.979059,3,129618.136225
0.907394,3,129618.247707
0.981265,3,129621.555106
0.966067,3,129623.82587
0.992076,3,129623.900026
0.939183,3,129623.998479
0.897455,3,129627.50739
0.934125,3,129630.360517
0.936512,3,129633.220214
0.903512,3,129637.16962
0.989934,3,129639.215121
0.99491,3,129641.13621
0.0,1,129701.851411
0.989697,3,129704.364906
0.857273,3,129714.113877
0.891387,11,129797.161422
0.0,19,130001.746759
0.755075,3,130008.438063
0.99297,3,130010.532748
0.908271,3,130014.395352
0.962015,3,130021.741177
0.976358,3,130023.934653
0.929144,3,130024.019971
0.94535,3,130024.103149
0.979059,3,130026.474803
0.986286,3,130029.002256
0.0,9,130237.939638
0.916098,3,130238.035599
0.953733,3,130240.336076
0.952246,3,130245.687358
0.950446,3,130248.139611
0.907726,3,130254.838011
0.0,1,130315.15216
0.950018,3,130317.675931
0.996404,3,130321.65712
0.950446,3,130323.997028
0.828969,4,130329.078395
0.864786,3,130329.169127
0.931185,4,130331.869336
0.982887,3,130334.107021
0.913049,3,130334.223407
0.93328,3,130334.306205
0.98327,3,130336.467472
0.97466,3,130339.658077
0.927805,3,130342.024268
0.0,5,130404.772836
0.960224,3,130407.123398
0.945209,3,130409.758545
0.97759,3,130412.126632
0.912643,3,130415.066278
0.927805,3,130417.442693
0.0,1,130477.806096
0.97759,3,130482.232972
0.961696,3,130484.575706
0.830264,3,130489.653875
0.904597,3,130493.272881
0.984303,3,130493.384391
0.967373,3,130495.80165
0.957262,3,130501.06956
0.934125,3,130503.934185
0.907394,3,130504.022067
0.922888,3,130504.107828
0.99491,3,130506.002066
0.894388,3,130509.745354
0.880878,3,130513.532331
0.991332,3,130515.631235
0.975977,3,130517.799982
0.894466,3,130517.889672
0.965922,3,130520.445377
0.907726,3,130523.78556
0.970106,3,130526.128744
0.99297,3,130530.069482
0.0,3,130598.46913
0.933957,3,130601.200782
0.952989,3,130603.55303
0.969698,3,130609.157364
0.986523,3,130611.264669
0.984451,3,130611.344265
0.962015,3,130618.511673
0.975273,3,130618.596415
0.979353,3,130622.879134
0.92979,3,130632.269388
0.960224,3,130634.638082
0.979646,3,130639.591514
0.895754,3,130639.67973
0.99297,3,130643.677358
0.924579,3,130643.760053
0.995059,3,130647.621434
0.955365,3,130649.996449
0.892994,4,130703.183873
0.0,1,130763.574404
0.83141,3,130763.860517
0.961727,3,130769.264193
0.962304,3,130774.681314
0.915249,3,130777.687539
0.987916,3,130779.926966
0.972468,3,130782.408418
0.912095,3,130785.470958
0.984659,3,130790.339473
0.857273,3,130795.48431
0.973052,3,130798.813087
0.950957,3,130798.894263
0.892857,3,130802.701204
0.988064,3,130807.138874
0.755709,3,130813.820577
0.795636,3,130814.09198
0.963199,3,130816.276441
0.890049,3,130820.262479
0.961727,3,130825.808534
0.993268,3,130830.240973
0.858138,3,130833.173182
0.910864,3,130845.308159
0.872485,3,130849.005969
0.94612,3,130851.859407
0.953733,3,130856.870236
0.821418,3,130862.059475
0.0,44,131258.618214
0.942402,3,131260.853406
0.973227,3,131263.052785
0.970106,3,131267.540733
0.996823,3,131267.617709
0.94572,3,131270.228264
0.950986,3,131270.363156
0.925194,3,131273.390579
0.922473,3,131273.475273
0.96563,3,131273.553843
0.943906,3,131276.031326
0.921591,3,131278.982555
0.922833,3,131279.070095
0.973929,3,131282.105907
0.98327,3,131284.165684
0.979059,3,131286.547707
0.757866,3,131286.850654
0.940653,3,131289.367227
0.972468,3,131291.804859
0.924191,3,131294.509907
0.92979,3,131300.564859
0.945039,3,131303.234986
0.993119,3,131305.195955
0.993268,3,131309.667412
0.996404,3,131311.571381
0.0,4,131380.055881
0.955365,3,131382.530399
0.924579,3,131382.616482
0.943368,3,131385.241138
0.979646,3,131390.273395
0.982887,3,131394.436427
0.9225,3,131394.523276
0.894922,3,131394.611102
0.956801,3,131397.217649
0.981618,3,131399.25102
0.913405,3,131399.345112
0.0,2,131461.383341
0.992076,3,131461.463699
0.942233,3,131461.544242
0.962304,3,131464.322281
0.986286,3,131466.798944
0.993119,3,131468.820705
0.989697,3,131470.910583
0.97759,3,131473.2837
0.959475,3,131475.546145
0.951961,3,131481.171434
0.924579,3,131481.254176
0.0,5,131546.626595
0.892913,3,131550.221856
0.954246,3,131552.326439
0.99491,3,131556.133112
0.959275,3,131561.160739
0.894251,3,131564.894756
0.945606,3,131565.075504
0.828546,3,131565.179524
0.0,5,131719.456783
0.830887,3,131719.559796
0.964877,3,131721.942179
0.84308,3,131726.134641
0.889516,5,131747.61499
0.981265,3,131750.943081
0.944613,3,131753.698385
0.988271,3,131755.745998
0.916289,3,131758.206909
0.939383,3,131761.01386
0.9299,3,131763.945803
0.991481,3,131766.110428
0.907339,3,131766.1964
0.944669,3,131768.942822
0.924556,3,131771.79725
0.0,1,131832.484736
0.912506,3,131847.916254
0.953504,3,131850.352281
0.99297,3,131852.345704
0.865357,3,131852.585311
0.993119,3,131854.584814
0.936173,3,131857.611255
0.93831,3,131857.700176
0.90324,3,131888.77581
0.966064,3,131888.859479
0.979059,3,131891.310084
0.9299,3,131894.422894
0.0,2,131955.689738
0.892857,3,131959.478302
0.963517,3,131961.883337
0.924746,3,131962.009037
0.917366,3,131965.037366
0.0,9,132175.335168
0.946315,3,132175.431105
0.890049,3,132179.296486
0.97627,3,132182.507386
0.936372,3,132185.470131
0.972468,3,132187.980258
0.0,3,132272.249418
0.996404,3,132274.153648
0.953845,3,132274.23855
0.976358,3,132276.308781
0.988924,3,132276.387644
0.858138,3,132279.415959
0.989934,3,132281.47586
0.884664,3,132284.710717
0.861759,3,132668.382215
0.912643,3,132671.413594
0.945606,3,132671.495359
0.96653,3,132673.764452
0.97466,4,132678.939248
0.944499,3,132679.024353
0.993417,3,132683.125126
0.981265,3,132686.437345
0.94535,3,132688.61478
0.873292,3,132688.725357
0.811085,3,132696.470012
0.972468,3,132698.906506
0.962824,3,132701.434817
0.929147,3,132704.502907
0.993417,3,132706.602764
0.889516,5,132728.19887
0.97759,3,132732.693366
0.94999,3,132735.177065
0.939383,3,132737.950191
0.967373,3,132742.83441
0.952818,3,132745.508833
0.969873,3,132747.743268
0.93328,3,132747.830337
0.950986,3,132747.910812
0.961696,3,132750.255291
0.948306,3,132752.437648
0.944669,3,132755.168289
0.966064,3,132755.247294
0.0,1,132815.494837
0.982887,3,132820.23192
0.99491,3,132824.126371
0.99491,3,132825.925422
0.945039,3,132828.899953
0.916289,3,132828.996341
0.0,5,132894.105112
0.947598,3,132896.785831
0.968418,3,132899.077798
0.961727,3,132904.386003
0.979059,3,132908.90599
0.943368,3,132911.484669
0.0,7,132990.950333
0.986286,3,132993.410017
0.945663,3,132993.592524
0.0,5,133067.837615
0.910148,3,133067.93968
0.952246,3,133073.322028
0.90202,3,133076.724858
0.972468,3,133079.136173
0.948306,3,133081.323974
0.991481,3,133085.347674
0.946943,3,133087.745537
0.948963,3,133090.340058
0.953733,3,133095.321145
0.979059,3,133097.545614
0.0,1,133157.79166
0.99491,3,133159.692851
0.961379,3,133164.358423
0.9225,3,133164.443197
0.982887,3,133169.020527
0.952246,3,133171.95917
0.922001,3,133172.045258
0.989934,3,133174.000179
0.986286,3,133176.144519
0.921591,3,133179.093776
0.931185,3,133181.825115
0.869055,3,133181.924279
0.95988,3,133184.126151
0.960284,3,133188.822154
0.795636,3,133188.921036
0.79311,3,133194.624818
0.93387,3,133194.742827
0.98327,3,133196.788469
0.9225,3,133196.882357
0.992076,3,133196.958755
0.94572,3,133199.565699
0.944613,3,133202.256453
0.982916,3,133204.386203
0.972468,3,133206.893082
0.830662,3,133207.170136
0.929144,3,133207.261233
0.967138,3,133209.496622
0.976593,3,133211.634744
0.974075,3,133217.08952
0.92131,3,133219.822162
0.952989,3,133222.308442
0.989697,3,133224.778855
0.959275,3,133229.601885
0.982887,3,133234.361551
0.0,7,133365.187488
0.988064,3,133367.588915
0.92203,3,133367.674531
0.869055,3,133367.76979
0.0,1,133428.069584
0.981265,3,133433.260832
0.99491,3,133435.166497
0.945663,3,133435.25208
0.915795,3,133435.374784
0.962362,3,133437.86438
0.925194,3,133440.876322
0.97997,3,133443.16606
0.944669,3,133445.910368
0.981146,3,133447.988898
0.991778,3,133450.352091
0.972935,3,133452.559683
0.95723,3,133454.640191
0.84308,3,133458.842525
0.873292,3,133458.956544
0.98451,3,133460.902657
0.929339,3,133460.99176
0.975273,3,133461.072913
0.933004,7,133489.462658
0.979646,3,133494.318825
0.84308,3,133498.3933
0.9299,3,133501.221627
0.96563,3,133501.307597
0.0,2,133562.05696
0.0,1,133622.383801
0.0,2,133685.075024
0.79311,3,133690.857789
0.940653,3,133693.497874
0.965543,3,133695.738391
0.961032,3,133698.047065
0.955969,3,133703.069009
0.961727,3,133705.863499
0.986286,3,133708.355263
0.956113,3,133713.336848
0.873901,3,133717.629505
0.952675,4,133722.718977
0.922473,3,133722.801212
0.0,2,133785.089175
0.960226,3,133789.611154
0.982887,3,133793.836336
0.90324,3,133821.662841
0.99297,3,133823.656035
0.990618,3,133823.737735
0.982887,3,133827.840684
0.977884,3,133833.361082
0.942176,3,133833.443337
0.953733,3,133835.83715
0.86279,3,133840.28897
0.95988,3,133842.616136
0.972176,3,133845.663331
0.962737,3,133850.411022
0.789736,3,133850.524927
0.976358,3,133852.676339
0.988271,3,133854.703312
0.903046,3,133854.795343
0.967138,3,133857.029249
0.789736,3,133857.142196
0.86279,3,133861.543914
0.962737,3,133866.255634
0.995059,3,133870.140341
0.959275,3,133875.026069
0.946943,3,133877.56903
0.960284,3,133882.245893
0.986286,3,133886.469316
0.942294,3,133889.515182
0.881669,3,133889.652074
0.830264,3,133894.651006
0.979059,3,133897.010123
0.970572,3,133900.259322
0.85938,3,133904.983639
0.983477,3,133907.608043
0.907862,3,133910.954999
0.99491,3,133914.76154
0.341315,6,133916.130478
0.912506,3,133931.712133
0.947598,3,133934.277864
0.912095,3,133937.497757
0.986819,3,133939.54407
0.865357,3,133939.63711
0.957262,3,133944.984391
0.0,1,134005.488978
0.988064,3,134007.916845
0.946943,3,134010.329632
0.893098,3,134014.171157
0.963139,4,134018.835453
0.94535,3,134018.933134
0.973052,3,134022.19785
0.929144,3,134022.284721
0.943906,3,134024.868753
0.943906,3,134027.454012
0.912095,3,134030.492937
0.931325,4,134048.814321
0.924579,3,134048.894309
0.946943,3,134051.408745
0.927753,3,134054.093465
0.957262,3,134056.964391
0.979353,3,134061.273459
0.926722,3,134064.234672
0.943906,3,134066.783445
0.934125,3,134069.545526
0.961727,3,134074.907118
0.916289,3,134077.374897
0.881669,4,134081.367724
0.972614,3,134083.784426
0.9225,3,134083.8706
0.973929,3,134086.890422
0.970106,3,134091.365225
0.927559,3,134095.256502
0.910864,3,134107.49231
0.872195,3,134111.415915
0.99491,3,134113.302024
0.929144,3,134113.389031
0.947598,3,134116.053462
0.976124,3,134120.473021
0.864786,3,134120.560855
0.870548,3,134124.556071
0.945123,3,134124.63749
0.793062,3,134130.584315
0.872485,3,134134.157538
0.939383,3,134136.917433
0.984659,3,134141.922836
0.995059,3,134145.820269
0.974454,3,134148.037771
0.996404,3,134149.845275
0.922888,3,134149.931712
0.972468,3,134152.388503
0.982739,3,134156.743599
0.97997,3,134159.021605
0.925138,3,134161.859636
0.972468,3,134164.318066
0.953733,3,134166.725359
0.984451,3,134166.807883
0.960284,3,134171.506062
0.961727,3,134176.876857
0.979059,3,134179.266999
0.936705,3,134179.396492
0.848314,3,134185.786229
0.93387,3,134185.8705
0.952246,3,134188.7882
0.881669,3,134188.883386
0.936512,3,134191.857053
0.894224,3,134195.499149
0.929339,3,134195.58665
0.956113,3,134200.514479
0.936255,3,134200.609361
0.893098,3,134204.483824
0.979646,3,134207.41605
0.97627,3,134210.339931
0.909798,3,134213.408018
0.907862,3,134216.914415
0.873901,3,134221.212008
0.972468,3,134223.676981
0.989697,3,134227.741819
0.972935,3,134229.955658
0.96653,3,134232.193669
0.975977,3,134234.449583
0.984777,3,134236.591117
0.924552,3,134236.675834
0.922473,3,134236.886451
0.883899,3,134240.668781
0.0,5,134350.050703
0.925194,3,134353.05913
0.924778,3,134356.088584
0.757866,4,134356.222095
0.986138,3,134358.314172
0.979059,3,134360.663394
0.970106,3,134365.187266
0.0,1,134425.869428
0.889516,7,134447.397743
0.912095,3,134450.471818
0.948306,3,134452.638053
0.955365,3,134455.067247
0.987559,3,134455.15293
0.969262,3,134457.417979
0.873901,3,134465.49904
0.936372,3,134468.348343
0.758822,3,134468.445951
0.977884,3,134474.320737
0.922473,3,134474.40339
0.944613,3,134477.165619
0.966181,3,134481.626303
0.942176,3,134481.710679
0.979646,3,134486.687426
0.979646,3,134491.702035
0.962737,3,134496.37968
0.942294,3,134502.302635
0.962593,3,134504.866818
0.934686,3,134507.584983
0.927753,3,134510.399137
0.8946,3,134510.633185
0.962737,3,134515.311779
0.943906,3,134517.886033
0.973929,3,134520.879639
0.989548,3,134525.024919
0.975977,3,134527.21724
0.986138,3,134531.48238
0.975977,3,134533.762218
0.94535,3,134536.014841
0.891119,4,134556.058892
0.0,1,134616.361372
0.0,2,134677.530676
0.831385,3,134677.818256
0.912095,3,134680.866409
0.963139,4,134685.520816
0.951501,3,134685.637276
0.981206,3,134687.947687
0.959275,3,134692.9174
0.913049,3,134693.000816
0.984244,3,134693.087325
0.893098,3,134696.866039
0.987916,3,134701.293378
0.933957,3,134704.072232
0.920235,7,134707.074483
0.936173,3,134709.858194
0.915249,3,134712.890309
0.9225,3,134712.983052
0.915249,3,134715.970908
0.967373,3,134718.478891
0.919155,3,134720.93679
0.93166,3,134723.544796
0.930706,3,134725.844844
0.986138,3,134728.069645
0.990588,3,134728.147704
0.945066,3,134728.241523
0.986523,3,134730.368505
0.980676,3,134732.510757
0.99491,3,134736.314223
0.969698,3,134742.152658
0.0,1,134802.401461
0.903131,3,134805.607895
0.907862,3,134812.31677
0.90324,3,134852.43241
0.9299,3,134855.349674
0.895754,3,134855.438529
0.758822,3,134855.539152
0.968447,3,134857.81358
0.94999,3,134860.297279
0.920454,3,134860.382746
0.0,1,134920.682461
0.912095,3,134923.72225
0.858138,3,134926.74943
0.869055,3,134926.850743
0.912506,3,134942.52207
0.894466,3,134942.616082
0.989934,3,134944.648733
0.996404,3,134946.546565
0.931466,3,134955.790437
0.877444,3,134955.903326
0.97997,3,134958.130385
0.0,2,135018.826308
0.956113,3,135023.545747
0.962015,3,135030.943165
0.84308,3,135035.037964
0.890049,3,135039.176139
0.872195,3,135043.090593
0.872483,4,135047.147876
0.973052,3,135050.454213
0.987916,3,135054.735711
0.982887,3,135059.045787
0.981265,3,135063.979205
0.891305,3,135067.845349
0.955396,3,135075.284919
0.950446,3,135077.640734
0.991332,3,135079.873426
0.972468,3,135082.360152
0.930961,3,135084.987036
0.980087,3,135087.21511
0.938085,3,135087.297768
0.832209,3,135087.568213
0.956113,3,135092.53513
0.945663,3,135092.617285
0.943368,3,135095.201905
0.916289,3,135097.676954
0.982887,3,135102.241193
0.894224,3,135106.002194
0.927753,3,135108.817455
0.986523,3,135110.937034
0.925,3,135113.967568
0.920454,3,135114.053746
0.0,1,135174.352892
0.959475,3,135176.628605
0.982887,3,135181.333275
0.915932,3,135181.418445
0.974075,3,135184.604224
0.995059,3,135188.459041
0.973052,3,135191.80018
0.922473,3,135191.882482
0.947598,3,135194.479195
0.974075,3,135200.223328
0.99491,3,135202.112451
0.0,1,135262.82284
0.8946,3,135263.072092
0.988064,3,135265.509184
0.95988,3,135267.84309
0.99491,3,135269.728154
0.959275,3,135274.686969
0.830887,3,135274.782068
0.942294,3,135280.921214
0.977884,3,135284.327192
0.961696,3,135286.578787
0.960224,3,135288.923792
0.953962,3,135291.969163
0.920509,3,135292.055925
0.942294,3,135297.796802
0.955396,3,135305.226709
0.987916,3,135307.656541
0.933145,3,135313.456235
0.0,11,135555.459182
0.756549,3,135562.049499
0.96563,3,135562.149889
0.830264,3,135567.210161
0.0,4,135630.145243
0.943368,3,135632.682828
0.933146,3,135642.006261
0.929929,3,135647.960562
0.891305,3,135651.999123
0.893098,4,135655.784265
0.982739,3,135658.063154
0.0,3,135734.956193
0.933957,3,135737.707838
0.927753,3,135740.527
0.99491,3,135744.315709
0.831385,3,135744.408045
0.97627,3,135749.459318
0.907394,3,135749.550261
0.97627,3,135752.533172
0.937356,3,135755.753369
0.927753,3,135758.573964
0.84389,3,135762.753287
0.99491,3,135764.668665
0.986286,3,135766.984685
0.957262,3,135769.811291
0.965369,3,135769.891716
0.99491,3,135771.789489
0.893098,3,135775.749226
0.962593,3,135778.287945
0.961727,3,135781.08846
0.972291,3,135781.24159
0.975977,3,135783.578483
0.980087,3,135785.824899
0.930706,3,135788.128285
0.953504,3,135790.565659
0.979499,3,135792.816851
0.881906,3,135792.925758
0.945663,3,135793.008655
0.980676,3,135795.161865
0.904597,3,135798.797348
0.0,1,135859.045097
0.0,6,135935.056179
0.867781,3,135939.079896
0.0,3,136001.448786
0.831385,3,136001.55943
0.966067,3,136003.932514
0.961727,3,136009.17389
0.904597,3,136012.811054
0.945606,3,136012.894619
0.927805,3,136015.241878
0.913049,3,136015.3306
0.939465,3,136017.592823
0.828546,3,136017.700026
0.936173,3,136020.483614
0.982887,3,136024.973345
0.99297,3,136026.924315
0.99491,3,136028.822715
0.986286,3,136031.294441
0.945606,3,136031.376554
0.863489,3,136035.888859
0.954246,3,136038.011745
0.979499,3,136040.278033
0.991481,3,136044.293212
0.982887,3,136048.604635
0.920454,3,136048.690862
0.945066,3,136048.774205
0.974075,3,136051.970818
0.988509,3,136054.81638
0.972468,3,136057.239802
0.858138,3,136060.30551
0.9225,3,136060.391379
0.921591,3,136063.243862
0.884724,3,136067.6324
0.989548,3,136071.767195
0.912095,3,136074.841279
0.989697,3,136076.939314
0.927753,4,136079.877836
0.894466,3,136079.969686
0.979059,3,136082.326726
0.988509,3,136085.169281
0.872195,3,136089.093477
0.865357,3,136089.188709
0.99491,3,136093.005482
0.956113,3,136098.200964
0.910864,3,136110.257783
0.913056,3,136114.347257
0.975977,3,136116.521879
0.979059,3,136118.884901
0.974075,3,136122.246495
0.989697,3,136124.68473
0.921394,3,136127.768636
0.981559,3,136127.844304
0.796615,3,136128.119801
0.973227,3,136130.31948
0.755709,3,136137.131271
0.901615,3,136140.695468
0.973052,3,136146.216232
0.892913,3,136149.79055
0.989934,3,136151.848139
0.970572,3,136155.5025
0.972176,3,136158.662822
0.952675,3,136161.386428
0.952246,3,136166.966819
0.986523,3,136169.083746
0.944613,3,136171.855807
0.979059,3,136174.249998
0.83141,3,136174.350927
0.99491,3,136176.232727
0.990142,3,136180.720845
0.912506,3,136196.496458
0.924556,3,136199.449111
0.907862,3,136202.947239
0.921812,3,136205.823377
0.940653,3,136208.432107
0.992076,4,136212.823152
0.0,11,136338.224531
0.989697,3,136342.41102
0.957262,3,136345.212392
0.891305,3,136348.961559
0.951961,3,136354.298214
0.962304,3,136356.902707
0.0,1,136417.360117
0.929339,3,136417.483253
0.95988,3,136419.811311
0.927753,3,136422.617941
0.895137,3,136422.704453
0.936372,3,136428.440964
0.90202,3,136431.856715
0.979059,3,136434.186642
0.993268,3,136438.612851
0.793062,3,136444.372781
0.901615,3,136448.021459
0.981618,3,136450.041604
0.889384,3,136454.229864
0.971533,3,136456.383269
0.972468,3,136458.801583
0.942884,3,136458.882999
0.962304,3,136461.718294
0.930706,3,136464.025983
0.93166,3,136466.756001
0.952246,3,136469.718914
0.915249,3,136472.936449
0.830438,3,136477.947928
0.927805,3,136480.295536
0.948963,3,136482.898209
0.986286,3,136487.453028
0.79311,3,136493.245662
0.97759,3,136495.56328
0.927753,3,136498.365935
0.944613,3,136501.126311
0.888182,5,136521.110385
0.97759,3,136525.485325
0.922833,3,136525.698227
0.968447,3,136527.976576
0.952246,3,136533.586442
0.977444,3,136538.803665
0.910864,3,136551.010807
0.894466,3,136551.098371
0.919155,3,136553.510837
0.976593,3,136555.567364
0.925,3,136558.418794
0.939465,3,136560.673754
0.9225,3,136560.755097
0.0,1,136621.35684
0.933145,3,136624.433166
0.888395,3,136627.991699
0.922473,3,136628.074955
0.929144,3,136628.15813
0.95053,3,136630.509325
0.970163,3,136630.620934
0.912095,3,136633.680118
0.912643,3,136636.688401
0.811085,3,136644.2732
0.979646,3,136649.199373
0.959275,3,136654.053247
0.939465,3,136656.330546
0.984274,3,136656.407452
0.897455,3,136660.091592
0.924191,3,136662.829732
0.936536,3,136665.090357
0.892857,3,136668.876633
0.962304,3,136671.521843
0.910864,3,136683.526573
0.913049,3,136683.607983
0.0,7,136754.502192
0.979059,3,136759.004744
0.884664,3,136762.210847
0.956113,3,136767.171119
0.94999,3,136769.644824
0.0,8,136995.053555
0.916289,3,136995.146414
0.979059,3,136997.551873
0.945039,3,137000.292051
0.789736,4,137000.522758
0.931185,3,137003.298945
0.99297,3,137007.282957
0.956113,3,137012.215076
0.973052,3,137017.572663
0.942294,3,137023.402511
0.943368,3,137025.998071
0.984659,3,137030.763665
0.963199,3,137033.238014
0.956113,3,137038.156371
0.987916,3,137042.39185
0.922473,3,137042.474229
0.99491,3,137046.319964
0.967373,3,137048.800183
0.0,1,137109.148364
0.924579,3,137109.238696
0.908271,3,137116.494096
0.944613,3,137119.294571
0.972935,3,137121.488372
0.962593,3,137124.07299
0.981265,3,137128.995657
0.922254,3,137131.958839
0.933957,3,137134.707359
0.934181,3,137137.43232
0.96653,3,137139.885414
0.903512,3,137147.42459
0.927753,3,137150.266948
0.986138,3,137152.371455
0.944499,3,137152.454044
0.921591,4,137155.438076
0.925194,3,137158.48591
0.95821,3,137160.955037
0.99491,3,137162.778282
0.829392,3,137167.772892
0.942859,3,137173.286978
0.927753,3,137176.159412
0.946003,3,137176.240664
0.959275,3,137181.216681
0.961727,3,137186.616384
0.944669,3,137189.382626
0.79311,3,137195.400207
0.0,1,137255.746421
0.982887,3,137259.968833
0.0,3,137323.123945
0.962593,3,137328.017724
0.945606,3,137328.192178
0.884724,3,137332.60613
0.908271,3,137336.391765
0.962302,3,137336.47294
0.981265,3,137339.813061
0.885359,3,137343.500924
0.925194,3,137346.519478
0.930399,3,137346.610149
0.952246,3,137352.121204
0.939383,3,137354.883543
0.0,1,137415.19834
0.903512,3,137419.138182
0.986523,3,137421.235061
0.0,8,137491.194965
0.893098,3,137494.954228
0.93166,3,137497.688221
0.981206,3,137500.044909
0.86546,3,137500.131821
0.991481,3,137504.246109
0.97759,3,137506.623914
0.873239,3,137506.738742
0.903131,3,137509.940127
0.979059,3,137512.293137
0.961727,3,137515.276508
0.943906,3,137517.825472
0.939383,3,137520.538707
0.972468,3,137522.956949
0.986286,3,137527.519386
0.933957,3,137530.248364
0.866142,3,137534.423123
0.124087,4,137535.502194
0.950018,3,137911.95259
0.0,2,137974.4893
0.913022,3,137974.584516
0.0,9,138104.661502
0.757866,3,138104.778127
0.982887,3,138108.962434
0.986523,3,138111.057335
0.947598,3,138113.806809
0.936372,3,138119.709716
0.987916,3,138124.094464
0.955969,3,138126.563771
0.913056,3,138130.78882
0.982887,3,138132.979232
0.828446,3,138133.084083
0.959275,3,138138.065386
0.925,3,138141.029485
0.986138,3,138143.102273
0.955365,3,138145.552164
0.873239,3,138145.646368
0.848314,6,138158.139544
0.996404,3,138161.977587
0.970106,3,138166.478679
0.919155,3,138169.116198
0.963517,3,138171.397624
0.99491,3,138173.293378
0.819129,3,138178.360507
0.957173,3,138178.494454
0.99491,3,138180.403395
0.99297,3,138182.355364
0.922473,3,138182.56423
0.988064,3,138187.107747
0.97759,3,138191.609325
0.99491,3,138193.520793
0.826387,3,138198.627248
0.976593,3,138200.769897
0.96653,3,138203.016285
0.962304,3,138205.644404
0.913056,5,138210.52149
0.912506,3,138226.203481
0.795588,3,138226.303023
0.986286,3,138230.888007
0.936372,3,138233.869405
0.950018,3,138236.361928
0.987916,3,138240.730981
0.891305,3,138244.616003
0.973052,3,138247.938202
0.99297,3,138249.940383
0.988064,3,138254.423887
0.918415,3,138257.39437
0.909712,5,138260.655345
0.979499,3,138262.97175
0.99491,3,138264.883748
0.962304,3,138267.557924
0.99491,3,138269.467599
0.757025,3,138276.074286
0.988064,3,138278.234572
0.966067,3,138280.632751
0.97759,3,138285.123683
0.0,6,138442.683254
0.966067,3,138445.125196
0.936372,3,138448.093596
0.993119,3,138450.054335
0.895137,3,138450.144855
0.793062,3,138455.830587
0.97466,3,138461.037338
0.962304,4,138466.150389
0.0,1,138526.612341
0.90324,3,138570.321336
0.894466,3,138570.434585
0.961118,3,138570.515382
0.933588,3,138570.597918
0.0,4,138647.287754
0.99297,3,138651.235612
0.910864,3,138663.507205
0.980087,3,138665.807713
0.912095,3,138668.740399
0.86476,3,138668.838563
0.933957,3,138671.543731
0.885359,3,138675.214225
0.890049,3,138679.17948
0.996404,3,138681.104899
0.930706,3,138683.44399
0.024102,12,138852.64972
0.0,1,138912.956267
0.982887,3,138917.231033
0.897455,3,138920.744996
0.989934,3,138922.787976
0.780784,3,138928.920843
0.962593,3,138931.558023
0.962593,3,138936.342384
0.847546,3,138940.501141
0.893098,3,138944.284572
0.984659,3,138949.300948
0.0,2,139010.836722
0.965543,3,139013.137231
0.972176,3,139016.187088
0.954246,3,139018.302485
0.979059,3,139020.75455
0.966067,3,139023.152109
0.956801,3,139025.514766
0.981265,3,139030.791426
0.966064,3,139030.929779
0.859561,3,139035.538425
0.864786,4,139035.651584
0.794968,3,139041.333574
0.85938,3,139046.038644
0.989697,3,139048.683592
0.937356,3,139052.005894
0.793062,3,139057.859407
0.981265,3,139060.653848
0.989697,3,139064.7553
0.961727,3,139067.64155
0.929147,3,139070.604833
0.930961,3,139073.290134
0.0,3,139136.188058
0.984659,3,139140.882948
0.972468,3,139143.430597
0.996404,3,139145.320921
0.945663,3,139145.503041
0.934629,3,139148.348443
0.921642,3,139148.435733
0.0,1,139208.864923
0.893098,3,139212.667696
0.989934,3,139214.716454
0.93328,3,139214.800844
0.864786,3,139214.895897
0.892913,3,139218.675368
0.936705,3,139218.806368
0.933145,3,139224.636769
0.954246,3,139226.759421
0.0,7,139297.570069
0.942294,3,139300.669738
0.848314,5,139307.697887
0.99491,3,139309.593568
0.895808,3,139309.827733
0.881853,3,139309.913371
0.924886,3,139310.004698
0.989934,3,139312.030407
0.933957,3,139314.816736
0.892726,4,139335.164778
0.789736,3,139335.271127
0.981265,3,139340.113621
0.974834,3,139340.224631
0.912506,3,139355.874692
0.927805,3,139355.966726
0.895137,3,139356.055157
0.92203,3,139356.139503
0.995059,3,139359.961563
0.938085,3,139360.048702
0.953504,3,139362.484859
0.930961,3,139365.34311
0.883899,3,139369.08875
0.965369,3,139369.203701
0.982739,3,139371.451111
0.97466,3,139374.659909
0.989934,3,139376.621361
0.871047,4,139385.434042
0.911763,3,139385.524442
0.756549,3,139392.167253
0.942402,3,139394.394525
0.844247,3,139403.990565
0.934629,3,139406.749355
0.97997,3,139408.978566
0.864786,3,139409.073415
0.913056,3,139416.95309
0.942176,3,139417.031505
0.996404,3,139418.923945
0.94999,3,139421.403131
0.977444,3,139426.670677
0.898937,3,139430.089337
0.930961,3,139432.725628
0.927753,3,139435.430126
0.97627,3,139438.43054
0.90202,3,139441.822281
0.955969,3,139444.254165
0.894224,4,139448.140141
0.989697,3,139450.243893
0.991332,3,139454.435677
0.982916,3,139456.577704
0.977884,3,139462.485588
0.922001,3,139462.57944
0.986523,3,139464.665172
0.0,3,139532.683012
0.891119,5,139552.652428
0.944613,3,139555.434063
0.963199,3,139557.70482
0.993119,3,139559.705875
0.97759,3,139564.174765
0.830887,3,139564.448694
0.831385,3,139564.716788
0.936173,3,139567.494448
0.979059,3,139569.804864
0.743008,6,139589.998869
0.85938,3,139594.64436
0.867781,3,139598.675473
0.894224,3,139602.392105
0.922473,3,139602.475734
0.981146,3,139604.794837
0.993119,3,139606.802849
0.921812,3,139609.699138
0.945663,3,139609.782698
0.913049,3,139609.897293
0.877444,3,139609.991087
0.946318,3,139612.582567
0.0,1,139672.929232
0.943736,3,139675.663981
0.982739,3,139677.950718
0.973052,3,139683.447135
0.933224,3,139683.532973
0.918744,3,139686.851494
0.916098,3,139686.964376
0.894922,3,139687.051919
0.0,2,139747.68612
0.961727,4,139753.078713
0.945066,3,139753.160456
0.934686,3,139755.99804
0.976124,3,139760.264418
0.831385,3,139760.533325
0.757025,3,139767.117113
0.954246,3,139769.225301
0.953962,3,139772.280598
0.980676,3,139774.405273
0.894922,3,139774.496708
0.981265,3,139777.805726
0.904597,3,139781.603594
0.0,10,140029.534799
0.930706,3,140029.640094
0.979059,3,140032.027423
0.947257,3,140037.683212
0.921587,3,140037.775105
0.0,7,140215.125231
0.947598,3,140217.81002
0.895217,3,140217.899069
0.885359,3,140221.608082
0.908271,3,140225.327992
0.986523,3,140227.404257
0.972614,3,140229.724795
0.859561,3,140234.299263
0.944669,3,140237.193652
0.97276,3,140241.793182
0.976593,3,140243.975939
0.963575,3,140246.252962
0.962015,3,140253.680988
0.0,2,140314.218175
0.906037,3,140317.376946
0.988924,3,140317.457355
0.796615,4,140317.583682
0.950986,3,140317.665002
0.757025,3,140324.483219
0.968504,3,140326.696795
0.968504,3,140328.731722
0.942294,3,140334.924476
0.903512,3,140342.425263
0.96653,3,140344.68238
0.99491,3,140346.488164
0.876421,3,140350.351226
0.984659,3,140355.339245
0.981265,3,140358.671083
0.917366,3,140361.811151
0.922473,4,140361.95019
0.830887,3,140362.049917
0.963199,3,140364.310551
0.829392,3,140369.495263
0.885359,3,140373.154407
0.900395,4,140377.357192
0.869107,3,140377.450945
0.947598,3,140380.142484
0.9225,3,140380.234174
0.972468,3,140382.720101
0.94612,3,140385.56619
0.910148,3,140385.654109
0.94535,3,140387.875782
0.912643,3,140390.817702
0.99491,3,140392.728972
0.903509,3,140395.999133
0.988064,3,140400.572293
0.930961,3,140403.339256
0.916289,3,140405.789443
0.968418,3,140408.101472
0.963199,3,140410.376829
0.830662,4,140410.568753
0.991332,3,140414.698314
0.99491,3,140418.48852
0.934686,3,140421.213796
0.961727,3,140426.604493
0.952675,3,140429.292504
0.991332,3,140431.366914
0.937356,3,140434.464017
0.962593,3,140439.301765
0.993119,3,140441.220976
0.99297,3,140443.171767
0.958641,3,140445.586496
0.959275,3,140450.569584
0.986286,3,140453.031035
0.984659,3,140455.828257
0.944613,3,140458.587685
0.907726,3,140465.56293
0.98327,3,140467.696652
0.934125,3,140470.597579
0.953733,3,140472.921546
0.983477,3,140475.55865
0.988064,3,140478.123127
0.986523,3,140480.223604
0.962995,3,140480.373948
0.962737,3,140485.08372
0.884724,3,140489.529139
0.961727,3,140494.948613
0.989697,3,140497.384884
0.758913,3,140497.486327
0.950018,3,140500.013103
0.893098,3,140503.781006
0.894069,3,140511.567183
0.955365,3,140514.013945
0.917175,3,140520.732113
0.980499,3,140524.953978
0.912506,3,140540.573279
0.963199,3,140542.844769
0.945179,3,140542.987875
0.966067,3,140547.618726
0.971533,3,140549.723973
0.885359,3,140553.436741
0.865668,5,140553.580111
0.99297,3,140557.58046
0.933146,3,140567.234421
0.982887,3,140571.977654
0.969698,3,140575.514924
0.955969,3,140577.960868
0.959275,3,140582.918205
0.961696,3,140585.257629
0.979646,3,140588.190436
0.970017,3,140590.40419
0.97466,3,140595.550264
0.951961,3,140601.042722
0.83141,3,140601.136557
0.979059,3,140603.538183
0.921812,3,140606.476443
0.97466,3,140611.828351
0.962737,3,140616.51973
0.913049,3,140616.602699
0.99297,3,140618.632131
0.757025,3,140625.232062
0.755075,3,140632.082042
0.967138,3,140634.304761
0.987916,3,140638.731456
0.984363,3,140643.01111
0.982887,3,140647.273889
0.99491,3,140649.192593
0.984244,3,140649.267934
0.986523,3,140651.368546
0.932888,3,140653.951934
0.912095,3,140656.896481
0.952246,3,140662.280895
0.921591,3,140665.198003
0.97759,3,140669.660312
0.755483,7,140676.747017
0.972176,3,140679.608679
0.97759,3,140681.953922
0.953962,3,140685.007424
0.903512,3,140692.418751
0.919155,3,140694.951303
0.974075,3,140698.655985
0.9225,3,140698.741708
0.894466,3,140698.829973
0.0,11,140954.839011
0.953104,3,140957.393211
0.943906,3,140959.964426
0.99491,3,140961.881488
0.962304,3,140967.011576
0.988271,3,140969.093618
0.981146,3,140971.181574
0.864786,3,140971.275657
0.916098,3,140971.363591
0.957031,3,140973.73566
0.866327,3,140978.596788
0.966067,3,140983.282948
0.966067,3,140987.864616
0.825322,3,140993.124761
0.9299,3,140996.075967
0.983919,3,140998.187202
0.967545,3,141000.392026
0.987916,3,141002.611982
0.894224,3,141006.328896
0.966067,4,141010.895254
0.757866,3,141011.195912
0.944613,3,141013.998876
0.889384,3,141022.206888
0.971533,3,141024.222172
0.99491,3,141028.115943
0.990142,3,141032.768943
0.885914,3,141032.860878
0.980676,3,141035.029366
0.922001,3,141035.114295
0.90202,3,141038.45918
0.945066,3,141038.542453
0.976593,3,141040.723885
0.984451,3,141040.799833
0.970017,3,141043.013527
0.915249,3,141045.981547
0.979646,3,141051.080935
0.981206,3,141053.290066
0.981265,3,141056.623913
0.953845,3,141056.705714
0.957031,3,141059.052778
0.882889,4,141067.957232
0.890049,3,141071.793071
0.979059,3,141074.184263
0.979646,3,141079.130917
0.925194,3,141082.348165
0.95988,3,141084.677398
0.903046,3,141084.791495
0.961727,3,141087.665036
0.872485,3,141091.342394
0.903512,3,141098.761298
0.99491,3,141100.67054
0.0,1,141161.374621
0.991778,3,141165.722383
0.885861,3,141165.813671
0.891387,4,141189.08604
0.876421,3,141192.961125
0.96653,3,141195.176264
0.939465,3,141197.450128
0.942294,3,141203.189584
0.93387,3,141203.275378
0.36509,7,141254.40178
0.98451,3,141256.34551
0.952675,3,141259.045381
0.857273,3,141264.039834
0.957031,3,141266.29428
0.9225,3,141266.378018
0.893098,3,141270.146217
0.963199,3,141272.350657
0.99491,3,141274.249656
0.94572,3,141276.859811
0.916289,3,141279.324936
0.922833,3,141279.40941
0.969873,3,141281.631372
0.789736,3,141281.745277
0.940653,3,141284.369259
0.894224,3,141288.114872
0.991987,3,141288.185675
0.933957,3,141290.929093
0.889384,3,141299.241595
0.922888,3,141299.326827
0.0,1,141359.800809
0.924556,3,141362.589451
0.912724,3,141365.998647
0.828446,3,141366.104043
0.920347,3,141369.393134
0.0,15,141506.854565
0.987559,3,141506.945868
0.87102,3,141511.178064
0.924552,3,141511.27074
0.991778,3,141515.67997
0.981265,3,141519.014172
0.95982,4,141521.607393
0.960226,3,141526.221827
0.969698,3,141531.901002
0.981265,3,141534.907711
0.988064,3,141537.433553
0.995059,3,141541.350973
0.916289,3,141543.850452
0.831385,3,141543.942927
0.828969,4,141552.823048
0.869107,3,141552.93761
0.991481,3,141556.909021
0.988064,3,141559.116225
0.97997,3,141561.337629
0.904597,3,141564.832428
0.907862,3,141568.324691
0.942294,3,141574.462004
0.942294,3,141580.626675
0.953733,3,141583.005569
0.991332,3,141585.064282
0.85938,3,141589.862627
0.962593,3,141594.674219
0.930706,3,141597.004427
0.974454,3,141599.136526
0.922473,3,141599.347808
0.981265,3,141604.131725
0.831385,3,141604.227221
0.959475,3,141606.478504
0.90324,3,141633.962977
0.956113,3,141639.018888
0.960684,3,141639.101205
0.963575,3,141641.491665
0.927805,3,141643.832257
0.828446,3,141643.939349
0.961727,3,141646.828579
0.982916,3,141648.995781
0.965108,3,141651.326897
0.979499,3,141653.646464
0.979059,3,141655.979924
0.993119,3,141657.93081
0.922699,3,141664.587104
0.982887,3,141668.838042
0.968504,3,141671.011588
0.952818,3,141673.641562
0.917175,3,141676.984334
0.968418,3,141679.323789
0.942402,3,141681.563666
0.920509,3,141681.649381
0.864786,3,141681.741333
0.969873,3,141683.96524
0.956801,3,141686.345971
0.945039,3,141689.149289
0.942294,3,141692.199198
0.961727,3,141697.457747
0.948306,3,141699.64462
0.97759,3,141702.054634
0.944669,3,141704.803903
0.982739,3,141709.268977
0.864345,6,141710.508318
0.97759,3,141712.849727
0.939383,3,141715.640434
0.931774,3,141719.057108
0.903512,3,141726.776255
0.979059,3,141729.192525
0.924746,3,141729.318666
0.939014,3,141729.397614
0.947257,3,141735.059331
0.947367,3,141735.142511
0.892913,3,141738.710167
0.943368,3,141741.338784
0.920454,3,141741.46155
0.917175,3,141744.746827
0.891387,5,141768.075681
0.907862,3,141771.768646
0.973227,3,141773.980728
0.951961,3,141779.30933
0.951043,3,141779.440468
0.982887,3,141784.166803
0.828546,3,141784.277487
0.977884,3,141790.275701
0.988271,3,141792.316435
0.984274,3,141792.394764
0.913056,3,141796.528672
0.934573,3,141799.234426
0.97627,3,141804.376495
0.828446,3,141804.498694
0.922473,3,141804.716197
0.972468,3,141807.231655
0.795588,3,141807.328916
0.933957,3,141810.055037
0.913049,3,141810.139702
0.857546,3,141810.237607
0.86476,3,141810.47551
0.962593,3,141815.359245
0.921812,3,141818.277262
0.987916,3,141822.510328
0.996404,3,141824.412397
0.988894,3,141824.487501
0.97759,3,141828.978372
0.0,25,142267.080278
0.924556,3,142269.859872
0.986138,3,142271.986916
0.984659,3,142276.760303
0.99297,3,142278.851995
0.982739,3,142283.346327
0.872485,3,142287.013556
0.894224,3,142290.753679
0.965369,3,142290.835476
0.97759,3,142295.358677
0.979059,3,142297.755526
0.953962,3,142300.805692
0.931466,3,142310.239712
0.976358,3,142312.43215
0.981146,3,142314.540762
0.943906,3,142317.086664
0.966067,3,142321.652002
0.991332,3,142325.763463
0.780784,3,142331.510473
0.97627,3,142336.554236
0.979059,3,142341.025248
0.979059,3,142343.425318
0.965922,3,142345.926522
0.934828,3,142355.119669
0.95053,3,142357.492104
0.915249,3,142360.493438
0.963199,3,142362.671953
0.982887,3,142366.99811
0.952675,3,142369.708322
0.996404,3,142371.626267
0.99491,3,142373.545554
0.929144,3,142373.659979
0.924556,3,142376.558378
0.829367,3,142381.808214
0.969698,3,142387.523238
0.982739,3,142392.045647
0.90324,3,142432.353021
0.944613,3,142435.054689
0.757866,3,142435.155349
0.911219,3,142438.404564
0.982887,3,142442.646933
0.942233,3,142442.728529
0.996823,3,142442.806023
0.0,12,142516.93681
0.925,3,142519.699362
0.90324,3,142547.511267
0.894069,3,142551.676107
0.0,1,142612.156047
0.973052,3,142617.626848
0.922473,3,142617.713152
0.927753,4,142620.574372
0.0,1,142681.142044
0.981265,3,142683.980458
0.943368,3,142686.596707
0.988271,3,142688.526536
0.960226,3,142693.140057
0.975977,3,142695.479207
0.0,1,142755.828522
0.993417,3,142760.08116
0.928921,3,142760.165195
0.893098,3,142763.925598
0.989697,3,142766.022281
0.982739,3,142768.257144
0.97466,3,142771.314817
0.977884,3,142777.291999
0.983123,3,142779.3332
0.934125,3,142782.189145
0.915249,3,142785.223687
0.0,5,142864.680919
0.976124,3,142866.952709
0.925,3,142869.822642
0.903046,3,142869.911371
0.972935,3,142872.094507
0.966067,3,142876.752074
0.942236,3,142879.632443
0.86546,3,142879.722713
0.912506,3,142895.54069
0.947794,4,142898.145773
0.894388,3,142901.648023
0.911219,3,142904.978514
0.933145,3,142910.684681
0.99491,3,142912.592312
0.965543,3,142914.862522
0.959475,3,142917.128719
0.986286,3,142921.323529
0.981265,3,142926.268693
0.830662,3,142926.36504
0.920454,3,142926.449193
0.86339,3,142930.577738
0.863127,6,142936.122083
0.981323,3,142936.211631
0.97627,3,142939.245643
0.986819,3,142941.283297
0.931185,3,143314.417179
0.982887,3,143319.065992
0.987916,3,143323.369537
0.907862,3,143326.9224
0.870548,3,143330.839144
0.881669,3,143330.936742
0.984451,3,143331.013374
0.975273,3,143331.092984
0.959419,3,143335.951739
0.925194,3,143339.162867
0.942402,3,143341.425026
0.929144,3,143341.511055
0.988064,3,143343.70061
0.989697,3,143347.821856
0.963575,3,143350.085744
0.959275,3,143354.990669
0.831385,3,143355.086454
0.864371,3,143355.334362
0.993268,3,143359.727497
0.931325,7,143373.976257
0.929339,3,143374.059366
0.0,1,143434.742697
0.95988,3,143437.119101
0.932888,3,143439.693791
0.960284,3,143444.690431
0.979059,3,143447.057999
0.93328,3,143447.1391
0.0,5,143537.517713
0.924191,3,143540.244377
0.950018,3,143542.676551
0.956113,3,143547.526236
0.821418,3,143552.461455
0.857546,3,143552.55777
0.961696,3,143554.935375
0.927805,3,143557.276644
0.925,3,143560.045172
0.99491,3,143561.924191
0.913056,3,143566.357449
0.982739,3,143568.653896
0.895137,3,143568.738358
0.913056,3,143573.115223
0.933146,3,143582.620934
0.883899,4,143586.384034
0.99491,3,143588.289146
0.988924,3,143588.370663
0.922254,3,143591.224133
0.961727,3,143596.565937
0.97759,3,143598.921293
0.975273,3,143598.998876
0.979499,3,143601.25032
0.931185,3,143603.983929
0.927559,3,143607.743195
0.965369,3,143607.822976
0.894466,3,143607.911449
0.931185,3,143610.645661
0.970106,3,143615.040812
0.97627,3,143620.251419
0.970106,3,143624.642773
0.944613,3,143627.425014
0.0,4,143695.894151
0.922833,3,143696.111741
0.963517,3,143698.522986
0.996404,3,143700.425181
0.971533,3,143702.553854
0.965922,3,143707.160674
0.881669,3,143707.254839
0.956113,3,143712.210114
0.981323,3,143712.287501
0.951961,3,143720.917224
0.879426,3,143724.647071
0.921812,3,143727.46058
0.972176,3,143730.434588
0.989934,3,143732.376601
0.944613,3,143735.150614
0.946943,3,143737.686733
0.920454,3,143737.799919
0.0,4,143799.751271
0.952246,3,143802.608925
0.0,1,143863.000325
0.952246,3,143868.574503
0.939383,3,143871.337158
0.976124,3,143875.740465
0.979059,3,143878.036704
0.918635,3,143880.971737
0.893098,3,143884.729205
0.94612,3,143890.139111
0.93328,3,143890.224322
0.939383,3,143893.159968
0.755709,3,143899.853175
0.86476,3,143899.943747
0.0,2,143960.718847
0.981323,3,143960.865938
0.99297,3,143962.818099
0.9299,3,143965.73859
0.771311,3,143973.288812
0.989697,3,143975.769433
0.789736,3,143975.886539
0.755709,3,143982.476172
0.989548,3,143986.620121
0.96563,3,143986.698752
0.982887,3,143990.941532
0.979059,3,143993.393341
0.937356,3,143996.591057
0.93831,3,143996.672949
0.864786,3,143996.760596
0.942233,3,143996.842464
0.79473,3,144002.827759
0.982739,3,144005.072913
0.866142,3,144009.086578
0.891387,9,144032.476833
0.99491,3,144034.413614
0.989934,3,144036.445316
0.924746,3,144036.572275
0.995059,3,144040.439931
0.937356,3,144046.469191
0.831385,3,144046.562805
0.925138,3,144049.381302
0.0,7,144139.945917
0.97759,3,144144.442909
0.946943,3,144147.00702
0.979059,3,144149.421347
0.989697,3,144151.548079
0.961727,3,144156.910588
0.0,1,144217.225418
0.94535,3,144219.440999
0.895137,3,144219.528197
0.903509,3,144222.890101
0.950018,3,144225.293357
0.979059,3,144229.858563
0.956113,3,144234.772976
0.961727,3,144237.564028
0.959419,3,144242.434657
0.79473,4,144248.316633
0.87537,6,144252.35648
0.913056,5,144260.969962
0.930706,3,144263.305211
0.866327,3,144268.138953
0.981265,3,144271.244747
0.946943,3,144273.803691
0.984659,3,144278.59472
0.933145,3,144284.439036
0.830662,3,144284.713652
0.95821,3,144287.179972
0.94999,3,144289.56074
0.0,14,144599.48109
0.894466,3,144599.586822
0.962304,3,144602.26057
0.991332,3,144604.423879
0.789736,3,144604.540198
0.968504,3,144606.693069
0.988064,3,144608.850986
0.92131,3,144611.54709
0.972614,3,144613.94416
0.979646,3,144618.877538
0.86476,3,144619.116379
0.968504,3,144621.253202
0.913056,3,144625.468162
0.950446,3,144627.929119
0.859561,3,144632.732442
0.944613,3,144635.503418
0.969698,3,144641.194801
0.991481,3,144645.240864
0.97627,3,144648.257043
0.996404,3,144650.173171
0.912721,3,144653.004704
0.92203,3,144653.090715
0.976358,3,144655.268467
0.981146,3,144657.384857
0.9225,3,144657.595792
0.99491,3,144659.490463
0.979059,3,144661.838926
0.916289,3,144664.315566
0.974075,3,144668.020483
0.908243,6,144671.551903
0.964877,3,144673.918903
0.968418,3,144676.191392
0.916098,3,144676.288662
0.0,7,144786.616582
0.885359,3,144790.285436
0.821418,3,144795.213651
0.922833,3,144795.294647
0.828546,3,144795.396693
0.989697,3,144797.838011
0.982887,3,144802.125452
0.984244,3,144802.202983
0.982887,3,144806.777289
0.961727,3,144809.447558
0.962737,3,144814.06002
0.893098,3,144817.716035
0.9225,3,144817.804019
0.894388,3,144821.333477
0.962015,3,144828.643661
0.981265,3,144833.518334
0.87089,13,144854.160195
0.873901,3,144858.357064
0.916289,3,144860.753851
0.989697,3,144864.888954
0.99297,3,144868.84524
0.903131,3,144872.071066
0.979059,3,144874.485627
0.796591,4,144880.435668
0.982887,3,144885.121501
0.97759,3,144889.592371
0.942402,3,144891.728999
0.757662,12,144901.094564
0.960284,3,144905.879743
0.963199,3,144908.151522
0.0,1,144968.7063
0.934181,3,144971.433091
0.93387,3,144971.5192
0.924556,3,144974.317687
0.970106,3,144978.862547
0.79311,3,144984.715044
0.830264,3,144989.734412
0.979059,3,144992.096459
0.95988,3,144994.41458
0.936255,3,144994.508221
0.950446,3,144996.961115
0.99491,3,144998.874702
0.991481,3,145003.035803
0.894331,5,145003.326098
0.948538,3,145013.12612
0.922473,3,145013.208151
0.861788,3,145018.051204
0.90202,3,145021.662715
0.962737,3,145026.322443
0.912095,3,145029.375246
0.894466,3,145029.464592
0.796591,5,145035.266988
0.858138,3,145038.309769
0.915164,4,145050.562164
0.977884,3,145056.512136
0.966067,3,145061.136727
0.96653,3,145063.347546
0.987916,3,145067.760859
0.959419,3,145070.234262
0.99297,3,145072.286886
0.99491,3,145074.197335
0.984659,3,145077.148269
0.982887,3,145079.352636
0.952246,3,145084.873612
0.841463,10,145104.317229
0.97466,3,145107.523842
0.984659,3,145112.318805
0.989697,3,145114.641154
0.864371,3,145114.732367
0.86476,3,145114.821837
0.984659,3,145119.801442
0.953104,3,145122.368098
0.96563,3,145122.451211
0.915249,3,145125.491445
0.889862,3,145129.08538
0.831385,3,145129.178844
0.972176,3,145132.270803
0.919155,3,145134.615436
0.99491,3,145136.509346
0.923614,3,145139.89449
0.925138,3,145142.700965
0.0,6,145263.922449
0.795588,3,145264.027247
0.793062,3,145269.737579
0.0,10,145416.728739
0.934573,3,145419.451745
0.830887,3,145419.734329
0.99491,3,145423.432533
0.929339,3,145423.522884
0.934125,3,145426.380373
0.910421,3,145426.492991
0.981618,3,145428.523066
0.963575,3,145430.890795
0.953845,3,145430.970255
0.920512,3,145434.071027
0.979499,3,145438.358443
0.974454,3,145440.589002
0.993119,3,145442.448672
0.946003,3,145442.535826
0.979059,3,145445.50477
0.9225,3,145445.656774
0.911653,3,145445.860578
0.912643,3,145449.098952
0.954246,3,145451.273801
0.956113,3,145456.281934
0.920454,3,145456.368418
0.945209,3,145459.144734
0.903512,3,145466.906903
0.948963,3,145469.423352
0.930594,3,145469.547701
0.959275,3,145474.52031
0.902914,3,145477.740278
0.0,1,145538.177387
0.970106,3,145540.497841
0.959475,3,145542.741014
0.0,1,145603.237799
0.963199,3,145605.54265
0.922473,3,145605.752779
0.97466,3,145610.895405
0.942176,3,145611.022285
0.991778,3,145613.367006
0.0,7,145767.285022
0.955624,3,145769.821046
0.830438,3,145774.774981
0.99297,3,145776.777921
0.0,4,145838.494611
0.927805,3,145838.598379
0.894466,3,145838.689377
0.991778,3,145843.095664
0.977884,3,145848.584412
0.92131,3,145851.287618
0.915932,3,145851.38035
0.989548,3,145855.495892
0.937356,3,145858.811867
0.955969,3,145861.227748
0.99491,3,145863.141651
0.96563,3,145863.307002
0.0,7,146054.845824
0.869107,3,146054.950072
0.967431,3,146057.41407
0.969262,3,146059.682958
0.819129,3,146065.020261
0.922032,3,146068.022955
0.950446,4,146070.411576
0.960224,3,146072.783292
0.942176,3,146072.915719
0.979646,3,146077.905221
0.929283,3,146077.991119
0.859561,3,146082.502469
0.903509,3,146085.827199
0.929929,3,146091.772024
0.920347,3,146098.117553
0.881669,3,146098.211689
0.981618,3,146098.365729
0.974075,3,146101.986429
0.961379,3,146106.569148
0.922254,3,146109.466382
0.918635,3,146112.427298
0.883899,3,146116.305099
0.903131,3,146119.458797
0.829392,3,146124.533741
0.993119,3,146126.497643
0.99491,3,146128.410219
0.982887,3,146133.139237
0.930706,3,146135.456967
0.959275,3,146140.414906
0.915854,3,146143.476597
0.912506,3,146159.330687
0.996404,3,146161.236283
0.902914,3,146164.408319
0.968504,3,146166.598796
0.980499,3,146170.846043
0.90324,3,146210.703906
0.959275,3,146213.318846
0.912643,3,146216.342993
0.983123,3,146218.490838
0.983919,3,146220.604986
0.830438,3,146225.578419
0.956113,3,146230.535012
0.976358,3,146232.679736
0.960284,3,146237.515691
0.865357,3,146237.608522
0.99491,3,146239.496549
0.99491,3,146241.404549
0.957262,3,146244.285641
0.962737,3,146248.982996
0.929144,3,146249.072345
0.940653,3,146251.67469
0.943906,3,146254.260782
0.915249,3,146257.265843
0.952675,3,146259.95991
0.940653,3,146262.568854
0.946943,3,146265.0811
0.895754,3,146265.167385
0.973198,4,146270.571543
0.952246,3,146273.518531
0.979059,3,146275.880181
0.920512,3,146278.860177
0.97466,3,146284.174799
0.921642,3,146284.266653
0.9982,3,146288.096411
0.981146,3,146290.227096
0.0,2,146350.774956
0.982887,3,146355.085452
0.984451,3,146355.163215
0.973052,3,146360.615759
0.873901,3,146364.93437
0.859561,3,146369.525317
0.0,4,146458.942497
0.991778,3,146461.503621
0.79473,3,146467.229867
0.844247,3,146476.614216
0.948963,3,146479.277656
0.952818,3,146481.79431
0.929147,3,146484.720106
0.955969,3,146487.185175
0.982739,3,146489.532464
0.961727,3,146494.943785
0.866327,3,146504.241903
0.986286,3,146506.677463
0.881853,3,146506.764738
0.953962,3,146509.804592
0.989548,3,146513.902831
0.881669,3,146514.001546
0.95988,3,146516.223241
0.912095,3,146519.290253
0.95988,3,146521.649488
0.976124,3,146526.052921
0.99491,3,146529.891105
0.984451,3,146529.967952
0.0,15,146722.82304
0.86476,3,146723.069766
0.968826,3,146726.297084
0.831385,3,146726.391243
0.986138,3,146730.52679
0.989548,3,146734.663587
0.90324,3,146774.93293
0.939383,3,146777.70146
0.0,16,146899.154084
0.0,12,147153.87368
0.993268,3,147158.243006
0.907862,3,147161.700419
0.0,3,147229.979491
0.930594,3,147230.114926
0.758822,3,147230.589499
0.946003,3,147230.669203
0.94999,3,147233.092394
0.959419,3,147237.931777
0.979059,3,147240.191223
0.954246,3,147242.318344
0.97627,3,147247.449863
0.979059,3,147249.888973
0.755709,3,147256.528012
0.795588,3,147256.627829
0.90202,3,147260.056921
0.996404,3,147261.956702
0.979059,3,147264.281467
0.996404,3,147266.062216
0.939751,5,147271.402798
0.993268,3,147275.75732
0.913022,3,147275.85334
0.966067,3,147280.543133
0.924579,3,147280.665907
0.85938,3,147285.240966
0.85938,3,147290.033626
0.988271,3,147292.073211
0.950531,3,147294.618083
0.912095,3,147297.667296
0.943906,3,147300.220863
0.0,1,147360.911786
0.972174,3,147361.003025
0.912643,3,147364.030519
0.955365,3,147366.486676
0.961727,3,147371.779121
0.968447,3,147374.090803
0.956113,3,147379.102421
0.979059,3,147381.534792
0.916289,3,147384.034516
0.988924,4,147386.895003
0.972176,3,147389.902778
0.963199,3,147392.176235
0.968418,3,147394.454381
0.930706,3,147396.774295
0.83141,3,147396.866999
0.99297,3,147398.971467
0.923614,3,147402.492965
0.953733,3,147407.489305
0.857546,3,147407.590192
0.993119,3,147409.596256
0.972614,3,147411.946909
0.881669,4,147412.066511
0.995059,3,147415.882263
0.98327,3,147417.977801
0.99297,3,147420.023864
0.988983,3,147420.110363
0.987916,3,147422.478853
0.967138,3,147424.736641
0.99491,3,147426.641107
0.960108,3,147426.724234
0.976124,3,147431.144122
0.826387,3,147436.29756
0.962737,3,147440.984784
0.986523,3,147443.095448
0.933957,3,147446.014371
0.0,3,147521.665548
0.789736,3,147521.791038
0.952675,3,147526.897967
0.986286,3,147531.412955
0.958641,3,147533.85892
0.85938,3,147538.452468
0.873239,3,147538.547151
0.979059,3,147540.904409
0.929283,3,147540.995186
0.946943,3,147543.530488
0.969873,3,147545.763939
0.99297,3,147549.755509
0.94999,3,147552.238491
0.971301,3,147555.505789
0.795588,3,147555.777165
0.981146,3,147557.88116
0.965342,4,147564.178866
0.973052,3,147569.689159
0.973052,3,147575.006602
0.912643,3,147578.021257
0.90202,3,147581.656318
0.916098,3,147581.742816
0.872485,3,147585.426658
0.921591,3,147588.360898
0.964877,3,147590.729836
0.948963,3,147593.344797
0.96653,3,147595.604537
0.945123,3,147595.731886
0.996404,3,147597.6651
0.86476,3,147597.756078
0.934828,3,147607.278455
0.97759,3,147611.749902
0.90324,3,147639.552134
0.934181,3,147642.304039
0.952246,3,147645.230759
0.963517,3,147647.613923
0.758822,3,147647.711658
0.907862,3,147651.207496
0.957031,3,147653.553382
0.831385,3,147653.647944
0.831385,3,147653.74036
0.86476,3,147653.829143
0.894224,3,147657.537819
0.982916,3,147659.670511
0.936255,3,147659.753697
0.79473,3,147665.536264
0.934573,3,147668.275892
0.794968,3,147674.168513
0.903512,3,147681.62733
0.84346,6,147690.82252
0.881853,3,147690.910872
0.757866,3,147691.010062
0.970572,3,147694.670806
0.951961,3,147700.258606
0.982739,3,147702.635445
0.864371,3,147702.724544
0.85938,3,147707.414147
0.895137,3,147707.506321
0.962304,3,147710.125251
0.0,1,147770.788426
0.959419,3,147775.571739
0.996404,3,147777.483411
0.945663,3,147777.661829
0.971533,3,147779.759533
0.864371,3,147779.852495
0.915249,3,147782.858831
0.991778,3,147787.048379
0.934125,3,147789.804984
0.970659,3,147792.087183
0.925,3,147794.945081
0.979059,3,147797.343944
0.92131,3,147799.976684
0.946003,3,147800.059544
0.895137,3,147800.146039
0.757025,3,147806.952296
0.948963,3,147809.594208
0.921591,3,147812.471312
0.982887,3,147817.182855
0.912506,3,147832.862651
0.939465,3,147835.102411
0.942402,3,147837.318695
0.915497,3,147840.34222
0.933145,3,147846.387095
0.943906,3,147848.95313
0.95053,3,147851.294928
0.913049,3,147851.377711
0.929339,3,147851.464153
0.881669,3,147851.561827
0.920454,3,147851.648837
0.907862,3,147855.1298
0.922473,3,147855.211729
0.921812,3,147858.151126
0.989875,3,147860.20418
0.96563,3,147860.285639
0.962737,3,147865.008826
0.933758,3,147865.127061
0.912643,3,147868.143794
0.930706,3,147870.464923
0.974834,3,147870.544742
0.930706,3,147870.626845
0.0,1,147931.330369
0.979059,3,147935.826207
0.942233,3,147935.906103
0.960224,3,147938.250507
0.942294,3,147944.291533
0.933145,3,147950.125622
0.912643,3,147953.156835
0.877444,3,147953.25127
0.931185,3,147955.911911
0.979499,3,147960.205478
0.984363,3,147964.509399
0.881669,3,147964.601871
0.971533,3,147966.695967
0.979059,3,147969.056326
0.962304,3,147971.685783
0.947367,3,147971.768694
0.963575,3,147974.027359
0.922833,3,147974.112004
0.90324,3,148001.849013
0.952989,3,148004.334135
0.942179,3,148007.257987
0.949392,3,148012.533109
0.928921,3,148012.620457
0.964819,3,148014.976467
0.942294,3,148020.895478
0.961696,3,148023.144515
0.946003,3,148023.31857
0.873292,3,148023.415071
0.96563,3,148023.493564
0.933224,3,148023.577051
0.880878,3,148027.354264
0.962593,3,148029.880827
0.925,3,148032.735152
0.945039,3,148035.47706
0.0,7,148177.88369
0.943906,3,148180.466778
0.989934,3,148182.408415
0.0,6,148299.813427
0.0,11,148415.028104
0.0,4,148492.376518
0.911298,3,148492.480468
0.929339,3,148492.567478
0.0,1,148552.877487
0.97759,3,148557.370962
0.952818,3,148559.938838
0.903512,3,148567.604787
0.929339,3,148567.720807
0.951961,3,148573.087631
0.979059,3,148575.344607
0.931466,3,148584.846381
0.85938,3,148589.463092
0.757866,3,148589.758002
0.897455,3,148593.133849
0.90324,3,148633.58518
0.949787,3,148633.663003
0.910148,3,148633.75076
0.921812,3,148636.684013
0.924552,3,149004.707035
0.990677,3,149004.787415
0.974075,3,149008.055613
0.957058,3,149008.135189
0.979353,3,149012.509136
0.90202,3,149015.783463
0.755075,3,149022.460808
0.927753,3,149025.411096
0.942859,4,149028.128552
0.912506,3,149043.679677
0.99491,3,149045.575125
0.0,4,149108.717614
0.940653,3,149111.335112
0.973052,3,149116.833118
0.94999,3,149119.314973
0.880878,3,149123.094447
0.858138,3,149126.104496
0.989697,3,149128.600419
0.927805,3,149130.84369
0.915932,3,149130.941181
0.962593,3,149135.790494
0.99491,3,149139.600398
0.960226,3,149144.233235
0.966067,3,149148.851938
0.86279,3,149153.20786
0.0,7,149304.790576
0.933145,3,149310.668713
0.962593,3,149315.494483
0.967373,3,149320.516691
0.884724,3,149324.880607
0.981206,3,149327.266443
0.96653,3,149329.571747
0.904597,3,149333.160262
0.90324,3,149373.416111
0.915249,3,149376.429366
0.916098,3,149376.515151
0.913056,3,149380.734988
0.966064,3,149380.82787
0.986523,3,149382.924334
0.982887,3,149387.228402
0.959275,3,149392.154107
0.927753,3,149394.95888
0.986286,3,149397.433142
0.988598,3,149399.462154
0.972935,3,149401.664699
0.943368,3,149404.280201
0.789736,3,149404.391926
0.963199,3,149406.676312
0.86476,3,149406.769484
0.0,4,149523.350845
0.94535,3,149525.555795
0.968418,3,149527.881057
0.912506,3,149543.285339
0.942294,3,149546.556666
0.981265,3,149549.613053
0.99491,3,149551.508053
0.0,4,149627.869513
0.0,4,149744.950365
0.947257,3,149750.557745
0.98327,3,149752.689614
0.934573,3,149755.433607
0.789736,3,149755.545094
0.970017,3,149757.730309
0.980676,3,149759.766268
0.920512,3,149762.825037
0.97466,3,149768.177295
0.99491,3,149770.11165
0.894466,4,149770.226012
0.983477,3,149772.821162
0.981146,3,149774.924404
0.915932,3,149775.011022
0.964819,3,149777.263535
0.945066,3,149777.346948
0.903046,3,149777.432486
0.94535,3,149779.633977
0.98451,3,149781.614043
0.944613,3,149784.604242
0.942294,3,149790.391275
0.0,5,149924.653277
0.942859,3,149930.061732
0.973227,3,149932.265841
0.953962,3,149935.286476
0.907862,3,149938.730326
0.916289,3,149941.155213
0.96563,3,149941.244761
0.916098,3,149941.335948
0.821418,3,149946.108812
0.913056,3,149950.324489
0.972614,3,149952.705525
0.948963,3,149955.299733
0.99297,3,149959.183488
0.910864,3,149971.387877
0.937356,3,149974.566005
0.927559,3,149978.223938
0.960284,3,149982.926868
0.979059,3,149985.200376
0.945663,3,149985.379016
0.957031,3,149987.768474
0.979646,3,149992.810002
0.951501,3,149992.923735
0.936372,3,149998.715237
0.963457,3,149998.797051
0.972614,3,150001.225248
0.952675,3,150003.943763
0.961379,3,150008.535495
0.0,18,150231.39105
0.921812,3,150234.360146
0.819129,3,150239.301436
0.909798,3,150242.36819
0.987916,3,150246.756429
0.979059,3,150249.017802
0.979059,3,150251.409182
0.969873,3,150253.65424
0.931435,3,150256.4122
0.980676,3,150258.511779
0.86546,3,150258.600954
0.962593,3,150261.117662
0.937356,3,150264.346039
0.910864,3,150276.653207
0.789736,3,150276.761357
0.979059,3,150279.147604
0.917865,3,150282.780548
0.789736,3,150282.895442
0.991778,3,150287.198692
0.873901,3,150291.491524
0.811085,3,150298.930749
0.966067,3,150303.533154
0.0,5,150405.424323
0.981323,3,150405.51184
0.962593,3,150408.027797
0.991332,3,150410.159988
0.92131,3,150412.907067
0.915932,3,150412.996847
0.942233,3,150413.075579
0.869107,3,150413.191058
0.97759,3,150417.582929
0.0,1,150478.086041
0.996404,3,150479.973164
0.93831,3,150480.05995
0.979059,3,150482.485347
0.023996,6,150512.844306
0.79311,3,150518.638178
0.962593,3,150523.43264
0.981265,3,150526.485794
0.984451,3,150526.561539
0.98327,3,150528.677337
0.86546,3,150528.766955
0.9225,3,150528.851816
0.922001,3,150528.936994
0.927559,3,150532.764807
0.99491,3,150534.676385
0.894466,4,150534.794047
0.885359,3,150538.472042
0.982887,3,150543.104505
0.0,7,150619.388907
0.981265,3,150624.277085
0.861788,3,150633.992218
0.966064,3,150634.088997
0.969262,3,150636.417387
0.934181,3,150639.164847
0.0,64,151279.991298
0.913022,3,151280.087477
0.950018,3,151282.477822
0.937356,3,151285.551316
0.897455,3,151288.942904
0.972468,3,151291.430521
0.936536,4,151291.533323
0.991778,3,151295.71028
0.912095,3,151298.75454
0.93831,3,151298.866124
0.930706,3,151301.20818
0.94572,3,151303.707975
0.79473,3,151309.434545
0.933957,3,151312.161811
0.893098,3,151315.939384
0.8946,3,151316.177214
0.965543,3,151318.453281
0.961696,3,151320.792799
0.981618,3,151322.774244
0.918663,3,151325.625901
0.991481,3,151329.79487
0.795588,3,151330.073776
0.981265,3,151333.070399
0.0,7,151410.931292
0.950018,3,151413.472321
0.897455,3,151416.969627
0.996404,3,151418.870181
0.921477,3,151422.071532
0.970106,3,151426.531911
0.970106,3,151431.056435
0.972614,3,151435.600956
0.936536,3,151437.876192
0.99491,3,151439.785875
0.895754,3,151439.876908
0.99491,3,151441.774545
0.963517,3,151444.13893
0.979059,3,151448.674083
0.969873,3,151450.875601
0.828546,3,151450.985347
0.982887,3,151455.216539
0.0,5,151558.346469
0.789736,3,151558.467092
0.944613,3,151561.265846
0.931435,3,151564.02393
0.894224,3,151567.762677
0.79311,3,151573.729705
0.988983,3,151573.810499
0.922254,3,151576.673225
0.87089,7,151590.741453
0.0,3,151667.560224
0.90324,3,151707.751376
0.831385,3,151707.846015
0.99297,3,151709.878538
0.933957,3,151712.619379
0.946943,3,151715.161721
0.966064,3,151715.295477
0.0,1,151775.787376
0.906037,3,151778.939638
0.991719,3,151780.902821
0.97759,3,151785.389172
0.757866,4,151785.520757
0.963517,3,151787.924729
0.957262,3,151790.644757
0.952246,3,151796.153572
0.898937,3,151799.587822
0.969262,3,151801.792485
0.942294,3,151805.19166
0.918415,3,151808.322863
0.948963,3,151810.905999
0.886583,9,151829.145598
0.755709,3,151835.957147
0.984451,3,151836.032216
0.922473,3,151836.115328
0.912506,3,151851.80226
0.959419,3,151856.686391
0.94572,3,151859.329682
0.98451,3,151859.409677
0.921812,3,151862.296468
0.953104,3,151864.849228
0.975273,3,151864.927574
0.931325,5,151884.051919
0.870548,3,151888.046747
0.858138,3,151891.271068
0.96563,3,151891.351283
0.991332,3,151895.473424
0.932888,3,151897.964964
0.979059,3,151900.231472
0.946003,3,151900.409033
0.924556,3,151903.268285
0.979499,3,151907.61064
0.993417,3,151911.562316
0.956455,3,151911.643716
0.0,4,151988.335046
0.989934,3,151990.414603
0.922254,3,151993.203961
0.955969,3,151995.639925
0.939611,3,152002.193524
0.993417,3,152006.165306
0.946259,3,152006.252564
0.912643,3,152009.282331
0.969873,3,152011.532657
0.811085,3,152019.589131
0.982739,3,152021.849996
0.940653,3,152024.366992
0.756549,3,152030.990075
0.983919,3,152033.092307
0.97759,3,152035.314856
0.942402,3,152035.406452
0.979059,3,152039.945139
0.930961,3,152042.64696
0.926724,3,152048.745492
0.987916,3,152053.089061
0.79311,3,152058.849942
0.979646,3,152063.891674
0.922888,3,152063.983341
0.86476,3,152064.07747
0.971533,3,152066.228275
0.913049,3,152066.312474
0.977884,3,152072.001463
0.952246,3,152077.434191
0.99491,3,152081.208841
0.979059,3,152083.612482
0.996404,3,152085.511267
0.907862,3,152092.089392
0.95988,3,152094.417976
0.957262,3,152097.15652
0.978205,3,152097.246512
0.953104,3,152099.832488
0.0,15,152258.199153
0.924746,3,152258.291434
0.99297,3,152260.316522
0.943368,3,152262.845152
0.993119,3,152264.694486
0.947367,3,152264.804999
0.960226,3,152269.373359
0.942686,3,152269.454834
0.794968,3,152275.191123
0.915249,4,152278.21627
0.942236,3,152281.159373
0.982739,3,152283.412904
0.991481,3,152287.494305
0.793062,4,152293.366846
0.991332,3,152297.517761
0.987916,3,152301.739238
0.943906,3,152304.345321
0.894466,3,152304.438401
0.991778,3,152308.739224
0.996404,3,152310.619043
0.913056,5,152315.485844
0.99491,3,152317.381012
0.86476,3,152317.473003
0.0,1,152378.189131
0.981265,3,152381.51798
0.885359,3,152385.05963
0.933449,3,152385.155319
0.925,3,152388.02278
0.922833,3,152388.105901
0.964472,3,152390.48664
0.979499,3,152392.733459
0.929339,3,152392.818277
0.864786,3,152393.056819
0.957262,3,152395.973717
0.99297,3,152397.874268
0.897455,3,152401.333852
0.916289,3,152403.830052
0.915795,3,152403.955134
0.981265,3,152407.255831
0.93328,3,152407.347108
0.858138,3,152410.370274
0.945066,3,152410.452799
0.951501,3,152410.530728
0.937496,3,152413.419531
0.982916,3,152415.448012
0.981146,3,152417.560553
0.912643,3,152420.615158
0.789736,3,152420.726488
0.894224,3,152424.332811
0.942294,3,152427.452033
0.984363,3,152431.785908
0.979059,3,152434.174274
0.952246,3,152439.648735
0.90324,3,152470.697998
0.962015,3,152477.885538
0.0,7,152597.180815
0.959419,3,152602.047518
0.86279,3,152606.427772
0.90324,3,152633.730513
0.975185,3,152633.810972
0.86476,3,152633.898147
0.981206,3,152636.321109
0.979059,3,152638.676695
0.922001,3,152638.76035
0.93166,3,152641.435785
0.945606,3,152641.609282
0.904733,3,152645.167392
0.957173,3,152645.246044
0.95988,3,152647.462265
0.755709,3,152654.208546
0.975273,3,152654.287259
0.946943,3,152656.806652
0.937356,3,152659.964186
0.987916,3,152662.322912
0.99491,3,152664.236935
0.961727,3,152669.590106
0.933957,3,152672.351362
0.996404,3,152674.230531
0.930961,3,152676.997877
0.991778,3,152681.357885
0.979059,3,152685.722737
0.991778,3,152690.095736
0.97997,3,152692.304564
0.929929,3,152698.282466
0.924191,3,152701.05932
0.960684,3,152701.138381
0.979499,3,152703.457699
0.929283,3,152703.541304
0.830887,4,152703.662423
0.984659,3,152708.684325
0.933004,4,152739.178468
0.987916,3,152741.571231
0.99491,3,152743.460623
0.96375,3,152750.910955
0.748063,4,152751.047266
0.973929,3,152754.058409
0.873901,3,152758.356674
0.983477,3,152760.978015
0.953962,3,152764.001505
0.9982,4,152767.717661
0.828546,3,152767.831141
0.973052,3,152773.363703
0.877496,3,152773.460128
0.872485,3,152777.29536
0.979499,3,152781.635463
0.884798,7,152790.983611
0.982739,3,152795.225118
0.829367,3,152800.122067
0.99491,3,152803.997834
0.960226,3,152808.777802
0.912506,3,152824.601378
0.910864,3,152836.651048
0.972176,3,152839.642911
0.933004,4,152866.945725
0.92203,3,152867.031369
0.989697,3,152869.125369
0.943368,3,152871.706439
0.873901,3,152876.003118
0.912643,3,152879.034182
0.869107,3,152879.147238
0.982887,3,152883.497355
0.0,1,152944.21056
0.95379,3,152946.78829
0.99297,3,152950.69683
0.880878,3,152954.459461
0.947367,3,152954.570855
0.0,4,153049.070471
0.0,1,153109.528339
0.993268,3,153113.902012
0.79473,3,153119.907737
0.93328,3,153119.989947
0.924552,3,153120.075641
0.957173,3,153120.154684
0.950018,3,153122.661141
0.97759,3,153127.108127
0.912506,3,153142.664017
0.936372,3,153148.407086
0.796591,3,153148.681116
0.979646,3,153153.662721
0.929339,3,153153.758543
0.950446,3,153156.277481
0.869055,3,153156.395922
0.885359,3,153160.228746
0.858138,4,153163.294062
0.976593,3,153165.442405
0.969698,3,153171.187868
0.95988,3,153173.541159
0.99491,3,153175.445907
0.894466,4,153175.586495
0.968418,3,153177.876561
0.757025,3,153184.51234
0.993417,3,153186.625386
0.969873,3,153188.83824
0.96563,3,153188.920709
0.9982,3,153192.738098
0.97759,3,153197.234047
0.942294,3,153200.406836
0.942294,3,153206.227417
0.755075,3,153213.126671
0.972468,3,153215.634282
0.991778,3,153218.004509
0.987916,3,153222.225176
0.961727,3,153227.575999
0.79311,3,153233.395525
0.962737,3,153235.994509
0.959275,3,153240.934891
0.945606,3,153241.021598
0.946943,3,153243.556003
0.99297,3,153245.597892
0.99491,4,153247.521909
0.968447,3,153249.798271
0.864371,3,153250.0399
0.972468,3,153252.541709
0.99297,3,153254.548148
0.865357,3,153254.638042
0.945663,3,153254.811897
0.982887,3,153259.081913
0.858138,3,153262.296579
0.947257,3,153265.287354
0.923614,3,153268.781236
0.979646,3,153273.790023
0.979059,3,153276.193618
0.908952,3,153279.285896
0.979059,3,153281.73135
0.965922,3,153284.191087
0.976124,3,153286.543087
0.981146,3,153288.647313
0.977884,3,153294.227532
0.962533,3,153296.518765
0.119634,13,153422.610958
0.789736,3,153422.727762
0.973052,3,153428.101753
0.930961,3,153430.867024
0.956113,3,153435.808232
0.989934,3,153437.859989
0.933004,5,153468.082747
0.915249,3,153471.064654
0.986523,3,153473.14389
0.920509,3,153473.237935
0.98451,3,153475.18436
0.961727,3,153480.442436
0.956113,3,153485.59199
0.898937,3,153489.028999
0.93387,3,153489.114321
0.937356,3,153492.44796
0.957262,3,153495.310244
0.892857,3,153499.083962
0.990142,3,153503.726002
0.973052,3,153509.111285
0.987916,3,153513.518955
0.942686,3,153513.602187
0.906037,3,153516.742881
0.96563,3,153516.821506
0.940935,3,153519.551974
0.933957,3,153522.260085
0.962304,3,153524.876251
0.946318,3,153527.463848
0.989548,3,153529.621396
0.931325,4,153539.719936
0.951243,3,153539.804301
0.924886,3,153539.888317
0.933004,6,153568.128262
0.936173,3,153570.941469
0.981206,3,153573.337862
0.930961,3,153576.093131
0.943906,3,153578.674588
0.93831,3,153578.75893
0.988064,3,153580.927957
0.895137,3,153581.014789
0.90324,3,153608.771823
0.993417,3,153612.76358
0.987916,3,153616.974174
0.944669,3,153619.680621
0.956113,3,153624.641328
0.959275,3,153629.629453
0.873901,3,153633.939437
0.952675,3,153636.53071
0.0,21,154108.095119
0.922833,3,154108.391231
0.965369,3,154108.467945
0.956113,3,154113.334196
0.970017,3,154115.571179
0.966067,3,154117.955739
0.894922,3,154118.041587
0.982916,3,154120.156292
0.94535,3,154122.350824
0.0,2,154184.406589
0.950446,3,154186.887306
0.934686,3,154189.907066
0.830264,3,154194.885089
0.0,4,154329.187747
0.956113,3,154334.33227
0.927805,3,154336.58902
0.988064,3,154341.032345
0.870548,3,154345.035117
0.99491,3,154346.941265
0.961727,3,154352.309411
0.958641,3,154354.739421
0.920675,5,154355.383342
0.828446,3,154355.496656
0.0,12,154439.999279
0.873901,3,154444.304504
0.962737,3,154449.030741
0.913022,3,154449.121197
0.944613,3,154451.904207
0.888421,5,154455.763752
0.934573,3,154458.488119
0.959475,3,154460.724646
0.0,6,154539.789647
0.983123,3,154541.856581
0.925194,3,154544.879243
0.979059,3,154547.159962
0.0,5,154683.048581
0.962593,3,154687.885706
0.962737,3,154692.568861
0.936199,3,154692.658978
0.0,4,154826.603671
0.894388,3,154830.010798
0.962995,3,154830.14677
0.96563,3,154830.225775
0.97997,3,154834.543025
0.908952,3,154837.55406
0.978352,3,154837.636501
0.960226,3,154842.241814
0.973227,3,154844.45661
0.99491,3,154846.465228
0.968418,3,154848.780668
0.996404,3,154850.673481
0.960226,3,154855.211637
0.984244,3,154855.295024
0.946943,3,154858.036686
0.95988,3,154860.34685
0.990677,3,154862.26377
0.988064,3,154866.934298
0.972614,3,154869.206357
0.755075,3,154875.871823
0.916289,3,154878.333708
0.962593,3,154883.183511
0.936372,3,154886.176376
0.881853,3,154886.261442
0.979059,3,154888.660177
0.93328,3,154888.740301
0.980087,3,154890.929275
0.993268,3,154895.336264
0.916098,3,154895.426118
0.28013,6,154984.424988
0.963199,3,154986.723781
0.811085,3,154994.17466
0.979059,3,154996.603463
0.927753,3,154999.460481
0.971533,3,155001.605192
0.981265,3,155006.681804
0.869055,3,155006.796433
0.902914,3,155010.002808
0.106192,3,155010.316573
0.912506,3,155025.612621
0.945606,3,155025.692978
0.930594,3,155025.772886
0.912721,3,155028.601749
0.969262,3,155033.237925
0.921642,3,155033.32434
0.872485,3,155037.116536
0.927753,3,155040.094423
0.924778,3,155043.15727
0.982739,3,155045.492991
0.991778,3,155047.834144
0.947257,3,155053.523347
0.0,2,155115.557604
0.962304,3,155118.180399
0.957262,3,155496.632819
0.991778,3,155499.173006
0.891119,8,155519.13266
0.979059,3,155521.492927
0.925,3,155524.210925
0.942402,3,155526.415435
0.963517,3,155528.803521
0.967373,3,155531.301476
0.940653,3,155534.014477
0.857546,3,155534.119194
0.982739,3,155536.525763
0.936372,3,155542.291542
0.965369,3,155542.371275
0.956113,3,155547.341473
0.962737,3,155551.924711
0.898937,3,155555.345835
0.996404,3,155557.236876
0.956113,3,155562.070703
0.79473,3,155567.829107
0.986138,3,155570.06102
0.99491,3,155571.94883
0.962304,3,155574.551249
0.966067,3,155579.175592
0.969873,3,155581.355627
0.795636,3,155581.46136
0.918415,3,155584.37486
0.959475,3,155586.591483
0.959419,3,155591.4793
0.959475,3,155593.753065
0.988894,3,155593.832788
0.940653,3,155596.433681
0.99491,3,155598.340307
0.864786,3,155598.432538
0.963575,3,155600.727865
0.895137,3,155600.95875
0.892913,3,155604.42893
0.972291,3,155604.510733
0.92203,3,155604.593813
0.946943,3,155607.110459
0.987916,3,155611.423988
0.895754,3,155611.654585
0.979059,3,155614.000955
0.884724,3,155618.458557
0.962015,3,155625.715021
0.906037,3,155628.840906
0.957262,3,155631.643515
0.991332,3,155633.691628
0.931185,3,155636.462693
0.95988,3,155638.961362
0.913056,3,155643.272981
0.957262,3,155646.013387
0.848314,3,155652.331969
0.962737,3,155657.033607
0.921591,3,155659.971051
0.952246,3,155665.378302
0.973052,3,155670.70655
0.930961,3,155673.340497
0.991778,3,155675.672348
0.957262,3,155678.66451
0.86546,3,155678.755632
0.0,3,155743.320118
0.913056,3,155751.153482
0.972906,3,155754.418956
0.974075,3,155758.161083
0.948538,3,155768.614069
0.944613,3,155771.381549
0.953504,3,155773.810487
0.957031,3,155776.120429
0.983477,3,155778.965923
0.976593,3,155781.097943
0.963313,3,155781.175407
0.957262,3,155784.025981
0.912721,3,155786.883267
0.0,4,155863.555773
0.99491,3,155865.456895
0.990142,3,155869.933702
0.973929,3,155872.906742
0.921394,3,155876.115851
0.946943,3,155878.52124
0.942686,3,155878.606048
0.789736,3,155878.712675
0.0,6,155993.314006
0.943906,3,155995.894519
0.917865,3,155999.559314
0.991332,3,156001.589966
0.956113,3,156004.116791
0.993417,3,156008.148253
0.97759,3,156012.625807
0.0,3,156074.199353
0.97759,3,156078.716924
0.970106,3,156083.201766
0.927559,3,156086.840139
0.0,12,156219.925574
0.99491,3,156221.830524
0.86476,3,156221.919959
0.942294,3,156227.680952
0.932445,3,156234.62251
0.921591,3,156237.587373
0.97759,3,156242.020391
0.930594,3,156242.101489
0.927559,3,156245.880888
0.99297,3,156247.880009
0.873292,3,156247.975098
0.922254,3,156250.849168
0.951961,3,156256.491342
0.913049,3,156256.570397
0.942233,3,156256.654594
0.8946,3,156256.741715
0.982916,3,156258.897993
0.968418,3,156261.195726
0.99491,3,156264.865808
0.956455,3,156264.950132
0.961727,3,156270.306178
0.930961,3,156273.064026
0.0,1,156333.887446
0.0,7,156408.654035
0.828446,3,156408.76223
0.873901,3,156413.09393
0.961696,3,156415.45311
0.861788,3,156420.47943
0.97759,3,156424.826522
0.974075,3,156428.044737
0.991719,3,156430.046008
0.948306,3,156432.23795
0.966067,3,156436.905531
0.982739,3,156441.18605
0.991481,3,156443.298391
0.789736,3,156443.414731
0.968447,3,156445.69055
0.977884,3,156451.200556
0.830264,3,156456.082044
0.0,2,156518.424811
0.906037,3,156521.542156
0.948538,3,156531.333551
0.959475,3,156533.58742
0.949787,3,156533.663898
0.921591,3,156536.614231
0.83141,3,156536.707088
0.85938,3,156541.288611
0.931325,4,156559.628071
0.99491,3,156561.533334
0.962593,3,156564.086472
0.932445,3,156570.81445
0.873901,3,156574.996824
0.877496,3,156575.09267
0.94999,3,156577.617569
0.991332,3,156581.747958
0.894388,3,156585.247428
0.952818,3,156587.910729
0.0,14,156818.338553
0.977884,3,156823.795221
0.957262,3,156826.484101
0.957031,3,156828.827629
0.789736,3,156828.942505
0.971533,3,156831.053507
0.891119,4,156851.022727
0.982739,3,156855.415368
0.758822,3,156855.523257
0.939383,3,156858.210513
0.942294,3,156864.3233
0.991778,3,156868.502632
0.991332,3,156872.872542
0.981206,3,156875.232976
0.828546,3,156875.343939
0.0,9,157058.663418
0.950018,3,157061.149399
0.929339,3,157061.240741
0.986523,3,157063.327084
0.929339,3,157063.437645
0.97759,3,157065.77383
0.907862,3,157069.239663
0.903046,3,157069.338417
0.96375,3,157076.335485
0.958641,3,157078.764313
0.968418,3,157081.118993
0.988598,3,157083.146356
0.966067,3,157087.693626
0.986523,3,157089.684695
0.87089,4,157098.595995
0.99491,3,157102.369996
0.981146,3,157104.47363
0.925138,3,157107.384406
0.872485,3,157111.084692
0.989697,3,157113.560915
0.953962,3,157116.563167
0.965369,3,157116.641029
0.982887,3,157121.268289
0.828446,3,157121.372433
0.947367,3,157121.462751
0.991719,3,157123.514747
0.972468,3,157128.165883
0.967138,3,157130.376674
0.979499,3,157134.997607
0.933004,4,157161.974849
0.993417,3,157164.103225
0.991481,3,157168.173492
0.95988,3,157170.522295
0.924552,3,157170.608398
0.907726,3,157177.318485
0.921587,3,157177.400973
0.952246,3,157183.111363
0.757025,3,157189.691531
0.930706,3,157192.0034
0.97759,3,157194.397659
0.951961,3,157200.048274
0.991332,3,157202.098223
0.969085,3,157202.229858
0.99491,3,157204.151632
0.963199,3,157206.47208
0.958641,3,157208.820262
0.959419,3,157213.697051
0.884724,3,157218.101057
0.936372,3,157221.039486
0.973052,3,157224.275247
0.961696,3,157226.489554
0.847546,3,157230.640753
0.991332,3,157232.723345
0.894224,3,157236.469562
0.991481,3,157240.689158
0.993119,3,157242.634975
0.945606,3,157242.714693
0.0,1,157303.272681
0.969262,3,157305.53966
0.916289,3,157307.988116
0.979059,3,157310.358733
0.959275,3,157315.269667
0.972614,3,157317.633698
0.0,8,157393.854531
0.885967,4,157397.746933
0.972468,3,157400.099995
0.915249,3,157403.125433
0.99297,3,157407.110922
0.916289,3,157407.205178
0.933146,3,157416.596589
0.99491,3,157418.497123
0.931325,4,157436.764558
0.930706,3,157439.000618
0.977884,3,157444.732177
0.884664,3,157447.937312
0.942294,3,157453.773854
0.969873,3,157455.8645
0.929144,3,157455.950174
0.944669,3,157458.697381
0.875477,5,157471.381093
0.95821,3,157473.865055
0.916289,3,157476.247631
0.893098,3,157480.061209
0.922833,3,157480.146165
0.945209,3,157482.807083
0.962304,5,157487.962729
0.931774,3,157491.353711
0.968447,3,157493.549459
0.915249,3,157496.530885
0.93831,3,157496.612545
0.884724,3,157500.996498
0.956801,3,157503.382216
0.940935,3,157506.106739
0.811085,3,157513.659284
0.961727,3,157519.200469
0.864786,3,157519.295355
0.968418,3,157521.605232
0.982739,3,157525.907174
0.908271,3,157529.725798
0.971533,3,157531.779056
0.90202,3,157535.11341
0.931774,3,157538.503428
0.885359,3,157542.098596
0.99491,3,157545.923651
0.0,8,157637.788336
0.950531,3,157640.328451
0.85938,3,157645.112828
0.895137,3,157645.200661
0.87089,5,157650.316726
0.789736,3,157650.424381
0.989934,3,157652.467408
0.968826,3,157655.721998
0.99297,3,157659.743262
0.939465,3,157661.971261
0.873901,3,157666.109084
0.981265,3,157669.145663
0.97627,3,157672.143892
0.961727,3,157677.463637
0.934181,3,157680.211108
0.996404,3,157682.10698
0.930961,3,157684.750051
0.931185,3,157687.509876
0.0,13,157814.906806
0.962737,3,157819.776844
0.975977,3,157821.98271
0.991719,3,157824.051143
0.859561,3,157828.637799
0.937356,3,157831.842896
0.977884,3,157837.385188
0.959419,3,157842.118416
0.892913,3,157845.655851
0.984659,3,157850.478666
0.962304,3,157853.268948
0.974454,3,157855.507283
0.972468,3,157857.909087
0.995059,3,157861.700188
0.931774,3,157865.122933
0.969698,3,157870.811291
0.963199,3,157873.074558
0.92203,3,157873.168528
0.771311,6,157890.122415
0.939383,3,157892.864715
0.942294,3,157899.041587
0.952675,3,157901.736543
0.0,1,157962.465072
0.962737,3,157966.947445
0.973929,3,157969.974609
0.92353,3,157973.094213
0.0,6,158036.11054
0.963199,3,158038.402869
0.930961,3,158041.028344
0.993417,3,158043.077665
0.942233,3,158043.158427
0.979263,3,158045.255126
0.90202,3,158048.652918
0.922032,3,158051.554121
0.945606,3,158051.639869
0.0,1,158111.994917
0.991481,3,158114.175283
0.891119,4,158134.109267
0.986819,3,158136.153143
0.811085,3,158143.588995
0.977884,3,158149.095458
0.97759,3,158153.442309
0.979059,3,158155.850497
0.933957,3,158158.601966
0.929929,3,158164.584838
0.811085,3,158172.336782
0.945209,3,158175.06401
0.99491,3,158176.976914
0.926724,3,158183.118901
0.966067,3,158187.665415
0.963199,3,158189.937454
0.991332,3,158191.961342
0.963517,3,158194.333068
0.972468,3,158196.820367
0.871073,5,158205.69025
0.90202,3,158209.138995
0.0,7,158312.605725
0.94535,3,158314.838301
0.92131,3,158317.574271
0.929283,3,158317.660302
0.915249,3,158320.638974
0.97759,3,158325.143719
0.975977,3,158327.455692
0.97997,3,158331.809855
0.947257,3,158337.506441
0.873292,3,158337.605957
0.966064,3,158337.685796
0.972468,3,158340.10181
0.858138,3,158343.150233
0.895754,3,158343.238375
0.984215,3,158343.313949
0.872485,3,158346.894642
0.986138,3,158351.176312
0.986523,3,158353.271203
0.94999,3,158355.678826
0.974629,3,158357.808243
0.979059,3,158360.210738
0.979646,3,158365.2233
0.976124,3,158367.496698
0.933224,3,158367.580165
0.912506,3,158383.349099
0.86476,3,158383.443008
0.0,1,158443.796496
0.848314,3,158450.126322
0.93166,3,158452.855849
0.024042,4,158453.261708
0.829392,3,158458.374219
0.99491,3,158460.265608
0.996404,3,158462.173513
0.99297,3,158466.187188
0.8946,3,158466.276265
0.925194,3,158469.188253
0.920454,3,158469.275656
0.962593,3,158471.798812
0.987916,3,158473.968058
0.989697,3,158476.404608
0.988064,3,158478.935495
0.986138,3,158483.07982
0.980676,3,158485.230445
0.972468,3,158487.704072
0.988064,3,158492.297228
0.942402,3,158492.378748
0.913405,3,158492.465381
0.992076,3,158492.538179
0.979059,3,158494.954868
0.956113,3,158499.895155
0.0,6,158573.026648
0.934125,3,158575.891848
0.988598,3,158577.948455
0.988983,3,158578.033921
0.979499,3,158580.333756
0.99297,3,158582.361036
0.939383,3,158585.136201
0.968418,3,158587.423278
0.894466,3,158587.521381
0.921477,3,158590.714808
0.894224,3,158594.449525
0.93166,3,158597.179353
0.895137,3,158597.274418
0.90202,3,158600.685684
0.959475,3,158602.934446
0.981146,3,158605.029498
0.832209,3,158605.121219
0.872195,3,158609.02126
0.943906,3,158611.580227
0.962304,3,158614.268241
0.92131,3,158616.963038
0.99297,3,158620.954086
0.99491,3,158622.863505
0.948963,3,158625.465416
0.883899,3,158629.215439
0.993119,3,158631.202972
0.884724,3,158635.593246
0.982887,3,158639.96472
0.962737,3,158644.640309
0.93831,3,158644.722776
0.968504,3,158646.882369
0.0,1,158707.606985
0.921394,3,158710.819462
0.99491,3,158712.719271
0.939611,3,158719.279261
0.944613,3,158722.060714
0.955365,3,158724.521087
0.930594,3,158724.60062
0.870548,3,158728.820112
0.950248,4,158734.450458
0.97466,3,158739.726541
0.973929,3,158742.617107
0.97627,3,158745.643759
0.90202,3,158749.04009
0.979059,3,158751.374616
0.962304,3,158754.215002
0.951501,3,158754.325669
0.953504,3,158756.738721
0.972176,3,158759.691879
0.921642,3,158759.775338
0.975977,3,158762.046274
0.99297,3,158766.004188
0.947257,3,158771.622449
0.921587,4,158771.768906
0.884724,3,158776.199037
0.959275,3,158781.15947
0.877444,3,158781.254308
0.972468,3,158783.736869
0.757025,3,158790.488917
0.979499,3,158792.683088
0.929144,3,158792.76646
0.96563,3,158792.849115
0.757866,3,158793.148941
0.912643,3,158796.069911
0.910864,3,158808.175153
0.970017,4,158810.388265
0.946003,3,158810.46885
0.979059,3,158812.80568
0.995298,3,158812.877541
0.948963,3,158815.49885
0.933758,3,158815.57883
0.959275,3,158820.526032
0.982887,3,158824.7663
0.885359,3,158828.648229
0.885359,3,158832.329855
0.962304,3,158835.080344
0.977884,3,158840.560057
0.866142,3,158844.605024
0.95379,3,158847.111089
0.962304,3,158849.713003
0.987916,3,158853.968458
0.979059,3,158856.389442
0.9299,3,158859.335537
0.951961,3,158864.273336
0.931466,3,158873.734066
0.962304,3,158876.576097
0.982739,3,158879.010406
0.972468,3,158881.425708
0.907339,3,158881.516224
0.0,6,158999.347481
0.913022,3,158999.443433
0.973052,3,159004.943929
0.0,3,159066.77697
0.989697,3,159068.891646
0.956113,3,159073.811654
0.979059,3,159076.068764
0.965922,3,159078.606862
0.942686,3,159078.691473
0.979059,3,159081.121783
0.955969,3,159086.10339
0.954246,3,159088.225095
0.975977,3,159090.503626
0.974075,3,159093.70559
0.907862,3,159097.053821
0.017575,12,159177.727679
0.793062,3,159183.497838
0.79311,3,159189.418498
0.982739,3,159193.883722
0.99491,3,159195.808072
0.993417,3,159199.820325
0.94999,3,159202.326458
0.828546,3,159202.428653
0.93831,3,159202.512519
0.94999,3,159204.999835
0.961727,3,159210.362409
0.925194,3,159213.328387
0.9225,3,159213.410499
0.959419,3,159218.196308
0.925194,3,159221.221263
0.962304,3,159223.818751
0.989697,3,159225.912046
0.987916,3,159230.137843
0.945606,3,159230.230434
0.95988,3,159232.487997
0.989697,3,159234.922079
0.95988,3,159237.123442
0.987916,3,159241.347199
0.969873,3,159243.583004
0.86546,3,159243.673246
0.934125,3,159246.413497
0.972468,3,159248.846554
0.995059,3,159252.577041
0.912095,4,159255.647869
0.923614,3,159259.041131
0.961032,3,159261.454216
0.96563,3,159261.532793
0.99297,3,159265.482101
0.927805,3,159267.799493
0.0,1,159328.410504
0.975273,3,159328.498708
0.962304,3,159331.303194
0.929144,3,159331.393347
0.979059,3,159335.867947
0.946003,3,159335.951275
0.811085,3,159343.522577
0.933004,8,159372.117672
0.995059,3,159375.951577
0.906037,3,159379.045528
0.962304,3,159381.546182
0.873901,3,159389.792571
0.964877,3,159392.162677
0.0,5,159502.569136
0.984659,3,159507.567707
0.830438,3,159512.53513
0.930706,3,159514.853496
0.967373,3,159519.6086
0.922888,3,159519.692674
0.98327,3,159521.71735
0.925194,3,159524.730223
0.97466,3,159527.924399
0.934181,3,159530.645869
0.993268,3,159534.961025
0.946318,3,159537.545828
0.924886,3,159537.636509
0.93387,3,159537.721958
0.936512,3,159540.650174
0.955365,3,159543.141497
0.942402,3,159545.358012
0.989697,3,159549.441268
0.979059,3,159551.800841
0.951501,3,159551.882732
0.979646,3,159556.969398
0.911763,3,159557.063669
0.927559,3,159560.958331
0.936255,3,159561.043198
0.907862,3,159567.75039
0.972614,3,159570.351473
0.969698,3,159576.04757
0.989934,3,159577.986872
0.99491,3,159579.79368
0.0,1,159640.157918
0.936536,3,159642.501986
0.973227,3,159644.735921
0.858138,3,159647.777568
0.952818,3,159652.901591
0.97759,3,159655.261924
0.982739,3,159657.600216
0.913056,5,159662.109504
0.8946,3,159662.341136
0.903509,3,159665.875812
0.993119,3,159667.853563
0.916098,3,159667.941997
0.957031,3,159670.296934
0.925,3,159673.135485
0.894388,3,159676.610727
0.981265,3,159681.509639
0.982887,3,159685.829797
0.922473,3,159685.912629
0.979059,3,159688.247189
0.957262,3,159690.973025
0.979059,3,159693.378
0.906037,3,159696.523361
0.948306,3,159698.669252
0.910148,3,159698.752522
0.960224,3,159701.078448
0.86546,3,159701.168524
0.927753,3,159703.978462
0.973227,3,159706.181122
0.942859,3,159711.418631
0.757866,3,159711.51586
0.912506,3,159727.115926
0.986286,3,159731.65184
0.903046,3,159731.740902
0.86476,3,159731.831908
0.996404,3,159735.671113
0.996404,3,159737.482456
0.903512,3,159745.003418
0.986138,3,159749.298675
0.903512,3,159756.846017
0.864786,3,159756.934938
0.793062,3,159762.913999
0.962304,3,159765.533939
0.972468,3,159767.994551
0.906037,3,159771.038199
0.934181,3,159773.754099
0.869107,3,159773.850586
0.939465,3,159775.972013
0.920347,3,159782.2519
0.0,19,159959.141087
0.99491,3,159961.038401
0.970017,3,159963.272893
0.924746,3,159963.358559
0.976358,3,159965.525269
0.955969,3,159967.844385
0.996404,3,159969.736551
0.84346,5,159979.164706
0.895137,3,159979.252886
0.979059,3,159981.622158
0.968447,3,159983.790412
0.0,1,160044.471373
0.947598,3,160047.21497
0.932888,3,160049.808416
0.912095,3,160052.857038
0.0,5,160159.343015
0.864786,3,160159.4454
0.945209,3,160162.178548
0.969873,3,160164.382832
0.858138,4,160167.439332
0.963199,3,160169.73154
0.962304,3,160172.269989
0.0,1,160232.992933
0.959419,3,160237.861842
0.984659,3,160242.664902
0.895754,3,160606.897427
0.891119,5,160626.936909
0.969262,3,160631.638319
0.991778,5,160636.009367
0.99491,3,160639.815365
0.910864,3,160651.888289
0.93831,3,160651.972887
0.889516,5,160673.260382
0.982887,3,160677.580537
0.99832,6,160685.197793
0.912506,3,160700.903378
0.966067,3,160705.405868
0.959275,3,160710.364801
0.957262,3,160715.753722
0.932445,3,160722.261943
0.988924,3,160722.341064
0.912506,3,160738.032829
0.992076,4,160740.405448
0.831385,3,160740.496971
0.962304,3,160743.157189
0.929147,3,160746.092276
0.96653,3,160748.265571
0.945606,3,160748.348479
0.99297,3,160750.368079
0.979353,3,160754.753618
0.789736,3,160754.867487
0.913056,3,160759.110668
0.90324,3,160799.286167
0.933957,3,160801.957501
0.962304,3,160804.556669
0.962737,3,160806.926052
0.950446,3,160809.438846
0.964877,3,160811.796507
0.832209,3,160811.890338
0.984659,3,160816.719977
0.982739,3,160819.022183
0.983919,3,160821.160172
0.95988,3,160823.501488
0.929929,3,160829.486365
0.872195,3,160833.403513
0.945066,3,160833.488879
0.913056,3,160841.701368
0.99297,3,160845.652203
0.962015,3,160853.098905
0.99491,3,160856.888861
0.975977,3,160859.157745
0.848314,3,160865.422751
0.966067,3,160870.122335
0.967373,3,160874.965965
0.991332,3,160876.929214
0.0,7,160968.091305
0.950018,3,160970.610615
0.979059,3,160972.946709
0.993119,3,160974.930688
0.927559,3,160978.554799
0.97627,3,160983.675903
0.959275,3,160988.886603
0.915249,3,160991.913438
0.0,6,161072.098589
0.929144,3,161072.195854
0.873901,3,161080.341006
0.97759,3,161082.695932
0.864786,3,161082.78429
0.969873,3,161085.006629
0.924552,3,161085.092829
0.865357,3,161085.183101
0.986138,3,161089.390427
0.948135,3,161089.526477
0.890049,3,161093.448992
0.961727,3,161098.787534
0.951501,3,161098.900411
0.988064,3,161101.448691
0.987916,3,161105.754798
0.99297,3,161107.918201
0.939383,3,161110.668928
0.973052,3,161116.176904
0.988598,3,161118.228245
0.989697,3,161120.599541
0.987916,3,161124.777786
0.959419,3,161127.275075
0.0,6,161193.76505
0.912095,3,161196.803005
0.993268,3,161201.224733
0.975977,3,161203.435065
0.944669,3,161206.164478
0.96563,3,161206.248789
0.945209,3,161209.001239
0.986286,3,161211.489066
0.889516,5,161232.642397
0.927753,3,161235.455617
0.986138,3,161239.701263
0.881669,3,161239.796559
0.94572,3,161242.476961
0.968504,3,161244.652728
0.99491,3,161246.529147
0.996404,3,161248.444559
0.931466,3,161258.058351
0.97759,3,161260.383006
0.947311,3,161260.465209
0.942402,3,161262.694916
0.965543,3,161264.936981
0.903131,4,161268.145505
0.832209,3,161268.417031
0.933957,3,161271.122086
0.959419,3,161273.596979
0.92203,3,161273.682317
0.979499,3,161275.856467
0.961727,3,161281.241466
0.950531,3,161283.676169
0.944613,3,161286.312322
0.858138,4,161289.383721
0.97759,3,161293.936124
0.944613,3,161296.698025
0.84308,3,161301.098674
0.995059,3,161304.975694
0.962304,3,161307.591325
0.979499,3,161309.889245
0.980676,3,161312.049294
0.0,2,161373.085168
0.94999,3,161375.662616
0.936536,3,161377.82122
0.922254,3,161380.706103
0.979059,3,161383.079174
0.986523,3,161385.163928
0.811085,3,161392.630821
0.0,1,161452.945762
0.93387,3,161453.088424
0.973052,3,161458.579411
0.933004,4,161486.106835
0.977884,3,161491.952824
0.990677,3,161492.027882
0.982739,3,161494.312684
0.789736,4,161500.16308
0.99297,3,161504.091795
0.983919,3,161506.234438
0.0,3,161567.7329
0.969698,3,161571.137683
0.963517,3,161573.528335
0.965543,3,161575.767002
0.881669,3,161575.861664
0.942294,3,161582.015664
0.894922,3,161582.108708
0.903046,3,161582.196165
0.912506,3,161597.777662
0.924552,3,161597.862548
0.924579,3,161597.946842
0.972468,3,161600.428463
0.927559,3,161604.187612
0.993119,3,161608.102788
0.929339,3,161608.189451
0.979059,3,161610.451526
0.858138,3,161613.487794
0.957031,3,161615.83082
0.927753,3,161618.660857
0.9225,3,161618.744904
0.979059,3,161621.132428
0.952675,3,161626.336726
0.0,2,161687.63954
0.858138,3,161690.693114
0.0,1,161751.400448
0.96563,3,161751.579292
0.924552,3,161751.661314
0.929339,3,161751.744498
0.942294,3,161757.680171
0.933004,5,161780.329149
0.973227,3,161782.528111
0.991481,3,161786.606852
0.962824,3,161789.113438
0.0,7,161970.893555
0.960284,3,161975.818164
0.973052,3,161979.114239
0.96653,3,161981.336628
0.923614,3,161984.863887
0.944613,3,161987.627838
0.757866,3,161987.727358
0.932888,3,161990.338286
0.884724,3,161994.692528
0.979646,3,161999.672689
0.969262,3,162001.921148
0.923614,3,162005.621335
0.0,4,162107.569001
0.937356,3,162113.615284
0.954246,3,162113.748754
0.830264,3,162118.705273
0.989697,3,162122.829133
0.988983,3,162122.907096
0.956801,3,162125.269822
0.959419,3,162130.144795
0.895754,4,162133.924529
0.957173,3,162134.002008
0.976124,4,162136.281478
0.903046,3,162136.369856
0.96653,3,162138.610682
0.889384,3,162143.100736
0.962304,3,162148.177504
0.972468,3,162150.576192
0.97759,3,162155.005147
0.8946,3,162155.098375
0.927805,3,162157.440439
0.965369,3,162157.518364
0.906254,3,162160.659049
0.99491,3,162162.557783
0.9299,3,162165.497401
0.982887,3,162170.198126
0.976124,3,162172.423905
0.864786,3,162172.514101
0.984274,3,162172.611742
0.873239,3,162172.709748
0.988924,3,162172.785876
0.957058,3,162172.864805
0.953733,3,162177.740256
0.966067,3,162180.106377
0.0,1,162240.461414
0.99491,3,162242.385998
0.96563,3,162242.654276
0.99491,3,162244.560008
0.929147,3,162247.519157
0.984984,3,162249.754794
0.922833,3,162249.840369
0.917175,3,162253.195922
0.830264,3,162258.175472
0.95988,3,162260.506735
0.907862,3,162267.205717
0.96653,3,162269.389778
0.97276,3,162273.938468
0.986286,3,162276.415292
0.99297,3,162278.427118
0.962593,3,162281.023439
0.962737,3,162285.757633
0.950446,3,162288.225795
0.940935,3,162290.907046
0.979059,3,162293.279054
0.864786,3,162293.518817
0.982887,3,162295.756314
0.795588,3,162295.85328
0.9299,3,162298.809702
0.934629,3,162301.630375
0.903509,3,162304.996338
0.954246,3,162307.115251
0.961727,3,162312.682822
0.972174,3,162312.817576
0.908952,3,162315.934395
0.93387,3,162316.044769
0.939465,3,162318.280942
0.908271,3,162322.128323
0.867781,3,162326.026893
0.968504,3,162328.151117
0.96653,3,162330.366954
0.889516,7,162342.815686
0.982739,3,162345.095058
0.0,7,162480.407488
0.93166,3,162483.166962
0.978205,3,162483.30333
0.990677,3,162485.222469
0.97466,3,162490.596569
0.977884,3,162496.105545
0.951961,3,162500.976294
0.939383,3,162503.764445
0.934573,3,162506.490816
0.979353,3,162510.916286
0.946943,3,162513.447157
0.862764,3,162517.881034
0.780903,7,162531.317699
0.931325,6,162545.287166
0.99491,3,162549.08088
0.983477,3,162551.729798
0.956801,3,162554.102996
0.987916,3,162558.370574
0.929144,3,162558.459002
0.937356,4,162561.784034
0.991778,3,162566.059658
0.924886,3,162566.147647
0.883899,3,162570.046225
0.965922,3,162572.619118
0.966067,3,162577.233263
0.98451,3,162579.190884
0.961696,3,162581.534415
0.970106,3,162585.901926
0.9225,3,162585.988669
0.99491,3,162587.893187
0.916289,3,162590.374518
0.916098,3,162590.463917
0.97466,3,162593.624141
0.92203,3,162593.708757
0.955365,3,162596.147735
0.94999,3,162598.651036
0.946943,3,162601.171247
0.945606,3,162601.257438
0.982679,3,162601.3374
0.932888,3,162603.917088
0.90324,3,162634.775615
0.943906,3,162637.328102
0.951961,3,162642.876324
0.931435,3,162645.749064
0.959475,3,162647.984093
0.979059,3,162650.392936
0.981265,3,162655.272813
0.912506,3,162671.015213
0.924552,3,162671.100507
0.93328,3,162671.185036
0.907862,3,162674.690605
0.920454,3,162674.777523
0.99297,3,162676.709556
0.929339,3,162676.796252
0.924579,3,162676.875902
0.904733,3,162680.19398
0.972468,3,162682.625497
0.869055,3,162682.722541
0.939383,3,162685.481073
0.993119,3,162687.466603
0.828446,3,162687.56888
0.84308,3,162691.788991
0.904597,3,162695.392288
0.828546,3,162695.49604
0.936536,3,162697.778356
0.913056,3,162701.90512
0.902914,3,162705.127149
0.9982,4,162708.955063
0.0,4,162787.506957
0.907862,3,162794.202716
0.97759,3,162798.702409
0.953733,3,162801.289067
0.913049,3,162801.405632
0.946315,3,162801.487765
0.910148,3,162801.570141
0.0,64,163244.562327
0.0,1,163305.01131
0.946259,3,163305.198842
0.987916,3,163309.418461
0.865357,3,163309.701226
0.962304,3,163312.327441
0.962304,3,163314.959917
0.975977,3,163317.242196
0.962304,3,163319.886264
0.811085,3,163327.381161
0.99491,3,163329.251792
0.973052,3,163332.572469
0.894224,3,163336.306257
0.953962,3,163339.229143
0.934181,3,163341.964123
0.976593,3,163344.009194
0.86476,3,163344.099282
0.94612,3,163346.915264
0.903512,3,163354.516605
0.829392,3,163359.656098
0.993119,3,163361.618141
0.903512,3,163369.181873
0.885967,4,163373.047875
0.937496,3,163375.718774
0.936536,3,163375.801279
0.93328,3,163375.883105
0.830662,3,163376.156988
0.979059,3,163378.540531
0.964819,3,163380.914069
0.0,10,163506.757629
0.912095,3,163509.784348
0.988509,3,163512.629713
0.942294,3,163518.788706
0.966067,3,163521.14187
0.0,4,163581.939991
0.87089,3,163591.064816
0.973227,3,163593.263535
0.921642,3,163593.358606
0.924556,3,163596.245271
0.873239,3,163596.344006
0.863489,3,163600.658267
0.92203,3,163600.744904
0.917366,3,163603.929138
0.988064,3,163606.502673
0.988894,3,163606.57926
0.955969,3,163611.62129
0.943906,3,163614.185854
0.981265,3,163617.498145
0.945066,3,163617.582313
0.993119,3,163619.545915
0.951961,3,163624.801742
0.984659,3,163629.787363
0.99297,3,163631.811404
0.866327,3,163641.042871
0.924191,3,163643.8094
0.975185,3,163643.901299
0.0,1,163704.401765
0.979059,3,163706.849089
0.912643,3,163709.80794
0.942294,3,163712.959745
0.964877,3,163715.382242
0.873901,3,163723.724206
0.980087,3,163726.012762
0.989697,3,163728.435346
0.961696,3,163730.79802
0.757866,3,163730.897119
0.881669,3,163730.99621
0.97627,3,163736.20015
0.948538,3,163746.71727
0.960284,3,163751.580839
0.986286,3,163756.115414
0.924552,3,163756.203627
0.917175,3,163759.461901
0.988064,3,163763.920812
0.979353,3,163768.297831
0.934629,3,163771.03751
0.946315,3,163771.11892
0.861788,3,163780.614156
0.979059,3,163783.20842
0.965543,3,163785.46774
0.970106,3,163789.943516
0.984244,3,163790.019692
0.0,1,163850.388654
0.991778,3,163854.717337
0.976358,3,163856.86847
0.0,8,163948.220728
0.962824,3,163950.694863
0.97627,3,163953.72611
0.988983,3,163953.808275
0.957031,3,163956.129563
0.981146,3,163958.273985
0.956113,3,163963.252319
0.863489,3,163967.707978
0.895137,3,163967.794744
0.929283,3,163967.882949
0.95379,3,163970.423211
0.757866,3,163970.527578
0.0,1,164031.03495
0.913056,3,164035.269796
0.944161,3,164037.947597
0.99491,3,164039.844431
0.961727,3,164045.092365
0.880878,3,164048.882246
0.922254,3,164051.658454
0.894466,6,164051.82237
0.907862,3,164055.27762
0.962304,3,164060.444649
0.979646,3,164065.441025
0.968447,3,164067.717023
0.945663,3,164067.799933
0.9225,3,164067.882174
0.964877,3,164070.242645
0.894388,3,164073.756907
0.880878,3,164077.781251
0.939383,3,164080.456052
0.915249,3,164083.492041
0.9982,3,164087.391529
0.889516,6,164105.185715
0.942176,3,164105.265302
0.942294,3,164111.107452
0.972468,3,164113.551465
0.946318,3,164116.097841
0.947257,3,164121.704773
0.990618,3,164121.784801
0.974454,3,164124.039454
0.910864,3,164136.142168
0.957031,3,164138.497174
0.976358,3,164140.641289
0.956113,3,164145.607072
0.0,4,164256.387316
0.972233,3,164256.5337
0.96563,3,164256.609783
0.909798,3,164259.655357
0.893098,3,164263.406596
0.942233,3,164263.53485
0.979499,3,164265.738804
0.981265,3,164268.805401
0.0,7,164340.442957
0.984303,3,164340.529054
0.911298,3,164340.616807
0.927805,3,164342.976395
0.921591,3,164345.855694
0.964472,3,164348.235882
0.984363,3,164352.568391
0.922473,3,164352.651056
0.916098,3,164352.73609
0.979499,3,164355.024937
0.955969,3,164357.464111
0.982739,3,164361.87091
0.986523,3,164363.972917
0.83141,3,164364.067888
0.950446,3,164366.523185
0.956113,3,164369.101925
0.0,3,164445.816561
0.832209,3,164445.917042
0.903512,3,164453.30578
0.960284,3,164458.036591
0.986286,3,164460.443907
0.945209,3,164463.107047
0.0,12,164728.096721
0.979059,3,164730.451268
0.929147,3,164733.289801
0.0,5,164911.707882
0.970106,3,164916.174608
0.932888,3,164918.758497
0.986523,3,164920.785864
0.972468,3,164923.32852
0.986286,3,164925.674648
0.0,1,164986.258168
0.945209,3,164988.903384
0.828446,3,164989.008037
0.986523,3,164991.0653
0.973052,3,164996.546215
0.887273,4,165005.183648
0.755369,6,165012.093609
0.93328,3,165012.181832
0.97997,3,165016.434931
0.912095,3,165019.372298
0.947257,3,165025.007354
0.912095,3,165028.081589
0.0,8,165138.03662
0.916289,3,165140.500721
0.963199,3,165142.755194
0.924778,3,165145.775664
0.912095,3,165148.819805
0.962593,3,165151.338648
0.959275,3,165156.17251
0.919155,3,165158.634869
0.99491,3,165160.518395
0.970106,3,165165.047324
0.903509,3,165168.416203
0.907862,3,165175.142088
0.962593,3,165179.975413
0.0,24,165632.067233
0.979059,3,165634.497823
0.931185,3,165637.277176
0.885967,4,165641.251756
0.97759,3,165643.596683
0.866327,3,165652.861096
0.969873,3,165655.065838
0.97759,3,165659.508084
0.931435,3,165662.251781
0.0,27,166208.810244
0.961727,3,166214.228851
0.99491,3,166216.127363
0.937496,3,166218.824179
0.988924,7,166221.745132
0.976358,3,166223.898775
0.872195,3,166227.825687
0.972468,3,166230.237184
0.942294,3,166236.135532
0.982739,3,166238.431304
0.921591,3,166241.379446
0.912095,3,166244.42321
0.981411,3,166244.50387
0.974075,3,166250.031775
0.95379,3,166252.548252
0.93328,3,166252.642082
0.90202,3,166255.99041
0.946943,3,166258.540919
0.984659,3,166263.59469
0.0,2,166324.379514
0.968447,4,166326.688199
0.79311,3,166332.400272
0.0,23,166621.764415
0.980676,3,166623.855437
0.989697,3,166626.267855
0.924552,3,166626.350908
0.974075,3,166629.756544
0.932888,3,166632.329246
0.990677,3,166634.239383
0.830662,3,166634.516524
0.9225,3,166634.596591
0.930961,3,166637.371033
0.0,4,166713.834627
0.967138,3,166715.994895
0.957262,3,166718.815011
0.79311,3,166724.773067
0.920454,3,166724.857294
0.972468,3,166727.315308
0.993268,3,166731.705587
0.934686,3,166734.570138
0.986523,3,166736.662858
0.757025,3,166743.210566
0.950957,3,166743.291799
0.922254,3,166746.221804
0.894069,3,166750.411385
0.894069,3,166754.433583
0.959275,3,166759.423273
0.981146,3,166761.525611
0.92131,3,166764.241632
0.961032,3,166766.624047
0.981146,3,166768.683793
0.984659,3,166773.446123
0.956801,3,166775.799189
0.976358,3,166777.963255
0.795636,3,166778.064777
0.99297,3,166780.11954
0.962304,3,166782.780202
0.926722,3,166785.744954
0.873292,3,166785.84997
0.822307,5,166799.249235
0.924191,3,166801.984677
0.980499,3,166806.173388
0.979059,3,166808.601737
0.930961,3,166811.350587
0.957262,3,166814.206424
0.944613,3,166816.968822
0.938085,3,166817.082186
0.922888,3,166817.164045
0.991332,3,166819.194047
0.872485,3,166822.866497
0.952989,3,166825.319015
0.966067,3,166827.763191
0.884724,3,166832.080126
0.947598,3,166834.67257
0.889384,3,166838.943163
0.97759,3,166843.323598
0.960226,3,166847.980031
0.832209,3,166848.253217
0.912643,3,166851.289552
0.959275,3,166856.355231
0.993119,3,166858.335489
0.755075,3,166865.064142
0.755709,3,166871.682263
0.937356,3,166874.764672
0.991481,3,167244.066819
0.970017,3,167246.375019
0.97627,3,167249.419196
0.979059,3,167251.77191
0.920347,3,167254.978421
0.884849,3,167255.075897
0.948963,3,167257.687529
0.995238,4,167261.612607
0.960284,3,167266.709818
0.757025,4,167273.455648
0.979059,3,167275.815694
0.924886,3,167275.899766
0.910864,3,167288.000237
0.917366,3,167291.127712
0.943368,3,167293.621876
0.981411,3,167293.697637
0.943368,3,167296.298005
0.957031,3,167298.653754
0.9982,4,167302.508567
0.92203,3,167302.595876
0.0,15,167632.586873
0.904597,3,167639.74002
0.99297,3,167643.714341
0.965543,3,167645.991921
0.961727,3,167651.122903
0.916098,3,167651.20907
0.976124,3,167653.470733
0.986138,3,167655.542402
0.991332,3,167659.728608
0.912643,3,167662.781718
0.940935,3,167665.509117
0.991332,3,167669.716551
0.758822,3,167669.817736
0.907862,3,167676.548608
0.962593,3,167681.335489
0.946003,3,167681.416899
0.968418,3,167683.714228
0.959275,3,167688.654729
0.915249,3,167691.66387
0.0,5,167755.571417
0.955365,3,167758.01752
0.977884,3,167763.970253
0.929929,3,167769.870505
0.988509,3,167772.689517
0.916098,3,167772.780968
0.84308,3,167777.008476
0.957262,3,167782.224376
0.99491,3,167785.947118
0.939465,3,167788.200287
0.933957,3,167790.946715
0.0,5,167870.213634
0.969262,3,167874.887619
0.944613,3,167877.669622
0.93166,3,167880.410076
0.977444,3,167885.619934
0.962593,3,167890.414471
0.988271,3,167892.435905
0.866142,3,167896.589798
0.0,9,167981.215718
0.79311,3,167987.057452
0.910864,3,167999.277645
0.944613,3,168002.047023
0.881669,3,168002.142807
0.85938,3,168006.768756
0.987916,3,168011.115917
0.968447,3,168013.39143
0.987916,3,168015.643477
0.965922,3,168018.136392
0.945663,3,168018.220233
0.931325,4,168036.545371
0.991332,3,168038.588148
0.955365,3,168041.036736
0.968504,3,168043.177594
0.885967,4,168047.070643
0.96653,3,168049.294687
0.0,8,168160.640556
0.755709,3,168167.239973
0.885861,3,168167.335466
0.0,6,168236.832688
0.939383,3,168239.57809
0.866327,3,168244.462093
0.989934,3,168246.497454
0.972468,3,168248.946409
0.965543,3,168251.222657
0.957031,3,168253.568594
0.939383,3,168256.289055
0.907862,3,168259.763136
0.93328,3,168259.848838
0.966067,3,168264.548366
0.966181,3,168268.969345
0.97466,3,168274.163133
0.962304,3,168276.815929
0.960284,3,168281.640667
0.97627,3,168284.639498
0.993119,3,168288.547479
0.757025,3,168295.283942
0.953962,3,168298.357012
0.961727,3,168303.642125
0.986523,3,168305.758296
0.972906,3,168308.992422
0.970572,3,168312.252492
0.932888,3,168314.849885
0.972935,3,168317.05242
0.893098,3,168320.817482
0.883899,3,168324.567619
0.981265,3,168329.643837
0.965543,3,168331.888827
0.906037,3,168335.02235
0.99297,3,168338.958204
0.991987,3,168339.028666
0.917865,3,168342.659121
0.789736,3,168342.768268
0.94535,3,168344.874364
0.99491,3,168346.795855
0.953504,3,168349.232795
0.894388,3,168352.954549
0.989934,3,168354.998411
0.972614,3,168357.357384
0.919155,3,168359.816393
0.918415,3,168362.813961
0.930594,3,168362.89441
0.756186,5,168369.682059
0.982887,3,168373.931158
0.966064,3,168374.016213
0.96375,3,168381.23065
0.894224,3,168384.939783
0.950446,3,168387.391531
0.828546,3,168387.49421
0.84308,3,168391.706969
0.921812,3,168394.60899
0.0,24,168759.199148
0.986523,3,168761.305066
0.989697,3,168765.385735
0.86546,3,168765.479466
0.903131,3,168768.629038
0.917865,3,168775.574494
0.975977,3,168777.748178
0.939383,3,168780.529636
0.944613,3,168783.289761
0.96653,3,168785.563037
0.97466,3,168788.811532
0.755709,3,168795.333062
0.977884,3,168801.213824
0.917865,3,168808.12818
0.979059,3,168812.518474
0.98327,3,168814.604473
0.915249,3,168817.591719
0.864786,3,168817.682431
0.920454,3,168817.76679
0.94999,3,168820.148627
0.79311,3,168825.875059
0.959275,3,168831.040156
0.876159,3,168834.680192
0.954246,3,168836.79517
0.847546,3,168840.894701
0.984659,3,168845.845496
0.811085,6,168865.115386
0.951501,3,168865.228414
0.895137,3,168865.46259
0.3172,7,168965.583214
0.877444,3,168965.675337
0.982887,3,168969.846885
0.829367,3,168974.873558
0.918415,3,168977.891759
0.0,10,169100.740434
0.988509,4,169103.627215
0.982887,3,169107.954542
0.944669,3,169110.689763
0.932724,4,169122.076226
0.948306,3,169124.265539
0.913056,3,169128.466779
0.958556,3,169133.094845
0.953104,3,169135.64321
0.922888,3,169135.852033
0.920509,3,169135.964709
0.959275,3,169140.963371
0.92131,3,169143.671227
0.959475,3,169145.916147
0.99491,3,169147.796759
0.972614,3,169150.180123
0.989875,3,169152.223285
0.962593,3,169154.819696
0.951961,3,169159.901102
0.884724,5,169165.185369
0.991987,3,169165.267623
0.0,15,169323.731889
0.97627,3,169326.768941
0.939383,3,169329.504903
0.942176,3,169329.584739
0.972174,3,169329.721177
0.957262,3,169332.570994
0.83141,3,169332.665126
0.986523,3,169334.780123
0.793062,3,169340.549072
0.969873,3,169342.790105
0.866327,3,169352.06311
0.980676,3,169354.204541
0.934181,3,169356.939404
0.953733,3,169359.3402
0.966064,3,169359.421111
0.99491,3,169361.313158
0.979059,3,169363.693275
0.97759,3,169368.202437
0.972468,3,169370.67486
0.912095,3,169373.708215
0.913049,3,169373.78929
0.929144,3,169373.876391
0.902914,3,169377.081059
0.989697,3,169379.542733
0.953733,3,169382.189558
0.972468,3,169384.704473
0.965369,3,169384.781681
0.984451,3,169384.927737
0.981265,3,169388.240185
0.79311,3,169394.002277
0.891387,4,169417.370143
0.991332,3,169421.529095
0.942179,3,169424.421578
0.942294,3,169427.488996
0.981265,3,169430.30532
0.99491,3,169432.211015
0.95988,3,169434.509835
0.99491,3,169436.412771
0.976593,3,169438.559054
0.880878,3,169442.316459
0.903512,3,169449.821079
0.954507,3,169452.434932
0.927805,3,169454.783663
0.942686,3,169454.864874
0.972468,3,169457.289341
0.0,36,170110.387376
0.981265,3,170115.325178
0.946315,3,170115.497842
0.986523,3,170117.608591
0.992076,4,170120.013433
0.930594,3,170120.096782
0.939383,3,170122.877007
0.794968,3,170128.620382
0.877496,3,170128.714249
0.988598,3,170130.745582
0.974075,3,170133.968038
0.906037,3,170137.114369
0.024217,21,170278.044435
0.979059,3,170280.480402
0.933224,3,170280.561617
0.819129,3,170285.815625
0.0,2,170346.571154
0.872485,3,170350.422653
0.895137,3,170350.510104
0.922833,3,170350.595829
0.922888,3,170350.682367
0.907862,3,170357.273746
0.952246,3,170360.236948
0.757866,3,170360.553425
0.961727,3,170363.315848
0.981206,3,170365.679671
0.848314,3,170371.976178
0.989697,3,170376.097753
0.918415,3,170379.115943
0.891305,3,170382.971721
0.979059,3,170385.367437
0.894922,3,170385.454725
0.894251,3,170389.195197
0.755075,3,170396.041539
0.981559,3,170396.180727
0.97759,3,170400.682233
0.881853,3,170400.767219
0.99297,3,170402.780201
0.895137,3,170402.866162
0.0,12,170525.619184
0.984274,3,170525.715928
0.883419,8,170533.586324
0.96563,3,170533.665043
0.984659,3,170538.592661
0.982916,3,170540.732718
0.99297,3,170544.761898
0.979646,3,170549.840877
0.99491,3,170551.751076
0.931435,3,170554.629042
0.789736,3,170554.740182
0.98327,3,170556.827353
0.917865,3,170560.352004
0.892857,3,170564.119613
0.917865,3,170567.811951
0.910864,3,170580.174312
0.858138,3,170583.210468
0.942176,3,170583.288464
0.891387,4,170606.717686
0.947257,3,170612.38687
0.957262,3,170615.133238
0.993656,5,170619.217041
0.9225,3,170619.299738
0.965543,3,170621.54199
0.977884,3,170627.51365
0.981206,3,170629.859433
0.841463,3,170634.792163
0.936536,3,170637.05235
0.962737,3,170641.946556
0.931325,7,170661.009084
0.913049,3,170661.126305
0.894388,3,170664.671318
0.953962,3,170667.72885
0.93328,3,170667.816492
0.99491,3,170669.718739
0.976124,3,170674.144762
0.952675,3,170679.539795
0.024285,10,170761.541574
0.951043,3,170761.677094
0.981265,3,170764.791409
0.988064,3,170766.986419
0.947598,3,170769.623842
0.974075,3,170775.038788
0.0,12,170856.536699
0.979059,3,170858.927434
0.979059,3,170861.244713
0.98327,3,170863.371424
0.831385,3,170863.465331
0.99297,3,170865.462965
0.975273,3,170865.544441
0.972935,3,170867.756412
0.79311,3,170873.504514
0.987916,3,170877.905255
0.931185,3,170880.588832
0.981265,3,170883.559265
0.969873,3,170885.790456
0.959419,3,170890.556616
0.79311,3,170896.363365
0.883899,3,170900.010867
0.99491,3,170903.80329
0.963199,3,170906.067086
0.983477,3,170908.60465
0.942294,3,170914.738346
0.883899,3,170918.49661
0.99491,3,170920.388016
0.98327,3,170922.527231
0.904597,3,170926.13423
0.903509,3,170929.391362
0.0,8,171013.843938
0.982887,3,171018.467017
0.932888,3,171021.050588
0.0,9,171097.308466
0.987916,3,171101.54387
0.961696,3,171103.877533
0.924746,3,171103.957672
0.874976,3,171107.860742
0.991719,3,171109.945888
0.884724,3,171114.537283
0.755709,3,171121.167278
0.993119,3,171123.123164
0.946003,3,171123.295915
0.866142,3,171127.444345
0.913056,3,171135.461656
0.962737,3,171140.05776
0.962737,3,171144.747221
0.986286,3,171147.155506
0.977884,3,171153.141512
0.0,1,171213.595801
0.924746,3,171213.686446
0.789736,3,171213.794144
0.79311,3,171219.503688
0.971533,3,171221.612738
0.915249,4,171224.66774
0.9299,4,171227.588423
0.944613,3,171230.322111
0.922473,3,171230.403078
0.991332,3,171234.552339
0.977884,3,171240.527077
0.922888,3,171240.608487
0.917865,3,171247.500779
0.944613,3,171250.253637
0.989548,3,171252.345779
0.92203,3,171252.428235
0.848314,3,171258.888361
0.977884,3,171264.568418
0.884849,3,171264.664201
0.945606,3,171264.74339
0.929283,3,171264.825746
0.924556,3,171267.609478
0.943368,3,171270.199919
0.895137,3,171270.43151
0.884724,3,171274.81951
0.90324,3,171315.135875
0.986286,3,171317.606251
0.893098,3,171321.365531
0.942179,3,171324.312744
0.0,1,171385.036476
0.0,1,171445.520215
0.962304,3,171448.205916
0.942402,3,171450.410434
0.922001,3,171450.503145
0.912095,3,171453.574723
0.972468,3,171456.059617
0.857273,3,171461.13024
0.921642,3,171461.226227
0.789736,3,171461.336948
0.987916,3,171465.724537
0.829392,3,171470.806769
0.99491,3,171474.567672
0.974454,3,171476.806993
0.970017,3,171479.004197
0.980499,3,171483.255319
0.979499,3,171485.500281
0.885861,3,171485.60862
0.924191,3,171488.298854
0.989548,3,171490.4583
0.990618,3,171490.53296
0.976593,3,171492.688399
0.976593,3,171494.750329
0.903509,3,171498.088377
0.979059,3,171500.465242
0.95988,3,171502.803027
0.969873,3,171505.071648
0.946003,3,171505.151929
0.925138,3,171508.062471
0.972468,3,171510.533591
0.890049,3,171514.499854
0.90324,3,171554.685517
0.924191,3,171557.432382
0.943906,3,171560.007313
0.894466,4,171560.119712
0.947598,3,171562.778875
0.962304,3,171565.472859
0.942236,3,171568.331052
0.0,4,171687.653226
0.913049,3,171687.745903
0.903509,3,171691.034496
0.956801,3,171693.420959
0.0,3,171756.335982
0.939383,3,171759.102467
0.789736,3,171759.21048
0.79311,3,171764.994551
0.989934,3,171766.981577
0.921591,3,171769.83524
0.993417,3,171773.75094
0.965543,3,171778.183801
0.934686,3,171781.031596
0.946943,3,171783.473753
0.832284,3,171783.56659
0.0,1,171844.160779
0.966067,3,171848.855201
0.942176,3,171848.9363
0.975977,3,171851.191194
0.951961,3,171856.446077
0.952989,3,171858.888284
0.951961,3,171863.908255
0.986286,3,171866.396001
0.829392,3,171871.510571
0.979059,3,171873.98112
0.979353,3,171878.674607
0.99491,3,171882.839207
0.789736,3,171882.980186
0.979059,3,171885.409685
0.872485,3,171889.067151
0.92131,3,171891.795758
0.973227,3,171894.132729
0.0,3,172012.123044
0.99297,3,172016.131087
0.891387,5,172039.624453
0.909798,3,172042.705171
0.955396,3,172050.233422
0.79473,3,172055.928635
0.988064,3,172058.115147
0.789736,3,172058.228214
0.973052,3,172061.540459
0.913056,3,172065.777823
0.996404,3,172069.576975
0.996404,4,172071.498901
0.937412,3,172074.158759
0.94535,3,172076.355983
0.944613,3,172079.150144
0.980499,3,172083.326838
0.906608,3,172086.701587
0.942294,3,172092.501939
0.873901,3,172100.904124
0.917865,3,172104.541009
0.889516,5,172126.153368
0.975977,3,172130.537177
0.952675,3,172135.715162
0.921642,3,172135.800879
0.965718,3,172138.212677
0.98327,3,172140.34166
0.937356,3,172143.650625
0.866327,3,172152.802891
0.794968,4,172158.466867
0.957262,3,172161.507362
0.972614,3,172163.739774
0.0,16,172406.711246
0.981265,3,172411.5312
0.933957,3,172414.25325
0.937356,3,172417.422609
0.945039,3,172420.172574
0.84308,3,172424.509151
0.99491,3,172426.292494
0.881853,3,172426.377666
0.967373,3,172428.877895
0.967315,3,172431.256409
0.811085,3,172438.777084
0.947257,3,172444.310221
0.995238,5,172448.315401
0.863489,3,172452.673931
0.996404,3,172454.569824
0.946943,3,172457.121283
0.922833,3,172457.20339
0.934573,3,172459.822533
0.986138,3,172461.931458
0.970367,3,172462.01167
0.986286,3,172466.510774
0.0,3,172528.887769
0.85938,3,172533.545101
0.934629,3,172536.449974
0.988064,3,172538.910777
0.757025,3,172545.58327
0.912095,3,172548.624619
0.968418,3,172550.909348
0.981618,3,172552.830851
0.922888,3,172552.916036
0.892913,3,172556.51672
0.979646,3,172561.519706
0.917366,3,172564.801183
0.892913,3,172568.401509
0.939383,3,172571.200924
0.962593,3,172576.034456
0.92979,3,172585.415538
0.993119,3,172587.36251
0.789736,3,172587.480383
0.977444,3,172592.723904
0.996404,3,172594.617468
0.993119,3,172596.473918
0.996404,3,172600.279257
0.952246,3,172603.23539
0.959275,3,172608.130434
0.963199,3,172610.412088
0.986523,3,172612.504901
0.969873,3,172614.721997
0.831385,3,172614.816367
0.986138,4,172616.947618
0.979499,3,172619.246387
0.866327,3,172628.650686
0.0,2,172689.742413
0.917865,3,172693.349171
0.915932,3,172693.440928
0.95988,3,172695.76535
0.892857,3,172699.735385
0.989697,3,172702.143626
0.987559,3,172702.218388
0.962304,3,172704.850517
0.983123,3,172706.941946
0.981265,3,172709.710866
0.795636,3,172709.982886
0.83141,3,172710.072359
0.991481,3,172714.183395
0.0,3,172777.46508
0.976124,3,172779.775064
0.94612,3,172782.60024
0.927559,3,172786.22181
0.980676,3,172788.266249
0.9299,3,172791.184361
0.894251,3,172794.924358
0.811085,3,172802.440261
0.99491,3,172804.361939
0.960284,3,172809.119768
0.977884,3,172814.638498
0.912721,3,172817.675941
0.885359,3,172821.326025
0.931774,3,172824.726195
0.968447,3,172827.014971
0.904597,3,172830.617149
0.946943,3,172833.162953
0.987916,3,172837.507449
0.957262,3,172840.228104
0.864786,3,172840.324552
0.975977,3,172842.594889
0.962593,3,172845.002694
0.945209,3,172847.740594
0.92203,3,172847.82316
0.861788,3,172852.83102
0.984244,3,172852.906214
0.952818,3,172855.539201
0.98327,3,172857.655231
0.880878,3,172861.354455
0.889516,7,172882.715762
0.980676,3,172884.871146
0.902914,3,172888.068182
0.974075,3,172893.892124
0.981265,3,172897.199855
0.939611,3,172903.752032
0.946003,3,172903.934681
0.981265,3,172907.164442
0.86476,3,172907.253643
0.961727,3,172912.777162
0.996404,3,172914.648653
0.930706,3,172916.97697
0.961727,3,172919.749284
0.965369,3,172919.828639
0.912506,3,172935.450187
0.912724,3,172938.571154
0.921812,3,172941.491132
0.982739,3,172943.746647
0.993417,3,172947.772647
0.90202,3,172951.20607
0.951501,3,172951.290771
0.950957,3,172951.371793
0.974454,3,172953.627525
0.895137,3,172953.719069
0.883899,3,172957.641952
0.915932,3,172957.725079
0.986523,3,172959.775271
0.966181,3,172964.109206
0.99491,3,172967.914485
0.94535,3,172970.102583
0.831385,3,172970.195455
0.987916,3,172974.635872
0.911653,3,172974.725072
0.947257,3,173346.464163
0.857546,3,173346.56018
0.894251,3,173350.344213
0.789736,3,173350.453678
0.967138,3,173352.657384
0.95988,3,173354.996047
0.93166,3,173357.729417
0.811085,3,173365.248988
0.915249,3,173368.236576
0.925194,3,173371.208553
0.942176,3,173371.301397
0.903509,3,173374.671503
0.944613,3,173377.400045
0.894224,3,173381.085945
0.904597,3,173384.602232
0.939383,3,173387.34732
0.936536,3,173389.820734
0.99491,3,173391.75972
0.927559,3,173395.617845
0.94999,3,173398.090439
0.793062,3,173403.872503
0.894224,3,173407.596514
0.962304,3,173410.18692
0.912643,3,173413.109869
0.0,11,173486.255382
0.982887,3,173490.618031
0.982916,3,173492.765086
0.916098,3,173492.851307
0.981323,3,173492.98492
0.961727,3,173498.337752
0.931185,3,173501.067589
0.929283,3,173501.157728
0.857546,3,173501.259626
0.963313,3,173501.338782
0.989697,3,173503.423437
0.950018,3,173505.825239
0.0,6,173576.189795
0.825322,3,173581.483341
0.931435,3,173584.361912
0.962764,4,173586.715388
0.927753,3,173589.530155
0.97759,3,173594.014078
0.310838,11,173724.471536
0.92203,3,173724.555907
0.975977,3,173726.86156
0.99491,3,173728.764346
0.932888,3,173731.359499
0.936173,3,173734.128788
0.893098,3,173737.908619
0.971533,3,173740.010623
0.0,2,173801.624988
0.930706,3,173803.975867
0.937356,3,173810.212593
0.756549,3,173816.841003
0.97466,3,173820.036328
0.79311,3,173825.679359
0.903512,3,173833.189131
0.751662,9,173853.848431
0.954246,3,173855.968828
0.79311,3,173861.761111
0.962737,3,173866.444781
0.991332,3,173868.637448
0.916098,3,173868.725343
0.99491,3,173870.605219
0.988598,3,173872.648682
0.831385,3,173872.92484
0.945123,3,173873.003734
0.940653,3,173875.53235
0.002927,6,173883.743711
0.0,8,174080.03428
0.957262,3,174082.919735
0.984244,3,174082.99336
0.958699,3,174085.406653
0.99491,3,174089.209988
0.968504,3,174091.413414
0.981265,3,174096.167304
0.942402,3,174098.393823
0.977884,3,174104.301384
0.972468,3,174106.837433
0.99491,3,174108.726705
0.972468,3,174111.216877
0.942176,3,174111.298647
0.97759,3,174115.783206
0.960226,3,174120.402085
0.988271,3,174122.451146
0.024084,15,174308.599529
0.991481,4,174312.657369
0.979059,3,174317.059749
0.987916,3,174321.389945
0.981265,3,174326.365374
0.968504,3,174328.500752
0.859561,3,174333.116757
0.945209,3,174336.030467
0.952246,3,174341.548936
0.8946,3,174341.63423
0.946943,3,174344.049038
0.984451,3,174344.126959
0.959275,3,174349.068218
0.944613,3,174351.833503
0.912095,3,174354.740483
0.933957,3,174357.476184
0.97627,3,174360.55745
0.967373,3,174363.055493
0.955969,3,174365.488273
0.875477,3,174374.36841
0.893098,3,174378.013277
0.945123,3,174378.093759
0.90324,3,174408.823971
0.929339,3,174408.90734
0.8946,3,174408.991541
0.97466,3,174412.155294
0.948306,3,174414.340972
0.996404,3,174416.24691
0.943368,3,174419.033942
0.881853,3,174419.124012
0.965543,3,174421.368893
0.974075,3,174424.530049
0.94612,3,174429.898656
0.869107,3,174430.010097
0.913056,3,174434.184248
0.0,20,174889.532262
0.922888,3,174889.626866
0.982739,3,174894.01718
0.926724,3,174900.2707
0.983477,3,174902.883769
0.943368,3,174905.483301
0.982739,3,174909.755254
0.793062,3,174915.589339
0.97759,3,174920.094373
0.881853,3,174920.179655
0.981618,3,174922.183836
0.907726,3,174928.848833
0.94612,3,174931.691235
0.924191,3,174934.401466
0.892913,3,174937.956942
0.90324,3,174969.149972
0.972468,3,174971.604083
0.97759,3,174976.068324
0.894466,3,174976.170251
0.962304,3,174978.901827
0.979059,3,174981.188124
0.970106,3,174985.820018
0.962304,3,174988.330757
0.990677,3,174990.261926
0.979059,3,174992.518431
0.97759,3,174994.846983
0.953733,3,174997.430616
0.98327,3,174999.567991
0.9299,3,175002.492362
0.884724,3,175006.895706
0.982739,3,175009.059452
0.96563,3,175009.136812
0.974454,3,175011.363503
0.794968,3,175017.315991
0.942294,3,175020.369696
0.99297,3,175022.409791
0.983477,3,175025.03457
0.0,11,175136.482161
0.977884,3,175139.271749
0.915932,3,175139.35656
0.979499,3,175143.699337
0.757025,4,175150.345693
0.977884,3,175156.380852
0.942402,3,175158.574499
0.97759,3,175163.020209
0.907339,3,175163.109007
0.97466,3,175168.313171
0.0,3,175245.110262
0.931325,5,175263.442996
0.975977,3,175265.659534
0.885967,4,175269.423456
0.939465,3,175271.68018
0.959275,3,175276.413687
0.947598,3,175279.074491
0.984363,3,175283.207592
0.965543,3,175285.449496
0.881669,3,175285.545767
0.996404,3,175287.431496
0.956113,3,175292.418415
0.984363,3,175296.593572
0.848314,3,175303.091703
0.962737,3,175307.808833
0.897455,3,175311.179102
0.915854,3,175314.378139
0.955969,3,175316.801293
0.961727,3,175322.054528
0.981265,3,175326.938587
0.966067,3,175331.569578
0.957262,3,175334.271884
0.93328,3,175334.352966
0.94572,3,175336.979334
0.992076,3,175337.053595
0.99491,3,175338.97757
0.79473,4,175344.741926
0.958641,3,175347.193259
0.885359,3,175350.911155
0.947257,3,175356.555743
0.312522,9,175524.641097
0.909798,3,175527.688925
0.988064,3,175532.292872
0.99491,3,175536.157381
0.9299,3,175539.132677
0.945123,3,175539.212012
0.945606,3,175539.386174
0.97276,3,175543.982537
0.97759,3,175548.525326
0.934125,3,175551.386213
0.757025,3,175558.208575
0.98327,3,175560.314648
0.945039,3,175563.066468
0.86476,3,175563.156924
0.952246,3,175568.700646
0.953504,3,175571.109816
0.948306,3,175573.167358
0.970106,3,175577.571173
0.881853,3,175577.656083
0.894922,3,175577.743158
0.945123,4,175577.843563
0.976358,3,175580.013089
0.921642,3,175580.095243
0.858138,3,175583.014399
0.0,3,175672.959924
0.873901,3,175681.18264
0.975273,3,175681.262899
0.937496,3,175683.952941
0.962737,3,175688.630188
0.961727,3,175691.423265
0.94535,3,175691.501252
0.893098,3,175695.272834
0.894388,3,175698.668752
0.944613,3,175701.46028
0.929929,3,175707.372164
0.912506,3,175723.017457
0.95379,3,175725.538043
0.889384,3,175729.899857
0.876421,3,175733.778705
0.968447,3,175736.099433
0.908271,3,175739.906541
0.831385,3,175740.00199
0.828546,3,175740.10164
0.755075,3,175746.675462
0.947794,4,175749.260228
0.946318,3,175752.043801
0.942179,3,175754.907384
0.962593,3,175759.743339
0.94612,3,175762.543236
0.981206,3,175764.897302
0.939383,3,175767.656417
0.987916,3,175772.087913
0.927753,3,175774.897334
0.987916,3,175779.218706
0.858138,3,175782.133688
0.942402,3,175784.237142
0.944161,3,175786.813477
0.945039,3,175789.574512
0.979059,3,175791.968681
0.968418,3,175794.17911
0.959275,3,175799.091413
0.983477,3,175801.714116
0.976124,3,175806.146654
0.987916,3,175810.345471
0.950986,3,175810.426276
0.864371,3,175810.520156
0.97466,3,175815.768326
0.945123,3,175815.849056
0.830662,3,175816.119193
0.981146,3,175818.228979
0.0,11,175889.507088
0.979059,3,175891.853003
0.755709,3,175898.428901
0.979059,3,175900.822183
0.0,22,176149.716769
0.942236,3,176152.54064
0.979059,3,176154.889756
0.983123,3,176157.032346
0.290928,6,176217.612073
0.979353,3,176222.017126
0.955365,3,176224.529558
0.952818,3,176227.164624
0.907862,3,176233.872817
0.796591,4,176239.693554
0.904597,3,176243.382468
0.979059,3,176245.77001
0.986138,3,176247.826811
0.939465,3,176250.057238
0.967373,3,176254.799237
0.957262,3,176257.518058
0.902914,3,176260.710866
0.79473,3,176266.446376
0.922473,3,176266.526492
0.979499,3,176270.768344
0.903509,3,176274.094922
0.942294,3,176277.292948
0.0,11,176514.585728
0.962737,3,176519.282809
0.969873,3,176521.507736
0.966067,3,176524.049212
0.873292,3,176524.142156
0.907862,3,176530.815057
0.79311,3,176536.660959
0.979059,3,176538.923798
0.0,3,176602.090665
0.927805,3,176604.36221
0.972935,3,176606.561823
0.991332,3,176610.700067
0.987559,3,176610.776076
0.945039,3,176613.522619
0.986523,3,176615.657982
0.931435,3,176618.517387
0.977884,3,176624.52844
0.996404,3,176626.332124
0.931435,3,176629.09878
0.984777,3,176631.231109
0.982916,3,176633.402522
0.99491,3,176635.308725
0.970106,3,176639.678447
0.974075,3,176643.055938
0.99491,3,176646.855068
0.991778,3,176651.193903
0.986523,3,176653.311514
0.813546,4,176664.798088
0.937496,3,176667.47469
0.951961,3,176672.557165
0.915249,3,176675.481771
0.982887,4,176680.214679
0.957262,3,176683.046916
0.952675,3,176685.721393
0.938338,3,176685.806608
0.982739,3,176688.041572
0.944613,3,176690.816616
0.892857,3,176694.586224
0.92203,3,176694.677083
0.908271,3,176698.675381
0.97759,3,176703.206557
0.94999,3,176705.678032
0.99491,3,176709.480972
0.984451,3,176709.557594
0.024084,9,176715.142072
0.912643,3,176718.161435
0.927753,3,176720.97554
0.0,14,176975.904272
0.924191,3,176978.670165
0.866327,3,176983.488401
0.972176,3,176986.474299
0.988064,3,176991.060093
0.988598,3,176993.091213
0.795588,3,176993.186043
0.983919,3,176995.296067
0.956113,3,177000.225416
0.968447,3,177002.509205
0.921591,3,177005.400262
0.0,6,177074.110472
0.0,1,177134.701864
0.979059,3,177139.206043
0.79311,3,177144.950007
0.981146,3,177146.987853
0.989697,3,177149.106825
0.901615,3,177152.444171
0.980852,3,177152.520259
0.0,6,177271.567062
0.958641,3,177274.00693
0.873239,3,177274.103757
0.957031,3,177276.413653
0.950531,3,177278.848708
0.99297,3,177282.871383
0.90324,3,177310.525502
0.953677,3,177318.383751
0.90324,3,177345.845927
0.968447,3,177348.136521
0.99297,3,177350.153327
0.885967,4,177353.986732
0.989697,3,177356.055988
0.979499,3,177358.226772
0.9225,3,177358.311739
0.984363,3,177362.57402
0.951961,3,177367.711445
0.925138,3,177370.557157
0.915249,3,177373.543768
0.0,8,177541.40847
0.940653,4,177543.950049
0.954246,3,177546.082603
0.944161,3,177548.765943
0.958556,3,177553.868907
0.946943,3,177556.409952
0.991481,3,177560.382143
0.953504,3,177562.816822
0.893098,3,177566.586457
0.945209,3,177569.209708
0.99491,3,177571.119038
0.86476,3,177571.209115
0.945039,3,177573.982535
0.979059,3,177578.390958
0.969698,3,177584.094424
0.915249,3,177587.312595
0.979059,3,177589.723293
0.942402,3,177591.963431
0.959475,3,177594.19583
0.910421,3,177594.280171
0.942236,3,177597.070278
0.84308,3,177601.210059
0.99297,3,177605.06837
0.981206,3,177607.262296
0.974454,3,177609.474614
0.961727,3,177614.800554
0.973227,3,177616.996314
0.933957,3,177619.729665
0.944613,3,177622.401609
0.97466,3,177625.584497
0.912095,3,177628.60522
0.970106,3,177633.076245
0.889384,3,177641.204494
0.968418,3,177643.399714
0.793062,3,177649.338041
0.948963,3,177651.933531
0.949392,3,177657.233543
0.99297,3,177659.187655
0.948963,3,177661.791401
0.922888,3,177661.873684
0.795588,3,177661.968941
0.889384,3,177670.000573
0.984451,3,177670.076666
0.907862,3,177676.770613
0.917865,3,177680.318739
0.922254,3,177683.108126
0.877496,3,177683.203596
0.979059,3,177685.617485
0.793062,3,177691.62086
0.960284,3,177696.518143
0.915249,3,177699.520067
0.0,4,177768.537661
0.912506,3,177784.415469
0.844247,3,177793.874503
0.946943,3,177796.38986
0.99491,3,177798.178749
0.965369,3,177798.255385
0.945209,3,177800.977031
0.957262,3,177806.382692
0.942294,3,177812.422688
0.976593,3,177814.576464
0.97997,3,177818.866085
0.942402,3,177821.106242
0.989548,3,177823.22316
0.929144,3,177823.311988
0.944669,3,177825.952075
0.024076,7,177827.054846
0.960284,3,177831.990785
0.936536,3,177834.229675
0.95988,3,177836.547388
0.924579,3,177836.630181
0.895137,3,177836.721911
0.962304,3,177839.332644
0.0,18,178018.159782
0.857273,3,178023.25663
0.942176,3,178023.340513
0.907862,4,178029.847731
0.913049,3,178029.931127
0.789736,3,178030.040989
0.986286,3,178034.646758
0.975977,3,178037.15044
0.953504,3,178039.605983
0.970106,3,178043.977818
0.94612,3,178046.811717
0.861788,3,178056.243025
0.881669,3,178056.337124
0.0,1,178117.055854
0.968447,3,178119.342788
0.993119,3,178123.304839
0.930961,3,178126.062461
0.968504,3,178128.201151
0.977444,3,178133.399135
0.0,27,178473.534763
0.975977,3,178475.850229
0.9225,3,178475.929444
0.917865,3,178482.69954
0.96563,3,178482.775684
0.942402,3,178484.985985
0.907726,3,178491.75526
0.9299,3,178494.685709
0.90202,3,178498.089908
0.959275,3,178502.946609
0.977884,3,178508.439545
0.99491,3,178510.328908
0.972468,3,178512.818705
0.984659,3,178517.603207
0.99491,3,178519.536783
0.986286,3,178521.905637
0.0,4,178585.516205
0.99491,3,178587.348186
0.986138,3,178589.420562
0.913405,3,178589.510501
0.988064,3,178591.678581
0.757025,3,178598.300641
0.987916,3,178600.689511
0.993119,3,178602.562277
0.979059,3,178604.800277
0.99491,3,178606.562593
0.979646,3,178611.553018
0.952246,3,178617.090655
0.959275,3,178622.100363
0.86279,3,178626.374032
0.962304,3,178629.19861
0.990618,3,178629.278687
0.0,5,178724.670691
0.0,1,178785.36546
0.924885,3,178785.464872
0.992076,4,178789.710854
0.982887,3,178794.384902
0.886583,5,178812.399088
0.93387,3,178812.511495
0.933004,4,178839.938259
0.79311,3,178845.689838
0.969873,3,178847.845508
0.982887,3,178849.98868
0.962304,3,178855.078737
0.894922,3,178855.167949
0.987916,3,178859.561521
0.99491,3,178861.452669
0.945123,3,178861.534252
0.972468,3,178863.987265
0.831385,3,178864.088205
0.977884,3,178869.608196
0.884724,3,178874.018907
0.944613,3,178876.785248
0.95988,3,178879.095968
0.906037,3,178882.20563
0.96563,3,178882.370288
0.952246,3,178887.904743
0.963575,3,178890.274825
0.986523,3,178892.380905
0.970106,3,178896.744348
0.8946,3,178896.834454
0.94999,3,178899.345801
0.936536,3,178901.603506
0.939383,3,178904.371806
0.0,1,178964.97597
0.924556,3,178968.05444
0.950957,3,178968.149095
0.755075,3,178975.046453
0.99491,3,178977.055166
0.0,4,179042.873554
0.813399,3,179055.117665
0.952818,3,179057.814862
0.993119,3,179059.792719
0.912643,3,179062.879328
0.906037,3,179066.017823
0.993745,3,179066.095872
0.97759,3,179070.644779
0.755709,3,179077.435002
0.892913,3,179081.094285
0.953104,3,179083.74835
0.97759,3,179086.082608
0.910864,3,179098.554791
0.85938,3,179103.316444
0.0,1,179163.800225
0.0,3,179226.709011
0.857273,3,179231.851821
0.955969,3,179234.273878
0.0,8,179296.415404
0.93328,3,179296.51769
0.99297,3,179301.027092
0.98327,3,179303.382759
0.954246,3,179305.842902
0.944613,3,179308.913455
0.975977,3,179311.259822
0.915854,3,179314.698343
0.84308,3,179319.092583
0.979646,3,179324.242109
0.940932,3,179324.385804
0.996404,3,179326.213719
0.961727,3,179331.641487
0.968447,3,179333.947966
0.830662,3,179334.044078
0.84308,3,179338.446689
0.99491,3,179340.32898
0.9299,3,179343.119539
0.946943,3,179345.674907
0.981146,3,179347.812267
0.972935,3,179350.04735
0.942294,3,179356.112032
0.920512,3,179359.184196
0.960284,3,179364.32852
0.789736,3,179364.440197
0.965369,3,179364.603878
0.891119,4,179384.662439
0.969873,3,179386.830107
0.936199,3,179386.914232
0.97466,3,179392.283244
0.893098,3,179395.932758
0.981265,3,179400.692077
0.940653,3,179403.296085
0.918415,3,179406.251229
0.881853,3,179406.335407
0.927753,3,179409.173196
0.0,4,179472.687171
0.246456,4,179513.672713
0.982887,3,179517.929108
0.927753,3,179520.770857
0.948963,3,179523.24254
0.931325,4,179541.51181
0.959935,3,179541.604141
0.986286,3,179544.076792
0.789736,3,179544.185854
0.891387,5,179567.79585
0.922473,3,179567.88292
0.924885,3,179567.977309
0.989697,3,179570.512802
0.99491,3,179572.417038
0.904597,3,179575.968796
0.96653,3,179578.267723
0.94999,3,179580.842976
0.793062,3,179587.042871
0.885359,3,179590.827636
0.984451,3,179590.92243
0.907339,3,179959.38272
0.944613,3,179962.200181
0.99491,3,179964.079425
0.97759,3,179968.625537
0.957262,3,179971.336759
0.943906,3,179973.908666
0.912643,3,179976.938289
0.953504,3,179979.341012
0.894224,3,179983.058707
0.950957,3,179983.14059
0.989697,3,179987.110322
0.996404,3,179988.993099
0.983919,3,179991.089925
0.943368,3,179993.699382
0.83141,3,179993.790932
0.972468,3,179996.280662
0.981206,3,179998.606567
0.931435,3,180001.469225
0.913405,3,180001.552052
0.947598,3,180004.203208
0.99297,3,180006.27185
0.911653,3,180006.359752
0.953104,3,180008.891016
0.976593,3,180010.939272
0.99297,3,180012.954794
0.972468,3,180015.436645
0.987916,3,180019.600189
0.978381,3,180019.741434
0.0,4,180154.175968
0.0,3,180222.356137
0.939465,3,180224.639074
0.916289,3,180227.08443
0.884724,5,180231.817469
0.831385,3,180232.093016
0.841463,3,180237.17349
0.92203,3,180237.253208
0.906608,3,180240.505268
0.929144,3,180240.58871
0.0,10,180411.540797
0.947598,3,180414.212008
0.995298,3,180414.28784
0.895137,3,180414.37334
0.889516,3,180426.341005
0.946003,3,180426.420365
0.988509,3,180429.254444
0.92203,4,180429.493176
0.962593,3,180434.281991
0.933758,3,180434.362313
0.893098,3,180438.124368
0.910864,3,180450.269981
0.917366,3,180453.347214
0.755709,3,180459.830086
0.922473,3,180459.912596
0.789736,3,180460.020906
0.957031,3,180462.371012
0.904597,3,180466.167737
0.93328,3,180466.25192
0.964819,3,180468.595798
0.902914,3,180471.770058
0.924886,3,180471.853566
0.984274,3,180471.92785
0.927753,3,180474.6069
0.957262,3,180477.300886
0.877496,3,180477.393816
0.907862,3,180483.905589
0.960772,3,180483.984402
0.981206,3,180486.317415
0.903512,3,180493.666344
0.93831,3,180493.746614
0.876159,3,180497.362807
0.79311,3,180503.297541
0.98327,3,180505.436382
0.946943,3,180507.857115
0.981206,3,180510.154956
0.864786,3,180510.242639
0.962593,3,180512.784762
0.0,3,180575.634765
0.955396,3,180583.803608
0.864371,3,180583.89756
0.946943,3,180586.408502
0.988509,3,180589.239383
0.929147,3,180592.089086
0.922833,3,180592.173197
0.825322,3,180597.584212
0.9982,3,180601.390948
0.984363,3,180605.665622
0.969873,3,180607.880608
0.83141,3,180607.973544
0.922833,3,180608.054882
0.922833,3,180608.139014
0.893098,3,180611.862401
0.979059,3,180614.226136
0.952675,3,180616.917302
0.942236,3,180619.790002
0.982887,3,180624.100353
0.922473,3,180624.183288
0.965369,3,180624.262994
0.982887,3,180628.62683
0.873901,3,180632.995155
0.934181,3,180635.683841
0.0,3,180697.773602
0.957262,3,180700.481401
0.858138,3,180703.399776
0.961727,3,180706.248438
0.948306,3,180708.400324
0.967373,3,180710.820328
0.991778,3,180715.138058
0.925,3,180717.941128
0.83141,3,180718.207199
0.974454,3,180720.417067
0.989697,3,180722.853485
0.972614,3,180725.22012
0.984451,3,180725.296906
0.789736,3,180725.405638
0.99491,3,180727.291765
0.988064,3,180731.892955
0.755709,3,180738.733865
0.907862,3,180745.283419
0.93328,3,180745.371845
0.980676,3,180747.392276
0.930594,3,180747.47242
0.944613,3,180750.263085
0.880878,3,180753.932974
0.979353,3,180758.305769
0.989875,3,180760.345395
0.959275,3,180765.294586
0.832209,3,180765.407956
0.981618,3,180767.365141
0.984274,3,180767.442012
0.986286,3,180771.560297
0.957262,3,180774.388141
0.891305,3,180778.236164
0.97759,3,180782.698846
0.944613,3,180785.360402
0.959475,3,180787.575859
0.948963,3,180790.155201
0.988894,3,180790.230929
0.99491,3,180794.031034
0.984659,3,180798.999161
0.940935,3,180801.757633
0.986523,3,180803.741693
0.934629,3,180806.583811
0.995059,3,180810.426295
0.981265,3,180815.293236
0.906037,3,180818.446593
0.86476,3,180818.532313
0.964819,3,180820.872663
0.932888,3,180823.45524
0.934181,3,180826.070594
0.984451,3,180826.143502
0.79311,3,180831.916904
0.942294,3,180837.868921
0.924579,3,180837.947514
0.957662,3,180838.025552
0.94572,3,180840.631473
0.952675,3,180845.824892
0.988983,3,180845.900482
0.972468,3,180848.318678
0.897455,6,180855.393151
0.995059,3,180859.284568
0.945209,3,180862.009405
0.949392,3,180867.286799
0.965833,3,180867.451865
0.929339,3,180867.532705
0.0,3,180944.287732
0.972468,3,180946.778392
0.962737,3,180951.479645
0.970106,3,180955.98599
0.937496,3,180958.659866
0.96653,3,180960.892713
0.881853,3,180960.979871
0.99491,3,180962.879294
0.986138,3,180964.938802
0.993268,3,180969.299151
0.943906,3,180971.832347
0.962737,3,180976.311746
0.976124,3,180980.491477
0.97627,3,180985.59262
0.939383,3,180988.526061
0.988894,3,180988.60108
0.94999,3,180990.970711
0.973227,3,180993.17198
0.755075,5,180999.841704
0.977444,3,181004.939821
0.996404,3,181008.757681
0.828446,3,181008.883716
0.892913,3,181012.405387
0.944613,3,181015.168286
0.924552,3,181015.261136
0.924746,3,181015.341704
0.0,7,181089.761334
0.993417,4,181093.768168
0.922833,3,181093.982583
0.99491,3,181095.861539
0.979059,3,181098.219772
0.929339,3,181098.30476
0.97466,3,181101.542834
0.991481,3,181105.601695
0.93328,3,181105.687351
0.873292,3,181105.781208
0.793062,3,181111.737362
0.951961,3,181116.919771
0.947257,3,181122.538494
0.99491,3,181124.416316
0.99491,3,181126.31725
0.943906,3,181128.868678
0.96563,3,181129.034375
0.863489,3,181133.378905
0.934629,3,181136.201941
0.979059,3,181138.561025
0.975977,3,181140.840378
0.958556,3,181145.643816
0.86476,3,181145.734893
0.956801,3,181148.084229
0.983477,3,181150.651332
0.974454,3,181152.883123
0.975977,3,181155.161299
0.811085,3,181162.727161
0.84389,3,181167.036305
0.916098,3,181167.125019
0.0,7,181272.742707
0.889516,10,181294.459773
0.991332,3,181298.576391
0.916098,3,181298.660164
0.970106,3,181303.115136
0.925138,3,181305.843704
0.939465,3,181308.076086
0.96653,3,181310.325802
0.858138,3,181313.350998
0.893098,3,181316.999184
0.939383,3,181319.772483
0.86476,3,181319.890074
0.920454,3,181320.165242
0.830662,3,181320.2557
0.895754,3,181320.3451
0.991332,3,181324.464477
0.857273,3,181329.552983
0.977884,3,181334.892423
0.870548,3,181338.766821
0.97759,3,181343.124593
0.981323,3,181343.199931
0.955396,3,181350.721433
0.893098,3,181354.363678
0.966181,3,181358.663509
0.972468,3,181361.058544
0.942859,3,181366.448303
0.864786,3,181366.536145
0.991778,3,181370.94708
0.962304,3,181373.621681
0.982887,3,181377.907621
0.99491,3,181379.812547
0.890049,3,181383.658328
0.979353,3,181388.030804
0.975977,3,181390.377218
0.942176,3,181390.50606
0.754645,5,181403.988451
0.959275,3,181408.915918
0.944613,3,181411.675035
0.924579,3,181411.758819
0.828546,3,181411.861038
0.925194,3,181414.870658
0.892857,3,181418.704524
0.793062,3,181424.672906
0.94999,3,181427.158613
0.975977,3,181429.417258
0.793062,3,181435.185392
0.943906,3,181437.729791
0.789736,3,181437.843186
0.918415,3,181440.84512
0.982887,3,181445.57788
0.946315,3,181445.657267
0.950018,3,181448.142631
0.986523,3,181450.255755
0.924746,3,181450.33546
0.326328,9,181577.286593
0.956113,3,181579.863901
0.947257,3,181585.354006
0.972468,3,181587.829169
0.987916,3,181592.194967
0.903046,3,181592.288208
0.942402,3,181594.381318
0.982887,3,181598.700619
0.84308,3,181602.86595
0.955969,3,181605.297536
0.92131,3,181607.996416
0.79311,3,181613.956023
0.891387,4,181637.164998
0.795636,3,181637.437339
0.957262,3,181640.253513
0.966067,3,181644.757699
0.982887,3,181648.966372
0.9225,3,181649.047708
0.844247,3,181658.55774
0.858138,3,181661.592256
0.893098,3,181665.347038
0.981265,3,181668.30104
0.925194,3,181671.294554
0.892857,3,181675.065135
0.984659,3,181680.031123
0.934125,3,181682.868213
0.984659,3,181685.845105
0.954246,3,181687.983664
0.979059,3,181690.326506
0.942402,3,181692.531288
0.953104,3,181694.991323
0.986286,3,181697.434954
0.884664,3,181700.615115
0.911763,3,181700.700717
0.940653,3,181703.243339
0.002941,4,181704.540103
0.990677,3,181706.493188
0.757866,3,181706.591459
0.948963,3,181709.155736
0.968447,3,181711.423383
0.944161,3,181713.983764
0.993417,3,181717.998563
0.881906,3,181718.088839
0.979059,3,181722.858447
0.962737,3,181727.555955
0.90202,3,181730.98453
0.967373,3,181735.767835
0.989934,3,181737.801992
0.83141,3,181737.894614
0.991332,3,181739.975778
0.993119,3,181743.907622
0.945066,3,181743.992347
0.912095,3,181747.055239
0.981618,3,181749.073014
0.982887,3,181753.70184
0.957262,3,181756.491464
0.99491,3,181758.389057
0.940653,3,181760.967986
0.912506,3,181776.645969
0.915249,3,181779.643336
0.991778,3,181783.964308
0.979059,3,181786.347405
0.890049,3,181790.257477
0.872195,3,181794.171437
0.955396,3,181801.852154
0.864786,3,181801.957144
0.86339,3,181806.029721
0.940935,3,181808.710325
0.993119,3,181812.667726
0.913056,3,181816.888274
0.962593,3,181821.54474
0.861759,3,181825.731628
0.962304,3,181828.533196
0.966181,3,181832.91886
0.987916,3,181837.255837
0.988894,3,181837.332535
0.965369,3,181837.411215
0.922473,3,181837.492422
0.789736,3,181837.60226
0.889516,6,181858.781604
0.962304,3,181863.852136
0.954246,3,181865.959209
0.979646,3,181870.977988
0.961727,3,181873.85777
0.873239,3,181873.951933
0.934573,3,181876.641739
0.0,5,182010.333106
0.977884,3,182015.84769
0.984244,3,182015.924778
0.982887,3,182018.136215
0.924191,3,182020.863691
0.924191,3,182023.537524
0.911653,3,182023.624364
0.982887,3,182028.186131
0.975977,3,182030.385427
0.831385,3,182030.476598
0.755709,3,182037.270835
0.970106,3,182041.696485
0.97759,3,182046.091692
0.924556,3,182048.953081
0.97997,3,182051.159971
0.96653,3,182053.290668
0.944613,3,182056.044014
0.931185,3,182058.817389
0.915249,3,182061.914443
0.0,5,182128.245586
0.99491,3,182130.157204
0.982887,3,182134.742607
0.959275,3,182139.665966
0.90324,3,182179.682379
0.989697,3,182182.145658
0.97627,3,182185.147695
0.964472,3,182187.541104
0.949392,3,182192.839936
0.789736,3,182192.950325
0.984274,3,182193.028715
0.87089,3,182197.736119
0.989697,3,182200.183848
0.870548,3,182204.083847
0.929144,3,182204.168802
0.959275,3,182209.122549
0.963199,3,182211.398769
0.986138,3,182213.472422
0.924579,3,182213.554365
0.981265,3,182218.403076
0.937356,3,182221.579732
0.962593,3,182224.039045
0.99491,3,182225.94575
0.90324,3,182253.636403
0.891305,3,182257.518646
0.0,1,182318.228396
0.0,3,182383.288782
0.99491,3,182385.186777
0.924746,3,182385.271186
0.99297,3,182387.303873
0.0,2,182448.416864
0.931185,3,182451.316215
0.922032,3,182454.453464
0.97627,3,182457.441882
0.969698,3,182463.491132
0.924746,3,182463.602227
0.948963,3,182466.485108
0.894388,3,182470.690809
0.925194,3,182474.401227
0.956801,3,182477.20133
0.927753,3,182480.152247
0.981265,3,182485.395888
0.894224,3,182489.570176
0.951961,3,182495.62855
0.0,6,182560.274209
0.979059,3,182562.7372
0.969262,3,182565.06213
0.0,1,182625.428119
0.975977,3,182628.052222
0.947598,3,182631.408376
0.979499,3,182633.711276
0.958699,3,182636.264124
0.952989,3,182638.809293
0.95821,3,182641.328938
0.977884,3,182647.367089
0.892913,3,182651.098215
0.024078,4,182651.915169
0.872485,3,182655.910696
0.979059,3,182658.379574
0.991481,3,182662.628109
0.79311,3,182669.614761
0.86476,3,182669.713263
0.972935,3,182672.064649
0.973227,3,182674.949286
0.935918,4,182678.71603
0.971533,3,182681.732602
0.936372,3,182689.370963
0.94999,3,182692.299939
0.962304,3,182695.180004
0.93831,3,182695.26576
0.97627,3,182700.726312
0.981618,3,182702.630978
0.979646,3,182707.661688
0.996404,3,182709.539956
0.955365,3,182711.960783
0.891305,3,182715.698953
0.953962,3,182718.752809
0.940935,3,182721.391239
0.889384,3,182726.533085
0.86546,4,182726.669551
0.987916,3,182730.931813
0.970106,3,182735.371608
0.988894,3,182735.455913
0.993119,3,182737.578809
0.864786,3,182737.684622
0.936536,3,182740.032102
0.99491,3,182743.756949
0.986286,3,182746.244708
0.922254,3,182749.163887
0.962015,3,182756.265434
0.924579,3,182756.387877
0.955365,3,182759.039691
0.970106,3,182763.823263
0.989697,3,182768.550713
0.967373,3,182771.298656
0.987916,3,182775.885537
0.946943,3,182778.715055
0.974454,3,182780.978935
0.945209,3,182783.643534
0.972468,3,182786.02174
0.907862,3,182789.603439
0.930706,3,182791.911946
0.0,2,182852.986634
0.979059,3,182857.761983
0.934629,3,182860.51377
0.986286,3,182862.962954
0.977884,3,182868.465308
0.916289,3,182868.552779
0.986523,3,182870.662833
0.984451,3,182870.74302
0.977444,3,182876.173025
0.934573,3,182878.917409
0.960284,3,182883.545742
0.99297,3,182885.514345
0.864786,3,182885.753105
0.894466,3,182885.839165
0.925138,3,182888.606359
0.922833,3,182888.694729
0.942402,3,182890.961751
0.97627,3,182894.068506
0.939465,3,182896.323288
0.893098,3,182900.097406
0.974075,3,182903.238136
0.979059,3,182905.602024
0.981265,3,182908.802408
0.952675,3,182911.393253
0.99297,3,182913.38987
0.84308,3,182917.601611
0.873901,3,182921.931189
0.988509,3,182924.96061
0.995059,3,182928.803168
0.982739,3,182931.052836
0.942294,3,182936.805781
0.973052,3,182942.2499
0.945209,3,182944.984336
0.922254,3,182947.90603
0.977884,3,182953.440415
0.952246,3,182959.009742
0.893098,3,182962.788643
0.907339,3,182962.901518
0.987916,3,182965.260945
0.968826,3,182968.578054
0.930706,3,182970.891544
0.979353,3,182975.30488
0.960284,3,182980.080235
0.0,11,183160.75603
0.917366,4,183163.804615
0.966181,3,183168.156119
0.959935,3,183168.250193
0.944613,3,183170.904042
0.979499,3,183175.232586
0.986523,3,183177.288865
0.942402,3,183179.495647
0.864034,3,183179.743961
0.922833,3,183179.835891
0.925194,3,183183.002202
0.944613,3,183185.957536
0.863489,3,183190.584821
0.894388,3,183194.105911
0.921812,3,183196.838304
0.991481,3,183200.956873
0.873239,3,183201.050344
0.0,21,183499.755416
0.981265,3,183502.835288
0.99491,3,183504.712072
0.945663,3,183504.797687
0.876159,3,183508.293176
0.97627,3,183511.185724
0.948963,3,183513.808808
0.982739,3,183516.050411
0.965369,3,183516.12876
0.86476,4,183516.239731
0.947257,3,183522.025365
0.864786,3,183522.26805
0.989697,3,183524.345081
0.99491,3,183526.244702
0.979499,3,183528.376395
0.934573,3,183531.087662
0.97627,3,183536.183483
0.912721,3,183538.908334
0.993119,3,183540.841548
0.921812,3,183543.600924
0.927753,3,183546.427077
0.981206,3,183548.75796
0.945123,3,183548.899457
0.881669,3,183548.999102
0.934181,3,183551.925047
0.957173,3,183552.010755
0.976358,3,183554.508783
0.934125,3,183557.362125
0.953733,3,183560.123992
0.934573,3,183562.830438
0.945663,3,183562.916353
0.793062,3,183568.665203
0.95988,3,183570.893044
0.90324,3,183611.622369
0.925,3,183614.485556
0.925194,3,183617.451051
0.99491,3,183619.36996
0.92131,3,183622.247694
0.934181,3,183624.961408
0.973052,3,183630.534865
0.932888,3,183633.102078
0.755709,3,183639.702172
0.304192,6,183718.73163
0.0,4,183825.722976
0.83141,3,183825.826589
0.979059,3,183828.180298
0.890049,3,183832.058269
0.975977,3,183834.331448
0.991332,3,183836.391834
0.988598,3,183838.416102
0.922833,3,183838.624654
0.819129,3,183843.773766
0.959275,3,183848.821975
0.944613,3,183851.635759
0.962737,3,183856.367487
0.962304,3,183861.576071
0.952246,3,183867.059694
0.979059,3,183871.573329
0.863489,3,183876.007868
0.982887,3,183880.311168
0.979059,3,183882.704466
0.954246,3,183884.838888
0.844247,3,183894.460057
0.975977,3,183896.613839
0.972468,3,183899.045044
0.99491,3,183900.906566
0.972468,3,183903.448333
0.979059,3,183905.853031
0.943906,3,183908.408729
0.96653,3,183910.6135
0.894251,3,183914.17938
0.99297,3,183918.174812
0.894224,3,183921.801655
0.99491,3,183923.725638
0.965369,3,183923.809518
0.979059,3,183928.287624
0.952675,3,183931.016783
0.959275,3,183935.98633
0.99491,3,183939.794725
0.956113,3,183942.33163
0.794968,3,183947.960574
0.902914,3,183951.004326
0.989875,3,183953.207847
0.9982,3,183957.032274
0.918663,3,183959.94659
0.934629,3,183962.785368
0.922032,3,183965.832336
0.97759,3,183970.277564
0.983477,3,183972.917229
0.957262,3,183975.61799
0.986138,3,183977.702562
0.979059,3,183980.069583
0.986286,3,183982.513324
0.982887,3,183986.870267
0.934629,3,183989.741984
0.863489,3,183994.086535
0.925138,3,183996.987875
0.864786,3,183997.076219
0.918415,3,183999.93337
0.927753,3,184002.823182
0.942294,3,184008.825308
0.83141,3,184008.920583
0.913022,3,184009.010345
0.952818,3,184011.64562
0.922888,3,184011.731399
0.979059,3,184014.198539
0.873292,3,184014.296097
0.893098,3,184018.116198
0.957031,3,184020.476425
0.991778,3,184024.841125
0.277494,6,184123.509968
0.93166,3,184126.386119
0.0,1,184187.126716
0.972176,3,184190.164167
0.79311,3,184195.901174
0.987916,3,184587.472423
0.954246,3,184589.559421
0.925194,3,184592.477016
0.974075,3,184595.76208
0.921642,3,184595.85665
0.930961,3,184598.573425
0.972935,3,184600.777291
0.989697,3,184602.744011
0.0,5,184664.464322
0.965485,3,184664.558335
0.942294,3,184670.456342
0.94535,3,184672.609714
0.90324,3,184711.430557
0.930961,3,184714.138729
0.974454,3,184716.351452
0.915249,3,184719.41132
0.864371,3,184719.652317
0.813546,3,184724.986758
0.944613,3,184727.696837
0.982739,3,184729.940873
0.0,2,184790.649436
0.350276,14,184960.339629
0.99491,3,184962.213298
0.981265,3,184967.001991
0.894388,3,184970.470159
0.97759,3,184974.813848
0.95988,3,184977.077217
0.967373,3,184979.540327
0.93387,3,184979.623224
0.943906,3,184982.134515
0.966064,3,184982.269611
0.962304,3,184984.825349
0.968447,3,184986.954929
0.934125,3,184989.741069
0.962737,3,184994.330355
0.957262,3,184997.085801
0.972176,3,185000.040028
0.986523,3,185002.053263
0.824133,4,185013.836246
0.882471,3,185018.871186
0.996404,3,185020.794606
0.973227,3,185022.960163
0.944669,3,185028.105119
0.93328,3,185028.188344
0.953845,3,185028.275947
0.959419,3,185033.017335
0.940935,3,185035.658408
0.950248,3,185041.098895
0.979059,3,185043.403078
0.99491,3,185045.278798
0.979353,3,185049.471856
0.99297,3,185051.325939
0.979059,3,185053.666335
0.989697,3,185057.674096
0.939383,3,185060.355533
0.924579,3,185060.47577
0.972176,3,185063.482222
0.99491,3,185065.382717
0.0,5,185135.632254
0.0,5,185201.136328
0.857732,5,185210.003379
0.957262,3,185212.784898
0.9299,3,185215.626464
0.967373,3,185218.083222
0.972935,3,185220.255461
0.829367,3,185225.23404
0.878685,16,185250.741311
0.989875,3,185252.765128
0.32928,9,185357.557366
0.981206,3,185359.842523
0.893098,3,185363.390038
0.989697,3,185365.79226
0.917366,3,185368.849525
0.813399,3,185380.36952
0.990677,3,185382.267377
0.967373,3,185384.847223
0.915854,3,185388.053744
0.79311,3,185393.85969
0.858138,3,185396.787481
0.956801,3,185399.13892
0.953962,3,185402.132736
0.959475,3,185404.34295
0.953733,3,185406.871124
0.907339,3,185406.983323
0.961727,3,185412.204386
0.959275,3,185417.078192
0.99491,3,185418.958411
0.889384,3,185426.94205
0.957031,3,185429.26881
0.962593,3,185431.745784
0.958556,3,185436.237887
0.927753,3,185438.982869
0.94535,3,185441.313756
0.977444,3,185447.313286
0.953504,3,185449.725385
0.988598,3,185451.767741
0.942236,3,185454.61213
0.952246,3,185460.070771
0.948306,3,185462.206815
0.952246,3,185467.653709
0.99491,3,185469.547699
0.988271,3,185471.576191
0.889516,4,185483.560257
0.830887,3,185483.659128
0.99491,3,185485.531086
0.917865,3,185492.271715
0.924556,3,185495.051734
0.953962,3,185498.012029
0.952246,3,185503.307134
0.857273,3,185508.129611
0.99491,3,185509.997514
0.922888,3,185510.082785
0.924552,3,185510.167822
0.961696,3,185512.470615
0.9299,3,185515.209365
0.906037,3,185518.316637
0.890049,3,185522.20375
0.0,4,185588.144998
0.982916,3,185590.313728
0.949392,3,185595.602777
0.930594,3,185595.68855
0.893098,3,185599.46767
0.957058,3,185599.603456
0.979353,4,185604.000262
0.979059,3,185606.365464
0.936536,3,185606.461909
0.870548,5,185614.551154
0.917865,3,185618.068255
0.954507,4,185620.918262
0.96653,3,185623.139211
0.841463,3,185628.063337
0.95821,3,185630.533347
0.0,3,185707.602317
0.933004,6,185737.901345
0.99491,3,185739.893821
0.975273,3,185739.970299
0.991778,3,185742.351051
0.931185,3,185745.128864
0.0,3,185813.528773
0.8946,3,185813.791513
0.755709,3,185820.337293
0.945066,3,185820.433194
0.0,1,185880.786927
0.960284,3,185885.728328
0.938338,3,185885.814417
0.915854,3,185889.071053
0.990142,3,185893.71925
0.979059,3,185896.153527
0.97759,3,185900.583236
0.968447,3,185902.866271
0.950957,3,185902.94926
0.983919,3,185905.064467
0.943906,3,185907.628245
0.99297,3,185911.52921
0.979059,3,185913.908667
0.948963,3,185916.511657
0.956801,3,185918.873251
0.930706,3,185921.20123
0.976593,3,185923.28743
0.95988,3,185925.588929
0.95821,3,185928.009157
0.83141,3,185928.1013
0.980499,3,185932.29883
0.948963,3,185934.873194
0.864034,3,185934.965803
0.866142,3,185939.122171
0.963575,3,185941.706958
0.870914,7,185950.317855
0.97759,3,185954.704903
0.934125,3,185957.597286
0.988924,4,185960.449333
0.961727,3,185966.04133
0.988598,3,185968.090887
0.991332,3,185972.260959
0.986286,3,185974.877428
0.933145,3,185980.769911
0.960284,3,185985.38037
0.987589,3,185985.457043
0.993656,4,185989.360819
0.991481,3,185993.602487
0.979353,3,185998.022742
0.881669,4,185998.142631
0.916098,3,185998.231537
0.982739,3,186000.436265
0.848314,5,186014.311241
0.972468,3,186016.669753
0.975273,3,186016.747089
0.981146,3,186018.86968
0.934181,3,186021.505862
0.893098,3,186025.301451
0.981206,3,186027.684583
0.819129,3,186032.560864
0.0,1,186093.109577
0.913056,3,186097.299504
0.877444,3,186097.394962
0.884724,3,186101.646963
0.0,3,186169.574835
0.940935,3,186172.23846
0.987916,3,186176.639579
0.903509,3,186180.013072
0.0,1,186240.35528
0.981265,3,186245.303531
0.977884,3,186251.380858
0.0,4,186316.928232
0.933145,3,186322.811122
0.99491,3,186324.712406
0.0,1,186385.063343
0.979499,3,186389.496488
0.95982,4,186391.920646
0.960224,3,186394.333049
0.996404,3,186396.32303
0.956801,3,186398.733085
0.9225,3,186398.820233
0.986523,3,186400.933461
0.977884,3,186406.512408
0.876159,3,186410.295709
0.873901,3,186414.758578
0.931325,4,186430.451632
0.962304,3,186435.736274
0.979059,3,186438.090194
0.93166,3,186440.819841
0.921642,3,186440.904238
0.0,3,186558.883821
0.991778,3,186563.373296
0.95988,3,186565.676497
0.982887,3,186569.930045
0.957262,3,186572.81101
0.955365,4,186575.285326
0.99491,3,186577.186023
0.987916,3,186579.563389
0.795588,3,186579.660699
0.962737,3,186584.380496
0.831385,3,186584.476423
0.910865,4,186590.392456
0.990677,3,186592.335924
0.0,7,186826.863884
0.961696,3,186829.265458
0.793062,3,186834.9653
0.960226,3,186839.426501
0.924579,3,186839.508955
0.97759,3,186843.971673
0.902914,3,186847.097383
0.991719,3,186849.154844
0.967138,3,186851.366259
0.913056,3,186855.539328
0.87089,7,186868.990173
0.913056,3,186873.12443
0.881853,3,186873.208873
0.9225,3,186873.291386
0.984659,3,186878.079835
0.967373,3,186880.607971
0.957262,3,186883.336814
0.986286,3,186885.488177
0.962737,3,186890.110918
0.793062,3,186895.824581
0.86476,3,186895.916186
0.979646,3,186901.016705
0.942402,3,186901.125711
0.979059,3,186903.52135
0.957173,3,186903.654867
0.991719,3,186905.675787
0.979059,3,186908.817444
0.934181,3,186911.851058
0.865357,3,186912.11826
0.972468,3,186914.594095
0.873901,3,186918.838441
0.942294,3,186924.75192
0.92353,3,186930.856025
0.969698,3,186936.391067
0.918635,3,186939.364791
0.981265,3,186942.461961
0.0,3,187005.634811
0.893098,3,187009.34612
0.972614,3,187011.601878
0.993119,3,187013.666064
0.984303,3,187013.74778
0.918744,3,187017.039071
0.983123,3,187019.122617
0.956801,3,187021.45778
0.942176,3,187021.538149
0.991332,3,187023.577113
0.962593,3,187026.078225
0.793062,3,187031.786154
0.962593,3,187034.314229
0.913056,3,187042.212724
0.94535,3,187044.380225
0.947598,3,187046.938034
0.942402,3,187049.142494
0.944161,3,187051.804239
0.912643,3,187054.778866
0.989697,3,187058.824349
0.97466,3,187064.045394
0.97759,3,187068.448648
0.863489,3,187072.737768
0.95379,3,187075.224432
0.831385,3,187075.315788
0.987916,3,187077.465076
0.99491,3,187079.338359
0.924746,3,187079.461633
0.927805,3,187081.760791
0.946943,3,187084.239543
0.94572,3,187087.018789
0.991778,3,187091.341775
0.931774,3,187094.906015
0.929283,3,187094.994542
0.979646,3,187100.512056
0.967373,3,187103.035621
0.916098,3,187103.141445
0.983919,3,187105.588863
0.979059,3,187107.988535
0.913056,3,187112.197486
0.898937,3,187115.825372
0.891387,5,187139.601891
0.932445,3,187146.446919
0.961696,3,187148.843421
0.99297,3,187152.845318
0.984363,3,187157.090766
0.919155,3,187157.184815
0.939383,3,187159.969803
0.94572,3,187162.568489
0.973052,3,187168.05206
0.97466,3,187173.348172
0.79311,3,187179.252008
0.966064,3,187179.329981
0.940708,8,187182.047586
0.90324,3,187221.857826
0.939383,3,187224.592752
0.97997,3,187226.860832
0.964472,3,187229.273775
0.961727,3,187234.650396
0.83141,3,187234.744946
0.99297,3,187238.542768
0.962304,3,187241.230721
0.0,4,187376.68688
0.864786,3,187376.797403
0.946943,3,187379.343378
0.99491,3,187381.239656
0.960226,3,187385.968974
0.942294,3,187391.881585
0.942294,3,187397.905079
0.962593,3,187402.53127
0.991481,3,187406.67233
0.913049,3,187406.790364
0.913022,3,187406.88265
0.982739,3,187409.179958
0.908952,3,187412.237776
0.982739,3,187414.364228
0.979264,3,187416.495197
0.969698,3,187422.140957
0.99491,3,187424.040654
0.946003,3,187424.149512
0.93166,3,187426.859177
0.96653,3,187429.106258
0.916098,3,187429.193637
0.983919,3,187431.285586
0.934686,3,187434.161563
0.0,4,187522.550576
0.906037,3,187525.777085
0.909798,3,187528.814449
0.832209,3,187529.08548
0.934828,3,187538.357322
0.957031,3,187540.762819
0.857273,3,187545.774716
0.917865,3,187549.345781
0.890049,3,187553.260021
0.0,12,187672.067204
0.813399,4,187684.064479
0.967373,3,187686.562124
0.984363,3,187690.803897
0.93328,3,187690.888256
0.881853,3,187690.973458
0.94999,3,187693.449803
0.984303,3,187693.528029
0.929144,3,187693.616221
0.962737,3,187698.268282
0.988271,3,187700.304367
0.86476,3,187700.396564
0.93961,5,187703.341239
0.948963,3,187705.937545
0.97627,3,187708.951267
0.991332,3,187712.970815
0.95053,3,187715.470721
0.924191,3,187718.153081
0.956113,3,187723.127657
0.986138,3,187725.206219
0.950446,3,187727.93863
0.889516,3,187740.706318
0.934181,3,187743.549918
0.755075,3,187750.513994
0.902914,3,187753.885885
0.982887,3,187758.409265
0.979059,3,187760.878997
0.916098,3,187760.96554
0.0,3,187821.794035
0.863489,3,187826.183655
0.989875,3,187828.229239
0.95982,4,187830.614292
0.97466,3,187833.777997
0.952246,3,187839.192224
0.948963,3,187841.784314
0.929339,3,187841.872065
0.893098,3,187845.518762
0.99491,3,187849.362221
0.962304,3,187852.001276
0.989697,3,187854.293933
0.982887,3,187859.563695
0.966067,3,187861.898004
0.973227,3,187864.269206
0.944161,3,187866.967946
0.894388,3,187870.634125
0.987916,3,187875.389773
0.955969,3,187877.858425
0.939383,3,187880.626262
0.955365,3,187883.096589
0.986286,3,187885.429281
0.97759,3,187889.981847
0.910864,3,187902.278029
0.982887,3,187907.046217
0.984244,3,187907.12714
0.969262,3,187909.242475
0.984659,3,187912.012883
0.911763,3,187912.100648
0.907726,3,187915.551084
0.981618,3,187917.492381
0.979059,3,187919.873577
0.99491,3,187921.7877
0.982887,3,187926.223038
0.903512,3,187934.1368
0.99297,3,187936.250495
0.960226,3,187941.091062
0.97627,3,187946.462741
0.969873,3,187948.683011
0.944669,3,187951.387898
0.902914,3,187954.47333
0.986523,3,187956.587097
0.90324,3,187996.345025
0.921812,3,187999.231999
0.958699,3,188001.63857
0.942294,3,188007.544697
0.981146,3,188009.642938
0.989934,3,188011.742934
0.946943,3,188014.259097
0.944613,3,188017.020508
0.857273,3,188026.819655
0.79473,3,188032.54391
0.945039,3,188035.251924
0.894466,4,188035.387681
0.832209,3,188035.480155
0.972468,3,188038.009413
0.942233,3,188038.094813
0.913049,3,188038.210649
0.976593,3,188040.358392
0.955396,3,188048.217674
0.925138,3,188051.067626
0.865357,4,188051.337182
0.757025,3,188058.038224
0.97466,3,188063.294199
0.957031,3,188065.649329
0.944613,3,188068.439604
0.957262,3,188071.238862
0.981265,3,188076.552169
0.0,9,188161.40684
0.980499,3,188165.597735
0.916098,3,188165.685445
0.831385,3,188165.78478
0.959275,3,188170.732061
0.864034,3,188170.825138
0.848314,3,188177.012475
0.959275,3,188181.925393
0.86476,3,188182.164827
0.979499,3,188184.409955
0.930594,3,188184.490391
0.929339,3,188184.574847
0.925138,3,188187.322063
0.97466,3,188192.663365
0.934125,3,188195.541908
0.952989,3,188198.006771
0.979059,3,188202.479011
0.947598,3,188205.120163
0.793062,3,188210.843436
0.903512,3,188218.375035
0.971533,3,188220.475253
0.984451,3,188220.551839
0.94999,3,188223.032996
0.988894,3,188223.111308
0.883899,3,188226.844865
0.967373,3,188231.691908
0.97759,3,188236.051905
0.90324,3,188276.108804
0.966067,3,188280.705686
0.875635,3,188284.835951
0.973052,3,188290.277892
0.968504,3,188292.418437
0.960284,3,188297.171621
0.9225,3,188297.259088
0.991332,3,188301.430305
0.992076,4,188305.741116
0.857273,3,188315.363612
0.748601,7,188334.860631
0.84308,3,188339.060885
0.982739,3,188343.458047
0.989697,3,188347.666767
0.965922,3,188350.212489
0.974454,3,188352.431004
0.979059,3,188357.112986
0.955969,3,188359.583787
0.955969,3,188361.972322
0.965369,3,188362.051244
0.967373,3,188366.848714
0.922888,3,188366.930447
0.942179,3,188369.753609
0.918744,3,188373.241483
0.903512,3,188380.580476
0.961727,3,188385.847744
0.910864,3,188397.797026
0.981265,3,188400.545637
0.866327,3,188410.19458
0.917366,3,188413.263869
0.948963,3,188416.024135
0.864786,3,188416.122222
0.989697,3,188418.674241
0.0,4,188537.56716
0.946943,3,188540.075917
0.942176,3,188540.158226
0.963575,3,188542.533932
0.895137,3,188542.7711
0.993268,3,188547.0965
0.920454,3,188547.184665
0.945179,3,188547.265738
0.953962,3,188550.310373
0.982739,3,188552.538073
0.872485,3,188556.055675
0.981265,3,188559.109333
0.873292,3,188559.206402
0.991332,3,188563.353439
0.813399,3,188569.468671
0.881853,3,188569.555475
0.964819,3,188571.917
0.951961,3,188576.976279
0.969873,3,188579.126005
0.950957,3,188579.218168
0.893098,3,188582.951357
0.986286,3,188585.411121
0.992076,3,188585.48169
0.9225,3,188585.56746
0.933957,3,188588.294851
0.873901,3,188592.463645
0.955969,3,188594.878433
0.930594,3,188594.959724
0.79473,3,188600.812966
0.894069,3,188608.600301
0.921591,3,188611.493536
0.821418,3,188616.387326
0.953962,3,188619.398233
0.983123,3,188621.482551
0.942233,3,188621.565536
0.973227,3,188625.986767
0.84308,3,188630.205248
0.943368,3,188632.815011
0.90202,3,188636.423387
0.979499,3,188638.711055
0.0,1,188699.20934
0.0,1,188759.739304
0.99297,3,188763.722076
0.927753,3,188766.509896
0.983477,3,188769.141498
0.933004,4,188793.783489
0.869055,3,188793.879958
0.934686,3,188796.76969
0.0,11,188873.885576
0.979059,3,188876.278954
0.903131,3,188879.428978
0.973052,3,188882.795505
0.893098,3,188886.567123
0.975273,3,188886.650261
0.976593,3,188888.812838
0.979059,3,188893.180215
0.937356,3,188896.31517
0.943368,3,188898.873529
0.961727,3,188904.518135
0.983477,3,188907.132499
0.980087,3,188909.301308
0.894466,3,188909.392557
0.958641,3,188911.803975
0.960284,3,188916.978227
0.97759,3,188921.787095
0.828546,3,188921.905138
0.961727,3,188928.218303
0.922888,3,188928.308738
0.927805,4,188931.107307
0.0,1,188991.642509
0.930706,3,188994.529347
0.951961,3,188999.497298
0.992076,4,189001.837167
0.99491,3,189003.740216
0.961727,3,189008.925384
0.95988,3,189011.228284
0.974075,3,189014.817981
0.979646,3,189019.964259
0.961727,3,189025.674905
0.956801,3,189028.018757
0.95053,3,189030.374008
0.83141,3,189030.470039
0.90324,3,189063.060612
0.950957,3,189063.145949
0.872485,3,189066.881308
0.962737,3,189071.595317
0.946943,3,189074.137303
0.883899,3,189077.880968
0.972176,3,189080.927374
0.944613,3,189083.693688
0.979059,3,189086.082779
0.894224,3,189089.968316
0.873292,3,189090.06597
0.903046,3,189090.155216
0.947598,3,189092.75054
0.982739,3,189095.051454
0.95821,3,189097.546961
0.982887,3,189102.423346
0.916098,3,189102.515046
0.979059,3,189104.985668
0.962737,3,189109.719363
0.99491,3,189111.625424
0.907862,3,189118.57997
0.972468,3,189120.96825
0.97759,3,189125.521756
0.970106,3,189130.65895
0.972468,3,189133.129255
0.986286,3,189135.597808
0.932445,3,189142.844145
0.0,7,189263.591542
0.908952,3,189266.750115
0.981265,3,189269.915265
0.933957,3,189272.678897
0.942176,3,189272.765743
0.963199,3,189275.062935
0.97759,3,189279.823803
0.912721,3,189282.95552
0.968418,3,189285.39429
0.789736,3,189285.506828
0.920454,3,189285.624997
0.0,11,189501.986436
0.794968,3,189507.569984
0.99491,3,189509.472275
0.97997,3,189889.254906
0.945663,3,189889.340848
0.95988,3,189892.005459
0.993417,3,189896.296654
0.962304,3,189899.087837
0.936372,3,189905.069701
0.945179,3,189905.150116
0.891119,4,189925.073452
0.980087,3,189927.34493
0.962304,3,189932.534963
0.912721,3,189935.703141
0.963517,3,189938.156951
0.93387,3,189938.268039
0.984303,3,189938.3472
0.979059,3,189940.76693
0.988271,3,189942.838585
0.953504,3,189945.289206
0.995059,3,189949.205719
0.984303,3,189949.289709
0.993119,3,189951.292979
0.934181,3,189954.311762
0.955365,3,189956.800067
0.0,1,190017.334627
0.924579,3,190017.427851
0.96563,3,190017.506546
0.979646,3,190023.04618
0.917865,3,190026.597499
0.989934,3,190028.663379
0.893098,3,190032.597576
0.861788,3,190041.84154
0.979059,3,190044.21536
0.895137,3,190044.299977
0.957262,3,190047.015966
0.982739,3,190049.319494
0.993268,3,190053.637975
0.982887,3,190055.876714
0.964472,3,190058.249412
0.981206,3,190060.638093
0.988064,3,190065.212941
0.986138,3,190069.462519
0.892857,3,190073.306223
0.872485,3,190076.819824
0.936536,3,190079.262616
0.955365,3,190081.720294
0.948963,3,190084.288585
0.97759,3,190088.821637
0.962304,3,190091.435035
0.986138,3,190093.590163
0.979499,3,190095.844415
0.79311,3,190101.521764
0.986286,3,190106.02581
0.924556,3,190108.875427
0.930594,3,190108.999308
0.988509,3,190111.833003
0.958556,3,190116.33906
0.920454,3,190116.430614
0.99491,3,190118.328456
0.280509,5,190193.94421
0.84308,3,190198.202675
0.972468,3,190200.649807
0.989697,3,190203.055603
0.789736,3,190203.168725
0.953104,3,190205.711826
0.929147,3,190208.522402
0.990677,3,190208.622256
0.942402,3,190210.905214
0.981265,3,190213.925278
0.887273,4,190222.267017
0.936536,3,190224.532997
0.757866,3,190224.834452
0.913049,3,190224.951689
0.915249,3,190227.925471
0.931325,4,190243.374272
0.979059,3,190245.724497
0.929339,3,190245.83631
0.0,9,190414.136892
0.90324,3,190442.706292
0.982887,3,190447.502603
0.982887,3,190451.906529
0.936199,3,190451.989286
0.94999,3,190454.52989
0.962593,3,190459.429313
0.953962,3,190462.401815
0.79311,3,190468.177848
0.915249,3,190471.214332
0.793062,3,190477.165196
0.895137,3,190477.253258
0.97466,3,190482.555229
0.948963,3,190485.182801
0.975977,3,190487.486013
0.907339,3,190487.580305
0.895754,3,190487.666491
0.987916,3,190492.037779
0.981265,3,190496.816037
0.913022,3,190496.907204
0.987916,3,190501.389767
0.933004,4,190531.813686
0.9225,3,190531.89764
0.890126,3,190532.010534
0.982887,3,190536.173317
0.966064,3,190536.255786
0.981265,3,190541.201999
0.99491,3,190545.119411
0.942176,3,190545.201501
0.974454,3,190547.404144
0.959275,3,190552.381235
0.921477,3,190555.577733
0.861759,3,190559.821134
0.962593,3,190562.392536
0.92131,3,190565.141393
0.0,1,190625.760033
0.913022,3,190625.859684
0.916289,3,190625.946216
0.960284,3,190630.858003
0.95379,3,190633.355152
0.917865,3,190640.150795
0.95988,3,190642.472626
0.789736,3,190642.586111
0.924579,3,190642.668327
0.993119,3,190644.663536
0.907862,3,190651.180035
0.995059,3,190655.014071
0.967373,3,190657.449942
0.122993,16,190718.143824
0.963575,3,190720.561495
0.907339,3,190720.666584
0.922888,3,190720.761646
0.893098,3,190724.496395
0.944613,3,190727.257231
0.79311,3,190732.825615
0.942233,3,190732.90815
0.99491,3,190736.605632
0.912643,3,190739.629862
0.959475,3,190741.910094
0.916289,3,190744.549322
0.789736,3,190744.66113
0.913056,3,190748.866283
0.991481,3,190753.056013
0.99297,3,190755.098268
0.881669,3,190755.192577
0.99297,3,190757.137814
0.925194,3,190760.126079
0.887273,4,190768.657982
0.982739,3,190772.929586
0.942294,3,190776.256891
0.915854,3,190779.370998
0.94612,3,190782.183061
0.796591,3,190782.454257
0.982887,3,190787.12124
0.962737,3,190791.701389
0.972468,3,190794.21987
0.793062,3,190800.162599
0.979059,3,190802.505285
0.832209,3,190802.776826
0.0,4,190873.0098
0.894388,3,190876.424365
0.986286,3,190878.53748
0.984659,3,190883.283303
0.895137,3,190883.373388
0.97759,3,190887.93748
0.931325,4,190903.637174
0.986523,3,190905.776013
0.940935,3,190908.4809
0.944613,3,190911.31952
0.944613,3,190914.067211
0.778608,3,190920.008162
0.961727,3,190925.450326
0.991481,3,190929.632658
0.93166,3,190932.378136
0.898937,3,190935.869637
0.924746,3,190935.956463
0.97759,3,190938.332903
0.982887,3,190942.867646
0.981265,3,190947.822318
0.962304,3,190950.448948
0.912643,3,190953.524797
0.972468,3,190955.978136
0.864034,3,190956.072881
0.950446,3,190958.580699
0.991481,3,190960.816775
0.915249,3,190963.803364
0.974075,3,190967.676065
0.996404,3,190969.613436
0.925138,3,190972.760087
0.977884,3,190978.32559
0.334661,10,191111.722008
0.972468,3,191114.196257
0.95988,3,191116.82023
0.99491,3,191118.85986
0.959275,3,191124.086787
0.92203,3,191124.177297
0.950018,3,191126.713352
0.984363,3,191130.980371
0.934629,3,191133.870228
0.0,4,191236.456143
0.755709,3,191243.171452
0.922833,3,191243.272478
0.933004,4,191275.24723
0.982916,3,191277.439855
0.99491,3,191281.297234
0.987916,3,191285.62495
0.912095,3,191288.796892
0.906037,3,191292.085825
0.916098,3,191292.191471
0.989934,3,191294.389177
0.9225,3,191294.489817
0.90202,3,191298.137489
0.924556,3,191301.061795
0.989548,3,191303.166014
0.906037,3,191306.382234
0.97759,3,191311.244411
0.919155,3,191314.052227
0.929147,3,191317.170875
0.858138,5,191320.311745
0.996404,3,191322.25577
0.929144,3,191322.347362
0.993119,3,191324.343084
0.973052,3,191330.210128
0.0,8,191488.225066
0.982887,3,191492.951288
0.948963,3,191495.608842
0.913056,3,191503.943172
0.931325,4,191522.518042
0.97759,3,191527.077244
0.970017,3,191529.323174
0.897455,3,191532.893146
0.793062,3,191538.629256
0.876421,3,191542.668691
0.945039,3,191545.403986
0.922473,3,191545.490378
0.986523,3,191547.625263
0.909798,3,191550.699741
0.885967,4,191554.596211
0.99491,3,191556.556715
0.979059,3,191558.977145
0.86339,3,191563.179953
0.986523,3,191565.306474
0.97759,3,191570.102644
0.931435,3,191573.156477
0.992076,4,191577.82233
0.984659,3,191583.581069
0.99297,3,191587.886216
0.989697,3,191592.128328
0.913056,3,191596.676046
0.99297,3,191598.646526
0.880878,3,191602.487712
0.958641,3,191604.915313
0.989697,3,191607.396314
0.981265,3,191612.388277
0.979059,3,191616.896285
0.984659,3,191621.999233
0.982739,3,191624.219441
0.793062,3,191630.207907
0.84389,3,191634.314039
0.813399,3,191646.053599
0.929147,3,191648.991435
0.995238,4,191652.814272
0.95988,3,191655.134627
0.975977,3,191657.42907
0.940932,3,191657.511244
0.94999,3,191659.900919
0.99491,3,191661.789989
0.884724,3,191666.119306
0.965922,3,191668.822782
0.830662,3,191668.918214
0.947257,3,191674.503279
0.98327,3,191676.551432
0.921591,3,191679.413899
0.924746,3,191679.537523
0.961696,3,191681.877359
0.890049,3,191685.753128
0.962593,3,191688.148511
0.979059,3,191692.551487
0.893098,3,191696.292493
0.920454,3,191696.379374
0.988271,3,191698.423332
0.988509,3,191701.388643
0.95988,3,191703.715505
0.982887,3,191708.01805
0.0,2,191769.579648
0.90202,3,191772.997034
0.929283,3,191773.082366
0.830438,3,191777.950291
0.96653,3,191780.07781
0.86546,3,191780.318088
0.893098,3,191784.057719
0.119008,7,191840.145977
0.890049,3,191843.927426
0.939383,3,191846.69037
0.97627,3,191849.692918
0.961727,3,191852.575358
0.929283,3,191852.657655
0.980087,3,191854.997912
0.929339,3,191855.105376
0.93166,3,191857.876388
0.757025,3,191864.492318
0.83141,3,191864.764571
0.897455,3,191868.247765
0.972176,3,191871.294233
0.991481,3,191875.403821
0.961696,3,191877.733447
0.793062,3,191883.425748
0.794968,3,191889.311269
0.944613,3,191891.960683
0.930706,3,191892.046901
0.99491,3,191893.95427
0.984659,3,191898.896698
0.987916,3,191901.20488
0.952675,3,191903.854799
0.945039,3,191906.614775
0.944669,3,191909.310112
0.910864,3,191921.259433
0.927559,3,191925.039834
0.94535,3,191927.121866
0.979059,3,191931.646502
0.959475,3,191933.795419
0.0,10,192009.942328
0.895137,3,192010.038587
0.9299,3,192012.832561
0.970106,3,192017.273558
0.9982,3,192021.104298
0.0,10,192197.17127
0.92203,3,192197.270042
0.90324,3,192224.58828
0.924941,3,192224.672962
0.988271,3,192226.70795
0.927559,3,192230.127887
0.967138,3,192232.364701
0.871727,4,192237.075199
0.857273,3,192246.64397
0.962304,3,192249.286154
0.991481,3,192253.343264
0.989697,3,192255.416783
0.943906,3,192257.972036
0.953733,3,192262.92803
0.996404,3,192264.823913
0.94572,3,192267.428231
0.947257,3,192273.185577
0.915249,3,192276.1552
0.960224,3,192278.510687
0.972176,3,192281.46801
0.789736,3,192281.579954
0.925138,3,192284.410077
0.894069,3,192288.492176
0.96653,3,192290.706002
0.908271,3,192294.484736
0.864786,3,192294.574916
0.99491,3,192296.482237
0.991481,3,192300.655777
0.984777,3,192302.807679
0.993119,3,192304.745457
0.958641,3,192307.186931
0.894922,3,192307.424354
0.950446,3,192309.866448
0.979059,3,192312.239084
0.988064,3,192316.829272
0.953962,3,192319.855799
0.924579,3,192319.936989
0.984363,3,192324.139764
0.927753,3,192326.964643
0.85938,3,192331.503837
0.0,1,192392.224206
0.873292,3,192392.349462
0.857546,3,192392.443769
0.939383,3,192395.203476
0.881906,3,192395.294469
0.950018,3,192397.779706
0.996404,3,192399.673928
0.9299,3,192402.609813
0.755709,3,192409.167917
0.99491,3,192411.048108
0.973052,3,192414.206196
0.863489,3,192418.760786
0.832284,3,192418.853337
0.984659,3,192423.594326
0.0,5,192529.228052
0.86339,3,192533.300535
0.979646,3,192538.247225
0.97759,3,192542.725387
0.930594,3,192542.808044
0.86546,3,192542.89606
0.925138,3,192545.757891
0.988271,3,192547.792237
0.929283,3,192547.880657
0.988983,3,192547.958691
0.99491,3,192549.871348
0.996404,3,192553.672713
0.983919,3,192555.791317
0.991778,3,192560.081439
0.931185,3,192562.81292
0.979059,3,192565.233437
0.945039,3,192567.998342
0.922473,3,192568.089173
0.988064,3,192570.63558
0.976358,3,192572.805385
0.982887,3,192577.483196
0.945039,3,192580.212387
0.986286,3,192584.756091
0.942294,3,192590.596429
0.902914,3,192593.750525
0.86476,3,192593.840587
0.953104,3,192596.403416
0.002941,5,192597.984395
0.0,3,192675.439509
0.957031,3,192678.180506
0.939383,3,192681.167432
0.982887,3,192683.57482
0.972176,3,192686.881966
0.921642,3,192686.974229
0.120738,8,192765.830284
0.865357,3,192765.936058
0.984451,3,192766.096028
0.957262,3,192769.025354
0.988983,3,192769.105791
0.965369,3,192769.192314
0.996404,3,192771.231115
0.942294,3,192777.526063
0.908105,3,192781.013854
0.991778,3,192785.738955
0.979059,3,192790.736237
0.894251,3,192794.876722
0.99297,3,192797.071314
0.94535,3,192799.487369
0.0,4,192861.130367
0.916289,3,192863.92237
0.944613,3,192866.779932
0.981618,3,192868.774794
0.919155,3,192871.438343
0.983477,3,192874.091516
0.937496,3,192876.997399
0.979059,3,192879.503615
0.989548,3,192883.787727
0.921591,3,192886.975699
0.963199,3,192889.451944
0.933145,3,192895.641849
0.0,1,192956.300032
0.864786,3,192956.407817
0.943906,3,192959.171628
0.79311,3,192965.409976
0.873239,3,192965.516073
0.982887,3,192970.445833
0.962593,3,192975.546932
0.942233,3,192975.634142
0.958556,3,192980.534629
0.831385,3,192980.63784
0.945066,3,192980.727355
0.929283,3,192980.820154
0.964877,3,192983.40159
0.975977,3,192985.83908
0.922473,3,192985.939843
0.964472,3,192988.56423
0.908271,3,192992.713698
0.975977,3,192995.1643
0.828546,3,192995.281437
0.955365,3,192997.97116
0.93831,3,192998.073029
0.912095,3,193001.345506
0.988598,3,193003.556767
0.939465,3,193006.006371
0.971533,3,193008.128109
0.913049,3,193008.221101
0.858138,3,193011.443967
0.933146,3,193021.683227
0.894069,3,193025.96223
0.972176,3,193029.177221
0.933758,3,193029.267806
0.975977,3,193034.06141
0.956113,3,193036.768104
0.940935,3,193039.667722
0.979499,3,193044.087933
0.954246,3,193046.394934
0.979059,3,193048.875073
0.960226,3,193053.707473
0.957031,3,193056.250198
0.96653,3,193058.699918
0.789736,3,193058.827051
0.986286,3,193061.460692
0.989875,3,193063.597839
0.996404,3,193065.643962
0.955396,3,193073.912769
0.939383,3,193076.859868
0.991778,3,193081.335474
0.984303,3,193081.421714
0.952818,3,193086.950803
0.942402,3,193089.393794
0.831385,3,193089.500377
0.982916,3,193091.781216
0.953733,3,193094.510026
0.123531,4,193095.423267
0.877444,3,193095.533067
0.969698,3,193101.58816
0.979059,3,193104.160946
0.84389,4,193108.690866
0.894466,3,193108.788832
0.949392,3,193114.718378
0.956801,3,193117.197782
0.952818,3,193119.866446
0.924191,3,193122.732538
0.729534,3,193134.287631
0.92203,3,193134.382502
0.976358,3,193136.710123
0.984303,3,193136.795238
0.961727,3,193142.310706
0.971533,3,193144.45865
0.972468,3,193147.019418
0.976593,3,193149.321949
0.989697,3,193151.931182
0.953504,3,193154.504404
0.84389,3,193158.994524
0.971533,3,193161.36287
0.975977,3,193163.783139
0.0,1,193224.54303
0.934629,3,193227.625468
0.95988,3,193230.186253
0.915249,3,193233.463104
0.948963,3,193236.300489
0.961727,3,193242.213025
0.903131,3,193245.680877
0.986286,3,193248.353857
0.989697,3,193250.879876
0.996404,3,193252.996327
0.921642,3,193253.094721
0.979353,3,193257.919083
0.939383,3,193260.981707
0.933957,3,193263.992593
0.982739,3,193266.442077
0.9299,3,193269.668568
0.832284,3,193269.769138
0.937496,3,193272.728526
0.828546,3,193272.850796
0.966067,3,193275.478323
0.908952,3,193278.848129
0.965922,3,193281.428059
0.921591,3,193284.835739
0.955365,3,193287.546425
0.884724,3,193292.414233
0.99491,3,193294.536862
0.894466,3,193294.643388
0.973052,3,193300.875684
0.987916,3,193305.625898
0.793062,3,193312.048461
0.959275,3,193317.399077
0.894251,3,193321.469823
0.930706,3,193324.038897
0.0,5,193386.75522
0.996404,3,193388.884644
0.97997,3,193393.568591
0.962593,3,193398.921405
0.877496,3,193399.027148
0.973052,3,193402.688765
0.979646,3,193408.22238
0.981265,3,193413.576629
0.969873,3,193416.021521
0.864786,3,193416.131881
0.982887,3,193420.875987
0.885967,4,193425.216304
0.966067,3,193430.243257
0.951961,3,193436.057636
0.962304,3,193439.027798
0.830887,3,193439.136489
0.873901,3,193448.537738
0.987916,3,193453.105776
0.934573,3,193455.959192
0.917366,3,193459.52942
0.988064,3,193461.929405
0.980676,3,193464.162475
0.988509,3,193467.281782
0.789736,3,193467.413769
0.948963,3,193470.309943
0.962304,3,193473.274508
0.986523,3,193475.580273
0.976124,3,193478.090178
0.873901,3,193482.826004
0.0,7,193722.65575
0.986286,3,193725.37295
0.932445,3,193732.789098
0.972468,3,193735.559097
0.951243,3,193735.648478
0.789736,3,193735.782701
0.950446,3,193738.357154
0.991332,3,193740.597355
0.942402,3,193743.092084
0.922473,3,193743.188981
0.986819,3,193745.426013
0.981206,3,193747.947108
0.972468,3,193750.630274
0.894466,3,193750.731786
0.981265,3,193754.313622
0.892913,3,193758.224249
0.98327,3,193760.517517
0.984659,3,193765.970093
0.975273,3,193766.05993
0.942233,3,193766.150349
0.830887,3,193766.271894
0.982739,3,193768.775574
0.982887,3,193771.142529
0.957173,3,193771.231635
0.99491,3,193773.315598
0.832209,3,193773.426553
0.974834,3,193773.515171
0.979059,3,193776.104944
0.977444,3,193781.849689
0.993119,3,193784.03649
0.934828,3,193794.344249
0.831385,3,193794.447783
0.0,1,193855.186083
0.961727,3,193858.280927
0.986523,3,193860.581879
0.902914,3,193864.1047
0.934828,3,193874.685133
0.902914,3,193878.236432
0.793062,3,193884.706989
0.991778,3,193887.17958
0.885967,4,193892.138593
0.987916,3,193894.916449
0.972468,3,193897.77754
0.950531,3,193900.790951
0.79311,3,193907.785784
0.981265,3,193911.681888
0.963199,3,193914.391723
0.981265,3,193919.917343
0.0,3,194006.327922
0.981618,3,194008.434927
0.955969,3,194011.140878
0.0,1,194071.569605
0.954246,3,194073.907743
0.97759,3,194078.912565
0.93831,3,194079.018549
0.953962,3,194082.447178
0.0,3,194144.144242
0.758822,3,194144.2678
0.942236,3,194147.565875
0.885861,3,194147.68793
0.939383,3,194150.712492
0.910864,3,194164.556989
0.929144,3,194164.655804
0.959275,3,194169.868532
0.957262,3,194172.884777
0.93831,3,194172.990439
0.972468,3,194175.736495
0.755075,3,194183.154274
0.863489,3,194188.093998
0.959475,3,194190.625018
0.979646,3,194195.985402
0.932445,3,194203.702984
0.979059,3,194206.352955
0.920454,3,194206.456089
0.830887,3,194206.55903
0.967373,3,194209.265137
0.953733,3,194212.130043
0.99491,3,194214.213239
0.873901,3,194219.002363
0.98327,3,194221.239609
0.995238,4,194225.58093
0.926722,3,194228.80075
0.960224,3,194231.415604
0.980499,3,194236.046786
0.927753,3,194239.227873
0.993119,3,194241.40573
0.96653,3,194662.70566
0.931466,3,194673.30894
0.943906,3,194676.217942
0.795588,3,194676.356065
0.955396,3,194685.179422
0.988064,3,194690.230823
0.959275,3,194695.77454
0.0,1,194756.524524
0.946003,3,194756.636433
0.955969,3,194759.384841
0.993417,3,194763.693541
0.931435,3,194766.902111
0.967138,3,194769.363767
0.891387,4,194795.90713
0.99297,3,194800.25018
0.873901,3,194805.105587
0.989697,3,194807.304154
0.0,10,194924.200001
0.988271,3,194926.476557
0.986138,3,194928.77622
0.979059,3,194931.430657
0.962824,3,194934.204541
0.984244,3,194934.295582
0.97627,3,194937.646858
0.873292,3,194937.759321
0.0,6,195014.517197
0.97627,3,195020.153987
0.948963,3,195023.05381
0.965922,3,195025.833967
0.934125,3,195029.022617
0.944613,3,195032.10615
0.952246,3,195038.152484
0.958641,3,195040.870104
0.982887,3,195046.113677
0.869055,3,195046.224824
0.934181,3,195049.280661
0.934686,3,195052.441301
0.943906,3,195055.276035
0.93831,3,195055.378501
0.971533,3,195057.722156
0.951961,3,195063.402191
0.916098,3,195063.502716
0.946943,3,195066.290561
0.972935,3,195068.589445
0.0,1,195129.432897
0.927559,3,195133.820935
0.982887,3,195139.005143
0.910864,3,195152.475224
0.757866,3,195152.606638
0.99491,3,195154.7133
0.921812,3,195157.956748
0.913022,3,195158.055294
0.829367,3,195163.719637
0.944669,3,195169.565245
0.84308,3,195174.284286
0.844247,3,195184.976932
0.944669,3,195188.063771
0.972935,3,195190.513776
0.981265,3,195193.595997
0.920347,3,195197.239397
0.924746,3,195197.339401
0.93961,3,195200.729372
0.0,1,195261.170065
0.982887,3,195266.449265
0.979059,3,195271.407874
0.99491,3,195273.520621
0.961727,3,195279.396556
0.996404,3,195283.591362
0.943906,3,195286.38244
0.924191,3,195289.383699
0.0,5,195405.351975
0.952246,3,195411.409333
0.922473,3,195411.501377
0.942294,3,195418.148258
0.916098,3,195418.248452
0.857273,3,195424.006139
0.984303,3,195424.095071
0.904597,3,195431.888348
0.986523,3,195434.230887
0.979059,3,195436.793888
0.903131,3,195440.32729
0.94535,3,195442.80274
0.929144,3,195442.897423
0.95988,3,195445.467983
0.864786,3,195445.570279
0.972935,3,195448.037114
0.911653,3,195448.13651
0.795588,3,195448.428346
0.97466,3,195454.348744
0.99491,3,195456.48061
0.0,3,195518.038122
0.996404,3,195522.231159
0.933957,3,195525.314748
0.99491,3,195527.434029
0.946943,3,195530.272831
0.123056,5,195578.634549
0.944161,3,195581.689729
0.894388,3,195585.663478
0.921812,3,195589.131941
0.961727,3,195595.186376
0.0,8,195764.048932
0.956113,3,195766.953356
0.916289,3,195769.724408
0.890049,3,195774.082381
0.876159,3,195778.113105
0.979646,3,195783.661176
0.945209,3,195786.687623
0.979499,3,195789.196084
0.982887,3,195791.646275
0.989697,3,195795.865321
0.96653,3,195798.404257
0.916098,3,195798.504579
0.86546,3,195798.603672
0.991778,3,195803.540322
0.913056,3,195812.596724
0.924746,3,195812.691324
0.848314,3,195820.000175
0.965922,3,195822.828997
0.950531,3,195825.659199
0.950446,3,195828.420967
0.988509,3,195831.596409
0.991332,3,195833.896909
0.970106,3,195839.003233
0.903509,3,195842.849925
0.924191,3,195845.993749
0.912721,3,195849.165687
0.902914,3,195852.844195
0.97759,3,195857.953556
0.916289,3,195860.668682
0.972468,3,195863.316593
0.958699,3,195866.006783
0.0,8,195933.925795
0.912095,3,195937.372523
0.969873,3,195939.921158
0.887273,4,195949.577714
0.956312,3,195949.677803
0.847546,3,195954.260457
0.946318,3,195957.151752
0.934181,3,195960.150301
0.895137,3,195960.249338
0.0,3,196022.943883
0.966181,3,196027.907644
0.931435,3,196031.08741
0.927753,3,196034.214762
0.962737,3,196039.373727
0.828446,3,196039.490479
0.970106,3,196044.452086
0.894224,3,196048.575199
0.925194,3,196052.064105
0.934181,3,196055.057952
0.984244,4,196059.566139
0.966067,3,196064.714205
0.967373,3,196067.528866
0.951961,3,196073.216867
0.967138,3,196075.707268
0.956113,3,196081.178045
0.993119,3,196083.29724
0.0,1,196143.87278
0.755709,3,196151.457084
0.970106,3,196156.224125
0.848314,3,196163.294707
0.986286,3,196166.022336
0.99491,3,196170.254146
0.99491,3,196172.372699
0.979059,3,196177.399619
0.99491,3,196179.502155
0.929339,3,196179.601492
0.984363,3,196184.253613
0.872485,3,196188.266758
0.972468,3,196191.013785
0.945066,3,196191.116115
0.970106,3,196195.947065
0.960226,3,196201.25302
0.793062,3,196207.923251
0.0,5,196325.120279
0.988894,3,196325.220693
0.958641,3,196327.958065
0.940428,3,196330.915222
0.989934,3,196333.029722
0.942294,3,196336.522243
0.894922,3,196336.770009
0.794968,3,196343.062857
0.979499,3,196345.395304
0.945209,3,196348.42481
0.965922,3,196351.101528
0.789736,3,196351.229227
0.893098,3,196355.43842
0.946003,3,196355.526705
0.962593,3,196360.872251
0.0,4,196481.982241
0.988064,3,196484.303012
0.912095,3,196487.999738
0.996404,3,196490.105158
0.979499,3,196494.894071
0.939465,3,196497.378003
0.99297,3,196499.578892
0.795588,3,196499.68801
0.950957,3,196499.781936
0.828446,3,196499.899925
0.9299,3,196503.153326
0.0,1,196563.953223
0.0,2,196626.247291
0.99491,3,196628.34571
0.97466,3,196631.88461
0.989697,3,196634.185361
0.933224,3,196634.280717
0.0,5,196749.631295
0.883899,3,196753.821748
0.0,4,196816.802578
0.913022,3,196816.910351
0.885914,3,196817.010046
0.929283,3,196817.103399
0.976358,3,196819.52492
0.977884,3,196825.489965
0.972614,3,196828.152025
0.99491,3,196830.251782
0.0,4,196929.358913
0.955969,3,196932.087681
0.903046,4,196932.242913
0.9299,3,196935.516939
0.96563,3,196935.607065
0.982916,3,196937.931042
0.988983,3,196938.026511
0.957173,3,196938.112983
0.0,3,197001.796863
0.969262,3,197004.459443
0.831385,3,197004.563968
0.883899,3,197009.234744
0.977444,3,197015.858928
0.858138,4,197019.728413
0.889516,3,197033.80759
0.887273,4,197043.568133
0.830662,3,197043.848468
0.916098,3,197043.940129
0.962304,3,197046.960175
0.991987,3,197047.048266
0.927753,3,197050.004929
0.942179,3,197053.279304
0.972614,3,197055.745698
0.968418,3,197058.13429
0.946003,3,197058.220318
0.945606,3,197058.302884
0.993119,3,197060.400315
0.962737,3,197065.549707
0.917175,3,197069.422653
0.980676,3,197071.793582
0.85938,3,197076.579574
0.951961,3,197081.757917
0.947598,3,197084.669211
0.962593,3,197089.582892
0.903131,3,197092.785585
0.933145,3,197098.959256
0.0,1,197159.418387
0.972935,3,197161.669356
0.79473,3,197167.57425
0.970106,3,197172.083238
0.948963,3,197174.717495
0.945663,3,197174.803005
0.934686,3,197177.741373
0.917366,3,197180.966901
0.831385,4,197181.105983
0.962593,3,197185.908241
0.79311,3,197191.782718
0.986286,3,197196.409567
0.913056,3,197200.651944
0.916289,3,197203.144092
0.93387,3,197203.229756
0.956113,3,197208.328742
0.963199,3,197210.649453
0.945179,3,197210.734314
0.970106,3,197215.287679
0.959275,3,197220.244509
0.945123,3,197220.329216
0.931774,3,197223.937737
0.969262,3,197226.176371
0.0,3,197288.338036
0.969873,3,197290.618117
0.993268,3,197295.006815
0.988271,3,197297.062667
0.962593,3,197301.987057
0.986286,3,197304.453345
0.975977,3,197306.604278
0.967373,3,197309.111091
0.979059,3,197311.545951
0.0,18,197555.989312
0.944613,3,197558.973514
0.945123,3,197559.055295
0.989548,3,197563.151641
0.995059,3,197566.987255
0.953962,3,197570.052321
0.966067,3,197572.419863
0.951961,3,197577.683633
0.882471,3,197582.89772
0.977884,3,197588.447973
0.942294,3,197594.336456
0.961727,3,197599.691117
0.79473,3,197605.379071
0.99491,3,197607.270199
0.943906,3,197609.834496
0.892857,3,197613.631868
0.921812,3,197616.500643
0.988894,3,197616.577602
0.944613,3,197619.355878
0.0,5,197730.580672
0.990588,3,197730.673054
0.931435,3,197733.54
0.0,4,197843.262513
0.959275,3,197848.196228
0.954246,3,197850.334086
0.933957,3,197853.080684
0.889516,7,197874.370141
0.831385,3,197874.462902
0.960284,3,197879.27741
0.79473,3,197885.184257
0.976358,3,197887.356475
0.986523,3,197889.467931
0.931325,6,197907.557357
0.861943,3,197912.218444
0.96563,3,197912.303154
0.0,1,197972.767288
0.902914,3,197975.829588
0.95988,3,197978.156465
0.903509,3,197981.514992
0.795588,3,197981.609401
0.939465,3,197983.839527
0.972468,3,197986.313974
0.86476,3,197986.406029
0.979059,3,197988.766322
0.92203,3,197988.851644
0.929339,3,197988.934585
0.755075,3,197995.738614
0.962304,3,198000.938491
0.881669,3,198001.038715
0.965543,3,198003.344621
0.982887,3,198007.670555
0.97759,3,198009.996947
0.944613,3,198012.780785
0.0,4,198131.208711
0.857273,3,198136.48381
0.950531,3,198139.02221
0.973227,3,198141.229461
0.979646,3,198146.308634
0.924552,3,198146.400487
0.987916,3,198150.841505
0.944613,3,198153.636296
0.915854,3,198156.816896
0.987559,3,198156.907274
0.942294,3,198160.100489
0.875477,3,198168.919165
0.946003,3,198169.000177
0.892857,3,198172.777046
0.9982,3,198176.649518
0.946943,3,198179.156044
0.972176,3,198182.172647
0.977884,3,198187.569931
0.987916,3,198189.996468
0.99491,3,198191.927822
0.946943,3,198194.447065
0.789736,3,198194.55843
0.908952,3,198197.847164
0.946003,3,198197.95085
0.894251,3,198201.676531
0.981146,3,198203.79707
0.892913,3,198207.351821
0.976358,3,198209.51878
0.757866,3,198209.815772
0.971533,3,198211.980882
0.956113,3,198216.938577
0.793062,3,198222.695911
0.977884,3,198228.692
0.933145,3,198234.560206
0.984363,3,198238.805445
0.99491,3,198240.714552
0.85938,3,198245.224927
0.950018,3,198247.924855
0.93166,3,198250.659487
0.984303,3,198250.735633
0.986286,3,198253.235733
0.864786,3,198253.327153
0.99491,3,198255.253748
0.947367,3,198255.336699
0.861788,3,198264.751951
0.974075,3,198270.379739
0.952246,3,198275.794429
0.957031,3,198278.172464
0.959275,3,198283.144849
0.930594,3,198283.230074
0.966067,3,198285.596694
0.976124,3,198287.885553
0.934686,3,198290.705835
0.950446,3,198293.18487
0.947367,3,198293.274139
0.891119,4,198313.148568
0.931185,3,198315.909194
0.967373,3,198318.421164
0.986286,3,198320.933633
0.93387,3,198321.017512
0.987916,3,198323.384334
0.959275,3,198328.374284
0.928921,3,198328.493125
0.919155,3,198330.942121
0.961727,3,198333.765396
0.917865,3,198340.698025
0.981265,3,198345.579542
0.981265,3,198348.906838
0.877496,3,198349.002938
0.961727,3,198354.371355
0.907339,3,198354.468594
0.915249,3,198357.498531
0.996404,3,198359.399102
0.0,4,198428.453789
0.755709,3,198435.095583
0.99297,3,198437.109919
0.789736,3,198437.22212
0.890049,3,198441.02607
0.986286,3,198443.19075
0.811085,3,198450.734361
0.991481,3,198454.885814
0.893098,3,198458.657455
0.830662,3,198458.752864
0.98327,3,198460.961347
0.979353,3,198465.472544
0.92131,3,198468.429199
0.937496,3,198471.091582
0.93831,3,198471.177002
0.974075,3,198474.564865
0.885359,3,198478.239455
0.940653,3,198480.851234
0.976593,3,198483.029048
0.913056,3,198487.217516
0.925,3,198490.088579
0.929339,3,198490.174098
0.79473,3,198495.857388
0.861788,3,198500.818326
0.002937,5,198549.77798
0.870548,3,198553.991318
0.913022,3,198554.080997
0.793062,3,198559.824646
0.987916,3,198564.054633
0.955969,3,198566.512092
0.894922,3,198566.602326
0.953962,3,198569.534968
0.962593,3,198572.085582
0.934125,3,198574.945377
0.877496,3,198575.047833
0.913056,3,198579.251567
0.895137,3,198579.341211
0.0,22,198761.710121
0.795588,3,198761.815977
0.939465,3,198764.076872
0.0,3,198853.846908
0.893098,3,198857.553163
0.950248,3,198863.388379
0.956801,3,198865.762299
0.934181,3,198868.48917
0.951961,3,198874.104277
0.957031,3,198876.463769
0.0,6,198942.621364
0.942294,3,198948.450333
0.912095,3,198951.46183
0.956113,3,198956.410332
0.982739,3,198958.6924
0.831385,3,198958.792362
0.967138,3,198961.029432
0.982887,3,198965.394139
0.959275,3,198970.489751
0.892994,4,199023.069692
0.960226,3,199027.600164
0.861788,3,199036.97978
0.885914,3,199037.09043
0.796591,4,199043.056576
0.0,5,199154.58453
0.99297,3,199158.633971
0.945039,3,199161.360524
0.979059,3,199163.767604
0.972614,3,199166.131947
0.828446,3,199166.254456
0.915249,3,199169.139063
0.976358,3,199171.305818
0.945039,3,199174.032486
0.944613,3,199176.778771
0.972935,3,199178.954359
0.989697,3,199181.059926
0.921642,3,199181.158309
0.0,2,199241.713566
0.99491,3,199243.63872
0.955396,3,199251.295759
0.974075,3,199254.503859
0.929147,3,199257.483995
0.962593,3,199262.345526
0.893098,3,199266.113418
0.910864,3,199278.273313
0.939383,3,199281.051358
0.991481,3,199285.279964
0.9225,3,199285.368959
0.979499,3,199287.6442
0.894251,3,199291.389224
0.988509,3,199294.111303
0.957262,3,199296.853354
0.0,1,199357.570621
0.982739,3,199359.876746
0.982887,3,199364.210654
0.940653,3,199366.803453
0.991778,3,199369.145476
0.0,4,199445.901343
0.932445,3,199452.638737
0.931185,3,199455.390641
0.952818,3,199460.435908
0.830887,3,199460.530288
0.943368,3,199463.03007
0.948963,3,199465.637952
0.9299,3,199468.543216
0.902914,3,199471.717043
0.944161,3,199474.426867
0.966067,3,199479.316128
0.877496,3,199479.416467
0.921642,3,199479.50077
0.889384,3,199487.540933
0.931435,3,199490.421389
0.912643,3,199493.450253
0.894069,3,199501.27264
0.974075,3,199504.472696
0.931325,5,199523.503381
0.979499,3,199527.901551
0.828546,3,199528.011037
0.0,1,199588.749834
0.99491,3,199590.697422
0.857273,3,199595.732232
0.952675,3,199598.466316
0.915932,3,199598.552894
0.961727,3,199603.969559
0.982916,3,199606.095139
0.930706,3,199608.4028
0.894224,3,199612.105535
0.957262,3,199614.853611
0.932888,3,199617.459589
0.942233,3,199617.54083
0.90324,3,199644.9213
0.902914,3,199648.116013
0.980676,3,199650.266568
0.945606,3,199650.351347
0.993119,3,199652.350889
0.0,4,199787.019237
0.0,3,199895.678634
0.97759,3,199900.382431
0.944613,3,199903.085229
0.988271,3,199905.151279
0.988271,3,199907.187453
0.989697,3,199909.62582
0.97627,3,199912.679891
0.0,1,199973.083596
0.912095,3,199976.156824
0.996404,3,199978.045458
0.93166,3,199980.823421
0.99491,3,199982.73091
0.975273,3,199982.810638
0.970106,3,199987.26899
0.96653,3,199989.672107
0.0,6,200126.989521
0.917865,3,200130.668503
0.979059,3,200133.063924
0.981146,3,200135.207854
0.99832,4,200139.0193
0.984303,3,200139.095115
0.894922,3,200139.194251
0.962304,3,200144.277087
0.9299,3,200147.187452
0.972935,3,200149.374426
0.903046,4,200149.4927
0.913049,3,200149.57495
0.979499,3,200151.860091
0.945066,3,200151.946234
0.962015,3,200159.267066
0.973052,3,200162.579253
0.996404,3,200164.468721
0.979499,3,200168.76151
0.982739,3,200170.990387
0.927753,3,200173.764477
0.962737,3,200178.420778
0.893098,3,200182.166399
0.847546,3,200186.504105
0.937496,3,200189.191627
0.898937,3,200192.511389
0.995059,3,200196.352743
0.946003,3,200196.530371
0.942294,3,200202.574765
0.990618,3,200202.663664
0.97759,3,200207.201138
0.920509,3,200207.324115
0.890049,3,200211.192023
0.969873,3,200213.387639
0.979499,3,200215.693778
0.982887,3,200217.971866
0.894251,3,200221.691214
0.979059,3,200224.061916
0.97997,3,200226.369657
0.895137,3,200226.45564
0.97759,3,200230.966387
0.31365,7,200380.525142
0.0,2,200441.160285
0.920454,3,200441.276401
0.885861,3,200441.390018
0.755709,3,200448.207659
0.989697,3,200450.604354
0.898937,3,200454.008694
0.939383,3,200456.776069
0.989875,3,200458.837639
0.881853,3,200458.926061
0.942233,3,200459.018581
0.981206,3,200461.393023
0.929144,3,200461.479373
0.952675,3,200464.167676
0.950531,3,200466.615754
0.916289,3,200469.096919
0.789736,3,200469.213589
0.755075,3,200475.751043
0.922473,3,200475.835002
0.977884,3,200481.870344
0.912095,3,200484.878183
0.937496,3,200487.553313
0.986286,3,200489.985988
0.887273,4,200498.761088
0.989697,3,200501.205446
0.97466,3,200506.676336
0.892857,3,200510.450756
0.972176,3,200513.463512
0.0,5,200590.465025
0.988064,3,200593.046031
0.956113,3,200597.974268
0.933004,4,200628.070123
0.987916,3,200632.413286
0.891119,4,200652.347245
0.947257,3,200657.973582
0.889384,3,200666.115996
0.893098,3,200669.862922
0.927753,3,200672.684129
0.921591,3,200675.619292
0.981146,3,200677.735693
0.922032,3,200680.664266
0.922473,3,200680.749197
0.94535,3,200682.937898
0.962533,3,200685.299094
0.950446,3,200687.997194
0.972468,3,200690.447273
0.972468,3,200692.871627
0.790233,4,200693.176022
0.887273,4,200701.767656
0.987916,3,200706.209389
0.908105,3,200709.494925
0.989934,3,200711.538684
0.952246,3,200717.145236
0.99297,3,200721.154185
0.991778,3,201095.570291
0.977884,3,201101.62121
0.933145,3,201107.462852
0.981265,3,201110.594516
0.982739,3,201112.930359
0.952246,3,201118.518352
0.96563,3,201118.598154
0.893098,3,201122.560532
0.929144,3,201122.647722
0.865357,3,201122.733968
0.984659,3,201127.604624
0.0,4,201227.607454
0.922833,3,201227.712193
0.934125,3,201230.787829
0.960284,3,201235.532336
0.832284,3,201235.648376
0.993119,3,201237.625407
0.954246,3,201239.788241
0.944613,3,201242.549629
0.881669,3,201242.641423
0.959275,3,201247.487943
0.953504,3,201249.936944
0.872485,3,201253.608645
0.969873,3,201255.859437
0.0,1,201316.568761
0.830438,3,201321.531244
0.942179,3,201324.428487
0.981146,3,201326.543528
0.944613,3,201329.318225
0.950957,3,201329.399897
0.975977,3,201331.665644
0.99491,3,201335.503938
0.988509,3,201338.255103
0.979499,3,201342.49002
0.956113,3,201347.478791
0.945179,3,201347.562111
0.945209,3,201350.318478
0.910864,3,201362.341724
0.97997,3,201364.651494
0.93166,3,201367.374414
0.960284,3,201372.469895
0.946259,3,201372.550704
0.99491,3,201374.359434
0.893098,3,201378.171109
0.885359,3,201381.8833
0.903509,3,201385.276764
0.948306,3,201387.445871
0.936536,3,201389.745035
0.973052,3,201395.154684
0.991481,3,201399.388803
0.960226,3,201404.069218
0.957262,3,201406.795569
0.94999,3,201409.288176
0.922833,3,201409.37004
0.979059,3,201413.912152
0.967373,3,201418.798906
0.939465,3,201420.957016
0.929144,3,201421.042801
0.929144,3,201421.130744
0.947598,3,201423.692882
0.755709,3,201430.534325
0.342433,4,201430.896471
0.965543,3,201433.14345
0.873901,3,201437.339508
0.986286,3,201439.749184
0.925,3,201442.496894
0.952675,3,201445.201877
0.991987,3,201445.287326
0.9982,3,201449.097721
0.982887,3,201453.318227
0.0,11,201702.253721
0.99491,3,201704.219809
0.922473,3,201704.313754
0.942176,3,201704.393666
0.982739,3,201706.651106
0.793062,3,201712.450919
0.959275,3,201717.400172
0.984659,3,201722.40154
0.946943,3,201724.927793
0.973052,3,201730.435644
0.982887,3,201734.747197
0.99491,3,201736.640363
0.98327,3,201738.75622
0.961727,3,201744.17627
0.979499,3,201746.473869
0.939465,3,201748.740361
0.946943,3,201751.267138
0.959475,3,201753.501333
0.953733,3,201758.515372
0.0,4,201849.789182
0.942176,3,201849.880797
0.889384,3,201858.057597
0.99491,3,201859.98453
0.990677,3,201861.929411
0.981206,3,201864.290693
0.97466,3,201867.405162
0.861788,3,201872.32133
0.962737,3,201876.938765
0.921642,3,201877.027769
0.871047,3,201881.513206
0.943368,3,201884.116011
0.981265,3,201888.951803
0.123404,6,201889.388007
0.97997,3,201893.629264
0.988064,3,201898.243015
0.981265,3,201903.197108
0.963517,3,201905.598273
0.92203,3,201905.68253
0.965543,3,201907.950187
0.79311,3,201913.73641
0.979499,3,201916.059391
0.986523,3,201918.135464
0.0,1,201978.745504
0.857273,3,201988.451105
0.957173,3,201988.532908
0.962593,3,201993.411727
0.965369,3,201993.492078
0.933145,3,201999.361522
0.961727,3,202002.163432
0.984363,3,202006.479057
0.991332,3,202008.591711
0.945066,3,202008.675129
0.970106,3,202013.056352
0.968418,3,202015.25353
0.876159,3,202018.883443
0.0,6,202114.547054
0.873901,3,202118.877085
0.976358,3,202121.048957
0.955396,3,202129.232407
0.857546,3,202129.338221
0.927805,3,202129.424202
0.894251,3,202133.192693
0.86339,3,202137.381749
0.983477,3,202140.054478
0.99297,3,202144.014196
0.924191,3,202146.6536
0.911763,3,202146.743958
0.865357,3,202146.832563
0.962304,3,202149.500654
0.945039,3,202152.45812
0.927753,3,202155.322183
0.0,2,202216.017272
0.965922,3,202218.577068
0.906037,3,202221.722213
0.921812,3,202224.659743
0.930594,3,202224.749469
0.989875,3,202226.804067
0.90324,3,202266.712283
0.97627,3,202269.757102
0.940282,3,202270.024043
0.894388,3,202273.515727
0.966067,3,202275.885137
0.0,3,202338.759525
0.931325,4,202357.217525
0.970106,3,202361.765986
0.946003,3,202361.849046
0.925138,3,202364.743164
0.983477,3,202367.316699
0.968418,3,202369.60533
0.907862,3,202373.074757
0.0,5,202436.405586
0.902914,3,202439.615035
0.977884,3,202445.59447
0.92353,3,202448.818146
0.93831,3,202448.900708
0.94535,3,202451.09328
0.957262,3,202453.83135
0.84308,3,202458.090309
0.982739,3,202460.384342
0.917366,3,202463.467611
0.974075,3,202466.839222
0.921591,3,202469.850216
0.921812,3,202472.632133
0.946259,3,202472.715864
0.986138,3,202477.016013
0.99297,3,202481.062034
0.990618,3,202481.170694
0.959275,3,202486.116778
0.79473,3,202491.813254
0.0,14,202713.051946
0.885359,3,202716.768495
0.923614,3,202720.251352
0.940935,3,202722.969076
0.84308,3,202727.194237
0.0,64,203549.390959
0.903131,3,203552.571865
0.965369,3,203552.656732
0.96653,3,203554.880265
0.911763,3,203554.970299
0.936199,3,203555.076302
0.99491,3,203556.980077
0.97759,3,203561.448396
0.943906,3,203563.920735
0.944669,3,203566.640144
0.957262,3,203569.366931
0.979059,3,203571.752136
0.979499,3,203575.994827
0.945066,3,203576.089528
0.966067,3,203578.456737
0.789736,3,203578.573838
0.988509,3,203581.428752
0.982887,3,203585.774771
0.932888,3,203588.369251
0.986286,3,203590.445442
0.995059,3,203594.265053
0.987916,3,203596.682694
0.889384,3,203604.963636
0.882471,3,203610.130123
0.930594,3,203610.208286
0.99297,3,203614.215521
0.929339,3,203614.299736
0.83141,3,203614.390441
0.991481,5,203620.83025
0.950446,3,203623.312374
0.957262,3,203626.213744
0.931185,3,203628.987091
0.0,7,203780.414394
0.956113,3,203785.37813
0.979353,3,203789.913505
0.9982,3,203793.736244
0.927805,3,203796.292907
0.942402,3,203798.51981
0.967373,3,203801.034983
0.893098,3,203804.787783
0.959275,3,203809.742276
0.957031,3,203812.086041
0.993656,4,203815.992614
0.931325,4,203831.364648
0.755709,3,203838.136548
0.980676,3,203840.296265
0.957662,3,203840.380983
0.911653,3,203840.465674
0.980087,3,203842.670975
0.996404,3,203844.645442
0.96653,3,203846.91662
0.986286,3,203849.38921
0.923614,3,203852.867068
0.945209,3,203855.624513
0.986523,3,203857.685117
0.953504,3,203860.026304
0.972468,3,203862.457486
0.925138,3,203865.308658
0.989697,3,203867.43697
0.86476,3,203867.529321
0.893098,3,203871.269302
0.952818,3,203873.755531
0.95053,3,203876.006106
0.956801,3,203878.334256
0.982739,3,203882.671439
0.962593,3,203887.531518
0.881669,3,203887.627388
0.864034,3,203887.868876
0.90324,3,203915.467924
0.933004,4,203943.003544
0.979499,3,203945.327439
0.955365,3,203947.665366
0.945179,3,203947.748245
0.890049,3,203951.686963
0.957262,3,203954.561751
0.981323,3,203954.639977
0.947598,3,203957.312342
0.912095,3,203960.383173
0.795588,3,203960.656871
0.830887,3,203960.752079
0.90324,3,204000.985405
0.864371,3,204001.075401
0.989697,3,204003.528673
0.964819,3,204005.93165
0.961727,3,204011.288302
0.923614,3,204014.821854
0.885967,4,204018.685565
0.977884,3,204024.270726
0.881853,3,204024.364836
0.976124,3,204028.763681
0.989697,3,204031.195956
0.907862,3,204038.176468
0.950446,3,204040.682168
0.90324,4,204068.898248
0.910864,3,204080.892294
0.955365,3,204083.343565
0.889516,5,204104.607287
0.85938,3,204109.211122
0.794968,3,204115.033019
0.951501,3,204115.117552
0.945039,3,204117.899267
0.948306,3,204120.064963
0.916289,3,204122.527481
0.967373,3,204127.39339
0.939383,3,204130.142745
0.996404,3,204132.050725
0.946318,3,204134.611359
0.983919,3,204136.711033
0.99297,3,204138.693614
0.960284,3,204143.625041
0.942294,3,204149.422461
0.970106,3,204153.936562
0.0,3,204262.635319
0.832284,3,204262.740287
0.942176,3,204262.820022
0.758822,3,204263.118344
0.987916,3,204265.484834
0.795588,3,204265.759022
0.933957,3,204268.49512
0.952675,3,204271.22581
0.912643,3,204274.277532
0.99491,3,204276.180522
0.857273,3,204281.274438
0.887273,4,204285.769255
0.968418,3,204288.056768
0.942294,3,204293.913499
0.948963,3,204296.545091
0.976358,3,204298.698832
0.902914,3,204302.178758
0.0,1,204362.670066
0.982739,3,204364.9658
0.979499,3,204367.267847
0.979059,3,204369.646032
0.909798,3,204372.71772
0.924579,3,204372.799691
0.891119,4,204392.669815
0.922001,3,204392.758103
0.79473,3,204398.698905
0.984659,3,204403.479341
0.912643,3,204406.515037
0.94535,3,204408.692107
0.934629,3,204411.509824
0.922254,3,204414.32841
0.944613,3,204417.105303
0.939383,3,204419.860755
0.932445,3,204426.556207
0.97466,3,204431.858526
0.979059,3,204434.247335
0.955969,3,204436.688645
0.99297,3,204440.662974
0.981265,3,204445.596949
0.0,11,204527.998927
0.913056,3,204532.275161
0.979499,3,204534.571732
0.756866,5,204541.292007
0.912721,3,204544.124876
0.931466,3,204553.358551
0.955969,3,204555.69231
0.968504,3,204557.880894
0.864786,3,204557.983382
0.907339,3,204558.083647
0.93831,3,204558.168671
0.832209,3,204558.263777
0.979646,3,204561.176035
0.894922,3,204561.266011
0.953733,3,204566.430654
0.918166,3,204566.516138
0.956113,3,204571.461856
0.891387,4,204594.565083
0.865357,3,204594.653341
0.99491,3,204596.584164
0.831385,3,204596.681546
0.94612,3,204602.083125
0.0,5,204683.459582
0.873901,4,204687.813096
0.99491,3,204689.725134
0.830662,3,204689.829295
0.966067,3,204692.26016
0.99491,3,204694.168251
0.0,10,204774.078379
0.958556,3,204778.788605
0.947257,3,204784.662974
0.98327,4,204786.785821
0.991778,3,204789.130906
0.952246,3,204792.161585
0.936199,3,204792.24408
0.952989,3,204794.690141
0.930594,3,204794.773989
0.953733,3,204799.764481
0.950986,3,204799.899857
0.957173,3,204799.980178
0.945066,3,204800.064758
0.99491,3,204801.985058
0.00295,17,204815.561121
0.99297,3,204817.613168
0.924556,3,204820.708762
0.991778,3,204822.958604
0.913056,5,204827.826422
0.962737,3,204832.530237
0.92203,3,204832.617819
0.864371,3,204832.707903
0.885861,5,204832.874846
0.97627,3,204835.88475
0.982739,3,204838.121357
0.97466,3,204841.298399
0.987916,3,204845.744772
0.848314,5,204857.420041
0.942233,3,204857.509158
0.920347,3,204860.76671
0.961696,3,204863.11664
0.987916,3,204867.488278
0.989934,3,204869.532986
0.981265,3,204874.468956
0.917865,3,204881.369556
0.99491,3,204883.287469
0.97759,3,204885.66417
0.966067,3,204888.235278
0.869107,3,204888.330178
0.942402,3,204888.41193
0.931774,3,204891.827532
0.755075,3,204898.496362
0.912506,3,204914.29118
0.984451,3,204914.370039
0.0,64,205808.954802
0.924191,3,205811.917367
0.99491,3,205813.827577
0.951961,3,205818.927799
0.924556,3,205821.802323
0.90324,3,205848.920161
0.970659,3,205851.236875
0.873901,3,205855.746168
0.861759,3,205859.879623
0.976124,3,205862.188631
0.912506,3,205877.732172
0.988509,3,205880.560349
0.953104,3,205883.094604
0.873901,3,205887.56748
0.939383,3,205890.35313
0.872485,3,205894.007974
0.99297,3,205896.020346
0.989548,3,205900.171315
0.986138,3,205902.259505
0.757866,4,205902.401362
0.890049,3,205906.31416
0.912506,3,205921.802794
0.866327,3,205926.643717
0.0,4,205995.088121
0.991481,3,205999.185937
0.903131,3,206002.370895
0.894922,3,206002.459035
0.913049,3,206002.543247
0.895137,3,206002.629511
0.991481,3,206004.635224
0.966064,3,206004.716194
0.99297,3,206006.727819
0.931185,3,206009.381866
0.894251,3,206013.094722
0.984244,3,206013.172234
0.789736,3,206013.482614
0.0,3,206076.397065
0.965922,3,206078.970227
0.931325,4,206094.546501
0.984659,3,206099.619465
0.94535,3,206101.903002
0.972468,3,206104.41491
0.961696,3,206106.765561
0.975273,3,206106.843374
0.881853,3,206106.929599
0.924579,3,206107.015718
0.979646,3,206112.009521
0.962304,3,206114.639864
0.988598,3,206116.674677
0.0,2,206178.727886
0.979499,3,206181.109664
0.929144,3,206181.19461
0.912095,3,206184.267415
0.83141,3,206184.361075
0.989697,3,206186.834375
0.958556,3,206191.727193
0.981323,3,206191.80602
0.922001,3,206191.898441
0.952675,3,206194.594361
0.977884,3,206200.585588
0.952818,3,206205.679268
0.96653,3,206207.939662
0.927559,3,206211.612547
0.953733,3,206216.616865
0.920454,3,206216.703287
0.934629,3,206219.593667
0.844247,3,206229.076104
0.989934,3,206231.118174
0.984451,3,206231.194675
0.933957,3,206233.81583
0.891119,5,206253.796186
0.93328,3,206253.883884
0.961727,3,206259.144465
0.972614,3,206261.52872
0.99491,3,206263.466921
0.989697,3,206265.930645
0.957262,3,206268.640554
0.973227,3,206270.888083
0.981265,3,206273.968925
0.979499,3,206276.414831
0.832209,3,206276.504305
0.79311,3,206282.185761
0.92131,3,206284.937543
0.927559,3,206288.63088
0.942294,3,206294.860448
0.991332,3,206299.013275
0.971301,3,206302.397668
0.936536,3,206302.481435
0.944613,3,206305.164339
0.972614,3,206307.55455
0.991332,3,206309.614496
0.894251,3,206313.308661
0.86476,3,206313.398998
0.831385,3,206313.493875
0.990677,3,206315.45845
0.99297,3,206319.480299
0.795588,3,206319.577205
0.945066,3,206319.660757
0.887273,4,206328.425528
0.969873,3,206330.630298
0.86476,3,206330.720069
0.989934,3,206332.771213
0.931185,3,206335.538152
0.915249,3,206338.541667
0.982887,3,206343.256836
0.967373,3,206345.783978
0.991778,3,206350.13912
0.99297,3,206352.117495
0.966067,3,206356.642909
0.0,4,206419.570579
0.296617,6,206517.891487
0.84308,3,206522.117415
0.920347,3,206525.625098
0.960284,3,206530.600552
0.956113,3,206535.539928
0.958556,3,206540.369913
0.904597,3,206543.942546
0.981265,3,206548.862114
0.984303,3,206548.942161
0.961727,3,206551.752113
0.919155,3,206554.224121
0.992076,3,206554.305911
0.943368,3,206556.92798
0.864786,3,206557.015294
0.811085,3,206564.575335
0.975977,3,206566.921177
0.907339,3,206567.010952
0.991719,3,206569.082678
0.869107,3,206569.18906
0.966181,3,206573.622508
0.952989,3,206576.094282
0.988983,3,206576.179651
0.967373,3,206578.695929
0.995059,3,206582.540243
0.966181,3,206587.010093
0.981265,3,206591.987106
0.945179,3,206592.072112
0.97759,3,206594.37084
0.988064,3,206596.598838
0.988271,3,206598.645536
0.975273,3,206598.721285
0.0,6,206667.461963
0.981265,3,206670.529251
0.942294,3,206676.359927
0.982887,3,206681.075414
0.927753,3,206683.881321
0.889384,3,206688.197738
0.961727,3,206693.578062
0.945179,3,206693.658864
0.83141,3,206693.750676
0.881669,3,206693.844155
0.939465,3,206696.089407
0.962304,3,206698.835841
0.953104,3,206701.434662
0.916098,3,206701.524617
0.912721,3,206704.389023
0.955365,3,206706.865182
0.0,6,206780.861453
0.830887,3,206780.968576
0.975977,3,206783.217265
0.984659,3,206788.054897
0.930706,3,206790.278676
0.97627,3,206793.320325
0.943368,3,206795.913093
0.832284,3,206796.008889
0.332259,13,206910.457887
0.894922,3,206910.546839
0.94535,3,206912.756296
0.956801,3,206915.125322
0.795588,3,206915.222166
0.972468,3,206917.680898
0.946943,3,206920.209155
0.970106,3,206924.593773
0.921642,3,206924.680873
0.828546,3,206924.785127
0.90324,3,206952.333111
0.99297,3,206956.408495
0.922888,3,206956.490276
0.982916,3,206958.640498
0.961696,3,206960.975982
0.99491,3,206964.801977
0.934629,3,206967.655078
0.981618,3,206969.643923
0.95379,3,206972.169193
0.969231,3,206972.25197
0.912095,3,206975.320208
0.887273,4,206983.921766
0.943906,3,206986.492851
0.988064,3,206990.91592
0.85938,3,206995.492976
0.861788,3,207000.431139
0.93831,3,207000.515825
0.962593,3,207005.505925
0.123027,16,207050.581377
0.83141,3,207050.677365
