device_id,circuit_id,split,family,generator,num_qubits,depth,size,attempts_expected,attempts_observed,success_count,failure_count,timeout_count,success_rate,transpile_success_n,transpile_median_s,transpile_mean_s,transpile_p95_s,transpile_max_s,eligible_configurations,best_config_id,best_median_score
ibm_heron_156,ae_indep_qiskit_10,train,ae,qiskit,10,54,101,36,36,30,0,6,0.8333333333333334,30,0.030674043500766857,0.07379630713282191,0.2643355649011937,0.27028846600296674,10,o3_default_default,0.814369826
ibm_heron_156,ae_indep_qiskit_11,train,ae,qiskit,11,60,117,36,36,30,0,6,0.8333333333333334,30,0.027901360499527073,0.033117925466892,0.0693912814502255,0.07309173099929467,10,o3_default_default,0.7434891887
ibm_heron_156,ae_indep_qiskit_12,train,ae,qiskit,12,66,134,36,36,30,0,6,0.8333333333333334,30,0.03128635099710664,0.038029351399745795,0.07233691380279197,0.07407457400404382,10,o2_default_default,0.7171762321
ibm_heron_156,ae_indep_qiskit_13,train,ae,qiskit,13,72,152,36,36,30,0,6,0.8333333333333334,30,0.03363479749896214,0.04405265890090959,0.11137685460016652,0.1196753090043785,10,o3_default_default,0.6371522393
ibm_heron_156,ae_indep_qiskit_2,train,ae,qiskit,2,6,9,36,36,36,0,0,1.0,36,0.012843709497246891,0.013391277639028785,0.016861396999956924,0.02090086899988819,12,o3_default_default,0.9971458706
ibm_heron_156,ae_indep_qiskit_3,train,ae,qiskit,3,12,17,36,36,36,0,0,1.0,36,0.018157254002289847,0.9942658167508651,6.873860981000689,7.227957821000018,12,o3_default_default,0.9869268588
ibm_heron_156,ae_indep_qiskit_30,train,ae,qiskit,30,174,611,36,36,30,0,6,0.8333333333333334,30,0.09855664450515178,0.14330974373297067,0.31600743509807216,0.3628086910030106,10,o2_default_default,0.0590630666
ibm_heron_156,ae_indep_qiskit_4,train,ae,qiskit,4,18,26,36,36,36,0,0,1.0,36,0.019586505000916077,2.0720704531112357,12.47877853825048,16.042617358005373,12,o3_default_default,0.9840257984
ibm_heron_156,ae_indep_qiskit_40,train,ae,qiskit,40,234,1016,36,36,30,0,6,0.8333333333333334,30,0.16410276999886264,0.2493059458337181,0.7277930699536227,0.7959173299968825,10,o3_default_default,0.0115288108
ibm_heron_156,ae_indep_qiskit_5,train,ae,qiskit,5,24,36,36,36,36,0,0,1.0,36,0.019408923501032405,2.735690793444115,17.509957953498088,18.7706718049958,12,o3_dense_sabre,0.9668213364
ibm_heron_156,ae_indep_qiskit_50,train,ae,qiskit,50,294,1521,36,36,30,0,6,0.8333333333333334,30,0.21573696199629921,0.34093863536569796,0.9521233100498645,1.2121705020035733,10,o2_default_default,0.0009385855
ibm_heron_156,ae_indep_qiskit_6,train,ae,qiskit,6,30,47,36,36,36,0,0,1.0,36,0.01989393600160838,7.119912099666787,48.12954672199703,54.589539635999245,12,o3_default_default,0.9537814534
ibm_heron_156,ae_indep_qiskit_60,train,ae,qiskit,60,354,2126,36,36,30,0,6,0.8333333333333334,30,0.2548569079990557,0.41230752379924523,1.190089889298906,1.2907633159993566,10,o3_default_default,0.0001017826
ibm_heron_156,ae_indep_qiskit_7,train,ae,qiskit,7,36,59,36,36,35,0,1,0.9722222222222222,35,0.020654371001000982,7.0437247670569505,42.79151530730087,78.66653151600622,11,o3_default_default,0.9335981042
ibm_heron_156,ae_indep_qiskit_8,train,ae,qiskit,8,42,72,36,36,33,0,3,0.9166666666666666,33,0.020040878000145312,6.978706936758306,73.90238391879973,80.07114014900435,10,o3_default_default,0.9091390719
ibm_heron_156,ae_indep_qiskit_9,train,ae,qiskit,9,48,86,36,36,30,0,6,0.8333333333333334,30,0.019716888502443908,0.02396990469957624,0.04236828595167025,0.04674703799537383,10,o3_default_default,0.8781354448
ibm_heron_156,ae_indep_tket_10,train,ae,tket,10,63,119,36,36,30,0,6,0.8333333333333334,30,0.021727811996242963,0.02548394019928916,0.04994264314846077,0.05342954899970209,10,o3_default_default,0.8142910969
ibm_heron_156,ae_indep_tket_11,train,ae,tket,11,70,137,36,36,30,0,6,0.8333333333333334,30,0.02470462050041533,0.030026017267179364,0.05716313325319787,0.07636690700019244,10,o3_default_default,0.743625258
ibm_heron_156,ae_indep_tket_12,train,ae,tket,12,77,156,36,36,30,0,6,0.8333333333333334,30,0.024566642998252064,0.029270158066113557,0.06025096920020585,0.0679906969962758,10,o2_default_default,0.7172413036
ibm_heron_156,ae_indep_tket_2,train,ae,tket,2,7,11,36,36,36,0,0,1.0,36,0.01128767049885937,0.011821180665315801,0.014752774997759843,0.017129490996012464,12,o3_default_default,0.9971458706
ibm_heron_156,ae_indep_tket_3,train,ae,tket,3,14,21,36,36,36,0,0,1.0,36,0.016548608502489515,0.9515222826115254,6.780451773249297,6.839839806001692,12,o3_default_default,0.9869268588
ibm_heron_156,ae_indep_tket_30,train,ae,tket,30,203,669,36,36,30,0,6,0.8333333333333334,30,0.0989890889977687,0.13332606123343188,0.3172983350475987,0.34485033599776216,10,o3_default_default,0.0630475935
ibm_heron_156,ae_indep_tket_4,train,ae,tket,4,21,32,36,36,36,0,0,1.0,36,0.016622161499981303,1.99633902166675,12.040581129745988,15.205831903003855,12,o3_default_default,0.9839356265
ibm_heron_156,ae_indep_tket_40,train,ae,tket,40,273,1094,36,36,30,0,6,0.8333333333333334,30,0.1468247060001886,0.21771755180016045,0.6768084663501213,0.731030484996154,10,o3_default_default,0.0114915002
ibm_heron_156,ae_indep_tket_5,train,ae,tket,5,28,44,36,36,36,0,0,1.0,36,0.01743538050141069,2.5908825128335593,16.020282846498958,18.52948799400474,12,o3_dense_sabre,0.9667300879
ibm_heron_156,ae_indep_tket_50,train,ae,tket,50,343,1619,36,36,30,0,6,0.8333333333333334,30,0.17159373599861283,0.28760732646624093,0.7978276560497759,1.161653805997048,10,o2_default_default,0.0009384719
ibm_heron_156,ae_indep_tket_6,train,ae,tket,6,35,57,36,36,36,0,0,1.0,36,0.021419545999378897,6.986882268054817,46.966337220499554,53.65587532299833,12,o3_default_default,0.953684626
ibm_heron_156,ae_indep_tket_7,train,ae,tket,7,42,71,36,36,35,0,1,0.9722222222222222,35,0.02119801999651827,7.131857020343055,44.51205728929926,75.91204104400094,11,o3_default_default,0.9336864147
ibm_heron_156,ae_indep_tket_8,train,ae,tket,8,49,86,36,36,33,0,3,0.9166666666666666,33,0.021555041006649844,7.062445036757598,73.44784381000062,83.091799283,10,o3_default_default,0.9092248844
ibm_heron_156,ae_indep_tket_9,train,ae,tket,9,56,102,36,36,30,0,6,0.8333333333333334,30,0.020103945997107076,0.023789079498965294,0.04344691399783187,0.04709017099958146,10,o2_default_default,0.8779649238
ibm_heron_156,dj_indep_qiskit_10,train,dj,qiskit,10,12,37,36,36,36,0,0,1.0,36,0.018314957997063175,2.9999052460550755,19.60568869374947,20.608676624993677,12,o3_default_default,0.9565958566
ibm_heron_156,dj_indep_qiskit_11,train,dj,qiskit,11,13,41,36,36,36,0,0,1.0,36,0.018023396500211675,3.4101101339438173,20.532017668754634,21.114686779001204,12,o3_default_default,0.958078848
ibm_heron_156,dj_indep_qiskit_12,train,dj,qiskit,12,14,45,36,36,36,0,0,1.0,36,0.02019899549850379,3.6527554710549643,21.997838323000906,22.3147238330057,12,o3_default_default,0.9430925526
ibm_heron_156,dj_indep_qiskit_13,train,dj,qiskit,13,15,49,36,36,36,0,0,1.0,36,0.020267641499231104,4.447024202083008,27.183435330000066,27.309587458999886,12,o2_default_default,0.9427714392
ibm_heron_156,dj_indep_qiskit_14,train,dj,qiskit,14,16,53,36,36,36,0,0,1.0,36,0.021696851999877254,5.753091062721675,34.41899136700158,35.33222389599541,12,o3_default_default,0.9387174252
ibm_heron_156,dj_indep_qiskit_15,train,dj,qiskit,15,17,57,36,36,36,0,0,1.0,36,0.021459130999573972,5.927931311666827,35.23884711225037,36.998716804999276,12,o3_default_default,0.9296531597
ibm_heron_156,dj_indep_qiskit_16,train,dj,qiskit,16,18,61,36,36,36,0,0,1.0,36,0.023039702497044345,6.072035167332716,36.69003711199912,38.1511277239988,12,o3_default_default,0.9288946024
ibm_heron_156,dj_indep_qiskit_17,train,dj,qiskit,17,19,65,36,36,36,0,0,1.0,36,0.02179311999861966,6.167838221721468,36.966239064995534,38.1190751489994,12,o3_default_default,0.9226542428
ibm_heron_156,dj_indep_qiskit_18,train,dj,qiskit,18,20,69,36,36,36,0,0,1.0,36,0.026206425001873868,6.659469396750258,39.75505210625124,44.09992918300122,12,o3_default_default,0.9103948563
ibm_heron_156,dj_indep_qiskit_19,train,dj,qiskit,19,21,73,36,36,36,0,0,1.0,36,0.025017664000188233,9.396341346333632,53.49045444675539,79.9267109020002,12,o3_default_default,0.9047819798
ibm_heron_156,dj_indep_qiskit_2,train,dj,qiskit,2,4,5,36,36,36,0,0,1.0,36,0.012719025002297712,0.01773298322303971,0.01614915349819057,0.1898669570000493,12,o3_default_default,0.9993557374
ibm_heron_156,dj_indep_qiskit_20,train,dj,qiskit,20,22,77,36,36,36,0,0,1.0,36,0.028143818497483153,13.966997142388411,84.15361063774617,86.55467625299934,12,o3_default_default,0.8981112701
ibm_heron_156,dj_indep_qiskit_21,train,dj,qiskit,21,23,81,36,36,36,0,0,1.0,36,0.026459185504791094,13.22281737480484,91.33864765600083,95.21545637399686,12,o3_default_default,0.8924395919
ibm_heron_156,dj_indep_qiskit_22,train,dj,qiskit,22,24,85,36,36,35,0,1,0.9722222222222222,35,0.029213139998319093,8.997344465628391,53.930939158800896,99.05831243000284,11,o3_default_default,0.886819051
ibm_heron_156,dj_indep_qiskit_23,train,dj,qiskit,23,25,89,36,36,33,0,3,0.9166666666666666,33,0.02664426399860531,6.46833634042383,54.43354382480029,103.35628999999608,10,o3_default_default,0.8856085538
ibm_heron_156,dj_indep_qiskit_24,train,dj,qiskit,24,26,93,36,36,32,0,4,0.8888888888888888,32,0.02579766549752094,3.561581577687548,25.180874877700948,57.15836967799987,10,o3_default_default,0.877044209
ibm_heron_156,dj_indep_qiskit_25,train,dj,qiskit,25,27,97,36,36,33,0,3,0.9166666666666666,33,0.029245737998280674,6.0199674465457615,63.75605419580097,69.61332823300472,10,o3_default_default,0.8722325205
ibm_heron_156,dj_indep_qiskit_26,train,dj,qiskit,26,28,101,36,36,32,0,4,0.8888888888888888,32,0.024767857499682577,4.55968920484429,32.105113337148524,73.59459373500431,10,o3_default_default,0.8593782185
ibm_heron_156,dj_indep_qiskit_27,train,dj,qiskit,27,29,105,36,36,30,0,6,0.8333333333333334,30,0.022722908499417827,0.05426072573318379,0.18638822825232626,0.44008808200305793,10,o3_default_default,0.8585788035
ibm_heron_156,dj_indep_qiskit_28,train,dj,qiskit,28,30,109,36,36,30,0,6,0.8333333333333334,30,0.026813458498509135,0.05603673583367102,0.2126687555490206,0.37907864499720745,10,o3_default_default,0.8603333871
ibm_heron_156,dj_indep_qiskit_29,train,dj,qiskit,29,31,113,36,36,32,0,4,0.8888888888888888,32,0.02493386000060127,6.0237355944375395,43.1344981528516,95.58267581600376,10,o3_default_default,0.8511432667
ibm_heron_156,dj_indep_qiskit_3,train,dj,qiskit,3,5,9,36,36,36,0,0,1.0,36,0.01433205249850289,0.014210274972154165,0.017578361004780163,0.0189332869995269,12,o3_default_default,0.9976119767
ibm_heron_156,dj_indep_qiskit_30,train,dj,qiskit,30,32,117,36,36,31,0,5,0.8611111111111112,31,0.026281714999640826,2.8958307002258445,0.20440691100156982,88.34089842600224,10,o3_default_default,0.8500779604
ibm_heron_156,dj_indep_qiskit_4,train,dj,qiskit,4,6,13,36,36,36,0,0,1.0,36,0.0131188454979565,0.16596428888988157,0.01950505874810915,5.492016964002687,12,o2_default_default,0.9932239888
ibm_heron_156,dj_indep_qiskit_40,train,dj,qiskit,40,42,157,36,36,30,0,6,0.8333333333333334,30,0.02816374000030919,0.12220162456627198,0.8340723575478477,1.0205999520039768,10,o3_default_default,0.8000460735
ibm_heron_156,dj_indep_qiskit_5,train,dj,qiskit,5,7,17,36,36,36,0,0,1.0,36,0.01588595850262209,0.9250868636111894,6.03210010699695,8.288067661000241,12,o3_default_default,0.9870972447
ibm_heron_156,dj_indep_qiskit_50,train,dj,qiskit,50,52,197,36,36,30,0,6,0.8333333333333334,30,0.025716998999996576,0.4763985612337516,4.338720066599126,4.5226272770014475,10,o3_default_default,0.739910155
ibm_heron_156,dj_indep_qiskit_6,train,dj,qiskit,6,8,21,36,36,36,0,0,1.0,36,0.017634252999414457,1.486221065250599,8.758983814499516,11.626652505001402,12,o2_default_default,0.9843374754
ibm_heron_156,dj_indep_qiskit_60,train,dj,qiskit,60,62,237,36,36,30,0,6,0.8333333333333334,30,0.03197061649916577,1.8325243917992338,17.433881127447602,18.956641293996654,10,o3_default_default,0.6821663608
ibm_heron_156,dj_indep_qiskit_7,train,dj,qiskit,7,9,25,36,36,36,0,0,1.0,36,0.016963019501417875,1.8714730458337323,11.321605950999583,14.587948466003581,12,o3_default_default,0.9722729306
ibm_heron_156,dj_indep_qiskit_70,train,dj,qiskit,70,72,277,36,36,30,0,6,0.8333333333333334,30,0.03197376199750579,1.9548131394663264,18.649054723599328,20.101820146002865,10,o3_default_default,0.6436003382
ibm_heron_156,dj_indep_qiskit_8,train,dj,qiskit,8,10,29,36,36,36,0,0,1.0,36,0.016305025499605108,2.595676332471865,17.583299360747333,18.560415076004574,12,o2_default_default,0.9723797627
ibm_heron_156,dj_indep_qiskit_80,train,dj,qiskit,80,82,317,36,36,30,0,6,0.8333333333333334,30,0.034299373499379726,1.9735057066000687,18.899173834449172,19.964262818997668,10,o3_default_default,0.5789445504
ibm_heron_156,dj_indep_qiskit_9,train,dj,qiskit,9,11,33,36,36,36,0,0,1.0,36,0.01865486550013884,2.042932866722064,11.548542243499469,18.279579918998934,12,o3_default_default,0.9641492671
ibm_heron_156,dj_indep_qiskit_90,train,dj,qiskit,90,92,357,36,36,30,0,6,0.8333333333333334,30,0.04720132849615766,2.1252560165000127,20.571609192101455,20.96031480199599,10,o3_default_default,0.5504877923
ibm_heron_156,dj_indep_tket_10,train,dj,tket,10,14,50,36,36,36,0,0,1.0,36,0.018113318998075556,2.946256399361017,19.21554524224848,20.103970841002592,12,o3_default_default,0.9564236329
ibm_heron_156,dj_indep_tket_11,train,dj,tket,11,15,56,36,36,36,0,0,1.0,36,0.01689036599782412,3.4502009583061914,21.00893336225272,21.62999254299939,12,o3_default_default,0.9540693416
ibm_heron_156,dj_indep_tket_12,train,dj,tket,12,15,60,36,36,36,0,0,1.0,36,0.019594867997511756,3.677606791972519,22.353662867997627,22.868699165999715,12,o3_default_default,0.9488172329
ibm_heron_156,dj_indep_tket_13,train,dj,tket,13,17,66,36,36,36,0,0,1.0,36,0.01879881550121354,4.5018626975557305,27.240252395502466,28.170085440004186,12,o2_default_default,0.9425100022
ibm_heron_156,dj_indep_tket_14,train,dj,tket,14,18,72,36,36,36,0,0,1.0,36,0.021509317000891315,5.646370869472674,33.771389802002886,34.74657374600065,12,o3_default_default,0.9384516638
ibm_heron_156,dj_indep_tket_15,train,dj,tket,15,18,76,36,36,36,0,0,1.0,36,0.022487958496640204,5.915077288000248,35.679475523249494,35.910620268994535,12,o3_default_default,0.9269147425
ibm_heron_156,dj_indep_tket_16,train,dj,tket,16,19,80,36,36,36,0,0,1.0,36,0.022085427997808438,5.934775975278171,35.885519242001465,36.8697084420055,12,o3_default_default,0.9283760902
ibm_heron_156,dj_indep_tket_17,train,dj,tket,17,21,86,36,36,36,0,0,1.0,36,0.021045908997621154,6.183844665806141,37.057040667252295,38.38793471400277,12,o3_default_default,0.9185800108
ibm_heron_156,dj_indep_tket_18,train,dj,tket,18,21,90,36,36,36,0,0,1.0,36,0.020806241500395117,6.6966560315278105,39.837932525502765,44.13537094500498,12,o3_default_default,0.9025648616
ibm_heron_156,dj_indep_tket_19,train,dj,tket,19,22,94,36,36,36,0,0,1.0,36,0.02395006850201753,9.473841048832481,53.576735679000194,82.78646000799927,12,o3_default_default,0.9076344845
ibm_heron_156,dj_indep_tket_2,train,dj,tket,2,6,8,36,36,36,0,0,1.0,36,0.01229163000243716,0.012530521777282248,0.016371535000871518,0.01975349699932849,12,o3_default_default,0.9993557374
ibm_heron_156,dj_indep_tket_20,train,dj,tket,20,23,98,36,36,36,0,0,1.0,36,0.02713785899686627,13.947315564166072,84.04086826899766,84.8308409329984,12,o3_default_default,0.8959755078
ibm_heron_156,dj_indep_tket_21,train,dj,tket,21,24,102,36,36,36,0,0,1.0,36,0.023415218500304036,13.022462635555307,90.937101263753,91.14774587599823,12,o2_default_default,0.891053346
ibm_heron_156,dj_indep_tket_22,train,dj,tket,22,25,106,36,36,35,0,1,0.9722222222222222,35,0.025126063999778125,8.99176769125583,54.17651497690167,99.6126277709991,11,o2_default_default,0.882665691
ibm_heron_156,dj_indep_tket_23,train,dj,tket,23,27,112,36,36,32,0,4,0.8888888888888888,32,0.021937305500614457,3.5143249966872645,24.903999177293695,56.28849722100131,10,o3_default_default,0.8858118049
ibm_heron_156,dj_indep_tket_24,train,dj,tket,24,27,116,36,36,32,0,4,0.8888888888888888,32,0.021904772500420222,3.6650971457499963,26.094419512900235,58.43693638799596,10,o3_default_default,0.8781233554
ibm_heron_156,dj_indep_tket_25,train,dj,tket,25,28,120,36,36,33,0,3,0.9166666666666666,33,0.025291079000453465,6.130600723879373,64.00531992239993,73.09585156100366,10,o3_default_default,0.8716602162
ibm_heron_156,dj_indep_tket_26,train,dj,tket,26,30,126,36,36,32,0,4,0.8888888888888888,32,0.02475019699704717,4.495576148906821,31.82894268400082,72.15721663900331,10,o3_default_default,0.8592284031
ibm_heron_156,dj_indep_tket_27,train,dj,tket,27,31,132,36,36,30,0,6,0.8333333333333334,30,0.019921726499887882,0.05130516426652321,0.1762079546002496,0.44939424699987285,10,o3_default_default,0.8555804846
ibm_heron_156,dj_indep_tket_28,train,dj,tket,28,31,136,36,36,30,0,6,0.8333333333333334,30,0.02268704949892708,0.0489387603335975,0.185372969000673,0.3186523379990831,10,o3_default_default,0.8605738693
ibm_heron_156,dj_indep_tket_29,train,dj,tket,29,32,140,36,36,32,0,4,0.8888888888888888,32,0.02641275499991025,5.864153611062193,41.606182311798634,93.89070299800369,10,o3_default_default,0.8507446286
ibm_heron_156,dj_indep_tket_3,train,dj,tket,3,7,14,36,36,36,0,0,1.0,36,0.012322927002969664,0.012786685084291902,0.016650610752549255,0.018077963999530766,12,o3_default_default,0.9977017929
ibm_heron_156,dj_indep_tket_30,train,dj,tket,30,34,146,36,36,31,0,5,0.8611111111111112,31,0.02244141600385774,2.8600407026129804,0.20418952149702818,87.24861297800089,10,o3_default_default,0.8497737839
ibm_heron_156,dj_indep_tket_4,train,dj,tket,4,7,18,36,36,36,0,0,1.0,36,0.013501418499799911,0.20207081361149903,0.01854978099981963,6.802483449006104,12,o2_default_default,0.9932239888
ibm_heron_156,dj_indep_tket_40,train,dj,tket,40,44,194,36,36,30,0,6,0.8333333333333334,30,0.028231345499079907,0.1257815808004428,0.876388036598291,1.0515284150023945,10,o3_default_default,0.7964720979
ibm_heron_156,dj_indep_tket_5,train,dj,tket,5,9,24,36,36,36,0,0,1.0,36,0.015976104496076005,0.9697587811388075,6.548064911003166,8.539674526000454,12,o3_default_default,0.9870972447
ibm_heron_156,dj_indep_tket_50,train,dj,tket,50,53,244,36,36,30,0,6,0.8333333333333334,30,0.026089442002557917,0.43045488626667067,3.8349237928468938,4.095414729999902,10,o3_default_default,0.7315955954
ibm_heron_156,dj_indep_tket_6,train,dj,tket,6,9,28,36,36,36,0,0,1.0,36,0.016647251501126448,1.4902822177494575,9.280193942748156,10.82467004499631,12,o2_default_default,0.9804275964
ibm_heron_156,dj_indep_tket_60,train,dj,tket,60,64,298,36,36,30,0,6,0.8333333333333334,30,0.030350991502928082,1.8365747204004341,17.791411552352656,18.281437536003068,10,o3_default_default,0.6813895223
ibm_heron_156,dj_indep_tket_7,train,dj,tket,7,11,34,36,36,36,0,0,1.0,36,0.015392298497317825,1.8840531063051458,11.369123964001119,14.79814460099442,12,o2_default_default,0.9725282436
ibm_heron_156,dj_indep_tket_70,train,dj,tket,70,74,346,36,36,30,0,6,0.8333333333333334,30,0.03582931450000615,1.9269041176342094,18.499698434003218,19.4899791620046,10,o3_default_default,0.6378952359
ibm_heron_156,dj_indep_tket_8,train,dj,tket,8,12,40,36,36,36,0,0,1.0,36,0.01606035849908949,2.5998731836664066,17.598631523751465,17.92261457999848,12,o2_default_default,0.9721975554
ibm_heron_156,dj_indep_tket_80,train,dj,tket,80,84,396,36,36,30,0,6,0.8333333333333334,30,0.03805687900239718,2.112201876033699,20.202204839298062,21.478599723996012,10,o2_default_default,0.5856954199
ibm_heron_156,dj_indep_tket_9,train,dj,tket,9,12,44,36,36,36,0,0,1.0,36,0.014943900001526345,2.074592899194411,11.870550828994965,18.040072583004076,12,o3_default_default,0.9638861872
ibm_heron_156,dj_indep_tket_90,train,dj,tket,90,94,442,36,36,30,0,6,0.8333333333333334,30,0.04717180500301765,2.142071530300503,20.209066178400096,21.98650988999725,10,o3_default_default,0.5494522164
ibm_heron_156,graphstate_indep_qiskit_10,train,graphstate,qiskit,10,8,30,36,36,36,0,0,1.0,36,0.017104327504057437,2.9002270815277975,18.12600877774821,19.37030233800033,12,o2_default_default,0.9457781405
ibm_heron_156,graphstate_indep_qiskit_11,train,graphstate,qiskit,11,7,33,36,36,36,0,0,1.0,36,0.019224621002649656,3.104488802640036,18.897070896251535,19.858532994003326,12,o3_default_default,0.9593168333
ibm_heron_156,graphstate_indep_qiskit_12,train,graphstate,qiskit,12,6,36,36,36,36,0,0,1.0,36,0.019505772499542218,3.8069273530274788,22.043297374253598,30.659334388998104,12,o2_default_default,0.9600133736
ibm_heron_156,graphstate_indep_qiskit_13,train,graphstate,qiskit,13,5,39,36,36,36,0,0,1.0,36,0.01817314049912966,2.0873071266942134,10.443255293002949,10.72905209500459,12,o3_default_default,0.963304496
ibm_heron_156,graphstate_indep_qiskit_14,train,graphstate,qiskit,14,8,42,36,36,36,0,0,1.0,36,0.02129793700441951,3.513511942834157,20.916337909504364,22.415386093998677,12,o3_default_default,0.9416220319
ibm_heron_156,graphstate_indep_qiskit_15,train,graphstate,qiskit,15,9,45,36,36,34,0,2,0.9444444444444444,34,0.020316058999014786,3.8235457288516472,19.060545880494786,74.3627685859974,11,o3_default_default,0.9399821108
ibm_heron_156,graphstate_indep_qiskit_16,train,graphstate,qiskit,16,7,48,36,36,36,0,0,1.0,36,0.02074997049930971,4.537380447472161,29.75941851850257,34.294997593002336,12,o3_default_default,0.9235666234
ibm_heron_156,graphstate_indep_qiskit_17,train,graphstate,qiskit,17,6,51,36,36,35,0,1,0.9722222222222222,35,0.01959467500273604,3.900649587999838,27.85629574499979,31.46920727199904,11,o3_default_default,0.9234184458
ibm_heron_156,graphstate_indep_qiskit_18,train,graphstate,qiskit,18,7,54,36,36,36,0,0,1.0,36,0.02366463550060871,3.9069442368608076,21.280755362748096,42.91589667700464,12,o2_default_default,0.9046528472
ibm_heron_156,graphstate_indep_qiskit_19,train,graphstate,qiskit,19,7,57,36,36,36,0,0,1.0,36,0.02459713249845663,5.483037684027901,34.15898817774723,37.140238186002534,12,o3_default_default,0.8999699379
ibm_heron_156,graphstate_indep_qiskit_20,train,graphstate,qiskit,20,9,60,36,36,35,0,1,0.9722222222222222,35,0.02096474800055148,5.044350826114533,32.236919353502884,50.91669174699928,11,o3_default_default,0.9269782078
ibm_heron_156,graphstate_indep_qiskit_21,train,graphstate,qiskit,21,7,63,36,36,35,0,1,0.9722222222222222,35,0.026103338997927494,4.401042927143031,32.07083080789962,32.75617902600061,11,o3_default_default,0.8761457986
ibm_heron_156,graphstate_indep_qiskit_22,train,graphstate,qiskit,22,8,66,36,36,36,0,0,1.0,36,0.028329563996521756,7.6721213679993525,45.25538918474922,55.57577347000188,12,o3_default_default,0.8656483529
ibm_heron_156,graphstate_indep_qiskit_23,train,graphstate,qiskit,23,6,69,36,36,36,0,0,1.0,36,0.02633577750020777,6.147095769777782,36.47749519974968,56.00753578900185,12,o3_default_default,0.8993479372
ibm_heron_156,graphstate_indep_qiskit_24,train,graphstate,qiskit,24,8,72,36,36,36,0,0,1.0,36,0.027387769499910064,8.99144888272268,54.80554437574574,62.41111295400333,12,o3_default_default,0.8336054468
ibm_heron_156,graphstate_indep_qiskit_25,train,graphstate,qiskit,25,7,75,36,36,36,0,0,1.0,36,0.026634994501364417,9.597359442082961,58.751200252247145,68.59576141899743,12,o3_default_default,0.8224610642
ibm_heron_156,graphstate_indep_qiskit_26,train,graphstate,qiskit,26,8,78,36,36,34,0,2,0.9444444444444444,34,0.025497963499219622,5.988929867559551,41.87031720569972,80.5353741949948,10,o3_default_default,0.8363136481
ibm_heron_156,graphstate_indep_qiskit_27,train,graphstate,qiskit,27,8,81,36,36,36,0,0,1.0,36,0.029112206499121385,9.841191115362058,61.023629443501704,75.46710278499813,12,o3_default_default,0.8375724666
ibm_heron_156,graphstate_indep_qiskit_28,train,graphstate,qiskit,28,10,84,36,36,34,0,2,0.9444444444444444,34,0.024229642000136664,8.552193014530049,71.56094172295195,78.51265068100474,10,o3_default_default,0.7899063216
ibm_heron_156,graphstate_indep_qiskit_29,train,graphstate,qiskit,29,9,87,36,36,36,0,0,1.0,36,0.02949305350193754,11.049143845083462,72.08062858800076,95.79154039100104,12,o3_default_default,0.8048393023
ibm_heron_156,graphstate_indep_qiskit_3,train,graphstate,qiskit,3,5,9,36,36,36,0,0,1.0,36,0.015053612001793226,0.6474049331116274,3.817042480000964,4.102704181997979,12,o2_default_default,0.9932900958
ibm_heron_156,graphstate_indep_qiskit_30,train,graphstate,qiskit,30,8,90,36,36,36,0,0,1.0,36,0.029766380499495426,11.841766502805816,73.46626459199797,81.5997654679959,12,o3_default_default,0.8085651348
ibm_heron_156,graphstate_indep_qiskit_4,train,graphstate,qiskit,4,5,12,36,36,36,0,0,1.0,36,0.016859446001035394,1.0636776128610816,6.330343702498794,7.1031835789981415,12,o3_default_default,0.9879389902
ibm_heron_156,graphstate_indep_qiskit_40,train,graphstate,qiskit,40,9,120,36,36,30,0,6,0.8333333333333334,30,0.03078210150124505,0.08854480959998909,0.29350781760040257,0.49855577199923573,10,o3_default_default,0.6790281322
ibm_heron_156,graphstate_indep_qiskit_5,train,graphstate,qiskit,5,6,15,36,36,36,0,0,1.0,36,0.016879721002624137,1.5416492246943865,8.97851626749798,12.597364415996708,12,o2_dense_sabre,0.9854976867
ibm_heron_156,graphstate_indep_qiskit_50,train,graphstate,qiskit,50,10,150,36,36,30,0,6,0.8333333333333334,30,0.029242199500004062,0.05793440949976988,0.1613874705482885,0.23328600599779747,10,o3_default_default,0.583561201
ibm_heron_156,graphstate_indep_qiskit_6,train,graphstate,qiskit,6,7,18,36,36,36,0,0,1.0,36,0.016112599001644412,1.4316320335832036,8.640189086494502,8.8970839600006,12,o3_default_default,0.9806911159
ibm_heron_156,graphstate_indep_qiskit_60,train,graphstate,qiskit,60,14,180,36,36,30,0,6,0.8333333333333334,30,0.03331371150125051,2.385509122166938,19.792183835999097,20.773480789997848,10,o3_default_default,0.506825966
ibm_heron_156,graphstate_indep_qiskit_7,train,graphstate,qiskit,7,5,21,36,36,36,0,0,1.0,36,0.018119008498615585,1.415739886000463,8.795446427749994,9.027075527999841,12,o3_default_default,0.9810095955
ibm_heron_156,graphstate_indep_qiskit_70,train,graphstate,qiskit,70,8,210,36,36,30,0,6,0.8333333333333334,30,0.03827856749921921,2.457631432299968,20.63570310049799,20.929236454998318,10,o3_default_default,0.4735970595
ibm_heron_156,graphstate_indep_qiskit_8,train,graphstate,qiskit,8,6,24,36,36,36,0,0,1.0,36,0.017217859498487087,1.865007378167219,11.785219905252234,12.192246517995954,12,o2_default_default,0.9766858795
ibm_heron_156,graphstate_indep_qiskit_80,train,graphstate,qiskit,80,11,240,36,36,30,0,6,0.8333333333333334,30,0.061698837500443915,0.40734961716661927,1.857037924999895,1.995817946997704,10,o3_default_default,0.3704568347
ibm_heron_156,graphstate_indep_qiskit_9,train,graphstate,qiskit,9,7,27,36,36,36,0,0,1.0,36,0.018229281500680372,2.012807895667316,12.899182392247894,14.552347618002386,12,o2_default_default,0.9468871238
ibm_heron_156,graphstate_indep_qiskit_90,train,graphstate,qiskit,90,8,270,36,36,30,0,6,0.8333333333333334,30,0.05052571700070985,2.763369581632772,22.984076552948316,23.823653505001857,10,o3_sabre_sabre,0.3120971024
ibm_heron_156,graphstate_indep_tket_10,train,graphstate,tket,10,7,30,36,36,36,0,0,1.0,36,0.018464305998350028,2.1401793294157363,12.777114746249936,20.568072137000854,12,o3_default_default,0.9722044973
ibm_heron_156,graphstate_indep_tket_11,train,graphstate,tket,11,7,33,36,36,36,0,0,1.0,36,0.019657153497973923,2.920025369945102,18.82730615975015,19.521143176003534,12,o3_default_default,0.9478726437
ibm_heron_156,graphstate_indep_tket_12,train,graphstate,tket,12,8,36,36,36,36,0,0,1.0,36,0.018801408001309028,3.121777964889285,19.246222218002004,20.77711748800357,12,o2_default_default,0.9622711273
ibm_heron_156,graphstate_indep_tket_13,train,graphstate,tket,13,6,39,36,36,36,0,0,1.0,36,0.021302459499565884,3.8830476086107715,22.83298868499878,29.657150373997865,12,o3_default_default,0.9218287407
ibm_heron_156,graphstate_indep_tket_14,train,graphstate,tket,14,6,42,36,36,36,0,0,1.0,36,0.022408809498301707,2.924478491360383,18.926795510751617,21.39588799700141,12,o3_default_default,0.9436877795
ibm_heron_156,graphstate_indep_tket_15,train,graphstate,tket,15,5,45,36,36,36,0,0,1.0,36,0.021948684501694515,3.366280944444346,20.129617082751793,21.723941896001634,12,o3_default_default,0.9412801767
ibm_heron_156,graphstate_indep_tket_16,train,graphstate,tket,16,7,48,36,36,36,0,0,1.0,36,0.021733083500294015,4.14010640191595,25.137381605252813,32.37415774799592,12,o2_default_default,0.9173485574
ibm_heron_156,graphstate_indep_tket_17,train,graphstate,tket,17,7,51,36,36,36,0,0,1.0,36,0.021809026999108028,4.571921797777274,25.04517397949712,31.124895150998782,12,o3_default_default,0.9339793685
ibm_heron_156,graphstate_indep_tket_18,train,graphstate,tket,18,8,54,36,36,36,0,0,1.0,36,0.02435073100059526,4.334237392416374,31.030473732744213,37.99067593400105,12,o2_default_default,0.9140576103
ibm_heron_156,graphstate_indep_tket_19,train,graphstate,tket,19,7,57,36,36,36,0,0,1.0,36,0.023169373500422807,5.733780061694334,31.678604486500262,32.559235593995254,12,o3_default_default,0.9072599838
ibm_heron_156,graphstate_indep_tket_20,train,graphstate,tket,20,7,60,36,36,34,0,2,0.9444444444444444,34,0.026419079997140216,3.0159902026759537,20.78943133499664,42.085954826005036,10,o3_default_default,0.927734678
ibm_heron_156,graphstate_indep_tket_21,train,graphstate,tket,21,8,63,36,36,36,0,0,1.0,36,0.024898609997762833,6.697089761222135,43.850244561748696,45.864909876996535,12,o3_default_default,0.8683179702
ibm_heron_156,graphstate_indep_tket_22,train,graphstate,tket,22,8,66,36,36,34,0,2,0.9444444444444444,34,0.02167436549643753,5.3351255232651855,48.417361689402966,58.538145305996295,10,o3_default_default,0.865828194
ibm_heron_156,graphstate_indep_tket_23,train,graphstate,tket,23,8,69,36,36,35,0,1,0.9722222222222222,35,0.022558290002052672,8.962068459885943,62.4088256535033,72.66110661700077,11,o3_default_default,0.8476597886
ibm_heron_156,graphstate_indep_tket_24,train,graphstate,tket,24,8,72,36,36,36,0,0,1.0,36,0.02414871299697552,9.01949278547262,49.572245118753926,55.05153674200119,12,o3_default_default,0.8596697868
ibm_heron_156,graphstate_indep_tket_25,train,graphstate,tket,25,7,75,36,36,36,0,0,1.0,36,0.027679365000949474,6.421155863611704,37.02129102774779,62.14913272000558,12,o3_default_default,0.8810156152
ibm_heron_156,graphstate_indep_tket_26,train,graphstate,tket,26,8,78,36,36,36,0,0,1.0,36,0.025507291498797713,10.504163313138633,63.41503896999711,75.8287350150058,12,o3_default_default,0.8010356398
ibm_heron_156,graphstate_indep_tket_27,train,graphstate,tket,27,8,81,36,36,36,0,0,1.0,36,0.030018917001143564,9.833303727333865,60.602169214500464,69.06713786599721,12,o3_default_default,0.8284345594
ibm_heron_156,graphstate_indep_tket_28,train,graphstate,tket,28,11,84,36,36,35,0,1,0.9722222222222222,35,0.02222105299733812,10.385892842884433,69.90671451259838,99.3327235550023,11,o3_default_default,0.7976195783
ibm_heron_156,graphstate_indep_tket_29,train,graphstate,tket,29,7,87,36,36,36,0,0,1.0,36,0.02982098050051718,9.40770674361132,59.61386099925039,62.34987950699724,12,o3_default_default,0.8198027565
ibm_heron_156,graphstate_indep_tket_3,train,graphstate,tket,3,5,9,36,36,36,0,0,1.0,36,0.015369709999504266,0.6345647865548218,3.7629090784957953,3.974866229997133,12,o2_default_default,0.9932900958
ibm_heron_156,graphstate_indep_tket_30,train,graphstate,tket,30,6,90,36,36,36,0,0,1.0,36,0.03184820300157298,10.90104459699958,66.3063908419972,76.08078033100173,12,o3_default_default,0.806131414
ibm_heron_156,graphstate_indep_tket_4,train,graphstate,tket,4,5,12,36,36,36,0,0,1.0,36,0.015483700997720007,1.108419821305587,6.665231277000203,7.689288064000721,12,o2_dense_sabre,0.9884864614
ibm_heron_156,graphstate_indep_tket_40,train,graphstate,tket,40,8,120,36,36,31,0,5,0.8611111111111112,31,0.033840926000266336,3.2335981826768294,0.33546748999651754,98.407795223,10,o2_default_default,0.8516721087
ibm_heron_156,graphstate_indep_tket_5,train,graphstate,tket,5,6,15,36,36,36,0,0,1.0,36,0.01714034899850958,1.3559933510835738,8.152909692747926,8.488341113006754,12,o2_dense_sabre,0.9825431843
ibm_heron_156,graphstate_indep_tket_50,train,graphstate,tket,50,9,150,36,36,30,0,6,0.8333333333333334,30,0.031951060500432504,2.3998332843659833,20.093855607949443,21.5416916519971,10,o3_default_default,0.5794489769
ibm_heron_156,graphstate_indep_tket_6,train,graphstate,tket,6,7,18,36,36,36,0,0,1.0,36,0.016172496001672698,1.435434575666376,8.515881258752415,8.955261927992979,12,o3_default_default,0.9826981424
ibm_heron_156,graphstate_indep_tket_60,train,graphstate,tket,60,10,180,36,36,30,0,6,0.8333333333333334,30,0.04223905950129847,2.3581126097012506,19.887406203498177,19.969246970002132,10,o3_default_default,0.5548196521
ibm_heron_156,graphstate_indep_tket_7,train,graphstate,tket,7,7,21,36,36,36,0,0,1.0,36,0.016707604001567233,1.5792144848884264,9.383091943998807,10.976795838003454,12,o3_default_default,0.9721997971
ibm_heron_156,graphstate_indep_tket_70,train,graphstate,tket,70,8,210,36,36,30,0,6,0.8333333333333334,30,0.035111051500280155,2.613135037800627,21.529628260304158,23.19340759100305,10,o3_default_default,0.4587835018
ibm_heron_156,graphstate_indep_tket_8,train,graphstate,tket,8,6,24,36,36,36,0,0,1.0,36,0.016887660498468904,1.5564311258884926,9.008464914501019,11.454357781003637,12,o3_default_default,0.978481391
ibm_heron_156,graphstate_indep_tket_80,train,graphstate,tket,80,11,240,36,36,30,0,6,0.8333333333333334,30,0.04851142849656753,0.0868375622999641,0.37678840634944194,0.4686572150021675,10,o2_default_default,0.7160337108
ibm_heron_156,graphstate_indep_tket_9,train,graphstate,tket,9,6,27,36,36,36,0,0,1.0,36,0.018657503998838365,1.4909120469445851,8.908077959000366,9.125340179001796,12,o3_default_default,0.970149146
ibm_heron_156,graphstate_indep_tket_90,train,graphstate,tket,90,9,270,36,36,30,0,6,0.8333333333333334,30,0.05357442650347366,2.6119791751669252,21.81381513079905,22.127208156998677,10,o3_default_default,0.3024147448
ibm_heron_156,portfolioqaoa_indep_qiskit_3,train,portfolioqaoa,qiskit,3,15,27,36,36,36,0,0,1.0,36,0.01647945550212171,7.0355369813348965,48.977193545248156,55.42698402800306,12,o2_dense_sabre,0.9687918711
ibm_heron_156,portfolioqaoa_indep_qiskit_4,train,portfolioqaoa,qiskit,4,19,42,36,36,30,0,6,0.8333333333333334,30,0.017603006002900656,0.018512989367203168,0.025944747706671475,0.027083171997219324,10,o3_default_default,0.9441555553
ibm_heron_156,portfolioqaoa_indep_qiskit_5,train,portfolioqaoa,qiskit,5,23,60,36,36,30,0,6,0.8333333333333334,30,0.018668504497327376,0.025792431999191952,0.03567542845339629,0.19434750599612016,10,o3_default_default,0.9159132613
ibm_heron_156,portfolioqaoa_indep_qiskit_6,train,portfolioqaoa,qiskit,6,27,81,36,36,30,0,6,0.8333333333333334,30,0.018916368499048986,0.021948532433695316,0.036777603048540185,0.04176810100034345,10,o2_default_default,0.8681095376
ibm_heron_156,portfolioqaoa_indep_qiskit_7,train,portfolioqaoa,qiskit,7,31,105,36,36,30,0,6,0.8333333333333334,30,0.022328655504679773,0.026502113733052588,0.04686609099808266,0.050539296003989875,10,o2_default_default,0.7984696298
ibm_heron_156,portfolioqaoa_indep_tket_3,train,portfolioqaoa,tket,3,18,36,36,36,36,0,0,1.0,36,0.016528859501704574,7.261833121249866,50.07519118924756,57.894515963998856,12,o2_dense_sabre,0.9687019585
ibm_heron_156,portfolioqaoa_indep_tket_4,train,portfolioqaoa,tket,4,22,54,36,36,30,0,6,0.8333333333333334,30,0.016573635504755657,0.017772679636254906,0.02599933840174344,0.02828465000493452,10,o3_default_default,0.9444132635
ibm_heron_156,portfolioqaoa_indep_tket_5,train,portfolioqaoa,tket,5,26,75,36,36,30,0,6,0.8333333333333334,30,0.018270486500114202,0.020607528700687303,0.03553766365221235,0.039472438002121635,10,o3_default_default,0.916431303
ibm_heron_156,portfolioqaoa_indep_tket_6,train,portfolioqaoa,tket,6,30,99,36,36,30,0,6,0.8333333333333334,30,0.01880570300272666,0.021845855600743865,0.03805364684449159,0.04784847600967623,10,o2_default_default,0.867867855
ibm_heron_156,portfolioqaoa_indep_tket_7,train,portfolioqaoa,tket,7,34,126,36,36,30,0,6,0.8333333333333334,30,0.022202220498002134,0.028603773165377787,0.06052611369887017,0.06465525699604768,10,o2_default_default,0.7984886801
ibm_heron_156,portfoliovqe_indep_qiskit_10,train,portfoliovqe,qiskit,10,42,185,36,36,30,0,6,0.8333333333333334,30,0.028453729501052294,0.03644892753315313,0.0808164883943391,0.10064452400547452,10,o2_default_default,0.578485492
ibm_heron_156,portfoliovqe_indep_qiskit_11,train,portfoliovqe,qiskit,11,46,220,36,36,30,0,6,0.8333333333333334,30,0.029438787496474106,0.037882870933390225,0.08824802020608327,0.0965876629925333,10,o3_default_default,0.5602137399
ibm_heron_156,portfoliovqe_indep_qiskit_3,train,portfoliovqe,qiskit,3,14,24,36,36,36,0,0,1.0,36,0.015882601503108162,5.860525752721717,40.6388791307545,45.577533534000395,12,o3_default_default,0.9829307139
ibm_heron_156,portfoliovqe_indep_qiskit_4,train,portfoliovqe,qiskit,4,18,38,36,36,34,0,2,0.9444444444444444,34,0.016847965998749714,11.22410326088207,95.17579761740124,99.71998514499865,10,o3_default_default,0.9667767152
ibm_heron_156,portfoliovqe_indep_qiskit_5,train,portfoliovqe,qiskit,5,22,55,36,36,30,0,6,0.8333333333333334,30,0.01810373100306606,0.019164741900749505,0.02814111290499567,0.029762619000393897,10,o3_default_default,0.948779247
ibm_heron_156,portfoliovqe_indep_qiskit_6,train,portfoliovqe,qiskit,6,26,75,36,36,30,0,6,0.8333333333333334,30,0.01741377650614595,0.019277468100578215,0.031880429098964665,0.03493990600691177,10,o3_default_default,0.9124692265
ibm_heron_156,portfoliovqe_indep_qiskit_7,train,portfoliovqe,qiskit,7,30,98,36,36,30,0,6,0.8333333333333334,30,0.020438115498109255,0.02407889473446024,0.04541853599803288,0.050510950008174405,10,o2_default_default,0.8594468277
ibm_heron_156,portfoliovqe_indep_qiskit_8,train,portfoliovqe,qiskit,8,34,124,36,36,30,0,6,0.8333333333333334,30,0.026208428498648573,0.030701318232362003,0.057920630448643345,0.060014695991412736,10,o2_default_default,0.7841407025
ibm_heron_156,portfoliovqe_indep_qiskit_9,train,portfoliovqe,qiskit,9,38,153,36,36,30,0,6,0.8333333333333334,30,0.023687848006375134,0.02937243066796024,0.05828965665205032,0.07007313000212889,10,o3_default_default,0.7259717462
ibm_heron_156,portfoliovqe_indep_tket_10,train,portfoliovqe,tket,10,42,185,36,36,30,0,6,0.8333333333333334,30,0.026214608500595205,0.0340500985335287,0.06971780839958228,0.07306080200942233,10,o2_default_default,0.5787007993
ibm_heron_156,portfoliovqe_indep_tket_11,train,portfoliovqe,tket,11,46,220,36,36,30,0,6,0.8333333333333334,30,0.02906754799914779,0.03942887549928855,0.08841323119413569,0.10905804499634542,10,o3_default_default,0.5604242748
ibm_heron_156,portfoliovqe_indep_tket_3,train,portfoliovqe,tket,3,14,24,36,36,36,0,0,1.0,36,0.015281820502423216,5.890446494473711,41.09193909124588,46.12415618200612,12,o3_default_default,0.9820415611
ibm_heron_156,portfoliovqe_indep_tket_4,train,portfoliovqe,tket,4,18,38,36,36,34,0,2,0.9444444444444444,34,0.015537498002231587,11.270789493323878,95.11049612470524,99.16741966801055,10,o3_default_default,0.9666848419
ibm_heron_156,portfoliovqe_indep_tket_5,train,portfoliovqe,tket,5,22,55,36,36,30,0,6,0.8333333333333334,30,0.01827619650430279,0.018684470066121624,0.026410002145712496,0.029333742000744678,10,o3_default_default,0.9491378208
ibm_heron_156,portfoliovqe_indep_tket_6,train,portfoliovqe,tket,6,26,75,36,36,30,0,6,0.8333333333333334,30,0.018620659502630588,0.02044449440096893,0.0324162251999951,0.04131391800183337,10,o3_default_default,0.9124690416
ibm_heron_156,portfoliovqe_indep_tket_7,train,portfoliovqe,tket,7,30,98,36,36,30,0,6,0.8333333333333334,30,0.022590332002437208,0.025945820899990698,0.04865785004803911,0.04988299300021026,10,o2_default_default,0.8598635576
ibm_heron_156,portfoliovqe_indep_tket_8,train,portfoliovqe,tket,8,34,124,36,36,30,0,6,0.8333333333333334,30,0.022911487496457994,0.034350050635111984,0.059091966100822874,0.24585587000183295,10,o2_default_default,0.7838160951
ibm_heron_156,portfoliovqe_indep_tket_9,train,portfoliovqe,tket,9,38,153,36,36,30,0,6,0.8333333333333334,30,0.023069957002007868,0.03034646276452501,0.06310404199248296,0.09241220098920166,10,o3_default_default,0.7259035562
ibm_heron_156,qaoa_indep_qiskit_10,train,qaoa,qiskit,10,11,60,36,36,36,0,0,1.0,36,0.021790282502479386,4.058876667749347,24.46922223175352,26.93278414598899,12,o3_default_default,0.9390399791
ibm_heron_156,qaoa_indep_qiskit_11,train,qaoa,qiskit,11,10,66,36,36,36,0,0,1.0,36,0.02419281750189839,3.6710728593340414,25.885986177745508,34.35485590300232,12,o3_default_default,0.9083756791
ibm_heron_156,qaoa_indep_qiskit_12,train,qaoa,qiskit,12,11,72,36,36,36,0,0,1.0,36,0.019922086496080738,2.2402062844161668,17.43771360874598,26.584729669993976,12,o2_default_default,0.9181537942
ibm_heron_156,qaoa_indep_qiskit_13,train,qaoa,qiskit,13,10,78,36,36,35,0,1,0.9722222222222222,35,0.027279166999505833,4.654976857341743,23.71987237050338,80.13322866799717,11,o3_default_default,0.8914135808
ibm_heron_156,qaoa_indep_qiskit_14,train,qaoa,qiskit,14,10,84,36,36,36,0,0,1.0,36,0.026641718999599107,10.648533944193332,63.957802995741076,74.18736101000104,12,o3_default_default,0.8910725648
ibm_heron_156,qaoa_indep_qiskit_3,train,qaoa,qiskit,3,10,18,36,36,36,0,0,1.0,36,0.01626887450402137,2.763313360582591,17.344576675004646,21.272618383998633,12,o2_dense_sabre,0.9821841093
ibm_heron_156,qaoa_indep_qiskit_4,train,qaoa,qiskit,4,9,24,36,36,36,0,0,1.0,36,0.016430611503892578,1.5391274616655817,9.19427652324157,9.61825450300239,12,o2_dense_sabre,0.9790403849
ibm_heron_156,qaoa_indep_qiskit_5,train,qaoa,qiskit,5,10,30,36,36,36,0,0,1.0,36,0.019014371500816196,2.4437892781113786,14.661828083750152,15.348440200003097,12,o2_default_default,0.9665658081
ibm_heron_156,qaoa_indep_qiskit_6,train,qaoa,qiskit,6,9,36,36,36,36,0,0,1.0,36,0.018141687498427927,3.6300758022488377,23.77468585749375,24.195179679998546,12,o2_default_default,0.9549350842
ibm_heron_156,qaoa_indep_qiskit_7,train,qaoa,qiskit,7,10,42,36,36,36,0,0,1.0,36,0.021738131996244192,2.158256875694254,12.816536810994876,13.525244068005122,12,o3_default_default,0.9559543786
ibm_heron_156,qaoa_indep_qiskit_8,train,qaoa,qiskit,8,9,48,36,36,36,0,0,1.0,36,0.020621295996534172,3.686575404166635,22.26095099925442,22.63550003900309,12,o2_default_default,0.9379652917
ibm_heron_156,qaoa_indep_qiskit_9,train,qaoa,qiskit,9,10,54,36,36,36,0,0,1.0,36,0.02241979550308315,7.5172492177508605,67.11049962049219,72.19675551200635,12,o3_default_default,0.9148518747
ibm_heron_156,qaoa_indep_tket_10,train,qaoa,tket,10,11,60,36,36,36,0,0,1.0,36,0.021133814996574074,4.085863504276252,24.58614742849386,26.990943685988896,12,o3_default_default,0.9392016355
ibm_heron_156,qaoa_indep_tket_11,train,qaoa,tket,11,10,66,36,36,36,0,0,1.0,36,0.023487252001359593,3.663043601471549,25.35786633074531,35.14208220600267,12,o3_default_default,0.9083756791
ibm_heron_156,qaoa_indep_tket_12,train,qaoa,tket,12,11,72,36,36,36,0,0,1.0,36,0.019378586002858356,2.2690079489730124,17.846774467001524,26.505506396002602,12,o2_default_default,0.9179846422
ibm_heron_156,qaoa_indep_tket_13,train,qaoa,tket,13,10,78,36,36,35,0,1,0.9722222222222222,35,0.02324344099906739,4.779775522543683,23.82074865570607,85.0243560240051,11,o3_default_default,0.8918426048
ibm_heron_156,qaoa_indep_tket_14,train,qaoa,tket,14,10,84,36,36,36,0,0,1.0,36,0.025773053006560076,10.603958612946977,63.06955411124363,73.32113835601194,12,o3_default_default,0.8909908645
ibm_heron_156,qaoa_indep_tket_3,train,qaoa,tket,3,10,18,36,36,36,0,0,1.0,36,0.015091115004906897,2.786037736248545,17.685191772739927,21.138157484994736,12,o2_dense_sabre,0.9821841093
ibm_heron_156,qaoa_indep_tket_4,train,qaoa,tket,4,9,24,36,36,36,0,0,1.0,36,0.017334945499897003,1.5578507310270249,9.325030231248093,9.649753417004831,12,o2_dense_sabre,0.979400952
ibm_heron_156,qaoa_indep_tket_5,train,qaoa,tket,5,10,30,36,36,36,0,0,1.0,36,0.01845663350104587,2.400726216083664,14.325864877751883,15.465490257003694,12,o2_default_default,0.9668391955
ibm_heron_156,qaoa_indep_tket_6,train,qaoa,tket,6,9,36,36,36,36,0,0,1.0,36,0.01911080799618503,3.6635948165001335,23.98314337900956,24.560022575999028,12,o3_default_default,0.9547007154
ibm_heron_156,qaoa_indep_tket_7,train,qaoa,tket,7,10,42,36,36,36,0,0,1.0,36,0.021796682995045558,2.0715582965005725,12.72532606475579,12.998398941999767,12,o3_default_default,0.9563946154
ibm_heron_156,qaoa_indep_tket_8,train,qaoa,tket,8,9,48,36,36,36,0,0,1.0,36,0.018408896496111993,3.680772827693646,22.22720334850601,22.5251329360035,12,o2_default_default,0.9379652917
ibm_heron_156,qaoa_indep_tket_9,train,qaoa,tket,9,10,54,36,36,36,0,0,1.0,36,0.02347539049515035,7.560906201998376,67.51085819549917,72.54954038299911,12,o3_default_default,0.9144347838
ibm_heron_156,qnn_indep_qiskit_2,train,qnn,qiskit,2,12,17,36,36,36,0,0,1.0,36,0.012040971996611916,0.012178141747830927,0.014667358751466963,0.016095475002657622,12,o3_default_default,0.996061351
ibm_heron_156,qnn_indep_qiskit_3,train,qnn,qiskit,3,25,35,36,36,36,0,0,1.0,36,0.017311525502009317,3.098659976917487,18.607634485742892,20.009894078000798,12,o3_default_default,0.980142644
ibm_heron_156,qnn_indep_qiskit_30,train,qnn,qiskit,30,295,2789,36,36,30,0,6,0.8333333333333334,30,0.1601649255026132,0.32681767153456653,0.9923522246521315,1.240400624999893,10,o3_default_default,0.0044823819
ibm_heron_156,qnn_indep_qiskit_4,train,qnn,qiskit,4,35,59,36,36,36,0,0,1.0,36,0.02171722250204766,5.304947897418363,32.455614867001714,34.244628551008645,12,o3_default_default,0.9623515467
ibm_heron_156,qnn_indep_qiskit_5,train,qnn,qiskit,5,45,89,36,36,34,0,2,0.9444444444444444,34,0.01914421200490324,7.760079002587779,62.745548099451796,78.05470257699199,10,o3_default_default,0.941930974
ibm_heron_156,qnn_indep_qiskit_6,train,qnn,qiskit,6,55,125,36,36,30,0,6,0.8333333333333334,30,0.018058888999803457,0.021764385467395186,0.041684060898114675,0.04829809699731413,10,o3_default_default,0.9089222845
ibm_heron_156,qnn_indep_qiskit_7,train,qnn,qiskit,7,65,167,36,36,30,0,6,0.8333333333333334,30,0.02034130199899664,0.026175377366598696,0.050980678105406685,0.06157756100583356,10,o2_default_default,0.8391435675
ibm_heron_156,qnn_indep_tket_2,train,qnn,tket,2,14,21,36,36,36,0,0,1.0,36,0.011060666001867503,0.015632672138356913,0.014798747495660791,0.16643583599943668,12,o3_default_default,0.996061351
ibm_heron_156,qnn_indep_tket_3,train,qnn,tket,3,27,41,36,36,36,0,0,1.0,36,0.016979065498162527,3.2106376734740882,19.398172781497124,20.54102232400328,12,o3_default_default,0.980051678
ibm_heron_156,qnn_indep_tket_30,train,qnn,tket,30,297,2849,36,36,30,0,6,0.8333333333333334,30,0.13905017399520148,0.30916954200026037,0.9129689708977822,1.2009945369936759,10,o3_default_default,0.0044800664
ibm_heron_156,qnn_indep_tket_4,train,qnn,tket,4,37,67,36,36,36,0,0,1.0,36,0.02036012900498463,5.374782798834025,34.07589065274806,34.17770851601381,12,o3_default_default,0.9626086165
ibm_heron_156,qnn_indep_tket_5,train,qnn,tket,5,47,99,36,36,35,0,1,0.9722222222222222,35,0.01777895199484192,10.444588117484402,78.5234101406968,96.84612834198924,11,o3_default_default,0.9418284098
ibm_heron_156,qnn_indep_tket_6,train,qnn,tket,6,57,137,36,36,30,0,6,0.8333333333333334,30,0.018926277494756505,0.023597212333697826,0.046228379105741596,0.05526474901125766,10,o3_default_default,0.9088363163
ibm_heron_156,qnn_indep_tket_7,train,qnn,tket,7,67,181,36,36,30,0,6,0.8333333333333334,30,0.02069310800288804,0.02613331859902246,0.0548158028454054,0.05919599300250411,10,o2_default_default,0.8394599765
ibm_heron_156,random_indep_qiskit_2,train,random,qiskit,2,12,18,36,36,36,0,0,1.0,36,0.011790974509494845,0.011633788195063567,0.013761279253230896,0.017967506995773874,12,o3_default_default,0.996946066
ibm_heron_156,random_indep_qiskit_3,train,random,qiskit,3,11,19,36,36,36,0,0,1.0,36,0.01729149750462966,3.7683130011391768,22.744523062254302,23.122714753000764,12,o3_default_default,0.9845329437
ibm_heron_156,random_indep_qiskit_30,train,random,qiskit,30,312,2080,36,36,30,0,6,0.8333333333333334,30,0.32036612150113797,0.5450077674002387,1.664016762800019,1.8482837039919104,10,o3_default_default,3.355e-07
ibm_heron_156,random_indep_qiskit_4,train,random,qiskit,4,28,50,36,36,36,0,0,1.0,36,0.022778636004659347,5.971721584890474,38.25772721799876,46.879637234000256,12,o2_default_default,0.9672131534
ibm_heron_156,random_indep_qiskit_5,train,random,qiskit,5,25,59,36,36,34,0,2,0.9444444444444444,34,0.01929911849583732,3.992765151822395,34.2352985289006,34.64804305598955,10,o3_default_default,0.9586260569
ibm_heron_156,random_indep_qiskit_6,train,random,qiskit,6,34,78,36,36,30,0,6,0.8333333333333334,30,0.02093867199437227,0.0241639683333536,0.04165209594211773,0.04384527500951663,10,o2_dense_sabre,0.9292554488
ibm_heron_156,random_indep_qiskit_7,train,random,qiskit,7,41,116,36,36,30,0,6,0.8333333333333334,30,0.022080374495999422,0.028789516766846646,0.0656689086463302,0.07515574200078845,10,o2_default_default,0.8901260983
ibm_heron_156,random_indep_qiskit_8,train,random,qiskit,8,50,152,36,36,30,0,6,0.8333333333333334,30,0.027596176994848065,0.03190637203467001,0.05474519274939666,0.05556870700092986,10,o3_default_default,0.8571966067
ibm_heron_156,random_indep_tket_2,train,random,tket,2,12,18,36,36,36,0,0,1.0,36,0.011560593506146688,0.011692467056289187,0.015230211505695479,0.01886441399983596,12,o3_default_default,0.996946066
ibm_heron_156,random_indep_tket_3,train,random,tket,3,11,19,36,36,36,0,0,1.0,36,0.017335880489554256,3.816940104748129,22.861008848751226,24.483845937997103,12,o3_default_default,0.984444313
ibm_heron_156,random_indep_tket_30,train,random,tket,30,312,2080,36,36,30,0,6,0.8333333333333334,30,0.2823562060002587,0.5049214492343405,1.3250463520467743,1.655714281994733,10,o3_default_default,5.311e-07
ibm_heron_156,random_indep_tket_4,train,random,tket,4,28,50,36,36,36,0,0,1.0,36,0.019191084000340197,5.886237140333025,36.5574840312438,47.13822374900337,12,o2_default_default,0.9673908674
ibm_heron_156,random_indep_tket_5,train,random,tket,5,25,59,36,36,34,0,2,0.9444444444444444,34,0.018514374998630956,4.0503100068539535,34.2441804133101,35.794221532996744,10,o3_default_default,0.9587198537
ibm_heron_156,random_indep_tket_6,train,random,tket,6,34,78,36,36,30,0,6,0.8333333333333334,30,0.019546495997929014,0.023847085500407653,0.04389200650111888,0.045800901993061416,10,o2_dense_sabre,0.9292554488
ibm_heron_156,random_indep_tket_7,train,random,tket,7,41,116,36,36,30,0,6,0.8333333333333334,30,0.022648474499874283,0.027648775765070847,0.052325433545775006,0.07131945400033146,10,o2_default_default,0.8901251266
ibm_heron_156,random_indep_tket_8,train,random,tket,8,50,152,36,36,30,0,6,0.8333333333333334,30,0.02440106299764011,0.028672422965367636,0.049652599345427,0.06326202399213798,10,o3_default_default,0.8575210651
ibm_heron_156,realamprandom_indep_qiskit_10,train,realamprandom,qiskit,10,42,185,36,36,30,0,6,0.8333333333333334,30,0.02503609250561567,0.03533954096880431,0.08993464945378946,0.09517071799200494,10,o2_default_default,0.5715713938
ibm_heron_156,realamprandom_indep_qiskit_11,train,realamprandom,qiskit,11,46,220,36,36,30,0,6,0.8333333333333334,30,0.02889914750267053,0.040838005763847225,0.0944391286524478,0.10174398699018639,10,o3_default_default,0.5316995211
ibm_heron_156,realamprandom_indep_qiskit_2,train,realamprandom,qiskit,2,8,13,36,36,36,0,0,1.0,36,0.011070058499171864,0.010998908918231286,0.013819713749398943,0.015273272001650184,12,o3_default_default,0.996061351
ibm_heron_156,realamprandom_indep_qiskit_3,train,realamprandom,qiskit,3,14,24,36,36,36,0,0,1.0,36,0.016947019496001303,5.914630242971422,40.965608618749684,46.65109187399503,12,o3_default_default,0.981147482
ibm_heron_156,realamprandom_indep_qiskit_30,train,realamprandom,qiskit,30,122,1455,36,36,30,0,6,0.8333333333333334,30,0.17427124649839243,0.31470587876586553,0.8718384869469444,1.119719783004257,10,o3_default_default,0.0030129671
ibm_heron_156,realamprandom_indep_qiskit_4,train,realamprandom,qiskit,4,18,38,36,36,34,0,2,0.9444444444444444,34,0.015333231996919494,11.196637097087018,95.45011222304892,99.58550648800156,10,o3_default_default,0.9655141522
ibm_heron_156,realamprandom_indep_qiskit_40,train,realamprandom,qiskit,40,162,2540,36,36,30,0,6,0.8333333333333334,30,0.32788038649596274,0.7200585987350981,1.889156675504637,2.162035355999251,10,o3_default_default,3.99143e-05
ibm_heron_156,realamprandom_indep_qiskit_5,train,realamprandom,qiskit,5,22,55,36,36,30,0,6,0.8333333333333334,30,0.01932096500240732,0.022884877733304165,0.03419969655078602,0.054681786001310684,10,o3_default_default,0.9468033262
ibm_heron_156,realamprandom_indep_qiskit_50,train,realamprandom,qiskit,50,202,3925,36,36,30,0,6,0.8333333333333334,30,0.4516386775067076,1.1958038416671721,3.6658253511966903,3.78137382499699,10,o3_default_default,8.23e-08
ibm_heron_156,realamprandom_indep_qiskit_6,train,realamprandom,qiskit,6,26,75,36,36,30,0,6,0.8333333333333334,30,0.01928179300011834,0.021894487933119915,0.03754670419803004,0.04191401498974301,10,o3_default_default,0.9109014498
ibm_heron_156,realamprandom_indep_qiskit_7,train,realamprandom,qiskit,7,30,98,36,36,30,0,6,0.8333333333333334,30,0.01921335449151229,0.02331034823388715,0.04417128355416934,0.04790692200185731,10,o2_default_default,0.8563786358
ibm_heron_156,realamprandom_indep_qiskit_8,train,realamprandom,qiskit,8,34,124,36,36,30,0,6,0.8333333333333334,30,0.020414980499481317,0.027899541665101425,0.06117388484854018,0.06897233900963329,10,o3_default_default,0.7772020554
ibm_heron_156,realamprandom_indep_qiskit_9,train,realamprandom,qiskit,9,38,153,36,36,30,0,6,0.8333333333333334,30,0.023635594996449072,0.030584029367309994,0.06223230985342524,0.07082122899009846,10,o3_default_default,0.7218178713
ibm_heron_156,realamprandom_indep_tket_10,train,realamprandom,tket,10,42,185,36,36,30,0,6,0.8333333333333334,30,0.02553598300437443,0.033890391034947245,0.08227995474808265,0.08586169600312132,10,o2_default_default,0.5715713938
ibm_heron_156,realamprandom_indep_tket_11,train,realamprandom,tket,11,46,220,36,36,30,0,6,0.8333333333333334,30,0.027724850493541453,0.03996239293337567,0.09126563780009744,0.10910767200402915,10,o3_default_default,0.5316995211
ibm_heron_156,realamprandom_indep_tket_2,train,realamprandom,tket,2,8,13,36,36,36,0,0,1.0,36,0.010963838998577558,0.010897734584028108,0.01275349075513077,0.012797497009159997,12,o3_default_default,0.996061351
ibm_heron_156,realamprandom_indep_tket_3,train,realamprandom,tket,3,14,24,36,36,36,0,0,1.0,36,0.016787852000561543,5.89970508341705,41.310390233247745,46.80248137599847,12,o3_default_default,0.981147482
ibm_heron_156,realamprandom_indep_tket_30,train,realamprandom,tket,30,122,1455,36,36,30,0,6,0.8333333333333334,30,0.23432080850034254,0.3290504170989152,0.9036480911025135,0.9989217159891268,10,o3_default_default,0.0030135191
ibm_heron_156,realamprandom_indep_tket_4,train,realamprandom,tket,4,18,38,36,36,33,0,3,0.9166666666666666,33,0.015993897992302664,8.621473969060444,93.32335950440611,96.80568556800426,10,o3_default_default,0.9655141522
ibm_heron_156,realamprandom_indep_tket_40,train,realamprandom,tket,40,162,2540,36,36,30,0,6,0.8333333333333334,30,0.3835268514958443,0.710784203200698,1.7847703789040679,2.1350266189983813,10,o3_default_default,3.98993e-05
ibm_heron_156,realamprandom_indep_tket_5,train,realamprandom,tket,5,22,55,36,36,30,0,6,0.8333333333333334,30,0.016829145504743792,0.018694954667201575,0.029219191452284573,0.029628541989950463,10,o3_default_default,0.9468033262
ibm_heron_156,realamprandom_indep_tket_50,train,realamprandom,tket,50,202,3925,36,36,30,0,6,0.8333333333333334,30,0.46851412899559364,1.1477891095002026,3.228217398645211,3.8872254279995104,10,o3_default_default,8.23e-08
ibm_heron_156,realamprandom_indep_tket_6,train,realamprandom,tket,6,26,75,36,36,30,0,6,0.8333333333333334,30,0.020558580006763805,0.024593185834237374,0.04175180320016807,0.05063417399651371,10,o3_default_default,0.9110680146
ibm_heron_156,realamprandom_indep_tket_7,train,realamprandom,tket,7,30,98,36,36,30,0,6,0.8333333333333334,30,0.01936097699945094,0.02458561080081078,0.046895907803991554,0.05315182100457605,10,o2_default_default,0.8563786358
ibm_heron_156,realamprandom_indep_tket_8,train,realamprandom,tket,8,34,124,36,36,30,0,6,0.8333333333333334,30,0.020621784999093506,0.02753988826686206,0.05531057641055667,0.06875980499899015,10,o3_default_default,0.7771285456
ibm_heron_156,realamprandom_indep_tket_9,train,realamprandom,tket,9,38,153,36,36,30,0,6,0.8333333333333334,30,0.02276068300125189,0.03133570106777673,0.07794254995314984,0.0841004309913842,10,o3_default_default,0.7218178713
ibm_heron_156,su2random_indep_qiskit_2,train,su2random,qiskit,2,8,13,36,36,36,0,0,1.0,36,0.010668143506336492,0.011071228831699247,0.012888625500636408,0.015335297997808084,12,o3_default_default,0.996061351
ibm_heron_156,su2random_indep_qiskit_3,train,su2random,qiskit,3,14,24,36,36,36,0,0,1.0,36,0.01549355350289261,5.925051109665623,41.226999407244875,46.81791057898954,12,o3_default_default,0.9804975275
ibm_heron_156,su2random_indep_qiskit_30,train,su2random,qiskit,30,122,1455,36,36,30,0,6,0.8333333333333334,30,0.19308590800210368,0.32561028613417875,0.8823656553468027,0.9792495770088863,10,o3_default_default,0.0030069017
ibm_heron_156,su2random_indep_qiskit_4,train,su2random,qiskit,4,18,38,36,36,33,0,3,0.9166666666666666,33,0.01623678399482742,8.737621673788508,95.31903616259805,97.09893636699417,10,o3_default_default,0.9649563264
ibm_heron_156,su2random_indep_qiskit_40,train,su2random,qiskit,40,162,2540,36,36,30,0,6,0.8333333333333334,30,0.3309545939991949,0.6739795462674617,1.7387703055013843,2.103754152005422,10,o3_default_default,3.98657e-05
ibm_heron_156,su2random_indep_qiskit_5,train,su2random,qiskit,5,22,55,36,36,30,0,6,0.8333333333333334,30,0.01817360248969635,0.01879300566603585,0.026854612350871318,0.03041133399528917,10,o3_default_default,0.9464359481
ibm_heron_156,su2random_indep_qiskit_50,train,su2random,qiskit,50,202,3925,36,36,30,0,6,0.8333333333333334,30,0.4629273975006072,1.1324658796656877,3.354876941697148,3.769103530998109,10,o3_default_default,8.23e-08
ibm_heron_156,su2random_indep_qiskit_6,train,su2random,qiskit,6,26,75,36,36,30,0,6,0.8333333333333334,30,0.01931354599946644,0.023919061965231473,0.045716504090523774,0.05341733199020382,10,o3_default_default,0.9103603737
ibm_heron_156,su2random_indep_qiskit_7,train,su2random,qiskit,7,30,98,36,36,30,0,6,0.8333333333333334,30,0.01973784349684138,0.023670282998743155,0.048576600450178364,0.053219559995341115,10,o2_default_default,0.8566873607
ibm_heron_156,su2random_indep_qiskit_8,train,su2random,qiskit,8,34,124,36,36,30,0,6,0.8333333333333334,30,0.023101106991816778,0.027261029864894225,0.05394396419360416,0.05969651498890016,10,o2_default_default,0.7763792314
ibm_heron_156,su2random_indep_qiskit_9,train,su2random,qiskit,9,38,153,36,36,30,0,6,0.8333333333333334,30,0.02339220349676907,0.031147318734535172,0.06829473015095572,0.07313814200460911,10,o3_default_default,0.7213397596
ibm_heron_156,su2random_indep_tket_2,train,su2random,tket,2,12,21,36,36,36,0,0,1.0,36,0.01074019350198796,0.01091870210964569,0.01308263024839107,0.014353227990795858,12,o3_default_default,0.996061351
ibm_heron_156,su2random_indep_tket_3,train,su2random,tket,3,18,36,36,36,36,0,0,1.0,36,0.015580917002807837,6.216331339279147,43.76702538500467,47.73008732800372,12,o3_default_default,0.9805902743
ibm_heron_156,su2random_indep_tket_30,train,su2random,tket,30,126,1575,36,36,30,0,6,0.8333333333333334,30,0.18106300650106277,0.31986271383357234,0.8973720355475959,1.038073110001278,10,o3_default_default,0.0030080034
ibm_heron_156,su2random_indep_tket_4,train,su2random,tket,4,22,54,36,36,32,0,4,0.8888888888888888,32,0.01566643149999436,6.007689604031839,42.88036421820209,96.48476616799599,10,o3_default_default,0.9599811986
ibm_heron_156,su2random_indep_tket_40,train,su2random,tket,40,166,2700,36,36,30,0,6,0.8333333333333334,30,0.3256861879999633,0.6702057177671426,1.7862756273483682,2.0426645219995407,10,o3_default_default,3.97916e-05
ibm_heron_156,su2random_indep_tket_5,train,su2random,tket,5,26,75,36,36,30,0,6,0.8333333333333334,30,0.01819984400208341,0.020810602365236262,0.03479863744578324,0.03812173299957067,10,o3_default_default,0.9466090107
ibm_heron_156,su2random_indep_tket_50,train,su2random,tket,50,206,4125,36,36,30,0,6,0.8333333333333334,30,0.4730238859920064,1.144380420699599,3.4614441676501873,3.9373338220029837,10,o3_default_default,7.83e-08
ibm_heron_156,su2random_indep_tket_6,train,su2random,tket,6,30,99,36,36,30,0,6,0.8333333333333334,30,0.018737459504336584,0.02462270903342869,0.040682636744895716,0.08676356800424401,10,o3_default_default,0.9106454552
ibm_heron_156,su2random_indep_tket_7,train,su2random,tket,7,34,126,36,36,30,0,6,0.8333333333333334,30,0.019283818000985775,0.024424599999717127,0.048594821849110306,0.04892209199897479,10,o2_default_default,0.8562120216
ibm_heron_156,su2random_indep_tket_8,train,su2random,tket,8,38,156,36,36,30,0,6,0.8333333333333334,30,0.02035636649816297,0.02813439013164801,0.06510978965234245,0.07294867899327073,10,o3_default_default,0.7768153164
ibm_heron_156,su2random_indep_tket_9,train,su2random,tket,9,42,189,36,36,30,0,6,0.8333333333333334,30,0.023092016504961066,0.032071448001079264,0.0783413089448004,0.08521918399492279,10,o3_default_default,0.7214695064
ibm_heron_156,twolocalrandom_indep_qiskit_10,train,twolocalrandom,qiskit,10,42,185,36,36,30,0,6,0.8333333333333334,30,0.027208006002183538,0.035329891099536326,0.0858727994018409,0.0880552789894864,10,o2_default_default,0.5715713938
ibm_heron_156,twolocalrandom_indep_qiskit_11,train,twolocalrandom,qiskit,11,46,220,36,36,30,0,6,0.8333333333333334,30,0.028857422497821972,0.03934806026663864,0.09277132319548398,0.10496791600598954,10,o3_default_default,0.5316995211
ibm_heron_156,twolocalrandom_indep_qiskit_2,train,twolocalrandom,qiskit,2,8,13,36,36,36,0,0,1.0,36,0.011121345502033364,0.011080706999766536,0.014063881502806908,0.015505977993598208,12,o3_default_default,0.996061351
ibm_heron_156,twolocalrandom_indep_qiskit_3,train,twolocalrandom,qiskit,3,14,24,36,36,36,0,0,1.0,36,0.016284691490000114,5.988921890665046,41.91946209699745,46.40913661799277,12,o3_default_default,0.981147482
ibm_heron_156,twolocalrandom_indep_qiskit_30,train,twolocalrandom,qiskit,30,122,1455,36,36,30,0,6,0.8333333333333334,30,0.1744769470024039,0.2979764146657544,0.8290020589978666,1.0397765700035961,10,o3_default_default,0.0030129671
ibm_heron_156,twolocalrandom_indep_qiskit_4,train,twolocalrandom,qiskit,4,18,38,36,36,33,0,3,0.9166666666666666,33,0.01735780600574799,8.68082134503118,94.52908889159443,96.74186714799725,10,o3_default_default,0.9655141522
ibm_heron_156,twolocalrandom_indep_qiskit_40,train,twolocalrandom,qiskit,40,162,2540,36,36,30,0,6,0.8333333333333334,30,0.394714803500392,0.7287305307681284,1.872711935945699,2.1501209279958857,10,o3_default_default,3.99143e-05
ibm_heron_156,twolocalrandom_indep_qiskit_5,train,twolocalrandom,qiskit,5,22,55,36,36,30,0,6,0.8333333333333334,30,0.019623570500698406,0.0219103460360202,0.034626087508513585,0.0421325950010214,10,o3_default_default,0.9468033262
ibm_heron_156,twolocalrandom_indep_qiskit_50,train,twolocalrandom,qiskit,50,202,3925,36,36,30,0,6,0.8333333333333334,30,0.46719931950065074,1.1303061256655687,3.123338264650374,3.835613827002817,10,o3_default_default,8.23e-08
ibm_heron_156,twolocalrandom_indep_qiskit_6,train,twolocalrandom,qiskit,6,26,75,36,36,30,0,6,0.8333333333333334,30,0.020013679495605174,0.02574453413350663,0.0495848152997496,0.05650415099808015,10,o3_default_default,0.9109014498
ibm_heron_156,twolocalrandom_indep_qiskit_7,train,twolocalrandom,qiskit,7,30,98,36,36,30,0,6,0.8333333333333334,30,0.02031620500201825,0.024171004267797495,0.04744422425428638,0.05137356799968984,10,o2_default_default,0.8563786358
ibm_heron_156,twolocalrandom_indep_qiskit_8,train,twolocalrandom,qiskit,8,34,124,36,36,30,0,6,0.8333333333333334,30,0.02131582600850379,0.027747546534616654,0.061497128045448324,0.07816326900501736,10,o3_default_default,0.7772020554
ibm_heron_156,twolocalrandom_indep_qiskit_9,train,twolocalrandom,qiskit,9,38,153,36,36,30,0,6,0.8333333333333334,30,0.02496220850298414,0.032286201100214386,0.06948278295240014,0.08549927399144508,10,o3_default_default,0.7218178713
ibm_heron_156,twolocalrandom_indep_tket_10,train,twolocalrandom,tket,10,42,185,36,36,30,0,6,0.8333333333333334,30,0.026934707500913646,0.03795439346674054,0.09627452220156552,0.10873793999780901,10,o2_default_default,0.5715713938
ibm_heron_156,twolocalrandom_indep_tket_11,train,twolocalrandom,tket,11,46,220,36,36,30,0,6,0.8333333333333334,30,0.02909592050855281,0.04036346846696688,0.08981289434887002,0.11663529300130904,10,o3_default_default,0.5316995211
ibm_heron_156,twolocalrandom_indep_tket_2,train,twolocalrandom,tket,2,8,13,36,36,36,0,0,1.0,36,0.010317403502995148,0.010997985028451594,0.013817565501085483,0.015369311993708834,12,o3_default_default,0.996061351
ibm_heron_156,twolocalrandom_indep_tket_3,train,twolocalrandom,tket,3,14,24,36,36,36,0,0,1.0,36,0.016958437001449056,5.8914359938890914,41.28390956675503,45.93799636600306,12,o3_default_default,0.981147482
ibm_heron_156,twolocalrandom_indep_tket_30,train,twolocalrandom,tket,30,122,1455,36,36,30,0,6,0.8333333333333334,30,0.1745535874943016,0.3105768272987916,0.8702111535945732,1.0303910270013148,10,o3_default_default,0.0030135191
ibm_heron_156,twolocalrandom_indep_tket_4,train,twolocalrandom,tket,4,18,38,36,36,34,0,2,0.9444444444444444,34,0.016146287503943313,11.382159753088404,95.8308770735406,99.64195402800397,10,o3_default_default,0.9655141522
ibm_heron_156,twolocalrandom_indep_tket_40,train,twolocalrandom,tket,40,162,2540,36,36,30,0,6,0.8333333333333334,30,0.4290891275013564,0.7242086704345032,1.7779412050025711,2.385324867005693,10,o3_default_default,3.98993e-05
ibm_heron_156,twolocalrandom_indep_tket_5,train,twolocalrandom,tket,5,22,55,36,36,30,0,6,0.8333333333333334,30,0.01960442199197132,0.020945691799473327,0.031131599551008547,0.03609093099657912,10,o3_default_default,0.9468033262
ibm_heron_156,twolocalrandom_indep_tket_50,train,twolocalrandom,tket,50,202,3925,36,36,30,0,6,0.8333333333333334,30,0.45218348599155433,1.1867007553005047,3.4143367378004763,3.919545921002282,10,o3_default_default,8.23e-08
ibm_heron_156,twolocalrandom_indep_tket_6,train,twolocalrandom,tket,6,26,75,36,36,30,0,6,0.8333333333333334,30,0.018786094995448366,0.024805865834059658,0.05048551045547353,0.05626210100308526,10,o3_default_default,0.9110680146
ibm_heron_156,twolocalrandom_indep_tket_7,train,twolocalrandom,tket,7,30,98,36,36,30,0,6,0.8333333333333334,30,0.02004948400281137,0.023987081835124022,0.04465547394793248,0.052844557008938864,10,o2_default_default,0.8563786358
ibm_heron_156,twolocalrandom_indep_tket_8,train,twolocalrandom,tket,8,34,124,36,36,30,0,6,0.8333333333333334,30,0.021428049491078127,0.02655046546375767,0.057070478098466985,0.0585102699988056,10,o3_default_default,0.7771285456
ibm_heron_156,twolocalrandom_indep_tket_9,train,twolocalrandom,tket,9,38,153,36,36,30,0,6,0.8333333333333334,30,0.022666189004667103,0.029659937833882093,0.06780384070152648,0.0719561470032204,10,o3_default_default,0.7218178713
ibm_heron_156,vqe_indep_qiskit_10,train,vqe,qiskit,10,15,58,36,36,36,0,0,1.0,36,0.013888523499190342,0.014468412416641109,0.01906453224728466,0.019692061003297567,12,o2_default_default,0.9556264087
ibm_heron_156,vqe_indep_qiskit_11,train,vqe,qiskit,11,16,64,36,36,36,0,0,1.0,36,0.015727218495158013,0.015779159334569057,0.02166812824725639,0.023130621993914247,12,o2_default_default,0.9521155428
ibm_heron_156,vqe_indep_qiskit_12,train,vqe,qiskit,12,17,70,36,36,36,0,0,1.0,36,0.015410847496241331,0.015537788221586702,0.0216231257400068,0.02258365800662432,12,o3_default_default,0.9447904768
ibm_heron_156,vqe_indep_qiskit_13,train,vqe,qiskit,13,18,76,36,36,36,0,0,1.0,36,0.01616798049508361,0.016579347638374504,0.025077952752326382,0.026699819005443715,12,o2_default_default,0.9413145844
ibm_heron_156,vqe_indep_qiskit_14,train,vqe,qiskit,14,19,82,36,36,36,0,0,1.0,36,0.017315904500719626,0.017248331583282886,0.023907483504444826,0.027105026005301625,12,o3_default_default,0.9313870378
ibm_heron_156,vqe_indep_qiskit_15,train,vqe,qiskit,15,20,88,36,36,36,0,0,1.0,36,0.014781157500692643,0.020601760970748728,0.028458720251364866,0.1865697339962935,12,o3_default_default,0.9273627688
ibm_heron_156,vqe_indep_qiskit_16,train,vqe,qiskit,16,21,94,36,36,36,0,0,1.0,36,0.01646385249478044,0.016956435833385006,0.029527073998906417,0.03171137601020746,12,o3_default_default,0.9218659331
ibm_heron_156,vqe_indep_qiskit_3,train,vqe,qiskit,3,8,16,36,36,36,0,0,1.0,36,0.012358131003566086,0.012672526305929447,0.016975191501842346,0.01890721800737083,12,o2_default_default,0.9918108794
ibm_heron_156,vqe_indep_qiskit_4,train,vqe,qiskit,4,9,22,36,36,36,0,0,1.0,36,0.011796307000622619,0.011931202249898989,0.014348137996421428,0.014925636991392821,12,o3_default_default,0.9886864242
ibm_heron_156,vqe_indep_qiskit_5,train,vqe,qiskit,5,10,28,36,36,36,0,0,1.0,36,0.01229839749430539,0.013239976500497304,0.018850327254767762,0.020589232997735962,12,o2_default_default,0.985287635
ibm_heron_156,vqe_indep_qiskit_6,train,vqe,qiskit,6,11,34,36,36,36,0,0,1.0,36,0.014131626005109865,0.013904632889332587,0.017631763006647816,0.018690158991375938,12,o3_default_default,0.9815393289
ibm_heron_156,vqe_indep_qiskit_7,train,vqe,qiskit,7,12,40,36,36,36,0,0,1.0,36,0.015998218492313754,0.016427927999353012,0.02262459875055356,0.023730042987153865,12,o2_default_default,0.9762969633
ibm_heron_156,vqe_indep_qiskit_8,train,vqe,qiskit,8,13,46,36,36,36,0,0,1.0,36,0.013687190003111027,0.014531055306482207,0.018383009501121705,0.031947026000125334,12,o3_default_default,0.9648081589
ibm_heron_156,vqe_indep_qiskit_9,train,vqe,qiskit,9,14,52,36,36,36,0,0,1.0,36,0.013882966501114424,0.014599837250393143,0.01982012275766465,0.03604301199084148,12,o3_default_default,0.9605196919
ibm_heron_156,vqe_indep_tket_10,train,vqe,tket,10,15,58,36,36,36,0,0,1.0,36,0.014143823493213858,0.014699566304140413,0.019201038248866098,0.019850865995977074,12,o2_default_default,0.9554375708
ibm_heron_156,vqe_indep_tket_11,train,vqe,tket,11,16,64,36,36,36,0,0,1.0,36,0.013573105999967083,0.014235004195345229,0.019285267258965177,0.021374955991632305,12,o3_default_default,0.9488957317
ibm_heron_156,vqe_indep_tket_12,train,vqe,tket,12,17,70,36,36,36,0,0,1.0,36,0.01480246450228151,0.015361782889764678,0.02018650700119906,0.027231337007833645,12,o2_default_default,0.944693983
ibm_heron_156,vqe_indep_tket_13,train,vqe,tket,13,18,76,36,36,36,0,0,1.0,36,0.015929684988805093,0.016111221944205074,0.023803874744771747,0.028021928999805823,12,o2_default_default,0.9413253858
ibm_heron_156,vqe_indep_tket_14,train,vqe,tket,14,19,82,36,36,36,0,0,1.0,36,0.013768588491075207,0.01586484483211987,0.02888577124394942,0.03452260099584237,12,o3_default_default,0.9292905091
ibm_heron_156,vqe_indep_tket_15,train,vqe,tket,15,20,88,36,36,36,0,0,1.0,36,0.01590324400604004,0.017040598361846706,0.030797658506344305,0.03606458299327642,12,o3_default_default,0.9274382492
ibm_heron_156,vqe_indep_tket_16,train,vqe,tket,16,21,94,36,36,36,0,0,1.0,36,0.0142490540019935,0.016606969027634477,0.0336316957436793,0.03966220299480483,12,o3_default_default,0.9223036965
ibm_heron_156,vqe_indep_tket_3,train,vqe,tket,3,8,16,36,36,36,0,0,1.0,36,0.01216757849761052,0.012180176110430492,0.014613499748520553,0.016785841013188474,12,o3_default_default,0.9929756919
ibm_heron_156,vqe_indep_tket_4,train,vqe,tket,4,9,22,36,36,36,0,0,1.0,36,0.013173893501516432,0.013414853638904687,0.016651682246447308,0.022599694988457486,12,o2_default_default,0.9884931585
ibm_heron_156,vqe_indep_tket_5,train,vqe,tket,5,10,28,36,36,36,0,0,1.0,36,0.01291239399870392,0.013213586305937497,0.016963049507467076,0.01797715699649416,12,o2_default_default,0.985287635
ibm_heron_156,vqe_indep_tket_6,train,vqe,tket,6,11,34,36,36,36,0,0,1.0,36,0.012731796996376943,0.013430314193909807,0.019312339500174858,0.02544684500026051,12,o3_default_default,0.9811561033
ibm_heron_156,vqe_indep_tket_7,train,vqe,tket,7,12,40,36,36,36,0,0,1.0,36,0.012899230496259406,0.013253330915176775,0.015948702250170754,0.020900153002003208,12,o2_default_default,0.9760986679
ibm_heron_156,vqe_indep_tket_8,train,vqe,tket,8,13,46,36,36,36,0,0,1.0,36,0.0136068685023929,0.01484007774949229,0.021314342244295403,0.025753975001862273,12,o3_default_default,0.9647029699
ibm_heron_156,vqe_indep_tket_9,train,vqe,tket,9,14,52,36,36,36,0,0,1.0,36,0.0131862559937872,0.014175587166391779,0.01901003399689216,0.02392098899872508,12,o3_default_default,0.9598853343
ibm_heron_156,wstate_indep_qiskit_10,train,wstate,qiskit,10,21,47,36,36,36,0,0,1.0,36,0.014045678508409765,0.014040083750943368,0.017951890749827726,0.018295441986992955,12,o2_default_default,0.9576923276
ibm_heron_156,wstate_indep_qiskit_11,train,wstate,qiskit,11,23,52,36,36,36,0,0,1.0,36,0.015322672494221479,0.015302239302804487,0.019894699751603184,0.02133787499042228,12,o2_default_default,0.9552448543
ibm_heron_156,wstate_indep_qiskit_12,train,wstate,qiskit,12,25,57,36,36,36,0,0,1.0,36,0.014393763500265777,0.0148925165829294,0.02047770300123375,0.02340375400672201,12,o2_default_default,0.9472482361
ibm_heron_156,wstate_indep_qiskit_13,train,wstate,qiskit,13,27,62,36,36,36,0,0,1.0,36,0.01532237100036582,0.01575454414058994,0.025080368752242066,0.02604258900100831,12,o2_default_default,0.9441115725
ibm_heron_156,wstate_indep_qiskit_14,train,wstate,qiskit,14,29,67,36,36,36,0,0,1.0,36,0.013740978996793274,0.015204597695830872,0.024596877756266622,0.03227954400063027,12,o3_default_default,0.9356301615
ibm_heron_156,wstate_indep_qiskit_15,train,wstate,qiskit,15,31,72,36,36,36,0,0,1.0,36,0.01582644000154687,0.01701261727753768,0.029622910500620492,0.038361059996532276,12,o3_default_default,0.9297340133
ibm_heron_156,wstate_indep_qiskit_16,train,wstate,qiskit,16,33,77,36,36,36,0,0,1.0,36,0.014212205998774152,0.020856602500215458,0.03407889074514969,0.17485002300236374,12,o3_default_default,0.9227338227
ibm_heron_156,wstate_indep_qiskit_17,train,wstate,qiskit,17,35,82,36,36,36,0,0,1.0,36,0.016747911504353397,0.018554806888358952,0.03890405325364554,0.05095591400458943,12,o2_default_default,0.9122267061
ibm_heron_156,wstate_indep_qiskit_18,train,wstate,qiskit,18,37,87,36,36,36,0,0,1.0,36,0.015648902000975795,0.018544139554352215,0.045463751503120875,0.05747218101168983,12,o3_default_default,0.9086533616
ibm_heron_156,wstate_indep_qiskit_19,train,wstate,qiskit,19,39,92,36,36,36,0,0,1.0,36,0.015464895499462727,0.02011089719397003,0.053819558495888487,0.0854012459894875,12,o3_default_default,0.9017775949
ibm_heron_156,wstate_indep_qiskit_2,train,wstate,qiskit,2,5,7,36,36,36,0,0,1.0,36,0.011764119502913672,0.011444290721151952,0.01366340224922169,0.01441252400400117,12,o2_default_default,0.9971409843
ibm_heron_156,wstate_indep_qiskit_20,train,wstate,qiskit,20,41,97,36,36,36,0,0,1.0,36,0.01594564649712993,0.020906619972164562,0.06141815200680867,0.08367199299391359,12,o3_default_default,0.9002102404
ibm_heron_156,wstate_indep_qiskit_21,train,wstate,qiskit,21,43,102,36,36,36,0,0,1.0,36,0.016947488002188038,0.02312127150111741,0.08040503901065676,0.10793045800528489,12,o3_default_default,0.8974707264
ibm_heron_156,wstate_indep_qiskit_22,train,wstate,qiskit,22,45,107,36,36,36,0,0,1.0,36,0.016662972499034368,0.0236200237753413,0.09218255175073864,0.10483118800038937,12,o3_default_default,0.8811960176
ibm_heron_156,wstate_indep_qiskit_23,train,wstate,qiskit,23,47,112,36,36,36,0,0,1.0,36,0.01617636499577202,0.025528802473369677,0.11406054149847478,0.13614969000627752,12,o3_default_default,0.8778442976
ibm_heron_156,wstate_indep_qiskit_24,train,wstate,qiskit,24,49,117,36,36,36,0,0,1.0,36,0.015609284993843175,0.027599726666570252,0.12317301299844985,0.16774835898831952,12,o3_default_default,0.8696096884
ibm_heron_156,wstate_indep_qiskit_25,train,wstate,qiskit,25,51,122,36,36,36,0,0,1.0,36,0.018463341497408692,0.03004930211156736,0.13620401175649022,0.20081644000310916,12,o3_default_default,0.8649195194
ibm_heron_156,wstate_indep_qiskit_26,train,wstate,qiskit,26,53,127,36,36,36,0,0,1.0,36,0.016704403496987652,0.030710331249590835,0.17647058649527025,0.18966793800063897,12,o2_default_default,0.8560093998
ibm_heron_156,wstate_indep_qiskit_27,train,wstate,qiskit,27,55,132,36,36,36,0,0,1.0,36,0.01629975200194167,0.03721154513873949,0.2087095352508186,0.2870747319975635,12,o3_default_default,0.8523520271
ibm_heron_156,wstate_indep_qiskit_28,train,wstate,qiskit,28,57,137,36,36,36,0,0,1.0,36,0.01861418550106464,0.034391706639224945,0.19185551699774805,0.2230768659937894,12,o3_default_default,0.8549100903
ibm_heron_156,wstate_indep_qiskit_29,train,wstate,qiskit,29,59,142,36,36,36,0,0,1.0,36,0.019247283504228108,0.036928793000697624,0.20890604424494086,0.23889253599918447,12,o3_default_default,0.8448292956
ibm_heron_156,wstate_indep_qiskit_3,train,wstate,qiskit,3,7,12,36,36,36,0,0,1.0,36,0.012619878507393878,0.012567762194521492,0.014623051250964636,0.01549464900745079,12,o3_default_default,0.993143228
ibm_heron_156,wstate_indep_qiskit_30,train,wstate,qiskit,30,61,147,36,36,36,0,0,1.0,36,0.018377081498329062,0.040439756638079416,0.2492948997496569,0.31298057999811135,12,o3_default_default,0.8406041667
ibm_heron_156,wstate_indep_qiskit_4,train,wstate,qiskit,4,9,17,36,36,36,0,0,1.0,36,0.012030314501316752,0.011895297388643181,0.01485386049535009,0.01505713201186154,12,o2_default_default,0.9894628183
ibm_heron_156,wstate_indep_qiskit_40,train,wstate,qiskit,40,81,197,36,36,36,0,0,1.0,36,0.02270485900226049,0.04544634369368497,0.26881899774161866,0.3354282929940382,12,o3_default_default,0.7973444739
ibm_heron_156,wstate_indep_qiskit_5,train,wstate,qiskit,5,11,22,36,36,36,0,0,1.0,36,0.014751708004041575,0.014849815555660624,0.019474603741400642,0.02112390400725417,12,o2_default_default,0.9848010578
ibm_heron_156,wstate_indep_qiskit_50,train,wstate,qiskit,50,101,247,36,36,36,0,0,1.0,36,0.02544239000417292,0.052234495584950004,0.2904347130024689,0.4421545490040444,12,o3_default_default,0.7419643822
ibm_heron_156,wstate_indep_qiskit_6,train,wstate,qiskit,6,13,27,36,36,36,0,0,1.0,36,0.012763133505359292,0.013717397277408358,0.019111448749754345,0.019816505009657703,12,o3_default_default,0.9795769353
ibm_heron_156,wstate_indep_qiskit_60,train,wstate,qiskit,60,121,297,36,36,36,0,0,1.0,36,0.02719803000218235,0.060696755861701805,0.37789591249020305,0.4676250269985758,12,o3_default_default,0.6974886973
ibm_heron_156,wstate_indep_qiskit_7,train,wstate,qiskit,7,15,32,36,36,36,0,0,1.0,36,0.01460102049895795,0.014958689222112298,0.021045248489826918,0.02170862100319937,12,o2_default_default,0.9733698811
ibm_heron_156,wstate_indep_qiskit_70,train,wstate,qiskit,70,141,347,36,36,36,0,0,1.0,36,0.036395660499692895,0.06884855247254665,0.3685489570052596,0.46304961798887234,12,o2_default_default,0.6379506633
ibm_heron_156,wstate_indep_qiskit_8,train,wstate,qiskit,8,17,37,36,36,36,0,0,1.0,36,0.015753396997752134,0.01583281527685661,0.020335175751824863,0.02265726499899756,12,o2_default_default,0.9694996585
ibm_heron_156,wstate_indep_qiskit_80,train,wstate,qiskit,80,161,397,36,36,36,0,0,1.0,36,0.04160729449358769,0.07201011499839499,0.35901866849599173,0.4227172559913015,12,o2_default_default,0.595945717
ibm_heron_156,wstate_indep_qiskit_9,train,wstate,qiskit,9,19,42,36,36,36,0,0,1.0,36,0.0158516205046908,0.021803527499287156,0.023039790503389668,0.20883349901123438,12,o3_default_default,0.9610007179
ibm_heron_156,wstate_indep_qiskit_90,train,wstate,qiskit,90,181,447,36,36,36,0,0,1.0,36,0.04186569149896968,0.07786580819528252,0.39672318450175226,0.42946233600378036,12,o3_default_default,0.5563777924
ibm_heron_156,wstate_indep_tket_10,train,wstate,tket,10,21,47,36,36,36,0,0,1.0,36,0.01792927549831802,0.01803069388754213,0.02374468999914825,0.03130632599641103,12,o2_default_default,0.957599242
ibm_heron_156,wstate_indep_tket_11,train,wstate,tket,11,23,52,36,36,36,0,0,1.0,36,0.01698945449606981,0.017361466415928187,0.02343586650022189,0.024654755005030893,12,o2_default_default,0.9552448543
ibm_heron_156,wstate_indep_tket_12,train,wstate,tket,12,25,57,36,36,36,0,0,1.0,36,0.018152379008824937,0.018576333388207585,0.028325956998742186,0.03185746900271624,12,o2_default_default,0.9475169475
ibm_heron_156,wstate_indep_tket_13,train,wstate,tket,13,27,62,36,36,36,0,0,1.0,36,0.01821621449198574,0.018289640166686796,0.026829641999938758,0.027007623997633345,12,o2_default_default,0.9443793941
ibm_heron_156,wstate_indep_tket_14,train,wstate,tket,14,29,67,36,36,36,0,0,1.0,36,0.01765997950133169,0.018480047222611675,0.025213281507603824,0.028459516004659235,12,o3_default_default,0.9358000523
ibm_heron_156,wstate_indep_tket_15,train,wstate,tket,15,31,72,36,36,36,0,0,1.0,36,0.018346909004321788,0.02177665849861417,0.0320471502491273,0.03507351600273978,12,o3_default_default,0.9299977563
ibm_heron_156,wstate_indep_tket_16,train,wstate,tket,16,33,77,36,36,36,0,0,1.0,36,0.019539059001544956,0.02060516366853133,0.03329420149384532,0.04373745100747328,12,o3_default_default,0.92299558
ibm_heron_156,wstate_indep_tket_17,train,wstate,tket,17,35,82,36,36,36,0,0,1.0,36,0.018311888998141512,0.021335394639107916,0.046388004753680434,0.05556001700460911,12,o3_default_default,0.9137334883
ibm_heron_156,wstate_indep_tket_18,train,wstate,tket,18,37,87,36,36,36,0,0,1.0,36,0.020500643993727863,0.023076814472410154,0.04790227375269751,0.05454633499903139,12,o3_default_default,0.9086533616
ibm_heron_156,wstate_indep_tket_19,train,wstate,tket,19,39,92,36,36,36,0,0,1.0,36,0.020102640497498214,0.02506460044363242,0.06526693075284129,0.07578293699771166,12,o3_default_default,0.9016969391
ibm_heron_156,wstate_indep_tket_2,train,wstate,tket,2,5,7,36,36,36,0,0,1.0,36,0.012291350001760293,0.013123210166264066,0.01724248549726326,0.020160033003776334,12,o2_default_default,0.9971409843
ibm_heron_156,wstate_indep_tket_20,train,wstate,tket,20,41,97,36,36,36,0,0,1.0,36,0.02143910250015324,0.025792727139762266,0.0748646652464231,0.07804695300001185,12,o3_default_default,0.9002926381
ibm_heron_156,wstate_indep_tket_21,train,wstate,tket,21,43,102,36,36,36,0,0,1.0,36,0.01938490100292256,0.02408614989003076,0.07363019925105618,0.07980864100682084,12,o3_default_default,0.8975605848
ibm_heron_156,wstate_indep_tket_22,train,wstate,tket,22,45,107,36,36,36,0,0,1.0,36,0.019171663996530697,0.02807237147296999,0.10604010524912155,0.1364223709970247,12,o3_default_default,0.881666426
ibm_heron_156,wstate_indep_tket_23,train,wstate,tket,23,47,112,36,36,36,0,0,1.0,36,0.020071487000677735,0.029675373138565594,0.11118197149698972,0.14466588200593833,12,o3_default_default,0.8777671648
ibm_heron_156,wstate_indep_tket_24,train,wstate,tket,24,49,117,36,36,36,0,0,1.0,36,0.020863670004473533,0.030179299082697578,0.1228201909980271,0.1319316279987106,12,o3_default_default,0.8695332791
ibm_heron_156,wstate_indep_tket_25,train,wstate,tket,25,51,122,36,36,36,0,0,1.0,36,0.021054481505416334,0.033642813332941536,0.15776623749479768,0.1823281780089019,12,o3_default_default,0.8651396862
ibm_heron_156,wstate_indep_tket_26,train,wstate,tket,26,53,127,36,36,36,0,0,1.0,36,0.024221653504355345,0.03974780713906512,0.1999065409945615,0.23192889099300373,12,o2_default_default,0.8560892442
ibm_heron_156,wstate_indep_tket_27,train,wstate,tket,27,55,132,36,36,36,0,0,1.0,36,0.02089626149245305,0.04091297091630016,0.22920045150385704,0.2946099749970017,12,o3_default_default,0.8522771342
ibm_heron_156,wstate_indep_tket_28,train,wstate,tket,28,57,137,36,36,36,0,0,1.0,36,0.0219155920058256,0.04043159964041681,0.22386960099538555,0.24721480799780693,12,o3_default_default,0.8551467206
ibm_heron_156,wstate_indep_tket_29,train,wstate,tket,29,59,142,36,36,36,0,0,1.0,36,0.02272728400566848,0.041603337276481196,0.22673996924277162,0.2658833309978945,12,o3_default_default,0.8449215225
ibm_heron_156,wstate_indep_tket_3,train,wstate,tket,3,7,12,36,36,36,0,0,1.0,36,0.014186772001266945,0.014544168194536015,0.01925931900041178,0.022141759996884502,12,o3_default_default,0.993143228
ibm_heron_156,wstate_indep_tket_30,train,wstate,tket,30,61,147,36,36,36,0,0,1.0,36,0.022907900500285905,0.045160369359412776,0.2516929927514866,0.316356042996631,12,o3_default_default,0.8405260842
ibm_heron_156,wstate_indep_tket_4,train,wstate,tket,4,9,17,36,36,36,0,0,1.0,36,0.014389041498361621,0.014800992223172216,0.01897325575191644,0.02006308300769888,12,o2_default_default,0.9893703384
ibm_heron_156,wstate_indep_tket_40,train,wstate,tket,40,81,197,36,36,36,0,0,1.0,36,0.026804436500242446,0.05065550549827296,0.29967539725475945,0.3295363159995759,12,o3_default_default,0.7973413967
ibm_heron_156,wstate_indep_tket_5,train,wstate,tket,5,11,22,36,36,36,0,0,1.0,36,0.01496925849642139,0.015285209556168411,0.01967743025670643,0.01991226499376353,12,o2_default_default,0.9847085562
ibm_heron_156,wstate_indep_tket_50,train,wstate,tket,50,101,247,36,36,36,0,0,1.0,36,0.03596266000386095,0.060863615665665644,0.3277229517552769,0.3794580190005945,12,o3_default_default,0.7418975081
ibm_heron_156,wstate_indep_tket_6,train,wstate,tket,6,13,27,36,36,36,0,0,1.0,36,0.014304591502877884,0.015208378472177882,0.022003612248227,0.023669920992688276,12,o3_default_default,0.9796693964
ibm_heron_156,wstate_indep_tket_60,train,wstate,tket,60,121,297,36,36,36,0,0,1.0,36,0.032176503496884834,0.06151512822099095,0.3401357337497757,0.4016071099904366,12,o3_default_default,0.6974865279
ibm_heron_156,wstate_indep_tket_7,train,wstate,tket,7,15,32,36,36,36,0,0,1.0,36,0.015633940005500335,0.015953037222465757,0.0211251279906719,0.022898569994140416,12,o2_default_default,0.9733698811
ibm_heron_156,wstate_indep_tket_70,train,wstate,tket,70,141,347,36,36,36,0,0,1.0,36,0.03970829149329802,0.07014556483368829,0.3955390714982059,0.42865819799772,12,o2_default_default,0.6380772331
ibm_heron_156,wstate_indep_tket_8,train,wstate,tket,8,17,37,36,36,36,0,0,1.0,36,0.014975832993513905,0.01640947794375178,0.02321827574633062,0.023881041997810826,12,o2_default_default,0.969594202
ibm_heron_156,wstate_indep_tket_80,train,wstate,tket,80,161,397,36,36,36,0,0,1.0,36,0.04358679249708075,0.07270035947011719,0.3559827007484273,0.49807399199926294,12,o2_default_default,0.5957773334
ibm_heron_156,wstate_indep_tket_9,train,wstate,tket,9,19,42,36,36,36,0,0,1.0,36,0.01497451750037726,0.01572100580475914,0.020859550993918674,0.024398952999035828,12,o3_default_default,0.9610007179
ibm_heron_156,wstate_indep_tket_90,train,wstate,tket,90,181,447,36,36,36,0,0,1.0,36,0.044341697001073044,0.0760525359708279,0.4009278650082706,0.43765733498730697,12,o3_default_default,0.555951832
ibm_heron_156,pricingcall_indep_qiskit_11,validation,pricingcall,qiskit,11,127,166,36,36,30,0,6,0.8333333333333334,30,0.042950630508130416,0.0959134803682294,0.2616720384554355,0.26757149200420827,10,o3_default_default,0.5886469271
ibm_heron_156,pricingcall_indep_qiskit_5,validation,pricingcall,qiskit,5,36,47,36,36,30,0,6,0.8333333333333334,30,0.01991581300535472,0.03139043786747304,0.06194773330280438,0.1879511370061664,10,o3_dense_sabre,0.9496010255
ibm_heron_156,pricingcall_indep_qiskit_7,validation,pricingcall,qiskit,7,56,78,36,36,30,0,6,0.8333333333333334,30,0.028062458004569635,0.04044539053284098,0.10153459044304325,0.11637042299844325,10,o2_dense_sabre,0.8500230977
ibm_heron_156,pricingcall_indep_qiskit_9,validation,pricingcall,qiskit,9,83,111,36,36,30,0,6,0.8333333333333334,30,0.03942157900019083,0.05645684333285317,0.14496295870048923,0.16388525199727155,10,o3_default_default,0.7337235237
ibm_heron_156,pricingcall_indep_tket_5,validation,pricingcall,tket,5,41,59,36,36,30,0,6,0.8333333333333334,30,0.022276941999734845,0.027882405434987354,0.05276521850246354,0.060258565004915,10,o2_dense_sabre,0.9495155395
ibm_heron_156,pricingcall_indep_tket_7,validation,pricingcall,tket,7,63,92,36,36,30,0,6,0.8333333333333334,30,0.025968791494960897,0.04052338853362016,0.1041078090434894,0.12208334500610363,10,o2_dense_sabre,0.8496992648
ibm_heron_156,pricingcall_indep_tket_9,validation,pricingcall,tket,9,92,129,36,36,30,0,6,0.8333333333333334,30,0.03100970949890325,0.04944349569947614,0.13169637254977715,0.16654594299325254,10,o3_default_default,0.7337959763
ibm_heron_156,pricingput_indep_qiskit_11,validation,pricingput,qiskit,11,128,172,36,36,30,0,6,0.8333333333333334,30,0.041030707499885466,0.06640978173333376,0.18984751439638783,0.20218270999612287,10,o3_default_default,0.631466947
ibm_heron_156,pricingput_indep_qiskit_5,validation,pricingput,qiskit,5,36,47,36,36,30,0,6,0.8333333333333334,30,0.02014472400333034,0.026685881534649524,0.05588203015140607,0.06624162101070397,10,o3_dense_sabre,0.9468518638
ibm_heron_156,pricingput_indep_qiskit_7,validation,pricingput,qiskit,7,55,80,36,36,30,0,6,0.8333333333333334,30,0.027415215503424406,0.04687637793297957,0.1082925887967576,0.27806269100983627,10,o3_default_default,0.870150713
ibm_heron_156,pricingput_indep_qiskit_9,validation,pricingput,qiskit,9,84,121,36,36,30,0,6,0.8333333333333334,30,0.03442639599961694,0.06048472329954772,0.1583429233032802,0.3329943520075176,10,o3_default_default,0.7762528542
ibm_heron_156,pricingput_indep_tket_5,validation,pricingput,tket,5,41,59,36,36,30,0,6,0.8333333333333334,30,0.024637881993839983,0.030178410166505878,0.059536684206977955,0.0686134979914641,10,o2_dense_sabre,0.9466772696
ibm_heron_156,pricingput_indep_tket_7,validation,pricingput,tket,7,62,102,36,36,30,0,6,0.8333333333333334,30,0.027724245497665834,0.0419512215667055,0.10705761994831844,0.12165055199875496,10,o3_default_default,0.8700811249
ibm_heron_156,pricingput_indep_tket_9,validation,pricingput,tket,9,93,159,36,36,30,0,6,0.8333333333333334,30,0.03566714749467792,0.054165162166464144,0.14170807319969753,0.154979540995555,10,o3_default_default,0.776182807
ibm_heron_156,qft_indep_qiskit_10,validation,qft,qiskit,10,21,70,36,36,30,0,6,0.8333333333333334,30,0.02795986799901584,0.031025000966716714,0.05139864524753647,0.05397895799251273,10,o3_default_default,0.8294313462
ibm_heron_156,qft_indep_qiskit_11,validation,qft,qiskit,11,23,82,36,36,30,0,6,0.8333333333333334,30,0.03095665599539643,0.034341904699006894,0.058798799948999655,0.05996785400202498,10,o3_default_default,0.7888639649
ibm_heron_156,qft_indep_qiskit_12,validation,qft,qiskit,12,25,96,36,36,30,0,6,0.8333333333333334,30,0.03132474949961761,0.03882669600037237,0.0661045596549229,0.06933740599197336,10,o3_default_default,0.7249755794
ibm_heron_156,qft_indep_qiskit_13,validation,qft,qiskit,13,27,110,36,36,30,0,6,0.8333333333333334,30,0.03849888250260847,0.04257514586643083,0.07091158199400523,0.09179796100943349,10,o3_default_default,0.7103141664
ibm_heron_156,qft_indep_qiskit_14,validation,qft,qiskit,14,29,126,36,36,30,0,6,0.8333333333333334,30,0.044225719502719585,0.04834457563313966,0.08664525249623692,0.09847847100172658,10,o2_default_default,0.601774669
ibm_heron_156,qft_indep_qiskit_15,validation,qft,qiskit,15,31,142,36,36,30,0,6,0.8333333333333334,30,0.04784456050401786,0.053083474033337553,0.09605255665373985,0.108270676995744,10,o2_default_default,0.5628767025
ibm_heron_156,qft_indep_qiskit_16,validation,qft,qiskit,16,33,160,36,36,30,0,6,0.8333333333333334,30,0.04572498750349041,0.06424224600050366,0.15234823714927187,0.22034548099327367,10,o3_default_default,0.526028616
ibm_heron_156,qft_indep_qiskit_17,validation,qft,qiskit,17,35,178,36,36,30,0,6,0.8333333333333334,30,0.04958333899412537,0.06090046660053001,0.11679724819477996,0.12757503900502343,10,o2_default_default,0.4446038721
ibm_heron_156,qft_indep_qiskit_2,validation,qft,qiskit,2,5,6,36,36,36,0,0,1.0,36,0.011743007496988866,0.012070202777572881,0.01441751375386957,0.01590961699548643,12,o3_default_default,0.9972403977
ibm_heron_156,qft_indep_qiskit_3,validation,qft,qiskit,3,7,10,36,36,36,0,0,1.0,36,0.015827546500077005,0.6986360973334942,4.17641391050347,4.465232767004636,12,o2_default_default,0.9906188445
ibm_heron_156,qft_indep_qiskit_30,validation,qft,qiskit,30,61,510,36,36,30,0,6,0.8333333333333334,30,0.12428184849704849,0.17038719306729036,0.47957668679810006,0.49502842999936547,10,o2_default_default,0.0892707444
ibm_heron_156,qft_indep_qiskit_4,validation,qft,qiskit,4,9,16,36,36,36,0,0,1.0,36,0.018325855002331082,2.7423803533056343,15.120238226249057,29.257481078006094,12,o3_default_default,0.9815236327
ibm_heron_156,qft_indep_qiskit_40,validation,qft,qiskit,40,81,880,36,36,30,0,6,0.8333333333333334,30,0.16998145850084256,0.2611794239332085,0.8695982364930379,1.086420673003886,10,o2_default_default,0.0109654114
ibm_heron_156,qft_indep_qiskit_5,validation,qft,qiskit,5,11,22,36,36,36,0,0,1.0,36,0.019321701503940858,2.8175022599724695,14.314282476247172,31.641756746001192,12,o3_default_default,0.9749665404
ibm_heron_156,qft_indep_qiskit_50,validation,qft,qiskit,50,101,1350,36,36,30,0,6,0.8333333333333334,30,0.19298120050370926,0.3565248636994511,1.3466023382985428,1.5350808009970933,10,o3_default_default,0.0019328618
ibm_heron_156,qft_indep_qiskit_6,validation,qft,qiskit,6,13,30,36,36,35,0,1,0.9722222222222222,35,0.019388548011193052,6.165552523115184,41.13190719721014,74.71566578399506,11,o3_default_default,0.9505696195
ibm_heron_156,qft_indep_qiskit_60,validation,qft,qiskit,60,121,1920,36,36,30,0,6,0.8333333333333334,30,0.19583623300422914,0.440367339332685,1.474410926696873,2.6202244290034287,10,o3_default_default,0.0002103344
ibm_heron_156,qft_indep_qiskit_7,validation,qft,qiskit,7,15,38,36,36,35,0,1,0.9722222222222222,35,0.02354463499796111,6.939314943170341,48.20179665899629,65.76620726300462,11,o3_default_default,0.919578364
ibm_heron_156,qft_indep_qiskit_70,validation,qft,qiskit,70,141,2590,36,36,30,0,6,0.8333333333333334,30,0.2242153995030094,0.5088989954664915,1.963122351897617,2.5442562980024377,10,o3_default_default,1.31145e-05
ibm_heron_156,qft_indep_qiskit_8,validation,qft,qiskit,8,17,48,36,36,34,0,2,0.9444444444444444,34,0.020278256000892725,7.925930444381426,68.77707425889749,71.68480874500528,10,o3_default_default,0.9065550398
ibm_heron_156,qft_indep_qiskit_9,validation,qft,qiskit,9,19,58,36,36,30,0,6,0.8333333333333334,30,0.021825577998242807,0.024270950466840684,0.04043284125364152,0.04343802000221331,10,o3_default_default,0.8395048576
ibm_heron_156,qft_indep_tket_10,validation,qft,tket,10,21,70,36,36,30,0,6,0.8333333333333334,30,0.02079893649352016,0.023770988232960612,0.045672251494397624,0.04831067399936728,10,o3_default_default,0.8292713323
ibm_heron_156,qft_indep_tket_11,validation,qft,tket,11,23,82,36,36,30,0,6,0.8333333333333334,30,0.024828630492265802,0.02928725173260318,0.058680444701894874,0.06114360700303223,10,o3_default_default,0.7888639649
ibm_heron_156,qft_indep_tket_12,validation,qft,tket,12,25,96,36,36,30,0,6,0.8333333333333334,30,0.023257708999153692,0.030382007600079912,0.05914063884483767,0.06446963100461289,10,o3_default_default,0.7249087949
ibm_heron_156,qft_indep_tket_13,validation,qft,tket,13,27,110,36,36,30,0,6,0.8333333333333334,30,0.025051042997802142,0.034330311833279364,0.06911707764520542,0.10908285299956333,10,o3_default_default,0.7104443222
ibm_heron_156,qft_indep_tket_14,validation,qft,tket,14,29,126,36,36,30,0,6,0.8333333333333334,30,0.032189467005082406,0.03805051070085028,0.0748907867935486,0.07764746600878425,10,o2_default_default,0.6017737235
ibm_heron_156,qft_indep_tket_2,validation,qft,tket,2,5,6,36,36,36,0,0,1.0,36,0.012524594501883257,0.012952521195580225,0.01607185600005323,0.018551779998233542,12,o3_default_default,0.9972403977
ibm_heron_156,qft_indep_tket_3,validation,qft,tket,3,7,10,36,36,36,0,0,1.0,36,0.016181610502826516,0.6663906065841729,3.963123523753893,4.194976177008357,12,o2_default_default,0.9906188445
ibm_heron_156,qft_indep_tket_30,validation,qft,tket,30,61,510,36,36,30,0,6,0.8333333333333334,30,0.08473759549087845,0.1285673744326535,0.38321150165575085,0.4277932090044487,10,o2_default_default,0.0893045751
ibm_heron_156,qft_indep_tket_4,validation,qft,tket,4,9,16,36,36,36,0,0,1.0,36,0.017678178497590125,2.7026616466654456,14.70556547324668,28.233557620013016,12,o3_default_default,0.9815236327
ibm_heron_156,qft_indep_tket_40,validation,qft,tket,40,81,880,36,36,30,0,6,0.8333333333333334,30,0.1300158619924332,0.22867674823113096,0.7824260410481654,0.9892905489978148,10,o2_default_default,0.0109806248
ibm_heron_156,qft_indep_tket_5,validation,qft,tket,5,11,22,36,36,36,0,0,1.0,36,0.01898564550356241,2.7335695273064227,13.868740753507154,30.50140829400334,12,o3_default_default,0.9749665404
ibm_heron_156,qft_indep_tket_50,validation,qft,tket,50,101,1350,36,36,30,0,6,0.8333333333333334,30,0.18509392599662533,0.33508010399964405,1.3502711926994373,1.5443526199960615,10,o3_default_default,0.0019319532
ibm_heron_156,qft_indep_tket_6,validation,qft,tket,6,13,30,36,36,35,0,1,0.9722222222222222,35,0.020178393009700812,6.206229949600362,40.49794114329842,75.11045451600512,11,o3_default_default,0.950657849
ibm_heron_156,qft_indep_tket_60,validation,qft,tket,60,121,1920,36,36,30,0,6,0.8333333333333334,30,0.1973344250000082,0.4188296027670731,1.5946868018552771,2.378359501992236,10,o3_default_default,0.000210314
ibm_heron_156,qft_indep_tket_7,validation,qft,tket,7,15,38,36,36,35,0,1,0.9722222222222222,35,0.02196214601281099,6.9426807973987055,47.25574457569598,66.7400750599918,11,o3_default_default,0.919578364
ibm_heron_156,qft_indep_tket_8,validation,qft,tket,8,17,48,36,36,34,0,2,0.9444444444444444,34,0.019361234997631982,8.043617865676746,70.1843004556038,73.26361072801228,10,o3_default_default,0.9065550398
ibm_heron_156,qft_indep_tket_9,validation,qft,tket,9,19,58,36,36,30,0,6,0.8333333333333334,30,0.020201327999529894,0.022713683800247964,0.03901835170036064,0.04207725801097695,10,o3_default_default,0.8395030974
ibm_heron_156,qftentangled_indep_qiskit_10,validation,qftentangled,qiskit,10,23,80,36,36,30,0,6,0.8333333333333334,30,0.02227691100415541,0.025954442533353963,0.047406687552575016,0.053624920998117886,10,o2_default_default,0.7843672265
ibm_heron_156,qftentangled_indep_qiskit_11,validation,qftentangled,qiskit,11,25,93,36,36,30,0,6,0.8333333333333334,30,0.024358547998417635,0.030127134732416985,0.05974588173994559,0.08754678499826696,10,o3_default_default,0.7516170199
ibm_heron_156,qftentangled_indep_qiskit_12,validation,qftentangled,qiskit,12,27,108,36,36,30,0,6,0.8333333333333334,30,0.027049939497373998,0.031359141132755515,0.060671378549886856,0.06993149800109677,10,o3_default_default,0.7027967934
ibm_heron_156,qftentangled_indep_qiskit_13,validation,qftentangled,qiskit,13,29,123,36,36,30,0,6,0.8333333333333334,30,0.0255462524946779,0.03372663649982618,0.07053914675489066,0.1024689930054592,10,o3_default_default,0.6353909154
ibm_heron_156,qftentangled_indep_qiskit_14,validation,qftentangled,qiskit,14,31,140,36,36,30,0,6,0.8333333333333334,30,0.028081729004043154,0.03581842386871965,0.07810877075171441,0.11415881999710109,10,o2_default_default,0.605137351
ibm_heron_156,qftentangled_indep_qiskit_15,validation,qftentangled,qiskit,15,33,157,36,36,30,0,6,0.8333333333333334,30,0.02921687649359228,0.03859516729959675,0.07998259495434468,0.09838251900509931,10,o3_default_default,0.5349462398
ibm_heron_156,qftentangled_indep_qiskit_16,validation,qftentangled,qiskit,16,35,176,36,36,30,0,6,0.8333333333333334,30,0.032770901489129756,0.04221353136526886,0.0928455698507605,0.12592384099843912,10,o3_default_default,0.4998017633
ibm_heron_156,qftentangled_indep_qiskit_2,validation,qftentangled,qiskit,2,7,8,36,36,36,0,0,1.0,36,0.01273108249733923,0.013018175945439402,0.016309163751429878,0.017566494003403932,12,o3_default_default,0.9971409843
ibm_heron_156,qftentangled_indep_qiskit_3,validation,qftentangled,qiskit,3,9,13,36,36,36,0,0,1.0,36,0.015583335996780079,0.956768400137662,5.677115767739451,5.923902538997936,12,o2_dense_sabre,0.988952884
ibm_heron_156,qftentangled_indep_qiskit_30,validation,qftentangled,qiskit,30,63,540,36,36,30,0,6,0.8333333333333334,30,0.08561616000224603,0.12736540946740812,0.28728027119577737,0.3372842190001393,10,o3_default_default,0.0687952672
ibm_heron_156,qftentangled_indep_qiskit_4,validation,qftentangled,qiskit,4,11,20,36,36,36,0,0,1.0,36,0.018552651497884654,3.7294206082487005,26.872850467487297,30.846809829992708,12,o3_default_default,0.9796723478
ibm_heron_156,qftentangled_indep_qiskit_40,validation,qftentangled,qiskit,40,83,920,36,36,30,0,6,0.8333333333333334,30,0.12172963500051992,0.2297695501993682,0.8906046391522975,1.0117581369995605,10,o2_default_default,0.0078803124
ibm_heron_156,qftentangled_indep_qiskit_5,validation,qftentangled,qiskit,5,13,27,36,36,36,0,0,1.0,36,0.021222453491645865,5.012459170082163,31.413670024991006,35.92402881599264,12,o3_default_default,0.9574240794
ibm_heron_156,qftentangled_indep_qiskit_50,validation,qftentangled,qiskit,50,103,1400,36,36,30,0,6,0.8333333333333334,30,0.16692208300082712,0.31673432530127077,1.1473732133003063,1.2980700859916396,10,o3_default_default,0.0009948534
ibm_heron_156,qftentangled_indep_qiskit_6,validation,qftentangled,qiskit,6,15,36,36,36,36,0,0,1.0,36,0.020693059501354583,9.639928787305609,58.415003977239394,83.59533355000895,12,o2_default_default,0.9440779972
ibm_heron_156,qftentangled_indep_qiskit_60,validation,qftentangled,qiskit,60,123,1980,36,36,30,0,6,0.8333333333333334,30,0.23125758050446166,0.4083341969002504,1.5254641555002304,1.6491820340015693,10,o3_default_default,0.0001631135
ibm_heron_156,qftentangled_indep_qiskit_7,validation,qftentangled,qiskit,7,17,45,36,36,31,0,5,0.8611111111111112,31,0.0224848869984271,2.161324201064417,0.033855499495984986,66.33110593899619,10,o2_default_default,0.8963895442
ibm_heron_156,qftentangled_indep_qiskit_70,validation,qftentangled,qiskit,70,143,2660,36,36,30,0,6,0.8333333333333334,30,0.3131449250067817,0.5834902374340648,2.390695774189952,2.573314813998877,10,o3_default_default,1.88299e-05
ibm_heron_156,qftentangled_indep_qiskit_8,validation,qftentangled,qiskit,8,19,56,36,36,30,0,6,0.8333333333333334,30,0.02140582850552164,0.025811115468483574,0.04788066170076488,0.05983437900431454,10,o2_dense_sabre,0.8832064335
ibm_heron_156,qftentangled_indep_qiskit_9,validation,qftentangled,qiskit,9,21,67,36,36,30,0,6,0.8333333333333334,30,0.023342239001067355,0.027289818731757502,0.05274588404645325,0.07462441100506112,10,o3_default_default,0.8270465304
ibm_heron_156,qftentangled_indep_tket_10,validation,qftentangled,tket,10,23,80,36,36,30,0,6,0.8333333333333334,30,0.026393191001261584,0.02884010116637607,0.04937466915071123,0.06408777899923734,10,o2_default_default,0.7836375805
ibm_heron_156,qftentangled_indep_tket_11,validation,qftentangled,tket,11,25,93,36,36,30,0,6,0.8333333333333334,30,0.028209609998157248,0.03407880069911092,0.07185654394706943,0.08651999599533156,10,o3_default_default,0.7513280836
ibm_heron_156,qftentangled_indep_tket_12,validation,qftentangled,tket,12,27,108,36,36,30,0,6,0.8333333333333334,30,0.03109512149967486,0.035579546134492074,0.06751160215208074,0.06824454799061641,10,o3_default_default,0.702603608
ibm_heron_156,qftentangled_indep_tket_13,validation,qftentangled,tket,13,29,123,36,36,30,0,6,0.8333333333333334,30,0.031050512501678895,0.041280467564744565,0.10671887070129732,0.1281108370021684,10,o3_default_default,0.6353845625
ibm_heron_156,qftentangled_indep_tket_14,validation,qftentangled,tket,14,31,140,36,36,30,0,6,0.8333333333333334,30,0.043461982495500706,0.04760467250016518,0.0972599098975479,0.10230803600279614,10,o2_default_default,0.6048021412
ibm_heron_156,qftentangled_indep_tket_2,validation,qftentangled,tket,2,7,8,36,36,36,0,0,1.0,36,0.014604789503209759,0.014481307778219666,0.01867905924518709,0.02037209201080259,12,o3_default_default,0.9971409843
ibm_heron_156,qftentangled_indep_tket_3,validation,qftentangled,tket,3,9,13,36,36,36,0,0,1.0,36,0.017642337501456495,1.0175452827792872,6.180821981499321,6.318040133002796,12,o2_dense_sabre,0.988952884
ibm_heron_156,qftentangled_indep_tket_30,validation,qftentangled,tket,30,63,540,36,36,30,0,6,0.8333333333333334,30,0.09417496300011408,0.14124117630029406,0.37422972694621415,0.38557574900914915,10,o3_default_default,0.0687948383
ibm_heron_156,qftentangled_indep_tket_4,validation,qftentangled,tket,4,11,20,36,36,36,0,0,1.0,36,0.01768389600329101,3.6975992613050845,26.47773297499225,30.63789632699627,12,o3_default_default,0.9796723478
ibm_heron_156,qftentangled_indep_tket_40,validation,qftentangled,tket,40,83,920,36,36,30,0,6,0.8333333333333334,30,0.11992915550217731,0.24264155513519653,1.035848910707136,1.1875218839995796,10,o2_default_default,0.00788181
ibm_heron_156,qftentangled_indep_tket_5,validation,qftentangled,tket,5,13,27,36,36,36,0,0,1.0,36,0.018697302002692595,5.0592604137232735,32.27156316249602,36.62546891000238,12,o3_default_default,0.9575129452
ibm_heron_156,qftentangled_indep_tket_50,validation,qftentangled,tket,50,103,1400,36,36,30,0,6,0.8333333333333334,30,0.16904097549559083,0.2993687602996943,1.0729849355462648,1.1587175790045876,10,o3_default_default,0.0009927968
ibm_heron_156,qftentangled_indep_tket_6,validation,qftentangled,tket,6,15,36,36,36,36,0,0,1.0,36,0.02013453349354677,9.5339362014157,58.131097310997575,82.92769923798915,12,o2_default_default,0.9440779972
ibm_heron_156,qftentangled_indep_tket_7,validation,qftentangled,tket,7,17,45,36,36,31,0,5,0.8611111111111112,31,0.01938045400311239,2.200496711772904,0.033105566501035355,67.59955015098967,10,o2_default_default,0.8963088485
ibm_heron_156,qftentangled_indep_tket_8,validation,qftentangled,tket,8,19,56,36,36,30,0,6,0.8333333333333334,30,0.0191269499991904,0.021447168667509686,0.03613991120437275,0.0391277160088066,10,o2_dense_sabre,0.8824737028
ibm_heron_156,qftentangled_indep_tket_9,validation,qftentangled,tket,9,21,67,36,36,30,0,6,0.8333333333333334,30,0.021032167998782825,0.023560639433950807,0.03840842954596155,0.05146038100065198,10,o3_default_default,0.8270465304
