#{"t_start": 1786265649.8618097, "env_id": "None"}
r,l,t
0.965922,3,10.61289
0.895681,3,15.243551
0.981118,3,17.697846
0.972291,3,17.780819
0.99491,3,19.655676
0.987916,3,25.475097
0.932445,3,29.127106
0.987768,3,31.328986
0.945179,3,31.40687
0.99491,3,33.299845
0.909499,3,45.840214
0.99491,3,47.705753
0.987768,3,50.27343
0.982739,3,52.38496
0.751279,3,59.295171
0.848314,3,72.581505
0.974221,3,76.957499
0.87246,3,81.897231
0.939046,3,87.744963
0.895681,3,92.277792
0.886206,3,92.398525
0.915932,3,92.506075
0.979353,3,96.638462
0.977884,3,105.077592
0.96317,3,107.236985
0.972614,3,111.473541
0.93328,3,111.573972
0.961118,4,111.668092
0.93792,3,118.232591
0.995059,3,120.073651
0.99491,3,121.831405
0.961727,3,127.181692
0.924552,3,127.263026
0.967808,3,129.586409
0.920347,3,133.059397
0.924746,3,133.162529
0.959935,3,133.241317
0.982739,3,135.220797
0.907612,3,135.32532
0.976124,3,137.529332
0.949534,3,140.173139
0.915932,3,140.258555
0.940598,3,149.278587
0.99832,4,151.176842
0.939611,3,157.760134
0.913056,3,166.178011
0.863497,3,170.296855
0.975831,3,204.489401
0.880191,3,204.604679
0.996404,3,206.341203
0.947257,3,211.026342
0.957118,3,215.109349
0.996404,3,216.953384
0.986138,3,218.933901
0.991183,3,223.040409
0.988509,3,227.489629
0.955396,3,234.39888
0.95039,3,240.806048
0.929929,3,243.842757
0.9894,3,246.975108
0.979353,3,249.227762
0.945264,3,249.304924
0.987768,3,251.426753
0.937216,3,257.324967
0.938141,3,257.417821
0.989994,3,265.146273
0.961813,3,267.541588
0.955396,3,274.765091
0.959935,3,274.84523
0.973052,3,282.80688
0.930399,3,282.893646
0.987768,3,285.251409
0.962995,3,285.33116
0.942233,3,285.428843
0.930594,4,285.540071
0.940598,3,294.222759
0.986138,3,297.462792
0.953677,3,327.07302
0.977884,3,331.163959
0.972614,4,335.371348
0.965922,3,337.677894
0.991183,3,341.662744
0.972349,3,341.735437
0.965922,3,344.196891
0.99491,3,346.086376
0.977884,3,354.264776
0.877733,3,354.358453
0.987768,3,356.445955
0.972468,3,359.194947
0.881675,3,367.721953
0.956975,3,373.867259
0.996404,3,375.607678
0.954106,3,380.452546
0.972614,3,384.597945
0.989697,3,386.85036
0.979353,3,389.440887
0.771311,3,408.170726
0.981265,3,411.596975
0.962995,3,411.671302
0.99491,3,413.542866
0.945179,3,413.617855
0.921642,3,413.70345
0.975685,3,416.586146
0.964039,3,420.219158
0.921587,3,420.307806
0.989697,3,423.890263
0.949392,3,426.582769
0.97276,3,431.508624
0.895681,4,439.60697
0.961437,3,441.935759
0.972614,3,447.20094
0.97498,3,447.277614
0.962448,3,450.896092
0.881675,3,455.621992
0.99491,3,457.397856
0.895681,3,465.425998
0.954106,3,470.036061
0.969873,3,472.083006
0.989697,3,474.007322
0.969027,3,474.083142
0.966064,3,474.159096
0.944134,3,479.392375
0.898988,3,479.498633
0.992076,3,479.569325
0.979206,3,484.299099
0.954049,3,486.682608
0.978177,3,508.163161
0.940936,3,510.708725
0.957262,3,513.158079
0.96375,3,518.40359
0.980824,3,523.931633
0.924085,3,530.405504
0.962448,3,533.93892
0.941274,3,534.013449
0.958525,3,536.264017
0.980971,3,564.48259
0.956312,3,564.56096
0.942294,3,570.540731
0.98673,4,573.151888
0.970572,3,576.540075
0.928395,3,580.770787
0.946262,3,583.506597
0.96216,3,589.571854
0.95039,3,596.017574
0.924363,3,602.671105
0.823912,3,607.78602
0.991987,3,607.856708
0.890393,3,607.946865
0.956975,3,614.601613
0.913056,3,623.024673
0.986138,3,625.670595
0.989697,3,630.702702
0.964039,3,634.15228
0.845264,3,642.020127
0.937216,3,648.013978
0.916431,3,648.096184
0.961727,3,653.438151
0.945066,3,653.51578
0.859767,3,657.704881
0.964039,3,661.117594
0.97276,3,663.449661
0.981559,3,663.537646
0.981265,3,667.166195
0.974075,3,672.205235
0.967808,3,674.434859
0.972614,3,678.705455
0.894653,3,678.794392
0.956139,3,678.870322
0.895681,3,686.694156
0.981265,3,691.843009
0.916591,3,691.921363
0.984511,3,694.191491
0.913022,3,694.278224
0.962304,3,697.296777
0.927698,3,702.958796
0.918714,3,703.047555
0.967547,3,709.635096
0.940457,3,715.868247
0.927281,3,722.646928
0.991778,3,726.748175
0.979646,3,730.963053
0.954219,3,733.182506
0.96216,3,738.965135
0.931186,3,744.846678
0.953845,3,744.922095
0.942152,3,752.515272
0.914152,3,755.931526
0.978177,3,767.500822
0.886319,3,772.187925
0.940598,3,781.114972
0.93595,3,786.643765
0.939183,3,786.724608
0.953845,3,786.800007
0.931186,3,792.781783
0.797549,4,798.267359
0.930399,3,798.347006
0.989994,3,804.245092
0.972468,3,806.577038
0.99491,3,808.444836
0.946262,3,811.284991
0.952587,4,816.610417
0.939611,3,823.50416
0.987916,3,829.285065
0.921587,3,829.364627
0.921587,3,829.443839
0.986138,3,833.201844
0.939611,3,840.019513
0.827603,3,844.840214
0.987768,3,847.215974
0.967808,3,849.385987
0.967808,3,851.668319
0.97627,3,858.411729
0.933224,3,858.496055
0.950248,3,864.366781
0.996404,3,866.02049
0.956975,3,872.24258
0.932305,3,878.939974
0.987916,3,881.513414
0.882471,3,892.447155
0.979646,3,896.608686
0.970017,4,898.939109
0.996404,3,900.572865
0.9982,3,902.315009
0.961727,3,907.668889
0.986286,3,911.613496
0.984511,4,924.052386
0.992076,3,924.12589
0.932165,3,932.847784
0.96216,3,938.602361
0.962015,3,945.481756
0.970572,3,948.668084
0.914015,3,952.212736
0.771403,4,959.227347
0.974221,3,964.189474
0.927582,3,964.268678
0.956975,3,970.804653
0.984421,3,970.875988
0.915795,3,970.977189
0.933589,3,971.057684
0.881675,3,976.052248
0.965253,3,980.137429
0.949107,4,986.805655
0.969262,3,989.029165
0.97466,3,994.257675
0.882471,3,1004.718064
0.93328,3,1004.804446
0.981118,3,1007.29954
0.947541,3,1014.514388
0.979353,3,1016.709295
0.979353,3,1021.197571
0.936199,3,1021.299637
0.928395,3,1025.506703
0.915932,3,1025.592843
0.986286,3,1027.785266
0.975977,3,1030.099346
0.957058,3,1030.187672
0.957118,3,1034.420619
0.909909,3,1038.412014
0.767384,5,1062.185858
0.882471,3,1073.127392
0.952818,3,1075.905121
0.881675,3,1080.844945
0.845264,3,1088.260234
0.993268,3,1091.905391
0.907726,3,1094.884758
0.969117,3,1099.741999
0.913056,3,1107.855952
0.921587,3,1107.957117
0.982887,3,1112.061746
0.920347,3,1118.427243
0.956975,3,1124.643976
0.895405,3,1124.73228
0.948964,3,1127.120814
0.933926,3,1127.372438
0.886399,3,1131.135674
0.956831,3,1134.421303
0.939187,3,1140.602013
0.918166,4,1140.703459
0.991332,3,1142.724707
0.750851,3,1149.213488
0.982739,3,1153.737311
0.996823,3,1153.808902
0.948822,3,1161.310412
0.954535,3,1163.739701
0.96317,3,1165.958928
0.991778,3,1168.1602
0.989697,3,1170.943496
0.978205,3,1171.027793
0.937831,3,1171.118668
0.918714,4,1171.242828
0.9982,3,1174.941374
0.972087,3,1175.025303
0.961437,3,1177.326406
0.900642,3,1180.793475
0.970572,3,1184.407292
0.94868,3,1188.872182
0.975685,3,1193.873946
0.913056,3,1202.207023
0.961727,3,1207.617239
0.918714,3,1207.698502
0.948822,3,1215.299328
0.989697,4,1220.231775
0.991183,3,1224.282456
0.979793,4,1227.916562
0.948822,3,1233.088734
0.751572,5,1240.036484
0.960428,3,1243.904796
0.942152,3,1251.544019
0.993775,3,1251.616587
0.962304,3,1254.364683
0.845264,3,1261.941056
0.977737,3,1263.975846
0.881933,3,1264.093216
0.976124,3,1266.157211
0.97276,3,1270.989908
0.991987,3,1271.061313
0.965777,3,1273.666046
0.979353,3,1276.24879
0.845264,3,1283.842927
0.989697,3,1287.508495
0.979646,3,1291.237758
0.989697,3,1296.28068
0.951961,3,1300.083261
0.970134,3,1300.158841
0.975831,3,1305.24216
0.924552,3,1305.344697
0.933926,3,1305.428212
0.99491,3,1308.771856
0.94868,3,1312.69095
0.921587,3,1312.771363
0.984511,3,1315.660824
0.987916,3,1317.823135
0.962015,3,1345.729179
0.936199,3,1345.826363
0.904598,3,1353.036216
0.972468,3,1355.871447
0.93595,3,1361.214003
0.99491,3,1363.09593
0.98747,3,1363.17661
0.974075,3,1367.905571
0.930594,3,1367.984483
0.965487,3,1370.794488
0.921642,3,1370.876504
0.987768,3,1373.138594
0.952675,3,1378.064805
0.986582,3,1380.429041
0.979059,3,1384.762689
0.948822,3,1389.513587
0.911954,3,1389.601669
0.993686,3,1389.825688
0.942152,3,1397.571966
0.970572,3,1401.01713
0.939611,3,1407.606174
0.97466,3,1412.912955
0.93792,3,1419.68239
0.99297,3,1423.304004
0.890988,3,1431.285857
0.972906,3,1467.124909
0.934126,3,1473.592927
0.920347,3,1480.061951
0.964183,3,1484.198078
0.981323,3,1484.272918
0.94212,3,1484.376158
0.811134,4,1490.694193
0.975685,3,1495.560751
0.939611,3,1502.637967
0.982739,3,1504.882434
0.930767,3,1514.323098
0.962304,3,1519.523134
0.955969,3,1522.122245
0.920702,3,1522.22718
0.982887,3,1524.949008
0.948021,3,1525.029924
0.927142,3,1531.036917
0.988954,3,1531.125272
0.972087,3,1531.199912
0.97466,3,1535.921131
0.933145,3,1539.091304
0.948822,3,1546.828705
0.972906,3,1557.14409
0.982592,3,1559.777535
0.913056,3,1568.527632
0.99491,3,1571.952564
0.962448,3,1576.042148
0.904597,3,1579.938689
0.989697,3,1583.905888
0.99491,3,1585.820451
0.750851,4,1592.553908
0.929231,3,1596.063196
0.972614,3,1607.550651
0.99491,3,1609.432123
0.991332,3,1613.365436
0.886319,3,1618.220354
0.882471,3,1629.070782
0.889355,3,1629.155599
0.858818,3,1639.338156
0.771311,4,1658.493371
0.97466,3,1663.162517
0.97276,3,1665.574286
0.972906,3,1675.886014
0.989697,3,1681.091019
0.940598,3,1690.391352
0.99297,3,1694.300895
0.942011,3,1700.092547
0.939187,3,1706.710474
0.957173,3,1706.795276
0.934126,3,1713.007513
0.980971,3,1718.131829
0.970337,3,1718.230618
0.959131,3,1722.86769
0.942152,3,1731.095527
0.992076,3,1731.177237
0.924085,3,1738.217801
0.932305,3,1744.724212
0.972468,3,1749.373615
0.959131,3,1754.074311
0.964039,3,1759.271863
0.824505,4,1764.823358
0.93792,3,1768.829612
0.950957,3,1768.929856
0.981323,3,1770.93276
0.993119,3,1772.842141
0.924363,3,1779.75925
0.948964,3,1782.377041
0.987916,3,1788.540726
0.99491,3,1792.714362
0.911954,3,1792.841257
0.939611,3,1799.993589
0.922699,3,1805.482608
0.989697,3,1810.847734
0.907612,3,1810.94314
0.996404,3,1813.063865
0.950248,3,1819.233373
0.993417,3,1821.308079
0.956113,3,1824.42101
0.972614,3,1828.003852
0.969117,3,1830.359691
0.99491,3,1832.477289
0.950248,3,1837.585513
0.987916,3,1843.224462
0.859097,3,1847.777502
0.976124,3,1850.056651
0.943992,3,1856.172866
0.970572,3,1859.473525
0.991987,3,1859.552039
0.97466,4,1867.772414
0.908817,3,1880.447812
0.939183,3,1880.538566
0.87246,3,1885.645893
0.956972,4,1885.751622
0.823912,3,1891.108745
0.987916,3,1895.693034
0.930767,3,1905.210166
0.987768,3,1907.431012
0.972906,3,1946.666743
0.882471,3,1957.277746
0.987768,3,1959.708402
0.962448,3,1963.809868
0.984511,3,1966.609423
0.977884,3,1972.635035
0.984511,3,1975.500804
0.989697,3,1978.215567
0.978205,3,1978.291302
0.948822,3,1983.979897
0.939611,3,1990.674486
0.972176,3,1995.314259
0.99491,3,1997.079043
0.959216,3,1997.152958
0.967808,3,1999.657138
0.729534,3,2022.245491
0.989697,3,2026.360846
0.99491,3,2028.307973
0.939187,3,2035.296778
0.910073,3,2038.60895
0.942152,3,2044.353186
0.94868,3,2049.576583
0.760277,3,2060.768656
0.981118,3,2065.305967
0.92564,3,2068.339892
0.986434,3,2071.055844
0.915795,3,2071.148262
0.991481,3,2075.998343
0.811085,6,2088.54172
0.913056,3,2097.47289
0.918714,3,2097.575053
0.924746,3,2097.657933
0.936794,3,2124.243345
0.96317,3,2126.775817
0.936794,3,2134.843009
0.962448,3,2138.715079
0.895459,3,2138.812911
0.965487,3,2145.515999
0.934126,3,2151.86997
0.895681,3,2160.25069
0.979353,3,2164.744892
0.907182,3,2187.761096
0.976124,3,2189.808045
0.964183,3,2193.945471
0.987916,3,2196.847022
0.927582,3,2196.949432
0.979353,3,2201.771276
0.962995,3,2201.850719
0.984421,3,2201.925679
0.949362,3,2202.003221
0.989697,3,2205.983243
0.986138,3,2208.072089
0.984511,3,2210.575583
0.867889,3,2216.129506
0.95039,3,2219.13693
0.907726,3,2223.213604
0.939611,3,2230.286897
0.93792,3,2237.483366
0.961118,3,2237.583658
0.895056,3,2237.723863
0.973052,3,2246.215744
0.913049,3,2246.314804
0.894653,3,2246.420567
0.93961,3,2249.660659
0.87246,3,2255.249486
0.93328,3,2255.34078
0.913056,3,2264.563556
0.953104,3,2267.427619
0.979206,3,2269.655151
0.969085,3,2269.734987
0.976124,3,2272.055083
0.96317,3,2274.581598
0.942176,3,2274.666485
0.972614,3,2279.392608
0.901615,3,2283.476645
0.722994,3,2297.005245
0.7527,7,2304.489281
0.969117,3,2307.424837
0.920347,3,2314.462446
0.982887,3,2318.787382
0.964328,3,2324.304607
0.9587,3,2330.984838
0.989548,3,2333.123358
0.919519,3,2337.468564
0.944473,3,2340.302131
0.956139,3,2340.398448
0.958988,3,2346.048476
0.978177,3,2358.846279
0.942152,3,2364.568721
0.947399,3,2369.446808
0.956312,3,2369.535517
0.926166,3,2369.628426
0.993119,3,2373.544489
0.811085,5,2391.282689
0.969174,3,2391.358723
0.813424,9,2402.926858
0.983064,3,2404.991791
0.947399,3,2410.162446
0.95039,3,2418.115965
0.965487,3,2420.489722
0.982739,3,2425.233731
0.959275,3,2430.099849
0.965717,3,2430.180439
0.964328,4,2436.081501
0.911954,3,2436.175342
0.96964,5,2440.685761
0.972176,3,2445.415686
0.993447,3,2445.488371
0.981265,3,2448.928407
0.924579,3,2449.015145
0.982887,3,2452.935017
0.969027,3,2453.019682
0.934126,3,2456.585723
0.969027,3,2456.664725
0.93792,3,2463.636767
0.949534,3,2465.985938
0.960428,4,2470.435298
0.974308,3,2472.666672
0.989043,3,2472.740956
0.979735,3,2474.833398
0.993775,3,2474.908359
0.99297,3,2477.052567
0.93792,3,2484.284552
0.939183,3,2484.369675
0.981265,4,2488.765596
0.959563,3,2491.145515
0.967808,3,2493.672076
0.961437,3,2496.242198
0.753988,3,2503.35529
0.967228,3,2507.601049
0.979646,3,2512.049109
0.96216,3,2518.746652
0.93961,3,2521.654081
0.989697,3,2525.883917
0.963689,3,2525.956331
0.989548,3,2528.066868
0.939611,3,2535.400943
0.929929,3,2541.803521
0.936372,3,2545.072001
0.975977,3,2549.844984
0.863497,3,2554.274533
0.969204,3,2556.653941
0.972906,3,2567.749486
0.927471,3,2567.861223
0.967373,3,2573.109646
0.975273,3,2573.200081
0.794373,4,2578.981062
0.939611,3,2586.17228
0.93595,3,2591.962459
0.939611,3,2599.352771
0.940598,3,2608.49263
0.955969,3,2613.818363
0.984511,3,2618.336575
0.919106,3,2630.279928
0.947282,3,2630.364818
0.940936,3,2632.974041
0.981118,3,2635.851974
0.991183,3,2641.386793
0.94541,3,2647.150265
0.976124,3,2649.629912
0.964039,3,2653.009584
0.959935,3,2653.101274
0.868045,3,2657.457216
0.989697,3,2659.536717
0.922699,3,2668.142098
0.989697,3,2673.797198
0.962304,3,2679.815211
0.894653,3,2679.948688
0.94612,3,2686.007512
0.826734,4,2691.496401
0.975831,3,2725.127732
0.981265,3,2729.746417
0.914701,3,2734.24985
0.952675,3,2737.365076
0.979206,3,2742.495838
0.986138,3,2744.768868
0.992076,3,2744.862666
0.928395,4,2749.670302
0.960428,3,2754.116333
0.881933,3,2754.213108
0.94212,3,2754.302534
0.933224,3,2754.387157
0.939014,3,2754.488611
0.972906,3,2786.480777
0.751279,3,2793.403033
0.927142,3,2797.132317
0.944386,4,2799.693243
0.93421,3,2802.365659
0.913056,3,2811.609428
0.991481,3,2817.660803
0.949107,3,2825.701594
0.913049,3,2825.786561
0.952675,3,2828.540921
0.933986,3,2839.029037
0.934126,4,2842.844815
0.981265,3,2846.396139
0.920347,3,2853.074168
0.982887,3,2856.703744
0.988924,3,2856.776767
0.981676,3,2858.639745
0.977824,3,2858.769372
0.966067,3,2861.176506
0.895681,3,2869.337638
0.993268,3,2873.910146
0.980971,3,2878.844547
0.958844,4,2885.876915
0.956975,3,2892.948757
0.954106,3,2897.863662
0.976124,3,2900.032136
0.987916,3,2905.899332
0.926724,3,2908.577284
0.947399,3,3281.242783
0.931746,3,3288.531955
0.986138,3,3293.507927
0.943992,3,3299.286877
0.988212,3,3302.11957
0.974221,3,3306.683398
0.991183,3,3310.412611
0.952675,3,3315.387654
0.981265,3,3319.367687
0.977884,3,3323.607302
0.962995,3,3323.707149
0.976124,3,3326.084154
0.809626,3,3335.820101
0.94868,3,3340.752826
0.942152,3,3349.020493
0.913049,3,3349.113904
0.913056,3,3357.881085
0.996823,3,3357.954437
0.843743,3,3365.801495
0.973052,3,3368.659131
0.970164,3,3370.684539
0.932305,3,3376.906021
0.97276,3,3382.069004
0.962015,3,3389.236078
0.771311,3,3408.491132
0.969553,3,3412.904719
0.989994,3,3417.368938
0.979353,3,3419.46623
0.920347,3,3422.378151
0.97276,3,3427.349961
0.959131,3,3431.455743
0.959275,3,3436.532093
0.989697,3,3439.784526
0.937356,3,3446.3483
0.996823,3,3446.430505
0.940598,3,3455.239785
0.848314,3,3468.741122
0.981323,3,3470.843397
0.939187,4,3477.413886
0.959275,4,3480.070296
0.979646,3,3484.405062
0.769923,3,3496.022793
0.811085,3,3512.061003
0.94999,3,3514.493537
0.996823,3,3514.723943
0.991987,3,3514.795203
0.972087,3,3514.881304
0.95039,3,3522.13881
0.979206,3,3524.721131
0.942233,3,3524.803602
0.972468,3,3529.346519
0.969027,3,3529.43814
0.99491,3,3531.205312
0.981265,3,3534.799875
0.942152,3,3544.17529
0.977884,4,3550.334326
0.975977,3,3554.972965
0.859097,3,3559.527942
0.846788,3,3567.314665
0.937216,3,3573.657434
0.939611,3,3580.509389
0.983064,3,3582.519906
0.961727,3,3588.26573
0.957118,3,3592.494987
0.957118,3,3597.361682
0.91563,3,3597.448813
0.920763,3,3607.068746
0.811085,8,3642.794544
0.950957,3,3642.876881
0.987916,3,3648.649959
0.956113,3,3653.614045
0.991183,3,3657.874194
0.986286,3,3660.623659
0.962448,3,3664.62843
0.995059,3,3666.530494
0.975977,3,3671.2942
0.951961,3,3675.562081
0.936255,3,3675.64313
0.951615,3,3675.725842
0.954106,3,3680.132852
0.981265,3,3683.551202
0.934126,3,3690.142868
0.959131,3,3694.840533
0.979353,3,3697.273023
0.974075,3,3702.321973
0.961437,3,3704.70681
0.895681,3,3713.1588
0.960428,3,3717.032594
0.910862,4,3724.382696
0.979499,3,3726.644192
0.987916,3,3731.325526
0.959935,3,3731.407313
0.820188,5,3742.031107
0.960428,3,3746.180317
0.930315,3,3746.263434
0.956975,3,3753.111522
0.986138,3,3755.111153
0.932305,3,3764.806893
0.942233,3,3764.886459
0.943285,3,3774.374454
0.981265,3,3777.837479
0.981323,3,3777.912584
0.981118,3,3780.739383
0.981323,3,3782.684146
0.924363,3,3786.403913
0.958269,3,3789.537533
0.95039,3,3797.525558
0.988212,3,3797.607748
0.947282,3,3797.690461
0.987916,3,3803.393216
0.888501,3,3807.584207
0.977737,3,3809.696175
0.952675,3,3812.115125
0.982592,3,3814.752721
0.957118,3,3819.317605
0.996823,3,3819.40745
0.972087,3,3819.488536
0.873606,4,3819.615735
0.976124,3,3821.979788
0.96216,3,3828.229991
0.96375,3,3833.422766
0.970572,3,3836.861755
0.811085,3,3852.936388
0.956139,3,3853.046628
0.96317,3,3855.45112
0.978177,3,3864.673991
0.993119,3,3868.427157
0.877733,3,3868.524372
0.995059,3,3870.537612
0.953845,3,3870.633048
0.913056,3,3879.487514
0.964328,3,3884.744391
0.980971,3,3889.588036
0.920347,3,3893.039412
0.927142,3,3898.593076
0.936681,3,3901.212442
0.931186,3,3907.383558
0.94612,3,3909.774781
0.932165,3,3918.425137
0.988064,3,3920.938357
0.920347,3,3927.512217
0.944134,3,3933.232207
0.981265,3,3937.25786
0.959131,3,3941.337249
0.934126,3,3944.858719
0.920702,3,3944.948378
0.972906,3,3955.298052
0.988064,3,3959.581462
0.947282,3,3959.66494
0.976358,3,3961.736888
0.95039,3,3969.89133
0.939187,3,3976.454237
0.931186,3,3982.7212
0.969204,3,3985.001613
0.96563,4,3987.405117
0.981118,3,3990.229143
0.962448,3,3994.049551
0.930399,3,3994.135072
0.97276,3,3999.215876
0.941587,3,4008.422897
0.982739,3,4013.18086
0.991987,3,4013.264889
0.948135,3,4013.348529
0.969057,3,4015.661685
0.969085,3,4015.747169
0.913056,3,4024.355246
0.967228,3,4030.547017
0.98673,3,4033.294694
0.940598,3,4042.644343
0.950986,3,4042.723439
0.995059,3,4044.734603
0.939611,3,4051.603748
0.989994,3,4056.095189
0.96317,3,4058.631832
0.908734,3,4061.578366
0.942152,3,4067.053473
0.947282,3,4067.133046
0.921587,3,4067.218925
0.980971,3,4072.341893
0.97466,3,4077.12378
0.940598,3,4086.313266
0.972176,3,4091.181159
0.969262,3,4093.604103
0.984511,3,4098.321295
0.970337,3,4098.403676
0.993417,3,4102.229945
0.941587,3,4111.13645
0.948964,3,4120.699475
0.939611,3,4127.666922
0.967373,3,4132.477053
0.981118,3,4136.831603
0.989697,3,4139.248513
0.956484,3,4139.331078
0.977884,3,4147.858884
0.933982,3,4147.945904
0.988212,3,4155.169893
0.943734,3,4160.102777
0.986286,3,4162.306898
0.956113,3,4166.982122
0.845264,3,4174.730655
0.919519,3,4178.565899
0.956113,3,4183.331398
0.927582,3,4183.419163
0.977884,3,4187.519125
0.97466,3,4192.896286
0.924552,3,4192.983107
0.910421,3,4193.071686
0.982592,3,4195.571381
0.930767,3,4205.098323
0.932305,3,4211.958995
0.873606,3,4212.075562
0.9894,3,4214.416021
0.99491,3,4216.242507
0.756639,5,4216.89547
0.907862,3,4220.840329
0.979499,3,4224.9756
0.977884,3,4233.935231
0.93792,3,4240.858736
0.966354,3,4243.092654
0.961727,3,4248.658149
0.913022,3,4248.751445
0.991183,3,4252.733801
0.972906,3,4260.674275
0.979206,3,4265.285911
0.948021,3,4265.391546
0.965487,3,4267.884712
0.913187,4,4271.273584
0.882471,3,4282.36061
0.975685,3,4285.229977
0.987916,3,4290.087356
0.961727,3,4295.573215
0.989697,3,4299.547055
0.924529,3,4302.479374
0.919519,3,4306.419892
0.972087,3,4306.51232
0.97498,3,4306.599905
0.918796,4,4306.72675
0.987768,3,4309.062223
0.939187,3,4314.902604
0.863497,4,4319.102546
0.991987,3,4319.185182
0.974075,3,4324.095209
0.961727,3,4329.779514
0.939046,3,4336.087144
0.771311,3,4355.427703
0.979206,3,4360.512002
0.962015,3,4367.427509
0.950957,3,4367.507145
0.995059,3,4369.390534
0.991481,3,4372.89507
0.877733,3,4372.992957
0.937075,3,4378.903685
0.939611,3,4385.906516
0.919602,3,4389.089039
0.927281,3,4398.426745
0.991332,3,4400.61887
0.957058,3,4400.701102
0.934126,3,4404.207815
0.989697,3,4406.421905
0.939187,3,4412.035728
0.823664,3,4417.553989
0.984511,3,4422.225451
0.982887,3,4424.547668
0.950986,3,4424.627146
0.924552,3,4424.71696
0.93792,3,4431.790695
0.972906,3,4439.747486
0.961437,3,4442.149745
0.784803,5,4453.866106
0.939893,3,4463.394085
0.950533,3,4471.218479
0.953733,3,4473.729604
0.987916,3,4479.583813
0.970106,3,4483.841456
0.98673,3,4486.480987
0.979353,3,4489.147602
0.991778,3,4493.370856
0.978177,3,4505.430153
0.991481,3,4508.437364
0.845264,3,4516.248148
0.987768,3,4518.28239
0.907557,3,4518.390993
0.927142,3,4522.328472
0.989697,3,4525.569895
0.729534,6,4535.074405
0.977444,3,4537.350389
0.989994,3,4542.949555
0.979353,3,4545.145632
0.988924,3,4545.218548
0.908817,3,4558.113583
0.989697,3,4562.052801
0.942011,3,4567.17183
0.931746,3,4574.519088
0.932445,3,4578.234389
0.939187,3,4584.948241
0.913049,3,4585.073246
0.942152,3,4593.088186
0.987916,3,4595.822552
0.984363,3,4601.028201
0.92564,3,4604.072232
0.956139,3,4604.149923
0.979206,3,4606.73608
0.948822,3,4611.764104
0.989994,3,4623.634239
0.957262,3,4626.08619
0.987916,3,4631.961459
0.981265,3,4635.507574
0.991778,3,4637.81129
0.920347,3,4641.37754
0.996823,3,4641.452196
0.996823,3,4641.52878
0.969027,3,4641.6051
0.898988,3,4641.720262
0.972322,3,4644.826778
0.927698,3,4650.88084
0.918796,3,4650.971429
0.9982,3,4652.651753
0.986286,3,4656.885028
0.963168,3,4656.974157
0.94612,3,4662.427316
0.882471,3,4673.402147
0.79273,4,4679.074121
0.970572,3,4684.453742
0.942233,3,4684.534787
0.965487,3,4690.599572
0.97498,3,4690.673815
0.99491,3,4692.634315
0.908817,3,4705.558453
0.915801,3,4712.660268
0.982887,3,4716.688862
0.943709,3,4724.937987
0.991481,3,4730.255471
0.982592,3,4733.097857
0.986286,3,4737.224781
0.962304,3,4739.550709
0.881933,3,4739.645282
0.882471,3,4750.757109
0.859097,3,4755.30038
0.995059,3,4757.254027
0.99491,3,4759.100575
0.936372,3,4762.199619
0.823912,3,4767.524848
0.99491,3,4769.453287
0.982739,3,4771.693103
0.957058,3,4771.772818
0.961727,3,4777.23597
0.989697,3,4781.191943
0.989994,3,4790.42378
0.961437,3,4792.802774
0.949392,3,4795.664768
0.95039,3,4802.799119
0.939014,3,4802.881794
0.996404,3,4804.718238
0.987916,3,4810.635047
0.948822,3,4818.32803
0.94612,3,4821.271407
0.989697,3,4826.485337
0.975977,3,4828.817393
0.877733,3,4828.914468
0.988627,4,4832.468483
0.986138,3,4837.758107
0.932305,3,4847.420912
0.943285,3,4856.661456
0.953845,3,4856.740984
0.99297,3,4860.719931
0.993268,3,4865.30027
0.939611,3,4872.2212
0.751572,3,4879.265346
0.991481,3,4884.672127
0.977884,3,4890.793885
0.9982,3,4892.574229
0.918714,3,4892.657323
0.948021,3,4892.739668
0.979499,4,4897.053092
0.95039,3,4904.652413
0.811085,4,4920.652001
0.943734,3,4923.261263
0.932305,3,4932.441051
0.958988,3,4934.923468
0.99297,3,4938.919471
0.99491,3,4942.591865
0.984511,3,4945.492795
0.918796,3,4945.580808
0.859767,3,4950.122226
0.975685,3,4952.988576
0.99491,3,4954.840463
0.888501,3,4958.827218
0.933224,3,4958.913795
0.984421,3,4958.989626
0.907557,3,4959.100678
0.952675,3,4961.912042
0.987916,3,4967.336128
0.919379,3,4967.421381
0.913056,3,4976.022953
0.942176,3,4976.121096
0.984659,3,4979.518893
0.962015,3,4986.64646
0.99491,3,4988.586363
0.857655,3,4993.409046
0.978177,3,5005.158734
0.961727,3,5010.706689
0.977884,3,5014.878697
0.975977,3,5019.248134
0.927698,3,5025.249915
0.913049,3,5025.357629
0.979059,3,5029.889129
0.918714,3,5029.993048
0.954106,3,5034.456583
0.921587,3,5034.541888
0.966035,3,5034.63324
0.939611,3,5041.40406
0.982592,3,5044.270804
0.956484,3,5044.352443
0.927471,3,5044.432137
0.894653,3,5044.528307
0.771403,4,5052.06051
0.979499,3,5056.225585
0.974221,3,5058.769428
0.772933,4,5077.884418
0.913049,3,5077.97117
0.982739,3,5082.084829
0.986138,3,5084.203407
0.993686,4,5084.300655
0.957118,3,5088.931621
0.919519,3,5096.136479
0.996404,3,5098.07319
0.823664,3,5103.367132
0.948822,3,5108.475563
0.987916,3,5111.155304
0.979353,3,5113.363846
0.982739,3,5115.655673
0.906309,3,5118.755856
0.958988,3,5121.298872
0.913022,3,5121.390285
0.909499,3,5133.205803
0.967228,3,5137.284992
0.939611,3,5144.220407
0.972906,3,5154.734724
0.772933,3,5173.652647
0.974075,3,5178.812273
0.989697,3,5182.956546
0.955969,3,5187.972369
0.96375,3,5193.206327
0.9982,3,5194.984914
0.972993,3,5199.180801
0.965487,3,5201.68651
0.942152,3,5210.279715
0.924579,3,5210.366849
0.96317,3,5212.741991
0.993268,3,5214.751615
0.992076,3,5214.838398
0.913056,3,5223.693379
0.981265,3,5227.507294
0.977884,3,5231.760905
0.942152,3,5239.925376
0.953963,3,5242.845205
0.970572,3,5248.282277
0.939328,3,5256.498985
0.958556,3,5261.196162
0.987768,3,5263.771996
0.962304,3,5266.168184
0.96317,3,5268.5551
0.869446,3,5268.656156
0.930456,3,5268.743768
0.967228,3,5274.584624
0.993119,3,5276.335356
0.924085,3,5282.993928
0.970572,3,5288.54258
0.961437,3,5290.851434
0.927582,3,5290.934523
0.989697,3,5295.032103
0.965369,3,5295.125953
0.964039,3,5297.98343
0.974075,3,5300.858368
0.961727,3,5306.207021
0.991332,3,5308.389217
0.959131,3,5312.488819
0.96216,3,5315.931054
0.925108,3,5316.01862
0.960456,3,5316.097507
0.989697,3,5318.276524
0.993268,3,5322.071811
0.981118,3,5326.559895
0.974221,3,5328.951903
0.969085,3,5329.047758
0.977884,3,5333.176965
0.99491,3,5334.991427
0.965369,3,5335.071462
0.945066,3,5335.152075
0.965487,3,5338.819896
0.99491,3,5340.587
0.913049,3,5340.672742
0.981323,3,5340.748598
0.962015,3,5347.839774
0.953988,3,5347.94128
0.928893,4,5348.050339
0.962995,3,5348.143422
0.981118,3,5352.659621
0.996404,3,5354.447263
0.913049,3,5354.534505
0.969085,3,5354.610162
0.987916,3,5360.537462
0.987768,4,5362.781614
0.95039,3,5370.762513
0.823912,4,5376.142769
0.951929,3,5376.376054
0.989697,3,5378.330228
0.99491,3,5380.177254
0.993119,3,5383.956439
0.948021,3,5384.070869
0.959131,3,5388.082719
0.972291,3,5388.169885
0.984511,3,5391.0281
0.97276,3,5395.578623
0.936199,3,5395.658566
0.927582,3,5395.756536
0.729534,5,5414.703108
0.936453,4,5421.061954
0.750851,3,5428.648192
0.972087,3,5428.739836
0.964039,3,5431.184993
0.915855,3,5434.647588
0.95039,3,5442.809365
0.987916,3,5445.42542
0.916318,3,5445.52321
0.991332,3,5449.5542
0.976124,3,5451.92443
0.975977,3,5454.254057
0.982739,3,5459.066872
0.996404,3,5460.781757
0.969553,4,5465.176953
0.930456,3,5465.278577
0.964039,3,5469.06378
0.977884,3,5476.525108
0.993119,3,5478.498842
0.959275,3,5483.563055
0.972468,3,5486.562127
0.972468,3,5489.758008
0.976358,3,5491.736256
0.989697,3,5496.11543
0.961727,3,5501.867334
0.961727,3,5507.494672
0.962448,3,5511.187345
0.981265,4,5514.912131
0.984511,3,5517.550461
0.975977,3,5522.402619
0.947257,3,5525.087714
0.957118,3,5529.935826
0.976124,3,5532.277695
0.979059,4,5535.046774
0.929231,4,5541.888296
0.970572,3,5545.151282
0.962015,3,5552.144133
0.924363,3,5555.338733
0.907182,3,5569.849441
0.969085,4,5569.961937
0.965717,3,5570.05848
0.811085,5,5586.516905
0.811085,3,5602.677948
0.923112,3,5602.767208
0.915795,3,5602.852346
0.795493,3,5602.984207
0.972614,3,5606.332924
0.979353,3,5611.028255
0.939893,3,5620.627113
0.962304,3,5623.16749
0.993119,3,5625.13658
0.991987,3,5625.211354
0.991481,3,5628.64457
0.939187,3,5635.423954
0.993775,3,5635.501822
0.987916,3,5640.078062
0.993268,3,5643.887693
0.988064,3,5648.412149
0.977444,3,5650.629659
0.751279,3,5657.666549
0.984659,3,5661.189759
0.960714,3,5661.266179
0.991183,3,5665.377231
0.939611,3,5672.43559
0.771403,3,5680.040936
0.979646,3,5684.610781
0.729534,3,5707.46224
0.948822,3,5713.367321
0.986138,3,5715.553296
0.927582,3,5715.639431
0.989043,3,5715.714329
0.942152,3,5724.573909
0.969204,3,5726.783426
0.978177,3,5738.835163
0.936199,3,5738.918675
0.93792,3,5745.912831
0.939611,3,5753.040922
0.890988,3,5761.552131
0.989697,3,5763.766503
0.913056,3,5772.359458
0.976124,3,5774.717675
0.934126,3,5778.332909
0.942152,3,5787.664804
0.975831,3,5793.793086
0.987916,3,5796.554779
0.99491,3,5798.397786
0.976124,3,5802.773732
0.811134,3,5809.308228
0.939611,3,5816.352305
0.933145,3,5819.647686
0.979059,3,5822.302809
0.943709,3,5830.114859
0.94212,3,5830.222373
0.948822,3,5836.074481
0.969085,3,5836.166132
0.987916,3,5842.082373
0.961727,3,5847.864273
0.937831,3,5847.951809
0.919519,3,5851.809889
0.976124,3,5854.280088
0.915938,4,5864.496688
0.859097,3,5869.120621
0.859432,3,5873.716254
0.975977,3,5876.379785
0.966035,3,5876.464164
0.771311,5,5895.649702
0.97025,3,5895.728246
0.845264,3,5903.891181
0.949534,3,5906.66444
0.973694,4,5906.771431
0.976563,4,5915.098098
0.981323,3,5917.169865
0.848314,3,5931.251618
0.981118,3,5934.594546
0.955396,3,5941.52858
0.92742,3,5948.235045
0.948822,3,5956.119436
0.923669,3,5959.918989
0.95039,3,5967.473689
0.993119,3,5971.202164
0.984511,3,5973.46525
0.940598,3,5983.649341
0.991183,3,5989.234029
0.965253,3,5993.932417
0.948964,3,5999.963089
0.917175,3,6003.203995
0.939611,3,6010.201972
0.973929,3,6013.373643
0.927142,3,6017.304351
0.823912,3,6022.64908
0.905386,3,6026.226761
0.993119,3,6030.009671
0.942011,3,6034.778033
0.939046,3,6041.163558
0.930315,3,6041.248742
0.933145,3,6047.327111
0.967808,3,6049.757403
0.979353,3,6052.083477
0.900399,3,6055.584635
0.942859,3,6058.604847
0.953845,3,6058.686012
0.972468,3,6061.086354
0.963689,3,6061.160987
0.922699,3,6064.29814
0.936199,3,6064.384688
0.978177,3,6076.578384
0.961727,3,6082.312966
0.97756,4,6084.512529
0.913056,3,6093.32164
0.981676,3,6095.318259
0.956975,3,6475.179636
0.937075,3,6480.139467
0.979353,3,6482.373633
0.940598,3,6488.974934
0.771311,3,6508.867298
0.951961,3,6512.989088
0.942176,3,6513.074012
0.957262,3,6516.051965
0.954106,3,6520.467131
0.99491,3,6522.240344
0.969027,3,6522.321741
0.955396,3,6529.134475
0.988064,3,6533.685702
0.964039,3,6536.014389
0.975685,3,6541.336836
0.987916,3,6544.081896
0.956113,4,6547.405756
0.975977,3,6551.836853
0.991183,3,6556.06485
0.95039,3,6564.224246
0.969262,3,6566.412325
0.943734,3,6571.669887
0.933145,3,6574.397642
0.823912,3,6579.847544
0.939046,3,6586.10454
0.973607,3,6586.183268
0.964039,3,6588.6109
0.942011,3,6594.213198
0.848314,3,6608.296903
0.967373,3,6613.132105
0.961727,3,6618.437647
0.94868,3,6624.076001
0.913022,3,6624.190862
0.984244,3,6624.273616
0.972614,3,6636.102526
0.984511,3,6638.421906
0.972468,3,6640.842149
0.982887,3,6642.93527
0.982739,3,6647.754915
0.939893,3,6657.299995
0.959275,3,6673.480756
0.969085,3,6673.569449
0.996823,3,6673.646756
0.996404,3,6677.279309
0.964039,3,6681.289919
0.913056,3,6690.119704
0.881933,3,6690.219675
0.970251,3,6692.405017
0.991481,3,6697.763427
0.9982,3,6699.64217
0.898988,3,6699.740632
0.811085,5,6716.295103
0.919519,3,6720.415201
0.938764,3,6728.444311
0.989994,3,6734.381494
0.99297,3,6738.525641
0.982887,3,6740.796375
0.948538,3,6746.763602
0.991778,3,6749.134591
0.975831,3,6754.649034
0.859432,3,6759.276007
0.979353,3,6764.126706
0.988212,3,6772.403012
0.984274,3,6772.481896
0.927471,3,6772.564752
0.882471,3,6783.657137
0.966064,3,6783.735699
0.947282,3,6783.823793
0.958988,3,6789.088422
0.992076,3,6789.161932
0.970106,3,6793.599498
0.989697,3,6797.509717
0.972468,3,6802.196597
0.979353,3,6804.542495
0.982739,3,6809.257367
0.898988,3,6809.35094
0.969262,3,6813.929424
0.976124,3,6816.17098
0.932165,3,6824.912462
0.965487,3,6831.322315
0.959131,3,6835.941201
0.972176,3,6840.779393
0.977884,3,6847.011636
0.913056,3,6855.880241
0.942152,3,6864.643982
0.940598,3,6873.44911
0.950957,4,6873.556039
0.99297,3,6875.484957
0.793016,6,6887.916905
0.975685,3,6890.916997
0.99297,3,6892.743815
0.993119,3,6894.719382
0.942152,3,6902.994808
0.991778,3,6905.192229
0.974221,3,6909.908293
0.753988,3,6916.674422
0.987916,3,6921.057594
0.976124,3,6923.390551
0.953963,3,6925.938208
0.972468,3,6929.014639
0.956975,3,6935.814041
0.951043,3,6935.89528
0.989994,3,6947.511056
0.732473,4,6970.647663
0.932165,3,6980.459796
0.939014,3,6980.544764
0.808169,3,6990.010538
0.951961,3,6994.59619
0.930767,3,7004.338422
0.972176,3,7009.178218
0.979206,3,7011.966332
0.972614,3,7023.78086
0.938764,3,7031.409139
0.973052,3,7039.047652
0.962995,3,7039.13655
0.958844,3,7045.948927
0.979059,3,7050.602558
0.942152,3,7058.983573
0.908817,3,7069.579503
0.888475,3,7073.769312
0.923112,3,7073.859097
0.919519,3,7077.942529
0.955396,3,7085.228716
0.924746,3,7085.31509
0.78846,3,7091.441744
0.970572,3,7094.905667
0.961149,4,7102.590345
0.991481,3,7107.884393
0.751572,3,7114.988557
0.995059,3,7117.06102
0.979206,3,7120.159718
0.93792,3,7124.284337
0.9894,3,7126.636966
0.94612,3,7132.005157
0.890393,3,7132.101205
0.987916,3,7138.014551
0.981294,3,7138.089109
0.991987,3,7138.17289
0.913056,3,7146.81082
0.939183,3,7146.893543
0.970864,3,7150.125641
0.91429,3,7157.136661
0.931746,3,7164.596231
0.979353,3,7169.12987
0.979353,3,7173.926767
0.981265,3,7177.55425
0.757207,6,7177.771877
0.932305,3,7184.071217
0.913049,3,7184.160203
0.952103,3,7189.589252
0.976124,3,7191.909185
0.91429,3,7198.735068
0.930767,3,7208.281579
0.940598,3,7217.236851
0.916318,3,7217.326276
0.948822,3,7225.370143
0.954679,3,7227.871189
0.939046,3,7234.103482
0.99476,4,7236.080341
0.97276,3,7241.200994
0.986138,3,7246.079518
0.979353,3,7250.33977
0.94212,3,7250.424319
0.99491,3,7253.996477
0.94541,3,7259.267601
0.991183,3,7264.648705
0.93792,3,7271.698977
0.980971,3,7276.603912
0.93595,3,7282.109195
0.954106,3,7286.642814
0.993119,3,7288.518167
0.864786,4,7294.322897
0.975685,3,7299.526315
0.981265,3,7303.125492
0.963226,3,7303.20758
0.729534,3,7325.99559
0.947399,3,7331.126559
0.932165,3,7340.932793
0.927498,3,7341.020361
0.995059,3,7344.681381
0.916591,3,7344.764854
0.941587,3,7353.807447
0.908817,3,7364.651073
0.930594,3,7364.759075
0.914015,3,7368.534105
0.974221,3,7370.652249
0.915932,3,7370.762637
0.890393,3,7370.873196
0.991778,3,7373.056156
0.905141,3,7377.435704
0.973929,3,7380.706706
0.937356,3,7387.667564
0.918796,3,7387.781496
0.953677,3,7395.882322
0.967228,3,7401.407161
0.996404,3,7405.053473
0.991481,3,7408.611464
0.993686,3,7408.684916
0.881933,3,7408.799664
0.918796,3,7408.892712
0.940598,3,7418.118807
0.99297,3,7420.138825
0.95039,3,7426.842848
0.984511,3,7431.001721
0.991778,3,7435.150868
0.953845,3,7435.230906
0.920702,3,7435.318719
0.972614,3,7439.651975
0.975831,3,7445.161683
0.961727,3,7450.832778
0.959131,3,7455.009016
0.970106,3,7459.338832
0.927698,3,7465.508216
0.877293,3,7469.601833
0.986138,3,7474.723779
0.962448,3,7478.52491
0.936255,3,7478.613868
0.97466,3,7483.407265
0.939014,3,7483.495441
0.927726,3,7486.531307
0.986138,3,7489.192049
0.982592,3,7493.767392
0.979646,3,7498.062541
0.959419,3,7500.602927
0.917452,3,7508.685228
0.991183,3,7511.081328
0.956972,3,7511.178649
0.989697,3,7515.152309
0.983359,3,7515.225457
0.915795,3,7515.312095
0.909909,3,7519.608107
0.988064,4,7524.274149
0.969085,3,7524.35423
0.993119,3,7526.236749
0.984511,3,7528.904848
0.795493,3,7529.020021
0.981323,3,7529.094082
0.913049,3,7529.182451
0.873554,3,7529.279722
0.969174,3,7529.360619
0.979353,3,7531.770512
0.967228,3,7537.704222
0.949392,3,7542.898898
0.97276,3,7545.099794
0.911413,3,7550.221601
0.962448,3,7554.260032
0.979059,3,7556.787836
0.845264,3,7564.81127
0.941274,3,7564.888498
0.989697,3,7568.903727
0.99491,3,7570.838808
0.948021,3,7570.922607
0.99297,3,7572.965759
0.889221,3,7576.806388
0.929929,3,7583.064323
0.939611,3,7590.008863
0.947282,3,7590.093458
0.979646,3,7594.11769
0.982887,3,7598.06943
0.753988,3,7604.671561
0.988212,3,7608.479816
0.93792,3,7615.59593
0.984511,3,7617.809492
0.924085,3,7624.425486
0.979353,3,7628.810408
0.981265,3,7632.76134
0.979353,3,7637.155474
0.99297,3,7639.288743
0.984363,3,7644.187167
0.989934,3,7644.274764
0.972614,3,7653.884207
0.987768,3,7655.939072
0.927698,3,7662.109896
0.943709,3,7669.65593
0.993775,3,7669.734402
0.974279,4,7674.449285
0.975831,3,7679.675046
0.948135,3,7679.769754
0.943992,3,7685.79129
0.939183,3,7685.882311
0.936199,3,7685.96706
0.882471,3,7697.176505
0.928728,3,7699.798163
0.970572,3,7703.287412
0.791921,3,7709.14241
0.989994,3,7720.895673
0.973899,3,7723.026394
0.964039,3,7726.464165
0.99491,3,7728.29491
0.945918,3,7728.387836
0.979499,3,7730.44423
0.890129,3,7734.449432
0.996823,3,7734.534895
0.915607,3,7737.896688
0.989548,3,7739.951302
0.925612,3,7747.439887
0.94868,3,7752.738129
0.947399,3,7758.001853
0.938764,3,7765.676278
0.956975,3,7772.458289
0.96216,3,7778.565131
0.982739,3,7780.758922
0.988954,3,7780.840648
0.926724,3,7783.762112
0.95039,3,7791.121629
0.979206,3,7795.989711
0.927281,3,7805.336458
0.959275,3,7807.85927
0.987768,3,7812.012675
0.979206,3,7816.986319
0.969407,3,7819.32556
0.947282,3,7819.420749
0.940598,3,7827.89516
0.989697,3,7830.098916
0.823912,3,7835.505354
0.987916,3,7841.308262
0.969027,3,7841.401339
0.984659,3,7844.875726
0.993686,3,7844.946436
0.989697,3,7847.104514
0.966964,4,7847.226669
0.904598,3,7855.672583
0.980824,3,7861.086037
0.845264,3,7868.898785
0.969057,3,7871.094452
0.953104,3,7873.52413
0.939611,3,7880.463113
0.977884,3,7884.699418
0.955396,3,7891.639911
0.982887,3,7895.290064
0.982739,3,7900.030974
0.99491,4,7903.616056
0.979059,3,7906.575088
0.95039,3,7913.361484
0.995059,3,7915.253719
0.942152,3,7924.014063
0.972087,3,7924.088623
0.905141,3,7928.289649
0.972906,4,7935.977695
0.995059,3,7937.978494
0.991183,3,7940.144157
0.99297,3,7944.035612
0.942011,3,7949.292096
0.993119,3,7951.254441
0.939183,3,7951.334346
0.989697,3,7956.499087
0.961727,3,7962.222329
0.78846,3,7968.211341
0.942152,3,7977.270333
0.953104,3,7979.836913
0.987768,3,7982.182248
0.962995,3,7982.272458
0.909773,3,7987.152222
0.97466,3,7994.453497
0.920014,3,7994.541519
0.954248,3,7997.01519
0.888501,3,8001.051852
0.965369,3,8001.147186
0.961727,3,8006.891453
0.966993,3,8006.967277
0.975273,3,8007.044829
0.729403,5,8029.540348
0.91429,3,8036.101918
0.975685,3,8039.060573
0.99297,3,8042.830464
0.952675,3,8045.197982
0.980029,3,8047.08736
0.981323,3,8047.160114
0.966064,3,8047.254435
0.965487,3,8051.018609
0.940598,3,8059.856135
0.995298,3,8059.930639
0.951043,3,8060.009257
0.986138,3,8065.216818
0.996823,3,8065.29062
0.750468,5,8087.888841
0.93595,3,8093.405619
0.987916,3,8098.172587
0.975977,3,8100.458199
0.957058,3,8100.535627
0.979059,3,8105.251525
0.913056,3,8113.816314
0.956113,3,8118.815319
0.986138,3,8120.827496
0.931017,3,8123.365816
0.93792,3,8130.263644
0.939046,3,8136.399002
0.886153,3,8136.494007
0.918796,3,8136.584368
0.924552,3,8136.673602
0.993447,3,8136.746026
0.956312,3,8136.838795
0.751572,5,8143.962135
0.970106,3,8148.329016
0.787963,3,8154.429629
0.953988,3,8154.509883
0.967808,3,8156.915129
0.995059,3,8160.498123
0.932165,3,8168.818518
0.956975,3,8176.252547
0.961727,3,8178.597246
0.931746,5,8186.071609
0.894653,3,8186.163475
0.936199,3,8186.397897
0.99297,3,8190.034582
0.964039,3,8193.824845
0.98673,3,8196.49095
0.927281,3,8205.505177
0.943001,3,8208.414118
0.962593,3,8210.863207
0.993775,3,8210.934366
0.965487,3,8217.352829
0.95039,3,8224.99477
0.949534,3,8227.772058
0.955396,3,8234.221361
0.984511,3,8236.579686
0.953677,3,8244.439302
0.973052,3,8252.395169
0.882471,3,8263.489607
0.939046,3,8269.624808
0.954535,3,8272.006259
0.942152,3,8280.063966
0.958812,3,8280.155229
0.910073,3,8283.474412
0.907612,3,8283.566912
0.987916,3,8288.945319
0.996404,3,8290.835976
0.963545,4,8295.288386
0.911413,3,8300.081886
0.982739,3,8304.784245
0.935529,3,8311.352373
0.979353,3,8313.843841
0.989697,3,8317.885845
0.949534,3,8320.899472
0.930767,3,8330.621258
0.953677,3,8339.241647
0.932305,3,8348.231719
0.987916,3,8354.03504
0.948964,3,8356.51453
0.967808,3,8358.858504
0.972087,3,8358.933899
0.937356,3,8365.434738
0.993417,3,8367.47097
0.907726,3,8370.488981
0.989994,3,8382.118412
0.972468,3,8385.025382
0.913049,3,8385.130276
0.992076,3,8385.205491
0.979646,3,8389.089674
0.972468,3,8391.992764
0.927281,3,8399.181616
0.942152,3,8407.336124
0.933224,3,8407.424067
0.993119,3,8409.378171
0.886206,3,8409.475808
0.989043,3,8409.552996
0.944134,3,8414.496538
0.939611,3,8421.271124
0.934126,3,8427.69134
0.984659,3,8431.064496
0.939611,3,8437.953441
0.9982,3,8439.882321
0.925052,3,8439.985519
0.894653,3,8440.079807
0.956312,3,8440.160604
0.979353,3,8444.337207
0.965487,3,8450.268162
0.943992,3,8456.107254
0.751572,3,8463.255362
0.952818,3,8465.954005
0.910148,3,8466.039882
0.988064,3,8468.790417
0.937497,3,8474.991426
0.993119,3,8476.755279
0.99491,3,8478.685047
0.94541,3,8483.743794
0.917452,3,8491.344696
0.957262,3,8493.653186
0.982739,3,8498.47664
0.94541,3,8503.512477
0.940598,3,8512.484381
0.972087,3,8512.562326
0.881933,3,8512.657535
0.942152,3,8520.717137
0.957118,3,8524.901167
0.942233,3,8524.979823
0.967228,3,8530.66139
0.990142,4,8533.261105
0.982887,3,8537.281364
0.937297,4,8546.457137
0.989994,3,8549.116823
0.987916,3,8552.648535
0.951961,3,8556.546547
0.938764,3,8564.240475
0.993745,4,8564.333206
0.978177,3,8573.472614
0.99297,3,8575.381722
0.99491,3,8577.195719
0.894653,3,8577.291577
0.890129,3,8581.172063
0.91429,3,8587.709278
0.99491,3,8591.328248
0.932165,3,8600.371215
0.924363,3,8608.178852
0.969873,3,8610.327533
0.788058,4,8629.558735
0.911954,3,8629.648463
0.975273,4,8629.740749
0.991183,3,8633.723886
0.969204,3,8636.004264
0.927281,3,8644.645126
0.987916,3,8650.365017
0.934126,3,8653.885275
0.928395,3,8658.048489
0.989697,3,8660.296457
0.99491,3,8662.094029
0.99491,3,8663.893159
0.984659,3,8669.275599
0.873554,3,8669.394882
0.969611,4,8671.648798
0.926724,3,8677.92665
0.957262,3,8683.315211
0.957118,3,8687.954238
0.987916,3,8691.477373
0.99491,3,8693.400312
0.993119,3,8695.330245
0.920702,3,8695.416546
0.94212,3,8695.505376
0.991778,3,8697.757614
0.989697,3,8701.600443
0.771311,3,8720.732093
0.939611,3,8724.595123
0.945123,3,8724.677167
0.978205,3,8724.754361
0.933982,3,8724.852338
0.958556,3,8727.880728
0.99491,3,8729.909357
0.845264,3,8737.738655
0.950957,3,8737.819632
0.831859,3,8737.923405
0.937356,3,8744.195268
0.945179,3,8744.27638
0.962995,3,8744.367737
0.974075,3,8749.4192
0.970106,3,8753.66394
0.936372,3,8756.756616
0.938764,3,8764.670179
0.927559,3,8767.715371
0.952103,3,8773.057367
0.96106,3,8773.146196
0.927726,3,8776.110926
0.965369,3,8776.198296
0.991183,3,8780.028538
0.969027,3,8780.104713
0.989697,3,8785.283822
0.966035,3,8785.363892
0.948964,3,8787.920778
0.972468,3,8790.368318
0.964183,3,8794.343966
0.987916,3,8796.894633
0.888208,3,8800.803641
0.869446,3,8800.904344
0.996823,3,8800.981153
0.957262,3,8806.358387
0.991183,3,8808.2859
0.966035,3,8808.365167
0.921642,3,8808.449914
0.942152,3,8816.840701
0.954535,3,8819.328303
0.947399,3,8823.928053
0.939046,3,8830.046908
0.980824,3,8835.97397
0.986138,3,8838.721761
0.989994,3,8848.406225
0.948021,3,8848.485137
0.962304,3,8850.840644
0.989994,3,8860.978846
0.986286,3,8865.032175
0.751572,3,8872.094255
0.987916,3,8874.418452
0.94868,3,8879.887782
0.974221,3,8881.971036
0.942152,3,8889.994795
0.97498,3,8890.07195
0.976124,3,8892.258392
0.945179,3,8892.337526
0.940598,3,8901.535724
0.970106,3,8905.788289
0.920702,3,8905.892711
0.979059,3,8908.384161
0.957118,3,8913.107442
0.869394,3,8913.208374
0.932445,3,8916.645379
0.943992,3,8922.381284
0.978177,3,8934.149351
0.954106,3,8938.638384
0.959131,3,8942.706829
0.952818,3,8945.255513
0.974075,3,8950.476116
0.955396,3,8954.88188
0.987768,3,8957.306606
0.983034,3,8959.304728
0.962304,3,8964.426271
0.987768,4,8966.614109
0.965487,3,8972.774077
0.981323,3,8972.848644
0.959935,3,8972.927631
0.982739,3,8977.7236
0.939611,3,8984.709883
0.886153,3,8984.809456
0.99491,3,8986.629596
0.965369,3,8986.715562
0.961727,3,8992.325784
0.989697,3,8994.628466
0.93792,3,9001.544359
0.981265,3,9005.207141
0.948822,3,9012.799255
0.989697,3,9017.945194
0.969057,3,9020.222649
0.965487,3,9022.593193
0.938764,3,9030.48381
0.979499,3,9032.554807
0.960801,3,9032.631287
0.986138,3,9042.824031
0.970572,3,9046.325407
0.962593,3,9051.016529
0.970864,3,9053.396934
0.989697,3,9055.39756
0.972614,3,9057.40993
0.920763,3,9068.074359
0.823467,5,9073.550318
0.977444,3,9075.721468
0.982739,3,9080.497168
0.982887,3,9084.561401
0.948135,3,9084.661183
0.920702,3,9084.77179
0.881933,3,9084.871245
0.987768,3,9089.198392
0.881933,3,9089.294642
0.972906,3,9091.545395
0.965487,3,9097.823263
0.903235,3,9097.915767
0.987916,3,9103.784757
0.980971,3,9108.790248
0.986138,3,9118.597382
0.93961,4,9124.187414
0.991987,3,9124.261109
0.95039,3,9130.80519
0.916263,3,9130.895223
0.913056,3,9139.430178
0.996404,3,9142.974936
0.91563,3,9143.080886
0.972468,3,9146.001288
0.805263,3,9155.28317
0.881933,3,9155.382575
0.951961,3,9159.398903
0.980823,3,9161.260673
0.845264,3,9169.146312
0.920702,3,9169.235353
0.979353,3,9171.495162
0.982739,3,9173.609464
0.933986,3,9183.34944
0.948822,3,9188.403628
0.987768,3,9190.599612
0.996404,3,9192.400912
0.790568,3,9198.206536
0.937216,3,9204.260194
0.913056,3,9212.888628
0.948822,3,9218.478009
0.888768,4,9225.60774
0.955969,3,9600.015203
0.973285,3,9602.134795
0.961727,3,9607.654981
0.991511,3,9607.729581
0.95039,3,9614.374583
0.940598,3,9621.046365
0.966064,3,9621.122712
0.979206,3,9623.964212
0.986138,3,9625.943259
0.976124,3,9628.205944
0.989548,3,9632.206862
0.984244,3,9632.30132
0.943734,3,9635.127087
0.939014,3,9635.215821
0.972468,3,9638.26284
0.987916,3,9641.132556
0.957058,3,9641.213926
0.924363,3,9644.301429
0.987916,3,9650.215392
0.948021,3,9650.299021
0.979646,3,9654.289898
0.954248,3,9656.671025
0.992076,3,9656.743054
0.823121,3,9662.254152
0.98747,3,9662.327093
0.954106,3,9666.814955
0.984511,3,9671.033314
0.984421,3,9671.119581
0.920702,3,9671.204057
0.956113,3,9676.170855
0.907557,3,9676.266476
0.955396,3,9683.103959
0.99297,3,9686.95644
0.928893,3,9687.042974
0.924363,4,9691.812743
0.979353,3,9694.192255
0.961727,3,9699.760497
0.986138,3,9703.487897
0.949534,3,9705.938364
0.964039,3,9709.400366
0.914701,3,9713.559842
0.772933,3,9732.239793
0.848314,3,9745.906955
0.930068,3,9748.953857
0.986138,3,9752.159395
0.987768,3,9754.614986
0.981265,3,9757.221533
0.948021,3,9757.304964
0.991778,3,9761.226278
0.913022,3,9761.337287
0.982739,3,9763.494798
0.974075,3,9768.61398
0.996404,3,9770.41709
0.936372,3,9773.516931
0.979353,3,9777.877431
0.965487,3,9781.387121
0.96317,3,9783.740451
0.97276,3,9788.713262
0.940598,3,9797.850208
0.950957,3,9797.935647
0.996404,3,9799.88254
0.992076,3,9799.957062
0.932165,3,9808.893697
0.94868,3,9814.070395
0.927559,4,9821.388155
0.911954,3,9821.484134
0.948822,3,9829.130445
0.975685,3,9831.987079
0.957058,3,9832.078684
0.942152,3,9840.727107
0.924085,3,9849.91712
0.99297,3,9853.760058
0.964183,3,9858.428305
0.993119,3,9862.372638
0.93961,4,9868.240783
0.881675,3,9873.552884
0.995059,3,9875.54482
0.886153,3,9875.6515
0.948021,3,9875.751278
0.921587,3,9875.84594
0.903235,3,9875.972546
0.982739,3,9880.971499
0.961727,3,9886.822965
0.95039,3,9894.108433
0.93328,3,9894.204075
0.921642,3,9894.290868
0.97276,3,9899.448869
0.890988,3,9907.998245
0.944134,3,9913.132964
0.940598,3,9919.225578
0.99297,3,9923.192842
0.972614,3,9926.671962
0.956113,3,9931.639909
0.795493,6,9936.739327
0.964039,3,9939.252359
0.991332,3,9941.543666
0.932165,3,9950.85688
0.978177,3,9963.420352
0.99491,3,9967.026668
0.9894,3,9969.707889
0.97276,4,9972.330002
0.967228,3,9976.353383
0.96216,3,9983.201891
0.960428,3,9987.793619
0.987916,3,9993.723217
0.920347,3,10000.539974
0.981323,3,10000.633267
0.962304,3,10006.01845
0.753988,3,10013.430636
0.963835,3,10013.513893
0.96216,3,10019.628297
0.951961,3,10024.482169
0.964039,3,10028.473588
0.996404,3,10032.126145
0.929231,3,10039.489616
0.845264,3,10047.976079
0.87246,3,10053.877557
0.991481,3,10058.908757
0.907726,3,10062.074767
0.933986,3,10073.386161
0.950986,3,10073.466709
0.942152,3,10082.110179
0.989697,3,10084.043212
0.970106,3,10088.61986
0.95039,3,10095.818243
0.954535,3,10098.389471
0.921587,3,10098.477263
0.981323,3,10100.582566
0.969407,3,10102.906983
0.972906,3,10113.850734
0.962995,3,10113.935954
0.973052,3,10122.165353
0.960428,3,10126.664047
0.99491,3,10128.464067
0.915795,3,10128.553201
0.984659,3,10134.002098
0.965922,3,10138.746854
0.989697,3,10142.87948
0.981265,3,10146.541575
0.99491,3,10150.241487
0.919519,3,10154.247998
0.972087,3,10154.336865
0.963168,3,10154.414525
0.96375,3,10159.822498
0.920702,3,10159.933614
0.981265,3,10163.807719
0.955826,3,10170.869899
0.989697,3,10176.283822
0.965487,3,10178.723637
0.930594,3,10178.811758
0.981323,3,10178.890079
0.99297,3,10182.748251
0.93595,3,10188.414959
0.993268,3,10192.237138
0.93961,3,10195.43863
0.976124,3,10197.710274
0.991778,3,10200.051389
0.921587,3,10200.151125
0.877786,3,10200.273124
0.961727,3,10205.720332
0.758412,4,10212.446182
0.916263,3,10212.556699
0.984511,3,10214.979709
0.986286,3,10217.73729
0.932305,3,10227.683578
0.972233,3,10227.764205
0.771403,3,10235.277171
0.96216,3,10241.560253
0.958988,3,10246.638719
0.982739,3,10248.942395
0.955396,3,10253.25052
0.791921,3,10259.20948
0.924085,3,10266.01683
0.942176,3,10266.097287
0.934126,3,10269.587741
0.991183,3,10271.700868
0.845264,3,10279.608857
0.955396,3,10283.991438
0.967228,3,10289.521501
0.993119,3,10291.407195
0.961727,3,10296.969965
0.989697,3,10298.936725
0.934126,3,10305.138127
0.962015,3,10312.27144
0.982887,3,10314.524086
0.771403,3,10322.144889
0.959935,3,10322.226362
0.932305,3,10328.83911
0.989697,3,10332.760268
0.981323,3,10334.867732
0.942152,3,10344.261129
0.936255,3,10344.351687
0.967808,3,10346.765792
0.936199,3,10346.868646
0.93792,3,10354.314188
0.771403,5,10362.238638
0.974221,3,10364.850818
0.99491,3,10366.697978
0.933084,5,10366.85637
0.969057,3,10369.204965
0.961727,3,10375.171966
0.972176,3,10380.305601
0.987916,3,10382.75876
0.927698,3,10388.781945
0.939893,3,10398.7256
0.863497,3,10403.253556
0.772933,3,10423.225155
0.913056,3,10432.598347
0.99491,3,10436.623128
0.969027,3,10436.726813
0.927698,3,10443.002827
0.845264,3,10451.20728
0.927081,4,10451.758835
0.772933,3,10472.335887
0.982887,3,10474.677762
0.882471,3,10485.996451
0.930399,3,10486.086451
0.982739,3,10490.882596
0.979353,3,10493.593706
0.913056,3,10502.70986
0.988064,3,10505.330278
0.98673,3,10508.387835
0.900399,4,10513.367554
0.939611,3,10521.219481
0.948822,3,10526.761084
0.959131,3,10530.861276
0.772933,3,10549.727416
0.99491,3,10551.561146
0.882471,4,10563.245327
0.987916,3,10568.705884
0.757821,3,10568.84199
0.991481,3,10573.866416
0.948964,3,10577.06847
0.98673,3,10579.766325
0.96375,3,10585.008477
0.890988,3,10594.124905
0.944473,3,10596.664602
0.981323,3,10596.742157
0.989994,3,10599.390722
0.923669,3,10602.633841
0.99297,3,10604.524885
0.869446,3,10604.641895
0.981265,3,10610.507381
0.948021,3,10610.599808
0.961727,3,10613.933306
0.965487,3,10620.563378
0.969085,3,10620.661147
0.958988,3,10626.27972
0.965659,3,10626.361502
0.94612,3,10632.144789
0.894653,3,10632.24069
0.975977,3,10637.360826
0.954219,3,10639.704833
0.933986,3,10650.016797
0.99491,3,10651.856469
0.882471,3,10663.265481
0.974075,3,10668.358192
0.943285,3,10677.545939
0.945066,3,10677.650801
0.843743,3,10685.832398
0.977444,3,10691.169423
0.979059,3,10694.255841
0.962304,3,10696.745232
0.981265,3,10699.135759
0.993119,3,10700.969915
0.931746,3,10708.727429
0.970804,3,10711.236777
0.976124,3,10713.476064
0.956975,3,10720.431184
0.788555,8,10740.006614
0.753988,3,10746.812723
0.989697,3,10748.865697
0.94612,3,10751.752534
0.993686,3,10751.822549
0.967228,3,10757.398055
0.881675,3,10762.807578
0.946262,3,10768.510175
0.811085,3,10785.244318
0.913056,3,10794.387535
0.979646,3,10798.353921
0.863575,3,10802.846699
0.916264,6,10810.882629
0.987768,3,10813.195284
0.94868,3,10817.503693
0.927753,3,10820.160421
0.977884,3,10829.548501
0.913056,4,10838.868481
0.895681,3,10842.454408
0.981323,3,10842.552349
0.950986,3,10842.635565
0.979353,3,10844.741476
0.938483,3,10854.992584
0.975185,3,10855.092799
0.919106,3,10865.786759
0.945066,3,10865.893633
0.932445,3,10869.888559
0.978177,3,10881.916777
0.967373,3,10884.592798
0.96011,3,10889.300919
0.944134,3,10894.278554
0.981265,3,10898.370865
0.982739,3,10903.430985
0.93595,3,10908.838758
0.953988,3,10908.919377
0.981265,3,10912.659706
0.996404,3,10914.456419
0.964183,3,10918.683108
0.956972,3,10918.763558
0.94868,3,10923.945613
0.729622,3,10932.831841
0.919519,3,10936.697435
0.989697,3,10940.732316
0.929231,3,10947.501448
0.948964,3,10950.628239
0.945179,3,10950.710272
0.966064,3,10950.787581
0.948822,3,10958.510329
0.986286,3,10962.609136
0.953677,3,10970.454967
0.969027,3,10970.529975
0.984244,3,10970.605087
0.771311,7,11010.806285
0.940598,3,11016.723322
0.953963,3,11019.774043
0.907832,3,11019.864578
0.984511,3,11022.115805
0.989875,3,11024.018415
0.945066,3,11024.100345
0.981265,3,11029.535747
0.951043,3,11029.615566
0.992106,3,11029.692202
0.967228,3,11035.54496
0.751955,4,11042.458103
0.92564,4,11045.529942
0.981323,3,11045.605399
0.881675,3,11050.424132
0.96317,3,11052.80617
0.973052,3,11060.699453
0.947399,3,11065.187303
0.947399,3,11070.017461
0.966064,3,11070.096831
0.986138,3,11072.017582
0.921642,3,11072.10513
0.933224,3,11072.20413
0.970106,3,11076.600193
0.811085,3,11092.324141
0.980529,3,11094.308102
0.986138,3,11097.441703
0.972614,3,11101.755368
0.972614,3,11103.909808
0.972087,3,11103.98495
0.980971,3,11108.84623
0.977884,3,11116.734126
0.930767,3,11126.128274
0.991778,3,11128.445267
0.952675,3,11133.499493
0.921587,3,11133.58304
0.986138,3,11136.742821
0.987916,3,11142.583108
0.970572,3,11147.909103
0.989697,3,11153.084812
0.967228,3,11158.708908
0.993119,3,11162.353297
0.974221,3,11164.447538
0.859097,3,11169.045968
0.981323,3,11169.119005
0.913056,3,11177.833513
0.895681,3,11181.323001
0.978177,3,11193.175344
0.948021,3,11193.27781
0.978177,3,11205.206645
0.964039,3,11209.036617
0.972468,3,11211.434746
0.981118,3,11214.085734
0.920763,3,11223.684257
0.989548,3,11227.341719
0.920702,3,11227.430678
0.944756,3,11227.511127
0.943285,3,11236.726363
0.918796,3,11236.815786
0.979059,3,11241.301758
0.848314,3,11254.873165
0.954248,3,11257.2637
0.965487,3,11263.467893
0.961118,3,11263.56108
0.993119,3,11265.387673
0.92564,3,11268.470627
0.811085,5,11284.635546
0.958988,4,11290.018611
0.942233,3,11290.114446
0.966035,3,11290.191586
0.99297,3,11293.750936
0.975977,3,11296.013089
0.970864,3,11298.415526
0.991332,3,11302.219197
0.939046,3,11308.244889
0.977444,3,11310.501424
0.921587,3,11310.60315
0.980499,3,11314.642729
0.969085,3,11314.733259
0.940598,3,11323.99534
0.939187,3,11330.48313
0.99297,3,11334.301339
0.826734,3,11339.390423
0.956113,3,11341.943726
0.961727,3,11347.466283
0.924552,3,11347.549988
0.948249,3,11347.628772
0.979206,3,11350.384768
0.95039,3,11358.235191
0.984421,3,11358.309036
0.991332,3,11360.370893
0.966993,3,11360.44919
0.771311,3,11379.585094
0.927281,3,11388.089995
0.989697,3,11391.282728
0.977884,3,11398.944157
0.827603,4,11403.807898
0.916318,3,11403.899585
0.972174,3,11403.987386
0.979353,3,11406.234826
0.938764,3,11413.815403
0.969085,3,11413.894181
0.961727,3,11419.510589
0.938621,6,11426.189698
0.954106,3,11431.0682
0.943992,3,11436.811135
0.967373,3,11441.606332
0.92353,3,11444.985322
0.965253,3,11449.368338
0.96375,3,11451.961344
0.974075,3,11456.894163
0.975685,3,11459.747512
0.992076,3,11459.819792
0.877733,4,11459.949352
0.952103,3,11463.193184
0.969027,3,11463.268628
0.888475,3,11467.171861
0.894653,3,11467.270469
0.926724,3,11470.633727
0.938141,3,11470.717585
0.982887,3,11474.35868
0.93328,3,11474.449025
0.987768,3,11478.864422
0.987768,3,11481.181972
0.97466,3,11486.528961
0.948964,3,11489.734496
0.95039,3,11496.909545
0.729534,3,11506.02628
0.99491,3,11507.885228
0.939183,3,11507.98183
0.991481,3,11512.745362
0.96216,4,11519.338847
0.958556,3,11522.941421
0.751279,3,11529.78943
0.955396,3,11534.255678
0.881933,3,11534.361593
0.984511,3,11536.37285
0.979206,3,11538.888154
0.909909,3,11542.099781
0.952103,3,11547.638088
0.989697,3,11552.828764
0.903235,3,11552.91993
0.95039,3,11560.036783
0.975831,3,11565.596139
0.996823,3,11565.668463
0.988212,3,11573.806943
0.920763,3,11583.32477
0.965487,3,11589.350301
0.913056,3,11597.991522
0.911954,3,11598.079859
0.955396,3,11604.798263
0.959275,3,11620.919855
0.927281,3,11630.261441
0.981265,3,11634.314077
0.989697,3,11639.506103
0.942152,3,11648.209606
0.99491,3,11651.726391
0.939046,3,11657.829738
0.986138,3,11659.741147
0.979646,3,11663.571813
0.890129,3,11667.41201
0.984511,3,11670.398549
0.97276,3,11674.871642
0.845264,3,11682.789898
0.989548,3,11684.738962
0.961727,3,11690.229398
0.977444,3,11692.395853
0.790568,3,11698.39835
0.965922,3,11700.890025
0.982887,3,11703.117601
0.988064,3,11707.621746
0.977884,3,11716.47055
0.96375,3,11720.19314
0.975977,3,11722.328801
0.823912,3,11727.604793
0.942294,3,11733.464517
0.913056,3,11742.09516
0.940598,3,11751.267761
0.907726,3,11754.263601
0.975831,3,11759.574617
0.948021,3,11759.658322
0.979353,3,11764.116365
0.987768,3,11766.506544
0.932305,3,11775.954775
0.993417,3,11779.802402
0.958844,3,11786.576652
0.943992,3,11792.597358
0.795493,3,11792.708698
0.972291,3,11792.792425
0.980971,3,11797.71154
0.93961,3,11800.722799
0.989697,3,11804.87882
0.965487,3,11810.913231
0.948135,3,11810.992417
0.808169,3,11820.236372
0.991481,3,11823.738743
0.982739,3,11828.572003
0.965253,3,11832.846017
0.969085,3,11833.080358
0.987916,3,11838.814506
0.927281,3,11847.919745
0.937356,3,11854.462704
0.890988,3,11859.188296
0.989697,3,11863.134855
0.913049,3,11863.221
0.9982,3,11865.148829
0.987916,3,11867.790146
0.986138,3,11872.947181
0.947115,3,11878.371844
0.973052,3,11886.245955
0.958988,3,11891.255225
0.986286,3,11894.094918
0.939014,3,11894.194001
0.981265,3,11897.88209
0.993119,3,11899.846543
0.987768,3,11902.109533
0.99491,3,11905.634965
0.99491,3,11907.558192
0.938764,3,11915.784671
0.86393,5,11920.532821
0.989994,3,11923.196905
0.955396,3,11927.308517
0.969204,3,11929.492927
0.962737,3,11933.864522
0.930399,3,11933.950983
0.981265,3,11937.652636
0.972906,3,11945.557896
0.956484,3,11945.636378
0.932305,3,11955.173943
0.91089,3,11955.26434
0.939611,3,11962.119505
0.898988,3,11962.213148
0.986138,3,11965.164872
0.934378,3,11967.893911
0.977884,3,11971.928407
0.987916,3,11976.491234
0.970572,3,11979.854972
0.973899,3,11982.070362
0.848314,3,11995.354359
0.918714,3,11995.440534
0.97025,3,11995.518118
0.956312,3,11995.600811
0.944134,3,12001.04606
0.904053,3,12001.130308
0.979646,3,12004.968235
0.921587,3,12005.053524
0.959563,3,12007.487622
0.939611,3,12014.361872
0.952675,3,12017.0353
0.993119,3,12018.954607
0.982887,4,12021.102412
0.94212,3,12021.184479
0.931746,3,12028.610522
0.989548,3,12032.379762
0.972176,3,12037.129391
0.921642,3,12037.236791
0.963226,3,12037.325112
0.974075,3,12042.189531
0.970572,3,12045.564526
0.989697,3,12049.297652
0.95039,3,12055.928011
0.956975,3,12062.575995
0.942152,3,12071.11571
0.93961,3,12074.31144
0.958984,3,12074.385575
0.942152,3,12082.504815
0.94868,3,12087.02018
0.901855,5,12091.769093
0.97276,3,12096.827691
0.937356,3,12103.479312
0.970572,3,12106.870206
0.933986,3,12116.637269
0.993119,3,12118.47198
0.952818,3,12121.108935
0.966064,3,12121.185086
0.956312,3,12121.265365
0.937216,3,12127.416184
0.939183,3,12127.499564
0.955396,4,12131.856524
0.969698,3,12139.371218
0.96216,3,12145.150426
0.99491,3,12146.884706
0.965369,3,12146.963161
0.942859,3,12149.837502
0.750851,4,12156.53508
0.980971,3,12161.479581
0.945123,3,12161.558151
0.969698,3,12168.845523
0.974221,3,12170.934916
0.93792,3,12177.830823
0.955969,3,12182.828621
0.9894,3,12185.162557
0.930399,3,12185.246409
0.942152,3,12190.74097
0.915795,3,12190.824862
0.966064,3,12190.900232
0.989697,3,12192.955793
0.924363,3,12199.771611
0.99297,3,12201.847727
0.986286,3,12205.947521
0.970572,3,12209.270396
0.986138,3,12212.914013
0.751279,3,12219.816324
0.933224,3,12219.898481
0.989697,3,12221.838646
0.942294,3,12224.360511
0.962737,3,12226.80498
0.972906,3,12234.466438
0.969027,3,12234.543602
0.931186,3,12240.945029
0.869394,4,12241.06574
0.942294,3,12247.211688
0.966064,3,12247.288721
0.954106,3,12252.215195
0.845264,3,12260.050017
0.915932,3,12260.15943
0.904597,3,12263.235126
0.954106,3,12267.544822
0.987916,3,12273.417943
0.948964,3,12279.000132
0.956113,3,12281.679105
0.823664,5,12286.949306
0.948249,4,12287.053751
0.979206,3,12292.007895
0.933986,3,12301.929368
0.979059,3,12304.458591
0.915932,3,12304.543387
0.882471,3,12315.513973
0.957118,3,12320.027517
0.97498,3,12320.117111
0.924552,3,12320.201273
0.927498,3,12320.287482
0.955396,3,12324.773856
0.990439,3,12324.847101
0.989548,3,12328.724927
0.996823,3,12328.798479
0.989994,3,12338.572048
0.938764,3,12346.235555
0.979206,3,12350.933568
0.956113,3,12355.994841
0.915795,3,12356.232575
0.979646,3,12360.500201
0.914015,3,12367.170432
0.96216,3,12373.069266
0.882471,3,12383.917938
0.979353,3,12752.063145
0.964039,3,12755.890618
0.989697,3,12759.660056
0.930315,3,12759.743552
0.96106,3,12759.82143
0.956975,3,12766.651084
0.982739,3,12768.593428
0.984511,3,12770.616516
0.927281,3,12779.791268
0.954679,3,12782.230469
0.939611,3,12789.071089
0.979059,3,12791.694236
0.928395,3,12795.953822
0.907612,4,12796.064713
0.942294,3,12798.679402
0.888501,3,12802.648812
0.967373,3,12805.256678
0.722994,3,12818.376131
0.940598,3,12827.186076
0.979059,3,12829.788673
0.969204,3,12832.237529
0.973052,3,12840.046179
0.988064,3,12844.504014
0.979646,3,12848.389043
0.913049,3,12848.471052
0.97466,3,12853.778004
0.99491,3,12857.161253
0.929534,3,12857.248919
0.973285,3,12859.342002
0.936255,3,12859.44459
0.933145,3,12861.997245
0.977884,3,12866.090516
0.975685,3,12868.275127
0.960456,3,12870.392483
0.97466,3,12875.163424
0.969057,3,12877.434125
0.962304,3,12880.364253
0.918796,3,12880.472205
0.93328,3,12880.564107
0.979353,3,12882.888547
0.932305,3,12891.944718
0.991332,3,12895.804471
0.97276,3,12900.751333
0.881675,3,12905.806379
0.9982,3,12907.677375
0.969057,3,12909.939632
0.942176,3,12910.021186
0.965487,3,12916.213506
0.99491,3,12918.018776
0.966064,3,12918.109426
0.956113,3,12923.050423
0.99491,3,12924.868078
0.987768,3,12927.09122
0.890988,3,12931.901811
0.982592,3,12935.071522
0.965487,3,12941.112317
0.991183,3,12945.125227
0.973052,3,12952.418602
0.964039,3,12957.606269
0.939611,3,12964.527979
0.864656,3,12964.623372
0.965253,3,12968.684469
0.982592,3,12971.533446
0.859432,3,12976.137402
0.953963,3,12979.201206
0.948822,3,12984.814725
0.988509,3,12989.219358
0.918796,3,12989.305525
0.869446,3,12989.404928
0.969698,3,12996.895289
0.969057,3,12999.130417
0.964039,3,13001.9958
0.915795,3,13002.082121
0.94868,3,13006.109353
0.986138,3,13008.176045
0.995298,4,13008.288709
0.943734,3,13013.452666
0.955396,3,13017.596122
0.970134,3,13017.675069
0.965922,3,13019.927928
0.991183,3,13023.859089
0.989548,4,13025.925684
0.913056,3,13034.586985
0.934126,3,13038.165442
0.972174,3,13038.241492
0.952103,3,13043.670886
0.972176,3,13048.384705
0.980971,3,13053.238741
0.982887,3,13055.502635
0.977444,3,13058.543498
0.948249,3,13058.623265
0.850149,4,13071.999732
0.936255,3,13072.086202
0.937356,3,13078.366659
0.987916,3,13084.306678
0.934126,3,13087.804543
0.981265,3,13093.386311
0.956975,3,13099.62868
0.963226,3,13099.705705
0.993119,3,13103.268907
0.969117,3,13108.424428
0.975273,4,13108.67295
0.945179,3,13108.751332
0.972468,3,13111.201364
0.729534,3,13133.525
0.913056,3,13142.078444
0.982592,3,13144.670887
0.930594,3,13144.755685
0.910073,3,13147.938658
0.979735,3,13149.976946
0.772933,3,13168.650043
0.982887,3,13172.729619
0.863497,3,13176.828196
0.913056,3,13185.553553
0.948021,3,13185.633811
0.982592,3,13188.6308
0.989697,3,13190.570228
0.930399,3,13190.654759
0.882471,3,13201.582511
0.987916,3,13207.429762
0.961727,3,13212.686629
0.924363,3,13217.548427
0.981323,3,13219.491108
0.961264,3,13221.735345
0.750851,3,13228.392967
0.964039,3,13233.909241
0.959563,3,13236.312043
0.920702,3,13236.396901
0.882471,3,13247.240642
0.845264,3,13255.009242
0.863419,4,13259.048483
0.962304,3,13264.228923
0.99491,3,13267.659632
0.991183,3,13271.889407
0.969204,3,13274.163169
0.916263,3,13274.249254
0.954219,3,13276.509056
0.988212,3,13284.635513
0.94868,3,13289.372281
0.823664,4,13294.766733
0.967808,3,13297.162595
0.913049,3,13297.271648
0.933145,3,13299.818807
0.977444,3,13302.088893
0.95039,3,13309.778993
0.939611,3,13316.666008
0.993417,3,13318.753543
0.981323,4,13318.851839
0.972468,3,13323.337921
0.924085,3,13330.260034
0.943992,3,13336.058229
0.986286,3,13340.023736
0.927142,3,13346.109381
0.99491,3,13349.694781
0.948822,3,13355.218173
0.993686,3,13355.290829
0.96375,3,13360.440349
0.990439,3,13360.513866
0.907557,3,13360.604296
0.967228,3,13365.881814
0.959935,3,13365.964294
0.945066,3,13366.047766
0.980971,3,13371.010318
0.916591,3,13371.092969
0.979499,3,13373.302367
0.865123,3,13373.397212
0.940598,3,13382.197438
0.948964,3,13387.791172
0.929092,3,13397.223199
0.980499,3,13401.117678
0.931746,3,13408.444232
0.967373,3,13413.320142
0.980499,3,13417.25034
0.924363,3,13421.989322
0.894653,3,13422.081216
0.938764,3,13430.393825
0.969027,3,13430.471697
0.960428,3,13434.767724
0.953677,3,13442.621329
0.877786,3,13442.721416
0.970572,3,13446.018348
0.987768,3,13448.372382
0.948964,3,13453.799046
0.950986,3,13453.87908
0.811085,3,13469.711423
0.984511,3,13472.203316
0.96375,3,13477.298457
0.927498,4,13477.401475
0.986138,3,13482.385451
0.989697,3,13486.125092
0.881933,3,13486.22149
0.980971,3,13491.131709
0.939187,3,13496.737126
0.954106,3,13500.965678
0.940598,3,13510.086156
0.989043,3,13510.159934
0.882657,3,13510.251788
0.99491,3,13512.014756
0.890446,3,13512.110935
0.965487,3,13518.525542
0.975831,3,13523.694957
0.926863,5,13530.22553
0.950986,3,13530.301878
0.920702,3,13530.387508
0.919519,3,13534.400404
0.927582,3,13534.481045
0.795493,3,13534.591022
0.981323,3,13534.66528
0.989043,3,13534.745682
0.94212,3,13534.829999
0.961727,3,13540.340747
0.97466,3,13545.583051
0.989697,3,13547.51801
0.975273,3,13547.593531
0.881675,3,13552.639497
0.989875,3,13554.445827
0.751279,3,13561.317649
0.991778,3,13563.528823
0.933285,3,13566.492663
0.907726,3,13569.654662
0.936255,3,13569.741105
0.936255,4,13569.840415
0.942233,3,13569.939272
0.990469,3,13570.015091
0.954049,5,13572.442854
0.972468,3,13574.729652
0.936255,3,13574.809023
0.920763,3,13584.210976
0.913218,3,13584.294684
0.924363,3,13591.009357
0.886153,3,13591.106392
0.944134,3,13595.952625
0.933224,3,13596.036074
0.972291,3,13596.108893
0.956972,3,13596.188197
0.970864,3,13598.587582
0.988064,3,13601.357844
0.961118,3,13601.437428
0.848314,3,13607.001036
0.972614,3,13611.290633
0.939014,3,13611.372751
0.951961,3,13615.552337
0.995059,3,13617.381173
0.975685,3,13620.289871
0.772933,3,13639.201262
0.971592,4,13647.099612
0.956113,3,13652.02276
0.958988,3,13657.074048
0.957262,3,13662.34618
0.943285,3,13671.238652
0.972291,3,13671.31396
0.955396,3,13675.696645
0.927142,3,13682.708711
0.944134,3,13687.755304
0.956139,3,13687.836265
0.982739,3,13690.05276
0.982887,3,13693.281393
0.95039,3,13700.600888
0.988064,3,13703.061743
0.907726,3,13706.297704
0.995059,3,13708.139128
0.96375,3,13713.19236
0.974221,3,13715.282243
0.873554,3,13715.386937
0.910421,3,13715.469371
0.969027,4,13715.56776
0.931746,3,13722.827672
0.979353,3,13727.618876
0.969262,3,13729.881385
0.979206,3,13734.504106
0.970572,3,13740.188598
0.987916,3,13743.541103
0.977884,3,13751.12916
0.989697,3,13754.897143
0.97997,3,13759.020736
0.964039,3,13761.692388
0.975977,3,13765.999137
0.920347,3,13772.355544
0.979646,3,13776.641037
0.986138,3,13781.881512
0.915932,3,13781.96698
0.939611,3,13788.866918
0.949534,3,13791.590897
0.927281,3,13800.718419
0.895681,4,13804.25787
0.99297,3,13808.086973
0.987768,3,13810.630508
0.981265,3,13814.282515
0.969057,3,13816.554906
0.973052,3,13823.894943
0.845264,3,13831.669815
0.930767,3,13840.994637
0.959275,3,13854.55657
0.975685,3,13856.837593
0.996823,3,13856.908061
0.977884,3,13865.56125
0.927559,3,13870.023916
0.919519,3,13873.999942
0.915932,3,13874.110597
0.989994,3,13883.049211
0.979646,3,13887.334418
0.975977,3,13891.65152
0.987916,3,13894.365873
0.953677,3,13902.395747
0.956113,3,13904.994864
0.960887,3,13905.076743
0.986286,3,13909.034633
0.986138,3,13911.78675
0.937356,3,13918.196237
0.959131,3,13922.626593
0.939046,3,13928.880574
0.772933,3,13947.634394
0.944134,3,13952.443585
0.973285,3,13954.569277
0.932445,3,13957.377461
0.971649,4,13959.640388
0.915795,3,13959.72836
0.988064,3,13962.384407
0.945066,3,13962.463398
0.880883,3,13968.942116
0.996823,3,13969.023956
0.989994,3,13978.857243
0.966035,4,13978.958808
0.978205,3,13979.045653
0.99491,3,13980.92511
0.979735,3,13982.867054
0.99491,3,13984.755121
0.987916,3,13990.089858
0.991987,3,13990.162424
0.95039,3,13997.797596
0.958525,3,14000.160145
0.9982,3,14002.085192
0.987768,3,14004.52153
0.980971,3,14009.37248
0.927281,3,14017.981808
0.957262,3,14020.929854
0.980824,3,14026.657458
0.939611,3,14033.600153
0.918796,3,14033.688035
0.904597,3,14036.724113
0.989697,3,14041.968402
0.974075,3,14046.786249
0.961727,3,14052.345256
0.955969,3,14055.100465
0.967228,3,14061.367473
0.96375,3,14066.33799
0.945066,3,14066.421237
0.898988,4,14066.533626
0.886073,4,14067.103649
0.989697,3,14071.308878
0.918714,3,14071.412421
0.96375,3,14076.566016
0.955396,3,14081.125994
0.978177,3,14092.871197
0.771403,4,14100.194063
0.94541,3,14105.442165
0.991778,3,14109.597953
0.886399,3,14113.393039
0.918714,3,14113.479128
0.99491,3,14116.938772
0.913056,3,14125.553246
0.956972,3,14125.634744
0.895681,3,14133.992976
0.974221,3,14138.516228
0.963168,3,14138.594559
0.771311,3,14157.621013
0.981265,3,14161.257074
0.981265,3,14164.789015
0.955396,3,14169.272546
0.910148,3,14169.35661
0.913056,3,14178.057709
0.993417,3,14180.135951
0.937356,3,14186.857149
0.791921,3,14192.571337
0.936255,3,14192.675396
0.947399,3,14197.89485
0.991481,3,14201.357504
0.913056,3,14209.98665
0.978177,3,14219.235061
0.996823,3,14219.308895
0.984511,3,14221.913005
0.956972,3,14221.991319
0.952675,3,14224.794833
0.959131,3,14228.849581
0.937216,3,14234.955011
0.929929,3,14238.094367
0.845264,3,14245.869899
0.981294,3,14245.944387
0.905141,3,14250.290389
0.984511,3,14254.758205
0.987916,3,14258.19769
0.953733,3,14262.95013
0.939187,3,14268.56429
0.962995,3,14268.643506
0.772933,3,14287.339103
0.845264,3,14295.205671
0.975685,3,14300.078216
0.979499,3,14302.123666
0.941809,4,14302.501802
0.913056,3,14311.120934
0.990439,3,14311.193952
0.94212,4,14311.295389
0.974075,3,14316.272362
0.972614,3,14325.686615
0.962304,3,14328.505253
0.99491,3,14332.168932
0.943734,3,14337.330986
0.969027,3,14337.412807
0.924363,3,14340.38938
0.906309,3,14343.357471
0.913056,3,14352.090984
0.882471,3,14362.841212
0.927498,3,14362.924554
0.982887,3,14365.085734
0.972176,3,14369.926423
0.958988,3,14375.029365
0.982739,3,14379.858363
0.930428,4,14379.963187
0.942176,3,14380.041301
0.913056,3,14388.577371
0.993775,3,14388.650643
0.984659,3,14391.942586
0.942152,3,14400.102042
0.953677,3,14407.572044
0.948021,3,14407.671567
0.729534,5,14441.411198
0.751279,3,14448.280319
0.951961,3,14452.598401
0.94868,3,14457.347409
0.990142,3,14461.763942
0.972468,3,14464.800161
0.959563,3,14467.098409
0.954106,3,14471.536491
0.987768,3,14473.844529
0.936255,3,14473.940481
0.975977,3,14476.509398
0.913056,3,14485.221684
0.942152,3,14493.250198
0.972614,3,14504.905805
0.918796,3,14504.994965
0.967228,3,14510.259969
0.986138,3,14515.20383
0.92742,3,14521.835001
0.929231,3,14525.640354
0.952103,3,14531.428417
0.856986,3,14536.349416
0.907612,3,14536.439485
0.94612,3,14539.578557
0.937831,3,14539.667696
0.756367,4,14546.88377
0.967228,3,14551.168946
0.993119,3,14555.102256
0.990439,3,14555.179036
0.939893,3,14565.469602
0.986138,3,14570.799322
0.958987,3,14570.897522
0.959935,3,14570.977713
0.987768,3,14573.47822
0.996404,3,14577.139639
0.972614,3,14588.890673
0.845264,3,14597.478539
0.974221,3,14599.706154
0.986138,3,14609.751143
0.938764,3,14618.332454
0.918796,3,14618.443736
0.907726,3,14625.345488
0.957118,3,14629.604595
0.918714,3,14629.686661
0.959131,3,14634.428524
0.939183,3,14634.508576
0.87246,3,14640.187455
0.933986,3,14650.734399
0.890393,3,14650.827605
0.939611,3,14657.91603
0.951043,3,14658.005736
0.913056,3,14666.98769
0.987916,3,14673.134757
0.965922,3,14675.327373
0.991481,3,14679.015996
0.959419,3,14681.754926
0.948964,3,14684.886932
0.987916,3,14690.741468
0.966064,3,14690.828371
0.996404,3,14692.929047
0.975831,3,14698.389828
0.982887,3,14700.651808
0.939187,3,14706.471504
0.983123,3,14708.541794
0.890129,3,14712.487798
0.949534,3,14715.286999
0.882471,3,14726.311331
0.989043,3,14726.395242
0.993775,3,14726.470999
0.972614,3,14738.486065
0.978205,3,14738.56562
0.939611,3,14745.748798
0.993268,3,14749.59141
0.956484,3,14749.672344
0.954248,3,14752.175859
0.991778,3,14754.433174
0.981118,3,14757.765699
0.877786,3,14757.875814
0.907557,3,14757.986028
0.881933,3,14758.0909
0.951961,3,14762.441963
0.989697,3,14764.599274
0.96375,3,14769.734914
0.96746,3,14772.020317
0.845264,3,14780.050074
0.913049,3,14780.13873
0.977884,3,14787.59525
0.961727,3,14793.020864
0.961727,3,14798.519834
0.882471,3,14809.594243
0.937356,3,14816.041542
0.972176,3,14821.024458
0.961727,3,14826.740237
0.920763,3,14836.402217
0.811085,3,14852.719985
0.956113,3,14857.905584
0.962448,3,14861.629835
0.992076,3,14861.706549
0.961727,3,14867.463196
0.989697,3,14871.574823
0.882471,3,14883.500009
0.943734,3,14886.245051
0.980029,3,14888.358462
0.970572,3,14891.886388
0.981323,3,14891.960181
0.965487,3,14895.819091
0.95039,3,14903.724319
0.989697,3,14905.753036
0.974075,3,14910.943688
0.929092,3,14920.520936
0.981323,3,14922.515174
0.927142,3,14926.438874
0.974221,3,14928.874935
0.751572,3,14936.81206
0.990439,3,14936.898945
0.995059,3,14938.976824
0.939046,3,14945.637391
0.942011,3,14951.594331
0.99491,3,14953.514104
0.959131,3,14957.818451
0.996404,3,14959.523443
0.91563,3,14959.609528
0.972468,3,14962.617359
0.953677,3,14970.582369
0.991183,3,14974.660292
0.863575,3,14979.170407
0.972614,3,14989.177663
0.982887,4,14993.315768
0.895681,3,15002.246352
0.930767,3,15012.341666
0.970864,3,15014.726215
0.972614,3,15018.199332
0.961727,3,15023.914638
0.845264,3,15032.019623
0.961727,3,15037.586202
0.972468,3,15040.914428
0.993775,3,15041.006729
0.918796,3,15041.092811
0.981265,3,15045.204764
0.811085,3,15061.378521
0.99491,3,15065.079956
0.972087,3,15065.164637
0.979206,3,15067.884723
0.979059,3,15070.574258
0.962995,3,15070.654064
0.942176,3,15070.737926
0.929929,3,15076.854407
0.977884,3,15081.107373
0.97276,4,15086.339168
0.989875,3,15088.329498
0.963168,3,15088.452475
0.925751,3,15095.780565
0.95039,3,15100.585172
0.96216,3,15107.386122
0.986286,3,15111.494261
0.953677,3,15120.372555
0.961727,3,15125.895168
0.967373,3,15130.948145
0.831236,6,15136.353939
0.95039,3,15143.352387
0.948964,3,15149.031008
0.907862,3,15152.694042
0.984511,3,15154.86963
0.910148,3,15154.953252
0.826734,3,15160.415334
0.937356,3,15167.44302
0.929231,3,15171.084245
0.948135,3,15171.165514
0.975685,3,15179.867532
0.98673,3,15182.597006
0.984421,3,15182.670152
0.969057,3,15184.888441
0.947453,3,15184.972181
0.894653,3,15185.06706
0.981118,3,15187.605044
0.933986,3,15198.329349
0.993417,3,15200.435562
0.939187,3,15206.266946
0.99491,3,15208.237336
0.986138,3,15210.17643
0.967808,3,15212.773573
0.913056,4,15222.006951
0.910148,3,15222.098789
0.97466,3,15226.997505
0.954106,3,15231.881599
0.981265,3,15235.638398
0.986138,3,15240.560477
0.845264,3,15248.455487
0.956484,3,15248.545327
0.993775,3,15248.618983
0.920702,3,15248.710202
0.993119,3,15250.703497
0.886372,3,15250.806704
0.956972,3,15250.889397
0.969057,3,15253.107016
0.940598,3,15261.870067
0.973285,3,15263.921204
0.965487,3,15270.371165
0.9982,3,15272.322515
0.956975,3,15278.986192
0.930399,3,15279.072427
0.948021,3,15279.1574
0.965806,3,15286.53891
0.964183,3,15293.104338
0.986138,3,15295.904627
0.939183,3,15295.993178
0.996823,3,15296.073371
0.948964,4,15324.742959
0.996404,3,15328.570311
0.910421,3,15328.682478
0.895002,3,15328.783128
0.982887,3,15332.319738
0.933224,3,15332.410006
0.986582,3,15335.097921
0.973285,3,15337.163565
0.948135,3,15337.244022
0.987916,3,15339.992586
0.955969,3,15342.38542
0.94868,3,15348.131738
0.948021,3,15348.212199
0.993417,3,15350.357255
0.886206,3,15350.461874
0.972233,3,15350.541619
0.91563,3,15350.661533
0.989994,3,15353.359492
0.991481,3,15356.549543
0.99491,3,15358.561125
0.924579,3,15358.655526
0.977884,3,15365.088501
0.940598,3,15374.548998
0.931746,3,15382.444728
0.948021,3,15382.547902
0.913049,3,15382.64431
0.993268,3,15386.405027
0.945179,3,15386.497186
0.981118,3,15389.309119
0.947282,3,15389.411785
0.993119,3,15391.302062
0.976124,3,15393.635724
0.986138,3,15396.465759
0.919519,3,15400.553614
0.965717,3,15400.634809
0.989697,3,15403.426979
0.933986,3,15414.086968
0.964762,4,15419.888742
0.94088,3,15426.576537
0.996823,3,15426.651862
0.99297,3,15810.848774
0.956113,3,15813.509765
0.936255,3,15813.591243
0.982739,3,15815.880032
0.982739,3,15818.098048
0.974221,3,15822.836294
0.97466,3,15828.260632
0.995059,3,15830.2426
0.972291,3,15830.320401
0.845264,3,15838.632219
0.956139,3,15838.710066
0.978205,3,15838.788496
0.964039,3,15843.932608
0.961727,3,15849.711869
0.964183,3,15853.5525
0.771311,4,15873.654643
0.938764,3,15882.175037
0.939611,3,15889.409491
0.979646,3,15893.692048
0.94868,3,15897.938477
0.948021,3,15898.035237
0.982887,3,15901.972154
0.965487,3,15905.2534
0.811085,3,15921.526053
0.942152,3,15931.066478
0.750851,4,15938.298826
0.928893,3,15938.387086
0.93792,3,15945.271024
0.964039,3,15948.799849
0.890129,3,15952.527713
0.956484,3,15952.608066
0.966354,3,15954.794691
0.943992,3,15961.061521
0.965487,3,15967.684306
0.932359,3,15967.841458
0.976124,3,15970.113559
0.980824,3,15975.610393
0.996404,3,15977.495884
0.939611,3,15984.649165
0.979353,3,15989.505429
0.975977,3,15994.037046
0.943709,3,16001.706098
0.979206,3,16006.489574
0.950248,3,16012.581732
0.970572,3,16016.110205
0.991987,3,16016.195242
0.958525,3,16018.513417
0.886319,3,16023.43266
0.947399,3,16028.705702
0.989994,3,16033.345817
0.984806,4,16036.211854
0.958988,3,16041.545694
0.890446,3,16041.642647
0.972614,3,16044.734845
0.99297,4,16048.643797
0.911954,3,16048.745735
0.886153,3,16048.844268
0.967373,3,16053.948535
0.970572,3,16057.295462
0.958525,3,16059.674006
0.947399,4,16064.898356
0.987916,3,16070.762214
0.918796,3,16070.855899
0.96216,3,16076.938656
0.965369,3,16077.024135
0.94868,3,16082.343648
0.811085,5,16099.641716
0.920347,3,16106.43703
0.99491,3,16108.230361
0.913056,3,16117.252136
0.972087,3,16117.336759
0.961727,3,16122.940707
0.952675,3,16128.223997
0.886206,3,16128.324191
0.907557,3,16128.430096
0.921642,3,16128.518566
0.93421,3,16131.442119
0.944134,3,16136.502474
0.972176,3,16141.45426
0.956975,3,16148.266855
0.95039,3,16156.043224
0.886206,3,16156.140521
0.950986,3,16156.22153
0.969027,3,16156.297734
0.982887,3,16158.561781
0.962995,3,16158.654421
0.993119,3,16162.527712
0.982739,3,16164.683593
0.947282,4,16164.784615
0.962304,3,16167.153602
0.965922,3,16171.905979
0.959275,3,16174.611266
0.959131,3,16178.908832
0.9587,3,16186.700837
0.996823,3,16186.7767
0.972614,3,16196.760436
0.981118,3,16199.534924
0.771311,3,16219.694821
0.987768,3,16222.205442
0.982592,3,16224.797649
0.99491,3,16228.665031
0.989697,3,16230.961005
0.99491,3,16234.562837
0.966064,3,16234.638594
0.99297,3,16238.681988
0.94868,3,16243.781059
0.982887,3,16246.064862
0.969204,3,16248.37129
0.974221,3,16250.568869
0.99297,4,16252.519543
0.987916,3,16255.139241
0.962304,3,16258.029822
0.99297,3,16261.822323
0.936199,3,16261.956954
0.910073,3,16265.426876
0.972468,3,16270.171588
0.811085,3,16286.865329
0.882471,3,16298.156677
0.961437,3,16300.751196
0.986286,3,16304.943801
0.975977,3,16307.227841
0.929092,3,16317.340881
0.99491,3,16320.865661
0.987768,3,16323.380241
0.978381,3,16323.460898
0.987768,3,16325.750069
0.978205,3,16325.829153
0.93595,3,16331.42509
0.993119,3,16333.413231
0.956113,3,16336.106993
0.99491,3,16339.796337
0.954248,3,16342.27659
0.991481,3,16345.375547
0.944134,3,16350.804434
0.965369,3,16350.881405
0.969027,3,16350.95817
0.959131,3,16355.613617
0.965487,3,16361.671276
0.963168,3,16361.764147
0.944134,3,16367.514772
0.78846,3,16373.945623
0.922699,4,16378.983808
0.972614,3,16388.651203
0.931746,3,16396.292661
0.920702,3,16396.38428
0.943709,3,16404.278039
0.957262,3,16406.643773
0.964039,3,16410.517663
0.921642,3,16410.609128
0.978177,3,16422.676534
0.944134,3,16428.799522
0.958525,3,16431.207856
0.982739,3,16436.114113
0.958556,3,16440.944581
0.913056,3,16449.969538
0.845264,3,16458.046608
0.947257,3,16462.859519
0.975977,3,16465.094328
0.959275,3,16469.994216
0.996404,3,16473.791356
0.97276,3,16478.620528
0.967373,3,16481.391479
0.927142,3,16485.314009
0.920702,3,16485.421387
0.988064,3,16490.05528
0.965487,3,16493.99529
0.951043,3,16494.078191
0.961727,3,16500.102585
0.982739,3,16504.934019
0.950957,3,16505.022074
0.965487,3,16511.552764
0.970572,3,16514.750528
0.915795,3,16514.839715
0.945179,3,16514.929628
0.95039,3,16523.484469
0.937216,3,16529.518341
0.937356,3,16536.352217
0.960887,3,16536.45165
0.979353,3,16541.26294
0.972614,4,16544.848251
0.947399,3,16549.970013
0.811085,3,16566.803108
0.963168,3,16566.892383
0.961727,3,16574.502462
0.979059,3,16580.031299
0.943992,3,16586.015541
0.99491,3,16589.828467
0.916263,3,16589.923039
0.979059,3,16593.100635
0.989994,3,16603.223941
0.992076,3,16603.300726
0.924363,3,16608.298096
0.936372,3,16611.324294
0.956972,3,16611.409212
0.982739,3,16613.53844
0.931186,3,16619.80712
0.927281,3,16629.119112
0.973052,3,16637.312665
0.869394,3,16637.416677
0.966064,3,16637.496925
0.975685,3,16640.363644
0.929231,3,16644.064458
0.962593,3,16646.742924
0.977884,3,16655.702797
0.750851,3,16662.720273
0.936512,3,16665.824026
0.973052,3,16673.496092
0.977884,3,16677.779514
0.936199,3,16677.87148
0.979059,3,16681.048916
0.940598,3,16689.818973
0.981118,3,16694.596461
0.981265,3,16698.394646
0.989994,3,16704.149548
0.939183,3,16704.235046
0.961727,3,16709.890945
0.979353,3,16714.354246
0.942152,3,16723.456501
0.982887,3,16727.627345
0.886206,3,16727.735259
0.979646,3,16732.098714
0.918796,3,16732.188017
0.991183,3,16736.626012
0.948964,3,16742.422472
0.969262,3,16744.808085
0.979353,3,16749.527696
0.933986,3,16760.429363
0.975977,3,16762.978735
0.848314,3,16777.081594
0.969085,3,16777.169712
0.954535,3,16779.884771
0.823912,3,16786.266596
0.93961,3,16789.65872
0.95039,3,16796.962211
0.751279,3,16804.001234
0.964039,3,16807.825228
0.930315,3,16807.906743
0.981265,3,16811.333152
0.939183,3,16811.417525
0.970106,3,16815.708116
0.982887,3,16819.781698
0.932305,3,16828.711095
0.996404,3,16832.126355
0.987916,3,16836.80173
0.993417,3,16838.886139
0.996823,3,16838.963417
0.99491,3,16840.710663
0.986286,3,16843.530349
0.86463,3,16843.625101
0.952103,3,16849.042403
0.964328,3,16854.949072
0.882471,3,16865.879717
0.753988,3,16872.451643
0.939183,3,16872.551402
0.99297,3,16876.283559
0.795493,3,16876.408645
0.959131,3,16880.97368
0.972906,3,16891.480836
0.981265,3,16895.069445
0.954679,3,16897.536137
0.939183,3,16897.617805
0.913056,3,16906.313256
0.877293,3,16910.272093
0.900399,3,16914.604755
0.972233,3,16914.679627
0.961437,3,16916.94818
0.964039,3,16919.235394
0.954106,3,16923.698893
0.97997,3,16927.82005
0.972468,3,16932.646444
0.942152,3,16941.660025
0.982592,3,16944.319099
0.959275,3,16946.561967
0.913022,3,16946.655322
0.954219,3,16948.987166
0.937356,3,16955.527446
0.928728,3,16958.28469
0.939014,3,16958.374228
0.942152,3,16967.845616
0.934378,3,16970.571884
0.982739,3,16975.220804
0.931186,3,16981.297373
0.96317,3,16983.5244
0.924579,3,16983.606791
0.961727,3,16989.183366
0.937216,3,16995.290766
0.99491,3,16998.896371
0.97466,3,17004.178649
0.984511,3,17006.33906
0.972468,3,17009.160063
0.989697,3,17012.79015
0.936255,3,17012.872403
0.951615,3,17012.966004
0.991332,3,17016.674288
0.927142,5,17020.631035
0.958988,3,17022.939926
0.974221,5,17025.036013
0.954219,3,17027.260342
0.964039,3,17031.105608
0.979735,3,17033.162457
0.958525,3,17035.47292
0.988064,3,17040.083267
0.974221,3,17042.201553
0.969262,3,17046.69601
0.913049,3,17046.79115
0.984511,3,17048.849037
0.991332,3,17051.047861
0.927142,3,17057.528527
0.950957,3,17057.609076
0.771311,5,17084.918084
0.915932,3,17085.028951
0.845264,3,17093.239608
0.960428,3,17097.382116
0.987768,3,17099.71895
0.963168,3,17099.8132
0.915932,3,17099.91089
0.962015,3,17107.196123
0.915801,3,17113.716808
0.958844,3,17120.358119
0.890393,4,17120.630895
0.929231,3,17124.160516
0.95039,3,17130.772013
0.984659,3,17134.055588
0.845264,4,17141.949687
0.939183,3,17142.046886
0.913056,3,17150.63936
0.987768,3,17152.997319
0.939611,3,17159.97914
0.942152,3,17168.103605
0.845264,3,17176.025555
0.979646,3,17179.882286
0.93421,3,17182.638539
0.959275,3,17185.164301
0.966035,3,17185.242357
0.987916,3,17190.591234
0.951615,4,17190.696083
0.915607,3,17194.077982
0.915932,3,17194.166042
0.899042,5,17194.697439
0.948135,3,17194.791428
0.938764,3,17202.414544
0.99491,3,17205.913312
0.981265,3,17209.450697
0.981118,3,17213.918589
0.908817,3,17226.704581
0.972176,3,17231.504741
0.947399,3,17236.00153
0.99491,3,17239.601084
0.936255,3,17239.689867
0.952103,3,17245.221002
0.904598,3,17252.601364
0.986138,3,17256.312797
0.944134,3,17261.142142
0.939611,3,17267.998349
0.961727,3,17273.452869
0.97466,3,17278.283795
0.99491,3,17281.912932
0.918714,3,17281.995125
0.942011,3,17287.446968
0.928893,3,17287.533134
0.916926,3,17287.622188
0.960428,3,17292.726237
0.974221,3,17295.260833
0.913056,3,17303.73296
0.956975,3,17310.387326
0.982887,3,17313.7227
0.987916,3,17319.379981
0.915932,3,17319.490864
0.942152,3,17327.45194
0.99297,3,17331.008764
0.986286,3,17335.196871
0.957576,4,17340.170605
0.947399,3,17344.682279
0.957118,3,17349.276571
0.934378,3,17351.998086
0.930315,3,17352.083961
0.961842,3,17354.422495
0.948822,3,17359.327115
0.965487,3,17365.244844
0.753988,3,17371.664678
0.981265,3,17375.391315
0.952103,3,17380.817246
0.99491,3,17384.407063
0.996404,3,17388.050218
0.895681,4,17391.683712
0.996823,3,17391.764399
0.939611,3,17399.09913
0.938764,3,17407.565392
0.905386,3,17411.098947
0.988212,3,17419.331138
0.96563,4,17421.777317
0.895681,3,17429.945555
0.970337,4,17430.046494
0.991481,3,17435.257196
0.92564,3,17438.24164
0.97276,3,17442.777939
0.895681,3,17447.325189
0.934378,3,17450.060456
0.873606,3,17450.159251
0.964039,3,17452.529995
0.881933,3,17452.648121
0.9982,3,17454.42546
0.987768,3,17456.832587
0.979499,3,17461.029237
0.961727,3,17466.592424
0.958988,3,17468.918722
0.948822,3,17474.133272
0.954679,3,17476.492156
0.924085,3,17483.712358
0.991332,3,17487.664741
0.965487,3,17493.553324
0.881933,3,17493.65163
0.945179,3,17493.731751
0.962995,3,17493.808547
0.811085,3,17509.630781
0.811085,4,17525.269499
0.969057,3,17527.55162
0.99297,3,17531.249472
0.975185,3,17531.327331
0.811085,3,17547.121786
0.980823,3,17549.005036
0.930399,3,17549.091688
0.95039,3,17556.59974
0.93792,3,17560.472661
0.93328,3,17560.557142
0.913056,3,17569.06229
0.961727,3,17574.808968
0.962304,3,17580.118438
0.964183,3,17584.259007
0.982887,3,17586.378033
0.969027,3,17586.460141
0.973052,3,17594.236765
0.961727,3,17599.863135
0.966354,3,17601.989308
0.974075,3,17607.040486
0.750851,3,17613.750083
0.942233,3,17613.834116
0.987916,3,17617.266326
0.913056,3,17625.918948
0.972468,3,17628.889873
0.811085,4,17646.009164
0.972614,3,17655.420752
0.939014,3,17655.498664
0.957058,3,17655.576316
0.920702,3,17655.66436
0.967228,3,17659.692678
0.987916,3,17662.397865
0.982887,3,17665.492198
0.913056,3,17674.166176
0.979646,3,17680.01942
0.771311,4,17699.209648
0.881933,3,17699.30839
0.93961,3,17702.398069
0.981265,3,17706.4168
0.945066,3,17706.494855
0.991183,3,17711.85788
0.99491,3,17715.386976
0.942294,3,17721.362201
0.962015,3,17728.264484
0.942152,3,17736.155898
0.986286,3,17738.33316
0.895459,3,17738.428904
0.915795,3,17738.51119
0.977884,3,17742.747909
0.961727,3,17748.274272
0.99297,3,17752.093272
0.939611,3,17758.84233
0.886153,3,17759.09958
0.991183,3,17761.16551
0.882471,3,17771.759032
0.920702,3,17771.847301
0.808169,3,17781.20152
0.848314,3,17794.871168
0.904598,3,17803.241908
0.967228,3,17808.89004
0.975685,3,17811.079287
0.964039,3,17816.147315
0.984511,3,17820.691715
0.95039,3,17825.435388
0.907557,3,17825.523968
0.961727,3,17831.024933
0.942152,3,17839.22987
0.910865,3,17842.936027
0.948249,3,17843.022358
0.986286,3,17846.983726
0.936199,3,17847.067284
0.987916,3,17852.983398
0.972087,3,17853.059768
0.987916,3,17858.801165
0.977884,3,17867.287837
0.965487,3,17873.431647
0.947399,3,17878.469259
0.947399,3,17883.91519
0.974221,3,17885.974467
0.925612,3,17889.941873
0.9982,3,17891.81724
0.894653,3,17891.911176
0.925583,3,17891.991197
0.970017,4,17894.258434
0.956975,3,17898.316766
0.967808,3,17900.554584
0.99491,3,17903.971667
0.956139,3,17904.053908
0.988064,4,17906.69077
0.945066,3,17906.769514
0.94868,3,17911.921239
0.991778,3,17914.236928
0.961727,3,17919.703137
0.967808,3,17922.042699
0.936255,3,17922.126089
0.845264,3,17929.824698
0.965253,3,17934.147022
0.972468,3,17936.576848
0.984511,3,17938.874927
0.979059,3,17943.396822
0.952675,3,17946.164448
0.932165,3,17954.99543
0.988064,3,17957.789621
0.992076,3,17957.864243
0.937216,3,17963.891975
0.981118,3,17967.151755
0.935108,5,17984.00289
0.981265,3,17988.054627
0.924579,3,17988.135785
0.95039,3,17992.873498
0.965369,3,17992.951178
0.947541,3,18000.562792
0.890393,3,18000.65787
0.845264,3,18008.461556
0.972176,3,18013.198669
0.787774,5,18019.501511
0.930767,3,18029.39458
0.993775,3,18029.477237
0.962593,3,18032.055537
0.991778,3,18034.216991
0.99491,3,18037.762942
0.924529,3,18040.659053
0.993686,3,18040.742085
0.951043,3,18040.834462
0.933589,3,18040.929948
0.986138,3,18044.635579
0.969027,3,18044.713373
0.907557,3,18044.801336
0.988212,3,18053.02546
0.986138,3,18056.737626
0.987768,3,18061.091299
0.948964,3,18064.096535
0.961727,3,18069.833546
0.979353,3,18072.043097
0.981265,3,18075.437223
0.987916,3,18078.136635
0.987916,3,18083.869568
0.965487,3,18087.620386
0.972614,3,18090.684522
0.964039,3,18094.50623
0.942233,3,18094.585881
0.9982,4,18096.520261
0.913022,3,18096.607948
0.845264,3,18104.567004
0.936255,3,18104.654167
0.772933,3,18123.445356
0.99491,3,18126.942505
0.959131,3,18131.007123
0.988064,3,18135.274999
0.771311,5,18162.119892
0.974221,3,18166.766806
0.963168,4,18166.869016
0.937356,3,18173.52509
0.982739,3,18175.639037
0.97466,3,18180.876265
0.752903,4,18187.907071
0.932273,4,18191.097801
0.975831,3,18196.318121
0.961727,3,18201.8511
0.94868,3,18206.908238
0.924579,3,18207.010684
0.906229,3,18214.400957
0.982739,3,18216.895235
0.975685,4,18219.101987
0.984659,3,18222.610213
0.99491,3,18224.512176
0.972176,3,18229.322109
0.873606,3,18229.426239
0.996823,3,18229.498782
0.987916,3,18234.272374
0.958525,3,18236.623847
0.954248,3,18239.016578
0.986138,3,18241.724071
0.979353,3,18246.357501
0.958988,3,18248.687293
0.886206,3,18248.781216
0.96106,3,18248.867418
0.959935,3,18248.962134
0.989697,3,18254.207269
0.975831,3,18259.458476
0.979646,3,18263.275032
0.900399,3,18267.544512
0.913022,3,18267.793321
0.959563,3,18270.065722
0.957262,3,18272.836369
0.982739,3,18275.029102
0.811085,3,18290.914125
0.924363,3,18297.681114
0.965487,3,18304.003966
0.974075,3,18309.015367
0.959275,3,18313.98945
0.913056,3,18322.619191
0.811085,8,18350.889995
0.848314,3,18364.286499
0.920702,3,18364.376092
0.99491,3,18367.944042
0.944134,3,18373.642544
0.979206,3,18378.446353
0.996823,3,18378.53198
0.991778,3,18382.678722
0.975977,3,18387.217618
0.927281,3,18395.972208
0.943734,3,18398.688412
0.987916,3,18402.115268
0.939611,3,18408.953159
0.989697,3,18413.972075
0.989697,3,18416.672295
0.787963,3,18422.686115
0.848314,3,18436.23254
0.99297,3,18440.249478
0.913049,3,18440.33216
0.948964,3,18443.481576
0.925108,3,18443.572156
0.927142,3,18447.381374
0.960428,3,18451.832494
0.93961,3,18454.954103
0.961727,3,18460.524074
0.99491,3,18464.153459
0.940598,3,18470.494957
0.729534,3,18479.769115
0.970864,3,18482.130457
0.966035,3,18482.209258
0.972906,3,18489.89535
0.954219,3,18492.059739
0.975977,3,18496.390492
0.987916,3,18501.843327
0.913056,3,18510.667763
0.947282,3,18510.755588
0.937216,3,18516.786727
0.954219,3,18516.864804
0.939611,3,18523.571483
0.873606,3,18523.671223
0.982592,3,18526.760278
0.964183,3,18530.901623
0.790568,3,18536.646977
0.991481,3,18539.790153
0.982887,3,18543.774624
0.913056,3,18552.267331
0.959563,3,18554.54915
0.957118,3,18559.192735
0.882471,3,18569.832661
0.966064,3,18569.912088
0.991332,3,18571.748903
0.976124,3,18574.019725
0.790568,3,18579.690984
0.984511,3,18581.926165
0.987916,3,18585.389695
0.981265,3,18589.507335
0.927281,3,18598.861123
0.972291,4,18598.955449
0.920347,3,18605.303976
0.93792,3,18977.413297
0.934126,3,18980.20093
0.981323,3,18982.272985
0.95039,3,18989.89101
0.93792,3,18996.637391
0.967228,3,19000.608976
0.972614,3,19005.091752
0.981265,3,19008.57593
0.957118,3,19012.961334
0.979353,3,19015.230321
0.954535,3,19017.703387
0.771311,14,19051.798187
0.93328,3,19051.880693
0.972291,3,19051.957611
0.967373,3,19056.702481
0.956312,3,19056.783248
0.957118,3,19061.056772
0.94541,3,19066.205806
0.996404,3,19067.889822
0.930315,3,19067.992251
0.969085,3,19068.068503
0.989697,3,19071.796112
0.9894,3,19073.985827
0.979353,3,19076.368168
0.992076,3,19076.443721
0.982887,3,19080.421264
0.970572,3,19083.904999
0.96375,3,19088.957185
0.939187,3,19095.507499
0.928395,3,19099.66812
0.967228,3,19106.008691
0.942176,3,19106.089946
0.895002,3,19106.193837
0.927471,3,19106.28222
0.981265,3,19109.979685
0.966993,3,19110.058393
0.99491,3,19111.867617
0.915801,3,19118.901642
0.956484,3,19118.981376
0.95039,3,19125.494192
0.965717,3,19125.573978
0.772933,3,19144.279131
0.99491,3,19145.967168
0.972906,3,19156.227185
0.933145,3,19159.307184
0.966064,3,19159.385281
0.959275,3,19164.320618
0.911954,3,19164.411852
0.981118,3,19167.22301
0.953677,3,19175.765216
0.934126,3,19179.230739
0.991778,3,19181.532538
0.931746,3,19188.977251
0.916318,3,19189.083997
0.928728,3,19191.625405
0.881933,3,19191.722555
0.970106,3,19195.953269
0.947399,3,19200.519784
0.932305,3,19210.291939
0.873554,3,19210.397205
0.939187,3,19216.169096
0.938764,3,19224.490335
0.956975,3,19230.729485
0.915795,3,19230.817246
0.961727,3,19233.96245
0.970864,3,19236.463865
0.959935,3,19236.540002
0.924579,3,19236.641878
0.905386,3,19240.054942
0.905386,3,19243.355208
0.929534,3,19243.456282
0.967228,3,19249.075352
0.979353,3,19253.282954
0.976124,3,19255.661612
0.904597,3,19259.546751
0.948964,3,19264.919378
0.932445,3,19268.250566
0.986138,3,19270.158258
0.980971,3,19275.057868
0.977884,3,19279.261989
0.991332,3,19281.386572
0.93328,3,19281.48723
0.9894,3,19283.647609
0.970572,3,19287.054957
0.980971,3,19291.904255
0.927498,3,19292.008555
0.954679,3,19294.459077
0.929092,3,19303.878707
0.966588,3,19306.040988
0.904597,3,19309.193451
0.951961,3,19313.402567
0.979353,3,19317.622334
0.9982,3,19319.286457
0.980499,3,19323.201337
0.947453,3,19323.280822
0.949534,3,19326.082344
0.947453,3,19326.167439
0.933145,3,19329.514603
0.930428,3,19329.602262
0.95039,3,19336.236655
0.811085,4,19351.830518
0.848314,3,19365.24497
0.932305,3,19374.253438
0.950957,3,19374.336092
0.877733,3,19374.433499
0.989043,3,19374.510992
0.958988,3,19379.657404
0.996404,3,19381.444079
0.945918,3,19381.523832
0.918714,3,19381.607049
0.944134,3,19386.41959
0.957118,3,19391.104959
0.930456,4,19391.209876
0.987916,3,19395.915724
0.99491,3,19397.718716
0.882471,3,19408.491745
0.972468,3,19411.498237
0.934126,3,19418.015161
0.957262,3,19423.152315
0.938905,3,19428.796963
0.918714,3,19428.902639
0.989697,3,19433.962395
0.970572,3,19437.434638
0.965253,3,19441.685052
0.895459,3,19441.776933
0.929231,3,19448.311017
0.981118,3,19452.817883
0.948822,3,19457.852288
0.986286,3,19461.946616
0.956972,3,19462.028556
0.959935,3,19462.109193
0.982887,3,19466.096027
0.986138,3,19471.217269
0.919106,3,19482.327806
0.932165,3,19491.270014
0.948964,3,19494.37531
0.961727,3,19499.864676
0.961727,3,19505.354642
0.944134,3,19510.131824
0.973052,3,19517.994714
0.95039,3,19525.457439
0.954248,3,19527.827055
0.961264,3,19530.186329
0.947625,3,19530.266109
0.987916,3,19534.701728
0.979059,3,19537.21636
0.929231,3,19543.78777
0.937497,3,19550.072063
0.916263,4,19550.181491
0.989043,3,19550.261601
0.982739,3,19552.166988
0.939611,3,19559.029723
0.993119,3,19562.590224
0.732473,4,19585.043921
0.882471,3,19595.837418
0.956139,3,19595.932096
0.97276,3,19601.033664
0.99491,3,19604.617274
0.932305,3,19613.702433
0.932305,3,19622.857536
0.904598,3,19630.073634
0.989994,3,19641.789387
0.939046,3,19647.941425
0.932165,3,19657.16486
0.950957,3,19657.246307
0.962593,3,19659.754091
0.932165,3,19668.977287
0.980499,3,19672.706712
0.888315,3,19676.542005
0.959131,3,19681.041634
0.927471,3,19681.126375
0.929231,3,19684.12381
0.927281,3,19693.30117
0.969698,3,19698.547122
0.919519,3,19702.460582
0.96375,3,19707.607921
0.910073,4,19710.829496
0.753988,3,19717.370963
0.989875,3,19719.15586
0.986582,3,19721.765849
0.969698,3,19727.077187
0.987768,3,19729.472444
0.927726,4,19732.512921
0.947115,3,19737.888811
0.886206,3,19738.000691
0.99297,3,19741.723769
0.934126,3,19747.904954
0.751279,3,19754.827937
0.981118,3,19757.263723
0.916263,3,19757.353488
0.979353,3,19759.488679
0.963226,3,19759.565293
0.970864,3,19761.96802
0.934126,3,19765.420787
0.962015,3,19772.174945
0.845264,3,19779.898406
0.881933,3,19779.995926
0.981294,3,19780.225105
0.959131,3,19784.18639
0.989994,3,19794.044251
0.989697,3,19796.344464
0.989697,3,19800.148328
0.993417,3,19802.064723
0.888208,4,19806.08338
0.939187,3,19812.459867
0.920763,3,19822.646939
0.963168,3,19822.7361
0.920763,3,19832.413916
0.882471,3,19843.334533
0.961727,3,19848.742341
0.913056,3,19857.376418
0.982887,3,19860.66281
0.977884,3,19869.474844
0.732979,4,19891.879347
0.877733,3,19891.978006
0.978177,3,19894.114085
0.989697,3,19897.808753
0.963168,3,19897.888581
0.987916,3,19903.78173
0.936255,3,19903.867533
0.967228,3,19907.804822
0.918714,3,19907.889306
0.947282,3,19907.97488
0.932305,3,19914.759465
0.987916,3,19920.646035
0.976124,3,19922.896014
0.931186,3,19928.937973
0.967808,3,19931.161596
0.979353,3,19935.446291
0.918796,3,19935.530759
0.942152,3,19943.831848
0.921642,3,19943.921363
0.910148,3,19944.009331
0.927498,3,19944.114862
0.895681,3,19952.343478
0.919519,3,19956.277326
0.945066,3,19956.374876
0.97276,3,19958.651722
0.9587,3,19966.167415
0.970572,3,19969.420448
0.830862,4,19969.546885
0.913022,3,19969.657304
0.974221,3,19974.273433
0.984511,3,19976.17596
0.951615,4,19976.286255
0.937356,3,19982.655953
0.99491,3,19984.413702
0.970804,3,19986.657967
0.979206,3,19989.337072
0.913056,3,19997.821802
0.954106,3,20002.211845
0.99491,3,20003.999407
0.895681,3,20007.615328
0.970572,3,20011.119488
0.845264,3,20018.936382
0.996404,3,20022.46124
0.913049,3,20022.548943
0.933224,3,20022.630747
0.942152,3,20031.376647
0.945179,3,20031.455412
0.981265,3,20034.89968
0.991987,3,20034.972755
0.927471,3,20035.055621
0.944134,3,20040.490253
0.975977,3,20042.676431
0.948249,3,20042.756526
0.970572,3,20046.26076
0.977884,3,20050.338817
0.96216,3,20056.398221
0.974221,4,20060.85172
0.979059,3,20063.289237
0.907182,3,20077.598545
0.929231,3,20084.259153
0.918796,3,20084.346363
0.948021,3,20084.427833
0.956312,3,20084.509908
0.991481,3,20089.36407
0.99491,3,20091.042773
0.969117,3,20096.179259
0.962015,3,20103.050272
0.95039,3,20111.015028
0.947453,3,20111.09847
0.924363,3,20119.016136
0.952301,5,20123.549851
0.991778,3,20125.851873
0.987768,3,20128.075543
0.945123,3,20128.16221
0.959131,3,20132.296675
0.977884,3,20141.013305
0.94868,3,20146.012147
0.95039,3,20153.563858
0.924529,3,20156.538
0.966035,3,20156.617753
0.955396,3,20160.857552
0.928728,3,20163.544564
0.869446,3,20163.644497
0.986138,3,20165.782105
0.848314,3,20179.172978
0.845264,3,20187.230759
0.890446,3,20187.328726
0.937356,3,20193.793239
0.965253,3,20197.950996
0.96375,3,20202.982921
0.939183,3,20203.072259
0.911954,3,20203.177223
0.962015,3,20209.936259
0.948964,3,20212.925613
0.993119,3,20216.695722
0.943285,3,20225.725999
0.969204,3,20228.016537
0.950986,3,20228.093824
0.977884,3,20232.210589
0.979059,3,20234.808082
0.945123,3,20234.886561
0.869446,3,20234.984285
0.984511,3,20239.576386
0.750783,9,20262.207692
0.986434,3,20264.806292
0.966064,3,20264.883964
0.996404,3,20266.678713
0.976124,3,20268.868532
0.949392,3,20274.18467
0.920702,3,20274.273614
0.988064,3,20278.597306
0.989548,4,20280.837888
0.989875,3,20282.737533
0.967228,3,20288.178309
0.811085,6,20303.965033
0.895681,3,20312.164593
0.97276,3,20314.423554
0.97025,3,20314.500666
0.975977,3,20316.738671
0.949787,3,20316.838767
0.888501,3,20320.780477
0.977884,3,20328.195347
0.957262,3,20330.570488
0.99297,3,20334.380768
0.99491,3,20338.00789
0.969085,3,20338.082539
0.921642,3,20338.169916
0.957262,3,20341.061707
0.979206,3,20343.886178
0.991749,3,20343.960129
0.987916,3,20346.317858
0.952675,3,20351.425159
0.969204,3,20353.724336
0.972614,3,20357.072996
0.940598,3,20366.415226
0.959935,3,20366.494933
0.771311,5,20385.948729
0.924363,3,20392.88103
0.996823,3,20392.953738
0.965659,3,20393.036024
0.913056,3,20401.651144
0.993417,3,20403.611338
0.960887,3,20403.691254
0.924579,3,20403.774743
0.895681,3,20408.455691
0.948964,3,20415.3983
0.986286,3,20418.248826
0.991778,3,20420.4044
0.942294,3,20426.374086
0.965922,3,20430.900156
0.94868,3,20435.775151
0.939611,3,20442.48487
0.924552,3,20442.568754
0.937497,3,20447.979095
0.864111,4,20452.749632
0.895681,3,20457.325841
0.99491,3,20460.875097
0.922699,3,20465.619479
0.940598,3,20472.024888
0.966035,3,20472.104901
0.982887,3,20475.327852
0.959935,3,20475.408101
0.989994,3,20484.30573
0.99491,3,20486.191234
0.969204,3,20488.340734
0.984511,3,20490.474923
0.993119,3,20492.325445
0.961727,3,20497.886858
0.958988,4,20503.027043
0.987768,3,20507.076786
0.996823,3,20507.147653
0.94541,3,20512.022125
0.950957,3,20512.105585
0.961727,3,20517.771153
0.975977,3,20520.018871
0.973052,3,20527.251432
0.882471,3,20538.302751
0.972468,3,20541.344545
0.972468,3,20545.87717
0.956975,3,20552.44908
0.977884,3,20556.676554
0.890446,3,20556.773434
0.979646,3,20561.182098
0.945066,3,20561.262648
0.989043,3,20561.340032
0.942176,3,20561.418776
0.989697,3,20565.377554
0.970572,3,20568.71329
0.974221,4,20571.114865
0.937497,3,20577.245541
0.975977,3,20581.855513
0.877786,3,20581.954836
0.94868,3,20586.381228
0.986138,3,20590.340734
0.823912,3,20595.562757
0.984511,3,20597.928896
0.932305,3,20606.998424
0.989697,3,20611.365685
0.939611,3,20618.115491
0.979353,3,20620.300819
0.962015,3,20627.23751
0.973285,3,20629.326638
0.948249,4,20629.425231
0.981265,3,20632.996605
0.945066,3,20633.079195
0.932165,3,20642.542947
0.965487,3,20648.829505
0.99491,3,20652.461529
0.938394,3,20652.548988
0.991481,3,20655.974345
0.890446,3,20656.065704
0.927726,3,20658.93776
0.944134,3,20663.737371
0.962015,3,20670.85593
0.942152,3,20676.253926
0.956484,3,20676.49041
0.951043,3,20676.567937
0.981265,3,20679.008955
0.938905,3,20684.631538
0.986138,3,20686.490815
0.965487,3,20692.344167
0.99491,3,20694.019904
0.981323,3,20694.094016
0.98673,3,20696.765579
0.953963,3,20699.567346
0.93421,3,20702.291454
0.9982,3,20704.072386
0.973929,3,20707.07374
0.913056,3,20715.60439
0.929231,3,20718.56095
0.919602,3,20721.615535
0.913049,3,20721.704534
0.915932,3,20721.78953
0.981265,3,20725.397118
0.928893,3,20725.480767
0.96375,3,20730.55248
0.972468,3,20733.656361
0.967808,4,20735.932267
0.93595,3,20741.432089
0.937356,3,20748.32477
0.975977,3,20750.600093
0.969262,4,20755.035125
0.881933,3,20755.13316
0.991778,3,20757.320132
0.920702,3,20757.407612
0.927559,3,20764.853336
0.980824,3,20770.46664
0.913056,3,20779.089553
0.982739,3,20783.749231
0.989697,3,20786.315358
0.936255,3,20786.394807
0.942294,3,20792.199094
0.939187,3,20797.885684
0.933562,5,20803.495564
0.886206,3,20803.59081
0.787113,5,20809.969157
0.96317,3,20812.349936
0.982887,3,20815.574373
0.939183,3,20815.653947
0.98673,3,20818.338022
0.961727,3,20823.73443
0.969027,3,20823.811364
0.728221,3,20837.019917
0.886153,3,20837.116846
0.877786,3,20837.21541
0.942176,3,20837.309069
0.99297,3,20841.115909
0.920347,3,20847.631243
0.989697,3,20852.594536
0.956975,3,20858.982615
0.795517,3,20859.089623
0.993119,3,20862.709018
0.934126,3,20869.086886
0.970572,3,20872.217388
0.991332,3,20876.047741
0.970804,3,20878.26684
0.913049,3,20878.352251
0.890129,3,20882.197408
0.972176,3,20886.944087
0.930428,3,20887.030757
0.93792,3,20893.763167
0.955396,3,20898.149312
0.972906,3,20908.394684
0.937356,3,20915.154929
0.974221,3,20919.72564
0.975977,3,20922.286152
0.9894,3,20924.658318
0.945179,3,20924.766737
0.973052,3,20932.426473
0.934126,3,20935.948418
0.980029,3,20937.875466
0.965487,3,20941.485972
0.956113,3,20944.21993
0.934126,3,20950.505074
0.913056,3,20959.197255
0.924552,3,20959.306166
0.959275,3,20964.070667
0.959275,3,20968.95533
0.984244,3,20969.043024
0.986286,3,20973.185303
0.920702,3,20973.276793
0.948822,3,20978.391738
0.970572,3,20981.9643
0.989697,3,20983.960269
0.975977,3,20986.146848
0.99297,3,20989.895378
0.96375,3,20994.960913
0.984511,3,20997.196271
0.953104,3,20999.773808
0.932305,3,21009.443215
0.977884,3,21013.629709
0.948822,3,21021.518296
0.848314,3,21035.0772
0.984511,3,21038.030994
0.930767,3,21047.549873
0.965717,3,21047.631479
0.913049,3,21047.716412
0.972087,3,21047.791358
0.768777,3,21047.919433
0.972614,3,21059.481151
0.986286,3,21063.410422
0.939611,3,21070.097996
0.91429,3,21076.535784
0.924085,3,21083.409101
0.930767,3,21092.849316
0.927698,3,21098.885361
0.882471,3,21109.831074
0.982592,3,21113.014803
0.932305,3,21122.008712
0.969117,3,21127.228082
0.916318,3,21127.318542
0.921587,3,21127.405183
0.962015,3,21134.403489
0.894653,3,21134.499163
0.942011,3,21140.056504
0.895681,3,21148.212197
0.943734,3,21153.165542
0.961727,3,21158.757763
0.934126,3,21165.05416
0.919519,3,21168.90168
0.937216,3,21175.525059
0.973052,3,21183.111047
0.982887,3,21186.799789
0.945123,3,21186.903251
0.845264,3,21195.114869
0.961727,3,21201.022758
0.939046,3,21207.467872
0.980529,3,21209.664685
0.886153,3,21209.785691
0.964039,4,21215.373273
0.986138,3,21217.570224
0.927582,3,21217.828907
0.907726,3,21225.166204
0.99297,3,21229.088561
0.969262,3,21233.716284
0.933589,3,21233.822704
0.924552,3,21233.923559
0.93328,3,21234.022436
0.936794,3,21242.000775
0.993775,3,21242.078477
0.848314,3,21256.520169
0.964039,4,21262.252446
0.989697,3,21266.485209
0.905141,3,21271.25606
0.933145,3,21274.654073
0.961118,3,21274.733931
0.947399,3,21281.139524
0.96375,3,21286.437715
0.972468,3,21289.450003
0.924579,3,21289.558244
0.981265,3,21293.144908
0.931186,3,21299.341432
0.995059,3,21302.923567
0.979353,3,21304.892243
0.939611,3,21311.885145
0.991332,3,21315.893464
0.986582,3,21318.456059
0.811085,3,21334.435397
0.923947,3,21340.06675
0.880883,3,21346.19012
0.936199,3,21346.277117
0.973052,3,21353.578643
0.913056,3,21362.088603
0.996823,3,21362.162832
0.981265,3,21365.738117
0.961727,3,21371.401046
0.970572,3,21374.689894
0.961727,3,21380.332831
0.937356,3,21383.126612
0.954106,3,21387.423652
0.990469,3,21387.495733
0.937497,4,21393.688825
0.981265,3,21397.372987
0.978177,3,21409.225417
0.990439,3,21409.298893
0.961727,3,21414.891731
0.93328,3,21414.98037
0.895681,3,21418.517122
0.969027,3,21418.608927
0.969085,3,21418.686415
0.961727,3,21424.297309
0.96216,3,21430.004576
0.959275,3,21432.624086
0.942233,3,21432.705152
0.986286,3,21436.744806
0.928395,3,21440.908441
0.989697,3,21444.921141
0.986138,3,21446.966873
0.982739,3,21449.272026
0.987916,3,21455.166587
0.920347,3,21457.952116
0.974221,3,21460.38259
0.956972,3,21460.46255
0.972614,3,21463.657692
0.811085,3,21479.495365
0.987916,3,21482.180747
0.996823,3,21482.255522
0.986138,3,21485.089341
0.882471,3,21496.081261
0.942176,3,21496.16329
0.939187,3,21502.698656
0.93328,3,21502.782433
0.991778,3,21505.118033
0.898988,3,21505.212908
0.99297,3,21508.971795
0.905386,3,21512.345459
0.974221,3,21514.843872
0.973929,3,21517.866683
0.969085,3,21517.946122
0.823912,3,21523.372664
0.918796,3,21523.467322
0.949534,3,21526.227477
0.974221,3,21528.714596
0.95039,3,21536.509942
0.982592,3,21539.631068
0.910073,3,21542.850043
0.943285,3,21552.449017
0.953677,3,21560.443883
0.811134,4,21566.588815
0.989994,3,21571.146296
0.930399,3,21571.233953
0.989043,3,21571.304614
0.929092,3,21581.206782
0.956975,3,21587.843467
0.92564,3,21591.021288
0.957058,3,21591.098197
0.982887,3,21594.418105
0.972468,3,21596.844087
0.921587,3,21596.946685
0.905386,3,21600.311237
0.967808,3,21602.738596
0.979646,3,21606.599373
0.993119,3,21608.414087
0.954219,3,21981.610941
0.947282,3,21981.693706
0.979206,3,21986.572313
0.95039,3,21994.255045
0.986582,3,21996.846327
0.938141,3,21996.931553
0.975977,3,22001.727548
0.932165,3,22010.57673
0.962995,3,22010.657419
0.965369,3,22010.737418
0.938905,3,22016.60312
0.959275,3,22019.26861
0.99297,3,22023.045803
0.950986,3,22023.129497
0.772933,3,22041.925583
0.873606,3,22042.031398
0.989697,3,22046.38637
0.984511,3,22048.414453
0.907726,3,22055.462195
0.987916,3,22059.481619
0.910148,3,22059.566211
0.882471,3,22070.509449
0.795517,3,22070.619529
0.982887,3,22074.664724
0.948964,3,22077.231979
0.972468,3,22080.036202
0.972174,3,22080.110978
0.989697,3,22085.167059
0.96216,3,22091.282578
0.989697,3,22095.205729
0.967808,3,22097.520911
0.962362,3,22101.771723
0.989697,3,22107.009829
0.938764,3,22114.911539
0.96375,3,22117.54609
0.977884,3,22121.702422
0.974075,3,22126.699886
0.969085,3,22126.777801
0.91429,3,22133.215599
0.848314,3,22146.610891
0.913049,3,22146.716145
0.982887,3,22148.933651
0.915795,3,22149.037439
0.811085,3,22164.709211
0.965487,3,22170.931547
0.913022,3,22171.019295
0.936372,3,22174.13701
0.979646,3,22178.462983
0.974221,3,22180.826516
0.972614,3,22184.023055
0.973052,3,22191.943058
0.945179,3,22192.041409
0.972174,3,22192.115278
0.996404,3,22195.680365
0.79273,3,22201.243511
0.939046,3,22207.409539
0.980971,3,22212.340651
0.947399,3,22217.105467
0.977884,3,22221.24221
0.920763,3,22231.566496
0.977444,3,22233.853491
0.913056,3,22242.706863
0.984511,3,22245.508307
0.97276,3,22250.618663
0.939611,3,22257.337965
0.93328,3,22257.424023
0.927559,3,22260.356617
0.982592,3,22263.122204
0.904598,3,22271.359973
0.987916,3,22276.167625
0.945179,4,22276.273678
0.996823,3,22276.344291
0.94868,3,22281.423563
0.927559,3,22288.779424
0.95039,3,22296.433916
0.811085,3,22312.392145
0.924363,3,22316.228309
0.972468,3,22319.166178
0.924746,3,22319.267847
0.772933,3,22338.099433
0.996823,3,22338.172566
0.984421,3,22338.250346
0.948021,3,22338.329685
0.970572,3,22341.744983
0.945066,3,22341.826189
0.913049,4,22341.938885
0.927582,3,22342.023648
0.95039,3,22348.683905
0.942011,3,22353.880372
0.993119,3,22355.830366
0.919519,3,22359.838648
0.949534,3,22362.68416
0.96317,3,22365.031796
0.962304,3,22367.890041
0.890129,3,22371.649654
0.935133,4,22378.175662
0.989875,3,22380.085366
0.888208,3,22384.110855
0.966064,3,22384.193355
0.939611,3,22391.219102
0.940598,3,22400.452871
0.895681,3,22408.83546
0.979206,3,22411.427381
0.939183,3,22411.51347
0.913056,3,22420.323125
0.991183,3,22422.465466
0.941587,3,22431.506439
0.772933,7,22473.007127
0.93792,3,22479.955751
0.969204,3,22482.223172
0.969085,3,22482.30496
0.925108,3,22482.398175
0.903235,3,22482.511612
0.960108,3,22482.593285
0.99491,3,22486.25845
0.989994,3,22497.861612
0.996823,3,22497.950196
0.954106,3,22515.43253
0.934126,3,22521.625612
0.979353,3,22525.912141
0.894653,3,22526.007846
0.97466,3,22530.969641
0.877733,3,22531.0666
0.987768,3,22533.352684
0.962995,3,22533.43366
0.907612,3,22533.527305
0.947282,3,22533.608026
0.964039,3,22538.867645
0.931186,3,22545.174562
0.898988,3,22545.267137
0.961727,3,22550.86477
0.904598,3,22558.298213
0.943285,3,22567.602156
0.888475,3,22571.482213
0.969117,3,22576.608586
0.99297,3,22580.395035
0.987916,3,22585.237779
0.913056,4,22594.003017
0.991332,3,22597.848968
0.77233,7,22617.278848
0.99491,3,22619.072556
0.966964,3,22619.150229
0.92564,3,22622.341567
0.961727,3,22627.957255
0.951961,3,22632.185755
0.937497,3,22637.619308
0.864656,3,22637.721525
0.969698,3,22643.049338
0.970106,3,22647.23576
0.972468,3,22650.016864
0.953677,3,22658.71223
0.986582,3,22661.291872
0.960428,3,22665.280805
0.924085,3,22672.134115
0.969027,3,22672.214983
0.863497,3,22676.5367
0.995298,3,22676.613268
0.918714,3,22676.698987
0.907557,3,22676.789871
0.962015,3,22683.774079
0.925052,3,22683.861333
0.9982,3,22685.77223
0.913022,3,22685.879912
0.927498,3,22685.96788
0.982739,3,22688.187608
0.895002,3,22688.288903
0.882471,4,22699.103904
0.771311,3,22718.557545
0.960456,3,22720.753982
0.913056,3,22729.418778
0.950957,3,22729.501279
0.869394,3,22729.603198
0.947399,3,22734.688701
0.942152,3,22740.33874
0.940457,3,22744.228708
0.969698,3,22749.505817
0.991183,3,22753.622113
0.848314,3,22766.981236
0.984244,3,22767.056906
0.930767,3,22776.518638
0.965369,3,22776.595922
0.979646,3,22780.69776
0.920485,3,22784.121212
0.923835,3,22786.904245
0.942152,3,22794.742368
0.811085,3,22810.682378
0.913056,3,22819.385433
0.972468,3,22822.494039
0.988064,3,22825.318941
0.970572,3,22828.936347
0.988064,3,22831.387054
0.988064,3,22834.126946
0.962995,3,22834.209622
0.845264,3,22842.036932
0.969204,3,22844.333578
0.949534,3,22847.063595
0.941587,3,22855.987481
0.959275,3,22858.365762
0.771403,3,22865.814439
0.771311,3,22884.995863
0.980823,3,22886.907062
0.961727,3,22892.587369
0.977884,3,22901.220616
0.930594,3,22901.300533
0.969262,3,22905.647907
0.989697,3,22907.796257
0.948822,3,22913.379632
0.962995,3,22913.457898
0.962995,3,22913.550235
0.975977,3,22915.676535
0.9982,3,22917.549119
0.969204,3,22919.859833
0.995059,3,22921.74171
0.930594,3,22921.826821
0.959275,3,22938.03471
0.99491,3,22941.699847
0.987768,3,22943.960177
0.924363,3,22947.050935
0.936372,3,22950.147264
0.996404,3,22952.071666
0.973285,3,22954.197041
0.953988,3,22954.27847
0.97276,3,22958.854688
0.989697,3,22964.020619
0.895681,3,22972.479089
0.961727,3,22978.142022
0.970864,3,22980.582337
0.957118,3,22985.220313
0.922699,3,22989.994476
0.91429,3,22996.575783
0.977884,3,23000.622696
0.991183,3,23005.885627
0.94212,3,23005.96932
0.930399,3,23006.056215
0.972176,4,23010.762427
0.957118,3,23015.440289
0.930767,3,23025.298413
0.956975,3,23032.04152
0.972087,3,23032.122165
0.921587,3,23032.207693
0.93961,3,23034.711899
0.929478,3,23034.800051
0.947399,3,23039.477018
0.99491,3,23041.340787
0.95039,3,23049.760213
0.882471,3,23060.560998
0.940598,3,23066.472442
0.993119,3,23070.030183
0.991778,3,23072.257863
0.977884,3,23076.558275
0.989697,3,23078.896132
0.99491,3,23082.409438
0.989697,3,23087.592849
0.960428,3,23092.185851
0.93961,3,23095.215284
0.950986,3,23095.296722
0.961727,3,23100.93907
0.933224,3,23101.021278
0.987768,3,23103.397847
0.963226,3,23103.471562
0.988064,3,23107.737953
0.936255,3,23107.819667
0.987916,3,23110.07008
0.976124,3,23112.28214
0.979353,3,23114.65074
0.939183,3,23114.734317
0.924363,3,23118.666797
0.787963,3,23124.820648
0.932165,3,23134.190505
0.94541,3,23139.310378
0.962448,3,23143.32059
0.996823,3,23143.393963
0.947453,3,23143.477866
0.969085,3,23143.555739
0.966035,3,23143.635106
0.974075,3,23148.472422
0.970804,3,23150.631891
0.951961,3,23154.748083
0.936255,3,23154.830213
0.993119,3,23156.75956
0.913022,3,23156.846933
0.976124,3,23159.05549
0.937356,3,23165.43937
0.771311,6,23196.761282
0.954106,3,23201.078333
0.877293,3,23204.997756
0.96566,3,23205.07373
0.956312,3,23205.154969
0.869394,3,23205.256085
0.982592,3,23207.889584
0.869446,3,23207.994736
0.936372,3,23211.032515
0.993268,3,23212.955513
0.987916,3,23217.697642
0.960887,3,23217.775846
0.962304,3,23222.970419
0.915932,3,23223.06416
0.986138,3,23227.601243
0.965369,3,23227.680329
0.964183,3,23231.987183
0.956975,3,23238.803417
0.970804,4,23241.000788
0.972087,3,23241.078774
0.921642,3,23241.164586
0.921587,3,23241.251747
0.942152,3,23249.150612
0.986138,3,23252.972558
0.981323,3,23253.047151
0.987768,3,23257.397955
0.933145,3,23260.602129
0.942176,3,23260.683923
0.888501,3,23264.670418
0.978177,3,23274.094778
0.934126,3,23280.35182
0.995059,3,23282.31659
0.939611,3,23289.203265
0.924746,3,23289.287563
0.95039,3,23296.956451
0.918714,3,23297.043396
0.99491,3,23298.73997
0.967228,3,23304.174862
0.96317,3,23306.530538
0.958525,3,23308.88409
0.986286,3,23313.03269
0.936255,3,23313.116097
0.957118,3,23317.505238
0.99491,3,23321.056462
0.856986,3,23325.854671
0.990618,3,23325.938602
0.888501,3,23330.057564
0.93665,4,23338.479165
0.99491,3,23342.145851
0.936255,3,23342.232892
0.771542,6,23368.702011
0.939611,3,23375.481014
0.953104,3,23378.057425
0.982739,3,23379.974842
0.954679,3,23382.481191
0.99491,3,23386.022473
0.99491,3,23389.666605
0.911001,3,23393.240034
0.962015,3,23400.042868
0.989994,3,23410.146001
0.979353,3,23412.594373
0.993268,3,23416.362463
0.988212,3,23420.318449
0.890446,3,23420.41214
0.942152,3,23428.719951
0.986138,3,23433.705273
0.918714,3,23433.790191
0.966964,3,23433.868191
0.944077,3,23436.43159
0.913056,3,23445.112156
0.959131,3,23449.59687
0.96216,3,23455.536975
0.981118,3,23460.326233
0.888501,3,23464.315719
0.99491,3,23466.144171
0.989994,3,23471.718391
0.961727,3,23477.406115
0.929231,3,23483.985328
0.956312,3,23484.071278
0.987916,3,23490.034233
0.97276,3,23495.044553
0.989994,3,23504.969603
0.965487,3,23508.660245
0.939611,3,23515.526435
0.964039,3,23517.924169
0.996823,3,23518.012302
0.970572,3,23521.414309
0.993268,3,23525.113426
0.941587,3,23533.995677
0.979353,3,23538.237932
0.959275,3,23540.46472
0.993119,3,23542.241547
0.942176,3,23542.323051
0.958988,3,23547.622767
0.986286,3,23551.683661
0.955396,3,23555.863506
0.895681,3,23564.184419
0.955969,4,23566.763507
0.932165,3,23576.303998
0.99491,3,23578.144183
0.943285,3,23587.326095
0.981559,3,23587.400741
0.966993,3,23587.492452
0.939611,3,23594.398543
0.996404,3,23596.206131
0.869394,3,23596.308512
0.969027,3,23596.386038
0.948021,3,23596.465448
0.979646,3,23600.73213
0.795517,3,23600.849113
0.958988,3,23606.08061
0.989994,3,23616.112966
0.962015,3,23623.040101
0.993417,3,23625.116535
0.930594,3,23625.197524
0.966588,3,23627.349614
0.771311,3,23646.610943
0.939014,3,23646.695096
0.939611,3,23653.742368
0.957118,3,23658.468589
0.929929,3,23664.38368
0.950248,3,23669.413694
0.732473,5,23692.141603
0.907557,3,23692.233824
0.991183,3,23694.54706
0.970572,3,23697.953794
0.979206,3,23702.521827
0.926724,3,23705.75158
0.943285,3,23714.951645
0.869394,3,23715.051154
0.947399,3,23719.777737
0.970572,3,23723.05995
0.959131,3,23727.100605
0.771311,3,23746.167408
0.937831,3,23746.254314
0.948021,3,23746.334275
0.975977,3,23750.909162
0.964183,3,23755.078159
0.979353,3,23757.297806
0.944134,3,23762.974325
0.938394,3,23763.213181
0.99491,3,23766.884547
0.918714,3,23766.96766
0.987768,3,23769.294827
0.954219,3,23769.375167
0.944134,3,23775.003548
0.962966,3,23775.081933
0.967808,3,23777.475333
0.982887,3,23781.335352
0.947282,3,23781.421567
0.99297,3,23785.157144
0.911413,3,23790.043437
0.97466,3,23794.735135
0.947282,3,23794.843502
0.956484,3,23794.927716
0.984244,3,23795.004008
0.977444,3,23797.88728
0.989043,3,23797.962756
0.991481,3,23802.78568
0.979353,3,23807.11547
0.996823,3,23807.188744
0.913056,3,23815.734748
0.954106,3,23820.686168
0.991778,3,23822.912095
0.972468,3,23825.368045
0.982592,3,23828.140944
0.99491,3,23829.955666
0.937497,3,23835.3801
0.961437,3,23837.654848
0.993119,3,23841.270067
0.937216,3,23847.402426
0.918714,3,23847.506747
0.953988,3,23847.603026
0.951615,3,23847.69485
0.943992,3,23853.769928
0.989697,3,23857.601123
0.965369,4,23857.699834
0.989697,3,23861.539481
0.989994,3,23871.375533
0.969204,3,23873.679033
0.939183,3,23873.761208
0.964039,3,23876.585593
0.986286,3,23880.643182
0.939183,3,23880.726351
0.942152,3,23889.914112
0.969873,3,23891.946513
0.966035,3,23892.025405
0.751279,3,23899.002057
0.97276,3,23903.949057
0.920702,3,23904.036337
0.915938,3,23914.179269
0.982739,3,23916.430086
0.977884,3,23923.90094
0.939611,3,23930.894457
0.873606,3,23930.991786
0.933986,3,23941.350245
0.965487,3,23945.018792
0.982887,3,23949.011662
0.932305,3,23957.895741
0.927582,3,23957.980196
0.965487,3,23961.767101
0.936199,3,23961.868795
0.954106,3,23966.411723
0.939611,3,23973.400888
0.924085,3,23980.184491
0.969117,3,23982.994348
0.913056,3,23991.74072
0.984244,3,23991.817337
0.945179,3,23991.899347
0.751572,3,23998.852312
0.969407,3,24001.112347
0.933224,3,24001.210768
0.919519,3,24005.29593
0.986138,3,24009.981128
0.916318,3,24010.075943
0.99297,3,24013.777678
0.911954,3,24013.868783
0.927281,4,24022.394876
0.986286,3,24025.341084
0.988212,3,24032.562215
0.959131,3,24036.762135
0.913056,3,24045.314316
0.95039,3,24053.004857
0.911954,3,24053.115638
0.967228,3,24057.120869
0.942294,3,24059.665238
0.964039,3,24063.185057
0.978177,3,24075.186047
0.751279,3,24082.056145
0.962448,3,24085.700809
0.981265,3,24091.203313
0.918714,3,24091.285892
0.991481,3,24096.225718
0.92564,3,24099.285984
0.91429,3,24105.898042
0.988064,3,24110.518858
0.953988,3,24110.597479
0.965543,3,24110.675784
0.877733,3,24110.773615
0.972468,3,24113.594909
0.980029,3,24115.506992
0.996823,3,24115.581456
0.961437,3,24117.919849
0.980499,3,24121.939884
0.986286,3,24124.099252
0.984511,3,24126.95036
0.996823,3,24127.026158
0.97276,3,24132.097308
0.873554,3,24132.195313
0.9982,3,24134.02071
0.958988,3,24136.618082
0.882471,3,24147.26838
0.982592,3,24149.950046
0.945123,3,24150.030012
0.890129,3,24153.899287
0.99491,3,24155.786327
0.980529,3,24157.835907
0.913056,3,24166.433374
0.989697,3,24170.497654
0.992076,3,24170.573981
0.991183,3,24174.38253
0.979353,3,24176.556302
0.991778,3,24179.01019
0.987768,3,24181.3762
0.99491,3,24184.91704
0.848314,3,24198.311143
0.937497,3,24204.493583
0.962966,3,24204.573514
0.981559,3,24204.653926
0.986582,3,24207.281718
0.979206,3,24209.924591
0.995298,3,24209.994605
0.907612,3,24210.086962
0.991183,3,24215.444266
0.972174,3,24215.540987
0.753988,3,24222.344349
0.890446,3,24222.441256
0.959131,3,24227.018807
0.97466,3,24232.26115
0.967228,3,24236.232113
0.953988,3,24236.313004
0.771311,5,24255.578963
0.987916,3,24258.139576
0.969085,3,24258.218704
0.988064,3,24261.025696
0.955969,3,24265.897967
0.962448,3,24269.920394
0.972906,3,24277.803479
0.991183,3,24279.634912
0.972614,3,24284.067522
0.936255,3,24284.149655
0.980499,3,24287.938256
0.930767,3,24297.944335
0.982592,3,24302.476369
0.99491,3,24304.29101
0.958988,3,24309.46466
0.96566,3,24309.546055
0.948135,3,24309.625739
0.987916,3,24313.632445
0.940598,3,24322.273927
0.959275,3,24324.65303
0.962015,3,24331.65727
0.979353,3,24333.968977
0.993268,3,24337.647203
0.978177,3,24349.496227
0.979646,3,24353.335748
0.898988,3,24353.446024
0.982887,3,24357.387011
0.751279,4,24364.360999
0.750851,3,24371.284303
0.991778,3,24373.503707
0.984511,3,24378.162954
0.964039,3,24381.724952
0.927559,3,24389.131781
0.944134,3,24394.681208
0.947399,3,24399.310778
0.964039,3,24402.901659
0.916318,3,24402.997539
0.954106,3,24407.831231
0.959275,3,24424.051862
0.930767,3,24433.951515
0.969027,3,24434.031395
0.957058,3,24434.111253
0.920702,3,24434.35252
0.969873,3,24436.393451
0.907557,3,24436.486274
0.918714,3,24436.569165
0.848314,3,24450.207721
0.859097,3,24454.775547
0.960801,3,24454.858052
0.989697,3,24458.78644
0.904598,3,24466.092721
0.811085,11,24489.928499
0.972614,3,24493.155121
0.99491,3,24496.81373
0.96375,3,24501.987872
0.960428,3,24507.209853
0.970279,3,24507.315424
0.953988,3,24507.392512
0.991183,3,24511.536313
0.975831,3,24516.726872
0.915607,3,24520.046223
0.972468,3,24524.698647
0.961727,3,24530.369484
0.982592,3,24533.177865
0.984659,3,24536.527622
0.913056,3,24545.113492
0.942011,3,24550.213179
0.989697,3,24554.286521
0.93792,3,24561.267459
0.928813,3,24567.863019
0.965717,3,24567.939781
0.975977,3,24570.568568
0.956312,3,24570.65145
0.913049,3,24570.736816
0.989697,3,24575.813032
0.954535,3,24578.198598
0.974221,3,24580.747709
0.933589,3,24580.832069
0.927281,3,24588.286597
0.961727,3,24593.96757
0.982887,3,24598.066261
0.993686,3,24598.138739
0.98673,3,24600.914707
0.898988,3,24601.01031
0.99491,3,24602.781556
0.94868,3,24607.649002
0.948135,3,24607.725524
0.984659,3,24613.019163
0.99297,3,24616.802131
0.92353,3,24620.212844
0.951961,3,24624.382314
0.982887,3,24626.485414
0.991481,3,24629.581989
0.924552,3,24629.668808
0.94868,3,24634.171716
0.894653,3,24634.266425
0.981118,3,24636.914608
0.907557,3,24637.002389
0.975977,3,24641.561477
0.927698,3,24647.541785
0.953104,3,24650.09335
0.811085,4,24666.039479
0.953963,3,24668.936878
0.932305,3,24678.678428
0.988064,3,24681.204156
0.996404,3,24684.752443
0.962015,3,25065.584345
0.862613,3,25065.687275
0.965369,3,25065.766242
0.94212,3,25065.849133
0.969027,3,25065.925963
0.890446,3,25066.048644
0.938141,3,25066.135201
0.888501,3,25070.208837
0.811085,3,25086.163754
0.920347,3,25092.563938
0.970337,3,25092.644772
0.857655,3,25097.439635
0.882471,3,25108.259658
0.920702,3,25108.362302
0.986138,3,25110.490272
0.959419,3,25113.162915
0.959935,3,25113.241868
0.99491,3,25115.113001
0.947282,4,25115.235805
0.962966,3,25115.316054
0.987916,3,25119.899871
0.957262,3,25125.234704
0.921642,3,25125.32437
0.939183,3,25125.409404
0.771311,3,25144.712081
0.993775,3,25144.784981
0.95039,3,25152.951545
0.99297,3,25156.672908
0.948964,3,25162.342196
0.938141,3,25162.427479
0.982887,3,25164.637287
0.957118,3,25169.301476
0.99491,3,25171.184705
0.937356,3,25177.478649
0.927281,3,25186.275827
0.991332,3,25188.503281
0.946262,3,25191.189557
0.921587,3,25191.279043
0.950957,3,25191.375913
0.772933,3,25210.099793
0.956312,3,25210.179597
0.981118,3,25212.91934
0.944134,3,25217.884946
0.935529,3,25224.457165
0.987768,3,25226.723158
0.989697,3,25228.854746
0.97276,3,25233.376469
0.974221,3,25237.864125
0.771311,7,25270.63238
0.99491,4,25272.419666
0.991332,3,25274.556158
0.987916,3,25278.120933
0.947399,3,25282.751883
0.972614,3,25287.153168
0.94868,3,25291.929756
0.989697,3,25297.099477
0.93792,3,25304.060308
0.959131,3,25308.425027
0.975273,3,25308.500604
0.99491,3,25312.108506
0.975685,3,25314.891019
0.99491,3,25316.580203
0.972174,3,25316.655614
0.972087,3,25316.73401
0.915932,3,25316.822737
0.919106,3,25326.851376
0.982739,3,25331.735491
0.99491,3,25333.548136
0.993119,3,25337.297983
0.931826,4,25340.465289
0.981294,3,25340.546586
0.981323,3,25342.4922
0.938483,3,25352.029259
0.942152,3,25360.794615
0.941587,3,25369.674291
0.986286,3,25372.66765
0.9894,3,25375.102655
0.94212,3,25375.183289
0.977884,3,25379.600129
0.933982,3,25379.688324
0.951961,3,25383.795109
0.930399,3,25383.878066
0.881933,3,25383.988636
0.972176,3,25388.720713
0.972614,3,25392.98883
0.918714,3,25393.078551
0.956484,3,25393.159976
0.913056,3,25401.763689
0.942152,3,25407.196443
0.982739,3,25411.910052
0.927582,3,25411.990516
0.848314,3,25425.615452
0.961727,3,25431.316735
0.964039,3,25434.883001
0.987768,3,25437.343695
0.93792,3,25444.280661
0.864889,3,25444.391553
0.869394,3,25444.497365
0.965369,3,25444.596685
0.848314,3,25458.146608
0.905141,3,25466.023909
0.970572,3,25469.406225
0.937356,3,25476.095082
0.933561,3,25476.183923
0.989875,3,25478.090574
0.949534,3,25480.987995
0.961118,3,25481.068224
0.984511,3,25483.369936
0.942011,3,25488.895693
0.986138,3,25491.144917
0.962995,3,25491.236074
0.760277,3,25502.747525
0.976124,3,25504.905956
0.954248,3,25507.393898
0.953845,3,25507.478013
0.957058,3,25507.555142
0.962015,3,25514.550525
0.953988,3,25514.63103
0.992076,3,25514.867707
0.859767,3,25519.249271
0.913056,3,25528.156441
0.964385,3,25528.230433
0.988212,3,25536.474971
0.979353,3,25538.818482
0.939014,3,25538.898345
0.972468,3,25542.049232
0.831859,3,25542.164675
0.970337,3,25542.241383
0.961727,3,25547.779156
0.918796,3,25547.886411
0.978177,3,25557.166433
0.99297,3,25559.156073
0.962995,3,25559.233921
0.895681,3,25562.868132
0.99491,3,25564.658469
0.987916,3,25567.498714
0.986138,3,25569.675488
0.975685,3,25572.567512
0.959131,3,25576.634683
0.975831,3,25582.04952
0.972468,3,25586.502202
0.950533,3,25593.880082
0.942011,3,25599.465303
0.975685,3,25604.579957
0.905141,3,25612.310953
0.808169,3,25621.763248
0.978205,3,25621.840647
0.974221,3,25626.462593
0.943285,3,25635.69567
0.924363,3,25638.801107
0.987768,3,25643.024356
0.93792,3,25649.929122
0.913056,3,25658.565829
0.958988,3,25663.77528
0.987916,3,25666.460035
0.991778,3,25668.73999
0.974221,3,25671.181981
0.936255,3,25671.26698
0.729534,4,25693.704189
0.981118,3,25696.327306
0.970337,3,25696.403637
0.955396,3,25703.643119
0.859226,4,25708.165031
0.972906,3,25715.953642
0.991183,3,25719.94488
0.947399,3,25725.34607
0.967228,3,25729.296807
0.873606,3,25729.397626
0.932445,3,25732.900264
0.928395,3,25737.129822
0.954106,3,25752.071994
0.823912,3,25757.497671
0.977884,3,25766.25578
0.984511,3,25768.817463
0.965487,3,25774.828027
0.881933,3,25774.934008
0.99297,3,25778.868269
0.881933,3,25778.963599
0.93595,3,25784.549763
0.9894,3,25787.027249
0.96375,3,25790.985121
0.942152,3,25799.244423
0.934126,3,25805.637422
0.94868,3,25810.788153
0.980824,3,25816.412795
0.9517,3,25816.495023
0.913056,3,25825.23551
0.975977,3,25827.575027
0.894653,3,25827.827065
0.95039,3,25832.708859
0.790378,7,25858.748656
0.93328,3,25858.832451
0.960428,3,25863.28158
0.982739,3,25865.390743
0.920347,3,25871.92011
0.857655,3,25876.523601
0.957118,3,25881.258813
0.991481,3,25886.577168
0.948135,4,25886.693624
0.975831,3,25891.696043
0.981265,3,25895.313088
0.957118,3,25900.061794
0.895681,3,25908.256197
0.921642,3,25908.343096
0.948021,3,25908.424006
0.964039,3,25911.985326
0.939046,3,25918.037079
0.987916,3,25921.477475
0.942233,3,25921.560053
0.873606,3,25921.67239
0.99491,3,25925.166379
0.927471,3,25925.249718
0.970337,3,25925.332313
0.927582,3,25925.416033
0.979059,3,25927.924781
0.991183,3,25931.624332
0.986138,3,25934.278503
0.960887,3,25934.355358
0.956975,3,25940.841862
0.970572,3,25943.973548
0.993119,3,25945.937061
0.927471,3,25946.021976
0.907612,3,25946.110073
0.966035,3,25946.188375
0.939046,3,25952.382797
0.9982,3,25954.308786
0.995059,3,25956.13785
0.939183,3,25956.21944
0.95039,3,25963.670949
0.975685,3,25968.866179
0.986138,3,25970.909905
0.894653,3,25971.007087
0.988064,3,25973.826301
0.933224,3,25973.9254
0.977444,3,25979.051565
0.948822,3,25984.893973
0.918714,3,25984.993732
0.924363,3,25988.813579
0.890393,3,25988.908654
0.981265,3,25992.52542
0.939183,3,25992.606964
0.93792,3,25999.489212
0.989697,3,26001.330593
0.95039,4,26008.457294
0.989697,3,26010.559627
0.930315,3,26010.642175
0.97466,3,26015.985284
0.751572,3,26023.017173
0.965659,3,26023.098634
0.940598,3,26032.357325
0.957058,3,26032.437167
0.979353,3,26037.282184
0.95039,3,26042.067601
0.978205,3,26042.145017
0.890446,3,26042.239529
0.996404,3,26045.707674
0.950957,3,26045.790196
0.969698,3,26053.160408
0.916318,3,26053.263907
0.940598,3,26059.186409
0.950957,3,26059.262676
0.932305,3,26068.881656
0.987916,3,26071.562172
0.921642,3,26071.805357
0.972614,3,26076.176944
0.989697,3,26078.984624
0.932165,3,26087.922882
0.890393,3,26088.021045
0.886153,3,26088.118515
0.961727,3,26093.818051
0.996823,3,26093.891056
0.981118,3,26096.57037
0.958988,4,26101.695722
0.93328,3,26101.778483
0.993686,3,26101.852585
0.927698,3,26107.686353
0.911954,3,26107.77335
0.969204,3,26109.989466
0.953963,3,26112.809157
0.943734,3,26117.732768
0.921809,3,26117.822534
0.992076,3,26117.901451
0.943992,3,26123.887458
0.924746,3,26124.129405
0.974075,3,26128.985602
0.950986,3,26129.065985
0.961727,3,26134.528931
0.987916,4,26136.840971
0.980499,3,26138.844488
0.753988,3,26145.44244
0.960887,3,26145.523946
0.913056,3,26154.098545
0.918796,3,26154.193672
0.993119,3,26157.92456
0.944134,3,26162.972628
0.969027,3,26163.072109
0.954106,3,26180.687484
0.972087,3,26180.762787
0.959563,3,26183.176263
0.961727,3,26188.70791
0.811085,3,26204.591281
0.97276,3,26209.105487
0.965369,3,26209.184932
0.983034,3,26211.297968
0.987916,3,26216.019413
0.99491,3,26219.676832
0.972468,3,26224.134352
0.987768,3,26226.547508
0.939611,3,26233.46087
0.996703,4,26235.39653
0.991332,3,26239.35162
0.937216,3,26245.422779
0.95039,3,26252.669367
0.972468,3,26254.97355
0.99297,3,26258.646978
0.873606,3,26258.74389
0.986138,3,26261.909274
0.977444,3,26266.986
0.943992,3,26272.982309
0.811085,3,26288.880092
0.984511,3,26291.483753
0.954679,3,26293.961114
0.940598,3,26299.895117
0.961727,3,26305.41936
0.97466,3,26310.124443
0.967373,3,26315.035349
0.915607,3,26318.380754
0.982887,3,26321.621089
0.993119,3,26323.593859
0.955969,3,26328.880811
0.911954,3,26328.969104
0.956113,3,26331.689665
0.811085,3,26347.468749
0.939183,3,26347.551179
0.972174,3,26347.626834
0.915795,3,26347.718109
0.956975,3,26354.242397
0.972906,3,26364.51856
0.954679,3,26367.092997
0.943992,3,26372.997579
0.989697,3,26378.02478
0.989697,3,26380.185681
0.987916,3,26385.582832
0.930456,3,26385.668899
0.979353,3,26388.072706
0.965487,3,26394.517516
0.973285,3,26396.555901
0.966064,3,26396.632872
0.99297,3,26398.717321
0.944134,3,26404.26304
0.920702,3,26404.349588
0.972087,3,26404.426693
0.966064,3,26404.504587
0.937831,3,26404.588509
0.981323,3,26406.68067
0.989875,3,26408.485113
0.96216,3,26415.236647
0.991481,3,26420.196516
0.949534,3,26422.931808
0.942152,3,26431.446001
0.9982,3,26433.363859
0.771311,4,26452.667281
0.980499,3,26456.700915
0.988212,3,26460.502197
0.989697,3,26462.614352
0.894653,3,26462.708323
0.982739,3,26464.928879
0.93792,3,26471.701445
0.947399,3,26476.415415
0.962448,3,26480.500896
0.945179,3,26480.583761
0.97466,3,26485.835544
0.954106,3,26490.730342
0.986138,3,26494.403224
0.99491,3,26496.221925
0.967808,3,26498.564887
0.945066,3,26498.646623
0.966064,3,26498.720655
0.977884,3,26506.2633
0.964183,3,26510.006516
0.977444,3,26515.112175
0.993119,3,26517.027848
0.954106,3,26521.928885
0.953104,3,26524.482026
0.973052,3,26531.773569
0.772933,3,26550.701991
0.954106,3,26555.467053
0.991481,3,26560.460557
0.965487,3,26562.856882
0.991778,3,26564.993318
0.961727,3,26570.331205
0.939611,3,26577.315609
0.877786,3,26577.413629
0.890393,3,26577.50824
0.771311,3,26596.750415
0.956972,3,26596.830575
0.942859,3,26599.732625
0.895459,3,26599.82581
0.811085,3,26615.640303
0.959935,3,26615.726743
0.986138,3,26619.390334
0.882471,3,26630.499903
0.955253,3,26633.369421
0.958988,4,26638.613458
0.966993,3,26638.695015
0.969698,3,26644.012985
0.751572,3,26650.932059
0.969698,3,26656.184849
0.926724,3,26659.632847
0.918714,3,26659.721981
0.913056,3,26668.625489
0.954106,3,26672.999693
0.930399,3,26673.090456
0.811085,4,26689.096431
0.931186,3,26695.371637
0.811085,6,26730.468544
0.930399,3,26730.557039
0.981118,3,26733.028004
0.929534,3,26733.115918
0.948021,3,26733.197972
0.898988,3,26733.290371
0.940598,3,26739.78235
0.980499,3,26741.76947
0.977884,3,26745.992161
0.888208,3,26750.072246
0.960428,4,26756.879004
0.948021,3,26756.960175
0.95039,3,26761.780939
0.944134,3,26766.771676
0.972087,3,26766.845444
0.965369,3,26766.92826
0.96317,3,26769.282571
0.915607,3,26772.604573
0.942152,3,26776.295428
0.93328,3,26776.3815
0.977884,3,26785.224438
0.948964,3,26790.755664
0.964183,3,26795.044551
0.963168,3,26795.122616
0.969117,3,26800.147871
0.942152,3,26809.284002
0.956484,3,26809.367671
0.978205,3,26809.446728
0.948822,3,26814.381676
0.961727,3,26820.109813
0.930767,3,26830.027572
0.927281,3,26839.24142
0.811085,3,26855.370466
0.987916,3,26859.852995
0.811085,3,26875.454555
0.967228,3,26879.431557
0.940118,4,26886.507928
0.942152,3,26895.644295
0.988064,3,26898.283425
0.954679,3,26900.620535
0.974221,3,26903.181286
0.933561,3,26903.267139
0.989994,3,26908.794348
0.913049,3,26908.877228
0.981323,3,26908.950946
0.961437,3,26911.344059
0.982739,3,26916.016166
0.953104,3,26918.583805
0.982887,3,26922.010314
0.95039,3,26928.722328
0.882471,3,26939.640033
0.927281,3,26948.529261
0.987916,3,26954.339123
0.960108,3,26954.418658
0.933145,3,26957.565141
0.972176,3,26962.354762
0.974221,3,26964.84471
0.974075,3,26969.824029
0.988064,3,26974.30252
0.972614,3,26978.677985
0.981118,3,26983.185236
0.929231,3,26989.796156
0.978177,3,27001.717304
0.948822,3,27009.425459
0.9982,3,27011.205856
0.942152,3,27016.638485
0.959563,3,27019.056037
0.924363,3,27026.971357
0.973052,3,27034.847247
0.948964,3,27041.87138
0.894653,3,27041.965399
0.991332,3,27045.962078
0.933986,3,27056.181743
0.989697,3,27060.289454
0.937497,3,27065.742652
0.915795,3,27065.828398
0.943285,3,27074.991048
0.913056,3,27083.806408
0.937497,3,27089.343926
0.811085,4,27105.208003
0.938141,3,27105.295295
0.913056,3,27114.055884
0.979353,3,27118.342985
0.981118,3,27121.644877
0.953988,3,27121.727152
0.981118,3,27124.971076
0.907612,3,27125.060798
0.940598,3,27130.969832
0.751572,3,27137.960037
0.972174,3,27138.03634
0.99491,3,27141.461899
0.942011,3,27146.068482
0.98673,3,27148.676913
0.905141,3,27153.172314
0.996823,3,27153.242565
0.982739,3,27155.446649
0.956975,3,27159.857902
0.981323,3,27161.927518
0.986582,3,27164.421287
0.753988,3,27171.065034
0.924085,3,27178.073934
0.987916,3,27183.881254
0.987768,3,27186.361617
0.984244,3,27186.451549
0.951615,3,27186.533973
0.795517,3,27186.643747
0.936255,3,27186.7275
0.932305,3,27196.259553
0.990469,3,27196.333491
0.986138,3,27200.131798
0.890988,4,27208.703093
0.927582,3,27208.783698
0.970572,3,27212.275228
0.915932,3,27212.364657
0.959935,3,27212.440526
0.930399,3,27212.527679
0.984421,3,27212.602057
0.951961,3,27216.662338
0.848314,3,27230.033007
0.987768,3,27232.543487
0.989697,3,27235.320762
0.913056,3,27243.908582
0.9982,3,27245.575117
0.972468,3,27248.929278
0.991332,3,27250.937637
0.97466,3,27255.768859
0.886153,3,27255.863989
0.970572,3,27258.314515
0.920347,3,27264.6064
0.987768,3,27266.90489
0.965659,3,27266.983662
0.989994,3,27278.848805
0.970572,3,27282.228814
0.930399,3,27282.314298
0.986286,3,27286.290972
0.962966,3,27286.381513
0.996823,3,27286.454015
0.913049,3,27286.540668
0.972291,3,27286.617724
0.895459,3,27286.721172
0.890129,3,27290.476476
0.907182,3,27302.094759
0.99491,3,27303.896211
0.913049,3,27303.988245
0.993775,3,27304.093674
0.9587,3,27309.352695
0.977444,3,27314.341594
0.963168,3,27314.432693
0.989697,3,27316.608776
0.938764,3,27324.46814
0.984511,3,27327.337612
0.890446,3,27327.431728
0.979353,3,27329.923309
0.795493,3,27330.050951
0.953988,3,27330.14694
0.944134,3,27335.026515
0.991183,3,27340.406949
0.979353,3,27342.896884
0.965922,3,27347.485805
0.972468,3,27350.345889
0.9982,3,27352.019954
0.987768,3,27354.04929
0.990439,3,27354.126172
0.972468,3,27356.940227
0.931746,3,27364.368527
0.966354,3,27366.566179
0.947257,3,27373.892831
0.948822,3,27379.66695
0.948964,4,27382.257474
0.945123,3,27382.336889
0.969873,3,27384.375903
0.898988,3,27384.481717
0.877733,3,27384.587982
0.979353,3,27386.974559
0.957118,3,27391.7021
0.952644,4,27397.22287
0.945066,3,27397.304369
0.987768,3,27399.713152
0.91429,3,27406.517117
0.933589,3,27406.600818
0.969117,3,27411.871961
0.987916,3,27414.549646
0.986138,3,27419.741758
0.948135,3,27419.82202
0.989697,3,27422.159056
0.939046,3,27428.337935
0.991183,3,27432.175071
0.913056,3,27435.875091
0.932165,3,27445.299907
0.954535,3,27447.824938
0.951961,3,27452.055396
0.927582,3,27452.135218
0.970572,3,27455.592263
0.977444,3,27458.642833
0.96291,3,27460.803828
0.986138,3,27463.771986
0.972614,3,27466.864262
0.986138,3,27468.761684
0.959131,3,27472.767557
0.947282,4,27472.888817
0.989697,3,27476.703766
0.930399,3,27476.811596
0.962966,3,27476.89261
0.979353,3,27481.433765
0.961727,3,27486.701597
0.966035,3,27486.783337
0.771311,5,27512.721936
0.940598,3,27521.217704
0.869446,3,27521.318888
0.984659,3,27524.711257
0.960887,3,27524.788762
0.959563,3,27527.189569
0.993417,3,27529.201544
0.942152,4,27538.42603
0.987916,3,27541.138037
0.989994,3,27545.758163
0.964183,3,27549.516974
0.972087,3,27549.600532
0.888208,3,27553.647208
0.957058,3,27553.725323
0.915938,3,27564.009902
0.947282,3,27564.109566
0.975977,3,27568.408632
0.986138,3,27570.556987
0.979206,3,27573.204252
0.940598,3,27579.108793
0.988064,3,27583.374854
0.986138,3,27585.382461
0.927582,3,27585.466069
0.948964,3,27588.636345
0.953104,3,27591.210702
0.979353,3,27593.48874
0.913056,3,27602.166831
0.954248,3,27604.562705
0.975831,3,27607.612859
0.960428,3,27612.199845
0.993775,3,27612.273041
0.827603,4,27617.311823
0.952103,3,27622.73833
0.955969,3,27627.828795
0.966064,3,27627.914009
0.869394,3,27628.017299
0.915932,3,27628.110446
0.751572,3,27635.021848
0.975685,3,27640.205284
0.877293,3,27644.184968
0.96375,3,27649.352713
0.939611,3,27656.499626
0.950957,3,27656.580811
0.933986,3,27666.671534
0.982887,3,27669.854719
0.977884,3,27674.097208
0.886153,3,27674.195039
0.986138,3,27676.205315
0.959131,3,27680.832003
0.981118,3,27683.490059
0.984511,3,28057.51304
0.986286,3,28059.607544
0.927808,3,28059.689401
0.915607,3,28063.106477
0.981265,3,28066.645331
0.948822,3,28074.76783
0.947257,3,28082.210633
0.99491,3,28085.809588
0.972614,3,28095.300271
0.939611,3,28102.245654
0.961727,3,28107.749616
0.947399,3,28112.511857
0.958525,3,28114.858603
0.936232,3,28118.773691
0.972468,3,28121.626661
0.873606,3,28121.726287
0.959563,3,28124.131479
0.986286,3,28127.003529
0.944134,3,28131.872723
0.94612,3,28134.427279
0.981265,3,28137.954733
0.845264,3,28145.727244
0.924529,3,28148.762994
0.97276,3,28153.805017
0.94868,3,28158.606428
0.97466,3,28163.466109
0.933224,3,28163.549905
0.98747,3,28163.621366
0.94541,3,28168.534634
0.975685,3,28171.344218
0.920347,3,28177.73766
0.972174,3,28177.813229
0.989697,3,28180.03084
0.961118,3,28180.109927
0.977444,3,28183.17666
0.990797,3,28183.247936
0.920702,3,28183.500013
0.961727,3,28189.152687
0.993775,3,28189.225416
0.969085,3,28189.306742
0.948964,3,28198.796324
0.972233,3,28198.886479
0.823912,3,28204.267353
0.92353,3,28207.650235
0.99491,3,28211.31186
0.919519,3,28215.138204
0.984659,3,28220.427947
0.972176,3,28225.198817
0.918796,3,28225.283537
0.954679,3,28227.653295
0.972349,3,28227.729453
0.942233,3,28227.813036
0.962995,3,28227.890579
0.939046,3,28234.027208
0.934126,3,28240.261673
0.991778,3,28242.481981
0.981265,3,28246.079079
0.99491,3,28249.743643
0.99491,3,28253.378009
0.979206,3,28258.193147
0.972906,3,28268.611918
0.972614,3,28278.260695
0.911954,3,28278.372002
0.987768,3,28280.377061
0.979646,3,28286.232752
0.970572,3,28289.579378
0.920347,3,28296.00309
0.962015,3,28302.979439
0.986286,3,28307.071121
0.938451,3,28307.156383
0.989697,3,28309.636826
0.926724,3,28312.978805
0.972176,3,28317.814299
0.955396,3,28322.444283
0.965487,3,28328.725584
0.943992,3,28334.868888
0.956484,3,28334.947004
0.895002,3,28335.040734
0.975273,3,28335.116544
0.991183,3,28338.981183
0.913056,3,28347.644558
0.979646,3,28351.448733
0.959275,3,28356.339763
0.904053,3,28356.423696
0.942176,3,28356.501265
0.970337,3,28356.579692
0.96317,3,28358.921239
0.979353,3,28361.457558
0.938764,3,28369.148457
0.990439,3,28369.223162
0.96216,3,28375.395233
0.982592,3,28378.292449
0.905141,3,28386.357735
0.916318,3,28386.44566
0.945465,3,28386.525608
0.86463,3,28386.632054
0.926724,3,28390.046101
0.729534,4,28412.603573
0.996823,3,28412.685516
0.877733,3,28412.784122
0.913056,3,28421.364864
0.913022,3,28421.468962
0.99491,3,28424.851011
0.983034,3,28426.985502
0.932165,3,28436.266189
0.91563,3,28436.359384
0.967808,3,28438.675854
0.982887,3,28442.659393
0.917452,3,28447.252001
0.99491,3,28450.742202
0.972614,3,28454.106333
0.993119,3,28455.952397
0.993119,3,28457.910103
0.967228,3,28463.464524
0.939183,3,28463.556212
0.961727,3,28468.966884
0.97025,4,28469.065264
0.979353,3,28471.739108
0.795493,3,28471.860884
0.911954,3,28471.95571
0.932165,3,28480.973733
0.975831,3,28486.368296
0.964183,3,28490.616203
0.961727,3,28496.238042
0.969204,3,28498.52666
0.993119,3,28502.261056
0.996823,3,28502.335531
0.929929,3,28508.301453
0.99491,3,28511.958941
0.845264,3,28519.732477
0.989697,3,28523.696702
0.938764,3,28531.351604
0.937356,3,28537.912969
0.940598,3,28546.49921
0.865123,3,28546.595542
0.95039,3,28553.263798
0.972176,3,28558.15905
0.919519,3,28562.210327
0.976124,3,28564.587019
0.938764,3,28572.816281
0.95039,3,28579.521487
0.99491,3,28581.322181
0.961727,3,28586.630363
0.956975,3,28593.043979
0.930594,3,28593.133794
0.913056,3,28601.996983
0.97466,3,28606.657156
0.982592,3,28609.487999
0.911954,3,28609.581211
0.962966,3,28609.658736
0.751279,4,28616.489879
0.966035,3,28616.568347
0.950986,3,28616.646248
0.96216,3,28622.924249
0.970572,3,28626.31484
0.967228,3,28631.688689
0.948822,3,28637.554774
0.962995,3,28637.630484
0.989697,3,28641.600785
0.961437,3,28643.884413
0.929231,3,28650.380648
0.961727,3,28656.197184
0.979353,3,28658.88847
0.954219,3,28661.213053
0.98747,3,28661.287405
0.960456,3,28663.545009
0.972614,3,28668.064347
0.991332,3,28671.985005
0.977444,3,28677.119897
0.920702,3,28677.214018
0.943796,5,28682.475942
0.96375,3,28687.550402
0.996823,3,28687.622234
0.903235,3,28687.716299
0.933926,3,28687.798706
0.982739,3,28690.021396
0.975977,3,28694.748537
0.973052,3,28702.592431
0.751279,3,28709.59515
0.927281,3,28719.585975
0.955969,3,28725.279303
0.957262,3,28731.220257
0.86463,3,28731.328492
0.969027,3,28731.413111
0.907557,3,28731.534685
0.924363,3,28739.245245
0.94868,3,28743.648583
0.972614,3,28748.147408
0.9587,3,28753.421561
0.989697,3,28758.536701
0.921642,3,28758.629204
0.99491,3,28760.449553
0.915932,3,28760.549404
0.917313,3,28764.010922
0.936199,3,28764.105587
0.957118,3,28768.546623
0.975977,3,28773.480786
0.857655,3,28779.079694
0.974221,3,28781.22758
0.92353,3,28784.65093
0.99491,3,28788.328356
0.895002,3,28788.42385
0.924363,3,28791.62052
0.932445,3,28795.081075
0.972176,3,28799.995758
0.991183,3,28803.851249
0.989697,3,28807.25752
0.993119,3,28811.05331
0.964039,3,28814.652901
0.890988,3,28823.32832
0.974075,3,28828.642885
0.995059,3,28830.674028
0.913056,3,28839.923048
0.987916,3,28845.924121
0.961118,3,28846.010368
0.967228,3,28851.696698
0.910148,3,28851.789161
0.956312,3,28851.878687
0.924363,3,28855.019206
0.907557,3,28855.139727
0.984511,3,28859.51049
0.942152,3,28868.813332
0.984511,3,28873.268198
0.927281,3,28882.233956
0.958525,3,28884.641214
0.970337,3,28884.729877
0.986138,3,28886.657194
0.964039,3,28892.288517
0.918714,3,28892.374022
0.987916,3,28895.0207
0.948822,3,28900.708598
0.972468,3,28903.793977
0.962966,3,28903.872499
0.94612,3,28909.337004
0.947399,3,28914.494036
0.961437,3,28916.880322
0.942152,3,28925.186258
0.956975,3,28929.244048
0.920702,3,28929.332364
0.914015,3,28932.330704
0.99491,3,28934.234145
0.787963,3,28940.332699
0.848314,3,28953.916592
0.967808,3,28956.32283
0.973285,3,28958.345703
0.99297,3,28962.129042
0.771311,6,28981.515087
0.964385,3,28981.589885
0.936255,3,28981.673304
0.948135,3,28981.762205
0.894653,3,28981.854002
0.927281,3,28991.290031
0.898988,3,28991.386481
0.87246,3,29000.583171
0.877733,3,29000.6814
0.910148,3,29000.765637
0.987916,3,29006.685752
0.961727,3,29012.405172
0.952101,4,29017.00535
0.939611,3,29023.797937
0.9982,3,29025.720029
0.977884,3,29033.140925
0.848314,3,29046.566229
0.939046,3,29052.858789
0.930594,3,29052.939937
0.942152,3,29061.753567
0.953788,4,29062.035882
0.939046,3,29068.187602
0.936255,3,29068.270069
0.953988,3,29068.350457
0.937216,3,29074.590538
0.97276,3,29079.639315
0.948964,3,29085.348884
0.771311,3,29104.714004
0.970572,3,29107.965611
0.921587,3,29108.049661
0.895681,4,29116.195947
0.974075,3,29118.412222
0.99491,3,29120.222084
0.9894,3,29122.495532
0.991332,3,29126.356203
0.989697,3,29131.423648
0.988924,3,29131.496206
0.930399,3,29131.585079
0.979499,3,29135.749888
0.848314,3,29149.374665
0.986138,3,29157.358295
0.921587,3,29157.460735
0.961727,3,29162.830917
0.979499,3,29165.014026
0.984511,3,29167.184366
0.960428,3,29171.611553
0.950986,3,29171.693264
0.869446,3,29171.794724
0.918796,3,29171.880379
0.953104,3,29174.447029
0.918714,3,29174.531996
0.956484,3,29174.612757
0.915932,3,29174.697925
0.972087,3,29174.774179
0.961727,3,29180.378921
0.969085,3,29180.454423
0.987916,3,29183.004041
0.979353,3,29185.286277
0.811085,3,29201.316535
0.939183,3,29201.419898
0.988064,3,29205.946006
0.920485,3,29209.293065
0.886206,3,29209.391871
0.962966,3,29209.4702
0.954535,3,29211.8428
0.961727,3,29217.426702
0.996823,3,29217.505334
0.951043,3,29217.586766
0.982887,3,29219.739719
0.988064,3,29222.337685
0.921642,3,29222.42897
0.882471,3,29233.451627
0.958988,3,29238.73568
0.948964,3,29241.800605
0.965659,3,29241.877645
0.979646,3,29245.882488
0.970572,3,29249.450895
0.987916,3,29252.135244
0.988212,3,29254.926932
0.956972,3,29255.005987
0.953988,3,29255.088835
0.993775,3,29255.161469
0.987916,3,29257.511415
0.882471,3,29268.272547
0.955396,3,29272.788501
0.873606,3,29272.88675
0.939183,3,29272.986215
0.913049,3,29273.071207
0.972087,3,29273.151497
0.982739,3,29275.22761
0.969085,3,29275.302158
0.987916,3,29279.749925
0.751572,3,29286.929253
0.987916,3,29289.340081
0.982887,3,29293.299989
0.966035,3,29293.376283
0.982887,3,29296.595215
0.94868,3,29300.621381
0.969057,3,29302.894985
0.99491,3,29304.68215
0.965922,3,29309.351462
0.919106,3,29319.560819
0.915607,3,29323.049457
0.913056,3,29332.266515
0.984659,3,29335.767062
0.972291,3,29335.846159
0.981265,3,29340.359501
0.972614,3,29344.873136
0.975977,3,29347.322362
0.886153,3,29347.417918
0.987916,3,29350.045002
0.932305,3,29359.103915
0.961437,3,29361.421612
0.915795,3,29361.505499
0.991778,3,29363.822073
0.987768,3,29366.111544
0.932305,3,29375.361736
0.942152,3,29383.719422
0.907557,3,29383.818196
0.9587,3,29390.200949
0.964039,3,29394.20307
0.931746,3,29401.554998
0.979353,3,29405.869187
0.913056,3,29414.530555
0.987768,3,29416.783142
0.959275,3,29432.949479
0.988064,3,29437.432967
0.982887,3,29439.623807
0.938141,3,29439.723138
0.958556,3,29442.830619
0.991481,3,29447.775614
0.916263,3,29447.865233
0.991332,3,29451.769193
0.976124,3,29454.113762
0.930315,3,29454.205441
0.905141,3,29462.188162
0.982887,3,29464.374935
0.915932,3,29464.464488
0.907557,3,29464.556508
0.937497,3,29470.087574
0.962448,3,29474.208351
0.894653,3,29474.30306
0.962995,3,29474.380973
0.990439,3,29474.459786
0.940598,3,29483.682785
0.927471,3,29483.767535
0.913022,3,29483.877552
0.827603,6,29488.879658
0.99297,3,29490.909426
0.873554,3,29491.010395
0.989697,3,29492.937124
0.969204,3,29495.22808
0.951961,3,29499.705388
0.972087,3,29499.786263
0.965922,3,29502.165271
0.940598,3,29508.205435
0.913056,3,29516.767307
0.954106,3,29521.720634
0.916263,3,29521.808911
0.888315,3,29525.747315
0.939183,4,29525.869885
0.920702,3,29525.955947
0.934126,3,29532.32837
0.913022,3,29532.437364
0.955969,3,29537.602408
0.936372,3,29540.721101
0.898988,3,29540.812138
0.925751,3,29547.726601
0.939046,3,29553.956509
0.960887,3,29554.035337
0.880883,3,29560.194669
0.962015,3,29567.125347
0.972614,3,29578.639369
0.948135,3,29578.718357
0.751572,3,29585.581271
0.972087,3,29585.657027
0.989043,3,29585.731129
0.904598,3,29594.091816
0.94868,3,29599.218892
0.979646,3,29603.502074
0.863342,3,29609.217943
0.929092,3,29618.760519
0.967808,3,29621.325788
0.977884,3,29625.469642
0.928395,3,29629.66981
0.795517,3,29629.798821
0.986286,3,29631.952818
0.979206,3,29636.5805
0.972614,3,29639.953476
0.890393,3,29640.057757
0.919519,3,29644.066262
0.931746,3,29651.235281
0.970572,3,29654.791377
0.966035,3,29654.866841
0.931746,3,29662.064403
0.915932,3,29662.153184
0.972176,3,29666.866237
0.933926,3,29666.949241
0.995059,3,29668.93698
0.939611,3,29675.855297
0.960428,3,29679.854573
0.982887,3,29683.415844
0.962304,3,29686.260482
0.823664,4,29691.61086
0.974075,3,29696.763139
0.984511,3,29701.238767
0.873554,3,29701.339764
0.995298,3,29701.410812
0.972614,3,29705.672681
0.99491,3,29709.190232
0.962995,3,29709.266111
0.86463,3,29709.361758
0.975273,3,29709.438102
0.988212,3,29716.531846
0.924746,3,29716.613827
0.972233,3,29716.70385
0.984511,3,29719.600823
0.918796,3,29719.689016
0.986286,3,29722.617831
0.987916,3,29728.378789
0.869446,3,29728.477417
0.97276,3,29733.101401
0.975977,3,29737.687007
0.977884,3,29741.813066
0.996823,3,29741.882669
0.955969,3,29746.885565
0.986138,3,29750.68472
0.873606,3,29750.790127
0.974221,3,29755.429871
0.964039,3,29759.39468
0.938394,3,29759.481738
0.99297,3,29763.255468
0.959131,3,29767.452468
0.942011,3,29772.157994
0.848314,3,29785.800358
0.934126,3,29789.380728
0.936255,3,29789.462465
0.979206,3,29791.927324
0.975685,3,29795.112761
0.993119,3,29798.863179
0.954679,3,29801.332713
0.979353,3,29805.791111
0.857655,3,29810.539621
0.869446,3,29810.640012
0.918796,3,29810.726935
0.877293,3,29814.798862
0.981323,3,29816.812616
0.950957,3,29816.893051
0.987916,3,29819.573853
0.979353,3,29821.75204
0.939611,3,29828.638295
0.924529,3,29831.711931
0.975685,3,29834.523079
0.983034,3,29836.614602
0.939187,3,29843.150443
0.987768,3,29847.288118
0.942152,3,29851.064866
0.919519,3,29854.988359
0.95039,3,29862.604624
0.979353,3,29865.001733
0.913056,3,29873.820879
0.986286,3,29876.707016
0.987768,3,29878.628368
0.977444,3,29881.539766
0.969204,3,29883.832922
0.913022,3,29883.921824
0.945179,3,29884.003977
0.921642,3,29884.091657
0.99491,3,29886.008471
0.99491,3,29887.759802
0.976124,3,29889.952501
0.945066,3,29897.04172
0.981265,3,29902.209209
0.939611,3,29909.003855
0.970864,3,29911.401391
0.978205,3,29911.483433
0.99297,3,29915.331619
0.984511,3,29917.378527
0.991481,3,29922.308796
0.894653,3,29922.406397
0.958988,3,29927.547868
0.958525,3,29929.929167
0.864889,3,29930.031279
0.99491,3,29931.837081
0.96375,3,29936.926788
0.953845,3,29937.007721
0.974221,3,29941.654284
0.942233,3,29941.733043
0.924529,3,29944.726485
0.916263,3,29944.817248
0.910073,3,29948.12907
0.965253,3,29952.496903
0.99491,3,29956.136401
0.890393,3,29956.231028
0.965717,3,29956.311048
0.751279,3,29963.291612
0.938451,3,29963.374555
0.988064,3,29967.904308
0.93792,3,29974.938298
0.91563,3,29975.035939
0.95039,3,29983.008101
0.975685,3,29988.26273
0.97466,3,29993.019673
0.982887,3,29995.276727
0.96216,3,30001.305071
0.956113,3,30004.034292
0.989697,3,30008.158378
0.966354,3,30010.353874
0.888208,3,30014.339579
0.859097,3,30018.966576
0.942294,3,30025.302795
0.972468,3,30028.450834
0.958844,3,30035.238721
0.954106,3,30040.163768
0.991778,3,30042.329892
0.99297,3,30044.338662
0.986138,3,30047.08932
0.943734,3,30052.116991
0.894653,3,30052.211825
0.933926,3,30052.298487
0.948822,3,30057.292391
0.991332,3,30059.427822
0.969204,3,30061.723195
0.975831,3,30067.094242
0.848314,3,30080.538602
0.811085,3,30096.521132
0.955396,3,30100.760416
0.982739,3,30102.679453
0.995298,3,30102.752277
0.993119,3,30104.591343
0.961118,3,30104.691099
0.946262,3,30107.589626
0.882471,3,30118.577733
0.924579,3,30118.664696
0.895681,3,30126.970696
0.972906,3,30137.328665
0.953963,3,30139.738052
0.977884,3,30148.452753
0.91563,3,30148.545864
0.99491,3,30150.324871
0.991332,3,30152.506732
0.987916,3,30158.331227
0.952818,3,30163.244703
0.823961,4,30168.782295
0.915938,3,30178.774059
0.978177,3,30190.705425
0.949392,3,30195.935992
0.894653,3,30196.030703
0.956972,3,30196.109599
0.93421,3,30198.972162
0.965487,3,30205.012928
0.948964,3,30214.32715
0.955396,3,30218.925923
0.811085,3,30234.881511
0.979353,3,30237.208773
0.967228,3,30243.033833
0.99297,3,30246.782984
0.951961,3,30251.343594
0.936255,3,30251.437615
0.924552,3,30251.524508
0.989697,3,30254.230404
0.991183,3,30256.506358
0.972174,3,30256.584118
0.915938,3,30266.586794
0.931746,3,30273.897894
0.953988,3,30273.976319
0.986138,3,30276.107377
0.993119,3,30279.804513
0.960428,3,30283.895866
0.795517,3,30284.019537
0.939046,3,30290.075953
0.910421,3,30290.164499
0.987916,3,30292.736645
0.898988,3,30292.829537
0.982739,3,30295.017898
0.987916,3,30300.78706
0.811085,3,30316.753137
0.924746,3,30316.839907
0.989697,3,30318.668931
0.890393,3,30318.763912
0.9982,3,30320.624161
0.936232,3,30324.54952
0.996823,3,30324.623175
0.958988,3,30329.698961
0.960108,3,30329.783967
0.970572,3,30333.157923
0.954106,3,30338.169614
0.903235,3,30338.261192
0.964183,3,30342.540927
0.979646,3,30346.503812
0.962015,3,30353.458645
0.993775,3,30353.529648
0.861652,3,30357.960123
0.811085,3,30373.72438
0.948964,3,30376.720116
0.993775,3,30376.79479
0.977884,3,30385.640115
0.936232,3,30389.588455
0.972614,3,30399.138384
0.987916,3,30401.802405
0.940598,3,30407.677505
0.964039,3,30411.100069
0.924579,3,30411.181484
0.939183,3,30411.264813
0.972174,3,30411.341482
0.989697,3,30413.32445
0.907557,3,30413.43129
0.964039,3,30417.023058
0.986138,3,30421.718359
0.973052,3,30428.958632
0.956484,3,30429.041131
0.984274,3,30429.11816
0.958988,3,30431.533918
0.961727,3,30437.201658
0.751279,3,30444.062201
0.993775,3,30444.134196
0.987916,3,30448.084657
0.969262,3,30452.430769
0.877786,3,30452.530623
0.979206,3,30457.019929
0.991332,3,30460.957447
0.955396,3,30465.405617
0.936705,3,30465.498002
0.972906,3,30473.278126
0.929929,3,30479.227043
0.921587,3,30479.311776
0.939183,3,30479.395005
0.907862,3,30482.930973
0.943285,3,30492.181139
0.939046,3,30495.444327
0.921587,3,30495.531624
0.942152,3,30878.857268
0.96216,3,30884.908161
0.987916,3,30890.806676
0.882471,3,30901.944127
0.948021,3,30902.030017
0.95039,3,30910.079828
0.96216,3,30916.192061
0.904597,3,30920.156193
0.918796,3,30920.245636
0.987768,3,30922.624432
0.903235,3,30922.741827
0.927582,3,30922.823194
0.987916,3,30928.717933
0.986286,3,30933.528802
0.988064,3,30936.052922
0.942176,3,30936.133168
0.972291,3,30936.210542
0.947453,3,30936.293974
0.959563,3,30938.726136
0.948822,3,30944.502776
0.987768,3,30946.517326
0.910148,3,30946.625487
0.751279,3,30953.585567
0.772933,7,30973.873015
0.956484,3,30973.960052
0.948021,3,30974.042054
0.920347,3,30977.557467
0.991481,3,30982.920253
0.983034,3,30984.951803
0.996823,3,30985.027783
0.94868,3,30990.249158
0.939611,3,30997.309012
0.974221,3,30999.821014
0.96375,3,31004.905364
0.9982,3,31006.788602
0.972906,3,31017.179419
0.918714,3,31017.263372
0.931186,3,31023.5637
0.957118,3,31028.214884
0.929231,3,31034.867169
0.845264,3,31042.682716
0.984511,3,31045.674606
0.948822,3,31050.83186
0.972614,3,31062.702193
0.96216,3,31069.006959
0.987916,3,31072.52041
0.981323,3,31074.587704
0.972176,3,31079.607179
0.939183,3,31079.692215
0.97498,3,31079.787317
0.953988,3,31079.867249
0.951929,3,31079.949086
0.894653,3,31080.04416
0.959275,3,31084.772782
0.972906,3,31095.024638
0.96216,3,31100.927324
0.95039,3,31107.625208
0.970106,3,31111.991625
0.991183,3,31115.790994
0.957058,3,31115.868628
0.921642,3,31115.95576
0.930767,3,31125.337816
0.99491,3,31128.983807
0.930315,3,31129.068142
0.965487,3,31132.745764
0.949534,3,31135.582061
0.927281,3,31145.140924
0.989548,3,31149.102621
0.954049,3,31151.617877
0.882471,3,31162.564389
0.958988,3,31164.870752
0.969117,3,31170.094489
0.972087,3,31170.170767
0.979353,3,31174.691452
0.913056,3,31183.498247
0.964039,3,31186.971328
0.962448,3,31190.610293
0.982739,3,31195.376812
0.911413,3,31200.461504
0.882471,3,31211.328794
0.951961,3,31215.455426
0.982592,3,31218.2628
0.924529,3,31221.160059
0.931746,3,31228.493476
0.979646,3,31232.443193
0.979353,3,31234.985421
0.962448,3,31239.00198
0.920763,3,31249.580813
0.977884,3,31253.5913
0.929478,3,31253.697392
0.882471,3,31264.632834
0.972614,3,31268.870977
0.913056,3,31277.578274
0.979353,3,31279.849242
0.953988,3,31279.932209
0.969085,3,31280.010822
0.99491,3,31281.920133
0.969117,3,31287.045089
0.942152,3,31296.053987
0.981265,3,31299.639073
0.928813,3,31306.210538
0.953845,3,31306.290258
0.987916,3,31308.91998
0.984421,3,31308.99296
0.966993,3,31309.07293
0.913022,3,31309.169162
0.973052,3,31316.463301
0.915938,3,31326.183595
0.826734,3,31331.147782
0.938764,3,31338.914235
0.996404,3,31340.706695
0.950957,3,31340.789053
0.984511,3,31342.706029
0.94541,3,31347.77032
0.991778,3,31350.099228
0.988212,3,31358.472512
0.989697,3,31363.725455
0.984274,3,31363.809263
0.987916,3,31367.314945
0.848314,3,31380.910056
0.986138,3,31382.906827
0.932305,3,31391.894439
0.948822,3,31397.410298
0.927142,3,31403.766455
0.87246,3,31413.286752
0.955969,3,31418.316311
0.937356,3,31424.697234
0.936255,3,31424.777588
0.920347,3,31431.298458
0.881933,3,31431.400378
0.970572,3,31434.701037
0.939183,3,31434.787574
0.975977,3,31437.082214
0.991332,3,31439.252465
0.9587,3,31446.909148
0.954535,3,31449.403795
0.911413,3,31454.276935
0.975273,3,31454.354699
0.99491,3,31456.299764
0.984659,3,31461.612615
0.984421,3,31461.714619
0.9982,3,31463.547031
0.924085,3,31470.465447
0.99491,3,31472.27418
0.989697,3,31476.341999
0.958988,4,31481.916317
0.965369,3,31481.996742
0.951986,3,31482.077557
0.981118,3,31484.878615
0.99297,3,31488.947427
0.886206,3,31489.044286
0.966064,3,31489.123609
0.915938,3,31499.029966
0.787963,3,31505.122826
0.980824,3,31510.284982
0.987916,3,31516.061392
0.961727,3,31521.549637
0.945066,3,31521.649606
0.936255,3,31521.732933
0.918714,3,31521.819011
0.965369,3,31521.900643
0.963168,3,31521.976163
0.93792,3,31528.969926
0.903235,3,31529.083038
0.96375,3,31534.239583
0.927281,3,31542.91869
0.993775,3,31542.990981
0.937356,3,31549.309231
0.989875,3,31551.215426
0.976124,3,31553.513833
0.933986,3,31563.739401
0.939046,3,31569.911427
0.919106,3,31580.281154
0.958556,3,31583.299699
0.988212,3,31587.131572
0.942011,3,31592.252204
0.921587,3,31592.334819
0.911413,3,31597.239484
0.882471,3,31607.982427
0.951961,3,31612.108064
0.988064,3,31616.588418
0.942233,3,31616.671404
0.907557,3,31616.761375
0.848314,3,31630.29657
0.950957,3,31630.383847
0.981265,4,31634.012228
0.913056,3,31642.713257
0.943709,3,31650.515388
0.986138,3,31655.738492
0.991183,3,31659.79671
0.972291,3,31659.871244
0.989697,3,31662.5219
0.987916,3,31667.088325
0.890988,3,31671.765614
0.954535,3,31674.259432
0.929092,3,31684.212243
0.980971,3,31689.049116
0.966035,3,31689.128679
0.907726,3,31692.230051
0.937216,3,31698.455473
0.915938,3,31708.305883
0.983034,3,31710.4652
0.953677,3,31718.864823
0.940598,3,31725.505691
0.944782,4,31725.880079
0.991332,3,31728.023367
0.977884,3,31735.437567
0.94212,3,31735.520962
0.979353,3,31737.815727
0.939187,3,31743.447128
0.932165,3,31752.030732
0.970337,3,31752.109976
0.974221,3,31756.800563
0.947257,3,31764.195981
0.933926,3,31764.303305
0.991183,3,31768.0765
0.954248,3,31770.458234
0.873606,3,31770.56482
0.882471,3,31781.350814
0.950248,3,31786.619556
0.772933,3,31805.433142
0.826734,3,31810.617382
0.898988,3,31810.710665
0.877733,3,31810.806783
0.984511,3,31815.520451
0.99491,3,31819.158993
0.958525,3,31821.419636
0.979206,3,31826.457726
0.94541,3,31831.432347
0.982887,3,31834.895093
0.957058,3,31834.974829
0.979646,3,31839.147118
0.995298,3,31839.224441
0.989697,3,31843.017591
0.99491,3,31844.807127
0.96375,3,31848.430768
0.928813,3,31855.006789
0.982739,3,31859.849612
0.982887,3,31863.289529
0.913022,3,31863.401085
0.907612,3,31863.490551
0.939611,3,31870.337389
0.940598,3,31879.426307
0.918714,3,31879.535383
0.974075,3,31884.474676
0.969085,3,31884.552136
0.939611,3,31891.322961
0.913056,3,31900.208751
0.948964,3,31905.871736
0.939611,3,31912.826887
0.962015,3,31919.784925
0.936255,3,31919.870752
0.993686,3,31919.943582
0.929231,3,31926.677226
0.882471,3,31937.406602
0.965659,3,31937.639251
0.932305,3,31947.234791
0.877733,3,31947.334829
0.97466,3,31952.610442
0.913056,3,31961.339043
0.984659,3,31966.569714
0.974308,3,31968.81248
0.995059,3,31970.696448
0.859432,3,31975.320884
0.927498,3,31975.424674
0.916263,3,31975.533197
0.933982,3,31975.620319
0.933986,3,31986.136879
0.939183,3,31986.222665
0.97466,3,31991.112293
0.972174,3,31991.203458
0.911413,3,31996.096718
0.907612,3,31996.196712
0.983034,3,31998.322734
0.978177,3,32010.046009
0.921587,3,32010.155202
0.98747,3,32010.22798
0.961727,3,32015.905334
0.955396,3,32020.063037
0.95039,3,32028.000655
0.942294,3,32033.972652
0.99491,3,32037.517572
0.890129,3,32041.433112
0.861652,3,32045.931767
0.886319,3,32050.822974
0.979646,3,32055.107706
0.954106,3,32059.491078
0.795517,4,32059.620522
0.918796,3,32059.709465
0.924446,4,32063.025098
0.970572,3,32066.279116
0.952675,3,32071.452137
0.996404,3,32073.221129
0.927559,3,32076.205854
0.948964,3,32079.354931
0.936199,3,32079.439528
0.965487,3,32085.528607
0.918796,3,32085.615045
0.913049,3,32085.709119
0.97276,3,32090.784709
0.957089,3,32093.028894
0.96216,3,32099.032553
0.965369,3,32099.113751
0.996823,3,32099.187554
0.970572,3,32102.465678
0.921587,3,32102.552537
0.79273,4,32108.290704
0.950957,3,32108.372644
0.961727,3,32113.689055
0.979353,3,32116.047204
0.939611,3,32123.050596
0.895459,3,32123.142817
0.967808,3,32125.434777
0.930594,3,32125.519297
0.956975,3,32132.113655
0.996823,3,32132.194283
0.929092,3,32142.073293
0.962995,3,32142.157844
0.952103,3,32147.50271
0.877056,3,32152.638072
0.991332,3,32154.774176
0.894653,3,32154.867888
0.959131,3,32158.970991
0.905386,3,32162.269265
0.962995,3,32162.509269
0.988924,3,32162.585484
0.811085,3,32178.419178
0.787774,6,32184.762714
0.943285,3,32194.047799
0.952675,3,32196.750912
0.932305,3,32205.768973
0.958988,3,32208.227979
0.882471,3,32219.103029
0.973052,3,32226.350941
0.986138,3,32231.794568
0.99491,3,32233.730062
0.905386,3,32236.999855
0.972614,3,32246.458349
0.751572,3,32253.422441
0.969085,3,32253.499137
0.955969,3,32258.580516
0.951615,3,32258.664889
0.937216,3,32264.652473
0.992076,3,32264.73764
0.918714,3,32264.845171
0.989697,3,32268.920704
0.947399,3,32273.423484
0.952818,3,32276.275888
0.869446,3,32276.377442
0.966993,3,32276.454927
0.856986,3,32281.342455
0.94868,3,32286.341463
0.989994,3,32288.943435
0.873606,3,32289.042185
0.99491,3,32292.482633
0.956484,3,32292.56302
0.972906,3,32300.26823
0.975977,3,32302.554079
0.993775,3,32302.625513
0.869394,3,32302.751468
0.913056,3,32311.307941
0.982887,3,32314.7502
0.99491,3,32318.303137
0.969262,3,32322.846316
0.958525,3,32325.064477
0.961727,3,32330.721614
0.750851,3,32337.647034
0.932305,3,32346.606667
0.913056,3,32355.275542
0.986286,3,32359.345172
0.95039,3,32367.109521
0.99491,3,32370.765836
0.987916,3,32373.426185
0.954219,3,32375.786655
0.961727,3,32381.277609
0.961727,3,32386.568379
0.92353,3,32390.111959
0.959131,3,32394.6459
0.996823,3,32394.718379
0.953845,3,32394.795794
0.99297,3,32398.618617
0.977884,3,32406.023274
0.936255,3,32406.109062
0.929231,3,32408.96949
0.811085,3,32424.852037
0.943992,3,32430.897455
0.969117,3,32436.130705
0.961727,3,32441.692624
0.877786,3,32441.795872
0.882471,3,32452.457042
0.93421,3,32455.230464
0.927498,3,32455.31739
0.978205,3,32455.394045
0.956113,3,32460.269296
0.96216,3,32466.093291
0.877733,3,32466.193705
0.948538,3,32471.047361
0.96216,3,32477.231942
0.975273,3,32477.307481
0.913049,3,32477.393435
0.948964,3,32479.962492
0.959275,3,32493.465015
0.93595,3,32499.014418
0.959275,3,32512.713273
0.961727,3,32518.422617
0.987768,3,32520.612426
0.907557,3,32520.707847
0.913056,3,32529.521372
0.924363,3,32532.491292
0.929092,3,32542.153444
0.954679,3,32544.624514
0.988212,3,32548.407622
0.920702,3,32548.498356
0.986582,3,32551.121179
0.959131,3,32555.652538
0.996823,3,32555.731705
0.930315,3,32555.814603
0.938764,3,32563.961055
0.95039,3,32572.047757
0.913022,3,32572.139727
0.918714,3,32572.22767
0.981323,3,32572.302007
0.943734,3,32574.909588
0.823664,3,32580.213971
0.99491,3,32582.131068
0.965487,3,32588.484314
0.964039,3,32593.666675
0.913022,3,32593.757274
0.750851,3,32600.671789
0.972614,3,32603.771007
0.973929,3,32606.554574
0.939046,3,32612.691188
0.967808,3,32615.072156
0.996823,3,32615.144947
0.953988,3,32615.22587
0.882471,3,32625.971974
0.915795,3,32626.061028
0.964039,3,32629.991164
0.99491,3,32631.824019
0.938905,3,32637.510248
0.948964,3,32644.734397
0.877786,3,32644.869436
0.982739,3,32651.046819
0.966442,4,32656.363301
0.795493,3,32656.484747
0.993119,3,32660.302514
0.953988,3,32660.386613
0.945066,3,32660.484983
0.981118,3,32663.344967
0.857655,3,32668.51545
0.929534,3,32668.623399
0.99491,3,32672.431087
0.991987,4,32672.52853
0.975273,3,32672.609014
0.97498,3,32672.689108
0.987916,3,32678.645634
0.921642,3,32678.758893
0.972349,3,32678.834728
0.996823,3,32678.912096
0.894653,3,32679.008557
0.771311,3,32698.759559
0.949787,3,32698.840734
0.972291,3,32698.932938
0.962015,3,32705.996897
0.959935,3,32706.084131
0.967373,3,32708.8728
0.939187,3,32715.669704
0.969085,3,32715.757315
0.986138,3,32721.405969
0.882471,3,32732.506702
0.984659,3,32737.76027
0.87246,3,32748.673366
0.927582,3,32748.806679
0.953963,3,32754.817694
0.959935,3,32754.909966
0.945066,3,32755.007982
0.956972,3,32755.103378
0.984421,3,32755.196588
0.948964,3,32758.340443
0.987916,3,32762.183359
0.913056,3,32771.62786
0.915795,3,32771.712023
0.970572,3,32775.310775
0.911954,3,32775.402027
0.942011,3,32782.092168
0.936255,3,32782.209856
0.920702,3,32782.319613
0.811085,4,32798.487715
0.951961,3,32802.853052
0.972087,4,32802.952202
0.99491,3,32806.479627
0.91563,3,32806.567195
0.987768,3,32808.639373
0.857655,3,32813.557602
0.969204,3,32815.886621
0.945066,3,32815.979342
0.947399,3,32820.742216
0.976124,3,32823.031097
0.91429,3,32829.776173
0.920702,3,32829.877724
0.950957,3,32829.969864
0.961727,3,32835.606161
0.948822,3,32841.294291
0.963226,4,32841.395949
0.972614,4,32844.566307
0.907557,3,32844.658793
0.98673,3,32847.383703
0.940598,3,32856.248801
0.982887,3,32858.40115
0.944134,3,32864.226986
0.989697,3,32869.471124
0.919519,3,32873.664129
0.975273,3,32873.745227
0.771311,5,32894.379205
0.967228,3,32899.957469
0.948307,4,32905.458029
0.987916,3,32907.886651
0.924746,3,32907.975076
0.989697,3,32910.588616
0.984421,3,32910.817043
0.961727,3,32916.715319
0.962015,3,32923.880268
0.859432,3,32928.585465
0.904597,3,32931.787726
0.97627,3,32939.024271
0.970337,3,32939.104383
0.97466,3,32944.064696
0.882471,3,32956.193143
0.948964,3,32959.738594
0.955969,3,32964.885471
0.950986,3,32964.964088
0.888501,3,32969.234364
0.795517,3,32969.389594
0.94868,3,32974.509603
0.937497,3,32980.889493
0.993775,3,32980.967821
0.955396,3,32985.197387
0.991778,3,32987.526174
0.972174,3,32987.61172
0.984421,3,32987.70045
0.877293,3,32991.65275
0.956975,3,32998.407707
0.913056,3,33007.943988
0.753988,3,33015.084887
0.988212,3,33018.869076
0.965487,3,33022.703759
0.927281,3,33032.944787
0.993119,3,33036.818146
0.934126,3,33043.234302
0.9587,3,33051.226247
0.93595,3,33057.262918
0.975685,3,33060.543918
0.987768,3,33062.794317
0.979646,3,33067.017395
0.982739,3,33071.732516
0.970572,3,33075.210241
0.9587,3,33083.28044
0.995298,3,33083.370768
0.919519,3,33087.509201
0.99491,3,33089.409443
0.823912,3,33095.0992
0.932305,3,33105.77434
0.795517,3,33105.887292
0.882471,3,33117.239319
0.972614,3,33129.845199
0.933224,3,33129.929206
0.972291,3,33130.011658
0.956484,3,33130.107537
0.99491,3,33131.949269
0.964039,3,33136.153337
0.979059,3,33141.051478
0.954219,3,33143.429177
0.924746,3,33143.515863
0.991183,3,33147.573867
0.979353,3,33152.266762
0.979353,3,33156.667203
0.975977,3,33158.863678
0.873606,3,33158.963732
0.936255,3,33159.047119
0.957118,3,33164.074553
0.908817,3,33175.268409
0.974075,3,33180.814078
0.948021,3,33180.913724
0.919106,3,33192.308165
0.982887,3,33196.309863
0.981294,3,33196.397927
0.991332,3,33198.501662
0.983123,3,33200.517106
0.929231,3,33207.290627
0.972614,4,33210.791782
0.972174,3,33210.866996
0.942233,3,33210.949146
0.99491,3,33214.684657
0.751279,3,33221.862461
0.886319,3,33226.959398
0.951043,3,33227.041589
0.907182,3,33241.295857
0.956975,3,33245.964708
0.943734,3,33250.990384
0.787113,7,33257.675922
0.948822,3,33265.768138
0.989697,3,33269.752665
0.957118,3,33274.049966
0.808169,3,33283.532459
0.984511,3,33286.216027
0.979206,3,33291.020948
0.972468,3,33293.873507
0.988064,3,33298.449108
0.972614,3,33301.92935
0.877293,3,33305.916167
0.982739,3,33308.154744
0.987916,3,33314.143425
0.99297,4,33317.935398
0.958556,3,33321.084575
0.90297,3,33329.494297
0.981118,3,33332.335277
0.750851,3,33339.420299
0.843743,3,33347.35719
0.99491,3,33349.195779
0.93792,3,33356.223551
0.988064,3,33360.813154
0.958988,3,33365.941187
0.993775,3,33366.022252
0.823912,3,33371.46761
0.9517,3,33371.552872
0.939046,3,33377.663507
0.947282,3,33377.746903
0.970572,3,33381.350919
0.943285,3,33391.151279
0.823121,3,33396.669735
0.981294,3,33396.748248
0.988064,3,33401.35823
0.895681,3,33404.892171
0.913056,3,33413.836967
0.977884,3,33418.12999
0.986286,3,33420.219769
0.948021,3,33420.318085
0.939183,3,33420.399764
0.975831,3,33425.967126
0.941587,3,33435.593442
0.954248,3,33437.995383
0.948822,3,33443.489515
0.989994,3,33455.224812
0.930594,3,33455.308789
0.913049,3,33455.414412
0.969085,3,33455.505291
0.975273,3,33455.58087
0.750851,3,33462.547241
0.97276,3,33467.822887
0.980971,3,33473.031128
0.989697,3,33475.420282
0.959131,3,33480.609647
0.950986,3,33480.698096
0.991778,3,33483.458493
0.948822,3,33489.790771
0.969117,3,33495.237986
0.972614,3,33499.705637
0.982887,3,33501.913618
0.975685,3,33505.287194
0.979353,3,33507.583741
0.939046,3,33513.859424
0.981118,3,33517.14541
0.987916,3,33519.69928
0.973285,3,33522.059086
0.942152,3,33531.621975
0.882471,3,33542.949313
0.927582,3,33543.031471
0.961727,3,33548.873667
0.996823,3,33548.957965
0.942011,3,33553.921272
0.895002,3,33554.017623
0.961727,3,33559.672232
0.99491,3,33563.368266
0.965487,3,33972.297942
0.969085,3,33972.383323
0.944134,3,33978.314413
0.907182,3,33990.874597
0.984659,3,33994.451694
0.987768,3,33997.126351
0.9517,3,33997.220476
0.911413,3,34002.748055
0.973929,3,34005.986609
0.924363,3,34009.13543
0.981294,3,34009.212374
0.970572,3,34012.494244
0.947282,3,34012.582387
0.981323,3,34012.663641
0.965487,3,34019.167525
0.913056,3,34027.772011
0.99491,3,34029.576303
0.991332,3,34031.674703
0.972468,3,34036.321343
0.993775,3,34036.396464
0.986138,3,34041.604677
0.771311,4,34063.168935
0.948021,3,34063.273246
0.979646,3,34067.910774
0.948964,3,34073.9221
0.848314,3,34089.878417
0.982592,3,34094.979258
0.965487,3,34102.584723
0.99491,3,34106.378885
0.927281,3,34115.608966
0.918714,3,34115.699206
0.99491,3,34117.739775
0.907726,3,34126.277018
0.982592,3,34129.945423
0.984421,3,34130.040042
0.927698,3,34137.229494
0.956484,3,34137.350068
0.918714,3,34137.470721
0.961727,3,34144.347625
0.947399,3,34149.638605
0.97276,3,34155.075233
0.933145,3,34158.386972
0.966035,3,34158.468384
0.920702,3,34158.554884
0.967864,3,34158.630536
0.972468,3,34161.713873
0.977884,3,34165.988393
0.979353,3,34168.433265
0.986286,3,34170.5155
0.939611,3,34177.546805
0.982887,3,34179.773682
0.924552,3,34179.864043
0.921642,3,34179.952459
0.941587,3,34189.148003
0.915938,3,34199.626085
0.948249,3,34199.713319
0.982739,3,34205.049994
0.787963,3,34211.486645
0.959419,3,34214.00803
0.795183,5,34220.065258
0.939183,3,34220.169429
0.881933,3,34220.26717
0.945123,3,34220.35236
0.873606,3,34220.456278
0.961727,3,34226.127677
0.882471,3,34231.001104
0.967228,3,34236.492503
0.9517,3,34236.574033
0.99491,3,34240.010716
0.943285,3,34249.644221
0.959131,3,34253.93419
0.911954,3,34254.034752
0.953677,3,34263.025252
0.987916,3,34265.712167
0.991332,3,34269.634349
0.957058,3,34269.712491
0.967228,3,34275.304749
0.972614,3,34278.55097
0.942176,3,34278.637894
0.945123,3,34278.731252
0.979353,3,34281.252639
0.915932,3,34281.342755
0.969698,3,34286.832124
0.918714,3,34286.946239
0.939014,3,34287.039964
0.973052,3,34294.711378
0.771403,3,34302.242022
0.99491,3,34304.003411
0.831859,5,34304.210913
0.955253,3,34309.543873
0.979206,3,34314.622219
0.982887,3,34317.921762
0.9894,3,34320.418275
0.894653,3,34320.513806
0.934378,3,34323.323325
0.989697,3,34327.279346
0.991778,3,34329.615872
0.945066,3,34329.699792
0.939183,3,34329.78218
0.972174,3,34329.864038
0.918796,3,34329.964948
0.969117,3,34335.417542
0.953677,3,34344.325969
0.956139,3,34344.416326
0.961727,3,34350.248343
0.960887,3,34350.346142
0.964039,3,34354.33384
0.979353,3,34356.430979
0.970134,3,34356.515409
0.751279,3,34363.681645
0.989697,3,34366.076362
0.729534,3,34389.156408
0.987916,3,34395.130533
0.913056,3,34403.989066
0.950986,3,34404.089275
0.958269,3,34407.283272
0.980824,3,34413.447007
0.972906,3,34421.45318
0.913022,3,34421.544198
0.942152,3,34430.225119
0.972468,3,34433.287288
0.956113,3,34436.101729
0.966035,3,34436.183903
0.888501,3,34440.427084
0.993119,3,34444.217023
0.969262,3,34448.897991
0.989697,3,34452.791942
0.927698,3,34459.220951
0.945179,3,34459.31058
0.957173,3,34459.390365
0.982739,3,34461.570528
0.981118,3,34464.331154
0.967228,3,34468.380305
0.962995,3,34468.477511
0.918796,3,34468.566931
0.930399,3,34468.660045
0.988212,3,34476.817017
0.966064,3,34476.89915
0.981265,3,34480.818488
0.913056,3,34489.666594
0.948135,3,34489.750902
0.890446,3,34489.848296
0.960108,3,34489.940148
0.939611,3,34497.106162
0.945123,3,34497.210802
0.913056,3,34506.504665
0.924363,3,34513.641687
0.811085,7,34530.401571
0.979206,3,34535.228158
0.924363,4,34542.285445
0.932305,3,34552.139202
0.953988,3,34552.223768
0.984659,3,34557.693273
0.965487,3,34564.122739
0.979353,3,34566.557545
0.936199,3,34566.650828
0.986286,3,34569.448693
0.961727,3,34575.201197
0.947399,3,34580.493306
0.983034,3,34582.636666
0.982739,3,34587.334054
0.942011,3,34592.277174
0.924579,3,34592.372509
0.970572,3,34595.9402
0.939893,3,34605.453627
0.984511,3,34608.267156
0.987916,3,34614.427076
0.982887,3,34617.63432
0.982887,3,34619.87038
0.913056,3,34628.750337
0.941587,3,34637.911792
0.970804,3,34640.116512
0.97276,3,34644.781646
0.9894,3,34647.115539
0.954535,3,34649.682434
0.945066,3,34649.767481
0.979646,3,34654.263903
0.956312,3,34654.346573
0.970572,3,34658.003501
0.953988,3,34658.084179
0.937216,3,34664.977329
0.986286,3,34667.281485
0.987768,3,34669.962952
0.987916,3,34674.942314
0.830687,6,34676.295017
0.975685,3,34679.66862
0.991481,3,34684.858647
0.939014,3,34684.971939
0.98673,3,34687.927875
0.967808,3,34690.554783
0.877786,3,34690.675718
0.924363,3,34698.045478
0.972468,3,34701.22136
0.98673,3,34703.915018
0.979059,3,34708.693979
0.751572,4,34716.056243
0.952675,4,34721.20522
0.945179,3,34721.286597
0.92979,3,34727.231138
0.930456,3,34727.320668
0.975831,3,34732.83762
0.928813,3,34738.982365
0.965369,3,34739.084092
0.948021,3,34739.169719
0.989548,3,34741.325042
0.942176,3,34741.413274
0.956975,3,34749.105799
0.962995,3,34749.194218
0.873606,3,34749.307226
0.988064,3,34753.968256
0.981294,3,34754.043645
0.942011,3,34759.591086
0.978177,3,34770.385269
0.975685,3,34776.324516
0.845264,3,34785.417278
0.986138,3,34789.497263
0.99491,3,34793.114126
0.936255,3,34793.21135
0.942294,3,34799.590748
0.907557,3,34799.68523
0.956484,3,34799.769493
0.959275,3,34813.934148
0.967228,3,34819.601345
0.933224,3,34819.686079
0.882471,3,34830.985021
0.930315,3,34831.068771
0.967808,3,34833.562011
0.948021,3,34833.642173
0.769923,4,34861.6822
0.950957,3,34861.767584
0.981323,3,34863.846373
0.932305,3,34874.450782
0.987916,3,34877.224789
0.981118,3,34879.994741
0.947453,3,34880.076861
0.989697,3,34883.951279
0.972614,3,34887.201517
0.981118,3,34890.532559
0.9894,3,34892.963989
0.986138,3,34897.726063
0.970804,3,34899.990315
0.975685,3,34904.989973
0.977884,3,34912.862251
0.974075,3,34918.178826
0.93328,3,34918.26499
0.979206,3,34923.049103
0.942152,3,34931.104963
0.954248,3,34933.483657
0.913056,3,34942.572701
0.954106,3,34947.595288
0.987768,3,34950.098333
0.930594,3,34950.185283
0.995298,3,34950.258538
0.984511,3,34952.260309
0.94868,3,34956.446743
0.99491,3,34956.530067
0.969117,3,34961.208312
0.961727,3,34966.994976
0.996823,3,34967.067513
0.989697,3,34970.976248
0.873606,3,34971.096977
0.936372,3,34974.232353
0.9982,3,34976.167767
0.991778,3,34978.505014
0.956113,3,34983.714244
0.979353,3,34988.227999
0.989697,3,34992.541122
0.927281,3,35001.870229
0.938764,3,35009.882065
0.961727,3,35015.572144
0.993119,3,35019.422249
0.877056,3,35025.085752
0.972906,3,35035.681746
0.881933,3,35035.779909
0.939611,3,35042.971896
0.938201,3,35052.294284
0.942152,3,35060.825703
0.863497,3,35065.00473
0.965253,3,35069.306253
0.979646,3,35073.655083
0.970337,3,35073.732899
0.939611,3,35080.734009
0.894653,3,35080.82915
0.988212,3,35088.059613
0.919106,3,35099.192674
0.970279,3,35099.274017
0.976124,3,35101.601351
0.811085,3,35119.550671
0.984511,3,35122.35754
0.907233,3,35122.477834
0.953104,3,35125.319427
0.993119,3,35129.288846
0.996823,3,35129.386824
0.954219,3,35131.8597
0.967808,3,35134.326723
0.907612,3,35134.473248
0.99491,3,35136.496447
0.940598,3,35143.44341
0.96375,3,35148.770715
0.921587,3,35148.871378
0.982739,3,35151.130277
0.987768,3,35153.420518
0.983064,3,35155.541074
0.972906,3,35166.102084
0.977444,3,35171.221378
0.927559,3,35178.951112
0.960108,3,35179.028305
0.993417,3,35181.149282
0.975685,3,35184.331801
0.950986,3,35184.418691
0.886206,3,35184.515131
0.943365,3,35184.604047
0.981118,3,35187.446995
0.927582,3,35187.530111
0.99491,3,35191.212105
0.948021,3,35191.299767
0.966064,3,35191.386463
0.937831,3,35191.480745
0.918796,3,35191.56844
0.930399,3,35191.655283
0.982739,3,35193.85211
0.947282,3,35193.941434
0.913056,3,35202.816458
0.956225,4,35205.356204
0.869394,3,35205.459124
0.939611,3,35212.612893
0.957118,3,35217.03172
0.948822,3,35222.310502
0.974221,3,35227.026669
0.991332,3,35230.931147
0.974075,3,35236.273347
0.929231,3,35239.14071
0.97276,3,35244.242917
0.966035,3,35244.327602
0.969027,3,35244.405835
0.969698,3,35249.830484
0.932165,3,35258.975376
0.977884,3,35267.873598
0.973052,3,35275.402193
0.924746,3,35275.490699
0.771542,3,35287.196222
0.894653,3,35287.293444
0.982739,3,35292.487577
0.965487,3,35298.79696
0.93328,3,35298.88329
0.882471,3,35309.794346
0.913049,3,35309.890336
0.939187,3,35316.641418
0.962995,3,35316.730225
0.972176,3,35322.191429
0.882471,3,35333.962451
0.956484,3,35334.044482
0.99491,3,35337.774733
0.982592,3,35340.427624
0.972174,3,35340.512992
0.915795,3,35340.620822
0.873554,3,35340.719731
0.948249,3,35340.803572
0.993119,3,35344.610984
0.957262,3,35351.982353
0.771403,4,35362.499022
0.996404,3,35365.306722
0.962593,3,35368.710514
0.910421,3,35368.845879
0.993775,3,35368.955383
0.991481,3,35375.644972
0.918796,3,35375.75584
0.772933,3,35406.5698
0.945123,3,35406.652225
0.947399,3,35413.153888
0.986138,3,35415.407306
0.979735,3,35419.566854
0.924552,3,35419.656145
0.927582,3,35419.740366
0.956972,3,35419.999972
0.96375,3,35428.966308
0.919519,3,35435.809783
0.92483,3,35436.098418
0.918714,3,35436.190719
0.984659,3,35441.790976
0.939611,3,35455.172709
0.811085,3,35481.684749
0.954106,3,35490.155304
0.921587,3,35490.474822
0.984274,3,35490.561608
0.981118,3,35496.463629
0.982887,3,35502.85878
0.981559,3,35503.23404
0.991481,3,35510.211586
0.939183,3,35510.470238
0.974221,3,35517.85863
0.973052,3,35527.937984
0.930428,3,35528.039518
0.970572,3,35532.629979
0.972468,3,35536.842626
0.936232,3,35542.029091
0.982887,3,35546.11761
0.911413,3,35551.789724
0.939611,3,35559.482035
0.936255,3,35559.670898
0.932445,3,35567.858987
0.877733,3,35567.969037
0.823912,3,35574.636691
0.970572,3,35578.171404
0.953963,3,35581.805901
0.978205,3,35582.498791
0.967228,3,35590.923733
0.981323,3,35591.000894
0.993417,3,35593.978358
0.954106,3,35602.53728
0.942233,3,35602.887971
0.979353,3,35610.340606
0.888475,3,35616.142318
0.962304,3,35622.752541
0.9815,3,35622.984185
0.9517,3,35623.12111
0.811085,3,35641.183384
0.90297,3,35651.190936
0.751572,3,35659.890178
0.970279,3,35660.057114
0.753988,3,35668.604206
0.915932,3,35668.70717
0.969117,3,35675.949825
0.955969,3,35682.951491
0.980499,3,35689.318482
0.981323,3,35689.42285
0.99491,3,35694.144901
0.848314,3,35709.403143
0.987768,3,35712.115348
0.978205,3,35712.203307
0.93792,3,35720.26984
0.956975,3,35728.194732
0.972906,3,35740.262925
0.972087,3,35740.354486
0.856986,3,35746.801421
0.970572,3,35751.018472
0.980971,3,35756.991046
0.795517,4,35757.221373
0.987916,3,35764.218361
0.987768,3,35767.014453
0.964183,3,35772.319267
0.989697,3,35779.165307
0.993268,3,35781.862773
0.91563,3,35781.996202
0.924746,3,35782.146343
0.859432,3,35788.014351
0.993119,3,35792.679122
0.979353,3,35795.887762
0.972291,3,35796.004086
0.939893,3,35808.439142
0.99491,3,35812.799656
0.96375,3,35818.665523
0.969027,3,35818.750422
0.927582,3,35818.842829
0.929929,3,35825.073748
0.953104,3,35827.655926
0.982739,3,35832.066918
0.955396,3,35837.619713
0.97466,3,35844.091603
0.934126,3,35849.435389
0.947399,3,35854.596979
0.982887,3,35859.994561
0.937356,3,35867.905631
0.95039,3,35878.212282
0.937356,3,35887.996656
0.982887,3,35890.707454
0.97466,3,35896.198944
0.888501,3,35902.909689
0.969027,3,35903.465506
0.924579,3,35903.691291
0.913056,3,35915.568896
0.960428,3,35921.379985
0.975685,3,35924.725222
0.988212,3,35934.266705
0.993119,3,35938.591985
0.928395,3,35943.719127
0.98747,3,35943.85671
0.920347,3,35951.343627
0.967373,3,35957.955364
0.886153,3,35958.066835
0.972906,3,35971.96779
0.940598,3,35983.549512
0.921587,3,35983.762125
0.943992,3,35987.798925
0.951043,3,35987.886327
0.921587,3,35987.976494
0.979206,3,35994.609228
0.949787,3,35994.949139
0.989697,3,36000.702762
0.959275,3,36003.482184
0.987916,3,36006.320597
0.981323,3,36006.485496
0.993417,3,36008.885453
0.987916,3,36012.088309
0.976124,3,36015.270922
0.751572,3,36023.922836
0.936255,3,36024.331316
0.987916,3,36031.390885
0.811085,4,36050.481948
0.933561,3,36052.243201
0.898988,3,36052.370307
0.943992,3,36059.407085
0.939046,3,36066.698872
0.954219,3,36069.252055
0.981323,3,36069.33341
0.961727,3,36075.454889
0.869394,3,36075.577997
0.977884,3,36079.701824
0.937497,3,36085.255091
0.993119,3,36089.437133
0.921587,3,36090.068118
0.974075,3,36095.988185
0.933986,3,36107.120917
0.981118,3,36110.69117
0.823912,3,36116.368207
0.993119,3,36120.37972
0.989697,3,36123.387993
0.940598,3,36130.891752
0.959935,3,36131.022832
