Circuiti sorgente: 600
Compilazioni compatibili totali: 1646
Per device: ibm_falcon_127=600, ibm_falcon_27=482, quantinuum_h2_56=564
Checkpoint già validi nella directory durevole: 614
Checkpoint legacy recuperabili/recuperati dalla .venv: 0
Directory checkpoint: /home/elio/Tesi/artifacts/device_selector/expected_fidelity
Checkpoint validi: 614/1646
Fallback Qiskit O1 attivo (timeout 60s); i successi saranno marcati nel manifest.
Runtime BQSKit condiviso avviato: 2 worker; porta client 35353.
Worker avviato: ibm_falcon_127 (558 job, pid=137673)
Worker avviato: ibm_falcon_27 (448 job, pid=137691)
Fallback Qiskit: ae_indep_qiskit_3|ibm_falcon_127
Checkpoint fallback valido: ae_indep_qiskit_3|ibm_falcon_127
Progresso: 615/1646 checkpoint validi; durata media tentativi 10.1s.
Fallback Qiskit: ae_indep_qiskit_3|ibm_falcon_27
Checkpoint fallback valido: ae_indep_qiskit_3|ibm_falcon_27
Progresso: 616/1646 checkpoint validi; durata media tentativi 10.1s.
Fallback Qiskit: ae_indep_tket_3|ibm_falcon_127
Checkpoint fallback valido: ae_indep_tket_3|ibm_falcon_127
Progresso: 617/1646 checkpoint validi; durata media tentativi 10.1s.
Fallback Qiskit: ae_indep_tket_3|ibm_falcon_27
Checkpoint fallback valido: ae_indep_tket_3|ibm_falcon_27
Progresso: 618/1646 checkpoint validi; durata media tentativi 10.1s.
Fallback Qiskit: dj_indep_qiskit_3|ibm_falcon_127
Checkpoint fallback valido: dj_indep_qiskit_3|ibm_falcon_127
Progresso: 619/1646 checkpoint validi; durata media tentativi 10.1s.
Fallback Qiskit: dj_indep_qiskit_3|ibm_falcon_27
Checkpoint fallback valido: dj_indep_qiskit_3|ibm_falcon_27
Progresso: 620/1646 checkpoint validi; durata media tentativi 10.1s.
Fallback Qiskit: dj_indep_tket_3|ibm_falcon_127
Checkpoint fallback valido: dj_indep_tket_3|ibm_falcon_127
Progresso: 621/1646 checkpoint validi; durata media tentativi 10.1s.
Fallback Qiskit: dj_indep_tket_3|ibm_falcon_27
Checkpoint fallback valido: dj_indep_tket_3|ibm_falcon_27
Progresso: 622/1646 checkpoint validi; durata media tentativi 10.1s.
Fallback Qiskit: graphstate_indep_qiskit_3|ibm_falcon_127
Checkpoint fallback valido: graphstate_indep_qiskit_3|ibm_falcon_127
Progresso: 623/1646 checkpoint validi; durata media tentativi 10.1s.
Fallback Qiskit: graphstate_indep_qiskit_3|ibm_falcon_27
Checkpoint fallback valido: graphstate_indep_qiskit_3|ibm_falcon_27
Progresso: 624/1646 checkpoint validi; durata media tentativi 10.1s.
Fallback Qiskit: graphstate_indep_tket_3|ibm_falcon_127
Checkpoint fallback valido: graphstate_indep_tket_3|ibm_falcon_127
Progresso: 625/1646 checkpoint validi; durata media tentativi 10.1s.
Fallback Qiskit: graphstate_indep_tket_3|ibm_falcon_27
Checkpoint fallback valido: graphstate_indep_tket_3|ibm_falcon_27
Progresso: 626/1646 checkpoint validi; durata media tentativi 10.1s.
Fallback Qiskit: portfolioqaoa_indep_qiskit_3|ibm_falcon_127
Checkpoint fallback valido: portfolioqaoa_indep_qiskit_3|ibm_falcon_127
Progresso: 627/1646 checkpoint validi; durata media tentativi 10.1s.
Fallback Qiskit: portfolioqaoa_indep_qiskit_3|ibm_falcon_27
Checkpoint fallback valido: portfolioqaoa_indep_qiskit_3|ibm_falcon_27
Progresso: 628/1646 checkpoint validi; durata media tentativi 10.1s.
Fallback Qiskit: portfolioqaoa_indep_tket_3|ibm_falcon_127
Checkpoint fallback valido: portfolioqaoa_indep_tket_3|ibm_falcon_127
Progresso: 629/1646 checkpoint validi; durata media tentativi 10.1s.
Fallback Qiskit: portfolioqaoa_indep_tket_3|ibm_falcon_27
Checkpoint fallback valido: portfolioqaoa_indep_tket_3|ibm_falcon_27
Progresso: 630/1646 checkpoint validi; durata media tentativi 10.1s.
Fallback Qiskit: portfoliovqe_indep_qiskit_3|ibm_falcon_127
Checkpoint fallback valido: portfoliovqe_indep_qiskit_3|ibm_falcon_127
Progresso: 631/1646 checkpoint validi; durata media tentativi 10.1s.
Fallback Qiskit: portfoliovqe_indep_qiskit_3|ibm_falcon_27
Checkpoint fallback valido: portfoliovqe_indep_qiskit_3|ibm_falcon_27
Progresso: 632/1646 checkpoint validi; durata media tentativi 10.1s.
Fallback Qiskit: portfoliovqe_indep_tket_3|ibm_falcon_127
Checkpoint fallback valido: portfoliovqe_indep_tket_3|ibm_falcon_127
Progresso: 633/1646 checkpoint validi; durata media tentativi 10.1s.
Fallback Qiskit: portfoliovqe_indep_tket_3|ibm_falcon_27
Checkpoint fallback valido: portfoliovqe_indep_tket_3|ibm_falcon_27
Progresso: 634/1646 checkpoint validi; durata media tentativi 10.1s.
Fallback Qiskit: qaoa_indep_qiskit_3|ibm_falcon_127
Checkpoint fallback valido: qaoa_indep_qiskit_3|ibm_falcon_127
Progresso: 635/1646 checkpoint validi; durata media tentativi 10.1s.
Fallback Qiskit: qaoa_indep_qiskit_3|ibm_falcon_27
Checkpoint fallback valido: qaoa_indep_qiskit_3|ibm_falcon_27
Progresso: 636/1646 checkpoint validi; durata media tentativi 10.1s.
Fallback Qiskit: qft_indep_qiskit_3|ibm_falcon_127
Checkpoint fallback valido: qft_indep_qiskit_3|ibm_falcon_127
Progresso: 637/1646 checkpoint validi; durata media tentativi 10.1s.
Fallback Qiskit: qaoa_indep_tket_3|ibm_falcon_27
Checkpoint fallback valido: qaoa_indep_tket_3|ibm_falcon_27
Progresso: 638/1646 checkpoint validi; durata media tentativi 10.1s.
Fallback Qiskit: qftentangled_indep_qiskit_3|ibm_falcon_127
Checkpoint fallback valido: qftentangled_indep_qiskit_3|ibm_falcon_127
Progresso: 639/1646 checkpoint validi; durata media tentativi 10.1s.
Fallback Qiskit: qft_indep_qiskit_3|ibm_falcon_27
Checkpoint fallback valido: qft_indep_qiskit_3|ibm_falcon_27
Progresso: 640/1646 checkpoint validi; durata media tentativi 10.1s.
Fallback Qiskit: qftentangled_indep_tket_3|ibm_falcon_127
Checkpoint fallback valido: qftentangled_indep_tket_3|ibm_falcon_127
Progresso: 641/1646 checkpoint validi; durata media tentativi 10.1s.
Fallback Qiskit: qft_indep_tket_3|ibm_falcon_27
Checkpoint fallback valido: qft_indep_tket_3|ibm_falcon_27
Progresso: 642/1646 checkpoint validi; durata media tentativi 10.1s.
Fallback Qiskit: qnn_indep_qiskit_3|ibm_falcon_127
Checkpoint fallback valido: qnn_indep_qiskit_3|ibm_falcon_127
Progresso: 643/1646 checkpoint validi; durata media tentativi 10.1s.
Fallback Qiskit: qftentangled_indep_qiskit_3|ibm_falcon_27
Checkpoint fallback valido: qftentangled_indep_qiskit_3|ibm_falcon_27
Progresso: 644/1646 checkpoint validi; durata media tentativi 10.1s.
Fallback Qiskit: qnn_indep_tket_3|ibm_falcon_127
Checkpoint fallback valido: qnn_indep_tket_3|ibm_falcon_127
Progresso: 645/1646 checkpoint validi; durata media tentativi 10.1s.
Fallback Qiskit: random_indep_qiskit_3|ibm_falcon_127
Checkpoint fallback valido: random_indep_qiskit_3|ibm_falcon_127
Progresso: 646/1646 checkpoint validi; durata media tentativi 9.8s.
Fallback Qiskit: random_indep_tket_3|ibm_falcon_127
Checkpoint fallback valido: random_indep_tket_3|ibm_falcon_127
Progresso: 647/1646 checkpoint validi; durata media tentativi 9.5s.
Fallback Qiskit: qftentangled_indep_tket_3|ibm_falcon_27
Checkpoint fallback valido: qftentangled_indep_tket_3|ibm_falcon_27
Progresso: 648/1646 checkpoint validi; durata media tentativi 9.5s.
Fallback Qiskit: realamprandom_indep_qiskit_3|ibm_falcon_127
Checkpoint fallback valido: realamprandom_indep_qiskit_3|ibm_falcon_127
Progresso: 649/1646 checkpoint validi; durata media tentativi 9.5s.
Fallback Qiskit: qnn_indep_qiskit_3|ibm_falcon_27
Checkpoint fallback valido: qnn_indep_qiskit_3|ibm_falcon_27
Progresso: 650/1646 checkpoint validi; durata media tentativi 9.5s.
Fallback Qiskit: realamprandom_indep_tket_3|ibm_falcon_127
Checkpoint fallback valido: realamprandom_indep_tket_3|ibm_falcon_127
Progresso: 651/1646 checkpoint validi; durata media tentativi 9.6s.
Fallback Qiskit: qnn_indep_tket_3|ibm_falcon_27
Checkpoint fallback valido: qnn_indep_tket_3|ibm_falcon_27
Progresso: 652/1646 checkpoint validi; durata media tentativi 9.6s.
Fallback Qiskit: su2random_indep_qiskit_3|ibm_falcon_127
Checkpoint fallback valido: su2random_indep_qiskit_3|ibm_falcon_127
Progresso: 653/1646 checkpoint validi; durata media tentativi 9.6s.
Progresso: 654/1646 checkpoint validi; durata media tentativi 9.4s.
Fallback Qiskit: su2random_indep_tket_3|ibm_falcon_127
Checkpoint fallback valido: su2random_indep_tket_3|ibm_falcon_127
Progresso: 655/1646 checkpoint validi; durata media tentativi 9.4s.
Fallback Qiskit: random_indep_qiskit_3|ibm_falcon_27
Checkpoint fallback valido: random_indep_qiskit_3|ibm_falcon_27
Progresso: 656/1646 checkpoint validi; durata media tentativi 9.5s.
Fallback Qiskit: twolocalrandom_indep_qiskit_3|ibm_falcon_127
Checkpoint fallback valido: twolocalrandom_indep_qiskit_3|ibm_falcon_127
Progresso: 657/1646 checkpoint validi; durata media tentativi 9.5s.
Fallback Qiskit: random_indep_tket_3|ibm_falcon_27
Checkpoint fallback valido: random_indep_tket_3|ibm_falcon_27
Progresso: 658/1646 checkpoint validi; durata media tentativi 9.5s.
Fallback Qiskit: twolocalrandom_indep_tket_3|ibm_falcon_127
Checkpoint fallback valido: twolocalrandom_indep_tket_3|ibm_falcon_127
Progresso: 659/1646 checkpoint validi; durata media tentativi 9.5s.
Fallback Qiskit: realamprandom_indep_qiskit_3|ibm_falcon_27
Checkpoint fallback valido: realamprandom_indep_qiskit_3|ibm_falcon_27
Progresso: 660/1646 checkpoint validi; durata media tentativi 9.5s.
Fallback Qiskit: ae_indep_qiskit_4|ibm_falcon_127
Checkpoint fallback valido: ae_indep_qiskit_4|ibm_falcon_127
Progresso: 661/1646 checkpoint validi; durata media tentativi 9.5s.
Fallback Qiskit: realamprandom_indep_tket_3|ibm_falcon_27
Checkpoint fallback valido: realamprandom_indep_tket_3|ibm_falcon_27
Progresso: 662/1646 checkpoint validi; durata media tentativi 9.5s.
Fallback Qiskit: ae_indep_tket_4|ibm_falcon_127
Checkpoint fallback valido: ae_indep_tket_4|ibm_falcon_127
Progresso: 663/1646 checkpoint validi; durata media tentativi 9.5s.
Fallback Qiskit: su2random_indep_qiskit_3|ibm_falcon_27
Checkpoint fallback valido: su2random_indep_qiskit_3|ibm_falcon_27
Progresso: 664/1646 checkpoint validi; durata media tentativi 9.6s.
Fallback Qiskit: dj_indep_qiskit_4|ibm_falcon_127
Checkpoint fallback valido: dj_indep_qiskit_4|ibm_falcon_127
Progresso: 665/1646 checkpoint validi; durata media tentativi 9.6s.
Fallback Qiskit: su2random_indep_tket_3|ibm_falcon_27
Checkpoint fallback valido: su2random_indep_tket_3|ibm_falcon_27
Progresso: 666/1646 checkpoint validi; durata media tentativi 9.6s.
Fallback Qiskit: dj_indep_tket_4|ibm_falcon_127
Checkpoint fallback valido: dj_indep_tket_4|ibm_falcon_127
Progresso: 667/1646 checkpoint validi; durata media tentativi 9.6s.
Fallback Qiskit: twolocalrandom_indep_qiskit_3|ibm_falcon_27
Checkpoint fallback valido: twolocalrandom_indep_qiskit_3|ibm_falcon_27
Progresso: 668/1646 checkpoint validi; durata media tentativi 9.6s.
Fallback Qiskit: graphstate_indep_qiskit_4|ibm_falcon_127
Checkpoint fallback valido: graphstate_indep_qiskit_4|ibm_falcon_127
Progresso: 669/1646 checkpoint validi; durata media tentativi 9.6s.
Fallback Qiskit: twolocalrandom_indep_tket_3|ibm_falcon_27
Checkpoint fallback valido: twolocalrandom_indep_tket_3|ibm_falcon_27
Progresso: 670/1646 checkpoint validi; durata media tentativi 9.6s.
Fallback Qiskit: graphstate_indep_tket_4|ibm_falcon_127
Checkpoint fallback valido: graphstate_indep_tket_4|ibm_falcon_127
Progresso: 671/1646 checkpoint validi; durata media tentativi 9.6s.
Fallback Qiskit: ae_indep_qiskit_4|ibm_falcon_27
Checkpoint fallback valido: ae_indep_qiskit_4|ibm_falcon_27
Progresso: 672/1646 checkpoint validi; durata media tentativi 9.6s.
Fallback Qiskit: groundstate_small_indep_qiskit_4|ibm_falcon_127
Checkpoint fallback valido: groundstate_small_indep_qiskit_4|ibm_falcon_127
Progresso: 673/1646 checkpoint validi; durata media tentativi 9.6s.
Fallback Qiskit: ae_indep_tket_4|ibm_falcon_27
Checkpoint fallback valido: ae_indep_tket_4|ibm_falcon_27
Progresso: 674/1646 checkpoint validi; durata media tentativi 9.6s.
Fallback Qiskit: groundstate_small_indep_tket_4|ibm_falcon_127
Checkpoint fallback valido: groundstate_small_indep_tket_4|ibm_falcon_127
Progresso: 675/1646 checkpoint validi; durata media tentativi 9.7s.
Fallback Qiskit: dj_indep_qiskit_4|ibm_falcon_27
Checkpoint fallback valido: dj_indep_qiskit_4|ibm_falcon_27
Progresso: 676/1646 checkpoint validi; durata media tentativi 9.7s.
Fallback Qiskit: portfolioqaoa_indep_qiskit_4|ibm_falcon_127
Checkpoint fallback valido: portfolioqaoa_indep_qiskit_4|ibm_falcon_127
Progresso: 677/1646 checkpoint validi; durata media tentativi 9.7s.
Fallback Qiskit: dj_indep_tket_4|ibm_falcon_27
Checkpoint fallback valido: dj_indep_tket_4|ibm_falcon_27
Progresso: 678/1646 checkpoint validi; durata media tentativi 9.7s.
Fallback Qiskit: portfolioqaoa_indep_tket_4|ibm_falcon_127
Checkpoint fallback valido: portfolioqaoa_indep_tket_4|ibm_falcon_127
Progresso: 679/1646 checkpoint validi; durata media tentativi 9.7s.
Fallback Qiskit: graphstate_indep_qiskit_4|ibm_falcon_27
Checkpoint fallback valido: graphstate_indep_qiskit_4|ibm_falcon_27
Progresso: 680/1646 checkpoint validi; durata media tentativi 9.7s.
Fallback Qiskit: portfoliovqe_indep_qiskit_4|ibm_falcon_127
Checkpoint fallback valido: portfoliovqe_indep_qiskit_4|ibm_falcon_127
Progresso: 681/1646 checkpoint validi; durata media tentativi 9.7s.
Fallback Qiskit: graphstate_indep_tket_4|ibm_falcon_27
Checkpoint fallback valido: graphstate_indep_tket_4|ibm_falcon_27
Progresso: 682/1646 checkpoint validi; durata media tentativi 9.7s.
Fallback Qiskit: portfoliovqe_indep_tket_4|ibm_falcon_127
Checkpoint fallback valido: portfoliovqe_indep_tket_4|ibm_falcon_127
Progresso: 683/1646 checkpoint validi; durata media tentativi 9.7s.
Fallback Qiskit: groundstate_small_indep_qiskit_4|ibm_falcon_27
Checkpoint fallback valido: groundstate_small_indep_qiskit_4|ibm_falcon_27
Progresso: 684/1646 checkpoint validi; durata media tentativi 9.7s.
Fallback Qiskit: qaoa_indep_qiskit_4|ibm_falcon_127
Checkpoint fallback valido: qaoa_indep_qiskit_4|ibm_falcon_127
Progresso: 685/1646 checkpoint validi; durata media tentativi 9.7s.
Fallback Qiskit: groundstate_small_indep_tket_4|ibm_falcon_27
Checkpoint fallback valido: groundstate_small_indep_tket_4|ibm_falcon_27
Progresso: 686/1646 checkpoint validi; durata media tentativi 9.7s.
Fallback Qiskit: qaoa_indep_tket_4|ibm_falcon_127
Checkpoint fallback valido: qaoa_indep_tket_4|ibm_falcon_127
Progresso: 687/1646 checkpoint validi; durata media tentativi 9.7s.
Fallback Qiskit: portfolioqaoa_indep_qiskit_4|ibm_falcon_27
Checkpoint fallback valido: portfolioqaoa_indep_qiskit_4|ibm_falcon_27
Progresso: 688/1646 checkpoint validi; durata media tentativi 9.7s.
Fallback Qiskit: qft_indep_qiskit_4|ibm_falcon_127
Checkpoint fallback valido: qft_indep_qiskit_4|ibm_falcon_127
Progresso: 689/1646 checkpoint validi; durata media tentativi 9.7s.
Fallback Qiskit: portfolioqaoa_indep_tket_4|ibm_falcon_27
Checkpoint fallback valido: portfolioqaoa_indep_tket_4|ibm_falcon_27
Progresso: 690/1646 checkpoint validi; durata media tentativi 9.7s.
Fallback Qiskit: qft_indep_tket_4|ibm_falcon_127
Checkpoint fallback valido: qft_indep_tket_4|ibm_falcon_127
Progresso: 691/1646 checkpoint validi; durata media tentativi 9.7s.
Fallback Qiskit: portfoliovqe_indep_qiskit_4|ibm_falcon_27
Checkpoint fallback valido: portfoliovqe_indep_qiskit_4|ibm_falcon_27
Progresso: 692/1646 checkpoint validi; durata media tentativi 9.8s.
Fallback Qiskit: qftentangled_indep_qiskit_4|ibm_falcon_127
Checkpoint fallback valido: qftentangled_indep_qiskit_4|ibm_falcon_127
Progresso: 693/1646 checkpoint validi; durata media tentativi 9.8s.
Fallback Qiskit: portfoliovqe_indep_tket_4|ibm_falcon_27
Checkpoint fallback valido: portfoliovqe_indep_tket_4|ibm_falcon_27
Progresso: 694/1646 checkpoint validi; durata media tentativi 9.8s.
Fallback Qiskit: qftentangled_indep_tket_4|ibm_falcon_127
Checkpoint fallback valido: qftentangled_indep_tket_4|ibm_falcon_127
Progresso: 695/1646 checkpoint validi; durata media tentativi 9.7s.
Fallback Qiskit: qnn_indep_qiskit_4|ibm_falcon_127
Fallback Qiskit: qaoa_indep_qiskit_4|ibm_falcon_27
Checkpoint fallback valido: qnn_indep_qiskit_4|ibm_falcon_127
Progresso: 696/1646 checkpoint validi; durata media tentativi 9.6s.
Checkpoint fallback valido: qaoa_indep_qiskit_4|ibm_falcon_27
Progresso: 697/1646 checkpoint validi; durata media tentativi 9.5s.
Traceback (most recent call last):
  File "/home/elio/Tesi/scripts/06_train_device_selector.py", line 1666, in <module>
    raise SystemExit(main())
                     ^^^^^^
  File "/home/elio/Tesi/scripts/06_train_device_selector.py", line 1597, in main
    compile_resumably(
  File "/home/elio/Tesi/scripts/06_train_device_selector.py", line 1219, in compile_resumably
    raise RuntimeError(
RuntimeError: Il runtime BQSKit condiviso si è arrestato. Controlla /home/elio/Tesi/artifacts/device_selector/expected_fidelity/logs/bqskit_server.log.
Circuiti sorgente: 600
Compilazioni compatibili totali: 1646
Per device: ibm_falcon_127=600, ibm_falcon_27=482, quantinuum_h2_56=564
Checkpoint già validi nella directory durevole: 697
Checkpoint legacy recuperabili/recuperati dalla .venv: 0
Directory checkpoint: /home/elio/Tesi/artifacts/device_selector/expected_fidelity
Checkpoint validi: 697/1646
Fallback Qiskit O1 attivo (timeout 60s); i successi saranno marcati nel manifest.
Runtime BQSKit condiviso avviato: 2 worker; porta client 32769.
Worker avviato: ibm_falcon_127 (515 job, pid=214676)
Worker avviato: ibm_falcon_27 (408 job, pid=214735)
Fallback Qiskit: qnn_indep_tket_4|ibm_falcon_127
Checkpoint fallback valido: qnn_indep_tket_4|ibm_falcon_127
Progresso: 698/1646 checkpoint validi; durata media tentativi 1.1s.
Fallback Qiskit: qpeexact_indep_qiskit_4|ibm_falcon_127
Checkpoint fallback valido: qpeexact_indep_qiskit_4|ibm_falcon_127
Progresso: 699/1646 checkpoint validi; durata media tentativi 1.1s.
Fallback Qiskit: qpeexact_indep_tket_4|ibm_falcon_127
Checkpoint fallback valido: qpeexact_indep_tket_4|ibm_falcon_127
Progresso: 700/1646 checkpoint validi; durata media tentativi 1.1s.
Fallback Qiskit: qpeinexact_indep_qiskit_4|ibm_falcon_127
Checkpoint fallback valido: qpeinexact_indep_qiskit_4|ibm_falcon_127
Progresso: 701/1646 checkpoint validi; durata media tentativi 1.1s.
Fallback Qiskit: qpeinexact_indep_tket_4|ibm_falcon_127
Checkpoint fallback valido: qpeinexact_indep_tket_4|ibm_falcon_127
Progresso: 702/1646 checkpoint validi; durata media tentativi 1.1s.
Fallback Qiskit: random_indep_qiskit_4|ibm_falcon_127
Checkpoint fallback valido: random_indep_qiskit_4|ibm_falcon_127
Progresso: 703/1646 checkpoint validi; durata media tentativi 1.0s.
Fallback Qiskit: random_indep_tket_4|ibm_falcon_127
Checkpoint fallback valido: random_indep_tket_4|ibm_falcon_127
Progresso: 704/1646 checkpoint validi; durata media tentativi 0.9s.
Fallback Qiskit: realamprandom_indep_qiskit_4|ibm_falcon_127
Checkpoint fallback valido: realamprandom_indep_qiskit_4|ibm_falcon_127
Progresso: 705/1646 checkpoint validi; durata media tentativi 0.9s.
Fallback Qiskit: realamprandom_indep_tket_4|ibm_falcon_127
Checkpoint fallback valido: realamprandom_indep_tket_4|ibm_falcon_127
Progresso: 706/1646 checkpoint validi; durata media tentativi 0.9s.
Fallback Qiskit: su2random_indep_qiskit_4|ibm_falcon_127
Checkpoint fallback valido: su2random_indep_qiskit_4|ibm_falcon_127
Progresso: 707/1646 checkpoint validi; durata media tentativi 0.9s.
Fallback Qiskit: qaoa_indep_tket_4|ibm_falcon_27
Checkpoint fallback valido: qaoa_indep_tket_4|ibm_falcon_27
Progresso: 708/1646 checkpoint validi; durata media tentativi 0.9s.
Fallback Qiskit: su2random_indep_tket_4|ibm_falcon_127
Checkpoint fallback valido: su2random_indep_tket_4|ibm_falcon_127
Progresso: 709/1646 checkpoint validi; durata media tentativi 1.0s.
Fallback Qiskit: qft_indep_qiskit_4|ibm_falcon_27
Checkpoint fallback valido: qft_indep_qiskit_4|ibm_falcon_27
Progresso: 710/1646 checkpoint validi; durata media tentativi 1.0s.
Fallback Qiskit: tsp_indep_tket_4|ibm_falcon_127
Checkpoint fallback valido: tsp_indep_tket_4|ibm_falcon_127
Progresso: 711/1646 checkpoint validi; durata media tentativi 1.0s.
Fallback Qiskit: qft_indep_tket_4|ibm_falcon_27
Checkpoint fallback valido: qft_indep_tket_4|ibm_falcon_27
Progresso: 712/1646 checkpoint validi; durata media tentativi 1.0s.
Fallback Qiskit: twolocalrandom_indep_qiskit_4|ibm_falcon_127
Checkpoint fallback valido: twolocalrandom_indep_qiskit_4|ibm_falcon_127
Progresso: 713/1646 checkpoint validi; durata media tentativi 1.0s.
Fallback Qiskit: qftentangled_indep_qiskit_4|ibm_falcon_27
Checkpoint fallback valido: qftentangled_indep_qiskit_4|ibm_falcon_27
Progresso: 714/1646 checkpoint validi; durata media tentativi 1.0s.
Fallback Qiskit: twolocalrandom_indep_tket_4|ibm_falcon_127
Checkpoint fallback valido: twolocalrandom_indep_tket_4|ibm_falcon_127
Progresso: 715/1646 checkpoint validi; durata media tentativi 1.0s.
Fallback Qiskit: qftentangled_indep_tket_4|ibm_falcon_27
Checkpoint fallback valido: qftentangled_indep_tket_4|ibm_falcon_27
Progresso: 716/1646 checkpoint validi; durata media tentativi 1.0s.
Fallback Qiskit: vqe_indep_qiskit_4|ibm_falcon_127
Checkpoint fallback valido: vqe_indep_qiskit_4|ibm_falcon_127
Progresso: 717/1646 checkpoint validi; durata media tentativi 1.0s.
Fallback Qiskit: qnn_indep_qiskit_4|ibm_falcon_27
Checkpoint fallback valido: qnn_indep_qiskit_4|ibm_falcon_27
Progresso: 718/1646 checkpoint validi; durata media tentativi 1.0s.
Fallback Qiskit: vqe_indep_tket_4|ibm_falcon_127
Checkpoint fallback valido: vqe_indep_tket_4|ibm_falcon_127
Progresso: 719/1646 checkpoint validi; durata media tentativi 1.0s.
Fallback Qiskit: qnn_indep_tket_4|ibm_falcon_27
Checkpoint fallback valido: qnn_indep_tket_4|ibm_falcon_27
Progresso: 720/1646 checkpoint validi; durata media tentativi 1.0s.
Fallback Qiskit: wstate_indep_qiskit_4|ibm_falcon_127
Checkpoint fallback valido: wstate_indep_qiskit_4|ibm_falcon_127
Progresso: 721/1646 checkpoint validi; durata media tentativi 1.0s.
Fallback Qiskit: wstate_indep_tket_4|ibm_falcon_127
Fallback Qiskit: qpeexact_indep_qiskit_4|ibm_falcon_27
Checkpoint fallback valido: wstate_indep_tket_4|ibm_falcon_127
Progresso: 722/1646 checkpoint validi; durata media tentativi 1.0s.
Checkpoint fallback valido: qpeexact_indep_qiskit_4|ibm_falcon_27
Progresso: 723/1646 checkpoint validi; durata media tentativi 1.0s.
Fallback Qiskit: ae_indep_qiskit_5|ibm_falcon_127
Checkpoint fallback valido: ae_indep_qiskit_5|ibm_falcon_127
Progresso: 724/1646 checkpoint validi; durata media tentativi 1.0s.
Fallback Qiskit: qpeexact_indep_tket_4|ibm_falcon_27
Checkpoint fallback valido: qpeexact_indep_tket_4|ibm_falcon_27
Progresso: 725/1646 checkpoint validi; durata media tentativi 1.0s.
Fallback Qiskit: ae_indep_tket_5|ibm_falcon_127
Checkpoint fallback valido: ae_indep_tket_5|ibm_falcon_127
Progresso: 726/1646 checkpoint validi; durata media tentativi 1.0s.
Fallback Qiskit: qpeinexact_indep_qiskit_4|ibm_falcon_27
Checkpoint fallback valido: qpeinexact_indep_qiskit_4|ibm_falcon_27
Progresso: 727/1646 checkpoint validi; durata media tentativi 1.0s.
Fallback Qiskit: dj_indep_qiskit_5|ibm_falcon_127
Checkpoint fallback valido: dj_indep_qiskit_5|ibm_falcon_127
Progresso: 728/1646 checkpoint validi; durata media tentativi 1.0s.
Fallback Qiskit: qpeinexact_indep_tket_4|ibm_falcon_27
Checkpoint fallback valido: qpeinexact_indep_tket_4|ibm_falcon_27
Progresso: 729/1646 checkpoint validi; durata media tentativi 1.0s.
Fallback Qiskit: dj_indep_tket_5|ibm_falcon_127
Checkpoint fallback valido: dj_indep_tket_5|ibm_falcon_127
Progresso: 730/1646 checkpoint validi; durata media tentativi 1.0s.
Fallback Qiskit: random_indep_qiskit_4|ibm_falcon_27
Checkpoint fallback valido: random_indep_qiskit_4|ibm_falcon_27
Progresso: 731/1646 checkpoint validi; durata media tentativi 1.0s.
Fallback Qiskit: graphstate_indep_qiskit_5|ibm_falcon_127
Checkpoint fallback valido: graphstate_indep_qiskit_5|ibm_falcon_127
Progresso: 732/1646 checkpoint validi; durata media tentativi 1.0s.
Fallback Qiskit: random_indep_tket_4|ibm_falcon_27
Checkpoint fallback valido: random_indep_tket_4|ibm_falcon_27
Progresso: 733/1646 checkpoint validi; durata media tentativi 1.0s.
Fallback Qiskit: graphstate_indep_tket_5|ibm_falcon_127
Checkpoint fallback valido: graphstate_indep_tket_5|ibm_falcon_127
Progresso: 734/1646 checkpoint validi; durata media tentativi 1.0s.
Fallback Qiskit: realamprandom_indep_qiskit_4|ibm_falcon_27
Checkpoint fallback valido: realamprandom_indep_qiskit_4|ibm_falcon_27
Progresso: 735/1646 checkpoint validi; durata media tentativi 1.0s.
Fallback Qiskit: portfolioqaoa_indep_qiskit_5|ibm_falcon_127
Checkpoint fallback valido: portfolioqaoa_indep_qiskit_5|ibm_falcon_127
Progresso: 736/1646 checkpoint validi; durata media tentativi 1.0s.
Fallback Qiskit: realamprandom_indep_tket_4|ibm_falcon_27
Checkpoint fallback valido: realamprandom_indep_tket_4|ibm_falcon_27
Progresso: 737/1646 checkpoint validi; durata media tentativi 1.0s.
Fallback Qiskit: portfolioqaoa_indep_tket_5|ibm_falcon_127
Checkpoint fallback valido: portfolioqaoa_indep_tket_5|ibm_falcon_127
Progresso: 738/1646 checkpoint validi; durata media tentativi 1.0s.
Fallback Qiskit: su2random_indep_qiskit_4|ibm_falcon_27
Checkpoint fallback valido: su2random_indep_qiskit_4|ibm_falcon_27
Progresso: 739/1646 checkpoint validi; durata media tentativi 1.0s.
Fallback Qiskit: portfoliovqe_indep_qiskit_5|ibm_falcon_127
Checkpoint fallback valido: portfoliovqe_indep_qiskit_5|ibm_falcon_127
Progresso: 740/1646 checkpoint validi; durata media tentativi 1.0s.
Fallback Qiskit: su2random_indep_tket_4|ibm_falcon_27
Checkpoint fallback valido: su2random_indep_tket_4|ibm_falcon_27
Progresso: 741/1646 checkpoint validi; durata media tentativi 1.0s.
Fallback Qiskit: portfoliovqe_indep_tket_5|ibm_falcon_127
Checkpoint fallback valido: portfoliovqe_indep_tket_5|ibm_falcon_127
Progresso: 742/1646 checkpoint validi; durata media tentativi 1.0s.
Fallback Qiskit: tsp_indep_tket_4|ibm_falcon_27
Fallback Qiskit: pricingcall_indep_qiskit_5|ibm_falcon_127
Checkpoint fallback valido: pricingcall_indep_qiskit_5|ibm_falcon_127
Progresso: 743/1646 checkpoint validi; durata media tentativi 1.0s.
Checkpoint fallback valido: tsp_indep_tket_4|ibm_falcon_27
Progresso: 744/1646 checkpoint validi; durata media tentativi 1.0s.
Fallback Qiskit: pricingcall_indep_tket_5|ibm_falcon_127
Checkpoint fallback valido: pricingcall_indep_tket_5|ibm_falcon_127
Progresso: 745/1646 checkpoint validi; durata media tentativi 1.0s.
Fallback Qiskit: pricingput_indep_qiskit_5|ibm_falcon_127
Checkpoint fallback valido: pricingput_indep_qiskit_5|ibm_falcon_127
Progresso: 746/1646 checkpoint validi; durata media tentativi 1.0s.
Fallback Qiskit: pricingput_indep_tket_5|ibm_falcon_127
Checkpoint fallback valido: pricingput_indep_tket_5|ibm_falcon_127
Progresso: 747/1646 checkpoint validi; durata media tentativi 1.0s.
Fallback Qiskit: twolocalrandom_indep_qiskit_4|ibm_falcon_27
Checkpoint fallback valido: twolocalrandom_indep_qiskit_4|ibm_falcon_27
Progresso: 748/1646 checkpoint validi; durata media tentativi 1.0s.
Fallback Qiskit: qaoa_indep_qiskit_5|ibm_falcon_127
Checkpoint fallback valido: qaoa_indep_qiskit_5|ibm_falcon_127
Progresso: 749/1646 checkpoint validi; durata media tentativi 1.0s.
Fallback Qiskit: twolocalrandom_indep_tket_4|ibm_falcon_27
Checkpoint fallback valido: twolocalrandom_indep_tket_4|ibm_falcon_27
Progresso: 750/1646 checkpoint validi; durata media tentativi 1.0s.
Fallback Qiskit: qaoa_indep_tket_5|ibm_falcon_127
Checkpoint fallback valido: qaoa_indep_tket_5|ibm_falcon_127
Progresso: 751/1646 checkpoint validi; durata media tentativi 1.0s.
Fallback Qiskit: vqe_indep_qiskit_4|ibm_falcon_27
Checkpoint fallback valido: vqe_indep_qiskit_4|ibm_falcon_27
Progresso: 752/1646 checkpoint validi; durata media tentativi 1.0s.
Fallback Qiskit: qft_indep_qiskit_5|ibm_falcon_127
Fallback Qiskit: vqe_indep_tket_4|ibm_falcon_27
Checkpoint fallback valido: qft_indep_qiskit_5|ibm_falcon_127
Progresso: 753/1646 checkpoint validi; durata media tentativi 1.0s.
Checkpoint fallback valido: vqe_indep_tket_4|ibm_falcon_27
Progresso: 754/1646 checkpoint validi; durata media tentativi 1.0s.
ATTENZIONE: il runtime BQSKit condiviso si è arrestato; continuo senza interrompere il run. Le compilazioni RL falliranno rapidamente e saranno completate dal fallback Qiskit. Dettagli: /home/elio/Tesi/artifacts/device_selector/expected_fidelity/logs/bqskit_server.log.
Fallback Qiskit: qft_indep_tket_5|ibm_falcon_127
Fallback Qiskit: wstate_indep_qiskit_4|ibm_falcon_27
Checkpoint fallback valido: qft_indep_tket_5|ibm_falcon_127
Progresso: 755/1646 checkpoint validi; durata media tentativi 1.0s.
Checkpoint fallback valido: wstate_indep_qiskit_4|ibm_falcon_27
Progresso: 756/1646 checkpoint validi; durata media tentativi 1.0s.
Fallback Qiskit: qftentangled_indep_qiskit_5|ibm_falcon_127
Checkpoint fallback valido: qftentangled_indep_qiskit_5|ibm_falcon_127
Progresso: 757/1646 checkpoint validi; durata media tentativi 1.0s.
Fallback Qiskit: wstate_indep_tket_4|ibm_falcon_27
Checkpoint fallback valido: wstate_indep_tket_4|ibm_falcon_27
Progresso: 758/1646 checkpoint validi; durata media tentativi 1.0s.
Fallback Qiskit: qftentangled_indep_tket_5|ibm_falcon_127
Checkpoint fallback valido: qftentangled_indep_tket_5|ibm_falcon_127
Progresso: 759/1646 checkpoint validi; durata media tentativi 1.0s.
Fallback Qiskit: ae_indep_qiskit_5|ibm_falcon_27
Checkpoint fallback valido: ae_indep_qiskit_5|ibm_falcon_27
Progresso: 760/1646 checkpoint validi; durata media tentativi 1.0s.
Fallback Qiskit: qnn_indep_qiskit_5|ibm_falcon_127
Checkpoint fallback valido: qnn_indep_qiskit_5|ibm_falcon_127
Progresso: 761/1646 checkpoint validi; durata media tentativi 1.0s.
Fallback Qiskit: ae_indep_tket_5|ibm_falcon_27
Checkpoint fallback valido: ae_indep_tket_5|ibm_falcon_27
Progresso: 762/1646 checkpoint validi; durata media tentativi 1.0s.
Fallback Qiskit: qnn_indep_tket_5|ibm_falcon_127
Checkpoint fallback valido: qnn_indep_tket_5|ibm_falcon_127
Progresso: 763/1646 checkpoint validi; durata media tentativi 1.0s.
Fallback Qiskit: dj_indep_qiskit_5|ibm_falcon_27
Checkpoint fallback valido: dj_indep_qiskit_5|ibm_falcon_27
Progresso: 764/1646 checkpoint validi; durata media tentativi 1.0s.
Fallback Qiskit: qpeexact_indep_qiskit_5|ibm_falcon_127
Checkpoint fallback valido: qpeexact_indep_qiskit_5|ibm_falcon_127
Progresso: 765/1646 checkpoint validi; durata media tentativi 1.0s.
Fallback Qiskit: dj_indep_tket_5|ibm_falcon_27
Checkpoint fallback valido: dj_indep_tket_5|ibm_falcon_27
Progresso: 766/1646 checkpoint validi; durata media tentativi 1.0s.
Fallback Qiskit: qpeexact_indep_tket_5|ibm_falcon_127
Checkpoint fallback valido: qpeexact_indep_tket_5|ibm_falcon_127
Progresso: 767/1646 checkpoint validi; durata media tentativi 1.0s.
Fallback Qiskit: graphstate_indep_qiskit_5|ibm_falcon_27
Checkpoint fallback valido: graphstate_indep_qiskit_5|ibm_falcon_27
Progresso: 768/1646 checkpoint validi; durata media tentativi 1.0s.
Fallback Qiskit: qpeinexact_indep_qiskit_5|ibm_falcon_127
Checkpoint fallback valido: qpeinexact_indep_qiskit_5|ibm_falcon_127
Progresso: 769/1646 checkpoint validi; durata media tentativi 1.0s.
Fallback Qiskit: graphstate_indep_tket_5|ibm_falcon_27
Checkpoint fallback valido: graphstate_indep_tket_5|ibm_falcon_27
Progresso: 770/1646 checkpoint validi; durata media tentativi 1.0s.
Fallback Qiskit: qpeinexact_indep_tket_5|ibm_falcon_127
Checkpoint fallback valido: qpeinexact_indep_tket_5|ibm_falcon_127
Progresso: 771/1646 checkpoint validi; durata media tentativi 1.0s.
Fallback Qiskit: portfolioqaoa_indep_qiskit_5|ibm_falcon_27
Checkpoint fallback valido: portfolioqaoa_indep_qiskit_5|ibm_falcon_27
Progresso: 772/1646 checkpoint validi; durata media tentativi 1.0s.
Fallback Qiskit: random_indep_qiskit_5|ibm_falcon_127
Checkpoint fallback valido: random_indep_qiskit_5|ibm_falcon_127
Progresso: 773/1646 checkpoint validi; durata media tentativi 1.0s.
Fallback Qiskit: portfolioqaoa_indep_tket_5|ibm_falcon_27
Checkpoint fallback valido: portfolioqaoa_indep_tket_5|ibm_falcon_27
Progresso: 774/1646 checkpoint validi; durata media tentativi 1.0s.
Fallback Qiskit: random_indep_tket_5|ibm_falcon_127
Checkpoint fallback valido: random_indep_tket_5|ibm_falcon_127
Progresso: 775/1646 checkpoint validi; durata media tentativi 1.0s.
Fallback Qiskit: portfoliovqe_indep_qiskit_5|ibm_falcon_27
Checkpoint fallback valido: portfoliovqe_indep_qiskit_5|ibm_falcon_27
Progresso: 776/1646 checkpoint validi; durata media tentativi 1.0s.
Fallback Qiskit: realamprandom_indep_qiskit_5|ibm_falcon_127
Checkpoint fallback valido: realamprandom_indep_qiskit_5|ibm_falcon_127
Progresso: 777/1646 checkpoint validi; durata media tentativi 1.0s.
Fallback Qiskit: portfoliovqe_indep_tket_5|ibm_falcon_27
Checkpoint fallback valido: portfoliovqe_indep_tket_5|ibm_falcon_27
Progresso: 778/1646 checkpoint validi; durata media tentativi 1.0s.
Fallback Qiskit: realamprandom_indep_tket_5|ibm_falcon_127
Checkpoint fallback valido: realamprandom_indep_tket_5|ibm_falcon_127
Progresso: 779/1646 checkpoint validi; durata media tentativi 1.0s.
Fallback Qiskit: pricingcall_indep_qiskit_5|ibm_falcon_27
Checkpoint fallback valido: pricingcall_indep_qiskit_5|ibm_falcon_27
Progresso: 780/1646 checkpoint validi; durata media tentativi 1.0s.
Fallback Qiskit: su2random_indep_qiskit_5|ibm_falcon_127
Checkpoint fallback valido: su2random_indep_qiskit_5|ibm_falcon_127
Progresso: 781/1646 checkpoint validi; durata media tentativi 1.0s.
Fallback Qiskit: pricingcall_indep_tket_5|ibm_falcon_27
Checkpoint fallback valido: pricingcall_indep_tket_5|ibm_falcon_27
Progresso: 782/1646 checkpoint validi; durata media tentativi 1.0s.
Fallback Qiskit: su2random_indep_tket_5|ibm_falcon_127
Checkpoint fallback valido: su2random_indep_tket_5|ibm_falcon_127
Progresso: 783/1646 checkpoint validi; durata media tentativi 1.0s.
Fallback Qiskit: pricingput_indep_qiskit_5|ibm_falcon_27
Checkpoint fallback valido: pricingput_indep_qiskit_5|ibm_falcon_27
Progresso: 784/1646 checkpoint validi; durata media tentativi 1.0s.
Fallback Qiskit: twolocalrandom_indep_qiskit_5|ibm_falcon_127
Checkpoint fallback valido: twolocalrandom_indep_qiskit_5|ibm_falcon_127
Progresso: 785/1646 checkpoint validi; durata media tentativi 1.0s.
Fallback Qiskit: pricingput_indep_tket_5|ibm_falcon_27
Checkpoint fallback valido: pricingput_indep_tket_5|ibm_falcon_27
Progresso: 786/1646 checkpoint validi; durata media tentativi 1.0s.
Fallback Qiskit: twolocalrandom_indep_tket_5|ibm_falcon_127
Checkpoint fallback valido: twolocalrandom_indep_tket_5|ibm_falcon_127
Progresso: 787/1646 checkpoint validi; durata media tentativi 1.0s.
Fallback Qiskit: qaoa_indep_qiskit_5|ibm_falcon_27
Checkpoint fallback valido: qaoa_indep_qiskit_5|ibm_falcon_27
Progresso: 788/1646 checkpoint validi; durata media tentativi 1.0s.
Fallback Qiskit: wstate_indep_qiskit_5|ibm_falcon_127
Checkpoint fallback valido: wstate_indep_qiskit_5|ibm_falcon_127
Progresso: 789/1646 checkpoint validi; durata media tentativi 1.0s.
Fallback Qiskit: qaoa_indep_tket_5|ibm_falcon_27
Checkpoint fallback valido: qaoa_indep_tket_5|ibm_falcon_27
Progresso: 790/1646 checkpoint validi; durata media tentativi 1.0s.
Fallback Qiskit: wstate_indep_tket_5|ibm_falcon_127
Checkpoint fallback valido: wstate_indep_tket_5|ibm_falcon_127
Progresso: 791/1646 checkpoint validi; durata media tentativi 1.0s.
Fallback Qiskit: qft_indep_qiskit_5|ibm_falcon_27
Checkpoint fallback valido: qft_indep_qiskit_5|ibm_falcon_27
Progresso: 792/1646 checkpoint validi; durata media tentativi 1.0s.
Fallback Qiskit: ae_indep_qiskit_6|ibm_falcon_127
Checkpoint fallback valido: ae_indep_qiskit_6|ibm_falcon_127
Progresso: 793/1646 checkpoint validi; durata media tentativi 1.0s.
Fallback Qiskit: qft_indep_tket_5|ibm_falcon_27
Checkpoint fallback valido: qft_indep_tket_5|ibm_falcon_27
Progresso: 794/1646 checkpoint validi; durata media tentativi 1.0s.
Fallback Qiskit: ae_indep_tket_6|ibm_falcon_127
Checkpoint fallback valido: ae_indep_tket_6|ibm_falcon_127
Progresso: 795/1646 checkpoint validi; durata media tentativi 1.0s.
Fallback Qiskit: qftentangled_indep_qiskit_5|ibm_falcon_27
Checkpoint fallback valido: qftentangled_indep_qiskit_5|ibm_falcon_27
Progresso: 796/1646 checkpoint validi; durata media tentativi 1.0s.
Fallback Qiskit: dj_indep_qiskit_6|ibm_falcon_127
Checkpoint fallback valido: dj_indep_qiskit_6|ibm_falcon_127
Progresso: 797/1646 checkpoint validi; durata media tentativi 1.0s.
Fallback Qiskit: qftentangled_indep_tket_5|ibm_falcon_27
Checkpoint fallback valido: qftentangled_indep_tket_5|ibm_falcon_27
Progresso: 798/1646 checkpoint validi; durata media tentativi 1.0s.
Fallback Qiskit: dj_indep_tket_6|ibm_falcon_127
Checkpoint fallback valido: dj_indep_tket_6|ibm_falcon_127
Progresso: 799/1646 checkpoint validi; durata media tentativi 1.0s.
Fallback Qiskit: qnn_indep_qiskit_5|ibm_falcon_27
Checkpoint fallback valido: qnn_indep_qiskit_5|ibm_falcon_27
Progresso: 800/1646 checkpoint validi; durata media tentativi 1.0s.
Fallback Qiskit: graphstate_indep_qiskit_6|ibm_falcon_127
Checkpoint fallback valido: graphstate_indep_qiskit_6|ibm_falcon_127
Progresso: 801/1646 checkpoint validi; durata media tentativi 1.0s.
Fallback Qiskit: qnn_indep_tket_5|ibm_falcon_27
Checkpoint fallback valido: qnn_indep_tket_5|ibm_falcon_27
Progresso: 802/1646 checkpoint validi; durata media tentativi 1.0s.
Fallback Qiskit: graphstate_indep_tket_6|ibm_falcon_127
Checkpoint fallback valido: graphstate_indep_tket_6|ibm_falcon_127
Progresso: 803/1646 checkpoint validi; durata media tentativi 1.0s.
Fallback Qiskit: qpeexact_indep_qiskit_5|ibm_falcon_27
Checkpoint fallback valido: qpeexact_indep_qiskit_5|ibm_falcon_27
Progresso: 804/1646 checkpoint validi; durata media tentativi 1.0s.
Fallback Qiskit: portfolioqaoa_indep_qiskit_6|ibm_falcon_127
Checkpoint fallback valido: portfolioqaoa_indep_qiskit_6|ibm_falcon_127
Progresso: 805/1646 checkpoint validi; durata media tentativi 1.0s.
Fallback Qiskit: qpeexact_indep_tket_5|ibm_falcon_27
Checkpoint fallback valido: qpeexact_indep_tket_5|ibm_falcon_27
Progresso: 806/1646 checkpoint validi; durata media tentativi 1.0s.
Fallback Qiskit: portfolioqaoa_indep_tket_6|ibm_falcon_127
Checkpoint fallback valido: portfolioqaoa_indep_tket_6|ibm_falcon_127
Progresso: 807/1646 checkpoint validi; durata media tentativi 1.0s.
Fallback Qiskit: qpeinexact_indep_qiskit_5|ibm_falcon_27
Checkpoint fallback valido: qpeinexact_indep_qiskit_5|ibm_falcon_27
Progresso: 808/1646 checkpoint validi; durata media tentativi 1.0s.
Fallback Qiskit: portfoliovqe_indep_qiskit_6|ibm_falcon_127
Checkpoint fallback valido: portfoliovqe_indep_qiskit_6|ibm_falcon_127
Progresso: 809/1646 checkpoint validi; durata media tentativi 1.0s.
Fallback Qiskit: qpeinexact_indep_tket_5|ibm_falcon_27
Checkpoint fallback valido: qpeinexact_indep_tket_5|ibm_falcon_27
Progresso: 810/1646 checkpoint validi; durata media tentativi 1.0s.
Fallback Qiskit: portfoliovqe_indep_tket_6|ibm_falcon_127
Checkpoint fallback valido: portfoliovqe_indep_tket_6|ibm_falcon_127
Progresso: 811/1646 checkpoint validi; durata media tentativi 1.0s.
Fallback Qiskit: random_indep_qiskit_5|ibm_falcon_27
Checkpoint fallback valido: random_indep_qiskit_5|ibm_falcon_27
Progresso: 812/1646 checkpoint validi; durata media tentativi 1.0s.
Fallback Qiskit: qaoa_indep_qiskit_6|ibm_falcon_127
Checkpoint fallback valido: qaoa_indep_qiskit_6|ibm_falcon_127
Progresso: 813/1646 checkpoint validi; durata media tentativi 1.0s.
Fallback Qiskit: random_indep_tket_5|ibm_falcon_27
Checkpoint fallback valido: random_indep_tket_5|ibm_falcon_27
Progresso: 814/1646 checkpoint validi; durata media tentativi 1.0s.
Fallback Qiskit: qaoa_indep_tket_6|ibm_falcon_127
Checkpoint fallback valido: qaoa_indep_tket_6|ibm_falcon_127
Progresso: 815/1646 checkpoint validi; durata media tentativi 1.0s.
Fallback Qiskit: realamprandom_indep_qiskit_5|ibm_falcon_27
Checkpoint fallback valido: realamprandom_indep_qiskit_5|ibm_falcon_27
Progresso: 816/1646 checkpoint validi; durata media tentativi 1.0s.
Fallback Qiskit: qft_indep_qiskit_6|ibm_falcon_127
Checkpoint fallback valido: qft_indep_qiskit_6|ibm_falcon_127
Progresso: 817/1646 checkpoint validi; durata media tentativi 1.0s.
Fallback Qiskit: realamprandom_indep_tket_5|ibm_falcon_27
Checkpoint fallback valido: realamprandom_indep_tket_5|ibm_falcon_27
Progresso: 818/1646 checkpoint validi; durata media tentativi 1.0s.
Fallback Qiskit: qft_indep_tket_6|ibm_falcon_127
Checkpoint fallback valido: qft_indep_tket_6|ibm_falcon_127
Progresso: 819/1646 checkpoint validi; durata media tentativi 1.0s.
Fallback Qiskit: su2random_indep_qiskit_5|ibm_falcon_27
Checkpoint fallback valido: su2random_indep_qiskit_5|ibm_falcon_27
Progresso: 820/1646 checkpoint validi; durata media tentativi 1.0s.
Fallback Qiskit: qftentangled_indep_qiskit_6|ibm_falcon_127
Checkpoint fallback valido: qftentangled_indep_qiskit_6|ibm_falcon_127
Progresso: 821/1646 checkpoint validi; durata media tentativi 1.0s.
Fallback Qiskit: su2random_indep_tket_5|ibm_falcon_27
Checkpoint fallback valido: su2random_indep_tket_5|ibm_falcon_27
Progresso: 822/1646 checkpoint validi; durata media tentativi 1.0s.
Fallback Qiskit: qftentangled_indep_tket_6|ibm_falcon_127
Checkpoint fallback valido: qftentangled_indep_tket_6|ibm_falcon_127
Progresso: 823/1646 checkpoint validi; durata media tentativi 1.0s.
Fallback Qiskit: twolocalrandom_indep_qiskit_5|ibm_falcon_27
Checkpoint fallback valido: twolocalrandom_indep_qiskit_5|ibm_falcon_27
Progresso: 824/1646 checkpoint validi; durata media tentativi 1.0s.
Fallback Qiskit: qnn_indep_qiskit_6|ibm_falcon_127
Checkpoint fallback valido: qnn_indep_qiskit_6|ibm_falcon_127
Progresso: 825/1646 checkpoint validi; durata media tentativi 1.0s.
Fallback Qiskit: twolocalrandom_indep_tket_5|ibm_falcon_27
Checkpoint fallback valido: twolocalrandom_indep_tket_5|ibm_falcon_27
Progresso: 826/1646 checkpoint validi; durata media tentativi 1.0s.
Fallback Qiskit: qnn_indep_tket_6|ibm_falcon_127
Checkpoint fallback valido: qnn_indep_tket_6|ibm_falcon_127
Progresso: 827/1646 checkpoint validi; durata media tentativi 1.0s.
Fallback Qiskit: vqe_indep_qiskit_5|ibm_falcon_27
Checkpoint fallback valido: vqe_indep_qiskit_5|ibm_falcon_27
Progresso: 828/1646 checkpoint validi; durata media tentativi 1.0s.
Fallback Qiskit: qpeexact_indep_qiskit_6|ibm_falcon_127
Checkpoint fallback valido: qpeexact_indep_qiskit_6|ibm_falcon_127
Progresso: 829/1646 checkpoint validi; durata media tentativi 1.0s.
Fallback Qiskit: vqe_indep_tket_5|ibm_falcon_27
Checkpoint fallback valido: vqe_indep_tket_5|ibm_falcon_27
Progresso: 830/1646 checkpoint validi; durata media tentativi 1.0s.
Fallback Qiskit: qpeexact_indep_tket_6|ibm_falcon_127
Checkpoint fallback valido: qpeexact_indep_tket_6|ibm_falcon_127
Progresso: 831/1646 checkpoint validi; durata media tentativi 1.0s.
Fallback Qiskit: wstate_indep_qiskit_5|ibm_falcon_27
Checkpoint fallback valido: wstate_indep_qiskit_5|ibm_falcon_27
Progresso: 832/1646 checkpoint validi; durata media tentativi 1.0s.
Fallback Qiskit: qpeinexact_indep_qiskit_6|ibm_falcon_127
Checkpoint fallback valido: qpeinexact_indep_qiskit_6|ibm_falcon_127
Progresso: 833/1646 checkpoint validi; durata media tentativi 1.0s.
Fallback Qiskit: wstate_indep_tket_5|ibm_falcon_27
Checkpoint fallback valido: wstate_indep_tket_5|ibm_falcon_27
Progresso: 834/1646 checkpoint validi; durata media tentativi 1.0s.
Fallback Qiskit: qpeinexact_indep_tket_6|ibm_falcon_127
Checkpoint fallback valido: qpeinexact_indep_tket_6|ibm_falcon_127
Progresso: 835/1646 checkpoint validi; durata media tentativi 1.0s.
Fallback Qiskit: ae_indep_qiskit_6|ibm_falcon_27
Checkpoint fallback valido: ae_indep_qiskit_6|ibm_falcon_27
Progresso: 836/1646 checkpoint validi; durata media tentativi 1.0s.
Fallback Qiskit: random_indep_qiskit_6|ibm_falcon_127
Checkpoint fallback valido: random_indep_qiskit_6|ibm_falcon_127
Progresso: 837/1646 checkpoint validi; durata media tentativi 1.0s.
Fallback Qiskit: ae_indep_tket_6|ibm_falcon_27
Checkpoint fallback valido: ae_indep_tket_6|ibm_falcon_27
Progresso: 838/1646 checkpoint validi; durata media tentativi 1.0s.
Fallback Qiskit: random_indep_tket_6|ibm_falcon_127
Checkpoint fallback valido: random_indep_tket_6|ibm_falcon_127
Progresso: 839/1646 checkpoint validi; durata media tentativi 1.0s.
Fallback Qiskit: dj_indep_qiskit_6|ibm_falcon_27
Checkpoint fallback valido: dj_indep_qiskit_6|ibm_falcon_27
Progresso: 840/1646 checkpoint validi; durata media tentativi 1.0s.
Fallback Qiskit: realamprandom_indep_qiskit_6|ibm_falcon_127
Checkpoint fallback valido: realamprandom_indep_qiskit_6|ibm_falcon_127
Progresso: 841/1646 checkpoint validi; durata media tentativi 1.0s.
Fallback Qiskit: dj_indep_tket_6|ibm_falcon_27
Checkpoint fallback valido: dj_indep_tket_6|ibm_falcon_27
Progresso: 842/1646 checkpoint validi; durata media tentativi 1.0s.
Fallback Qiskit: realamprandom_indep_tket_6|ibm_falcon_127
Checkpoint fallback valido: realamprandom_indep_tket_6|ibm_falcon_127
Progresso: 843/1646 checkpoint validi; durata media tentativi 1.0s.
Fallback Qiskit: graphstate_indep_qiskit_6|ibm_falcon_27
Checkpoint fallback valido: graphstate_indep_qiskit_6|ibm_falcon_27
Progresso: 844/1646 checkpoint validi; durata media tentativi 1.0s.
Fallback Qiskit: routing_indep_qiskit_6|ibm_falcon_127
Checkpoint fallback valido: routing_indep_qiskit_6|ibm_falcon_127
Progresso: 845/1646 checkpoint validi; durata media tentativi 1.0s.
Fallback Qiskit: graphstate_indep_tket_6|ibm_falcon_27
Checkpoint fallback valido: graphstate_indep_tket_6|ibm_falcon_27
Progresso: 846/1646 checkpoint validi; durata media tentativi 1.0s.
Fallback Qiskit: routing_indep_tket_6|ibm_falcon_127
Checkpoint fallback valido: routing_indep_tket_6|ibm_falcon_127
Progresso: 847/1646 checkpoint validi; durata media tentativi 1.0s.
Fallback Qiskit: portfolioqaoa_indep_qiskit_6|ibm_falcon_27
Checkpoint fallback valido: portfolioqaoa_indep_qiskit_6|ibm_falcon_27
Progresso: 848/1646 checkpoint validi; durata media tentativi 1.0s.
Fallback Qiskit: su2random_indep_qiskit_6|ibm_falcon_127
Checkpoint fallback valido: su2random_indep_qiskit_6|ibm_falcon_127
Progresso: 849/1646 checkpoint validi; durata media tentativi 1.0s.
Fallback Qiskit: portfolioqaoa_indep_tket_6|ibm_falcon_27
Checkpoint fallback valido: portfolioqaoa_indep_tket_6|ibm_falcon_27
Progresso: 850/1646 checkpoint validi; durata media tentativi 1.0s.
Fallback Qiskit: su2random_indep_tket_6|ibm_falcon_127
Checkpoint fallback valido: su2random_indep_tket_6|ibm_falcon_127
Progresso: 851/1646 checkpoint validi; durata media tentativi 1.0s.
Fallback Qiskit: portfoliovqe_indep_qiskit_6|ibm_falcon_27
Checkpoint fallback valido: portfoliovqe_indep_qiskit_6|ibm_falcon_27
Progresso: 852/1646 checkpoint validi; durata media tentativi 1.0s.
Fallback Qiskit: twolocalrandom_indep_qiskit_6|ibm_falcon_127
Checkpoint fallback valido: twolocalrandom_indep_qiskit_6|ibm_falcon_127
Progresso: 853/1646 checkpoint validi; durata media tentativi 1.0s.
Fallback Qiskit: portfoliovqe_indep_tket_6|ibm_falcon_27
Checkpoint fallback valido: portfoliovqe_indep_tket_6|ibm_falcon_27
Progresso: 854/1646 checkpoint validi; durata media tentativi 1.0s.
Fallback Qiskit: twolocalrandom_indep_tket_6|ibm_falcon_127
Checkpoint fallback valido: twolocalrandom_indep_tket_6|ibm_falcon_127
Progresso: 855/1646 checkpoint validi; durata media tentativi 1.0s.
Fallback Qiskit: qaoa_indep_qiskit_6|ibm_falcon_27
Checkpoint fallback valido: qaoa_indep_qiskit_6|ibm_falcon_27
Progresso: 856/1646 checkpoint validi; durata media tentativi 1.0s.
Fallback Qiskit: vqe_indep_qiskit_6|ibm_falcon_127
Checkpoint fallback valido: vqe_indep_qiskit_6|ibm_falcon_127
Progresso: 857/1646 checkpoint validi; durata media tentativi 1.0s.
Fallback Qiskit: qaoa_indep_tket_6|ibm_falcon_27
Checkpoint fallback valido: qaoa_indep_tket_6|ibm_falcon_27
Progresso: 858/1646 checkpoint validi; durata media tentativi 1.0s.
Fallback Qiskit: wstate_indep_qiskit_6|ibm_falcon_127
Checkpoint fallback valido: wstate_indep_qiskit_6|ibm_falcon_127
Progresso: 859/1646 checkpoint validi; durata media tentativi 1.0s.
Fallback Qiskit: qft_indep_qiskit_6|ibm_falcon_27
Checkpoint fallback valido: qft_indep_qiskit_6|ibm_falcon_27
Progresso: 860/1646 checkpoint validi; durata media tentativi 1.0s.
Fallback Qiskit: ae_indep_qiskit_7|ibm_falcon_127
Checkpoint fallback valido: ae_indep_qiskit_7|ibm_falcon_127
Progresso: 861/1646 checkpoint validi; durata media tentativi 1.0s.
Fallback Qiskit: qft_indep_tket_6|ibm_falcon_27
Checkpoint fallback valido: qft_indep_tket_6|ibm_falcon_27
Progresso: 862/1646 checkpoint validi; durata media tentativi 1.0s.
Fallback Qiskit: ae_indep_tket_7|ibm_falcon_127
Checkpoint fallback valido: ae_indep_tket_7|ibm_falcon_127
Progresso: 863/1646 checkpoint validi; durata media tentativi 1.0s.
Fallback Qiskit: qftentangled_indep_qiskit_6|ibm_falcon_27
Checkpoint fallback valido: qftentangled_indep_qiskit_6|ibm_falcon_27
Progresso: 864/1646 checkpoint validi; durata media tentativi 1.0s.
Fallback Qiskit: dj_indep_qiskit_7|ibm_falcon_127
Checkpoint fallback valido: dj_indep_qiskit_7|ibm_falcon_127
Progresso: 865/1646 checkpoint validi; durata media tentativi 1.0s.
Fallback Qiskit: qftentangled_indep_tket_6|ibm_falcon_27
Checkpoint fallback valido: qftentangled_indep_tket_6|ibm_falcon_27
Progresso: 866/1646 checkpoint validi; durata media tentativi 1.0s.
Fallback Qiskit: dj_indep_tket_7|ibm_falcon_127
Checkpoint fallback valido: dj_indep_tket_7|ibm_falcon_127
Progresso: 867/1646 checkpoint validi; durata media tentativi 1.0s.
Fallback Qiskit: qnn_indep_qiskit_6|ibm_falcon_27
Checkpoint fallback valido: qnn_indep_qiskit_6|ibm_falcon_27
Progresso: 868/1646 checkpoint validi; durata media tentativi 1.0s.
Fallback Qiskit: graphstate_indep_qiskit_7|ibm_falcon_127
Checkpoint fallback valido: graphstate_indep_qiskit_7|ibm_falcon_127
Progresso: 869/1646 checkpoint validi; durata media tentativi 1.0s.
Fallback Qiskit: qnn_indep_tket_6|ibm_falcon_27
Checkpoint fallback valido: qnn_indep_tket_6|ibm_falcon_27
Progresso: 870/1646 checkpoint validi; durata media tentativi 1.0s.
Fallback Qiskit: graphstate_indep_tket_7|ibm_falcon_127
Checkpoint fallback valido: graphstate_indep_tket_7|ibm_falcon_127
Progresso: 871/1646 checkpoint validi; durata media tentativi 1.0s.
Fallback Qiskit: qpeexact_indep_qiskit_6|ibm_falcon_27
Checkpoint fallback valido: qpeexact_indep_qiskit_6|ibm_falcon_27
Progresso: 872/1646 checkpoint validi; durata media tentativi 1.0s.
Fallback Qiskit: portfolioqaoa_indep_qiskit_7|ibm_falcon_127
Checkpoint fallback valido: portfolioqaoa_indep_qiskit_7|ibm_falcon_127
Progresso: 873/1646 checkpoint validi; durata media tentativi 1.0s.
Fallback Qiskit: qpeexact_indep_tket_6|ibm_falcon_27
Checkpoint fallback valido: qpeexact_indep_tket_6|ibm_falcon_27
Progresso: 874/1646 checkpoint validi; durata media tentativi 1.0s.
Fallback Qiskit: portfolioqaoa_indep_tket_7|ibm_falcon_127
Checkpoint fallback valido: portfolioqaoa_indep_tket_7|ibm_falcon_127
Progresso: 875/1646 checkpoint validi; durata media tentativi 1.0s.
Fallback Qiskit: qpeinexact_indep_qiskit_6|ibm_falcon_27
Checkpoint fallback valido: qpeinexact_indep_qiskit_6|ibm_falcon_27
Progresso: 876/1646 checkpoint validi; durata media tentativi 1.0s.
Fallback Qiskit: portfoliovqe_indep_qiskit_7|ibm_falcon_127
Checkpoint fallback valido: portfoliovqe_indep_qiskit_7|ibm_falcon_127
Progresso: 877/1646 checkpoint validi; durata media tentativi 1.0s.
Fallback Qiskit: qpeinexact_indep_tket_6|ibm_falcon_27
Fallback Qiskit: portfoliovqe_indep_tket_7|ibm_falcon_127
Checkpoint fallback valido: qpeinexact_indep_tket_6|ibm_falcon_27
Progresso: 878/1646 checkpoint validi; durata media tentativi 1.0s.
Checkpoint fallback valido: portfoliovqe_indep_tket_7|ibm_falcon_127
Progresso: 879/1646 checkpoint validi; durata media tentativi 1.0s.
Fallback Qiskit: random_indep_qiskit_6|ibm_falcon_27
Checkpoint fallback valido: random_indep_qiskit_6|ibm_falcon_27
Progresso: 880/1646 checkpoint validi; durata media tentativi 1.0s.
Fallback Qiskit: pricingcall_indep_qiskit_7|ibm_falcon_127
Checkpoint fallback valido: pricingcall_indep_qiskit_7|ibm_falcon_127
Progresso: 881/1646 checkpoint validi; durata media tentativi 1.0s.
Fallback Qiskit: random_indep_tket_6|ibm_falcon_27
Fallback Qiskit: pricingcall_indep_tket_7|ibm_falcon_127
Checkpoint fallback valido: random_indep_tket_6|ibm_falcon_27
Progresso: 882/1646 checkpoint validi; durata media tentativi 1.0s.
Checkpoint fallback valido: pricingcall_indep_tket_7|ibm_falcon_127
Progresso: 883/1646 checkpoint validi; durata media tentativi 1.0s.
Fallback Qiskit: pricingput_indep_qiskit_7|ibm_falcon_127
Fallback Qiskit: realamprandom_indep_qiskit_6|ibm_falcon_27
Checkpoint fallback valido: realamprandom_indep_qiskit_6|ibm_falcon_27
Progresso: 884/1646 checkpoint validi; durata media tentativi 1.0s.
Checkpoint fallback valido: pricingput_indep_qiskit_7|ibm_falcon_127
Progresso: 885/1646 checkpoint validi; durata media tentativi 1.0s.
Fallback Qiskit: pricingput_indep_tket_7|ibm_falcon_127
Fallback Qiskit: realamprandom_indep_tket_6|ibm_falcon_27
Checkpoint fallback valido: pricingput_indep_tket_7|ibm_falcon_127
Progresso: 886/1646 checkpoint validi; durata media tentativi 1.0s.
Checkpoint fallback valido: realamprandom_indep_tket_6|ibm_falcon_27
Progresso: 887/1646 checkpoint validi; durata media tentativi 1.0s.
Fallback Qiskit: qaoa_indep_qiskit_7|ibm_falcon_127
Fallback Qiskit: routing_indep_qiskit_6|ibm_falcon_27
Checkpoint fallback valido: routing_indep_qiskit_6|ibm_falcon_27
Progresso: 888/1646 checkpoint validi; durata media tentativi 1.0s.
Checkpoint fallback valido: qaoa_indep_qiskit_7|ibm_falcon_127
Progresso: 889/1646 checkpoint validi; durata media tentativi 1.0s.
Fallback Qiskit: qaoa_indep_tket_7|ibm_falcon_127
Checkpoint fallback valido: qaoa_indep_tket_7|ibm_falcon_127
Progresso: 890/1646 checkpoint validi; durata media tentativi 1.0s.
Fallback Qiskit: routing_indep_tket_6|ibm_falcon_27
Checkpoint fallback valido: routing_indep_tket_6|ibm_falcon_27
Progresso: 891/1646 checkpoint validi; durata media tentativi 1.0s.
Fallback Qiskit: qft_indep_qiskit_7|ibm_falcon_127
Checkpoint fallback valido: qft_indep_qiskit_7|ibm_falcon_127
Progresso: 892/1646 checkpoint validi; durata media tentativi 1.0s.
Fallback Qiskit: su2random_indep_qiskit_6|ibm_falcon_27
Checkpoint fallback valido: su2random_indep_qiskit_6|ibm_falcon_27
Progresso: 893/1646 checkpoint validi; durata media tentativi 1.0s.
Fallback Qiskit: qft_indep_tket_7|ibm_falcon_127
Checkpoint fallback valido: qft_indep_tket_7|ibm_falcon_127
Progresso: 894/1646 checkpoint validi; durata media tentativi 1.0s.
Fallback Qiskit: su2random_indep_tket_6|ibm_falcon_27
Checkpoint fallback valido: su2random_indep_tket_6|ibm_falcon_27
Progresso: 895/1646 checkpoint validi; durata media tentativi 1.0s.
Fallback Qiskit: qftentangled_indep_qiskit_7|ibm_falcon_127
Checkpoint fallback valido: qftentangled_indep_qiskit_7|ibm_falcon_127
Progresso: 896/1646 checkpoint validi; durata media tentativi 1.0s.
Fallback Qiskit: twolocalrandom_indep_qiskit_6|ibm_falcon_27
Checkpoint fallback valido: twolocalrandom_indep_qiskit_6|ibm_falcon_27
Progresso: 897/1646 checkpoint validi; durata media tentativi 1.0s.
Fallback Qiskit: qftentangled_indep_tket_7|ibm_falcon_127
Checkpoint fallback valido: qftentangled_indep_tket_7|ibm_falcon_127
Progresso: 898/1646 checkpoint validi; durata media tentativi 1.0s.
Fallback Qiskit: twolocalrandom_indep_tket_6|ibm_falcon_27
Checkpoint fallback valido: twolocalrandom_indep_tket_6|ibm_falcon_27
Progresso: 899/1646 checkpoint validi; durata media tentativi 1.0s.
Fallback Qiskit: qnn_indep_qiskit_7|ibm_falcon_127
Checkpoint fallback valido: qnn_indep_qiskit_7|ibm_falcon_127
Progresso: 900/1646 checkpoint validi; durata media tentativi 1.0s.
Fallback Qiskit: vqe_indep_qiskit_6|ibm_falcon_27
Checkpoint fallback valido: vqe_indep_qiskit_6|ibm_falcon_27
Progresso: 901/1646 checkpoint validi; durata media tentativi 1.0s.
Fallback Qiskit: qnn_indep_tket_7|ibm_falcon_127
Checkpoint fallback valido: qnn_indep_tket_7|ibm_falcon_127
Progresso: 902/1646 checkpoint validi; durata media tentativi 1.0s.
Fallback Qiskit: vqe_indep_tket_6|ibm_falcon_27
Checkpoint fallback valido: vqe_indep_tket_6|ibm_falcon_27
Progresso: 903/1646 checkpoint validi; durata media tentativi 1.0s.
Fallback Qiskit: qpeexact_indep_qiskit_7|ibm_falcon_127
Checkpoint fallback valido: qpeexact_indep_qiskit_7|ibm_falcon_127
Progresso: 904/1646 checkpoint validi; durata media tentativi 1.0s.
Fallback Qiskit: wstate_indep_qiskit_6|ibm_falcon_27
Checkpoint fallback valido: wstate_indep_qiskit_6|ibm_falcon_27
Progresso: 905/1646 checkpoint validi; durata media tentativi 1.0s.
Fallback Qiskit: qpeexact_indep_tket_7|ibm_falcon_127
Checkpoint fallback valido: qpeexact_indep_tket_7|ibm_falcon_127
Progresso: 906/1646 checkpoint validi; durata media tentativi 1.0s.
Fallback Qiskit: wstate_indep_tket_6|ibm_falcon_27
Checkpoint fallback valido: wstate_indep_tket_6|ibm_falcon_27
Progresso: 907/1646 checkpoint validi; durata media tentativi 1.0s.
Fallback Qiskit: qpeinexact_indep_qiskit_7|ibm_falcon_127
Checkpoint fallback valido: qpeinexact_indep_qiskit_7|ibm_falcon_127
Progresso: 908/1646 checkpoint validi; durata media tentativi 1.0s.
Fallback Qiskit: ae_indep_qiskit_7|ibm_falcon_27
Checkpoint fallback valido: ae_indep_qiskit_7|ibm_falcon_27
Progresso: 909/1646 checkpoint validi; durata media tentativi 1.0s.
Fallback Qiskit: qpeinexact_indep_tket_7|ibm_falcon_127
Checkpoint fallback valido: qpeinexact_indep_tket_7|ibm_falcon_127
Progresso: 910/1646 checkpoint validi; durata media tentativi 1.0s.
Fallback Qiskit: ae_indep_tket_7|ibm_falcon_27
Checkpoint fallback valido: ae_indep_tket_7|ibm_falcon_27
Progresso: 911/1646 checkpoint validi; durata media tentativi 1.0s.
Fallback Qiskit: random_indep_qiskit_7|ibm_falcon_127
Checkpoint fallback valido: random_indep_qiskit_7|ibm_falcon_127
Progresso: 912/1646 checkpoint validi; durata media tentativi 1.0s.
Fallback Qiskit: dj_indep_qiskit_7|ibm_falcon_27
Checkpoint fallback valido: dj_indep_qiskit_7|ibm_falcon_27
Progresso: 913/1646 checkpoint validi; durata media tentativi 1.0s.
Fallback Qiskit: random_indep_tket_7|ibm_falcon_127
Checkpoint fallback valido: random_indep_tket_7|ibm_falcon_127
Progresso: 914/1646 checkpoint validi; durata media tentativi 1.0s.
Fallback Qiskit: dj_indep_tket_7|ibm_falcon_27
Checkpoint fallback valido: dj_indep_tket_7|ibm_falcon_27
Progresso: 915/1646 checkpoint validi; durata media tentativi 1.0s.
Fallback Qiskit: realamprandom_indep_qiskit_7|ibm_falcon_127
Checkpoint fallback valido: realamprandom_indep_qiskit_7|ibm_falcon_127
Progresso: 916/1646 checkpoint validi; durata media tentativi 1.0s.
Fallback Qiskit: graphstate_indep_qiskit_7|ibm_falcon_27
Checkpoint fallback valido: graphstate_indep_qiskit_7|ibm_falcon_27
Progresso: 917/1646 checkpoint validi; durata media tentativi 1.0s.
Fallback Qiskit: realamprandom_indep_tket_7|ibm_falcon_127
Checkpoint fallback valido: realamprandom_indep_tket_7|ibm_falcon_127
Progresso: 918/1646 checkpoint validi; durata media tentativi 1.0s.
Fallback Qiskit: graphstate_indep_tket_7|ibm_falcon_27
Checkpoint fallback valido: graphstate_indep_tket_7|ibm_falcon_27
Progresso: 919/1646 checkpoint validi; durata media tentativi 1.0s.
Fallback Qiskit: su2random_indep_qiskit_7|ibm_falcon_127
Checkpoint fallback valido: su2random_indep_qiskit_7|ibm_falcon_127
Progresso: 920/1646 checkpoint validi; durata media tentativi 1.0s.
Fallback Qiskit: portfolioqaoa_indep_qiskit_7|ibm_falcon_27
Checkpoint fallback valido: portfolioqaoa_indep_qiskit_7|ibm_falcon_27
Progresso: 921/1646 checkpoint validi; durata media tentativi 1.0s.
Fallback Qiskit: su2random_indep_tket_7|ibm_falcon_127
Checkpoint fallback valido: su2random_indep_tket_7|ibm_falcon_127
Progresso: 922/1646 checkpoint validi; durata media tentativi 1.0s.
Fallback Qiskit: portfolioqaoa_indep_tket_7|ibm_falcon_27
Checkpoint fallback valido: portfolioqaoa_indep_tket_7|ibm_falcon_27
Progresso: 923/1646 checkpoint validi; durata media tentativi 1.0s.
Fallback Qiskit: twolocalrandom_indep_qiskit_7|ibm_falcon_127
Checkpoint fallback valido: twolocalrandom_indep_qiskit_7|ibm_falcon_127
Progresso: 924/1646 checkpoint validi; durata media tentativi 1.0s.
Fallback Qiskit: portfoliovqe_indep_qiskit_7|ibm_falcon_27
Checkpoint fallback valido: portfoliovqe_indep_qiskit_7|ibm_falcon_27
Progresso: 925/1646 checkpoint validi; durata media tentativi 1.0s.
Fallback Qiskit: twolocalrandom_indep_tket_7|ibm_falcon_127
Checkpoint fallback valido: twolocalrandom_indep_tket_7|ibm_falcon_127
Progresso: 926/1646 checkpoint validi; durata media tentativi 1.0s.
Fallback Qiskit: portfoliovqe_indep_tket_7|ibm_falcon_27
Checkpoint fallback valido: portfoliovqe_indep_tket_7|ibm_falcon_27
Progresso: 927/1646 checkpoint validi; durata media tentativi 1.0s.
Fallback Qiskit: vqe_indep_qiskit_7|ibm_falcon_127
Checkpoint fallback valido: vqe_indep_qiskit_7|ibm_falcon_127
Progresso: 928/1646 checkpoint validi; durata media tentativi 1.0s.
Fallback Qiskit: pricingcall_indep_qiskit_7|ibm_falcon_27
Checkpoint fallback valido: pricingcall_indep_qiskit_7|ibm_falcon_27
Progresso: 929/1646 checkpoint validi; durata media tentativi 1.0s.
Fallback Qiskit: vqe_indep_tket_7|ibm_falcon_127
Checkpoint fallback valido: vqe_indep_tket_7|ibm_falcon_127
Progresso: 930/1646 checkpoint validi; durata media tentativi 1.0s.
Fallback Qiskit: pricingcall_indep_tket_7|ibm_falcon_27
Checkpoint fallback valido: pricingcall_indep_tket_7|ibm_falcon_27
Progresso: 931/1646 checkpoint validi; durata media tentativi 1.0s.
Fallback Qiskit: wstate_indep_qiskit_7|ibm_falcon_127
Checkpoint fallback valido: wstate_indep_qiskit_7|ibm_falcon_127
Progresso: 932/1646 checkpoint validi; durata media tentativi 1.0s.
Fallback Qiskit: pricingput_indep_qiskit_7|ibm_falcon_27
Checkpoint fallback valido: pricingput_indep_qiskit_7|ibm_falcon_27
Progresso: 933/1646 checkpoint validi; durata media tentativi 1.0s.
Fallback Qiskit: wstate_indep_tket_7|ibm_falcon_127
Checkpoint fallback valido: wstate_indep_tket_7|ibm_falcon_127
Progresso: 934/1646 checkpoint validi; durata media tentativi 1.0s.
Fallback Qiskit: pricingput_indep_tket_7|ibm_falcon_27
Checkpoint fallback valido: pricingput_indep_tket_7|ibm_falcon_27
Progresso: 935/1646 checkpoint validi; durata media tentativi 1.0s.
Fallback Qiskit: ae_indep_qiskit_8|ibm_falcon_127
Checkpoint fallback valido: ae_indep_qiskit_8|ibm_falcon_127
Progresso: 936/1646 checkpoint validi; durata media tentativi 1.0s.
Fallback Qiskit: qaoa_indep_qiskit_7|ibm_falcon_27
Checkpoint fallback valido: qaoa_indep_qiskit_7|ibm_falcon_27
Progresso: 937/1646 checkpoint validi; durata media tentativi 1.0s.
Fallback Qiskit: ae_indep_tket_8|ibm_falcon_127
Checkpoint fallback valido: ae_indep_tket_8|ibm_falcon_127
Progresso: 938/1646 checkpoint validi; durata media tentativi 1.0s.
Fallback Qiskit: qaoa_indep_tket_7|ibm_falcon_27
Checkpoint fallback valido: qaoa_indep_tket_7|ibm_falcon_27
Progresso: 939/1646 checkpoint validi; durata media tentativi 1.0s.
Fallback Qiskit: dj_indep_qiskit_8|ibm_falcon_127
Checkpoint fallback valido: dj_indep_qiskit_8|ibm_falcon_127
Progresso: 940/1646 checkpoint validi; durata media tentativi 1.0s.
Fallback Qiskit: qft_indep_qiskit_7|ibm_falcon_27
Checkpoint fallback valido: qft_indep_qiskit_7|ibm_falcon_27
Progresso: 941/1646 checkpoint validi; durata media tentativi 1.0s.
Fallback Qiskit: dj_indep_tket_8|ibm_falcon_127
Checkpoint fallback valido: dj_indep_tket_8|ibm_falcon_127
Progresso: 942/1646 checkpoint validi; durata media tentativi 1.0s.
Fallback Qiskit: qft_indep_tket_7|ibm_falcon_27
Checkpoint fallback valido: qft_indep_tket_7|ibm_falcon_27
Progresso: 943/1646 checkpoint validi; durata media tentativi 1.0s.
Fallback Qiskit: graphstate_indep_qiskit_8|ibm_falcon_127
Checkpoint fallback valido: graphstate_indep_qiskit_8|ibm_falcon_127
Progresso: 944/1646 checkpoint validi; durata media tentativi 1.0s.
Fallback Qiskit: qftentangled_indep_qiskit_7|ibm_falcon_27
Checkpoint fallback valido: qftentangled_indep_qiskit_7|ibm_falcon_27
Progresso: 945/1646 checkpoint validi; durata media tentativi 1.1s.
Fallback Qiskit: graphstate_indep_tket_8|ibm_falcon_127
Checkpoint fallback valido: graphstate_indep_tket_8|ibm_falcon_127
Progresso: 946/1646 checkpoint validi; durata media tentativi 1.1s.
Fallback Qiskit: qftentangled_indep_tket_7|ibm_falcon_27
Checkpoint fallback valido: qftentangled_indep_tket_7|ibm_falcon_27
Progresso: 947/1646 checkpoint validi; durata media tentativi 1.1s.
Fallback Qiskit: portfoliovqe_indep_qiskit_8|ibm_falcon_127
Checkpoint fallback valido: portfoliovqe_indep_qiskit_8|ibm_falcon_127
Progresso: 948/1646 checkpoint validi; durata media tentativi 1.1s.
Fallback Qiskit: qnn_indep_qiskit_7|ibm_falcon_27
Checkpoint fallback valido: qnn_indep_qiskit_7|ibm_falcon_27
Progresso: 949/1646 checkpoint validi; durata media tentativi 1.1s.
Fallback Qiskit: portfoliovqe_indep_tket_8|ibm_falcon_127
Checkpoint fallback valido: portfoliovqe_indep_tket_8|ibm_falcon_127
Progresso: 950/1646 checkpoint validi; durata media tentativi 1.1s.
Fallback Qiskit: qnn_indep_tket_7|ibm_falcon_27
Checkpoint fallback valido: qnn_indep_tket_7|ibm_falcon_27
Progresso: 951/1646 checkpoint validi; durata media tentativi 1.1s.
Fallback Qiskit: qaoa_indep_qiskit_8|ibm_falcon_127
Checkpoint fallback valido: qaoa_indep_qiskit_8|ibm_falcon_127
Progresso: 952/1646 checkpoint validi; durata media tentativi 1.1s.
Fallback Qiskit: qpeexact_indep_qiskit_7|ibm_falcon_27
Checkpoint fallback valido: qpeexact_indep_qiskit_7|ibm_falcon_27
Progresso: 953/1646 checkpoint validi; durata media tentativi 1.1s.
Fallback Qiskit: qaoa_indep_tket_8|ibm_falcon_127
Checkpoint fallback valido: qaoa_indep_tket_8|ibm_falcon_127
Progresso: 954/1646 checkpoint validi; durata media tentativi 1.1s.
Fallback Qiskit: qpeexact_indep_tket_7|ibm_falcon_27
Checkpoint fallback valido: qpeexact_indep_tket_7|ibm_falcon_27
Progresso: 955/1646 checkpoint validi; durata media tentativi 1.1s.
Fallback Qiskit: qft_indep_qiskit_8|ibm_falcon_127
Checkpoint fallback valido: qft_indep_qiskit_8|ibm_falcon_127
Progresso: 956/1646 checkpoint validi; durata media tentativi 1.1s.
Fallback Qiskit: qpeinexact_indep_qiskit_7|ibm_falcon_27
Checkpoint fallback valido: qpeinexact_indep_qiskit_7|ibm_falcon_27
Progresso: 957/1646 checkpoint validi; durata media tentativi 1.1s.
Fallback Qiskit: qft_indep_tket_8|ibm_falcon_127
Checkpoint fallback valido: qft_indep_tket_8|ibm_falcon_127
Progresso: 958/1646 checkpoint validi; durata media tentativi 1.1s.
Fallback Qiskit: qpeinexact_indep_tket_7|ibm_falcon_27
Checkpoint fallback valido: qpeinexact_indep_tket_7|ibm_falcon_27
Progresso: 959/1646 checkpoint validi; durata media tentativi 1.1s.
Fallback Qiskit: qftentangled_indep_qiskit_8|ibm_falcon_127
Checkpoint fallback valido: qftentangled_indep_qiskit_8|ibm_falcon_127
Progresso: 960/1646 checkpoint validi; durata media tentativi 1.1s.
Fallback Qiskit: random_indep_qiskit_7|ibm_falcon_27
Checkpoint fallback valido: random_indep_qiskit_7|ibm_falcon_27
Progresso: 961/1646 checkpoint validi; durata media tentativi 1.1s.
Fallback Qiskit: qftentangled_indep_tket_8|ibm_falcon_127
Checkpoint fallback valido: qftentangled_indep_tket_8|ibm_falcon_127
Progresso: 962/1646 checkpoint validi; durata media tentativi 1.1s.
Fallback Qiskit: random_indep_tket_7|ibm_falcon_27
Checkpoint fallback valido: random_indep_tket_7|ibm_falcon_27
Progresso: 963/1646 checkpoint validi; durata media tentativi 1.1s.
Fallback Qiskit: qpeexact_indep_qiskit_8|ibm_falcon_127
Checkpoint fallback valido: qpeexact_indep_qiskit_8|ibm_falcon_127
Progresso: 964/1646 checkpoint validi; durata media tentativi 1.1s.
Fallback Qiskit: realamprandom_indep_qiskit_7|ibm_falcon_27
Checkpoint fallback valido: realamprandom_indep_qiskit_7|ibm_falcon_27
Progresso: 965/1646 checkpoint validi; durata media tentativi 1.1s.
Fallback Qiskit: qpeexact_indep_tket_8|ibm_falcon_127
Checkpoint fallback valido: qpeexact_indep_tket_8|ibm_falcon_127
Progresso: 966/1646 checkpoint validi; durata media tentativi 1.1s.
Fallback Qiskit: realamprandom_indep_tket_7|ibm_falcon_27
Checkpoint fallback valido: realamprandom_indep_tket_7|ibm_falcon_27
Progresso: 967/1646 checkpoint validi; durata media tentativi 1.1s.
Fallback Qiskit: qpeinexact_indep_qiskit_8|ibm_falcon_127
Checkpoint fallback valido: qpeinexact_indep_qiskit_8|ibm_falcon_127
Progresso: 968/1646 checkpoint validi; durata media tentativi 1.1s.
Fallback Qiskit: su2random_indep_qiskit_7|ibm_falcon_27
Checkpoint fallback valido: su2random_indep_qiskit_7|ibm_falcon_27
Progresso: 969/1646 checkpoint validi; durata media tentativi 1.1s.
Fallback Qiskit: qpeinexact_indep_tket_8|ibm_falcon_127
Checkpoint fallback valido: qpeinexact_indep_tket_8|ibm_falcon_127
Progresso: 970/1646 checkpoint validi; durata media tentativi 1.1s.
Fallback Qiskit: su2random_indep_tket_7|ibm_falcon_27
Checkpoint fallback valido: su2random_indep_tket_7|ibm_falcon_27
Progresso: 971/1646 checkpoint validi; durata media tentativi 1.1s.
Fallback Qiskit: random_indep_qiskit_8|ibm_falcon_127
Checkpoint fallback valido: random_indep_qiskit_8|ibm_falcon_127
Progresso: 972/1646 checkpoint validi; durata media tentativi 1.1s.
Fallback Qiskit: twolocalrandom_indep_qiskit_7|ibm_falcon_27
Checkpoint fallback valido: twolocalrandom_indep_qiskit_7|ibm_falcon_27
Progresso: 973/1646 checkpoint validi; durata media tentativi 1.1s.
Fallback Qiskit: random_indep_tket_8|ibm_falcon_127
Checkpoint fallback valido: random_indep_tket_8|ibm_falcon_127
Progresso: 974/1646 checkpoint validi; durata media tentativi 1.1s.
Fallback Qiskit: twolocalrandom_indep_tket_7|ibm_falcon_27
Checkpoint fallback valido: twolocalrandom_indep_tket_7|ibm_falcon_27
Progresso: 975/1646 checkpoint validi; durata media tentativi 1.1s.
Fallback Qiskit: realamprandom_indep_qiskit_8|ibm_falcon_127
Checkpoint fallback valido: realamprandom_indep_qiskit_8|ibm_falcon_127
Progresso: 976/1646 checkpoint validi; durata media tentativi 1.1s.
Fallback Qiskit: vqe_indep_qiskit_7|ibm_falcon_27
Checkpoint fallback valido: vqe_indep_qiskit_7|ibm_falcon_27
Progresso: 977/1646 checkpoint validi; durata media tentativi 1.1s.
Fallback Qiskit: realamprandom_indep_tket_8|ibm_falcon_127
Checkpoint fallback valido: realamprandom_indep_tket_8|ibm_falcon_127
Progresso: 978/1646 checkpoint validi; durata media tentativi 1.1s.
Fallback Qiskit: vqe_indep_tket_7|ibm_falcon_27
Checkpoint fallback valido: vqe_indep_tket_7|ibm_falcon_27
Progresso: 979/1646 checkpoint validi; durata media tentativi 1.1s.
Fallback Qiskit: su2random_indep_qiskit_8|ibm_falcon_127
Checkpoint fallback valido: su2random_indep_qiskit_8|ibm_falcon_127
Progresso: 980/1646 checkpoint validi; durata media tentativi 1.1s.
Fallback Qiskit: wstate_indep_qiskit_7|ibm_falcon_27
Checkpoint fallback valido: wstate_indep_qiskit_7|ibm_falcon_27
Progresso: 981/1646 checkpoint validi; durata media tentativi 1.1s.
Fallback Qiskit: su2random_indep_tket_8|ibm_falcon_127
Checkpoint fallback valido: su2random_indep_tket_8|ibm_falcon_127
Progresso: 982/1646 checkpoint validi; durata media tentativi 1.1s.
Fallback Qiskit: wstate_indep_tket_7|ibm_falcon_27
Checkpoint fallback valido: wstate_indep_tket_7|ibm_falcon_27
Progresso: 983/1646 checkpoint validi; durata media tentativi 1.1s.
Fallback Qiskit: twolocalrandom_indep_qiskit_8|ibm_falcon_127
Checkpoint fallback valido: twolocalrandom_indep_qiskit_8|ibm_falcon_127
Progresso: 984/1646 checkpoint validi; durata media tentativi 1.1s.
Fallback Qiskit: ae_indep_qiskit_8|ibm_falcon_27
Checkpoint fallback valido: ae_indep_qiskit_8|ibm_falcon_27
Progresso: 985/1646 checkpoint validi; durata media tentativi 1.1s.
Fallback Qiskit: twolocalrandom_indep_tket_8|ibm_falcon_127
Checkpoint fallback valido: twolocalrandom_indep_tket_8|ibm_falcon_127
Progresso: 986/1646 checkpoint validi; durata media tentativi 1.1s.
Fallback Qiskit: ae_indep_tket_8|ibm_falcon_27
Checkpoint fallback valido: ae_indep_tket_8|ibm_falcon_27
Progresso: 987/1646 checkpoint validi; durata media tentativi 1.1s.
Fallback Qiskit: vqe_indep_qiskit_8|ibm_falcon_127
Checkpoint fallback valido: vqe_indep_qiskit_8|ibm_falcon_127
Progresso: 988/1646 checkpoint validi; durata media tentativi 1.1s.
Fallback Qiskit: dj_indep_qiskit_8|ibm_falcon_27
Checkpoint fallback valido: dj_indep_qiskit_8|ibm_falcon_27
Progresso: 989/1646 checkpoint validi; durata media tentativi 1.1s.
Fallback Qiskit: vqe_indep_tket_8|ibm_falcon_127
Checkpoint fallback valido: vqe_indep_tket_8|ibm_falcon_127
Progresso: 990/1646 checkpoint validi; durata media tentativi 1.1s.
Fallback Qiskit: dj_indep_tket_8|ibm_falcon_27
Checkpoint fallback valido: dj_indep_tket_8|ibm_falcon_27
Progresso: 991/1646 checkpoint validi; durata media tentativi 1.1s.
Fallback Qiskit: wstate_indep_qiskit_8|ibm_falcon_127
Checkpoint fallback valido: wstate_indep_qiskit_8|ibm_falcon_127
Progresso: 992/1646 checkpoint validi; durata media tentativi 1.1s.
Fallback Qiskit: graphstate_indep_qiskit_8|ibm_falcon_27
Checkpoint fallback valido: graphstate_indep_qiskit_8|ibm_falcon_27
Progresso: 993/1646 checkpoint validi; durata media tentativi 1.1s.
Fallback Qiskit: wstate_indep_tket_8|ibm_falcon_127
Checkpoint fallback valido: wstate_indep_tket_8|ibm_falcon_127
Progresso: 994/1646 checkpoint validi; durata media tentativi 1.1s.
Fallback Qiskit: graphstate_indep_tket_8|ibm_falcon_27
Checkpoint fallback valido: graphstate_indep_tket_8|ibm_falcon_27
Progresso: 995/1646 checkpoint validi; durata media tentativi 1.1s.
Fallback Qiskit: ae_indep_qiskit_9|ibm_falcon_127
Checkpoint fallback valido: ae_indep_qiskit_9|ibm_falcon_127
Progresso: 996/1646 checkpoint validi; durata media tentativi 1.1s.
Fallback Qiskit: portfoliovqe_indep_qiskit_8|ibm_falcon_27
Checkpoint fallback valido: portfoliovqe_indep_qiskit_8|ibm_falcon_27
Progresso: 997/1646 checkpoint validi; durata media tentativi 1.1s.
Fallback Qiskit: ae_indep_tket_9|ibm_falcon_127
Checkpoint fallback valido: ae_indep_tket_9|ibm_falcon_127
Progresso: 998/1646 checkpoint validi; durata media tentativi 1.1s.
Fallback Qiskit: portfoliovqe_indep_tket_8|ibm_falcon_27
Checkpoint fallback valido: portfoliovqe_indep_tket_8|ibm_falcon_27
Progresso: 999/1646 checkpoint validi; durata media tentativi 1.1s.
Fallback Qiskit: dj_indep_qiskit_9|ibm_falcon_127
Checkpoint fallback valido: dj_indep_qiskit_9|ibm_falcon_127
Progresso: 1000/1646 checkpoint validi; durata media tentativi 1.1s.
Fallback Qiskit: qaoa_indep_qiskit_8|ibm_falcon_27
Checkpoint fallback valido: qaoa_indep_qiskit_8|ibm_falcon_27
Progresso: 1001/1646 checkpoint validi; durata media tentativi 1.1s.
Fallback Qiskit: dj_indep_tket_9|ibm_falcon_127
Checkpoint fallback valido: dj_indep_tket_9|ibm_falcon_127
Progresso: 1002/1646 checkpoint validi; durata media tentativi 1.1s.
Fallback Qiskit: qaoa_indep_tket_8|ibm_falcon_27
Checkpoint fallback valido: qaoa_indep_tket_8|ibm_falcon_27
Progresso: 1003/1646 checkpoint validi; durata media tentativi 1.1s.
Fallback Qiskit: graphstate_indep_qiskit_9|ibm_falcon_127
Checkpoint fallback valido: graphstate_indep_qiskit_9|ibm_falcon_127
Progresso: 1004/1646 checkpoint validi; durata media tentativi 1.1s.
Fallback Qiskit: qft_indep_qiskit_8|ibm_falcon_27
Checkpoint fallback valido: qft_indep_qiskit_8|ibm_falcon_27
Progresso: 1005/1646 checkpoint validi; durata media tentativi 1.1s.
Fallback Qiskit: graphstate_indep_tket_9|ibm_falcon_127
Checkpoint fallback valido: graphstate_indep_tket_9|ibm_falcon_127
Progresso: 1006/1646 checkpoint validi; durata media tentativi 1.1s.
Fallback Qiskit: qft_indep_tket_8|ibm_falcon_27
Checkpoint fallback valido: qft_indep_tket_8|ibm_falcon_27
Progresso: 1007/1646 checkpoint validi; durata media tentativi 1.1s.
Fallback Qiskit: portfoliovqe_indep_qiskit_9|ibm_falcon_127
Checkpoint fallback valido: portfoliovqe_indep_qiskit_9|ibm_falcon_127
Progresso: 1008/1646 checkpoint validi; durata media tentativi 1.1s.
Fallback Qiskit: qftentangled_indep_qiskit_8|ibm_falcon_27
Checkpoint fallback valido: qftentangled_indep_qiskit_8|ibm_falcon_27
Progresso: 1009/1646 checkpoint validi; durata media tentativi 1.1s.
Fallback Qiskit: portfoliovqe_indep_tket_9|ibm_falcon_127
Checkpoint fallback valido: portfoliovqe_indep_tket_9|ibm_falcon_127
Progresso: 1010/1646 checkpoint validi; durata media tentativi 1.1s.
Fallback Qiskit: qftentangled_indep_tket_8|ibm_falcon_27
Checkpoint fallback valido: qftentangled_indep_tket_8|ibm_falcon_27
Progresso: 1011/1646 checkpoint validi; durata media tentativi 1.1s.
Fallback Qiskit: pricingcall_indep_qiskit_9|ibm_falcon_127
Checkpoint fallback valido: pricingcall_indep_qiskit_9|ibm_falcon_127
Progresso: 1012/1646 checkpoint validi; durata media tentativi 1.1s.
Fallback Qiskit: qpeexact_indep_qiskit_8|ibm_falcon_27
Checkpoint fallback valido: qpeexact_indep_qiskit_8|ibm_falcon_27
Progresso: 1013/1646 checkpoint validi; durata media tentativi 1.1s.
Fallback Qiskit: pricingcall_indep_tket_9|ibm_falcon_127
Checkpoint fallback valido: pricingcall_indep_tket_9|ibm_falcon_127
Progresso: 1014/1646 checkpoint validi; durata media tentativi 1.1s.
Fallback Qiskit: qpeexact_indep_tket_8|ibm_falcon_27
Fallback Qiskit: pricingput_indep_qiskit_9|ibm_falcon_127
Checkpoint fallback valido: qpeexact_indep_tket_8|ibm_falcon_27
Progresso: 1015/1646 checkpoint validi; durata media tentativi 1.1s.
Checkpoint fallback valido: pricingput_indep_qiskit_9|ibm_falcon_127
Progresso: 1016/1646 checkpoint validi; durata media tentativi 1.1s.
Fallback Qiskit: qpeinexact_indep_qiskit_8|ibm_falcon_27
Fallback Qiskit: pricingput_indep_tket_9|ibm_falcon_127
Checkpoint fallback valido: qpeinexact_indep_qiskit_8|ibm_falcon_27
Progresso: 1017/1646 checkpoint validi; durata media tentativi 1.1s.
Checkpoint fallback valido: pricingput_indep_tket_9|ibm_falcon_127
Progresso: 1018/1646 checkpoint validi; durata media tentativi 1.1s.
Fallback Qiskit: qpeinexact_indep_tket_8|ibm_falcon_27
Fallback Qiskit: qaoa_indep_qiskit_9|ibm_falcon_127
Checkpoint fallback valido: qpeinexact_indep_tket_8|ibm_falcon_27
Progresso: 1019/1646 checkpoint validi; durata media tentativi 1.1s.
Checkpoint fallback valido: qaoa_indep_qiskit_9|ibm_falcon_127
Progresso: 1020/1646 checkpoint validi; durata media tentativi 1.1s.
Fallback Qiskit: qaoa_indep_tket_9|ibm_falcon_127
Fallback Qiskit: random_indep_qiskit_8|ibm_falcon_27
Checkpoint fallback valido: qaoa_indep_tket_9|ibm_falcon_127
Progresso: 1021/1646 checkpoint validi; durata media tentativi 1.1s.
Checkpoint fallback valido: random_indep_qiskit_8|ibm_falcon_27
Progresso: 1022/1646 checkpoint validi; durata media tentativi 1.1s.
Fallback Qiskit: qft_indep_qiskit_9|ibm_falcon_127
Checkpoint fallback valido: qft_indep_qiskit_9|ibm_falcon_127
Progresso: 1023/1646 checkpoint validi; durata media tentativi 1.1s.
Fallback Qiskit: random_indep_tket_8|ibm_falcon_27
Checkpoint fallback valido: random_indep_tket_8|ibm_falcon_27
Progresso: 1024/1646 checkpoint validi; durata media tentativi 1.1s.
Fallback Qiskit: qft_indep_tket_9|ibm_falcon_127
Checkpoint fallback valido: qft_indep_tket_9|ibm_falcon_127
Progresso: 1025/1646 checkpoint validi; durata media tentativi 1.1s.
Fallback Qiskit: realamprandom_indep_qiskit_8|ibm_falcon_27
Checkpoint fallback valido: realamprandom_indep_qiskit_8|ibm_falcon_27
Progresso: 1026/1646 checkpoint validi; durata media tentativi 1.1s.
Fallback Qiskit: qftentangled_indep_qiskit_9|ibm_falcon_127
Checkpoint fallback valido: qftentangled_indep_qiskit_9|ibm_falcon_127
Progresso: 1027/1646 checkpoint validi; durata media tentativi 1.1s.
Fallback Qiskit: realamprandom_indep_tket_8|ibm_falcon_27
Checkpoint fallback valido: realamprandom_indep_tket_8|ibm_falcon_27
Progresso: 1028/1646 checkpoint validi; durata media tentativi 1.1s.
Fallback Qiskit: qftentangled_indep_tket_9|ibm_falcon_127
Checkpoint fallback valido: qftentangled_indep_tket_9|ibm_falcon_127
Progresso: 1029/1646 checkpoint validi; durata media tentativi 1.1s.
Fallback Qiskit: su2random_indep_qiskit_8|ibm_falcon_27
Checkpoint fallback valido: su2random_indep_qiskit_8|ibm_falcon_27
Progresso: 1030/1646 checkpoint validi; durata media tentativi 1.1s.
Fallback Qiskit: qpeexact_indep_qiskit_9|ibm_falcon_127
Checkpoint fallback valido: qpeexact_indep_qiskit_9|ibm_falcon_127
Progresso: 1031/1646 checkpoint validi; durata media tentativi 1.1s.
Fallback Qiskit: su2random_indep_tket_8|ibm_falcon_27
Checkpoint fallback valido: su2random_indep_tket_8|ibm_falcon_27
Progresso: 1032/1646 checkpoint validi; durata media tentativi 1.1s.
Fallback Qiskit: qpeexact_indep_tket_9|ibm_falcon_127
Checkpoint fallback valido: qpeexact_indep_tket_9|ibm_falcon_127
Progresso: 1033/1646 checkpoint validi; durata media tentativi 1.1s.
Fallback Qiskit: twolocalrandom_indep_qiskit_8|ibm_falcon_27
Checkpoint fallback valido: twolocalrandom_indep_qiskit_8|ibm_falcon_27
Progresso: 1034/1646 checkpoint validi; durata media tentativi 1.1s.
Fallback Qiskit: qpeinexact_indep_qiskit_9|ibm_falcon_127
Checkpoint fallback valido: qpeinexact_indep_qiskit_9|ibm_falcon_127
Progresso: 1035/1646 checkpoint validi; durata media tentativi 1.1s.
Fallback Qiskit: twolocalrandom_indep_tket_8|ibm_falcon_27
Checkpoint fallback valido: twolocalrandom_indep_tket_8|ibm_falcon_27
Progresso: 1036/1646 checkpoint validi; durata media tentativi 1.1s.
Fallback Qiskit: qpeinexact_indep_tket_9|ibm_falcon_127
Checkpoint fallback valido: qpeinexact_indep_tket_9|ibm_falcon_127
Progresso: 1037/1646 checkpoint validi; durata media tentativi 1.1s.
Fallback Qiskit: vqe_indep_qiskit_8|ibm_falcon_27
Checkpoint fallback valido: vqe_indep_qiskit_8|ibm_falcon_27
Progresso: 1038/1646 checkpoint validi; durata media tentativi 1.1s.
Fallback Qiskit: realamprandom_indep_qiskit_9|ibm_falcon_127
Checkpoint fallback valido: realamprandom_indep_qiskit_9|ibm_falcon_127
Progresso: 1039/1646 checkpoint validi; durata media tentativi 1.1s.
Fallback Qiskit: vqe_indep_tket_8|ibm_falcon_27
Checkpoint fallback valido: vqe_indep_tket_8|ibm_falcon_27
Progresso: 1040/1646 checkpoint validi; durata media tentativi 1.1s.
Fallback Qiskit: realamprandom_indep_tket_9|ibm_falcon_127
Checkpoint fallback valido: realamprandom_indep_tket_9|ibm_falcon_127
Progresso: 1041/1646 checkpoint validi; durata media tentativi 1.1s.
Fallback Qiskit: wstate_indep_qiskit_8|ibm_falcon_27
Checkpoint fallback valido: wstate_indep_qiskit_8|ibm_falcon_27
Progresso: 1042/1646 checkpoint validi; durata media tentativi 1.1s.
Fallback Qiskit: su2random_indep_qiskit_9|ibm_falcon_127
Checkpoint fallback valido: su2random_indep_qiskit_9|ibm_falcon_127
Progresso: 1043/1646 checkpoint validi; durata media tentativi 1.1s.
Fallback Qiskit: wstate_indep_tket_8|ibm_falcon_27
Checkpoint fallback valido: wstate_indep_tket_8|ibm_falcon_27
Progresso: 1044/1646 checkpoint validi; durata media tentativi 1.1s.
Fallback Qiskit: su2random_indep_tket_9|ibm_falcon_127
Checkpoint fallback valido: su2random_indep_tket_9|ibm_falcon_127
Progresso: 1045/1646 checkpoint validi; durata media tentativi 1.1s.
Fallback Qiskit: ae_indep_qiskit_9|ibm_falcon_27
Checkpoint fallback valido: ae_indep_qiskit_9|ibm_falcon_27
Progresso: 1046/1646 checkpoint validi; durata media tentativi 1.1s.
Fallback Qiskit: tsp_indep_qiskit_9|ibm_falcon_127
Checkpoint fallback valido: tsp_indep_qiskit_9|ibm_falcon_127
Progresso: 1047/1646 checkpoint validi; durata media tentativi 1.1s.
Fallback Qiskit: ae_indep_tket_9|ibm_falcon_27
Checkpoint fallback valido: ae_indep_tket_9|ibm_falcon_27
Progresso: 1048/1646 checkpoint validi; durata media tentativi 1.1s.
Fallback Qiskit: tsp_indep_tket_9|ibm_falcon_127
Checkpoint fallback valido: tsp_indep_tket_9|ibm_falcon_127
Progresso: 1049/1646 checkpoint validi; durata media tentativi 1.1s.
Fallback Qiskit: dj_indep_qiskit_9|ibm_falcon_27
Checkpoint fallback valido: dj_indep_qiskit_9|ibm_falcon_27
Progresso: 1050/1646 checkpoint validi; durata media tentativi 1.1s.
Fallback Qiskit: twolocalrandom_indep_qiskit_9|ibm_falcon_127
Checkpoint fallback valido: twolocalrandom_indep_qiskit_9|ibm_falcon_127
Progresso: 1051/1646 checkpoint validi; durata media tentativi 1.1s.
Fallback Qiskit: dj_indep_tket_9|ibm_falcon_27
Checkpoint fallback valido: dj_indep_tket_9|ibm_falcon_27
Progresso: 1052/1646 checkpoint validi; durata media tentativi 1.1s.
Fallback Qiskit: twolocalrandom_indep_tket_9|ibm_falcon_127
Checkpoint fallback valido: twolocalrandom_indep_tket_9|ibm_falcon_127
Progresso: 1053/1646 checkpoint validi; durata media tentativi 1.1s.
Fallback Qiskit: graphstate_indep_qiskit_9|ibm_falcon_27
Checkpoint fallback valido: graphstate_indep_qiskit_9|ibm_falcon_27
Progresso: 1054/1646 checkpoint validi; durata media tentativi 1.1s.
Fallback Qiskit: vqe_indep_qiskit_9|ibm_falcon_127
Checkpoint fallback valido: vqe_indep_qiskit_9|ibm_falcon_127
Progresso: 1055/1646 checkpoint validi; durata media tentativi 1.1s.
Fallback Qiskit: graphstate_indep_tket_9|ibm_falcon_27
Checkpoint fallback valido: graphstate_indep_tket_9|ibm_falcon_27
Progresso: 1056/1646 checkpoint validi; durata media tentativi 1.1s.
Fallback Qiskit: wstate_indep_qiskit_9|ibm_falcon_127
Checkpoint fallback valido: wstate_indep_qiskit_9|ibm_falcon_127
Progresso: 1057/1646 checkpoint validi; durata media tentativi 1.1s.
Fallback Qiskit: portfoliovqe_indep_qiskit_9|ibm_falcon_27
Checkpoint fallback valido: portfoliovqe_indep_qiskit_9|ibm_falcon_27
Progresso: 1058/1646 checkpoint validi; durata media tentativi 1.1s.
Fallback Qiskit: wstate_indep_tket_9|ibm_falcon_127
Checkpoint fallback valido: wstate_indep_tket_9|ibm_falcon_127
Progresso: 1059/1646 checkpoint validi; durata media tentativi 1.1s.
Fallback Qiskit: portfoliovqe_indep_tket_9|ibm_falcon_27
Checkpoint fallback valido: portfoliovqe_indep_tket_9|ibm_falcon_27
Progresso: 1060/1646 checkpoint validi; durata media tentativi 1.1s.
Fallback Qiskit: ae_indep_qiskit_10|ibm_falcon_127
Checkpoint fallback valido: ae_indep_qiskit_10|ibm_falcon_127
Progresso: 1061/1646 checkpoint validi; durata media tentativi 1.1s.
Fallback Qiskit: pricingcall_indep_qiskit_9|ibm_falcon_27
Checkpoint fallback valido: pricingcall_indep_qiskit_9|ibm_falcon_27
Progresso: 1062/1646 checkpoint validi; durata media tentativi 1.1s.
Fallback Qiskit: ae_indep_tket_10|ibm_falcon_127
Checkpoint fallback valido: ae_indep_tket_10|ibm_falcon_127
Progresso: 1063/1646 checkpoint validi; durata media tentativi 1.1s.
Fallback Qiskit: pricingcall_indep_tket_9|ibm_falcon_27
Checkpoint fallback valido: pricingcall_indep_tket_9|ibm_falcon_27
Progresso: 1064/1646 checkpoint validi; durata media tentativi 1.1s.
Fallback Qiskit: dj_indep_qiskit_10|ibm_falcon_127
Checkpoint fallback valido: dj_indep_qiskit_10|ibm_falcon_127
Progresso: 1065/1646 checkpoint validi; durata media tentativi 1.1s.
Fallback Qiskit: pricingput_indep_qiskit_9|ibm_falcon_27
Checkpoint fallback valido: pricingput_indep_qiskit_9|ibm_falcon_27
Progresso: 1066/1646 checkpoint validi; durata media tentativi 1.1s.
Fallback Qiskit: dj_indep_tket_10|ibm_falcon_127
Checkpoint fallback valido: dj_indep_tket_10|ibm_falcon_127
Progresso: 1067/1646 checkpoint validi; durata media tentativi 1.1s.
Fallback Qiskit: pricingput_indep_tket_9|ibm_falcon_27
Checkpoint fallback valido: pricingput_indep_tket_9|ibm_falcon_27
Progresso: 1068/1646 checkpoint validi; durata media tentativi 1.1s.
Fallback Qiskit: graphstate_indep_qiskit_10|ibm_falcon_127
Checkpoint fallback valido: graphstate_indep_qiskit_10|ibm_falcon_127
Progresso: 1069/1646 checkpoint validi; durata media tentativi 1.1s.
Fallback Qiskit: qaoa_indep_qiskit_9|ibm_falcon_27
Checkpoint fallback valido: qaoa_indep_qiskit_9|ibm_falcon_27
Progresso: 1070/1646 checkpoint validi; durata media tentativi 1.1s.
Fallback Qiskit: graphstate_indep_tket_10|ibm_falcon_127
Checkpoint fallback valido: graphstate_indep_tket_10|ibm_falcon_127
Progresso: 1071/1646 checkpoint validi; durata media tentativi 1.1s.
Fallback Qiskit: qaoa_indep_tket_9|ibm_falcon_27
Checkpoint fallback valido: qaoa_indep_tket_9|ibm_falcon_27
Progresso: 1072/1646 checkpoint validi; durata media tentativi 1.1s.
Fallback Qiskit: portfoliovqe_indep_qiskit_10|ibm_falcon_127
Checkpoint fallback valido: portfoliovqe_indep_qiskit_10|ibm_falcon_127
Progresso: 1073/1646 checkpoint validi; durata media tentativi 1.1s.
Fallback Qiskit: qft_indep_qiskit_9|ibm_falcon_27
Checkpoint fallback valido: qft_indep_qiskit_9|ibm_falcon_27
Progresso: 1074/1646 checkpoint validi; durata media tentativi 1.1s.
Fallback Qiskit: portfoliovqe_indep_tket_10|ibm_falcon_127
Checkpoint fallback valido: portfoliovqe_indep_tket_10|ibm_falcon_127
Progresso: 1075/1646 checkpoint validi; durata media tentativi 1.1s.
Fallback Qiskit: qft_indep_tket_9|ibm_falcon_27
Checkpoint fallback valido: qft_indep_tket_9|ibm_falcon_27
Progresso: 1076/1646 checkpoint validi; durata media tentativi 1.1s.
Fallback Qiskit: qaoa_indep_qiskit_10|ibm_falcon_127
Checkpoint fallback valido: qaoa_indep_qiskit_10|ibm_falcon_127
Progresso: 1077/1646 checkpoint validi; durata media tentativi 1.1s.
Fallback Qiskit: qftentangled_indep_qiskit_9|ibm_falcon_27
Checkpoint fallback valido: qftentangled_indep_qiskit_9|ibm_falcon_27
Progresso: 1078/1646 checkpoint validi; durata media tentativi 1.1s.
Fallback Qiskit: qaoa_indep_tket_10|ibm_falcon_127
Checkpoint fallback valido: qaoa_indep_tket_10|ibm_falcon_127
Progresso: 1079/1646 checkpoint validi; durata media tentativi 1.1s.
Fallback Qiskit: qftentangled_indep_tket_9|ibm_falcon_27
Checkpoint fallback valido: qftentangled_indep_tket_9|ibm_falcon_27
Progresso: 1080/1646 checkpoint validi; durata media tentativi 1.1s.
Fallback Qiskit: qft_indep_qiskit_10|ibm_falcon_127
Checkpoint fallback valido: qft_indep_qiskit_10|ibm_falcon_127
Progresso: 1081/1646 checkpoint validi; durata media tentativi 1.1s.
Fallback Qiskit: qpeexact_indep_qiskit_9|ibm_falcon_27
Checkpoint fallback valido: qpeexact_indep_qiskit_9|ibm_falcon_27
Progresso: 1082/1646 checkpoint validi; durata media tentativi 1.1s.
Fallback Qiskit: qft_indep_tket_10|ibm_falcon_127
Checkpoint fallback valido: qft_indep_tket_10|ibm_falcon_127
Progresso: 1083/1646 checkpoint validi; durata media tentativi 1.1s.
Fallback Qiskit: qpeexact_indep_tket_9|ibm_falcon_27
Checkpoint fallback valido: qpeexact_indep_tket_9|ibm_falcon_27
Progresso: 1084/1646 checkpoint validi; durata media tentativi 1.1s.
Fallback Qiskit: qftentangled_indep_qiskit_10|ibm_falcon_127
Checkpoint fallback valido: qftentangled_indep_qiskit_10|ibm_falcon_127
Progresso: 1085/1646 checkpoint validi; durata media tentativi 1.1s.
Fallback Qiskit: qpeinexact_indep_qiskit_9|ibm_falcon_27
Checkpoint fallback valido: qpeinexact_indep_qiskit_9|ibm_falcon_27
Progresso: 1086/1646 checkpoint validi; durata media tentativi 1.1s.
Fallback Qiskit: qftentangled_indep_tket_10|ibm_falcon_127
Checkpoint fallback valido: qftentangled_indep_tket_10|ibm_falcon_127
Progresso: 1087/1646 checkpoint validi; durata media tentativi 1.1s.
Fallback Qiskit: qpeinexact_indep_tket_9|ibm_falcon_27
Checkpoint fallback valido: qpeinexact_indep_tket_9|ibm_falcon_27
Progresso: 1088/1646 checkpoint validi; durata media tentativi 1.1s.
Fallback Qiskit: qpeexact_indep_qiskit_10|ibm_falcon_127
Checkpoint fallback valido: qpeexact_indep_qiskit_10|ibm_falcon_127
Progresso: 1089/1646 checkpoint validi; durata media tentativi 1.1s.
Fallback Qiskit: realamprandom_indep_qiskit_9|ibm_falcon_27
Checkpoint fallback valido: realamprandom_indep_qiskit_9|ibm_falcon_27
Progresso: 1090/1646 checkpoint validi; durata media tentativi 1.1s.
Fallback Qiskit: qpeexact_indep_tket_10|ibm_falcon_127
Checkpoint fallback valido: qpeexact_indep_tket_10|ibm_falcon_127
Progresso: 1091/1646 checkpoint validi; durata media tentativi 1.1s.
Fallback Qiskit: realamprandom_indep_tket_9|ibm_falcon_27
Checkpoint fallback valido: realamprandom_indep_tket_9|ibm_falcon_27
Progresso: 1092/1646 checkpoint validi; durata media tentativi 1.1s.
Fallback Qiskit: qpeinexact_indep_qiskit_10|ibm_falcon_127
Checkpoint fallback valido: qpeinexact_indep_qiskit_10|ibm_falcon_127
Progresso: 1093/1646 checkpoint validi; durata media tentativi 1.1s.
Fallback Qiskit: su2random_indep_qiskit_9|ibm_falcon_27
Checkpoint fallback valido: su2random_indep_qiskit_9|ibm_falcon_27
Progresso: 1094/1646 checkpoint validi; durata media tentativi 1.1s.
Fallback Qiskit: qpeinexact_indep_tket_10|ibm_falcon_127
Checkpoint fallback valido: qpeinexact_indep_tket_10|ibm_falcon_127
Progresso: 1095/1646 checkpoint validi; durata media tentativi 1.1s.
Fallback Qiskit: su2random_indep_tket_9|ibm_falcon_27
Checkpoint fallback valido: su2random_indep_tket_9|ibm_falcon_27
Progresso: 1096/1646 checkpoint validi; durata media tentativi 1.1s.
Fallback Qiskit: realamprandom_indep_qiskit_10|ibm_falcon_127
Checkpoint fallback valido: realamprandom_indep_qiskit_10|ibm_falcon_127
Progresso: 1097/1646 checkpoint validi; durata media tentativi 1.1s.
Fallback Qiskit: tsp_indep_qiskit_9|ibm_falcon_27
Checkpoint fallback valido: tsp_indep_qiskit_9|ibm_falcon_27
Progresso: 1098/1646 checkpoint validi; durata media tentativi 1.1s.
Fallback Qiskit: realamprandom_indep_tket_10|ibm_falcon_127
Checkpoint fallback valido: realamprandom_indep_tket_10|ibm_falcon_127
Progresso: 1099/1646 checkpoint validi; durata media tentativi 1.1s.
Fallback Qiskit: tsp_indep_tket_9|ibm_falcon_27
Checkpoint fallback valido: tsp_indep_tket_9|ibm_falcon_27
Progresso: 1100/1646 checkpoint validi; durata media tentativi 1.1s.
Fallback Qiskit: twolocalrandom_indep_qiskit_10|ibm_falcon_127
Checkpoint fallback valido: twolocalrandom_indep_qiskit_10|ibm_falcon_127
Progresso: 1101/1646 checkpoint validi; durata media tentativi 1.1s.
Fallback Qiskit: twolocalrandom_indep_qiskit_9|ibm_falcon_27
Checkpoint fallback valido: twolocalrandom_indep_qiskit_9|ibm_falcon_27
Progresso: 1102/1646 checkpoint validi; durata media tentativi 1.1s.
Fallback Qiskit: twolocalrandom_indep_tket_10|ibm_falcon_127
Checkpoint fallback valido: twolocalrandom_indep_tket_10|ibm_falcon_127
Progresso: 1103/1646 checkpoint validi; durata media tentativi 1.1s.
Fallback Qiskit: twolocalrandom_indep_tket_9|ibm_falcon_27
Checkpoint fallback valido: twolocalrandom_indep_tket_9|ibm_falcon_27
Progresso: 1104/1646 checkpoint validi; durata media tentativi 1.1s.
Fallback Qiskit: vqe_indep_qiskit_10|ibm_falcon_127
Checkpoint fallback valido: vqe_indep_qiskit_10|ibm_falcon_127
Progresso: 1105/1646 checkpoint validi; durata media tentativi 1.1s.
Fallback Qiskit: vqe_indep_qiskit_9|ibm_falcon_27
Checkpoint fallback valido: vqe_indep_qiskit_9|ibm_falcon_27
Progresso: 1106/1646 checkpoint validi; durata media tentativi 1.1s.
Fallback Qiskit: vqe_indep_tket_10|ibm_falcon_127
Checkpoint fallback valido: vqe_indep_tket_10|ibm_falcon_127
Progresso: 1107/1646 checkpoint validi; durata media tentativi 1.1s.
Fallback Qiskit: vqe_indep_tket_9|ibm_falcon_27
Checkpoint fallback valido: vqe_indep_tket_9|ibm_falcon_27
Progresso: 1108/1646 checkpoint validi; durata media tentativi 1.1s.
Fallback Qiskit: wstate_indep_qiskit_10|ibm_falcon_127
Checkpoint fallback valido: wstate_indep_qiskit_10|ibm_falcon_127
Progresso: 1109/1646 checkpoint validi; durata media tentativi 1.1s.
Fallback Qiskit: wstate_indep_qiskit_9|ibm_falcon_27
Checkpoint fallback valido: wstate_indep_qiskit_9|ibm_falcon_27
Progresso: 1110/1646 checkpoint validi; durata media tentativi 1.1s.
Fallback Qiskit: wstate_indep_tket_10|ibm_falcon_127
Checkpoint fallback valido: wstate_indep_tket_10|ibm_falcon_127
Progresso: 1111/1646 checkpoint validi; durata media tentativi 1.1s.
Fallback Qiskit: wstate_indep_tket_9|ibm_falcon_27
Checkpoint fallback valido: wstate_indep_tket_9|ibm_falcon_27
Progresso: 1112/1646 checkpoint validi; durata media tentativi 1.1s.
Fallback Qiskit: ae_indep_qiskit_11|ibm_falcon_127
Checkpoint fallback valido: ae_indep_qiskit_11|ibm_falcon_127
Progresso: 1113/1646 checkpoint validi; durata media tentativi 1.1s.
Fallback Qiskit: ae_indep_qiskit_10|ibm_falcon_27
Checkpoint fallback valido: ae_indep_qiskit_10|ibm_falcon_27
Progresso: 1114/1646 checkpoint validi; durata media tentativi 1.1s.
Fallback Qiskit: ae_indep_tket_11|ibm_falcon_127
Checkpoint fallback valido: ae_indep_tket_11|ibm_falcon_127
Progresso: 1115/1646 checkpoint validi; durata media tentativi 1.1s.
Fallback Qiskit: ae_indep_tket_10|ibm_falcon_27
Checkpoint fallback valido: ae_indep_tket_10|ibm_falcon_27
Progresso: 1116/1646 checkpoint validi; durata media tentativi 1.1s.
Fallback Qiskit: dj_indep_qiskit_11|ibm_falcon_127
Checkpoint fallback valido: dj_indep_qiskit_11|ibm_falcon_127
Progresso: 1117/1646 checkpoint validi; durata media tentativi 1.1s.
Fallback Qiskit: dj_indep_qiskit_10|ibm_falcon_27
Checkpoint fallback valido: dj_indep_qiskit_10|ibm_falcon_27
Progresso: 1118/1646 checkpoint validi; durata media tentativi 1.1s.
Fallback Qiskit: dj_indep_tket_11|ibm_falcon_127
Checkpoint fallback valido: dj_indep_tket_11|ibm_falcon_127
Progresso: 1119/1646 checkpoint validi; durata media tentativi 1.1s.
Fallback Qiskit: dj_indep_tket_10|ibm_falcon_27
Checkpoint fallback valido: dj_indep_tket_10|ibm_falcon_27
Progresso: 1120/1646 checkpoint validi; durata media tentativi 1.1s.
Fallback Qiskit: graphstate_indep_qiskit_11|ibm_falcon_127
Checkpoint fallback valido: graphstate_indep_qiskit_11|ibm_falcon_127
Progresso: 1121/1646 checkpoint validi; durata media tentativi 1.1s.
Fallback Qiskit: graphstate_indep_qiskit_10|ibm_falcon_27
Checkpoint fallback valido: graphstate_indep_qiskit_10|ibm_falcon_27
Progresso: 1122/1646 checkpoint validi; durata media tentativi 1.1s.
Fallback Qiskit: graphstate_indep_tket_11|ibm_falcon_127
Checkpoint fallback valido: graphstate_indep_tket_11|ibm_falcon_127
Progresso: 1123/1646 checkpoint validi; durata media tentativi 1.1s.
Fallback Qiskit: graphstate_indep_tket_10|ibm_falcon_27
Checkpoint fallback valido: graphstate_indep_tket_10|ibm_falcon_27
Progresso: 1124/1646 checkpoint validi; durata media tentativi 1.1s.
Fallback Qiskit: portfoliovqe_indep_qiskit_11|ibm_falcon_127
Checkpoint fallback valido: portfoliovqe_indep_qiskit_11|ibm_falcon_127
Progresso: 1125/1646 checkpoint validi; durata media tentativi 1.1s.
Fallback Qiskit: portfoliovqe_indep_qiskit_10|ibm_falcon_27
Checkpoint fallback valido: portfoliovqe_indep_qiskit_10|ibm_falcon_27
Progresso: 1126/1646 checkpoint validi; durata media tentativi 1.1s.
Fallback Qiskit: portfoliovqe_indep_tket_11|ibm_falcon_127
Checkpoint fallback valido: portfoliovqe_indep_tket_11|ibm_falcon_127
Progresso: 1127/1646 checkpoint validi; durata media tentativi 1.1s.
Fallback Qiskit: portfoliovqe_indep_tket_10|ibm_falcon_27
Checkpoint fallback valido: portfoliovqe_indep_tket_10|ibm_falcon_27
Progresso: 1128/1646 checkpoint validi; durata media tentativi 1.1s.
Fallback Qiskit: pricingcall_indep_qiskit_11|ibm_falcon_127
Checkpoint fallback valido: pricingcall_indep_qiskit_11|ibm_falcon_127
Progresso: 1129/1646 checkpoint validi; durata media tentativi 1.1s.
Fallback Qiskit: qaoa_indep_qiskit_10|ibm_falcon_27
Checkpoint fallback valido: qaoa_indep_qiskit_10|ibm_falcon_27
Progresso: 1130/1646 checkpoint validi; durata media tentativi 1.1s.
Fallback Qiskit: pricingput_indep_qiskit_11|ibm_falcon_127
Checkpoint fallback valido: pricingput_indep_qiskit_11|ibm_falcon_127
Progresso: 1131/1646 checkpoint validi; durata media tentativi 1.1s.
Fallback Qiskit: qaoa_indep_tket_10|ibm_falcon_27
Checkpoint fallback valido: qaoa_indep_tket_10|ibm_falcon_27
Progresso: 1132/1646 checkpoint validi; durata media tentativi 1.1s.
Fallback Qiskit: qaoa_indep_qiskit_11|ibm_falcon_127
Checkpoint fallback valido: qaoa_indep_qiskit_11|ibm_falcon_127
Progresso: 1133/1646 checkpoint validi; durata media tentativi 1.1s.
Fallback Qiskit: qft_indep_qiskit_10|ibm_falcon_27
Checkpoint fallback valido: qft_indep_qiskit_10|ibm_falcon_27
Progresso: 1134/1646 checkpoint validi; durata media tentativi 1.1s.
Fallback Qiskit: qaoa_indep_tket_11|ibm_falcon_127
Checkpoint fallback valido: qaoa_indep_tket_11|ibm_falcon_127
Progresso: 1135/1646 checkpoint validi; durata media tentativi 1.1s.
Fallback Qiskit: qft_indep_tket_10|ibm_falcon_27
Checkpoint fallback valido: qft_indep_tket_10|ibm_falcon_27
Progresso: 1136/1646 checkpoint validi; durata media tentativi 1.1s.
Fallback Qiskit: qft_indep_qiskit_11|ibm_falcon_127
Checkpoint fallback valido: qft_indep_qiskit_11|ibm_falcon_127
Progresso: 1137/1646 checkpoint validi; durata media tentativi 1.1s.
Fallback Qiskit: qftentangled_indep_qiskit_10|ibm_falcon_27
Checkpoint fallback valido: qftentangled_indep_qiskit_10|ibm_falcon_27
Progresso: 1138/1646 checkpoint validi; durata media tentativi 1.1s.
Fallback Qiskit: qft_indep_tket_11|ibm_falcon_127
Checkpoint fallback valido: qft_indep_tket_11|ibm_falcon_127
Progresso: 1139/1646 checkpoint validi; durata media tentativi 1.1s.
Fallback Qiskit: qftentangled_indep_tket_10|ibm_falcon_27
Checkpoint fallback valido: qftentangled_indep_tket_10|ibm_falcon_27
Progresso: 1140/1646 checkpoint validi; durata media tentativi 1.1s.
Fallback Qiskit: qftentangled_indep_qiskit_11|ibm_falcon_127
Checkpoint fallback valido: qftentangled_indep_qiskit_11|ibm_falcon_127
Progresso: 1141/1646 checkpoint validi; durata media tentativi 1.1s.
Fallback Qiskit: qpeexact_indep_qiskit_10|ibm_falcon_27
Checkpoint fallback valido: qpeexact_indep_qiskit_10|ibm_falcon_27
Progresso: 1142/1646 checkpoint validi; durata media tentativi 1.1s.
Fallback Qiskit: qftentangled_indep_tket_11|ibm_falcon_127
Checkpoint fallback valido: qftentangled_indep_tket_11|ibm_falcon_127
Progresso: 1143/1646 checkpoint validi; durata media tentativi 1.1s.
Fallback Qiskit: qpeexact_indep_tket_10|ibm_falcon_27
Checkpoint fallback valido: qpeexact_indep_tket_10|ibm_falcon_27
Progresso: 1144/1646 checkpoint validi; durata media tentativi 1.1s.
Fallback Qiskit: qpeexact_indep_qiskit_11|ibm_falcon_127
Checkpoint fallback valido: qpeexact_indep_qiskit_11|ibm_falcon_127
Progresso: 1145/1646 checkpoint validi; durata media tentativi 1.1s.
Fallback Qiskit: qpeinexact_indep_qiskit_10|ibm_falcon_27
Checkpoint fallback valido: qpeinexact_indep_qiskit_10|ibm_falcon_27
Progresso: 1146/1646 checkpoint validi; durata media tentativi 1.1s.
Fallback Qiskit: qpeexact_indep_tket_11|ibm_falcon_127
Checkpoint fallback valido: qpeexact_indep_tket_11|ibm_falcon_127
Progresso: 1147/1646 checkpoint validi; durata media tentativi 1.1s.
Fallback Qiskit: qpeinexact_indep_tket_10|ibm_falcon_27
Checkpoint fallback valido: qpeinexact_indep_tket_10|ibm_falcon_27
Progresso: 1148/1646 checkpoint validi; durata media tentativi 1.1s.
Fallback Qiskit: qpeinexact_indep_qiskit_11|ibm_falcon_127
Checkpoint fallback valido: qpeinexact_indep_qiskit_11|ibm_falcon_127
Progresso: 1149/1646 checkpoint validi; durata media tentativi 1.1s.
Fallback Qiskit: realamprandom_indep_qiskit_10|ibm_falcon_27
Checkpoint fallback valido: realamprandom_indep_qiskit_10|ibm_falcon_27
Progresso: 1150/1646 checkpoint validi; durata media tentativi 1.1s.
Fallback Qiskit: qpeinexact_indep_tket_11|ibm_falcon_127
Checkpoint fallback valido: qpeinexact_indep_tket_11|ibm_falcon_127
Progresso: 1151/1646 checkpoint validi; durata media tentativi 1.1s.
Fallback Qiskit: realamprandom_indep_tket_10|ibm_falcon_27
Checkpoint fallback valido: realamprandom_indep_tket_10|ibm_falcon_27
Progresso: 1152/1646 checkpoint validi; durata media tentativi 1.1s.
Fallback Qiskit: realamprandom_indep_qiskit_11|ibm_falcon_127
Checkpoint fallback valido: realamprandom_indep_qiskit_11|ibm_falcon_127
Progresso: 1153/1646 checkpoint validi; durata media tentativi 1.1s.
Fallback Qiskit: twolocalrandom_indep_qiskit_10|ibm_falcon_27
Checkpoint fallback valido: twolocalrandom_indep_qiskit_10|ibm_falcon_27
Progresso: 1154/1646 checkpoint validi; durata media tentativi 1.1s.
Fallback Qiskit: realamprandom_indep_tket_11|ibm_falcon_127
Checkpoint fallback valido: realamprandom_indep_tket_11|ibm_falcon_127
Progresso: 1155/1646 checkpoint validi; durata media tentativi 1.1s.
Fallback Qiskit: twolocalrandom_indep_tket_10|ibm_falcon_27
Checkpoint fallback valido: twolocalrandom_indep_tket_10|ibm_falcon_27
Progresso: 1156/1646 checkpoint validi; durata media tentativi 1.1s.
Fallback Qiskit: twolocalrandom_indep_qiskit_11|ibm_falcon_127
Checkpoint fallback valido: twolocalrandom_indep_qiskit_11|ibm_falcon_127
Progresso: 1157/1646 checkpoint validi; durata media tentativi 1.1s.
Fallback Qiskit: vqe_indep_qiskit_10|ibm_falcon_27
Checkpoint fallback valido: vqe_indep_qiskit_10|ibm_falcon_27
Progresso: 1158/1646 checkpoint validi; durata media tentativi 1.1s.
Fallback Qiskit: twolocalrandom_indep_tket_11|ibm_falcon_127
Checkpoint fallback valido: twolocalrandom_indep_tket_11|ibm_falcon_127
Progresso: 1159/1646 checkpoint validi; durata media tentativi 1.1s.
Fallback Qiskit: vqe_indep_tket_10|ibm_falcon_27
Checkpoint fallback valido: vqe_indep_tket_10|ibm_falcon_27
Progresso: 1160/1646 checkpoint validi; durata media tentativi 1.1s.
Fallback Qiskit: vqe_indep_qiskit_11|ibm_falcon_127
Checkpoint fallback valido: vqe_indep_qiskit_11|ibm_falcon_127
Progresso: 1161/1646 checkpoint validi; durata media tentativi 1.1s.
Fallback Qiskit: wstate_indep_qiskit_10|ibm_falcon_27
Checkpoint fallback valido: wstate_indep_qiskit_10|ibm_falcon_27
Progresso: 1162/1646 checkpoint validi; durata media tentativi 1.1s.
Fallback Qiskit: vqe_indep_tket_11|ibm_falcon_127
Checkpoint fallback valido: vqe_indep_tket_11|ibm_falcon_127
Progresso: 1163/1646 checkpoint validi; durata media tentativi 1.1s.
Fallback Qiskit: wstate_indep_tket_10|ibm_falcon_27
Checkpoint fallback valido: wstate_indep_tket_10|ibm_falcon_27
Progresso: 1164/1646 checkpoint validi; durata media tentativi 1.1s.
Fallback Qiskit: wstate_indep_qiskit_11|ibm_falcon_127
Checkpoint fallback valido: wstate_indep_qiskit_11|ibm_falcon_127
Progresso: 1165/1646 checkpoint validi; durata media tentativi 1.1s.
Fallback Qiskit: ae_indep_qiskit_11|ibm_falcon_27
Checkpoint fallback valido: ae_indep_qiskit_11|ibm_falcon_27
Progresso: 1166/1646 checkpoint validi; durata media tentativi 1.1s.
Fallback Qiskit: wstate_indep_tket_11|ibm_falcon_127
Checkpoint fallback valido: wstate_indep_tket_11|ibm_falcon_127
Progresso: 1167/1646 checkpoint validi; durata media tentativi 1.1s.
Fallback Qiskit: ae_indep_tket_11|ibm_falcon_27
Checkpoint fallback valido: ae_indep_tket_11|ibm_falcon_27
Progresso: 1168/1646 checkpoint validi; durata media tentativi 1.1s.
Fallback Qiskit: ae_indep_qiskit_12|ibm_falcon_127
Checkpoint fallback valido: ae_indep_qiskit_12|ibm_falcon_127
Progresso: 1169/1646 checkpoint validi; durata media tentativi 1.1s.
Fallback Qiskit: dj_indep_qiskit_11|ibm_falcon_27
Checkpoint fallback valido: dj_indep_qiskit_11|ibm_falcon_27
Progresso: 1170/1646 checkpoint validi; durata media tentativi 1.1s.
Fallback Qiskit: ae_indep_tket_12|ibm_falcon_127
Checkpoint fallback valido: ae_indep_tket_12|ibm_falcon_127
Progresso: 1171/1646 checkpoint validi; durata media tentativi 1.1s.
Fallback Qiskit: dj_indep_tket_11|ibm_falcon_27
Checkpoint fallback valido: dj_indep_tket_11|ibm_falcon_27
Progresso: 1172/1646 checkpoint validi; durata media tentativi 1.1s.
Fallback Qiskit: dj_indep_qiskit_12|ibm_falcon_127
Checkpoint fallback valido: dj_indep_qiskit_12|ibm_falcon_127
Progresso: 1173/1646 checkpoint validi; durata media tentativi 1.1s.
Fallback Qiskit: graphstate_indep_qiskit_11|ibm_falcon_27
Checkpoint fallback valido: graphstate_indep_qiskit_11|ibm_falcon_27
Progresso: 1174/1646 checkpoint validi; durata media tentativi 1.1s.
Fallback Qiskit: dj_indep_tket_12|ibm_falcon_127
Checkpoint fallback valido: dj_indep_tket_12|ibm_falcon_127
Progresso: 1175/1646 checkpoint validi; durata media tentativi 1.1s.
Fallback Qiskit: graphstate_indep_tket_11|ibm_falcon_27
Checkpoint fallback valido: graphstate_indep_tket_11|ibm_falcon_27
Progresso: 1176/1646 checkpoint validi; durata media tentativi 1.1s.
Fallback Qiskit: graphstate_indep_qiskit_12|ibm_falcon_127
Checkpoint fallback valido: graphstate_indep_qiskit_12|ibm_falcon_127
Progresso: 1177/1646 checkpoint validi; durata media tentativi 1.1s.
Fallback Qiskit: portfoliovqe_indep_qiskit_11|ibm_falcon_27
Fallback Qiskit: graphstate_indep_tket_12|ibm_falcon_127
Checkpoint fallback valido: portfoliovqe_indep_qiskit_11|ibm_falcon_27
Progresso: 1178/1646 checkpoint validi; durata media tentativi 1.1s.
Checkpoint fallback valido: graphstate_indep_tket_12|ibm_falcon_127
Progresso: 1179/1646 checkpoint validi; durata media tentativi 1.1s.
Fallback Qiskit: groundstate_medium_indep_qiskit_12|ibm_falcon_127
Fallback Qiskit: portfoliovqe_indep_tket_11|ibm_falcon_27
Checkpoint fallback valido: groundstate_medium_indep_qiskit_12|ibm_falcon_127
Progresso: 1180/1646 checkpoint validi; durata media tentativi 1.1s.
Checkpoint fallback valido: portfoliovqe_indep_tket_11|ibm_falcon_27
Progresso: 1181/1646 checkpoint validi; durata media tentativi 1.1s.
Fallback Qiskit: groundstate_medium_indep_tket_12|ibm_falcon_127
Checkpoint fallback valido: groundstate_medium_indep_tket_12|ibm_falcon_127
Progresso: 1182/1646 checkpoint validi; durata media tentativi 1.1s.
Fallback Qiskit: pricingcall_indep_qiskit_11|ibm_falcon_27
Checkpoint fallback valido: pricingcall_indep_qiskit_11|ibm_falcon_27
Progresso: 1183/1646 checkpoint validi; durata media tentativi 1.1s.
Fallback Qiskit: qaoa_indep_qiskit_12|ibm_falcon_127
Checkpoint fallback valido: qaoa_indep_qiskit_12|ibm_falcon_127
Progresso: 1184/1646 checkpoint validi; durata media tentativi 1.1s.
Fallback Qiskit: pricingput_indep_qiskit_11|ibm_falcon_27
Checkpoint fallback valido: pricingput_indep_qiskit_11|ibm_falcon_27
Progresso: 1185/1646 checkpoint validi; durata media tentativi 1.1s.
Fallback Qiskit: qaoa_indep_tket_12|ibm_falcon_127
Checkpoint fallback valido: qaoa_indep_tket_12|ibm_falcon_127
Progresso: 1186/1646 checkpoint validi; durata media tentativi 1.1s.
Fallback Qiskit: qaoa_indep_qiskit_11|ibm_falcon_27
Checkpoint fallback valido: qaoa_indep_qiskit_11|ibm_falcon_27
Progresso: 1187/1646 checkpoint validi; durata media tentativi 1.1s.
Fallback Qiskit: qft_indep_qiskit_12|ibm_falcon_127
Checkpoint fallback valido: qft_indep_qiskit_12|ibm_falcon_127
Progresso: 1188/1646 checkpoint validi; durata media tentativi 1.1s.
Fallback Qiskit: qaoa_indep_tket_11|ibm_falcon_27
Checkpoint fallback valido: qaoa_indep_tket_11|ibm_falcon_27
Progresso: 1189/1646 checkpoint validi; durata media tentativi 1.1s.
Fallback Qiskit: qft_indep_tket_12|ibm_falcon_127
Checkpoint fallback valido: qft_indep_tket_12|ibm_falcon_127
Progresso: 1190/1646 checkpoint validi; durata media tentativi 1.1s.
Fallback Qiskit: qft_indep_qiskit_11|ibm_falcon_27
Checkpoint fallback valido: qft_indep_qiskit_11|ibm_falcon_27
Progresso: 1191/1646 checkpoint validi; durata media tentativi 1.1s.
Fallback Qiskit: qftentangled_indep_qiskit_12|ibm_falcon_127
Checkpoint fallback valido: qftentangled_indep_qiskit_12|ibm_falcon_127
Progresso: 1192/1646 checkpoint validi; durata media tentativi 1.1s.
Fallback Qiskit: qft_indep_tket_11|ibm_falcon_27
Checkpoint fallback valido: qft_indep_tket_11|ibm_falcon_27
Progresso: 1193/1646 checkpoint validi; durata media tentativi 1.1s.
Fallback Qiskit: qftentangled_indep_tket_12|ibm_falcon_127
Checkpoint fallback valido: qftentangled_indep_tket_12|ibm_falcon_127
Progresso: 1194/1646 checkpoint validi; durata media tentativi 1.1s.
Fallback Qiskit: qftentangled_indep_qiskit_11|ibm_falcon_27
Checkpoint fallback valido: qftentangled_indep_qiskit_11|ibm_falcon_27
Progresso: 1195/1646 checkpoint validi; durata media tentativi 1.1s.
Fallback Qiskit: qpeexact_indep_qiskit_12|ibm_falcon_127
Checkpoint fallback valido: qpeexact_indep_qiskit_12|ibm_falcon_127
Progresso: 1196/1646 checkpoint validi; durata media tentativi 1.1s.
Fallback Qiskit: qftentangled_indep_tket_11|ibm_falcon_27
Checkpoint fallback valido: qftentangled_indep_tket_11|ibm_falcon_27
Progresso: 1197/1646 checkpoint validi; durata media tentativi 1.1s.
Fallback Qiskit: qpeexact_indep_tket_12|ibm_falcon_127
Checkpoint fallback valido: qpeexact_indep_tket_12|ibm_falcon_127
Progresso: 1198/1646 checkpoint validi; durata media tentativi 1.1s.
Fallback Qiskit: qpeexact_indep_qiskit_11|ibm_falcon_27
Checkpoint fallback valido: qpeexact_indep_qiskit_11|ibm_falcon_27
Progresso: 1199/1646 checkpoint validi; durata media tentativi 1.1s.
Fallback Qiskit: qpeinexact_indep_qiskit_12|ibm_falcon_127
Checkpoint fallback valido: qpeinexact_indep_qiskit_12|ibm_falcon_127
Progresso: 1200/1646 checkpoint validi; durata media tentativi 1.1s.
Fallback Qiskit: qpeexact_indep_tket_11|ibm_falcon_27
Checkpoint fallback valido: qpeexact_indep_tket_11|ibm_falcon_27
Progresso: 1201/1646 checkpoint validi; durata media tentativi 1.1s.
Fallback Qiskit: qpeinexact_indep_tket_12|ibm_falcon_127
Checkpoint fallback valido: qpeinexact_indep_tket_12|ibm_falcon_127
Progresso: 1202/1646 checkpoint validi; durata media tentativi 1.1s.
Fallback Qiskit: qpeinexact_indep_qiskit_11|ibm_falcon_27
Checkpoint fallback valido: qpeinexact_indep_qiskit_11|ibm_falcon_27
Progresso: 1203/1646 checkpoint validi; durata media tentativi 1.1s.
Fallback Qiskit: routing_indep_qiskit_12|ibm_falcon_127
Checkpoint fallback valido: routing_indep_qiskit_12|ibm_falcon_127
Progresso: 1204/1646 checkpoint validi; durata media tentativi 1.1s.
Fallback Qiskit: qpeinexact_indep_tket_11|ibm_falcon_27
Checkpoint fallback valido: qpeinexact_indep_tket_11|ibm_falcon_27
Progresso: 1205/1646 checkpoint validi; durata media tentativi 1.1s.
Fallback Qiskit: routing_indep_tket_12|ibm_falcon_127
Checkpoint fallback valido: routing_indep_tket_12|ibm_falcon_127
Progresso: 1206/1646 checkpoint validi; durata media tentativi 1.1s.
Fallback Qiskit: realamprandom_indep_qiskit_11|ibm_falcon_27
Checkpoint fallback valido: realamprandom_indep_qiskit_11|ibm_falcon_27
Progresso: 1207/1646 checkpoint validi; durata media tentativi 1.1s.
Fallback Qiskit: vqe_indep_qiskit_12|ibm_falcon_127
Checkpoint fallback valido: vqe_indep_qiskit_12|ibm_falcon_127
Progresso: 1208/1646 checkpoint validi; durata media tentativi 1.1s.
Fallback Qiskit: realamprandom_indep_tket_11|ibm_falcon_27
Checkpoint fallback valido: realamprandom_indep_tket_11|ibm_falcon_27
Progresso: 1209/1646 checkpoint validi; durata media tentativi 1.1s.
Fallback Qiskit: vqe_indep_tket_12|ibm_falcon_127
Checkpoint fallback valido: vqe_indep_tket_12|ibm_falcon_127
Progresso: 1210/1646 checkpoint validi; durata media tentativi 1.1s.
Fallback Qiskit: twolocalrandom_indep_qiskit_11|ibm_falcon_27
Checkpoint fallback valido: twolocalrandom_indep_qiskit_11|ibm_falcon_27
Progresso: 1211/1646 checkpoint validi; durata media tentativi 1.1s.
Fallback Qiskit: wstate_indep_qiskit_12|ibm_falcon_127
Checkpoint fallback valido: wstate_indep_qiskit_12|ibm_falcon_127
Progresso: 1212/1646 checkpoint validi; durata media tentativi 1.1s.
Fallback Qiskit: twolocalrandom_indep_tket_11|ibm_falcon_27
Checkpoint fallback valido: twolocalrandom_indep_tket_11|ibm_falcon_27
Progresso: 1213/1646 checkpoint validi; durata media tentativi 1.1s.
Fallback Qiskit: wstate_indep_tket_12|ibm_falcon_127
Checkpoint fallback valido: wstate_indep_tket_12|ibm_falcon_127
Progresso: 1214/1646 checkpoint validi; durata media tentativi 1.1s.
Fallback Qiskit: vqe_indep_qiskit_11|ibm_falcon_27
Checkpoint fallback valido: vqe_indep_qiskit_11|ibm_falcon_27
Progresso: 1215/1646 checkpoint validi; durata media tentativi 1.1s.
Fallback Qiskit: ae_indep_qiskit_13|ibm_falcon_127
Checkpoint fallback valido: ae_indep_qiskit_13|ibm_falcon_127
Progresso: 1216/1646 checkpoint validi; durata media tentativi 1.1s.
Fallback Qiskit: vqe_indep_tket_11|ibm_falcon_27
Checkpoint fallback valido: vqe_indep_tket_11|ibm_falcon_27
Progresso: 1217/1646 checkpoint validi; durata media tentativi 1.1s.
Fallback Qiskit: dj_indep_qiskit_13|ibm_falcon_127
Checkpoint fallback valido: dj_indep_qiskit_13|ibm_falcon_127
Progresso: 1218/1646 checkpoint validi; durata media tentativi 1.1s.
Fallback Qiskit: wstate_indep_qiskit_11|ibm_falcon_27
Checkpoint fallback valido: wstate_indep_qiskit_11|ibm_falcon_27
Progresso: 1219/1646 checkpoint validi; durata media tentativi 1.1s.
Fallback Qiskit: dj_indep_tket_13|ibm_falcon_127
Checkpoint fallback valido: dj_indep_tket_13|ibm_falcon_127
Progresso: 1220/1646 checkpoint validi; durata media tentativi 1.1s.
Fallback Qiskit: wstate_indep_tket_11|ibm_falcon_27
Checkpoint fallback valido: wstate_indep_tket_11|ibm_falcon_27
Progresso: 1221/1646 checkpoint validi; durata media tentativi 1.1s.
Fallback Qiskit: graphstate_indep_qiskit_13|ibm_falcon_127
Checkpoint fallback valido: graphstate_indep_qiskit_13|ibm_falcon_127
Progresso: 1222/1646 checkpoint validi; durata media tentativi 1.1s.
Fallback Qiskit: ae_indep_qiskit_12|ibm_falcon_27
Checkpoint fallback valido: ae_indep_qiskit_12|ibm_falcon_27
Progresso: 1223/1646 checkpoint validi; durata media tentativi 1.1s.
Fallback Qiskit: graphstate_indep_tket_13|ibm_falcon_127
Checkpoint fallback valido: graphstate_indep_tket_13|ibm_falcon_127
Progresso: 1224/1646 checkpoint validi; durata media tentativi 1.1s.
Fallback Qiskit: ae_indep_tket_12|ibm_falcon_27
Checkpoint fallback valido: ae_indep_tket_12|ibm_falcon_27
Progresso: 1225/1646 checkpoint validi; durata media tentativi 1.1s.
Fallback Qiskit: qaoa_indep_qiskit_13|ibm_falcon_127
Checkpoint fallback valido: qaoa_indep_qiskit_13|ibm_falcon_127
Progresso: 1226/1646 checkpoint validi; durata media tentativi 1.1s.
Fallback Qiskit: dj_indep_qiskit_12|ibm_falcon_27
Checkpoint fallback valido: dj_indep_qiskit_12|ibm_falcon_27
Progresso: 1227/1646 checkpoint validi; durata media tentativi 1.1s.
Fallback Qiskit: qaoa_indep_tket_13|ibm_falcon_127
Checkpoint fallback valido: qaoa_indep_tket_13|ibm_falcon_127
Progresso: 1228/1646 checkpoint validi; durata media tentativi 1.1s.
Fallback Qiskit: dj_indep_tket_12|ibm_falcon_27
Checkpoint fallback valido: dj_indep_tket_12|ibm_falcon_27
Progresso: 1229/1646 checkpoint validi; durata media tentativi 1.1s.
Fallback Qiskit: qft_indep_qiskit_13|ibm_falcon_127
Checkpoint fallback valido: qft_indep_qiskit_13|ibm_falcon_127
Progresso: 1230/1646 checkpoint validi; durata media tentativi 1.1s.
Fallback Qiskit: graphstate_indep_qiskit_12|ibm_falcon_27
Checkpoint fallback valido: graphstate_indep_qiskit_12|ibm_falcon_27
Progresso: 1231/1646 checkpoint validi; durata media tentativi 1.1s.
Fallback Qiskit: qft_indep_tket_13|ibm_falcon_127
Checkpoint fallback valido: qft_indep_tket_13|ibm_falcon_127
Progresso: 1232/1646 checkpoint validi; durata media tentativi 1.1s.
Fallback Qiskit: graphstate_indep_tket_12|ibm_falcon_27
Checkpoint fallback valido: graphstate_indep_tket_12|ibm_falcon_27
Progresso: 1233/1646 checkpoint validi; durata media tentativi 1.1s.
Fallback Qiskit: qftentangled_indep_qiskit_13|ibm_falcon_127
Checkpoint fallback valido: qftentangled_indep_qiskit_13|ibm_falcon_127
Progresso: 1234/1646 checkpoint validi; durata media tentativi 1.1s.
Fallback Qiskit: groundstate_medium_indep_qiskit_12|ibm_falcon_27
Checkpoint fallback valido: groundstate_medium_indep_qiskit_12|ibm_falcon_27
Progresso: 1235/1646 checkpoint validi; durata media tentativi 1.1s.
Fallback Qiskit: qftentangled_indep_tket_13|ibm_falcon_127
Checkpoint fallback valido: qftentangled_indep_tket_13|ibm_falcon_127
Progresso: 1236/1646 checkpoint validi; durata media tentativi 1.1s.
Fallback Qiskit: groundstate_medium_indep_tket_12|ibm_falcon_27
Checkpoint fallback valido: groundstate_medium_indep_tket_12|ibm_falcon_27
Progresso: 1237/1646 checkpoint validi; durata media tentativi 1.1s.
Fallback Qiskit: qpeexact_indep_qiskit_13|ibm_falcon_127
Checkpoint fallback valido: qpeexact_indep_qiskit_13|ibm_falcon_127
Progresso: 1238/1646 checkpoint validi; durata media tentativi 1.1s.
Fallback Qiskit: qaoa_indep_qiskit_12|ibm_falcon_27
Checkpoint fallback valido: qaoa_indep_qiskit_12|ibm_falcon_27
Progresso: 1239/1646 checkpoint validi; durata media tentativi 1.1s.
Fallback Qiskit: qpeexact_indep_tket_13|ibm_falcon_127
Checkpoint fallback valido: qpeexact_indep_tket_13|ibm_falcon_127
Progresso: 1240/1646 checkpoint validi; durata media tentativi 1.1s.
Fallback Qiskit: qaoa_indep_tket_12|ibm_falcon_27
Checkpoint fallback valido: qaoa_indep_tket_12|ibm_falcon_27
Progresso: 1241/1646 checkpoint validi; durata media tentativi 1.1s.
Fallback Qiskit: qpeinexact_indep_qiskit_13|ibm_falcon_127
Checkpoint fallback valido: qpeinexact_indep_qiskit_13|ibm_falcon_127
Progresso: 1242/1646 checkpoint validi; durata media tentativi 1.1s.
Fallback Qiskit: qft_indep_qiskit_12|ibm_falcon_27
Checkpoint fallback valido: qft_indep_qiskit_12|ibm_falcon_27
Progresso: 1243/1646 checkpoint validi; durata media tentativi 1.1s.
Fallback Qiskit: qpeinexact_indep_tket_13|ibm_falcon_127
Checkpoint fallback valido: qpeinexact_indep_tket_13|ibm_falcon_127
Progresso: 1244/1646 checkpoint validi; durata media tentativi 1.1s.
Fallback Qiskit: qft_indep_tket_12|ibm_falcon_27
Checkpoint fallback valido: qft_indep_tket_12|ibm_falcon_27
Progresso: 1245/1646 checkpoint validi; durata media tentativi 1.1s.
Fallback Qiskit: vqe_indep_qiskit_13|ibm_falcon_127
Checkpoint fallback valido: vqe_indep_qiskit_13|ibm_falcon_127
Progresso: 1246/1646 checkpoint validi; durata media tentativi 1.1s.
Fallback Qiskit: qftentangled_indep_qiskit_12|ibm_falcon_27
Checkpoint fallback valido: qftentangled_indep_qiskit_12|ibm_falcon_27
Progresso: 1247/1646 checkpoint validi; durata media tentativi 1.1s.
Fallback Qiskit: vqe_indep_tket_13|ibm_falcon_127
Checkpoint fallback valido: vqe_indep_tket_13|ibm_falcon_127
Progresso: 1248/1646 checkpoint validi; durata media tentativi 1.1s.
Fallback Qiskit: qftentangled_indep_tket_12|ibm_falcon_27
Checkpoint fallback valido: qftentangled_indep_tket_12|ibm_falcon_27
Progresso: 1249/1646 checkpoint validi; durata media tentativi 1.1s.
Fallback Qiskit: wstate_indep_qiskit_13|ibm_falcon_127
Checkpoint fallback valido: wstate_indep_qiskit_13|ibm_falcon_127
Progresso: 1250/1646 checkpoint validi; durata media tentativi 1.1s.
Fallback Qiskit: qpeexact_indep_qiskit_12|ibm_falcon_27
Checkpoint fallback valido: qpeexact_indep_qiskit_12|ibm_falcon_27
Progresso: 1251/1646 checkpoint validi; durata media tentativi 1.1s.
Fallback Qiskit: wstate_indep_tket_13|ibm_falcon_127
Checkpoint fallback valido: wstate_indep_tket_13|ibm_falcon_127
Progresso: 1252/1646 checkpoint validi; durata media tentativi 1.1s.
Fallback Qiskit: qpeexact_indep_tket_12|ibm_falcon_27
Checkpoint fallback valido: qpeexact_indep_tket_12|ibm_falcon_27
Progresso: 1253/1646 checkpoint validi; durata media tentativi 1.1s.
Fallback Qiskit: dj_indep_qiskit_14|ibm_falcon_127
Checkpoint fallback valido: dj_indep_qiskit_14|ibm_falcon_127
Progresso: 1254/1646 checkpoint validi; durata media tentativi 1.1s.
Fallback Qiskit: qpeinexact_indep_qiskit_12|ibm_falcon_27
Checkpoint fallback valido: qpeinexact_indep_qiskit_12|ibm_falcon_27
Progresso: 1255/1646 checkpoint validi; durata media tentativi 1.1s.
Fallback Qiskit: dj_indep_tket_14|ibm_falcon_127
Checkpoint fallback valido: dj_indep_tket_14|ibm_falcon_127
Progresso: 1256/1646 checkpoint validi; durata media tentativi 1.1s.
Fallback Qiskit: qpeinexact_indep_tket_12|ibm_falcon_27
Checkpoint fallback valido: qpeinexact_indep_tket_12|ibm_falcon_27
Progresso: 1257/1646 checkpoint validi; durata media tentativi 1.1s.
Fallback Qiskit: graphstate_indep_qiskit_14|ibm_falcon_127
Checkpoint fallback valido: graphstate_indep_qiskit_14|ibm_falcon_127
Progresso: 1258/1646 checkpoint validi; durata media tentativi 1.1s.
Fallback Qiskit: routing_indep_qiskit_12|ibm_falcon_27
Checkpoint fallback valido: routing_indep_qiskit_12|ibm_falcon_27
Progresso: 1259/1646 checkpoint validi; durata media tentativi 1.1s.
Fallback Qiskit: graphstate_indep_tket_14|ibm_falcon_127
Checkpoint fallback valido: graphstate_indep_tket_14|ibm_falcon_127
Progresso: 1260/1646 checkpoint validi; durata media tentativi 1.1s.
Fallback Qiskit: routing_indep_tket_12|ibm_falcon_27
Checkpoint fallback valido: routing_indep_tket_12|ibm_falcon_27
Progresso: 1261/1646 checkpoint validi; durata media tentativi 1.1s.
Fallback Qiskit: qaoa_indep_qiskit_14|ibm_falcon_127
Checkpoint fallback valido: qaoa_indep_qiskit_14|ibm_falcon_127
Progresso: 1262/1646 checkpoint validi; durata media tentativi 1.1s.
Fallback Qiskit: vqe_indep_qiskit_12|ibm_falcon_27
Checkpoint fallback valido: vqe_indep_qiskit_12|ibm_falcon_27
Progresso: 1263/1646 checkpoint validi; durata media tentativi 1.1s.
Fallback Qiskit: qaoa_indep_tket_14|ibm_falcon_127
Checkpoint fallback valido: qaoa_indep_tket_14|ibm_falcon_127
Progresso: 1264/1646 checkpoint validi; durata media tentativi 1.1s.
Fallback Qiskit: vqe_indep_tket_12|ibm_falcon_27
Checkpoint fallback valido: vqe_indep_tket_12|ibm_falcon_27
Progresso: 1265/1646 checkpoint validi; durata media tentativi 1.1s.
Fallback Qiskit: qft_indep_qiskit_14|ibm_falcon_127
Checkpoint fallback valido: qft_indep_qiskit_14|ibm_falcon_127
Progresso: 1266/1646 checkpoint validi; durata media tentativi 1.1s.
Fallback Qiskit: wstate_indep_qiskit_12|ibm_falcon_27
Checkpoint fallback valido: wstate_indep_qiskit_12|ibm_falcon_27
Progresso: 1267/1646 checkpoint validi; durata media tentativi 1.1s.
Fallback Qiskit: qft_indep_tket_14|ibm_falcon_127
Checkpoint fallback valido: qft_indep_tket_14|ibm_falcon_127
Progresso: 1268/1646 checkpoint validi; durata media tentativi 1.1s.
Fallback Qiskit: wstate_indep_tket_12|ibm_falcon_27
Checkpoint fallback valido: wstate_indep_tket_12|ibm_falcon_27
Progresso: 1269/1646 checkpoint validi; durata media tentativi 1.1s.
Fallback Qiskit: qftentangled_indep_qiskit_14|ibm_falcon_127
Checkpoint fallback valido: qftentangled_indep_qiskit_14|ibm_falcon_127
Progresso: 1270/1646 checkpoint validi; durata media tentativi 1.1s.
Fallback Qiskit: ae_indep_qiskit_13|ibm_falcon_27
Checkpoint fallback valido: ae_indep_qiskit_13|ibm_falcon_27
Progresso: 1271/1646 checkpoint validi; durata media tentativi 1.1s.
Fallback Qiskit: qftentangled_indep_tket_14|ibm_falcon_127
Checkpoint fallback valido: qftentangled_indep_tket_14|ibm_falcon_127
Progresso: 1272/1646 checkpoint validi; durata media tentativi 1.1s.
Fallback Qiskit: dj_indep_qiskit_13|ibm_falcon_27
Checkpoint fallback valido: dj_indep_qiskit_13|ibm_falcon_27
Progresso: 1273/1646 checkpoint validi; durata media tentativi 1.1s.
Fallback Qiskit: qpeexact_indep_qiskit_14|ibm_falcon_127
Checkpoint fallback valido: qpeexact_indep_qiskit_14|ibm_falcon_127
Progresso: 1274/1646 checkpoint validi; durata media tentativi 1.1s.
Fallback Qiskit: dj_indep_tket_13|ibm_falcon_27
Checkpoint fallback valido: dj_indep_tket_13|ibm_falcon_27
Progresso: 1275/1646 checkpoint validi; durata media tentativi 1.1s.
Fallback Qiskit: qpeexact_indep_tket_14|ibm_falcon_127
Checkpoint fallback valido: qpeexact_indep_tket_14|ibm_falcon_127
Progresso: 1276/1646 checkpoint validi; durata media tentativi 1.1s.
Fallback Qiskit: graphstate_indep_qiskit_13|ibm_falcon_27
Checkpoint fallback valido: graphstate_indep_qiskit_13|ibm_falcon_27
Progresso: 1277/1646 checkpoint validi; durata media tentativi 1.1s.
Fallback Qiskit: qpeinexact_indep_qiskit_14|ibm_falcon_127
Checkpoint fallback valido: qpeinexact_indep_qiskit_14|ibm_falcon_127
Progresso: 1278/1646 checkpoint validi; durata media tentativi 1.1s.
Fallback Qiskit: graphstate_indep_tket_13|ibm_falcon_27
Checkpoint fallback valido: graphstate_indep_tket_13|ibm_falcon_27
Progresso: 1279/1646 checkpoint validi; durata media tentativi 1.1s.
Fallback Qiskit: qpeinexact_indep_tket_14|ibm_falcon_127
Checkpoint fallback valido: qpeinexact_indep_tket_14|ibm_falcon_127
Progresso: 1280/1646 checkpoint validi; durata media tentativi 1.1s.
Fallback Qiskit: qaoa_indep_qiskit_13|ibm_falcon_27
Checkpoint fallback valido: qaoa_indep_qiskit_13|ibm_falcon_27
Progresso: 1281/1646 checkpoint validi; durata media tentativi 1.1s.
Fallback Qiskit: vqe_indep_qiskit_14|ibm_falcon_127
Checkpoint fallback valido: vqe_indep_qiskit_14|ibm_falcon_127
Progresso: 1282/1646 checkpoint validi; durata media tentativi 1.1s.
Fallback Qiskit: qaoa_indep_tket_13|ibm_falcon_27
Checkpoint fallback valido: qaoa_indep_tket_13|ibm_falcon_27
Progresso: 1283/1646 checkpoint validi; durata media tentativi 1.1s.
Fallback Qiskit: vqe_indep_tket_14|ibm_falcon_127
Checkpoint fallback valido: vqe_indep_tket_14|ibm_falcon_127
Progresso: 1284/1646 checkpoint validi; durata media tentativi 1.1s.
Fallback Qiskit: qft_indep_qiskit_13|ibm_falcon_27
Checkpoint fallback valido: qft_indep_qiskit_13|ibm_falcon_27
Progresso: 1285/1646 checkpoint validi; durata media tentativi 1.1s.
Fallback Qiskit: wstate_indep_qiskit_14|ibm_falcon_127
Checkpoint fallback valido: wstate_indep_qiskit_14|ibm_falcon_127
Progresso: 1286/1646 checkpoint validi; durata media tentativi 1.1s.
Fallback Qiskit: qft_indep_tket_13|ibm_falcon_27
Checkpoint fallback valido: qft_indep_tket_13|ibm_falcon_27
Progresso: 1287/1646 checkpoint validi; durata media tentativi 1.1s.
Fallback Qiskit: wstate_indep_tket_14|ibm_falcon_127
Checkpoint fallback valido: wstate_indep_tket_14|ibm_falcon_127
Progresso: 1288/1646 checkpoint validi; durata media tentativi 1.1s.
Fallback Qiskit: qftentangled_indep_qiskit_13|ibm_falcon_27
Checkpoint fallback valido: qftentangled_indep_qiskit_13|ibm_falcon_27
Progresso: 1289/1646 checkpoint validi; durata media tentativi 1.1s.
Fallback Qiskit: dj_indep_qiskit_15|ibm_falcon_127
Checkpoint fallback valido: dj_indep_qiskit_15|ibm_falcon_127
Progresso: 1290/1646 checkpoint validi; durata media tentativi 1.1s.
Fallback Qiskit: qftentangled_indep_tket_13|ibm_falcon_27
Checkpoint fallback valido: qftentangled_indep_tket_13|ibm_falcon_27
Progresso: 1291/1646 checkpoint validi; durata media tentativi 1.1s.
Fallback Qiskit: dj_indep_tket_15|ibm_falcon_127
Checkpoint fallback valido: dj_indep_tket_15|ibm_falcon_127
Progresso: 1292/1646 checkpoint validi; durata media tentativi 1.1s.
Fallback Qiskit: qpeexact_indep_qiskit_13|ibm_falcon_27
Checkpoint fallback valido: qpeexact_indep_qiskit_13|ibm_falcon_27
Progresso: 1293/1646 checkpoint validi; durata media tentativi 1.1s.
Fallback Qiskit: graphstate_indep_qiskit_15|ibm_falcon_127
Checkpoint fallback valido: graphstate_indep_qiskit_15|ibm_falcon_127
Progresso: 1294/1646 checkpoint validi; durata media tentativi 1.1s.
Fallback Qiskit: qpeexact_indep_tket_13|ibm_falcon_27
Checkpoint fallback valido: qpeexact_indep_tket_13|ibm_falcon_27
Progresso: 1295/1646 checkpoint validi; durata media tentativi 1.1s.
Fallback Qiskit: graphstate_indep_tket_15|ibm_falcon_127
Checkpoint fallback valido: graphstate_indep_tket_15|ibm_falcon_127
Progresso: 1296/1646 checkpoint validi; durata media tentativi 1.1s.
Fallback Qiskit: qpeinexact_indep_qiskit_13|ibm_falcon_27
Checkpoint fallback valido: qpeinexact_indep_qiskit_13|ibm_falcon_27
Progresso: 1297/1646 checkpoint validi; durata media tentativi 1.1s.
Fallback Qiskit: qft_indep_qiskit_15|ibm_falcon_127
Checkpoint fallback valido: qft_indep_qiskit_15|ibm_falcon_127
Progresso: 1298/1646 checkpoint validi; durata media tentativi 1.1s.
Fallback Qiskit: qpeinexact_indep_tket_13|ibm_falcon_27
Checkpoint fallback valido: qpeinexact_indep_tket_13|ibm_falcon_27
Progresso: 1299/1646 checkpoint validi; durata media tentativi 1.1s.
Fallback Qiskit: qftentangled_indep_qiskit_15|ibm_falcon_127
Checkpoint fallback valido: qftentangled_indep_qiskit_15|ibm_falcon_127
Progresso: 1300/1646 checkpoint validi; durata media tentativi 1.1s.
Fallback Qiskit: vqe_indep_qiskit_13|ibm_falcon_27
Checkpoint fallback valido: vqe_indep_qiskit_13|ibm_falcon_27
Progresso: 1301/1646 checkpoint validi; durata media tentativi 1.1s.
Fallback Qiskit: qpeexact_indep_qiskit_15|ibm_falcon_127
Checkpoint fallback valido: qpeexact_indep_qiskit_15|ibm_falcon_127
Progresso: 1302/1646 checkpoint validi; durata media tentativi 1.1s.
Fallback Qiskit: vqe_indep_tket_13|ibm_falcon_27
Checkpoint fallback valido: vqe_indep_tket_13|ibm_falcon_27
Progresso: 1303/1646 checkpoint validi; durata media tentativi 1.1s.
Fallback Qiskit: qpeexact_indep_tket_15|ibm_falcon_127
Checkpoint fallback valido: qpeexact_indep_tket_15|ibm_falcon_127
Progresso: 1304/1646 checkpoint validi; durata media tentativi 1.1s.
Fallback Qiskit: wstate_indep_qiskit_13|ibm_falcon_27
Checkpoint fallback valido: wstate_indep_qiskit_13|ibm_falcon_27
Progresso: 1305/1646 checkpoint validi; durata media tentativi 1.1s.
Fallback Qiskit: qpeinexact_indep_qiskit_15|ibm_falcon_127
Checkpoint fallback valido: qpeinexact_indep_qiskit_15|ibm_falcon_127
Progresso: 1306/1646 checkpoint validi; durata media tentativi 1.1s.
Fallback Qiskit: wstate_indep_tket_13|ibm_falcon_27
Checkpoint fallback valido: wstate_indep_tket_13|ibm_falcon_27
Progresso: 1307/1646 checkpoint validi; durata media tentativi 1.1s.
Fallback Qiskit: qpeinexact_indep_tket_15|ibm_falcon_127
Checkpoint fallback valido: qpeinexact_indep_tket_15|ibm_falcon_127
Progresso: 1308/1646 checkpoint validi; durata media tentativi 1.1s.
Fallback Qiskit: dj_indep_qiskit_14|ibm_falcon_27
Checkpoint fallback valido: dj_indep_qiskit_14|ibm_falcon_27
Progresso: 1309/1646 checkpoint validi; durata media tentativi 1.1s.
Fallback Qiskit: vqe_indep_qiskit_15|ibm_falcon_127
Checkpoint fallback valido: vqe_indep_qiskit_15|ibm_falcon_127
Progresso: 1310/1646 checkpoint validi; durata media tentativi 1.1s.
Fallback Qiskit: dj_indep_tket_14|ibm_falcon_27
Checkpoint fallback valido: dj_indep_tket_14|ibm_falcon_27
Progresso: 1311/1646 checkpoint validi; durata media tentativi 1.1s.
Fallback Qiskit: vqe_indep_tket_15|ibm_falcon_127
Checkpoint fallback valido: vqe_indep_tket_15|ibm_falcon_127
Progresso: 1312/1646 checkpoint validi; durata media tentativi 1.1s.
Fallback Qiskit: graphstate_indep_qiskit_14|ibm_falcon_27
Checkpoint fallback valido: graphstate_indep_qiskit_14|ibm_falcon_27
Progresso: 1313/1646 checkpoint validi; durata media tentativi 1.1s.
Fallback Qiskit: wstate_indep_qiskit_15|ibm_falcon_127
Checkpoint fallback valido: wstate_indep_qiskit_15|ibm_falcon_127
Progresso: 1314/1646 checkpoint validi; durata media tentativi 1.1s.
Fallback Qiskit: graphstate_indep_tket_14|ibm_falcon_27
Checkpoint fallback valido: graphstate_indep_tket_14|ibm_falcon_27
Progresso: 1315/1646 checkpoint validi; durata media tentativi 1.1s.
Fallback Qiskit: wstate_indep_tket_15|ibm_falcon_127
Checkpoint fallback valido: wstate_indep_tket_15|ibm_falcon_127
Progresso: 1316/1646 checkpoint validi; durata media tentativi 1.1s.
Fallback Qiskit: qaoa_indep_qiskit_14|ibm_falcon_27
Checkpoint fallback valido: qaoa_indep_qiskit_14|ibm_falcon_27
Progresso: 1317/1646 checkpoint validi; durata media tentativi 1.1s.
Fallback Qiskit: dj_indep_qiskit_16|ibm_falcon_127
Checkpoint fallback valido: dj_indep_qiskit_16|ibm_falcon_127
Progresso: 1318/1646 checkpoint validi; durata media tentativi 1.1s.
Fallback Qiskit: qaoa_indep_tket_14|ibm_falcon_27
Checkpoint fallback valido: qaoa_indep_tket_14|ibm_falcon_27
Progresso: 1319/1646 checkpoint validi; durata media tentativi 1.1s.
Fallback Qiskit: dj_indep_tket_16|ibm_falcon_127
Checkpoint fallback valido: dj_indep_tket_16|ibm_falcon_127
Progresso: 1320/1646 checkpoint validi; durata media tentativi 1.1s.
Fallback Qiskit: qft_indep_qiskit_14|ibm_falcon_27
Checkpoint fallback valido: qft_indep_qiskit_14|ibm_falcon_27
Progresso: 1321/1646 checkpoint validi; durata media tentativi 1.1s.
Fallback Qiskit: graphstate_indep_qiskit_16|ibm_falcon_127
Checkpoint fallback valido: graphstate_indep_qiskit_16|ibm_falcon_127
Progresso: 1322/1646 checkpoint validi; durata media tentativi 1.1s.
Fallback Qiskit: qft_indep_tket_14|ibm_falcon_27
Checkpoint fallback valido: qft_indep_tket_14|ibm_falcon_27
Progresso: 1323/1646 checkpoint validi; durata media tentativi 1.1s.
Fallback Qiskit: graphstate_indep_tket_16|ibm_falcon_127
Checkpoint fallback valido: graphstate_indep_tket_16|ibm_falcon_127
Progresso: 1324/1646 checkpoint validi; durata media tentativi 1.1s.
Fallback Qiskit: qftentangled_indep_qiskit_14|ibm_falcon_27
Checkpoint fallback valido: qftentangled_indep_qiskit_14|ibm_falcon_27
Progresso: 1325/1646 checkpoint validi; durata media tentativi 1.1s.
Fallback Qiskit: qft_indep_qiskit_16|ibm_falcon_127
Checkpoint fallback valido: qft_indep_qiskit_16|ibm_falcon_127
Progresso: 1326/1646 checkpoint validi; durata media tentativi 1.1s.
Fallback Qiskit: qftentangled_indep_tket_14|ibm_falcon_27
Checkpoint fallback valido: qftentangled_indep_tket_14|ibm_falcon_27
Progresso: 1327/1646 checkpoint validi; durata media tentativi 1.1s.
Fallback Qiskit: qftentangled_indep_qiskit_16|ibm_falcon_127
Checkpoint fallback valido: qftentangled_indep_qiskit_16|ibm_falcon_127
Progresso: 1328/1646 checkpoint validi; durata media tentativi 1.1s.
Fallback Qiskit: qpeexact_indep_qiskit_14|ibm_falcon_27
Checkpoint fallback valido: qpeexact_indep_qiskit_14|ibm_falcon_27
Progresso: 1329/1646 checkpoint validi; durata media tentativi 1.1s.
Fallback Qiskit: qpeexact_indep_qiskit_16|ibm_falcon_127
Checkpoint fallback valido: qpeexact_indep_qiskit_16|ibm_falcon_127
Progresso: 1330/1646 checkpoint validi; durata media tentativi 1.1s.
Fallback Qiskit: qpeexact_indep_tket_14|ibm_falcon_27
Checkpoint fallback valido: qpeexact_indep_tket_14|ibm_falcon_27
Progresso: 1331/1646 checkpoint validi; durata media tentativi 1.1s.
Fallback Qiskit: qpeinexact_indep_qiskit_16|ibm_falcon_127
Checkpoint fallback valido: qpeinexact_indep_qiskit_16|ibm_falcon_127
Progresso: 1332/1646 checkpoint validi; durata media tentativi 1.1s.
Fallback Qiskit: qpeinexact_indep_qiskit_14|ibm_falcon_27
Fallback Qiskit: vqe_indep_qiskit_16|ibm_falcon_127
Checkpoint fallback valido: qpeinexact_indep_qiskit_14|ibm_falcon_27
Progresso: 1333/1646 checkpoint validi; durata media tentativi 1.1s.
Checkpoint fallback valido: vqe_indep_qiskit_16|ibm_falcon_127
Progresso: 1334/1646 checkpoint validi; durata media tentativi 1.1s.
Fallback Qiskit: qpeinexact_indep_tket_14|ibm_falcon_27
Fallback Qiskit: vqe_indep_tket_16|ibm_falcon_127
Checkpoint fallback valido: qpeinexact_indep_tket_14|ibm_falcon_27
Progresso: 1335/1646 checkpoint validi; durata media tentativi 1.1s.
Checkpoint fallback valido: vqe_indep_tket_16|ibm_falcon_127
Progresso: 1336/1646 checkpoint validi; durata media tentativi 1.1s.
Fallback Qiskit: wstate_indep_qiskit_16|ibm_falcon_127
Fallback Qiskit: vqe_indep_qiskit_14|ibm_falcon_27
Checkpoint fallback valido: wstate_indep_qiskit_16|ibm_falcon_127
Progresso: 1337/1646 checkpoint validi; durata media tentativi 1.1s.
Checkpoint fallback valido: vqe_indep_qiskit_14|ibm_falcon_27
Progresso: 1338/1646 checkpoint validi; durata media tentativi 1.1s.
Fallback Qiskit: wstate_indep_tket_16|ibm_falcon_127
Checkpoint fallback valido: wstate_indep_tket_16|ibm_falcon_127
Progresso: 1339/1646 checkpoint validi; durata media tentativi 1.1s.
Fallback Qiskit: vqe_indep_tket_14|ibm_falcon_27
Checkpoint fallback valido: vqe_indep_tket_14|ibm_falcon_27
Progresso: 1340/1646 checkpoint validi; durata media tentativi 1.1s.
Fallback Qiskit: dj_indep_qiskit_17|ibm_falcon_127
Checkpoint fallback valido: dj_indep_qiskit_17|ibm_falcon_127
Progresso: 1341/1646 checkpoint validi; durata media tentativi 1.1s.
Fallback Qiskit: wstate_indep_qiskit_14|ibm_falcon_27
Checkpoint fallback valido: wstate_indep_qiskit_14|ibm_falcon_27
Progresso: 1342/1646 checkpoint validi; durata media tentativi 1.1s.
Fallback Qiskit: dj_indep_tket_17|ibm_falcon_127
Checkpoint fallback valido: dj_indep_tket_17|ibm_falcon_127
Progresso: 1343/1646 checkpoint validi; durata media tentativi 1.1s.
Fallback Qiskit: wstate_indep_tket_14|ibm_falcon_27
Checkpoint fallback valido: wstate_indep_tket_14|ibm_falcon_27
Progresso: 1344/1646 checkpoint validi; durata media tentativi 1.1s.
Fallback Qiskit: graphstate_indep_qiskit_17|ibm_falcon_127
Checkpoint fallback valido: graphstate_indep_qiskit_17|ibm_falcon_127
Progresso: 1345/1646 checkpoint validi; durata media tentativi 1.1s.
Fallback Qiskit: dj_indep_qiskit_15|ibm_falcon_27
Checkpoint fallback valido: dj_indep_qiskit_15|ibm_falcon_27
Progresso: 1346/1646 checkpoint validi; durata media tentativi 1.1s.
Fallback Qiskit: graphstate_indep_tket_17|ibm_falcon_127
Checkpoint fallback valido: graphstate_indep_tket_17|ibm_falcon_127
Progresso: 1347/1646 checkpoint validi; durata media tentativi 1.1s.
Fallback Qiskit: dj_indep_tket_15|ibm_falcon_27
Checkpoint fallback valido: dj_indep_tket_15|ibm_falcon_27
Progresso: 1348/1646 checkpoint validi; durata media tentativi 1.1s.
Fallback Qiskit: qft_indep_qiskit_17|ibm_falcon_127
Fallback Qiskit: graphstate_indep_qiskit_15|ibm_falcon_27
Checkpoint fallback valido: graphstate_indep_qiskit_15|ibm_falcon_27
Progresso: 1349/1646 checkpoint validi; durata media tentativi 1.1s.
Checkpoint fallback valido: qft_indep_qiskit_17|ibm_falcon_127
Progresso: 1350/1646 checkpoint validi; durata media tentativi 1.1s.
Fallback Qiskit: graphstate_indep_tket_15|ibm_falcon_27
Checkpoint fallback valido: graphstate_indep_tket_15|ibm_falcon_27
Progresso: 1351/1646 checkpoint validi; durata media tentativi 1.1s.
Fallback Qiskit: wstate_indep_qiskit_17|ibm_falcon_127
Checkpoint fallback valido: wstate_indep_qiskit_17|ibm_falcon_127
Progresso: 1352/1646 checkpoint validi; durata media tentativi 1.1s.
Fallback Qiskit: qft_indep_qiskit_15|ibm_falcon_27
Checkpoint fallback valido: qft_indep_qiskit_15|ibm_falcon_27
Progresso: 1353/1646 checkpoint validi; durata media tentativi 1.1s.
Fallback Qiskit: wstate_indep_tket_17|ibm_falcon_127
Checkpoint fallback valido: wstate_indep_tket_17|ibm_falcon_127
Progresso: 1354/1646 checkpoint validi; durata media tentativi 1.1s.
Fallback Qiskit: qftentangled_indep_qiskit_15|ibm_falcon_27
Checkpoint fallback valido: qftentangled_indep_qiskit_15|ibm_falcon_27
Progresso: 1355/1646 checkpoint validi; durata media tentativi 1.1s.
Fallback Qiskit: dj_indep_qiskit_18|ibm_falcon_127
Checkpoint fallback valido: dj_indep_qiskit_18|ibm_falcon_127
Progresso: 1356/1646 checkpoint validi; durata media tentativi 1.1s.
Fallback Qiskit: qpeexact_indep_qiskit_15|ibm_falcon_27
Fallback Qiskit: dj_indep_tket_18|ibm_falcon_127
Checkpoint fallback valido: qpeexact_indep_qiskit_15|ibm_falcon_27
Progresso: 1357/1646 checkpoint validi; durata media tentativi 1.1s.
Checkpoint fallback valido: dj_indep_tket_18|ibm_falcon_127
Progresso: 1358/1646 checkpoint validi; durata media tentativi 1.1s.
Fallback Qiskit: qpeexact_indep_tket_15|ibm_falcon_27
Fallback Qiskit: graphstate_indep_qiskit_18|ibm_falcon_127
Checkpoint fallback valido: qpeexact_indep_tket_15|ibm_falcon_27
Progresso: 1359/1646 checkpoint validi; durata media tentativi 1.1s.
Checkpoint fallback valido: graphstate_indep_qiskit_18|ibm_falcon_127
Progresso: 1360/1646 checkpoint validi; durata media tentativi 1.1s.
Fallback Qiskit: graphstate_indep_tket_18|ibm_falcon_127
Fallback Qiskit: qpeinexact_indep_qiskit_15|ibm_falcon_27
Checkpoint fallback valido: graphstate_indep_tket_18|ibm_falcon_127
Progresso: 1361/1646 checkpoint validi; durata media tentativi 1.1s.
Checkpoint fallback valido: qpeinexact_indep_qiskit_15|ibm_falcon_27
Progresso: 1362/1646 checkpoint validi; durata media tentativi 1.1s.
Fallback Qiskit: wstate_indep_qiskit_18|ibm_falcon_127
Checkpoint fallback valido: wstate_indep_qiskit_18|ibm_falcon_127
Progresso: 1363/1646 checkpoint validi; durata media tentativi 1.1s.
Fallback Qiskit: qpeinexact_indep_tket_15|ibm_falcon_27
Checkpoint fallback valido: qpeinexact_indep_tket_15|ibm_falcon_27
Progresso: 1364/1646 checkpoint validi; durata media tentativi 1.1s.
Fallback Qiskit: wstate_indep_tket_18|ibm_falcon_127
Checkpoint fallback valido: wstate_indep_tket_18|ibm_falcon_127
Progresso: 1365/1646 checkpoint validi; durata media tentativi 1.1s.
Fallback Qiskit: vqe_indep_qiskit_15|ibm_falcon_27
Checkpoint fallback valido: vqe_indep_qiskit_15|ibm_falcon_27
Progresso: 1366/1646 checkpoint validi; durata media tentativi 1.1s.
Fallback Qiskit: dj_indep_qiskit_19|ibm_falcon_127
Checkpoint fallback valido: dj_indep_qiskit_19|ibm_falcon_127
Progresso: 1367/1646 checkpoint validi; durata media tentativi 1.1s.
Fallback Qiskit: vqe_indep_tket_15|ibm_falcon_27
Checkpoint fallback valido: vqe_indep_tket_15|ibm_falcon_27
Progresso: 1368/1646 checkpoint validi; durata media tentativi 1.1s.
Fallback Qiskit: dj_indep_tket_19|ibm_falcon_127
Checkpoint fallback valido: dj_indep_tket_19|ibm_falcon_127
Progresso: 1369/1646 checkpoint validi; durata media tentativi 1.1s.
Fallback Qiskit: wstate_indep_qiskit_15|ibm_falcon_27
Checkpoint fallback valido: wstate_indep_qiskit_15|ibm_falcon_27
Progresso: 1370/1646 checkpoint validi; durata media tentativi 1.1s.
Fallback Qiskit: graphstate_indep_qiskit_19|ibm_falcon_127
Checkpoint fallback valido: graphstate_indep_qiskit_19|ibm_falcon_127
Progresso: 1371/1646 checkpoint validi; durata media tentativi 1.1s.
Fallback Qiskit: wstate_indep_tket_15|ibm_falcon_27
Checkpoint fallback valido: wstate_indep_tket_15|ibm_falcon_27
Progresso: 1372/1646 checkpoint validi; durata media tentativi 1.1s.
Fallback Qiskit: graphstate_indep_tket_19|ibm_falcon_127
Checkpoint fallback valido: graphstate_indep_tket_19|ibm_falcon_127
Progresso: 1373/1646 checkpoint validi; durata media tentativi 1.1s.
Fallback Qiskit: dj_indep_qiskit_16|ibm_falcon_27
Checkpoint fallback valido: dj_indep_qiskit_16|ibm_falcon_27
Progresso: 1374/1646 checkpoint validi; durata media tentativi 1.1s.
Fallback Qiskit: wstate_indep_qiskit_19|ibm_falcon_127
Checkpoint fallback valido: wstate_indep_qiskit_19|ibm_falcon_127
Progresso: 1375/1646 checkpoint validi; durata media tentativi 1.1s.
Fallback Qiskit: dj_indep_tket_16|ibm_falcon_27
Checkpoint fallback valido: dj_indep_tket_16|ibm_falcon_27
Progresso: 1376/1646 checkpoint validi; durata media tentativi 1.1s.
Fallback Qiskit: wstate_indep_tket_19|ibm_falcon_127
Checkpoint fallback valido: wstate_indep_tket_19|ibm_falcon_127
Progresso: 1377/1646 checkpoint validi; durata media tentativi 1.1s.
Fallback Qiskit: graphstate_indep_qiskit_16|ibm_falcon_27
Checkpoint fallback valido: graphstate_indep_qiskit_16|ibm_falcon_27
Progresso: 1378/1646 checkpoint validi; durata media tentativi 1.1s.
Fallback Qiskit: dj_indep_qiskit_20|ibm_falcon_127
Checkpoint fallback valido: dj_indep_qiskit_20|ibm_falcon_127
Progresso: 1379/1646 checkpoint validi; durata media tentativi 1.1s.
Fallback Qiskit: graphstate_indep_tket_16|ibm_falcon_27
Checkpoint fallback valido: graphstate_indep_tket_16|ibm_falcon_27
Progresso: 1380/1646 checkpoint validi; durata media tentativi 1.1s.
Fallback Qiskit: dj_indep_tket_20|ibm_falcon_127
Checkpoint fallback valido: dj_indep_tket_20|ibm_falcon_127
Progresso: 1381/1646 checkpoint validi; durata media tentativi 1.1s.
Fallback Qiskit: qft_indep_qiskit_16|ibm_falcon_27
Checkpoint fallback valido: qft_indep_qiskit_16|ibm_falcon_27
Progresso: 1382/1646 checkpoint validi; durata media tentativi 1.1s.
Fallback Qiskit: graphstate_indep_qiskit_20|ibm_falcon_127
Checkpoint fallback valido: graphstate_indep_qiskit_20|ibm_falcon_127
Progresso: 1383/1646 checkpoint validi; durata media tentativi 1.1s.
Fallback Qiskit: qftentangled_indep_qiskit_16|ibm_falcon_27
Checkpoint fallback valido: qftentangled_indep_qiskit_16|ibm_falcon_27
Progresso: 1384/1646 checkpoint validi; durata media tentativi 1.1s.
Fallback Qiskit: graphstate_indep_tket_20|ibm_falcon_127
Checkpoint fallback valido: graphstate_indep_tket_20|ibm_falcon_127
Progresso: 1385/1646 checkpoint validi; durata media tentativi 1.1s.
Fallback Qiskit: qpeexact_indep_qiskit_16|ibm_falcon_27
Checkpoint fallback valido: qpeexact_indep_qiskit_16|ibm_falcon_27
Progresso: 1386/1646 checkpoint validi; durata media tentativi 1.1s.
Fallback Qiskit: wstate_indep_qiskit_20|ibm_falcon_127
Checkpoint fallback valido: wstate_indep_qiskit_20|ibm_falcon_127
Progresso: 1387/1646 checkpoint validi; durata media tentativi 1.1s.
Fallback Qiskit: qpeinexact_indep_qiskit_16|ibm_falcon_27
Checkpoint fallback valido: qpeinexact_indep_qiskit_16|ibm_falcon_27
Progresso: 1388/1646 checkpoint validi; durata media tentativi 1.1s.
Fallback Qiskit: wstate_indep_tket_20|ibm_falcon_127
Checkpoint fallback valido: wstate_indep_tket_20|ibm_falcon_127
Progresso: 1389/1646 checkpoint validi; durata media tentativi 1.1s.
Fallback Qiskit: vqe_indep_qiskit_16|ibm_falcon_27
Checkpoint fallback valido: vqe_indep_qiskit_16|ibm_falcon_27
Progresso: 1390/1646 checkpoint validi; durata media tentativi 1.1s.
Fallback Qiskit: dj_indep_qiskit_21|ibm_falcon_127
Checkpoint fallback valido: dj_indep_qiskit_21|ibm_falcon_127
Progresso: 1391/1646 checkpoint validi; durata media tentativi 1.1s.
Fallback Qiskit: vqe_indep_tket_16|ibm_falcon_27
Checkpoint fallback valido: vqe_indep_tket_16|ibm_falcon_27
Progresso: 1392/1646 checkpoint validi; durata media tentativi 1.1s.
Fallback Qiskit: dj_indep_tket_21|ibm_falcon_127
Checkpoint fallback valido: dj_indep_tket_21|ibm_falcon_127
Progresso: 1393/1646 checkpoint validi; durata media tentativi 1.1s.
Fallback Qiskit: wstate_indep_qiskit_16|ibm_falcon_27
Checkpoint fallback valido: wstate_indep_qiskit_16|ibm_falcon_27
Progresso: 1394/1646 checkpoint validi; durata media tentativi 1.1s.
Fallback Qiskit: graphstate_indep_qiskit_21|ibm_falcon_127
Checkpoint fallback valido: graphstate_indep_qiskit_21|ibm_falcon_127
Progresso: 1395/1646 checkpoint validi; durata media tentativi 1.1s.
Fallback Qiskit: wstate_indep_tket_16|ibm_falcon_27
Checkpoint fallback valido: wstate_indep_tket_16|ibm_falcon_27
Progresso: 1396/1646 checkpoint validi; durata media tentativi 1.1s.
Fallback Qiskit: graphstate_indep_tket_21|ibm_falcon_127
Checkpoint fallback valido: graphstate_indep_tket_21|ibm_falcon_127
Progresso: 1397/1646 checkpoint validi; durata media tentativi 1.1s.
Fallback Qiskit: dj_indep_qiskit_17|ibm_falcon_27
Checkpoint fallback valido: dj_indep_qiskit_17|ibm_falcon_27
Progresso: 1398/1646 checkpoint validi; durata media tentativi 1.1s.
Fallback Qiskit: wstate_indep_qiskit_21|ibm_falcon_127
Checkpoint fallback valido: wstate_indep_qiskit_21|ibm_falcon_127
Progresso: 1399/1646 checkpoint validi; durata media tentativi 1.1s.
Fallback Qiskit: dj_indep_tket_17|ibm_falcon_27
Checkpoint fallback valido: dj_indep_tket_17|ibm_falcon_27
Progresso: 1400/1646 checkpoint validi; durata media tentativi 1.1s.
Fallback Qiskit: wstate_indep_tket_21|ibm_falcon_127
Checkpoint fallback valido: wstate_indep_tket_21|ibm_falcon_127
Progresso: 1401/1646 checkpoint validi; durata media tentativi 1.1s.
Fallback Qiskit: graphstate_indep_qiskit_17|ibm_falcon_27
Checkpoint fallback valido: graphstate_indep_qiskit_17|ibm_falcon_27
Progresso: 1402/1646 checkpoint validi; durata media tentativi 1.1s.
Fallback Qiskit: dj_indep_qiskit_22|ibm_falcon_127
Checkpoint fallback valido: dj_indep_qiskit_22|ibm_falcon_127
Progresso: 1403/1646 checkpoint validi; durata media tentativi 1.1s.
Fallback Qiskit: graphstate_indep_tket_17|ibm_falcon_27
Checkpoint fallback valido: graphstate_indep_tket_17|ibm_falcon_27
Progresso: 1404/1646 checkpoint validi; durata media tentativi 1.1s.
Fallback Qiskit: dj_indep_tket_22|ibm_falcon_127
Checkpoint fallback valido: dj_indep_tket_22|ibm_falcon_127
Progresso: 1405/1646 checkpoint validi; durata media tentativi 1.1s.
Fallback Qiskit: qft_indep_qiskit_17|ibm_falcon_27
Checkpoint fallback valido: qft_indep_qiskit_17|ibm_falcon_27
Progresso: 1406/1646 checkpoint validi; durata media tentativi 1.1s.
Fallback Qiskit: graphstate_indep_qiskit_22|ibm_falcon_127
Checkpoint fallback valido: graphstate_indep_qiskit_22|ibm_falcon_127
Progresso: 1407/1646 checkpoint validi; durata media tentativi 1.1s.
Fallback Qiskit: wstate_indep_qiskit_17|ibm_falcon_27
Checkpoint fallback valido: wstate_indep_qiskit_17|ibm_falcon_27
Progresso: 1408/1646 checkpoint validi; durata media tentativi 1.1s.
Fallback Qiskit: graphstate_indep_tket_22|ibm_falcon_127
Checkpoint fallback valido: graphstate_indep_tket_22|ibm_falcon_127
Progresso: 1409/1646 checkpoint validi; durata media tentativi 1.1s.
Fallback Qiskit: wstate_indep_tket_17|ibm_falcon_27
Checkpoint fallback valido: wstate_indep_tket_17|ibm_falcon_27
Progresso: 1410/1646 checkpoint validi; durata media tentativi 1.1s.
Fallback Qiskit: wstate_indep_qiskit_22|ibm_falcon_127
Checkpoint fallback valido: wstate_indep_qiskit_22|ibm_falcon_127
Progresso: 1411/1646 checkpoint validi; durata media tentativi 1.1s.
Fallback Qiskit: dj_indep_qiskit_18|ibm_falcon_27
Checkpoint fallback valido: dj_indep_qiskit_18|ibm_falcon_27
Progresso: 1412/1646 checkpoint validi; durata media tentativi 1.1s.
Fallback Qiskit: wstate_indep_tket_22|ibm_falcon_127
Checkpoint fallback valido: wstate_indep_tket_22|ibm_falcon_127
Progresso: 1413/1646 checkpoint validi; durata media tentativi 1.1s.
Fallback Qiskit: dj_indep_tket_18|ibm_falcon_27
Checkpoint fallback valido: dj_indep_tket_18|ibm_falcon_27
Progresso: 1414/1646 checkpoint validi; durata media tentativi 1.1s.
Fallback Qiskit: dj_indep_qiskit_23|ibm_falcon_127
Checkpoint fallback valido: dj_indep_qiskit_23|ibm_falcon_127
Progresso: 1415/1646 checkpoint validi; durata media tentativi 1.1s.
Fallback Qiskit: graphstate_indep_qiskit_18|ibm_falcon_27
Checkpoint fallback valido: graphstate_indep_qiskit_18|ibm_falcon_27
Progresso: 1416/1646 checkpoint validi; durata media tentativi 1.1s.
Fallback Qiskit: dj_indep_tket_23|ibm_falcon_127
Checkpoint fallback valido: dj_indep_tket_23|ibm_falcon_127
Progresso: 1417/1646 checkpoint validi; durata media tentativi 1.1s.
Fallback Qiskit: graphstate_indep_tket_18|ibm_falcon_27
Checkpoint fallback valido: graphstate_indep_tket_18|ibm_falcon_27
Progresso: 1418/1646 checkpoint validi; durata media tentativi 1.1s.
Fallback Qiskit: graphstate_indep_qiskit_23|ibm_falcon_127
Checkpoint fallback valido: graphstate_indep_qiskit_23|ibm_falcon_127
Progresso: 1419/1646 checkpoint validi; durata media tentativi 1.1s.
Fallback Qiskit: wstate_indep_qiskit_18|ibm_falcon_27
Checkpoint fallback valido: wstate_indep_qiskit_18|ibm_falcon_27
Progresso: 1420/1646 checkpoint validi; durata media tentativi 1.1s.
Fallback Qiskit: graphstate_indep_tket_23|ibm_falcon_127
Checkpoint fallback valido: graphstate_indep_tket_23|ibm_falcon_127
Progresso: 1421/1646 checkpoint validi; durata media tentativi 1.1s.
Fallback Qiskit: wstate_indep_tket_18|ibm_falcon_27
Checkpoint fallback valido: wstate_indep_tket_18|ibm_falcon_27
Progresso: 1422/1646 checkpoint validi; durata media tentativi 1.1s.
Fallback Qiskit: wstate_indep_qiskit_23|ibm_falcon_127
Checkpoint fallback valido: wstate_indep_qiskit_23|ibm_falcon_127
Progresso: 1423/1646 checkpoint validi; durata media tentativi 1.1s.
Fallback Qiskit: dj_indep_qiskit_19|ibm_falcon_27
Checkpoint fallback valido: dj_indep_qiskit_19|ibm_falcon_27
Progresso: 1424/1646 checkpoint validi; durata media tentativi 1.1s.
Fallback Qiskit: wstate_indep_tket_23|ibm_falcon_127
Checkpoint fallback valido: wstate_indep_tket_23|ibm_falcon_127
Progresso: 1425/1646 checkpoint validi; durata media tentativi 1.1s.
Fallback Qiskit: dj_indep_tket_19|ibm_falcon_27
Checkpoint fallback valido: dj_indep_tket_19|ibm_falcon_27
Progresso: 1426/1646 checkpoint validi; durata media tentativi 1.1s.
Fallback Qiskit: dj_indep_qiskit_24|ibm_falcon_127
Checkpoint fallback valido: dj_indep_qiskit_24|ibm_falcon_127
Progresso: 1427/1646 checkpoint validi; durata media tentativi 1.1s.
Fallback Qiskit: graphstate_indep_qiskit_19|ibm_falcon_27
Checkpoint fallback valido: graphstate_indep_qiskit_19|ibm_falcon_27
Progresso: 1428/1646 checkpoint validi; durata media tentativi 1.1s.
Fallback Qiskit: dj_indep_tket_24|ibm_falcon_127
Checkpoint fallback valido: dj_indep_tket_24|ibm_falcon_127
Progresso: 1429/1646 checkpoint validi; durata media tentativi 1.1s.
Fallback Qiskit: graphstate_indep_tket_19|ibm_falcon_27
Checkpoint fallback valido: graphstate_indep_tket_19|ibm_falcon_27
Progresso: 1430/1646 checkpoint validi; durata media tentativi 1.1s.
Fallback Qiskit: graphstate_indep_qiskit_24|ibm_falcon_127
Checkpoint fallback valido: graphstate_indep_qiskit_24|ibm_falcon_127
Progresso: 1431/1646 checkpoint validi; durata media tentativi 1.1s.
Fallback Qiskit: wstate_indep_qiskit_19|ibm_falcon_27
Checkpoint fallback valido: wstate_indep_qiskit_19|ibm_falcon_27
Progresso: 1432/1646 checkpoint validi; durata media tentativi 1.1s.
Fallback Qiskit: graphstate_indep_tket_24|ibm_falcon_127
Checkpoint fallback valido: graphstate_indep_tket_24|ibm_falcon_127
Progresso: 1433/1646 checkpoint validi; durata media tentativi 1.1s.
Fallback Qiskit: wstate_indep_tket_19|ibm_falcon_27
Checkpoint fallback valido: wstate_indep_tket_19|ibm_falcon_27
Progresso: 1434/1646 checkpoint validi; durata media tentativi 1.1s.
Fallback Qiskit: wstate_indep_qiskit_24|ibm_falcon_127
Checkpoint fallback valido: wstate_indep_qiskit_24|ibm_falcon_127
Progresso: 1435/1646 checkpoint validi; durata media tentativi 1.1s.
Fallback Qiskit: dj_indep_qiskit_20|ibm_falcon_27
Checkpoint fallback valido: dj_indep_qiskit_20|ibm_falcon_27
Progresso: 1436/1646 checkpoint validi; durata media tentativi 1.1s.
Fallback Qiskit: wstate_indep_tket_24|ibm_falcon_127
Checkpoint fallback valido: wstate_indep_tket_24|ibm_falcon_127
Progresso: 1437/1646 checkpoint validi; durata media tentativi 1.1s.
Fallback Qiskit: dj_indep_tket_20|ibm_falcon_27
Checkpoint fallback valido: dj_indep_tket_20|ibm_falcon_27
Progresso: 1438/1646 checkpoint validi; durata media tentativi 1.1s.
Fallback Qiskit: dj_indep_qiskit_25|ibm_falcon_127
Checkpoint fallback valido: dj_indep_qiskit_25|ibm_falcon_127
Progresso: 1439/1646 checkpoint validi; durata media tentativi 1.1s.
Fallback Qiskit: graphstate_indep_qiskit_20|ibm_falcon_27
Checkpoint fallback valido: graphstate_indep_qiskit_20|ibm_falcon_27
Progresso: 1440/1646 checkpoint validi; durata media tentativi 1.1s.
Fallback Qiskit: dj_indep_tket_25|ibm_falcon_127
Checkpoint fallback valido: dj_indep_tket_25|ibm_falcon_127
Progresso: 1441/1646 checkpoint validi; durata media tentativi 1.1s.
Fallback Qiskit: graphstate_indep_tket_20|ibm_falcon_27
Checkpoint fallback valido: graphstate_indep_tket_20|ibm_falcon_27
Progresso: 1442/1646 checkpoint validi; durata media tentativi 1.1s.
Fallback Qiskit: graphstate_indep_qiskit_25|ibm_falcon_127
Checkpoint fallback valido: graphstate_indep_qiskit_25|ibm_falcon_127
Progresso: 1443/1646 checkpoint validi; durata media tentativi 1.1s.
Fallback Qiskit: wstate_indep_qiskit_20|ibm_falcon_27
Checkpoint fallback valido: wstate_indep_qiskit_20|ibm_falcon_27
Progresso: 1444/1646 checkpoint validi; durata media tentativi 1.1s.
Fallback Qiskit: graphstate_indep_tket_25|ibm_falcon_127
Checkpoint fallback valido: graphstate_indep_tket_25|ibm_falcon_127
Progresso: 1445/1646 checkpoint validi; durata media tentativi 1.1s.
Fallback Qiskit: wstate_indep_tket_20|ibm_falcon_27
Checkpoint fallback valido: wstate_indep_tket_20|ibm_falcon_27
Progresso: 1446/1646 checkpoint validi; durata media tentativi 1.1s.
Fallback Qiskit: wstate_indep_qiskit_25|ibm_falcon_127
Checkpoint fallback valido: wstate_indep_qiskit_25|ibm_falcon_127
Progresso: 1447/1646 checkpoint validi; durata media tentativi 1.1s.
Fallback Qiskit: dj_indep_qiskit_21|ibm_falcon_27
Checkpoint fallback valido: dj_indep_qiskit_21|ibm_falcon_27
Progresso: 1448/1646 checkpoint validi; durata media tentativi 1.1s.
Fallback Qiskit: wstate_indep_tket_25|ibm_falcon_127
Checkpoint fallback valido: wstate_indep_tket_25|ibm_falcon_127
Progresso: 1449/1646 checkpoint validi; durata media tentativi 1.1s.
Fallback Qiskit: dj_indep_tket_21|ibm_falcon_27
Checkpoint fallback valido: dj_indep_tket_21|ibm_falcon_27
Progresso: 1450/1646 checkpoint validi; durata media tentativi 1.1s.
Fallback Qiskit: dj_indep_qiskit_26|ibm_falcon_127
Checkpoint fallback valido: dj_indep_qiskit_26|ibm_falcon_127
Progresso: 1451/1646 checkpoint validi; durata media tentativi 1.1s.
Fallback Qiskit: graphstate_indep_qiskit_21|ibm_falcon_27
Checkpoint fallback valido: graphstate_indep_qiskit_21|ibm_falcon_27
Progresso: 1452/1646 checkpoint validi; durata media tentativi 1.1s.
Fallback Qiskit: dj_indep_tket_26|ibm_falcon_127
Checkpoint fallback valido: dj_indep_tket_26|ibm_falcon_127
Progresso: 1453/1646 checkpoint validi; durata media tentativi 1.1s.
Fallback Qiskit: graphstate_indep_tket_21|ibm_falcon_27
Checkpoint fallback valido: graphstate_indep_tket_21|ibm_falcon_27
Progresso: 1454/1646 checkpoint validi; durata media tentativi 1.1s.
Fallback Qiskit: graphstate_indep_qiskit_26|ibm_falcon_127
Checkpoint fallback valido: graphstate_indep_qiskit_26|ibm_falcon_127
Progresso: 1455/1646 checkpoint validi; durata media tentativi 1.1s.
Fallback Qiskit: wstate_indep_qiskit_21|ibm_falcon_27
Checkpoint fallback valido: wstate_indep_qiskit_21|ibm_falcon_27
Progresso: 1456/1646 checkpoint validi; durata media tentativi 1.1s.
Fallback Qiskit: graphstate_indep_tket_26|ibm_falcon_127
Checkpoint fallback valido: graphstate_indep_tket_26|ibm_falcon_127
Progresso: 1457/1646 checkpoint validi; durata media tentativi 1.1s.
Fallback Qiskit: wstate_indep_tket_21|ibm_falcon_27
Checkpoint fallback valido: wstate_indep_tket_21|ibm_falcon_27
Progresso: 1458/1646 checkpoint validi; durata media tentativi 1.1s.
Fallback Qiskit: wstate_indep_qiskit_26|ibm_falcon_127
Checkpoint fallback valido: wstate_indep_qiskit_26|ibm_falcon_127
Progresso: 1459/1646 checkpoint validi; durata media tentativi 1.1s.
Fallback Qiskit: dj_indep_qiskit_22|ibm_falcon_27
Checkpoint fallback valido: dj_indep_qiskit_22|ibm_falcon_27
Progresso: 1460/1646 checkpoint validi; durata media tentativi 1.1s.
Fallback Qiskit: wstate_indep_tket_26|ibm_falcon_127
Checkpoint fallback valido: wstate_indep_tket_26|ibm_falcon_127
Progresso: 1461/1646 checkpoint validi; durata media tentativi 1.1s.
Fallback Qiskit: dj_indep_tket_22|ibm_falcon_27
Checkpoint fallback valido: dj_indep_tket_22|ibm_falcon_27
Progresso: 1462/1646 checkpoint validi; durata media tentativi 1.1s.
Fallback Qiskit: dj_indep_qiskit_27|ibm_falcon_127
Checkpoint fallback valido: dj_indep_qiskit_27|ibm_falcon_127
Progresso: 1463/1646 checkpoint validi; durata media tentativi 1.1s.
Fallback Qiskit: graphstate_indep_qiskit_22|ibm_falcon_27
Checkpoint fallback valido: graphstate_indep_qiskit_22|ibm_falcon_27
Progresso: 1464/1646 checkpoint validi; durata media tentativi 1.1s.
Fallback Qiskit: dj_indep_tket_27|ibm_falcon_127
Checkpoint fallback valido: dj_indep_tket_27|ibm_falcon_127
Progresso: 1465/1646 checkpoint validi; durata media tentativi 1.1s.
Fallback Qiskit: graphstate_indep_tket_22|ibm_falcon_27
Checkpoint fallback valido: graphstate_indep_tket_22|ibm_falcon_27
Progresso: 1466/1646 checkpoint validi; durata media tentativi 1.1s.
Fallback Qiskit: graphstate_indep_qiskit_27|ibm_falcon_127
Checkpoint fallback valido: graphstate_indep_qiskit_27|ibm_falcon_127
Progresso: 1467/1646 checkpoint validi; durata media tentativi 1.1s.
Fallback Qiskit: wstate_indep_qiskit_22|ibm_falcon_27
Checkpoint fallback valido: wstate_indep_qiskit_22|ibm_falcon_27
Progresso: 1468/1646 checkpoint validi; durata media tentativi 1.1s.
Fallback Qiskit: graphstate_indep_tket_27|ibm_falcon_127
Checkpoint fallback valido: graphstate_indep_tket_27|ibm_falcon_127
Progresso: 1469/1646 checkpoint validi; durata media tentativi 1.1s.
Fallback Qiskit: wstate_indep_tket_22|ibm_falcon_27
Checkpoint fallback valido: wstate_indep_tket_22|ibm_falcon_27
Progresso: 1470/1646 checkpoint validi; durata media tentativi 1.1s.
Fallback Qiskit: wstate_indep_qiskit_27|ibm_falcon_127
Checkpoint fallback valido: wstate_indep_qiskit_27|ibm_falcon_127
Progresso: 1471/1646 checkpoint validi; durata media tentativi 1.1s.
Fallback Qiskit: dj_indep_qiskit_23|ibm_falcon_27
Checkpoint fallback valido: dj_indep_qiskit_23|ibm_falcon_27
Progresso: 1472/1646 checkpoint validi; durata media tentativi 1.1s.
Fallback Qiskit: wstate_indep_tket_27|ibm_falcon_127
Checkpoint fallback valido: wstate_indep_tket_27|ibm_falcon_127
Progresso: 1473/1646 checkpoint validi; durata media tentativi 1.1s.
Fallback Qiskit: dj_indep_tket_23|ibm_falcon_27
Checkpoint fallback valido: dj_indep_tket_23|ibm_falcon_27
Progresso: 1474/1646 checkpoint validi; durata media tentativi 1.1s.
Fallback Qiskit: dj_indep_qiskit_28|ibm_falcon_127
Checkpoint fallback valido: dj_indep_qiskit_28|ibm_falcon_127
Progresso: 1475/1646 checkpoint validi; durata media tentativi 1.1s.
Fallback Qiskit: graphstate_indep_qiskit_23|ibm_falcon_27
Checkpoint fallback valido: graphstate_indep_qiskit_23|ibm_falcon_27
Progresso: 1476/1646 checkpoint validi; durata media tentativi 1.1s.
Fallback Qiskit: dj_indep_tket_28|ibm_falcon_127
Checkpoint fallback valido: dj_indep_tket_28|ibm_falcon_127
Progresso: 1477/1646 checkpoint validi; durata media tentativi 1.1s.
Fallback Qiskit: graphstate_indep_tket_23|ibm_falcon_27
Checkpoint fallback valido: graphstate_indep_tket_23|ibm_falcon_27
Progresso: 1478/1646 checkpoint validi; durata media tentativi 1.1s.
Fallback Qiskit: graphstate_indep_qiskit_28|ibm_falcon_127
Checkpoint fallback valido: graphstate_indep_qiskit_28|ibm_falcon_127
Progresso: 1479/1646 checkpoint validi; durata media tentativi 1.1s.
Fallback Qiskit: wstate_indep_qiskit_23|ibm_falcon_27
Checkpoint fallback valido: wstate_indep_qiskit_23|ibm_falcon_27
Progresso: 1480/1646 checkpoint validi; durata media tentativi 1.1s.
Fallback Qiskit: graphstate_indep_tket_28|ibm_falcon_127
Checkpoint fallback valido: graphstate_indep_tket_28|ibm_falcon_127
Progresso: 1481/1646 checkpoint validi; durata media tentativi 1.1s.
Fallback Qiskit: wstate_indep_tket_23|ibm_falcon_27
Checkpoint fallback valido: wstate_indep_tket_23|ibm_falcon_27
Progresso: 1482/1646 checkpoint validi; durata media tentativi 1.1s.
Fallback Qiskit: wstate_indep_qiskit_28|ibm_falcon_127
Checkpoint fallback valido: wstate_indep_qiskit_28|ibm_falcon_127
Progresso: 1483/1646 checkpoint validi; durata media tentativi 1.1s.
Fallback Qiskit: dj_indep_qiskit_24|ibm_falcon_27
Checkpoint fallback valido: dj_indep_qiskit_24|ibm_falcon_27
Progresso: 1484/1646 checkpoint validi; durata media tentativi 1.1s.
Fallback Qiskit: wstate_indep_tket_28|ibm_falcon_127
Checkpoint fallback valido: wstate_indep_tket_28|ibm_falcon_127
Progresso: 1485/1646 checkpoint validi; durata media tentativi 1.1s.
Fallback Qiskit: dj_indep_tket_24|ibm_falcon_27
Checkpoint fallback valido: dj_indep_tket_24|ibm_falcon_27
Progresso: 1486/1646 checkpoint validi; durata media tentativi 1.1s.
Fallback Qiskit: dj_indep_qiskit_29|ibm_falcon_127
Checkpoint fallback valido: dj_indep_qiskit_29|ibm_falcon_127
Progresso: 1487/1646 checkpoint validi; durata media tentativi 1.1s.
Fallback Qiskit: graphstate_indep_qiskit_24|ibm_falcon_27
Checkpoint fallback valido: graphstate_indep_qiskit_24|ibm_falcon_27
Progresso: 1488/1646 checkpoint validi; durata media tentativi 1.1s.
Fallback Qiskit: dj_indep_tket_29|ibm_falcon_127
Checkpoint fallback valido: dj_indep_tket_29|ibm_falcon_127
Progresso: 1489/1646 checkpoint validi; durata media tentativi 1.1s.
Fallback Qiskit: graphstate_indep_tket_24|ibm_falcon_27
Checkpoint fallback valido: graphstate_indep_tket_24|ibm_falcon_27
Progresso: 1490/1646 checkpoint validi; durata media tentativi 1.1s.
Fallback Qiskit: graphstate_indep_qiskit_29|ibm_falcon_127
Checkpoint fallback valido: graphstate_indep_qiskit_29|ibm_falcon_127
Progresso: 1491/1646 checkpoint validi; durata media tentativi 1.1s.
Fallback Qiskit: wstate_indep_qiskit_24|ibm_falcon_27
Checkpoint fallback valido: wstate_indep_qiskit_24|ibm_falcon_27
Progresso: 1492/1646 checkpoint validi; durata media tentativi 1.1s.
Fallback Qiskit: graphstate_indep_tket_29|ibm_falcon_127
Checkpoint fallback valido: graphstate_indep_tket_29|ibm_falcon_127
Progresso: 1493/1646 checkpoint validi; durata media tentativi 1.1s.
Fallback Qiskit: wstate_indep_tket_24|ibm_falcon_27
Checkpoint fallback valido: wstate_indep_tket_24|ibm_falcon_27
Progresso: 1494/1646 checkpoint validi; durata media tentativi 1.1s.
Fallback Qiskit: wstate_indep_qiskit_29|ibm_falcon_127
Checkpoint fallback valido: wstate_indep_qiskit_29|ibm_falcon_127
Progresso: 1495/1646 checkpoint validi; durata media tentativi 1.1s.
Fallback Qiskit: dj_indep_qiskit_25|ibm_falcon_27
Checkpoint fallback valido: dj_indep_qiskit_25|ibm_falcon_27
Progresso: 1496/1646 checkpoint validi; durata media tentativi 1.1s.
Fallback Qiskit: wstate_indep_tket_29|ibm_falcon_127
Checkpoint fallback valido: wstate_indep_tket_29|ibm_falcon_127
Progresso: 1497/1646 checkpoint validi; durata media tentativi 1.1s.
Fallback Qiskit: dj_indep_tket_25|ibm_falcon_27
Checkpoint fallback valido: dj_indep_tket_25|ibm_falcon_27
Progresso: 1498/1646 checkpoint validi; durata media tentativi 1.1s.
Fallback Qiskit: ae_indep_qiskit_30|ibm_falcon_127
Checkpoint fallback valido: ae_indep_qiskit_30|ibm_falcon_127
Progresso: 1499/1646 checkpoint validi; durata media tentativi 1.1s.
Fallback Qiskit: graphstate_indep_qiskit_25|ibm_falcon_27
Checkpoint fallback valido: graphstate_indep_qiskit_25|ibm_falcon_27
Progresso: 1500/1646 checkpoint validi; durata media tentativi 1.1s.
Fallback Qiskit: ae_indep_tket_30|ibm_falcon_127
Checkpoint fallback valido: ae_indep_tket_30|ibm_falcon_127
Progresso: 1501/1646 checkpoint validi; durata media tentativi 1.1s.
Fallback Qiskit: graphstate_indep_tket_25|ibm_falcon_27
Checkpoint fallback valido: graphstate_indep_tket_25|ibm_falcon_27
Progresso: 1502/1646 checkpoint validi; durata media tentativi 1.1s.
Fallback Qiskit: dj_indep_qiskit_30|ibm_falcon_127
Checkpoint fallback valido: dj_indep_qiskit_30|ibm_falcon_127
Progresso: 1503/1646 checkpoint validi; durata media tentativi 1.1s.
Fallback Qiskit: wstate_indep_qiskit_25|ibm_falcon_27
Checkpoint fallback valido: wstate_indep_qiskit_25|ibm_falcon_27
Progresso: 1504/1646 checkpoint validi; durata media tentativi 1.1s.
Fallback Qiskit: dj_indep_tket_30|ibm_falcon_127
Checkpoint fallback valido: dj_indep_tket_30|ibm_falcon_127
Progresso: 1505/1646 checkpoint validi; durata media tentativi 1.1s.
Fallback Qiskit: wstate_indep_tket_25|ibm_falcon_27
Checkpoint fallback valido: wstate_indep_tket_25|ibm_falcon_27
Progresso: 1506/1646 checkpoint validi; durata media tentativi 1.1s.
Fallback Qiskit: graphstate_indep_qiskit_30|ibm_falcon_127
Checkpoint fallback valido: graphstate_indep_qiskit_30|ibm_falcon_127
Progresso: 1507/1646 checkpoint validi; durata media tentativi 1.1s.
Fallback Qiskit: dj_indep_qiskit_26|ibm_falcon_27
Checkpoint fallback valido: dj_indep_qiskit_26|ibm_falcon_27
Progresso: 1508/1646 checkpoint validi; durata media tentativi 1.1s.
Fallback Qiskit: graphstate_indep_tket_30|ibm_falcon_127
Checkpoint fallback valido: graphstate_indep_tket_30|ibm_falcon_127
Progresso: 1509/1646 checkpoint validi; durata media tentativi 1.1s.
Fallback Qiskit: dj_indep_tket_26|ibm_falcon_27
Checkpoint fallback valido: dj_indep_tket_26|ibm_falcon_27
Progresso: 1510/1646 checkpoint validi; durata media tentativi 1.1s.
Fallback Qiskit: qft_indep_qiskit_30|ibm_falcon_127
Checkpoint fallback valido: qft_indep_qiskit_30|ibm_falcon_127
Progresso: 1511/1646 checkpoint validi; durata media tentativi 1.1s.
Fallback Qiskit: graphstate_indep_qiskit_26|ibm_falcon_27
Checkpoint fallback valido: graphstate_indep_qiskit_26|ibm_falcon_27
Progresso: 1512/1646 checkpoint validi; durata media tentativi 1.1s.
Fallback Qiskit: qft_indep_tket_30|ibm_falcon_127
Checkpoint fallback valido: qft_indep_tket_30|ibm_falcon_127
Progresso: 1513/1646 checkpoint validi; durata media tentativi 1.1s.
Fallback Qiskit: graphstate_indep_tket_26|ibm_falcon_27
Checkpoint fallback valido: graphstate_indep_tket_26|ibm_falcon_27
Progresso: 1514/1646 checkpoint validi; durata media tentativi 1.1s.
Fallback Qiskit: qftentangled_indep_qiskit_30|ibm_falcon_127
Checkpoint fallback valido: qftentangled_indep_qiskit_30|ibm_falcon_127
Progresso: 1515/1646 checkpoint validi; durata media tentativi 1.1s.
Fallback Qiskit: wstate_indep_qiskit_26|ibm_falcon_27
Checkpoint fallback valido: wstate_indep_qiskit_26|ibm_falcon_27
Progresso: 1516/1646 checkpoint validi; durata media tentativi 1.1s.
Fallback Qiskit: qftentangled_indep_tket_30|ibm_falcon_127
Fallback Qiskit: wstate_indep_tket_26|ibm_falcon_27
Checkpoint fallback valido: qftentangled_indep_tket_30|ibm_falcon_127
Progresso: 1517/1646 checkpoint validi; durata media tentativi 1.1s.
Checkpoint fallback valido: wstate_indep_tket_26|ibm_falcon_27
Progresso: 1518/1646 checkpoint validi; durata media tentativi 1.1s.
Fallback Qiskit: qnn_indep_qiskit_30|ibm_falcon_127
Fallback Qiskit: dj_indep_qiskit_27|ibm_falcon_27
Checkpoint fallback valido: dj_indep_qiskit_27|ibm_falcon_27
Progresso: 1519/1646 checkpoint validi; durata media tentativi 1.1s.
Checkpoint fallback valido: qnn_indep_qiskit_30|ibm_falcon_127
Progresso: 1520/1646 checkpoint validi; durata media tentativi 1.1s.
Fallback Qiskit: dj_indep_tket_27|ibm_falcon_27
Checkpoint fallback valido: dj_indep_tket_27|ibm_falcon_27
Progresso: 1521/1646 checkpoint validi; durata media tentativi 1.1s.
Fallback Qiskit: qnn_indep_tket_30|ibm_falcon_127
Checkpoint fallback valido: qnn_indep_tket_30|ibm_falcon_127
Progresso: 1522/1646 checkpoint validi; durata media tentativi 1.1s.
Fallback Qiskit: graphstate_indep_qiskit_27|ibm_falcon_27
Checkpoint fallback valido: graphstate_indep_qiskit_27|ibm_falcon_27
Progresso: 1523/1646 checkpoint validi; durata media tentativi 1.1s.
Fallback Qiskit: qpeexact_indep_qiskit_30|ibm_falcon_127
Checkpoint fallback valido: qpeexact_indep_qiskit_30|ibm_falcon_127
Progresso: 1524/1646 checkpoint validi; durata media tentativi 1.1s.
Fallback Qiskit: graphstate_indep_tket_27|ibm_falcon_27
Checkpoint fallback valido: graphstate_indep_tket_27|ibm_falcon_27
Progresso: 1525/1646 checkpoint validi; durata media tentativi 1.1s.
Fallback Qiskit: qpeexact_indep_tket_30|ibm_falcon_127
Checkpoint fallback valido: qpeexact_indep_tket_30|ibm_falcon_127
Progresso: 1526/1646 checkpoint validi; durata media tentativi 1.1s.
Fallback Qiskit: wstate_indep_qiskit_27|ibm_falcon_27
Checkpoint fallback valido: wstate_indep_qiskit_27|ibm_falcon_27
Progresso: 1527/1646 checkpoint validi; durata media tentativi 1.1s.
Fallback Qiskit: qpeinexact_indep_qiskit_30|ibm_falcon_127
Checkpoint fallback valido: qpeinexact_indep_qiskit_30|ibm_falcon_127
Progresso: 1528/1646 checkpoint validi; durata media tentativi 1.1s.
Fallback Qiskit: wstate_indep_tket_27|ibm_falcon_27
Checkpoint fallback valido: wstate_indep_tket_27|ibm_falcon_27
Progresso: 1529/1646 checkpoint validi; durata media tentativi 1.1s.
Fallback Qiskit: qpeinexact_indep_tket_30|ibm_falcon_127
Checkpoint fallback valido: qpeinexact_indep_tket_30|ibm_falcon_127
Progresso: 1530/1646 checkpoint validi; durata media tentativi 1.1s.
Fallback Qiskit: random_indep_qiskit_30|ibm_falcon_127
Checkpoint fallback valido: random_indep_qiskit_30|ibm_falcon_127
Progresso: 1531/1646 checkpoint validi; durata media tentativi 1.1s.
Worker avviato: quantinuum_h2_56 (26 job, pid=223478)
Fallback Qiskit: random_indep_tket_30|ibm_falcon_127
Checkpoint fallback valido: random_indep_tket_30|ibm_falcon_127
Progresso: 1532/1646 checkpoint validi; durata media tentativi 1.1s.
Fallback Qiskit: realamprandom_indep_qiskit_30|ibm_falcon_127
Checkpoint fallback valido: realamprandom_indep_qiskit_30|ibm_falcon_127
Progresso: 1533/1646 checkpoint validi; durata media tentativi 1.1s.
Fallback Qiskit: realamprandom_indep_tket_30|ibm_falcon_127
Checkpoint fallback valido: realamprandom_indep_tket_30|ibm_falcon_127
Progresso: 1534/1646 checkpoint validi; durata media tentativi 1.1s.
Fallback Qiskit: su2random_indep_qiskit_30|ibm_falcon_127
Checkpoint fallback valido: su2random_indep_qiskit_30|ibm_falcon_127
Progresso: 1535/1646 checkpoint validi; durata media tentativi 1.1s.
Fallback Qiskit: su2random_indep_tket_30|ibm_falcon_127
Checkpoint fallback valido: su2random_indep_tket_30|ibm_falcon_127
Progresso: 1536/1646 checkpoint validi; durata media tentativi 1.1s.
Fallback Qiskit: twolocalrandom_indep_qiskit_30|ibm_falcon_127
Checkpoint fallback valido: twolocalrandom_indep_qiskit_30|ibm_falcon_127
Progresso: 1537/1646 checkpoint validi; durata media tentativi 1.1s.
Fallback Qiskit: twolocalrandom_indep_tket_30|ibm_falcon_127
Checkpoint fallback valido: twolocalrandom_indep_tket_30|ibm_falcon_127
Progresso: 1538/1646 checkpoint validi; durata media tentativi 1.1s.
Fallback Qiskit: wstate_indep_qiskit_30|ibm_falcon_127
Checkpoint fallback valido: wstate_indep_qiskit_30|ibm_falcon_127
Progresso: 1539/1646 checkpoint validi; durata media tentativi 1.1s.
Fallback Qiskit: wstate_indep_tket_30|ibm_falcon_127
Checkpoint fallback valido: wstate_indep_tket_30|ibm_falcon_127
Progresso: 1540/1646 checkpoint validi; durata media tentativi 1.1s.
Fallback Qiskit: ae_indep_qiskit_40|ibm_falcon_127
Checkpoint fallback valido: ae_indep_qiskit_40|ibm_falcon_127
Progresso: 1541/1646 checkpoint validi; durata media tentativi 1.1s.
Fallback Qiskit: random_indep_qiskit_4|quantinuum_h2_56
Checkpoint fallback valido: random_indep_qiskit_4|quantinuum_h2_56
Progresso: 1542/1646 checkpoint validi; durata media tentativi 1.1s.
Fallback Qiskit: ae_indep_tket_40|ibm_falcon_127
Checkpoint fallback valido: ae_indep_tket_40|ibm_falcon_127
Progresso: 1543/1646 checkpoint validi; durata media tentativi 1.1s.
Fallback Qiskit: pricingcall_indep_tket_5|quantinuum_h2_56
Checkpoint fallback valido: pricingcall_indep_tket_5|quantinuum_h2_56
Progresso: 1544/1646 checkpoint validi; durata media tentativi 1.1s.
Fallback Qiskit: dj_indep_qiskit_40|ibm_falcon_127
Checkpoint fallback valido: dj_indep_qiskit_40|ibm_falcon_127
Progresso: 1545/1646 checkpoint validi; durata media tentativi 1.1s.
Fallback Qiskit: pricingcall_indep_qiskit_7|quantinuum_h2_56
Checkpoint fallback valido: pricingcall_indep_qiskit_7|quantinuum_h2_56
Progresso: 1546/1646 checkpoint validi; durata media tentativi 1.1s.
Fallback Qiskit: dj_indep_tket_40|ibm_falcon_127
Checkpoint fallback valido: dj_indep_tket_40|ibm_falcon_127
Progresso: 1547/1646 checkpoint validi; durata media tentativi 1.1s.
Fallback Qiskit: pricingput_indep_qiskit_7|quantinuum_h2_56
Checkpoint fallback valido: pricingput_indep_qiskit_7|quantinuum_h2_56
Progresso: 1548/1646 checkpoint validi; durata media tentativi 1.1s.
Fallback Qiskit: graphstate_indep_qiskit_40|ibm_falcon_127
Checkpoint fallback valido: graphstate_indep_qiskit_40|ibm_falcon_127
Progresso: 1549/1646 checkpoint validi; durata media tentativi 1.1s.
Fallback Qiskit: pricingput_indep_tket_7|quantinuum_h2_56
Checkpoint fallback valido: pricingput_indep_tket_7|quantinuum_h2_56
Progresso: 1550/1646 checkpoint validi; durata media tentativi 1.1s.
Fallback Qiskit: graphstate_indep_tket_40|ibm_falcon_127
Checkpoint fallback valido: graphstate_indep_tket_40|ibm_falcon_127
Progresso: 1551/1646 checkpoint validi; durata media tentativi 1.1s.
Fallback Qiskit: random_indep_tket_7|quantinuum_h2_56
Checkpoint fallback valido: random_indep_tket_7|quantinuum_h2_56
Progresso: 1552/1646 checkpoint validi; durata media tentativi 1.1s.
Fallback Qiskit: qft_indep_qiskit_40|ibm_falcon_127
Checkpoint fallback valido: qft_indep_qiskit_40|ibm_falcon_127
Progresso: 1553/1646 checkpoint validi; durata media tentativi 1.1s.
Fallback Qiskit: pricingput_indep_qiskit_9|quantinuum_h2_56
Checkpoint fallback valido: pricingput_indep_qiskit_9|quantinuum_h2_56
Progresso: 1554/1646 checkpoint validi; durata media tentativi 1.1s.
Fallback Qiskit: qft_indep_tket_40|ibm_falcon_127
Checkpoint fallback valido: qft_indep_tket_40|ibm_falcon_127
Progresso: 1555/1646 checkpoint validi; durata media tentativi 1.1s.
Fallback Qiskit: su2random_indep_qiskit_30|quantinuum_h2_56
Checkpoint fallback valido: su2random_indep_qiskit_30|quantinuum_h2_56
Progresso: 1556/1646 checkpoint validi; durata media tentativi 1.1s.
Fallback Qiskit: qftentangled_indep_qiskit_40|ibm_falcon_127
Checkpoint fallback valido: qftentangled_indep_qiskit_40|ibm_falcon_127
Progresso: 1557/1646 checkpoint validi; durata media tentativi 1.1s.
Fallback Qiskit: twolocalrandom_indep_tket_30|quantinuum_h2_56
Checkpoint fallback valido: twolocalrandom_indep_tket_30|quantinuum_h2_56
Progresso: 1558/1646 checkpoint validi; durata media tentativi 1.1s.
Fallback Qiskit: qftentangled_indep_tket_40|ibm_falcon_127
Checkpoint fallback valido: qftentangled_indep_tket_40|ibm_falcon_127
Progresso: 1559/1646 checkpoint validi; durata media tentativi 1.1s.
Fallback Qiskit: realamprandom_indep_tket_40|quantinuum_h2_56
Checkpoint fallback valido: realamprandom_indep_tket_40|quantinuum_h2_56
Progresso: 1560/1646 checkpoint validi; durata media tentativi 1.1s.
Fallback Qiskit: qpeexact_indep_qiskit_40|ibm_falcon_127
Fallback Qiskit: su2random_indep_qiskit_40|quantinuum_h2_56
Checkpoint fallback valido: qpeexact_indep_qiskit_40|ibm_falcon_127
Progresso: 1561/1646 checkpoint validi; durata media tentativi 1.1s.
Checkpoint fallback valido: su2random_indep_qiskit_40|quantinuum_h2_56
Progresso: 1562/1646 checkpoint validi; durata media tentativi 1.1s.
Fallback Qiskit: qpeexact_indep_tket_40|ibm_falcon_127
Fallback Qiskit: twolocalrandom_indep_qiskit_40|quantinuum_h2_56
Checkpoint fallback valido: qpeexact_indep_tket_40|ibm_falcon_127
Progresso: 1563/1646 checkpoint validi; durata media tentativi 1.1s.
Checkpoint fallback valido: twolocalrandom_indep_qiskit_40|quantinuum_h2_56
Progresso: 1564/1646 checkpoint validi; durata media tentativi 1.1s.
Fallback Qiskit: qpeinexact_indep_qiskit_40|ibm_falcon_127
Fallback Qiskit: twolocalrandom_indep_tket_40|quantinuum_h2_56
Checkpoint fallback valido: qpeinexact_indep_qiskit_40|ibm_falcon_127
Progresso: 1565/1646 checkpoint validi; durata media tentativi 1.1s.
Checkpoint fallback valido: twolocalrandom_indep_tket_40|quantinuum_h2_56
Progresso: 1566/1646 checkpoint validi; durata media tentativi 1.1s.
Fallback Qiskit: qpeinexact_indep_tket_40|ibm_falcon_127
Checkpoint fallback valido: qpeinexact_indep_tket_40|ibm_falcon_127
Progresso: 1567/1646 checkpoint validi; durata media tentativi 1.1s.
Fallback Qiskit: ae_indep_tket_50|quantinuum_h2_56
Checkpoint fallback valido: ae_indep_tket_50|quantinuum_h2_56
Progresso: 1568/1646 checkpoint validi; durata media tentativi 1.1s.
Fallback Qiskit: realamprandom_indep_qiskit_40|ibm_falcon_127
Checkpoint fallback valido: realamprandom_indep_qiskit_40|ibm_falcon_127
Progresso: 1569/1646 checkpoint validi; durata media tentativi 1.1s.
Fallback Qiskit: qftentangled_indep_qiskit_50|quantinuum_h2_56
Checkpoint fallback valido: qftentangled_indep_qiskit_50|quantinuum_h2_56
Progresso: 1570/1646 checkpoint validi; durata media tentativi 1.1s.
Fallback Qiskit: realamprandom_indep_tket_40|ibm_falcon_127
Checkpoint fallback valido: realamprandom_indep_tket_40|ibm_falcon_127
Progresso: 1571/1646 checkpoint validi; durata media tentativi 1.1s.
Fallback Qiskit: qftentangled_indep_tket_50|quantinuum_h2_56
Checkpoint fallback valido: qftentangled_indep_tket_50|quantinuum_h2_56
Progresso: 1572/1646 checkpoint validi; durata media tentativi 1.1s.
Fallback Qiskit: su2random_indep_qiskit_40|ibm_falcon_127
Checkpoint fallback valido: su2random_indep_qiskit_40|ibm_falcon_127
Progresso: 1573/1646 checkpoint validi; durata media tentativi 1.1s.
Fallback Qiskit: qpeexact_indep_qiskit_50|quantinuum_h2_56
Checkpoint fallback valido: qpeexact_indep_qiskit_50|quantinuum_h2_56
Progresso: 1574/1646 checkpoint validi; durata media tentativi 1.1s.
Fallback Qiskit: su2random_indep_tket_40|ibm_falcon_127
Fallback Qiskit: qpeexact_indep_tket_50|quantinuum_h2_56
Checkpoint fallback valido: qpeexact_indep_tket_50|quantinuum_h2_56
Progresso: 1575/1646 checkpoint validi; durata media tentativi 1.1s.
Checkpoint fallback valido: su2random_indep_tket_40|ibm_falcon_127
Progresso: 1576/1646 checkpoint validi; durata media tentativi 1.1s.
Fallback Qiskit: realamprandom_indep_qiskit_50|quantinuum_h2_56
Fallback Qiskit: twolocalrandom_indep_qiskit_40|ibm_falcon_127
Checkpoint fallback valido: realamprandom_indep_qiskit_50|quantinuum_h2_56
Progresso: 1577/1646 checkpoint validi; durata media tentativi 1.1s.
Checkpoint fallback valido: twolocalrandom_indep_qiskit_40|ibm_falcon_127
Progresso: 1578/1646 checkpoint validi; durata media tentativi 1.1s.
Fallback Qiskit: realamprandom_indep_tket_50|quantinuum_h2_56
Fallback Qiskit: twolocalrandom_indep_tket_40|ibm_falcon_127
Checkpoint fallback valido: twolocalrandom_indep_tket_40|ibm_falcon_127
Progresso: 1579/1646 checkpoint validi; durata media tentativi 1.1s.
Checkpoint fallback valido: realamprandom_indep_tket_50|quantinuum_h2_56
Progresso: 1580/1646 checkpoint validi; durata media tentativi 1.1s.
Fallback Qiskit: wstate_indep_qiskit_40|ibm_falcon_127
Checkpoint fallback valido: wstate_indep_qiskit_40|ibm_falcon_127
Progresso: 1581/1646 checkpoint validi; durata media tentativi 1.1s.
Fallback Qiskit: su2random_indep_qiskit_50|quantinuum_h2_56
Checkpoint fallback valido: su2random_indep_qiskit_50|quantinuum_h2_56
Progresso: 1582/1646 checkpoint validi; durata media tentativi 1.1s.
Fallback Qiskit: wstate_indep_tket_40|ibm_falcon_127
Checkpoint fallback valido: wstate_indep_tket_40|ibm_falcon_127
Progresso: 1583/1646 checkpoint validi; durata media tentativi 1.1s.
Fallback Qiskit: su2random_indep_tket_50|quantinuum_h2_56
Checkpoint fallback valido: su2random_indep_tket_50|quantinuum_h2_56
Progresso: 1584/1646 checkpoint validi; durata media tentativi 1.1s.
Fallback Qiskit: ae_indep_qiskit_50|ibm_falcon_127
Checkpoint fallback valido: ae_indep_qiskit_50|ibm_falcon_127
Progresso: 1585/1646 checkpoint validi; durata media tentativi 1.1s.
Fallback Qiskit: twolocalrandom_indep_qiskit_50|quantinuum_h2_56
Checkpoint fallback valido: twolocalrandom_indep_qiskit_50|quantinuum_h2_56
Progresso: 1586/1646 checkpoint validi; durata media tentativi 1.1s.
Fallback Qiskit: ae_indep_tket_50|ibm_falcon_127
Checkpoint fallback valido: ae_indep_tket_50|ibm_falcon_127
Progresso: 1587/1646 checkpoint validi; durata media tentativi 1.1s.
Fallback Qiskit: twolocalrandom_indep_tket_50|quantinuum_h2_56
Checkpoint fallback valido: twolocalrandom_indep_tket_50|quantinuum_h2_56
Progresso: 1588/1646 checkpoint validi; durata media tentativi 1.1s.
Fallback Qiskit: dj_indep_qiskit_50|ibm_falcon_127
Checkpoint fallback valido: dj_indep_qiskit_50|ibm_falcon_127
Progresso: 1589/1646 checkpoint validi; durata media tentativi 1.1s.
Fallback Qiskit: wstate_indep_qiskit_50|quantinuum_h2_56
Checkpoint fallback valido: wstate_indep_qiskit_50|quantinuum_h2_56
Progresso: 1590/1646 checkpoint validi; durata media tentativi 1.1s.
Fallback Qiskit: dj_indep_tket_50|ibm_falcon_127
Checkpoint fallback valido: dj_indep_tket_50|ibm_falcon_127
Progresso: 1591/1646 checkpoint validi; durata media tentativi 1.1s.
Fallback Qiskit: wstate_indep_tket_50|quantinuum_h2_56
Checkpoint fallback valido: wstate_indep_tket_50|quantinuum_h2_56
Progresso: 1592/1646 checkpoint validi; durata media tentativi 1.1s.
Fallback Qiskit: graphstate_indep_qiskit_50|ibm_falcon_127
Checkpoint fallback valido: graphstate_indep_qiskit_50|ibm_falcon_127
Progresso: 1593/1646 checkpoint validi; durata media tentativi 1.1s.
Fallback Qiskit: graphstate_indep_tket_50|ibm_falcon_127
Checkpoint fallback valido: graphstate_indep_tket_50|ibm_falcon_127
Progresso: 1594/1646 checkpoint validi; durata media tentativi 1.1s.
Fallback Qiskit: qft_indep_qiskit_50|ibm_falcon_127
Checkpoint fallback valido: qft_indep_qiskit_50|ibm_falcon_127
Progresso: 1595/1646 checkpoint validi; durata media tentativi 1.1s.
Fallback Qiskit: qft_indep_tket_50|ibm_falcon_127
Checkpoint fallback valido: qft_indep_tket_50|ibm_falcon_127
Progresso: 1596/1646 checkpoint validi; durata media tentativi 1.1s.
Fallback Qiskit: qftentangled_indep_qiskit_50|ibm_falcon_127
Checkpoint fallback valido: qftentangled_indep_qiskit_50|ibm_falcon_127
Progresso: 1597/1646 checkpoint validi; durata media tentativi 1.1s.
Fallback Qiskit: qftentangled_indep_tket_50|ibm_falcon_127
Checkpoint fallback valido: qftentangled_indep_tket_50|ibm_falcon_127
Progresso: 1598/1646 checkpoint validi; durata media tentativi 1.1s.
Fallback Qiskit: qpeexact_indep_qiskit_50|ibm_falcon_127
Checkpoint fallback valido: qpeexact_indep_qiskit_50|ibm_falcon_127
Progresso: 1599/1646 checkpoint validi; durata media tentativi 1.1s.
Fallback Qiskit: qpeexact_indep_tket_50|ibm_falcon_127
Checkpoint fallback valido: qpeexact_indep_tket_50|ibm_falcon_127
Progresso: 1600/1646 checkpoint validi; durata media tentativi 1.1s.
Fallback Qiskit: qpeinexact_indep_qiskit_50|ibm_falcon_127
Checkpoint fallback valido: qpeinexact_indep_qiskit_50|ibm_falcon_127
Progresso: 1601/1646 checkpoint validi; durata media tentativi 1.1s.
Fallback Qiskit: qpeinexact_indep_tket_50|ibm_falcon_127
Checkpoint fallback valido: qpeinexact_indep_tket_50|ibm_falcon_127
Progresso: 1602/1646 checkpoint validi; durata media tentativi 1.1s.
Fallback Qiskit: realamprandom_indep_qiskit_50|ibm_falcon_127
Checkpoint fallback valido: realamprandom_indep_qiskit_50|ibm_falcon_127
Progresso: 1603/1646 checkpoint validi; durata media tentativi 1.1s.
Fallback Qiskit: realamprandom_indep_tket_50|ibm_falcon_127
Checkpoint fallback valido: realamprandom_indep_tket_50|ibm_falcon_127
Progresso: 1604/1646 checkpoint validi; durata media tentativi 1.1s.
Fallback Qiskit: su2random_indep_qiskit_50|ibm_falcon_127
Checkpoint fallback valido: su2random_indep_qiskit_50|ibm_falcon_127
Progresso: 1605/1646 checkpoint validi; durata media tentativi 1.1s.
Fallback Qiskit: su2random_indep_tket_50|ibm_falcon_127
Checkpoint fallback valido: su2random_indep_tket_50|ibm_falcon_127
Progresso: 1606/1646 checkpoint validi; durata media tentativi 1.1s.
Fallback Qiskit: twolocalrandom_indep_qiskit_50|ibm_falcon_127
Checkpoint fallback valido: twolocalrandom_indep_qiskit_50|ibm_falcon_127
Progresso: 1607/1646 checkpoint validi; durata media tentativi 1.1s.
Fallback Qiskit: twolocalrandom_indep_tket_50|ibm_falcon_127
Checkpoint fallback valido: twolocalrandom_indep_tket_50|ibm_falcon_127
Progresso: 1608/1646 checkpoint validi; durata media tentativi 1.1s.
Fallback Qiskit: wstate_indep_qiskit_50|ibm_falcon_127
Checkpoint fallback valido: wstate_indep_qiskit_50|ibm_falcon_127
Progresso: 1609/1646 checkpoint validi; durata media tentativi 1.1s.
Fallback Qiskit: wstate_indep_tket_50|ibm_falcon_127
Checkpoint fallback valido: wstate_indep_tket_50|ibm_falcon_127
Progresso: 1610/1646 checkpoint validi; durata media tentativi 1.1s.
Fallback Qiskit: ae_indep_qiskit_60|ibm_falcon_127
Checkpoint fallback valido: ae_indep_qiskit_60|ibm_falcon_127
Progresso: 1611/1646 checkpoint validi; durata media tentativi 1.1s.
Fallback Qiskit: dj_indep_qiskit_60|ibm_falcon_127
Checkpoint fallback valido: dj_indep_qiskit_60|ibm_falcon_127
Progresso: 1612/1646 checkpoint validi; durata media tentativi 1.1s.
Fallback Qiskit: dj_indep_tket_60|ibm_falcon_127
Checkpoint fallback valido: dj_indep_tket_60|ibm_falcon_127
Progresso: 1613/1646 checkpoint validi; durata media tentativi 1.1s.
Fallback Qiskit: graphstate_indep_qiskit_60|ibm_falcon_127
Checkpoint fallback valido: graphstate_indep_qiskit_60|ibm_falcon_127
Progresso: 1614/1646 checkpoint validi; durata media tentativi 1.1s.
Fallback Qiskit: graphstate_indep_tket_60|ibm_falcon_127
Checkpoint fallback valido: graphstate_indep_tket_60|ibm_falcon_127
Progresso: 1615/1646 checkpoint validi; durata media tentativi 1.1s.
Fallback Qiskit: qft_indep_qiskit_60|ibm_falcon_127
Checkpoint fallback valido: qft_indep_qiskit_60|ibm_falcon_127
Progresso: 1616/1646 checkpoint validi; durata media tentativi 1.1s.
Fallback Qiskit: qft_indep_tket_60|ibm_falcon_127
Checkpoint fallback valido: qft_indep_tket_60|ibm_falcon_127
Progresso: 1617/1646 checkpoint validi; durata media tentativi 1.1s.
Fallback Qiskit: qftentangled_indep_qiskit_60|ibm_falcon_127
Checkpoint fallback valido: qftentangled_indep_qiskit_60|ibm_falcon_127
Progresso: 1618/1646 checkpoint validi; durata media tentativi 1.1s.
Fallback Qiskit: qpeexact_indep_qiskit_60|ibm_falcon_127
Checkpoint fallback valido: qpeexact_indep_qiskit_60|ibm_falcon_127
Progresso: 1619/1646 checkpoint validi; durata media tentativi 1.1s.
Fallback Qiskit: qpeexact_indep_tket_60|ibm_falcon_127
Checkpoint fallback valido: qpeexact_indep_tket_60|ibm_falcon_127
Progresso: 1620/1646 checkpoint validi; durata media tentativi 1.1s.
Fallback Qiskit: qpeinexact_indep_qiskit_60|ibm_falcon_127
Checkpoint fallback valido: qpeinexact_indep_qiskit_60|ibm_falcon_127
Progresso: 1621/1646 checkpoint validi; durata media tentativi 1.1s.
Fallback Qiskit: qpeinexact_indep_tket_60|ibm_falcon_127
Checkpoint fallback valido: qpeinexact_indep_tket_60|ibm_falcon_127
Progresso: 1622/1646 checkpoint validi; durata media tentativi 1.1s.
Fallback Qiskit: wstate_indep_qiskit_60|ibm_falcon_127
Checkpoint fallback valido: wstate_indep_qiskit_60|ibm_falcon_127
Progresso: 1623/1646 checkpoint validi; durata media tentativi 1.1s.
Fallback Qiskit: wstate_indep_tket_60|ibm_falcon_127
Checkpoint fallback valido: wstate_indep_tket_60|ibm_falcon_127
Progresso: 1624/1646 checkpoint validi; durata media tentativi 1.1s.
Fallback Qiskit: dj_indep_qiskit_70|ibm_falcon_127
Checkpoint fallback valido: dj_indep_qiskit_70|ibm_falcon_127
Progresso: 1625/1646 checkpoint validi; durata media tentativi 1.1s.
Fallback Qiskit: dj_indep_tket_70|ibm_falcon_127
Checkpoint fallback valido: dj_indep_tket_70|ibm_falcon_127
Progresso: 1626/1646 checkpoint validi; durata media tentativi 1.1s.
Fallback Qiskit: graphstate_indep_qiskit_70|ibm_falcon_127
Checkpoint fallback valido: graphstate_indep_qiskit_70|ibm_falcon_127
Progresso: 1627/1646 checkpoint validi; durata media tentativi 1.1s.
Fallback Qiskit: graphstate_indep_tket_70|ibm_falcon_127
Checkpoint fallback valido: graphstate_indep_tket_70|ibm_falcon_127
Progresso: 1628/1646 checkpoint validi; durata media tentativi 1.1s.
Fallback Qiskit: qft_indep_qiskit_70|ibm_falcon_127
Checkpoint fallback valido: qft_indep_qiskit_70|ibm_falcon_127
Progresso: 1629/1646 checkpoint validi; durata media tentativi 1.1s.
Fallback Qiskit: qftentangled_indep_qiskit_70|ibm_falcon_127
Checkpoint fallback valido: qftentangled_indep_qiskit_70|ibm_falcon_127
Progresso: 1630/1646 checkpoint validi; durata media tentativi 1.1s.
Fallback Qiskit: qpeexact_indep_qiskit_70|ibm_falcon_127
Checkpoint fallback valido: qpeexact_indep_qiskit_70|ibm_falcon_127
Progresso: 1631/1646 checkpoint validi; durata media tentativi 1.1s.
Fallback Qiskit: qpeinexact_indep_qiskit_70|ibm_falcon_127
Checkpoint fallback valido: qpeinexact_indep_qiskit_70|ibm_falcon_127
Progresso: 1632/1646 checkpoint validi; durata media tentativi 1.1s.
Fallback Qiskit: wstate_indep_qiskit_70|ibm_falcon_127
Checkpoint fallback valido: wstate_indep_qiskit_70|ibm_falcon_127
Progresso: 1633/1646 checkpoint validi; durata media tentativi 1.1s.
Fallback Qiskit: wstate_indep_tket_70|ibm_falcon_127
Checkpoint fallback valido: wstate_indep_tket_70|ibm_falcon_127
Progresso: 1634/1646 checkpoint validi; durata media tentativi 1.1s.
Fallback Qiskit: dj_indep_qiskit_80|ibm_falcon_127
Checkpoint fallback valido: dj_indep_qiskit_80|ibm_falcon_127
Progresso: 1635/1646 checkpoint validi; durata media tentativi 1.1s.
Fallback Qiskit: dj_indep_tket_80|ibm_falcon_127
Checkpoint fallback valido: dj_indep_tket_80|ibm_falcon_127
Progresso: 1636/1646 checkpoint validi; durata media tentativi 1.1s.
Fallback Qiskit: graphstate_indep_qiskit_80|ibm_falcon_127
Checkpoint fallback valido: graphstate_indep_qiskit_80|ibm_falcon_127
Progresso: 1637/1646 checkpoint validi; durata media tentativi 1.1s.
Fallback Qiskit: graphstate_indep_tket_80|ibm_falcon_127
Checkpoint fallback valido: graphstate_indep_tket_80|ibm_falcon_127
Progresso: 1638/1646 checkpoint validi; durata media tentativi 1.1s.
Fallback Qiskit: wstate_indep_qiskit_80|ibm_falcon_127
Checkpoint fallback valido: wstate_indep_qiskit_80|ibm_falcon_127
Progresso: 1639/1646 checkpoint validi; durata media tentativi 1.1s.
Fallback Qiskit: wstate_indep_tket_80|ibm_falcon_127
Checkpoint fallback valido: wstate_indep_tket_80|ibm_falcon_127
Progresso: 1640/1646 checkpoint validi; durata media tentativi 1.1s.
Fallback Qiskit: dj_indep_qiskit_90|ibm_falcon_127
Checkpoint fallback valido: dj_indep_qiskit_90|ibm_falcon_127
Progresso: 1641/1646 checkpoint validi; durata media tentativi 1.1s.
Fallback Qiskit: dj_indep_tket_90|ibm_falcon_127
Checkpoint fallback valido: dj_indep_tket_90|ibm_falcon_127
Progresso: 1642/1646 checkpoint validi; durata media tentativi 1.1s.
Fallback Qiskit: graphstate_indep_qiskit_90|ibm_falcon_127
Checkpoint fallback valido: graphstate_indep_qiskit_90|ibm_falcon_127
Progresso: 1643/1646 checkpoint validi; durata media tentativi 1.1s.
Fallback Qiskit: graphstate_indep_tket_90|ibm_falcon_127
Checkpoint fallback valido: graphstate_indep_tket_90|ibm_falcon_127
Progresso: 1644/1646 checkpoint validi; durata media tentativi 1.1s.
Fallback Qiskit: wstate_indep_qiskit_90|ibm_falcon_127
Checkpoint fallback valido: wstate_indep_qiskit_90|ibm_falcon_127
Progresso: 1645/1646 checkpoint validi; durata media tentativi 1.1s.
Fallback Qiskit: wstate_indep_tket_90|ibm_falcon_127
Checkpoint fallback valido: wstate_indep_tket_90|ibm_falcon_127
Progresso: 1646/1646 checkpoint validi; durata media tentativi 1.1s.
[Parallel(n_jobs=2)]: Using backend LokyBackend with 2 concurrent workers.
[Parallel(n_jobs=2)]: Done   1 tasks      | elapsed:    3.9s
[Parallel(n_jobs=2)]: Done   4 tasks      | elapsed:    4.2s
[Parallel(n_jobs=2)]: Done   9 tasks      | elapsed:    4.6s
[Parallel(n_jobs=2)]: Done  14 tasks      | elapsed:    5.0s
[Parallel(n_jobs=2)]: Done  21 tasks      | elapsed:    5.4s
[Parallel(n_jobs=2)]: Done  28 tasks      | elapsed:    5.9s
[Parallel(n_jobs=2)]: Done  37 tasks      | elapsed:    6.4s
[Parallel(n_jobs=2)]: Batch computation too fast (0.19257505526130564s.) Setting batch_size=2.
[Parallel(n_jobs=2)]: Done  46 tasks      | elapsed:    6.8s
[Parallel(n_jobs=2)]: Done  66 tasks      | elapsed:    7.8s
[Parallel(n_jobs=2)]: Done  88 tasks      | elapsed:    8.9s
[Parallel(n_jobs=2)]: Done 114 tasks      | elapsed:   10.2s
[Parallel(n_jobs=2)]: Done 140 tasks      | elapsed:   11.3s
[Parallel(n_jobs=2)]: Done 170 tasks      | elapsed:   12.8s
[Parallel(n_jobs=2)]: Done 200 tasks      | elapsed:   14.4s
[Parallel(n_jobs=2)]: Done 234 tasks      | elapsed:   16.2s
[Parallel(n_jobs=2)]: Done 268 tasks      | elapsed:   18.2s
[Parallel(n_jobs=2)]: Done 306 tasks      | elapsed:   20.6s
[Parallel(n_jobs=2)]: Done 344 tasks      | elapsed:   22.7s
[Parallel(n_jobs=2)]: Done 386 tasks      | elapsed:   25.2s
[Parallel(n_jobs=2)]: Done 428 tasks      | elapsed:   27.7s
[Parallel(n_jobs=2)]: Done 474 tasks      | elapsed:   30.5s
[Parallel(n_jobs=2)]: Done 520 tasks      | elapsed:   33.3s
[Parallel(n_jobs=2)]: Done 570 tasks      | elapsed:   35.8s
[Parallel(n_jobs=2)]: Done 600 out of 600 | elapsed:   37.1s finished
Fitting 5 folds for each of 216 candidates, totalling 1080 fits
Distribuzione label: quantinuum_h2_56=522, ibm_falcon_127=67, ibm_falcon_27=11
Device selector installato: /home/elio/Tesi/.venv/lib/python3.12/site-packages/mqt/predictor/ml/training_data/trained_model/trained_clf_expected_fidelity.joblib
Backup precedente: /home/elio/Tesi/artifacts/device_selector/expected_fidelity/backups/20260731_184826
Esegui ora anche il backup versionabile: python scripts/model_store.py export
