
--- robust worker start 2026-08-01T08:28:16.496991+00:00 pid=4212 device=ibm_heron_156 ---
mqt-predictor - INFO - Init env: expected_fidelity
job=ae_indep_qiskit_2|ibm_heron_156 azione_RL=RemoveDiagonalGatesBeforeMeasure
job=ae_indep_qiskit_2|ibm_heron_156 azione_RL=CommutativeCancellation
job=ae_indep_qiskit_2|ibm_heron_156 azione_RL=BQSKitO2
job=ae_indep_qiskit_2|ibm_heron_156 azione_RL=FullPeepholeOptimiseCX
job=ae_indep_qiskit_2|ibm_heron_156 azione_RL=QiskitO3
job=ae_indep_qiskit_2|ibm_heron_156 azione_RL=BQSKitO2
job=ae_indep_qiskit_2|ibm_heron_156 azione_RL=Opt2qBlocks
job=ae_indep_qiskit_2|ibm_heron_156 azione_RL=RemoveDiagonalGatesBeforeMeasure
job=ae_indep_qiskit_2|ibm_heron_156 azione_RL=CommutativeCancellation
job=ae_indep_qiskit_2|ibm_heron_156 azione_RL=CommutativeInverseCancellation
job=ae_indep_qiskit_2|ibm_heron_156 azione_RL=CommutativeInverseCancellation
job=ae_indep_qiskit_2|ibm_heron_156 azione_RL=OptimizeCliffords
job=ae_indep_qiskit_2|ibm_heron_156 azione_RL=QiskitO3
job=ae_indep_qiskit_2|ibm_heron_156 azione_RL=CommutativeInverseCancellation
job=ae_indep_qiskit_2|ibm_heron_156 azione_RL=RemoveRedundancies
job=ae_indep_qiskit_2|ibm_heron_156 azione_RL=CommutativeInverseCancellation
job=ae_indep_qiskit_2|ibm_heron_156 azione_RL=PeepholeOptimise2Q
job=ae_indep_qiskit_2|ibm_heron_156 azione_RL=FullPeepholeOptimiseCX
job=ae_indep_qiskit_2|ibm_heron_156 azione_RL=Opt2qBlocks
job=ae_indep_qiskit_2|ibm_heron_156 azione_RL=CommutativeCancellation
job=ae_indep_qiskit_2|ibm_heron_156 azione_RL=RemoveDiagonalGatesBeforeMeasure
job=ae_indep_qiskit_2|ibm_heron_156 azione_RL=FullPeepholeOptimiseCX
job=ae_indep_qiskit_2|ibm_heron_156 azione_RL=PeepholeOptimise2Q
job=ae_indep_qiskit_2|ibm_heron_156 azione_RL=BQSKitO2
job=ae_indep_qiskit_2|ibm_heron_156 azione_RL=QiskitO3
job=ae_indep_qiskit_2|ibm_heron_156 azione_RL=RemoveDiagonalGatesBeforeMeasure
job=ae_indep_qiskit_2|ibm_heron_156 azione_RL=BQSKitO2
job=ae_indep_qiskit_2|ibm_heron_156 azione_RL=RemoveDiagonalGatesBeforeMeasure
job=ae_indep_qiskit_2|ibm_heron_156 azione_RL=InverseCancellation
job=ae_indep_qiskit_2|ibm_heron_156 azione_RL=BQSKitO2
job=ae_indep_qiskit_2|ibm_heron_156 azione_RL=BQSKitO2
job=ae_indep_qiskit_2|ibm_heron_156 azione_RL=BQSKitO2
job=ae_indep_qiskit_2|ibm_heron_156 azione_RL=BQSKitSynthesis
job=ae_indep_qiskit_2|ibm_heron_156 azione_RL=BQSKitO2
job=ae_indep_qiskit_2|ibm_heron_156 azione_RL=RemoveDiagonalGatesBeforeMeasure
job=ae_indep_qiskit_2|ibm_heron_156 azione_RL=CliffordSimp
job=ae_indep_qiskit_2|ibm_heron_156 azione_RL=Opt2qBlocks
job=ae_indep_qiskit_2|ibm_heron_156 azione_RL=RemoveDiagonalGatesBeforeMeasure
job=ae_indep_qiskit_2|ibm_heron_156 azione_RL=BQSKitSynthesis
job=ae_indep_qiskit_2|ibm_heron_156 azione_RL=CommutativeInverseCancellation
job=ae_indep_qiskit_2|ibm_heron_156 azione_RL=CommutativeCancellation
job=ae_indep_qiskit_2|ibm_heron_156 azione_RL=RemoveDiagonalGatesBeforeMeasure
job=ae_indep_qiskit_2|ibm_heron_156 azione_RL=CliffordSimp
job=ae_indep_qiskit_2|ibm_heron_156 azione_RL=InverseCancellation
job=ae_indep_qiskit_2|ibm_heron_156 azione_RL=FullPeepholeOptimiseCX
job=ae_indep_qiskit_2|ibm_heron_156 azione_RL=FullPeepholeOptimiseCX
job=ae_indep_qiskit_2|ibm_heron_156 azione_RL=CliffordSimp
job=ae_indep_qiskit_2|ibm_heron_156 azione_RL=CommutativeInverseCancellation
job=ae_indep_qiskit_2|ibm_heron_156 azione_RL=FullPeepholeOptimiseCX
job=ae_indep_qiskit_2|ibm_heron_156 azione_RL=FullPeepholeOptimiseCX
job=ae_indep_qiskit_2|ibm_heron_156 azione_RL=OptimizeCliffords
job=ae_indep_qiskit_2|ibm_heron_156 azione_RL=InverseCancellation
job=ae_indep_qiskit_2|ibm_heron_156 azione_RL=OptimizeCliffords
job=ae_indep_qiskit_2|ibm_heron_156 azione_RL=BQSKitO2
job=ae_indep_qiskit_2|ibm_heron_156 azione_RL=CommutativeInverseCancellation
job=ae_indep_qiskit_2|ibm_heron_156 azione_RL=InverseCancellation
job=ae_indep_qiskit_2|ibm_heron_156 azione_RL=Opt2qBlocks
job=ae_indep_qiskit_2|ibm_heron_156 azione_RL=BQSKitO2
job=ae_indep_qiskit_2|ibm_heron_156 azione_RL=BQSKitO2
job=ae_indep_qiskit_2|ibm_heron_156 azione_RL=BQSKitO2
job=ae_indep_qiskit_2|ibm_heron_156 azione_RL=CommutativeCancellation
job=ae_indep_qiskit_2|ibm_heron_156 azione_RL=RemoveRedundancies
job=ae_indep_qiskit_2|ibm_heron_156 azione_RL=CommutativeCancellation
job=ae_indep_qiskit_2|ibm_heron_156 azione_RL=QiskitO3
job=ae_indep_qiskit_2|ibm_heron_156 azione_RL=InverseCancellation
job=ae_indep_qiskit_2|ibm_heron_156 azione_RL=QiskitO3
job=ae_indep_qiskit_2|ibm_heron_156 azione_RL=BQSKitMapping
job=ae_indep_qiskit_2|ibm_heron_156 fallback=QiskitO2

--- robust worker start 2026-08-01T08:29:19.793214+00:00 pid=5331 device=ibm_heron_156 ---
mqt-predictor - INFO - Init env: expected_fidelity
job=ae_indep_tket_2|ibm_heron_156 azione_RL=BQSKitO2
job=ae_indep_tket_2|ibm_heron_156 azione_RL=FullPeepholeOptimiseCX
job=ae_indep_tket_2|ibm_heron_156 azione_RL=OptimizeCliffords
job=ae_indep_tket_2|ibm_heron_156 azione_RL=QiskitO3
job=ae_indep_tket_2|ibm_heron_156 azione_RL=VF2Layout
job=ae_indep_tket_2|ibm_heron_156 fallback=QiskitO2
job=dj_indep_qiskit_2|ibm_heron_156 azione_RL=BQSKitO2
job=dj_indep_qiskit_2|ibm_heron_156 azione_RL=FullPeepholeOptimiseCX
job=dj_indep_qiskit_2|ibm_heron_156 azione_RL=BQSKitSynthesis
job=dj_indep_qiskit_2|ibm_heron_156 azione_RL=QiskitO3
job=dj_indep_qiskit_2|ibm_heron_156 azione_RL=VF2Layout
job=dj_indep_qiskit_2|ibm_heron_156 fallback=QiskitO2
job=dj_indep_tket_2|ibm_heron_156 azione_RL=BQSKitO2
job=dj_indep_tket_2|ibm_heron_156 azione_RL=FullPeepholeOptimiseCX
job=dj_indep_tket_2|ibm_heron_156 azione_RL=BQSKitSynthesis
job=dj_indep_tket_2|ibm_heron_156 azione_RL=QiskitO3
job=dj_indep_tket_2|ibm_heron_156 azione_RL=VF2Layout
job=dj_indep_tket_2|ibm_heron_156 fallback=QiskitO2
job=qft_indep_qiskit_2|ibm_heron_156 azione_RL=BQSKitO2
job=qft_indep_qiskit_2|ibm_heron_156 azione_RL=FullPeepholeOptimiseCX
job=qft_indep_qiskit_2|ibm_heron_156 azione_RL=OptimizeCliffords
job=qft_indep_qiskit_2|ibm_heron_156 azione_RL=QiskitO3
job=qft_indep_qiskit_2|ibm_heron_156 azione_RL=VF2Layout
job=qft_indep_qiskit_2|ibm_heron_156 fallback=QiskitO2
job=qft_indep_tket_2|ibm_heron_156 azione_RL=BQSKitO2
job=qft_indep_tket_2|ibm_heron_156 azione_RL=FullPeepholeOptimiseCX
job=qft_indep_tket_2|ibm_heron_156 azione_RL=OptimizeCliffords
job=qft_indep_tket_2|ibm_heron_156 azione_RL=QiskitO3
job=qft_indep_tket_2|ibm_heron_156 azione_RL=VF2Layout
job=qft_indep_tket_2|ibm_heron_156 fallback=QiskitO2
job=qftentangled_indep_qiskit_2|ibm_heron_156 azione_RL=BQSKitO2
job=qftentangled_indep_qiskit_2|ibm_heron_156 azione_RL=FullPeepholeOptimiseCX
job=qftentangled_indep_qiskit_2|ibm_heron_156 azione_RL=OptimizeCliffords
job=qftentangled_indep_qiskit_2|ibm_heron_156 azione_RL=QiskitO3
job=qftentangled_indep_qiskit_2|ibm_heron_156 azione_RL=VF2Layout
job=qftentangled_indep_qiskit_2|ibm_heron_156 fallback=QiskitO2
job=qftentangled_indep_tket_2|ibm_heron_156 azione_RL=BQSKitO2
job=qftentangled_indep_tket_2|ibm_heron_156 azione_RL=FullPeepholeOptimiseCX
job=qftentangled_indep_tket_2|ibm_heron_156 azione_RL=OptimizeCliffords
job=qftentangled_indep_tket_2|ibm_heron_156 azione_RL=QiskitO3
job=qftentangled_indep_tket_2|ibm_heron_156 azione_RL=VF2Layout
job=qftentangled_indep_tket_2|ibm_heron_156 fallback=QiskitO2
job=qnn_indep_qiskit_2|ibm_heron_156 azione_RL=BQSKitO2
job=qnn_indep_qiskit_2|ibm_heron_156 azione_RL=FullPeepholeOptimiseCX
job=qnn_indep_qiskit_2|ibm_heron_156 azione_RL=OptimizeCliffords
job=qnn_indep_qiskit_2|ibm_heron_156 azione_RL=QiskitO3
job=qnn_indep_qiskit_2|ibm_heron_156 azione_RL=VF2Layout
job=qnn_indep_qiskit_2|ibm_heron_156 fallback=QiskitO2
job=qnn_indep_tket_2|ibm_heron_156 azione_RL=BQSKitO2
job=qnn_indep_tket_2|ibm_heron_156 azione_RL=FullPeepholeOptimiseCX
job=qnn_indep_tket_2|ibm_heron_156 azione_RL=OptimizeCliffords
job=qnn_indep_tket_2|ibm_heron_156 azione_RL=QiskitO3
job=qnn_indep_tket_2|ibm_heron_156 azione_RL=VF2Layout
job=qnn_indep_tket_2|ibm_heron_156 fallback=QiskitO2
job=qpeexact_indep_qiskit_2|ibm_heron_156 azione_RL=BQSKitO2
job=qpeexact_indep_qiskit_2|ibm_heron_156 azione_RL=FullPeepholeOptimiseCX
job=qpeexact_indep_qiskit_2|ibm_heron_156 azione_RL=OptimizeCliffords
job=qpeexact_indep_qiskit_2|ibm_heron_156 azione_RL=QiskitO3
job=qpeexact_indep_qiskit_2|ibm_heron_156 azione_RL=VF2Layout
job=qpeexact_indep_qiskit_2|ibm_heron_156 fallback=QiskitO2
job=qpeexact_indep_tket_2|ibm_heron_156 azione_RL=BQSKitO2
job=qpeexact_indep_tket_2|ibm_heron_156 azione_RL=FullPeepholeOptimiseCX
job=qpeexact_indep_tket_2|ibm_heron_156 azione_RL=OptimizeCliffords
job=qpeexact_indep_tket_2|ibm_heron_156 azione_RL=QiskitO3
job=qpeexact_indep_tket_2|ibm_heron_156 azione_RL=VF2Layout
job=qpeexact_indep_tket_2|ibm_heron_156 fallback=QiskitO2
job=qpeinexact_indep_qiskit_2|ibm_heron_156 azione_RL=BQSKitO2
job=qpeinexact_indep_qiskit_2|ibm_heron_156 azione_RL=FullPeepholeOptimiseCX
job=qpeinexact_indep_qiskit_2|ibm_heron_156 azione_RL=BQSKitSynthesis
job=qpeinexact_indep_qiskit_2|ibm_heron_156 azione_RL=QiskitO3
job=qpeinexact_indep_qiskit_2|ibm_heron_156 azione_RL=VF2Layout
job=qpeinexact_indep_qiskit_2|ibm_heron_156 fallback=QiskitO2
job=qpeinexact_indep_tket_2|ibm_heron_156 azione_RL=BQSKitO2
job=qpeinexact_indep_tket_2|ibm_heron_156 azione_RL=FullPeepholeOptimiseCX
job=qpeinexact_indep_tket_2|ibm_heron_156 azione_RL=BQSKitSynthesis
job=qpeinexact_indep_tket_2|ibm_heron_156 azione_RL=QiskitO3
job=qpeinexact_indep_tket_2|ibm_heron_156 azione_RL=VF2Layout
job=qpeinexact_indep_tket_2|ibm_heron_156 fallback=QiskitO2
job=random_indep_qiskit_2|ibm_heron_156 azione_RL=BQSKitO2
job=random_indep_qiskit_2|ibm_heron_156 azione_RL=FullPeepholeOptimiseCX
job=random_indep_qiskit_2|ibm_heron_156 azione_RL=OptimizeCliffords
job=random_indep_qiskit_2|ibm_heron_156 azione_RL=QiskitO3
job=random_indep_qiskit_2|ibm_heron_156 azione_RL=VF2Layout
job=random_indep_qiskit_2|ibm_heron_156 fallback=QiskitO2
job=random_indep_tket_2|ibm_heron_156 azione_RL=BQSKitO2
job=random_indep_tket_2|ibm_heron_156 azione_RL=FullPeepholeOptimiseCX
job=random_indep_tket_2|ibm_heron_156 azione_RL=OptimizeCliffords
job=random_indep_tket_2|ibm_heron_156 azione_RL=QiskitO3
job=random_indep_tket_2|ibm_heron_156 azione_RL=VF2Layout
job=random_indep_tket_2|ibm_heron_156 fallback=QiskitO2
job=realamprandom_indep_qiskit_2|ibm_heron_156 azione_RL=BQSKitO2
job=realamprandom_indep_qiskit_2|ibm_heron_156 azione_RL=FullPeepholeOptimiseCX
job=realamprandom_indep_qiskit_2|ibm_heron_156 azione_RL=OptimizeCliffords
job=realamprandom_indep_qiskit_2|ibm_heron_156 azione_RL=QiskitO3
job=realamprandom_indep_qiskit_2|ibm_heron_156 azione_RL=VF2Layout
job=realamprandom_indep_qiskit_2|ibm_heron_156 fallback=QiskitO2
job=realamprandom_indep_tket_2|ibm_heron_156 azione_RL=BQSKitO2
job=realamprandom_indep_tket_2|ibm_heron_156 azione_RL=FullPeepholeOptimiseCX
job=realamprandom_indep_tket_2|ibm_heron_156 azione_RL=OptimizeCliffords
job=realamprandom_indep_tket_2|ibm_heron_156 azione_RL=QiskitO3
job=realamprandom_indep_tket_2|ibm_heron_156 azione_RL=VF2Layout
job=realamprandom_indep_tket_2|ibm_heron_156 fallback=QiskitO2
job=routing_indep_qiskit_2|ibm_heron_156 azione_RL=BQSKitO2
job=routing_indep_qiskit_2|ibm_heron_156 azione_RL=FullPeepholeOptimiseCX
job=routing_indep_qiskit_2|ibm_heron_156 azione_RL=OptimizeCliffords
job=routing_indep_qiskit_2|ibm_heron_156 azione_RL=QiskitO3
job=routing_indep_qiskit_2|ibm_heron_156 azione_RL=VF2Layout
job=routing_indep_qiskit_2|ibm_heron_156 fallback=QiskitO2
job=routing_indep_tket_2|ibm_heron_156 azione_RL=BQSKitO2
job=routing_indep_tket_2|ibm_heron_156 azione_RL=FullPeepholeOptimiseCX
job=routing_indep_tket_2|ibm_heron_156 azione_RL=OptimizeCliffords
job=routing_indep_tket_2|ibm_heron_156 azione_RL=QiskitO3
job=routing_indep_tket_2|ibm_heron_156 azione_RL=VF2Layout
job=routing_indep_tket_2|ibm_heron_156 fallback=QiskitO2
job=su2random_indep_qiskit_2|ibm_heron_156 azione_RL=BQSKitO2
job=su2random_indep_qiskit_2|ibm_heron_156 azione_RL=FullPeepholeOptimiseCX
job=su2random_indep_qiskit_2|ibm_heron_156 azione_RL=OptimizeCliffords
job=su2random_indep_qiskit_2|ibm_heron_156 azione_RL=QiskitO3
job=su2random_indep_qiskit_2|ibm_heron_156 azione_RL=VF2Layout
job=su2random_indep_qiskit_2|ibm_heron_156 fallback=QiskitO2
job=su2random_indep_tket_2|ibm_heron_156 azione_RL=BQSKitO2
job=su2random_indep_tket_2|ibm_heron_156 azione_RL=FullPeepholeOptimiseCX
job=su2random_indep_tket_2|ibm_heron_156 azione_RL=OptimizeCliffords
job=su2random_indep_tket_2|ibm_heron_156 azione_RL=QiskitO3
job=su2random_indep_tket_2|ibm_heron_156 azione_RL=VF2Layout
job=su2random_indep_tket_2|ibm_heron_156 fallback=QiskitO2
job=twolocalrandom_indep_qiskit_2|ibm_heron_156 azione_RL=BQSKitO2
job=twolocalrandom_indep_qiskit_2|ibm_heron_156 azione_RL=FullPeepholeOptimiseCX
job=twolocalrandom_indep_qiskit_2|ibm_heron_156 azione_RL=OptimizeCliffords
job=twolocalrandom_indep_qiskit_2|ibm_heron_156 azione_RL=QiskitO3
job=twolocalrandom_indep_qiskit_2|ibm_heron_156 azione_RL=VF2Layout
job=twolocalrandom_indep_qiskit_2|ibm_heron_156 fallback=QiskitO2
job=twolocalrandom_indep_tket_2|ibm_heron_156 azione_RL=BQSKitO2
job=twolocalrandom_indep_tket_2|ibm_heron_156 azione_RL=FullPeepholeOptimiseCX
job=twolocalrandom_indep_tket_2|ibm_heron_156 azione_RL=OptimizeCliffords
job=twolocalrandom_indep_tket_2|ibm_heron_156 azione_RL=QiskitO3
job=twolocalrandom_indep_tket_2|ibm_heron_156 azione_RL=VF2Layout
job=twolocalrandom_indep_tket_2|ibm_heron_156 fallback=QiskitO2
job=wstate_indep_qiskit_2|ibm_heron_156 azione_RL=BQSKitO2
job=wstate_indep_qiskit_2|ibm_heron_156 azione_RL=FullPeepholeOptimiseCX
job=wstate_indep_qiskit_2|ibm_heron_156 azione_RL=OptimizeCliffords
job=wstate_indep_qiskit_2|ibm_heron_156 azione_RL=QiskitO3
job=wstate_indep_qiskit_2|ibm_heron_156 azione_RL=VF2Layout
job=wstate_indep_qiskit_2|ibm_heron_156 fallback=QiskitO2
job=wstate_indep_tket_2|ibm_heron_156 azione_RL=BQSKitO2
job=wstate_indep_tket_2|ibm_heron_156 azione_RL=FullPeepholeOptimiseCX
job=wstate_indep_tket_2|ibm_heron_156 azione_RL=OptimizeCliffords
job=wstate_indep_tket_2|ibm_heron_156 azione_RL=QiskitO3
job=wstate_indep_tket_2|ibm_heron_156 azione_RL=VF2Layout
job=wstate_indep_tket_2|ibm_heron_156 fallback=QiskitO2
job=ae_indep_qiskit_3|ibm_heron_156 azione_RL=BQSKitO2
job=ae_indep_qiskit_3|ibm_heron_156 azione_RL=FullPeepholeOptimiseCX
job=ae_indep_qiskit_3|ibm_heron_156 azione_RL=BQSKitSynthesis
job=ae_indep_qiskit_3|ibm_heron_156 azione_RL=QiskitO3
job=ae_indep_qiskit_3|ibm_heron_156 azione_RL=BQSKitSynthesis
job=ae_indep_qiskit_3|ibm_heron_156 azione_RL=InverseCancellation
job=ae_indep_qiskit_3|ibm_heron_156 azione_RL=BQSKitO2
job=ae_indep_qiskit_3|ibm_heron_156 azione_RL=CommutativeInverseCancellation
job=ae_indep_qiskit_3|ibm_heron_156 azione_RL=RemoveDiagonalGatesBeforeMeasure
job=ae_indep_qiskit_3|ibm_heron_156 azione_RL=QiskitO3
job=ae_indep_qiskit_3|ibm_heron_156 azione_RL=RemoveDiagonalGatesBeforeMeasure
job=ae_indep_qiskit_3|ibm_heron_156 azione_RL=BQSKitSynthesis
job=ae_indep_qiskit_3|ibm_heron_156 azione_RL=BasisTranslator
job=ae_indep_qiskit_3|ibm_heron_156 azione_RL=CommutativeInverseCancellation
job=ae_indep_qiskit_3|ibm_heron_156 azione_RL=OptimizeCliffords
job=ae_indep_qiskit_3|ibm_heron_156 azione_RL=FullPeepholeOptimiseCX
job=ae_indep_qiskit_3|ibm_heron_156 azione_RL=BasisTranslator
job=ae_indep_qiskit_3|ibm_heron_156 azione_RL=RemoveDiagonalGatesBeforeMeasure
job=ae_indep_qiskit_3|ibm_heron_156 azione_RL=CommutativeCancellation
job=ae_indep_qiskit_3|ibm_heron_156 azione_RL=Optimize1qGatesDecomposition
job=ae_indep_qiskit_3|ibm_heron_156 azione_RL=CliffordSimp
job=ae_indep_qiskit_3|ibm_heron_156 azione_RL=BQSKitO2
job=ae_indep_qiskit_3|ibm_heron_156 azione_RL=BasisTranslator
job=ae_indep_qiskit_3|ibm_heron_156 azione_RL=PeepholeOptimise2Q
job=ae_indep_qiskit_3|ibm_heron_156 azione_RL=Opt2qBlocks
job=ae_indep_qiskit_3|ibm_heron_156 azione_RL=RemoveRedundancies
job=ae_indep_qiskit_3|ibm_heron_156 azione_RL=RemoveRedundancies
job=ae_indep_qiskit_3|ibm_heron_156 azione_RL=QiskitO3
job=ae_indep_qiskit_3|ibm_heron_156 azione_RL=QiskitO3
job=ae_indep_qiskit_3|ibm_heron_156 azione_RL=RemoveRedundancies
job=ae_indep_qiskit_3|ibm_heron_156 azione_RL=InverseCancellation
job=ae_indep_qiskit_3|ibm_heron_156 azione_RL=QiskitO3
job=ae_indep_qiskit_3|ibm_heron_156 azione_RL=Opt2qBlocks
job=ae_indep_qiskit_3|ibm_heron_156 azione_RL=CommutativeInverseCancellation
job=ae_indep_qiskit_3|ibm_heron_156 azione_RL=RemoveDiagonalGatesBeforeMeasure
job=ae_indep_qiskit_3|ibm_heron_156 azione_RL=FullPeepholeOptimiseCX
job=ae_indep_qiskit_3|ibm_heron_156 azione_RL=RemoveDiagonalGatesBeforeMeasure
job=ae_indep_qiskit_3|ibm_heron_156 azione_RL=Opt2qBlocks
job=ae_indep_qiskit_3|ibm_heron_156 azione_RL=OptimizeCliffords
job=ae_indep_qiskit_3|ibm_heron_156 azione_RL=QiskitO3
job=ae_indep_qiskit_3|ibm_heron_156 azione_RL=RemoveRedundancies
job=ae_indep_qiskit_3|ibm_heron_156 azione_RL=CommutativeCancellation
job=ae_indep_qiskit_3|ibm_heron_156 azione_RL=CommutativeInverseCancellation
job=ae_indep_qiskit_3|ibm_heron_156 azione_RL=BQSKitO2
job=ae_indep_qiskit_3|ibm_heron_156 azione_RL=OptimizeCliffords
job=ae_indep_qiskit_3|ibm_heron_156 azione_RL=BQSKitO2
job=ae_indep_qiskit_3|ibm_heron_156 azione_RL=BQSKitO2
job=ae_indep_qiskit_3|ibm_heron_156 azione_RL=QiskitO3
job=ae_indep_qiskit_3|ibm_heron_156 azione_RL=Optimize1qGatesDecomposition
job=ae_indep_qiskit_3|ibm_heron_156 azione_RL=InverseCancellation
job=ae_indep_qiskit_3|ibm_heron_156 azione_RL=InverseCancellation
job=ae_indep_qiskit_3|ibm_heron_156 azione_RL=RemoveRedundancies
job=ae_indep_qiskit_3|ibm_heron_156 azione_RL=OptimizeCliffords
job=ae_indep_qiskit_3|ibm_heron_156 azione_RL=QiskitO3
job=ae_indep_qiskit_3|ibm_heron_156 azione_RL=CommutativeCancellation
job=ae_indep_qiskit_3|ibm_heron_156 azione_RL=RemoveRedundancies
job=ae_indep_qiskit_3|ibm_heron_156 azione_RL=RemoveDiagonalGatesBeforeMeasure
job=ae_indep_qiskit_3|ibm_heron_156 azione_RL=OptimizeCliffords
job=ae_indep_qiskit_3|ibm_heron_156 azione_RL=CommutativeInverseCancellation
job=ae_indep_qiskit_3|ibm_heron_156 azione_RL=BQSKitSynthesis
job=ae_indep_qiskit_3|ibm_heron_156 azione_RL=BasisTranslator
job=ae_indep_qiskit_3|ibm_heron_156 azione_RL=CommutativeInverseCancellation
job=ae_indep_qiskit_3|ibm_heron_156 azione_RL=RemoveDiagonalGatesBeforeMeasure
job=ae_indep_qiskit_3|ibm_heron_156 azione_RL=BQSKitSynthesis
job=ae_indep_qiskit_3|ibm_heron_156 azione_RL=BQSKitSynthesis
job=ae_indep_qiskit_3|ibm_heron_156 azione_RL=RemoveDiagonalGatesBeforeMeasure
job=ae_indep_qiskit_3|ibm_heron_156 azione_RL=InverseCancellation
job=ae_indep_qiskit_3|ibm_heron_156 azione_RL=BQSKitSynthesis
job=ae_indep_qiskit_3|ibm_heron_156 azione_RL=FullPeepholeOptimiseCX
job=ae_indep_qiskit_3|ibm_heron_156 azione_RL=BQSKitSynthesis
job=ae_indep_qiskit_3|ibm_heron_156 azione_RL=PeepholeOptimise2Q
job=ae_indep_qiskit_3|ibm_heron_156 azione_RL=RemoveDiagonalGatesBeforeMeasure
job=ae_indep_qiskit_3|ibm_heron_156 azione_RL=RemoveRedundancies
job=ae_indep_qiskit_3|ibm_heron_156 azione_RL=Optimize1qGatesDecomposition
job=ae_indep_qiskit_3|ibm_heron_156 azione_RL=RemoveDiagonalGatesBeforeMeasure
job=ae_indep_qiskit_3|ibm_heron_156 azione_RL=BQSKitO2
job=ae_indep_qiskit_3|ibm_heron_156 azione_RL=RemoveRedundancies
job=ae_indep_qiskit_3|ibm_heron_156 azione_RL=QiskitO3
job=ae_indep_qiskit_3|ibm_heron_156 azione_RL=FullPeepholeOptimiseCX
job=ae_indep_qiskit_3|ibm_heron_156 azione_RL=OptimizeCliffords
job=ae_indep_qiskit_3|ibm_heron_156 azione_RL=OptimizeCliffords
job=ae_indep_qiskit_3|ibm_heron_156 azione_RL=InverseCancellation
job=ae_indep_qiskit_3|ibm_heron_156 azione_RL=Opt2qBlocks
job=ae_indep_qiskit_3|ibm_heron_156 azione_RL=InverseCancellation
job=ae_indep_qiskit_3|ibm_heron_156 azione_RL=QiskitO3
job=ae_indep_qiskit_3|ibm_heron_156 azione_RL=Optimize1qGatesDecomposition
job=ae_indep_qiskit_3|ibm_heron_156 azione_RL=FullPeepholeOptimiseCX
job=ae_indep_qiskit_3|ibm_heron_156 azione_RL=Opt2qBlocks
job=ae_indep_qiskit_3|ibm_heron_156 azione_RL=FullPeepholeOptimiseCX
job=ae_indep_qiskit_3|ibm_heron_156 azione_RL=RemoveRedundancies
job=ae_indep_qiskit_3|ibm_heron_156 azione_RL=BQSKitSynthesis
job=ae_indep_qiskit_3|ibm_heron_156 azione_RL=BasisTranslator
job=ae_indep_qiskit_3|ibm_heron_156 azione_RL=QiskitO3
job=ae_indep_qiskit_3|ibm_heron_156 azione_RL=CliffordSimp
job=ae_indep_qiskit_3|ibm_heron_156 azione_RL=CommutativeCancellation
job=ae_indep_qiskit_3|ibm_heron_156 azione_RL=RemoveDiagonalGatesBeforeMeasure
job=ae_indep_qiskit_3|ibm_heron_156 azione_RL=Opt2qBlocks
job=ae_indep_qiskit_3|ibm_heron_156 azione_RL=CommutativeCancellation
job=ae_indep_qiskit_3|ibm_heron_156 azione_RL=PeepholeOptimise2Q
job=ae_indep_qiskit_3|ibm_heron_156 azione_RL=QiskitO3
job=ae_indep_qiskit_3|ibm_heron_156 azione_RL=CommutativeInverseCancellation
job=ae_indep_qiskit_3|ibm_heron_156 azione_RL=FullPeepholeOptimiseCX
job=ae_indep_qiskit_3|ibm_heron_156 azione_RL=BQSKitO2
job=ae_indep_qiskit_3|ibm_heron_156 azione_RL=InverseCancellation
job=ae_indep_qiskit_3|ibm_heron_156 azione_RL=BQSKitSynthesis
job=ae_indep_qiskit_3|ibm_heron_156 azione_RL=QiskitO3
job=ae_indep_qiskit_3|ibm_heron_156 azione_RL=Opt2qBlocks
job=ae_indep_qiskit_3|ibm_heron_156 azione_RL=RemoveRedundancies
job=ae_indep_qiskit_3|ibm_heron_156 azione_RL=QiskitO3
job=ae_indep_qiskit_3|ibm_heron_156 azione_RL=CommutativeCancellation
job=ae_indep_qiskit_3|ibm_heron_156 azione_RL=CommutativeCancellation
job=ae_indep_qiskit_3|ibm_heron_156 azione_RL=RemoveRedundancies
job=ae_indep_qiskit_3|ibm_heron_156 azione_RL=BQSKitO2
job=ae_indep_qiskit_3|ibm_heron_156 azione_RL=QiskitO3
job=ae_indep_qiskit_3|ibm_heron_156 azione_RL=CommutativeInverseCancellation
job=ae_indep_qiskit_3|ibm_heron_156 azione_RL=InverseCancellation
job=ae_indep_qiskit_3|ibm_heron_156 azione_RL=CliffordSimp
job=ae_indep_qiskit_3|ibm_heron_156 azione_RL=QiskitO3
job=ae_indep_qiskit_3|ibm_heron_156 azione_RL=RemoveDiagonalGatesBeforeMeasure
job=ae_indep_qiskit_3|ibm_heron_156 azione_RL=QiskitO3
job=ae_indep_qiskit_3|ibm_heron_156 azione_RL=BQSKitSynthesis
job=ae_indep_qiskit_3|ibm_heron_156 azione_RL=PeepholeOptimise2Q
job=ae_indep_qiskit_3|ibm_heron_156 azione_RL=InverseCancellation
job=ae_indep_qiskit_3|ibm_heron_156 azione_RL=BQSKitO2
job=ae_indep_qiskit_3|ibm_heron_156 azione_RL=FullPeepholeOptimiseCX
job=ae_indep_qiskit_3|ibm_heron_156 azione_RL=BasisTranslator
job=ae_indep_qiskit_3|ibm_heron_156 azione_RL=BQSKitSynthesis
job=ae_indep_qiskit_3|ibm_heron_156 azione_RL=BQSKitO2
job=ae_indep_qiskit_3|ibm_heron_156 azione_RL=CliffordSimp
job=ae_indep_qiskit_3|ibm_heron_156 azione_RL=RemoveRedundancies
job=ae_indep_qiskit_3|ibm_heron_156 azione_RL=BasisTranslator
job=ae_indep_qiskit_3|ibm_heron_156 azione_RL=Optimize1qGatesDecomposition
job=ae_indep_qiskit_3|ibm_heron_156 azione_RL=RemoveRedundancies
job=ae_indep_qiskit_3|ibm_heron_156 azione_RL=OptimizeCliffords
job=ae_indep_qiskit_3|ibm_heron_156 azione_RL=InverseCancellation
job=ae_indep_qiskit_3|ibm_heron_156 azione_RL=PeepholeOptimise2Q
job=ae_indep_qiskit_3|ibm_heron_156 azione_RL=QiskitO3
job=ae_indep_qiskit_3|ibm_heron_156 azione_RL=BQSKitO2
job=ae_indep_qiskit_3|ibm_heron_156 azione_RL=QiskitO3
job=ae_indep_qiskit_3|ibm_heron_156 azione_RL=BQSKitO2
job=ae_indep_qiskit_3|ibm_heron_156 azione_RL=BQSKitSynthesis
job=ae_indep_qiskit_3|ibm_heron_156 azione_RL=BQSKitO2
job=ae_indep_qiskit_3|ibm_heron_156 fallback=QiskitO2
job=ae_indep_tket_3|ibm_heron_156 azione_RL=BQSKitO2
job=ae_indep_tket_3|ibm_heron_156 azione_RL=FullPeepholeOptimiseCX
job=ae_indep_tket_3|ibm_heron_156 azione_RL=BQSKitSynthesis
job=ae_indep_tket_3|ibm_heron_156 azione_RL=QiskitO3
job=ae_indep_tket_3|ibm_heron_156 azione_RL=BQSKitSynthesis
job=ae_indep_tket_3|ibm_heron_156 azione_RL=InverseCancellation
job=ae_indep_tket_3|ibm_heron_156 azione_RL=BQSKitO2
job=ae_indep_tket_3|ibm_heron_156 azione_RL=CommutativeInverseCancellation
job=ae_indep_tket_3|ibm_heron_156 azione_RL=RemoveDiagonalGatesBeforeMeasure
job=ae_indep_tket_3|ibm_heron_156 azione_RL=QiskitO3
job=ae_indep_tket_3|ibm_heron_156 azione_RL=RemoveDiagonalGatesBeforeMeasure
job=ae_indep_tket_3|ibm_heron_156 azione_RL=BQSKitSynthesis
job=ae_indep_tket_3|ibm_heron_156 azione_RL=BasisTranslator
job=ae_indep_tket_3|ibm_heron_156 azione_RL=CommutativeInverseCancellation
job=ae_indep_tket_3|ibm_heron_156 azione_RL=OptimizeCliffords
job=ae_indep_tket_3|ibm_heron_156 azione_RL=FullPeepholeOptimiseCX
job=ae_indep_tket_3|ibm_heron_156 azione_RL=BasisTranslator
job=ae_indep_tket_3|ibm_heron_156 azione_RL=RemoveDiagonalGatesBeforeMeasure
job=ae_indep_tket_3|ibm_heron_156 azione_RL=CommutativeCancellation
job=ae_indep_tket_3|ibm_heron_156 azione_RL=Optimize1qGatesDecomposition
job=ae_indep_tket_3|ibm_heron_156 azione_RL=CliffordSimp
job=ae_indep_tket_3|ibm_heron_156 azione_RL=BQSKitO2
job=ae_indep_tket_3|ibm_heron_156 azione_RL=BasisTranslator
job=ae_indep_tket_3|ibm_heron_156 azione_RL=PeepholeOptimise2Q
job=ae_indep_tket_3|ibm_heron_156 azione_RL=Opt2qBlocks
job=ae_indep_tket_3|ibm_heron_156 azione_RL=RemoveRedundancies
job=ae_indep_tket_3|ibm_heron_156 azione_RL=RemoveRedundancies
job=ae_indep_tket_3|ibm_heron_156 azione_RL=QiskitO3
job=ae_indep_tket_3|ibm_heron_156 azione_RL=QiskitO3
job=ae_indep_tket_3|ibm_heron_156 azione_RL=RemoveRedundancies
job=ae_indep_tket_3|ibm_heron_156 azione_RL=InverseCancellation
job=ae_indep_tket_3|ibm_heron_156 azione_RL=QiskitO3
job=ae_indep_tket_3|ibm_heron_156 azione_RL=Opt2qBlocks
job=ae_indep_tket_3|ibm_heron_156 azione_RL=CommutativeInverseCancellation
job=ae_indep_tket_3|ibm_heron_156 azione_RL=RemoveDiagonalGatesBeforeMeasure
job=ae_indep_tket_3|ibm_heron_156 azione_RL=FullPeepholeOptimiseCX
job=ae_indep_tket_3|ibm_heron_156 azione_RL=RemoveDiagonalGatesBeforeMeasure
job=ae_indep_tket_3|ibm_heron_156 azione_RL=Opt2qBlocks
job=ae_indep_tket_3|ibm_heron_156 azione_RL=OptimizeCliffords
job=ae_indep_tket_3|ibm_heron_156 azione_RL=QiskitO3
job=ae_indep_tket_3|ibm_heron_156 azione_RL=RemoveRedundancies
job=ae_indep_tket_3|ibm_heron_156 azione_RL=CommutativeCancellation
job=ae_indep_tket_3|ibm_heron_156 azione_RL=CommutativeInverseCancellation
job=ae_indep_tket_3|ibm_heron_156 azione_RL=BQSKitO2
job=ae_indep_tket_3|ibm_heron_156 azione_RL=OptimizeCliffords
job=ae_indep_tket_3|ibm_heron_156 azione_RL=BQSKitO2
job=ae_indep_tket_3|ibm_heron_156 azione_RL=BQSKitO2
job=ae_indep_tket_3|ibm_heron_156 azione_RL=QiskitO3
job=ae_indep_tket_3|ibm_heron_156 azione_RL=Optimize1qGatesDecomposition
job=ae_indep_tket_3|ibm_heron_156 azione_RL=InverseCancellation
job=ae_indep_tket_3|ibm_heron_156 azione_RL=InverseCancellation
job=ae_indep_tket_3|ibm_heron_156 azione_RL=RemoveRedundancies
job=ae_indep_tket_3|ibm_heron_156 azione_RL=OptimizeCliffords
job=ae_indep_tket_3|ibm_heron_156 azione_RL=QiskitO3
job=ae_indep_tket_3|ibm_heron_156 azione_RL=CommutativeCancellation
job=ae_indep_tket_3|ibm_heron_156 azione_RL=RemoveRedundancies
job=ae_indep_tket_3|ibm_heron_156 azione_RL=RemoveDiagonalGatesBeforeMeasure
job=ae_indep_tket_3|ibm_heron_156 azione_RL=OptimizeCliffords
job=ae_indep_tket_3|ibm_heron_156 azione_RL=CommutativeInverseCancellation
job=ae_indep_tket_3|ibm_heron_156 azione_RL=BQSKitSynthesis
job=ae_indep_tket_3|ibm_heron_156 azione_RL=BasisTranslator
job=ae_indep_tket_3|ibm_heron_156 azione_RL=CommutativeInverseCancellation
job=ae_indep_tket_3|ibm_heron_156 azione_RL=RemoveDiagonalGatesBeforeMeasure
job=ae_indep_tket_3|ibm_heron_156 azione_RL=BQSKitSynthesis
job=ae_indep_tket_3|ibm_heron_156 azione_RL=BQSKitSynthesis
job=ae_indep_tket_3|ibm_heron_156 azione_RL=RemoveDiagonalGatesBeforeMeasure
job=ae_indep_tket_3|ibm_heron_156 azione_RL=InverseCancellation
job=ae_indep_tket_3|ibm_heron_156 azione_RL=BQSKitSynthesis
job=ae_indep_tket_3|ibm_heron_156 azione_RL=FullPeepholeOptimiseCX
job=ae_indep_tket_3|ibm_heron_156 azione_RL=BQSKitSynthesis
job=ae_indep_tket_3|ibm_heron_156 azione_RL=PeepholeOptimise2Q
job=ae_indep_tket_3|ibm_heron_156 azione_RL=RemoveDiagonalGatesBeforeMeasure
job=ae_indep_tket_3|ibm_heron_156 azione_RL=RemoveRedundancies
job=ae_indep_tket_3|ibm_heron_156 azione_RL=Optimize1qGatesDecomposition
job=ae_indep_tket_3|ibm_heron_156 azione_RL=RemoveDiagonalGatesBeforeMeasure
job=ae_indep_tket_3|ibm_heron_156 azione_RL=BQSKitO2
job=ae_indep_tket_3|ibm_heron_156 azione_RL=RemoveRedundancies
job=ae_indep_tket_3|ibm_heron_156 azione_RL=QiskitO3
job=ae_indep_tket_3|ibm_heron_156 azione_RL=FullPeepholeOptimiseCX
job=ae_indep_tket_3|ibm_heron_156 azione_RL=OptimizeCliffords
job=ae_indep_tket_3|ibm_heron_156 azione_RL=OptimizeCliffords
job=ae_indep_tket_3|ibm_heron_156 azione_RL=InverseCancellation
job=ae_indep_tket_3|ibm_heron_156 azione_RL=Opt2qBlocks
job=ae_indep_tket_3|ibm_heron_156 azione_RL=InverseCancellation
job=ae_indep_tket_3|ibm_heron_156 azione_RL=QiskitO3
job=ae_indep_tket_3|ibm_heron_156 azione_RL=Optimize1qGatesDecomposition
job=ae_indep_tket_3|ibm_heron_156 azione_RL=FullPeepholeOptimiseCX
job=ae_indep_tket_3|ibm_heron_156 azione_RL=Opt2qBlocks
job=ae_indep_tket_3|ibm_heron_156 azione_RL=FullPeepholeOptimiseCX
job=ae_indep_tket_3|ibm_heron_156 azione_RL=RemoveRedundancies
job=ae_indep_tket_3|ibm_heron_156 azione_RL=BQSKitSynthesis
job=ae_indep_tket_3|ibm_heron_156 azione_RL=BasisTranslator
job=ae_indep_tket_3|ibm_heron_156 azione_RL=QiskitO3
job=ae_indep_tket_3|ibm_heron_156 azione_RL=CliffordSimp
job=ae_indep_tket_3|ibm_heron_156 azione_RL=CommutativeCancellation
job=ae_indep_tket_3|ibm_heron_156 azione_RL=RemoveDiagonalGatesBeforeMeasure
job=ae_indep_tket_3|ibm_heron_156 azione_RL=Opt2qBlocks
job=ae_indep_tket_3|ibm_heron_156 azione_RL=CommutativeCancellation
job=ae_indep_tket_3|ibm_heron_156 azione_RL=PeepholeOptimise2Q
job=ae_indep_tket_3|ibm_heron_156 azione_RL=QiskitO3
job=ae_indep_tket_3|ibm_heron_156 azione_RL=CommutativeInverseCancellation
job=ae_indep_tket_3|ibm_heron_156 azione_RL=FullPeepholeOptimiseCX
job=ae_indep_tket_3|ibm_heron_156 azione_RL=BQSKitO2
job=ae_indep_tket_3|ibm_heron_156 azione_RL=InverseCancellation
job=ae_indep_tket_3|ibm_heron_156 azione_RL=BQSKitSynthesis
job=ae_indep_tket_3|ibm_heron_156 azione_RL=QiskitO3
job=ae_indep_tket_3|ibm_heron_156 azione_RL=Opt2qBlocks
job=ae_indep_tket_3|ibm_heron_156 azione_RL=RemoveRedundancies
job=ae_indep_tket_3|ibm_heron_156 azione_RL=QiskitO3
job=ae_indep_tket_3|ibm_heron_156 azione_RL=CommutativeCancellation
job=ae_indep_tket_3|ibm_heron_156 azione_RL=CommutativeCancellation
job=ae_indep_tket_3|ibm_heron_156 azione_RL=RemoveRedundancies
job=ae_indep_tket_3|ibm_heron_156 azione_RL=BQSKitO2
job=ae_indep_tket_3|ibm_heron_156 azione_RL=QiskitO3
job=ae_indep_tket_3|ibm_heron_156 azione_RL=CommutativeInverseCancellation
job=ae_indep_tket_3|ibm_heron_156 azione_RL=InverseCancellation
job=ae_indep_tket_3|ibm_heron_156 azione_RL=CliffordSimp
job=ae_indep_tket_3|ibm_heron_156 azione_RL=QiskitO3
job=ae_indep_tket_3|ibm_heron_156 azione_RL=RemoveDiagonalGatesBeforeMeasure
job=ae_indep_tket_3|ibm_heron_156 azione_RL=QiskitO3
job=ae_indep_tket_3|ibm_heron_156 azione_RL=BQSKitSynthesis
job=ae_indep_tket_3|ibm_heron_156 azione_RL=PeepholeOptimise2Q
job=ae_indep_tket_3|ibm_heron_156 azione_RL=InverseCancellation
job=ae_indep_tket_3|ibm_heron_156 azione_RL=BQSKitO2
job=ae_indep_tket_3|ibm_heron_156 azione_RL=FullPeepholeOptimiseCX
job=ae_indep_tket_3|ibm_heron_156 azione_RL=BasisTranslator
job=ae_indep_tket_3|ibm_heron_156 azione_RL=BQSKitSynthesis
job=ae_indep_tket_3|ibm_heron_156 azione_RL=BQSKitO2
job=ae_indep_tket_3|ibm_heron_156 azione_RL=CliffordSimp
job=ae_indep_tket_3|ibm_heron_156 azione_RL=RemoveRedundancies
job=ae_indep_tket_3|ibm_heron_156 azione_RL=BasisTranslator
job=ae_indep_tket_3|ibm_heron_156 azione_RL=Optimize1qGatesDecomposition
job=ae_indep_tket_3|ibm_heron_156 azione_RL=RemoveRedundancies
job=ae_indep_tket_3|ibm_heron_156 azione_RL=OptimizeCliffords
job=ae_indep_tket_3|ibm_heron_156 azione_RL=InverseCancellation
job=ae_indep_tket_3|ibm_heron_156 azione_RL=PeepholeOptimise2Q
job=ae_indep_tket_3|ibm_heron_156 azione_RL=QiskitO3
job=ae_indep_tket_3|ibm_heron_156 azione_RL=BQSKitO2
job=ae_indep_tket_3|ibm_heron_156 azione_RL=QiskitO3
job=ae_indep_tket_3|ibm_heron_156 azione_RL=BQSKitO2
job=ae_indep_tket_3|ibm_heron_156 azione_RL=BQSKitSynthesis
job=ae_indep_tket_3|ibm_heron_156 azione_RL=BQSKitO2
job=ae_indep_tket_3|ibm_heron_156 fallback=QiskitO2
job=dj_indep_qiskit_3|ibm_heron_156 azione_RL=BQSKitO2
job=dj_indep_qiskit_3|ibm_heron_156 azione_RL=FullPeepholeOptimiseCX
job=dj_indep_qiskit_3|ibm_heron_156 azione_RL=BQSKitSynthesis
job=dj_indep_qiskit_3|ibm_heron_156 azione_RL=QiskitO3
job=dj_indep_qiskit_3|ibm_heron_156 azione_RL=BQSKitSynthesis
job=dj_indep_qiskit_3|ibm_heron_156 azione_RL=InverseCancellation
job=dj_indep_qiskit_3|ibm_heron_156 azione_RL=BQSKitO2
job=dj_indep_qiskit_3|ibm_heron_156 azione_RL=CommutativeInverseCancellation
job=dj_indep_qiskit_3|ibm_heron_156 azione_RL=RemoveDiagonalGatesBeforeMeasure
job=dj_indep_qiskit_3|ibm_heron_156 azione_RL=QiskitO3
job=dj_indep_qiskit_3|ibm_heron_156 azione_RL=RemoveDiagonalGatesBeforeMeasure
job=dj_indep_qiskit_3|ibm_heron_156 azione_RL=BQSKitSynthesis
job=dj_indep_qiskit_3|ibm_heron_156 azione_RL=BasisTranslator
job=dj_indep_qiskit_3|ibm_heron_156 azione_RL=CommutativeInverseCancellation
job=dj_indep_qiskit_3|ibm_heron_156 azione_RL=OptimizeCliffords
job=dj_indep_qiskit_3|ibm_heron_156 azione_RL=FullPeepholeOptimiseCX
job=dj_indep_qiskit_3|ibm_heron_156 azione_RL=BasisTranslator
job=dj_indep_qiskit_3|ibm_heron_156 azione_RL=RemoveDiagonalGatesBeforeMeasure
job=dj_indep_qiskit_3|ibm_heron_156 azione_RL=CommutativeCancellation
job=dj_indep_qiskit_3|ibm_heron_156 azione_RL=Optimize1qGatesDecomposition
job=dj_indep_qiskit_3|ibm_heron_156 azione_RL=CliffordSimp
job=dj_indep_qiskit_3|ibm_heron_156 azione_RL=BQSKitO2
job=dj_indep_qiskit_3|ibm_heron_156 azione_RL=BasisTranslator
job=dj_indep_qiskit_3|ibm_heron_156 azione_RL=PeepholeOptimise2Q
job=dj_indep_qiskit_3|ibm_heron_156 azione_RL=Opt2qBlocks
job=dj_indep_qiskit_3|ibm_heron_156 azione_RL=RemoveRedundancies
job=dj_indep_qiskit_3|ibm_heron_156 azione_RL=RemoveRedundancies
job=dj_indep_qiskit_3|ibm_heron_156 azione_RL=QiskitO3
job=dj_indep_qiskit_3|ibm_heron_156 azione_RL=QiskitO3
job=dj_indep_qiskit_3|ibm_heron_156 azione_RL=RemoveRedundancies
job=dj_indep_qiskit_3|ibm_heron_156 azione_RL=InverseCancellation
job=dj_indep_qiskit_3|ibm_heron_156 azione_RL=QiskitO3
job=dj_indep_qiskit_3|ibm_heron_156 azione_RL=Opt2qBlocks
job=dj_indep_qiskit_3|ibm_heron_156 azione_RL=CommutativeInverseCancellation
job=dj_indep_qiskit_3|ibm_heron_156 azione_RL=RemoveDiagonalGatesBeforeMeasure
job=dj_indep_qiskit_3|ibm_heron_156 azione_RL=FullPeepholeOptimiseCX
job=dj_indep_qiskit_3|ibm_heron_156 azione_RL=RemoveDiagonalGatesBeforeMeasure
job=dj_indep_qiskit_3|ibm_heron_156 azione_RL=Opt2qBlocks
job=dj_indep_qiskit_3|ibm_heron_156 azione_RL=OptimizeCliffords
job=dj_indep_qiskit_3|ibm_heron_156 azione_RL=QiskitO3
job=dj_indep_qiskit_3|ibm_heron_156 azione_RL=RemoveRedundancies
job=dj_indep_qiskit_3|ibm_heron_156 azione_RL=CommutativeCancellation
job=dj_indep_qiskit_3|ibm_heron_156 azione_RL=CommutativeInverseCancellation
job=dj_indep_qiskit_3|ibm_heron_156 azione_RL=BQSKitO2
job=dj_indep_qiskit_3|ibm_heron_156 azione_RL=OptimizeCliffords
job=dj_indep_qiskit_3|ibm_heron_156 azione_RL=BQSKitO2
job=dj_indep_qiskit_3|ibm_heron_156 azione_RL=BQSKitO2
job=dj_indep_qiskit_3|ibm_heron_156 azione_RL=QiskitO3
job=dj_indep_qiskit_3|ibm_heron_156 azione_RL=Optimize1qGatesDecomposition
job=dj_indep_qiskit_3|ibm_heron_156 azione_RL=InverseCancellation
job=dj_indep_qiskit_3|ibm_heron_156 azione_RL=InverseCancellation
job=dj_indep_qiskit_3|ibm_heron_156 azione_RL=RemoveRedundancies
job=dj_indep_qiskit_3|ibm_heron_156 azione_RL=OptimizeCliffords
job=dj_indep_qiskit_3|ibm_heron_156 azione_RL=QiskitO3
job=dj_indep_qiskit_3|ibm_heron_156 azione_RL=CommutativeCancellation
job=dj_indep_qiskit_3|ibm_heron_156 azione_RL=RemoveRedundancies
job=dj_indep_qiskit_3|ibm_heron_156 azione_RL=RemoveDiagonalGatesBeforeMeasure
job=dj_indep_qiskit_3|ibm_heron_156 azione_RL=OptimizeCliffords
job=dj_indep_qiskit_3|ibm_heron_156 azione_RL=CommutativeInverseCancellation
job=dj_indep_qiskit_3|ibm_heron_156 azione_RL=BQSKitSynthesis
job=dj_indep_qiskit_3|ibm_heron_156 azione_RL=BasisTranslator
job=dj_indep_qiskit_3|ibm_heron_156 azione_RL=CommutativeInverseCancellation
job=dj_indep_qiskit_3|ibm_heron_156 azione_RL=RemoveDiagonalGatesBeforeMeasure
job=dj_indep_qiskit_3|ibm_heron_156 azione_RL=BQSKitSynthesis
job=dj_indep_qiskit_3|ibm_heron_156 azione_RL=BQSKitSynthesis
job=dj_indep_qiskit_3|ibm_heron_156 azione_RL=RemoveDiagonalGatesBeforeMeasure
job=dj_indep_qiskit_3|ibm_heron_156 azione_RL=InverseCancellation
job=dj_indep_qiskit_3|ibm_heron_156 azione_RL=BQSKitSynthesis
job=dj_indep_qiskit_3|ibm_heron_156 azione_RL=FullPeepholeOptimiseCX
job=dj_indep_qiskit_3|ibm_heron_156 azione_RL=BQSKitSynthesis
job=dj_indep_qiskit_3|ibm_heron_156 azione_RL=PeepholeOptimise2Q
job=dj_indep_qiskit_3|ibm_heron_156 azione_RL=RemoveDiagonalGatesBeforeMeasure
job=dj_indep_qiskit_3|ibm_heron_156 azione_RL=RemoveRedundancies
job=dj_indep_qiskit_3|ibm_heron_156 azione_RL=Optimize1qGatesDecomposition
job=dj_indep_qiskit_3|ibm_heron_156 azione_RL=RemoveDiagonalGatesBeforeMeasure
job=dj_indep_qiskit_3|ibm_heron_156 azione_RL=BQSKitO2
job=dj_indep_qiskit_3|ibm_heron_156 azione_RL=RemoveRedundancies
job=dj_indep_qiskit_3|ibm_heron_156 azione_RL=QiskitO3
job=dj_indep_qiskit_3|ibm_heron_156 azione_RL=FullPeepholeOptimiseCX
job=dj_indep_qiskit_3|ibm_heron_156 azione_RL=OptimizeCliffords
job=dj_indep_qiskit_3|ibm_heron_156 azione_RL=OptimizeCliffords
job=dj_indep_qiskit_3|ibm_heron_156 azione_RL=InverseCancellation
job=dj_indep_qiskit_3|ibm_heron_156 azione_RL=Opt2qBlocks
job=dj_indep_qiskit_3|ibm_heron_156 azione_RL=InverseCancellation
job=dj_indep_qiskit_3|ibm_heron_156 azione_RL=QiskitO3
job=dj_indep_qiskit_3|ibm_heron_156 azione_RL=Optimize1qGatesDecomposition
job=dj_indep_qiskit_3|ibm_heron_156 azione_RL=FullPeepholeOptimiseCX
job=dj_indep_qiskit_3|ibm_heron_156 azione_RL=Opt2qBlocks
job=dj_indep_qiskit_3|ibm_heron_156 azione_RL=FullPeepholeOptimiseCX
job=dj_indep_qiskit_3|ibm_heron_156 azione_RL=RemoveRedundancies
job=dj_indep_qiskit_3|ibm_heron_156 azione_RL=BQSKitSynthesis
job=dj_indep_qiskit_3|ibm_heron_156 azione_RL=BasisTranslator
job=dj_indep_qiskit_3|ibm_heron_156 azione_RL=QiskitO3
job=dj_indep_qiskit_3|ibm_heron_156 azione_RL=CliffordSimp
job=dj_indep_qiskit_3|ibm_heron_156 azione_RL=CommutativeCancellation
job=dj_indep_qiskit_3|ibm_heron_156 azione_RL=RemoveDiagonalGatesBeforeMeasure
job=dj_indep_qiskit_3|ibm_heron_156 azione_RL=Opt2qBlocks
job=dj_indep_qiskit_3|ibm_heron_156 azione_RL=CommutativeCancellation
job=dj_indep_qiskit_3|ibm_heron_156 azione_RL=PeepholeOptimise2Q
job=dj_indep_qiskit_3|ibm_heron_156 azione_RL=QiskitO3
job=dj_indep_qiskit_3|ibm_heron_156 azione_RL=CommutativeInverseCancellation
job=dj_indep_qiskit_3|ibm_heron_156 azione_RL=FullPeepholeOptimiseCX
job=dj_indep_qiskit_3|ibm_heron_156 azione_RL=BQSKitO2
job=dj_indep_qiskit_3|ibm_heron_156 azione_RL=InverseCancellation
job=dj_indep_qiskit_3|ibm_heron_156 azione_RL=BQSKitSynthesis
job=dj_indep_qiskit_3|ibm_heron_156 azione_RL=QiskitO3
job=dj_indep_qiskit_3|ibm_heron_156 azione_RL=Opt2qBlocks
job=dj_indep_qiskit_3|ibm_heron_156 azione_RL=RemoveRedundancies
job=dj_indep_qiskit_3|ibm_heron_156 azione_RL=QiskitO3
job=dj_indep_qiskit_3|ibm_heron_156 azione_RL=CommutativeCancellation
job=dj_indep_qiskit_3|ibm_heron_156 azione_RL=CommutativeCancellation
job=dj_indep_qiskit_3|ibm_heron_156 azione_RL=RemoveRedundancies
job=dj_indep_qiskit_3|ibm_heron_156 azione_RL=BQSKitO2
job=dj_indep_qiskit_3|ibm_heron_156 azione_RL=QiskitO3
job=dj_indep_qiskit_3|ibm_heron_156 azione_RL=CommutativeInverseCancellation
job=dj_indep_qiskit_3|ibm_heron_156 azione_RL=InverseCancellation
job=dj_indep_qiskit_3|ibm_heron_156 azione_RL=CliffordSimp
job=dj_indep_qiskit_3|ibm_heron_156 azione_RL=QiskitO3
job=dj_indep_qiskit_3|ibm_heron_156 azione_RL=RemoveDiagonalGatesBeforeMeasure
job=dj_indep_qiskit_3|ibm_heron_156 azione_RL=QiskitO3
job=dj_indep_qiskit_3|ibm_heron_156 azione_RL=BQSKitSynthesis
job=dj_indep_qiskit_3|ibm_heron_156 azione_RL=PeepholeOptimise2Q
job=dj_indep_qiskit_3|ibm_heron_156 azione_RL=InverseCancellation
job=dj_indep_qiskit_3|ibm_heron_156 azione_RL=BQSKitO2
job=dj_indep_qiskit_3|ibm_heron_156 azione_RL=FullPeepholeOptimiseCX
job=dj_indep_qiskit_3|ibm_heron_156 azione_RL=BasisTranslator
job=dj_indep_qiskit_3|ibm_heron_156 azione_RL=BQSKitSynthesis
job=dj_indep_qiskit_3|ibm_heron_156 azione_RL=BQSKitO2
job=dj_indep_qiskit_3|ibm_heron_156 azione_RL=CliffordSimp
job=dj_indep_qiskit_3|ibm_heron_156 azione_RL=RemoveRedundancies
job=dj_indep_qiskit_3|ibm_heron_156 azione_RL=BasisTranslator
job=dj_indep_qiskit_3|ibm_heron_156 azione_RL=Optimize1qGatesDecomposition
job=dj_indep_qiskit_3|ibm_heron_156 azione_RL=RemoveRedundancies
job=dj_indep_qiskit_3|ibm_heron_156 azione_RL=OptimizeCliffords
job=dj_indep_qiskit_3|ibm_heron_156 azione_RL=InverseCancellation
job=dj_indep_qiskit_3|ibm_heron_156 azione_RL=PeepholeOptimise2Q
job=dj_indep_qiskit_3|ibm_heron_156 azione_RL=QiskitO3
job=dj_indep_qiskit_3|ibm_heron_156 azione_RL=BQSKitO2
job=dj_indep_qiskit_3|ibm_heron_156 azione_RL=QiskitO3
job=dj_indep_qiskit_3|ibm_heron_156 azione_RL=BQSKitO2
job=dj_indep_qiskit_3|ibm_heron_156 azione_RL=BQSKitSynthesis
job=dj_indep_qiskit_3|ibm_heron_156 azione_RL=BQSKitO2
job=dj_indep_qiskit_3|ibm_heron_156 azione_RL=CliffordSimp
job=dj_indep_qiskit_3|ibm_heron_156 azione_RL=OptimizeCliffords
job=dj_indep_qiskit_3|ibm_heron_156 azione_RL=CommutativeCancellation
job=dj_indep_qiskit_3|ibm_heron_156 azione_RL=BQSKitSynthesis
job=dj_indep_qiskit_3|ibm_heron_156 fallback=QiskitO2
job=dj_indep_tket_3|ibm_heron_156 azione_RL=BQSKitO2
job=dj_indep_tket_3|ibm_heron_156 azione_RL=FullPeepholeOptimiseCX
job=dj_indep_tket_3|ibm_heron_156 azione_RL=BQSKitSynthesis
job=dj_indep_tket_3|ibm_heron_156 azione_RL=QiskitO3
job=dj_indep_tket_3|ibm_heron_156 azione_RL=BQSKitSynthesis
job=dj_indep_tket_3|ibm_heron_156 azione_RL=InverseCancellation
job=dj_indep_tket_3|ibm_heron_156 azione_RL=BQSKitO2
job=dj_indep_tket_3|ibm_heron_156 azione_RL=CommutativeInverseCancellation
job=dj_indep_tket_3|ibm_heron_156 azione_RL=RemoveDiagonalGatesBeforeMeasure
job=dj_indep_tket_3|ibm_heron_156 azione_RL=QiskitO3
job=dj_indep_tket_3|ibm_heron_156 azione_RL=RemoveDiagonalGatesBeforeMeasure
job=dj_indep_tket_3|ibm_heron_156 azione_RL=BQSKitSynthesis
job=dj_indep_tket_3|ibm_heron_156 azione_RL=BasisTranslator
job=dj_indep_tket_3|ibm_heron_156 azione_RL=CommutativeInverseCancellation
job=dj_indep_tket_3|ibm_heron_156 azione_RL=OptimizeCliffords
job=dj_indep_tket_3|ibm_heron_156 azione_RL=FullPeepholeOptimiseCX
job=dj_indep_tket_3|ibm_heron_156 azione_RL=BasisTranslator
job=dj_indep_tket_3|ibm_heron_156 azione_RL=RemoveDiagonalGatesBeforeMeasure
job=dj_indep_tket_3|ibm_heron_156 azione_RL=CommutativeCancellation
job=dj_indep_tket_3|ibm_heron_156 azione_RL=Optimize1qGatesDecomposition
job=dj_indep_tket_3|ibm_heron_156 azione_RL=CliffordSimp
job=dj_indep_tket_3|ibm_heron_156 azione_RL=BQSKitO2
job=dj_indep_tket_3|ibm_heron_156 azione_RL=BasisTranslator
job=dj_indep_tket_3|ibm_heron_156 azione_RL=PeepholeOptimise2Q
job=dj_indep_tket_3|ibm_heron_156 azione_RL=Opt2qBlocks
job=dj_indep_tket_3|ibm_heron_156 azione_RL=RemoveRedundancies
job=dj_indep_tket_3|ibm_heron_156 azione_RL=RemoveRedundancies
job=dj_indep_tket_3|ibm_heron_156 azione_RL=QiskitO3
job=dj_indep_tket_3|ibm_heron_156 azione_RL=QiskitO3
job=dj_indep_tket_3|ibm_heron_156 azione_RL=RemoveRedundancies
job=dj_indep_tket_3|ibm_heron_156 azione_RL=InverseCancellation
job=dj_indep_tket_3|ibm_heron_156 azione_RL=QiskitO3
job=dj_indep_tket_3|ibm_heron_156 azione_RL=Opt2qBlocks
job=dj_indep_tket_3|ibm_heron_156 azione_RL=CommutativeInverseCancellation
job=dj_indep_tket_3|ibm_heron_156 azione_RL=RemoveDiagonalGatesBeforeMeasure
job=dj_indep_tket_3|ibm_heron_156 azione_RL=FullPeepholeOptimiseCX
job=dj_indep_tket_3|ibm_heron_156 azione_RL=RemoveDiagonalGatesBeforeMeasure
job=dj_indep_tket_3|ibm_heron_156 azione_RL=Opt2qBlocks
job=dj_indep_tket_3|ibm_heron_156 azione_RL=OptimizeCliffords
job=dj_indep_tket_3|ibm_heron_156 azione_RL=QiskitO3
job=dj_indep_tket_3|ibm_heron_156 azione_RL=RemoveRedundancies
job=dj_indep_tket_3|ibm_heron_156 azione_RL=CommutativeCancellation
job=dj_indep_tket_3|ibm_heron_156 azione_RL=CommutativeInverseCancellation
job=dj_indep_tket_3|ibm_heron_156 azione_RL=BQSKitO2
job=dj_indep_tket_3|ibm_heron_156 azione_RL=OptimizeCliffords
job=dj_indep_tket_3|ibm_heron_156 azione_RL=BQSKitO2
job=dj_indep_tket_3|ibm_heron_156 azione_RL=BQSKitO2
job=dj_indep_tket_3|ibm_heron_156 azione_RL=QiskitO3
job=dj_indep_tket_3|ibm_heron_156 azione_RL=Optimize1qGatesDecomposition
job=dj_indep_tket_3|ibm_heron_156 azione_RL=InverseCancellation
job=dj_indep_tket_3|ibm_heron_156 azione_RL=InverseCancellation
job=dj_indep_tket_3|ibm_heron_156 azione_RL=RemoveRedundancies
job=dj_indep_tket_3|ibm_heron_156 azione_RL=OptimizeCliffords
job=dj_indep_tket_3|ibm_heron_156 azione_RL=QiskitO3
job=dj_indep_tket_3|ibm_heron_156 azione_RL=CommutativeCancellation
job=dj_indep_tket_3|ibm_heron_156 azione_RL=RemoveRedundancies
job=dj_indep_tket_3|ibm_heron_156 azione_RL=RemoveDiagonalGatesBeforeMeasure
job=dj_indep_tket_3|ibm_heron_156 azione_RL=OptimizeCliffords
job=dj_indep_tket_3|ibm_heron_156 azione_RL=CommutativeInverseCancellation
job=dj_indep_tket_3|ibm_heron_156 azione_RL=BQSKitSynthesis
job=dj_indep_tket_3|ibm_heron_156 azione_RL=BasisTranslator
job=dj_indep_tket_3|ibm_heron_156 azione_RL=CommutativeInverseCancellation
job=dj_indep_tket_3|ibm_heron_156 azione_RL=RemoveDiagonalGatesBeforeMeasure
job=dj_indep_tket_3|ibm_heron_156 azione_RL=BQSKitSynthesis
job=dj_indep_tket_3|ibm_heron_156 azione_RL=BQSKitSynthesis
job=dj_indep_tket_3|ibm_heron_156 azione_RL=RemoveDiagonalGatesBeforeMeasure
job=dj_indep_tket_3|ibm_heron_156 azione_RL=InverseCancellation
job=dj_indep_tket_3|ibm_heron_156 azione_RL=BQSKitSynthesis
job=dj_indep_tket_3|ibm_heron_156 azione_RL=FullPeepholeOptimiseCX
job=dj_indep_tket_3|ibm_heron_156 azione_RL=BQSKitSynthesis
job=dj_indep_tket_3|ibm_heron_156 azione_RL=PeepholeOptimise2Q
job=dj_indep_tket_3|ibm_heron_156 azione_RL=RemoveDiagonalGatesBeforeMeasure
job=dj_indep_tket_3|ibm_heron_156 azione_RL=RemoveRedundancies
job=dj_indep_tket_3|ibm_heron_156 azione_RL=Optimize1qGatesDecomposition
job=dj_indep_tket_3|ibm_heron_156 azione_RL=RemoveDiagonalGatesBeforeMeasure
job=dj_indep_tket_3|ibm_heron_156 azione_RL=BQSKitO2
job=dj_indep_tket_3|ibm_heron_156 azione_RL=RemoveRedundancies
job=dj_indep_tket_3|ibm_heron_156 azione_RL=QiskitO3
job=dj_indep_tket_3|ibm_heron_156 azione_RL=FullPeepholeOptimiseCX
job=dj_indep_tket_3|ibm_heron_156 azione_RL=OptimizeCliffords
job=dj_indep_tket_3|ibm_heron_156 azione_RL=OptimizeCliffords
job=dj_indep_tket_3|ibm_heron_156 azione_RL=InverseCancellation
job=dj_indep_tket_3|ibm_heron_156 azione_RL=Opt2qBlocks
job=dj_indep_tket_3|ibm_heron_156 azione_RL=InverseCancellation
job=dj_indep_tket_3|ibm_heron_156 azione_RL=QiskitO3
job=dj_indep_tket_3|ibm_heron_156 azione_RL=Optimize1qGatesDecomposition
job=dj_indep_tket_3|ibm_heron_156 azione_RL=FullPeepholeOptimiseCX
job=dj_indep_tket_3|ibm_heron_156 azione_RL=Opt2qBlocks
job=dj_indep_tket_3|ibm_heron_156 azione_RL=FullPeepholeOptimiseCX
job=dj_indep_tket_3|ibm_heron_156 azione_RL=RemoveRedundancies
job=dj_indep_tket_3|ibm_heron_156 azione_RL=BQSKitSynthesis
job=dj_indep_tket_3|ibm_heron_156 azione_RL=BasisTranslator
job=dj_indep_tket_3|ibm_heron_156 azione_RL=QiskitO3
job=dj_indep_tket_3|ibm_heron_156 azione_RL=CliffordSimp
job=dj_indep_tket_3|ibm_heron_156 azione_RL=CommutativeCancellation
job=dj_indep_tket_3|ibm_heron_156 azione_RL=RemoveDiagonalGatesBeforeMeasure
job=dj_indep_tket_3|ibm_heron_156 azione_RL=Opt2qBlocks
job=dj_indep_tket_3|ibm_heron_156 azione_RL=CommutativeCancellation
job=dj_indep_tket_3|ibm_heron_156 azione_RL=PeepholeOptimise2Q
job=dj_indep_tket_3|ibm_heron_156 azione_RL=QiskitO3
job=dj_indep_tket_3|ibm_heron_156 azione_RL=CommutativeInverseCancellation
job=dj_indep_tket_3|ibm_heron_156 azione_RL=FullPeepholeOptimiseCX
job=dj_indep_tket_3|ibm_heron_156 azione_RL=BQSKitO2
job=dj_indep_tket_3|ibm_heron_156 azione_RL=InverseCancellation
job=dj_indep_tket_3|ibm_heron_156 azione_RL=BQSKitSynthesis
job=dj_indep_tket_3|ibm_heron_156 azione_RL=QiskitO3
job=dj_indep_tket_3|ibm_heron_156 azione_RL=Opt2qBlocks
job=dj_indep_tket_3|ibm_heron_156 azione_RL=RemoveRedundancies
job=dj_indep_tket_3|ibm_heron_156 azione_RL=QiskitO3
job=dj_indep_tket_3|ibm_heron_156 azione_RL=CommutativeCancellation
job=dj_indep_tket_3|ibm_heron_156 azione_RL=CommutativeCancellation
job=dj_indep_tket_3|ibm_heron_156 azione_RL=RemoveRedundancies
job=dj_indep_tket_3|ibm_heron_156 azione_RL=BQSKitO2
job=dj_indep_tket_3|ibm_heron_156 azione_RL=QiskitO3
job=dj_indep_tket_3|ibm_heron_156 azione_RL=CommutativeInverseCancellation
job=dj_indep_tket_3|ibm_heron_156 azione_RL=InverseCancellation
job=dj_indep_tket_3|ibm_heron_156 azione_RL=CliffordSimp
job=dj_indep_tket_3|ibm_heron_156 azione_RL=QiskitO3
job=dj_indep_tket_3|ibm_heron_156 azione_RL=RemoveDiagonalGatesBeforeMeasure
job=dj_indep_tket_3|ibm_heron_156 azione_RL=QiskitO3
job=dj_indep_tket_3|ibm_heron_156 azione_RL=BQSKitSynthesis
job=dj_indep_tket_3|ibm_heron_156 azione_RL=PeepholeOptimise2Q
job=dj_indep_tket_3|ibm_heron_156 azione_RL=InverseCancellation
job=dj_indep_tket_3|ibm_heron_156 azione_RL=BQSKitO2
job=dj_indep_tket_3|ibm_heron_156 azione_RL=FullPeepholeOptimiseCX
job=dj_indep_tket_3|ibm_heron_156 azione_RL=BasisTranslator
job=dj_indep_tket_3|ibm_heron_156 azione_RL=BQSKitSynthesis
job=dj_indep_tket_3|ibm_heron_156 azione_RL=BQSKitO2
job=dj_indep_tket_3|ibm_heron_156 azione_RL=CliffordSimp
job=dj_indep_tket_3|ibm_heron_156 azione_RL=RemoveRedundancies
job=dj_indep_tket_3|ibm_heron_156 azione_RL=BasisTranslator
job=dj_indep_tket_3|ibm_heron_156 azione_RL=Optimize1qGatesDecomposition
job=dj_indep_tket_3|ibm_heron_156 azione_RL=RemoveRedundancies
job=dj_indep_tket_3|ibm_heron_156 azione_RL=OptimizeCliffords
job=dj_indep_tket_3|ibm_heron_156 azione_RL=InverseCancellation
job=dj_indep_tket_3|ibm_heron_156 azione_RL=PeepholeOptimise2Q
job=dj_indep_tket_3|ibm_heron_156 azione_RL=QiskitO3
job=dj_indep_tket_3|ibm_heron_156 azione_RL=BQSKitO2
job=dj_indep_tket_3|ibm_heron_156 azione_RL=QiskitO3
job=dj_indep_tket_3|ibm_heron_156 azione_RL=BQSKitO2
job=dj_indep_tket_3|ibm_heron_156 azione_RL=BQSKitSynthesis
job=dj_indep_tket_3|ibm_heron_156 azione_RL=BQSKitO2
job=dj_indep_tket_3|ibm_heron_156 fallback=QiskitO2
job=graphstate_indep_qiskit_3|ibm_heron_156 azione_RL=BQSKitO2
job=graphstate_indep_qiskit_3|ibm_heron_156 azione_RL=FullPeepholeOptimiseCX
job=graphstate_indep_qiskit_3|ibm_heron_156 azione_RL=OptimizeCliffords
job=graphstate_indep_qiskit_3|ibm_heron_156 azione_RL=QiskitO3
job=graphstate_indep_qiskit_3|ibm_heron_156 azione_RL=BQSKitSynthesis
job=graphstate_indep_qiskit_3|ibm_heron_156 azione_RL=InverseCancellation
job=graphstate_indep_qiskit_3|ibm_heron_156 azione_RL=BQSKitO2
job=graphstate_indep_qiskit_3|ibm_heron_156 azione_RL=CommutativeInverseCancellation
job=graphstate_indep_qiskit_3|ibm_heron_156 azione_RL=RemoveDiagonalGatesBeforeMeasure
job=graphstate_indep_qiskit_3|ibm_heron_156 azione_RL=QiskitO3
job=graphstate_indep_qiskit_3|ibm_heron_156 azione_RL=RemoveDiagonalGatesBeforeMeasure
job=graphstate_indep_qiskit_3|ibm_heron_156 azione_RL=BQSKitSynthesis
job=graphstate_indep_qiskit_3|ibm_heron_156 azione_RL=BasisTranslator
job=graphstate_indep_qiskit_3|ibm_heron_156 azione_RL=CommutativeInverseCancellation
job=graphstate_indep_qiskit_3|ibm_heron_156 azione_RL=OptimizeCliffords
job=graphstate_indep_qiskit_3|ibm_heron_156 azione_RL=FullPeepholeOptimiseCX
job=graphstate_indep_qiskit_3|ibm_heron_156 azione_RL=BasisTranslator
job=graphstate_indep_qiskit_3|ibm_heron_156 azione_RL=RemoveDiagonalGatesBeforeMeasure
job=graphstate_indep_qiskit_3|ibm_heron_156 azione_RL=CommutativeCancellation
job=graphstate_indep_qiskit_3|ibm_heron_156 azione_RL=Optimize1qGatesDecomposition
job=graphstate_indep_qiskit_3|ibm_heron_156 azione_RL=CliffordSimp
job=graphstate_indep_qiskit_3|ibm_heron_156 azione_RL=BQSKitO2
job=graphstate_indep_qiskit_3|ibm_heron_156 azione_RL=BasisTranslator
job=graphstate_indep_qiskit_3|ibm_heron_156 azione_RL=PeepholeOptimise2Q
job=graphstate_indep_qiskit_3|ibm_heron_156 azione_RL=Opt2qBlocks
job=graphstate_indep_qiskit_3|ibm_heron_156 azione_RL=RemoveRedundancies
job=graphstate_indep_qiskit_3|ibm_heron_156 azione_RL=RemoveRedundancies
job=graphstate_indep_qiskit_3|ibm_heron_156 azione_RL=QiskitO3
job=graphstate_indep_qiskit_3|ibm_heron_156 azione_RL=QiskitO3
job=graphstate_indep_qiskit_3|ibm_heron_156 azione_RL=RemoveRedundancies
job=graphstate_indep_qiskit_3|ibm_heron_156 azione_RL=InverseCancellation
job=graphstate_indep_qiskit_3|ibm_heron_156 azione_RL=QiskitO3
job=graphstate_indep_qiskit_3|ibm_heron_156 azione_RL=Opt2qBlocks
job=graphstate_indep_qiskit_3|ibm_heron_156 azione_RL=CommutativeInverseCancellation
job=graphstate_indep_qiskit_3|ibm_heron_156 azione_RL=RemoveDiagonalGatesBeforeMeasure
job=graphstate_indep_qiskit_3|ibm_heron_156 azione_RL=FullPeepholeOptimiseCX
job=graphstate_indep_qiskit_3|ibm_heron_156 azione_RL=RemoveDiagonalGatesBeforeMeasure
job=graphstate_indep_qiskit_3|ibm_heron_156 azione_RL=Opt2qBlocks
job=graphstate_indep_qiskit_3|ibm_heron_156 azione_RL=OptimizeCliffords
job=graphstate_indep_qiskit_3|ibm_heron_156 azione_RL=QiskitO3
job=graphstate_indep_qiskit_3|ibm_heron_156 azione_RL=RemoveRedundancies
job=graphstate_indep_qiskit_3|ibm_heron_156 azione_RL=CommutativeCancellation
job=graphstate_indep_qiskit_3|ibm_heron_156 azione_RL=CommutativeInverseCancellation
job=graphstate_indep_qiskit_3|ibm_heron_156 azione_RL=BQSKitO2
job=graphstate_indep_qiskit_3|ibm_heron_156 azione_RL=OptimizeCliffords
job=graphstate_indep_qiskit_3|ibm_heron_156 azione_RL=BQSKitO2
job=graphstate_indep_qiskit_3|ibm_heron_156 azione_RL=BQSKitO2
job=graphstate_indep_qiskit_3|ibm_heron_156 azione_RL=QiskitO3
job=graphstate_indep_qiskit_3|ibm_heron_156 azione_RL=Optimize1qGatesDecomposition
job=graphstate_indep_qiskit_3|ibm_heron_156 azione_RL=InverseCancellation
job=graphstate_indep_qiskit_3|ibm_heron_156 azione_RL=InverseCancellation
job=graphstate_indep_qiskit_3|ibm_heron_156 azione_RL=RemoveRedundancies
job=graphstate_indep_qiskit_3|ibm_heron_156 azione_RL=OptimizeCliffords
job=graphstate_indep_qiskit_3|ibm_heron_156 azione_RL=QiskitO3
job=graphstate_indep_qiskit_3|ibm_heron_156 azione_RL=CommutativeCancellation
job=graphstate_indep_qiskit_3|ibm_heron_156 azione_RL=RemoveRedundancies
job=graphstate_indep_qiskit_3|ibm_heron_156 azione_RL=RemoveDiagonalGatesBeforeMeasure
job=graphstate_indep_qiskit_3|ibm_heron_156 azione_RL=OptimizeCliffords
job=graphstate_indep_qiskit_3|ibm_heron_156 azione_RL=CommutativeInverseCancellation
job=graphstate_indep_qiskit_3|ibm_heron_156 azione_RL=BQSKitSynthesis
job=graphstate_indep_qiskit_3|ibm_heron_156 azione_RL=BasisTranslator
job=graphstate_indep_qiskit_3|ibm_heron_156 azione_RL=CommutativeInverseCancellation
job=graphstate_indep_qiskit_3|ibm_heron_156 azione_RL=RemoveDiagonalGatesBeforeMeasure
job=graphstate_indep_qiskit_3|ibm_heron_156 azione_RL=BQSKitSynthesis
job=graphstate_indep_qiskit_3|ibm_heron_156 azione_RL=BQSKitSynthesis
job=graphstate_indep_qiskit_3|ibm_heron_156 azione_RL=RemoveDiagonalGatesBeforeMeasure
job=graphstate_indep_qiskit_3|ibm_heron_156 azione_RL=InverseCancellation
job=graphstate_indep_qiskit_3|ibm_heron_156 azione_RL=BQSKitSynthesis
job=graphstate_indep_qiskit_3|ibm_heron_156 azione_RL=FullPeepholeOptimiseCX
job=graphstate_indep_qiskit_3|ibm_heron_156 azione_RL=BQSKitSynthesis
job=graphstate_indep_qiskit_3|ibm_heron_156 azione_RL=PeepholeOptimise2Q
job=graphstate_indep_qiskit_3|ibm_heron_156 azione_RL=RemoveDiagonalGatesBeforeMeasure
job=graphstate_indep_qiskit_3|ibm_heron_156 azione_RL=RemoveRedundancies
job=graphstate_indep_qiskit_3|ibm_heron_156 azione_RL=Optimize1qGatesDecomposition
job=graphstate_indep_qiskit_3|ibm_heron_156 azione_RL=RemoveDiagonalGatesBeforeMeasure
job=graphstate_indep_qiskit_3|ibm_heron_156 azione_RL=BQSKitO2
job=graphstate_indep_qiskit_3|ibm_heron_156 azione_RL=RemoveRedundancies
job=graphstate_indep_qiskit_3|ibm_heron_156 azione_RL=QiskitO3
job=graphstate_indep_qiskit_3|ibm_heron_156 azione_RL=FullPeepholeOptimiseCX
job=graphstate_indep_qiskit_3|ibm_heron_156 azione_RL=OptimizeCliffords
job=graphstate_indep_qiskit_3|ibm_heron_156 azione_RL=OptimizeCliffords
job=graphstate_indep_qiskit_3|ibm_heron_156 azione_RL=InverseCancellation
job=graphstate_indep_qiskit_3|ibm_heron_156 azione_RL=Opt2qBlocks
job=graphstate_indep_qiskit_3|ibm_heron_156 azione_RL=InverseCancellation
job=graphstate_indep_qiskit_3|ibm_heron_156 azione_RL=QiskitO3
job=graphstate_indep_qiskit_3|ibm_heron_156 azione_RL=Optimize1qGatesDecomposition
job=graphstate_indep_qiskit_3|ibm_heron_156 azione_RL=FullPeepholeOptimiseCX
job=graphstate_indep_qiskit_3|ibm_heron_156 azione_RL=Opt2qBlocks
job=graphstate_indep_qiskit_3|ibm_heron_156 azione_RL=FullPeepholeOptimiseCX
job=graphstate_indep_qiskit_3|ibm_heron_156 azione_RL=RemoveRedundancies
job=graphstate_indep_qiskit_3|ibm_heron_156 azione_RL=BQSKitSynthesis
job=graphstate_indep_qiskit_3|ibm_heron_156 azione_RL=BasisTranslator
job=graphstate_indep_qiskit_3|ibm_heron_156 azione_RL=QiskitO3
job=graphstate_indep_qiskit_3|ibm_heron_156 azione_RL=CliffordSimp
job=graphstate_indep_qiskit_3|ibm_heron_156 azione_RL=CommutativeCancellation
job=graphstate_indep_qiskit_3|ibm_heron_156 azione_RL=RemoveDiagonalGatesBeforeMeasure
job=graphstate_indep_qiskit_3|ibm_heron_156 azione_RL=Opt2qBlocks
job=graphstate_indep_qiskit_3|ibm_heron_156 azione_RL=CommutativeCancellation
job=graphstate_indep_qiskit_3|ibm_heron_156 azione_RL=PeepholeOptimise2Q
job=graphstate_indep_qiskit_3|ibm_heron_156 azione_RL=QiskitO3
job=graphstate_indep_qiskit_3|ibm_heron_156 azione_RL=CommutativeInverseCancellation
job=graphstate_indep_qiskit_3|ibm_heron_156 azione_RL=FullPeepholeOptimiseCX
job=graphstate_indep_qiskit_3|ibm_heron_156 azione_RL=BQSKitO2
job=graphstate_indep_qiskit_3|ibm_heron_156 azione_RL=InverseCancellation
job=graphstate_indep_qiskit_3|ibm_heron_156 azione_RL=BQSKitSynthesis
job=graphstate_indep_qiskit_3|ibm_heron_156 azione_RL=QiskitO3
job=graphstate_indep_qiskit_3|ibm_heron_156 azione_RL=Opt2qBlocks
job=graphstate_indep_qiskit_3|ibm_heron_156 azione_RL=RemoveRedundancies
job=graphstate_indep_qiskit_3|ibm_heron_156 azione_RL=QiskitO3
job=graphstate_indep_qiskit_3|ibm_heron_156 azione_RL=CommutativeCancellation
job=graphstate_indep_qiskit_3|ibm_heron_156 azione_RL=CommutativeCancellation
job=graphstate_indep_qiskit_3|ibm_heron_156 azione_RL=RemoveRedundancies
job=graphstate_indep_qiskit_3|ibm_heron_156 azione_RL=BQSKitO2
job=graphstate_indep_qiskit_3|ibm_heron_156 azione_RL=QiskitO3
job=graphstate_indep_qiskit_3|ibm_heron_156 azione_RL=CommutativeInverseCancellation
job=graphstate_indep_qiskit_3|ibm_heron_156 azione_RL=InverseCancellation
job=graphstate_indep_qiskit_3|ibm_heron_156 azione_RL=CliffordSimp
job=graphstate_indep_qiskit_3|ibm_heron_156 azione_RL=QiskitO3
job=graphstate_indep_qiskit_3|ibm_heron_156 azione_RL=RemoveDiagonalGatesBeforeMeasure
job=graphstate_indep_qiskit_3|ibm_heron_156 azione_RL=QiskitO3
job=graphstate_indep_qiskit_3|ibm_heron_156 azione_RL=BQSKitSynthesis
job=graphstate_indep_qiskit_3|ibm_heron_156 azione_RL=PeepholeOptimise2Q
job=graphstate_indep_qiskit_3|ibm_heron_156 azione_RL=InverseCancellation
job=graphstate_indep_qiskit_3|ibm_heron_156 azione_RL=BQSKitO2
job=graphstate_indep_qiskit_3|ibm_heron_156 azione_RL=FullPeepholeOptimiseCX
job=graphstate_indep_qiskit_3|ibm_heron_156 azione_RL=BasisTranslator
job=graphstate_indep_qiskit_3|ibm_heron_156 azione_RL=BQSKitSynthesis
job=graphstate_indep_qiskit_3|ibm_heron_156 azione_RL=BQSKitO2
job=graphstate_indep_qiskit_3|ibm_heron_156 azione_RL=CliffordSimp
job=graphstate_indep_qiskit_3|ibm_heron_156 azione_RL=RemoveRedundancies
job=graphstate_indep_qiskit_3|ibm_heron_156 azione_RL=BasisTranslator
job=graphstate_indep_qiskit_3|ibm_heron_156 azione_RL=InverseCancellation
job=graphstate_indep_qiskit_3|ibm_heron_156 azione_RL=RemoveRedundancies
job=graphstate_indep_qiskit_3|ibm_heron_156 azione_RL=OptimizeCliffords
job=graphstate_indep_qiskit_3|ibm_heron_156 azione_RL=InverseCancellation
job=graphstate_indep_qiskit_3|ibm_heron_156 azione_RL=PeepholeOptimise2Q
job=graphstate_indep_qiskit_3|ibm_heron_156 azione_RL=QiskitO3
job=graphstate_indep_qiskit_3|ibm_heron_156 azione_RL=BQSKitO2
job=graphstate_indep_qiskit_3|ibm_heron_156 azione_RL=QiskitO3
job=graphstate_indep_qiskit_3|ibm_heron_156 azione_RL=BQSKitO2
job=graphstate_indep_qiskit_3|ibm_heron_156 azione_RL=BQSKitSynthesis
job=graphstate_indep_qiskit_3|ibm_heron_156 azione_RL=BQSKitO2
job=graphstate_indep_qiskit_3|ibm_heron_156 azione_RL=CliffordSimp
job=graphstate_indep_qiskit_3|ibm_heron_156 azione_RL=OptimizeCliffords
job=graphstate_indep_qiskit_3|ibm_heron_156 azione_RL=CommutativeCancellation
job=graphstate_indep_qiskit_3|ibm_heron_156 azione_RL=BQSKitSynthesis
job=graphstate_indep_qiskit_3|ibm_heron_156 fallback=QiskitO2
job=graphstate_indep_tket_3|ibm_heron_156 azione_RL=BQSKitO2
job=graphstate_indep_tket_3|ibm_heron_156 azione_RL=FullPeepholeOptimiseCX
job=graphstate_indep_tket_3|ibm_heron_156 azione_RL=OptimizeCliffords
job=graphstate_indep_tket_3|ibm_heron_156 azione_RL=QiskitO3
job=graphstate_indep_tket_3|ibm_heron_156 azione_RL=BQSKitSynthesis
job=graphstate_indep_tket_3|ibm_heron_156 azione_RL=InverseCancellation
job=graphstate_indep_tket_3|ibm_heron_156 azione_RL=BQSKitO2
job=graphstate_indep_tket_3|ibm_heron_156 azione_RL=CommutativeInverseCancellation
job=graphstate_indep_tket_3|ibm_heron_156 azione_RL=RemoveDiagonalGatesBeforeMeasure
job=graphstate_indep_tket_3|ibm_heron_156 azione_RL=QiskitO3
job=graphstate_indep_tket_3|ibm_heron_156 azione_RL=RemoveDiagonalGatesBeforeMeasure
job=graphstate_indep_tket_3|ibm_heron_156 azione_RL=BQSKitSynthesis
job=graphstate_indep_tket_3|ibm_heron_156 azione_RL=BasisTranslator
job=graphstate_indep_tket_3|ibm_heron_156 azione_RL=CommutativeInverseCancellation
job=graphstate_indep_tket_3|ibm_heron_156 azione_RL=OptimizeCliffords
job=graphstate_indep_tket_3|ibm_heron_156 azione_RL=FullPeepholeOptimiseCX
job=graphstate_indep_tket_3|ibm_heron_156 azione_RL=BasisTranslator
job=graphstate_indep_tket_3|ibm_heron_156 azione_RL=RemoveDiagonalGatesBeforeMeasure
job=graphstate_indep_tket_3|ibm_heron_156 azione_RL=CommutativeCancellation
job=graphstate_indep_tket_3|ibm_heron_156 azione_RL=Optimize1qGatesDecomposition
job=graphstate_indep_tket_3|ibm_heron_156 azione_RL=CliffordSimp
job=graphstate_indep_tket_3|ibm_heron_156 azione_RL=BQSKitO2
job=graphstate_indep_tket_3|ibm_heron_156 azione_RL=BasisTranslator
job=graphstate_indep_tket_3|ibm_heron_156 azione_RL=PeepholeOptimise2Q
job=graphstate_indep_tket_3|ibm_heron_156 azione_RL=Opt2qBlocks
job=graphstate_indep_tket_3|ibm_heron_156 azione_RL=RemoveRedundancies
job=graphstate_indep_tket_3|ibm_heron_156 azione_RL=RemoveRedundancies
job=graphstate_indep_tket_3|ibm_heron_156 azione_RL=QiskitO3
job=graphstate_indep_tket_3|ibm_heron_156 azione_RL=QiskitO3
job=graphstate_indep_tket_3|ibm_heron_156 azione_RL=RemoveRedundancies
job=graphstate_indep_tket_3|ibm_heron_156 azione_RL=InverseCancellation
job=graphstate_indep_tket_3|ibm_heron_156 azione_RL=QiskitO3
job=graphstate_indep_tket_3|ibm_heron_156 azione_RL=Opt2qBlocks
job=graphstate_indep_tket_3|ibm_heron_156 azione_RL=CommutativeInverseCancellation
job=graphstate_indep_tket_3|ibm_heron_156 azione_RL=RemoveDiagonalGatesBeforeMeasure
job=graphstate_indep_tket_3|ibm_heron_156 azione_RL=FullPeepholeOptimiseCX
job=graphstate_indep_tket_3|ibm_heron_156 azione_RL=RemoveDiagonalGatesBeforeMeasure
job=graphstate_indep_tket_3|ibm_heron_156 azione_RL=Opt2qBlocks
job=graphstate_indep_tket_3|ibm_heron_156 azione_RL=OptimizeCliffords
job=graphstate_indep_tket_3|ibm_heron_156 azione_RL=QiskitO3
job=graphstate_indep_tket_3|ibm_heron_156 azione_RL=RemoveRedundancies
job=graphstate_indep_tket_3|ibm_heron_156 azione_RL=CommutativeCancellation
job=graphstate_indep_tket_3|ibm_heron_156 azione_RL=CommutativeInverseCancellation
job=graphstate_indep_tket_3|ibm_heron_156 azione_RL=BQSKitO2
job=graphstate_indep_tket_3|ibm_heron_156 azione_RL=OptimizeCliffords
job=graphstate_indep_tket_3|ibm_heron_156 azione_RL=BQSKitO2
job=graphstate_indep_tket_3|ibm_heron_156 azione_RL=BQSKitO2
job=graphstate_indep_tket_3|ibm_heron_156 azione_RL=QiskitO3
job=graphstate_indep_tket_3|ibm_heron_156 azione_RL=Optimize1qGatesDecomposition
job=graphstate_indep_tket_3|ibm_heron_156 azione_RL=InverseCancellation
job=graphstate_indep_tket_3|ibm_heron_156 azione_RL=InverseCancellation
job=graphstate_indep_tket_3|ibm_heron_156 azione_RL=RemoveRedundancies
job=graphstate_indep_tket_3|ibm_heron_156 azione_RL=OptimizeCliffords
job=graphstate_indep_tket_3|ibm_heron_156 azione_RL=QiskitO3
job=graphstate_indep_tket_3|ibm_heron_156 azione_RL=CommutativeCancellation
job=graphstate_indep_tket_3|ibm_heron_156 azione_RL=RemoveRedundancies
job=graphstate_indep_tket_3|ibm_heron_156 azione_RL=RemoveDiagonalGatesBeforeMeasure
job=graphstate_indep_tket_3|ibm_heron_156 azione_RL=OptimizeCliffords
job=graphstate_indep_tket_3|ibm_heron_156 azione_RL=CommutativeInverseCancellation
job=graphstate_indep_tket_3|ibm_heron_156 azione_RL=BQSKitSynthesis
job=graphstate_indep_tket_3|ibm_heron_156 azione_RL=BasisTranslator
job=graphstate_indep_tket_3|ibm_heron_156 azione_RL=CommutativeInverseCancellation
job=graphstate_indep_tket_3|ibm_heron_156 azione_RL=RemoveDiagonalGatesBeforeMeasure
job=graphstate_indep_tket_3|ibm_heron_156 azione_RL=BQSKitSynthesis
job=graphstate_indep_tket_3|ibm_heron_156 azione_RL=BQSKitSynthesis
job=graphstate_indep_tket_3|ibm_heron_156 azione_RL=RemoveDiagonalGatesBeforeMeasure
job=graphstate_indep_tket_3|ibm_heron_156 azione_RL=InverseCancellation
job=graphstate_indep_tket_3|ibm_heron_156 azione_RL=BQSKitSynthesis
job=graphstate_indep_tket_3|ibm_heron_156 azione_RL=FullPeepholeOptimiseCX
job=graphstate_indep_tket_3|ibm_heron_156 azione_RL=BQSKitSynthesis
job=graphstate_indep_tket_3|ibm_heron_156 azione_RL=PeepholeOptimise2Q
job=graphstate_indep_tket_3|ibm_heron_156 azione_RL=RemoveDiagonalGatesBeforeMeasure
job=graphstate_indep_tket_3|ibm_heron_156 azione_RL=RemoveRedundancies
job=graphstate_indep_tket_3|ibm_heron_156 azione_RL=Optimize1qGatesDecomposition
job=graphstate_indep_tket_3|ibm_heron_156 azione_RL=RemoveDiagonalGatesBeforeMeasure
job=graphstate_indep_tket_3|ibm_heron_156 azione_RL=BQSKitO2
job=graphstate_indep_tket_3|ibm_heron_156 azione_RL=RemoveRedundancies
job=graphstate_indep_tket_3|ibm_heron_156 azione_RL=QiskitO3
job=graphstate_indep_tket_3|ibm_heron_156 azione_RL=FullPeepholeOptimiseCX
job=graphstate_indep_tket_3|ibm_heron_156 azione_RL=OptimizeCliffords
job=graphstate_indep_tket_3|ibm_heron_156 azione_RL=OptimizeCliffords
job=graphstate_indep_tket_3|ibm_heron_156 azione_RL=InverseCancellation
job=graphstate_indep_tket_3|ibm_heron_156 azione_RL=Opt2qBlocks
job=graphstate_indep_tket_3|ibm_heron_156 azione_RL=InverseCancellation
job=graphstate_indep_tket_3|ibm_heron_156 azione_RL=QiskitO3
job=graphstate_indep_tket_3|ibm_heron_156 azione_RL=Optimize1qGatesDecomposition
job=graphstate_indep_tket_3|ibm_heron_156 azione_RL=FullPeepholeOptimiseCX
job=graphstate_indep_tket_3|ibm_heron_156 azione_RL=Opt2qBlocks
job=graphstate_indep_tket_3|ibm_heron_156 azione_RL=FullPeepholeOptimiseCX
job=graphstate_indep_tket_3|ibm_heron_156 azione_RL=RemoveRedundancies
job=graphstate_indep_tket_3|ibm_heron_156 azione_RL=BQSKitSynthesis
job=graphstate_indep_tket_3|ibm_heron_156 azione_RL=BasisTranslator
job=graphstate_indep_tket_3|ibm_heron_156 azione_RL=QiskitO3
job=graphstate_indep_tket_3|ibm_heron_156 azione_RL=CliffordSimp
job=graphstate_indep_tket_3|ibm_heron_156 azione_RL=CommutativeCancellation
job=graphstate_indep_tket_3|ibm_heron_156 azione_RL=RemoveDiagonalGatesBeforeMeasure
job=graphstate_indep_tket_3|ibm_heron_156 azione_RL=Opt2qBlocks
job=graphstate_indep_tket_3|ibm_heron_156 azione_RL=CommutativeCancellation
job=graphstate_indep_tket_3|ibm_heron_156 azione_RL=PeepholeOptimise2Q
job=graphstate_indep_tket_3|ibm_heron_156 azione_RL=QiskitO3
job=graphstate_indep_tket_3|ibm_heron_156 azione_RL=CommutativeInverseCancellation
job=graphstate_indep_tket_3|ibm_heron_156 azione_RL=FullPeepholeOptimiseCX
job=graphstate_indep_tket_3|ibm_heron_156 azione_RL=BQSKitO2
job=graphstate_indep_tket_3|ibm_heron_156 azione_RL=InverseCancellation
job=graphstate_indep_tket_3|ibm_heron_156 azione_RL=BQSKitSynthesis
job=graphstate_indep_tket_3|ibm_heron_156 azione_RL=QiskitO3
job=graphstate_indep_tket_3|ibm_heron_156 azione_RL=Opt2qBlocks
job=graphstate_indep_tket_3|ibm_heron_156 azione_RL=RemoveRedundancies
job=graphstate_indep_tket_3|ibm_heron_156 azione_RL=QiskitO3
job=graphstate_indep_tket_3|ibm_heron_156 azione_RL=CommutativeCancellation
job=graphstate_indep_tket_3|ibm_heron_156 azione_RL=CommutativeCancellation
job=graphstate_indep_tket_3|ibm_heron_156 azione_RL=RemoveRedundancies
job=graphstate_indep_tket_3|ibm_heron_156 azione_RL=BQSKitO2
job=graphstate_indep_tket_3|ibm_heron_156 azione_RL=QiskitO3
job=graphstate_indep_tket_3|ibm_heron_156 azione_RL=CommutativeInverseCancellation
job=graphstate_indep_tket_3|ibm_heron_156 azione_RL=InverseCancellation
job=graphstate_indep_tket_3|ibm_heron_156 azione_RL=CliffordSimp
job=graphstate_indep_tket_3|ibm_heron_156 azione_RL=QiskitO3
job=graphstate_indep_tket_3|ibm_heron_156 azione_RL=RemoveDiagonalGatesBeforeMeasure
job=graphstate_indep_tket_3|ibm_heron_156 azione_RL=QiskitO3
job=graphstate_indep_tket_3|ibm_heron_156 azione_RL=BQSKitSynthesis
job=graphstate_indep_tket_3|ibm_heron_156 azione_RL=PeepholeOptimise2Q
job=graphstate_indep_tket_3|ibm_heron_156 azione_RL=InverseCancellation
job=graphstate_indep_tket_3|ibm_heron_156 azione_RL=BQSKitO2
job=graphstate_indep_tket_3|ibm_heron_156 azione_RL=FullPeepholeOptimiseCX
job=graphstate_indep_tket_3|ibm_heron_156 azione_RL=BasisTranslator
job=graphstate_indep_tket_3|ibm_heron_156 azione_RL=BQSKitSynthesis
job=graphstate_indep_tket_3|ibm_heron_156 azione_RL=BQSKitO2
job=graphstate_indep_tket_3|ibm_heron_156 azione_RL=CliffordSimp
job=graphstate_indep_tket_3|ibm_heron_156 azione_RL=RemoveRedundancies
job=graphstate_indep_tket_3|ibm_heron_156 azione_RL=BasisTranslator
job=graphstate_indep_tket_3|ibm_heron_156 azione_RL=InverseCancellation
job=graphstate_indep_tket_3|ibm_heron_156 azione_RL=RemoveRedundancies
job=graphstate_indep_tket_3|ibm_heron_156 azione_RL=OptimizeCliffords
job=graphstate_indep_tket_3|ibm_heron_156 azione_RL=InverseCancellation
job=graphstate_indep_tket_3|ibm_heron_156 azione_RL=PeepholeOptimise2Q
job=graphstate_indep_tket_3|ibm_heron_156 azione_RL=QiskitO3
job=graphstate_indep_tket_3|ibm_heron_156 azione_RL=BQSKitO2
job=graphstate_indep_tket_3|ibm_heron_156 azione_RL=QiskitO3
job=graphstate_indep_tket_3|ibm_heron_156 azione_RL=BQSKitO2
job=graphstate_indep_tket_3|ibm_heron_156 azione_RL=BQSKitSynthesis
job=graphstate_indep_tket_3|ibm_heron_156 azione_RL=BQSKitO2
job=graphstate_indep_tket_3|ibm_heron_156 fallback=QiskitO2
job=portfolioqaoa_indep_qiskit_3|ibm_heron_156 azione_RL=BQSKitO2
job=portfolioqaoa_indep_qiskit_3|ibm_heron_156 azione_RL=FullPeepholeOptimiseCX
job=portfolioqaoa_indep_qiskit_3|ibm_heron_156 azione_RL=OptimizeCliffords
job=portfolioqaoa_indep_qiskit_3|ibm_heron_156 azione_RL=QiskitO3
job=portfolioqaoa_indep_qiskit_3|ibm_heron_156 azione_RL=BQSKitSynthesis
job=portfolioqaoa_indep_qiskit_3|ibm_heron_156 azione_RL=CommutativeCancellation
job=portfolioqaoa_indep_qiskit_3|ibm_heron_156 azione_RL=BQSKitO2
job=portfolioqaoa_indep_qiskit_3|ibm_heron_156 azione_RL=CommutativeInverseCancellation
job=portfolioqaoa_indep_qiskit_3|ibm_heron_156 azione_RL=RemoveDiagonalGatesBeforeMeasure
job=portfolioqaoa_indep_qiskit_3|ibm_heron_156 azione_RL=QiskitO3
job=portfolioqaoa_indep_qiskit_3|ibm_heron_156 azione_RL=RemoveDiagonalGatesBeforeMeasure
job=portfolioqaoa_indep_qiskit_3|ibm_heron_156 azione_RL=BQSKitSynthesis
job=portfolioqaoa_indep_qiskit_3|ibm_heron_156 azione_RL=BasisTranslator
job=portfolioqaoa_indep_qiskit_3|ibm_heron_156 azione_RL=CommutativeInverseCancellation
job=portfolioqaoa_indep_qiskit_3|ibm_heron_156 azione_RL=OptimizeCliffords
job=portfolioqaoa_indep_qiskit_3|ibm_heron_156 azione_RL=FullPeepholeOptimiseCX
job=portfolioqaoa_indep_qiskit_3|ibm_heron_156 azione_RL=BasisTranslator
job=portfolioqaoa_indep_qiskit_3|ibm_heron_156 azione_RL=RemoveDiagonalGatesBeforeMeasure
job=portfolioqaoa_indep_qiskit_3|ibm_heron_156 azione_RL=CommutativeCancellation
job=portfolioqaoa_indep_qiskit_3|ibm_heron_156 azione_RL=Optimize1qGatesDecomposition
job=portfolioqaoa_indep_qiskit_3|ibm_heron_156 azione_RL=CliffordSimp
job=portfolioqaoa_indep_qiskit_3|ibm_heron_156 azione_RL=BQSKitO2
job=portfolioqaoa_indep_qiskit_3|ibm_heron_156 azione_RL=BasisTranslator
job=portfolioqaoa_indep_qiskit_3|ibm_heron_156 azione_RL=PeepholeOptimise2Q
job=portfolioqaoa_indep_qiskit_3|ibm_heron_156 azione_RL=Opt2qBlocks
job=portfolioqaoa_indep_qiskit_3|ibm_heron_156 azione_RL=RemoveRedundancies
job=portfolioqaoa_indep_qiskit_3|ibm_heron_156 azione_RL=RemoveRedundancies
job=portfolioqaoa_indep_qiskit_3|ibm_heron_156 azione_RL=QiskitO3
job=portfolioqaoa_indep_qiskit_3|ibm_heron_156 azione_RL=QiskitO3
job=portfolioqaoa_indep_qiskit_3|ibm_heron_156 azione_RL=RemoveRedundancies
job=portfolioqaoa_indep_qiskit_3|ibm_heron_156 azione_RL=InverseCancellation
job=portfolioqaoa_indep_qiskit_3|ibm_heron_156 azione_RL=QiskitO3
job=portfolioqaoa_indep_qiskit_3|ibm_heron_156 azione_RL=Opt2qBlocks
job=portfolioqaoa_indep_qiskit_3|ibm_heron_156 azione_RL=CommutativeInverseCancellation
job=portfolioqaoa_indep_qiskit_3|ibm_heron_156 azione_RL=RemoveDiagonalGatesBeforeMeasure
job=portfolioqaoa_indep_qiskit_3|ibm_heron_156 azione_RL=FullPeepholeOptimiseCX
job=portfolioqaoa_indep_qiskit_3|ibm_heron_156 azione_RL=RemoveDiagonalGatesBeforeMeasure
job=portfolioqaoa_indep_qiskit_3|ibm_heron_156 azione_RL=Opt2qBlocks
job=portfolioqaoa_indep_qiskit_3|ibm_heron_156 azione_RL=OptimizeCliffords
job=portfolioqaoa_indep_qiskit_3|ibm_heron_156 azione_RL=QiskitO3
job=portfolioqaoa_indep_qiskit_3|ibm_heron_156 azione_RL=RemoveRedundancies
job=portfolioqaoa_indep_qiskit_3|ibm_heron_156 azione_RL=CommutativeCancellation
job=portfolioqaoa_indep_qiskit_3|ibm_heron_156 azione_RL=CommutativeInverseCancellation
job=portfolioqaoa_indep_qiskit_3|ibm_heron_156 azione_RL=BQSKitO2
job=portfolioqaoa_indep_qiskit_3|ibm_heron_156 azione_RL=OptimizeCliffords
job=portfolioqaoa_indep_qiskit_3|ibm_heron_156 azione_RL=BQSKitO2
job=portfolioqaoa_indep_qiskit_3|ibm_heron_156 azione_RL=BQSKitO2
job=portfolioqaoa_indep_qiskit_3|ibm_heron_156 azione_RL=QiskitO3
job=portfolioqaoa_indep_qiskit_3|ibm_heron_156 azione_RL=Optimize1qGatesDecomposition
job=portfolioqaoa_indep_qiskit_3|ibm_heron_156 azione_RL=InverseCancellation
job=portfolioqaoa_indep_qiskit_3|ibm_heron_156 azione_RL=InverseCancellation
job=portfolioqaoa_indep_qiskit_3|ibm_heron_156 azione_RL=RemoveRedundancies
job=portfolioqaoa_indep_qiskit_3|ibm_heron_156 azione_RL=OptimizeCliffords
job=portfolioqaoa_indep_qiskit_3|ibm_heron_156 azione_RL=QiskitO3
job=portfolioqaoa_indep_qiskit_3|ibm_heron_156 azione_RL=CommutativeCancellation
job=portfolioqaoa_indep_qiskit_3|ibm_heron_156 azione_RL=RemoveRedundancies
job=portfolioqaoa_indep_qiskit_3|ibm_heron_156 azione_RL=RemoveDiagonalGatesBeforeMeasure
job=portfolioqaoa_indep_qiskit_3|ibm_heron_156 azione_RL=OptimizeCliffords
job=portfolioqaoa_indep_qiskit_3|ibm_heron_156 azione_RL=CommutativeInverseCancellation
job=portfolioqaoa_indep_qiskit_3|ibm_heron_156 azione_RL=BQSKitSynthesis
job=portfolioqaoa_indep_qiskit_3|ibm_heron_156 azione_RL=BasisTranslator
job=portfolioqaoa_indep_qiskit_3|ibm_heron_156 azione_RL=CommutativeInverseCancellation
job=portfolioqaoa_indep_qiskit_3|ibm_heron_156 azione_RL=RemoveDiagonalGatesBeforeMeasure
job=portfolioqaoa_indep_qiskit_3|ibm_heron_156 azione_RL=BQSKitSynthesis
job=portfolioqaoa_indep_qiskit_3|ibm_heron_156 azione_RL=BQSKitSynthesis
job=portfolioqaoa_indep_qiskit_3|ibm_heron_156 azione_RL=RemoveDiagonalGatesBeforeMeasure
job=portfolioqaoa_indep_qiskit_3|ibm_heron_156 azione_RL=InverseCancellation
job=portfolioqaoa_indep_qiskit_3|ibm_heron_156 azione_RL=BQSKitSynthesis
job=portfolioqaoa_indep_qiskit_3|ibm_heron_156 azione_RL=FullPeepholeOptimiseCX
job=portfolioqaoa_indep_qiskit_3|ibm_heron_156 azione_RL=BQSKitSynthesis
job=portfolioqaoa_indep_qiskit_3|ibm_heron_156 azione_RL=PeepholeOptimise2Q
job=portfolioqaoa_indep_qiskit_3|ibm_heron_156 azione_RL=RemoveDiagonalGatesBeforeMeasure
job=portfolioqaoa_indep_qiskit_3|ibm_heron_156 azione_RL=RemoveRedundancies
job=portfolioqaoa_indep_qiskit_3|ibm_heron_156 azione_RL=Optimize1qGatesDecomposition
job=portfolioqaoa_indep_qiskit_3|ibm_heron_156 azione_RL=RemoveDiagonalGatesBeforeMeasure
job=portfolioqaoa_indep_qiskit_3|ibm_heron_156 azione_RL=BQSKitO2
job=portfolioqaoa_indep_qiskit_3|ibm_heron_156 azione_RL=RemoveRedundancies
job=portfolioqaoa_indep_qiskit_3|ibm_heron_156 azione_RL=QiskitO3
job=portfolioqaoa_indep_qiskit_3|ibm_heron_156 azione_RL=FullPeepholeOptimiseCX
job=portfolioqaoa_indep_qiskit_3|ibm_heron_156 azione_RL=OptimizeCliffords
job=portfolioqaoa_indep_qiskit_3|ibm_heron_156 azione_RL=OptimizeCliffords
job=portfolioqaoa_indep_qiskit_3|ibm_heron_156 azione_RL=InverseCancellation
job=portfolioqaoa_indep_qiskit_3|ibm_heron_156 azione_RL=Opt2qBlocks
job=portfolioqaoa_indep_qiskit_3|ibm_heron_156 azione_RL=InverseCancellation
job=portfolioqaoa_indep_qiskit_3|ibm_heron_156 azione_RL=QiskitO3
job=portfolioqaoa_indep_qiskit_3|ibm_heron_156 azione_RL=Optimize1qGatesDecomposition
job=portfolioqaoa_indep_qiskit_3|ibm_heron_156 azione_RL=FullPeepholeOptimiseCX
job=portfolioqaoa_indep_qiskit_3|ibm_heron_156 azione_RL=Opt2qBlocks
job=portfolioqaoa_indep_qiskit_3|ibm_heron_156 azione_RL=FullPeepholeOptimiseCX
job=portfolioqaoa_indep_qiskit_3|ibm_heron_156 azione_RL=RemoveRedundancies
job=portfolioqaoa_indep_qiskit_3|ibm_heron_156 azione_RL=BQSKitSynthesis
job=portfolioqaoa_indep_qiskit_3|ibm_heron_156 azione_RL=BasisTranslator
job=portfolioqaoa_indep_qiskit_3|ibm_heron_156 azione_RL=QiskitO3
job=portfolioqaoa_indep_qiskit_3|ibm_heron_156 azione_RL=CliffordSimp
job=portfolioqaoa_indep_qiskit_3|ibm_heron_156 azione_RL=CommutativeCancellation
job=portfolioqaoa_indep_qiskit_3|ibm_heron_156 azione_RL=RemoveDiagonalGatesBeforeMeasure
job=portfolioqaoa_indep_qiskit_3|ibm_heron_156 azione_RL=Opt2qBlocks
job=portfolioqaoa_indep_qiskit_3|ibm_heron_156 azione_RL=CommutativeCancellation
job=portfolioqaoa_indep_qiskit_3|ibm_heron_156 azione_RL=PeepholeOptimise2Q
job=portfolioqaoa_indep_qiskit_3|ibm_heron_156 azione_RL=QiskitO3
job=portfolioqaoa_indep_qiskit_3|ibm_heron_156 azione_RL=CommutativeInverseCancellation
job=portfolioqaoa_indep_qiskit_3|ibm_heron_156 azione_RL=FullPeepholeOptimiseCX
job=portfolioqaoa_indep_qiskit_3|ibm_heron_156 azione_RL=BQSKitO2
job=portfolioqaoa_indep_qiskit_3|ibm_heron_156 azione_RL=InverseCancellation
job=portfolioqaoa_indep_qiskit_3|ibm_heron_156 azione_RL=BQSKitSynthesis
job=portfolioqaoa_indep_qiskit_3|ibm_heron_156 azione_RL=QiskitO3
job=portfolioqaoa_indep_qiskit_3|ibm_heron_156 azione_RL=Opt2qBlocks
job=portfolioqaoa_indep_qiskit_3|ibm_heron_156 azione_RL=RemoveRedundancies
job=portfolioqaoa_indep_qiskit_3|ibm_heron_156 azione_RL=QiskitO3
job=portfolioqaoa_indep_qiskit_3|ibm_heron_156 azione_RL=CommutativeCancellation
job=portfolioqaoa_indep_qiskit_3|ibm_heron_156 azione_RL=CommutativeCancellation
job=portfolioqaoa_indep_qiskit_3|ibm_heron_156 azione_RL=RemoveRedundancies
job=portfolioqaoa_indep_qiskit_3|ibm_heron_156 azione_RL=BQSKitO2
job=portfolioqaoa_indep_qiskit_3|ibm_heron_156 azione_RL=QiskitO3
job=portfolioqaoa_indep_qiskit_3|ibm_heron_156 azione_RL=CommutativeInverseCancellation
job=portfolioqaoa_indep_qiskit_3|ibm_heron_156 azione_RL=InverseCancellation
job=portfolioqaoa_indep_qiskit_3|ibm_heron_156 azione_RL=CliffordSimp
job=portfolioqaoa_indep_qiskit_3|ibm_heron_156 azione_RL=QiskitO3
job=portfolioqaoa_indep_qiskit_3|ibm_heron_156 azione_RL=RemoveDiagonalGatesBeforeMeasure
job=portfolioqaoa_indep_qiskit_3|ibm_heron_156 azione_RL=QiskitO3
job=portfolioqaoa_indep_qiskit_3|ibm_heron_156 azione_RL=BQSKitSynthesis
job=portfolioqaoa_indep_qiskit_3|ibm_heron_156 azione_RL=PeepholeOptimise2Q
job=portfolioqaoa_indep_qiskit_3|ibm_heron_156 azione_RL=InverseCancellation
job=portfolioqaoa_indep_qiskit_3|ibm_heron_156 azione_RL=BQSKitO2
job=portfolioqaoa_indep_qiskit_3|ibm_heron_156 azione_RL=FullPeepholeOptimiseCX
job=portfolioqaoa_indep_qiskit_3|ibm_heron_156 azione_RL=BasisTranslator
job=portfolioqaoa_indep_qiskit_3|ibm_heron_156 azione_RL=BQSKitSynthesis
job=portfolioqaoa_indep_qiskit_3|ibm_heron_156 azione_RL=BQSKitO2
job=portfolioqaoa_indep_qiskit_3|ibm_heron_156 azione_RL=CliffordSimp
job=portfolioqaoa_indep_qiskit_3|ibm_heron_156 azione_RL=RemoveRedundancies
job=portfolioqaoa_indep_qiskit_3|ibm_heron_156 azione_RL=BasisTranslator
job=portfolioqaoa_indep_qiskit_3|ibm_heron_156 azione_RL=InverseCancellation
job=portfolioqaoa_indep_qiskit_3|ibm_heron_156 azione_RL=RemoveRedundancies
job=portfolioqaoa_indep_qiskit_3|ibm_heron_156 azione_RL=OptimizeCliffords
job=portfolioqaoa_indep_qiskit_3|ibm_heron_156 azione_RL=InverseCancellation
job=portfolioqaoa_indep_qiskit_3|ibm_heron_156 azione_RL=PeepholeOptimise2Q
job=portfolioqaoa_indep_qiskit_3|ibm_heron_156 azione_RL=QiskitO3
job=portfolioqaoa_indep_qiskit_3|ibm_heron_156 azione_RL=BQSKitO2
job=portfolioqaoa_indep_qiskit_3|ibm_heron_156 azione_RL=QiskitO3
job=portfolioqaoa_indep_qiskit_3|ibm_heron_156 azione_RL=BQSKitO2
job=portfolioqaoa_indep_qiskit_3|ibm_heron_156 azione_RL=BQSKitSynthesis
job=portfolioqaoa_indep_qiskit_3|ibm_heron_156 azione_RL=BQSKitO2
job=portfolioqaoa_indep_qiskit_3|ibm_heron_156 fallback=QiskitO2
job=portfolioqaoa_indep_tket_3|ibm_heron_156 azione_RL=BQSKitO2
job=portfolioqaoa_indep_tket_3|ibm_heron_156 azione_RL=FullPeepholeOptimiseCX
job=portfolioqaoa_indep_tket_3|ibm_heron_156 azione_RL=OptimizeCliffords
job=portfolioqaoa_indep_tket_3|ibm_heron_156 azione_RL=QiskitO3
job=portfolioqaoa_indep_tket_3|ibm_heron_156 azione_RL=BQSKitSynthesis
job=portfolioqaoa_indep_tket_3|ibm_heron_156 azione_RL=InverseCancellation
job=portfolioqaoa_indep_tket_3|ibm_heron_156 azione_RL=BQSKitO2
job=portfolioqaoa_indep_tket_3|ibm_heron_156 azione_RL=CommutativeInverseCancellation
job=portfolioqaoa_indep_tket_3|ibm_heron_156 azione_RL=RemoveDiagonalGatesBeforeMeasure
job=portfolioqaoa_indep_tket_3|ibm_heron_156 azione_RL=QiskitO3
job=portfolioqaoa_indep_tket_3|ibm_heron_156 azione_RL=RemoveDiagonalGatesBeforeMeasure
job=portfolioqaoa_indep_tket_3|ibm_heron_156 azione_RL=BQSKitSynthesis
job=portfolioqaoa_indep_tket_3|ibm_heron_156 azione_RL=BasisTranslator
job=portfolioqaoa_indep_tket_3|ibm_heron_156 azione_RL=CommutativeInverseCancellation
job=portfolioqaoa_indep_tket_3|ibm_heron_156 azione_RL=OptimizeCliffords
job=portfolioqaoa_indep_tket_3|ibm_heron_156 azione_RL=FullPeepholeOptimiseCX
job=portfolioqaoa_indep_tket_3|ibm_heron_156 azione_RL=BasisTranslator
job=portfolioqaoa_indep_tket_3|ibm_heron_156 azione_RL=RemoveDiagonalGatesBeforeMeasure
job=portfolioqaoa_indep_tket_3|ibm_heron_156 azione_RL=CommutativeCancellation
job=portfolioqaoa_indep_tket_3|ibm_heron_156 azione_RL=Optimize1qGatesDecomposition
job=portfolioqaoa_indep_tket_3|ibm_heron_156 azione_RL=CliffordSimp
job=portfolioqaoa_indep_tket_3|ibm_heron_156 azione_RL=BQSKitO2
job=portfolioqaoa_indep_tket_3|ibm_heron_156 azione_RL=BasisTranslator
job=portfolioqaoa_indep_tket_3|ibm_heron_156 azione_RL=PeepholeOptimise2Q
job=portfolioqaoa_indep_tket_3|ibm_heron_156 azione_RL=Opt2qBlocks
job=portfolioqaoa_indep_tket_3|ibm_heron_156 azione_RL=RemoveRedundancies
job=portfolioqaoa_indep_tket_3|ibm_heron_156 azione_RL=RemoveRedundancies
job=portfolioqaoa_indep_tket_3|ibm_heron_156 azione_RL=QiskitO3
job=portfolioqaoa_indep_tket_3|ibm_heron_156 azione_RL=QiskitO3
job=portfolioqaoa_indep_tket_3|ibm_heron_156 azione_RL=RemoveRedundancies
job=portfolioqaoa_indep_tket_3|ibm_heron_156 azione_RL=InverseCancellation
job=portfolioqaoa_indep_tket_3|ibm_heron_156 azione_RL=QiskitO3
job=portfolioqaoa_indep_tket_3|ibm_heron_156 azione_RL=Opt2qBlocks
job=portfolioqaoa_indep_tket_3|ibm_heron_156 azione_RL=CommutativeInverseCancellation
job=portfolioqaoa_indep_tket_3|ibm_heron_156 azione_RL=RemoveDiagonalGatesBeforeMeasure
job=portfolioqaoa_indep_tket_3|ibm_heron_156 azione_RL=FullPeepholeOptimiseCX
job=portfolioqaoa_indep_tket_3|ibm_heron_156 azione_RL=RemoveDiagonalGatesBeforeMeasure
job=portfolioqaoa_indep_tket_3|ibm_heron_156 azione_RL=Opt2qBlocks
job=portfolioqaoa_indep_tket_3|ibm_heron_156 azione_RL=OptimizeCliffords
job=portfolioqaoa_indep_tket_3|ibm_heron_156 azione_RL=QiskitO3
job=portfolioqaoa_indep_tket_3|ibm_heron_156 azione_RL=RemoveRedundancies
job=portfolioqaoa_indep_tket_3|ibm_heron_156 azione_RL=CommutativeCancellation
job=portfolioqaoa_indep_tket_3|ibm_heron_156 azione_RL=CommutativeInverseCancellation
job=portfolioqaoa_indep_tket_3|ibm_heron_156 azione_RL=BQSKitO2
job=portfolioqaoa_indep_tket_3|ibm_heron_156 azione_RL=OptimizeCliffords
job=portfolioqaoa_indep_tket_3|ibm_heron_156 azione_RL=BQSKitO2
job=portfolioqaoa_indep_tket_3|ibm_heron_156 azione_RL=BQSKitO2
job=portfolioqaoa_indep_tket_3|ibm_heron_156 azione_RL=QiskitO3
job=portfolioqaoa_indep_tket_3|ibm_heron_156 azione_RL=Optimize1qGatesDecomposition
job=portfolioqaoa_indep_tket_3|ibm_heron_156 azione_RL=InverseCancellation
job=portfolioqaoa_indep_tket_3|ibm_heron_156 azione_RL=InverseCancellation
job=portfolioqaoa_indep_tket_3|ibm_heron_156 azione_RL=RemoveRedundancies
job=portfolioqaoa_indep_tket_3|ibm_heron_156 azione_RL=OptimizeCliffords
job=portfolioqaoa_indep_tket_3|ibm_heron_156 azione_RL=QiskitO3
job=portfolioqaoa_indep_tket_3|ibm_heron_156 azione_RL=CommutativeCancellation
job=portfolioqaoa_indep_tket_3|ibm_heron_156 azione_RL=RemoveRedundancies
job=portfolioqaoa_indep_tket_3|ibm_heron_156 azione_RL=RemoveDiagonalGatesBeforeMeasure
job=portfolioqaoa_indep_tket_3|ibm_heron_156 azione_RL=OptimizeCliffords
job=portfolioqaoa_indep_tket_3|ibm_heron_156 azione_RL=CommutativeInverseCancellation
job=portfolioqaoa_indep_tket_3|ibm_heron_156 azione_RL=BQSKitSynthesis
job=portfolioqaoa_indep_tket_3|ibm_heron_156 azione_RL=BasisTranslator
job=portfolioqaoa_indep_tket_3|ibm_heron_156 azione_RL=CommutativeInverseCancellation
job=portfolioqaoa_indep_tket_3|ibm_heron_156 azione_RL=RemoveDiagonalGatesBeforeMeasure
job=portfolioqaoa_indep_tket_3|ibm_heron_156 azione_RL=BQSKitSynthesis
job=portfolioqaoa_indep_tket_3|ibm_heron_156 azione_RL=BQSKitSynthesis
job=portfolioqaoa_indep_tket_3|ibm_heron_156 azione_RL=RemoveDiagonalGatesBeforeMeasure
job=portfolioqaoa_indep_tket_3|ibm_heron_156 azione_RL=InverseCancellation
job=portfolioqaoa_indep_tket_3|ibm_heron_156 azione_RL=BQSKitSynthesis
job=portfolioqaoa_indep_tket_3|ibm_heron_156 azione_RL=FullPeepholeOptimiseCX
job=portfolioqaoa_indep_tket_3|ibm_heron_156 azione_RL=BQSKitSynthesis
job=portfolioqaoa_indep_tket_3|ibm_heron_156 azione_RL=PeepholeOptimise2Q
job=portfolioqaoa_indep_tket_3|ibm_heron_156 azione_RL=RemoveDiagonalGatesBeforeMeasure
job=portfolioqaoa_indep_tket_3|ibm_heron_156 azione_RL=RemoveRedundancies
job=portfolioqaoa_indep_tket_3|ibm_heron_156 azione_RL=Optimize1qGatesDecomposition
job=portfolioqaoa_indep_tket_3|ibm_heron_156 azione_RL=RemoveDiagonalGatesBeforeMeasure
job=portfolioqaoa_indep_tket_3|ibm_heron_156 azione_RL=BQSKitO2
job=portfolioqaoa_indep_tket_3|ibm_heron_156 azione_RL=RemoveRedundancies
job=portfolioqaoa_indep_tket_3|ibm_heron_156 azione_RL=QiskitO3
job=portfolioqaoa_indep_tket_3|ibm_heron_156 azione_RL=FullPeepholeOptimiseCX
job=portfolioqaoa_indep_tket_3|ibm_heron_156 azione_RL=OptimizeCliffords
job=portfolioqaoa_indep_tket_3|ibm_heron_156 azione_RL=OptimizeCliffords
job=portfolioqaoa_indep_tket_3|ibm_heron_156 azione_RL=InverseCancellation
job=portfolioqaoa_indep_tket_3|ibm_heron_156 azione_RL=Opt2qBlocks
job=portfolioqaoa_indep_tket_3|ibm_heron_156 azione_RL=InverseCancellation
job=portfolioqaoa_indep_tket_3|ibm_heron_156 azione_RL=QiskitO3
job=portfolioqaoa_indep_tket_3|ibm_heron_156 azione_RL=Optimize1qGatesDecomposition
job=portfolioqaoa_indep_tket_3|ibm_heron_156 azione_RL=FullPeepholeOptimiseCX
job=portfolioqaoa_indep_tket_3|ibm_heron_156 azione_RL=Opt2qBlocks
job=portfolioqaoa_indep_tket_3|ibm_heron_156 azione_RL=FullPeepholeOptimiseCX
job=portfolioqaoa_indep_tket_3|ibm_heron_156 azione_RL=RemoveRedundancies
job=portfolioqaoa_indep_tket_3|ibm_heron_156 azione_RL=BQSKitSynthesis
job=portfolioqaoa_indep_tket_3|ibm_heron_156 azione_RL=BasisTranslator
job=portfolioqaoa_indep_tket_3|ibm_heron_156 azione_RL=QiskitO3
job=portfolioqaoa_indep_tket_3|ibm_heron_156 azione_RL=CliffordSimp
job=portfolioqaoa_indep_tket_3|ibm_heron_156 azione_RL=CommutativeCancellation
job=portfolioqaoa_indep_tket_3|ibm_heron_156 azione_RL=RemoveDiagonalGatesBeforeMeasure
job=portfolioqaoa_indep_tket_3|ibm_heron_156 azione_RL=Opt2qBlocks
job=portfolioqaoa_indep_tket_3|ibm_heron_156 azione_RL=CommutativeCancellation
job=portfolioqaoa_indep_tket_3|ibm_heron_156 azione_RL=PeepholeOptimise2Q
job=portfolioqaoa_indep_tket_3|ibm_heron_156 azione_RL=QiskitO3
job=portfolioqaoa_indep_tket_3|ibm_heron_156 azione_RL=CommutativeInverseCancellation
job=portfolioqaoa_indep_tket_3|ibm_heron_156 azione_RL=FullPeepholeOptimiseCX
job=portfolioqaoa_indep_tket_3|ibm_heron_156 azione_RL=BQSKitO2
job=portfolioqaoa_indep_tket_3|ibm_heron_156 azione_RL=InverseCancellation
job=portfolioqaoa_indep_tket_3|ibm_heron_156 azione_RL=BQSKitSynthesis
job=portfolioqaoa_indep_tket_3|ibm_heron_156 azione_RL=QiskitO3
job=portfolioqaoa_indep_tket_3|ibm_heron_156 azione_RL=Opt2qBlocks
job=portfolioqaoa_indep_tket_3|ibm_heron_156 azione_RL=RemoveRedundancies
job=portfolioqaoa_indep_tket_3|ibm_heron_156 azione_RL=QiskitO3
job=portfolioqaoa_indep_tket_3|ibm_heron_156 azione_RL=CommutativeCancellation
job=portfolioqaoa_indep_tket_3|ibm_heron_156 azione_RL=CommutativeCancellation
job=portfolioqaoa_indep_tket_3|ibm_heron_156 azione_RL=RemoveRedundancies
job=portfolioqaoa_indep_tket_3|ibm_heron_156 azione_RL=BQSKitO2
job=portfolioqaoa_indep_tket_3|ibm_heron_156 azione_RL=QiskitO3
job=portfolioqaoa_indep_tket_3|ibm_heron_156 azione_RL=CommutativeInverseCancellation
job=portfolioqaoa_indep_tket_3|ibm_heron_156 azione_RL=InverseCancellation
job=portfolioqaoa_indep_tket_3|ibm_heron_156 azione_RL=CliffordSimp
job=portfolioqaoa_indep_tket_3|ibm_heron_156 azione_RL=QiskitO3
job=portfolioqaoa_indep_tket_3|ibm_heron_156 azione_RL=RemoveDiagonalGatesBeforeMeasure
job=portfolioqaoa_indep_tket_3|ibm_heron_156 azione_RL=QiskitO3
job=portfolioqaoa_indep_tket_3|ibm_heron_156 azione_RL=BQSKitSynthesis
job=portfolioqaoa_indep_tket_3|ibm_heron_156 azione_RL=PeepholeOptimise2Q
job=portfolioqaoa_indep_tket_3|ibm_heron_156 azione_RL=InverseCancellation
job=portfolioqaoa_indep_tket_3|ibm_heron_156 azione_RL=BQSKitO2
job=portfolioqaoa_indep_tket_3|ibm_heron_156 azione_RL=FullPeepholeOptimiseCX
job=portfolioqaoa_indep_tket_3|ibm_heron_156 azione_RL=BasisTranslator
job=portfolioqaoa_indep_tket_3|ibm_heron_156 azione_RL=BQSKitSynthesis
job=portfolioqaoa_indep_tket_3|ibm_heron_156 azione_RL=BQSKitO2
job=portfolioqaoa_indep_tket_3|ibm_heron_156 azione_RL=CliffordSimp
job=portfolioqaoa_indep_tket_3|ibm_heron_156 azione_RL=RemoveRedundancies
job=portfolioqaoa_indep_tket_3|ibm_heron_156 azione_RL=BasisTranslator
job=portfolioqaoa_indep_tket_3|ibm_heron_156 azione_RL=Optimize1qGatesDecomposition
job=portfolioqaoa_indep_tket_3|ibm_heron_156 azione_RL=RemoveRedundancies
job=portfolioqaoa_indep_tket_3|ibm_heron_156 azione_RL=OptimizeCliffords
job=portfolioqaoa_indep_tket_3|ibm_heron_156 azione_RL=InverseCancellation
job=portfolioqaoa_indep_tket_3|ibm_heron_156 azione_RL=PeepholeOptimise2Q
job=portfolioqaoa_indep_tket_3|ibm_heron_156 azione_RL=QiskitO3
job=portfolioqaoa_indep_tket_3|ibm_heron_156 azione_RL=BQSKitO2
job=portfolioqaoa_indep_tket_3|ibm_heron_156 azione_RL=QiskitO3
job=portfolioqaoa_indep_tket_3|ibm_heron_156 azione_RL=BQSKitO2
job=portfolioqaoa_indep_tket_3|ibm_heron_156 fallback=QiskitO2
job=portfoliovqe_indep_qiskit_3|ibm_heron_156 azione_RL=BQSKitO2
job=portfoliovqe_indep_qiskit_3|ibm_heron_156 azione_RL=FullPeepholeOptimiseCX
job=portfoliovqe_indep_qiskit_3|ibm_heron_156 azione_RL=OptimizeCliffords
job=portfoliovqe_indep_qiskit_3|ibm_heron_156 azione_RL=QiskitO3
job=portfoliovqe_indep_qiskit_3|ibm_heron_156 azione_RL=BQSKitSynthesis
job=portfoliovqe_indep_qiskit_3|ibm_heron_156 azione_RL=InverseCancellation
job=portfoliovqe_indep_qiskit_3|ibm_heron_156 azione_RL=BQSKitO2
job=portfoliovqe_indep_qiskit_3|ibm_heron_156 azione_RL=CommutativeInverseCancellation
job=portfoliovqe_indep_qiskit_3|ibm_heron_156 azione_RL=RemoveDiagonalGatesBeforeMeasure
job=portfoliovqe_indep_qiskit_3|ibm_heron_156 azione_RL=QiskitO3
job=portfoliovqe_indep_qiskit_3|ibm_heron_156 azione_RL=RemoveDiagonalGatesBeforeMeasure
job=portfoliovqe_indep_qiskit_3|ibm_heron_156 azione_RL=BQSKitSynthesis
job=portfoliovqe_indep_qiskit_3|ibm_heron_156 azione_RL=BasisTranslator
job=portfoliovqe_indep_qiskit_3|ibm_heron_156 azione_RL=CommutativeInverseCancellation
job=portfoliovqe_indep_qiskit_3|ibm_heron_156 azione_RL=OptimizeCliffords
job=portfoliovqe_indep_qiskit_3|ibm_heron_156 azione_RL=FullPeepholeOptimiseCX
job=portfoliovqe_indep_qiskit_3|ibm_heron_156 azione_RL=BasisTranslator
job=portfoliovqe_indep_qiskit_3|ibm_heron_156 azione_RL=RemoveDiagonalGatesBeforeMeasure
job=portfoliovqe_indep_qiskit_3|ibm_heron_156 azione_RL=CommutativeCancellation
job=portfoliovqe_indep_qiskit_3|ibm_heron_156 azione_RL=Optimize1qGatesDecomposition
job=portfoliovqe_indep_qiskit_3|ibm_heron_156 azione_RL=CliffordSimp
job=portfoliovqe_indep_qiskit_3|ibm_heron_156 azione_RL=BQSKitO2
job=portfoliovqe_indep_qiskit_3|ibm_heron_156 azione_RL=BasisTranslator
job=portfoliovqe_indep_qiskit_3|ibm_heron_156 azione_RL=PeepholeOptimise2Q
job=portfoliovqe_indep_qiskit_3|ibm_heron_156 azione_RL=Opt2qBlocks
job=portfoliovqe_indep_qiskit_3|ibm_heron_156 azione_RL=RemoveRedundancies
job=portfoliovqe_indep_qiskit_3|ibm_heron_156 azione_RL=RemoveRedundancies
job=portfoliovqe_indep_qiskit_3|ibm_heron_156 azione_RL=QiskitO3
job=portfoliovqe_indep_qiskit_3|ibm_heron_156 azione_RL=QiskitO3
job=portfoliovqe_indep_qiskit_3|ibm_heron_156 azione_RL=RemoveRedundancies
job=portfoliovqe_indep_qiskit_3|ibm_heron_156 azione_RL=InverseCancellation
job=portfoliovqe_indep_qiskit_3|ibm_heron_156 azione_RL=QiskitO3
job=portfoliovqe_indep_qiskit_3|ibm_heron_156 azione_RL=Opt2qBlocks
job=portfoliovqe_indep_qiskit_3|ibm_heron_156 azione_RL=CommutativeInverseCancellation
job=portfoliovqe_indep_qiskit_3|ibm_heron_156 azione_RL=RemoveDiagonalGatesBeforeMeasure
job=portfoliovqe_indep_qiskit_3|ibm_heron_156 azione_RL=FullPeepholeOptimiseCX
job=portfoliovqe_indep_qiskit_3|ibm_heron_156 azione_RL=RemoveDiagonalGatesBeforeMeasure
job=portfoliovqe_indep_qiskit_3|ibm_heron_156 azione_RL=Opt2qBlocks
job=portfoliovqe_indep_qiskit_3|ibm_heron_156 azione_RL=OptimizeCliffords
job=portfoliovqe_indep_qiskit_3|ibm_heron_156 azione_RL=QiskitO3
job=portfoliovqe_indep_qiskit_3|ibm_heron_156 azione_RL=RemoveRedundancies
job=portfoliovqe_indep_qiskit_3|ibm_heron_156 azione_RL=CommutativeCancellation
job=portfoliovqe_indep_qiskit_3|ibm_heron_156 azione_RL=CommutativeInverseCancellation
job=portfoliovqe_indep_qiskit_3|ibm_heron_156 azione_RL=BQSKitO2
job=portfoliovqe_indep_qiskit_3|ibm_heron_156 azione_RL=OptimizeCliffords
job=portfoliovqe_indep_qiskit_3|ibm_heron_156 azione_RL=BQSKitO2
job=portfoliovqe_indep_qiskit_3|ibm_heron_156 azione_RL=BQSKitO2
job=portfoliovqe_indep_qiskit_3|ibm_heron_156 azione_RL=QiskitO3
job=portfoliovqe_indep_qiskit_3|ibm_heron_156 azione_RL=Optimize1qGatesDecomposition
job=portfoliovqe_indep_qiskit_3|ibm_heron_156 azione_RL=InverseCancellation
job=portfoliovqe_indep_qiskit_3|ibm_heron_156 azione_RL=InverseCancellation
job=portfoliovqe_indep_qiskit_3|ibm_heron_156 azione_RL=RemoveRedundancies
job=portfoliovqe_indep_qiskit_3|ibm_heron_156 azione_RL=OptimizeCliffords
job=portfoliovqe_indep_qiskit_3|ibm_heron_156 azione_RL=QiskitO3
job=portfoliovqe_indep_qiskit_3|ibm_heron_156 azione_RL=CommutativeCancellation
job=portfoliovqe_indep_qiskit_3|ibm_heron_156 azione_RL=RemoveRedundancies
job=portfoliovqe_indep_qiskit_3|ibm_heron_156 azione_RL=RemoveDiagonalGatesBeforeMeasure
job=portfoliovqe_indep_qiskit_3|ibm_heron_156 azione_RL=OptimizeCliffords
job=portfoliovqe_indep_qiskit_3|ibm_heron_156 azione_RL=CommutativeInverseCancellation
job=portfoliovqe_indep_qiskit_3|ibm_heron_156 azione_RL=BQSKitSynthesis
job=portfoliovqe_indep_qiskit_3|ibm_heron_156 azione_RL=BasisTranslator
job=portfoliovqe_indep_qiskit_3|ibm_heron_156 azione_RL=CommutativeInverseCancellation
job=portfoliovqe_indep_qiskit_3|ibm_heron_156 azione_RL=RemoveDiagonalGatesBeforeMeasure
job=portfoliovqe_indep_qiskit_3|ibm_heron_156 azione_RL=BQSKitSynthesis
job=portfoliovqe_indep_qiskit_3|ibm_heron_156 azione_RL=BQSKitSynthesis
job=portfoliovqe_indep_qiskit_3|ibm_heron_156 azione_RL=RemoveDiagonalGatesBeforeMeasure
job=portfoliovqe_indep_qiskit_3|ibm_heron_156 azione_RL=InverseCancellation
job=portfoliovqe_indep_qiskit_3|ibm_heron_156 azione_RL=BQSKitSynthesis
job=portfoliovqe_indep_qiskit_3|ibm_heron_156 azione_RL=FullPeepholeOptimiseCX
job=portfoliovqe_indep_qiskit_3|ibm_heron_156 azione_RL=BQSKitSynthesis
job=portfoliovqe_indep_qiskit_3|ibm_heron_156 azione_RL=PeepholeOptimise2Q
job=portfoliovqe_indep_qiskit_3|ibm_heron_156 azione_RL=RemoveDiagonalGatesBeforeMeasure
job=portfoliovqe_indep_qiskit_3|ibm_heron_156 azione_RL=RemoveRedundancies
job=portfoliovqe_indep_qiskit_3|ibm_heron_156 azione_RL=Optimize1qGatesDecomposition
job=portfoliovqe_indep_qiskit_3|ibm_heron_156 azione_RL=RemoveDiagonalGatesBeforeMeasure
job=portfoliovqe_indep_qiskit_3|ibm_heron_156 azione_RL=BQSKitO2
job=portfoliovqe_indep_qiskit_3|ibm_heron_156 azione_RL=RemoveRedundancies
job=portfoliovqe_indep_qiskit_3|ibm_heron_156 azione_RL=QiskitO3
job=portfoliovqe_indep_qiskit_3|ibm_heron_156 azione_RL=FullPeepholeOptimiseCX
job=portfoliovqe_indep_qiskit_3|ibm_heron_156 azione_RL=OptimizeCliffords
job=portfoliovqe_indep_qiskit_3|ibm_heron_156 azione_RL=OptimizeCliffords
job=portfoliovqe_indep_qiskit_3|ibm_heron_156 azione_RL=InverseCancellation
job=portfoliovqe_indep_qiskit_3|ibm_heron_156 azione_RL=Opt2qBlocks
job=portfoliovqe_indep_qiskit_3|ibm_heron_156 azione_RL=InverseCancellation
job=portfoliovqe_indep_qiskit_3|ibm_heron_156 azione_RL=QiskitO3
job=portfoliovqe_indep_qiskit_3|ibm_heron_156 azione_RL=Optimize1qGatesDecomposition
job=portfoliovqe_indep_qiskit_3|ibm_heron_156 azione_RL=FullPeepholeOptimiseCX
job=portfoliovqe_indep_qiskit_3|ibm_heron_156 azione_RL=Opt2qBlocks
job=portfoliovqe_indep_qiskit_3|ibm_heron_156 azione_RL=FullPeepholeOptimiseCX
job=portfoliovqe_indep_qiskit_3|ibm_heron_156 azione_RL=RemoveRedundancies
job=portfoliovqe_indep_qiskit_3|ibm_heron_156 azione_RL=BQSKitSynthesis
job=portfoliovqe_indep_qiskit_3|ibm_heron_156 azione_RL=BasisTranslator
job=portfoliovqe_indep_qiskit_3|ibm_heron_156 azione_RL=QiskitO3
job=portfoliovqe_indep_qiskit_3|ibm_heron_156 azione_RL=CliffordSimp
job=portfoliovqe_indep_qiskit_3|ibm_heron_156 azione_RL=CommutativeCancellation
job=portfoliovqe_indep_qiskit_3|ibm_heron_156 azione_RL=RemoveDiagonalGatesBeforeMeasure
job=portfoliovqe_indep_qiskit_3|ibm_heron_156 azione_RL=Opt2qBlocks
job=portfoliovqe_indep_qiskit_3|ibm_heron_156 azione_RL=CommutativeCancellation
job=portfoliovqe_indep_qiskit_3|ibm_heron_156 azione_RL=PeepholeOptimise2Q
job=portfoliovqe_indep_qiskit_3|ibm_heron_156 azione_RL=QiskitO3
job=portfoliovqe_indep_qiskit_3|ibm_heron_156 azione_RL=CommutativeInverseCancellation
job=portfoliovqe_indep_qiskit_3|ibm_heron_156 azione_RL=FullPeepholeOptimiseCX
job=portfoliovqe_indep_qiskit_3|ibm_heron_156 azione_RL=BQSKitO2
job=portfoliovqe_indep_qiskit_3|ibm_heron_156 azione_RL=InverseCancellation
job=portfoliovqe_indep_qiskit_3|ibm_heron_156 azione_RL=BQSKitSynthesis
job=portfoliovqe_indep_qiskit_3|ibm_heron_156 azione_RL=QiskitO3
job=portfoliovqe_indep_qiskit_3|ibm_heron_156 azione_RL=Opt2qBlocks
job=portfoliovqe_indep_qiskit_3|ibm_heron_156 azione_RL=RemoveRedundancies
job=portfoliovqe_indep_qiskit_3|ibm_heron_156 azione_RL=QiskitO3
job=portfoliovqe_indep_qiskit_3|ibm_heron_156 azione_RL=CommutativeCancellation
job=portfoliovqe_indep_qiskit_3|ibm_heron_156 azione_RL=CommutativeCancellation
job=portfoliovqe_indep_qiskit_3|ibm_heron_156 azione_RL=RemoveRedundancies
job=portfoliovqe_indep_qiskit_3|ibm_heron_156 azione_RL=BQSKitO2
job=portfoliovqe_indep_qiskit_3|ibm_heron_156 azione_RL=QiskitO3
job=portfoliovqe_indep_qiskit_3|ibm_heron_156 azione_RL=CommutativeInverseCancellation
job=portfoliovqe_indep_qiskit_3|ibm_heron_156 azione_RL=InverseCancellation
job=portfoliovqe_indep_qiskit_3|ibm_heron_156 azione_RL=CliffordSimp
job=portfoliovqe_indep_qiskit_3|ibm_heron_156 azione_RL=QiskitO3
job=portfoliovqe_indep_qiskit_3|ibm_heron_156 azione_RL=RemoveDiagonalGatesBeforeMeasure
job=portfoliovqe_indep_qiskit_3|ibm_heron_156 azione_RL=QiskitO3
job=portfoliovqe_indep_qiskit_3|ibm_heron_156 azione_RL=BQSKitSynthesis
job=portfoliovqe_indep_qiskit_3|ibm_heron_156 azione_RL=PeepholeOptimise2Q
job=portfoliovqe_indep_qiskit_3|ibm_heron_156 azione_RL=InverseCancellation
job=portfoliovqe_indep_qiskit_3|ibm_heron_156 azione_RL=BQSKitO2
job=portfoliovqe_indep_qiskit_3|ibm_heron_156 azione_RL=FullPeepholeOptimiseCX
job=portfoliovqe_indep_qiskit_3|ibm_heron_156 azione_RL=BasisTranslator
job=portfoliovqe_indep_qiskit_3|ibm_heron_156 azione_RL=BQSKitSynthesis
job=portfoliovqe_indep_qiskit_3|ibm_heron_156 azione_RL=BQSKitO2
job=portfoliovqe_indep_qiskit_3|ibm_heron_156 fallback=QiskitO2
job=portfoliovqe_indep_tket_3|ibm_heron_156 azione_RL=BQSKitO2
job=portfoliovqe_indep_tket_3|ibm_heron_156 azione_RL=FullPeepholeOptimiseCX
job=portfoliovqe_indep_tket_3|ibm_heron_156 azione_RL=OptimizeCliffords
job=portfoliovqe_indep_tket_3|ibm_heron_156 azione_RL=QiskitO3
job=portfoliovqe_indep_tket_3|ibm_heron_156 azione_RL=BQSKitSynthesis
job=portfoliovqe_indep_tket_3|ibm_heron_156 azione_RL=InverseCancellation
job=portfoliovqe_indep_tket_3|ibm_heron_156 azione_RL=BQSKitO2
job=portfoliovqe_indep_tket_3|ibm_heron_156 azione_RL=CommutativeInverseCancellation
job=portfoliovqe_indep_tket_3|ibm_heron_156 azione_RL=RemoveDiagonalGatesBeforeMeasure
job=portfoliovqe_indep_tket_3|ibm_heron_156 azione_RL=QiskitO3
job=portfoliovqe_indep_tket_3|ibm_heron_156 azione_RL=RemoveDiagonalGatesBeforeMeasure
job=portfoliovqe_indep_tket_3|ibm_heron_156 azione_RL=BQSKitSynthesis
job=portfoliovqe_indep_tket_3|ibm_heron_156 azione_RL=BasisTranslator
job=portfoliovqe_indep_tket_3|ibm_heron_156 azione_RL=CommutativeInverseCancellation
job=portfoliovqe_indep_tket_3|ibm_heron_156 azione_RL=OptimizeCliffords
job=portfoliovqe_indep_tket_3|ibm_heron_156 azione_RL=FullPeepholeOptimiseCX
job=portfoliovqe_indep_tket_3|ibm_heron_156 azione_RL=BasisTranslator
job=portfoliovqe_indep_tket_3|ibm_heron_156 azione_RL=RemoveDiagonalGatesBeforeMeasure
job=portfoliovqe_indep_tket_3|ibm_heron_156 azione_RL=CommutativeCancellation
job=portfoliovqe_indep_tket_3|ibm_heron_156 azione_RL=Optimize1qGatesDecomposition
job=portfoliovqe_indep_tket_3|ibm_heron_156 azione_RL=CliffordSimp
job=portfoliovqe_indep_tket_3|ibm_heron_156 azione_RL=BQSKitO2
job=portfoliovqe_indep_tket_3|ibm_heron_156 azione_RL=BasisTranslator
job=portfoliovqe_indep_tket_3|ibm_heron_156 azione_RL=PeepholeOptimise2Q
job=portfoliovqe_indep_tket_3|ibm_heron_156 azione_RL=Opt2qBlocks
job=portfoliovqe_indep_tket_3|ibm_heron_156 azione_RL=RemoveRedundancies
job=portfoliovqe_indep_tket_3|ibm_heron_156 azione_RL=RemoveRedundancies
job=portfoliovqe_indep_tket_3|ibm_heron_156 azione_RL=QiskitO3
job=portfoliovqe_indep_tket_3|ibm_heron_156 azione_RL=QiskitO3
job=portfoliovqe_indep_tket_3|ibm_heron_156 azione_RL=RemoveRedundancies
job=portfoliovqe_indep_tket_3|ibm_heron_156 azione_RL=InverseCancellation
job=portfoliovqe_indep_tket_3|ibm_heron_156 azione_RL=QiskitO3
job=portfoliovqe_indep_tket_3|ibm_heron_156 azione_RL=Opt2qBlocks
job=portfoliovqe_indep_tket_3|ibm_heron_156 azione_RL=CommutativeInverseCancellation
job=portfoliovqe_indep_tket_3|ibm_heron_156 azione_RL=RemoveDiagonalGatesBeforeMeasure
job=portfoliovqe_indep_tket_3|ibm_heron_156 azione_RL=FullPeepholeOptimiseCX
job=portfoliovqe_indep_tket_3|ibm_heron_156 azione_RL=RemoveDiagonalGatesBeforeMeasure
job=portfoliovqe_indep_tket_3|ibm_heron_156 azione_RL=Opt2qBlocks
job=portfoliovqe_indep_tket_3|ibm_heron_156 azione_RL=OptimizeCliffords
job=portfoliovqe_indep_tket_3|ibm_heron_156 azione_RL=QiskitO3
job=portfoliovqe_indep_tket_3|ibm_heron_156 azione_RL=RemoveRedundancies
job=portfoliovqe_indep_tket_3|ibm_heron_156 azione_RL=CommutativeCancellation
job=portfoliovqe_indep_tket_3|ibm_heron_156 azione_RL=CommutativeInverseCancellation
job=portfoliovqe_indep_tket_3|ibm_heron_156 azione_RL=BQSKitO2
job=portfoliovqe_indep_tket_3|ibm_heron_156 azione_RL=OptimizeCliffords
job=portfoliovqe_indep_tket_3|ibm_heron_156 azione_RL=BQSKitO2
job=portfoliovqe_indep_tket_3|ibm_heron_156 azione_RL=BQSKitO2
job=portfoliovqe_indep_tket_3|ibm_heron_156 azione_RL=QiskitO3
job=portfoliovqe_indep_tket_3|ibm_heron_156 azione_RL=Optimize1qGatesDecomposition
job=portfoliovqe_indep_tket_3|ibm_heron_156 azione_RL=InverseCancellation
job=portfoliovqe_indep_tket_3|ibm_heron_156 azione_RL=InverseCancellation
job=portfoliovqe_indep_tket_3|ibm_heron_156 azione_RL=RemoveRedundancies
job=portfoliovqe_indep_tket_3|ibm_heron_156 azione_RL=OptimizeCliffords
job=portfoliovqe_indep_tket_3|ibm_heron_156 azione_RL=QiskitO3
job=portfoliovqe_indep_tket_3|ibm_heron_156 azione_RL=CommutativeCancellation
job=portfoliovqe_indep_tket_3|ibm_heron_156 azione_RL=RemoveRedundancies
job=portfoliovqe_indep_tket_3|ibm_heron_156 azione_RL=RemoveDiagonalGatesBeforeMeasure
job=portfoliovqe_indep_tket_3|ibm_heron_156 azione_RL=OptimizeCliffords
job=portfoliovqe_indep_tket_3|ibm_heron_156 azione_RL=CommutativeInverseCancellation
job=portfoliovqe_indep_tket_3|ibm_heron_156 azione_RL=BQSKitSynthesis
job=portfoliovqe_indep_tket_3|ibm_heron_156 azione_RL=BasisTranslator
job=portfoliovqe_indep_tket_3|ibm_heron_156 azione_RL=CommutativeInverseCancellation
job=portfoliovqe_indep_tket_3|ibm_heron_156 azione_RL=RemoveDiagonalGatesBeforeMeasure
job=portfoliovqe_indep_tket_3|ibm_heron_156 azione_RL=BQSKitSynthesis
job=portfoliovqe_indep_tket_3|ibm_heron_156 azione_RL=BQSKitSynthesis
job=portfoliovqe_indep_tket_3|ibm_heron_156 azione_RL=RemoveDiagonalGatesBeforeMeasure
job=portfoliovqe_indep_tket_3|ibm_heron_156 azione_RL=InverseCancellation
job=portfoliovqe_indep_tket_3|ibm_heron_156 azione_RL=BQSKitSynthesis
job=portfoliovqe_indep_tket_3|ibm_heron_156 azione_RL=FullPeepholeOptimiseCX
job=portfoliovqe_indep_tket_3|ibm_heron_156 azione_RL=BQSKitSynthesis
job=portfoliovqe_indep_tket_3|ibm_heron_156 azione_RL=PeepholeOptimise2Q
job=portfoliovqe_indep_tket_3|ibm_heron_156 azione_RL=RemoveDiagonalGatesBeforeMeasure
job=portfoliovqe_indep_tket_3|ibm_heron_156 azione_RL=RemoveRedundancies
job=portfoliovqe_indep_tket_3|ibm_heron_156 azione_RL=Optimize1qGatesDecomposition
job=portfoliovqe_indep_tket_3|ibm_heron_156 azione_RL=RemoveDiagonalGatesBeforeMeasure
job=portfoliovqe_indep_tket_3|ibm_heron_156 azione_RL=BQSKitO2
job=portfoliovqe_indep_tket_3|ibm_heron_156 azione_RL=RemoveRedundancies
job=portfoliovqe_indep_tket_3|ibm_heron_156 azione_RL=QiskitO3
job=portfoliovqe_indep_tket_3|ibm_heron_156 azione_RL=FullPeepholeOptimiseCX
job=portfoliovqe_indep_tket_3|ibm_heron_156 azione_RL=OptimizeCliffords
job=portfoliovqe_indep_tket_3|ibm_heron_156 azione_RL=OptimizeCliffords
job=portfoliovqe_indep_tket_3|ibm_heron_156 azione_RL=InverseCancellation
job=portfoliovqe_indep_tket_3|ibm_heron_156 azione_RL=Opt2qBlocks
job=portfoliovqe_indep_tket_3|ibm_heron_156 azione_RL=InverseCancellation
job=portfoliovqe_indep_tket_3|ibm_heron_156 azione_RL=QiskitO3
job=portfoliovqe_indep_tket_3|ibm_heron_156 azione_RL=Optimize1qGatesDecomposition
job=portfoliovqe_indep_tket_3|ibm_heron_156 azione_RL=FullPeepholeOptimiseCX
job=portfoliovqe_indep_tket_3|ibm_heron_156 azione_RL=Opt2qBlocks
job=portfoliovqe_indep_tket_3|ibm_heron_156 azione_RL=FullPeepholeOptimiseCX
job=portfoliovqe_indep_tket_3|ibm_heron_156 azione_RL=RemoveRedundancies
job=portfoliovqe_indep_tket_3|ibm_heron_156 azione_RL=BQSKitSynthesis
job=portfoliovqe_indep_tket_3|ibm_heron_156 azione_RL=BasisTranslator
job=portfoliovqe_indep_tket_3|ibm_heron_156 azione_RL=QiskitO3
job=portfoliovqe_indep_tket_3|ibm_heron_156 azione_RL=CliffordSimp
job=portfoliovqe_indep_tket_3|ibm_heron_156 azione_RL=CommutativeCancellation
job=portfoliovqe_indep_tket_3|ibm_heron_156 azione_RL=RemoveDiagonalGatesBeforeMeasure
job=portfoliovqe_indep_tket_3|ibm_heron_156 azione_RL=Opt2qBlocks
job=portfoliovqe_indep_tket_3|ibm_heron_156 azione_RL=CommutativeCancellation
job=portfoliovqe_indep_tket_3|ibm_heron_156 azione_RL=PeepholeOptimise2Q
job=portfoliovqe_indep_tket_3|ibm_heron_156 azione_RL=QiskitO3
job=portfoliovqe_indep_tket_3|ibm_heron_156 azione_RL=CommutativeInverseCancellation
job=portfoliovqe_indep_tket_3|ibm_heron_156 azione_RL=FullPeepholeOptimiseCX
job=portfoliovqe_indep_tket_3|ibm_heron_156 azione_RL=BQSKitO2
job=portfoliovqe_indep_tket_3|ibm_heron_156 azione_RL=InverseCancellation
job=portfoliovqe_indep_tket_3|ibm_heron_156 azione_RL=BQSKitSynthesis
job=portfoliovqe_indep_tket_3|ibm_heron_156 azione_RL=QiskitO3
job=portfoliovqe_indep_tket_3|ibm_heron_156 azione_RL=Opt2qBlocks
job=portfoliovqe_indep_tket_3|ibm_heron_156 azione_RL=RemoveRedundancies
job=portfoliovqe_indep_tket_3|ibm_heron_156 azione_RL=QiskitO3
job=portfoliovqe_indep_tket_3|ibm_heron_156 azione_RL=CommutativeCancellation
job=portfoliovqe_indep_tket_3|ibm_heron_156 azione_RL=CommutativeCancellation
job=portfoliovqe_indep_tket_3|ibm_heron_156 azione_RL=RemoveRedundancies
job=portfoliovqe_indep_tket_3|ibm_heron_156 azione_RL=BQSKitO2
job=portfoliovqe_indep_tket_3|ibm_heron_156 azione_RL=QiskitO3
job=portfoliovqe_indep_tket_3|ibm_heron_156 azione_RL=CommutativeInverseCancellation
job=portfoliovqe_indep_tket_3|ibm_heron_156 azione_RL=InverseCancellation
job=portfoliovqe_indep_tket_3|ibm_heron_156 azione_RL=CliffordSimp
job=portfoliovqe_indep_tket_3|ibm_heron_156 azione_RL=QiskitO3
job=portfoliovqe_indep_tket_3|ibm_heron_156 azione_RL=RemoveDiagonalGatesBeforeMeasure
job=portfoliovqe_indep_tket_3|ibm_heron_156 azione_RL=QiskitO3
job=portfoliovqe_indep_tket_3|ibm_heron_156 azione_RL=BQSKitSynthesis
job=portfoliovqe_indep_tket_3|ibm_heron_156 azione_RL=PeepholeOptimise2Q
job=portfoliovqe_indep_tket_3|ibm_heron_156 azione_RL=InverseCancellation
job=portfoliovqe_indep_tket_3|ibm_heron_156 azione_RL=BQSKitO2
job=portfoliovqe_indep_tket_3|ibm_heron_156 azione_RL=FullPeepholeOptimiseCX
job=portfoliovqe_indep_tket_3|ibm_heron_156 azione_RL=BasisTranslator
job=portfoliovqe_indep_tket_3|ibm_heron_156 azione_RL=BQSKitSynthesis
job=portfoliovqe_indep_tket_3|ibm_heron_156 fallback=QiskitO2
job=qaoa_indep_qiskit_3|ibm_heron_156 azione_RL=BQSKitO2
job=qaoa_indep_qiskit_3|ibm_heron_156 azione_RL=FullPeepholeOptimiseCX
job=qaoa_indep_qiskit_3|ibm_heron_156 azione_RL=BQSKitSynthesis
job=qaoa_indep_qiskit_3|ibm_heron_156 azione_RL=QiskitO3
job=qaoa_indep_qiskit_3|ibm_heron_156 azione_RL=BQSKitSynthesis
job=qaoa_indep_qiskit_3|ibm_heron_156 azione_RL=InverseCancellation
job=qaoa_indep_qiskit_3|ibm_heron_156 azione_RL=BQSKitO2
job=qaoa_indep_qiskit_3|ibm_heron_156 azione_RL=CommutativeInverseCancellation
job=qaoa_indep_qiskit_3|ibm_heron_156 azione_RL=RemoveDiagonalGatesBeforeMeasure
job=qaoa_indep_qiskit_3|ibm_heron_156 azione_RL=QiskitO3
job=qaoa_indep_qiskit_3|ibm_heron_156 azione_RL=RemoveDiagonalGatesBeforeMeasure
job=qaoa_indep_qiskit_3|ibm_heron_156 azione_RL=SabreMapping
job=qaoa_indep_qiskit_3|ibm_heron_156 fallback=QiskitO2
job=qaoa_indep_tket_3|ibm_heron_156 azione_RL=BQSKitO2
job=qaoa_indep_tket_3|ibm_heron_156 azione_RL=FullPeepholeOptimiseCX
job=qaoa_indep_tket_3|ibm_heron_156 azione_RL=BQSKitSynthesis
job=qaoa_indep_tket_3|ibm_heron_156 azione_RL=QiskitO3
job=qaoa_indep_tket_3|ibm_heron_156 azione_RL=VF2Layout
job=qaoa_indep_tket_3|ibm_heron_156 fallback=QiskitO2
job=qft_indep_qiskit_3|ibm_heron_156 azione_RL=BQSKitO2
job=qft_indep_qiskit_3|ibm_heron_156 azione_RL=FullPeepholeOptimiseCX
/home/elio/Tesi/.venv/lib/python3.12/site-packages/pytket/extensions/qiskit/qiskit_convert.py:1124: UserWarning: The pytket Circuit contains implicit qubit permutations which aren't handled by default. Consider using the replace_implicit_swaps flag in tk_to_qiskit or replacing them using Circuit.replace_implicit_swaps().
  warnings.warn(  # noqa: B028
job=qft_indep_qiskit_3|ibm_heron_156 azione_RL=BQSKitSynthesis
job=qft_indep_qiskit_3|ibm_heron_156 azione_RL=QiskitO3
job=qft_indep_qiskit_3|ibm_heron_156 azione_RL=VF2Layout
job=qft_indep_qiskit_3|ibm_heron_156 fallback=QiskitO2
job=qft_indep_tket_3|ibm_heron_156 azione_RL=BQSKitO2
job=qft_indep_tket_3|ibm_heron_156 azione_RL=FullPeepholeOptimiseCX
/home/elio/Tesi/.venv/lib/python3.12/site-packages/pytket/extensions/qiskit/qiskit_convert.py:1124: UserWarning: The pytket Circuit contains implicit qubit permutations which aren't handled by default. Consider using the replace_implicit_swaps flag in tk_to_qiskit or replacing them using Circuit.replace_implicit_swaps().
  warnings.warn(  # noqa: B028
job=qft_indep_tket_3|ibm_heron_156 azione_RL=BQSKitSynthesis
job=qft_indep_tket_3|ibm_heron_156 azione_RL=QiskitO3
job=qft_indep_tket_3|ibm_heron_156 azione_RL=VF2Layout
job=qft_indep_tket_3|ibm_heron_156 fallback=QiskitO2
job=qftentangled_indep_qiskit_3|ibm_heron_156 azione_RL=BQSKitO2
job=qftentangled_indep_qiskit_3|ibm_heron_156 azione_RL=FullPeepholeOptimiseCX
/home/elio/Tesi/.venv/lib/python3.12/site-packages/pytket/extensions/qiskit/qiskit_convert.py:1124: UserWarning: The pytket Circuit contains implicit qubit permutations which aren't handled by default. Consider using the replace_implicit_swaps flag in tk_to_qiskit or replacing them using Circuit.replace_implicit_swaps().
  warnings.warn(  # noqa: B028
job=qftentangled_indep_qiskit_3|ibm_heron_156 azione_RL=BQSKitSynthesis
job=qftentangled_indep_qiskit_3|ibm_heron_156 azione_RL=QiskitO3
job=qftentangled_indep_qiskit_3|ibm_heron_156 azione_RL=VF2Layout
job=qftentangled_indep_qiskit_3|ibm_heron_156 fallback=QiskitO2
job=qftentangled_indep_tket_3|ibm_heron_156 azione_RL=BQSKitO2
job=qftentangled_indep_tket_3|ibm_heron_156 azione_RL=FullPeepholeOptimiseCX
/home/elio/Tesi/.venv/lib/python3.12/site-packages/pytket/extensions/qiskit/qiskit_convert.py:1124: UserWarning: The pytket Circuit contains implicit qubit permutations which aren't handled by default. Consider using the replace_implicit_swaps flag in tk_to_qiskit or replacing them using Circuit.replace_implicit_swaps().
  warnings.warn(  # noqa: B028
job=qftentangled_indep_tket_3|ibm_heron_156 azione_RL=BQSKitSynthesis
job=qftentangled_indep_tket_3|ibm_heron_156 azione_RL=QiskitO3
job=qftentangled_indep_tket_3|ibm_heron_156 azione_RL=VF2Layout
job=qftentangled_indep_tket_3|ibm_heron_156 fallback=QiskitO2
job=qnn_indep_qiskit_3|ibm_heron_156 azione_RL=BQSKitO2
job=qnn_indep_qiskit_3|ibm_heron_156 azione_RL=FullPeepholeOptimiseCX
job=qnn_indep_qiskit_3|ibm_heron_156 azione_RL=OptimizeCliffords
job=qnn_indep_qiskit_3|ibm_heron_156 azione_RL=QiskitO3
job=qnn_indep_qiskit_3|ibm_heron_156 azione_RL=BQSKitSynthesis
job=qnn_indep_qiskit_3|ibm_heron_156 azione_RL=InverseCancellation
job=qnn_indep_qiskit_3|ibm_heron_156 azione_RL=BQSKitO2
job=qnn_indep_qiskit_3|ibm_heron_156 azione_RL=CommutativeInverseCancellation
job=qnn_indep_qiskit_3|ibm_heron_156 azione_RL=RemoveDiagonalGatesBeforeMeasure
job=qnn_indep_qiskit_3|ibm_heron_156 azione_RL=QiskitO3
job=qnn_indep_qiskit_3|ibm_heron_156 azione_RL=RemoveDiagonalGatesBeforeMeasure
job=qnn_indep_qiskit_3|ibm_heron_156 azione_RL=BQSKitSynthesis
job=qnn_indep_qiskit_3|ibm_heron_156 azione_RL=BasisTranslator
job=qnn_indep_qiskit_3|ibm_heron_156 azione_RL=CommutativeInverseCancellation
job=qnn_indep_qiskit_3|ibm_heron_156 azione_RL=OptimizeCliffords
job=qnn_indep_qiskit_3|ibm_heron_156 azione_RL=FullPeepholeOptimiseCX
job=qnn_indep_qiskit_3|ibm_heron_156 azione_RL=BasisTranslator
job=qnn_indep_qiskit_3|ibm_heron_156 azione_RL=RemoveDiagonalGatesBeforeMeasure
job=qnn_indep_qiskit_3|ibm_heron_156 azione_RL=CommutativeCancellation
job=qnn_indep_qiskit_3|ibm_heron_156 azione_RL=Optimize1qGatesDecomposition
job=qnn_indep_qiskit_3|ibm_heron_156 azione_RL=CliffordSimp
job=qnn_indep_qiskit_3|ibm_heron_156 azione_RL=BQSKitO2
job=qnn_indep_qiskit_3|ibm_heron_156 azione_RL=BasisTranslator
job=qnn_indep_qiskit_3|ibm_heron_156 azione_RL=PeepholeOptimise2Q
job=qnn_indep_qiskit_3|ibm_heron_156 azione_RL=Opt2qBlocks
job=qnn_indep_qiskit_3|ibm_heron_156 azione_RL=RemoveRedundancies
job=qnn_indep_qiskit_3|ibm_heron_156 azione_RL=RemoveRedundancies
job=qnn_indep_qiskit_3|ibm_heron_156 azione_RL=QiskitO3
job=qnn_indep_qiskit_3|ibm_heron_156 azione_RL=QiskitO3
job=qnn_indep_qiskit_3|ibm_heron_156 azione_RL=RemoveRedundancies
job=qnn_indep_qiskit_3|ibm_heron_156 azione_RL=InverseCancellation
job=qnn_indep_qiskit_3|ibm_heron_156 azione_RL=QiskitO3
job=qnn_indep_qiskit_3|ibm_heron_156 azione_RL=Opt2qBlocks
job=qnn_indep_qiskit_3|ibm_heron_156 azione_RL=CommutativeInverseCancellation
job=qnn_indep_qiskit_3|ibm_heron_156 azione_RL=RemoveDiagonalGatesBeforeMeasure
job=qnn_indep_qiskit_3|ibm_heron_156 azione_RL=FullPeepholeOptimiseCX
job=qnn_indep_qiskit_3|ibm_heron_156 azione_RL=RemoveDiagonalGatesBeforeMeasure
job=qnn_indep_qiskit_3|ibm_heron_156 azione_RL=Opt2qBlocks
job=qnn_indep_qiskit_3|ibm_heron_156 azione_RL=OptimizeCliffords
job=qnn_indep_qiskit_3|ibm_heron_156 azione_RL=QiskitO3
job=qnn_indep_qiskit_3|ibm_heron_156 azione_RL=RemoveRedundancies
job=qnn_indep_qiskit_3|ibm_heron_156 azione_RL=CommutativeCancellation
job=qnn_indep_qiskit_3|ibm_heron_156 azione_RL=CommutativeInverseCancellation
job=qnn_indep_qiskit_3|ibm_heron_156 azione_RL=BQSKitO2
job=qnn_indep_qiskit_3|ibm_heron_156 azione_RL=OptimizeCliffords
job=qnn_indep_qiskit_3|ibm_heron_156 azione_RL=BQSKitO2
job=qnn_indep_qiskit_3|ibm_heron_156 azione_RL=BQSKitO2
job=qnn_indep_qiskit_3|ibm_heron_156 azione_RL=QiskitO3
job=qnn_indep_qiskit_3|ibm_heron_156 azione_RL=Optimize1qGatesDecomposition
job=qnn_indep_qiskit_3|ibm_heron_156 azione_RL=InverseCancellation
job=qnn_indep_qiskit_3|ibm_heron_156 azione_RL=InverseCancellation
job=qnn_indep_qiskit_3|ibm_heron_156 azione_RL=RemoveRedundancies
job=qnn_indep_qiskit_3|ibm_heron_156 azione_RL=OptimizeCliffords
job=qnn_indep_qiskit_3|ibm_heron_156 azione_RL=QiskitO3
job=qnn_indep_qiskit_3|ibm_heron_156 azione_RL=CommutativeCancellation
job=qnn_indep_qiskit_3|ibm_heron_156 azione_RL=RemoveRedundancies
job=qnn_indep_qiskit_3|ibm_heron_156 azione_RL=RemoveDiagonalGatesBeforeMeasure
job=qnn_indep_qiskit_3|ibm_heron_156 azione_RL=OptimizeCliffords
job=qnn_indep_qiskit_3|ibm_heron_156 azione_RL=SabreMapping
job=qnn_indep_qiskit_3|ibm_heron_156 fallback=QiskitO2
job=qnn_indep_tket_3|ibm_heron_156 azione_RL=BQSKitO2
job=qnn_indep_tket_3|ibm_heron_156 azione_RL=FullPeepholeOptimiseCX
job=qnn_indep_tket_3|ibm_heron_156 azione_RL=OptimizeCliffords
job=qnn_indep_tket_3|ibm_heron_156 azione_RL=QiskitO3
job=qnn_indep_tket_3|ibm_heron_156 azione_RL=BQSKitSynthesis
job=qnn_indep_tket_3|ibm_heron_156 azione_RL=InverseCancellation
job=qnn_indep_tket_3|ibm_heron_156 azione_RL=BQSKitO2
job=qnn_indep_tket_3|ibm_heron_156 azione_RL=CommutativeInverseCancellation
job=qnn_indep_tket_3|ibm_heron_156 azione_RL=RemoveDiagonalGatesBeforeMeasure
job=qnn_indep_tket_3|ibm_heron_156 azione_RL=QiskitO3
job=qnn_indep_tket_3|ibm_heron_156 azione_RL=RemoveDiagonalGatesBeforeMeasure
job=qnn_indep_tket_3|ibm_heron_156 azione_RL=SabreMapping
job=qnn_indep_tket_3|ibm_heron_156 fallback=QiskitO2
job=qpeexact_indep_qiskit_3|ibm_heron_156 azione_RL=BQSKitO2
job=qpeexact_indep_qiskit_3|ibm_heron_156 azione_RL=FullPeepholeOptimiseCX
job=qpeexact_indep_qiskit_3|ibm_heron_156 azione_RL=BQSKitSynthesis
job=qpeexact_indep_qiskit_3|ibm_heron_156 azione_RL=QiskitO3
job=qpeexact_indep_qiskit_3|ibm_heron_156 azione_RL=BQSKitSynthesis
job=qpeexact_indep_qiskit_3|ibm_heron_156 azione_RL=InverseCancellation
job=qpeexact_indep_qiskit_3|ibm_heron_156 azione_RL=BQSKitO2
job=qpeexact_indep_qiskit_3|ibm_heron_156 azione_RL=CommutativeInverseCancellation
job=qpeexact_indep_qiskit_3|ibm_heron_156 azione_RL=RemoveDiagonalGatesBeforeMeasure
job=qpeexact_indep_qiskit_3|ibm_heron_156 azione_RL=QiskitO3
job=qpeexact_indep_qiskit_3|ibm_heron_156 azione_RL=RemoveDiagonalGatesBeforeMeasure
job=qpeexact_indep_qiskit_3|ibm_heron_156 azione_RL=BQSKitSynthesis
job=qpeexact_indep_qiskit_3|ibm_heron_156 azione_RL=BasisTranslator
job=qpeexact_indep_qiskit_3|ibm_heron_156 azione_RL=CommutativeInverseCancellation
job=qpeexact_indep_qiskit_3|ibm_heron_156 azione_RL=OptimizeCliffords
job=qpeexact_indep_qiskit_3|ibm_heron_156 azione_RL=FullPeepholeOptimiseCX
/home/elio/Tesi/.venv/lib/python3.12/site-packages/pytket/extensions/qiskit/qiskit_convert.py:1124: UserWarning: The pytket Circuit contains implicit qubit permutations which aren't handled by default. Consider using the replace_implicit_swaps flag in tk_to_qiskit or replacing them using Circuit.replace_implicit_swaps().
  warnings.warn(  # noqa: B028
job=qpeexact_indep_qiskit_3|ibm_heron_156 azione_RL=BasisTranslator
job=qpeexact_indep_qiskit_3|ibm_heron_156 azione_RL=RemoveDiagonalGatesBeforeMeasure
job=qpeexact_indep_qiskit_3|ibm_heron_156 azione_RL=CommutativeCancellation
job=qpeexact_indep_qiskit_3|ibm_heron_156 azione_RL=Optimize1qGatesDecomposition
job=qpeexact_indep_qiskit_3|ibm_heron_156 azione_RL=CliffordSimp
job=qpeexact_indep_qiskit_3|ibm_heron_156 azione_RL=BQSKitO2
job=qpeexact_indep_qiskit_3|ibm_heron_156 azione_RL=BasisTranslator
job=qpeexact_indep_qiskit_3|ibm_heron_156 azione_RL=PeepholeOptimise2Q
job=qpeexact_indep_qiskit_3|ibm_heron_156 azione_RL=Opt2qBlocks
job=qpeexact_indep_qiskit_3|ibm_heron_156 azione_RL=RemoveRedundancies
job=qpeexact_indep_qiskit_3|ibm_heron_156 azione_RL=RemoveRedundancies
job=qpeexact_indep_qiskit_3|ibm_heron_156 azione_RL=QiskitO3
job=qpeexact_indep_qiskit_3|ibm_heron_156 azione_RL=QiskitO3
job=qpeexact_indep_qiskit_3|ibm_heron_156 azione_RL=RemoveRedundancies
job=qpeexact_indep_qiskit_3|ibm_heron_156 azione_RL=InverseCancellation
job=qpeexact_indep_qiskit_3|ibm_heron_156 azione_RL=QiskitO3
job=qpeexact_indep_qiskit_3|ibm_heron_156 azione_RL=Opt2qBlocks
job=qpeexact_indep_qiskit_3|ibm_heron_156 azione_RL=CommutativeInverseCancellation
job=qpeexact_indep_qiskit_3|ibm_heron_156 azione_RL=RemoveDiagonalGatesBeforeMeasure
job=qpeexact_indep_qiskit_3|ibm_heron_156 azione_RL=FullPeepholeOptimiseCX
job=qpeexact_indep_qiskit_3|ibm_heron_156 azione_RL=RemoveDiagonalGatesBeforeMeasure
job=qpeexact_indep_qiskit_3|ibm_heron_156 azione_RL=Opt2qBlocks
job=qpeexact_indep_qiskit_3|ibm_heron_156 azione_RL=OptimizeCliffords
job=qpeexact_indep_qiskit_3|ibm_heron_156 azione_RL=QiskitO3
job=qpeexact_indep_qiskit_3|ibm_heron_156 azione_RL=RemoveRedundancies
job=qpeexact_indep_qiskit_3|ibm_heron_156 azione_RL=CommutativeCancellation
job=qpeexact_indep_qiskit_3|ibm_heron_156 azione_RL=CommutativeInverseCancellation
job=qpeexact_indep_qiskit_3|ibm_heron_156 azione_RL=BQSKitO2
job=qpeexact_indep_qiskit_3|ibm_heron_156 azione_RL=OptimizeCliffords
job=qpeexact_indep_qiskit_3|ibm_heron_156 azione_RL=BQSKitO2
job=qpeexact_indep_qiskit_3|ibm_heron_156 azione_RL=BQSKitO2
job=qpeexact_indep_qiskit_3|ibm_heron_156 azione_RL=QiskitO3
job=qpeexact_indep_qiskit_3|ibm_heron_156 azione_RL=Optimize1qGatesDecomposition
job=qpeexact_indep_qiskit_3|ibm_heron_156 azione_RL=InverseCancellation
job=qpeexact_indep_qiskit_3|ibm_heron_156 azione_RL=InverseCancellation
job=qpeexact_indep_qiskit_3|ibm_heron_156 azione_RL=RemoveRedundancies
job=qpeexact_indep_qiskit_3|ibm_heron_156 azione_RL=OptimizeCliffords
job=qpeexact_indep_qiskit_3|ibm_heron_156 azione_RL=QiskitO3
job=qpeexact_indep_qiskit_3|ibm_heron_156 azione_RL=CommutativeCancellation
job=qpeexact_indep_qiskit_3|ibm_heron_156 azione_RL=RemoveRedundancies
job=qpeexact_indep_qiskit_3|ibm_heron_156 azione_RL=RemoveDiagonalGatesBeforeMeasure
job=qpeexact_indep_qiskit_3|ibm_heron_156 azione_RL=OptimizeCliffords
job=qpeexact_indep_qiskit_3|ibm_heron_156 azione_RL=CommutativeInverseCancellation
job=qpeexact_indep_qiskit_3|ibm_heron_156 azione_RL=BQSKitSynthesis
job=qpeexact_indep_qiskit_3|ibm_heron_156 azione_RL=BasisTranslator
job=qpeexact_indep_qiskit_3|ibm_heron_156 azione_RL=CommutativeInverseCancellation
job=qpeexact_indep_qiskit_3|ibm_heron_156 azione_RL=RemoveDiagonalGatesBeforeMeasure
job=qpeexact_indep_qiskit_3|ibm_heron_156 azione_RL=BQSKitSynthesis
job=qpeexact_indep_qiskit_3|ibm_heron_156 azione_RL=BQSKitSynthesis
job=qpeexact_indep_qiskit_3|ibm_heron_156 azione_RL=RemoveDiagonalGatesBeforeMeasure
job=qpeexact_indep_qiskit_3|ibm_heron_156 azione_RL=InverseCancellation
job=qpeexact_indep_qiskit_3|ibm_heron_156 azione_RL=BQSKitSynthesis
job=qpeexact_indep_qiskit_3|ibm_heron_156 azione_RL=FullPeepholeOptimiseCX
job=qpeexact_indep_qiskit_3|ibm_heron_156 azione_RL=BQSKitSynthesis
job=qpeexact_indep_qiskit_3|ibm_heron_156 azione_RL=PeepholeOptimise2Q
job=qpeexact_indep_qiskit_3|ibm_heron_156 azione_RL=RemoveDiagonalGatesBeforeMeasure
job=qpeexact_indep_qiskit_3|ibm_heron_156 azione_RL=RemoveRedundancies
job=qpeexact_indep_qiskit_3|ibm_heron_156 azione_RL=Optimize1qGatesDecomposition
job=qpeexact_indep_qiskit_3|ibm_heron_156 azione_RL=RemoveDiagonalGatesBeforeMeasure
job=qpeexact_indep_qiskit_3|ibm_heron_156 azione_RL=BQSKitO2
job=qpeexact_indep_qiskit_3|ibm_heron_156 azione_RL=RemoveRedundancies
job=qpeexact_indep_qiskit_3|ibm_heron_156 azione_RL=QiskitO3
job=qpeexact_indep_qiskit_3|ibm_heron_156 azione_RL=FullPeepholeOptimiseCX
job=qpeexact_indep_qiskit_3|ibm_heron_156 azione_RL=OptimizeCliffords
job=qpeexact_indep_qiskit_3|ibm_heron_156 azione_RL=OptimizeCliffords
job=qpeexact_indep_qiskit_3|ibm_heron_156 azione_RL=InverseCancellation
job=qpeexact_indep_qiskit_3|ibm_heron_156 azione_RL=Opt2qBlocks
job=qpeexact_indep_qiskit_3|ibm_heron_156 azione_RL=InverseCancellation
job=qpeexact_indep_qiskit_3|ibm_heron_156 azione_RL=QiskitO3
job=qpeexact_indep_qiskit_3|ibm_heron_156 azione_RL=Optimize1qGatesDecomposition
job=qpeexact_indep_qiskit_3|ibm_heron_156 azione_RL=FullPeepholeOptimiseCX
job=qpeexact_indep_qiskit_3|ibm_heron_156 azione_RL=Opt2qBlocks
job=qpeexact_indep_qiskit_3|ibm_heron_156 azione_RL=FullPeepholeOptimiseCX
job=qpeexact_indep_qiskit_3|ibm_heron_156 azione_RL=RemoveRedundancies
job=qpeexact_indep_qiskit_3|ibm_heron_156 azione_RL=BQSKitSynthesis
job=qpeexact_indep_qiskit_3|ibm_heron_156 azione_RL=BasisTranslator
job=qpeexact_indep_qiskit_3|ibm_heron_156 azione_RL=QiskitO3
job=qpeexact_indep_qiskit_3|ibm_heron_156 azione_RL=CliffordSimp
job=qpeexact_indep_qiskit_3|ibm_heron_156 azione_RL=CommutativeCancellation
job=qpeexact_indep_qiskit_3|ibm_heron_156 azione_RL=RemoveDiagonalGatesBeforeMeasure
job=qpeexact_indep_qiskit_3|ibm_heron_156 azione_RL=Opt2qBlocks
job=qpeexact_indep_qiskit_3|ibm_heron_156 azione_RL=CommutativeCancellation
job=qpeexact_indep_qiskit_3|ibm_heron_156 azione_RL=PeepholeOptimise2Q
job=qpeexact_indep_qiskit_3|ibm_heron_156 azione_RL=QiskitO3
job=qpeexact_indep_qiskit_3|ibm_heron_156 azione_RL=CommutativeInverseCancellation
job=qpeexact_indep_qiskit_3|ibm_heron_156 azione_RL=FullPeepholeOptimiseCX
job=qpeexact_indep_qiskit_3|ibm_heron_156 azione_RL=BQSKitO2
job=qpeexact_indep_qiskit_3|ibm_heron_156 azione_RL=InverseCancellation
job=qpeexact_indep_qiskit_3|ibm_heron_156 azione_RL=BQSKitSynthesis
job=qpeexact_indep_qiskit_3|ibm_heron_156 azione_RL=QiskitO3
job=qpeexact_indep_qiskit_3|ibm_heron_156 azione_RL=Opt2qBlocks
job=qpeexact_indep_qiskit_3|ibm_heron_156 azione_RL=RemoveRedundancies
job=qpeexact_indep_qiskit_3|ibm_heron_156 azione_RL=QiskitO3
job=qpeexact_indep_qiskit_3|ibm_heron_156 azione_RL=CommutativeCancellation
job=qpeexact_indep_qiskit_3|ibm_heron_156 azione_RL=CommutativeCancellation
job=qpeexact_indep_qiskit_3|ibm_heron_156 azione_RL=RemoveRedundancies
job=qpeexact_indep_qiskit_3|ibm_heron_156 azione_RL=BQSKitO2
job=qpeexact_indep_qiskit_3|ibm_heron_156 azione_RL=QiskitO3
job=qpeexact_indep_qiskit_3|ibm_heron_156 azione_RL=CommutativeInverseCancellation
job=qpeexact_indep_qiskit_3|ibm_heron_156 azione_RL=InverseCancellation
job=qpeexact_indep_qiskit_3|ibm_heron_156 azione_RL=CliffordSimp
job=qpeexact_indep_qiskit_3|ibm_heron_156 azione_RL=QiskitO3
job=qpeexact_indep_qiskit_3|ibm_heron_156 azione_RL=RemoveDiagonalGatesBeforeMeasure
job=qpeexact_indep_qiskit_3|ibm_heron_156 azione_RL=QiskitO3
job=qpeexact_indep_qiskit_3|ibm_heron_156 azione_RL=BQSKitSynthesis
job=qpeexact_indep_qiskit_3|ibm_heron_156 azione_RL=PeepholeOptimise2Q
job=qpeexact_indep_qiskit_3|ibm_heron_156 azione_RL=InverseCancellation
job=qpeexact_indep_qiskit_3|ibm_heron_156 azione_RL=BQSKitO2
job=qpeexact_indep_qiskit_3|ibm_heron_156 azione_RL=FullPeepholeOptimiseCX
job=qpeexact_indep_qiskit_3|ibm_heron_156 azione_RL=BasisTranslator
job=qpeexact_indep_qiskit_3|ibm_heron_156 azione_RL=BQSKitSynthesis
job=qpeexact_indep_qiskit_3|ibm_heron_156 azione_RL=BQSKitO2
job=qpeexact_indep_qiskit_3|ibm_heron_156 azione_RL=CliffordSimp
job=qpeexact_indep_qiskit_3|ibm_heron_156 azione_RL=RemoveRedundancies
job=qpeexact_indep_qiskit_3|ibm_heron_156 azione_RL=BasisTranslator
job=qpeexact_indep_qiskit_3|ibm_heron_156 azione_RL=Optimize1qGatesDecomposition
job=qpeexact_indep_qiskit_3|ibm_heron_156 azione_RL=RemoveRedundancies
job=qpeexact_indep_qiskit_3|ibm_heron_156 azione_RL=OptimizeCliffords
job=qpeexact_indep_qiskit_3|ibm_heron_156 azione_RL=InverseCancellation
job=qpeexact_indep_qiskit_3|ibm_heron_156 azione_RL=PeepholeOptimise2Q
job=qpeexact_indep_qiskit_3|ibm_heron_156 azione_RL=QiskitO3
job=qpeexact_indep_qiskit_3|ibm_heron_156 azione_RL=BQSKitO2
job=qpeexact_indep_qiskit_3|ibm_heron_156 azione_RL=QiskitO3
job=qpeexact_indep_qiskit_3|ibm_heron_156 azione_RL=BQSKitO2
job=qpeexact_indep_qiskit_3|ibm_heron_156 azione_RL=BQSKitSynthesis
job=qpeexact_indep_qiskit_3|ibm_heron_156 azione_RL=BQSKitO2
job=qpeexact_indep_qiskit_3|ibm_heron_156 azione_RL=CliffordSimp
job=qpeexact_indep_qiskit_3|ibm_heron_156 fallback=QiskitO2
job=qpeexact_indep_tket_3|ibm_heron_156 azione_RL=BQSKitO2
job=qpeexact_indep_tket_3|ibm_heron_156 azione_RL=FullPeepholeOptimiseCX
job=qpeexact_indep_tket_3|ibm_heron_156 azione_RL=BQSKitSynthesis
job=qpeexact_indep_tket_3|ibm_heron_156 azione_RL=QiskitO3
job=qpeexact_indep_tket_3|ibm_heron_156 azione_RL=VF2Layout
job=qpeexact_indep_tket_3|ibm_heron_156 fallback=QiskitO2
job=qpeinexact_indep_qiskit_3|ibm_heron_156 azione_RL=BQSKitO2
job=qpeinexact_indep_qiskit_3|ibm_heron_156 azione_RL=FullPeepholeOptimiseCX
job=qpeinexact_indep_qiskit_3|ibm_heron_156 azione_RL=BQSKitSynthesis
job=qpeinexact_indep_qiskit_3|ibm_heron_156 azione_RL=QiskitO3
job=qpeinexact_indep_qiskit_3|ibm_heron_156 azione_RL=BQSKitSynthesis
job=qpeinexact_indep_qiskit_3|ibm_heron_156 azione_RL=InverseCancellation
job=qpeinexact_indep_qiskit_3|ibm_heron_156 azione_RL=BQSKitO2
job=qpeinexact_indep_qiskit_3|ibm_heron_156 azione_RL=CommutativeInverseCancellation
job=qpeinexact_indep_qiskit_3|ibm_heron_156 azione_RL=RemoveDiagonalGatesBeforeMeasure
job=qpeinexact_indep_qiskit_3|ibm_heron_156 azione_RL=QiskitO3
job=qpeinexact_indep_qiskit_3|ibm_heron_156 azione_RL=RemoveDiagonalGatesBeforeMeasure
job=qpeinexact_indep_qiskit_3|ibm_heron_156 azione_RL=BQSKitSynthesis
job=qpeinexact_indep_qiskit_3|ibm_heron_156 azione_RL=BasisTranslator
job=qpeinexact_indep_qiskit_3|ibm_heron_156 azione_RL=CommutativeInverseCancellation
job=qpeinexact_indep_qiskit_3|ibm_heron_156 azione_RL=OptimizeCliffords
job=qpeinexact_indep_qiskit_3|ibm_heron_156 azione_RL=FullPeepholeOptimiseCX
/home/elio/Tesi/.venv/lib/python3.12/site-packages/pytket/extensions/qiskit/qiskit_convert.py:1124: UserWarning: The pytket Circuit contains implicit qubit permutations which aren't handled by default. Consider using the replace_implicit_swaps flag in tk_to_qiskit or replacing them using Circuit.replace_implicit_swaps().
  warnings.warn(  # noqa: B028
job=qpeinexact_indep_qiskit_3|ibm_heron_156 azione_RL=BasisTranslator
job=qpeinexact_indep_qiskit_3|ibm_heron_156 azione_RL=RemoveDiagonalGatesBeforeMeasure
job=qpeinexact_indep_qiskit_3|ibm_heron_156 azione_RL=CommutativeCancellation
job=qpeinexact_indep_qiskit_3|ibm_heron_156 azione_RL=Optimize1qGatesDecomposition
job=qpeinexact_indep_qiskit_3|ibm_heron_156 azione_RL=CliffordSimp
job=qpeinexact_indep_qiskit_3|ibm_heron_156 azione_RL=BQSKitO2
job=qpeinexact_indep_qiskit_3|ibm_heron_156 azione_RL=BasisTranslator
job=qpeinexact_indep_qiskit_3|ibm_heron_156 azione_RL=PeepholeOptimise2Q
job=qpeinexact_indep_qiskit_3|ibm_heron_156 azione_RL=Opt2qBlocks
job=qpeinexact_indep_qiskit_3|ibm_heron_156 azione_RL=RemoveRedundancies
job=qpeinexact_indep_qiskit_3|ibm_heron_156 azione_RL=RemoveRedundancies
job=qpeinexact_indep_qiskit_3|ibm_heron_156 azione_RL=QiskitO3
job=qpeinexact_indep_qiskit_3|ibm_heron_156 azione_RL=QiskitO3
job=qpeinexact_indep_qiskit_3|ibm_heron_156 azione_RL=RemoveRedundancies
job=qpeinexact_indep_qiskit_3|ibm_heron_156 azione_RL=InverseCancellation
job=qpeinexact_indep_qiskit_3|ibm_heron_156 azione_RL=QiskitO3
job=qpeinexact_indep_qiskit_3|ibm_heron_156 azione_RL=Opt2qBlocks
job=qpeinexact_indep_qiskit_3|ibm_heron_156 azione_RL=CommutativeInverseCancellation
job=qpeinexact_indep_qiskit_3|ibm_heron_156 azione_RL=RemoveDiagonalGatesBeforeMeasure
job=qpeinexact_indep_qiskit_3|ibm_heron_156 azione_RL=FullPeepholeOptimiseCX
job=qpeinexact_indep_qiskit_3|ibm_heron_156 azione_RL=RemoveDiagonalGatesBeforeMeasure
job=qpeinexact_indep_qiskit_3|ibm_heron_156 azione_RL=Opt2qBlocks
job=qpeinexact_indep_qiskit_3|ibm_heron_156 azione_RL=OptimizeCliffords
job=qpeinexact_indep_qiskit_3|ibm_heron_156 azione_RL=QiskitO3
job=qpeinexact_indep_qiskit_3|ibm_heron_156 azione_RL=RemoveRedundancies
job=qpeinexact_indep_qiskit_3|ibm_heron_156 azione_RL=CommutativeCancellation
job=qpeinexact_indep_qiskit_3|ibm_heron_156 azione_RL=CommutativeInverseCancellation
job=qpeinexact_indep_qiskit_3|ibm_heron_156 azione_RL=BQSKitO2
job=qpeinexact_indep_qiskit_3|ibm_heron_156 azione_RL=OptimizeCliffords
job=qpeinexact_indep_qiskit_3|ibm_heron_156 azione_RL=BQSKitO2
job=qpeinexact_indep_qiskit_3|ibm_heron_156 azione_RL=BQSKitO2
job=qpeinexact_indep_qiskit_3|ibm_heron_156 azione_RL=QiskitO3
job=qpeinexact_indep_qiskit_3|ibm_heron_156 azione_RL=Optimize1qGatesDecomposition
job=qpeinexact_indep_qiskit_3|ibm_heron_156 azione_RL=InverseCancellation
job=qpeinexact_indep_qiskit_3|ibm_heron_156 azione_RL=InverseCancellation
job=qpeinexact_indep_qiskit_3|ibm_heron_156 azione_RL=RemoveRedundancies
job=qpeinexact_indep_qiskit_3|ibm_heron_156 azione_RL=OptimizeCliffords
job=qpeinexact_indep_qiskit_3|ibm_heron_156 azione_RL=QiskitO3
job=qpeinexact_indep_qiskit_3|ibm_heron_156 azione_RL=CommutativeCancellation
job=qpeinexact_indep_qiskit_3|ibm_heron_156 azione_RL=RemoveRedundancies
job=qpeinexact_indep_qiskit_3|ibm_heron_156 azione_RL=RemoveDiagonalGatesBeforeMeasure
job=qpeinexact_indep_qiskit_3|ibm_heron_156 azione_RL=OptimizeCliffords
job=qpeinexact_indep_qiskit_3|ibm_heron_156 azione_RL=CommutativeInverseCancellation
job=qpeinexact_indep_qiskit_3|ibm_heron_156 azione_RL=BQSKitSynthesis
job=qpeinexact_indep_qiskit_3|ibm_heron_156 azione_RL=BasisTranslator
job=qpeinexact_indep_qiskit_3|ibm_heron_156 azione_RL=CommutativeInverseCancellation
job=qpeinexact_indep_qiskit_3|ibm_heron_156 azione_RL=RemoveDiagonalGatesBeforeMeasure
job=qpeinexact_indep_qiskit_3|ibm_heron_156 azione_RL=BQSKitSynthesis
job=qpeinexact_indep_qiskit_3|ibm_heron_156 azione_RL=BQSKitSynthesis
job=qpeinexact_indep_qiskit_3|ibm_heron_156 azione_RL=RemoveDiagonalGatesBeforeMeasure
job=qpeinexact_indep_qiskit_3|ibm_heron_156 azione_RL=InverseCancellation
job=qpeinexact_indep_qiskit_3|ibm_heron_156 azione_RL=BQSKitSynthesis
job=qpeinexact_indep_qiskit_3|ibm_heron_156 azione_RL=FullPeepholeOptimiseCX
job=qpeinexact_indep_qiskit_3|ibm_heron_156 azione_RL=BQSKitSynthesis
job=qpeinexact_indep_qiskit_3|ibm_heron_156 azione_RL=PeepholeOptimise2Q
job=qpeinexact_indep_qiskit_3|ibm_heron_156 azione_RL=RemoveDiagonalGatesBeforeMeasure
job=qpeinexact_indep_qiskit_3|ibm_heron_156 azione_RL=RemoveRedundancies
job=qpeinexact_indep_qiskit_3|ibm_heron_156 azione_RL=Optimize1qGatesDecomposition
job=qpeinexact_indep_qiskit_3|ibm_heron_156 azione_RL=RemoveDiagonalGatesBeforeMeasure
job=qpeinexact_indep_qiskit_3|ibm_heron_156 azione_RL=BQSKitO2
job=qpeinexact_indep_qiskit_3|ibm_heron_156 azione_RL=RemoveRedundancies
job=qpeinexact_indep_qiskit_3|ibm_heron_156 azione_RL=QiskitO3
job=qpeinexact_indep_qiskit_3|ibm_heron_156 azione_RL=FullPeepholeOptimiseCX
job=qpeinexact_indep_qiskit_3|ibm_heron_156 azione_RL=OptimizeCliffords
job=qpeinexact_indep_qiskit_3|ibm_heron_156 azione_RL=OptimizeCliffords
job=qpeinexact_indep_qiskit_3|ibm_heron_156 azione_RL=InverseCancellation
job=qpeinexact_indep_qiskit_3|ibm_heron_156 azione_RL=Opt2qBlocks
job=qpeinexact_indep_qiskit_3|ibm_heron_156 azione_RL=InverseCancellation
job=qpeinexact_indep_qiskit_3|ibm_heron_156 azione_RL=QiskitO3
job=qpeinexact_indep_qiskit_3|ibm_heron_156 azione_RL=Optimize1qGatesDecomposition
job=qpeinexact_indep_qiskit_3|ibm_heron_156 azione_RL=FullPeepholeOptimiseCX
job=qpeinexact_indep_qiskit_3|ibm_heron_156 azione_RL=Opt2qBlocks
job=qpeinexact_indep_qiskit_3|ibm_heron_156 azione_RL=FullPeepholeOptimiseCX
job=qpeinexact_indep_qiskit_3|ibm_heron_156 azione_RL=RemoveRedundancies
job=qpeinexact_indep_qiskit_3|ibm_heron_156 azione_RL=BQSKitSynthesis
job=qpeinexact_indep_qiskit_3|ibm_heron_156 azione_RL=BasisTranslator
job=qpeinexact_indep_qiskit_3|ibm_heron_156 azione_RL=QiskitO3
job=qpeinexact_indep_qiskit_3|ibm_heron_156 azione_RL=CliffordSimp
job=qpeinexact_indep_qiskit_3|ibm_heron_156 azione_RL=CommutativeCancellation
job=qpeinexact_indep_qiskit_3|ibm_heron_156 azione_RL=RemoveDiagonalGatesBeforeMeasure
job=qpeinexact_indep_qiskit_3|ibm_heron_156 azione_RL=Opt2qBlocks
job=qpeinexact_indep_qiskit_3|ibm_heron_156 azione_RL=CommutativeCancellation
job=qpeinexact_indep_qiskit_3|ibm_heron_156 azione_RL=PeepholeOptimise2Q
job=qpeinexact_indep_qiskit_3|ibm_heron_156 azione_RL=QiskitO3
job=qpeinexact_indep_qiskit_3|ibm_heron_156 azione_RL=CommutativeInverseCancellation
job=qpeinexact_indep_qiskit_3|ibm_heron_156 azione_RL=FullPeepholeOptimiseCX
job=qpeinexact_indep_qiskit_3|ibm_heron_156 azione_RL=BQSKitO2
job=qpeinexact_indep_qiskit_3|ibm_heron_156 azione_RL=InverseCancellation
job=qpeinexact_indep_qiskit_3|ibm_heron_156 azione_RL=BQSKitSynthesis
job=qpeinexact_indep_qiskit_3|ibm_heron_156 azione_RL=QiskitO3
job=qpeinexact_indep_qiskit_3|ibm_heron_156 azione_RL=Opt2qBlocks
job=qpeinexact_indep_qiskit_3|ibm_heron_156 azione_RL=RemoveRedundancies
job=qpeinexact_indep_qiskit_3|ibm_heron_156 azione_RL=QiskitO3
job=qpeinexact_indep_qiskit_3|ibm_heron_156 azione_RL=CommutativeCancellation
job=qpeinexact_indep_qiskit_3|ibm_heron_156 azione_RL=CommutativeCancellation
job=qpeinexact_indep_qiskit_3|ibm_heron_156 azione_RL=RemoveRedundancies
job=qpeinexact_indep_qiskit_3|ibm_heron_156 azione_RL=BQSKitO2
job=qpeinexact_indep_qiskit_3|ibm_heron_156 azione_RL=QiskitO3
job=qpeinexact_indep_qiskit_3|ibm_heron_156 azione_RL=CommutativeInverseCancellation
job=qpeinexact_indep_qiskit_3|ibm_heron_156 azione_RL=InverseCancellation
job=qpeinexact_indep_qiskit_3|ibm_heron_156 azione_RL=CliffordSimp
job=qpeinexact_indep_qiskit_3|ibm_heron_156 azione_RL=QiskitO3
job=qpeinexact_indep_qiskit_3|ibm_heron_156 azione_RL=RemoveDiagonalGatesBeforeMeasure
job=qpeinexact_indep_qiskit_3|ibm_heron_156 azione_RL=QiskitO3
job=qpeinexact_indep_qiskit_3|ibm_heron_156 azione_RL=BQSKitSynthesis
job=qpeinexact_indep_qiskit_3|ibm_heron_156 azione_RL=PeepholeOptimise2Q
job=qpeinexact_indep_qiskit_3|ibm_heron_156 azione_RL=InverseCancellation
job=qpeinexact_indep_qiskit_3|ibm_heron_156 azione_RL=BQSKitO2
job=qpeinexact_indep_qiskit_3|ibm_heron_156 azione_RL=FullPeepholeOptimiseCX
job=qpeinexact_indep_qiskit_3|ibm_heron_156 azione_RL=BasisTranslator
job=qpeinexact_indep_qiskit_3|ibm_heron_156 azione_RL=BQSKitSynthesis
job=qpeinexact_indep_qiskit_3|ibm_heron_156 azione_RL=BQSKitO2
job=qpeinexact_indep_qiskit_3|ibm_heron_156 azione_RL=CliffordSimp
job=qpeinexact_indep_qiskit_3|ibm_heron_156 azione_RL=RemoveRedundancies
job=qpeinexact_indep_qiskit_3|ibm_heron_156 azione_RL=BasisTranslator
job=qpeinexact_indep_qiskit_3|ibm_heron_156 azione_RL=Optimize1qGatesDecomposition
job=qpeinexact_indep_qiskit_3|ibm_heron_156 azione_RL=RemoveRedundancies
job=qpeinexact_indep_qiskit_3|ibm_heron_156 azione_RL=OptimizeCliffords
job=qpeinexact_indep_qiskit_3|ibm_heron_156 azione_RL=InverseCancellation
job=qpeinexact_indep_qiskit_3|ibm_heron_156 azione_RL=PeepholeOptimise2Q
job=qpeinexact_indep_qiskit_3|ibm_heron_156 azione_RL=QiskitO3
job=qpeinexact_indep_qiskit_3|ibm_heron_156 azione_RL=BQSKitO2
job=qpeinexact_indep_qiskit_3|ibm_heron_156 azione_RL=QiskitO3
job=qpeinexact_indep_qiskit_3|ibm_heron_156 azione_RL=BQSKitO2
job=qpeinexact_indep_qiskit_3|ibm_heron_156 azione_RL=BQSKitSynthesis
job=qpeinexact_indep_qiskit_3|ibm_heron_156 azione_RL=BQSKitO2
job=qpeinexact_indep_qiskit_3|ibm_heron_156 fallback=QiskitO2
job=qpeinexact_indep_tket_3|ibm_heron_156 azione_RL=BQSKitO2
job=qpeinexact_indep_tket_3|ibm_heron_156 azione_RL=FullPeepholeOptimiseCX
job=qpeinexact_indep_tket_3|ibm_heron_156 azione_RL=BQSKitSynthesis
job=qpeinexact_indep_tket_3|ibm_heron_156 azione_RL=QiskitO3
job=qpeinexact_indep_tket_3|ibm_heron_156 azione_RL=VF2Layout
job=qpeinexact_indep_tket_3|ibm_heron_156 fallback=QiskitO2
job=random_indep_qiskit_3|ibm_heron_156 azione_RL=BQSKitO2
job=random_indep_qiskit_3|ibm_heron_156 fallback=QiskitO2
job=random_indep_tket_3|ibm_heron_156 azione_RL=BQSKitO2
job=random_indep_tket_3|ibm_heron_156 fallback=QiskitO2
job=realamprandom_indep_qiskit_3|ibm_heron_156 azione_RL=BQSKitO2
job=realamprandom_indep_qiskit_3|ibm_heron_156 azione_RL=FullPeepholeOptimiseCX
job=realamprandom_indep_qiskit_3|ibm_heron_156 azione_RL=OptimizeCliffords
job=realamprandom_indep_qiskit_3|ibm_heron_156 azione_RL=QiskitO3
job=realamprandom_indep_qiskit_3|ibm_heron_156 azione_RL=BQSKitSynthesis
job=realamprandom_indep_qiskit_3|ibm_heron_156 azione_RL=InverseCancellation
job=realamprandom_indep_qiskit_3|ibm_heron_156 azione_RL=BQSKitO2
job=realamprandom_indep_qiskit_3|ibm_heron_156 azione_RL=CommutativeInverseCancellation
job=realamprandom_indep_qiskit_3|ibm_heron_156 azione_RL=RemoveDiagonalGatesBeforeMeasure
job=realamprandom_indep_qiskit_3|ibm_heron_156 azione_RL=QiskitO3
job=realamprandom_indep_qiskit_3|ibm_heron_156 azione_RL=RemoveDiagonalGatesBeforeMeasure
job=realamprandom_indep_qiskit_3|ibm_heron_156 azione_RL=BQSKitSynthesis
job=realamprandom_indep_qiskit_3|ibm_heron_156 azione_RL=BasisTranslator
job=realamprandom_indep_qiskit_3|ibm_heron_156 azione_RL=CommutativeInverseCancellation
job=realamprandom_indep_qiskit_3|ibm_heron_156 azione_RL=OptimizeCliffords
job=realamprandom_indep_qiskit_3|ibm_heron_156 azione_RL=FullPeepholeOptimiseCX
job=realamprandom_indep_qiskit_3|ibm_heron_156 azione_RL=BasisTranslator
job=realamprandom_indep_qiskit_3|ibm_heron_156 azione_RL=RemoveDiagonalGatesBeforeMeasure
job=realamprandom_indep_qiskit_3|ibm_heron_156 azione_RL=CommutativeCancellation
job=realamprandom_indep_qiskit_3|ibm_heron_156 azione_RL=Optimize1qGatesDecomposition
job=realamprandom_indep_qiskit_3|ibm_heron_156 azione_RL=CliffordSimp
job=realamprandom_indep_qiskit_3|ibm_heron_156 azione_RL=BQSKitO2
job=realamprandom_indep_qiskit_3|ibm_heron_156 azione_RL=BasisTranslator
job=realamprandom_indep_qiskit_3|ibm_heron_156 azione_RL=PeepholeOptimise2Q
job=realamprandom_indep_qiskit_3|ibm_heron_156 azione_RL=Opt2qBlocks
job=realamprandom_indep_qiskit_3|ibm_heron_156 azione_RL=RemoveRedundancies
job=realamprandom_indep_qiskit_3|ibm_heron_156 azione_RL=RemoveRedundancies
job=realamprandom_indep_qiskit_3|ibm_heron_156 azione_RL=QiskitO3
job=realamprandom_indep_qiskit_3|ibm_heron_156 azione_RL=QiskitO3
job=realamprandom_indep_qiskit_3|ibm_heron_156 azione_RL=RemoveRedundancies
job=realamprandom_indep_qiskit_3|ibm_heron_156 azione_RL=InverseCancellation
job=realamprandom_indep_qiskit_3|ibm_heron_156 azione_RL=QiskitO3
job=realamprandom_indep_qiskit_3|ibm_heron_156 azione_RL=Opt2qBlocks
job=realamprandom_indep_qiskit_3|ibm_heron_156 azione_RL=CommutativeInverseCancellation
job=realamprandom_indep_qiskit_3|ibm_heron_156 azione_RL=RemoveDiagonalGatesBeforeMeasure
job=realamprandom_indep_qiskit_3|ibm_heron_156 azione_RL=FullPeepholeOptimiseCX
job=realamprandom_indep_qiskit_3|ibm_heron_156 azione_RL=RemoveDiagonalGatesBeforeMeasure
job=realamprandom_indep_qiskit_3|ibm_heron_156 azione_RL=Opt2qBlocks
job=realamprandom_indep_qiskit_3|ibm_heron_156 azione_RL=OptimizeCliffords
job=realamprandom_indep_qiskit_3|ibm_heron_156 azione_RL=QiskitO3
job=realamprandom_indep_qiskit_3|ibm_heron_156 azione_RL=RemoveRedundancies
job=realamprandom_indep_qiskit_3|ibm_heron_156 azione_RL=CommutativeCancellation
job=realamprandom_indep_qiskit_3|ibm_heron_156 azione_RL=CommutativeInverseCancellation
job=realamprandom_indep_qiskit_3|ibm_heron_156 azione_RL=BQSKitO2
job=realamprandom_indep_qiskit_3|ibm_heron_156 azione_RL=OptimizeCliffords
job=realamprandom_indep_qiskit_3|ibm_heron_156 azione_RL=BQSKitO2
job=realamprandom_indep_qiskit_3|ibm_heron_156 azione_RL=BQSKitO2
job=realamprandom_indep_qiskit_3|ibm_heron_156 azione_RL=QiskitO3
job=realamprandom_indep_qiskit_3|ibm_heron_156 azione_RL=Optimize1qGatesDecomposition
job=realamprandom_indep_qiskit_3|ibm_heron_156 azione_RL=InverseCancellation
job=realamprandom_indep_qiskit_3|ibm_heron_156 azione_RL=InverseCancellation
job=realamprandom_indep_qiskit_3|ibm_heron_156 azione_RL=RemoveRedundancies
job=realamprandom_indep_qiskit_3|ibm_heron_156 azione_RL=OptimizeCliffords
job=realamprandom_indep_qiskit_3|ibm_heron_156 azione_RL=QiskitO3
job=realamprandom_indep_qiskit_3|ibm_heron_156 azione_RL=CommutativeCancellation
job=realamprandom_indep_qiskit_3|ibm_heron_156 azione_RL=RemoveRedundancies
job=realamprandom_indep_qiskit_3|ibm_heron_156 azione_RL=RemoveDiagonalGatesBeforeMeasure
job=realamprandom_indep_qiskit_3|ibm_heron_156 azione_RL=OptimizeCliffords
job=realamprandom_indep_qiskit_3|ibm_heron_156 azione_RL=CommutativeInverseCancellation
job=realamprandom_indep_qiskit_3|ibm_heron_156 azione_RL=BQSKitSynthesis
job=realamprandom_indep_qiskit_3|ibm_heron_156 azione_RL=BasisTranslator
job=realamprandom_indep_qiskit_3|ibm_heron_156 azione_RL=CommutativeInverseCancellation
job=realamprandom_indep_qiskit_3|ibm_heron_156 azione_RL=RemoveDiagonalGatesBeforeMeasure
job=realamprandom_indep_qiskit_3|ibm_heron_156 azione_RL=BQSKitSynthesis
job=realamprandom_indep_qiskit_3|ibm_heron_156 azione_RL=BQSKitSynthesis
job=realamprandom_indep_qiskit_3|ibm_heron_156 azione_RL=RemoveDiagonalGatesBeforeMeasure
job=realamprandom_indep_qiskit_3|ibm_heron_156 azione_RL=InverseCancellation
job=realamprandom_indep_qiskit_3|ibm_heron_156 azione_RL=BQSKitSynthesis
job=realamprandom_indep_qiskit_3|ibm_heron_156 azione_RL=FullPeepholeOptimiseCX
job=realamprandom_indep_qiskit_3|ibm_heron_156 azione_RL=BQSKitSynthesis
job=realamprandom_indep_qiskit_3|ibm_heron_156 azione_RL=PeepholeOptimise2Q
job=realamprandom_indep_qiskit_3|ibm_heron_156 azione_RL=RemoveDiagonalGatesBeforeMeasure
job=realamprandom_indep_qiskit_3|ibm_heron_156 azione_RL=RemoveRedundancies
job=realamprandom_indep_qiskit_3|ibm_heron_156 azione_RL=Optimize1qGatesDecomposition
job=realamprandom_indep_qiskit_3|ibm_heron_156 azione_RL=RemoveDiagonalGatesBeforeMeasure
job=realamprandom_indep_qiskit_3|ibm_heron_156 azione_RL=BQSKitO2
job=realamprandom_indep_qiskit_3|ibm_heron_156 azione_RL=RemoveRedundancies
job=realamprandom_indep_qiskit_3|ibm_heron_156 azione_RL=QiskitO3
job=realamprandom_indep_qiskit_3|ibm_heron_156 azione_RL=FullPeepholeOptimiseCX
job=realamprandom_indep_qiskit_3|ibm_heron_156 azione_RL=OptimizeCliffords
job=realamprandom_indep_qiskit_3|ibm_heron_156 azione_RL=OptimizeCliffords
job=realamprandom_indep_qiskit_3|ibm_heron_156 azione_RL=InverseCancellation
job=realamprandom_indep_qiskit_3|ibm_heron_156 azione_RL=Opt2qBlocks
job=realamprandom_indep_qiskit_3|ibm_heron_156 azione_RL=InverseCancellation
job=realamprandom_indep_qiskit_3|ibm_heron_156 azione_RL=QiskitO3
job=realamprandom_indep_qiskit_3|ibm_heron_156 azione_RL=Optimize1qGatesDecomposition
job=realamprandom_indep_qiskit_3|ibm_heron_156 azione_RL=FullPeepholeOptimiseCX
job=realamprandom_indep_qiskit_3|ibm_heron_156 azione_RL=Opt2qBlocks
job=realamprandom_indep_qiskit_3|ibm_heron_156 azione_RL=FullPeepholeOptimiseCX
job=realamprandom_indep_qiskit_3|ibm_heron_156 azione_RL=RemoveRedundancies
job=realamprandom_indep_qiskit_3|ibm_heron_156 azione_RL=BQSKitSynthesis
job=realamprandom_indep_qiskit_3|ibm_heron_156 azione_RL=BasisTranslator
job=realamprandom_indep_qiskit_3|ibm_heron_156 azione_RL=QiskitO3
job=realamprandom_indep_qiskit_3|ibm_heron_156 azione_RL=CliffordSimp
job=realamprandom_indep_qiskit_3|ibm_heron_156 azione_RL=CommutativeCancellation
job=realamprandom_indep_qiskit_3|ibm_heron_156 azione_RL=RemoveDiagonalGatesBeforeMeasure
job=realamprandom_indep_qiskit_3|ibm_heron_156 azione_RL=Opt2qBlocks
job=realamprandom_indep_qiskit_3|ibm_heron_156 azione_RL=CommutativeCancellation
job=realamprandom_indep_qiskit_3|ibm_heron_156 azione_RL=PeepholeOptimise2Q
job=realamprandom_indep_qiskit_3|ibm_heron_156 azione_RL=QiskitO3
job=realamprandom_indep_qiskit_3|ibm_heron_156 azione_RL=CommutativeInverseCancellation
job=realamprandom_indep_qiskit_3|ibm_heron_156 azione_RL=FullPeepholeOptimiseCX
job=realamprandom_indep_qiskit_3|ibm_heron_156 azione_RL=BQSKitO2
job=realamprandom_indep_qiskit_3|ibm_heron_156 azione_RL=InverseCancellation
job=realamprandom_indep_qiskit_3|ibm_heron_156 azione_RL=BQSKitSynthesis
job=realamprandom_indep_qiskit_3|ibm_heron_156 azione_RL=QiskitO3
job=realamprandom_indep_qiskit_3|ibm_heron_156 azione_RL=Opt2qBlocks
job=realamprandom_indep_qiskit_3|ibm_heron_156 azione_RL=RemoveRedundancies
job=realamprandom_indep_qiskit_3|ibm_heron_156 azione_RL=QiskitO3
job=realamprandom_indep_qiskit_3|ibm_heron_156 azione_RL=CommutativeCancellation
job=realamprandom_indep_qiskit_3|ibm_heron_156 azione_RL=CommutativeCancellation
job=realamprandom_indep_qiskit_3|ibm_heron_156 azione_RL=RemoveRedundancies
job=realamprandom_indep_qiskit_3|ibm_heron_156 azione_RL=BQSKitO2
job=realamprandom_indep_qiskit_3|ibm_heron_156 azione_RL=QiskitO3
job=realamprandom_indep_qiskit_3|ibm_heron_156 azione_RL=CommutativeInverseCancellation
job=realamprandom_indep_qiskit_3|ibm_heron_156 azione_RL=InverseCancellation
job=realamprandom_indep_qiskit_3|ibm_heron_156 azione_RL=CliffordSimp
job=realamprandom_indep_qiskit_3|ibm_heron_156 azione_RL=QiskitO3
job=realamprandom_indep_qiskit_3|ibm_heron_156 azione_RL=RemoveDiagonalGatesBeforeMeasure
job=realamprandom_indep_qiskit_3|ibm_heron_156 azione_RL=QiskitO3
job=realamprandom_indep_qiskit_3|ibm_heron_156 azione_RL=BQSKitSynthesis
job=realamprandom_indep_qiskit_3|ibm_heron_156 azione_RL=PeepholeOptimise2Q
job=realamprandom_indep_qiskit_3|ibm_heron_156 azione_RL=InverseCancellation
job=realamprandom_indep_qiskit_3|ibm_heron_156 azione_RL=BQSKitO2
job=realamprandom_indep_qiskit_3|ibm_heron_156 azione_RL=FullPeepholeOptimiseCX
job=realamprandom_indep_qiskit_3|ibm_heron_156 azione_RL=BasisTranslator
job=realamprandom_indep_qiskit_3|ibm_heron_156 azione_RL=BQSKitSynthesis
job=realamprandom_indep_qiskit_3|ibm_heron_156 azione_RL=BQSKitO2
job=realamprandom_indep_qiskit_3|ibm_heron_156 fallback=QiskitO2
job=realamprandom_indep_tket_3|ibm_heron_156 azione_RL=BQSKitO2
job=realamprandom_indep_tket_3|ibm_heron_156 azione_RL=FullPeepholeOptimiseCX
job=realamprandom_indep_tket_3|ibm_heron_156 azione_RL=OptimizeCliffords
job=realamprandom_indep_tket_3|ibm_heron_156 azione_RL=QiskitO3
job=realamprandom_indep_tket_3|ibm_heron_156 azione_RL=BQSKitSynthesis
job=realamprandom_indep_tket_3|ibm_heron_156 azione_RL=InverseCancellation
job=realamprandom_indep_tket_3|ibm_heron_156 azione_RL=BQSKitO2
job=realamprandom_indep_tket_3|ibm_heron_156 azione_RL=CommutativeInverseCancellation
job=realamprandom_indep_tket_3|ibm_heron_156 azione_RL=RemoveDiagonalGatesBeforeMeasure
job=realamprandom_indep_tket_3|ibm_heron_156 azione_RL=QiskitO3
job=realamprandom_indep_tket_3|ibm_heron_156 azione_RL=RemoveDiagonalGatesBeforeMeasure
job=realamprandom_indep_tket_3|ibm_heron_156 azione_RL=BQSKitSynthesis
job=realamprandom_indep_tket_3|ibm_heron_156 azione_RL=BasisTranslator
job=realamprandom_indep_tket_3|ibm_heron_156 azione_RL=CommutativeInverseCancellation
job=realamprandom_indep_tket_3|ibm_heron_156 azione_RL=OptimizeCliffords
job=realamprandom_indep_tket_3|ibm_heron_156 azione_RL=FullPeepholeOptimiseCX
job=realamprandom_indep_tket_3|ibm_heron_156 azione_RL=BasisTranslator
job=realamprandom_indep_tket_3|ibm_heron_156 azione_RL=RemoveDiagonalGatesBeforeMeasure
job=realamprandom_indep_tket_3|ibm_heron_156 azione_RL=CommutativeCancellation
job=realamprandom_indep_tket_3|ibm_heron_156 azione_RL=Optimize1qGatesDecomposition
job=realamprandom_indep_tket_3|ibm_heron_156 azione_RL=CliffordSimp
job=realamprandom_indep_tket_3|ibm_heron_156 azione_RL=BQSKitO2
job=realamprandom_indep_tket_3|ibm_heron_156 azione_RL=BasisTranslator
job=realamprandom_indep_tket_3|ibm_heron_156 azione_RL=PeepholeOptimise2Q
job=realamprandom_indep_tket_3|ibm_heron_156 azione_RL=Opt2qBlocks
job=realamprandom_indep_tket_3|ibm_heron_156 azione_RL=RemoveRedundancies
job=realamprandom_indep_tket_3|ibm_heron_156 azione_RL=RemoveRedundancies
job=realamprandom_indep_tket_3|ibm_heron_156 azione_RL=QiskitO3
job=realamprandom_indep_tket_3|ibm_heron_156 azione_RL=QiskitO3
job=realamprandom_indep_tket_3|ibm_heron_156 azione_RL=RemoveRedundancies
job=realamprandom_indep_tket_3|ibm_heron_156 azione_RL=InverseCancellation
job=realamprandom_indep_tket_3|ibm_heron_156 azione_RL=QiskitO3
job=realamprandom_indep_tket_3|ibm_heron_156 azione_RL=Opt2qBlocks
job=realamprandom_indep_tket_3|ibm_heron_156 azione_RL=CommutativeInverseCancellation
job=realamprandom_indep_tket_3|ibm_heron_156 azione_RL=RemoveDiagonalGatesBeforeMeasure
job=realamprandom_indep_tket_3|ibm_heron_156 azione_RL=FullPeepholeOptimiseCX
job=realamprandom_indep_tket_3|ibm_heron_156 azione_RL=RemoveDiagonalGatesBeforeMeasure
job=realamprandom_indep_tket_3|ibm_heron_156 azione_RL=Opt2qBlocks
job=realamprandom_indep_tket_3|ibm_heron_156 azione_RL=OptimizeCliffords
job=realamprandom_indep_tket_3|ibm_heron_156 azione_RL=QiskitO3
job=realamprandom_indep_tket_3|ibm_heron_156 azione_RL=RemoveRedundancies
job=realamprandom_indep_tket_3|ibm_heron_156 azione_RL=CommutativeCancellation
job=realamprandom_indep_tket_3|ibm_heron_156 azione_RL=CommutativeInverseCancellation
job=realamprandom_indep_tket_3|ibm_heron_156 azione_RL=BQSKitO2
job=realamprandom_indep_tket_3|ibm_heron_156 azione_RL=OptimizeCliffords
job=realamprandom_indep_tket_3|ibm_heron_156 azione_RL=BQSKitO2
job=realamprandom_indep_tket_3|ibm_heron_156 azione_RL=BQSKitO2
job=realamprandom_indep_tket_3|ibm_heron_156 azione_RL=QiskitO3
job=realamprandom_indep_tket_3|ibm_heron_156 azione_RL=Optimize1qGatesDecomposition
job=realamprandom_indep_tket_3|ibm_heron_156 azione_RL=InverseCancellation
job=realamprandom_indep_tket_3|ibm_heron_156 azione_RL=InverseCancellation
job=realamprandom_indep_tket_3|ibm_heron_156 azione_RL=RemoveRedundancies
job=realamprandom_indep_tket_3|ibm_heron_156 azione_RL=OptimizeCliffords
job=realamprandom_indep_tket_3|ibm_heron_156 azione_RL=QiskitO3
job=realamprandom_indep_tket_3|ibm_heron_156 azione_RL=CommutativeCancellation
job=realamprandom_indep_tket_3|ibm_heron_156 azione_RL=RemoveRedundancies
job=realamprandom_indep_tket_3|ibm_heron_156 azione_RL=RemoveDiagonalGatesBeforeMeasure
job=realamprandom_indep_tket_3|ibm_heron_156 azione_RL=OptimizeCliffords
job=realamprandom_indep_tket_3|ibm_heron_156 azione_RL=CommutativeInverseCancellation
job=realamprandom_indep_tket_3|ibm_heron_156 azione_RL=BQSKitSynthesis
job=realamprandom_indep_tket_3|ibm_heron_156 azione_RL=BasisTranslator
job=realamprandom_indep_tket_3|ibm_heron_156 azione_RL=CommutativeInverseCancellation
job=realamprandom_indep_tket_3|ibm_heron_156 azione_RL=RemoveDiagonalGatesBeforeMeasure
job=realamprandom_indep_tket_3|ibm_heron_156 azione_RL=BQSKitSynthesis
job=realamprandom_indep_tket_3|ibm_heron_156 azione_RL=BQSKitSynthesis
job=realamprandom_indep_tket_3|ibm_heron_156 azione_RL=RemoveDiagonalGatesBeforeMeasure
job=realamprandom_indep_tket_3|ibm_heron_156 azione_RL=InverseCancellation
job=realamprandom_indep_tket_3|ibm_heron_156 azione_RL=BQSKitSynthesis
job=realamprandom_indep_tket_3|ibm_heron_156 azione_RL=FullPeepholeOptimiseCX
job=realamprandom_indep_tket_3|ibm_heron_156 azione_RL=BQSKitSynthesis
job=realamprandom_indep_tket_3|ibm_heron_156 azione_RL=PeepholeOptimise2Q
job=realamprandom_indep_tket_3|ibm_heron_156 azione_RL=RemoveDiagonalGatesBeforeMeasure
job=realamprandom_indep_tket_3|ibm_heron_156 azione_RL=RemoveRedundancies
job=realamprandom_indep_tket_3|ibm_heron_156 azione_RL=Optimize1qGatesDecomposition
job=realamprandom_indep_tket_3|ibm_heron_156 azione_RL=RemoveDiagonalGatesBeforeMeasure
job=realamprandom_indep_tket_3|ibm_heron_156 azione_RL=BQSKitO2
job=realamprandom_indep_tket_3|ibm_heron_156 azione_RL=RemoveRedundancies
job=realamprandom_indep_tket_3|ibm_heron_156 azione_RL=QiskitO3
job=realamprandom_indep_tket_3|ibm_heron_156 azione_RL=FullPeepholeOptimiseCX
job=realamprandom_indep_tket_3|ibm_heron_156 azione_RL=OptimizeCliffords
job=realamprandom_indep_tket_3|ibm_heron_156 azione_RL=OptimizeCliffords
job=realamprandom_indep_tket_3|ibm_heron_156 azione_RL=InverseCancellation
job=realamprandom_indep_tket_3|ibm_heron_156 azione_RL=Opt2qBlocks
job=realamprandom_indep_tket_3|ibm_heron_156 azione_RL=InverseCancellation
job=realamprandom_indep_tket_3|ibm_heron_156 azione_RL=QiskitO3
job=realamprandom_indep_tket_3|ibm_heron_156 azione_RL=Optimize1qGatesDecomposition
job=realamprandom_indep_tket_3|ibm_heron_156 azione_RL=FullPeepholeOptimiseCX
job=realamprandom_indep_tket_3|ibm_heron_156 azione_RL=Opt2qBlocks
job=realamprandom_indep_tket_3|ibm_heron_156 azione_RL=FullPeepholeOptimiseCX
job=realamprandom_indep_tket_3|ibm_heron_156 azione_RL=RemoveRedundancies
job=realamprandom_indep_tket_3|ibm_heron_156 azione_RL=BQSKitSynthesis
job=realamprandom_indep_tket_3|ibm_heron_156 azione_RL=BasisTranslator
job=realamprandom_indep_tket_3|ibm_heron_156 azione_RL=QiskitO3
job=realamprandom_indep_tket_3|ibm_heron_156 azione_RL=CliffordSimp
job=realamprandom_indep_tket_3|ibm_heron_156 azione_RL=CommutativeCancellation
job=realamprandom_indep_tket_3|ibm_heron_156 azione_RL=RemoveDiagonalGatesBeforeMeasure
job=realamprandom_indep_tket_3|ibm_heron_156 azione_RL=Opt2qBlocks
job=realamprandom_indep_tket_3|ibm_heron_156 azione_RL=CommutativeCancellation
job=realamprandom_indep_tket_3|ibm_heron_156 azione_RL=PeepholeOptimise2Q
job=realamprandom_indep_tket_3|ibm_heron_156 azione_RL=QiskitO3
job=realamprandom_indep_tket_3|ibm_heron_156 azione_RL=CommutativeInverseCancellation
job=realamprandom_indep_tket_3|ibm_heron_156 azione_RL=FullPeepholeOptimiseCX
job=realamprandom_indep_tket_3|ibm_heron_156 azione_RL=BQSKitO2
job=realamprandom_indep_tket_3|ibm_heron_156 azione_RL=InverseCancellation
job=realamprandom_indep_tket_3|ibm_heron_156 azione_RL=BQSKitSynthesis
job=realamprandom_indep_tket_3|ibm_heron_156 azione_RL=QiskitO3
job=realamprandom_indep_tket_3|ibm_heron_156 azione_RL=Opt2qBlocks
job=realamprandom_indep_tket_3|ibm_heron_156 azione_RL=RemoveRedundancies
job=realamprandom_indep_tket_3|ibm_heron_156 azione_RL=QiskitO3
job=realamprandom_indep_tket_3|ibm_heron_156 azione_RL=CommutativeCancellation
job=realamprandom_indep_tket_3|ibm_heron_156 azione_RL=CommutativeCancellation
job=realamprandom_indep_tket_3|ibm_heron_156 azione_RL=RemoveRedundancies
job=realamprandom_indep_tket_3|ibm_heron_156 azione_RL=BQSKitO2
job=realamprandom_indep_tket_3|ibm_heron_156 azione_RL=QiskitO3
job=realamprandom_indep_tket_3|ibm_heron_156 azione_RL=CommutativeInverseCancellation
job=realamprandom_indep_tket_3|ibm_heron_156 azione_RL=InverseCancellation
job=realamprandom_indep_tket_3|ibm_heron_156 azione_RL=CliffordSimp
job=realamprandom_indep_tket_3|ibm_heron_156 azione_RL=QiskitO3
job=realamprandom_indep_tket_3|ibm_heron_156 azione_RL=RemoveDiagonalGatesBeforeMeasure
job=realamprandom_indep_tket_3|ibm_heron_156 azione_RL=QiskitO3
job=realamprandom_indep_tket_3|ibm_heron_156 azione_RL=BQSKitSynthesis
job=realamprandom_indep_tket_3|ibm_heron_156 azione_RL=PeepholeOptimise2Q
job=realamprandom_indep_tket_3|ibm_heron_156 azione_RL=InverseCancellation
job=realamprandom_indep_tket_3|ibm_heron_156 azione_RL=BQSKitO2
job=realamprandom_indep_tket_3|ibm_heron_156 azione_RL=FullPeepholeOptimiseCX
job=realamprandom_indep_tket_3|ibm_heron_156 azione_RL=BasisTranslator
job=realamprandom_indep_tket_3|ibm_heron_156 azione_RL=BQSKitSynthesis
job=realamprandom_indep_tket_3|ibm_heron_156 azione_RL=BQSKitO2
job=realamprandom_indep_tket_3|ibm_heron_156 fallback=QiskitO2
job=su2random_indep_qiskit_3|ibm_heron_156 azione_RL=BQSKitO2
job=su2random_indep_qiskit_3|ibm_heron_156 azione_RL=FullPeepholeOptimiseCX
job=su2random_indep_qiskit_3|ibm_heron_156 azione_RL=OptimizeCliffords
job=su2random_indep_qiskit_3|ibm_heron_156 azione_RL=QiskitO3
job=su2random_indep_qiskit_3|ibm_heron_156 azione_RL=BQSKitSynthesis
job=su2random_indep_qiskit_3|ibm_heron_156 azione_RL=InverseCancellation
job=su2random_indep_qiskit_3|ibm_heron_156 azione_RL=BQSKitO2
job=su2random_indep_qiskit_3|ibm_heron_156 azione_RL=CommutativeInverseCancellation
job=su2random_indep_qiskit_3|ibm_heron_156 azione_RL=RemoveDiagonalGatesBeforeMeasure
job=su2random_indep_qiskit_3|ibm_heron_156 azione_RL=QiskitO3
job=su2random_indep_qiskit_3|ibm_heron_156 azione_RL=RemoveDiagonalGatesBeforeMeasure
job=su2random_indep_qiskit_3|ibm_heron_156 azione_RL=BQSKitSynthesis
job=su2random_indep_qiskit_3|ibm_heron_156 azione_RL=BasisTranslator
job=su2random_indep_qiskit_3|ibm_heron_156 azione_RL=CommutativeInverseCancellation
job=su2random_indep_qiskit_3|ibm_heron_156 azione_RL=OptimizeCliffords
job=su2random_indep_qiskit_3|ibm_heron_156 azione_RL=FullPeepholeOptimiseCX
job=su2random_indep_qiskit_3|ibm_heron_156 azione_RL=BasisTranslator
job=su2random_indep_qiskit_3|ibm_heron_156 azione_RL=RemoveDiagonalGatesBeforeMeasure
job=su2random_indep_qiskit_3|ibm_heron_156 azione_RL=CommutativeCancellation
job=su2random_indep_qiskit_3|ibm_heron_156 azione_RL=Optimize1qGatesDecomposition
job=su2random_indep_qiskit_3|ibm_heron_156 azione_RL=CliffordSimp
job=su2random_indep_qiskit_3|ibm_heron_156 azione_RL=BQSKitO2
job=su2random_indep_qiskit_3|ibm_heron_156 azione_RL=BasisTranslator
job=su2random_indep_qiskit_3|ibm_heron_156 azione_RL=PeepholeOptimise2Q
job=su2random_indep_qiskit_3|ibm_heron_156 azione_RL=Opt2qBlocks
job=su2random_indep_qiskit_3|ibm_heron_156 azione_RL=RemoveRedundancies
job=su2random_indep_qiskit_3|ibm_heron_156 azione_RL=RemoveRedundancies
job=su2random_indep_qiskit_3|ibm_heron_156 azione_RL=QiskitO3
job=su2random_indep_qiskit_3|ibm_heron_156 azione_RL=QiskitO3
job=su2random_indep_qiskit_3|ibm_heron_156 azione_RL=RemoveRedundancies
job=su2random_indep_qiskit_3|ibm_heron_156 azione_RL=InverseCancellation
job=su2random_indep_qiskit_3|ibm_heron_156 azione_RL=QiskitO3
job=su2random_indep_qiskit_3|ibm_heron_156 azione_RL=Opt2qBlocks
job=su2random_indep_qiskit_3|ibm_heron_156 azione_RL=CommutativeInverseCancellation
job=su2random_indep_qiskit_3|ibm_heron_156 azione_RL=RemoveDiagonalGatesBeforeMeasure
job=su2random_indep_qiskit_3|ibm_heron_156 azione_RL=FullPeepholeOptimiseCX
job=su2random_indep_qiskit_3|ibm_heron_156 azione_RL=RemoveDiagonalGatesBeforeMeasure
job=su2random_indep_qiskit_3|ibm_heron_156 azione_RL=Opt2qBlocks
job=su2random_indep_qiskit_3|ibm_heron_156 azione_RL=OptimizeCliffords
job=su2random_indep_qiskit_3|ibm_heron_156 azione_RL=QiskitO3
job=su2random_indep_qiskit_3|ibm_heron_156 azione_RL=RemoveRedundancies
job=su2random_indep_qiskit_3|ibm_heron_156 azione_RL=CommutativeCancellation
job=su2random_indep_qiskit_3|ibm_heron_156 azione_RL=CommutativeInverseCancellation
job=su2random_indep_qiskit_3|ibm_heron_156 azione_RL=BQSKitO2
job=su2random_indep_qiskit_3|ibm_heron_156 azione_RL=OptimizeCliffords
job=su2random_indep_qiskit_3|ibm_heron_156 azione_RL=BQSKitO2
job=su2random_indep_qiskit_3|ibm_heron_156 azione_RL=BQSKitO2
job=su2random_indep_qiskit_3|ibm_heron_156 azione_RL=QiskitO3
job=su2random_indep_qiskit_3|ibm_heron_156 azione_RL=Optimize1qGatesDecomposition
job=su2random_indep_qiskit_3|ibm_heron_156 azione_RL=InverseCancellation
job=su2random_indep_qiskit_3|ibm_heron_156 azione_RL=InverseCancellation
job=su2random_indep_qiskit_3|ibm_heron_156 azione_RL=RemoveRedundancies
job=su2random_indep_qiskit_3|ibm_heron_156 azione_RL=OptimizeCliffords
job=su2random_indep_qiskit_3|ibm_heron_156 azione_RL=QiskitO3
job=su2random_indep_qiskit_3|ibm_heron_156 azione_RL=CommutativeCancellation
job=su2random_indep_qiskit_3|ibm_heron_156 azione_RL=RemoveRedundancies
job=su2random_indep_qiskit_3|ibm_heron_156 azione_RL=RemoveDiagonalGatesBeforeMeasure
job=su2random_indep_qiskit_3|ibm_heron_156 azione_RL=OptimizeCliffords
job=su2random_indep_qiskit_3|ibm_heron_156 azione_RL=CommutativeInverseCancellation
job=su2random_indep_qiskit_3|ibm_heron_156 azione_RL=BQSKitSynthesis
job=su2random_indep_qiskit_3|ibm_heron_156 azione_RL=BasisTranslator
job=su2random_indep_qiskit_3|ibm_heron_156 azione_RL=CommutativeInverseCancellation
job=su2random_indep_qiskit_3|ibm_heron_156 azione_RL=RemoveDiagonalGatesBeforeMeasure
job=su2random_indep_qiskit_3|ibm_heron_156 azione_RL=BQSKitSynthesis
job=su2random_indep_qiskit_3|ibm_heron_156 azione_RL=BQSKitSynthesis
job=su2random_indep_qiskit_3|ibm_heron_156 azione_RL=RemoveDiagonalGatesBeforeMeasure
job=su2random_indep_qiskit_3|ibm_heron_156 azione_RL=InverseCancellation
job=su2random_indep_qiskit_3|ibm_heron_156 azione_RL=BQSKitSynthesis
job=su2random_indep_qiskit_3|ibm_heron_156 azione_RL=FullPeepholeOptimiseCX
job=su2random_indep_qiskit_3|ibm_heron_156 azione_RL=BQSKitSynthesis
job=su2random_indep_qiskit_3|ibm_heron_156 azione_RL=PeepholeOptimise2Q
job=su2random_indep_qiskit_3|ibm_heron_156 azione_RL=RemoveDiagonalGatesBeforeMeasure
job=su2random_indep_qiskit_3|ibm_heron_156 azione_RL=RemoveRedundancies
job=su2random_indep_qiskit_3|ibm_heron_156 azione_RL=Optimize1qGatesDecomposition
job=su2random_indep_qiskit_3|ibm_heron_156 azione_RL=RemoveDiagonalGatesBeforeMeasure
job=su2random_indep_qiskit_3|ibm_heron_156 azione_RL=BQSKitO2
job=su2random_indep_qiskit_3|ibm_heron_156 azione_RL=RemoveRedundancies
job=su2random_indep_qiskit_3|ibm_heron_156 azione_RL=QiskitO3
job=su2random_indep_qiskit_3|ibm_heron_156 azione_RL=FullPeepholeOptimiseCX
job=su2random_indep_qiskit_3|ibm_heron_156 azione_RL=OptimizeCliffords
job=su2random_indep_qiskit_3|ibm_heron_156 azione_RL=OptimizeCliffords
job=su2random_indep_qiskit_3|ibm_heron_156 azione_RL=InverseCancellation
job=su2random_indep_qiskit_3|ibm_heron_156 azione_RL=Opt2qBlocks
job=su2random_indep_qiskit_3|ibm_heron_156 azione_RL=InverseCancellation
job=su2random_indep_qiskit_3|ibm_heron_156 azione_RL=QiskitO3
job=su2random_indep_qiskit_3|ibm_heron_156 azione_RL=Optimize1qGatesDecomposition
job=su2random_indep_qiskit_3|ibm_heron_156 azione_RL=FullPeepholeOptimiseCX
job=su2random_indep_qiskit_3|ibm_heron_156 azione_RL=Opt2qBlocks
job=su2random_indep_qiskit_3|ibm_heron_156 azione_RL=FullPeepholeOptimiseCX
job=su2random_indep_qiskit_3|ibm_heron_156 azione_RL=RemoveRedundancies
job=su2random_indep_qiskit_3|ibm_heron_156 azione_RL=BQSKitSynthesis
job=su2random_indep_qiskit_3|ibm_heron_156 azione_RL=BasisTranslator
job=su2random_indep_qiskit_3|ibm_heron_156 azione_RL=QiskitO3
job=su2random_indep_qiskit_3|ibm_heron_156 azione_RL=CliffordSimp
job=su2random_indep_qiskit_3|ibm_heron_156 azione_RL=CommutativeCancellation
job=su2random_indep_qiskit_3|ibm_heron_156 azione_RL=RemoveDiagonalGatesBeforeMeasure
job=su2random_indep_qiskit_3|ibm_heron_156 azione_RL=Opt2qBlocks
job=su2random_indep_qiskit_3|ibm_heron_156 azione_RL=CommutativeCancellation
job=su2random_indep_qiskit_3|ibm_heron_156 azione_RL=PeepholeOptimise2Q
job=su2random_indep_qiskit_3|ibm_heron_156 azione_RL=QiskitO3
job=su2random_indep_qiskit_3|ibm_heron_156 azione_RL=CommutativeInverseCancellation
job=su2random_indep_qiskit_3|ibm_heron_156 azione_RL=FullPeepholeOptimiseCX
job=su2random_indep_qiskit_3|ibm_heron_156 azione_RL=BQSKitO2
job=su2random_indep_qiskit_3|ibm_heron_156 azione_RL=InverseCancellation
job=su2random_indep_qiskit_3|ibm_heron_156 azione_RL=BQSKitSynthesis
job=su2random_indep_qiskit_3|ibm_heron_156 azione_RL=QiskitO3
job=su2random_indep_qiskit_3|ibm_heron_156 azione_RL=Opt2qBlocks
job=su2random_indep_qiskit_3|ibm_heron_156 azione_RL=RemoveRedundancies
job=su2random_indep_qiskit_3|ibm_heron_156 azione_RL=QiskitO3
job=su2random_indep_qiskit_3|ibm_heron_156 azione_RL=CommutativeCancellation
job=su2random_indep_qiskit_3|ibm_heron_156 azione_RL=CommutativeCancellation
job=su2random_indep_qiskit_3|ibm_heron_156 azione_RL=RemoveRedundancies
job=su2random_indep_qiskit_3|ibm_heron_156 azione_RL=BQSKitO2
job=su2random_indep_qiskit_3|ibm_heron_156 azione_RL=QiskitO3
job=su2random_indep_qiskit_3|ibm_heron_156 azione_RL=CommutativeInverseCancellation
job=su2random_indep_qiskit_3|ibm_heron_156 azione_RL=InverseCancellation
job=su2random_indep_qiskit_3|ibm_heron_156 azione_RL=CliffordSimp
job=su2random_indep_qiskit_3|ibm_heron_156 azione_RL=QiskitO3
job=su2random_indep_qiskit_3|ibm_heron_156 azione_RL=RemoveDiagonalGatesBeforeMeasure
job=su2random_indep_qiskit_3|ibm_heron_156 azione_RL=QiskitO3
job=su2random_indep_qiskit_3|ibm_heron_156 azione_RL=BQSKitSynthesis
job=su2random_indep_qiskit_3|ibm_heron_156 azione_RL=PeepholeOptimise2Q
job=su2random_indep_qiskit_3|ibm_heron_156 azione_RL=InverseCancellation
job=su2random_indep_qiskit_3|ibm_heron_156 azione_RL=BQSKitO2
job=su2random_indep_qiskit_3|ibm_heron_156 azione_RL=FullPeepholeOptimiseCX
job=su2random_indep_qiskit_3|ibm_heron_156 azione_RL=BasisTranslator
job=su2random_indep_qiskit_3|ibm_heron_156 azione_RL=BQSKitSynthesis
job=su2random_indep_qiskit_3|ibm_heron_156 azione_RL=BQSKitO2
job=su2random_indep_qiskit_3|ibm_heron_156 azione_RL=CliffordSimp
job=su2random_indep_qiskit_3|ibm_heron_156 azione_RL=RemoveRedundancies
job=su2random_indep_qiskit_3|ibm_heron_156 azione_RL=BasisTranslator
job=su2random_indep_qiskit_3|ibm_heron_156 azione_RL=Optimize1qGatesDecomposition
job=su2random_indep_qiskit_3|ibm_heron_156 azione_RL=RemoveRedundancies
job=su2random_indep_qiskit_3|ibm_heron_156 azione_RL=OptimizeCliffords
job=su2random_indep_qiskit_3|ibm_heron_156 azione_RL=InverseCancellation
job=su2random_indep_qiskit_3|ibm_heron_156 azione_RL=PeepholeOptimise2Q
job=su2random_indep_qiskit_3|ibm_heron_156 azione_RL=QiskitO3
job=su2random_indep_qiskit_3|ibm_heron_156 azione_RL=BQSKitO2
job=su2random_indep_qiskit_3|ibm_heron_156 fallback=QiskitO2
job=su2random_indep_tket_3|ibm_heron_156 azione_RL=BQSKitO2
job=su2random_indep_tket_3|ibm_heron_156 azione_RL=FullPeepholeOptimiseCX
job=su2random_indep_tket_3|ibm_heron_156 azione_RL=OptimizeCliffords
job=su2random_indep_tket_3|ibm_heron_156 azione_RL=QiskitO3
job=su2random_indep_tket_3|ibm_heron_156 azione_RL=BQSKitSynthesis
job=su2random_indep_tket_3|ibm_heron_156 azione_RL=InverseCancellation
job=su2random_indep_tket_3|ibm_heron_156 azione_RL=BQSKitO2
job=su2random_indep_tket_3|ibm_heron_156 azione_RL=CommutativeInverseCancellation
job=su2random_indep_tket_3|ibm_heron_156 azione_RL=RemoveDiagonalGatesBeforeMeasure
job=su2random_indep_tket_3|ibm_heron_156 azione_RL=QiskitO3
job=su2random_indep_tket_3|ibm_heron_156 azione_RL=RemoveDiagonalGatesBeforeMeasure
job=su2random_indep_tket_3|ibm_heron_156 azione_RL=BQSKitSynthesis
job=su2random_indep_tket_3|ibm_heron_156 azione_RL=BasisTranslator
job=su2random_indep_tket_3|ibm_heron_156 azione_RL=CommutativeInverseCancellation
job=su2random_indep_tket_3|ibm_heron_156 azione_RL=OptimizeCliffords
job=su2random_indep_tket_3|ibm_heron_156 azione_RL=FullPeepholeOptimiseCX
job=su2random_indep_tket_3|ibm_heron_156 azione_RL=BasisTranslator
job=su2random_indep_tket_3|ibm_heron_156 azione_RL=RemoveDiagonalGatesBeforeMeasure
job=su2random_indep_tket_3|ibm_heron_156 azione_RL=CommutativeCancellation
job=su2random_indep_tket_3|ibm_heron_156 azione_RL=Optimize1qGatesDecomposition
job=su2random_indep_tket_3|ibm_heron_156 azione_RL=CliffordSimp
job=su2random_indep_tket_3|ibm_heron_156 azione_RL=BQSKitO2
job=su2random_indep_tket_3|ibm_heron_156 azione_RL=BasisTranslator
job=su2random_indep_tket_3|ibm_heron_156 azione_RL=PeepholeOptimise2Q
job=su2random_indep_tket_3|ibm_heron_156 azione_RL=Opt2qBlocks
job=su2random_indep_tket_3|ibm_heron_156 azione_RL=RemoveRedundancies
job=su2random_indep_tket_3|ibm_heron_156 azione_RL=RemoveRedundancies
job=su2random_indep_tket_3|ibm_heron_156 azione_RL=QiskitO3
job=su2random_indep_tket_3|ibm_heron_156 azione_RL=QiskitO3
job=su2random_indep_tket_3|ibm_heron_156 azione_RL=RemoveRedundancies
job=su2random_indep_tket_3|ibm_heron_156 azione_RL=InverseCancellation
job=su2random_indep_tket_3|ibm_heron_156 azione_RL=QiskitO3
job=su2random_indep_tket_3|ibm_heron_156 azione_RL=Opt2qBlocks
job=su2random_indep_tket_3|ibm_heron_156 azione_RL=CommutativeInverseCancellation
job=su2random_indep_tket_3|ibm_heron_156 azione_RL=RemoveDiagonalGatesBeforeMeasure
job=su2random_indep_tket_3|ibm_heron_156 azione_RL=FullPeepholeOptimiseCX
job=su2random_indep_tket_3|ibm_heron_156 azione_RL=RemoveDiagonalGatesBeforeMeasure
job=su2random_indep_tket_3|ibm_heron_156 azione_RL=Opt2qBlocks
job=su2random_indep_tket_3|ibm_heron_156 azione_RL=OptimizeCliffords
job=su2random_indep_tket_3|ibm_heron_156 azione_RL=QiskitO3
job=su2random_indep_tket_3|ibm_heron_156 azione_RL=RemoveRedundancies
job=su2random_indep_tket_3|ibm_heron_156 azione_RL=CommutativeCancellation
job=su2random_indep_tket_3|ibm_heron_156 azione_RL=CommutativeInverseCancellation
job=su2random_indep_tket_3|ibm_heron_156 azione_RL=BQSKitO2
job=su2random_indep_tket_3|ibm_heron_156 azione_RL=OptimizeCliffords
job=su2random_indep_tket_3|ibm_heron_156 azione_RL=BQSKitO2
job=su2random_indep_tket_3|ibm_heron_156 azione_RL=BQSKitO2
job=su2random_indep_tket_3|ibm_heron_156 azione_RL=QiskitO3
job=su2random_indep_tket_3|ibm_heron_156 azione_RL=Optimize1qGatesDecomposition
job=su2random_indep_tket_3|ibm_heron_156 azione_RL=InverseCancellation
job=su2random_indep_tket_3|ibm_heron_156 azione_RL=InverseCancellation
job=su2random_indep_tket_3|ibm_heron_156 azione_RL=RemoveRedundancies
job=su2random_indep_tket_3|ibm_heron_156 azione_RL=OptimizeCliffords
job=su2random_indep_tket_3|ibm_heron_156 azione_RL=QiskitO3
job=su2random_indep_tket_3|ibm_heron_156 azione_RL=CommutativeCancellation
job=su2random_indep_tket_3|ibm_heron_156 azione_RL=RemoveRedundancies
job=su2random_indep_tket_3|ibm_heron_156 azione_RL=RemoveDiagonalGatesBeforeMeasure
job=su2random_indep_tket_3|ibm_heron_156 azione_RL=OptimizeCliffords
job=su2random_indep_tket_3|ibm_heron_156 azione_RL=CommutativeInverseCancellation
job=su2random_indep_tket_3|ibm_heron_156 azione_RL=BQSKitSynthesis
job=su2random_indep_tket_3|ibm_heron_156 azione_RL=BasisTranslator
job=su2random_indep_tket_3|ibm_heron_156 azione_RL=CommutativeInverseCancellation
job=su2random_indep_tket_3|ibm_heron_156 azione_RL=RemoveDiagonalGatesBeforeMeasure
job=su2random_indep_tket_3|ibm_heron_156 azione_RL=BQSKitSynthesis
job=su2random_indep_tket_3|ibm_heron_156 azione_RL=BQSKitSynthesis
job=su2random_indep_tket_3|ibm_heron_156 azione_RL=RemoveDiagonalGatesBeforeMeasure
job=su2random_indep_tket_3|ibm_heron_156 azione_RL=InverseCancellation
job=su2random_indep_tket_3|ibm_heron_156 azione_RL=BQSKitSynthesis
job=su2random_indep_tket_3|ibm_heron_156 azione_RL=FullPeepholeOptimiseCX
job=su2random_indep_tket_3|ibm_heron_156 azione_RL=BQSKitSynthesis
job=su2random_indep_tket_3|ibm_heron_156 azione_RL=PeepholeOptimise2Q
job=su2random_indep_tket_3|ibm_heron_156 azione_RL=RemoveDiagonalGatesBeforeMeasure
job=su2random_indep_tket_3|ibm_heron_156 azione_RL=RemoveRedundancies
job=su2random_indep_tket_3|ibm_heron_156 azione_RL=Optimize1qGatesDecomposition
job=su2random_indep_tket_3|ibm_heron_156 azione_RL=RemoveDiagonalGatesBeforeMeasure
job=su2random_indep_tket_3|ibm_heron_156 azione_RL=BQSKitO2
job=su2random_indep_tket_3|ibm_heron_156 azione_RL=RemoveRedundancies
job=su2random_indep_tket_3|ibm_heron_156 azione_RL=QiskitO3
job=su2random_indep_tket_3|ibm_heron_156 azione_RL=FullPeepholeOptimiseCX
job=su2random_indep_tket_3|ibm_heron_156 azione_RL=OptimizeCliffords
job=su2random_indep_tket_3|ibm_heron_156 azione_RL=OptimizeCliffords
job=su2random_indep_tket_3|ibm_heron_156 azione_RL=InverseCancellation
job=su2random_indep_tket_3|ibm_heron_156 azione_RL=Opt2qBlocks
job=su2random_indep_tket_3|ibm_heron_156 azione_RL=InverseCancellation
job=su2random_indep_tket_3|ibm_heron_156 azione_RL=QiskitO3
job=su2random_indep_tket_3|ibm_heron_156 azione_RL=Optimize1qGatesDecomposition
job=su2random_indep_tket_3|ibm_heron_156 azione_RL=FullPeepholeOptimiseCX
job=su2random_indep_tket_3|ibm_heron_156 azione_RL=Opt2qBlocks
job=su2random_indep_tket_3|ibm_heron_156 azione_RL=FullPeepholeOptimiseCX
job=su2random_indep_tket_3|ibm_heron_156 azione_RL=RemoveRedundancies
job=su2random_indep_tket_3|ibm_heron_156 azione_RL=BQSKitSynthesis
job=su2random_indep_tket_3|ibm_heron_156 azione_RL=BasisTranslator
job=su2random_indep_tket_3|ibm_heron_156 azione_RL=QiskitO3
job=su2random_indep_tket_3|ibm_heron_156 azione_RL=CliffordSimp
job=su2random_indep_tket_3|ibm_heron_156 azione_RL=CommutativeCancellation
job=su2random_indep_tket_3|ibm_heron_156 azione_RL=RemoveDiagonalGatesBeforeMeasure
job=su2random_indep_tket_3|ibm_heron_156 azione_RL=Opt2qBlocks
job=su2random_indep_tket_3|ibm_heron_156 azione_RL=CommutativeCancellation
job=su2random_indep_tket_3|ibm_heron_156 azione_RL=PeepholeOptimise2Q
job=su2random_indep_tket_3|ibm_heron_156 azione_RL=QiskitO3
job=su2random_indep_tket_3|ibm_heron_156 azione_RL=CommutativeInverseCancellation
job=su2random_indep_tket_3|ibm_heron_156 azione_RL=FullPeepholeOptimiseCX
job=su2random_indep_tket_3|ibm_heron_156 azione_RL=BQSKitO2
job=su2random_indep_tket_3|ibm_heron_156 azione_RL=InverseCancellation
job=su2random_indep_tket_3|ibm_heron_156 azione_RL=BQSKitSynthesis
job=su2random_indep_tket_3|ibm_heron_156 azione_RL=QiskitO3
job=su2random_indep_tket_3|ibm_heron_156 azione_RL=Opt2qBlocks
job=su2random_indep_tket_3|ibm_heron_156 azione_RL=RemoveRedundancies
job=su2random_indep_tket_3|ibm_heron_156 azione_RL=QiskitO3
job=su2random_indep_tket_3|ibm_heron_156 azione_RL=CommutativeCancellation
job=su2random_indep_tket_3|ibm_heron_156 azione_RL=CommutativeCancellation
job=su2random_indep_tket_3|ibm_heron_156 azione_RL=RemoveRedundancies
job=su2random_indep_tket_3|ibm_heron_156 azione_RL=BQSKitO2
job=su2random_indep_tket_3|ibm_heron_156 azione_RL=QiskitO3
job=su2random_indep_tket_3|ibm_heron_156 azione_RL=CommutativeInverseCancellation
job=su2random_indep_tket_3|ibm_heron_156 azione_RL=InverseCancellation
job=su2random_indep_tket_3|ibm_heron_156 azione_RL=CliffordSimp
job=su2random_indep_tket_3|ibm_heron_156 azione_RL=QiskitO3
job=su2random_indep_tket_3|ibm_heron_156 azione_RL=RemoveDiagonalGatesBeforeMeasure
job=su2random_indep_tket_3|ibm_heron_156 azione_RL=QiskitO3
job=su2random_indep_tket_3|ibm_heron_156 azione_RL=BQSKitSynthesis
job=su2random_indep_tket_3|ibm_heron_156 azione_RL=PeepholeOptimise2Q
job=su2random_indep_tket_3|ibm_heron_156 azione_RL=InverseCancellation
job=su2random_indep_tket_3|ibm_heron_156 azione_RL=BQSKitO2
job=su2random_indep_tket_3|ibm_heron_156 azione_RL=FullPeepholeOptimiseCX
job=su2random_indep_tket_3|ibm_heron_156 azione_RL=BasisTranslator
job=su2random_indep_tket_3|ibm_heron_156 azione_RL=BQSKitSynthesis
job=su2random_indep_tket_3|ibm_heron_156 azione_RL=BQSKitO2
job=su2random_indep_tket_3|ibm_heron_156 fallback=QiskitO2
job=twolocalrandom_indep_qiskit_3|ibm_heron_156 azione_RL=BQSKitO2
job=twolocalrandom_indep_qiskit_3|ibm_heron_156 azione_RL=FullPeepholeOptimiseCX
job=twolocalrandom_indep_qiskit_3|ibm_heron_156 azione_RL=OptimizeCliffords
job=twolocalrandom_indep_qiskit_3|ibm_heron_156 azione_RL=QiskitO3
job=twolocalrandom_indep_qiskit_3|ibm_heron_156 azione_RL=BQSKitSynthesis
job=twolocalrandom_indep_qiskit_3|ibm_heron_156 azione_RL=InverseCancellation
job=twolocalrandom_indep_qiskit_3|ibm_heron_156 azione_RL=BQSKitO2
job=twolocalrandom_indep_qiskit_3|ibm_heron_156 azione_RL=CommutativeInverseCancellation
job=twolocalrandom_indep_qiskit_3|ibm_heron_156 azione_RL=RemoveDiagonalGatesBeforeMeasure
job=twolocalrandom_indep_qiskit_3|ibm_heron_156 azione_RL=QiskitO3
job=twolocalrandom_indep_qiskit_3|ibm_heron_156 azione_RL=RemoveDiagonalGatesBeforeMeasure
job=twolocalrandom_indep_qiskit_3|ibm_heron_156 azione_RL=BQSKitSynthesis
job=twolocalrandom_indep_qiskit_3|ibm_heron_156 azione_RL=BasisTranslator
job=twolocalrandom_indep_qiskit_3|ibm_heron_156 azione_RL=CommutativeInverseCancellation
job=twolocalrandom_indep_qiskit_3|ibm_heron_156 azione_RL=OptimizeCliffords
job=twolocalrandom_indep_qiskit_3|ibm_heron_156 azione_RL=FullPeepholeOptimiseCX
job=twolocalrandom_indep_qiskit_3|ibm_heron_156 azione_RL=BasisTranslator
job=twolocalrandom_indep_qiskit_3|ibm_heron_156 azione_RL=RemoveDiagonalGatesBeforeMeasure
job=twolocalrandom_indep_qiskit_3|ibm_heron_156 azione_RL=CommutativeCancellation
job=twolocalrandom_indep_qiskit_3|ibm_heron_156 azione_RL=Optimize1qGatesDecomposition
job=twolocalrandom_indep_qiskit_3|ibm_heron_156 azione_RL=CliffordSimp
job=twolocalrandom_indep_qiskit_3|ibm_heron_156 azione_RL=BQSKitO2
job=twolocalrandom_indep_qiskit_3|ibm_heron_156 azione_RL=BasisTranslator
job=twolocalrandom_indep_qiskit_3|ibm_heron_156 azione_RL=PeepholeOptimise2Q
job=twolocalrandom_indep_qiskit_3|ibm_heron_156 azione_RL=Opt2qBlocks
job=twolocalrandom_indep_qiskit_3|ibm_heron_156 azione_RL=RemoveRedundancies
job=twolocalrandom_indep_qiskit_3|ibm_heron_156 azione_RL=RemoveRedundancies
job=twolocalrandom_indep_qiskit_3|ibm_heron_156 azione_RL=QiskitO3
job=twolocalrandom_indep_qiskit_3|ibm_heron_156 azione_RL=QiskitO3
job=twolocalrandom_indep_qiskit_3|ibm_heron_156 azione_RL=RemoveRedundancies
job=twolocalrandom_indep_qiskit_3|ibm_heron_156 azione_RL=InverseCancellation
job=twolocalrandom_indep_qiskit_3|ibm_heron_156 azione_RL=QiskitO3
job=twolocalrandom_indep_qiskit_3|ibm_heron_156 azione_RL=Opt2qBlocks
job=twolocalrandom_indep_qiskit_3|ibm_heron_156 azione_RL=CommutativeInverseCancellation
job=twolocalrandom_indep_qiskit_3|ibm_heron_156 azione_RL=RemoveDiagonalGatesBeforeMeasure
job=twolocalrandom_indep_qiskit_3|ibm_heron_156 azione_RL=FullPeepholeOptimiseCX
job=twolocalrandom_indep_qiskit_3|ibm_heron_156 azione_RL=RemoveDiagonalGatesBeforeMeasure
job=twolocalrandom_indep_qiskit_3|ibm_heron_156 azione_RL=Opt2qBlocks
job=twolocalrandom_indep_qiskit_3|ibm_heron_156 azione_RL=OptimizeCliffords
job=twolocalrandom_indep_qiskit_3|ibm_heron_156 azione_RL=QiskitO3
job=twolocalrandom_indep_qiskit_3|ibm_heron_156 azione_RL=RemoveRedundancies
job=twolocalrandom_indep_qiskit_3|ibm_heron_156 azione_RL=CommutativeCancellation
job=twolocalrandom_indep_qiskit_3|ibm_heron_156 azione_RL=CommutativeInverseCancellation
job=twolocalrandom_indep_qiskit_3|ibm_heron_156 azione_RL=BQSKitO2
job=twolocalrandom_indep_qiskit_3|ibm_heron_156 azione_RL=OptimizeCliffords
job=twolocalrandom_indep_qiskit_3|ibm_heron_156 azione_RL=BQSKitO2
job=twolocalrandom_indep_qiskit_3|ibm_heron_156 azione_RL=BQSKitO2
job=twolocalrandom_indep_qiskit_3|ibm_heron_156 azione_RL=QiskitO3
job=twolocalrandom_indep_qiskit_3|ibm_heron_156 azione_RL=Optimize1qGatesDecomposition
job=twolocalrandom_indep_qiskit_3|ibm_heron_156 azione_RL=InverseCancellation
job=twolocalrandom_indep_qiskit_3|ibm_heron_156 azione_RL=InverseCancellation
job=twolocalrandom_indep_qiskit_3|ibm_heron_156 azione_RL=RemoveRedundancies
job=twolocalrandom_indep_qiskit_3|ibm_heron_156 azione_RL=OptimizeCliffords
job=twolocalrandom_indep_qiskit_3|ibm_heron_156 azione_RL=QiskitO3
job=twolocalrandom_indep_qiskit_3|ibm_heron_156 azione_RL=CommutativeCancellation
job=twolocalrandom_indep_qiskit_3|ibm_heron_156 azione_RL=RemoveRedundancies
job=twolocalrandom_indep_qiskit_3|ibm_heron_156 azione_RL=RemoveDiagonalGatesBeforeMeasure
job=twolocalrandom_indep_qiskit_3|ibm_heron_156 azione_RL=OptimizeCliffords
job=twolocalrandom_indep_qiskit_3|ibm_heron_156 azione_RL=CommutativeInverseCancellation
job=twolocalrandom_indep_qiskit_3|ibm_heron_156 azione_RL=BQSKitSynthesis
job=twolocalrandom_indep_qiskit_3|ibm_heron_156 azione_RL=BasisTranslator
job=twolocalrandom_indep_qiskit_3|ibm_heron_156 azione_RL=CommutativeInverseCancellation
job=twolocalrandom_indep_qiskit_3|ibm_heron_156 azione_RL=RemoveDiagonalGatesBeforeMeasure
job=twolocalrandom_indep_qiskit_3|ibm_heron_156 azione_RL=BQSKitSynthesis
job=twolocalrandom_indep_qiskit_3|ibm_heron_156 azione_RL=BQSKitSynthesis
job=twolocalrandom_indep_qiskit_3|ibm_heron_156 azione_RL=RemoveDiagonalGatesBeforeMeasure
job=twolocalrandom_indep_qiskit_3|ibm_heron_156 azione_RL=InverseCancellation
job=twolocalrandom_indep_qiskit_3|ibm_heron_156 azione_RL=BQSKitSynthesis
job=twolocalrandom_indep_qiskit_3|ibm_heron_156 azione_RL=FullPeepholeOptimiseCX
job=twolocalrandom_indep_qiskit_3|ibm_heron_156 azione_RL=BQSKitSynthesis
job=twolocalrandom_indep_qiskit_3|ibm_heron_156 azione_RL=PeepholeOptimise2Q
job=twolocalrandom_indep_qiskit_3|ibm_heron_156 azione_RL=RemoveDiagonalGatesBeforeMeasure
job=twolocalrandom_indep_qiskit_3|ibm_heron_156 azione_RL=RemoveRedundancies
job=twolocalrandom_indep_qiskit_3|ibm_heron_156 azione_RL=Optimize1qGatesDecomposition
job=twolocalrandom_indep_qiskit_3|ibm_heron_156 azione_RL=RemoveDiagonalGatesBeforeMeasure
job=twolocalrandom_indep_qiskit_3|ibm_heron_156 azione_RL=BQSKitO2
job=twolocalrandom_indep_qiskit_3|ibm_heron_156 azione_RL=RemoveRedundancies
job=twolocalrandom_indep_qiskit_3|ibm_heron_156 azione_RL=QiskitO3
job=twolocalrandom_indep_qiskit_3|ibm_heron_156 azione_RL=FullPeepholeOptimiseCX
job=twolocalrandom_indep_qiskit_3|ibm_heron_156 azione_RL=OptimizeCliffords
job=twolocalrandom_indep_qiskit_3|ibm_heron_156 azione_RL=OptimizeCliffords
job=twolocalrandom_indep_qiskit_3|ibm_heron_156 azione_RL=InverseCancellation
job=twolocalrandom_indep_qiskit_3|ibm_heron_156 azione_RL=Opt2qBlocks
job=twolocalrandom_indep_qiskit_3|ibm_heron_156 azione_RL=InverseCancellation
job=twolocalrandom_indep_qiskit_3|ibm_heron_156 azione_RL=QiskitO3
job=twolocalrandom_indep_qiskit_3|ibm_heron_156 azione_RL=Optimize1qGatesDecomposition
job=twolocalrandom_indep_qiskit_3|ibm_heron_156 azione_RL=FullPeepholeOptimiseCX
job=twolocalrandom_indep_qiskit_3|ibm_heron_156 azione_RL=Opt2qBlocks
job=twolocalrandom_indep_qiskit_3|ibm_heron_156 azione_RL=FullPeepholeOptimiseCX
job=twolocalrandom_indep_qiskit_3|ibm_heron_156 azione_RL=RemoveRedundancies
job=twolocalrandom_indep_qiskit_3|ibm_heron_156 azione_RL=BQSKitSynthesis
job=twolocalrandom_indep_qiskit_3|ibm_heron_156 azione_RL=BasisTranslator
job=twolocalrandom_indep_qiskit_3|ibm_heron_156 azione_RL=QiskitO3
job=twolocalrandom_indep_qiskit_3|ibm_heron_156 azione_RL=CliffordSimp
job=twolocalrandom_indep_qiskit_3|ibm_heron_156 azione_RL=CommutativeCancellation
job=twolocalrandom_indep_qiskit_3|ibm_heron_156 azione_RL=RemoveDiagonalGatesBeforeMeasure
job=twolocalrandom_indep_qiskit_3|ibm_heron_156 azione_RL=Opt2qBlocks
job=twolocalrandom_indep_qiskit_3|ibm_heron_156 azione_RL=CommutativeCancellation
job=twolocalrandom_indep_qiskit_3|ibm_heron_156 azione_RL=PeepholeOptimise2Q
job=twolocalrandom_indep_qiskit_3|ibm_heron_156 azione_RL=QiskitO3
job=twolocalrandom_indep_qiskit_3|ibm_heron_156 azione_RL=CommutativeInverseCancellation
job=twolocalrandom_indep_qiskit_3|ibm_heron_156 azione_RL=FullPeepholeOptimiseCX
job=twolocalrandom_indep_qiskit_3|ibm_heron_156 azione_RL=BQSKitO2
job=twolocalrandom_indep_qiskit_3|ibm_heron_156 azione_RL=InverseCancellation
job=twolocalrandom_indep_qiskit_3|ibm_heron_156 azione_RL=BQSKitSynthesis
job=twolocalrandom_indep_qiskit_3|ibm_heron_156 azione_RL=QiskitO3
job=twolocalrandom_indep_qiskit_3|ibm_heron_156 azione_RL=Opt2qBlocks
job=twolocalrandom_indep_qiskit_3|ibm_heron_156 azione_RL=RemoveRedundancies
job=twolocalrandom_indep_qiskit_3|ibm_heron_156 azione_RL=QiskitO3
job=twolocalrandom_indep_qiskit_3|ibm_heron_156 azione_RL=CommutativeCancellation
job=twolocalrandom_indep_qiskit_3|ibm_heron_156 azione_RL=CommutativeCancellation
job=twolocalrandom_indep_qiskit_3|ibm_heron_156 azione_RL=RemoveRedundancies
job=twolocalrandom_indep_qiskit_3|ibm_heron_156 azione_RL=BQSKitO2
job=twolocalrandom_indep_qiskit_3|ibm_heron_156 azione_RL=QiskitO3
job=twolocalrandom_indep_qiskit_3|ibm_heron_156 azione_RL=CommutativeInverseCancellation
job=twolocalrandom_indep_qiskit_3|ibm_heron_156 azione_RL=InverseCancellation
job=twolocalrandom_indep_qiskit_3|ibm_heron_156 azione_RL=CliffordSimp
job=twolocalrandom_indep_qiskit_3|ibm_heron_156 azione_RL=QiskitO3
job=twolocalrandom_indep_qiskit_3|ibm_heron_156 azione_RL=RemoveDiagonalGatesBeforeMeasure
job=twolocalrandom_indep_qiskit_3|ibm_heron_156 azione_RL=QiskitO3
job=twolocalrandom_indep_qiskit_3|ibm_heron_156 azione_RL=BQSKitSynthesis
job=twolocalrandom_indep_qiskit_3|ibm_heron_156 azione_RL=PeepholeOptimise2Q
job=twolocalrandom_indep_qiskit_3|ibm_heron_156 azione_RL=InverseCancellation
job=twolocalrandom_indep_qiskit_3|ibm_heron_156 azione_RL=BQSKitO2
job=twolocalrandom_indep_qiskit_3|ibm_heron_156 azione_RL=FullPeepholeOptimiseCX
job=twolocalrandom_indep_qiskit_3|ibm_heron_156 azione_RL=BasisTranslator
job=twolocalrandom_indep_qiskit_3|ibm_heron_156 azione_RL=BQSKitSynthesis
job=twolocalrandom_indep_qiskit_3|ibm_heron_156 azione_RL=BQSKitO2
job=twolocalrandom_indep_qiskit_3|ibm_heron_156 azione_RL=CliffordSimp
job=twolocalrandom_indep_qiskit_3|ibm_heron_156 azione_RL=RemoveRedundancies
job=twolocalrandom_indep_qiskit_3|ibm_heron_156 azione_RL=BasisTranslator
job=twolocalrandom_indep_qiskit_3|ibm_heron_156 azione_RL=Optimize1qGatesDecomposition
job=twolocalrandom_indep_qiskit_3|ibm_heron_156 azione_RL=RemoveRedundancies
job=twolocalrandom_indep_qiskit_3|ibm_heron_156 azione_RL=OptimizeCliffords
job=twolocalrandom_indep_qiskit_3|ibm_heron_156 azione_RL=InverseCancellation
job=twolocalrandom_indep_qiskit_3|ibm_heron_156 azione_RL=PeepholeOptimise2Q
job=twolocalrandom_indep_qiskit_3|ibm_heron_156 azione_RL=QiskitO3
job=twolocalrandom_indep_qiskit_3|ibm_heron_156 azione_RL=BQSKitO2
job=twolocalrandom_indep_qiskit_3|ibm_heron_156 fallback=QiskitO2
job=twolocalrandom_indep_tket_3|ibm_heron_156 azione_RL=BQSKitO2
job=twolocalrandom_indep_tket_3|ibm_heron_156 azione_RL=FullPeepholeOptimiseCX
job=twolocalrandom_indep_tket_3|ibm_heron_156 azione_RL=OptimizeCliffords
job=twolocalrandom_indep_tket_3|ibm_heron_156 azione_RL=QiskitO3
job=twolocalrandom_indep_tket_3|ibm_heron_156 azione_RL=BQSKitSynthesis
job=twolocalrandom_indep_tket_3|ibm_heron_156 azione_RL=InverseCancellation
job=twolocalrandom_indep_tket_3|ibm_heron_156 azione_RL=BQSKitO2
job=twolocalrandom_indep_tket_3|ibm_heron_156 azione_RL=CommutativeInverseCancellation
job=twolocalrandom_indep_tket_3|ibm_heron_156 azione_RL=RemoveDiagonalGatesBeforeMeasure
job=twolocalrandom_indep_tket_3|ibm_heron_156 azione_RL=QiskitO3
job=twolocalrandom_indep_tket_3|ibm_heron_156 azione_RL=RemoveDiagonalGatesBeforeMeasure
job=twolocalrandom_indep_tket_3|ibm_heron_156 azione_RL=BQSKitSynthesis
job=twolocalrandom_indep_tket_3|ibm_heron_156 azione_RL=BasisTranslator
job=twolocalrandom_indep_tket_3|ibm_heron_156 azione_RL=CommutativeInverseCancellation
job=twolocalrandom_indep_tket_3|ibm_heron_156 azione_RL=OptimizeCliffords
job=twolocalrandom_indep_tket_3|ibm_heron_156 azione_RL=FullPeepholeOptimiseCX
job=twolocalrandom_indep_tket_3|ibm_heron_156 azione_RL=BasisTranslator
job=twolocalrandom_indep_tket_3|ibm_heron_156 azione_RL=RemoveDiagonalGatesBeforeMeasure
job=twolocalrandom_indep_tket_3|ibm_heron_156 azione_RL=CommutativeCancellation
job=twolocalrandom_indep_tket_3|ibm_heron_156 azione_RL=Optimize1qGatesDecomposition
job=twolocalrandom_indep_tket_3|ibm_heron_156 azione_RL=CliffordSimp
job=twolocalrandom_indep_tket_3|ibm_heron_156 azione_RL=BQSKitO2
job=twolocalrandom_indep_tket_3|ibm_heron_156 azione_RL=BasisTranslator
job=twolocalrandom_indep_tket_3|ibm_heron_156 azione_RL=PeepholeOptimise2Q
job=twolocalrandom_indep_tket_3|ibm_heron_156 azione_RL=Opt2qBlocks
job=twolocalrandom_indep_tket_3|ibm_heron_156 azione_RL=RemoveRedundancies
job=twolocalrandom_indep_tket_3|ibm_heron_156 azione_RL=RemoveRedundancies
job=twolocalrandom_indep_tket_3|ibm_heron_156 azione_RL=QiskitO3
job=twolocalrandom_indep_tket_3|ibm_heron_156 azione_RL=QiskitO3
job=twolocalrandom_indep_tket_3|ibm_heron_156 azione_RL=RemoveRedundancies
job=twolocalrandom_indep_tket_3|ibm_heron_156 azione_RL=InverseCancellation
job=twolocalrandom_indep_tket_3|ibm_heron_156 azione_RL=QiskitO3
job=twolocalrandom_indep_tket_3|ibm_heron_156 azione_RL=Opt2qBlocks
job=twolocalrandom_indep_tket_3|ibm_heron_156 azione_RL=CommutativeInverseCancellation
job=twolocalrandom_indep_tket_3|ibm_heron_156 azione_RL=RemoveDiagonalGatesBeforeMeasure
job=twolocalrandom_indep_tket_3|ibm_heron_156 azione_RL=FullPeepholeOptimiseCX
job=twolocalrandom_indep_tket_3|ibm_heron_156 azione_RL=RemoveDiagonalGatesBeforeMeasure
job=twolocalrandom_indep_tket_3|ibm_heron_156 azione_RL=Opt2qBlocks
job=twolocalrandom_indep_tket_3|ibm_heron_156 azione_RL=OptimizeCliffords
job=twolocalrandom_indep_tket_3|ibm_heron_156 azione_RL=QiskitO3
job=twolocalrandom_indep_tket_3|ibm_heron_156 azione_RL=RemoveRedundancies
job=twolocalrandom_indep_tket_3|ibm_heron_156 azione_RL=CommutativeCancellation
job=twolocalrandom_indep_tket_3|ibm_heron_156 azione_RL=CommutativeInverseCancellation
job=twolocalrandom_indep_tket_3|ibm_heron_156 azione_RL=BQSKitO2
job=twolocalrandom_indep_tket_3|ibm_heron_156 azione_RL=OptimizeCliffords
job=twolocalrandom_indep_tket_3|ibm_heron_156 azione_RL=BQSKitO2
job=twolocalrandom_indep_tket_3|ibm_heron_156 azione_RL=BQSKitO2
job=twolocalrandom_indep_tket_3|ibm_heron_156 azione_RL=QiskitO3
job=twolocalrandom_indep_tket_3|ibm_heron_156 azione_RL=Optimize1qGatesDecomposition
job=twolocalrandom_indep_tket_3|ibm_heron_156 azione_RL=InverseCancellation
job=twolocalrandom_indep_tket_3|ibm_heron_156 azione_RL=InverseCancellation
job=twolocalrandom_indep_tket_3|ibm_heron_156 azione_RL=RemoveRedundancies
job=twolocalrandom_indep_tket_3|ibm_heron_156 azione_RL=OptimizeCliffords
job=twolocalrandom_indep_tket_3|ibm_heron_156 azione_RL=QiskitO3
job=twolocalrandom_indep_tket_3|ibm_heron_156 azione_RL=CommutativeCancellation
job=twolocalrandom_indep_tket_3|ibm_heron_156 azione_RL=RemoveRedundancies
job=twolocalrandom_indep_tket_3|ibm_heron_156 azione_RL=RemoveDiagonalGatesBeforeMeasure
job=twolocalrandom_indep_tket_3|ibm_heron_156 azione_RL=OptimizeCliffords
job=twolocalrandom_indep_tket_3|ibm_heron_156 azione_RL=CommutativeInverseCancellation
job=twolocalrandom_indep_tket_3|ibm_heron_156 azione_RL=BQSKitSynthesis
job=twolocalrandom_indep_tket_3|ibm_heron_156 azione_RL=BasisTranslator
job=twolocalrandom_indep_tket_3|ibm_heron_156 azione_RL=CommutativeInverseCancellation
job=twolocalrandom_indep_tket_3|ibm_heron_156 azione_RL=RemoveDiagonalGatesBeforeMeasure
job=twolocalrandom_indep_tket_3|ibm_heron_156 azione_RL=BQSKitSynthesis
job=twolocalrandom_indep_tket_3|ibm_heron_156 azione_RL=BQSKitSynthesis
job=twolocalrandom_indep_tket_3|ibm_heron_156 azione_RL=RemoveDiagonalGatesBeforeMeasure
job=twolocalrandom_indep_tket_3|ibm_heron_156 azione_RL=InverseCancellation
job=twolocalrandom_indep_tket_3|ibm_heron_156 azione_RL=BQSKitSynthesis
job=twolocalrandom_indep_tket_3|ibm_heron_156 azione_RL=FullPeepholeOptimiseCX
job=twolocalrandom_indep_tket_3|ibm_heron_156 azione_RL=BQSKitSynthesis
job=twolocalrandom_indep_tket_3|ibm_heron_156 azione_RL=PeepholeOptimise2Q
job=twolocalrandom_indep_tket_3|ibm_heron_156 azione_RL=RemoveDiagonalGatesBeforeMeasure
job=twolocalrandom_indep_tket_3|ibm_heron_156 azione_RL=RemoveRedundancies
job=twolocalrandom_indep_tket_3|ibm_heron_156 azione_RL=Optimize1qGatesDecomposition
job=twolocalrandom_indep_tket_3|ibm_heron_156 azione_RL=RemoveDiagonalGatesBeforeMeasure
job=twolocalrandom_indep_tket_3|ibm_heron_156 azione_RL=BQSKitO2
job=twolocalrandom_indep_tket_3|ibm_heron_156 azione_RL=RemoveRedundancies
job=twolocalrandom_indep_tket_3|ibm_heron_156 azione_RL=QiskitO3
job=twolocalrandom_indep_tket_3|ibm_heron_156 azione_RL=FullPeepholeOptimiseCX
job=twolocalrandom_indep_tket_3|ibm_heron_156 azione_RL=OptimizeCliffords
job=twolocalrandom_indep_tket_3|ibm_heron_156 azione_RL=OptimizeCliffords
job=twolocalrandom_indep_tket_3|ibm_heron_156 azione_RL=InverseCancellation
job=twolocalrandom_indep_tket_3|ibm_heron_156 azione_RL=Opt2qBlocks
job=twolocalrandom_indep_tket_3|ibm_heron_156 azione_RL=InverseCancellation
job=twolocalrandom_indep_tket_3|ibm_heron_156 azione_RL=QiskitO3
job=twolocalrandom_indep_tket_3|ibm_heron_156 azione_RL=Optimize1qGatesDecomposition
job=twolocalrandom_indep_tket_3|ibm_heron_156 azione_RL=FullPeepholeOptimiseCX
job=twolocalrandom_indep_tket_3|ibm_heron_156 azione_RL=Opt2qBlocks
job=twolocalrandom_indep_tket_3|ibm_heron_156 azione_RL=FullPeepholeOptimiseCX
job=twolocalrandom_indep_tket_3|ibm_heron_156 azione_RL=RemoveRedundancies
job=twolocalrandom_indep_tket_3|ibm_heron_156 azione_RL=BQSKitSynthesis
job=twolocalrandom_indep_tket_3|ibm_heron_156 azione_RL=BasisTranslator
job=twolocalrandom_indep_tket_3|ibm_heron_156 azione_RL=QiskitO3
job=twolocalrandom_indep_tket_3|ibm_heron_156 azione_RL=CliffordSimp
job=twolocalrandom_indep_tket_3|ibm_heron_156 azione_RL=CommutativeCancellation
job=twolocalrandom_indep_tket_3|ibm_heron_156 azione_RL=RemoveDiagonalGatesBeforeMeasure
job=twolocalrandom_indep_tket_3|ibm_heron_156 azione_RL=Opt2qBlocks
job=twolocalrandom_indep_tket_3|ibm_heron_156 azione_RL=CommutativeCancellation
job=twolocalrandom_indep_tket_3|ibm_heron_156 azione_RL=PeepholeOptimise2Q
job=twolocalrandom_indep_tket_3|ibm_heron_156 azione_RL=QiskitO3
job=twolocalrandom_indep_tket_3|ibm_heron_156 azione_RL=CommutativeInverseCancellation
job=twolocalrandom_indep_tket_3|ibm_heron_156 azione_RL=FullPeepholeOptimiseCX
job=twolocalrandom_indep_tket_3|ibm_heron_156 azione_RL=BQSKitO2
job=twolocalrandom_indep_tket_3|ibm_heron_156 azione_RL=InverseCancellation
job=twolocalrandom_indep_tket_3|ibm_heron_156 azione_RL=BQSKitSynthesis
job=twolocalrandom_indep_tket_3|ibm_heron_156 azione_RL=QiskitO3
job=twolocalrandom_indep_tket_3|ibm_heron_156 azione_RL=Opt2qBlocks
job=twolocalrandom_indep_tket_3|ibm_heron_156 azione_RL=RemoveRedundancies
job=twolocalrandom_indep_tket_3|ibm_heron_156 azione_RL=QiskitO3
job=twolocalrandom_indep_tket_3|ibm_heron_156 azione_RL=CommutativeCancellation
job=twolocalrandom_indep_tket_3|ibm_heron_156 azione_RL=CommutativeCancellation
job=twolocalrandom_indep_tket_3|ibm_heron_156 azione_RL=RemoveRedundancies
job=twolocalrandom_indep_tket_3|ibm_heron_156 azione_RL=BQSKitO2
job=twolocalrandom_indep_tket_3|ibm_heron_156 azione_RL=QiskitO3
job=twolocalrandom_indep_tket_3|ibm_heron_156 azione_RL=CommutativeInverseCancellation
job=twolocalrandom_indep_tket_3|ibm_heron_156 azione_RL=InverseCancellation
job=twolocalrandom_indep_tket_3|ibm_heron_156 azione_RL=CliffordSimp
job=twolocalrandom_indep_tket_3|ibm_heron_156 azione_RL=QiskitO3
job=twolocalrandom_indep_tket_3|ibm_heron_156 azione_RL=RemoveDiagonalGatesBeforeMeasure
job=twolocalrandom_indep_tket_3|ibm_heron_156 azione_RL=QiskitO3
job=twolocalrandom_indep_tket_3|ibm_heron_156 azione_RL=BQSKitSynthesis
job=twolocalrandom_indep_tket_3|ibm_heron_156 azione_RL=PeepholeOptimise2Q
job=twolocalrandom_indep_tket_3|ibm_heron_156 azione_RL=InverseCancellation
job=twolocalrandom_indep_tket_3|ibm_heron_156 azione_RL=BQSKitO2
job=twolocalrandom_indep_tket_3|ibm_heron_156 azione_RL=FullPeepholeOptimiseCX
job=twolocalrandom_indep_tket_3|ibm_heron_156 azione_RL=BasisTranslator
job=twolocalrandom_indep_tket_3|ibm_heron_156 azione_RL=BQSKitSynthesis
job=twolocalrandom_indep_tket_3|ibm_heron_156 azione_RL=BQSKitO2
job=twolocalrandom_indep_tket_3|ibm_heron_156 azione_RL=CliffordSimp
job=twolocalrandom_indep_tket_3|ibm_heron_156 azione_RL=RemoveRedundancies
job=twolocalrandom_indep_tket_3|ibm_heron_156 azione_RL=BasisTranslator
job=twolocalrandom_indep_tket_3|ibm_heron_156 azione_RL=Optimize1qGatesDecomposition
job=twolocalrandom_indep_tket_3|ibm_heron_156 azione_RL=RemoveRedundancies
job=twolocalrandom_indep_tket_3|ibm_heron_156 azione_RL=OptimizeCliffords
job=twolocalrandom_indep_tket_3|ibm_heron_156 azione_RL=InverseCancellation
job=twolocalrandom_indep_tket_3|ibm_heron_156 fallback=QiskitO2
job=vqe_indep_qiskit_3|ibm_heron_156 azione_RL=BQSKitO2
job=vqe_indep_qiskit_3|ibm_heron_156 azione_RL=FullPeepholeOptimiseCX
job=vqe_indep_qiskit_3|ibm_heron_156 azione_RL=BQSKitSynthesis
job=vqe_indep_qiskit_3|ibm_heron_156 azione_RL=QiskitO3
job=vqe_indep_qiskit_3|ibm_heron_156 azione_RL=VF2Layout
job=vqe_indep_qiskit_3|ibm_heron_156 fallback=QiskitO2
job=vqe_indep_tket_3|ibm_heron_156 azione_RL=BQSKitO2
job=vqe_indep_tket_3|ibm_heron_156 azione_RL=FullPeepholeOptimiseCX
job=vqe_indep_tket_3|ibm_heron_156 azione_RL=BQSKitSynthesis
job=vqe_indep_tket_3|ibm_heron_156 azione_RL=QiskitO3
job=vqe_indep_tket_3|ibm_heron_156 azione_RL=VF2Layout
job=vqe_indep_tket_3|ibm_heron_156 fallback=QiskitO2
job=wstate_indep_qiskit_3|ibm_heron_156 azione_RL=BQSKitO2
job=wstate_indep_qiskit_3|ibm_heron_156 azione_RL=FullPeepholeOptimiseCX
job=wstate_indep_qiskit_3|ibm_heron_156 azione_RL=BQSKitSynthesis
job=wstate_indep_qiskit_3|ibm_heron_156 azione_RL=QiskitO3
job=wstate_indep_qiskit_3|ibm_heron_156 azione_RL=VF2Layout
job=wstate_indep_qiskit_3|ibm_heron_156 fallback=QiskitO2
job=wstate_indep_tket_3|ibm_heron_156 azione_RL=BQSKitO2
job=wstate_indep_tket_3|ibm_heron_156 azione_RL=FullPeepholeOptimiseCX
job=wstate_indep_tket_3|ibm_heron_156 azione_RL=BQSKitSynthesis
job=wstate_indep_tket_3|ibm_heron_156 azione_RL=QiskitO3
job=wstate_indep_tket_3|ibm_heron_156 azione_RL=VF2Layout
job=wstate_indep_tket_3|ibm_heron_156 fallback=QiskitO2
job=ae_indep_qiskit_4|ibm_heron_156 azione_RL=BQSKitO2
job=ae_indep_qiskit_4|ibm_heron_156 azione_RL=FullPeepholeOptimiseCX
job=ae_indep_qiskit_4|ibm_heron_156 azione_RL=BQSKitSynthesis
job=ae_indep_qiskit_4|ibm_heron_156 azione_RL=QiskitO3
job=ae_indep_qiskit_4|ibm_heron_156 azione_RL=BQSKitSynthesis
job=ae_indep_qiskit_4|ibm_heron_156 azione_RL=InverseCancellation
job=ae_indep_qiskit_4|ibm_heron_156 azione_RL=BQSKitO2
job=ae_indep_qiskit_4|ibm_heron_156 azione_RL=CommutativeInverseCancellation
job=ae_indep_qiskit_4|ibm_heron_156 azione_RL=RemoveDiagonalGatesBeforeMeasure
job=ae_indep_qiskit_4|ibm_heron_156 azione_RL=QiskitO3
job=ae_indep_qiskit_4|ibm_heron_156 azione_RL=RemoveDiagonalGatesBeforeMeasure
job=ae_indep_qiskit_4|ibm_heron_156 azione_RL=BQSKitSynthesis
job=ae_indep_qiskit_4|ibm_heron_156 azione_RL=BasisTranslator
job=ae_indep_qiskit_4|ibm_heron_156 azione_RL=CommutativeInverseCancellation
job=ae_indep_qiskit_4|ibm_heron_156 azione_RL=OptimizeCliffords
job=ae_indep_qiskit_4|ibm_heron_156 azione_RL=FullPeepholeOptimiseCX
job=ae_indep_qiskit_4|ibm_heron_156 azione_RL=BasisTranslator
job=ae_indep_qiskit_4|ibm_heron_156 azione_RL=RemoveDiagonalGatesBeforeMeasure
job=ae_indep_qiskit_4|ibm_heron_156 azione_RL=CommutativeCancellation
job=ae_indep_qiskit_4|ibm_heron_156 azione_RL=Optimize1qGatesDecomposition
job=ae_indep_qiskit_4|ibm_heron_156 azione_RL=CliffordSimp
job=ae_indep_qiskit_4|ibm_heron_156 azione_RL=BQSKitO2
job=ae_indep_qiskit_4|ibm_heron_156 azione_RL=BasisTranslator
job=ae_indep_qiskit_4|ibm_heron_156 azione_RL=PeepholeOptimise2Q
job=ae_indep_qiskit_4|ibm_heron_156 azione_RL=CliffordSimp
job=ae_indep_qiskit_4|ibm_heron_156 azione_RL=RemoveRedundancies
job=ae_indep_qiskit_4|ibm_heron_156 azione_RL=RemoveRedundancies
job=ae_indep_qiskit_4|ibm_heron_156 azione_RL=QiskitO3
job=ae_indep_qiskit_4|ibm_heron_156 azione_RL=QiskitO3
job=ae_indep_qiskit_4|ibm_heron_156 azione_RL=RemoveRedundancies
job=ae_indep_qiskit_4|ibm_heron_156 azione_RL=InverseCancellation
job=ae_indep_qiskit_4|ibm_heron_156 azione_RL=QiskitO3
job=ae_indep_qiskit_4|ibm_heron_156 azione_RL=Opt2qBlocks
job=ae_indep_qiskit_4|ibm_heron_156 azione_RL=CommutativeInverseCancellation
job=ae_indep_qiskit_4|ibm_heron_156 azione_RL=RemoveDiagonalGatesBeforeMeasure
job=ae_indep_qiskit_4|ibm_heron_156 azione_RL=FullPeepholeOptimiseCX
job=ae_indep_qiskit_4|ibm_heron_156 azione_RL=RemoveDiagonalGatesBeforeMeasure
job=ae_indep_qiskit_4|ibm_heron_156 azione_RL=Opt2qBlocks
job=ae_indep_qiskit_4|ibm_heron_156 azione_RL=OptimizeCliffords
job=ae_indep_qiskit_4|ibm_heron_156 azione_RL=QiskitO3
job=ae_indep_qiskit_4|ibm_heron_156 azione_RL=RemoveRedundancies
job=ae_indep_qiskit_4|ibm_heron_156 azione_RL=CommutativeCancellation
job=ae_indep_qiskit_4|ibm_heron_156 azione_RL=CommutativeInverseCancellation
job=ae_indep_qiskit_4|ibm_heron_156 azione_RL=BQSKitO2
job=ae_indep_qiskit_4|ibm_heron_156 azione_RL=OptimizeCliffords
job=ae_indep_qiskit_4|ibm_heron_156 azione_RL=BQSKitO2
job=ae_indep_qiskit_4|ibm_heron_156 azione_RL=BQSKitO2
job=ae_indep_qiskit_4|ibm_heron_156 azione_RL=QiskitO3
job=ae_indep_qiskit_4|ibm_heron_156 azione_RL=Optimize1qGatesDecomposition
job=ae_indep_qiskit_4|ibm_heron_156 azione_RL=InverseCancellation
job=ae_indep_qiskit_4|ibm_heron_156 azione_RL=InverseCancellation
job=ae_indep_qiskit_4|ibm_heron_156 azione_RL=RemoveRedundancies
job=ae_indep_qiskit_4|ibm_heron_156 azione_RL=OptimizeCliffords
job=ae_indep_qiskit_4|ibm_heron_156 azione_RL=QiskitO3
job=ae_indep_qiskit_4|ibm_heron_156 azione_RL=CommutativeCancellation
job=ae_indep_qiskit_4|ibm_heron_156 azione_RL=RemoveRedundancies
job=ae_indep_qiskit_4|ibm_heron_156 azione_RL=RemoveDiagonalGatesBeforeMeasure
job=ae_indep_qiskit_4|ibm_heron_156 azione_RL=OptimizeCliffords
job=ae_indep_qiskit_4|ibm_heron_156 azione_RL=CommutativeInverseCancellation
job=ae_indep_qiskit_4|ibm_heron_156 azione_RL=BQSKitSynthesis
job=ae_indep_qiskit_4|ibm_heron_156 azione_RL=BasisTranslator
job=ae_indep_qiskit_4|ibm_heron_156 azione_RL=CommutativeInverseCancellation
job=ae_indep_qiskit_4|ibm_heron_156 azione_RL=RemoveDiagonalGatesBeforeMeasure
job=ae_indep_qiskit_4|ibm_heron_156 azione_RL=BQSKitSynthesis
job=ae_indep_qiskit_4|ibm_heron_156 azione_RL=BQSKitSynthesis
job=ae_indep_qiskit_4|ibm_heron_156 azione_RL=RemoveDiagonalGatesBeforeMeasure
job=ae_indep_qiskit_4|ibm_heron_156 azione_RL=InverseCancellation
job=ae_indep_qiskit_4|ibm_heron_156 azione_RL=BQSKitSynthesis
job=ae_indep_qiskit_4|ibm_heron_156 azione_RL=FullPeepholeOptimiseCX
job=ae_indep_qiskit_4|ibm_heron_156 azione_RL=BQSKitSynthesis
job=ae_indep_qiskit_4|ibm_heron_156 azione_RL=PeepholeOptimise2Q
job=ae_indep_qiskit_4|ibm_heron_156 azione_RL=RemoveDiagonalGatesBeforeMeasure
job=ae_indep_qiskit_4|ibm_heron_156 azione_RL=RemoveRedundancies
job=ae_indep_qiskit_4|ibm_heron_156 azione_RL=Optimize1qGatesDecomposition
job=ae_indep_qiskit_4|ibm_heron_156 azione_RL=RemoveDiagonalGatesBeforeMeasure
job=ae_indep_qiskit_4|ibm_heron_156 azione_RL=BQSKitO2
job=ae_indep_qiskit_4|ibm_heron_156 azione_RL=RemoveRedundancies
job=ae_indep_qiskit_4|ibm_heron_156 azione_RL=QiskitO3
job=ae_indep_qiskit_4|ibm_heron_156 azione_RL=FullPeepholeOptimiseCX
job=ae_indep_qiskit_4|ibm_heron_156 azione_RL=OptimizeCliffords
job=ae_indep_qiskit_4|ibm_heron_156 azione_RL=OptimizeCliffords
job=ae_indep_qiskit_4|ibm_heron_156 azione_RL=InverseCancellation
job=ae_indep_qiskit_4|ibm_heron_156 azione_RL=Opt2qBlocks
job=ae_indep_qiskit_4|ibm_heron_156 azione_RL=InverseCancellation
job=ae_indep_qiskit_4|ibm_heron_156 azione_RL=QiskitO3
job=ae_indep_qiskit_4|ibm_heron_156 azione_RL=Optimize1qGatesDecomposition
job=ae_indep_qiskit_4|ibm_heron_156 azione_RL=FullPeepholeOptimiseCX
job=ae_indep_qiskit_4|ibm_heron_156 azione_RL=Opt2qBlocks
job=ae_indep_qiskit_4|ibm_heron_156 azione_RL=FullPeepholeOptimiseCX
job=ae_indep_qiskit_4|ibm_heron_156 azione_RL=RemoveRedundancies
job=ae_indep_qiskit_4|ibm_heron_156 azione_RL=BQSKitSynthesis
job=ae_indep_qiskit_4|ibm_heron_156 azione_RL=BasisTranslator
job=ae_indep_qiskit_4|ibm_heron_156 azione_RL=QiskitO3
job=ae_indep_qiskit_4|ibm_heron_156 azione_RL=CliffordSimp
job=ae_indep_qiskit_4|ibm_heron_156 azione_RL=CommutativeCancellation
job=ae_indep_qiskit_4|ibm_heron_156 azione_RL=RemoveDiagonalGatesBeforeMeasure
job=ae_indep_qiskit_4|ibm_heron_156 azione_RL=Opt2qBlocks
job=ae_indep_qiskit_4|ibm_heron_156 azione_RL=CommutativeCancellation
job=ae_indep_qiskit_4|ibm_heron_156 azione_RL=PeepholeOptimise2Q
job=ae_indep_qiskit_4|ibm_heron_156 azione_RL=QiskitO3
job=ae_indep_qiskit_4|ibm_heron_156 azione_RL=CommutativeInverseCancellation
job=ae_indep_qiskit_4|ibm_heron_156 azione_RL=FullPeepholeOptimiseCX
job=ae_indep_qiskit_4|ibm_heron_156 azione_RL=BQSKitO2
job=ae_indep_qiskit_4|ibm_heron_156 azione_RL=InverseCancellation
job=ae_indep_qiskit_4|ibm_heron_156 azione_RL=BQSKitSynthesis
job=ae_indep_qiskit_4|ibm_heron_156 azione_RL=QiskitO3
job=ae_indep_qiskit_4|ibm_heron_156 azione_RL=Opt2qBlocks
job=ae_indep_qiskit_4|ibm_heron_156 azione_RL=RemoveRedundancies
job=ae_indep_qiskit_4|ibm_heron_156 azione_RL=QiskitO3
job=ae_indep_qiskit_4|ibm_heron_156 azione_RL=CommutativeCancellation
job=ae_indep_qiskit_4|ibm_heron_156 azione_RL=CommutativeCancellation
job=ae_indep_qiskit_4|ibm_heron_156 azione_RL=RemoveRedundancies
job=ae_indep_qiskit_4|ibm_heron_156 azione_RL=BQSKitO2
job=ae_indep_qiskit_4|ibm_heron_156 azione_RL=QiskitO3
job=ae_indep_qiskit_4|ibm_heron_156 azione_RL=CommutativeInverseCancellation
job=ae_indep_qiskit_4|ibm_heron_156 azione_RL=InverseCancellation
job=ae_indep_qiskit_4|ibm_heron_156 azione_RL=CliffordSimp
job=ae_indep_qiskit_4|ibm_heron_156 azione_RL=QiskitO3
job=ae_indep_qiskit_4|ibm_heron_156 azione_RL=RemoveDiagonalGatesBeforeMeasure
job=ae_indep_qiskit_4|ibm_heron_156 azione_RL=QiskitO3
job=ae_indep_qiskit_4|ibm_heron_156 azione_RL=BQSKitSynthesis
job=ae_indep_qiskit_4|ibm_heron_156 azione_RL=PeepholeOptimise2Q
job=ae_indep_qiskit_4|ibm_heron_156 azione_RL=InverseCancellation
job=ae_indep_qiskit_4|ibm_heron_156 azione_RL=BQSKitO2
job=ae_indep_qiskit_4|ibm_heron_156 azione_RL=FullPeepholeOptimiseCX
job=ae_indep_qiskit_4|ibm_heron_156 azione_RL=BasisTranslator
job=ae_indep_qiskit_4|ibm_heron_156 azione_RL=BQSKitSynthesis
job=ae_indep_qiskit_4|ibm_heron_156 azione_RL=BQSKitO2
job=ae_indep_qiskit_4|ibm_heron_156 azione_RL=CliffordSimp
job=ae_indep_qiskit_4|ibm_heron_156 azione_RL=RemoveRedundancies
job=ae_indep_qiskit_4|ibm_heron_156 azione_RL=BasisTranslator
job=ae_indep_qiskit_4|ibm_heron_156 azione_RL=Optimize1qGatesDecomposition
job=ae_indep_qiskit_4|ibm_heron_156 azione_RL=RemoveRedundancies
job=ae_indep_qiskit_4|ibm_heron_156 azione_RL=OptimizeCliffords
job=ae_indep_qiskit_4|ibm_heron_156 azione_RL=InverseCancellation
job=ae_indep_qiskit_4|ibm_heron_156 azione_RL=PeepholeOptimise2Q
job=ae_indep_qiskit_4|ibm_heron_156 azione_RL=PeepholeOptimise2Q
job=ae_indep_qiskit_4|ibm_heron_156 azione_RL=BQSKitO2
job=ae_indep_qiskit_4|ibm_heron_156 fallback=QiskitO2
job=ae_indep_tket_4|ibm_heron_156 azione_RL=BQSKitO2
job=ae_indep_tket_4|ibm_heron_156 azione_RL=FullPeepholeOptimiseCX
job=ae_indep_tket_4|ibm_heron_156 azione_RL=BQSKitSynthesis
job=ae_indep_tket_4|ibm_heron_156 azione_RL=QiskitO3
job=ae_indep_tket_4|ibm_heron_156 azione_RL=BQSKitSynthesis
job=ae_indep_tket_4|ibm_heron_156 azione_RL=InverseCancellation
job=ae_indep_tket_4|ibm_heron_156 azione_RL=BQSKitO2
job=ae_indep_tket_4|ibm_heron_156 azione_RL=CommutativeInverseCancellation
job=ae_indep_tket_4|ibm_heron_156 azione_RL=RemoveDiagonalGatesBeforeMeasure
job=ae_indep_tket_4|ibm_heron_156 azione_RL=QiskitO3
job=ae_indep_tket_4|ibm_heron_156 azione_RL=RemoveDiagonalGatesBeforeMeasure
job=ae_indep_tket_4|ibm_heron_156 azione_RL=BQSKitSynthesis
job=ae_indep_tket_4|ibm_heron_156 azione_RL=BasisTranslator
job=ae_indep_tket_4|ibm_heron_156 azione_RL=CommutativeInverseCancellation
job=ae_indep_tket_4|ibm_heron_156 azione_RL=OptimizeCliffords
job=ae_indep_tket_4|ibm_heron_156 azione_RL=FullPeepholeOptimiseCX
job=ae_indep_tket_4|ibm_heron_156 azione_RL=BasisTranslator
job=ae_indep_tket_4|ibm_heron_156 azione_RL=RemoveDiagonalGatesBeforeMeasure
job=ae_indep_tket_4|ibm_heron_156 azione_RL=CommutativeCancellation
job=ae_indep_tket_4|ibm_heron_156 azione_RL=Optimize1qGatesDecomposition
job=ae_indep_tket_4|ibm_heron_156 azione_RL=CliffordSimp
job=ae_indep_tket_4|ibm_heron_156 azione_RL=BQSKitO2
job=ae_indep_tket_4|ibm_heron_156 azione_RL=BasisTranslator
job=ae_indep_tket_4|ibm_heron_156 azione_RL=PeepholeOptimise2Q
job=ae_indep_tket_4|ibm_heron_156 azione_RL=CliffordSimp
job=ae_indep_tket_4|ibm_heron_156 azione_RL=RemoveRedundancies
job=ae_indep_tket_4|ibm_heron_156 azione_RL=RemoveRedundancies
job=ae_indep_tket_4|ibm_heron_156 azione_RL=QiskitO3
job=ae_indep_tket_4|ibm_heron_156 azione_RL=QiskitO3
job=ae_indep_tket_4|ibm_heron_156 azione_RL=RemoveRedundancies
job=ae_indep_tket_4|ibm_heron_156 azione_RL=InverseCancellation
job=ae_indep_tket_4|ibm_heron_156 azione_RL=QiskitO3
job=ae_indep_tket_4|ibm_heron_156 azione_RL=Opt2qBlocks
job=ae_indep_tket_4|ibm_heron_156 azione_RL=CommutativeInverseCancellation
job=ae_indep_tket_4|ibm_heron_156 azione_RL=RemoveDiagonalGatesBeforeMeasure
job=ae_indep_tket_4|ibm_heron_156 azione_RL=FullPeepholeOptimiseCX
job=ae_indep_tket_4|ibm_heron_156 azione_RL=RemoveDiagonalGatesBeforeMeasure
job=ae_indep_tket_4|ibm_heron_156 azione_RL=Opt2qBlocks
job=ae_indep_tket_4|ibm_heron_156 azione_RL=OptimizeCliffords
job=ae_indep_tket_4|ibm_heron_156 azione_RL=QiskitO3
job=ae_indep_tket_4|ibm_heron_156 azione_RL=RemoveRedundancies
job=ae_indep_tket_4|ibm_heron_156 azione_RL=CommutativeCancellation
job=ae_indep_tket_4|ibm_heron_156 azione_RL=CommutativeInverseCancellation
job=ae_indep_tket_4|ibm_heron_156 azione_RL=BQSKitO2
job=ae_indep_tket_4|ibm_heron_156 azione_RL=OptimizeCliffords
job=ae_indep_tket_4|ibm_heron_156 azione_RL=BQSKitO2
job=ae_indep_tket_4|ibm_heron_156 azione_RL=BQSKitO2
job=ae_indep_tket_4|ibm_heron_156 azione_RL=QiskitO3
job=ae_indep_tket_4|ibm_heron_156 azione_RL=Optimize1qGatesDecomposition
job=ae_indep_tket_4|ibm_heron_156 azione_RL=InverseCancellation
job=ae_indep_tket_4|ibm_heron_156 azione_RL=InverseCancellation
job=ae_indep_tket_4|ibm_heron_156 azione_RL=RemoveRedundancies
job=ae_indep_tket_4|ibm_heron_156 azione_RL=OptimizeCliffords
job=ae_indep_tket_4|ibm_heron_156 azione_RL=QiskitO3
job=ae_indep_tket_4|ibm_heron_156 azione_RL=CommutativeCancellation
job=ae_indep_tket_4|ibm_heron_156 azione_RL=RemoveRedundancies
job=ae_indep_tket_4|ibm_heron_156 azione_RL=RemoveDiagonalGatesBeforeMeasure
job=ae_indep_tket_4|ibm_heron_156 azione_RL=OptimizeCliffords
job=ae_indep_tket_4|ibm_heron_156 azione_RL=CommutativeInverseCancellation
job=ae_indep_tket_4|ibm_heron_156 azione_RL=BQSKitSynthesis
job=ae_indep_tket_4|ibm_heron_156 azione_RL=BasisTranslator
job=ae_indep_tket_4|ibm_heron_156 azione_RL=CommutativeInverseCancellation
job=ae_indep_tket_4|ibm_heron_156 azione_RL=RemoveDiagonalGatesBeforeMeasure
job=ae_indep_tket_4|ibm_heron_156 azione_RL=BQSKitSynthesis
job=ae_indep_tket_4|ibm_heron_156 azione_RL=BQSKitSynthesis
job=ae_indep_tket_4|ibm_heron_156 azione_RL=RemoveDiagonalGatesBeforeMeasure
job=ae_indep_tket_4|ibm_heron_156 azione_RL=InverseCancellation
job=ae_indep_tket_4|ibm_heron_156 azione_RL=BQSKitSynthesis
job=ae_indep_tket_4|ibm_heron_156 azione_RL=FullPeepholeOptimiseCX
job=ae_indep_tket_4|ibm_heron_156 azione_RL=BQSKitSynthesis
job=ae_indep_tket_4|ibm_heron_156 azione_RL=PeepholeOptimise2Q
job=ae_indep_tket_4|ibm_heron_156 azione_RL=RemoveDiagonalGatesBeforeMeasure
job=ae_indep_tket_4|ibm_heron_156 azione_RL=RemoveRedundancies
job=ae_indep_tket_4|ibm_heron_156 azione_RL=Optimize1qGatesDecomposition
job=ae_indep_tket_4|ibm_heron_156 azione_RL=RemoveDiagonalGatesBeforeMeasure
job=ae_indep_tket_4|ibm_heron_156 azione_RL=BQSKitO2
job=ae_indep_tket_4|ibm_heron_156 azione_RL=RemoveRedundancies
job=ae_indep_tket_4|ibm_heron_156 azione_RL=QiskitO3
job=ae_indep_tket_4|ibm_heron_156 azione_RL=FullPeepholeOptimiseCX
job=ae_indep_tket_4|ibm_heron_156 azione_RL=OptimizeCliffords
job=ae_indep_tket_4|ibm_heron_156 azione_RL=OptimizeCliffords
job=ae_indep_tket_4|ibm_heron_156 azione_RL=InverseCancellation
job=ae_indep_tket_4|ibm_heron_156 azione_RL=Opt2qBlocks
job=ae_indep_tket_4|ibm_heron_156 azione_RL=InverseCancellation
job=ae_indep_tket_4|ibm_heron_156 azione_RL=QiskitO3
job=ae_indep_tket_4|ibm_heron_156 azione_RL=Optimize1qGatesDecomposition
job=ae_indep_tket_4|ibm_heron_156 azione_RL=FullPeepholeOptimiseCX
job=ae_indep_tket_4|ibm_heron_156 azione_RL=Opt2qBlocks
job=ae_indep_tket_4|ibm_heron_156 azione_RL=FullPeepholeOptimiseCX
job=ae_indep_tket_4|ibm_heron_156 azione_RL=RemoveRedundancies
job=ae_indep_tket_4|ibm_heron_156 azione_RL=BQSKitSynthesis
job=ae_indep_tket_4|ibm_heron_156 azione_RL=BasisTranslator
job=ae_indep_tket_4|ibm_heron_156 azione_RL=QiskitO3
job=ae_indep_tket_4|ibm_heron_156 azione_RL=CliffordSimp
job=ae_indep_tket_4|ibm_heron_156 azione_RL=CommutativeCancellation
job=ae_indep_tket_4|ibm_heron_156 azione_RL=RemoveDiagonalGatesBeforeMeasure
job=ae_indep_tket_4|ibm_heron_156 azione_RL=Opt2qBlocks
job=ae_indep_tket_4|ibm_heron_156 azione_RL=CommutativeCancellation
job=ae_indep_tket_4|ibm_heron_156 azione_RL=PeepholeOptimise2Q
job=ae_indep_tket_4|ibm_heron_156 azione_RL=QiskitO3
job=ae_indep_tket_4|ibm_heron_156 azione_RL=CommutativeInverseCancellation
job=ae_indep_tket_4|ibm_heron_156 azione_RL=FullPeepholeOptimiseCX
job=ae_indep_tket_4|ibm_heron_156 azione_RL=BQSKitO2
job=ae_indep_tket_4|ibm_heron_156 azione_RL=InverseCancellation
job=ae_indep_tket_4|ibm_heron_156 azione_RL=BQSKitSynthesis
job=ae_indep_tket_4|ibm_heron_156 azione_RL=QiskitO3
job=ae_indep_tket_4|ibm_heron_156 azione_RL=Opt2qBlocks
job=ae_indep_tket_4|ibm_heron_156 azione_RL=RemoveRedundancies
job=ae_indep_tket_4|ibm_heron_156 azione_RL=QiskitO3
job=ae_indep_tket_4|ibm_heron_156 azione_RL=CommutativeCancellation
job=ae_indep_tket_4|ibm_heron_156 azione_RL=CommutativeCancellation
job=ae_indep_tket_4|ibm_heron_156 azione_RL=RemoveRedundancies
job=ae_indep_tket_4|ibm_heron_156 azione_RL=BQSKitO2
job=ae_indep_tket_4|ibm_heron_156 azione_RL=QiskitO3
job=ae_indep_tket_4|ibm_heron_156 azione_RL=CommutativeInverseCancellation
job=ae_indep_tket_4|ibm_heron_156 azione_RL=InverseCancellation
job=ae_indep_tket_4|ibm_heron_156 azione_RL=CliffordSimp
job=ae_indep_tket_4|ibm_heron_156 azione_RL=QiskitO3
job=ae_indep_tket_4|ibm_heron_156 azione_RL=RemoveDiagonalGatesBeforeMeasure
job=ae_indep_tket_4|ibm_heron_156 azione_RL=QiskitO3
job=ae_indep_tket_4|ibm_heron_156 azione_RL=BQSKitSynthesis
job=ae_indep_tket_4|ibm_heron_156 azione_RL=PeepholeOptimise2Q
job=ae_indep_tket_4|ibm_heron_156 azione_RL=InverseCancellation
job=ae_indep_tket_4|ibm_heron_156 azione_RL=BQSKitO2
job=ae_indep_tket_4|ibm_heron_156 azione_RL=FullPeepholeOptimiseCX
job=ae_indep_tket_4|ibm_heron_156 azione_RL=BasisTranslator
job=ae_indep_tket_4|ibm_heron_156 azione_RL=BQSKitSynthesis
job=ae_indep_tket_4|ibm_heron_156 azione_RL=BQSKitO2
job=ae_indep_tket_4|ibm_heron_156 azione_RL=CliffordSimp
job=ae_indep_tket_4|ibm_heron_156 azione_RL=RemoveRedundancies
job=ae_indep_tket_4|ibm_heron_156 azione_RL=BasisTranslator
job=ae_indep_tket_4|ibm_heron_156 azione_RL=Optimize1qGatesDecomposition
job=ae_indep_tket_4|ibm_heron_156 azione_RL=RemoveRedundancies
job=ae_indep_tket_4|ibm_heron_156 azione_RL=OptimizeCliffords
job=ae_indep_tket_4|ibm_heron_156 azione_RL=InverseCancellation
job=ae_indep_tket_4|ibm_heron_156 azione_RL=PeepholeOptimise2Q
job=ae_indep_tket_4|ibm_heron_156 azione_RL=PeepholeOptimise2Q
job=ae_indep_tket_4|ibm_heron_156 azione_RL=BQSKitO2
job=ae_indep_tket_4|ibm_heron_156 fallback=QiskitO2
job=dj_indep_qiskit_4|ibm_heron_156 azione_RL=BQSKitO2
job=dj_indep_qiskit_4|ibm_heron_156 azione_RL=FullPeepholeOptimiseCX
job=dj_indep_qiskit_4|ibm_heron_156 azione_RL=BQSKitSynthesis
job=dj_indep_qiskit_4|ibm_heron_156 azione_RL=QiskitO3
job=dj_indep_qiskit_4|ibm_heron_156 azione_RL=BQSKitSynthesis
job=dj_indep_qiskit_4|ibm_heron_156 azione_RL=InverseCancellation
job=dj_indep_qiskit_4|ibm_heron_156 azione_RL=BQSKitO2
job=dj_indep_qiskit_4|ibm_heron_156 azione_RL=CommutativeInverseCancellation
job=dj_indep_qiskit_4|ibm_heron_156 azione_RL=RemoveDiagonalGatesBeforeMeasure
job=dj_indep_qiskit_4|ibm_heron_156 azione_RL=QiskitO3
job=dj_indep_qiskit_4|ibm_heron_156 azione_RL=RemoveDiagonalGatesBeforeMeasure
job=dj_indep_qiskit_4|ibm_heron_156 azione_RL=BQSKitSynthesis
job=dj_indep_qiskit_4|ibm_heron_156 azione_RL=BasisTranslator
job=dj_indep_qiskit_4|ibm_heron_156 azione_RL=CommutativeInverseCancellation
job=dj_indep_qiskit_4|ibm_heron_156 azione_RL=OptimizeCliffords
job=dj_indep_qiskit_4|ibm_heron_156 azione_RL=FullPeepholeOptimiseCX
job=dj_indep_qiskit_4|ibm_heron_156 azione_RL=BasisTranslator
job=dj_indep_qiskit_4|ibm_heron_156 azione_RL=RemoveDiagonalGatesBeforeMeasure
job=dj_indep_qiskit_4|ibm_heron_156 azione_RL=CommutativeCancellation
job=dj_indep_qiskit_4|ibm_heron_156 azione_RL=Optimize1qGatesDecomposition
job=dj_indep_qiskit_4|ibm_heron_156 azione_RL=CliffordSimp
job=dj_indep_qiskit_4|ibm_heron_156 azione_RL=BQSKitO2
job=dj_indep_qiskit_4|ibm_heron_156 azione_RL=BasisTranslator
job=dj_indep_qiskit_4|ibm_heron_156 azione_RL=PeepholeOptimise2Q
job=dj_indep_qiskit_4|ibm_heron_156 azione_RL=Opt2qBlocks
job=dj_indep_qiskit_4|ibm_heron_156 azione_RL=RemoveRedundancies
job=dj_indep_qiskit_4|ibm_heron_156 azione_RL=RemoveRedundancies
job=dj_indep_qiskit_4|ibm_heron_156 azione_RL=QiskitO3
job=dj_indep_qiskit_4|ibm_heron_156 azione_RL=QiskitO3
job=dj_indep_qiskit_4|ibm_heron_156 azione_RL=RemoveRedundancies
job=dj_indep_qiskit_4|ibm_heron_156 azione_RL=InverseCancellation
job=dj_indep_qiskit_4|ibm_heron_156 azione_RL=QiskitO3
job=dj_indep_qiskit_4|ibm_heron_156 azione_RL=Opt2qBlocks
job=dj_indep_qiskit_4|ibm_heron_156 azione_RL=CommutativeInverseCancellation
job=dj_indep_qiskit_4|ibm_heron_156 azione_RL=RemoveDiagonalGatesBeforeMeasure
job=dj_indep_qiskit_4|ibm_heron_156 azione_RL=FullPeepholeOptimiseCX
job=dj_indep_qiskit_4|ibm_heron_156 azione_RL=RemoveDiagonalGatesBeforeMeasure
job=dj_indep_qiskit_4|ibm_heron_156 azione_RL=Opt2qBlocks
job=dj_indep_qiskit_4|ibm_heron_156 azione_RL=OptimizeCliffords
job=dj_indep_qiskit_4|ibm_heron_156 azione_RL=QiskitO3
job=dj_indep_qiskit_4|ibm_heron_156 azione_RL=RemoveRedundancies
job=dj_indep_qiskit_4|ibm_heron_156 azione_RL=CommutativeCancellation
job=dj_indep_qiskit_4|ibm_heron_156 azione_RL=CommutativeInverseCancellation
job=dj_indep_qiskit_4|ibm_heron_156 azione_RL=BQSKitO2
job=dj_indep_qiskit_4|ibm_heron_156 azione_RL=OptimizeCliffords
job=dj_indep_qiskit_4|ibm_heron_156 azione_RL=BQSKitO2
job=dj_indep_qiskit_4|ibm_heron_156 azione_RL=BQSKitO2
job=dj_indep_qiskit_4|ibm_heron_156 azione_RL=QiskitO3
job=dj_indep_qiskit_4|ibm_heron_156 azione_RL=Optimize1qGatesDecomposition
job=dj_indep_qiskit_4|ibm_heron_156 azione_RL=InverseCancellation
job=dj_indep_qiskit_4|ibm_heron_156 azione_RL=InverseCancellation
job=dj_indep_qiskit_4|ibm_heron_156 azione_RL=RemoveRedundancies
job=dj_indep_qiskit_4|ibm_heron_156 azione_RL=OptimizeCliffords
job=dj_indep_qiskit_4|ibm_heron_156 azione_RL=QiskitO3
job=dj_indep_qiskit_4|ibm_heron_156 azione_RL=CommutativeCancellation
job=dj_indep_qiskit_4|ibm_heron_156 azione_RL=RemoveRedundancies
job=dj_indep_qiskit_4|ibm_heron_156 azione_RL=RemoveDiagonalGatesBeforeMeasure
job=dj_indep_qiskit_4|ibm_heron_156 azione_RL=OptimizeCliffords
job=dj_indep_qiskit_4|ibm_heron_156 azione_RL=CommutativeInverseCancellation
job=dj_indep_qiskit_4|ibm_heron_156 azione_RL=BQSKitSynthesis
job=dj_indep_qiskit_4|ibm_heron_156 azione_RL=BasisTranslator
job=dj_indep_qiskit_4|ibm_heron_156 azione_RL=CommutativeInverseCancellation
job=dj_indep_qiskit_4|ibm_heron_156 azione_RL=RemoveDiagonalGatesBeforeMeasure
job=dj_indep_qiskit_4|ibm_heron_156 azione_RL=BQSKitSynthesis
job=dj_indep_qiskit_4|ibm_heron_156 azione_RL=BQSKitSynthesis
job=dj_indep_qiskit_4|ibm_heron_156 azione_RL=RemoveDiagonalGatesBeforeMeasure
job=dj_indep_qiskit_4|ibm_heron_156 azione_RL=InverseCancellation
job=dj_indep_qiskit_4|ibm_heron_156 azione_RL=BQSKitSynthesis
job=dj_indep_qiskit_4|ibm_heron_156 azione_RL=FullPeepholeOptimiseCX
job=dj_indep_qiskit_4|ibm_heron_156 azione_RL=BQSKitSynthesis
job=dj_indep_qiskit_4|ibm_heron_156 azione_RL=PeepholeOptimise2Q
job=dj_indep_qiskit_4|ibm_heron_156 azione_RL=RemoveDiagonalGatesBeforeMeasure
job=dj_indep_qiskit_4|ibm_heron_156 azione_RL=RemoveRedundancies
job=dj_indep_qiskit_4|ibm_heron_156 azione_RL=Optimize1qGatesDecomposition
job=dj_indep_qiskit_4|ibm_heron_156 azione_RL=RemoveDiagonalGatesBeforeMeasure
job=dj_indep_qiskit_4|ibm_heron_156 azione_RL=BQSKitO2
job=dj_indep_qiskit_4|ibm_heron_156 azione_RL=RemoveRedundancies
job=dj_indep_qiskit_4|ibm_heron_156 azione_RL=QiskitO3
job=dj_indep_qiskit_4|ibm_heron_156 azione_RL=FullPeepholeOptimiseCX
job=dj_indep_qiskit_4|ibm_heron_156 azione_RL=OptimizeCliffords
job=dj_indep_qiskit_4|ibm_heron_156 azione_RL=OptimizeCliffords
job=dj_indep_qiskit_4|ibm_heron_156 azione_RL=InverseCancellation
job=dj_indep_qiskit_4|ibm_heron_156 azione_RL=Opt2qBlocks
job=dj_indep_qiskit_4|ibm_heron_156 azione_RL=InverseCancellation
job=dj_indep_qiskit_4|ibm_heron_156 azione_RL=QiskitO3
job=dj_indep_qiskit_4|ibm_heron_156 azione_RL=Optimize1qGatesDecomposition
job=dj_indep_qiskit_4|ibm_heron_156 azione_RL=FullPeepholeOptimiseCX
job=dj_indep_qiskit_4|ibm_heron_156 azione_RL=Opt2qBlocks
job=dj_indep_qiskit_4|ibm_heron_156 azione_RL=FullPeepholeOptimiseCX
job=dj_indep_qiskit_4|ibm_heron_156 azione_RL=RemoveRedundancies
job=dj_indep_qiskit_4|ibm_heron_156 azione_RL=BQSKitSynthesis
job=dj_indep_qiskit_4|ibm_heron_156 azione_RL=BasisTranslator
job=dj_indep_qiskit_4|ibm_heron_156 azione_RL=QiskitO3
job=dj_indep_qiskit_4|ibm_heron_156 azione_RL=CliffordSimp
job=dj_indep_qiskit_4|ibm_heron_156 azione_RL=CommutativeCancellation
job=dj_indep_qiskit_4|ibm_heron_156 azione_RL=RemoveDiagonalGatesBeforeMeasure
job=dj_indep_qiskit_4|ibm_heron_156 azione_RL=Opt2qBlocks
job=dj_indep_qiskit_4|ibm_heron_156 azione_RL=CommutativeCancellation
job=dj_indep_qiskit_4|ibm_heron_156 azione_RL=PeepholeOptimise2Q
job=dj_indep_qiskit_4|ibm_heron_156 azione_RL=QiskitO3
job=dj_indep_qiskit_4|ibm_heron_156 azione_RL=CommutativeInverseCancellation
job=dj_indep_qiskit_4|ibm_heron_156 azione_RL=FullPeepholeOptimiseCX
job=dj_indep_qiskit_4|ibm_heron_156 azione_RL=BQSKitO2
job=dj_indep_qiskit_4|ibm_heron_156 azione_RL=InverseCancellation
job=dj_indep_qiskit_4|ibm_heron_156 azione_RL=BQSKitSynthesis
job=dj_indep_qiskit_4|ibm_heron_156 azione_RL=QiskitO3
job=dj_indep_qiskit_4|ibm_heron_156 azione_RL=Opt2qBlocks
job=dj_indep_qiskit_4|ibm_heron_156 azione_RL=RemoveRedundancies
job=dj_indep_qiskit_4|ibm_heron_156 azione_RL=QiskitO3
job=dj_indep_qiskit_4|ibm_heron_156 azione_RL=CommutativeCancellation
job=dj_indep_qiskit_4|ibm_heron_156 azione_RL=CommutativeCancellation
job=dj_indep_qiskit_4|ibm_heron_156 azione_RL=RemoveRedundancies
job=dj_indep_qiskit_4|ibm_heron_156 azione_RL=BQSKitO2
job=dj_indep_qiskit_4|ibm_heron_156 azione_RL=QiskitO3
job=dj_indep_qiskit_4|ibm_heron_156 azione_RL=CommutativeInverseCancellation
job=dj_indep_qiskit_4|ibm_heron_156 azione_RL=InverseCancellation
job=dj_indep_qiskit_4|ibm_heron_156 azione_RL=CliffordSimp
job=dj_indep_qiskit_4|ibm_heron_156 azione_RL=QiskitO3
job=dj_indep_qiskit_4|ibm_heron_156 azione_RL=RemoveDiagonalGatesBeforeMeasure
job=dj_indep_qiskit_4|ibm_heron_156 azione_RL=QiskitO3
job=dj_indep_qiskit_4|ibm_heron_156 azione_RL=BQSKitSynthesis
job=dj_indep_qiskit_4|ibm_heron_156 azione_RL=PeepholeOptimise2Q
job=dj_indep_qiskit_4|ibm_heron_156 azione_RL=InverseCancellation
job=dj_indep_qiskit_4|ibm_heron_156 azione_RL=BQSKitO2
job=dj_indep_qiskit_4|ibm_heron_156 azione_RL=FullPeepholeOptimiseCX
job=dj_indep_qiskit_4|ibm_heron_156 azione_RL=BasisTranslator
job=dj_indep_qiskit_4|ibm_heron_156 azione_RL=BQSKitSynthesis
job=dj_indep_qiskit_4|ibm_heron_156 azione_RL=BQSKitO2
job=dj_indep_qiskit_4|ibm_heron_156 azione_RL=CliffordSimp
job=dj_indep_qiskit_4|ibm_heron_156 azione_RL=RemoveRedundancies
job=dj_indep_qiskit_4|ibm_heron_156 azione_RL=BasisTranslator
job=dj_indep_qiskit_4|ibm_heron_156 azione_RL=Optimize1qGatesDecomposition
job=dj_indep_qiskit_4|ibm_heron_156 azione_RL=RemoveRedundancies
job=dj_indep_qiskit_4|ibm_heron_156 azione_RL=OptimizeCliffords
job=dj_indep_qiskit_4|ibm_heron_156 azione_RL=InverseCancellation
job=dj_indep_qiskit_4|ibm_heron_156 azione_RL=PeepholeOptimise2Q
job=dj_indep_qiskit_4|ibm_heron_156 azione_RL=PeepholeOptimise2Q
job=dj_indep_qiskit_4|ibm_heron_156 azione_RL=BQSKitO2
job=dj_indep_qiskit_4|ibm_heron_156 azione_RL=QiskitO3
job=dj_indep_qiskit_4|ibm_heron_156 azione_RL=BQSKitO2
job=dj_indep_qiskit_4|ibm_heron_156 fallback=QiskitO2
job=dj_indep_tket_4|ibm_heron_156 azione_RL=BQSKitO2
job=dj_indep_tket_4|ibm_heron_156 azione_RL=FullPeepholeOptimiseCX
job=dj_indep_tket_4|ibm_heron_156 azione_RL=BQSKitSynthesis
job=dj_indep_tket_4|ibm_heron_156 azione_RL=QiskitO3
job=dj_indep_tket_4|ibm_heron_156 azione_RL=BQSKitSynthesis
job=dj_indep_tket_4|ibm_heron_156 azione_RL=InverseCancellation
job=dj_indep_tket_4|ibm_heron_156 azione_RL=BQSKitO2
job=dj_indep_tket_4|ibm_heron_156 azione_RL=CommutativeInverseCancellation
job=dj_indep_tket_4|ibm_heron_156 azione_RL=RemoveDiagonalGatesBeforeMeasure
job=dj_indep_tket_4|ibm_heron_156 azione_RL=QiskitO3
job=dj_indep_tket_4|ibm_heron_156 azione_RL=RemoveDiagonalGatesBeforeMeasure
job=dj_indep_tket_4|ibm_heron_156 azione_RL=BQSKitSynthesis
job=dj_indep_tket_4|ibm_heron_156 azione_RL=BasisTranslator
job=dj_indep_tket_4|ibm_heron_156 azione_RL=CommutativeInverseCancellation
job=dj_indep_tket_4|ibm_heron_156 azione_RL=OptimizeCliffords
job=dj_indep_tket_4|ibm_heron_156 azione_RL=FullPeepholeOptimiseCX
job=dj_indep_tket_4|ibm_heron_156 azione_RL=BasisTranslator
job=dj_indep_tket_4|ibm_heron_156 azione_RL=RemoveDiagonalGatesBeforeMeasure
job=dj_indep_tket_4|ibm_heron_156 azione_RL=CommutativeCancellation
job=dj_indep_tket_4|ibm_heron_156 azione_RL=Optimize1qGatesDecomposition
job=dj_indep_tket_4|ibm_heron_156 azione_RL=CliffordSimp
job=dj_indep_tket_4|ibm_heron_156 azione_RL=BQSKitO2
job=dj_indep_tket_4|ibm_heron_156 azione_RL=BasisTranslator
job=dj_indep_tket_4|ibm_heron_156 azione_RL=PeepholeOptimise2Q
job=dj_indep_tket_4|ibm_heron_156 azione_RL=CliffordSimp
job=dj_indep_tket_4|ibm_heron_156 azione_RL=RemoveRedundancies
job=dj_indep_tket_4|ibm_heron_156 azione_RL=RemoveRedundancies
job=dj_indep_tket_4|ibm_heron_156 azione_RL=QiskitO3
job=dj_indep_tket_4|ibm_heron_156 azione_RL=QiskitO3
job=dj_indep_tket_4|ibm_heron_156 azione_RL=RemoveRedundancies
job=dj_indep_tket_4|ibm_heron_156 azione_RL=InverseCancellation
job=dj_indep_tket_4|ibm_heron_156 azione_RL=QiskitO3
job=dj_indep_tket_4|ibm_heron_156 azione_RL=Opt2qBlocks
job=dj_indep_tket_4|ibm_heron_156 azione_RL=CommutativeInverseCancellation
job=dj_indep_tket_4|ibm_heron_156 azione_RL=RemoveDiagonalGatesBeforeMeasure
job=dj_indep_tket_4|ibm_heron_156 azione_RL=FullPeepholeOptimiseCX
job=dj_indep_tket_4|ibm_heron_156 azione_RL=RemoveDiagonalGatesBeforeMeasure
job=dj_indep_tket_4|ibm_heron_156 azione_RL=Opt2qBlocks
job=dj_indep_tket_4|ibm_heron_156 azione_RL=OptimizeCliffords
job=dj_indep_tket_4|ibm_heron_156 azione_RL=QiskitO3
job=dj_indep_tket_4|ibm_heron_156 azione_RL=RemoveRedundancies
job=dj_indep_tket_4|ibm_heron_156 azione_RL=CommutativeCancellation
job=dj_indep_tket_4|ibm_heron_156 azione_RL=CommutativeInverseCancellation
job=dj_indep_tket_4|ibm_heron_156 azione_RL=BQSKitO2
job=dj_indep_tket_4|ibm_heron_156 azione_RL=OptimizeCliffords
job=dj_indep_tket_4|ibm_heron_156 azione_RL=BQSKitO2
job=dj_indep_tket_4|ibm_heron_156 azione_RL=BQSKitO2
job=dj_indep_tket_4|ibm_heron_156 azione_RL=QiskitO3
job=dj_indep_tket_4|ibm_heron_156 azione_RL=Optimize1qGatesDecomposition
job=dj_indep_tket_4|ibm_heron_156 azione_RL=InverseCancellation
job=dj_indep_tket_4|ibm_heron_156 azione_RL=InverseCancellation
job=dj_indep_tket_4|ibm_heron_156 azione_RL=RemoveRedundancies
job=dj_indep_tket_4|ibm_heron_156 azione_RL=OptimizeCliffords
job=dj_indep_tket_4|ibm_heron_156 azione_RL=QiskitO3
job=dj_indep_tket_4|ibm_heron_156 azione_RL=CommutativeCancellation
job=dj_indep_tket_4|ibm_heron_156 azione_RL=RemoveRedundancies
job=dj_indep_tket_4|ibm_heron_156 azione_RL=RemoveDiagonalGatesBeforeMeasure
job=dj_indep_tket_4|ibm_heron_156 azione_RL=OptimizeCliffords
job=dj_indep_tket_4|ibm_heron_156 azione_RL=CommutativeInverseCancellation
job=dj_indep_tket_4|ibm_heron_156 azione_RL=BQSKitSynthesis
job=dj_indep_tket_4|ibm_heron_156 azione_RL=BasisTranslator
job=dj_indep_tket_4|ibm_heron_156 azione_RL=CommutativeInverseCancellation
job=dj_indep_tket_4|ibm_heron_156 azione_RL=RemoveDiagonalGatesBeforeMeasure
job=dj_indep_tket_4|ibm_heron_156 azione_RL=BQSKitSynthesis
job=dj_indep_tket_4|ibm_heron_156 azione_RL=BQSKitSynthesis
job=dj_indep_tket_4|ibm_heron_156 azione_RL=RemoveDiagonalGatesBeforeMeasure
job=dj_indep_tket_4|ibm_heron_156 azione_RL=InverseCancellation
job=dj_indep_tket_4|ibm_heron_156 azione_RL=BQSKitSynthesis
job=dj_indep_tket_4|ibm_heron_156 azione_RL=FullPeepholeOptimiseCX
job=dj_indep_tket_4|ibm_heron_156 azione_RL=BQSKitSynthesis
job=dj_indep_tket_4|ibm_heron_156 azione_RL=PeepholeOptimise2Q
job=dj_indep_tket_4|ibm_heron_156 azione_RL=RemoveDiagonalGatesBeforeMeasure
job=dj_indep_tket_4|ibm_heron_156 azione_RL=RemoveRedundancies
job=dj_indep_tket_4|ibm_heron_156 azione_RL=Optimize1qGatesDecomposition
job=dj_indep_tket_4|ibm_heron_156 azione_RL=RemoveDiagonalGatesBeforeMeasure
job=dj_indep_tket_4|ibm_heron_156 azione_RL=BQSKitO2
job=dj_indep_tket_4|ibm_heron_156 azione_RL=RemoveRedundancies
job=dj_indep_tket_4|ibm_heron_156 azione_RL=QiskitO3
job=dj_indep_tket_4|ibm_heron_156 azione_RL=FullPeepholeOptimiseCX
job=dj_indep_tket_4|ibm_heron_156 azione_RL=OptimizeCliffords
job=dj_indep_tket_4|ibm_heron_156 azione_RL=OptimizeCliffords
job=dj_indep_tket_4|ibm_heron_156 azione_RL=InverseCancellation
job=dj_indep_tket_4|ibm_heron_156 azione_RL=Opt2qBlocks
job=dj_indep_tket_4|ibm_heron_156 azione_RL=InverseCancellation
job=dj_indep_tket_4|ibm_heron_156 azione_RL=QiskitO3
job=dj_indep_tket_4|ibm_heron_156 azione_RL=Optimize1qGatesDecomposition
job=dj_indep_tket_4|ibm_heron_156 azione_RL=FullPeepholeOptimiseCX
job=dj_indep_tket_4|ibm_heron_156 azione_RL=Opt2qBlocks
job=dj_indep_tket_4|ibm_heron_156 azione_RL=FullPeepholeOptimiseCX
job=dj_indep_tket_4|ibm_heron_156 azione_RL=RemoveRedundancies
job=dj_indep_tket_4|ibm_heron_156 azione_RL=BQSKitSynthesis
job=dj_indep_tket_4|ibm_heron_156 azione_RL=BasisTranslator
job=dj_indep_tket_4|ibm_heron_156 azione_RL=QiskitO3
job=dj_indep_tket_4|ibm_heron_156 azione_RL=CliffordSimp
job=dj_indep_tket_4|ibm_heron_156 azione_RL=CommutativeCancellation
job=dj_indep_tket_4|ibm_heron_156 azione_RL=RemoveDiagonalGatesBeforeMeasure
job=dj_indep_tket_4|ibm_heron_156 azione_RL=Opt2qBlocks
job=dj_indep_tket_4|ibm_heron_156 azione_RL=CommutativeCancellation
job=dj_indep_tket_4|ibm_heron_156 azione_RL=PeepholeOptimise2Q
job=dj_indep_tket_4|ibm_heron_156 azione_RL=QiskitO3
job=dj_indep_tket_4|ibm_heron_156 azione_RL=CommutativeInverseCancellation
job=dj_indep_tket_4|ibm_heron_156 azione_RL=FullPeepholeOptimiseCX
job=dj_indep_tket_4|ibm_heron_156 azione_RL=BQSKitO2
job=dj_indep_tket_4|ibm_heron_156 azione_RL=InverseCancellation
job=dj_indep_tket_4|ibm_heron_156 azione_RL=BQSKitSynthesis
job=dj_indep_tket_4|ibm_heron_156 azione_RL=QiskitO3
job=dj_indep_tket_4|ibm_heron_156 azione_RL=Opt2qBlocks
job=dj_indep_tket_4|ibm_heron_156 azione_RL=RemoveRedundancies
job=dj_indep_tket_4|ibm_heron_156 azione_RL=QiskitO3
job=dj_indep_tket_4|ibm_heron_156 azione_RL=CommutativeCancellation
job=dj_indep_tket_4|ibm_heron_156 azione_RL=CommutativeCancellation
job=dj_indep_tket_4|ibm_heron_156 azione_RL=RemoveRedundancies
job=dj_indep_tket_4|ibm_heron_156 azione_RL=BQSKitO2
job=dj_indep_tket_4|ibm_heron_156 azione_RL=QiskitO3
job=dj_indep_tket_4|ibm_heron_156 azione_RL=CommutativeInverseCancellation
job=dj_indep_tket_4|ibm_heron_156 azione_RL=InverseCancellation
job=dj_indep_tket_4|ibm_heron_156 azione_RL=CliffordSimp
job=dj_indep_tket_4|ibm_heron_156 azione_RL=QiskitO3
job=dj_indep_tket_4|ibm_heron_156 azione_RL=RemoveDiagonalGatesBeforeMeasure
job=dj_indep_tket_4|ibm_heron_156 azione_RL=QiskitO3
job=dj_indep_tket_4|ibm_heron_156 azione_RL=BQSKitSynthesis
job=dj_indep_tket_4|ibm_heron_156 azione_RL=PeepholeOptimise2Q
job=dj_indep_tket_4|ibm_heron_156 azione_RL=InverseCancellation
job=dj_indep_tket_4|ibm_heron_156 azione_RL=BQSKitO2
job=dj_indep_tket_4|ibm_heron_156 azione_RL=FullPeepholeOptimiseCX
job=dj_indep_tket_4|ibm_heron_156 azione_RL=BasisTranslator
job=dj_indep_tket_4|ibm_heron_156 azione_RL=BQSKitSynthesis
job=dj_indep_tket_4|ibm_heron_156 azione_RL=BQSKitO2
job=dj_indep_tket_4|ibm_heron_156 azione_RL=CliffordSimp
job=dj_indep_tket_4|ibm_heron_156 azione_RL=RemoveRedundancies
job=dj_indep_tket_4|ibm_heron_156 azione_RL=BasisTranslator
job=dj_indep_tket_4|ibm_heron_156 azione_RL=Optimize1qGatesDecomposition
job=dj_indep_tket_4|ibm_heron_156 azione_RL=RemoveRedundancies
job=dj_indep_tket_4|ibm_heron_156 azione_RL=OptimizeCliffords
job=dj_indep_tket_4|ibm_heron_156 azione_RL=InverseCancellation
job=dj_indep_tket_4|ibm_heron_156 azione_RL=PeepholeOptimise2Q
job=dj_indep_tket_4|ibm_heron_156 azione_RL=PeepholeOptimise2Q
job=dj_indep_tket_4|ibm_heron_156 azione_RL=BQSKitO2
job=dj_indep_tket_4|ibm_heron_156 azione_RL=QiskitO3
job=dj_indep_tket_4|ibm_heron_156 azione_RL=BQSKitO2
job=dj_indep_tket_4|ibm_heron_156 fallback=QiskitO2
job=graphstate_indep_qiskit_4|ibm_heron_156 azione_RL=BQSKitO2
job=graphstate_indep_qiskit_4|ibm_heron_156 azione_RL=FullPeepholeOptimiseCX
job=graphstate_indep_qiskit_4|ibm_heron_156 azione_RL=BQSKitSynthesis
job=graphstate_indep_qiskit_4|ibm_heron_156 azione_RL=QiskitO3
job=graphstate_indep_qiskit_4|ibm_heron_156 azione_RL=BQSKitSynthesis
job=graphstate_indep_qiskit_4|ibm_heron_156 azione_RL=InverseCancellation
job=graphstate_indep_qiskit_4|ibm_heron_156 azione_RL=BQSKitO2
job=graphstate_indep_qiskit_4|ibm_heron_156 azione_RL=CommutativeInverseCancellation
job=graphstate_indep_qiskit_4|ibm_heron_156 azione_RL=RemoveDiagonalGatesBeforeMeasure
job=graphstate_indep_qiskit_4|ibm_heron_156 azione_RL=QiskitO3
job=graphstate_indep_qiskit_4|ibm_heron_156 azione_RL=RemoveDiagonalGatesBeforeMeasure
job=graphstate_indep_qiskit_4|ibm_heron_156 azione_RL=BQSKitSynthesis
job=graphstate_indep_qiskit_4|ibm_heron_156 azione_RL=BasisTranslator
job=graphstate_indep_qiskit_4|ibm_heron_156 azione_RL=CommutativeInverseCancellation
job=graphstate_indep_qiskit_4|ibm_heron_156 azione_RL=OptimizeCliffords
job=graphstate_indep_qiskit_4|ibm_heron_156 azione_RL=FullPeepholeOptimiseCX
job=graphstate_indep_qiskit_4|ibm_heron_156 azione_RL=BasisTranslator
job=graphstate_indep_qiskit_4|ibm_heron_156 azione_RL=RemoveDiagonalGatesBeforeMeasure
job=graphstate_indep_qiskit_4|ibm_heron_156 azione_RL=CommutativeCancellation
job=graphstate_indep_qiskit_4|ibm_heron_156 azione_RL=Optimize1qGatesDecomposition
job=graphstate_indep_qiskit_4|ibm_heron_156 azione_RL=CliffordSimp
job=graphstate_indep_qiskit_4|ibm_heron_156 azione_RL=BQSKitO2
job=graphstate_indep_qiskit_4|ibm_heron_156 azione_RL=BasisTranslator
job=graphstate_indep_qiskit_4|ibm_heron_156 azione_RL=PeepholeOptimise2Q
job=graphstate_indep_qiskit_4|ibm_heron_156 azione_RL=CliffordSimp
job=graphstate_indep_qiskit_4|ibm_heron_156 azione_RL=RemoveRedundancies
job=graphstate_indep_qiskit_4|ibm_heron_156 azione_RL=RemoveRedundancies
job=graphstate_indep_qiskit_4|ibm_heron_156 azione_RL=QiskitO3
job=graphstate_indep_qiskit_4|ibm_heron_156 azione_RL=QiskitO3
job=graphstate_indep_qiskit_4|ibm_heron_156 azione_RL=RemoveRedundancies
job=graphstate_indep_qiskit_4|ibm_heron_156 azione_RL=InverseCancellation
job=graphstate_indep_qiskit_4|ibm_heron_156 azione_RL=QiskitO3
job=graphstate_indep_qiskit_4|ibm_heron_156 azione_RL=Opt2qBlocks
job=graphstate_indep_qiskit_4|ibm_heron_156 azione_RL=CommutativeInverseCancellation
job=graphstate_indep_qiskit_4|ibm_heron_156 azione_RL=RemoveDiagonalGatesBeforeMeasure
job=graphstate_indep_qiskit_4|ibm_heron_156 azione_RL=FullPeepholeOptimiseCX
job=graphstate_indep_qiskit_4|ibm_heron_156 azione_RL=RemoveDiagonalGatesBeforeMeasure
job=graphstate_indep_qiskit_4|ibm_heron_156 azione_RL=Opt2qBlocks
job=graphstate_indep_qiskit_4|ibm_heron_156 azione_RL=OptimizeCliffords
job=graphstate_indep_qiskit_4|ibm_heron_156 azione_RL=QiskitO3
job=graphstate_indep_qiskit_4|ibm_heron_156 azione_RL=RemoveRedundancies
job=graphstate_indep_qiskit_4|ibm_heron_156 azione_RL=CommutativeCancellation
job=graphstate_indep_qiskit_4|ibm_heron_156 azione_RL=CommutativeInverseCancellation
job=graphstate_indep_qiskit_4|ibm_heron_156 azione_RL=BQSKitO2
job=graphstate_indep_qiskit_4|ibm_heron_156 azione_RL=OptimizeCliffords
job=graphstate_indep_qiskit_4|ibm_heron_156 azione_RL=BQSKitO2
job=graphstate_indep_qiskit_4|ibm_heron_156 azione_RL=BQSKitO2
job=graphstate_indep_qiskit_4|ibm_heron_156 azione_RL=QiskitO3
job=graphstate_indep_qiskit_4|ibm_heron_156 azione_RL=Optimize1qGatesDecomposition
job=graphstate_indep_qiskit_4|ibm_heron_156 azione_RL=InverseCancellation
job=graphstate_indep_qiskit_4|ibm_heron_156 azione_RL=InverseCancellation
job=graphstate_indep_qiskit_4|ibm_heron_156 azione_RL=RemoveRedundancies
job=graphstate_indep_qiskit_4|ibm_heron_156 azione_RL=OptimizeCliffords
job=graphstate_indep_qiskit_4|ibm_heron_156 azione_RL=QiskitO3
job=graphstate_indep_qiskit_4|ibm_heron_156 azione_RL=CommutativeCancellation
job=graphstate_indep_qiskit_4|ibm_heron_156 azione_RL=RemoveRedundancies
job=graphstate_indep_qiskit_4|ibm_heron_156 azione_RL=RemoveDiagonalGatesBeforeMeasure
job=graphstate_indep_qiskit_4|ibm_heron_156 azione_RL=OptimizeCliffords
job=graphstate_indep_qiskit_4|ibm_heron_156 azione_RL=CommutativeInverseCancellation
job=graphstate_indep_qiskit_4|ibm_heron_156 azione_RL=BQSKitSynthesis
job=graphstate_indep_qiskit_4|ibm_heron_156 azione_RL=BasisTranslator
job=graphstate_indep_qiskit_4|ibm_heron_156 azione_RL=CommutativeInverseCancellation
job=graphstate_indep_qiskit_4|ibm_heron_156 azione_RL=RemoveDiagonalGatesBeforeMeasure
job=graphstate_indep_qiskit_4|ibm_heron_156 azione_RL=BQSKitSynthesis
job=graphstate_indep_qiskit_4|ibm_heron_156 azione_RL=BQSKitSynthesis
job=graphstate_indep_qiskit_4|ibm_heron_156 azione_RL=RemoveDiagonalGatesBeforeMeasure
job=graphstate_indep_qiskit_4|ibm_heron_156 azione_RL=InverseCancellation
job=graphstate_indep_qiskit_4|ibm_heron_156 azione_RL=BQSKitSynthesis
job=graphstate_indep_qiskit_4|ibm_heron_156 azione_RL=FullPeepholeOptimiseCX
job=graphstate_indep_qiskit_4|ibm_heron_156 azione_RL=BQSKitSynthesis
job=graphstate_indep_qiskit_4|ibm_heron_156 azione_RL=PeepholeOptimise2Q
job=graphstate_indep_qiskit_4|ibm_heron_156 azione_RL=RemoveDiagonalGatesBeforeMeasure
job=graphstate_indep_qiskit_4|ibm_heron_156 azione_RL=RemoveRedundancies
job=graphstate_indep_qiskit_4|ibm_heron_156 azione_RL=Optimize1qGatesDecomposition
job=graphstate_indep_qiskit_4|ibm_heron_156 azione_RL=RemoveDiagonalGatesBeforeMeasure
job=graphstate_indep_qiskit_4|ibm_heron_156 azione_RL=BQSKitO2
job=graphstate_indep_qiskit_4|ibm_heron_156 azione_RL=RemoveRedundancies
job=graphstate_indep_qiskit_4|ibm_heron_156 azione_RL=QiskitO3
job=graphstate_indep_qiskit_4|ibm_heron_156 azione_RL=FullPeepholeOptimiseCX
job=graphstate_indep_qiskit_4|ibm_heron_156 azione_RL=OptimizeCliffords
job=graphstate_indep_qiskit_4|ibm_heron_156 azione_RL=OptimizeCliffords
job=graphstate_indep_qiskit_4|ibm_heron_156 azione_RL=InverseCancellation
job=graphstate_indep_qiskit_4|ibm_heron_156 azione_RL=Opt2qBlocks
job=graphstate_indep_qiskit_4|ibm_heron_156 azione_RL=InverseCancellation
job=graphstate_indep_qiskit_4|ibm_heron_156 azione_RL=QiskitO3
job=graphstate_indep_qiskit_4|ibm_heron_156 azione_RL=Optimize1qGatesDecomposition
job=graphstate_indep_qiskit_4|ibm_heron_156 azione_RL=FullPeepholeOptimiseCX
job=graphstate_indep_qiskit_4|ibm_heron_156 azione_RL=Opt2qBlocks
job=graphstate_indep_qiskit_4|ibm_heron_156 azione_RL=FullPeepholeOptimiseCX
job=graphstate_indep_qiskit_4|ibm_heron_156 azione_RL=RemoveRedundancies
job=graphstate_indep_qiskit_4|ibm_heron_156 azione_RL=BQSKitSynthesis
job=graphstate_indep_qiskit_4|ibm_heron_156 azione_RL=BasisTranslator
job=graphstate_indep_qiskit_4|ibm_heron_156 azione_RL=QiskitO3
job=graphstate_indep_qiskit_4|ibm_heron_156 azione_RL=CliffordSimp
job=graphstate_indep_qiskit_4|ibm_heron_156 azione_RL=CommutativeCancellation
job=graphstate_indep_qiskit_4|ibm_heron_156 azione_RL=RemoveDiagonalGatesBeforeMeasure
job=graphstate_indep_qiskit_4|ibm_heron_156 azione_RL=Opt2qBlocks
job=graphstate_indep_qiskit_4|ibm_heron_156 azione_RL=CommutativeCancellation
job=graphstate_indep_qiskit_4|ibm_heron_156 azione_RL=PeepholeOptimise2Q
job=graphstate_indep_qiskit_4|ibm_heron_156 azione_RL=QiskitO3
job=graphstate_indep_qiskit_4|ibm_heron_156 azione_RL=CommutativeInverseCancellation
job=graphstate_indep_qiskit_4|ibm_heron_156 azione_RL=FullPeepholeOptimiseCX
job=graphstate_indep_qiskit_4|ibm_heron_156 azione_RL=BQSKitO2
job=graphstate_indep_qiskit_4|ibm_heron_156 azione_RL=InverseCancellation
job=graphstate_indep_qiskit_4|ibm_heron_156 azione_RL=BQSKitSynthesis
job=graphstate_indep_qiskit_4|ibm_heron_156 azione_RL=QiskitO3
job=graphstate_indep_qiskit_4|ibm_heron_156 azione_RL=Opt2qBlocks
job=graphstate_indep_qiskit_4|ibm_heron_156 azione_RL=RemoveRedundancies
job=graphstate_indep_qiskit_4|ibm_heron_156 azione_RL=QiskitO3
job=graphstate_indep_qiskit_4|ibm_heron_156 azione_RL=CommutativeCancellation
job=graphstate_indep_qiskit_4|ibm_heron_156 azione_RL=CommutativeCancellation
job=graphstate_indep_qiskit_4|ibm_heron_156 azione_RL=RemoveRedundancies
job=graphstate_indep_qiskit_4|ibm_heron_156 azione_RL=BQSKitO2
job=graphstate_indep_qiskit_4|ibm_heron_156 azione_RL=QiskitO3
job=graphstate_indep_qiskit_4|ibm_heron_156 azione_RL=CommutativeInverseCancellation
job=graphstate_indep_qiskit_4|ibm_heron_156 azione_RL=InverseCancellation
job=graphstate_indep_qiskit_4|ibm_heron_156 azione_RL=CliffordSimp
job=graphstate_indep_qiskit_4|ibm_heron_156 azione_RL=QiskitO3
job=graphstate_indep_qiskit_4|ibm_heron_156 azione_RL=RemoveDiagonalGatesBeforeMeasure
job=graphstate_indep_qiskit_4|ibm_heron_156 azione_RL=QiskitO3
job=graphstate_indep_qiskit_4|ibm_heron_156 azione_RL=BQSKitSynthesis
job=graphstate_indep_qiskit_4|ibm_heron_156 azione_RL=PeepholeOptimise2Q
job=graphstate_indep_qiskit_4|ibm_heron_156 azione_RL=InverseCancellation
job=graphstate_indep_qiskit_4|ibm_heron_156 azione_RL=BQSKitO2
job=graphstate_indep_qiskit_4|ibm_heron_156 azione_RL=FullPeepholeOptimiseCX
job=graphstate_indep_qiskit_4|ibm_heron_156 azione_RL=BasisTranslator
job=graphstate_indep_qiskit_4|ibm_heron_156 azione_RL=BQSKitSynthesis
job=graphstate_indep_qiskit_4|ibm_heron_156 azione_RL=BQSKitO2
job=graphstate_indep_qiskit_4|ibm_heron_156 azione_RL=CliffordSimp
job=graphstate_indep_qiskit_4|ibm_heron_156 azione_RL=RemoveRedundancies
job=graphstate_indep_qiskit_4|ibm_heron_156 azione_RL=BasisTranslator
job=graphstate_indep_qiskit_4|ibm_heron_156 azione_RL=Optimize1qGatesDecomposition
job=graphstate_indep_qiskit_4|ibm_heron_156 azione_RL=RemoveRedundancies
job=graphstate_indep_qiskit_4|ibm_heron_156 azione_RL=OptimizeCliffords
job=graphstate_indep_qiskit_4|ibm_heron_156 azione_RL=InverseCancellation
job=graphstate_indep_qiskit_4|ibm_heron_156 azione_RL=PeepholeOptimise2Q
job=graphstate_indep_qiskit_4|ibm_heron_156 azione_RL=QiskitO3
job=graphstate_indep_qiskit_4|ibm_heron_156 azione_RL=BQSKitO2
job=graphstate_indep_qiskit_4|ibm_heron_156 fallback=QiskitO2
job=graphstate_indep_tket_4|ibm_heron_156 azione_RL=BQSKitO2
job=graphstate_indep_tket_4|ibm_heron_156 azione_RL=FullPeepholeOptimiseCX
job=graphstate_indep_tket_4|ibm_heron_156 azione_RL=BQSKitSynthesis
job=graphstate_indep_tket_4|ibm_heron_156 azione_RL=QiskitO3
job=graphstate_indep_tket_4|ibm_heron_156 azione_RL=BQSKitSynthesis
job=graphstate_indep_tket_4|ibm_heron_156 azione_RL=InverseCancellation
job=graphstate_indep_tket_4|ibm_heron_156 azione_RL=BQSKitO2
job=graphstate_indep_tket_4|ibm_heron_156 azione_RL=CommutativeInverseCancellation
job=graphstate_indep_tket_4|ibm_heron_156 azione_RL=RemoveDiagonalGatesBeforeMeasure
job=graphstate_indep_tket_4|ibm_heron_156 azione_RL=QiskitO3
job=graphstate_indep_tket_4|ibm_heron_156 azione_RL=RemoveDiagonalGatesBeforeMeasure
job=graphstate_indep_tket_4|ibm_heron_156 azione_RL=BQSKitSynthesis
job=graphstate_indep_tket_4|ibm_heron_156 azione_RL=BasisTranslator
job=graphstate_indep_tket_4|ibm_heron_156 azione_RL=CommutativeInverseCancellation
job=graphstate_indep_tket_4|ibm_heron_156 azione_RL=OptimizeCliffords
job=graphstate_indep_tket_4|ibm_heron_156 azione_RL=FullPeepholeOptimiseCX
job=graphstate_indep_tket_4|ibm_heron_156 azione_RL=BasisTranslator
job=graphstate_indep_tket_4|ibm_heron_156 azione_RL=RemoveDiagonalGatesBeforeMeasure
job=graphstate_indep_tket_4|ibm_heron_156 azione_RL=CommutativeCancellation
job=graphstate_indep_tket_4|ibm_heron_156 azione_RL=Optimize1qGatesDecomposition
job=graphstate_indep_tket_4|ibm_heron_156 azione_RL=CliffordSimp
job=graphstate_indep_tket_4|ibm_heron_156 azione_RL=BQSKitO2
job=graphstate_indep_tket_4|ibm_heron_156 azione_RL=BasisTranslator
job=graphstate_indep_tket_4|ibm_heron_156 azione_RL=PeepholeOptimise2Q
job=graphstate_indep_tket_4|ibm_heron_156 azione_RL=CliffordSimp
job=graphstate_indep_tket_4|ibm_heron_156 azione_RL=RemoveRedundancies
job=graphstate_indep_tket_4|ibm_heron_156 azione_RL=RemoveRedundancies
job=graphstate_indep_tket_4|ibm_heron_156 azione_RL=QiskitO3
job=graphstate_indep_tket_4|ibm_heron_156 azione_RL=QiskitO3
job=graphstate_indep_tket_4|ibm_heron_156 azione_RL=RemoveRedundancies
job=graphstate_indep_tket_4|ibm_heron_156 azione_RL=InverseCancellation
job=graphstate_indep_tket_4|ibm_heron_156 azione_RL=QiskitO3
job=graphstate_indep_tket_4|ibm_heron_156 azione_RL=Opt2qBlocks
job=graphstate_indep_tket_4|ibm_heron_156 azione_RL=CommutativeInverseCancellation
job=graphstate_indep_tket_4|ibm_heron_156 azione_RL=RemoveDiagonalGatesBeforeMeasure
job=graphstate_indep_tket_4|ibm_heron_156 azione_RL=FullPeepholeOptimiseCX
job=graphstate_indep_tket_4|ibm_heron_156 azione_RL=RemoveDiagonalGatesBeforeMeasure
job=graphstate_indep_tket_4|ibm_heron_156 azione_RL=Opt2qBlocks
job=graphstate_indep_tket_4|ibm_heron_156 azione_RL=OptimizeCliffords
job=graphstate_indep_tket_4|ibm_heron_156 azione_RL=QiskitO3
job=graphstate_indep_tket_4|ibm_heron_156 azione_RL=RemoveRedundancies
job=graphstate_indep_tket_4|ibm_heron_156 azione_RL=CommutativeCancellation
job=graphstate_indep_tket_4|ibm_heron_156 azione_RL=CommutativeInverseCancellation
job=graphstate_indep_tket_4|ibm_heron_156 azione_RL=BQSKitO2
job=graphstate_indep_tket_4|ibm_heron_156 azione_RL=OptimizeCliffords
job=graphstate_indep_tket_4|ibm_heron_156 azione_RL=BQSKitO2
job=graphstate_indep_tket_4|ibm_heron_156 azione_RL=BQSKitO2
job=graphstate_indep_tket_4|ibm_heron_156 azione_RL=QiskitO3
job=graphstate_indep_tket_4|ibm_heron_156 azione_RL=Optimize1qGatesDecomposition
job=graphstate_indep_tket_4|ibm_heron_156 azione_RL=InverseCancellation
job=graphstate_indep_tket_4|ibm_heron_156 azione_RL=InverseCancellation
job=graphstate_indep_tket_4|ibm_heron_156 azione_RL=RemoveRedundancies
job=graphstate_indep_tket_4|ibm_heron_156 azione_RL=OptimizeCliffords
job=graphstate_indep_tket_4|ibm_heron_156 azione_RL=QiskitO3
job=graphstate_indep_tket_4|ibm_heron_156 azione_RL=CommutativeCancellation
job=graphstate_indep_tket_4|ibm_heron_156 azione_RL=RemoveRedundancies
job=graphstate_indep_tket_4|ibm_heron_156 azione_RL=RemoveDiagonalGatesBeforeMeasure
job=graphstate_indep_tket_4|ibm_heron_156 azione_RL=OptimizeCliffords
job=graphstate_indep_tket_4|ibm_heron_156 azione_RL=CommutativeInverseCancellation
job=graphstate_indep_tket_4|ibm_heron_156 azione_RL=BQSKitSynthesis
job=graphstate_indep_tket_4|ibm_heron_156 azione_RL=BasisTranslator
job=graphstate_indep_tket_4|ibm_heron_156 azione_RL=CommutativeInverseCancellation
job=graphstate_indep_tket_4|ibm_heron_156 azione_RL=RemoveDiagonalGatesBeforeMeasure
job=graphstate_indep_tket_4|ibm_heron_156 azione_RL=BQSKitSynthesis
job=graphstate_indep_tket_4|ibm_heron_156 azione_RL=BQSKitSynthesis
job=graphstate_indep_tket_4|ibm_heron_156 azione_RL=RemoveDiagonalGatesBeforeMeasure
job=graphstate_indep_tket_4|ibm_heron_156 azione_RL=InverseCancellation
job=graphstate_indep_tket_4|ibm_heron_156 azione_RL=BQSKitSynthesis
job=graphstate_indep_tket_4|ibm_heron_156 azione_RL=FullPeepholeOptimiseCX
job=graphstate_indep_tket_4|ibm_heron_156 azione_RL=BQSKitSynthesis
job=graphstate_indep_tket_4|ibm_heron_156 azione_RL=PeepholeOptimise2Q
job=graphstate_indep_tket_4|ibm_heron_156 azione_RL=RemoveDiagonalGatesBeforeMeasure
job=graphstate_indep_tket_4|ibm_heron_156 azione_RL=RemoveRedundancies
job=graphstate_indep_tket_4|ibm_heron_156 azione_RL=Optimize1qGatesDecomposition
job=graphstate_indep_tket_4|ibm_heron_156 azione_RL=RemoveDiagonalGatesBeforeMeasure
job=graphstate_indep_tket_4|ibm_heron_156 azione_RL=BQSKitO2
job=graphstate_indep_tket_4|ibm_heron_156 azione_RL=RemoveRedundancies
job=graphstate_indep_tket_4|ibm_heron_156 azione_RL=QiskitO3
job=graphstate_indep_tket_4|ibm_heron_156 azione_RL=FullPeepholeOptimiseCX
job=graphstate_indep_tket_4|ibm_heron_156 azione_RL=OptimizeCliffords
job=graphstate_indep_tket_4|ibm_heron_156 azione_RL=OptimizeCliffords
job=graphstate_indep_tket_4|ibm_heron_156 azione_RL=InverseCancellation
job=graphstate_indep_tket_4|ibm_heron_156 azione_RL=Opt2qBlocks
job=graphstate_indep_tket_4|ibm_heron_156 azione_RL=InverseCancellation
job=graphstate_indep_tket_4|ibm_heron_156 azione_RL=QiskitO3
job=graphstate_indep_tket_4|ibm_heron_156 azione_RL=Optimize1qGatesDecomposition
job=graphstate_indep_tket_4|ibm_heron_156 azione_RL=FullPeepholeOptimiseCX
job=graphstate_indep_tket_4|ibm_heron_156 azione_RL=Opt2qBlocks
job=graphstate_indep_tket_4|ibm_heron_156 azione_RL=FullPeepholeOptimiseCX
job=graphstate_indep_tket_4|ibm_heron_156 azione_RL=RemoveRedundancies
job=graphstate_indep_tket_4|ibm_heron_156 azione_RL=BQSKitSynthesis
job=graphstate_indep_tket_4|ibm_heron_156 azione_RL=BasisTranslator
job=graphstate_indep_tket_4|ibm_heron_156 azione_RL=QiskitO3
job=graphstate_indep_tket_4|ibm_heron_156 azione_RL=CliffordSimp
job=graphstate_indep_tket_4|ibm_heron_156 azione_RL=CommutativeCancellation
job=graphstate_indep_tket_4|ibm_heron_156 azione_RL=RemoveDiagonalGatesBeforeMeasure
job=graphstate_indep_tket_4|ibm_heron_156 azione_RL=Opt2qBlocks
job=graphstate_indep_tket_4|ibm_heron_156 azione_RL=CommutativeCancellation
job=graphstate_indep_tket_4|ibm_heron_156 azione_RL=PeepholeOptimise2Q
job=graphstate_indep_tket_4|ibm_heron_156 azione_RL=QiskitO3
job=graphstate_indep_tket_4|ibm_heron_156 azione_RL=CommutativeInverseCancellation
job=graphstate_indep_tket_4|ibm_heron_156 azione_RL=FullPeepholeOptimiseCX
job=graphstate_indep_tket_4|ibm_heron_156 azione_RL=BQSKitO2
job=graphstate_indep_tket_4|ibm_heron_156 azione_RL=InverseCancellation
job=graphstate_indep_tket_4|ibm_heron_156 azione_RL=BQSKitSynthesis
job=graphstate_indep_tket_4|ibm_heron_156 azione_RL=QiskitO3
job=graphstate_indep_tket_4|ibm_heron_156 azione_RL=Opt2qBlocks
job=graphstate_indep_tket_4|ibm_heron_156 azione_RL=RemoveRedundancies
job=graphstate_indep_tket_4|ibm_heron_156 azione_RL=QiskitO3
job=graphstate_indep_tket_4|ibm_heron_156 azione_RL=CommutativeCancellation
job=graphstate_indep_tket_4|ibm_heron_156 azione_RL=CommutativeCancellation
job=graphstate_indep_tket_4|ibm_heron_156 azione_RL=RemoveRedundancies
job=graphstate_indep_tket_4|ibm_heron_156 azione_RL=BQSKitO2
job=graphstate_indep_tket_4|ibm_heron_156 azione_RL=QiskitO3
job=graphstate_indep_tket_4|ibm_heron_156 azione_RL=CommutativeInverseCancellation
job=graphstate_indep_tket_4|ibm_heron_156 azione_RL=InverseCancellation
job=graphstate_indep_tket_4|ibm_heron_156 azione_RL=CliffordSimp
job=graphstate_indep_tket_4|ibm_heron_156 azione_RL=QiskitO3
job=graphstate_indep_tket_4|ibm_heron_156 azione_RL=RemoveDiagonalGatesBeforeMeasure
job=graphstate_indep_tket_4|ibm_heron_156 azione_RL=QiskitO3
job=graphstate_indep_tket_4|ibm_heron_156 azione_RL=BQSKitSynthesis
job=graphstate_indep_tket_4|ibm_heron_156 azione_RL=PeepholeOptimise2Q
job=graphstate_indep_tket_4|ibm_heron_156 azione_RL=InverseCancellation
job=graphstate_indep_tket_4|ibm_heron_156 azione_RL=BQSKitO2
job=graphstate_indep_tket_4|ibm_heron_156 azione_RL=FullPeepholeOptimiseCX
job=graphstate_indep_tket_4|ibm_heron_156 azione_RL=BasisTranslator
job=graphstate_indep_tket_4|ibm_heron_156 azione_RL=BQSKitSynthesis
job=graphstate_indep_tket_4|ibm_heron_156 azione_RL=BQSKitO2
job=graphstate_indep_tket_4|ibm_heron_156 azione_RL=CliffordSimp
job=graphstate_indep_tket_4|ibm_heron_156 azione_RL=RemoveRedundancies
job=graphstate_indep_tket_4|ibm_heron_156 azione_RL=BasisTranslator
job=graphstate_indep_tket_4|ibm_heron_156 azione_RL=Optimize1qGatesDecomposition
job=graphstate_indep_tket_4|ibm_heron_156 azione_RL=RemoveRedundancies
job=graphstate_indep_tket_4|ibm_heron_156 azione_RL=OptimizeCliffords
job=graphstate_indep_tket_4|ibm_heron_156 azione_RL=InverseCancellation
job=graphstate_indep_tket_4|ibm_heron_156 azione_RL=PeepholeOptimise2Q
job=graphstate_indep_tket_4|ibm_heron_156 azione_RL=QiskitO3
job=graphstate_indep_tket_4|ibm_heron_156 azione_RL=BQSKitO2
job=graphstate_indep_tket_4|ibm_heron_156 azione_RL=QiskitO3
job=graphstate_indep_tket_4|ibm_heron_156 azione_RL=BQSKitO2
job=graphstate_indep_tket_4|ibm_heron_156 fallback=QiskitO2
job=groundstate_small_indep_qiskit_4|ibm_heron_156 azione_RL=BQSKitO2
job=groundstate_small_indep_qiskit_4|ibm_heron_156 azione_RL=FullPeepholeOptimiseCX
job=groundstate_small_indep_qiskit_4|ibm_heron_156 azione_RL=BQSKitSynthesis
job=groundstate_small_indep_qiskit_4|ibm_heron_156 azione_RL=QiskitO3
job=groundstate_small_indep_qiskit_4|ibm_heron_156 azione_RL=BQSKitSynthesis
job=groundstate_small_indep_qiskit_4|ibm_heron_156 azione_RL=InverseCancellation
job=groundstate_small_indep_qiskit_4|ibm_heron_156 azione_RL=BQSKitO2
job=groundstate_small_indep_qiskit_4|ibm_heron_156 azione_RL=CommutativeInverseCancellation
job=groundstate_small_indep_qiskit_4|ibm_heron_156 azione_RL=RemoveDiagonalGatesBeforeMeasure
job=groundstate_small_indep_qiskit_4|ibm_heron_156 azione_RL=QiskitO3
job=groundstate_small_indep_qiskit_4|ibm_heron_156 azione_RL=RemoveDiagonalGatesBeforeMeasure
job=groundstate_small_indep_qiskit_4|ibm_heron_156 azione_RL=BQSKitSynthesis
job=groundstate_small_indep_qiskit_4|ibm_heron_156 azione_RL=BasisTranslator
job=groundstate_small_indep_qiskit_4|ibm_heron_156 azione_RL=CommutativeInverseCancellation
job=groundstate_small_indep_qiskit_4|ibm_heron_156 azione_RL=OptimizeCliffords
job=groundstate_small_indep_qiskit_4|ibm_heron_156 azione_RL=FullPeepholeOptimiseCX
job=groundstate_small_indep_qiskit_4|ibm_heron_156 azione_RL=BasisTranslator
job=groundstate_small_indep_qiskit_4|ibm_heron_156 azione_RL=RemoveDiagonalGatesBeforeMeasure
job=groundstate_small_indep_qiskit_4|ibm_heron_156 azione_RL=CommutativeCancellation
job=groundstate_small_indep_qiskit_4|ibm_heron_156 azione_RL=Optimize1qGatesDecomposition
job=groundstate_small_indep_qiskit_4|ibm_heron_156 azione_RL=CliffordSimp
job=groundstate_small_indep_qiskit_4|ibm_heron_156 azione_RL=BQSKitO2
job=groundstate_small_indep_qiskit_4|ibm_heron_156 azione_RL=BasisTranslator
job=groundstate_small_indep_qiskit_4|ibm_heron_156 azione_RL=PeepholeOptimise2Q
job=groundstate_small_indep_qiskit_4|ibm_heron_156 azione_RL=Opt2qBlocks
job=groundstate_small_indep_qiskit_4|ibm_heron_156 azione_RL=RemoveRedundancies
job=groundstate_small_indep_qiskit_4|ibm_heron_156 azione_RL=RemoveRedundancies
job=groundstate_small_indep_qiskit_4|ibm_heron_156 azione_RL=QiskitO3
job=groundstate_small_indep_qiskit_4|ibm_heron_156 azione_RL=QiskitO3
job=groundstate_small_indep_qiskit_4|ibm_heron_156 azione_RL=RemoveRedundancies
job=groundstate_small_indep_qiskit_4|ibm_heron_156 azione_RL=InverseCancellation
job=groundstate_small_indep_qiskit_4|ibm_heron_156 azione_RL=QiskitO3
job=groundstate_small_indep_qiskit_4|ibm_heron_156 azione_RL=Opt2qBlocks
job=groundstate_small_indep_qiskit_4|ibm_heron_156 azione_RL=CommutativeInverseCancellation
job=groundstate_small_indep_qiskit_4|ibm_heron_156 azione_RL=RemoveDiagonalGatesBeforeMeasure
job=groundstate_small_indep_qiskit_4|ibm_heron_156 azione_RL=FullPeepholeOptimiseCX
job=groundstate_small_indep_qiskit_4|ibm_heron_156 azione_RL=RemoveDiagonalGatesBeforeMeasure
job=groundstate_small_indep_qiskit_4|ibm_heron_156 azione_RL=Opt2qBlocks
job=groundstate_small_indep_qiskit_4|ibm_heron_156 azione_RL=OptimizeCliffords
job=groundstate_small_indep_qiskit_4|ibm_heron_156 azione_RL=QiskitO3
job=groundstate_small_indep_qiskit_4|ibm_heron_156 azione_RL=RemoveRedundancies
job=groundstate_small_indep_qiskit_4|ibm_heron_156 azione_RL=CommutativeCancellation
job=groundstate_small_indep_qiskit_4|ibm_heron_156 azione_RL=CommutativeInverseCancellation
job=groundstate_small_indep_qiskit_4|ibm_heron_156 azione_RL=BQSKitO2
job=groundstate_small_indep_qiskit_4|ibm_heron_156 azione_RL=OptimizeCliffords
job=groundstate_small_indep_qiskit_4|ibm_heron_156 azione_RL=BQSKitO2
job=groundstate_small_indep_qiskit_4|ibm_heron_156 azione_RL=BQSKitO2
job=groundstate_small_indep_qiskit_4|ibm_heron_156 azione_RL=QiskitO3
job=groundstate_small_indep_qiskit_4|ibm_heron_156 azione_RL=Optimize1qGatesDecomposition
job=groundstate_small_indep_qiskit_4|ibm_heron_156 azione_RL=InverseCancellation
job=groundstate_small_indep_qiskit_4|ibm_heron_156 azione_RL=InverseCancellation
job=groundstate_small_indep_qiskit_4|ibm_heron_156 azione_RL=RemoveRedundancies
job=groundstate_small_indep_qiskit_4|ibm_heron_156 azione_RL=OptimizeCliffords
job=groundstate_small_indep_qiskit_4|ibm_heron_156 azione_RL=QiskitO3
job=groundstate_small_indep_qiskit_4|ibm_heron_156 azione_RL=CommutativeCancellation
job=groundstate_small_indep_qiskit_4|ibm_heron_156 azione_RL=RemoveRedundancies
job=groundstate_small_indep_qiskit_4|ibm_heron_156 azione_RL=RemoveDiagonalGatesBeforeMeasure
job=groundstate_small_indep_qiskit_4|ibm_heron_156 azione_RL=OptimizeCliffords
job=groundstate_small_indep_qiskit_4|ibm_heron_156 azione_RL=CommutativeInverseCancellation
job=groundstate_small_indep_qiskit_4|ibm_heron_156 azione_RL=BQSKitSynthesis
job=groundstate_small_indep_qiskit_4|ibm_heron_156 azione_RL=BasisTranslator
job=groundstate_small_indep_qiskit_4|ibm_heron_156 azione_RL=CommutativeInverseCancellation
job=groundstate_small_indep_qiskit_4|ibm_heron_156 azione_RL=RemoveDiagonalGatesBeforeMeasure
job=groundstate_small_indep_qiskit_4|ibm_heron_156 azione_RL=BQSKitSynthesis
job=groundstate_small_indep_qiskit_4|ibm_heron_156 azione_RL=BQSKitSynthesis
job=groundstate_small_indep_qiskit_4|ibm_heron_156 azione_RL=RemoveDiagonalGatesBeforeMeasure
job=groundstate_small_indep_qiskit_4|ibm_heron_156 azione_RL=InverseCancellation
job=groundstate_small_indep_qiskit_4|ibm_heron_156 azione_RL=BQSKitSynthesis
job=groundstate_small_indep_qiskit_4|ibm_heron_156 azione_RL=FullPeepholeOptimiseCX
job=groundstate_small_indep_qiskit_4|ibm_heron_156 azione_RL=BQSKitSynthesis
job=groundstate_small_indep_qiskit_4|ibm_heron_156 azione_RL=PeepholeOptimise2Q
job=groundstate_small_indep_qiskit_4|ibm_heron_156 azione_RL=RemoveDiagonalGatesBeforeMeasure
job=groundstate_small_indep_qiskit_4|ibm_heron_156 azione_RL=RemoveRedundancies
job=groundstate_small_indep_qiskit_4|ibm_heron_156 azione_RL=Optimize1qGatesDecomposition
job=groundstate_small_indep_qiskit_4|ibm_heron_156 azione_RL=RemoveDiagonalGatesBeforeMeasure
job=groundstate_small_indep_qiskit_4|ibm_heron_156 azione_RL=BQSKitO2
job=groundstate_small_indep_qiskit_4|ibm_heron_156 azione_RL=RemoveRedundancies
job=groundstate_small_indep_qiskit_4|ibm_heron_156 azione_RL=QiskitO3
job=groundstate_small_indep_qiskit_4|ibm_heron_156 azione_RL=FullPeepholeOptimiseCX
job=groundstate_small_indep_qiskit_4|ibm_heron_156 azione_RL=OptimizeCliffords
job=groundstate_small_indep_qiskit_4|ibm_heron_156 azione_RL=OptimizeCliffords
job=groundstate_small_indep_qiskit_4|ibm_heron_156 azione_RL=InverseCancellation
job=groundstate_small_indep_qiskit_4|ibm_heron_156 azione_RL=Opt2qBlocks
job=groundstate_small_indep_qiskit_4|ibm_heron_156 azione_RL=InverseCancellation
job=groundstate_small_indep_qiskit_4|ibm_heron_156 azione_RL=QiskitO3
job=groundstate_small_indep_qiskit_4|ibm_heron_156 azione_RL=Optimize1qGatesDecomposition
job=groundstate_small_indep_qiskit_4|ibm_heron_156 azione_RL=FullPeepholeOptimiseCX
job=groundstate_small_indep_qiskit_4|ibm_heron_156 azione_RL=Opt2qBlocks
job=groundstate_small_indep_qiskit_4|ibm_heron_156 azione_RL=FullPeepholeOptimiseCX
job=groundstate_small_indep_qiskit_4|ibm_heron_156 azione_RL=RemoveRedundancies
job=groundstate_small_indep_qiskit_4|ibm_heron_156 azione_RL=BQSKitSynthesis
job=groundstate_small_indep_qiskit_4|ibm_heron_156 azione_RL=BasisTranslator
job=groundstate_small_indep_qiskit_4|ibm_heron_156 azione_RL=QiskitO3
job=groundstate_small_indep_qiskit_4|ibm_heron_156 azione_RL=CliffordSimp
job=groundstate_small_indep_qiskit_4|ibm_heron_156 azione_RL=CommutativeCancellation
job=groundstate_small_indep_qiskit_4|ibm_heron_156 azione_RL=RemoveDiagonalGatesBeforeMeasure
job=groundstate_small_indep_qiskit_4|ibm_heron_156 azione_RL=Opt2qBlocks
job=groundstate_small_indep_qiskit_4|ibm_heron_156 azione_RL=CommutativeCancellation
job=groundstate_small_indep_qiskit_4|ibm_heron_156 azione_RL=PeepholeOptimise2Q
job=groundstate_small_indep_qiskit_4|ibm_heron_156 azione_RL=QiskitO3
job=groundstate_small_indep_qiskit_4|ibm_heron_156 azione_RL=CommutativeInverseCancellation
job=groundstate_small_indep_qiskit_4|ibm_heron_156 azione_RL=FullPeepholeOptimiseCX
job=groundstate_small_indep_qiskit_4|ibm_heron_156 azione_RL=BQSKitO2
job=groundstate_small_indep_qiskit_4|ibm_heron_156 azione_RL=InverseCancellation
job=groundstate_small_indep_qiskit_4|ibm_heron_156 azione_RL=BQSKitSynthesis
job=groundstate_small_indep_qiskit_4|ibm_heron_156 azione_RL=QiskitO3
job=groundstate_small_indep_qiskit_4|ibm_heron_156 azione_RL=Opt2qBlocks
job=groundstate_small_indep_qiskit_4|ibm_heron_156 azione_RL=RemoveRedundancies
job=groundstate_small_indep_qiskit_4|ibm_heron_156 azione_RL=QiskitO3
job=groundstate_small_indep_qiskit_4|ibm_heron_156 azione_RL=CommutativeCancellation
job=groundstate_small_indep_qiskit_4|ibm_heron_156 azione_RL=CommutativeCancellation
job=groundstate_small_indep_qiskit_4|ibm_heron_156 azione_RL=RemoveRedundancies
job=groundstate_small_indep_qiskit_4|ibm_heron_156 azione_RL=BQSKitO2
job=groundstate_small_indep_qiskit_4|ibm_heron_156 azione_RL=QiskitO3
job=groundstate_small_indep_qiskit_4|ibm_heron_156 azione_RL=CommutativeInverseCancellation
job=groundstate_small_indep_qiskit_4|ibm_heron_156 azione_RL=InverseCancellation
job=groundstate_small_indep_qiskit_4|ibm_heron_156 azione_RL=CliffordSimp
job=groundstate_small_indep_qiskit_4|ibm_heron_156 azione_RL=QiskitO3
job=groundstate_small_indep_qiskit_4|ibm_heron_156 azione_RL=RemoveDiagonalGatesBeforeMeasure
job=groundstate_small_indep_qiskit_4|ibm_heron_156 azione_RL=QiskitO3
job=groundstate_small_indep_qiskit_4|ibm_heron_156 azione_RL=BQSKitSynthesis
job=groundstate_small_indep_qiskit_4|ibm_heron_156 fallback=QiskitO2
job=groundstate_small_indep_tket_4|ibm_heron_156 azione_RL=BQSKitO2
job=groundstate_small_indep_tket_4|ibm_heron_156 azione_RL=FullPeepholeOptimiseCX
job=groundstate_small_indep_tket_4|ibm_heron_156 azione_RL=BQSKitSynthesis
job=groundstate_small_indep_tket_4|ibm_heron_156 azione_RL=QiskitO3
job=groundstate_small_indep_tket_4|ibm_heron_156 azione_RL=BQSKitSynthesis
job=groundstate_small_indep_tket_4|ibm_heron_156 azione_RL=InverseCancellation
job=groundstate_small_indep_tket_4|ibm_heron_156 azione_RL=BQSKitO2
job=groundstate_small_indep_tket_4|ibm_heron_156 azione_RL=CommutativeInverseCancellation
job=groundstate_small_indep_tket_4|ibm_heron_156 azione_RL=RemoveDiagonalGatesBeforeMeasure
job=groundstate_small_indep_tket_4|ibm_heron_156 azione_RL=QiskitO3
job=groundstate_small_indep_tket_4|ibm_heron_156 azione_RL=RemoveDiagonalGatesBeforeMeasure
job=groundstate_small_indep_tket_4|ibm_heron_156 azione_RL=BQSKitSynthesis
job=groundstate_small_indep_tket_4|ibm_heron_156 azione_RL=BasisTranslator
job=groundstate_small_indep_tket_4|ibm_heron_156 azione_RL=CommutativeInverseCancellation
job=groundstate_small_indep_tket_4|ibm_heron_156 azione_RL=OptimizeCliffords
job=groundstate_small_indep_tket_4|ibm_heron_156 azione_RL=FullPeepholeOptimiseCX
job=groundstate_small_indep_tket_4|ibm_heron_156 azione_RL=BasisTranslator
job=groundstate_small_indep_tket_4|ibm_heron_156 azione_RL=RemoveDiagonalGatesBeforeMeasure
job=groundstate_small_indep_tket_4|ibm_heron_156 azione_RL=CommutativeCancellation
job=groundstate_small_indep_tket_4|ibm_heron_156 azione_RL=Optimize1qGatesDecomposition
job=groundstate_small_indep_tket_4|ibm_heron_156 azione_RL=CliffordSimp
job=groundstate_small_indep_tket_4|ibm_heron_156 azione_RL=BQSKitO2
job=groundstate_small_indep_tket_4|ibm_heron_156 azione_RL=BasisTranslator
job=groundstate_small_indep_tket_4|ibm_heron_156 azione_RL=PeepholeOptimise2Q
job=groundstate_small_indep_tket_4|ibm_heron_156 azione_RL=Opt2qBlocks
job=groundstate_small_indep_tket_4|ibm_heron_156 azione_RL=RemoveRedundancies
job=groundstate_small_indep_tket_4|ibm_heron_156 azione_RL=RemoveRedundancies
job=groundstate_small_indep_tket_4|ibm_heron_156 azione_RL=QiskitO3
job=groundstate_small_indep_tket_4|ibm_heron_156 azione_RL=QiskitO3
job=groundstate_small_indep_tket_4|ibm_heron_156 azione_RL=RemoveRedundancies
job=groundstate_small_indep_tket_4|ibm_heron_156 azione_RL=InverseCancellation
job=groundstate_small_indep_tket_4|ibm_heron_156 azione_RL=QiskitO3
job=groundstate_small_indep_tket_4|ibm_heron_156 azione_RL=Opt2qBlocks
job=groundstate_small_indep_tket_4|ibm_heron_156 azione_RL=CommutativeInverseCancellation
job=groundstate_small_indep_tket_4|ibm_heron_156 azione_RL=RemoveDiagonalGatesBeforeMeasure
job=groundstate_small_indep_tket_4|ibm_heron_156 azione_RL=FullPeepholeOptimiseCX
job=groundstate_small_indep_tket_4|ibm_heron_156 azione_RL=RemoveDiagonalGatesBeforeMeasure
job=groundstate_small_indep_tket_4|ibm_heron_156 azione_RL=Opt2qBlocks
job=groundstate_small_indep_tket_4|ibm_heron_156 azione_RL=OptimizeCliffords
job=groundstate_small_indep_tket_4|ibm_heron_156 azione_RL=QiskitO3
job=groundstate_small_indep_tket_4|ibm_heron_156 azione_RL=RemoveRedundancies
job=groundstate_small_indep_tket_4|ibm_heron_156 azione_RL=CommutativeCancellation
job=groundstate_small_indep_tket_4|ibm_heron_156 azione_RL=CommutativeInverseCancellation
job=groundstate_small_indep_tket_4|ibm_heron_156 azione_RL=BQSKitO2
job=groundstate_small_indep_tket_4|ibm_heron_156 azione_RL=OptimizeCliffords
job=groundstate_small_indep_tket_4|ibm_heron_156 azione_RL=BQSKitO2
job=groundstate_small_indep_tket_4|ibm_heron_156 azione_RL=BQSKitO2
job=groundstate_small_indep_tket_4|ibm_heron_156 azione_RL=QiskitO3
job=groundstate_small_indep_tket_4|ibm_heron_156 azione_RL=Optimize1qGatesDecomposition
job=groundstate_small_indep_tket_4|ibm_heron_156 azione_RL=InverseCancellation
job=groundstate_small_indep_tket_4|ibm_heron_156 azione_RL=InverseCancellation
job=groundstate_small_indep_tket_4|ibm_heron_156 azione_RL=RemoveRedundancies
job=groundstate_small_indep_tket_4|ibm_heron_156 azione_RL=OptimizeCliffords
job=groundstate_small_indep_tket_4|ibm_heron_156 azione_RL=QiskitO3
job=groundstate_small_indep_tket_4|ibm_heron_156 azione_RL=CommutativeCancellation
job=groundstate_small_indep_tket_4|ibm_heron_156 azione_RL=RemoveRedundancies
job=groundstate_small_indep_tket_4|ibm_heron_156 azione_RL=RemoveDiagonalGatesBeforeMeasure
job=groundstate_small_indep_tket_4|ibm_heron_156 azione_RL=OptimizeCliffords
job=groundstate_small_indep_tket_4|ibm_heron_156 azione_RL=CommutativeInverseCancellation
job=groundstate_small_indep_tket_4|ibm_heron_156 azione_RL=BQSKitSynthesis
job=groundstate_small_indep_tket_4|ibm_heron_156 azione_RL=BasisTranslator
job=groundstate_small_indep_tket_4|ibm_heron_156 azione_RL=CommutativeInverseCancellation
job=groundstate_small_indep_tket_4|ibm_heron_156 azione_RL=RemoveDiagonalGatesBeforeMeasure
job=groundstate_small_indep_tket_4|ibm_heron_156 azione_RL=BQSKitSynthesis
job=groundstate_small_indep_tket_4|ibm_heron_156 azione_RL=BQSKitSynthesis
job=groundstate_small_indep_tket_4|ibm_heron_156 azione_RL=RemoveDiagonalGatesBeforeMeasure
job=groundstate_small_indep_tket_4|ibm_heron_156 azione_RL=InverseCancellation
job=groundstate_small_indep_tket_4|ibm_heron_156 azione_RL=BQSKitSynthesis
job=groundstate_small_indep_tket_4|ibm_heron_156 azione_RL=FullPeepholeOptimiseCX
job=groundstate_small_indep_tket_4|ibm_heron_156 azione_RL=BQSKitSynthesis
job=groundstate_small_indep_tket_4|ibm_heron_156 azione_RL=PeepholeOptimise2Q
job=groundstate_small_indep_tket_4|ibm_heron_156 azione_RL=RemoveDiagonalGatesBeforeMeasure
job=groundstate_small_indep_tket_4|ibm_heron_156 azione_RL=RemoveRedundancies
job=groundstate_small_indep_tket_4|ibm_heron_156 azione_RL=Optimize1qGatesDecomposition
job=groundstate_small_indep_tket_4|ibm_heron_156 azione_RL=RemoveDiagonalGatesBeforeMeasure
job=groundstate_small_indep_tket_4|ibm_heron_156 azione_RL=BQSKitO2
job=groundstate_small_indep_tket_4|ibm_heron_156 azione_RL=RemoveRedundancies
job=groundstate_small_indep_tket_4|ibm_heron_156 azione_RL=QiskitO3
job=groundstate_small_indep_tket_4|ibm_heron_156 azione_RL=FullPeepholeOptimiseCX
job=groundstate_small_indep_tket_4|ibm_heron_156 azione_RL=OptimizeCliffords
job=groundstate_small_indep_tket_4|ibm_heron_156 azione_RL=OptimizeCliffords
job=groundstate_small_indep_tket_4|ibm_heron_156 azione_RL=InverseCancellation
job=groundstate_small_indep_tket_4|ibm_heron_156 azione_RL=Opt2qBlocks
job=groundstate_small_indep_tket_4|ibm_heron_156 azione_RL=InverseCancellation
job=groundstate_small_indep_tket_4|ibm_heron_156 azione_RL=QiskitO3
job=groundstate_small_indep_tket_4|ibm_heron_156 azione_RL=Optimize1qGatesDecomposition
job=groundstate_small_indep_tket_4|ibm_heron_156 azione_RL=FullPeepholeOptimiseCX
job=groundstate_small_indep_tket_4|ibm_heron_156 azione_RL=Opt2qBlocks
job=groundstate_small_indep_tket_4|ibm_heron_156 azione_RL=FullPeepholeOptimiseCX
job=groundstate_small_indep_tket_4|ibm_heron_156 azione_RL=RemoveRedundancies
job=groundstate_small_indep_tket_4|ibm_heron_156 azione_RL=BQSKitSynthesis
job=groundstate_small_indep_tket_4|ibm_heron_156 azione_RL=BasisTranslator
job=groundstate_small_indep_tket_4|ibm_heron_156 azione_RL=QiskitO3
job=groundstate_small_indep_tket_4|ibm_heron_156 azione_RL=CliffordSimp
job=groundstate_small_indep_tket_4|ibm_heron_156 azione_RL=CommutativeCancellation
job=groundstate_small_indep_tket_4|ibm_heron_156 azione_RL=RemoveDiagonalGatesBeforeMeasure
job=groundstate_small_indep_tket_4|ibm_heron_156 azione_RL=Opt2qBlocks
job=groundstate_small_indep_tket_4|ibm_heron_156 azione_RL=CommutativeCancellation
job=groundstate_small_indep_tket_4|ibm_heron_156 azione_RL=PeepholeOptimise2Q
job=groundstate_small_indep_tket_4|ibm_heron_156 azione_RL=QiskitO3
job=groundstate_small_indep_tket_4|ibm_heron_156 azione_RL=CommutativeInverseCancellation
job=groundstate_small_indep_tket_4|ibm_heron_156 azione_RL=FullPeepholeOptimiseCX
job=groundstate_small_indep_tket_4|ibm_heron_156 azione_RL=BQSKitO2
job=groundstate_small_indep_tket_4|ibm_heron_156 azione_RL=InverseCancellation
job=groundstate_small_indep_tket_4|ibm_heron_156 azione_RL=BQSKitSynthesis
job=groundstate_small_indep_tket_4|ibm_heron_156 azione_RL=QiskitO3
job=groundstate_small_indep_tket_4|ibm_heron_156 azione_RL=Opt2qBlocks
job=groundstate_small_indep_tket_4|ibm_heron_156 azione_RL=RemoveRedundancies
job=groundstate_small_indep_tket_4|ibm_heron_156 azione_RL=QiskitO3
job=groundstate_small_indep_tket_4|ibm_heron_156 azione_RL=CommutativeCancellation
job=groundstate_small_indep_tket_4|ibm_heron_156 azione_RL=CommutativeCancellation
job=groundstate_small_indep_tket_4|ibm_heron_156 azione_RL=RemoveRedundancies
job=groundstate_small_indep_tket_4|ibm_heron_156 azione_RL=BQSKitO2
job=groundstate_small_indep_tket_4|ibm_heron_156 azione_RL=QiskitO3
job=groundstate_small_indep_tket_4|ibm_heron_156 azione_RL=CommutativeInverseCancellation
job=groundstate_small_indep_tket_4|ibm_heron_156 azione_RL=InverseCancellation
job=groundstate_small_indep_tket_4|ibm_heron_156 azione_RL=CliffordSimp
job=groundstate_small_indep_tket_4|ibm_heron_156 azione_RL=QiskitO3
job=groundstate_small_indep_tket_4|ibm_heron_156 azione_RL=RemoveDiagonalGatesBeforeMeasure
job=groundstate_small_indep_tket_4|ibm_heron_156 azione_RL=QiskitO3
job=groundstate_small_indep_tket_4|ibm_heron_156 azione_RL=BQSKitSynthesis
job=groundstate_small_indep_tket_4|ibm_heron_156 azione_RL=PeepholeOptimise2Q
job=groundstate_small_indep_tket_4|ibm_heron_156 azione_RL=InverseCancellation
job=groundstate_small_indep_tket_4|ibm_heron_156 azione_RL=BQSKitO2
job=groundstate_small_indep_tket_4|ibm_heron_156 fallback=QiskitO2
job=portfolioqaoa_indep_qiskit_4|ibm_heron_156 azione_RL=BQSKitO2
job=portfolioqaoa_indep_qiskit_4|ibm_heron_156 azione_RL=FullPeepholeOptimiseCX
job=portfolioqaoa_indep_qiskit_4|ibm_heron_156 azione_RL=BQSKitSynthesis
job=portfolioqaoa_indep_qiskit_4|ibm_heron_156 azione_RL=QiskitO3
job=portfolioqaoa_indep_qiskit_4|ibm_heron_156 azione_RL=BQSKitSynthesis
job=portfolioqaoa_indep_qiskit_4|ibm_heron_156 azione_RL=InverseCancellation
job=portfolioqaoa_indep_qiskit_4|ibm_heron_156 azione_RL=BQSKitO2
job=portfolioqaoa_indep_qiskit_4|ibm_heron_156 azione_RL=CommutativeInverseCancellation
job=portfolioqaoa_indep_qiskit_4|ibm_heron_156 azione_RL=RemoveDiagonalGatesBeforeMeasure
job=portfolioqaoa_indep_qiskit_4|ibm_heron_156 azione_RL=QiskitO3
job=portfolioqaoa_indep_qiskit_4|ibm_heron_156 azione_RL=RemoveDiagonalGatesBeforeMeasure
job=portfolioqaoa_indep_qiskit_4|ibm_heron_156 azione_RL=BQSKitSynthesis
job=portfolioqaoa_indep_qiskit_4|ibm_heron_156 azione_RL=BasisTranslator
job=portfolioqaoa_indep_qiskit_4|ibm_heron_156 azione_RL=CommutativeInverseCancellation
job=portfolioqaoa_indep_qiskit_4|ibm_heron_156 azione_RL=OptimizeCliffords
job=portfolioqaoa_indep_qiskit_4|ibm_heron_156 azione_RL=FullPeepholeOptimiseCX
job=portfolioqaoa_indep_qiskit_4|ibm_heron_156 azione_RL=BasisTranslator
job=portfolioqaoa_indep_qiskit_4|ibm_heron_156 azione_RL=RemoveDiagonalGatesBeforeMeasure
job=portfolioqaoa_indep_qiskit_4|ibm_heron_156 azione_RL=CommutativeCancellation
job=portfolioqaoa_indep_qiskit_4|ibm_heron_156 azione_RL=Optimize1qGatesDecomposition
job=portfolioqaoa_indep_qiskit_4|ibm_heron_156 azione_RL=CliffordSimp
job=portfolioqaoa_indep_qiskit_4|ibm_heron_156 azione_RL=BQSKitO2
job=portfolioqaoa_indep_qiskit_4|ibm_heron_156 azione_RL=BasisTranslator
job=portfolioqaoa_indep_qiskit_4|ibm_heron_156 azione_RL=PeepholeOptimise2Q
job=portfolioqaoa_indep_qiskit_4|ibm_heron_156 azione_RL=CliffordSimp
job=portfolioqaoa_indep_qiskit_4|ibm_heron_156 azione_RL=RemoveRedundancies
job=portfolioqaoa_indep_qiskit_4|ibm_heron_156 azione_RL=RemoveRedundancies
job=portfolioqaoa_indep_qiskit_4|ibm_heron_156 azione_RL=QiskitO3
job=portfolioqaoa_indep_qiskit_4|ibm_heron_156 azione_RL=QiskitO3
job=portfolioqaoa_indep_qiskit_4|ibm_heron_156 azione_RL=RemoveRedundancies
job=portfolioqaoa_indep_qiskit_4|ibm_heron_156 azione_RL=InverseCancellation
job=portfolioqaoa_indep_qiskit_4|ibm_heron_156 azione_RL=QiskitO3
job=portfolioqaoa_indep_qiskit_4|ibm_heron_156 azione_RL=Opt2qBlocks
job=portfolioqaoa_indep_qiskit_4|ibm_heron_156 azione_RL=CommutativeInverseCancellation
job=portfolioqaoa_indep_qiskit_4|ibm_heron_156 azione_RL=RemoveDiagonalGatesBeforeMeasure
job=portfolioqaoa_indep_qiskit_4|ibm_heron_156 azione_RL=FullPeepholeOptimiseCX
job=portfolioqaoa_indep_qiskit_4|ibm_heron_156 azione_RL=RemoveDiagonalGatesBeforeMeasure
job=portfolioqaoa_indep_qiskit_4|ibm_heron_156 azione_RL=Opt2qBlocks
job=portfolioqaoa_indep_qiskit_4|ibm_heron_156 azione_RL=OptimizeCliffords
job=portfolioqaoa_indep_qiskit_4|ibm_heron_156 azione_RL=QiskitO3
job=portfolioqaoa_indep_qiskit_4|ibm_heron_156 azione_RL=RemoveRedundancies
job=portfolioqaoa_indep_qiskit_4|ibm_heron_156 azione_RL=CommutativeCancellation
job=portfolioqaoa_indep_qiskit_4|ibm_heron_156 azione_RL=CommutativeInverseCancellation
job=portfolioqaoa_indep_qiskit_4|ibm_heron_156 azione_RL=BQSKitO2
job=portfolioqaoa_indep_qiskit_4|ibm_heron_156 azione_RL=OptimizeCliffords
job=portfolioqaoa_indep_qiskit_4|ibm_heron_156 azione_RL=BQSKitO2
job=portfolioqaoa_indep_qiskit_4|ibm_heron_156 azione_RL=BQSKitO2
job=portfolioqaoa_indep_qiskit_4|ibm_heron_156 azione_RL=QiskitO3
job=portfolioqaoa_indep_qiskit_4|ibm_heron_156 azione_RL=Optimize1qGatesDecomposition
job=portfolioqaoa_indep_qiskit_4|ibm_heron_156 azione_RL=InverseCancellation
job=portfolioqaoa_indep_qiskit_4|ibm_heron_156 azione_RL=InverseCancellation
job=portfolioqaoa_indep_qiskit_4|ibm_heron_156 azione_RL=RemoveRedundancies
job=portfolioqaoa_indep_qiskit_4|ibm_heron_156 azione_RL=OptimizeCliffords
job=portfolioqaoa_indep_qiskit_4|ibm_heron_156 azione_RL=QiskitO3
job=portfolioqaoa_indep_qiskit_4|ibm_heron_156 azione_RL=CommutativeCancellation
job=portfolioqaoa_indep_qiskit_4|ibm_heron_156 azione_RL=RemoveRedundancies
job=portfolioqaoa_indep_qiskit_4|ibm_heron_156 azione_RL=RemoveDiagonalGatesBeforeMeasure
job=portfolioqaoa_indep_qiskit_4|ibm_heron_156 azione_RL=OptimizeCliffords
job=portfolioqaoa_indep_qiskit_4|ibm_heron_156 azione_RL=SabreMapping
job=portfolioqaoa_indep_qiskit_4|ibm_heron_156 fallback=QiskitO2
job=portfolioqaoa_indep_tket_4|ibm_heron_156 azione_RL=BQSKitO2
job=portfolioqaoa_indep_tket_4|ibm_heron_156 azione_RL=FullPeepholeOptimiseCX
job=portfolioqaoa_indep_tket_4|ibm_heron_156 azione_RL=OptimizeCliffords
job=portfolioqaoa_indep_tket_4|ibm_heron_156 azione_RL=QiskitO3
job=portfolioqaoa_indep_tket_4|ibm_heron_156 azione_RL=BQSKitSynthesis
job=portfolioqaoa_indep_tket_4|ibm_heron_156 azione_RL=InverseCancellation
job=portfolioqaoa_indep_tket_4|ibm_heron_156 azione_RL=BQSKitO2
job=portfolioqaoa_indep_tket_4|ibm_heron_156 azione_RL=CommutativeInverseCancellation
job=portfolioqaoa_indep_tket_4|ibm_heron_156 azione_RL=RemoveDiagonalGatesBeforeMeasure
job=portfolioqaoa_indep_tket_4|ibm_heron_156 azione_RL=QiskitO3
job=portfolioqaoa_indep_tket_4|ibm_heron_156 azione_RL=RemoveDiagonalGatesBeforeMeasure
job=portfolioqaoa_indep_tket_4|ibm_heron_156 azione_RL=BQSKitSynthesis
job=portfolioqaoa_indep_tket_4|ibm_heron_156 azione_RL=BasisTranslator
job=portfolioqaoa_indep_tket_4|ibm_heron_156 azione_RL=CommutativeInverseCancellation
job=portfolioqaoa_indep_tket_4|ibm_heron_156 azione_RL=OptimizeCliffords
job=portfolioqaoa_indep_tket_4|ibm_heron_156 azione_RL=FullPeepholeOptimiseCX
job=portfolioqaoa_indep_tket_4|ibm_heron_156 azione_RL=BasisTranslator
job=portfolioqaoa_indep_tket_4|ibm_heron_156 azione_RL=RemoveDiagonalGatesBeforeMeasure
job=portfolioqaoa_indep_tket_4|ibm_heron_156 azione_RL=CommutativeCancellation
job=portfolioqaoa_indep_tket_4|ibm_heron_156 azione_RL=Optimize1qGatesDecomposition
job=portfolioqaoa_indep_tket_4|ibm_heron_156 azione_RL=CliffordSimp
job=portfolioqaoa_indep_tket_4|ibm_heron_156 azione_RL=BQSKitO2
job=portfolioqaoa_indep_tket_4|ibm_heron_156 azione_RL=BasisTranslator
job=portfolioqaoa_indep_tket_4|ibm_heron_156 azione_RL=PeepholeOptimise2Q
job=portfolioqaoa_indep_tket_4|ibm_heron_156 azione_RL=Opt2qBlocks
job=portfolioqaoa_indep_tket_4|ibm_heron_156 azione_RL=RemoveRedundancies
job=portfolioqaoa_indep_tket_4|ibm_heron_156 azione_RL=RemoveRedundancies
job=portfolioqaoa_indep_tket_4|ibm_heron_156 azione_RL=QiskitO3
job=portfolioqaoa_indep_tket_4|ibm_heron_156 azione_RL=QiskitO3
job=portfolioqaoa_indep_tket_4|ibm_heron_156 azione_RL=RemoveRedundancies
job=portfolioqaoa_indep_tket_4|ibm_heron_156 azione_RL=InverseCancellation
job=portfolioqaoa_indep_tket_4|ibm_heron_156 azione_RL=QiskitO3
job=portfolioqaoa_indep_tket_4|ibm_heron_156 azione_RL=Opt2qBlocks
job=portfolioqaoa_indep_tket_4|ibm_heron_156 azione_RL=CommutativeInverseCancellation
job=portfolioqaoa_indep_tket_4|ibm_heron_156 azione_RL=RemoveDiagonalGatesBeforeMeasure
job=portfolioqaoa_indep_tket_4|ibm_heron_156 azione_RL=FullPeepholeOptimiseCX
job=portfolioqaoa_indep_tket_4|ibm_heron_156 azione_RL=RemoveDiagonalGatesBeforeMeasure
job=portfolioqaoa_indep_tket_4|ibm_heron_156 azione_RL=Opt2qBlocks
job=portfolioqaoa_indep_tket_4|ibm_heron_156 azione_RL=OptimizeCliffords
job=portfolioqaoa_indep_tket_4|ibm_heron_156 azione_RL=QiskitO3
job=portfolioqaoa_indep_tket_4|ibm_heron_156 azione_RL=RemoveRedundancies
job=portfolioqaoa_indep_tket_4|ibm_heron_156 azione_RL=CommutativeCancellation
job=portfolioqaoa_indep_tket_4|ibm_heron_156 azione_RL=CommutativeInverseCancellation
job=portfolioqaoa_indep_tket_4|ibm_heron_156 azione_RL=BQSKitO2
job=portfolioqaoa_indep_tket_4|ibm_heron_156 azione_RL=OptimizeCliffords
job=portfolioqaoa_indep_tket_4|ibm_heron_156 azione_RL=BQSKitO2
job=portfolioqaoa_indep_tket_4|ibm_heron_156 azione_RL=BQSKitO2
job=portfolioqaoa_indep_tket_4|ibm_heron_156 azione_RL=QiskitO3
job=portfolioqaoa_indep_tket_4|ibm_heron_156 azione_RL=Optimize1qGatesDecomposition
job=portfolioqaoa_indep_tket_4|ibm_heron_156 azione_RL=InverseCancellation
job=portfolioqaoa_indep_tket_4|ibm_heron_156 azione_RL=InverseCancellation
job=portfolioqaoa_indep_tket_4|ibm_heron_156 azione_RL=RemoveRedundancies
job=portfolioqaoa_indep_tket_4|ibm_heron_156 azione_RL=OptimizeCliffords
job=portfolioqaoa_indep_tket_4|ibm_heron_156 azione_RL=QiskitO3
job=portfolioqaoa_indep_tket_4|ibm_heron_156 azione_RL=CommutativeCancellation
job=portfolioqaoa_indep_tket_4|ibm_heron_156 azione_RL=RemoveRedundancies
job=portfolioqaoa_indep_tket_4|ibm_heron_156 azione_RL=RemoveDiagonalGatesBeforeMeasure
job=portfolioqaoa_indep_tket_4|ibm_heron_156 azione_RL=OptimizeCliffords
job=portfolioqaoa_indep_tket_4|ibm_heron_156 azione_RL=CommutativeInverseCancellation
job=portfolioqaoa_indep_tket_4|ibm_heron_156 azione_RL=BQSKitSynthesis
job=portfolioqaoa_indep_tket_4|ibm_heron_156 azione_RL=BasisTranslator
job=portfolioqaoa_indep_tket_4|ibm_heron_156 azione_RL=CommutativeInverseCancellation
job=portfolioqaoa_indep_tket_4|ibm_heron_156 azione_RL=RemoveDiagonalGatesBeforeMeasure
job=portfolioqaoa_indep_tket_4|ibm_heron_156 azione_RL=BQSKitSynthesis
job=portfolioqaoa_indep_tket_4|ibm_heron_156 azione_RL=BQSKitSynthesis
job=portfolioqaoa_indep_tket_4|ibm_heron_156 azione_RL=RemoveDiagonalGatesBeforeMeasure
job=portfolioqaoa_indep_tket_4|ibm_heron_156 azione_RL=InverseCancellation
job=portfolioqaoa_indep_tket_4|ibm_heron_156 azione_RL=BQSKitSynthesis
job=portfolioqaoa_indep_tket_4|ibm_heron_156 azione_RL=FullPeepholeOptimiseCX
job=portfolioqaoa_indep_tket_4|ibm_heron_156 azione_RL=BQSKitSynthesis
job=portfolioqaoa_indep_tket_4|ibm_heron_156 azione_RL=PeepholeOptimise2Q
job=portfolioqaoa_indep_tket_4|ibm_heron_156 azione_RL=RemoveDiagonalGatesBeforeMeasure
job=portfolioqaoa_indep_tket_4|ibm_heron_156 azione_RL=RemoveRedundancies
job=portfolioqaoa_indep_tket_4|ibm_heron_156 azione_RL=Optimize1qGatesDecomposition
job=portfolioqaoa_indep_tket_4|ibm_heron_156 azione_RL=RemoveDiagonalGatesBeforeMeasure
job=portfolioqaoa_indep_tket_4|ibm_heron_156 azione_RL=BQSKitO2
job=portfolioqaoa_indep_tket_4|ibm_heron_156 azione_RL=RemoveRedundancies
job=portfolioqaoa_indep_tket_4|ibm_heron_156 azione_RL=QiskitO3
job=portfolioqaoa_indep_tket_4|ibm_heron_156 azione_RL=FullPeepholeOptimiseCX
job=portfolioqaoa_indep_tket_4|ibm_heron_156 azione_RL=OptimizeCliffords
job=portfolioqaoa_indep_tket_4|ibm_heron_156 azione_RL=OptimizeCliffords
job=portfolioqaoa_indep_tket_4|ibm_heron_156 azione_RL=InverseCancellation
job=portfolioqaoa_indep_tket_4|ibm_heron_156 azione_RL=Opt2qBlocks
job=portfolioqaoa_indep_tket_4|ibm_heron_156 azione_RL=InverseCancellation
job=portfolioqaoa_indep_tket_4|ibm_heron_156 azione_RL=QiskitO3
job=portfolioqaoa_indep_tket_4|ibm_heron_156 azione_RL=Optimize1qGatesDecomposition
job=portfolioqaoa_indep_tket_4|ibm_heron_156 azione_RL=FullPeepholeOptimiseCX
job=portfolioqaoa_indep_tket_4|ibm_heron_156 azione_RL=Opt2qBlocks
job=portfolioqaoa_indep_tket_4|ibm_heron_156 azione_RL=FullPeepholeOptimiseCX
job=portfolioqaoa_indep_tket_4|ibm_heron_156 azione_RL=RemoveRedundancies
job=portfolioqaoa_indep_tket_4|ibm_heron_156 azione_RL=BQSKitSynthesis
job=portfolioqaoa_indep_tket_4|ibm_heron_156 azione_RL=BasisTranslator
job=portfolioqaoa_indep_tket_4|ibm_heron_156 azione_RL=QiskitO3
job=portfolioqaoa_indep_tket_4|ibm_heron_156 azione_RL=CliffordSimp
job=portfolioqaoa_indep_tket_4|ibm_heron_156 azione_RL=CommutativeCancellation
job=portfolioqaoa_indep_tket_4|ibm_heron_156 azione_RL=RemoveDiagonalGatesBeforeMeasure
job=portfolioqaoa_indep_tket_4|ibm_heron_156 azione_RL=Opt2qBlocks
job=portfolioqaoa_indep_tket_4|ibm_heron_156 azione_RL=CommutativeCancellation
job=portfolioqaoa_indep_tket_4|ibm_heron_156 azione_RL=PeepholeOptimise2Q
job=portfolioqaoa_indep_tket_4|ibm_heron_156 azione_RL=QiskitO3
job=portfolioqaoa_indep_tket_4|ibm_heron_156 azione_RL=CommutativeInverseCancellation
job=portfolioqaoa_indep_tket_4|ibm_heron_156 azione_RL=FullPeepholeOptimiseCX
job=portfolioqaoa_indep_tket_4|ibm_heron_156 azione_RL=BQSKitO2
job=portfolioqaoa_indep_tket_4|ibm_heron_156 azione_RL=InverseCancellation
job=portfolioqaoa_indep_tket_4|ibm_heron_156 azione_RL=BQSKitSynthesis
job=portfolioqaoa_indep_tket_4|ibm_heron_156 azione_RL=QiskitO3
job=portfolioqaoa_indep_tket_4|ibm_heron_156 azione_RL=Opt2qBlocks
job=portfolioqaoa_indep_tket_4|ibm_heron_156 azione_RL=RemoveRedundancies
job=portfolioqaoa_indep_tket_4|ibm_heron_156 azione_RL=QiskitO3
job=portfolioqaoa_indep_tket_4|ibm_heron_156 azione_RL=CommutativeCancellation
job=portfolioqaoa_indep_tket_4|ibm_heron_156 azione_RL=CommutativeCancellation
job=portfolioqaoa_indep_tket_4|ibm_heron_156 azione_RL=RemoveRedundancies
job=portfolioqaoa_indep_tket_4|ibm_heron_156 azione_RL=BQSKitO2
job=portfolioqaoa_indep_tket_4|ibm_heron_156 azione_RL=QiskitO3
job=portfolioqaoa_indep_tket_4|ibm_heron_156 azione_RL=CommutativeInverseCancellation
job=portfolioqaoa_indep_tket_4|ibm_heron_156 azione_RL=InverseCancellation
job=portfolioqaoa_indep_tket_4|ibm_heron_156 azione_RL=CliffordSimp
job=portfolioqaoa_indep_tket_4|ibm_heron_156 azione_RL=QiskitO3
job=portfolioqaoa_indep_tket_4|ibm_heron_156 azione_RL=RemoveDiagonalGatesBeforeMeasure
job=portfolioqaoa_indep_tket_4|ibm_heron_156 azione_RL=QiskitO3
job=portfolioqaoa_indep_tket_4|ibm_heron_156 azione_RL=BQSKitSynthesis
job=portfolioqaoa_indep_tket_4|ibm_heron_156 fallback=QiskitO2
job=portfoliovqe_indep_qiskit_4|ibm_heron_156 azione_RL=BQSKitO2
job=portfoliovqe_indep_qiskit_4|ibm_heron_156 azione_RL=FullPeepholeOptimiseCX
job=portfoliovqe_indep_qiskit_4|ibm_heron_156 azione_RL=BQSKitSynthesis
job=portfoliovqe_indep_qiskit_4|ibm_heron_156 azione_RL=QiskitO3
job=portfoliovqe_indep_qiskit_4|ibm_heron_156 azione_RL=BQSKitSynthesis
job=portfoliovqe_indep_qiskit_4|ibm_heron_156 azione_RL=InverseCancellation
job=portfoliovqe_indep_qiskit_4|ibm_heron_156 azione_RL=BQSKitO2
job=portfoliovqe_indep_qiskit_4|ibm_heron_156 azione_RL=CommutativeInverseCancellation
job=portfoliovqe_indep_qiskit_4|ibm_heron_156 azione_RL=RemoveDiagonalGatesBeforeMeasure
job=portfoliovqe_indep_qiskit_4|ibm_heron_156 azione_RL=QiskitO3
job=portfoliovqe_indep_qiskit_4|ibm_heron_156 azione_RL=RemoveDiagonalGatesBeforeMeasure
job=portfoliovqe_indep_qiskit_4|ibm_heron_156 azione_RL=BQSKitSynthesis
job=portfoliovqe_indep_qiskit_4|ibm_heron_156 azione_RL=BasisTranslator
job=portfoliovqe_indep_qiskit_4|ibm_heron_156 azione_RL=CommutativeInverseCancellation
job=portfoliovqe_indep_qiskit_4|ibm_heron_156 azione_RL=OptimizeCliffords
job=portfoliovqe_indep_qiskit_4|ibm_heron_156 azione_RL=FullPeepholeOptimiseCX
job=portfoliovqe_indep_qiskit_4|ibm_heron_156 azione_RL=BasisTranslator
job=portfoliovqe_indep_qiskit_4|ibm_heron_156 azione_RL=RemoveDiagonalGatesBeforeMeasure
job=portfoliovqe_indep_qiskit_4|ibm_heron_156 azione_RL=CommutativeCancellation
job=portfoliovqe_indep_qiskit_4|ibm_heron_156 azione_RL=Optimize1qGatesDecomposition
job=portfoliovqe_indep_qiskit_4|ibm_heron_156 azione_RL=CliffordSimp
job=portfoliovqe_indep_qiskit_4|ibm_heron_156 azione_RL=BQSKitO2
job=portfoliovqe_indep_qiskit_4|ibm_heron_156 azione_RL=BasisTranslator
job=portfoliovqe_indep_qiskit_4|ibm_heron_156 azione_RL=PeepholeOptimise2Q
job=portfoliovqe_indep_qiskit_4|ibm_heron_156 azione_RL=Opt2qBlocks
job=portfoliovqe_indep_qiskit_4|ibm_heron_156 azione_RL=RemoveRedundancies
job=portfoliovqe_indep_qiskit_4|ibm_heron_156 azione_RL=RemoveRedundancies
job=portfoliovqe_indep_qiskit_4|ibm_heron_156 azione_RL=QiskitO3
job=portfoliovqe_indep_qiskit_4|ibm_heron_156 azione_RL=QiskitO3
job=portfoliovqe_indep_qiskit_4|ibm_heron_156 azione_RL=RemoveRedundancies
job=portfoliovqe_indep_qiskit_4|ibm_heron_156 azione_RL=InverseCancellation
job=portfoliovqe_indep_qiskit_4|ibm_heron_156 azione_RL=QiskitO3
job=portfoliovqe_indep_qiskit_4|ibm_heron_156 azione_RL=Opt2qBlocks
job=portfoliovqe_indep_qiskit_4|ibm_heron_156 azione_RL=CommutativeInverseCancellation
job=portfoliovqe_indep_qiskit_4|ibm_heron_156 azione_RL=RemoveDiagonalGatesBeforeMeasure
job=portfoliovqe_indep_qiskit_4|ibm_heron_156 azione_RL=FullPeepholeOptimiseCX
job=portfoliovqe_indep_qiskit_4|ibm_heron_156 azione_RL=RemoveDiagonalGatesBeforeMeasure
job=portfoliovqe_indep_qiskit_4|ibm_heron_156 azione_RL=Opt2qBlocks
job=portfoliovqe_indep_qiskit_4|ibm_heron_156 azione_RL=OptimizeCliffords
job=portfoliovqe_indep_qiskit_4|ibm_heron_156 azione_RL=QiskitO3
job=portfoliovqe_indep_qiskit_4|ibm_heron_156 azione_RL=RemoveRedundancies
job=portfoliovqe_indep_qiskit_4|ibm_heron_156 azione_RL=CommutativeCancellation
job=portfoliovqe_indep_qiskit_4|ibm_heron_156 azione_RL=CommutativeInverseCancellation
job=portfoliovqe_indep_qiskit_4|ibm_heron_156 azione_RL=BQSKitO2
job=portfoliovqe_indep_qiskit_4|ibm_heron_156 azione_RL=OptimizeCliffords
job=portfoliovqe_indep_qiskit_4|ibm_heron_156 azione_RL=BQSKitO2
job=portfoliovqe_indep_qiskit_4|ibm_heron_156 azione_RL=BQSKitO2
job=portfoliovqe_indep_qiskit_4|ibm_heron_156 azione_RL=QiskitO3
job=portfoliovqe_indep_qiskit_4|ibm_heron_156 azione_RL=Optimize1qGatesDecomposition
job=portfoliovqe_indep_qiskit_4|ibm_heron_156 azione_RL=InverseCancellation
job=portfoliovqe_indep_qiskit_4|ibm_heron_156 azione_RL=InverseCancellation
job=portfoliovqe_indep_qiskit_4|ibm_heron_156 azione_RL=RemoveRedundancies
job=portfoliovqe_indep_qiskit_4|ibm_heron_156 azione_RL=OptimizeCliffords
job=portfoliovqe_indep_qiskit_4|ibm_heron_156 azione_RL=QiskitO3
job=portfoliovqe_indep_qiskit_4|ibm_heron_156 azione_RL=CommutativeCancellation
job=portfoliovqe_indep_qiskit_4|ibm_heron_156 azione_RL=RemoveRedundancies
job=portfoliovqe_indep_qiskit_4|ibm_heron_156 azione_RL=RemoveDiagonalGatesBeforeMeasure
job=portfoliovqe_indep_qiskit_4|ibm_heron_156 azione_RL=OptimizeCliffords
job=portfoliovqe_indep_qiskit_4|ibm_heron_156 azione_RL=CommutativeInverseCancellation
job=portfoliovqe_indep_qiskit_4|ibm_heron_156 azione_RL=BQSKitSynthesis
job=portfoliovqe_indep_qiskit_4|ibm_heron_156 azione_RL=BasisTranslator
job=portfoliovqe_indep_qiskit_4|ibm_heron_156 azione_RL=CommutativeInverseCancellation
job=portfoliovqe_indep_qiskit_4|ibm_heron_156 azione_RL=RemoveDiagonalGatesBeforeMeasure
job=portfoliovqe_indep_qiskit_4|ibm_heron_156 azione_RL=BQSKitSynthesis
job=portfoliovqe_indep_qiskit_4|ibm_heron_156 azione_RL=BQSKitSynthesis
job=portfoliovqe_indep_qiskit_4|ibm_heron_156 azione_RL=RemoveDiagonalGatesBeforeMeasure
job=portfoliovqe_indep_qiskit_4|ibm_heron_156 azione_RL=InverseCancellation
job=portfoliovqe_indep_qiskit_4|ibm_heron_156 azione_RL=BQSKitSynthesis
job=portfoliovqe_indep_qiskit_4|ibm_heron_156 azione_RL=FullPeepholeOptimiseCX
job=portfoliovqe_indep_qiskit_4|ibm_heron_156 azione_RL=BQSKitSynthesis
job=portfoliovqe_indep_qiskit_4|ibm_heron_156 azione_RL=PeepholeOptimise2Q
job=portfoliovqe_indep_qiskit_4|ibm_heron_156 azione_RL=RemoveDiagonalGatesBeforeMeasure
job=portfoliovqe_indep_qiskit_4|ibm_heron_156 azione_RL=RemoveRedundancies
job=portfoliovqe_indep_qiskit_4|ibm_heron_156 azione_RL=Optimize1qGatesDecomposition
job=portfoliovqe_indep_qiskit_4|ibm_heron_156 azione_RL=RemoveDiagonalGatesBeforeMeasure
job=portfoliovqe_indep_qiskit_4|ibm_heron_156 azione_RL=BQSKitO2
job=portfoliovqe_indep_qiskit_4|ibm_heron_156 azione_RL=RemoveRedundancies
job=portfoliovqe_indep_qiskit_4|ibm_heron_156 azione_RL=QiskitO3
job=portfoliovqe_indep_qiskit_4|ibm_heron_156 azione_RL=FullPeepholeOptimiseCX
job=portfoliovqe_indep_qiskit_4|ibm_heron_156 azione_RL=OptimizeCliffords
job=portfoliovqe_indep_qiskit_4|ibm_heron_156 azione_RL=OptimizeCliffords
job=portfoliovqe_indep_qiskit_4|ibm_heron_156 azione_RL=InverseCancellation
job=portfoliovqe_indep_qiskit_4|ibm_heron_156 azione_RL=Opt2qBlocks
job=portfoliovqe_indep_qiskit_4|ibm_heron_156 azione_RL=InverseCancellation
job=portfoliovqe_indep_qiskit_4|ibm_heron_156 azione_RL=QiskitO3
job=portfoliovqe_indep_qiskit_4|ibm_heron_156 azione_RL=Optimize1qGatesDecomposition
job=portfoliovqe_indep_qiskit_4|ibm_heron_156 azione_RL=FullPeepholeOptimiseCX
job=portfoliovqe_indep_qiskit_4|ibm_heron_156 azione_RL=Opt2qBlocks
job=portfoliovqe_indep_qiskit_4|ibm_heron_156 azione_RL=FullPeepholeOptimiseCX
job=portfoliovqe_indep_qiskit_4|ibm_heron_156 azione_RL=RemoveRedundancies
job=portfoliovqe_indep_qiskit_4|ibm_heron_156 azione_RL=BQSKitSynthesis
job=portfoliovqe_indep_qiskit_4|ibm_heron_156 azione_RL=BasisTranslator
job=portfoliovqe_indep_qiskit_4|ibm_heron_156 azione_RL=QiskitO3
job=portfoliovqe_indep_qiskit_4|ibm_heron_156 azione_RL=CliffordSimp
job=portfoliovqe_indep_qiskit_4|ibm_heron_156 azione_RL=CommutativeCancellation
job=portfoliovqe_indep_qiskit_4|ibm_heron_156 azione_RL=RemoveDiagonalGatesBeforeMeasure
job=portfoliovqe_indep_qiskit_4|ibm_heron_156 azione_RL=Opt2qBlocks
job=portfoliovqe_indep_qiskit_4|ibm_heron_156 azione_RL=CommutativeCancellation
job=portfoliovqe_indep_qiskit_4|ibm_heron_156 azione_RL=PeepholeOptimise2Q
job=portfoliovqe_indep_qiskit_4|ibm_heron_156 azione_RL=QiskitO3
job=portfoliovqe_indep_qiskit_4|ibm_heron_156 azione_RL=CommutativeInverseCancellation
job=portfoliovqe_indep_qiskit_4|ibm_heron_156 azione_RL=FullPeepholeOptimiseCX
job=portfoliovqe_indep_qiskit_4|ibm_heron_156 azione_RL=BQSKitO2
job=portfoliovqe_indep_qiskit_4|ibm_heron_156 azione_RL=InverseCancellation
job=portfoliovqe_indep_qiskit_4|ibm_heron_156 azione_RL=BQSKitSynthesis
job=portfoliovqe_indep_qiskit_4|ibm_heron_156 azione_RL=QiskitO3
job=portfoliovqe_indep_qiskit_4|ibm_heron_156 azione_RL=Opt2qBlocks
job=portfoliovqe_indep_qiskit_4|ibm_heron_156 azione_RL=RemoveRedundancies
job=portfoliovqe_indep_qiskit_4|ibm_heron_156 azione_RL=QiskitO3
job=portfoliovqe_indep_qiskit_4|ibm_heron_156 azione_RL=CommutativeCancellation
job=portfoliovqe_indep_qiskit_4|ibm_heron_156 azione_RL=CommutativeCancellation
job=portfoliovqe_indep_qiskit_4|ibm_heron_156 azione_RL=RemoveRedundancies
job=portfoliovqe_indep_qiskit_4|ibm_heron_156 azione_RL=BQSKitO2
job=portfoliovqe_indep_qiskit_4|ibm_heron_156 fallback=QiskitO2
job=portfoliovqe_indep_tket_4|ibm_heron_156 azione_RL=BQSKitO2
job=portfoliovqe_indep_tket_4|ibm_heron_156 azione_RL=FullPeepholeOptimiseCX
job=portfoliovqe_indep_tket_4|ibm_heron_156 azione_RL=BQSKitSynthesis
job=portfoliovqe_indep_tket_4|ibm_heron_156 azione_RL=QiskitO3
job=portfoliovqe_indep_tket_4|ibm_heron_156 azione_RL=BQSKitSynthesis
job=portfoliovqe_indep_tket_4|ibm_heron_156 azione_RL=InverseCancellation
job=portfoliovqe_indep_tket_4|ibm_heron_156 azione_RL=BQSKitO2
job=portfoliovqe_indep_tket_4|ibm_heron_156 azione_RL=CommutativeInverseCancellation
job=portfoliovqe_indep_tket_4|ibm_heron_156 azione_RL=RemoveDiagonalGatesBeforeMeasure
job=portfoliovqe_indep_tket_4|ibm_heron_156 azione_RL=QiskitO3
job=portfoliovqe_indep_tket_4|ibm_heron_156 azione_RL=RemoveDiagonalGatesBeforeMeasure
job=portfoliovqe_indep_tket_4|ibm_heron_156 azione_RL=BQSKitSynthesis
job=portfoliovqe_indep_tket_4|ibm_heron_156 azione_RL=BasisTranslator
job=portfoliovqe_indep_tket_4|ibm_heron_156 azione_RL=CommutativeInverseCancellation
job=portfoliovqe_indep_tket_4|ibm_heron_156 azione_RL=OptimizeCliffords
job=portfoliovqe_indep_tket_4|ibm_heron_156 azione_RL=FullPeepholeOptimiseCX
job=portfoliovqe_indep_tket_4|ibm_heron_156 azione_RL=BasisTranslator
job=portfoliovqe_indep_tket_4|ibm_heron_156 azione_RL=RemoveDiagonalGatesBeforeMeasure
job=portfoliovqe_indep_tket_4|ibm_heron_156 azione_RL=CommutativeCancellation
job=portfoliovqe_indep_tket_4|ibm_heron_156 azione_RL=Optimize1qGatesDecomposition
job=portfoliovqe_indep_tket_4|ibm_heron_156 azione_RL=CliffordSimp
job=portfoliovqe_indep_tket_4|ibm_heron_156 azione_RL=BQSKitO2
job=portfoliovqe_indep_tket_4|ibm_heron_156 azione_RL=BasisTranslator
job=portfoliovqe_indep_tket_4|ibm_heron_156 azione_RL=PeepholeOptimise2Q
job=portfoliovqe_indep_tket_4|ibm_heron_156 azione_RL=Opt2qBlocks
job=portfoliovqe_indep_tket_4|ibm_heron_156 azione_RL=RemoveRedundancies
job=portfoliovqe_indep_tket_4|ibm_heron_156 azione_RL=RemoveRedundancies
job=portfoliovqe_indep_tket_4|ibm_heron_156 azione_RL=QiskitO3
job=portfoliovqe_indep_tket_4|ibm_heron_156 azione_RL=QiskitO3
job=portfoliovqe_indep_tket_4|ibm_heron_156 azione_RL=RemoveRedundancies
job=portfoliovqe_indep_tket_4|ibm_heron_156 azione_RL=InverseCancellation
job=portfoliovqe_indep_tket_4|ibm_heron_156 azione_RL=QiskitO3
job=portfoliovqe_indep_tket_4|ibm_heron_156 azione_RL=Opt2qBlocks
job=portfoliovqe_indep_tket_4|ibm_heron_156 azione_RL=CommutativeInverseCancellation
job=portfoliovqe_indep_tket_4|ibm_heron_156 azione_RL=RemoveDiagonalGatesBeforeMeasure
job=portfoliovqe_indep_tket_4|ibm_heron_156 azione_RL=FullPeepholeOptimiseCX
job=portfoliovqe_indep_tket_4|ibm_heron_156 azione_RL=RemoveDiagonalGatesBeforeMeasure
job=portfoliovqe_indep_tket_4|ibm_heron_156 azione_RL=Opt2qBlocks
job=portfoliovqe_indep_tket_4|ibm_heron_156 azione_RL=OptimizeCliffords
job=portfoliovqe_indep_tket_4|ibm_heron_156 azione_RL=QiskitO3
job=portfoliovqe_indep_tket_4|ibm_heron_156 azione_RL=RemoveRedundancies
job=portfoliovqe_indep_tket_4|ibm_heron_156 azione_RL=CommutativeCancellation
job=portfoliovqe_indep_tket_4|ibm_heron_156 azione_RL=CommutativeInverseCancellation
job=portfoliovqe_indep_tket_4|ibm_heron_156 azione_RL=BQSKitO2
job=portfoliovqe_indep_tket_4|ibm_heron_156 azione_RL=OptimizeCliffords
job=portfoliovqe_indep_tket_4|ibm_heron_156 azione_RL=BQSKitO2
job=portfoliovqe_indep_tket_4|ibm_heron_156 azione_RL=BQSKitO2
job=portfoliovqe_indep_tket_4|ibm_heron_156 azione_RL=QiskitO3
job=portfoliovqe_indep_tket_4|ibm_heron_156 azione_RL=Optimize1qGatesDecomposition
job=portfoliovqe_indep_tket_4|ibm_heron_156 azione_RL=InverseCancellation
job=portfoliovqe_indep_tket_4|ibm_heron_156 azione_RL=InverseCancellation
job=portfoliovqe_indep_tket_4|ibm_heron_156 azione_RL=RemoveRedundancies
job=portfoliovqe_indep_tket_4|ibm_heron_156 azione_RL=OptimizeCliffords
job=portfoliovqe_indep_tket_4|ibm_heron_156 azione_RL=QiskitO3
job=portfoliovqe_indep_tket_4|ibm_heron_156 azione_RL=CommutativeCancellation
job=portfoliovqe_indep_tket_4|ibm_heron_156 azione_RL=RemoveRedundancies
job=portfoliovqe_indep_tket_4|ibm_heron_156 azione_RL=RemoveDiagonalGatesBeforeMeasure
job=portfoliovqe_indep_tket_4|ibm_heron_156 azione_RL=OptimizeCliffords
job=portfoliovqe_indep_tket_4|ibm_heron_156 azione_RL=CommutativeInverseCancellation
job=portfoliovqe_indep_tket_4|ibm_heron_156 azione_RL=BQSKitSynthesis
job=portfoliovqe_indep_tket_4|ibm_heron_156 azione_RL=BasisTranslator
job=portfoliovqe_indep_tket_4|ibm_heron_156 azione_RL=CommutativeInverseCancellation
job=portfoliovqe_indep_tket_4|ibm_heron_156 azione_RL=RemoveDiagonalGatesBeforeMeasure
job=portfoliovqe_indep_tket_4|ibm_heron_156 azione_RL=BQSKitSynthesis
job=portfoliovqe_indep_tket_4|ibm_heron_156 azione_RL=BQSKitSynthesis
job=portfoliovqe_indep_tket_4|ibm_heron_156 azione_RL=RemoveDiagonalGatesBeforeMeasure
job=portfoliovqe_indep_tket_4|ibm_heron_156 azione_RL=InverseCancellation
job=portfoliovqe_indep_tket_4|ibm_heron_156 azione_RL=BQSKitSynthesis
job=portfoliovqe_indep_tket_4|ibm_heron_156 azione_RL=FullPeepholeOptimiseCX
job=portfoliovqe_indep_tket_4|ibm_heron_156 azione_RL=BQSKitSynthesis
job=portfoliovqe_indep_tket_4|ibm_heron_156 azione_RL=PeepholeOptimise2Q
job=portfoliovqe_indep_tket_4|ibm_heron_156 azione_RL=RemoveDiagonalGatesBeforeMeasure
job=portfoliovqe_indep_tket_4|ibm_heron_156 azione_RL=RemoveRedundancies
job=portfoliovqe_indep_tket_4|ibm_heron_156 azione_RL=Optimize1qGatesDecomposition
job=portfoliovqe_indep_tket_4|ibm_heron_156 azione_RL=RemoveDiagonalGatesBeforeMeasure
job=portfoliovqe_indep_tket_4|ibm_heron_156 azione_RL=BQSKitO2
job=portfoliovqe_indep_tket_4|ibm_heron_156 azione_RL=RemoveRedundancies
job=portfoliovqe_indep_tket_4|ibm_heron_156 azione_RL=QiskitO3
job=portfoliovqe_indep_tket_4|ibm_heron_156 azione_RL=FullPeepholeOptimiseCX
job=portfoliovqe_indep_tket_4|ibm_heron_156 azione_RL=OptimizeCliffords
job=portfoliovqe_indep_tket_4|ibm_heron_156 azione_RL=OptimizeCliffords
job=portfoliovqe_indep_tket_4|ibm_heron_156 azione_RL=InverseCancellation
job=portfoliovqe_indep_tket_4|ibm_heron_156 azione_RL=Opt2qBlocks
job=portfoliovqe_indep_tket_4|ibm_heron_156 azione_RL=InverseCancellation
job=portfoliovqe_indep_tket_4|ibm_heron_156 azione_RL=QiskitO3
job=portfoliovqe_indep_tket_4|ibm_heron_156 azione_RL=Optimize1qGatesDecomposition
job=portfoliovqe_indep_tket_4|ibm_heron_156 azione_RL=FullPeepholeOptimiseCX
job=portfoliovqe_indep_tket_4|ibm_heron_156 azione_RL=Opt2qBlocks
job=portfoliovqe_indep_tket_4|ibm_heron_156 azione_RL=FullPeepholeOptimiseCX
job=portfoliovqe_indep_tket_4|ibm_heron_156 azione_RL=RemoveRedundancies
job=portfoliovqe_indep_tket_4|ibm_heron_156 azione_RL=BQSKitSynthesis
job=portfoliovqe_indep_tket_4|ibm_heron_156 azione_RL=BasisTranslator
job=portfoliovqe_indep_tket_4|ibm_heron_156 azione_RL=QiskitO3
job=portfoliovqe_indep_tket_4|ibm_heron_156 azione_RL=CliffordSimp
job=portfoliovqe_indep_tket_4|ibm_heron_156 azione_RL=CommutativeCancellation
job=portfoliovqe_indep_tket_4|ibm_heron_156 azione_RL=RemoveDiagonalGatesBeforeMeasure
job=portfoliovqe_indep_tket_4|ibm_heron_156 azione_RL=Opt2qBlocks
job=portfoliovqe_indep_tket_4|ibm_heron_156 azione_RL=CommutativeCancellation
job=portfoliovqe_indep_tket_4|ibm_heron_156 azione_RL=PeepholeOptimise2Q
job=portfoliovqe_indep_tket_4|ibm_heron_156 azione_RL=QiskitO3
job=portfoliovqe_indep_tket_4|ibm_heron_156 azione_RL=CommutativeInverseCancellation
job=portfoliovqe_indep_tket_4|ibm_heron_156 azione_RL=FullPeepholeOptimiseCX
job=portfoliovqe_indep_tket_4|ibm_heron_156 azione_RL=BQSKitO2
job=portfoliovqe_indep_tket_4|ibm_heron_156 azione_RL=InverseCancellation
job=portfoliovqe_indep_tket_4|ibm_heron_156 azione_RL=BQSKitSynthesis
job=portfoliovqe_indep_tket_4|ibm_heron_156 azione_RL=QiskitO3
job=portfoliovqe_indep_tket_4|ibm_heron_156 azione_RL=Opt2qBlocks
job=portfoliovqe_indep_tket_4|ibm_heron_156 azione_RL=RemoveRedundancies
job=portfoliovqe_indep_tket_4|ibm_heron_156 azione_RL=QiskitO3
job=portfoliovqe_indep_tket_4|ibm_heron_156 azione_RL=CommutativeCancellation
job=portfoliovqe_indep_tket_4|ibm_heron_156 azione_RL=CommutativeCancellation
job=portfoliovqe_indep_tket_4|ibm_heron_156 azione_RL=RemoveRedundancies
job=portfoliovqe_indep_tket_4|ibm_heron_156 azione_RL=BQSKitO2
job=portfoliovqe_indep_tket_4|ibm_heron_156 fallback=QiskitO2
job=qaoa_indep_qiskit_4|ibm_heron_156 azione_RL=BQSKitO2
job=qaoa_indep_qiskit_4|ibm_heron_156 azione_RL=FullPeepholeOptimiseCX
job=qaoa_indep_qiskit_4|ibm_heron_156 azione_RL=BQSKitSynthesis
job=qaoa_indep_qiskit_4|ibm_heron_156 azione_RL=QiskitO3
job=qaoa_indep_qiskit_4|ibm_heron_156 azione_RL=BQSKitSynthesis
job=qaoa_indep_qiskit_4|ibm_heron_156 azione_RL=CommutativeCancellation
job=qaoa_indep_qiskit_4|ibm_heron_156 azione_RL=BQSKitO2
job=qaoa_indep_qiskit_4|ibm_heron_156 azione_RL=CommutativeInverseCancellation
job=qaoa_indep_qiskit_4|ibm_heron_156 azione_RL=RemoveDiagonalGatesBeforeMeasure
job=qaoa_indep_qiskit_4|ibm_heron_156 azione_RL=QiskitO3
job=qaoa_indep_qiskit_4|ibm_heron_156 azione_RL=RemoveDiagonalGatesBeforeMeasure
job=qaoa_indep_qiskit_4|ibm_heron_156 azione_RL=BQSKitSynthesis
job=qaoa_indep_qiskit_4|ibm_heron_156 azione_RL=BasisTranslator
job=qaoa_indep_qiskit_4|ibm_heron_156 azione_RL=CommutativeInverseCancellation
job=qaoa_indep_qiskit_4|ibm_heron_156 azione_RL=OptimizeCliffords
job=qaoa_indep_qiskit_4|ibm_heron_156 azione_RL=FullPeepholeOptimiseCX
job=qaoa_indep_qiskit_4|ibm_heron_156 azione_RL=BasisTranslator
job=qaoa_indep_qiskit_4|ibm_heron_156 azione_RL=RemoveDiagonalGatesBeforeMeasure
job=qaoa_indep_qiskit_4|ibm_heron_156 azione_RL=CommutativeCancellation
job=qaoa_indep_qiskit_4|ibm_heron_156 azione_RL=Optimize1qGatesDecomposition
job=qaoa_indep_qiskit_4|ibm_heron_156 azione_RL=CliffordSimp
job=qaoa_indep_qiskit_4|ibm_heron_156 azione_RL=BQSKitO2
job=qaoa_indep_qiskit_4|ibm_heron_156 azione_RL=BasisTranslator
job=qaoa_indep_qiskit_4|ibm_heron_156 azione_RL=PeepholeOptimise2Q
job=qaoa_indep_qiskit_4|ibm_heron_156 azione_RL=Opt2qBlocks
job=qaoa_indep_qiskit_4|ibm_heron_156 azione_RL=RemoveRedundancies
job=qaoa_indep_qiskit_4|ibm_heron_156 azione_RL=RemoveRedundancies
job=qaoa_indep_qiskit_4|ibm_heron_156 azione_RL=QiskitO3
job=qaoa_indep_qiskit_4|ibm_heron_156 azione_RL=QiskitO3
job=qaoa_indep_qiskit_4|ibm_heron_156 azione_RL=RemoveRedundancies
job=qaoa_indep_qiskit_4|ibm_heron_156 azione_RL=InverseCancellation
job=qaoa_indep_qiskit_4|ibm_heron_156 azione_RL=QiskitO3
job=qaoa_indep_qiskit_4|ibm_heron_156 azione_RL=Opt2qBlocks
job=qaoa_indep_qiskit_4|ibm_heron_156 azione_RL=CommutativeInverseCancellation
job=qaoa_indep_qiskit_4|ibm_heron_156 azione_RL=RemoveDiagonalGatesBeforeMeasure
job=qaoa_indep_qiskit_4|ibm_heron_156 azione_RL=FullPeepholeOptimiseCX
job=qaoa_indep_qiskit_4|ibm_heron_156 azione_RL=RemoveDiagonalGatesBeforeMeasure
job=qaoa_indep_qiskit_4|ibm_heron_156 azione_RL=Opt2qBlocks
job=qaoa_indep_qiskit_4|ibm_heron_156 azione_RL=OptimizeCliffords
job=qaoa_indep_qiskit_4|ibm_heron_156 azione_RL=QiskitO3
job=qaoa_indep_qiskit_4|ibm_heron_156 azione_RL=RemoveRedundancies
job=qaoa_indep_qiskit_4|ibm_heron_156 azione_RL=CommutativeCancellation
job=qaoa_indep_qiskit_4|ibm_heron_156 azione_RL=CommutativeInverseCancellation
job=qaoa_indep_qiskit_4|ibm_heron_156 azione_RL=BQSKitO2
job=qaoa_indep_qiskit_4|ibm_heron_156 azione_RL=OptimizeCliffords
job=qaoa_indep_qiskit_4|ibm_heron_156 azione_RL=BQSKitO2
job=qaoa_indep_qiskit_4|ibm_heron_156 azione_RL=BQSKitO2
job=qaoa_indep_qiskit_4|ibm_heron_156 azione_RL=QiskitO3
job=qaoa_indep_qiskit_4|ibm_heron_156 azione_RL=Optimize1qGatesDecomposition
job=qaoa_indep_qiskit_4|ibm_heron_156 azione_RL=InverseCancellation
job=qaoa_indep_qiskit_4|ibm_heron_156 azione_RL=InverseCancellation
job=qaoa_indep_qiskit_4|ibm_heron_156 azione_RL=RemoveRedundancies
job=qaoa_indep_qiskit_4|ibm_heron_156 azione_RL=OptimizeCliffords
job=qaoa_indep_qiskit_4|ibm_heron_156 azione_RL=QiskitO3
job=qaoa_indep_qiskit_4|ibm_heron_156 azione_RL=CommutativeCancellation
job=qaoa_indep_qiskit_4|ibm_heron_156 azione_RL=RemoveRedundancies
job=qaoa_indep_qiskit_4|ibm_heron_156 azione_RL=RemoveDiagonalGatesBeforeMeasure
job=qaoa_indep_qiskit_4|ibm_heron_156 azione_RL=OptimizeCliffords
job=qaoa_indep_qiskit_4|ibm_heron_156 azione_RL=CommutativeInverseCancellation
job=qaoa_indep_qiskit_4|ibm_heron_156 azione_RL=BQSKitSynthesis
job=qaoa_indep_qiskit_4|ibm_heron_156 azione_RL=BasisTranslator
job=qaoa_indep_qiskit_4|ibm_heron_156 azione_RL=CommutativeInverseCancellation
job=qaoa_indep_qiskit_4|ibm_heron_156 azione_RL=RemoveDiagonalGatesBeforeMeasure
job=qaoa_indep_qiskit_4|ibm_heron_156 azione_RL=BQSKitSynthesis
job=qaoa_indep_qiskit_4|ibm_heron_156 azione_RL=BQSKitSynthesis
job=qaoa_indep_qiskit_4|ibm_heron_156 azione_RL=RemoveDiagonalGatesBeforeMeasure
job=qaoa_indep_qiskit_4|ibm_heron_156 azione_RL=InverseCancellation
job=qaoa_indep_qiskit_4|ibm_heron_156 azione_RL=BQSKitSynthesis
job=qaoa_indep_qiskit_4|ibm_heron_156 azione_RL=FullPeepholeOptimiseCX
job=qaoa_indep_qiskit_4|ibm_heron_156 azione_RL=BQSKitSynthesis
job=qaoa_indep_qiskit_4|ibm_heron_156 azione_RL=PeepholeOptimise2Q
job=qaoa_indep_qiskit_4|ibm_heron_156 azione_RL=RemoveDiagonalGatesBeforeMeasure
job=qaoa_indep_qiskit_4|ibm_heron_156 azione_RL=RemoveRedundancies
job=qaoa_indep_qiskit_4|ibm_heron_156 azione_RL=Optimize1qGatesDecomposition
job=qaoa_indep_qiskit_4|ibm_heron_156 azione_RL=RemoveDiagonalGatesBeforeMeasure
job=qaoa_indep_qiskit_4|ibm_heron_156 azione_RL=BQSKitO2
job=qaoa_indep_qiskit_4|ibm_heron_156 azione_RL=RemoveRedundancies
job=qaoa_indep_qiskit_4|ibm_heron_156 azione_RL=QiskitO3
job=qaoa_indep_qiskit_4|ibm_heron_156 azione_RL=FullPeepholeOptimiseCX
job=qaoa_indep_qiskit_4|ibm_heron_156 azione_RL=OptimizeCliffords
job=qaoa_indep_qiskit_4|ibm_heron_156 azione_RL=OptimizeCliffords
job=qaoa_indep_qiskit_4|ibm_heron_156 azione_RL=InverseCancellation
job=qaoa_indep_qiskit_4|ibm_heron_156 azione_RL=Opt2qBlocks
job=qaoa_indep_qiskit_4|ibm_heron_156 azione_RL=InverseCancellation
job=qaoa_indep_qiskit_4|ibm_heron_156 azione_RL=QiskitO3
job=qaoa_indep_qiskit_4|ibm_heron_156 azione_RL=Optimize1qGatesDecomposition
job=qaoa_indep_qiskit_4|ibm_heron_156 azione_RL=FullPeepholeOptimiseCX
job=qaoa_indep_qiskit_4|ibm_heron_156 azione_RL=Opt2qBlocks
job=qaoa_indep_qiskit_4|ibm_heron_156 azione_RL=FullPeepholeOptimiseCX
job=qaoa_indep_qiskit_4|ibm_heron_156 azione_RL=RemoveRedundancies
job=qaoa_indep_qiskit_4|ibm_heron_156 azione_RL=BQSKitSynthesis
job=qaoa_indep_qiskit_4|ibm_heron_156 azione_RL=BasisTranslator
job=qaoa_indep_qiskit_4|ibm_heron_156 azione_RL=QiskitO3
job=qaoa_indep_qiskit_4|ibm_heron_156 azione_RL=CliffordSimp
job=qaoa_indep_qiskit_4|ibm_heron_156 azione_RL=CommutativeCancellation
job=qaoa_indep_qiskit_4|ibm_heron_156 azione_RL=RemoveDiagonalGatesBeforeMeasure
job=qaoa_indep_qiskit_4|ibm_heron_156 azione_RL=Opt2qBlocks
job=qaoa_indep_qiskit_4|ibm_heron_156 azione_RL=CommutativeCancellation
job=qaoa_indep_qiskit_4|ibm_heron_156 azione_RL=PeepholeOptimise2Q
job=qaoa_indep_qiskit_4|ibm_heron_156 azione_RL=QiskitO3
job=qaoa_indep_qiskit_4|ibm_heron_156 azione_RL=CommutativeInverseCancellation
job=qaoa_indep_qiskit_4|ibm_heron_156 azione_RL=FullPeepholeOptimiseCX
job=qaoa_indep_qiskit_4|ibm_heron_156 azione_RL=BQSKitO2
job=qaoa_indep_qiskit_4|ibm_heron_156 azione_RL=InverseCancellation
job=qaoa_indep_qiskit_4|ibm_heron_156 azione_RL=BQSKitSynthesis
job=qaoa_indep_qiskit_4|ibm_heron_156 azione_RL=QiskitO3
job=qaoa_indep_qiskit_4|ibm_heron_156 azione_RL=Opt2qBlocks
job=qaoa_indep_qiskit_4|ibm_heron_156 azione_RL=RemoveRedundancies
job=qaoa_indep_qiskit_4|ibm_heron_156 azione_RL=QiskitO3
job=qaoa_indep_qiskit_4|ibm_heron_156 azione_RL=CommutativeCancellation
job=qaoa_indep_qiskit_4|ibm_heron_156 azione_RL=CommutativeCancellation
job=qaoa_indep_qiskit_4|ibm_heron_156 azione_RL=RemoveRedundancies
job=qaoa_indep_qiskit_4|ibm_heron_156 azione_RL=BQSKitO2
job=qaoa_indep_qiskit_4|ibm_heron_156 azione_RL=QiskitO3
job=qaoa_indep_qiskit_4|ibm_heron_156 azione_RL=CommutativeInverseCancellation
job=qaoa_indep_qiskit_4|ibm_heron_156 azione_RL=InverseCancellation
job=qaoa_indep_qiskit_4|ibm_heron_156 azione_RL=CliffordSimp
job=qaoa_indep_qiskit_4|ibm_heron_156 azione_RL=QiskitO3
job=qaoa_indep_qiskit_4|ibm_heron_156 azione_RL=RemoveDiagonalGatesBeforeMeasure
job=qaoa_indep_qiskit_4|ibm_heron_156 azione_RL=QiskitO3
job=qaoa_indep_qiskit_4|ibm_heron_156 azione_RL=BQSKitSynthesis
job=qaoa_indep_qiskit_4|ibm_heron_156 azione_RL=PeepholeOptimise2Q
job=qaoa_indep_qiskit_4|ibm_heron_156 azione_RL=InverseCancellation
job=qaoa_indep_qiskit_4|ibm_heron_156 azione_RL=BQSKitO2
job=qaoa_indep_qiskit_4|ibm_heron_156 azione_RL=FullPeepholeOptimiseCX
job=qaoa_indep_qiskit_4|ibm_heron_156 azione_RL=BasisTranslator
job=qaoa_indep_qiskit_4|ibm_heron_156 azione_RL=BQSKitSynthesis
job=qaoa_indep_qiskit_4|ibm_heron_156 fallback=QiskitO2
job=qaoa_indep_tket_4|ibm_heron_156 azione_RL=BQSKitO2
job=qaoa_indep_tket_4|ibm_heron_156 azione_RL=FullPeepholeOptimiseCX
job=qaoa_indep_tket_4|ibm_heron_156 azione_RL=BQSKitSynthesis
job=qaoa_indep_tket_4|ibm_heron_156 azione_RL=QiskitO3
job=qaoa_indep_tket_4|ibm_heron_156 azione_RL=BQSKitSynthesis
job=qaoa_indep_tket_4|ibm_heron_156 azione_RL=CommutativeCancellation
job=qaoa_indep_tket_4|ibm_heron_156 azione_RL=BQSKitO2
job=qaoa_indep_tket_4|ibm_heron_156 azione_RL=CommutativeInverseCancellation
job=qaoa_indep_tket_4|ibm_heron_156 azione_RL=RemoveDiagonalGatesBeforeMeasure
job=qaoa_indep_tket_4|ibm_heron_156 azione_RL=QiskitO3
job=qaoa_indep_tket_4|ibm_heron_156 azione_RL=RemoveDiagonalGatesBeforeMeasure
job=qaoa_indep_tket_4|ibm_heron_156 azione_RL=BQSKitSynthesis
job=qaoa_indep_tket_4|ibm_heron_156 azione_RL=BasisTranslator
job=qaoa_indep_tket_4|ibm_heron_156 azione_RL=CommutativeInverseCancellation
job=qaoa_indep_tket_4|ibm_heron_156 azione_RL=OptimizeCliffords
job=qaoa_indep_tket_4|ibm_heron_156 azione_RL=FullPeepholeOptimiseCX
job=qaoa_indep_tket_4|ibm_heron_156 azione_RL=BasisTranslator
job=qaoa_indep_tket_4|ibm_heron_156 azione_RL=RemoveDiagonalGatesBeforeMeasure
job=qaoa_indep_tket_4|ibm_heron_156 azione_RL=CommutativeCancellation
job=qaoa_indep_tket_4|ibm_heron_156 azione_RL=Optimize1qGatesDecomposition
job=qaoa_indep_tket_4|ibm_heron_156 azione_RL=CliffordSimp
job=qaoa_indep_tket_4|ibm_heron_156 azione_RL=BQSKitO2
job=qaoa_indep_tket_4|ibm_heron_156 azione_RL=BasisTranslator
job=qaoa_indep_tket_4|ibm_heron_156 azione_RL=PeepholeOptimise2Q
job=qaoa_indep_tket_4|ibm_heron_156 azione_RL=Opt2qBlocks
job=qaoa_indep_tket_4|ibm_heron_156 azione_RL=RemoveRedundancies
job=qaoa_indep_tket_4|ibm_heron_156 azione_RL=RemoveRedundancies
job=qaoa_indep_tket_4|ibm_heron_156 azione_RL=QiskitO3
job=qaoa_indep_tket_4|ibm_heron_156 azione_RL=QiskitO3
job=qaoa_indep_tket_4|ibm_heron_156 azione_RL=RemoveRedundancies
job=qaoa_indep_tket_4|ibm_heron_156 azione_RL=InverseCancellation
job=qaoa_indep_tket_4|ibm_heron_156 azione_RL=QiskitO3
job=qaoa_indep_tket_4|ibm_heron_156 azione_RL=Opt2qBlocks
job=qaoa_indep_tket_4|ibm_heron_156 azione_RL=CommutativeInverseCancellation
job=qaoa_indep_tket_4|ibm_heron_156 azione_RL=RemoveDiagonalGatesBeforeMeasure
job=qaoa_indep_tket_4|ibm_heron_156 azione_RL=FullPeepholeOptimiseCX
job=qaoa_indep_tket_4|ibm_heron_156 azione_RL=RemoveDiagonalGatesBeforeMeasure
job=qaoa_indep_tket_4|ibm_heron_156 azione_RL=Opt2qBlocks
job=qaoa_indep_tket_4|ibm_heron_156 azione_RL=OptimizeCliffords
job=qaoa_indep_tket_4|ibm_heron_156 azione_RL=QiskitO3
job=qaoa_indep_tket_4|ibm_heron_156 azione_RL=RemoveRedundancies
job=qaoa_indep_tket_4|ibm_heron_156 azione_RL=CommutativeCancellation
job=qaoa_indep_tket_4|ibm_heron_156 azione_RL=CommutativeInverseCancellation
job=qaoa_indep_tket_4|ibm_heron_156 azione_RL=BQSKitO2
job=qaoa_indep_tket_4|ibm_heron_156 azione_RL=OptimizeCliffords
job=qaoa_indep_tket_4|ibm_heron_156 azione_RL=BQSKitO2
job=qaoa_indep_tket_4|ibm_heron_156 azione_RL=BQSKitO2
job=qaoa_indep_tket_4|ibm_heron_156 azione_RL=QiskitO3
job=qaoa_indep_tket_4|ibm_heron_156 azione_RL=Optimize1qGatesDecomposition
job=qaoa_indep_tket_4|ibm_heron_156 azione_RL=InverseCancellation
job=qaoa_indep_tket_4|ibm_heron_156 azione_RL=InverseCancellation
job=qaoa_indep_tket_4|ibm_heron_156 azione_RL=RemoveRedundancies
job=qaoa_indep_tket_4|ibm_heron_156 azione_RL=OptimizeCliffords
job=qaoa_indep_tket_4|ibm_heron_156 azione_RL=QiskitO3
job=qaoa_indep_tket_4|ibm_heron_156 azione_RL=CommutativeCancellation
job=qaoa_indep_tket_4|ibm_heron_156 azione_RL=RemoveRedundancies
job=qaoa_indep_tket_4|ibm_heron_156 azione_RL=RemoveDiagonalGatesBeforeMeasure
job=qaoa_indep_tket_4|ibm_heron_156 azione_RL=OptimizeCliffords
job=qaoa_indep_tket_4|ibm_heron_156 azione_RL=CommutativeInverseCancellation
job=qaoa_indep_tket_4|ibm_heron_156 azione_RL=BQSKitSynthesis
job=qaoa_indep_tket_4|ibm_heron_156 azione_RL=BasisTranslator
job=qaoa_indep_tket_4|ibm_heron_156 azione_RL=CommutativeInverseCancellation
job=qaoa_indep_tket_4|ibm_heron_156 azione_RL=RemoveDiagonalGatesBeforeMeasure
job=qaoa_indep_tket_4|ibm_heron_156 azione_RL=BQSKitSynthesis
job=qaoa_indep_tket_4|ibm_heron_156 azione_RL=BQSKitSynthesis
job=qaoa_indep_tket_4|ibm_heron_156 azione_RL=RemoveDiagonalGatesBeforeMeasure
job=qaoa_indep_tket_4|ibm_heron_156 azione_RL=InverseCancellation
job=qaoa_indep_tket_4|ibm_heron_156 azione_RL=BQSKitSynthesis
job=qaoa_indep_tket_4|ibm_heron_156 azione_RL=FullPeepholeOptimiseCX
job=qaoa_indep_tket_4|ibm_heron_156 azione_RL=BQSKitSynthesis
job=qaoa_indep_tket_4|ibm_heron_156 azione_RL=PeepholeOptimise2Q
job=qaoa_indep_tket_4|ibm_heron_156 azione_RL=RemoveDiagonalGatesBeforeMeasure
job=qaoa_indep_tket_4|ibm_heron_156 azione_RL=RemoveRedundancies
job=qaoa_indep_tket_4|ibm_heron_156 azione_RL=Optimize1qGatesDecomposition
job=qaoa_indep_tket_4|ibm_heron_156 azione_RL=RemoveDiagonalGatesBeforeMeasure
job=qaoa_indep_tket_4|ibm_heron_156 azione_RL=BQSKitO2
job=qaoa_indep_tket_4|ibm_heron_156 azione_RL=RemoveRedundancies
job=qaoa_indep_tket_4|ibm_heron_156 azione_RL=QiskitO3
job=qaoa_indep_tket_4|ibm_heron_156 azione_RL=FullPeepholeOptimiseCX
job=qaoa_indep_tket_4|ibm_heron_156 azione_RL=OptimizeCliffords
job=qaoa_indep_tket_4|ibm_heron_156 azione_RL=OptimizeCliffords
job=qaoa_indep_tket_4|ibm_heron_156 azione_RL=InverseCancellation
job=qaoa_indep_tket_4|ibm_heron_156 azione_RL=Opt2qBlocks
job=qaoa_indep_tket_4|ibm_heron_156 azione_RL=InverseCancellation
job=qaoa_indep_tket_4|ibm_heron_156 azione_RL=QiskitO3
job=qaoa_indep_tket_4|ibm_heron_156 azione_RL=Optimize1qGatesDecomposition
job=qaoa_indep_tket_4|ibm_heron_156 azione_RL=FullPeepholeOptimiseCX
job=qaoa_indep_tket_4|ibm_heron_156 azione_RL=Opt2qBlocks
job=qaoa_indep_tket_4|ibm_heron_156 azione_RL=FullPeepholeOptimiseCX
job=qaoa_indep_tket_4|ibm_heron_156 azione_RL=RemoveRedundancies
job=qaoa_indep_tket_4|ibm_heron_156 azione_RL=BQSKitSynthesis
job=qaoa_indep_tket_4|ibm_heron_156 azione_RL=BasisTranslator
job=qaoa_indep_tket_4|ibm_heron_156 azione_RL=QiskitO3
job=qaoa_indep_tket_4|ibm_heron_156 azione_RL=CliffordSimp
job=qaoa_indep_tket_4|ibm_heron_156 azione_RL=CommutativeCancellation
job=qaoa_indep_tket_4|ibm_heron_156 azione_RL=RemoveDiagonalGatesBeforeMeasure
job=qaoa_indep_tket_4|ibm_heron_156 azione_RL=Opt2qBlocks
job=qaoa_indep_tket_4|ibm_heron_156 azione_RL=CommutativeCancellation
job=qaoa_indep_tket_4|ibm_heron_156 azione_RL=PeepholeOptimise2Q
job=qaoa_indep_tket_4|ibm_heron_156 azione_RL=QiskitO3
job=qaoa_indep_tket_4|ibm_heron_156 azione_RL=CommutativeInverseCancellation
job=qaoa_indep_tket_4|ibm_heron_156 azione_RL=FullPeepholeOptimiseCX
job=qaoa_indep_tket_4|ibm_heron_156 azione_RL=BQSKitO2
job=qaoa_indep_tket_4|ibm_heron_156 azione_RL=InverseCancellation
job=qaoa_indep_tket_4|ibm_heron_156 azione_RL=BQSKitSynthesis
job=qaoa_indep_tket_4|ibm_heron_156 azione_RL=QiskitO3
job=qaoa_indep_tket_4|ibm_heron_156 azione_RL=Opt2qBlocks
job=qaoa_indep_tket_4|ibm_heron_156 azione_RL=RemoveRedundancies
job=qaoa_indep_tket_4|ibm_heron_156 azione_RL=QiskitO3
job=qaoa_indep_tket_4|ibm_heron_156 azione_RL=CommutativeCancellation
job=qaoa_indep_tket_4|ibm_heron_156 azione_RL=CommutativeCancellation
job=qaoa_indep_tket_4|ibm_heron_156 azione_RL=RemoveRedundancies
job=qaoa_indep_tket_4|ibm_heron_156 azione_RL=BQSKitO2
job=qaoa_indep_tket_4|ibm_heron_156 azione_RL=QiskitO3
job=qaoa_indep_tket_4|ibm_heron_156 azione_RL=CommutativeInverseCancellation
job=qaoa_indep_tket_4|ibm_heron_156 azione_RL=InverseCancellation
job=qaoa_indep_tket_4|ibm_heron_156 azione_RL=CliffordSimp
job=qaoa_indep_tket_4|ibm_heron_156 azione_RL=QiskitO3
job=qaoa_indep_tket_4|ibm_heron_156 azione_RL=RemoveDiagonalGatesBeforeMeasure
job=qaoa_indep_tket_4|ibm_heron_156 azione_RL=QiskitO3
job=qaoa_indep_tket_4|ibm_heron_156 azione_RL=BQSKitSynthesis
job=qaoa_indep_tket_4|ibm_heron_156 azione_RL=PeepholeOptimise2Q
job=qaoa_indep_tket_4|ibm_heron_156 azione_RL=InverseCancellation
job=qaoa_indep_tket_4|ibm_heron_156 azione_RL=BQSKitO2
job=qaoa_indep_tket_4|ibm_heron_156 fallback=QiskitO2
job=qft_indep_qiskit_4|ibm_heron_156 azione_RL=BQSKitO2
job=qft_indep_qiskit_4|ibm_heron_156 azione_RL=FullPeepholeOptimiseCX
/home/elio/Tesi/.venv/lib/python3.12/site-packages/pytket/extensions/qiskit/qiskit_convert.py:1124: UserWarning: The pytket Circuit contains implicit qubit permutations which aren't handled by default. Consider using the replace_implicit_swaps flag in tk_to_qiskit or replacing them using Circuit.replace_implicit_swaps().
  warnings.warn(  # noqa: B028
job=qft_indep_qiskit_4|ibm_heron_156 azione_RL=BQSKitSynthesis
job=qft_indep_qiskit_4|ibm_heron_156 azione_RL=QiskitO3
job=qft_indep_qiskit_4|ibm_heron_156 azione_RL=VF2Layout
job=qft_indep_qiskit_4|ibm_heron_156 fallback=QiskitO2
job=qft_indep_tket_4|ibm_heron_156 azione_RL=BQSKitO2
job=qft_indep_tket_4|ibm_heron_156 azione_RL=FullPeepholeOptimiseCX
/home/elio/Tesi/.venv/lib/python3.12/site-packages/pytket/extensions/qiskit/qiskit_convert.py:1124: UserWarning: The pytket Circuit contains implicit qubit permutations which aren't handled by default. Consider using the replace_implicit_swaps flag in tk_to_qiskit or replacing them using Circuit.replace_implicit_swaps().
  warnings.warn(  # noqa: B028
job=qft_indep_tket_4|ibm_heron_156 azione_RL=BQSKitSynthesis
job=qft_indep_tket_4|ibm_heron_156 azione_RL=QiskitO3
job=qft_indep_tket_4|ibm_heron_156 azione_RL=VF2Layout
job=qft_indep_tket_4|ibm_heron_156 fallback=QiskitO2
job=qftentangled_indep_qiskit_4|ibm_heron_156 azione_RL=BQSKitO2
job=qftentangled_indep_qiskit_4|ibm_heron_156 azione_RL=FullPeepholeOptimiseCX
/home/elio/Tesi/.venv/lib/python3.12/site-packages/pytket/extensions/qiskit/qiskit_convert.py:1124: UserWarning: The pytket Circuit contains implicit qubit permutations which aren't handled by default. Consider using the replace_implicit_swaps flag in tk_to_qiskit or replacing them using Circuit.replace_implicit_swaps().
  warnings.warn(  # noqa: B028
job=qftentangled_indep_qiskit_4|ibm_heron_156 azione_RL=BQSKitSynthesis
job=qftentangled_indep_qiskit_4|ibm_heron_156 azione_RL=QiskitO3
job=qftentangled_indep_qiskit_4|ibm_heron_156 azione_RL=VF2Layout
job=qftentangled_indep_qiskit_4|ibm_heron_156 fallback=QiskitO2
job=qftentangled_indep_tket_4|ibm_heron_156 azione_RL=BQSKitO2
job=qftentangled_indep_tket_4|ibm_heron_156 azione_RL=FullPeepholeOptimiseCX
/home/elio/Tesi/.venv/lib/python3.12/site-packages/pytket/extensions/qiskit/qiskit_convert.py:1124: UserWarning: The pytket Circuit contains implicit qubit permutations which aren't handled by default. Consider using the replace_implicit_swaps flag in tk_to_qiskit or replacing them using Circuit.replace_implicit_swaps().
  warnings.warn(  # noqa: B028
job=qftentangled_indep_tket_4|ibm_heron_156 azione_RL=BQSKitSynthesis
job=qftentangled_indep_tket_4|ibm_heron_156 azione_RL=QiskitO3
job=qftentangled_indep_tket_4|ibm_heron_156 azione_RL=VF2Layout
job=qftentangled_indep_tket_4|ibm_heron_156 fallback=QiskitO2
job=qnn_indep_qiskit_4|ibm_heron_156 azione_RL=BQSKitO2
job=qnn_indep_qiskit_4|ibm_heron_156 azione_RL=FullPeepholeOptimiseCX
job=qnn_indep_qiskit_4|ibm_heron_156 azione_RL=BQSKitSynthesis
job=qnn_indep_qiskit_4|ibm_heron_156 azione_RL=BasisTranslator
job=qnn_indep_qiskit_4|ibm_heron_156 azione_RL=BQSKitSynthesis
job=qnn_indep_qiskit_4|ibm_heron_156 azione_RL=InverseCancellation
job=qnn_indep_qiskit_4|ibm_heron_156 azione_RL=BQSKitO2
job=qnn_indep_qiskit_4|ibm_heron_156 azione_RL=CommutativeInverseCancellation
job=qnn_indep_qiskit_4|ibm_heron_156 azione_RL=RemoveDiagonalGatesBeforeMeasure
job=qnn_indep_qiskit_4|ibm_heron_156 azione_RL=QiskitO3
job=qnn_indep_qiskit_4|ibm_heron_156 azione_RL=RemoveDiagonalGatesBeforeMeasure
job=qnn_indep_qiskit_4|ibm_heron_156 azione_RL=BQSKitSynthesis
job=qnn_indep_qiskit_4|ibm_heron_156 azione_RL=BasisTranslator
job=qnn_indep_qiskit_4|ibm_heron_156 azione_RL=CommutativeInverseCancellation
job=qnn_indep_qiskit_4|ibm_heron_156 azione_RL=OptimizeCliffords
job=qnn_indep_qiskit_4|ibm_heron_156 azione_RL=FullPeepholeOptimiseCX
job=qnn_indep_qiskit_4|ibm_heron_156 azione_RL=BasisTranslator
job=qnn_indep_qiskit_4|ibm_heron_156 azione_RL=RemoveDiagonalGatesBeforeMeasure
job=qnn_indep_qiskit_4|ibm_heron_156 azione_RL=CommutativeCancellation
job=qnn_indep_qiskit_4|ibm_heron_156 azione_RL=Optimize1qGatesDecomposition
job=qnn_indep_qiskit_4|ibm_heron_156 azione_RL=CliffordSimp
job=qnn_indep_qiskit_4|ibm_heron_156 azione_RL=BQSKitO2
job=qnn_indep_qiskit_4|ibm_heron_156 azione_RL=BasisTranslator
job=qnn_indep_qiskit_4|ibm_heron_156 azione_RL=PeepholeOptimise2Q
job=qnn_indep_qiskit_4|ibm_heron_156 azione_RL=Opt2qBlocks
job=qnn_indep_qiskit_4|ibm_heron_156 azione_RL=RemoveRedundancies
job=qnn_indep_qiskit_4|ibm_heron_156 azione_RL=RemoveRedundancies
job=qnn_indep_qiskit_4|ibm_heron_156 azione_RL=QiskitO3
job=qnn_indep_qiskit_4|ibm_heron_156 azione_RL=QiskitO3
job=qnn_indep_qiskit_4|ibm_heron_156 azione_RL=RemoveRedundancies
job=qnn_indep_qiskit_4|ibm_heron_156 azione_RL=InverseCancellation
job=qnn_indep_qiskit_4|ibm_heron_156 azione_RL=QiskitO3
job=qnn_indep_qiskit_4|ibm_heron_156 azione_RL=Opt2qBlocks
job=qnn_indep_qiskit_4|ibm_heron_156 azione_RL=CommutativeInverseCancellation
job=qnn_indep_qiskit_4|ibm_heron_156 azione_RL=RemoveDiagonalGatesBeforeMeasure
job=qnn_indep_qiskit_4|ibm_heron_156 azione_RL=FullPeepholeOptimiseCX
job=qnn_indep_qiskit_4|ibm_heron_156 azione_RL=RemoveDiagonalGatesBeforeMeasure
job=qnn_indep_qiskit_4|ibm_heron_156 azione_RL=Opt2qBlocks
job=qnn_indep_qiskit_4|ibm_heron_156 azione_RL=OptimizeCliffords
job=qnn_indep_qiskit_4|ibm_heron_156 azione_RL=QiskitO3
job=qnn_indep_qiskit_4|ibm_heron_156 azione_RL=RemoveRedundancies
job=qnn_indep_qiskit_4|ibm_heron_156 azione_RL=CommutativeCancellation
job=qnn_indep_qiskit_4|ibm_heron_156 azione_RL=CommutativeInverseCancellation
job=qnn_indep_qiskit_4|ibm_heron_156 azione_RL=BQSKitO2
job=qnn_indep_qiskit_4|ibm_heron_156 azione_RL=OptimizeCliffords
job=qnn_indep_qiskit_4|ibm_heron_156 azione_RL=BQSKitO2
job=qnn_indep_qiskit_4|ibm_heron_156 azione_RL=BQSKitO2
job=qnn_indep_qiskit_4|ibm_heron_156 azione_RL=QiskitO3
job=qnn_indep_qiskit_4|ibm_heron_156 azione_RL=Optimize1qGatesDecomposition
job=qnn_indep_qiskit_4|ibm_heron_156 azione_RL=InverseCancellation
job=qnn_indep_qiskit_4|ibm_heron_156 azione_RL=InverseCancellation
job=qnn_indep_qiskit_4|ibm_heron_156 azione_RL=RemoveRedundancies
job=qnn_indep_qiskit_4|ibm_heron_156 azione_RL=OptimizeCliffords
job=qnn_indep_qiskit_4|ibm_heron_156 azione_RL=QiskitO3
job=qnn_indep_qiskit_4|ibm_heron_156 azione_RL=CommutativeCancellation
job=qnn_indep_qiskit_4|ibm_heron_156 azione_RL=RemoveRedundancies
job=qnn_indep_qiskit_4|ibm_heron_156 azione_RL=RemoveDiagonalGatesBeforeMeasure
job=qnn_indep_qiskit_4|ibm_heron_156 azione_RL=OptimizeCliffords
job=qnn_indep_qiskit_4|ibm_heron_156 azione_RL=SabreMapping
job=qnn_indep_qiskit_4|ibm_heron_156 fallback=QiskitO2
job=qnn_indep_tket_4|ibm_heron_156 azione_RL=BQSKitO2
job=qnn_indep_tket_4|ibm_heron_156 azione_RL=FullPeepholeOptimiseCX
job=qnn_indep_tket_4|ibm_heron_156 azione_RL=BQSKitSynthesis
job=qnn_indep_tket_4|ibm_heron_156 azione_RL=BasisTranslator
job=qnn_indep_tket_4|ibm_heron_156 azione_RL=BQSKitSynthesis
job=qnn_indep_tket_4|ibm_heron_156 azione_RL=InverseCancellation
job=qnn_indep_tket_4|ibm_heron_156 azione_RL=BQSKitO2
job=qnn_indep_tket_4|ibm_heron_156 azione_RL=CommutativeInverseCancellation
job=qnn_indep_tket_4|ibm_heron_156 azione_RL=RemoveDiagonalGatesBeforeMeasure
job=qnn_indep_tket_4|ibm_heron_156 azione_RL=QiskitO3
job=qnn_indep_tket_4|ibm_heron_156 azione_RL=RemoveDiagonalGatesBeforeMeasure
job=qnn_indep_tket_4|ibm_heron_156 azione_RL=SabreMapping
job=qnn_indep_tket_4|ibm_heron_156 fallback=QiskitO2
job=qpeexact_indep_qiskit_4|ibm_heron_156 azione_RL=BQSKitO2
job=qpeexact_indep_qiskit_4|ibm_heron_156 azione_RL=FullPeepholeOptimiseCX
/home/elio/Tesi/.venv/lib/python3.12/site-packages/pytket/extensions/qiskit/qiskit_convert.py:1124: UserWarning: The pytket Circuit contains implicit qubit permutations which aren't handled by default. Consider using the replace_implicit_swaps flag in tk_to_qiskit or replacing them using Circuit.replace_implicit_swaps().
  warnings.warn(  # noqa: B028
job=qpeexact_indep_qiskit_4|ibm_heron_156 azione_RL=BQSKitSynthesis
job=qpeexact_indep_qiskit_4|ibm_heron_156 azione_RL=QiskitO3
job=qpeexact_indep_qiskit_4|ibm_heron_156 azione_RL=BQSKitSynthesis
job=qpeexact_indep_qiskit_4|ibm_heron_156 azione_RL=InverseCancellation
job=qpeexact_indep_qiskit_4|ibm_heron_156 azione_RL=BQSKitO2
job=qpeexact_indep_qiskit_4|ibm_heron_156 azione_RL=CommutativeInverseCancellation
job=qpeexact_indep_qiskit_4|ibm_heron_156 azione_RL=RemoveDiagonalGatesBeforeMeasure
job=qpeexact_indep_qiskit_4|ibm_heron_156 azione_RL=QiskitO3
job=qpeexact_indep_qiskit_4|ibm_heron_156 azione_RL=RemoveDiagonalGatesBeforeMeasure
job=qpeexact_indep_qiskit_4|ibm_heron_156 azione_RL=BQSKitSynthesis
job=qpeexact_indep_qiskit_4|ibm_heron_156 azione_RL=BasisTranslator
job=qpeexact_indep_qiskit_4|ibm_heron_156 azione_RL=CommutativeInverseCancellation
job=qpeexact_indep_qiskit_4|ibm_heron_156 azione_RL=OptimizeCliffords
job=qpeexact_indep_qiskit_4|ibm_heron_156 azione_RL=FullPeepholeOptimiseCX
job=qpeexact_indep_qiskit_4|ibm_heron_156 azione_RL=BasisTranslator
job=qpeexact_indep_qiskit_4|ibm_heron_156 azione_RL=RemoveDiagonalGatesBeforeMeasure
job=qpeexact_indep_qiskit_4|ibm_heron_156 azione_RL=CommutativeCancellation
job=qpeexact_indep_qiskit_4|ibm_heron_156 azione_RL=Optimize1qGatesDecomposition
job=qpeexact_indep_qiskit_4|ibm_heron_156 azione_RL=CliffordSimp
job=qpeexact_indep_qiskit_4|ibm_heron_156 azione_RL=BQSKitO2
job=qpeexact_indep_qiskit_4|ibm_heron_156 azione_RL=BasisTranslator
job=qpeexact_indep_qiskit_4|ibm_heron_156 azione_RL=PeepholeOptimise2Q
job=qpeexact_indep_qiskit_4|ibm_heron_156 azione_RL=CliffordSimp
job=qpeexact_indep_qiskit_4|ibm_heron_156 azione_RL=RemoveRedundancies
job=qpeexact_indep_qiskit_4|ibm_heron_156 azione_RL=RemoveRedundancies
job=qpeexact_indep_qiskit_4|ibm_heron_156 azione_RL=QiskitO3
job=qpeexact_indep_qiskit_4|ibm_heron_156 azione_RL=QiskitO3
job=qpeexact_indep_qiskit_4|ibm_heron_156 azione_RL=RemoveRedundancies
job=qpeexact_indep_qiskit_4|ibm_heron_156 azione_RL=InverseCancellation
job=qpeexact_indep_qiskit_4|ibm_heron_156 azione_RL=QiskitO3
job=qpeexact_indep_qiskit_4|ibm_heron_156 azione_RL=Opt2qBlocks
job=qpeexact_indep_qiskit_4|ibm_heron_156 azione_RL=CommutativeInverseCancellation
job=qpeexact_indep_qiskit_4|ibm_heron_156 azione_RL=RemoveDiagonalGatesBeforeMeasure
job=qpeexact_indep_qiskit_4|ibm_heron_156 azione_RL=FullPeepholeOptimiseCX
job=qpeexact_indep_qiskit_4|ibm_heron_156 azione_RL=RemoveDiagonalGatesBeforeMeasure
job=qpeexact_indep_qiskit_4|ibm_heron_156 azione_RL=Opt2qBlocks
job=qpeexact_indep_qiskit_4|ibm_heron_156 azione_RL=OptimizeCliffords
job=qpeexact_indep_qiskit_4|ibm_heron_156 azione_RL=QiskitO3
job=qpeexact_indep_qiskit_4|ibm_heron_156 azione_RL=RemoveRedundancies
job=qpeexact_indep_qiskit_4|ibm_heron_156 azione_RL=CommutativeCancellation
job=qpeexact_indep_qiskit_4|ibm_heron_156 azione_RL=CommutativeInverseCancellation
job=qpeexact_indep_qiskit_4|ibm_heron_156 azione_RL=BQSKitO2
job=qpeexact_indep_qiskit_4|ibm_heron_156 azione_RL=OptimizeCliffords
job=qpeexact_indep_qiskit_4|ibm_heron_156 azione_RL=BQSKitO2
job=qpeexact_indep_qiskit_4|ibm_heron_156 azione_RL=BQSKitO2
job=qpeexact_indep_qiskit_4|ibm_heron_156 azione_RL=QiskitO3
job=qpeexact_indep_qiskit_4|ibm_heron_156 azione_RL=Optimize1qGatesDecomposition
job=qpeexact_indep_qiskit_4|ibm_heron_156 azione_RL=InverseCancellation
job=qpeexact_indep_qiskit_4|ibm_heron_156 azione_RL=InverseCancellation
job=qpeexact_indep_qiskit_4|ibm_heron_156 azione_RL=RemoveRedundancies
job=qpeexact_indep_qiskit_4|ibm_heron_156 azione_RL=OptimizeCliffords
job=qpeexact_indep_qiskit_4|ibm_heron_156 azione_RL=QiskitO3
job=qpeexact_indep_qiskit_4|ibm_heron_156 azione_RL=CommutativeCancellation
job=qpeexact_indep_qiskit_4|ibm_heron_156 azione_RL=RemoveRedundancies
job=qpeexact_indep_qiskit_4|ibm_heron_156 azione_RL=RemoveDiagonalGatesBeforeMeasure
job=qpeexact_indep_qiskit_4|ibm_heron_156 azione_RL=OptimizeCliffords
job=qpeexact_indep_qiskit_4|ibm_heron_156 azione_RL=CommutativeInverseCancellation
job=qpeexact_indep_qiskit_4|ibm_heron_156 azione_RL=BQSKitSynthesis
job=qpeexact_indep_qiskit_4|ibm_heron_156 azione_RL=BasisTranslator
job=qpeexact_indep_qiskit_4|ibm_heron_156 azione_RL=CommutativeInverseCancellation
job=qpeexact_indep_qiskit_4|ibm_heron_156 azione_RL=RemoveDiagonalGatesBeforeMeasure
job=qpeexact_indep_qiskit_4|ibm_heron_156 azione_RL=BQSKitSynthesis
job=qpeexact_indep_qiskit_4|ibm_heron_156 azione_RL=BQSKitSynthesis
job=qpeexact_indep_qiskit_4|ibm_heron_156 azione_RL=RemoveDiagonalGatesBeforeMeasure
job=qpeexact_indep_qiskit_4|ibm_heron_156 azione_RL=InverseCancellation
job=qpeexact_indep_qiskit_4|ibm_heron_156 azione_RL=BQSKitSynthesis
job=qpeexact_indep_qiskit_4|ibm_heron_156 azione_RL=FullPeepholeOptimiseCX
job=qpeexact_indep_qiskit_4|ibm_heron_156 azione_RL=BQSKitSynthesis
job=qpeexact_indep_qiskit_4|ibm_heron_156 azione_RL=PeepholeOptimise2Q
job=qpeexact_indep_qiskit_4|ibm_heron_156 azione_RL=RemoveDiagonalGatesBeforeMeasure
job=qpeexact_indep_qiskit_4|ibm_heron_156 azione_RL=RemoveRedundancies
job=qpeexact_indep_qiskit_4|ibm_heron_156 azione_RL=Optimize1qGatesDecomposition
job=qpeexact_indep_qiskit_4|ibm_heron_156 azione_RL=RemoveDiagonalGatesBeforeMeasure
job=qpeexact_indep_qiskit_4|ibm_heron_156 azione_RL=BQSKitO2
job=qpeexact_indep_qiskit_4|ibm_heron_156 azione_RL=RemoveRedundancies
job=qpeexact_indep_qiskit_4|ibm_heron_156 azione_RL=QiskitO3
job=qpeexact_indep_qiskit_4|ibm_heron_156 azione_RL=FullPeepholeOptimiseCX
job=qpeexact_indep_qiskit_4|ibm_heron_156 azione_RL=OptimizeCliffords
job=qpeexact_indep_qiskit_4|ibm_heron_156 azione_RL=OptimizeCliffords
job=qpeexact_indep_qiskit_4|ibm_heron_156 azione_RL=InverseCancellation
job=qpeexact_indep_qiskit_4|ibm_heron_156 azione_RL=Opt2qBlocks
job=qpeexact_indep_qiskit_4|ibm_heron_156 azione_RL=InverseCancellation
job=qpeexact_indep_qiskit_4|ibm_heron_156 azione_RL=QiskitO3
job=qpeexact_indep_qiskit_4|ibm_heron_156 azione_RL=Optimize1qGatesDecomposition
job=qpeexact_indep_qiskit_4|ibm_heron_156 azione_RL=FullPeepholeOptimiseCX
job=qpeexact_indep_qiskit_4|ibm_heron_156 azione_RL=Opt2qBlocks
job=qpeexact_indep_qiskit_4|ibm_heron_156 azione_RL=FullPeepholeOptimiseCX
job=qpeexact_indep_qiskit_4|ibm_heron_156 azione_RL=RemoveRedundancies
job=qpeexact_indep_qiskit_4|ibm_heron_156 azione_RL=BQSKitSynthesis
job=qpeexact_indep_qiskit_4|ibm_heron_156 azione_RL=BasisTranslator
job=qpeexact_indep_qiskit_4|ibm_heron_156 azione_RL=QiskitO3
job=qpeexact_indep_qiskit_4|ibm_heron_156 azione_RL=CliffordSimp
job=qpeexact_indep_qiskit_4|ibm_heron_156 azione_RL=CommutativeCancellation
job=qpeexact_indep_qiskit_4|ibm_heron_156 azione_RL=RemoveDiagonalGatesBeforeMeasure
job=qpeexact_indep_qiskit_4|ibm_heron_156 azione_RL=Opt2qBlocks
job=qpeexact_indep_qiskit_4|ibm_heron_156 azione_RL=CommutativeCancellation
job=qpeexact_indep_qiskit_4|ibm_heron_156 azione_RL=PeepholeOptimise2Q
job=qpeexact_indep_qiskit_4|ibm_heron_156 azione_RL=QiskitO3
job=qpeexact_indep_qiskit_4|ibm_heron_156 azione_RL=CommutativeInverseCancellation
job=qpeexact_indep_qiskit_4|ibm_heron_156 azione_RL=FullPeepholeOptimiseCX
job=qpeexact_indep_qiskit_4|ibm_heron_156 azione_RL=BQSKitO2
job=qpeexact_indep_qiskit_4|ibm_heron_156 azione_RL=InverseCancellation
job=qpeexact_indep_qiskit_4|ibm_heron_156 azione_RL=BQSKitSynthesis
job=qpeexact_indep_qiskit_4|ibm_heron_156 azione_RL=QiskitO3
job=qpeexact_indep_qiskit_4|ibm_heron_156 azione_RL=Opt2qBlocks
job=qpeexact_indep_qiskit_4|ibm_heron_156 azione_RL=RemoveRedundancies
job=qpeexact_indep_qiskit_4|ibm_heron_156 azione_RL=QiskitO3
job=qpeexact_indep_qiskit_4|ibm_heron_156 azione_RL=CommutativeCancellation
job=qpeexact_indep_qiskit_4|ibm_heron_156 azione_RL=CommutativeCancellation
job=qpeexact_indep_qiskit_4|ibm_heron_156 azione_RL=RemoveRedundancies
job=qpeexact_indep_qiskit_4|ibm_heron_156 azione_RL=BQSKitO2
job=qpeexact_indep_qiskit_4|ibm_heron_156 azione_RL=QiskitO3
job=qpeexact_indep_qiskit_4|ibm_heron_156 azione_RL=CommutativeInverseCancellation
job=qpeexact_indep_qiskit_4|ibm_heron_156 azione_RL=InverseCancellation
job=qpeexact_indep_qiskit_4|ibm_heron_156 azione_RL=CliffordSimp
job=qpeexact_indep_qiskit_4|ibm_heron_156 azione_RL=QiskitO3
job=qpeexact_indep_qiskit_4|ibm_heron_156 azione_RL=RemoveDiagonalGatesBeforeMeasure
job=qpeexact_indep_qiskit_4|ibm_heron_156 azione_RL=QiskitO3
job=qpeexact_indep_qiskit_4|ibm_heron_156 azione_RL=BQSKitSynthesis
job=qpeexact_indep_qiskit_4|ibm_heron_156 azione_RL=PeepholeOptimise2Q
job=qpeexact_indep_qiskit_4|ibm_heron_156 azione_RL=InverseCancellation
job=qpeexact_indep_qiskit_4|ibm_heron_156 azione_RL=BQSKitO2
job=qpeexact_indep_qiskit_4|ibm_heron_156 azione_RL=FullPeepholeOptimiseCX
job=qpeexact_indep_qiskit_4|ibm_heron_156 azione_RL=BasisTranslator
job=qpeexact_indep_qiskit_4|ibm_heron_156 azione_RL=BQSKitSynthesis
job=qpeexact_indep_qiskit_4|ibm_heron_156 azione_RL=BQSKitO2
job=qpeexact_indep_qiskit_4|ibm_heron_156 azione_RL=CliffordSimp
job=qpeexact_indep_qiskit_4|ibm_heron_156 azione_RL=RemoveRedundancies
job=qpeexact_indep_qiskit_4|ibm_heron_156 azione_RL=BasisTranslator
job=qpeexact_indep_qiskit_4|ibm_heron_156 azione_RL=Optimize1qGatesDecomposition
job=qpeexact_indep_qiskit_4|ibm_heron_156 azione_RL=RemoveRedundancies
job=qpeexact_indep_qiskit_4|ibm_heron_156 azione_RL=OptimizeCliffords
job=qpeexact_indep_qiskit_4|ibm_heron_156 azione_RL=InverseCancellation
job=qpeexact_indep_qiskit_4|ibm_heron_156 azione_RL=PeepholeOptimise2Q
job=qpeexact_indep_qiskit_4|ibm_heron_156 azione_RL=PeepholeOptimise2Q
job=qpeexact_indep_qiskit_4|ibm_heron_156 azione_RL=BQSKitO2
job=qpeexact_indep_qiskit_4|ibm_heron_156 azione_RL=QiskitO3
job=qpeexact_indep_qiskit_4|ibm_heron_156 azione_RL=BQSKitO2
job=qpeexact_indep_qiskit_4|ibm_heron_156 azione_RL=BQSKitSynthesis
job=qpeexact_indep_qiskit_4|ibm_heron_156 fallback=QiskitO2
job=qpeexact_indep_tket_4|ibm_heron_156 azione_RL=BQSKitO2
job=qpeexact_indep_tket_4|ibm_heron_156 azione_RL=FullPeepholeOptimiseCX
/home/elio/Tesi/.venv/lib/python3.12/site-packages/pytket/extensions/qiskit/qiskit_convert.py:1124: UserWarning: The pytket Circuit contains implicit qubit permutations which aren't handled by default. Consider using the replace_implicit_swaps flag in tk_to_qiskit or replacing them using Circuit.replace_implicit_swaps().
  warnings.warn(  # noqa: B028
job=qpeexact_indep_tket_4|ibm_heron_156 azione_RL=BQSKitSynthesis
job=qpeexact_indep_tket_4|ibm_heron_156 azione_RL=QiskitO3
job=qpeexact_indep_tket_4|ibm_heron_156 azione_RL=VF2Layout
job=qpeexact_indep_tket_4|ibm_heron_156 fallback=QiskitO2
job=qpeinexact_indep_qiskit_4|ibm_heron_156 azione_RL=BQSKitO2
job=qpeinexact_indep_qiskit_4|ibm_heron_156 azione_RL=FullPeepholeOptimiseCX
/home/elio/Tesi/.venv/lib/python3.12/site-packages/pytket/extensions/qiskit/qiskit_convert.py:1124: UserWarning: The pytket Circuit contains implicit qubit permutations which aren't handled by default. Consider using the replace_implicit_swaps flag in tk_to_qiskit or replacing them using Circuit.replace_implicit_swaps().
  warnings.warn(  # noqa: B028
job=qpeinexact_indep_qiskit_4|ibm_heron_156 azione_RL=BQSKitSynthesis
job=qpeinexact_indep_qiskit_4|ibm_heron_156 azione_RL=QiskitO3
job=qpeinexact_indep_qiskit_4|ibm_heron_156 azione_RL=BQSKitSynthesis
job=qpeinexact_indep_qiskit_4|ibm_heron_156 azione_RL=InverseCancellation
job=qpeinexact_indep_qiskit_4|ibm_heron_156 azione_RL=BQSKitO2
job=qpeinexact_indep_qiskit_4|ibm_heron_156 azione_RL=CommutativeInverseCancellation
job=qpeinexact_indep_qiskit_4|ibm_heron_156 azione_RL=RemoveDiagonalGatesBeforeMeasure
job=qpeinexact_indep_qiskit_4|ibm_heron_156 azione_RL=QiskitO3
job=qpeinexact_indep_qiskit_4|ibm_heron_156 azione_RL=RemoveDiagonalGatesBeforeMeasure
job=qpeinexact_indep_qiskit_4|ibm_heron_156 azione_RL=BQSKitSynthesis
job=qpeinexact_indep_qiskit_4|ibm_heron_156 azione_RL=BasisTranslator
job=qpeinexact_indep_qiskit_4|ibm_heron_156 azione_RL=CommutativeInverseCancellation
job=qpeinexact_indep_qiskit_4|ibm_heron_156 azione_RL=OptimizeCliffords
job=qpeinexact_indep_qiskit_4|ibm_heron_156 azione_RL=FullPeepholeOptimiseCX
job=qpeinexact_indep_qiskit_4|ibm_heron_156 azione_RL=BasisTranslator
job=qpeinexact_indep_qiskit_4|ibm_heron_156 azione_RL=RemoveDiagonalGatesBeforeMeasure
job=qpeinexact_indep_qiskit_4|ibm_heron_156 azione_RL=CommutativeCancellation
job=qpeinexact_indep_qiskit_4|ibm_heron_156 azione_RL=Optimize1qGatesDecomposition
job=qpeinexact_indep_qiskit_4|ibm_heron_156 azione_RL=CliffordSimp
job=qpeinexact_indep_qiskit_4|ibm_heron_156 azione_RL=BQSKitO2
job=qpeinexact_indep_qiskit_4|ibm_heron_156 azione_RL=BasisTranslator
job=qpeinexact_indep_qiskit_4|ibm_heron_156 azione_RL=PeepholeOptimise2Q
job=qpeinexact_indep_qiskit_4|ibm_heron_156 azione_RL=CliffordSimp
job=qpeinexact_indep_qiskit_4|ibm_heron_156 azione_RL=RemoveRedundancies
job=qpeinexact_indep_qiskit_4|ibm_heron_156 azione_RL=RemoveRedundancies
job=qpeinexact_indep_qiskit_4|ibm_heron_156 azione_RL=QiskitO3
job=qpeinexact_indep_qiskit_4|ibm_heron_156 azione_RL=QiskitO3
job=qpeinexact_indep_qiskit_4|ibm_heron_156 azione_RL=RemoveRedundancies
job=qpeinexact_indep_qiskit_4|ibm_heron_156 azione_RL=InverseCancellation
job=qpeinexact_indep_qiskit_4|ibm_heron_156 azione_RL=QiskitO3
job=qpeinexact_indep_qiskit_4|ibm_heron_156 azione_RL=Opt2qBlocks
job=qpeinexact_indep_qiskit_4|ibm_heron_156 azione_RL=CommutativeInverseCancellation
job=qpeinexact_indep_qiskit_4|ibm_heron_156 azione_RL=RemoveDiagonalGatesBeforeMeasure
job=qpeinexact_indep_qiskit_4|ibm_heron_156 azione_RL=FullPeepholeOptimiseCX
job=qpeinexact_indep_qiskit_4|ibm_heron_156 azione_RL=RemoveDiagonalGatesBeforeMeasure
job=qpeinexact_indep_qiskit_4|ibm_heron_156 azione_RL=Opt2qBlocks
job=qpeinexact_indep_qiskit_4|ibm_heron_156 azione_RL=OptimizeCliffords
job=qpeinexact_indep_qiskit_4|ibm_heron_156 azione_RL=QiskitO3
job=qpeinexact_indep_qiskit_4|ibm_heron_156 azione_RL=RemoveRedundancies
job=qpeinexact_indep_qiskit_4|ibm_heron_156 azione_RL=CommutativeCancellation
job=qpeinexact_indep_qiskit_4|ibm_heron_156 azione_RL=CommutativeInverseCancellation
job=qpeinexact_indep_qiskit_4|ibm_heron_156 azione_RL=BQSKitO2
job=qpeinexact_indep_qiskit_4|ibm_heron_156 azione_RL=OptimizeCliffords
job=qpeinexact_indep_qiskit_4|ibm_heron_156 azione_RL=BQSKitO2
job=qpeinexact_indep_qiskit_4|ibm_heron_156 azione_RL=BQSKitO2
job=qpeinexact_indep_qiskit_4|ibm_heron_156 azione_RL=QiskitO3
job=qpeinexact_indep_qiskit_4|ibm_heron_156 azione_RL=Optimize1qGatesDecomposition
job=qpeinexact_indep_qiskit_4|ibm_heron_156 azione_RL=InverseCancellation
job=qpeinexact_indep_qiskit_4|ibm_heron_156 azione_RL=InverseCancellation
job=qpeinexact_indep_qiskit_4|ibm_heron_156 azione_RL=RemoveRedundancies
job=qpeinexact_indep_qiskit_4|ibm_heron_156 azione_RL=OptimizeCliffords
job=qpeinexact_indep_qiskit_4|ibm_heron_156 azione_RL=QiskitO3
job=qpeinexact_indep_qiskit_4|ibm_heron_156 azione_RL=CommutativeCancellation
job=qpeinexact_indep_qiskit_4|ibm_heron_156 azione_RL=RemoveRedundancies
job=qpeinexact_indep_qiskit_4|ibm_heron_156 azione_RL=RemoveDiagonalGatesBeforeMeasure
job=qpeinexact_indep_qiskit_4|ibm_heron_156 azione_RL=OptimizeCliffords
job=qpeinexact_indep_qiskit_4|ibm_heron_156 azione_RL=CommutativeInverseCancellation
job=qpeinexact_indep_qiskit_4|ibm_heron_156 azione_RL=BQSKitSynthesis
job=qpeinexact_indep_qiskit_4|ibm_heron_156 azione_RL=BasisTranslator
job=qpeinexact_indep_qiskit_4|ibm_heron_156 azione_RL=CommutativeInverseCancellation
job=qpeinexact_indep_qiskit_4|ibm_heron_156 azione_RL=RemoveDiagonalGatesBeforeMeasure
job=qpeinexact_indep_qiskit_4|ibm_heron_156 azione_RL=BQSKitSynthesis
job=qpeinexact_indep_qiskit_4|ibm_heron_156 azione_RL=BQSKitSynthesis
job=qpeinexact_indep_qiskit_4|ibm_heron_156 azione_RL=RemoveDiagonalGatesBeforeMeasure
job=qpeinexact_indep_qiskit_4|ibm_heron_156 azione_RL=InverseCancellation
job=qpeinexact_indep_qiskit_4|ibm_heron_156 azione_RL=BQSKitSynthesis
job=qpeinexact_indep_qiskit_4|ibm_heron_156 azione_RL=FullPeepholeOptimiseCX
job=qpeinexact_indep_qiskit_4|ibm_heron_156 azione_RL=BQSKitSynthesis
job=qpeinexact_indep_qiskit_4|ibm_heron_156 azione_RL=PeepholeOptimise2Q
job=qpeinexact_indep_qiskit_4|ibm_heron_156 azione_RL=RemoveDiagonalGatesBeforeMeasure
job=qpeinexact_indep_qiskit_4|ibm_heron_156 azione_RL=RemoveRedundancies
job=qpeinexact_indep_qiskit_4|ibm_heron_156 azione_RL=Optimize1qGatesDecomposition
job=qpeinexact_indep_qiskit_4|ibm_heron_156 azione_RL=RemoveDiagonalGatesBeforeMeasure
job=qpeinexact_indep_qiskit_4|ibm_heron_156 azione_RL=BQSKitO2
job=qpeinexact_indep_qiskit_4|ibm_heron_156 azione_RL=RemoveRedundancies
job=qpeinexact_indep_qiskit_4|ibm_heron_156 azione_RL=QiskitO3
job=qpeinexact_indep_qiskit_4|ibm_heron_156 azione_RL=FullPeepholeOptimiseCX
job=qpeinexact_indep_qiskit_4|ibm_heron_156 azione_RL=OptimizeCliffords
job=qpeinexact_indep_qiskit_4|ibm_heron_156 azione_RL=OptimizeCliffords
job=qpeinexact_indep_qiskit_4|ibm_heron_156 azione_RL=InverseCancellation
job=qpeinexact_indep_qiskit_4|ibm_heron_156 azione_RL=Opt2qBlocks
job=qpeinexact_indep_qiskit_4|ibm_heron_156 azione_RL=InverseCancellation
job=qpeinexact_indep_qiskit_4|ibm_heron_156 azione_RL=QiskitO3
job=qpeinexact_indep_qiskit_4|ibm_heron_156 azione_RL=Optimize1qGatesDecomposition
job=qpeinexact_indep_qiskit_4|ibm_heron_156 azione_RL=FullPeepholeOptimiseCX
job=qpeinexact_indep_qiskit_4|ibm_heron_156 azione_RL=Opt2qBlocks
job=qpeinexact_indep_qiskit_4|ibm_heron_156 azione_RL=FullPeepholeOptimiseCX
job=qpeinexact_indep_qiskit_4|ibm_heron_156 azione_RL=RemoveRedundancies
job=qpeinexact_indep_qiskit_4|ibm_heron_156 azione_RL=BQSKitSynthesis
job=qpeinexact_indep_qiskit_4|ibm_heron_156 azione_RL=BasisTranslator
job=qpeinexact_indep_qiskit_4|ibm_heron_156 azione_RL=QiskitO3
job=qpeinexact_indep_qiskit_4|ibm_heron_156 azione_RL=CliffordSimp
job=qpeinexact_indep_qiskit_4|ibm_heron_156 azione_RL=CommutativeCancellation
job=qpeinexact_indep_qiskit_4|ibm_heron_156 azione_RL=RemoveDiagonalGatesBeforeMeasure
job=qpeinexact_indep_qiskit_4|ibm_heron_156 azione_RL=Opt2qBlocks
job=qpeinexact_indep_qiskit_4|ibm_heron_156 azione_RL=CommutativeCancellation
job=qpeinexact_indep_qiskit_4|ibm_heron_156 azione_RL=PeepholeOptimise2Q
job=qpeinexact_indep_qiskit_4|ibm_heron_156 azione_RL=QiskitO3
job=qpeinexact_indep_qiskit_4|ibm_heron_156 azione_RL=CommutativeInverseCancellation
job=qpeinexact_indep_qiskit_4|ibm_heron_156 azione_RL=FullPeepholeOptimiseCX
job=qpeinexact_indep_qiskit_4|ibm_heron_156 azione_RL=BQSKitO2
job=qpeinexact_indep_qiskit_4|ibm_heron_156 azione_RL=InverseCancellation
job=qpeinexact_indep_qiskit_4|ibm_heron_156 azione_RL=BQSKitSynthesis
job=qpeinexact_indep_qiskit_4|ibm_heron_156 azione_RL=QiskitO3
job=qpeinexact_indep_qiskit_4|ibm_heron_156 azione_RL=Opt2qBlocks
job=qpeinexact_indep_qiskit_4|ibm_heron_156 azione_RL=RemoveRedundancies
job=qpeinexact_indep_qiskit_4|ibm_heron_156 azione_RL=QiskitO3
job=qpeinexact_indep_qiskit_4|ibm_heron_156 azione_RL=CommutativeCancellation
job=qpeinexact_indep_qiskit_4|ibm_heron_156 azione_RL=CommutativeCancellation
job=qpeinexact_indep_qiskit_4|ibm_heron_156 azione_RL=RemoveRedundancies
job=qpeinexact_indep_qiskit_4|ibm_heron_156 azione_RL=BQSKitO2
job=qpeinexact_indep_qiskit_4|ibm_heron_156 azione_RL=QiskitO3
job=qpeinexact_indep_qiskit_4|ibm_heron_156 azione_RL=CommutativeInverseCancellation
job=qpeinexact_indep_qiskit_4|ibm_heron_156 azione_RL=InverseCancellation
job=qpeinexact_indep_qiskit_4|ibm_heron_156 azione_RL=CliffordSimp
job=qpeinexact_indep_qiskit_4|ibm_heron_156 azione_RL=QiskitO3
job=qpeinexact_indep_qiskit_4|ibm_heron_156 azione_RL=RemoveDiagonalGatesBeforeMeasure
job=qpeinexact_indep_qiskit_4|ibm_heron_156 azione_RL=QiskitO3
job=qpeinexact_indep_qiskit_4|ibm_heron_156 azione_RL=BQSKitSynthesis
job=qpeinexact_indep_qiskit_4|ibm_heron_156 azione_RL=PeepholeOptimise2Q
job=qpeinexact_indep_qiskit_4|ibm_heron_156 azione_RL=InverseCancellation
job=qpeinexact_indep_qiskit_4|ibm_heron_156 azione_RL=BQSKitO2
job=qpeinexact_indep_qiskit_4|ibm_heron_156 azione_RL=FullPeepholeOptimiseCX
job=qpeinexact_indep_qiskit_4|ibm_heron_156 azione_RL=BasisTranslator
job=qpeinexact_indep_qiskit_4|ibm_heron_156 azione_RL=BQSKitSynthesis
job=qpeinexact_indep_qiskit_4|ibm_heron_156 azione_RL=BQSKitO2
job=qpeinexact_indep_qiskit_4|ibm_heron_156 azione_RL=CliffordSimp
job=qpeinexact_indep_qiskit_4|ibm_heron_156 azione_RL=RemoveRedundancies
job=qpeinexact_indep_qiskit_4|ibm_heron_156 azione_RL=BasisTranslator
job=qpeinexact_indep_qiskit_4|ibm_heron_156 azione_RL=Optimize1qGatesDecomposition
job=qpeinexact_indep_qiskit_4|ibm_heron_156 azione_RL=RemoveRedundancies
job=qpeinexact_indep_qiskit_4|ibm_heron_156 azione_RL=OptimizeCliffords
job=qpeinexact_indep_qiskit_4|ibm_heron_156 azione_RL=InverseCancellation
job=qpeinexact_indep_qiskit_4|ibm_heron_156 azione_RL=PeepholeOptimise2Q
job=qpeinexact_indep_qiskit_4|ibm_heron_156 azione_RL=PeepholeOptimise2Q
job=qpeinexact_indep_qiskit_4|ibm_heron_156 azione_RL=BQSKitO2
job=qpeinexact_indep_qiskit_4|ibm_heron_156 azione_RL=QiskitO3
job=qpeinexact_indep_qiskit_4|ibm_heron_156 azione_RL=BQSKitO2
job=qpeinexact_indep_qiskit_4|ibm_heron_156 azione_RL=BQSKitSynthesis
job=qpeinexact_indep_qiskit_4|ibm_heron_156 azione_RL=BQSKitO2
job=qpeinexact_indep_qiskit_4|ibm_heron_156 fallback=QiskitO2
job=qpeinexact_indep_tket_4|ibm_heron_156 azione_RL=BQSKitO2
job=qpeinexact_indep_tket_4|ibm_heron_156 azione_RL=FullPeepholeOptimiseCX
/home/elio/Tesi/.venv/lib/python3.12/site-packages/pytket/extensions/qiskit/qiskit_convert.py:1124: UserWarning: The pytket Circuit contains implicit qubit permutations which aren't handled by default. Consider using the replace_implicit_swaps flag in tk_to_qiskit or replacing them using Circuit.replace_implicit_swaps().
  warnings.warn(  # noqa: B028
job=qpeinexact_indep_tket_4|ibm_heron_156 azione_RL=BQSKitSynthesis
job=qpeinexact_indep_tket_4|ibm_heron_156 azione_RL=QiskitO3
job=qpeinexact_indep_tket_4|ibm_heron_156 azione_RL=VF2Layout
job=qpeinexact_indep_tket_4|ibm_heron_156 fallback=QiskitO2
job=random_indep_qiskit_4|ibm_heron_156 azione_RL=BQSKitO2
job=random_indep_qiskit_4|ibm_heron_156 fallback=QiskitO2
job=random_indep_tket_4|ibm_heron_156 azione_RL=BQSKitO2
job=random_indep_tket_4|ibm_heron_156 fallback=QiskitO2
job=realamprandom_indep_qiskit_4|ibm_heron_156 azione_RL=BQSKitO2
job=realamprandom_indep_qiskit_4|ibm_heron_156 azione_RL=FullPeepholeOptimiseCX
job=realamprandom_indep_qiskit_4|ibm_heron_156 azione_RL=OptimizeCliffords
job=realamprandom_indep_qiskit_4|ibm_heron_156 azione_RL=QiskitO3
job=realamprandom_indep_qiskit_4|ibm_heron_156 azione_RL=BQSKitSynthesis
job=realamprandom_indep_qiskit_4|ibm_heron_156 azione_RL=InverseCancellation
job=realamprandom_indep_qiskit_4|ibm_heron_156 azione_RL=BQSKitO2
job=realamprandom_indep_qiskit_4|ibm_heron_156 azione_RL=CommutativeInverseCancellation
job=realamprandom_indep_qiskit_4|ibm_heron_156 azione_RL=RemoveDiagonalGatesBeforeMeasure
job=realamprandom_indep_qiskit_4|ibm_heron_156 azione_RL=QiskitO3
job=realamprandom_indep_qiskit_4|ibm_heron_156 azione_RL=RemoveDiagonalGatesBeforeMeasure
job=realamprandom_indep_qiskit_4|ibm_heron_156 azione_RL=BQSKitSynthesis
job=realamprandom_indep_qiskit_4|ibm_heron_156 azione_RL=BasisTranslator
job=realamprandom_indep_qiskit_4|ibm_heron_156 azione_RL=CommutativeInverseCancellation
job=realamprandom_indep_qiskit_4|ibm_heron_156 azione_RL=OptimizeCliffords
job=realamprandom_indep_qiskit_4|ibm_heron_156 azione_RL=FullPeepholeOptimiseCX
job=realamprandom_indep_qiskit_4|ibm_heron_156 azione_RL=BasisTranslator
job=realamprandom_indep_qiskit_4|ibm_heron_156 azione_RL=RemoveDiagonalGatesBeforeMeasure
job=realamprandom_indep_qiskit_4|ibm_heron_156 azione_RL=CommutativeCancellation
job=realamprandom_indep_qiskit_4|ibm_heron_156 azione_RL=Optimize1qGatesDecomposition
job=realamprandom_indep_qiskit_4|ibm_heron_156 azione_RL=CliffordSimp
job=realamprandom_indep_qiskit_4|ibm_heron_156 azione_RL=BQSKitO2
job=realamprandom_indep_qiskit_4|ibm_heron_156 azione_RL=BasisTranslator
job=realamprandom_indep_qiskit_4|ibm_heron_156 azione_RL=PeepholeOptimise2Q
job=realamprandom_indep_qiskit_4|ibm_heron_156 azione_RL=Opt2qBlocks
job=realamprandom_indep_qiskit_4|ibm_heron_156 azione_RL=RemoveRedundancies
job=realamprandom_indep_qiskit_4|ibm_heron_156 azione_RL=RemoveRedundancies
job=realamprandom_indep_qiskit_4|ibm_heron_156 azione_RL=QiskitO3
job=realamprandom_indep_qiskit_4|ibm_heron_156 azione_RL=QiskitO3
job=realamprandom_indep_qiskit_4|ibm_heron_156 azione_RL=RemoveRedundancies
job=realamprandom_indep_qiskit_4|ibm_heron_156 azione_RL=InverseCancellation
job=realamprandom_indep_qiskit_4|ibm_heron_156 azione_RL=QiskitO3
job=realamprandom_indep_qiskit_4|ibm_heron_156 azione_RL=Opt2qBlocks
job=realamprandom_indep_qiskit_4|ibm_heron_156 azione_RL=CommutativeInverseCancellation
job=realamprandom_indep_qiskit_4|ibm_heron_156 azione_RL=RemoveDiagonalGatesBeforeMeasure
job=realamprandom_indep_qiskit_4|ibm_heron_156 azione_RL=FullPeepholeOptimiseCX
job=realamprandom_indep_qiskit_4|ibm_heron_156 azione_RL=RemoveDiagonalGatesBeforeMeasure
job=realamprandom_indep_qiskit_4|ibm_heron_156 azione_RL=Opt2qBlocks
job=realamprandom_indep_qiskit_4|ibm_heron_156 azione_RL=OptimizeCliffords
job=realamprandom_indep_qiskit_4|ibm_heron_156 azione_RL=QiskitO3
job=realamprandom_indep_qiskit_4|ibm_heron_156 azione_RL=RemoveRedundancies
job=realamprandom_indep_qiskit_4|ibm_heron_156 azione_RL=CommutativeCancellation
job=realamprandom_indep_qiskit_4|ibm_heron_156 azione_RL=CommutativeInverseCancellation
job=realamprandom_indep_qiskit_4|ibm_heron_156 azione_RL=BQSKitO2
job=realamprandom_indep_qiskit_4|ibm_heron_156 fallback=QiskitO2
job=realamprandom_indep_tket_4|ibm_heron_156 fallback=QiskitO2
Connection refused by runtime server. Retrying in 8.0 seconds.
Connection refused by runtime server. Retrying in 16.0 seconds.
job=su2random_indep_qiskit_4|ibm_heron_156 fallback=QiskitO2
Connection refused by runtime server. Retrying in 8.0 seconds.
Connection refused by runtime server. Retrying in 16.0 seconds.
job=su2random_indep_tket_4|ibm_heron_156 fallback=QiskitO2
Connection refused by runtime server. Retrying in 8.0 seconds.
Connection refused by runtime server. Retrying in 16.0 seconds.
job=tsp_indep_qiskit_4|ibm_heron_156 fallback=QiskitO2
Connection refused by runtime server. Retrying in 8.0 seconds.
Connection refused by runtime server. Retrying in 16.0 seconds.
job=tsp_indep_tket_4|ibm_heron_156 fallback=QiskitO2
Connection refused by runtime server. Retrying in 8.0 seconds.
Connection refused by runtime server. Retrying in 16.0 seconds.
job=twolocalrandom_indep_qiskit_4|ibm_heron_156 fallback=QiskitO2
Connection refused by runtime server. Retrying in 8.0 seconds.
Connection refused by runtime server. Retrying in 16.0 seconds.
job=twolocalrandom_indep_tket_4|ibm_heron_156 fallback=QiskitO2
Connection refused by runtime server. Retrying in 8.0 seconds.
Connection refused by runtime server. Retrying in 16.0 seconds.
job=vqe_indep_qiskit_4|ibm_heron_156 fallback=QiskitO2
Connection refused by runtime server. Retrying in 8.0 seconds.
Connection refused by runtime server. Retrying in 16.0 seconds.
job=vqe_indep_tket_4|ibm_heron_156 fallback=QiskitO2
Connection refused by runtime server. Retrying in 8.0 seconds.
Connection refused by runtime server. Retrying in 16.0 seconds.
job=wstate_indep_qiskit_4|ibm_heron_156 fallback=QiskitO2
Connection refused by runtime server. Retrying in 8.0 seconds.
Connection refused by runtime server. Retrying in 16.0 seconds.
job=wstate_indep_tket_4|ibm_heron_156 fallback=QiskitO2
Connection refused by runtime server. Retrying in 8.0 seconds.
Connection refused by runtime server. Retrying in 16.0 seconds.
job=ae_indep_qiskit_5|ibm_heron_156 fallback=QiskitO2
Connection refused by runtime server. Retrying in 8.0 seconds.
Connection refused by runtime server. Retrying in 16.0 seconds.
job=ae_indep_tket_5|ibm_heron_156 fallback=QiskitO2
Connection refused by runtime server. Retrying in 8.0 seconds.
Connection refused by runtime server. Retrying in 16.0 seconds.
job=dj_indep_qiskit_5|ibm_heron_156 fallback=QiskitO2
Connection refused by runtime server. Retrying in 8.0 seconds.
Connection refused by runtime server. Retrying in 16.0 seconds.
job=dj_indep_tket_5|ibm_heron_156 fallback=QiskitO2
Connection refused by runtime server. Retrying in 8.0 seconds.
Connection refused by runtime server. Retrying in 16.0 seconds.
job=graphstate_indep_qiskit_5|ibm_heron_156 fallback=QiskitO2
Connection refused by runtime server. Retrying in 8.0 seconds.
Connection refused by runtime server. Retrying in 16.0 seconds.
job=graphstate_indep_tket_5|ibm_heron_156 fallback=QiskitO2
Connection refused by runtime server. Retrying in 8.0 seconds.
Connection refused by runtime server. Retrying in 16.0 seconds.
job=portfolioqaoa_indep_qiskit_5|ibm_heron_156 fallback=QiskitO2
Connection refused by runtime server. Retrying in 8.0 seconds.
Connection refused by runtime server. Retrying in 16.0 seconds.
job=portfolioqaoa_indep_tket_5|ibm_heron_156 fallback=QiskitO2
Connection refused by runtime server. Retrying in 8.0 seconds.
Connection refused by runtime server. Retrying in 16.0 seconds.
job=portfoliovqe_indep_qiskit_5|ibm_heron_156 fallback=QiskitO2
Connection refused by runtime server. Retrying in 8.0 seconds.
Connection refused by runtime server. Retrying in 16.0 seconds.
job=portfoliovqe_indep_tket_5|ibm_heron_156 fallback=QiskitO2
Connection refused by runtime server. Retrying in 8.0 seconds.
Connection refused by runtime server. Retrying in 16.0 seconds.
job=pricingcall_indep_qiskit_5|ibm_heron_156 fallback=QiskitO2
Connection refused by runtime server. Retrying in 8.0 seconds.
Connection refused by runtime server. Retrying in 16.0 seconds.
job=pricingcall_indep_tket_5|ibm_heron_156 fallback=QiskitO2
Connection refused by runtime server. Retrying in 8.0 seconds.
Connection refused by runtime server. Retrying in 16.0 seconds.
job=pricingput_indep_qiskit_5|ibm_heron_156 fallback=QiskitO2
Connection refused by runtime server. Retrying in 8.0 seconds.
Connection refused by runtime server. Retrying in 16.0 seconds.
job=pricingput_indep_tket_5|ibm_heron_156 fallback=QiskitO2
Connection refused by runtime server. Retrying in 8.0 seconds.
Connection refused by runtime server. Retrying in 16.0 seconds.
job=qaoa_indep_qiskit_5|ibm_heron_156 fallback=QiskitO2
Connection refused by runtime server. Retrying in 8.0 seconds.
Connection refused by runtime server. Retrying in 16.0 seconds.
job=qaoa_indep_tket_5|ibm_heron_156 fallback=QiskitO2
Connection refused by runtime server. Retrying in 8.0 seconds.
Connection refused by runtime server. Retrying in 16.0 seconds.
job=qft_indep_qiskit_5|ibm_heron_156 fallback=QiskitO2
Connection refused by runtime server. Retrying in 8.0 seconds.
Connection refused by runtime server. Retrying in 16.0 seconds.
job=qft_indep_tket_5|ibm_heron_156 fallback=QiskitO2
Connection refused by runtime server. Retrying in 8.0 seconds.
Connection refused by runtime server. Retrying in 16.0 seconds.
job=qftentangled_indep_qiskit_5|ibm_heron_156 fallback=QiskitO2
Connection refused by runtime server. Retrying in 8.0 seconds.
Connection refused by runtime server. Retrying in 16.0 seconds.
job=qftentangled_indep_tket_5|ibm_heron_156 fallback=QiskitO2
Connection refused by runtime server. Retrying in 8.0 seconds.
Connection refused by runtime server. Retrying in 16.0 seconds.
job=qnn_indep_qiskit_5|ibm_heron_156 fallback=QiskitO2
Connection refused by runtime server. Retrying in 8.0 seconds.
Connection refused by runtime server. Retrying in 16.0 seconds.
job=qnn_indep_tket_5|ibm_heron_156 fallback=QiskitO2
Connection refused by runtime server. Retrying in 8.0 seconds.
Connection refused by runtime server. Retrying in 16.0 seconds.
job=qpeexact_indep_qiskit_5|ibm_heron_156 fallback=QiskitO2
Connection refused by runtime server. Retrying in 8.0 seconds.
Connection refused by runtime server. Retrying in 16.0 seconds.
job=qpeexact_indep_tket_5|ibm_heron_156 fallback=QiskitO2
Connection refused by runtime server. Retrying in 8.0 seconds.
Connection refused by runtime server. Retrying in 16.0 seconds.
job=qpeinexact_indep_qiskit_5|ibm_heron_156 fallback=QiskitO2
Connection refused by runtime server. Retrying in 8.0 seconds.
Connection refused by runtime server. Retrying in 16.0 seconds.
job=qpeinexact_indep_tket_5|ibm_heron_156 fallback=QiskitO2
Connection refused by runtime server. Retrying in 8.0 seconds.
Connection refused by runtime server. Retrying in 16.0 seconds.
job=random_indep_qiskit_5|ibm_heron_156 fallback=QiskitO2
Connection refused by runtime server. Retrying in 8.0 seconds.
Connection refused by runtime server. Retrying in 16.0 seconds.
job=random_indep_tket_5|ibm_heron_156 fallback=QiskitO2
Connection refused by runtime server. Retrying in 8.0 seconds.
Connection refused by runtime server. Retrying in 16.0 seconds.
job=realamprandom_indep_qiskit_5|ibm_heron_156 fallback=QiskitO2
Connection refused by runtime server. Retrying in 8.0 seconds.
Connection refused by runtime server. Retrying in 16.0 seconds.
job=realamprandom_indep_tket_5|ibm_heron_156 fallback=QiskitO2
Connection refused by runtime server. Retrying in 8.0 seconds.
Connection refused by runtime server. Retrying in 16.0 seconds.
job=su2random_indep_qiskit_5|ibm_heron_156 fallback=QiskitO2
Connection refused by runtime server. Retrying in 8.0 seconds.
Connection refused by runtime server. Retrying in 16.0 seconds.
job=su2random_indep_tket_5|ibm_heron_156 fallback=QiskitO2
Connection refused by runtime server. Retrying in 8.0 seconds.
Connection refused by runtime server. Retrying in 16.0 seconds.
job=twolocalrandom_indep_qiskit_5|ibm_heron_156 fallback=QiskitO2
Connection refused by runtime server. Retrying in 8.0 seconds.
Connection refused by runtime server. Retrying in 16.0 seconds.
job=twolocalrandom_indep_tket_5|ibm_heron_156 fallback=QiskitO2
Connection refused by runtime server. Retrying in 8.0 seconds.
Connection refused by runtime server. Retrying in 16.0 seconds.
job=vqe_indep_qiskit_5|ibm_heron_156 fallback=QiskitO2
Connection refused by runtime server. Retrying in 8.0 seconds.
Connection refused by runtime server. Retrying in 16.0 seconds.
job=vqe_indep_tket_5|ibm_heron_156 fallback=QiskitO2
Connection refused by runtime server. Retrying in 8.0 seconds.
Connection refused by runtime server. Retrying in 16.0 seconds.
job=wstate_indep_qiskit_5|ibm_heron_156 fallback=QiskitO2
Connection refused by runtime server. Retrying in 8.0 seconds.
Connection refused by runtime server. Retrying in 16.0 seconds.
job=wstate_indep_tket_5|ibm_heron_156 fallback=QiskitO2
Connection refused by runtime server. Retrying in 8.0 seconds.
Connection refused by runtime server. Retrying in 16.0 seconds.
job=ae_indep_qiskit_6|ibm_heron_156 fallback=QiskitO2
Connection refused by runtime server. Retrying in 8.0 seconds.
Connection refused by runtime server. Retrying in 16.0 seconds.
job=ae_indep_tket_6|ibm_heron_156 fallback=QiskitO2
Connection refused by runtime server. Retrying in 8.0 seconds.
Connection refused by runtime server. Retrying in 16.0 seconds.
job=dj_indep_qiskit_6|ibm_heron_156 fallback=QiskitO2
Connection refused by runtime server. Retrying in 8.0 seconds.
Connection refused by runtime server. Retrying in 16.0 seconds.
job=dj_indep_tket_6|ibm_heron_156 fallback=QiskitO2
Connection refused by runtime server. Retrying in 8.0 seconds.
Connection refused by runtime server. Retrying in 16.0 seconds.
job=graphstate_indep_qiskit_6|ibm_heron_156 fallback=QiskitO2
Connection refused by runtime server. Retrying in 8.0 seconds.
Connection refused by runtime server. Retrying in 16.0 seconds.
job=graphstate_indep_tket_6|ibm_heron_156 fallback=QiskitO2
Connection refused by runtime server. Retrying in 8.0 seconds.
Connection refused by runtime server. Retrying in 16.0 seconds.
job=portfolioqaoa_indep_qiskit_6|ibm_heron_156 fallback=QiskitO2
Connection refused by runtime server. Retrying in 8.0 seconds.
Connection refused by runtime server. Retrying in 16.0 seconds.
job=portfolioqaoa_indep_tket_6|ibm_heron_156 fallback=QiskitO2
Connection refused by runtime server. Retrying in 8.0 seconds.
Connection refused by runtime server. Retrying in 16.0 seconds.
job=portfoliovqe_indep_qiskit_6|ibm_heron_156 fallback=QiskitO2
Connection refused by runtime server. Retrying in 8.0 seconds.
Connection refused by runtime server. Retrying in 16.0 seconds.
job=portfoliovqe_indep_tket_6|ibm_heron_156 fallback=QiskitO2
Connection refused by runtime server. Retrying in 8.0 seconds.
Connection refused by runtime server. Retrying in 16.0 seconds.
job=qaoa_indep_qiskit_6|ibm_heron_156 fallback=QiskitO2
Connection refused by runtime server. Retrying in 8.0 seconds.
Connection refused by runtime server. Retrying in 16.0 seconds.
job=qaoa_indep_tket_6|ibm_heron_156 fallback=QiskitO2
Connection refused by runtime server. Retrying in 8.0 seconds.
Connection refused by runtime server. Retrying in 16.0 seconds.
job=qft_indep_qiskit_6|ibm_heron_156 fallback=QiskitO2
Connection refused by runtime server. Retrying in 8.0 seconds.
Connection refused by runtime server. Retrying in 16.0 seconds.
job=qft_indep_tket_6|ibm_heron_156 fallback=QiskitO2
Connection refused by runtime server. Retrying in 8.0 seconds.
Connection refused by runtime server. Retrying in 16.0 seconds.
job=qftentangled_indep_qiskit_6|ibm_heron_156 fallback=QiskitO2
Connection refused by runtime server. Retrying in 8.0 seconds.
Connection refused by runtime server. Retrying in 16.0 seconds.
job=qftentangled_indep_tket_6|ibm_heron_156 fallback=QiskitO2
Connection refused by runtime server. Retrying in 8.0 seconds.
Connection refused by runtime server. Retrying in 16.0 seconds.
job=qnn_indep_qiskit_6|ibm_heron_156 fallback=QiskitO2
Connection refused by runtime server. Retrying in 8.0 seconds.
Connection refused by runtime server. Retrying in 16.0 seconds.
job=qnn_indep_tket_6|ibm_heron_156 fallback=QiskitO2
Connection refused by runtime server. Retrying in 8.0 seconds.
Connection refused by runtime server. Retrying in 16.0 seconds.
job=qpeexact_indep_qiskit_6|ibm_heron_156 fallback=QiskitO2
Connection refused by runtime server. Retrying in 8.0 seconds.
Connection refused by runtime server. Retrying in 16.0 seconds.
job=qpeexact_indep_tket_6|ibm_heron_156 fallback=QiskitO2
Connection refused by runtime server. Retrying in 8.0 seconds.
Connection refused by runtime server. Retrying in 16.0 seconds.
job=qpeinexact_indep_qiskit_6|ibm_heron_156 fallback=QiskitO2
Connection refused by runtime server. Retrying in 8.0 seconds.
Connection refused by runtime server. Retrying in 16.0 seconds.
job=qpeinexact_indep_tket_6|ibm_heron_156 fallback=QiskitO2
Connection refused by runtime server. Retrying in 8.0 seconds.
Connection refused by runtime server. Retrying in 16.0 seconds.
job=random_indep_qiskit_6|ibm_heron_156 fallback=QiskitO2
Connection refused by runtime server. Retrying in 8.0 seconds.
Connection refused by runtime server. Retrying in 16.0 seconds.
job=random_indep_tket_6|ibm_heron_156 fallback=QiskitO2
Connection refused by runtime server. Retrying in 8.0 seconds.
Connection refused by runtime server. Retrying in 16.0 seconds.
job=realamprandom_indep_qiskit_6|ibm_heron_156 fallback=QiskitO2
Connection refused by runtime server. Retrying in 8.0 seconds.
Connection refused by runtime server. Retrying in 16.0 seconds.
job=realamprandom_indep_tket_6|ibm_heron_156 fallback=QiskitO2
Connection refused by runtime server. Retrying in 8.0 seconds.
Connection refused by runtime server. Retrying in 16.0 seconds.
job=routing_indep_qiskit_6|ibm_heron_156 fallback=QiskitO2
Connection refused by runtime server. Retrying in 8.0 seconds.
Connection refused by runtime server. Retrying in 16.0 seconds.
job=routing_indep_tket_6|ibm_heron_156 fallback=QiskitO2
Connection refused by runtime server. Retrying in 8.0 seconds.
Connection refused by runtime server. Retrying in 16.0 seconds.
job=su2random_indep_qiskit_6|ibm_heron_156 fallback=QiskitO2
Connection refused by runtime server. Retrying in 8.0 seconds.
Connection refused by runtime server. Retrying in 16.0 seconds.
job=su2random_indep_tket_6|ibm_heron_156 fallback=QiskitO2
Connection refused by runtime server. Retrying in 8.0 seconds.
Connection refused by runtime server. Retrying in 16.0 seconds.
job=twolocalrandom_indep_qiskit_6|ibm_heron_156 fallback=QiskitO2
Connection refused by runtime server. Retrying in 8.0 seconds.
Connection refused by runtime server. Retrying in 16.0 seconds.
job=twolocalrandom_indep_tket_6|ibm_heron_156 fallback=QiskitO2
Connection refused by runtime server. Retrying in 8.0 seconds.
Connection refused by runtime server. Retrying in 16.0 seconds.
job=vqe_indep_qiskit_6|ibm_heron_156 fallback=QiskitO2
Connection refused by runtime server. Retrying in 8.0 seconds.
Connection refused by runtime server. Retrying in 16.0 seconds.
job=vqe_indep_tket_6|ibm_heron_156 fallback=QiskitO2
Connection refused by runtime server. Retrying in 8.0 seconds.
Connection refused by runtime server. Retrying in 16.0 seconds.
job=wstate_indep_qiskit_6|ibm_heron_156 fallback=QiskitO2
Connection refused by runtime server. Retrying in 8.0 seconds.
Connection refused by runtime server. Retrying in 16.0 seconds.
job=wstate_indep_tket_6|ibm_heron_156 fallback=QiskitO2
Connection refused by runtime server. Retrying in 8.0 seconds.
Connection refused by runtime server. Retrying in 16.0 seconds.
job=ae_indep_qiskit_7|ibm_heron_156 fallback=QiskitO2
Connection refused by runtime server. Retrying in 8.0 seconds.
Connection refused by runtime server. Retrying in 16.0 seconds.
job=ae_indep_tket_7|ibm_heron_156 fallback=QiskitO2
Connection refused by runtime server. Retrying in 8.0 seconds.
Connection refused by runtime server. Retrying in 16.0 seconds.
job=dj_indep_qiskit_7|ibm_heron_156 fallback=QiskitO2
Connection refused by runtime server. Retrying in 8.0 seconds.
Connection refused by runtime server. Retrying in 16.0 seconds.
job=dj_indep_tket_7|ibm_heron_156 fallback=QiskitO2
Connection refused by runtime server. Retrying in 8.0 seconds.
Connection refused by runtime server. Retrying in 16.0 seconds.
job=graphstate_indep_qiskit_7|ibm_heron_156 fallback=QiskitO2
Connection refused by runtime server. Retrying in 8.0 seconds.
Connection refused by runtime server. Retrying in 16.0 seconds.
job=graphstate_indep_tket_7|ibm_heron_156 fallback=QiskitO2
Connection refused by runtime server. Retrying in 8.0 seconds.
Connection refused by runtime server. Retrying in 16.0 seconds.
job=portfolioqaoa_indep_qiskit_7|ibm_heron_156 fallback=QiskitO2
Connection refused by runtime server. Retrying in 8.0 seconds.
Connection refused by runtime server. Retrying in 16.0 seconds.
job=portfolioqaoa_indep_tket_7|ibm_heron_156 fallback=QiskitO2
Connection refused by runtime server. Retrying in 8.0 seconds.
Connection refused by runtime server. Retrying in 16.0 seconds.
job=portfoliovqe_indep_qiskit_7|ibm_heron_156 fallback=QiskitO2
Connection refused by runtime server. Retrying in 8.0 seconds.
Connection refused by runtime server. Retrying in 16.0 seconds.
job=portfoliovqe_indep_tket_7|ibm_heron_156 fallback=QiskitO2
Connection refused by runtime server. Retrying in 8.0 seconds.
Connection refused by runtime server. Retrying in 16.0 seconds.
job=pricingcall_indep_qiskit_7|ibm_heron_156 fallback=QiskitO2
Connection refused by runtime server. Retrying in 8.0 seconds.
Connection refused by runtime server. Retrying in 16.0 seconds.
job=pricingcall_indep_tket_7|ibm_heron_156 fallback=QiskitO2
Connection refused by runtime server. Retrying in 8.0 seconds.
Connection refused by runtime server. Retrying in 16.0 seconds.
job=pricingput_indep_qiskit_7|ibm_heron_156 fallback=QiskitO2
Connection refused by runtime server. Retrying in 8.0 seconds.
Connection refused by runtime server. Retrying in 16.0 seconds.
job=pricingput_indep_tket_7|ibm_heron_156 fallback=QiskitO2
Connection refused by runtime server. Retrying in 8.0 seconds.
Connection refused by runtime server. Retrying in 16.0 seconds.
job=qaoa_indep_qiskit_7|ibm_heron_156 fallback=QiskitO2
Connection refused by runtime server. Retrying in 8.0 seconds.
Connection refused by runtime server. Retrying in 16.0 seconds.
job=qaoa_indep_tket_7|ibm_heron_156 fallback=QiskitO2
Connection refused by runtime server. Retrying in 8.0 seconds.
Connection refused by runtime server. Retrying in 16.0 seconds.

--- robust worker start 2026-08-01T18:25:52.592427+00:00 pid=12389 device=ibm_heron_156 ---
mqt-predictor - INFO - Init env: expected_fidelity
job=ae_indep_qiskit_2|ibm_heron_156 azione_RL=InverseCancellation
job=ae_indep_qiskit_2|ibm_heron_156 azione_RL=PeepholeOptimise2Q
job=ae_indep_qiskit_2|ibm_heron_156 azione_RL=CommutativeInverseCancellation
job=ae_indep_qiskit_2|ibm_heron_156 azione_RL=PeepholeOptimise2Q
job=ae_indep_qiskit_2|ibm_heron_156 azione_RL=RemoveDiagonalGatesBeforeMeasure
job=ae_indep_qiskit_2|ibm_heron_156 azione_RL=QiskitO3
job=ae_indep_qiskit_2|ibm_heron_156 azione_RL=DenseLayout

--- robust worker start 2026-08-01T18:31:18.563880+00:00 pid=14133 device=ibm_heron_156 ---
mqt-predictor - INFO - Init env: expected_fidelity
job=ae_indep_qiskit_2|ibm_heron_156 azione_RL=FullPeepholeOptimiseCX
job=ae_indep_qiskit_2|ibm_heron_156 azione_RL=BasisTranslator
job=ae_indep_qiskit_2|ibm_heron_156 azione_RL=InverseCancellation
job=ae_indep_qiskit_2|ibm_heron_156 azione_RL=RemoveRedundancies
job=ae_indep_qiskit_2|ibm_heron_156 azione_RL=OptimizeCliffords
job=ae_indep_qiskit_2|ibm_heron_156 azione_RL=RemoveDiagonalGatesBeforeMeasure
job=ae_indep_qiskit_2|ibm_heron_156 azione_RL=BQSKitMapping

--- robust worker start 2026-08-01T18:31:49.126694+00:00 pid=14722 device=ibm_heron_156 ---
mqt-predictor - INFO - Init env: expected_fidelity
job=ae_indep_qiskit_2|ibm_heron_156 azione_RL=CommutativeCancellation
job=ae_indep_qiskit_2|ibm_heron_156 azione_RL=BasisTranslator
job=ae_indep_qiskit_2|ibm_heron_156 azione_RL=RemoveDiagonalGatesBeforeMeasure
job=ae_indep_qiskit_2|ibm_heron_156 azione_RL=SabreMapping

--- robust worker start 2026-08-02T13:16:37.914333+00:00 pid=99804 device=ibm_heron_156 ---
mqt-predictor - INFO - Init env: expected_fidelity
job=ae_indep_qiskit_2|ibm_heron_156 azione_RL=BQSKitO2
job=ae_indep_qiskit_2|ibm_heron_156 azione_RL=BQSKitO2
job=ae_indep_qiskit_2|ibm_heron_156 azione_RL=CommutativeInverseCancellation
job=ae_indep_qiskit_2|ibm_heron_156 azione_RL=RemoveRedundancies
job=ae_indep_qiskit_2|ibm_heron_156 azione_RL=InverseCancellation
job=ae_indep_qiskit_2|ibm_heron_156 azione_RL=PeepholeOptimise2Q
job=ae_indep_qiskit_2|ibm_heron_156 azione_RL=InverseCancellation
job=ae_indep_qiskit_2|ibm_heron_156 azione_RL=PeepholeOptimise2Q
job=ae_indep_qiskit_2|ibm_heron_156 azione_RL=Opt2qBlocks
job=ae_indep_qiskit_2|ibm_heron_156 azione_RL=CommutativeInverseCancellation
job=ae_indep_qiskit_2|ibm_heron_156 azione_RL=CommutativeInverseCancellation
job=ae_indep_qiskit_2|ibm_heron_156 azione_RL=FullPeepholeOptimiseCX
job=ae_indep_qiskit_2|ibm_heron_156 azione_RL=BQSKitSynthesis
job=ae_indep_qiskit_2|ibm_heron_156 azione_RL=CliffordSimp
job=ae_indep_qiskit_2|ibm_heron_156 azione_RL=BasisTranslator
job=ae_indep_qiskit_2|ibm_heron_156 azione_RL=RemoveDiagonalGatesBeforeMeasure
job=ae_indep_qiskit_2|ibm_heron_156 azione_RL=CommutativeInverseCancellation
job=ae_indep_qiskit_2|ibm_heron_156 azione_RL=RemoveRedundancies
job=ae_indep_qiskit_2|ibm_heron_156 azione_RL=DenseLayout

--- robust worker start 2026-08-02T13:17:38.979413+00:00 pid=100434 device=ibm_heron_156 ---
mqt-predictor - INFO - Init env: expected_fidelity
job=ae_indep_qiskit_2|ibm_heron_156 azione_RL=Opt2qBlocks
job=ae_indep_qiskit_2|ibm_heron_156 azione_RL=BasisTranslator
job=ae_indep_qiskit_2|ibm_heron_156 azione_RL=BQSKitMapping

--- robust worker start 2026-08-02T18:01:17.449618+00:00 pid=1111161 device=ibm_heron_156 ---
mqt-predictor - INFO - Init env: expected_fidelity
