
--- worker start 2026-07-31T11:17:46.540207+00:00 pid=18218 device=ibm_falcon_27 ---
mqt-predictor - INFO - Init env: expected_fidelity
/home/elio/Tesi/.venv/lib/python3.12/site-packages/pytket/extensions/qiskit/qiskit_convert.py:1124: UserWarning: The pytket Circuit contains implicit qubit permutations which aren't handled by default. Consider using the replace_implicit_swaps flag in tk_to_qiskit or replacing them using Circuit.replace_implicit_swaps().
  warnings.warn(  # noqa: B028

--- worker start 2026-07-31T11:22:15.130044+00:00 pid=25368 device=ibm_falcon_27 ---
mqt-predictor - INFO - Init env: expected_fidelity
/home/elio/Tesi/.venv/lib/python3.12/site-packages/pytket/extensions/qiskit/qiskit_convert.py:1124: UserWarning: The pytket Circuit contains implicit qubit permutations which aren't handled by default. Consider using the replace_implicit_swaps flag in tk_to_qiskit or replacing them using Circuit.replace_implicit_swaps().
  warnings.warn(  # noqa: B028

--- worker start 2026-07-31T11:24:53.561162+00:00 pid=50986 device=ibm_falcon_27 ---
mqt-predictor - INFO - Init env: expected_fidelity

--- worker start 2026-07-31T11:27:10.842170+00:00 pid=79473 device=ibm_falcon_27 ---
mqt-predictor - INFO - Init env: expected_fidelity

--- worker start 2026-07-31T11:29:27.626371+00:00 pid=110240 device=ibm_falcon_27 ---
mqt-predictor - INFO - Init env: expected_fidelity

--- worker start 2026-07-31T11:31:44.236916+00:00 pid=146079 device=ibm_falcon_27 ---
mqt-predictor - INFO - Init env: expected_fidelity

--- worker start 2026-07-31T11:34:03.343415+00:00 pid=184098 device=ibm_falcon_27 ---
mqt-predictor - INFO - Init env: expected_fidelity

--- worker start 2026-07-31T11:36:22.486533+00:00 pid=232673 device=ibm_falcon_27 ---
mqt-predictor - INFO - Init env: expected_fidelity

--- worker start 2026-07-31T11:38:41.665607+00:00 pid=287851 device=ibm_falcon_27 ---
mqt-predictor - INFO - Init env: expected_fidelity

--- worker start 2026-07-31T11:41:02.341177+00:00 pid=343681 device=ibm_falcon_27 ---
mqt-predictor - INFO - Init env: expected_fidelity

--- worker start 2026-07-31T11:43:22.763538+00:00 pid=393416 device=ibm_falcon_27 ---
mqt-predictor - INFO - Init env: expected_fidelity

--- worker start 2026-07-31T11:45:43.968759+00:00 pid=447678 device=ibm_falcon_27 ---
mqt-predictor - INFO - Init env: expected_fidelity

--- worker start 2026-07-31T11:48:05.426971+00:00 pid=496656 device=ibm_falcon_27 ---
mqt-predictor - INFO - Init env: expected_fidelity

--- worker start 2026-07-31T11:50:28.075378+00:00 pid=541076 device=ibm_falcon_27 ---
mqt-predictor - INFO - Init env: expected_fidelity
/home/elio/Tesi/.venv/lib/python3.12/site-packages/pytket/extensions/qiskit/qiskit_convert.py:1124: UserWarning: The pytket Circuit contains implicit qubit permutations which aren't handled by default. Consider using the replace_implicit_swaps flag in tk_to_qiskit or replacing them using Circuit.replace_implicit_swaps().
  warnings.warn(  # noqa: B028

--- worker start 2026-07-31T11:52:48.901357+00:00 pid=580047 device=ibm_falcon_27 ---
mqt-predictor - INFO - Init env: expected_fidelity
/home/elio/Tesi/.venv/lib/python3.12/site-packages/pytket/extensions/qiskit/qiskit_convert.py:1124: UserWarning: The pytket Circuit contains implicit qubit permutations which aren't handled by default. Consider using the replace_implicit_swaps flag in tk_to_qiskit or replacing them using Circuit.replace_implicit_swaps().
  warnings.warn(  # noqa: B028

--- worker start 2026-07-31T11:55:13.434567+00:00 pid=620029 device=ibm_falcon_27 ---
mqt-predictor - INFO - Init env: expected_fidelity
/home/elio/Tesi/.venv/lib/python3.12/site-packages/pytket/extensions/qiskit/qiskit_convert.py:1124: UserWarning: The pytket Circuit contains implicit qubit permutations which aren't handled by default. Consider using the replace_implicit_swaps flag in tk_to_qiskit or replacing them using Circuit.replace_implicit_swaps().
  warnings.warn(  # noqa: B028

--- worker start 2026-07-31T11:57:35.883453+00:00 pid=667550 device=ibm_falcon_27 ---
mqt-predictor - INFO - Init env: expected_fidelity
/home/elio/Tesi/.venv/lib/python3.12/site-packages/pytket/extensions/qiskit/qiskit_convert.py:1124: UserWarning: The pytket Circuit contains implicit qubit permutations which aren't handled by default. Consider using the replace_implicit_swaps flag in tk_to_qiskit or replacing them using Circuit.replace_implicit_swaps().
  warnings.warn(  # noqa: B028

--- worker start 2026-07-31T12:00:00.577687+00:00 pid=714610 device=ibm_falcon_27 ---
mqt-predictor - INFO - Init env: expected_fidelity

--- worker start 2026-07-31T12:02:30.853301+00:00 pid=771068 device=ibm_falcon_27 ---
mqt-predictor - INFO - Init env: expected_fidelity

--- worker start 2026-07-31T12:04:56.265145+00:00 pid=832546 device=ibm_falcon_27 ---
mqt-predictor - INFO - Init env: expected_fidelity
/home/elio/Tesi/.venv/lib/python3.12/site-packages/pytket/extensions/qiskit/qiskit_convert.py:1124: UserWarning: The pytket Circuit contains implicit qubit permutations which aren't handled by default. Consider using the replace_implicit_swaps flag in tk_to_qiskit or replacing them using Circuit.replace_implicit_swaps().
  warnings.warn(  # noqa: B028

--- worker start 2026-07-31T12:07:37.269715+00:00 pid=895399 device=ibm_falcon_27 ---
mqt-predictor - INFO - Init env: expected_fidelity
/home/elio/Tesi/.venv/lib/python3.12/site-packages/pytket/extensions/qiskit/qiskit_convert.py:1124: UserWarning: The pytket Circuit contains implicit qubit permutations which aren't handled by default. Consider using the replace_implicit_swaps flag in tk_to_qiskit or replacing them using Circuit.replace_implicit_swaps().
  warnings.warn(  # noqa: B028

--- worker start 2026-07-31T12:10:09.598801+00:00 pid=981921 device=ibm_falcon_27 ---
mqt-predictor - INFO - Init env: expected_fidelity

--- worker start 2026-07-31T12:12:38.329490+00:00 pid=1052672 device=ibm_falcon_27 ---
mqt-predictor - INFO - Init env: expected_fidelity

--- worker start 2026-07-31T12:15:03.043013+00:00 pid=1103253 device=ibm_falcon_27 ---
mqt-predictor - INFO - Init env: expected_fidelity

--- worker start 2026-07-31T12:17:31.968416+00:00 pid=1152177 device=ibm_falcon_27 ---
mqt-predictor - INFO - Init env: expected_fidelity

--- worker start 2026-07-31T12:19:59.550628+00:00 pid=1201317 device=ibm_falcon_27 ---
mqt-predictor - INFO - Init env: expected_fidelity

--- worker start 2026-07-31T12:22:27.506381+00:00 pid=1271334 device=ibm_falcon_27 ---
mqt-predictor - INFO - Init env: expected_fidelity

--- worker start 2026-07-31T12:24:53.528791+00:00 pid=1340968 device=ibm_falcon_27 ---
mqt-predictor - INFO - Init env: expected_fidelity

--- worker start 2026-07-31T12:27:51.644717+00:00 pid=1423228 device=ibm_falcon_27 ---
mqt-predictor - INFO - Init env: expected_fidelity

--- worker start 2026-07-31T12:30:19.664564+00:00 pid=1501895 device=ibm_falcon_27 ---
mqt-predictor - INFO - Init env: expected_fidelity

--- worker start 2026-07-31T12:32:44.497362+00:00 pid=1581298 device=ibm_falcon_27 ---

--- worker start 2026-07-31T12:36:52.539757+00:00 pid=1582235 device=ibm_falcon_27 ---

--- worker start 2026-07-31T12:41:00.273034+00:00 pid=1583162 device=ibm_falcon_27 ---

--- worker start 2026-07-31T12:45:07.797027+00:00 pid=1584102 device=ibm_falcon_27 ---

--- worker start 2026-07-31T12:49:15.731325+00:00 pid=1585030 device=ibm_falcon_27 ---

--- worker start 2026-07-31T12:53:23.195615+00:00 pid=1585976 device=ibm_falcon_27 ---

--- worker start 2026-07-31T12:57:31.036093+00:00 pid=1586903 device=ibm_falcon_27 ---

--- worker start 2026-07-31T13:01:39.166776+00:00 pid=1587830 device=ibm_falcon_27 ---

--- worker start 2026-07-31T13:05:46.708873+00:00 pid=1588755 device=ibm_falcon_27 ---

--- worker start 2026-07-31T13:09:54.383089+00:00 pid=1589668 device=ibm_falcon_27 ---

--- worker start 2026-07-31T13:14:02.167405+00:00 pid=1590595 device=ibm_falcon_27 ---

--- worker start 2026-07-31T13:18:10.157755+00:00 pid=1591526 device=ibm_falcon_27 ---

--- worker start 2026-07-31T13:22:19.713587+00:00 pid=1592577 device=ibm_falcon_27 ---

--- worker start 2026-07-31T13:36:00.893522+00:00 pid=1595846 device=ibm_falcon_27 ---
mqt-predictor - INFO - Init env: expected_fidelity

--- worker start 2026-07-31T13:37:45.302037+00:00 pid=1617216 device=ibm_falcon_27 ---
mqt-predictor - INFO - Init env: expected_fidelity

--- worker start 2026-07-31T13:39:26.443715+00:00 pid=1631805 device=ibm_falcon_27 ---
mqt-predictor - INFO - Init env: expected_fidelity

--- worker start 2026-07-31T13:40:35.004666+00:00 pid=1645422 device=ibm_falcon_27 ---
mqt-predictor - INFO - Init env: expected_fidelity
/home/elio/Tesi/.venv/lib/python3.12/site-packages/pytket/extensions/qiskit/qiskit_convert.py:1124: UserWarning: The pytket Circuit contains implicit qubit permutations which aren't handled by default. Consider using the replace_implicit_swaps flag in tk_to_qiskit or replacing them using Circuit.replace_implicit_swaps().
  warnings.warn(  # noqa: B028

--- worker start 2026-07-31T13:42:09.985041+00:00 pid=1664579 device=ibm_falcon_27 ---
mqt-predictor - INFO - Init env: expected_fidelity

--- worker start 2026-07-31T13:54:28.541848+00:00 pid=3680 device=ibm_falcon_27 ---
mqt-predictor - INFO - Init env: expected_fidelity

--- worker start 2026-07-31T13:56:10.260608+00:00 pid=17158 device=ibm_falcon_27 ---
mqt-predictor - INFO - Init env: expected_fidelity

--- worker start 2026-07-31T13:57:24.088976+00:00 pid=40059 device=ibm_falcon_27 ---
mqt-predictor - INFO - Init env: expected_fidelity

--- worker start 2026-07-31T13:58:59.519659+00:00 pid=65380 device=ibm_falcon_27 ---
mqt-predictor - INFO - Init env: expected_fidelity

--- worker start 2026-07-31T14:00:02.147646+00:00 pid=71825 device=ibm_falcon_27 ---
mqt-predictor - INFO - Init env: expected_fidelity

--- worker start 2026-07-31T14:01:39.770373+00:00 pid=90342 device=ibm_falcon_27 ---
mqt-predictor - INFO - Init env: expected_fidelity

--- worker start 2026-07-31T14:02:43.583395+00:00 pid=98058 device=ibm_falcon_27 ---
mqt-predictor - INFO - Init env: expected_fidelity
/home/elio/Tesi/.venv/lib/python3.12/site-packages/pytket/extensions/qiskit/qiskit_convert.py:1124: UserWarning: The pytket Circuit contains implicit qubit permutations which aren't handled by default. Consider using the replace_implicit_swaps flag in tk_to_qiskit or replacing them using Circuit.replace_implicit_swaps().
  warnings.warn(  # noqa: B028

--- worker start 2026-07-31T14:04:21.388792+00:00 pid=116681 device=ibm_falcon_27 ---
mqt-predictor - INFO - Init env: expected_fidelity
/home/elio/Tesi/.venv/lib/python3.12/site-packages/pytket/extensions/qiskit/qiskit_convert.py:1124: UserWarning: The pytket Circuit contains implicit qubit permutations which aren't handled by default. Consider using the replace_implicit_swaps flag in tk_to_qiskit or replacing them using Circuit.replace_implicit_swaps().
  warnings.warn(  # noqa: B028

--- worker start 2026-07-31T14:05:24.400288+00:00 pid=117048 device=ibm_falcon_27 ---
mqt-predictor - INFO - Init env: expected_fidelity
/home/elio/Tesi/.venv/lib/python3.12/site-packages/pytket/extensions/qiskit/qiskit_convert.py:1124: UserWarning: The pytket Circuit contains implicit qubit permutations which aren't handled by default. Consider using the replace_implicit_swaps flag in tk_to_qiskit or replacing them using Circuit.replace_implicit_swaps().
  warnings.warn(  # noqa: B028

--- worker start 2026-07-31T14:07:00.065034+00:00 pid=117484 device=ibm_falcon_27 ---
mqt-predictor - INFO - Init env: expected_fidelity
/home/elio/Tesi/.venv/lib/python3.12/site-packages/pytket/extensions/qiskit/qiskit_convert.py:1124: UserWarning: The pytket Circuit contains implicit qubit permutations which aren't handled by default. Consider using the replace_implicit_swaps flag in tk_to_qiskit or replacing them using Circuit.replace_implicit_swaps().
  warnings.warn(  # noqa: B028

--- worker start 2026-07-31T14:07:51.518532+00:00 pid=117718 device=ibm_falcon_27 ---
mqt-predictor - INFO - Init env: expected_fidelity

--- worker start 2026-07-31T14:08:43.426785+00:00 pid=118003 device=ibm_falcon_27 ---
mqt-predictor - INFO - Init env: expected_fidelity

--- worker start 2026-07-31T14:09:38.011383+00:00 pid=118270 device=ibm_falcon_27 ---
mqt-predictor - INFO - Init env: expected_fidelity

--- worker start 2026-07-31T14:10:28.057627+00:00 pid=118519 device=ibm_falcon_27 ---
mqt-predictor - INFO - Init env: expected_fidelity

--- worker start 2026-07-31T14:11:17.678717+00:00 pid=118759 device=ibm_falcon_27 ---
mqt-predictor - INFO - Init env: expected_fidelity
/home/elio/Tesi/.venv/lib/python3.12/site-packages/pytket/extensions/qiskit/qiskit_convert.py:1124: UserWarning: The pytket Circuit contains implicit qubit permutations which aren't handled by default. Consider using the replace_implicit_swaps flag in tk_to_qiskit or replacing them using Circuit.replace_implicit_swaps().
  warnings.warn(  # noqa: B028

--- worker start 2026-07-31T14:12:07.005933+00:00 pid=118987 device=ibm_falcon_27 ---
mqt-predictor - INFO - Init env: expected_fidelity
/home/elio/Tesi/.venv/lib/python3.12/site-packages/pytket/extensions/qiskit/qiskit_convert.py:1124: UserWarning: The pytket Circuit contains implicit qubit permutations which aren't handled by default. Consider using the replace_implicit_swaps flag in tk_to_qiskit or replacing them using Circuit.replace_implicit_swaps().
  warnings.warn(  # noqa: B028

--- worker start 2026-07-31T14:12:56.188741+00:00 pid=119221 device=ibm_falcon_27 ---
mqt-predictor - INFO - Init env: expected_fidelity

--- worker start 2026-07-31T14:13:45.575551+00:00 pid=119474 device=ibm_falcon_27 ---
mqt-predictor - INFO - Init env: expected_fidelity

--- worker start 2026-07-31T14:14:34.732150+00:00 pid=119723 device=ibm_falcon_27 ---
mqt-predictor - INFO - Init env: expected_fidelity

--- worker start 2026-07-31T14:15:24.435906+00:00 pid=119972 device=ibm_falcon_27 ---
mqt-predictor - INFO - Init env: expected_fidelity

--- worker start 2026-07-31T14:16:14.798225+00:00 pid=120227 device=ibm_falcon_27 ---
mqt-predictor - INFO - Init env: expected_fidelity

--- worker start 2026-07-31T14:17:05.291162+00:00 pid=120470 device=ibm_falcon_27 ---
mqt-predictor - INFO - Init env: expected_fidelity

--- worker start 2026-07-31T14:17:55.210436+00:00 pid=120708 device=ibm_falcon_27 ---
mqt-predictor - INFO - Init env: expected_fidelity

--- worker start 2026-07-31T14:18:50.599479+00:00 pid=120975 device=ibm_falcon_27 ---
mqt-predictor - INFO - Init env: expected_fidelity

--- worker start 2026-07-31T14:19:43.927827+00:00 pid=121293 device=ibm_falcon_27 ---
mqt-predictor - INFO - Init env: expected_fidelity

--- worker start 2026-07-31T14:20:35.172580+00:00 pid=121552 device=ibm_falcon_27 ---
mqt-predictor - INFO - Init env: expected_fidelity

--- worker start 2026-07-31T14:21:27.819305+00:00 pid=121807 device=ibm_falcon_27 ---
mqt-predictor - INFO - Init env: expected_fidelity

--- worker start 2026-07-31T14:22:17.219560+00:00 pid=122042 device=ibm_falcon_27 ---
mqt-predictor - INFO - Init env: expected_fidelity

--- worker start 2026-07-31T14:23:07.197808+00:00 pid=122288 device=ibm_falcon_27 ---
mqt-predictor - INFO - Init env: expected_fidelity

--- worker start 2026-07-31T14:23:56.382282+00:00 pid=122526 device=ibm_falcon_27 ---
mqt-predictor - INFO - Init env: expected_fidelity

--- worker start 2026-07-31T14:24:46.776856+00:00 pid=122781 device=ibm_falcon_27 ---
mqt-predictor - INFO - Init env: expected_fidelity

--- worker start 2026-07-31T14:25:41.341002+00:00 pid=123036 device=ibm_falcon_27 ---
mqt-predictor - INFO - Init env: expected_fidelity

--- worker start 2026-07-31T14:26:36.157449+00:00 pid=123309 device=ibm_falcon_27 ---
mqt-predictor - INFO - Init env: expected_fidelity

--- worker start 2026-07-31T14:27:25.711988+00:00 pid=123558 device=ibm_falcon_27 ---
mqt-predictor - INFO - Init env: expected_fidelity

--- worker start 2026-07-31T14:28:16.623932+00:00 pid=123823 device=ibm_falcon_27 ---
mqt-predictor - INFO - Init env: expected_fidelity

--- worker start 2026-07-31T14:29:10.199242+00:00 pid=124084 device=ibm_falcon_27 ---
mqt-predictor - INFO - Init env: expected_fidelity

--- worker start 2026-07-31T14:30:00.325149+00:00 pid=124321 device=ibm_falcon_27 ---
mqt-predictor - INFO - Init env: expected_fidelity

--- worker start 2026-07-31T14:30:50.578087+00:00 pid=124558 device=ibm_falcon_27 ---
mqt-predictor - INFO - Init env: expected_fidelity

--- worker start 2026-07-31T14:31:40.610036+00:00 pid=124807 device=ibm_falcon_27 ---
mqt-predictor - INFO - Init env: expected_fidelity

--- worker start 2026-07-31T14:32:30.487685+00:00 pid=125056 device=ibm_falcon_27 ---
mqt-predictor - INFO - Init env: expected_fidelity
/home/elio/Tesi/.venv/lib/python3.12/site-packages/pytket/extensions/qiskit/qiskit_convert.py:1124: UserWarning: The pytket Circuit contains implicit qubit permutations which aren't handled by default. Consider using the replace_implicit_swaps flag in tk_to_qiskit or replacing them using Circuit.replace_implicit_swaps().
  warnings.warn(  # noqa: B028

--- worker start 2026-07-31T14:33:20.118160+00:00 pid=125305 device=ibm_falcon_27 ---
mqt-predictor - INFO - Init env: expected_fidelity

--- worker start 2026-07-31T14:34:09.536088+00:00 pid=125539 device=ibm_falcon_27 ---
mqt-predictor - INFO - Init env: expected_fidelity

--- worker start 2026-07-31T14:34:59.347477+00:00 pid=125786 device=ibm_falcon_27 ---
mqt-predictor - INFO - Init env: expected_fidelity

--- worker start 2026-07-31T14:35:50.184426+00:00 pid=126042 device=ibm_falcon_27 ---
mqt-predictor - INFO - Init env: expected_fidelity

--- worker start 2026-07-31T14:36:40.778899+00:00 pid=126295 device=ibm_falcon_27 ---
mqt-predictor - INFO - Init env: expected_fidelity

--- worker start 2026-07-31T14:37:31.260958+00:00 pid=126546 device=ibm_falcon_27 ---
mqt-predictor - INFO - Init env: expected_fidelity

--- worker start 2026-07-31T14:38:21.511238+00:00 pid=126795 device=ibm_falcon_27 ---
mqt-predictor - INFO - Init env: expected_fidelity

--- worker start 2026-07-31T14:39:10.523967+00:00 pid=127074 device=ibm_falcon_27 ---
mqt-predictor - INFO - Init env: expected_fidelity
/home/elio/Tesi/.venv/lib/python3.12/site-packages/pytket/extensions/qiskit/qiskit_convert.py:1124: UserWarning: The pytket Circuit contains implicit qubit permutations which aren't handled by default. Consider using the replace_implicit_swaps flag in tk_to_qiskit or replacing them using Circuit.replace_implicit_swaps().
  warnings.warn(  # noqa: B028

--- worker start 2026-07-31T14:40:07.290695+00:00 pid=127400 device=ibm_falcon_27 ---
mqt-predictor - INFO - Init env: expected_fidelity
/home/elio/Tesi/.venv/lib/python3.12/site-packages/pytket/extensions/qiskit/qiskit_convert.py:1124: UserWarning: The pytket Circuit contains implicit qubit permutations which aren't handled by default. Consider using the replace_implicit_swaps flag in tk_to_qiskit or replacing them using Circuit.replace_implicit_swaps().
  warnings.warn(  # noqa: B028

--- worker start 2026-07-31T14:40:59.402566+00:00 pid=127655 device=ibm_falcon_27 ---
mqt-predictor - INFO - Init env: expected_fidelity

--- worker start 2026-07-31T14:41:50.001933+00:00 pid=127916 device=ibm_falcon_27 ---
mqt-predictor - INFO - Init env: expected_fidelity

--- worker start 2026-07-31T14:42:40.382405+00:00 pid=128185 device=ibm_falcon_27 ---
mqt-predictor - INFO - Init env: expected_fidelity

--- worker start 2026-07-31T14:43:32.809396+00:00 pid=128517 device=ibm_falcon_27 ---
mqt-predictor - INFO - Init env: expected_fidelity

--- worker start 2026-07-31T14:44:22.834070+00:00 pid=128775 device=ibm_falcon_27 ---
mqt-predictor - INFO - Init env: expected_fidelity
/home/elio/Tesi/.venv/lib/python3.12/site-packages/pytket/extensions/qiskit/qiskit_convert.py:1124: UserWarning: The pytket Circuit contains implicit qubit permutations which aren't handled by default. Consider using the replace_implicit_swaps flag in tk_to_qiskit or replacing them using Circuit.replace_implicit_swaps().
  warnings.warn(  # noqa: B028

--- worker start 2026-07-31T14:45:15.430195+00:00 pid=129091 device=ibm_falcon_27 ---
mqt-predictor - INFO - Init env: expected_fidelity
/home/elio/Tesi/.venv/lib/python3.12/site-packages/pytket/extensions/qiskit/qiskit_convert.py:1124: UserWarning: The pytket Circuit contains implicit qubit permutations which aren't handled by default. Consider using the replace_implicit_swaps flag in tk_to_qiskit or replacing them using Circuit.replace_implicit_swaps().
  warnings.warn(  # noqa: B028

--- worker start 2026-07-31T14:46:12.742886+00:00 pid=129438 device=ibm_falcon_27 ---
mqt-predictor - INFO - Init env: expected_fidelity
/home/elio/Tesi/.venv/lib/python3.12/site-packages/pytket/extensions/qiskit/qiskit_convert.py:1124: UserWarning: The pytket Circuit contains implicit qubit permutations which aren't handled by default. Consider using the replace_implicit_swaps flag in tk_to_qiskit or replacing them using Circuit.replace_implicit_swaps().
  warnings.warn(  # noqa: B028

--- worker start 2026-07-31T14:47:04.985199+00:00 pid=129785 device=ibm_falcon_27 ---
mqt-predictor - INFO - Init env: expected_fidelity
/home/elio/Tesi/.venv/lib/python3.12/site-packages/pytket/extensions/qiskit/qiskit_convert.py:1124: UserWarning: The pytket Circuit contains implicit qubit permutations which aren't handled by default. Consider using the replace_implicit_swaps flag in tk_to_qiskit or replacing them using Circuit.replace_implicit_swaps().
  warnings.warn(  # noqa: B028

--- worker start 2026-07-31T14:47:57.009383+00:00 pid=130094 device=ibm_falcon_27 ---
mqt-predictor - INFO - Init env: expected_fidelity

--- worker start 2026-07-31T14:48:49.180725+00:00 pid=130381 device=ibm_falcon_27 ---
mqt-predictor - INFO - Init env: expected_fidelity

--- worker start 2026-07-31T14:49:47.740105+00:00 pid=130677 device=ibm_falcon_27 ---
mqt-predictor - INFO - Init env: expected_fidelity

--- robust worker start 2026-07-31T15:18:35.400225+00:00 pid=137691 device=ibm_falcon_27 ---
mqt-predictor - INFO - Init env: expected_fidelity
job=ae_indep_qiskit_3|ibm_falcon_27 azione_RL=Optimize1qGatesDecomposition
job=ae_indep_qiskit_3|ibm_falcon_27 azione_RL=RemoveDiagonalGatesBeforeMeasure
job=ae_indep_qiskit_3|ibm_falcon_27 azione_RL=FullPeepholeOptimiseCX
job=ae_indep_qiskit_3|ibm_falcon_27 azione_RL=OptimizeCliffords
job=ae_indep_qiskit_3|ibm_falcon_27 azione_RL=BQSKitSynthesis
job=ae_indep_qiskit_3|ibm_falcon_27 azione_RL=OptimizeCliffords
job=ae_indep_qiskit_3|ibm_falcon_27 azione_RL=BQSKitO2
job=ae_indep_qiskit_3|ibm_falcon_27 azione_RL=InverseCancellation
job=ae_indep_qiskit_3|ibm_falcon_27 azione_RL=CliffordSimp
job=ae_indep_qiskit_3|ibm_falcon_27 azione_RL=Optimize1qGatesDecomposition
job=ae_indep_qiskit_3|ibm_falcon_27 azione_RL=Optimize1qGatesDecomposition
job=ae_indep_qiskit_3|ibm_falcon_27 azione_RL=CliffordSimp
job=ae_indep_qiskit_3|ibm_falcon_27 azione_RL=CliffordSimp
job=ae_indep_qiskit_3|ibm_falcon_27 azione_RL=InverseCancellation
job=ae_indep_qiskit_3|ibm_falcon_27 azione_RL=PeepholeOptimise2Q
job=ae_indep_qiskit_3|ibm_falcon_27 azione_RL=FullPeepholeOptimiseCX
job=ae_indep_qiskit_3|ibm_falcon_27 azione_RL=BQSKitO2
job=ae_indep_qiskit_3|ibm_falcon_27 azione_RL=CommutativeInverseCancellation
job=ae_indep_qiskit_3|ibm_falcon_27 azione_RL=CliffordSimp
job=ae_indep_qiskit_3|ibm_falcon_27 azione_RL=BasisTranslator
job=ae_indep_qiskit_3|ibm_falcon_27 azione_RL=QiskitO3
job=ae_indep_qiskit_3|ibm_falcon_27 azione_RL=BQSKitO2
job=ae_indep_qiskit_3|ibm_falcon_27 azione_RL=RemoveDiagonalGatesBeforeMeasure
job=ae_indep_qiskit_3|ibm_falcon_27 azione_RL=Opt2qBlocks
job=ae_indep_qiskit_3|ibm_falcon_27 azione_RL=FullPeepholeOptimiseCX
job=ae_indep_qiskit_3|ibm_falcon_27 azione_RL=BasisTranslator
job=ae_indep_qiskit_3|ibm_falcon_27 azione_RL=CommutativeInverseCancellation
job=ae_indep_qiskit_3|ibm_falcon_27 azione_RL=RemoveDiagonalGatesBeforeMeasure
job=ae_indep_qiskit_3|ibm_falcon_27 azione_RL=CliffordSimp
job=ae_indep_qiskit_3|ibm_falcon_27 azione_RL=Optimize1qGatesDecomposition
job=ae_indep_qiskit_3|ibm_falcon_27 azione_RL=Optimize1qGatesDecomposition
job=ae_indep_qiskit_3|ibm_falcon_27 azione_RL=CliffordSimp
job=ae_indep_qiskit_3|ibm_falcon_27 azione_RL=Optimize1qGatesDecomposition
job=ae_indep_qiskit_3|ibm_falcon_27 azione_RL=InverseCancellation
job=ae_indep_qiskit_3|ibm_falcon_27 azione_RL=PeepholeOptimise2Q
job=ae_indep_qiskit_3|ibm_falcon_27 azione_RL=Optimize1qGatesDecomposition
job=ae_indep_qiskit_3|ibm_falcon_27 azione_RL=RemoveDiagonalGatesBeforeMeasure
job=ae_indep_qiskit_3|ibm_falcon_27 azione_RL=PeepholeOptimise2Q
job=ae_indep_qiskit_3|ibm_falcon_27 azione_RL=Opt2qBlocks
job=ae_indep_qiskit_3|ibm_falcon_27 azione_RL=BQSKitSynthesis
job=ae_indep_qiskit_3|ibm_falcon_27 azione_RL=OptimizeCliffords
job=ae_indep_qiskit_3|ibm_falcon_27 azione_RL=Opt2qBlocks
job=ae_indep_qiskit_3|ibm_falcon_27 azione_RL=QiskitO3
job=ae_indep_qiskit_3|ibm_falcon_27 azione_RL=RemoveDiagonalGatesBeforeMeasure
job=ae_indep_qiskit_3|ibm_falcon_27 azione_RL=Optimize1qGatesDecomposition
job=ae_indep_qiskit_3|ibm_falcon_27 azione_RL=CommutativeInverseCancellation
job=ae_indep_qiskit_3|ibm_falcon_27 azione_RL=CommutativeInverseCancellation
job=ae_indep_qiskit_3|ibm_falcon_27 azione_RL=CliffordSimp
job=ae_indep_qiskit_3|ibm_falcon_27 azione_RL=BasisTranslator
job=ae_indep_qiskit_3|ibm_falcon_27 azione_RL=QiskitO3
job=ae_indep_qiskit_3|ibm_falcon_27 azione_RL=Opt2qBlocks
job=ae_indep_qiskit_3|ibm_falcon_27 azione_RL=CommutativeCancellation
job=ae_indep_qiskit_3|ibm_falcon_27 azione_RL=QiskitO3
job=ae_indep_qiskit_3|ibm_falcon_27 azione_RL=CliffordSimp
job=ae_indep_qiskit_3|ibm_falcon_27 azione_RL=OptimizeCliffords
job=ae_indep_qiskit_3|ibm_falcon_27 azione_RL=PeepholeOptimise2Q
job=ae_indep_qiskit_3|ibm_falcon_27 azione_RL=CliffordSimp
job=ae_indep_qiskit_3|ibm_falcon_27 azione_RL=CommutativeInverseCancellation
job=ae_indep_qiskit_3|ibm_falcon_27 azione_RL=FullPeepholeOptimiseCX
job=ae_indep_qiskit_3|ibm_falcon_27 azione_RL=CommutativeCancellation
job=ae_indep_qiskit_3|ibm_falcon_27 azione_RL=CliffordSimp
job=ae_indep_qiskit_3|ibm_falcon_27 azione_RL=CommutativeCancellation
job=ae_indep_qiskit_3|ibm_falcon_27 azione_RL=OptimizeCliffords
job=ae_indep_qiskit_3|ibm_falcon_27 azione_RL=BasisTranslator
job=ae_indep_qiskit_3|ibm_falcon_27 azione_RL=CommutativeCancellation
job=ae_indep_qiskit_3|ibm_falcon_27 azione_RL=PeepholeOptimise2Q
job=ae_indep_qiskit_3|ibm_falcon_27 azione_RL=RemoveDiagonalGatesBeforeMeasure
job=ae_indep_qiskit_3|ibm_falcon_27 azione_RL=QiskitO3
job=ae_indep_qiskit_3|ibm_falcon_27 azione_RL=OptimizeCliffords
job=ae_indep_qiskit_3|ibm_falcon_27 azione_RL=QiskitO3
job=ae_indep_qiskit_3|ibm_falcon_27 azione_RL=FullPeepholeOptimiseCX
job=ae_indep_qiskit_3|ibm_falcon_27 azione_RL=Opt2qBlocks
job=ae_indep_qiskit_3|ibm_falcon_27 azione_RL=OptimizeCliffords
job=ae_indep_qiskit_3|ibm_falcon_27 azione_RL=CliffordSimp
job=ae_indep_qiskit_3|ibm_falcon_27 azione_RL=PeepholeOptimise2Q
job=ae_indep_qiskit_3|ibm_falcon_27 azione_RL=PeepholeOptimise2Q
job=ae_indep_qiskit_3|ibm_falcon_27 azione_RL=Opt2qBlocks
job=ae_indep_qiskit_3|ibm_falcon_27 azione_RL=PeepholeOptimise2Q
job=ae_indep_qiskit_3|ibm_falcon_27 azione_RL=OptimizeCliffords
job=ae_indep_qiskit_3|ibm_falcon_27 azione_RL=BasisTranslator
job=ae_indep_qiskit_3|ibm_falcon_27 azione_RL=Opt2qBlocks
job=ae_indep_qiskit_3|ibm_falcon_27 azione_RL=CommutativeInverseCancellation
job=ae_indep_qiskit_3|ibm_falcon_27 azione_RL=OptimizeCliffords
job=ae_indep_qiskit_3|ibm_falcon_27 azione_RL=RemoveRedundancies
job=ae_indep_qiskit_3|ibm_falcon_27 azione_RL=Opt2qBlocks
job=ae_indep_qiskit_3|ibm_falcon_27 azione_RL=PeepholeOptimise2Q
job=ae_indep_qiskit_3|ibm_falcon_27 azione_RL=QiskitO3
job=ae_indep_qiskit_3|ibm_falcon_27 azione_RL=RemoveRedundancies
job=ae_indep_qiskit_3|ibm_falcon_27 azione_RL=QiskitO3
job=ae_indep_qiskit_3|ibm_falcon_27 azione_RL=FullPeepholeOptimiseCX
job=ae_indep_qiskit_3|ibm_falcon_27 azione_RL=CliffordSimp
job=ae_indep_qiskit_3|ibm_falcon_27 azione_RL=BQSKitSynthesis
job=ae_indep_qiskit_3|ibm_falcon_27 azione_RL=Opt2qBlocks
job=ae_indep_qiskit_3|ibm_falcon_27 azione_RL=BasisTranslator
job=ae_indep_qiskit_3|ibm_falcon_27 azione_RL=Optimize1qGatesDecomposition
job=ae_indep_qiskit_3|ibm_falcon_27 azione_RL=Opt2qBlocks
job=ae_indep_qiskit_3|ibm_falcon_27 azione_RL=FullPeepholeOptimiseCX
job=ae_indep_qiskit_3|ibm_falcon_27 azione_RL=PeepholeOptimise2Q
job=ae_indep_qiskit_3|ibm_falcon_27 azione_RL=RemoveDiagonalGatesBeforeMeasure
job=ae_indep_qiskit_3|ibm_falcon_27 azione_RL=BQSKitO2
job=ae_indep_qiskit_3|ibm_falcon_27 azione_RL=OptimizeCliffords
job=ae_indep_qiskit_3|ibm_falcon_27 azione_RL=CommutativeInverseCancellation
job=ae_indep_qiskit_3|ibm_falcon_27 azione_RL=BQSKitO2
job=ae_indep_qiskit_3|ibm_falcon_27 fallback=QiskitO1
job=ae_indep_tket_3|ibm_falcon_27 azione_RL=Optimize1qGatesDecomposition
job=ae_indep_tket_3|ibm_falcon_27 azione_RL=RemoveDiagonalGatesBeforeMeasure
job=ae_indep_tket_3|ibm_falcon_27 azione_RL=FullPeepholeOptimiseCX
job=ae_indep_tket_3|ibm_falcon_27 azione_RL=OptimizeCliffords
job=ae_indep_tket_3|ibm_falcon_27 azione_RL=BQSKitSynthesis
job=ae_indep_tket_3|ibm_falcon_27 azione_RL=OptimizeCliffords
job=ae_indep_tket_3|ibm_falcon_27 azione_RL=BQSKitO2
job=ae_indep_tket_3|ibm_falcon_27 azione_RL=InverseCancellation
job=ae_indep_tket_3|ibm_falcon_27 azione_RL=CliffordSimp
job=ae_indep_tket_3|ibm_falcon_27 azione_RL=Optimize1qGatesDecomposition
job=ae_indep_tket_3|ibm_falcon_27 azione_RL=Optimize1qGatesDecomposition
job=ae_indep_tket_3|ibm_falcon_27 azione_RL=CliffordSimp
job=ae_indep_tket_3|ibm_falcon_27 azione_RL=CliffordSimp
job=ae_indep_tket_3|ibm_falcon_27 azione_RL=InverseCancellation
job=ae_indep_tket_3|ibm_falcon_27 azione_RL=PeepholeOptimise2Q
job=ae_indep_tket_3|ibm_falcon_27 azione_RL=FullPeepholeOptimiseCX
job=ae_indep_tket_3|ibm_falcon_27 azione_RL=BQSKitO2
job=ae_indep_tket_3|ibm_falcon_27 azione_RL=CommutativeInverseCancellation
job=ae_indep_tket_3|ibm_falcon_27 azione_RL=CliffordSimp
job=ae_indep_tket_3|ibm_falcon_27 azione_RL=BasisTranslator
job=ae_indep_tket_3|ibm_falcon_27 azione_RL=QiskitO3
job=ae_indep_tket_3|ibm_falcon_27 azione_RL=BQSKitO2
job=ae_indep_tket_3|ibm_falcon_27 azione_RL=RemoveDiagonalGatesBeforeMeasure
job=ae_indep_tket_3|ibm_falcon_27 azione_RL=Opt2qBlocks
job=ae_indep_tket_3|ibm_falcon_27 azione_RL=FullPeepholeOptimiseCX
job=ae_indep_tket_3|ibm_falcon_27 azione_RL=BasisTranslator
job=ae_indep_tket_3|ibm_falcon_27 azione_RL=CommutativeInverseCancellation
job=ae_indep_tket_3|ibm_falcon_27 azione_RL=RemoveDiagonalGatesBeforeMeasure
job=ae_indep_tket_3|ibm_falcon_27 azione_RL=CliffordSimp
job=ae_indep_tket_3|ibm_falcon_27 azione_RL=Optimize1qGatesDecomposition
job=ae_indep_tket_3|ibm_falcon_27 azione_RL=Optimize1qGatesDecomposition
job=ae_indep_tket_3|ibm_falcon_27 azione_RL=CliffordSimp
job=ae_indep_tket_3|ibm_falcon_27 azione_RL=Optimize1qGatesDecomposition
job=ae_indep_tket_3|ibm_falcon_27 azione_RL=InverseCancellation
job=ae_indep_tket_3|ibm_falcon_27 azione_RL=PeepholeOptimise2Q
job=ae_indep_tket_3|ibm_falcon_27 azione_RL=Optimize1qGatesDecomposition
job=ae_indep_tket_3|ibm_falcon_27 azione_RL=RemoveDiagonalGatesBeforeMeasure
job=ae_indep_tket_3|ibm_falcon_27 azione_RL=PeepholeOptimise2Q
job=ae_indep_tket_3|ibm_falcon_27 azione_RL=Opt2qBlocks
job=ae_indep_tket_3|ibm_falcon_27 azione_RL=BQSKitSynthesis
job=ae_indep_tket_3|ibm_falcon_27 azione_RL=OptimizeCliffords
job=ae_indep_tket_3|ibm_falcon_27 azione_RL=Opt2qBlocks
job=ae_indep_tket_3|ibm_falcon_27 azione_RL=QiskitO3
job=ae_indep_tket_3|ibm_falcon_27 azione_RL=RemoveDiagonalGatesBeforeMeasure
job=ae_indep_tket_3|ibm_falcon_27 azione_RL=Optimize1qGatesDecomposition
job=ae_indep_tket_3|ibm_falcon_27 azione_RL=CommutativeInverseCancellation
job=ae_indep_tket_3|ibm_falcon_27 azione_RL=CommutativeInverseCancellation
job=ae_indep_tket_3|ibm_falcon_27 azione_RL=CliffordSimp
job=ae_indep_tket_3|ibm_falcon_27 azione_RL=BasisTranslator
job=ae_indep_tket_3|ibm_falcon_27 azione_RL=QiskitO3
job=ae_indep_tket_3|ibm_falcon_27 azione_RL=Opt2qBlocks
job=ae_indep_tket_3|ibm_falcon_27 azione_RL=CommutativeCancellation
job=ae_indep_tket_3|ibm_falcon_27 azione_RL=QiskitO3
job=ae_indep_tket_3|ibm_falcon_27 azione_RL=CliffordSimp
job=ae_indep_tket_3|ibm_falcon_27 azione_RL=OptimizeCliffords
job=ae_indep_tket_3|ibm_falcon_27 azione_RL=PeepholeOptimise2Q
job=ae_indep_tket_3|ibm_falcon_27 azione_RL=CliffordSimp
job=ae_indep_tket_3|ibm_falcon_27 azione_RL=CommutativeInverseCancellation
job=ae_indep_tket_3|ibm_falcon_27 azione_RL=FullPeepholeOptimiseCX
job=ae_indep_tket_3|ibm_falcon_27 azione_RL=CommutativeCancellation
job=ae_indep_tket_3|ibm_falcon_27 azione_RL=CliffordSimp
job=ae_indep_tket_3|ibm_falcon_27 azione_RL=CommutativeCancellation
job=ae_indep_tket_3|ibm_falcon_27 azione_RL=OptimizeCliffords
job=ae_indep_tket_3|ibm_falcon_27 azione_RL=BasisTranslator
job=ae_indep_tket_3|ibm_falcon_27 azione_RL=CommutativeCancellation
job=ae_indep_tket_3|ibm_falcon_27 azione_RL=PeepholeOptimise2Q
job=ae_indep_tket_3|ibm_falcon_27 azione_RL=RemoveDiagonalGatesBeforeMeasure
job=ae_indep_tket_3|ibm_falcon_27 azione_RL=QiskitO3
job=ae_indep_tket_3|ibm_falcon_27 azione_RL=OptimizeCliffords
job=ae_indep_tket_3|ibm_falcon_27 azione_RL=QiskitO3
job=ae_indep_tket_3|ibm_falcon_27 azione_RL=FullPeepholeOptimiseCX
job=ae_indep_tket_3|ibm_falcon_27 azione_RL=Opt2qBlocks
job=ae_indep_tket_3|ibm_falcon_27 azione_RL=OptimizeCliffords
job=ae_indep_tket_3|ibm_falcon_27 azione_RL=CliffordSimp
job=ae_indep_tket_3|ibm_falcon_27 azione_RL=PeepholeOptimise2Q
job=ae_indep_tket_3|ibm_falcon_27 azione_RL=PeepholeOptimise2Q
job=ae_indep_tket_3|ibm_falcon_27 azione_RL=Opt2qBlocks
job=ae_indep_tket_3|ibm_falcon_27 azione_RL=PeepholeOptimise2Q
job=ae_indep_tket_3|ibm_falcon_27 azione_RL=OptimizeCliffords
job=ae_indep_tket_3|ibm_falcon_27 azione_RL=BasisTranslator
job=ae_indep_tket_3|ibm_falcon_27 azione_RL=Opt2qBlocks
job=ae_indep_tket_3|ibm_falcon_27 azione_RL=CommutativeInverseCancellation
job=ae_indep_tket_3|ibm_falcon_27 azione_RL=OptimizeCliffords
job=ae_indep_tket_3|ibm_falcon_27 azione_RL=RemoveRedundancies
job=ae_indep_tket_3|ibm_falcon_27 azione_RL=Opt2qBlocks
job=ae_indep_tket_3|ibm_falcon_27 azione_RL=PeepholeOptimise2Q
job=ae_indep_tket_3|ibm_falcon_27 azione_RL=QiskitO3
job=ae_indep_tket_3|ibm_falcon_27 azione_RL=RemoveRedundancies
job=ae_indep_tket_3|ibm_falcon_27 azione_RL=QiskitO3
job=ae_indep_tket_3|ibm_falcon_27 azione_RL=FullPeepholeOptimiseCX
job=ae_indep_tket_3|ibm_falcon_27 azione_RL=CliffordSimp
job=ae_indep_tket_3|ibm_falcon_27 azione_RL=BQSKitSynthesis
job=ae_indep_tket_3|ibm_falcon_27 azione_RL=Opt2qBlocks
job=ae_indep_tket_3|ibm_falcon_27 azione_RL=BasisTranslator
job=ae_indep_tket_3|ibm_falcon_27 azione_RL=Optimize1qGatesDecomposition
job=ae_indep_tket_3|ibm_falcon_27 azione_RL=Opt2qBlocks
job=ae_indep_tket_3|ibm_falcon_27 azione_RL=FullPeepholeOptimiseCX
job=ae_indep_tket_3|ibm_falcon_27 azione_RL=PeepholeOptimise2Q
job=ae_indep_tket_3|ibm_falcon_27 azione_RL=RemoveDiagonalGatesBeforeMeasure
job=ae_indep_tket_3|ibm_falcon_27 azione_RL=BQSKitO2
job=ae_indep_tket_3|ibm_falcon_27 azione_RL=OptimizeCliffords
job=ae_indep_tket_3|ibm_falcon_27 azione_RL=CommutativeInverseCancellation
job=ae_indep_tket_3|ibm_falcon_27 azione_RL=BQSKitO2
job=ae_indep_tket_3|ibm_falcon_27 fallback=QiskitO1
job=dj_indep_qiskit_3|ibm_falcon_27 azione_RL=Optimize1qGatesDecomposition
job=dj_indep_qiskit_3|ibm_falcon_27 azione_RL=RemoveDiagonalGatesBeforeMeasure
job=dj_indep_qiskit_3|ibm_falcon_27 azione_RL=FullPeepholeOptimiseCX
job=dj_indep_qiskit_3|ibm_falcon_27 azione_RL=OptimizeCliffords
job=dj_indep_qiskit_3|ibm_falcon_27 azione_RL=BQSKitSynthesis
job=dj_indep_qiskit_3|ibm_falcon_27 azione_RL=OptimizeCliffords
job=dj_indep_qiskit_3|ibm_falcon_27 azione_RL=BQSKitO2
job=dj_indep_qiskit_3|ibm_falcon_27 azione_RL=InverseCancellation
job=dj_indep_qiskit_3|ibm_falcon_27 azione_RL=CliffordSimp
job=dj_indep_qiskit_3|ibm_falcon_27 azione_RL=Optimize1qGatesDecomposition
job=dj_indep_qiskit_3|ibm_falcon_27 azione_RL=Optimize1qGatesDecomposition
job=dj_indep_qiskit_3|ibm_falcon_27 azione_RL=CliffordSimp
job=dj_indep_qiskit_3|ibm_falcon_27 azione_RL=CliffordSimp
job=dj_indep_qiskit_3|ibm_falcon_27 azione_RL=InverseCancellation
job=dj_indep_qiskit_3|ibm_falcon_27 azione_RL=PeepholeOptimise2Q
job=dj_indep_qiskit_3|ibm_falcon_27 azione_RL=FullPeepholeOptimiseCX
job=dj_indep_qiskit_3|ibm_falcon_27 azione_RL=BQSKitO2
job=dj_indep_qiskit_3|ibm_falcon_27 azione_RL=CommutativeInverseCancellation
job=dj_indep_qiskit_3|ibm_falcon_27 azione_RL=CliffordSimp
job=dj_indep_qiskit_3|ibm_falcon_27 azione_RL=BasisTranslator
job=dj_indep_qiskit_3|ibm_falcon_27 azione_RL=QiskitO3
job=dj_indep_qiskit_3|ibm_falcon_27 azione_RL=BQSKitO2
job=dj_indep_qiskit_3|ibm_falcon_27 azione_RL=RemoveDiagonalGatesBeforeMeasure
job=dj_indep_qiskit_3|ibm_falcon_27 azione_RL=Opt2qBlocks
job=dj_indep_qiskit_3|ibm_falcon_27 azione_RL=FullPeepholeOptimiseCX
job=dj_indep_qiskit_3|ibm_falcon_27 azione_RL=BasisTranslator
job=dj_indep_qiskit_3|ibm_falcon_27 azione_RL=CommutativeInverseCancellation
job=dj_indep_qiskit_3|ibm_falcon_27 azione_RL=RemoveDiagonalGatesBeforeMeasure
job=dj_indep_qiskit_3|ibm_falcon_27 azione_RL=CliffordSimp
job=dj_indep_qiskit_3|ibm_falcon_27 azione_RL=Optimize1qGatesDecomposition
job=dj_indep_qiskit_3|ibm_falcon_27 azione_RL=Optimize1qGatesDecomposition
job=dj_indep_qiskit_3|ibm_falcon_27 azione_RL=CliffordSimp
job=dj_indep_qiskit_3|ibm_falcon_27 azione_RL=Optimize1qGatesDecomposition
job=dj_indep_qiskit_3|ibm_falcon_27 azione_RL=InverseCancellation
job=dj_indep_qiskit_3|ibm_falcon_27 azione_RL=PeepholeOptimise2Q
job=dj_indep_qiskit_3|ibm_falcon_27 azione_RL=Optimize1qGatesDecomposition
job=dj_indep_qiskit_3|ibm_falcon_27 azione_RL=RemoveDiagonalGatesBeforeMeasure
job=dj_indep_qiskit_3|ibm_falcon_27 azione_RL=PeepholeOptimise2Q
job=dj_indep_qiskit_3|ibm_falcon_27 azione_RL=Opt2qBlocks
job=dj_indep_qiskit_3|ibm_falcon_27 azione_RL=BQSKitSynthesis
job=dj_indep_qiskit_3|ibm_falcon_27 azione_RL=OptimizeCliffords
job=dj_indep_qiskit_3|ibm_falcon_27 azione_RL=Opt2qBlocks
job=dj_indep_qiskit_3|ibm_falcon_27 azione_RL=QiskitO3
job=dj_indep_qiskit_3|ibm_falcon_27 azione_RL=RemoveDiagonalGatesBeforeMeasure
job=dj_indep_qiskit_3|ibm_falcon_27 azione_RL=Optimize1qGatesDecomposition
job=dj_indep_qiskit_3|ibm_falcon_27 azione_RL=CommutativeInverseCancellation
job=dj_indep_qiskit_3|ibm_falcon_27 azione_RL=CommutativeInverseCancellation
job=dj_indep_qiskit_3|ibm_falcon_27 azione_RL=CliffordSimp
job=dj_indep_qiskit_3|ibm_falcon_27 azione_RL=BasisTranslator
job=dj_indep_qiskit_3|ibm_falcon_27 azione_RL=QiskitO3
job=dj_indep_qiskit_3|ibm_falcon_27 azione_RL=Opt2qBlocks
job=dj_indep_qiskit_3|ibm_falcon_27 azione_RL=CommutativeCancellation
job=dj_indep_qiskit_3|ibm_falcon_27 azione_RL=QiskitO3
job=dj_indep_qiskit_3|ibm_falcon_27 azione_RL=CliffordSimp
job=dj_indep_qiskit_3|ibm_falcon_27 azione_RL=OptimizeCliffords
job=dj_indep_qiskit_3|ibm_falcon_27 azione_RL=PeepholeOptimise2Q
job=dj_indep_qiskit_3|ibm_falcon_27 azione_RL=CliffordSimp
job=dj_indep_qiskit_3|ibm_falcon_27 azione_RL=CommutativeInverseCancellation
job=dj_indep_qiskit_3|ibm_falcon_27 azione_RL=FullPeepholeOptimiseCX
job=dj_indep_qiskit_3|ibm_falcon_27 azione_RL=CommutativeCancellation
job=dj_indep_qiskit_3|ibm_falcon_27 azione_RL=CliffordSimp
job=dj_indep_qiskit_3|ibm_falcon_27 azione_RL=CommutativeCancellation
job=dj_indep_qiskit_3|ibm_falcon_27 azione_RL=OptimizeCliffords
job=dj_indep_qiskit_3|ibm_falcon_27 azione_RL=BasisTranslator
job=dj_indep_qiskit_3|ibm_falcon_27 azione_RL=CommutativeCancellation
job=dj_indep_qiskit_3|ibm_falcon_27 azione_RL=PeepholeOptimise2Q
job=dj_indep_qiskit_3|ibm_falcon_27 azione_RL=RemoveDiagonalGatesBeforeMeasure
job=dj_indep_qiskit_3|ibm_falcon_27 azione_RL=QiskitO3
job=dj_indep_qiskit_3|ibm_falcon_27 azione_RL=OptimizeCliffords
job=dj_indep_qiskit_3|ibm_falcon_27 azione_RL=QiskitO3
job=dj_indep_qiskit_3|ibm_falcon_27 azione_RL=CommutativeInverseCancellation
job=dj_indep_qiskit_3|ibm_falcon_27 azione_RL=Opt2qBlocks
job=dj_indep_qiskit_3|ibm_falcon_27 azione_RL=OptimizeCliffords
job=dj_indep_qiskit_3|ibm_falcon_27 azione_RL=CliffordSimp
job=dj_indep_qiskit_3|ibm_falcon_27 azione_RL=PeepholeOptimise2Q
job=dj_indep_qiskit_3|ibm_falcon_27 azione_RL=PeepholeOptimise2Q
job=dj_indep_qiskit_3|ibm_falcon_27 azione_RL=Opt2qBlocks
job=dj_indep_qiskit_3|ibm_falcon_27 azione_RL=PeepholeOptimise2Q
job=dj_indep_qiskit_3|ibm_falcon_27 azione_RL=OptimizeCliffords
job=dj_indep_qiskit_3|ibm_falcon_27 azione_RL=BasisTranslator
job=dj_indep_qiskit_3|ibm_falcon_27 azione_RL=Opt2qBlocks
job=dj_indep_qiskit_3|ibm_falcon_27 azione_RL=CommutativeInverseCancellation
job=dj_indep_qiskit_3|ibm_falcon_27 azione_RL=OptimizeCliffords
job=dj_indep_qiskit_3|ibm_falcon_27 azione_RL=RemoveRedundancies
job=dj_indep_qiskit_3|ibm_falcon_27 azione_RL=Opt2qBlocks
job=dj_indep_qiskit_3|ibm_falcon_27 azione_RL=PeepholeOptimise2Q
job=dj_indep_qiskit_3|ibm_falcon_27 azione_RL=QiskitO3
job=dj_indep_qiskit_3|ibm_falcon_27 azione_RL=RemoveRedundancies
job=dj_indep_qiskit_3|ibm_falcon_27 azione_RL=QiskitO3
job=dj_indep_qiskit_3|ibm_falcon_27 azione_RL=FullPeepholeOptimiseCX
job=dj_indep_qiskit_3|ibm_falcon_27 azione_RL=CliffordSimp
job=dj_indep_qiskit_3|ibm_falcon_27 azione_RL=BQSKitSynthesis
job=dj_indep_qiskit_3|ibm_falcon_27 azione_RL=Opt2qBlocks
job=dj_indep_qiskit_3|ibm_falcon_27 azione_RL=BasisTranslator
job=dj_indep_qiskit_3|ibm_falcon_27 azione_RL=Optimize1qGatesDecomposition
job=dj_indep_qiskit_3|ibm_falcon_27 azione_RL=Opt2qBlocks
job=dj_indep_qiskit_3|ibm_falcon_27 azione_RL=FullPeepholeOptimiseCX
job=dj_indep_qiskit_3|ibm_falcon_27 azione_RL=PeepholeOptimise2Q
job=dj_indep_qiskit_3|ibm_falcon_27 azione_RL=RemoveDiagonalGatesBeforeMeasure
job=dj_indep_qiskit_3|ibm_falcon_27 azione_RL=BQSKitO2
job=dj_indep_qiskit_3|ibm_falcon_27 azione_RL=OptimizeCliffords
job=dj_indep_qiskit_3|ibm_falcon_27 azione_RL=CommutativeInverseCancellation
job=dj_indep_qiskit_3|ibm_falcon_27 azione_RL=BQSKitO2
job=dj_indep_qiskit_3|ibm_falcon_27 fallback=QiskitO1
job=dj_indep_tket_3|ibm_falcon_27 azione_RL=Optimize1qGatesDecomposition
job=dj_indep_tket_3|ibm_falcon_27 azione_RL=RemoveDiagonalGatesBeforeMeasure
job=dj_indep_tket_3|ibm_falcon_27 azione_RL=FullPeepholeOptimiseCX
job=dj_indep_tket_3|ibm_falcon_27 azione_RL=OptimizeCliffords
job=dj_indep_tket_3|ibm_falcon_27 azione_RL=BQSKitSynthesis
job=dj_indep_tket_3|ibm_falcon_27 azione_RL=OptimizeCliffords
job=dj_indep_tket_3|ibm_falcon_27 azione_RL=BQSKitO2
job=dj_indep_tket_3|ibm_falcon_27 azione_RL=InverseCancellation
job=dj_indep_tket_3|ibm_falcon_27 azione_RL=CliffordSimp
job=dj_indep_tket_3|ibm_falcon_27 azione_RL=Optimize1qGatesDecomposition
job=dj_indep_tket_3|ibm_falcon_27 azione_RL=Optimize1qGatesDecomposition
job=dj_indep_tket_3|ibm_falcon_27 azione_RL=CliffordSimp
job=dj_indep_tket_3|ibm_falcon_27 azione_RL=CliffordSimp
job=dj_indep_tket_3|ibm_falcon_27 azione_RL=InverseCancellation
job=dj_indep_tket_3|ibm_falcon_27 azione_RL=PeepholeOptimise2Q
job=dj_indep_tket_3|ibm_falcon_27 azione_RL=FullPeepholeOptimiseCX
job=dj_indep_tket_3|ibm_falcon_27 azione_RL=BQSKitO2
job=dj_indep_tket_3|ibm_falcon_27 azione_RL=CommutativeInverseCancellation
job=dj_indep_tket_3|ibm_falcon_27 azione_RL=CliffordSimp
job=dj_indep_tket_3|ibm_falcon_27 azione_RL=BasisTranslator
job=dj_indep_tket_3|ibm_falcon_27 azione_RL=QiskitO3
job=dj_indep_tket_3|ibm_falcon_27 azione_RL=BQSKitO2
job=dj_indep_tket_3|ibm_falcon_27 azione_RL=RemoveDiagonalGatesBeforeMeasure
job=dj_indep_tket_3|ibm_falcon_27 azione_RL=Opt2qBlocks
job=dj_indep_tket_3|ibm_falcon_27 azione_RL=FullPeepholeOptimiseCX
job=dj_indep_tket_3|ibm_falcon_27 azione_RL=BasisTranslator
job=dj_indep_tket_3|ibm_falcon_27 azione_RL=CommutativeInverseCancellation
job=dj_indep_tket_3|ibm_falcon_27 azione_RL=RemoveDiagonalGatesBeforeMeasure
job=dj_indep_tket_3|ibm_falcon_27 azione_RL=CliffordSimp
job=dj_indep_tket_3|ibm_falcon_27 azione_RL=Optimize1qGatesDecomposition
job=dj_indep_tket_3|ibm_falcon_27 azione_RL=Optimize1qGatesDecomposition
job=dj_indep_tket_3|ibm_falcon_27 azione_RL=CliffordSimp
job=dj_indep_tket_3|ibm_falcon_27 azione_RL=Optimize1qGatesDecomposition
job=dj_indep_tket_3|ibm_falcon_27 azione_RL=InverseCancellation
job=dj_indep_tket_3|ibm_falcon_27 azione_RL=PeepholeOptimise2Q
job=dj_indep_tket_3|ibm_falcon_27 azione_RL=Optimize1qGatesDecomposition
job=dj_indep_tket_3|ibm_falcon_27 azione_RL=RemoveDiagonalGatesBeforeMeasure
job=dj_indep_tket_3|ibm_falcon_27 azione_RL=PeepholeOptimise2Q
job=dj_indep_tket_3|ibm_falcon_27 azione_RL=Opt2qBlocks
job=dj_indep_tket_3|ibm_falcon_27 azione_RL=BQSKitSynthesis
job=dj_indep_tket_3|ibm_falcon_27 azione_RL=OptimizeCliffords
job=dj_indep_tket_3|ibm_falcon_27 azione_RL=Opt2qBlocks
job=dj_indep_tket_3|ibm_falcon_27 azione_RL=QiskitO3
job=dj_indep_tket_3|ibm_falcon_27 azione_RL=RemoveDiagonalGatesBeforeMeasure
job=dj_indep_tket_3|ibm_falcon_27 azione_RL=Optimize1qGatesDecomposition
job=dj_indep_tket_3|ibm_falcon_27 azione_RL=CommutativeInverseCancellation
job=dj_indep_tket_3|ibm_falcon_27 azione_RL=CommutativeInverseCancellation
job=dj_indep_tket_3|ibm_falcon_27 azione_RL=CliffordSimp
job=dj_indep_tket_3|ibm_falcon_27 azione_RL=BasisTranslator
job=dj_indep_tket_3|ibm_falcon_27 azione_RL=QiskitO3
job=dj_indep_tket_3|ibm_falcon_27 azione_RL=Opt2qBlocks
job=dj_indep_tket_3|ibm_falcon_27 azione_RL=CommutativeCancellation
job=dj_indep_tket_3|ibm_falcon_27 azione_RL=QiskitO3
job=dj_indep_tket_3|ibm_falcon_27 azione_RL=CliffordSimp
job=dj_indep_tket_3|ibm_falcon_27 azione_RL=OptimizeCliffords
job=dj_indep_tket_3|ibm_falcon_27 azione_RL=PeepholeOptimise2Q
job=dj_indep_tket_3|ibm_falcon_27 azione_RL=CliffordSimp
job=dj_indep_tket_3|ibm_falcon_27 azione_RL=CommutativeInverseCancellation
job=dj_indep_tket_3|ibm_falcon_27 azione_RL=FullPeepholeOptimiseCX
job=dj_indep_tket_3|ibm_falcon_27 azione_RL=CommutativeCancellation
job=dj_indep_tket_3|ibm_falcon_27 azione_RL=CliffordSimp
job=dj_indep_tket_3|ibm_falcon_27 azione_RL=CommutativeCancellation
job=dj_indep_tket_3|ibm_falcon_27 azione_RL=OptimizeCliffords
job=dj_indep_tket_3|ibm_falcon_27 azione_RL=BasisTranslator
job=dj_indep_tket_3|ibm_falcon_27 azione_RL=CommutativeCancellation
job=dj_indep_tket_3|ibm_falcon_27 azione_RL=PeepholeOptimise2Q
job=dj_indep_tket_3|ibm_falcon_27 azione_RL=RemoveDiagonalGatesBeforeMeasure
job=dj_indep_tket_3|ibm_falcon_27 azione_RL=QiskitO3
job=dj_indep_tket_3|ibm_falcon_27 azione_RL=OptimizeCliffords
job=dj_indep_tket_3|ibm_falcon_27 azione_RL=QiskitO3
job=dj_indep_tket_3|ibm_falcon_27 azione_RL=CommutativeInverseCancellation
job=dj_indep_tket_3|ibm_falcon_27 azione_RL=Opt2qBlocks
job=dj_indep_tket_3|ibm_falcon_27 azione_RL=OptimizeCliffords
job=dj_indep_tket_3|ibm_falcon_27 azione_RL=CliffordSimp
job=dj_indep_tket_3|ibm_falcon_27 azione_RL=PeepholeOptimise2Q
job=dj_indep_tket_3|ibm_falcon_27 azione_RL=PeepholeOptimise2Q
job=dj_indep_tket_3|ibm_falcon_27 azione_RL=Opt2qBlocks
job=dj_indep_tket_3|ibm_falcon_27 azione_RL=PeepholeOptimise2Q
job=dj_indep_tket_3|ibm_falcon_27 azione_RL=OptimizeCliffords
job=dj_indep_tket_3|ibm_falcon_27 azione_RL=BasisTranslator
job=dj_indep_tket_3|ibm_falcon_27 azione_RL=Opt2qBlocks
job=dj_indep_tket_3|ibm_falcon_27 azione_RL=CommutativeInverseCancellation
job=dj_indep_tket_3|ibm_falcon_27 azione_RL=OptimizeCliffords
job=dj_indep_tket_3|ibm_falcon_27 azione_RL=RemoveRedundancies
job=dj_indep_tket_3|ibm_falcon_27 azione_RL=Opt2qBlocks
job=dj_indep_tket_3|ibm_falcon_27 azione_RL=PeepholeOptimise2Q
job=dj_indep_tket_3|ibm_falcon_27 azione_RL=QiskitO3
job=dj_indep_tket_3|ibm_falcon_27 azione_RL=RemoveRedundancies
job=dj_indep_tket_3|ibm_falcon_27 azione_RL=QiskitO3
job=dj_indep_tket_3|ibm_falcon_27 azione_RL=FullPeepholeOptimiseCX
job=dj_indep_tket_3|ibm_falcon_27 azione_RL=CliffordSimp
job=dj_indep_tket_3|ibm_falcon_27 azione_RL=BQSKitSynthesis
job=dj_indep_tket_3|ibm_falcon_27 azione_RL=Opt2qBlocks
job=dj_indep_tket_3|ibm_falcon_27 azione_RL=BasisTranslator
job=dj_indep_tket_3|ibm_falcon_27 azione_RL=Optimize1qGatesDecomposition
job=dj_indep_tket_3|ibm_falcon_27 azione_RL=Opt2qBlocks
job=dj_indep_tket_3|ibm_falcon_27 azione_RL=FullPeepholeOptimiseCX
job=dj_indep_tket_3|ibm_falcon_27 azione_RL=PeepholeOptimise2Q
job=dj_indep_tket_3|ibm_falcon_27 azione_RL=RemoveDiagonalGatesBeforeMeasure
job=dj_indep_tket_3|ibm_falcon_27 azione_RL=BQSKitO2
job=dj_indep_tket_3|ibm_falcon_27 azione_RL=OptimizeCliffords
job=dj_indep_tket_3|ibm_falcon_27 azione_RL=CommutativeInverseCancellation
job=dj_indep_tket_3|ibm_falcon_27 azione_RL=BQSKitO2
job=dj_indep_tket_3|ibm_falcon_27 azione_RL=Optimize1qGatesDecomposition
job=dj_indep_tket_3|ibm_falcon_27 azione_RL=PeepholeOptimise2Q
job=dj_indep_tket_3|ibm_falcon_27 azione_RL=BasisTranslator
job=dj_indep_tket_3|ibm_falcon_27 azione_RL=QiskitO3
job=dj_indep_tket_3|ibm_falcon_27 azione_RL=FullPeepholeOptimiseCX
job=dj_indep_tket_3|ibm_falcon_27 azione_RL=CommutativeCancellation
job=dj_indep_tket_3|ibm_falcon_27 azione_RL=RemoveRedundancies
job=dj_indep_tket_3|ibm_falcon_27 azione_RL=BQSKitO2
job=dj_indep_tket_3|ibm_falcon_27 fallback=QiskitO1
job=graphstate_indep_qiskit_3|ibm_falcon_27 azione_RL=Optimize1qGatesDecomposition
job=graphstate_indep_qiskit_3|ibm_falcon_27 azione_RL=RemoveDiagonalGatesBeforeMeasure
job=graphstate_indep_qiskit_3|ibm_falcon_27 azione_RL=FullPeepholeOptimiseCX
job=graphstate_indep_qiskit_3|ibm_falcon_27 azione_RL=OptimizeCliffords
job=graphstate_indep_qiskit_3|ibm_falcon_27 azione_RL=BQSKitSynthesis
job=graphstate_indep_qiskit_3|ibm_falcon_27 azione_RL=OptimizeCliffords
job=graphstate_indep_qiskit_3|ibm_falcon_27 azione_RL=BQSKitO2
job=graphstate_indep_qiskit_3|ibm_falcon_27 azione_RL=InverseCancellation
job=graphstate_indep_qiskit_3|ibm_falcon_27 azione_RL=CliffordSimp
job=graphstate_indep_qiskit_3|ibm_falcon_27 azione_RL=Optimize1qGatesDecomposition
job=graphstate_indep_qiskit_3|ibm_falcon_27 azione_RL=Optimize1qGatesDecomposition
job=graphstate_indep_qiskit_3|ibm_falcon_27 azione_RL=CliffordSimp
job=graphstate_indep_qiskit_3|ibm_falcon_27 azione_RL=CliffordSimp
job=graphstate_indep_qiskit_3|ibm_falcon_27 azione_RL=InverseCancellation
job=graphstate_indep_qiskit_3|ibm_falcon_27 azione_RL=PeepholeOptimise2Q
job=graphstate_indep_qiskit_3|ibm_falcon_27 azione_RL=FullPeepholeOptimiseCX
job=graphstate_indep_qiskit_3|ibm_falcon_27 azione_RL=BQSKitO2
job=graphstate_indep_qiskit_3|ibm_falcon_27 azione_RL=CommutativeInverseCancellation
job=graphstate_indep_qiskit_3|ibm_falcon_27 azione_RL=CliffordSimp
job=graphstate_indep_qiskit_3|ibm_falcon_27 azione_RL=BasisTranslator
job=graphstate_indep_qiskit_3|ibm_falcon_27 azione_RL=QiskitO3
job=graphstate_indep_qiskit_3|ibm_falcon_27 azione_RL=BQSKitO2
job=graphstate_indep_qiskit_3|ibm_falcon_27 azione_RL=RemoveDiagonalGatesBeforeMeasure
job=graphstate_indep_qiskit_3|ibm_falcon_27 azione_RL=Opt2qBlocks
job=graphstate_indep_qiskit_3|ibm_falcon_27 azione_RL=FullPeepholeOptimiseCX
job=graphstate_indep_qiskit_3|ibm_falcon_27 azione_RL=BasisTranslator
job=graphstate_indep_qiskit_3|ibm_falcon_27 azione_RL=CommutativeInverseCancellation
job=graphstate_indep_qiskit_3|ibm_falcon_27 azione_RL=RemoveDiagonalGatesBeforeMeasure
job=graphstate_indep_qiskit_3|ibm_falcon_27 azione_RL=CliffordSimp
job=graphstate_indep_qiskit_3|ibm_falcon_27 azione_RL=Optimize1qGatesDecomposition
job=graphstate_indep_qiskit_3|ibm_falcon_27 azione_RL=Optimize1qGatesDecomposition
job=graphstate_indep_qiskit_3|ibm_falcon_27 azione_RL=CliffordSimp
job=graphstate_indep_qiskit_3|ibm_falcon_27 azione_RL=Optimize1qGatesDecomposition
job=graphstate_indep_qiskit_3|ibm_falcon_27 azione_RL=InverseCancellation
job=graphstate_indep_qiskit_3|ibm_falcon_27 azione_RL=PeepholeOptimise2Q
job=graphstate_indep_qiskit_3|ibm_falcon_27 azione_RL=Optimize1qGatesDecomposition
job=graphstate_indep_qiskit_3|ibm_falcon_27 azione_RL=RemoveDiagonalGatesBeforeMeasure
job=graphstate_indep_qiskit_3|ibm_falcon_27 azione_RL=PeepholeOptimise2Q
job=graphstate_indep_qiskit_3|ibm_falcon_27 azione_RL=Opt2qBlocks
job=graphstate_indep_qiskit_3|ibm_falcon_27 azione_RL=BQSKitSynthesis
job=graphstate_indep_qiskit_3|ibm_falcon_27 azione_RL=OptimizeCliffords
job=graphstate_indep_qiskit_3|ibm_falcon_27 azione_RL=Opt2qBlocks
job=graphstate_indep_qiskit_3|ibm_falcon_27 azione_RL=QiskitO3
job=graphstate_indep_qiskit_3|ibm_falcon_27 azione_RL=RemoveDiagonalGatesBeforeMeasure
job=graphstate_indep_qiskit_3|ibm_falcon_27 azione_RL=Optimize1qGatesDecomposition
job=graphstate_indep_qiskit_3|ibm_falcon_27 azione_RL=CommutativeInverseCancellation
job=graphstate_indep_qiskit_3|ibm_falcon_27 azione_RL=CommutativeInverseCancellation
job=graphstate_indep_qiskit_3|ibm_falcon_27 azione_RL=CliffordSimp
job=graphstate_indep_qiskit_3|ibm_falcon_27 azione_RL=BasisTranslator
job=graphstate_indep_qiskit_3|ibm_falcon_27 azione_RL=QiskitO3
job=graphstate_indep_qiskit_3|ibm_falcon_27 azione_RL=Opt2qBlocks
job=graphstate_indep_qiskit_3|ibm_falcon_27 azione_RL=CommutativeCancellation
job=graphstate_indep_qiskit_3|ibm_falcon_27 azione_RL=QiskitO3
job=graphstate_indep_qiskit_3|ibm_falcon_27 azione_RL=CliffordSimp
job=graphstate_indep_qiskit_3|ibm_falcon_27 azione_RL=OptimizeCliffords
job=graphstate_indep_qiskit_3|ibm_falcon_27 azione_RL=PeepholeOptimise2Q
job=graphstate_indep_qiskit_3|ibm_falcon_27 azione_RL=CliffordSimp
job=graphstate_indep_qiskit_3|ibm_falcon_27 azione_RL=CommutativeInverseCancellation
job=graphstate_indep_qiskit_3|ibm_falcon_27 azione_RL=FullPeepholeOptimiseCX
job=graphstate_indep_qiskit_3|ibm_falcon_27 azione_RL=CommutativeCancellation
job=graphstate_indep_qiskit_3|ibm_falcon_27 azione_RL=CliffordSimp
job=graphstate_indep_qiskit_3|ibm_falcon_27 azione_RL=CommutativeCancellation
job=graphstate_indep_qiskit_3|ibm_falcon_27 azione_RL=OptimizeCliffords
job=graphstate_indep_qiskit_3|ibm_falcon_27 azione_RL=BasisTranslator
job=graphstate_indep_qiskit_3|ibm_falcon_27 azione_RL=CommutativeCancellation
job=graphstate_indep_qiskit_3|ibm_falcon_27 azione_RL=PeepholeOptimise2Q
job=graphstate_indep_qiskit_3|ibm_falcon_27 azione_RL=RemoveDiagonalGatesBeforeMeasure
job=graphstate_indep_qiskit_3|ibm_falcon_27 azione_RL=QiskitO3
job=graphstate_indep_qiskit_3|ibm_falcon_27 azione_RL=OptimizeCliffords
job=graphstate_indep_qiskit_3|ibm_falcon_27 azione_RL=QiskitO3
job=graphstate_indep_qiskit_3|ibm_falcon_27 azione_RL=CommutativeInverseCancellation
job=graphstate_indep_qiskit_3|ibm_falcon_27 azione_RL=Opt2qBlocks
job=graphstate_indep_qiskit_3|ibm_falcon_27 azione_RL=OptimizeCliffords
job=graphstate_indep_qiskit_3|ibm_falcon_27 azione_RL=CliffordSimp
job=graphstate_indep_qiskit_3|ibm_falcon_27 azione_RL=PeepholeOptimise2Q
job=graphstate_indep_qiskit_3|ibm_falcon_27 azione_RL=PeepholeOptimise2Q
job=graphstate_indep_qiskit_3|ibm_falcon_27 azione_RL=Opt2qBlocks
job=graphstate_indep_qiskit_3|ibm_falcon_27 azione_RL=PeepholeOptimise2Q
job=graphstate_indep_qiskit_3|ibm_falcon_27 azione_RL=OptimizeCliffords
job=graphstate_indep_qiskit_3|ibm_falcon_27 azione_RL=BasisTranslator
job=graphstate_indep_qiskit_3|ibm_falcon_27 azione_RL=Opt2qBlocks
job=graphstate_indep_qiskit_3|ibm_falcon_27 azione_RL=CommutativeInverseCancellation
job=graphstate_indep_qiskit_3|ibm_falcon_27 azione_RL=OptimizeCliffords
job=graphstate_indep_qiskit_3|ibm_falcon_27 azione_RL=RemoveRedundancies
job=graphstate_indep_qiskit_3|ibm_falcon_27 azione_RL=Opt2qBlocks
job=graphstate_indep_qiskit_3|ibm_falcon_27 azione_RL=PeepholeOptimise2Q
job=graphstate_indep_qiskit_3|ibm_falcon_27 azione_RL=QiskitO3
job=graphstate_indep_qiskit_3|ibm_falcon_27 azione_RL=RemoveRedundancies
job=graphstate_indep_qiskit_3|ibm_falcon_27 azione_RL=QiskitO3
job=graphstate_indep_qiskit_3|ibm_falcon_27 azione_RL=FullPeepholeOptimiseCX
job=graphstate_indep_qiskit_3|ibm_falcon_27 azione_RL=CliffordSimp
job=graphstate_indep_qiskit_3|ibm_falcon_27 azione_RL=BQSKitSynthesis
job=graphstate_indep_qiskit_3|ibm_falcon_27 azione_RL=Opt2qBlocks
job=graphstate_indep_qiskit_3|ibm_falcon_27 azione_RL=BasisTranslator
job=graphstate_indep_qiskit_3|ibm_falcon_27 azione_RL=Optimize1qGatesDecomposition
job=graphstate_indep_qiskit_3|ibm_falcon_27 azione_RL=Opt2qBlocks
job=graphstate_indep_qiskit_3|ibm_falcon_27 azione_RL=FullPeepholeOptimiseCX
job=graphstate_indep_qiskit_3|ibm_falcon_27 azione_RL=PeepholeOptimise2Q
job=graphstate_indep_qiskit_3|ibm_falcon_27 azione_RL=RemoveDiagonalGatesBeforeMeasure
job=graphstate_indep_qiskit_3|ibm_falcon_27 azione_RL=BQSKitO2
job=graphstate_indep_qiskit_3|ibm_falcon_27 azione_RL=OptimizeCliffords
job=graphstate_indep_qiskit_3|ibm_falcon_27 azione_RL=CommutativeInverseCancellation
job=graphstate_indep_qiskit_3|ibm_falcon_27 azione_RL=BQSKitO2
job=graphstate_indep_qiskit_3|ibm_falcon_27 fallback=QiskitO1
job=graphstate_indep_tket_3|ibm_falcon_27 azione_RL=Optimize1qGatesDecomposition
job=graphstate_indep_tket_3|ibm_falcon_27 azione_RL=RemoveDiagonalGatesBeforeMeasure
job=graphstate_indep_tket_3|ibm_falcon_27 azione_RL=FullPeepholeOptimiseCX
job=graphstate_indep_tket_3|ibm_falcon_27 azione_RL=OptimizeCliffords
job=graphstate_indep_tket_3|ibm_falcon_27 azione_RL=BQSKitSynthesis
job=graphstate_indep_tket_3|ibm_falcon_27 azione_RL=OptimizeCliffords
job=graphstate_indep_tket_3|ibm_falcon_27 azione_RL=BQSKitO2
job=graphstate_indep_tket_3|ibm_falcon_27 azione_RL=InverseCancellation
job=graphstate_indep_tket_3|ibm_falcon_27 azione_RL=CliffordSimp
job=graphstate_indep_tket_3|ibm_falcon_27 azione_RL=Optimize1qGatesDecomposition
job=graphstate_indep_tket_3|ibm_falcon_27 azione_RL=Optimize1qGatesDecomposition
job=graphstate_indep_tket_3|ibm_falcon_27 azione_RL=CliffordSimp
job=graphstate_indep_tket_3|ibm_falcon_27 azione_RL=CliffordSimp
job=graphstate_indep_tket_3|ibm_falcon_27 azione_RL=InverseCancellation
job=graphstate_indep_tket_3|ibm_falcon_27 azione_RL=PeepholeOptimise2Q
job=graphstate_indep_tket_3|ibm_falcon_27 azione_RL=FullPeepholeOptimiseCX
job=graphstate_indep_tket_3|ibm_falcon_27 azione_RL=BQSKitO2
job=graphstate_indep_tket_3|ibm_falcon_27 azione_RL=CommutativeInverseCancellation
job=graphstate_indep_tket_3|ibm_falcon_27 azione_RL=CliffordSimp
job=graphstate_indep_tket_3|ibm_falcon_27 azione_RL=BasisTranslator
job=graphstate_indep_tket_3|ibm_falcon_27 azione_RL=QiskitO3
job=graphstate_indep_tket_3|ibm_falcon_27 azione_RL=BQSKitO2
job=graphstate_indep_tket_3|ibm_falcon_27 azione_RL=RemoveDiagonalGatesBeforeMeasure
job=graphstate_indep_tket_3|ibm_falcon_27 azione_RL=Opt2qBlocks
job=graphstate_indep_tket_3|ibm_falcon_27 azione_RL=FullPeepholeOptimiseCX
job=graphstate_indep_tket_3|ibm_falcon_27 azione_RL=BasisTranslator
job=graphstate_indep_tket_3|ibm_falcon_27 azione_RL=CommutativeInverseCancellation
job=graphstate_indep_tket_3|ibm_falcon_27 azione_RL=RemoveDiagonalGatesBeforeMeasure
job=graphstate_indep_tket_3|ibm_falcon_27 azione_RL=CliffordSimp
job=graphstate_indep_tket_3|ibm_falcon_27 azione_RL=Optimize1qGatesDecomposition
job=graphstate_indep_tket_3|ibm_falcon_27 azione_RL=Optimize1qGatesDecomposition
job=graphstate_indep_tket_3|ibm_falcon_27 azione_RL=CliffordSimp
job=graphstate_indep_tket_3|ibm_falcon_27 azione_RL=Optimize1qGatesDecomposition
job=graphstate_indep_tket_3|ibm_falcon_27 azione_RL=InverseCancellation
job=graphstate_indep_tket_3|ibm_falcon_27 azione_RL=PeepholeOptimise2Q
job=graphstate_indep_tket_3|ibm_falcon_27 azione_RL=Optimize1qGatesDecomposition
job=graphstate_indep_tket_3|ibm_falcon_27 azione_RL=RemoveDiagonalGatesBeforeMeasure
job=graphstate_indep_tket_3|ibm_falcon_27 azione_RL=PeepholeOptimise2Q
job=graphstate_indep_tket_3|ibm_falcon_27 azione_RL=Opt2qBlocks
job=graphstate_indep_tket_3|ibm_falcon_27 azione_RL=BQSKitSynthesis
job=graphstate_indep_tket_3|ibm_falcon_27 azione_RL=OptimizeCliffords
job=graphstate_indep_tket_3|ibm_falcon_27 azione_RL=Opt2qBlocks
job=graphstate_indep_tket_3|ibm_falcon_27 azione_RL=QiskitO3
job=graphstate_indep_tket_3|ibm_falcon_27 azione_RL=RemoveDiagonalGatesBeforeMeasure
job=graphstate_indep_tket_3|ibm_falcon_27 azione_RL=Optimize1qGatesDecomposition
job=graphstate_indep_tket_3|ibm_falcon_27 azione_RL=CommutativeInverseCancellation
job=graphstate_indep_tket_3|ibm_falcon_27 azione_RL=CommutativeInverseCancellation
job=graphstate_indep_tket_3|ibm_falcon_27 azione_RL=CliffordSimp
job=graphstate_indep_tket_3|ibm_falcon_27 azione_RL=BasisTranslator
job=graphstate_indep_tket_3|ibm_falcon_27 azione_RL=QiskitO3
job=graphstate_indep_tket_3|ibm_falcon_27 azione_RL=Opt2qBlocks
job=graphstate_indep_tket_3|ibm_falcon_27 azione_RL=CommutativeCancellation
job=graphstate_indep_tket_3|ibm_falcon_27 azione_RL=QiskitO3
job=graphstate_indep_tket_3|ibm_falcon_27 azione_RL=CliffordSimp
job=graphstate_indep_tket_3|ibm_falcon_27 azione_RL=OptimizeCliffords
job=graphstate_indep_tket_3|ibm_falcon_27 azione_RL=PeepholeOptimise2Q
job=graphstate_indep_tket_3|ibm_falcon_27 azione_RL=CliffordSimp
job=graphstate_indep_tket_3|ibm_falcon_27 azione_RL=CommutativeInverseCancellation
job=graphstate_indep_tket_3|ibm_falcon_27 azione_RL=FullPeepholeOptimiseCX
job=graphstate_indep_tket_3|ibm_falcon_27 azione_RL=CommutativeCancellation
job=graphstate_indep_tket_3|ibm_falcon_27 azione_RL=CliffordSimp
job=graphstate_indep_tket_3|ibm_falcon_27 azione_RL=CommutativeCancellation
job=graphstate_indep_tket_3|ibm_falcon_27 azione_RL=OptimizeCliffords
job=graphstate_indep_tket_3|ibm_falcon_27 azione_RL=BasisTranslator
job=graphstate_indep_tket_3|ibm_falcon_27 azione_RL=CommutativeCancellation
job=graphstate_indep_tket_3|ibm_falcon_27 azione_RL=PeepholeOptimise2Q
job=graphstate_indep_tket_3|ibm_falcon_27 azione_RL=RemoveDiagonalGatesBeforeMeasure
job=graphstate_indep_tket_3|ibm_falcon_27 azione_RL=QiskitO3
job=graphstate_indep_tket_3|ibm_falcon_27 azione_RL=OptimizeCliffords
job=graphstate_indep_tket_3|ibm_falcon_27 azione_RL=QiskitO3
job=graphstate_indep_tket_3|ibm_falcon_27 azione_RL=CommutativeInverseCancellation
job=graphstate_indep_tket_3|ibm_falcon_27 azione_RL=Opt2qBlocks
job=graphstate_indep_tket_3|ibm_falcon_27 azione_RL=OptimizeCliffords
job=graphstate_indep_tket_3|ibm_falcon_27 azione_RL=CliffordSimp
job=graphstate_indep_tket_3|ibm_falcon_27 azione_RL=PeepholeOptimise2Q
job=graphstate_indep_tket_3|ibm_falcon_27 azione_RL=PeepholeOptimise2Q
job=graphstate_indep_tket_3|ibm_falcon_27 azione_RL=Opt2qBlocks
job=graphstate_indep_tket_3|ibm_falcon_27 azione_RL=PeepholeOptimise2Q
job=graphstate_indep_tket_3|ibm_falcon_27 azione_RL=OptimizeCliffords
job=graphstate_indep_tket_3|ibm_falcon_27 azione_RL=BasisTranslator
job=graphstate_indep_tket_3|ibm_falcon_27 azione_RL=Opt2qBlocks
job=graphstate_indep_tket_3|ibm_falcon_27 azione_RL=CommutativeInverseCancellation
job=graphstate_indep_tket_3|ibm_falcon_27 azione_RL=OptimizeCliffords
job=graphstate_indep_tket_3|ibm_falcon_27 azione_RL=RemoveRedundancies
job=graphstate_indep_tket_3|ibm_falcon_27 azione_RL=Opt2qBlocks
job=graphstate_indep_tket_3|ibm_falcon_27 azione_RL=PeepholeOptimise2Q
job=graphstate_indep_tket_3|ibm_falcon_27 azione_RL=QiskitO3
job=graphstate_indep_tket_3|ibm_falcon_27 azione_RL=RemoveRedundancies
job=graphstate_indep_tket_3|ibm_falcon_27 azione_RL=QiskitO3
job=graphstate_indep_tket_3|ibm_falcon_27 azione_RL=FullPeepholeOptimiseCX
job=graphstate_indep_tket_3|ibm_falcon_27 azione_RL=CliffordSimp
job=graphstate_indep_tket_3|ibm_falcon_27 azione_RL=BQSKitSynthesis
job=graphstate_indep_tket_3|ibm_falcon_27 azione_RL=Opt2qBlocks
job=graphstate_indep_tket_3|ibm_falcon_27 azione_RL=BasisTranslator
job=graphstate_indep_tket_3|ibm_falcon_27 azione_RL=Optimize1qGatesDecomposition
job=graphstate_indep_tket_3|ibm_falcon_27 azione_RL=Opt2qBlocks
job=graphstate_indep_tket_3|ibm_falcon_27 azione_RL=FullPeepholeOptimiseCX
job=graphstate_indep_tket_3|ibm_falcon_27 azione_RL=PeepholeOptimise2Q
job=graphstate_indep_tket_3|ibm_falcon_27 azione_RL=RemoveDiagonalGatesBeforeMeasure
job=graphstate_indep_tket_3|ibm_falcon_27 azione_RL=BQSKitO2
job=graphstate_indep_tket_3|ibm_falcon_27 azione_RL=OptimizeCliffords
job=graphstate_indep_tket_3|ibm_falcon_27 azione_RL=CommutativeInverseCancellation
job=graphstate_indep_tket_3|ibm_falcon_27 azione_RL=BQSKitO2
job=graphstate_indep_tket_3|ibm_falcon_27 azione_RL=Optimize1qGatesDecomposition
job=graphstate_indep_tket_3|ibm_falcon_27 azione_RL=PeepholeOptimise2Q
job=graphstate_indep_tket_3|ibm_falcon_27 azione_RL=BasisTranslator
job=graphstate_indep_tket_3|ibm_falcon_27 azione_RL=QiskitO3
job=graphstate_indep_tket_3|ibm_falcon_27 azione_RL=FullPeepholeOptimiseCX
job=graphstate_indep_tket_3|ibm_falcon_27 azione_RL=CommutativeCancellation
job=graphstate_indep_tket_3|ibm_falcon_27 azione_RL=RemoveRedundancies
job=graphstate_indep_tket_3|ibm_falcon_27 azione_RL=BQSKitO2
job=graphstate_indep_tket_3|ibm_falcon_27 fallback=QiskitO1
job=portfolioqaoa_indep_qiskit_3|ibm_falcon_27 azione_RL=Optimize1qGatesDecomposition
job=portfolioqaoa_indep_qiskit_3|ibm_falcon_27 azione_RL=RemoveDiagonalGatesBeforeMeasure
job=portfolioqaoa_indep_qiskit_3|ibm_falcon_27 azione_RL=FullPeepholeOptimiseCX
job=portfolioqaoa_indep_qiskit_3|ibm_falcon_27 azione_RL=OptimizeCliffords
job=portfolioqaoa_indep_qiskit_3|ibm_falcon_27 azione_RL=BQSKitSynthesis
job=portfolioqaoa_indep_qiskit_3|ibm_falcon_27 azione_RL=OptimizeCliffords
job=portfolioqaoa_indep_qiskit_3|ibm_falcon_27 azione_RL=BQSKitO2
job=portfolioqaoa_indep_qiskit_3|ibm_falcon_27 azione_RL=InverseCancellation
job=portfolioqaoa_indep_qiskit_3|ibm_falcon_27 azione_RL=CliffordSimp
job=portfolioqaoa_indep_qiskit_3|ibm_falcon_27 azione_RL=Optimize1qGatesDecomposition
job=portfolioqaoa_indep_qiskit_3|ibm_falcon_27 azione_RL=Optimize1qGatesDecomposition
job=portfolioqaoa_indep_qiskit_3|ibm_falcon_27 azione_RL=CliffordSimp
job=portfolioqaoa_indep_qiskit_3|ibm_falcon_27 azione_RL=CliffordSimp
job=portfolioqaoa_indep_qiskit_3|ibm_falcon_27 azione_RL=InverseCancellation
job=portfolioqaoa_indep_qiskit_3|ibm_falcon_27 azione_RL=PeepholeOptimise2Q
job=portfolioqaoa_indep_qiskit_3|ibm_falcon_27 azione_RL=FullPeepholeOptimiseCX
job=portfolioqaoa_indep_qiskit_3|ibm_falcon_27 azione_RL=BQSKitO2
job=portfolioqaoa_indep_qiskit_3|ibm_falcon_27 azione_RL=CommutativeInverseCancellation
job=portfolioqaoa_indep_qiskit_3|ibm_falcon_27 azione_RL=CliffordSimp
job=portfolioqaoa_indep_qiskit_3|ibm_falcon_27 azione_RL=BasisTranslator
job=portfolioqaoa_indep_qiskit_3|ibm_falcon_27 azione_RL=QiskitO3
job=portfolioqaoa_indep_qiskit_3|ibm_falcon_27 azione_RL=BQSKitO2
job=portfolioqaoa_indep_qiskit_3|ibm_falcon_27 azione_RL=RemoveDiagonalGatesBeforeMeasure
job=portfolioqaoa_indep_qiskit_3|ibm_falcon_27 azione_RL=Opt2qBlocks
job=portfolioqaoa_indep_qiskit_3|ibm_falcon_27 azione_RL=FullPeepholeOptimiseCX
job=portfolioqaoa_indep_qiskit_3|ibm_falcon_27 azione_RL=BasisTranslator
job=portfolioqaoa_indep_qiskit_3|ibm_falcon_27 azione_RL=CommutativeInverseCancellation
job=portfolioqaoa_indep_qiskit_3|ibm_falcon_27 azione_RL=RemoveDiagonalGatesBeforeMeasure
job=portfolioqaoa_indep_qiskit_3|ibm_falcon_27 azione_RL=CliffordSimp
job=portfolioqaoa_indep_qiskit_3|ibm_falcon_27 azione_RL=Optimize1qGatesDecomposition
job=portfolioqaoa_indep_qiskit_3|ibm_falcon_27 azione_RL=Optimize1qGatesDecomposition
job=portfolioqaoa_indep_qiskit_3|ibm_falcon_27 azione_RL=CliffordSimp
job=portfolioqaoa_indep_qiskit_3|ibm_falcon_27 azione_RL=Optimize1qGatesDecomposition
job=portfolioqaoa_indep_qiskit_3|ibm_falcon_27 azione_RL=InverseCancellation
job=portfolioqaoa_indep_qiskit_3|ibm_falcon_27 azione_RL=PeepholeOptimise2Q
job=portfolioqaoa_indep_qiskit_3|ibm_falcon_27 azione_RL=Optimize1qGatesDecomposition
job=portfolioqaoa_indep_qiskit_3|ibm_falcon_27 azione_RL=RemoveDiagonalGatesBeforeMeasure
job=portfolioqaoa_indep_qiskit_3|ibm_falcon_27 azione_RL=PeepholeOptimise2Q
job=portfolioqaoa_indep_qiskit_3|ibm_falcon_27 azione_RL=Opt2qBlocks
job=portfolioqaoa_indep_qiskit_3|ibm_falcon_27 azione_RL=BQSKitSynthesis
job=portfolioqaoa_indep_qiskit_3|ibm_falcon_27 azione_RL=OptimizeCliffords
job=portfolioqaoa_indep_qiskit_3|ibm_falcon_27 azione_RL=Opt2qBlocks
job=portfolioqaoa_indep_qiskit_3|ibm_falcon_27 azione_RL=QiskitO3
job=portfolioqaoa_indep_qiskit_3|ibm_falcon_27 azione_RL=RemoveDiagonalGatesBeforeMeasure
job=portfolioqaoa_indep_qiskit_3|ibm_falcon_27 azione_RL=Optimize1qGatesDecomposition
job=portfolioqaoa_indep_qiskit_3|ibm_falcon_27 azione_RL=CommutativeInverseCancellation
job=portfolioqaoa_indep_qiskit_3|ibm_falcon_27 azione_RL=CommutativeInverseCancellation
job=portfolioqaoa_indep_qiskit_3|ibm_falcon_27 azione_RL=CliffordSimp
job=portfolioqaoa_indep_qiskit_3|ibm_falcon_27 azione_RL=PeepholeOptimise2Q
job=portfolioqaoa_indep_qiskit_3|ibm_falcon_27 azione_RL=QiskitO3
job=portfolioqaoa_indep_qiskit_3|ibm_falcon_27 azione_RL=Opt2qBlocks
job=portfolioqaoa_indep_qiskit_3|ibm_falcon_27 azione_RL=CommutativeCancellation
job=portfolioqaoa_indep_qiskit_3|ibm_falcon_27 azione_RL=QiskitO3
job=portfolioqaoa_indep_qiskit_3|ibm_falcon_27 azione_RL=CliffordSimp
job=portfolioqaoa_indep_qiskit_3|ibm_falcon_27 azione_RL=OptimizeCliffords
job=portfolioqaoa_indep_qiskit_3|ibm_falcon_27 azione_RL=PeepholeOptimise2Q
job=portfolioqaoa_indep_qiskit_3|ibm_falcon_27 azione_RL=CliffordSimp
job=portfolioqaoa_indep_qiskit_3|ibm_falcon_27 azione_RL=CommutativeInverseCancellation
job=portfolioqaoa_indep_qiskit_3|ibm_falcon_27 azione_RL=FullPeepholeOptimiseCX
job=portfolioqaoa_indep_qiskit_3|ibm_falcon_27 azione_RL=CommutativeCancellation
job=portfolioqaoa_indep_qiskit_3|ibm_falcon_27 azione_RL=CliffordSimp
job=portfolioqaoa_indep_qiskit_3|ibm_falcon_27 azione_RL=CommutativeCancellation
job=portfolioqaoa_indep_qiskit_3|ibm_falcon_27 azione_RL=OptimizeCliffords
job=portfolioqaoa_indep_qiskit_3|ibm_falcon_27 azione_RL=BasisTranslator
job=portfolioqaoa_indep_qiskit_3|ibm_falcon_27 azione_RL=CommutativeCancellation
job=portfolioqaoa_indep_qiskit_3|ibm_falcon_27 azione_RL=PeepholeOptimise2Q
job=portfolioqaoa_indep_qiskit_3|ibm_falcon_27 azione_RL=RemoveDiagonalGatesBeforeMeasure
job=portfolioqaoa_indep_qiskit_3|ibm_falcon_27 azione_RL=QiskitO3
job=portfolioqaoa_indep_qiskit_3|ibm_falcon_27 azione_RL=OptimizeCliffords
job=portfolioqaoa_indep_qiskit_3|ibm_falcon_27 azione_RL=QiskitO3
job=portfolioqaoa_indep_qiskit_3|ibm_falcon_27 azione_RL=CommutativeInverseCancellation
job=portfolioqaoa_indep_qiskit_3|ibm_falcon_27 azione_RL=Opt2qBlocks
job=portfolioqaoa_indep_qiskit_3|ibm_falcon_27 azione_RL=OptimizeCliffords
job=portfolioqaoa_indep_qiskit_3|ibm_falcon_27 azione_RL=CliffordSimp
job=portfolioqaoa_indep_qiskit_3|ibm_falcon_27 azione_RL=PeepholeOptimise2Q
job=portfolioqaoa_indep_qiskit_3|ibm_falcon_27 azione_RL=PeepholeOptimise2Q
job=portfolioqaoa_indep_qiskit_3|ibm_falcon_27 azione_RL=Opt2qBlocks
job=portfolioqaoa_indep_qiskit_3|ibm_falcon_27 azione_RL=PeepholeOptimise2Q
job=portfolioqaoa_indep_qiskit_3|ibm_falcon_27 azione_RL=OptimizeCliffords
job=portfolioqaoa_indep_qiskit_3|ibm_falcon_27 azione_RL=BasisTranslator
job=portfolioqaoa_indep_qiskit_3|ibm_falcon_27 azione_RL=Opt2qBlocks
job=portfolioqaoa_indep_qiskit_3|ibm_falcon_27 azione_RL=CommutativeInverseCancellation
job=portfolioqaoa_indep_qiskit_3|ibm_falcon_27 azione_RL=OptimizeCliffords
job=portfolioqaoa_indep_qiskit_3|ibm_falcon_27 azione_RL=RemoveRedundancies
job=portfolioqaoa_indep_qiskit_3|ibm_falcon_27 azione_RL=Opt2qBlocks
job=portfolioqaoa_indep_qiskit_3|ibm_falcon_27 azione_RL=PeepholeOptimise2Q
job=portfolioqaoa_indep_qiskit_3|ibm_falcon_27 azione_RL=QiskitO3
job=portfolioqaoa_indep_qiskit_3|ibm_falcon_27 azione_RL=RemoveRedundancies
job=portfolioqaoa_indep_qiskit_3|ibm_falcon_27 azione_RL=QiskitO3
job=portfolioqaoa_indep_qiskit_3|ibm_falcon_27 azione_RL=FullPeepholeOptimiseCX
job=portfolioqaoa_indep_qiskit_3|ibm_falcon_27 azione_RL=CliffordSimp
job=portfolioqaoa_indep_qiskit_3|ibm_falcon_27 azione_RL=BQSKitSynthesis
job=portfolioqaoa_indep_qiskit_3|ibm_falcon_27 fallback=QiskitO1
job=portfolioqaoa_indep_tket_3|ibm_falcon_27 azione_RL=Optimize1qGatesDecomposition
job=portfolioqaoa_indep_tket_3|ibm_falcon_27 azione_RL=RemoveDiagonalGatesBeforeMeasure
job=portfolioqaoa_indep_tket_3|ibm_falcon_27 azione_RL=FullPeepholeOptimiseCX
job=portfolioqaoa_indep_tket_3|ibm_falcon_27 azione_RL=OptimizeCliffords
job=portfolioqaoa_indep_tket_3|ibm_falcon_27 azione_RL=BQSKitSynthesis
job=portfolioqaoa_indep_tket_3|ibm_falcon_27 azione_RL=OptimizeCliffords
job=portfolioqaoa_indep_tket_3|ibm_falcon_27 azione_RL=BQSKitO2
job=portfolioqaoa_indep_tket_3|ibm_falcon_27 azione_RL=InverseCancellation
job=portfolioqaoa_indep_tket_3|ibm_falcon_27 azione_RL=CliffordSimp
job=portfolioqaoa_indep_tket_3|ibm_falcon_27 azione_RL=Optimize1qGatesDecomposition
job=portfolioqaoa_indep_tket_3|ibm_falcon_27 azione_RL=Optimize1qGatesDecomposition
job=portfolioqaoa_indep_tket_3|ibm_falcon_27 azione_RL=CliffordSimp
job=portfolioqaoa_indep_tket_3|ibm_falcon_27 azione_RL=CliffordSimp
job=portfolioqaoa_indep_tket_3|ibm_falcon_27 azione_RL=InverseCancellation
job=portfolioqaoa_indep_tket_3|ibm_falcon_27 azione_RL=PeepholeOptimise2Q
job=portfolioqaoa_indep_tket_3|ibm_falcon_27 azione_RL=FullPeepholeOptimiseCX
job=portfolioqaoa_indep_tket_3|ibm_falcon_27 azione_RL=BQSKitO2
job=portfolioqaoa_indep_tket_3|ibm_falcon_27 azione_RL=CommutativeInverseCancellation
job=portfolioqaoa_indep_tket_3|ibm_falcon_27 azione_RL=CliffordSimp
job=portfolioqaoa_indep_tket_3|ibm_falcon_27 azione_RL=BasisTranslator
job=portfolioqaoa_indep_tket_3|ibm_falcon_27 azione_RL=QiskitO3
job=portfolioqaoa_indep_tket_3|ibm_falcon_27 azione_RL=BQSKitO2
job=portfolioqaoa_indep_tket_3|ibm_falcon_27 azione_RL=RemoveDiagonalGatesBeforeMeasure
job=portfolioqaoa_indep_tket_3|ibm_falcon_27 azione_RL=FullPeepholeOptimiseCX
job=portfolioqaoa_indep_tket_3|ibm_falcon_27 azione_RL=FullPeepholeOptimiseCX
job=portfolioqaoa_indep_tket_3|ibm_falcon_27 azione_RL=BasisTranslator
job=portfolioqaoa_indep_tket_3|ibm_falcon_27 azione_RL=CommutativeInverseCancellation
job=portfolioqaoa_indep_tket_3|ibm_falcon_27 azione_RL=RemoveDiagonalGatesBeforeMeasure
job=portfolioqaoa_indep_tket_3|ibm_falcon_27 azione_RL=CliffordSimp
job=portfolioqaoa_indep_tket_3|ibm_falcon_27 azione_RL=Optimize1qGatesDecomposition
job=portfolioqaoa_indep_tket_3|ibm_falcon_27 azione_RL=Optimize1qGatesDecomposition
job=portfolioqaoa_indep_tket_3|ibm_falcon_27 azione_RL=CliffordSimp
job=portfolioqaoa_indep_tket_3|ibm_falcon_27 azione_RL=Optimize1qGatesDecomposition
job=portfolioqaoa_indep_tket_3|ibm_falcon_27 azione_RL=InverseCancellation
job=portfolioqaoa_indep_tket_3|ibm_falcon_27 azione_RL=PeepholeOptimise2Q
job=portfolioqaoa_indep_tket_3|ibm_falcon_27 azione_RL=Optimize1qGatesDecomposition
job=portfolioqaoa_indep_tket_3|ibm_falcon_27 azione_RL=RemoveDiagonalGatesBeforeMeasure
job=portfolioqaoa_indep_tket_3|ibm_falcon_27 azione_RL=PeepholeOptimise2Q
job=portfolioqaoa_indep_tket_3|ibm_falcon_27 azione_RL=Opt2qBlocks
job=portfolioqaoa_indep_tket_3|ibm_falcon_27 azione_RL=BQSKitSynthesis
job=portfolioqaoa_indep_tket_3|ibm_falcon_27 azione_RL=OptimizeCliffords
job=portfolioqaoa_indep_tket_3|ibm_falcon_27 azione_RL=Opt2qBlocks
job=portfolioqaoa_indep_tket_3|ibm_falcon_27 azione_RL=QiskitO3
job=portfolioqaoa_indep_tket_3|ibm_falcon_27 azione_RL=RemoveDiagonalGatesBeforeMeasure
job=portfolioqaoa_indep_tket_3|ibm_falcon_27 azione_RL=Optimize1qGatesDecomposition
job=portfolioqaoa_indep_tket_3|ibm_falcon_27 azione_RL=CommutativeInverseCancellation
job=portfolioqaoa_indep_tket_3|ibm_falcon_27 azione_RL=CommutativeInverseCancellation
job=portfolioqaoa_indep_tket_3|ibm_falcon_27 azione_RL=CliffordSimp
job=portfolioqaoa_indep_tket_3|ibm_falcon_27 azione_RL=BasisTranslator
job=portfolioqaoa_indep_tket_3|ibm_falcon_27 azione_RL=QiskitO3
job=portfolioqaoa_indep_tket_3|ibm_falcon_27 azione_RL=Opt2qBlocks
job=portfolioqaoa_indep_tket_3|ibm_falcon_27 azione_RL=CommutativeCancellation
job=portfolioqaoa_indep_tket_3|ibm_falcon_27 azione_RL=QiskitO3
job=portfolioqaoa_indep_tket_3|ibm_falcon_27 azione_RL=CliffordSimp
job=portfolioqaoa_indep_tket_3|ibm_falcon_27 azione_RL=OptimizeCliffords
job=portfolioqaoa_indep_tket_3|ibm_falcon_27 azione_RL=PeepholeOptimise2Q
job=portfolioqaoa_indep_tket_3|ibm_falcon_27 azione_RL=CliffordSimp
job=portfolioqaoa_indep_tket_3|ibm_falcon_27 azione_RL=CommutativeInverseCancellation
job=portfolioqaoa_indep_tket_3|ibm_falcon_27 azione_RL=FullPeepholeOptimiseCX
job=portfolioqaoa_indep_tket_3|ibm_falcon_27 azione_RL=CommutativeCancellation
job=portfolioqaoa_indep_tket_3|ibm_falcon_27 azione_RL=CliffordSimp
job=portfolioqaoa_indep_tket_3|ibm_falcon_27 azione_RL=CommutativeCancellation
job=portfolioqaoa_indep_tket_3|ibm_falcon_27 azione_RL=BQSKitO2
job=portfolioqaoa_indep_tket_3|ibm_falcon_27 azione_RL=BasisTranslator
job=portfolioqaoa_indep_tket_3|ibm_falcon_27 azione_RL=CommutativeCancellation
job=portfolioqaoa_indep_tket_3|ibm_falcon_27 azione_RL=PeepholeOptimise2Q
job=portfolioqaoa_indep_tket_3|ibm_falcon_27 azione_RL=RemoveDiagonalGatesBeforeMeasure
job=portfolioqaoa_indep_tket_3|ibm_falcon_27 azione_RL=QiskitO3
job=portfolioqaoa_indep_tket_3|ibm_falcon_27 azione_RL=OptimizeCliffords
job=portfolioqaoa_indep_tket_3|ibm_falcon_27 azione_RL=QiskitO3
job=portfolioqaoa_indep_tket_3|ibm_falcon_27 azione_RL=CommutativeInverseCancellation
job=portfolioqaoa_indep_tket_3|ibm_falcon_27 azione_RL=Opt2qBlocks
job=portfolioqaoa_indep_tket_3|ibm_falcon_27 azione_RL=OptimizeCliffords
job=portfolioqaoa_indep_tket_3|ibm_falcon_27 azione_RL=CliffordSimp
job=portfolioqaoa_indep_tket_3|ibm_falcon_27 azione_RL=PeepholeOptimise2Q
job=portfolioqaoa_indep_tket_3|ibm_falcon_27 azione_RL=PeepholeOptimise2Q
job=portfolioqaoa_indep_tket_3|ibm_falcon_27 azione_RL=Opt2qBlocks
job=portfolioqaoa_indep_tket_3|ibm_falcon_27 azione_RL=PeepholeOptimise2Q
job=portfolioqaoa_indep_tket_3|ibm_falcon_27 azione_RL=OptimizeCliffords
job=portfolioqaoa_indep_tket_3|ibm_falcon_27 azione_RL=BasisTranslator
job=portfolioqaoa_indep_tket_3|ibm_falcon_27 azione_RL=Opt2qBlocks
job=portfolioqaoa_indep_tket_3|ibm_falcon_27 azione_RL=CommutativeInverseCancellation
job=portfolioqaoa_indep_tket_3|ibm_falcon_27 azione_RL=OptimizeCliffords
job=portfolioqaoa_indep_tket_3|ibm_falcon_27 azione_RL=RemoveRedundancies
job=portfolioqaoa_indep_tket_3|ibm_falcon_27 azione_RL=Opt2qBlocks
job=portfolioqaoa_indep_tket_3|ibm_falcon_27 azione_RL=PeepholeOptimise2Q
job=portfolioqaoa_indep_tket_3|ibm_falcon_27 azione_RL=QiskitO3
job=portfolioqaoa_indep_tket_3|ibm_falcon_27 azione_RL=RemoveRedundancies
job=portfolioqaoa_indep_tket_3|ibm_falcon_27 azione_RL=QiskitO3
job=portfolioqaoa_indep_tket_3|ibm_falcon_27 azione_RL=FullPeepholeOptimiseCX
job=portfolioqaoa_indep_tket_3|ibm_falcon_27 azione_RL=CliffordSimp
job=portfolioqaoa_indep_tket_3|ibm_falcon_27 azione_RL=BQSKitSynthesis
job=portfolioqaoa_indep_tket_3|ibm_falcon_27 fallback=QiskitO1
job=portfoliovqe_indep_qiskit_3|ibm_falcon_27 azione_RL=Optimize1qGatesDecomposition
job=portfoliovqe_indep_qiskit_3|ibm_falcon_27 azione_RL=RemoveDiagonalGatesBeforeMeasure
job=portfoliovqe_indep_qiskit_3|ibm_falcon_27 azione_RL=FullPeepholeOptimiseCX
job=portfoliovqe_indep_qiskit_3|ibm_falcon_27 azione_RL=OptimizeCliffords
job=portfoliovqe_indep_qiskit_3|ibm_falcon_27 azione_RL=BQSKitSynthesis
job=portfoliovqe_indep_qiskit_3|ibm_falcon_27 azione_RL=OptimizeCliffords
job=portfoliovqe_indep_qiskit_3|ibm_falcon_27 azione_RL=BQSKitO2
job=portfoliovqe_indep_qiskit_3|ibm_falcon_27 azione_RL=InverseCancellation
job=portfoliovqe_indep_qiskit_3|ibm_falcon_27 azione_RL=CliffordSimp
job=portfoliovqe_indep_qiskit_3|ibm_falcon_27 azione_RL=Optimize1qGatesDecomposition
job=portfoliovqe_indep_qiskit_3|ibm_falcon_27 azione_RL=Optimize1qGatesDecomposition
job=portfoliovqe_indep_qiskit_3|ibm_falcon_27 azione_RL=CliffordSimp
job=portfoliovqe_indep_qiskit_3|ibm_falcon_27 azione_RL=CliffordSimp
job=portfoliovqe_indep_qiskit_3|ibm_falcon_27 azione_RL=InverseCancellation
job=portfoliovqe_indep_qiskit_3|ibm_falcon_27 azione_RL=PeepholeOptimise2Q
job=portfoliovqe_indep_qiskit_3|ibm_falcon_27 azione_RL=FullPeepholeOptimiseCX
job=portfoliovqe_indep_qiskit_3|ibm_falcon_27 azione_RL=BQSKitO2
job=portfoliovqe_indep_qiskit_3|ibm_falcon_27 azione_RL=CommutativeInverseCancellation
job=portfoliovqe_indep_qiskit_3|ibm_falcon_27 azione_RL=CliffordSimp
job=portfoliovqe_indep_qiskit_3|ibm_falcon_27 azione_RL=BasisTranslator
job=portfoliovqe_indep_qiskit_3|ibm_falcon_27 azione_RL=QiskitO3
job=portfoliovqe_indep_qiskit_3|ibm_falcon_27 azione_RL=BQSKitO2
job=portfoliovqe_indep_qiskit_3|ibm_falcon_27 azione_RL=RemoveDiagonalGatesBeforeMeasure
job=portfoliovqe_indep_qiskit_3|ibm_falcon_27 azione_RL=FullPeepholeOptimiseCX
job=portfoliovqe_indep_qiskit_3|ibm_falcon_27 azione_RL=FullPeepholeOptimiseCX
job=portfoliovqe_indep_qiskit_3|ibm_falcon_27 azione_RL=BasisTranslator
job=portfoliovqe_indep_qiskit_3|ibm_falcon_27 azione_RL=CommutativeInverseCancellation
job=portfoliovqe_indep_qiskit_3|ibm_falcon_27 azione_RL=RemoveDiagonalGatesBeforeMeasure
job=portfoliovqe_indep_qiskit_3|ibm_falcon_27 azione_RL=CliffordSimp
job=portfoliovqe_indep_qiskit_3|ibm_falcon_27 azione_RL=Optimize1qGatesDecomposition
job=portfoliovqe_indep_qiskit_3|ibm_falcon_27 azione_RL=Optimize1qGatesDecomposition
job=portfoliovqe_indep_qiskit_3|ibm_falcon_27 azione_RL=CliffordSimp
job=portfoliovqe_indep_qiskit_3|ibm_falcon_27 azione_RL=Optimize1qGatesDecomposition
job=portfoliovqe_indep_qiskit_3|ibm_falcon_27 azione_RL=InverseCancellation
job=portfoliovqe_indep_qiskit_3|ibm_falcon_27 azione_RL=PeepholeOptimise2Q
job=portfoliovqe_indep_qiskit_3|ibm_falcon_27 azione_RL=Optimize1qGatesDecomposition
job=portfoliovqe_indep_qiskit_3|ibm_falcon_27 azione_RL=RemoveDiagonalGatesBeforeMeasure
job=portfoliovqe_indep_qiskit_3|ibm_falcon_27 azione_RL=PeepholeOptimise2Q
job=portfoliovqe_indep_qiskit_3|ibm_falcon_27 azione_RL=Opt2qBlocks
job=portfoliovqe_indep_qiskit_3|ibm_falcon_27 azione_RL=BQSKitSynthesis
job=portfoliovqe_indep_qiskit_3|ibm_falcon_27 azione_RL=OptimizeCliffords
job=portfoliovqe_indep_qiskit_3|ibm_falcon_27 azione_RL=Opt2qBlocks
job=portfoliovqe_indep_qiskit_3|ibm_falcon_27 azione_RL=QiskitO3
job=portfoliovqe_indep_qiskit_3|ibm_falcon_27 azione_RL=RemoveDiagonalGatesBeforeMeasure
job=portfoliovqe_indep_qiskit_3|ibm_falcon_27 azione_RL=Optimize1qGatesDecomposition
job=portfoliovqe_indep_qiskit_3|ibm_falcon_27 azione_RL=CommutativeInverseCancellation
job=portfoliovqe_indep_qiskit_3|ibm_falcon_27 azione_RL=CommutativeInverseCancellation
job=portfoliovqe_indep_qiskit_3|ibm_falcon_27 azione_RL=CliffordSimp
job=portfoliovqe_indep_qiskit_3|ibm_falcon_27 azione_RL=BasisTranslator
job=portfoliovqe_indep_qiskit_3|ibm_falcon_27 azione_RL=QiskitO3
job=portfoliovqe_indep_qiskit_3|ibm_falcon_27 azione_RL=Opt2qBlocks
job=portfoliovqe_indep_qiskit_3|ibm_falcon_27 azione_RL=CommutativeCancellation
job=portfoliovqe_indep_qiskit_3|ibm_falcon_27 azione_RL=QiskitO3
job=portfoliovqe_indep_qiskit_3|ibm_falcon_27 azione_RL=CliffordSimp
job=portfoliovqe_indep_qiskit_3|ibm_falcon_27 azione_RL=OptimizeCliffords
job=portfoliovqe_indep_qiskit_3|ibm_falcon_27 azione_RL=PeepholeOptimise2Q
job=portfoliovqe_indep_qiskit_3|ibm_falcon_27 azione_RL=CliffordSimp
job=portfoliovqe_indep_qiskit_3|ibm_falcon_27 azione_RL=CommutativeInverseCancellation
job=portfoliovqe_indep_qiskit_3|ibm_falcon_27 azione_RL=FullPeepholeOptimiseCX
job=portfoliovqe_indep_qiskit_3|ibm_falcon_27 azione_RL=CommutativeCancellation
job=portfoliovqe_indep_qiskit_3|ibm_falcon_27 azione_RL=CliffordSimp
job=portfoliovqe_indep_qiskit_3|ibm_falcon_27 azione_RL=CommutativeCancellation
job=portfoliovqe_indep_qiskit_3|ibm_falcon_27 azione_RL=BQSKitO2
job=portfoliovqe_indep_qiskit_3|ibm_falcon_27 azione_RL=BasisTranslator
job=portfoliovqe_indep_qiskit_3|ibm_falcon_27 azione_RL=CommutativeCancellation
job=portfoliovqe_indep_qiskit_3|ibm_falcon_27 azione_RL=PeepholeOptimise2Q
job=portfoliovqe_indep_qiskit_3|ibm_falcon_27 azione_RL=RemoveDiagonalGatesBeforeMeasure
job=portfoliovqe_indep_qiskit_3|ibm_falcon_27 azione_RL=QiskitO3
job=portfoliovqe_indep_qiskit_3|ibm_falcon_27 azione_RL=OptimizeCliffords
job=portfoliovqe_indep_qiskit_3|ibm_falcon_27 azione_RL=QiskitO3
job=portfoliovqe_indep_qiskit_3|ibm_falcon_27 azione_RL=CommutativeInverseCancellation
job=portfoliovqe_indep_qiskit_3|ibm_falcon_27 azione_RL=Opt2qBlocks
job=portfoliovqe_indep_qiskit_3|ibm_falcon_27 azione_RL=OptimizeCliffords
job=portfoliovqe_indep_qiskit_3|ibm_falcon_27 azione_RL=CliffordSimp
job=portfoliovqe_indep_qiskit_3|ibm_falcon_27 azione_RL=PeepholeOptimise2Q
job=portfoliovqe_indep_qiskit_3|ibm_falcon_27 azione_RL=PeepholeOptimise2Q
job=portfoliovqe_indep_qiskit_3|ibm_falcon_27 azione_RL=Opt2qBlocks
job=portfoliovqe_indep_qiskit_3|ibm_falcon_27 azione_RL=PeepholeOptimise2Q
job=portfoliovqe_indep_qiskit_3|ibm_falcon_27 azione_RL=OptimizeCliffords
job=portfoliovqe_indep_qiskit_3|ibm_falcon_27 azione_RL=BasisTranslator
job=portfoliovqe_indep_qiskit_3|ibm_falcon_27 azione_RL=Opt2qBlocks
job=portfoliovqe_indep_qiskit_3|ibm_falcon_27 azione_RL=CommutativeInverseCancellation
job=portfoliovqe_indep_qiskit_3|ibm_falcon_27 azione_RL=OptimizeCliffords
job=portfoliovqe_indep_qiskit_3|ibm_falcon_27 azione_RL=RemoveRedundancies
job=portfoliovqe_indep_qiskit_3|ibm_falcon_27 azione_RL=Opt2qBlocks
job=portfoliovqe_indep_qiskit_3|ibm_falcon_27 azione_RL=PeepholeOptimise2Q
job=portfoliovqe_indep_qiskit_3|ibm_falcon_27 azione_RL=QiskitO3
job=portfoliovqe_indep_qiskit_3|ibm_falcon_27 azione_RL=RemoveRedundancies
job=portfoliovqe_indep_qiskit_3|ibm_falcon_27 azione_RL=QiskitO3
job=portfoliovqe_indep_qiskit_3|ibm_falcon_27 azione_RL=FullPeepholeOptimiseCX
job=portfoliovqe_indep_qiskit_3|ibm_falcon_27 azione_RL=CliffordSimp
job=portfoliovqe_indep_qiskit_3|ibm_falcon_27 azione_RL=BQSKitSynthesis
job=portfoliovqe_indep_qiskit_3|ibm_falcon_27 fallback=QiskitO1
job=portfoliovqe_indep_tket_3|ibm_falcon_27 azione_RL=Optimize1qGatesDecomposition
job=portfoliovqe_indep_tket_3|ibm_falcon_27 azione_RL=RemoveDiagonalGatesBeforeMeasure
job=portfoliovqe_indep_tket_3|ibm_falcon_27 azione_RL=FullPeepholeOptimiseCX
job=portfoliovqe_indep_tket_3|ibm_falcon_27 azione_RL=OptimizeCliffords
job=portfoliovqe_indep_tket_3|ibm_falcon_27 azione_RL=BQSKitSynthesis
job=portfoliovqe_indep_tket_3|ibm_falcon_27 azione_RL=OptimizeCliffords
job=portfoliovqe_indep_tket_3|ibm_falcon_27 azione_RL=BQSKitO2
job=portfoliovqe_indep_tket_3|ibm_falcon_27 azione_RL=InverseCancellation
job=portfoliovqe_indep_tket_3|ibm_falcon_27 azione_RL=CliffordSimp
job=portfoliovqe_indep_tket_3|ibm_falcon_27 azione_RL=Optimize1qGatesDecomposition
job=portfoliovqe_indep_tket_3|ibm_falcon_27 azione_RL=Optimize1qGatesDecomposition
job=portfoliovqe_indep_tket_3|ibm_falcon_27 azione_RL=CliffordSimp
job=portfoliovqe_indep_tket_3|ibm_falcon_27 azione_RL=CliffordSimp
job=portfoliovqe_indep_tket_3|ibm_falcon_27 azione_RL=InverseCancellation
job=portfoliovqe_indep_tket_3|ibm_falcon_27 azione_RL=PeepholeOptimise2Q
job=portfoliovqe_indep_tket_3|ibm_falcon_27 azione_RL=FullPeepholeOptimiseCX
job=portfoliovqe_indep_tket_3|ibm_falcon_27 azione_RL=BQSKitO2
job=portfoliovqe_indep_tket_3|ibm_falcon_27 azione_RL=CommutativeInverseCancellation
job=portfoliovqe_indep_tket_3|ibm_falcon_27 azione_RL=CliffordSimp
job=portfoliovqe_indep_tket_3|ibm_falcon_27 azione_RL=BasisTranslator
job=portfoliovqe_indep_tket_3|ibm_falcon_27 azione_RL=QiskitO3
job=portfoliovqe_indep_tket_3|ibm_falcon_27 azione_RL=BQSKitO2
job=portfoliovqe_indep_tket_3|ibm_falcon_27 azione_RL=RemoveDiagonalGatesBeforeMeasure
job=portfoliovqe_indep_tket_3|ibm_falcon_27 azione_RL=FullPeepholeOptimiseCX
job=portfoliovqe_indep_tket_3|ibm_falcon_27 azione_RL=FullPeepholeOptimiseCX
job=portfoliovqe_indep_tket_3|ibm_falcon_27 azione_RL=BasisTranslator
job=portfoliovqe_indep_tket_3|ibm_falcon_27 azione_RL=CommutativeInverseCancellation
job=portfoliovqe_indep_tket_3|ibm_falcon_27 azione_RL=RemoveDiagonalGatesBeforeMeasure
job=portfoliovqe_indep_tket_3|ibm_falcon_27 azione_RL=CliffordSimp
job=portfoliovqe_indep_tket_3|ibm_falcon_27 azione_RL=Optimize1qGatesDecomposition
job=portfoliovqe_indep_tket_3|ibm_falcon_27 azione_RL=Optimize1qGatesDecomposition
job=portfoliovqe_indep_tket_3|ibm_falcon_27 azione_RL=CliffordSimp
job=portfoliovqe_indep_tket_3|ibm_falcon_27 azione_RL=Optimize1qGatesDecomposition
job=portfoliovqe_indep_tket_3|ibm_falcon_27 azione_RL=InverseCancellation
job=portfoliovqe_indep_tket_3|ibm_falcon_27 azione_RL=PeepholeOptimise2Q
job=portfoliovqe_indep_tket_3|ibm_falcon_27 azione_RL=Optimize1qGatesDecomposition
job=portfoliovqe_indep_tket_3|ibm_falcon_27 azione_RL=RemoveDiagonalGatesBeforeMeasure
job=portfoliovqe_indep_tket_3|ibm_falcon_27 azione_RL=PeepholeOptimise2Q
job=portfoliovqe_indep_tket_3|ibm_falcon_27 azione_RL=Opt2qBlocks
job=portfoliovqe_indep_tket_3|ibm_falcon_27 azione_RL=BQSKitSynthesis
job=portfoliovqe_indep_tket_3|ibm_falcon_27 azione_RL=OptimizeCliffords
job=portfoliovqe_indep_tket_3|ibm_falcon_27 azione_RL=Opt2qBlocks
job=portfoliovqe_indep_tket_3|ibm_falcon_27 azione_RL=QiskitO3
job=portfoliovqe_indep_tket_3|ibm_falcon_27 azione_RL=RemoveDiagonalGatesBeforeMeasure
job=portfoliovqe_indep_tket_3|ibm_falcon_27 azione_RL=Optimize1qGatesDecomposition
job=portfoliovqe_indep_tket_3|ibm_falcon_27 azione_RL=CommutativeInverseCancellation
job=portfoliovqe_indep_tket_3|ibm_falcon_27 azione_RL=CommutativeInverseCancellation
job=portfoliovqe_indep_tket_3|ibm_falcon_27 azione_RL=CliffordSimp
job=portfoliovqe_indep_tket_3|ibm_falcon_27 azione_RL=BasisTranslator
job=portfoliovqe_indep_tket_3|ibm_falcon_27 azione_RL=QiskitO3
job=portfoliovqe_indep_tket_3|ibm_falcon_27 azione_RL=Opt2qBlocks
job=portfoliovqe_indep_tket_3|ibm_falcon_27 azione_RL=CommutativeCancellation
job=portfoliovqe_indep_tket_3|ibm_falcon_27 azione_RL=QiskitO3
job=portfoliovqe_indep_tket_3|ibm_falcon_27 azione_RL=CliffordSimp
job=portfoliovqe_indep_tket_3|ibm_falcon_27 azione_RL=OptimizeCliffords
job=portfoliovqe_indep_tket_3|ibm_falcon_27 azione_RL=PeepholeOptimise2Q
job=portfoliovqe_indep_tket_3|ibm_falcon_27 azione_RL=CliffordSimp
job=portfoliovqe_indep_tket_3|ibm_falcon_27 azione_RL=CommutativeInverseCancellation
job=portfoliovqe_indep_tket_3|ibm_falcon_27 azione_RL=FullPeepholeOptimiseCX
job=portfoliovqe_indep_tket_3|ibm_falcon_27 azione_RL=CommutativeCancellation
job=portfoliovqe_indep_tket_3|ibm_falcon_27 azione_RL=CliffordSimp
job=portfoliovqe_indep_tket_3|ibm_falcon_27 azione_RL=CommutativeCancellation
job=portfoliovqe_indep_tket_3|ibm_falcon_27 azione_RL=BQSKitO2
job=portfoliovqe_indep_tket_3|ibm_falcon_27 azione_RL=BasisTranslator
job=portfoliovqe_indep_tket_3|ibm_falcon_27 azione_RL=CommutativeCancellation
job=portfoliovqe_indep_tket_3|ibm_falcon_27 azione_RL=PeepholeOptimise2Q
job=portfoliovqe_indep_tket_3|ibm_falcon_27 azione_RL=RemoveDiagonalGatesBeforeMeasure
job=portfoliovqe_indep_tket_3|ibm_falcon_27 azione_RL=QiskitO3
job=portfoliovqe_indep_tket_3|ibm_falcon_27 azione_RL=OptimizeCliffords
job=portfoliovqe_indep_tket_3|ibm_falcon_27 azione_RL=QiskitO3
job=portfoliovqe_indep_tket_3|ibm_falcon_27 azione_RL=CommutativeInverseCancellation
job=portfoliovqe_indep_tket_3|ibm_falcon_27 azione_RL=Opt2qBlocks
job=portfoliovqe_indep_tket_3|ibm_falcon_27 azione_RL=OptimizeCliffords
job=portfoliovqe_indep_tket_3|ibm_falcon_27 azione_RL=CliffordSimp
job=portfoliovqe_indep_tket_3|ibm_falcon_27 azione_RL=PeepholeOptimise2Q
job=portfoliovqe_indep_tket_3|ibm_falcon_27 azione_RL=PeepholeOptimise2Q
job=portfoliovqe_indep_tket_3|ibm_falcon_27 azione_RL=Opt2qBlocks
job=portfoliovqe_indep_tket_3|ibm_falcon_27 azione_RL=PeepholeOptimise2Q
job=portfoliovqe_indep_tket_3|ibm_falcon_27 azione_RL=OptimizeCliffords
job=portfoliovqe_indep_tket_3|ibm_falcon_27 azione_RL=BasisTranslator
job=portfoliovqe_indep_tket_3|ibm_falcon_27 azione_RL=Opt2qBlocks
job=portfoliovqe_indep_tket_3|ibm_falcon_27 azione_RL=CommutativeInverseCancellation
job=portfoliovqe_indep_tket_3|ibm_falcon_27 azione_RL=OptimizeCliffords
job=portfoliovqe_indep_tket_3|ibm_falcon_27 azione_RL=RemoveRedundancies
job=portfoliovqe_indep_tket_3|ibm_falcon_27 azione_RL=Opt2qBlocks
job=portfoliovqe_indep_tket_3|ibm_falcon_27 azione_RL=PeepholeOptimise2Q
job=portfoliovqe_indep_tket_3|ibm_falcon_27 azione_RL=QiskitO3
job=portfoliovqe_indep_tket_3|ibm_falcon_27 azione_RL=RemoveRedundancies
job=portfoliovqe_indep_tket_3|ibm_falcon_27 azione_RL=QiskitO3
job=portfoliovqe_indep_tket_3|ibm_falcon_27 azione_RL=FullPeepholeOptimiseCX
job=portfoliovqe_indep_tket_3|ibm_falcon_27 azione_RL=CliffordSimp
job=portfoliovqe_indep_tket_3|ibm_falcon_27 azione_RL=BQSKitSynthesis
job=portfoliovqe_indep_tket_3|ibm_falcon_27 fallback=QiskitO1
job=qaoa_indep_qiskit_3|ibm_falcon_27 azione_RL=Optimize1qGatesDecomposition
job=qaoa_indep_qiskit_3|ibm_falcon_27 azione_RL=RemoveDiagonalGatesBeforeMeasure
job=qaoa_indep_qiskit_3|ibm_falcon_27 azione_RL=FullPeepholeOptimiseCX
job=qaoa_indep_qiskit_3|ibm_falcon_27 azione_RL=OptimizeCliffords
job=qaoa_indep_qiskit_3|ibm_falcon_27 azione_RL=BQSKitSynthesis
job=qaoa_indep_qiskit_3|ibm_falcon_27 azione_RL=OptimizeCliffords
job=qaoa_indep_qiskit_3|ibm_falcon_27 azione_RL=BQSKitO2
job=qaoa_indep_qiskit_3|ibm_falcon_27 azione_RL=InverseCancellation
job=qaoa_indep_qiskit_3|ibm_falcon_27 azione_RL=CliffordSimp
job=qaoa_indep_qiskit_3|ibm_falcon_27 azione_RL=Optimize1qGatesDecomposition
job=qaoa_indep_qiskit_3|ibm_falcon_27 azione_RL=Optimize1qGatesDecomposition
job=qaoa_indep_qiskit_3|ibm_falcon_27 azione_RL=CliffordSimp
job=qaoa_indep_qiskit_3|ibm_falcon_27 azione_RL=CliffordSimp
job=qaoa_indep_qiskit_3|ibm_falcon_27 azione_RL=InverseCancellation
job=qaoa_indep_qiskit_3|ibm_falcon_27 azione_RL=PeepholeOptimise2Q
job=qaoa_indep_qiskit_3|ibm_falcon_27 azione_RL=FullPeepholeOptimiseCX
job=qaoa_indep_qiskit_3|ibm_falcon_27 azione_RL=BQSKitO2
job=qaoa_indep_qiskit_3|ibm_falcon_27 azione_RL=CommutativeInverseCancellation
job=qaoa_indep_qiskit_3|ibm_falcon_27 azione_RL=CliffordSimp
job=qaoa_indep_qiskit_3|ibm_falcon_27 azione_RL=BasisTranslator
job=qaoa_indep_qiskit_3|ibm_falcon_27 azione_RL=QiskitO3
job=qaoa_indep_qiskit_3|ibm_falcon_27 azione_RL=BQSKitO2
job=qaoa_indep_qiskit_3|ibm_falcon_27 azione_RL=RemoveDiagonalGatesBeforeMeasure
job=qaoa_indep_qiskit_3|ibm_falcon_27 azione_RL=FullPeepholeOptimiseCX
job=qaoa_indep_qiskit_3|ibm_falcon_27 azione_RL=FullPeepholeOptimiseCX
job=qaoa_indep_qiskit_3|ibm_falcon_27 azione_RL=BasisTranslator
job=qaoa_indep_qiskit_3|ibm_falcon_27 azione_RL=CommutativeInverseCancellation
job=qaoa_indep_qiskit_3|ibm_falcon_27 azione_RL=RemoveDiagonalGatesBeforeMeasure
job=qaoa_indep_qiskit_3|ibm_falcon_27 azione_RL=CliffordSimp
job=qaoa_indep_qiskit_3|ibm_falcon_27 azione_RL=Optimize1qGatesDecomposition
job=qaoa_indep_qiskit_3|ibm_falcon_27 azione_RL=Optimize1qGatesDecomposition
job=qaoa_indep_qiskit_3|ibm_falcon_27 azione_RL=CliffordSimp
job=qaoa_indep_qiskit_3|ibm_falcon_27 azione_RL=Optimize1qGatesDecomposition
job=qaoa_indep_qiskit_3|ibm_falcon_27 azione_RL=InverseCancellation
job=qaoa_indep_qiskit_3|ibm_falcon_27 azione_RL=PeepholeOptimise2Q
job=qaoa_indep_qiskit_3|ibm_falcon_27 azione_RL=Optimize1qGatesDecomposition
job=qaoa_indep_qiskit_3|ibm_falcon_27 azione_RL=FullPeepholeOptimiseCX
job=qaoa_indep_qiskit_3|ibm_falcon_27 azione_RL=PeepholeOptimise2Q
job=qaoa_indep_qiskit_3|ibm_falcon_27 azione_RL=Opt2qBlocks
job=qaoa_indep_qiskit_3|ibm_falcon_27 azione_RL=BQSKitSynthesis
job=qaoa_indep_qiskit_3|ibm_falcon_27 azione_RL=OptimizeCliffords
job=qaoa_indep_qiskit_3|ibm_falcon_27 azione_RL=Opt2qBlocks
job=qaoa_indep_qiskit_3|ibm_falcon_27 azione_RL=QiskitO3
job=qaoa_indep_qiskit_3|ibm_falcon_27 azione_RL=RemoveDiagonalGatesBeforeMeasure
job=qaoa_indep_qiskit_3|ibm_falcon_27 azione_RL=Optimize1qGatesDecomposition
job=qaoa_indep_qiskit_3|ibm_falcon_27 azione_RL=CommutativeInverseCancellation
job=qaoa_indep_qiskit_3|ibm_falcon_27 azione_RL=CommutativeInverseCancellation
job=qaoa_indep_qiskit_3|ibm_falcon_27 azione_RL=CliffordSimp
job=qaoa_indep_qiskit_3|ibm_falcon_27 azione_RL=PeepholeOptimise2Q
job=qaoa_indep_qiskit_3|ibm_falcon_27 azione_RL=QiskitO3
job=qaoa_indep_qiskit_3|ibm_falcon_27 azione_RL=Opt2qBlocks
job=qaoa_indep_qiskit_3|ibm_falcon_27 azione_RL=CommutativeCancellation
job=qaoa_indep_qiskit_3|ibm_falcon_27 azione_RL=QiskitO3
job=qaoa_indep_qiskit_3|ibm_falcon_27 azione_RL=CliffordSimp
job=qaoa_indep_qiskit_3|ibm_falcon_27 azione_RL=OptimizeCliffords
job=qaoa_indep_qiskit_3|ibm_falcon_27 azione_RL=PeepholeOptimise2Q
job=qaoa_indep_qiskit_3|ibm_falcon_27 azione_RL=CliffordSimp
job=qaoa_indep_qiskit_3|ibm_falcon_27 azione_RL=CommutativeInverseCancellation
job=qaoa_indep_qiskit_3|ibm_falcon_27 azione_RL=FullPeepholeOptimiseCX
job=qaoa_indep_qiskit_3|ibm_falcon_27 azione_RL=CommutativeCancellation
job=qaoa_indep_qiskit_3|ibm_falcon_27 azione_RL=CliffordSimp
job=qaoa_indep_qiskit_3|ibm_falcon_27 azione_RL=CommutativeCancellation
job=qaoa_indep_qiskit_3|ibm_falcon_27 azione_RL=BQSKitO2
job=qaoa_indep_qiskit_3|ibm_falcon_27 azione_RL=BasisTranslator
job=qaoa_indep_qiskit_3|ibm_falcon_27 azione_RL=CommutativeCancellation
job=qaoa_indep_qiskit_3|ibm_falcon_27 azione_RL=PeepholeOptimise2Q
job=qaoa_indep_qiskit_3|ibm_falcon_27 azione_RL=RemoveDiagonalGatesBeforeMeasure
job=qaoa_indep_qiskit_3|ibm_falcon_27 azione_RL=QiskitO3
job=qaoa_indep_qiskit_3|ibm_falcon_27 azione_RL=OptimizeCliffords
job=qaoa_indep_qiskit_3|ibm_falcon_27 azione_RL=QiskitO3
job=qaoa_indep_qiskit_3|ibm_falcon_27 azione_RL=CommutativeInverseCancellation
job=qaoa_indep_qiskit_3|ibm_falcon_27 azione_RL=Opt2qBlocks
job=qaoa_indep_qiskit_3|ibm_falcon_27 azione_RL=OptimizeCliffords
job=qaoa_indep_qiskit_3|ibm_falcon_27 azione_RL=CliffordSimp
job=qaoa_indep_qiskit_3|ibm_falcon_27 azione_RL=PeepholeOptimise2Q
job=qaoa_indep_qiskit_3|ibm_falcon_27 azione_RL=PeepholeOptimise2Q
job=qaoa_indep_qiskit_3|ibm_falcon_27 azione_RL=Opt2qBlocks
job=qaoa_indep_qiskit_3|ibm_falcon_27 azione_RL=PeepholeOptimise2Q
job=qaoa_indep_qiskit_3|ibm_falcon_27 azione_RL=OptimizeCliffords
job=qaoa_indep_qiskit_3|ibm_falcon_27 azione_RL=BasisTranslator
job=qaoa_indep_qiskit_3|ibm_falcon_27 azione_RL=Opt2qBlocks
job=qaoa_indep_qiskit_3|ibm_falcon_27 azione_RL=CommutativeInverseCancellation
job=qaoa_indep_qiskit_3|ibm_falcon_27 azione_RL=OptimizeCliffords
job=qaoa_indep_qiskit_3|ibm_falcon_27 azione_RL=RemoveRedundancies
job=qaoa_indep_qiskit_3|ibm_falcon_27 azione_RL=Opt2qBlocks
job=qaoa_indep_qiskit_3|ibm_falcon_27 azione_RL=PeepholeOptimise2Q
job=qaoa_indep_qiskit_3|ibm_falcon_27 azione_RL=QiskitO3
job=qaoa_indep_qiskit_3|ibm_falcon_27 azione_RL=RemoveRedundancies
job=qaoa_indep_qiskit_3|ibm_falcon_27 azione_RL=QiskitO3
job=qaoa_indep_qiskit_3|ibm_falcon_27 azione_RL=FullPeepholeOptimiseCX
job=qaoa_indep_qiskit_3|ibm_falcon_27 azione_RL=CliffordSimp
job=qaoa_indep_qiskit_3|ibm_falcon_27 azione_RL=BQSKitSynthesis
job=qaoa_indep_qiskit_3|ibm_falcon_27 azione_RL=Opt2qBlocks
job=qaoa_indep_qiskit_3|ibm_falcon_27 fallback=QiskitO1
job=qaoa_indep_tket_3|ibm_falcon_27 azione_RL=Optimize1qGatesDecomposition
job=qaoa_indep_tket_3|ibm_falcon_27 azione_RL=RemoveDiagonalGatesBeforeMeasure
job=qaoa_indep_tket_3|ibm_falcon_27 azione_RL=FullPeepholeOptimiseCX
job=qaoa_indep_tket_3|ibm_falcon_27 azione_RL=OptimizeCliffords
job=qaoa_indep_tket_3|ibm_falcon_27 azione_RL=BQSKitSynthesis
job=qaoa_indep_tket_3|ibm_falcon_27 azione_RL=OptimizeCliffords
job=qaoa_indep_tket_3|ibm_falcon_27 azione_RL=BQSKitO2
job=qaoa_indep_tket_3|ibm_falcon_27 azione_RL=InverseCancellation
job=qaoa_indep_tket_3|ibm_falcon_27 azione_RL=CliffordSimp
job=qaoa_indep_tket_3|ibm_falcon_27 azione_RL=Optimize1qGatesDecomposition
job=qaoa_indep_tket_3|ibm_falcon_27 azione_RL=Optimize1qGatesDecomposition
job=qaoa_indep_tket_3|ibm_falcon_27 azione_RL=CliffordSimp
job=qaoa_indep_tket_3|ibm_falcon_27 azione_RL=CliffordSimp
job=qaoa_indep_tket_3|ibm_falcon_27 azione_RL=InverseCancellation
job=qaoa_indep_tket_3|ibm_falcon_27 azione_RL=PeepholeOptimise2Q
job=qaoa_indep_tket_3|ibm_falcon_27 azione_RL=FullPeepholeOptimiseCX
job=qaoa_indep_tket_3|ibm_falcon_27 azione_RL=BQSKitO2
job=qaoa_indep_tket_3|ibm_falcon_27 azione_RL=CommutativeInverseCancellation
job=qaoa_indep_tket_3|ibm_falcon_27 azione_RL=CliffordSimp
job=qaoa_indep_tket_3|ibm_falcon_27 azione_RL=BasisTranslator
job=qaoa_indep_tket_3|ibm_falcon_27 azione_RL=QiskitO3
job=qaoa_indep_tket_3|ibm_falcon_27 azione_RL=BQSKitO2
job=qaoa_indep_tket_3|ibm_falcon_27 azione_RL=RemoveDiagonalGatesBeforeMeasure
job=qaoa_indep_tket_3|ibm_falcon_27 azione_RL=FullPeepholeOptimiseCX
job=qaoa_indep_tket_3|ibm_falcon_27 azione_RL=FullPeepholeOptimiseCX
job=qaoa_indep_tket_3|ibm_falcon_27 azione_RL=BasisTranslator
job=qaoa_indep_tket_3|ibm_falcon_27 azione_RL=CommutativeInverseCancellation
job=qaoa_indep_tket_3|ibm_falcon_27 azione_RL=RemoveDiagonalGatesBeforeMeasure
job=qaoa_indep_tket_3|ibm_falcon_27 azione_RL=CliffordSimp
job=qaoa_indep_tket_3|ibm_falcon_27 azione_RL=Optimize1qGatesDecomposition
job=qaoa_indep_tket_3|ibm_falcon_27 azione_RL=Optimize1qGatesDecomposition
job=qaoa_indep_tket_3|ibm_falcon_27 azione_RL=CliffordSimp
job=qaoa_indep_tket_3|ibm_falcon_27 azione_RL=Optimize1qGatesDecomposition
job=qaoa_indep_tket_3|ibm_falcon_27 azione_RL=InverseCancellation
job=qaoa_indep_tket_3|ibm_falcon_27 azione_RL=PeepholeOptimise2Q
job=qaoa_indep_tket_3|ibm_falcon_27 azione_RL=Optimize1qGatesDecomposition
job=qaoa_indep_tket_3|ibm_falcon_27 azione_RL=RemoveDiagonalGatesBeforeMeasure
job=qaoa_indep_tket_3|ibm_falcon_27 azione_RL=PeepholeOptimise2Q
job=qaoa_indep_tket_3|ibm_falcon_27 azione_RL=Opt2qBlocks
job=qaoa_indep_tket_3|ibm_falcon_27 azione_RL=BQSKitSynthesis
job=qaoa_indep_tket_3|ibm_falcon_27 azione_RL=OptimizeCliffords
job=qaoa_indep_tket_3|ibm_falcon_27 azione_RL=Opt2qBlocks
job=qaoa_indep_tket_3|ibm_falcon_27 azione_RL=QiskitO3
job=qaoa_indep_tket_3|ibm_falcon_27 azione_RL=RemoveDiagonalGatesBeforeMeasure
job=qaoa_indep_tket_3|ibm_falcon_27 azione_RL=Optimize1qGatesDecomposition
job=qaoa_indep_tket_3|ibm_falcon_27 azione_RL=CommutativeInverseCancellation
job=qaoa_indep_tket_3|ibm_falcon_27 azione_RL=CommutativeInverseCancellation
job=qaoa_indep_tket_3|ibm_falcon_27 azione_RL=CliffordSimp
job=qaoa_indep_tket_3|ibm_falcon_27 azione_RL=PeepholeOptimise2Q
job=qaoa_indep_tket_3|ibm_falcon_27 azione_RL=QiskitO3
job=qaoa_indep_tket_3|ibm_falcon_27 azione_RL=Opt2qBlocks
job=qaoa_indep_tket_3|ibm_falcon_27 azione_RL=CommutativeCancellation
job=qaoa_indep_tket_3|ibm_falcon_27 azione_RL=QiskitO3
job=qaoa_indep_tket_3|ibm_falcon_27 azione_RL=CliffordSimp
job=qaoa_indep_tket_3|ibm_falcon_27 azione_RL=OptimizeCliffords
job=qaoa_indep_tket_3|ibm_falcon_27 azione_RL=PeepholeOptimise2Q
job=qaoa_indep_tket_3|ibm_falcon_27 azione_RL=CliffordSimp
job=qaoa_indep_tket_3|ibm_falcon_27 azione_RL=CommutativeInverseCancellation
job=qaoa_indep_tket_3|ibm_falcon_27 azione_RL=FullPeepholeOptimiseCX
job=qaoa_indep_tket_3|ibm_falcon_27 azione_RL=CommutativeCancellation
job=qaoa_indep_tket_3|ibm_falcon_27 azione_RL=CliffordSimp
job=qaoa_indep_tket_3|ibm_falcon_27 azione_RL=CommutativeCancellation
job=qaoa_indep_tket_3|ibm_falcon_27 azione_RL=BQSKitO2
job=qaoa_indep_tket_3|ibm_falcon_27 azione_RL=BasisTranslator
job=qaoa_indep_tket_3|ibm_falcon_27 azione_RL=CommutativeCancellation
job=qaoa_indep_tket_3|ibm_falcon_27 azione_RL=PeepholeOptimise2Q
job=qaoa_indep_tket_3|ibm_falcon_27 azione_RL=RemoveDiagonalGatesBeforeMeasure
job=qaoa_indep_tket_3|ibm_falcon_27 azione_RL=QiskitO3
job=qaoa_indep_tket_3|ibm_falcon_27 azione_RL=OptimizeCliffords
job=qaoa_indep_tket_3|ibm_falcon_27 azione_RL=QiskitO3
job=qaoa_indep_tket_3|ibm_falcon_27 azione_RL=CommutativeInverseCancellation
job=qaoa_indep_tket_3|ibm_falcon_27 azione_RL=Opt2qBlocks
job=qaoa_indep_tket_3|ibm_falcon_27 azione_RL=OptimizeCliffords
job=qaoa_indep_tket_3|ibm_falcon_27 azione_RL=CliffordSimp
job=qaoa_indep_tket_3|ibm_falcon_27 azione_RL=PeepholeOptimise2Q
job=qaoa_indep_tket_3|ibm_falcon_27 azione_RL=PeepholeOptimise2Q
job=qaoa_indep_tket_3|ibm_falcon_27 azione_RL=Opt2qBlocks
job=qaoa_indep_tket_3|ibm_falcon_27 azione_RL=PeepholeOptimise2Q
job=qaoa_indep_tket_3|ibm_falcon_27 azione_RL=OptimizeCliffords
job=qaoa_indep_tket_3|ibm_falcon_27 azione_RL=BasisTranslator
job=qaoa_indep_tket_3|ibm_falcon_27 azione_RL=Opt2qBlocks
job=qaoa_indep_tket_3|ibm_falcon_27 azione_RL=CommutativeInverseCancellation
job=qaoa_indep_tket_3|ibm_falcon_27 azione_RL=OptimizeCliffords
job=qaoa_indep_tket_3|ibm_falcon_27 azione_RL=RemoveRedundancies
job=qaoa_indep_tket_3|ibm_falcon_27 azione_RL=Opt2qBlocks
job=qaoa_indep_tket_3|ibm_falcon_27 azione_RL=PeepholeOptimise2Q
job=qaoa_indep_tket_3|ibm_falcon_27 azione_RL=QiskitO3
job=qaoa_indep_tket_3|ibm_falcon_27 azione_RL=RemoveRedundancies
job=qaoa_indep_tket_3|ibm_falcon_27 azione_RL=QiskitO3
job=qaoa_indep_tket_3|ibm_falcon_27 azione_RL=FullPeepholeOptimiseCX
job=qaoa_indep_tket_3|ibm_falcon_27 azione_RL=CliffordSimp
job=qaoa_indep_tket_3|ibm_falcon_27 azione_RL=BQSKitSynthesis
job=qaoa_indep_tket_3|ibm_falcon_27 azione_RL=Opt2qBlocks
job=qaoa_indep_tket_3|ibm_falcon_27 azione_RL=BasisTranslator
job=qaoa_indep_tket_3|ibm_falcon_27 azione_RL=Optimize1qGatesDecomposition
job=qaoa_indep_tket_3|ibm_falcon_27 azione_RL=Opt2qBlocks
job=qaoa_indep_tket_3|ibm_falcon_27 azione_RL=FullPeepholeOptimiseCX
job=qaoa_indep_tket_3|ibm_falcon_27 azione_RL=PeepholeOptimise2Q
job=qaoa_indep_tket_3|ibm_falcon_27 azione_RL=RemoveDiagonalGatesBeforeMeasure
job=qaoa_indep_tket_3|ibm_falcon_27 azione_RL=BQSKitO2
job=qaoa_indep_tket_3|ibm_falcon_27 fallback=QiskitO1
job=qft_indep_qiskit_3|ibm_falcon_27 azione_RL=Optimize1qGatesDecomposition
job=qft_indep_qiskit_3|ibm_falcon_27 azione_RL=RemoveDiagonalGatesBeforeMeasure
job=qft_indep_qiskit_3|ibm_falcon_27 azione_RL=FullPeepholeOptimiseCX
/home/elio/Tesi/.venv/lib/python3.12/site-packages/pytket/extensions/qiskit/qiskit_convert.py:1124: UserWarning: The pytket Circuit contains implicit qubit permutations which aren't handled by default. Consider using the replace_implicit_swaps flag in tk_to_qiskit or replacing them using Circuit.replace_implicit_swaps().
  warnings.warn(  # noqa: B028
job=qft_indep_qiskit_3|ibm_falcon_27 azione_RL=OptimizeCliffords
job=qft_indep_qiskit_3|ibm_falcon_27 azione_RL=BQSKitSynthesis
job=qft_indep_qiskit_3|ibm_falcon_27 azione_RL=OptimizeCliffords
job=qft_indep_qiskit_3|ibm_falcon_27 azione_RL=BQSKitO2
job=qft_indep_qiskit_3|ibm_falcon_27 azione_RL=InverseCancellation
job=qft_indep_qiskit_3|ibm_falcon_27 azione_RL=CliffordSimp
job=qft_indep_qiskit_3|ibm_falcon_27 azione_RL=Optimize1qGatesDecomposition
job=qft_indep_qiskit_3|ibm_falcon_27 azione_RL=Optimize1qGatesDecomposition
job=qft_indep_qiskit_3|ibm_falcon_27 azione_RL=CliffordSimp
job=qft_indep_qiskit_3|ibm_falcon_27 azione_RL=CliffordSimp
job=qft_indep_qiskit_3|ibm_falcon_27 azione_RL=InverseCancellation
job=qft_indep_qiskit_3|ibm_falcon_27 azione_RL=PeepholeOptimise2Q
job=qft_indep_qiskit_3|ibm_falcon_27 azione_RL=FullPeepholeOptimiseCX
job=qft_indep_qiskit_3|ibm_falcon_27 azione_RL=BQSKitO2
job=qft_indep_qiskit_3|ibm_falcon_27 azione_RL=CommutativeInverseCancellation
job=qft_indep_qiskit_3|ibm_falcon_27 azione_RL=CliffordSimp
job=qft_indep_qiskit_3|ibm_falcon_27 azione_RL=BasisTranslator
job=qft_indep_qiskit_3|ibm_falcon_27 azione_RL=QiskitO3
job=qft_indep_qiskit_3|ibm_falcon_27 azione_RL=BQSKitO2
job=qft_indep_qiskit_3|ibm_falcon_27 azione_RL=RemoveDiagonalGatesBeforeMeasure
job=qft_indep_qiskit_3|ibm_falcon_27 azione_RL=Opt2qBlocks
job=qft_indep_qiskit_3|ibm_falcon_27 azione_RL=FullPeepholeOptimiseCX
job=qft_indep_qiskit_3|ibm_falcon_27 azione_RL=BasisTranslator
job=qft_indep_qiskit_3|ibm_falcon_27 azione_RL=CommutativeInverseCancellation
job=qft_indep_qiskit_3|ibm_falcon_27 azione_RL=RemoveDiagonalGatesBeforeMeasure
job=qft_indep_qiskit_3|ibm_falcon_27 azione_RL=CliffordSimp
job=qft_indep_qiskit_3|ibm_falcon_27 azione_RL=Optimize1qGatesDecomposition
job=qft_indep_qiskit_3|ibm_falcon_27 azione_RL=Optimize1qGatesDecomposition
job=qft_indep_qiskit_3|ibm_falcon_27 azione_RL=CliffordSimp
job=qft_indep_qiskit_3|ibm_falcon_27 azione_RL=Optimize1qGatesDecomposition
job=qft_indep_qiskit_3|ibm_falcon_27 azione_RL=InverseCancellation
job=qft_indep_qiskit_3|ibm_falcon_27 azione_RL=PeepholeOptimise2Q
job=qft_indep_qiskit_3|ibm_falcon_27 azione_RL=Optimize1qGatesDecomposition
job=qft_indep_qiskit_3|ibm_falcon_27 azione_RL=RemoveDiagonalGatesBeforeMeasure
job=qft_indep_qiskit_3|ibm_falcon_27 azione_RL=PeepholeOptimise2Q
job=qft_indep_qiskit_3|ibm_falcon_27 azione_RL=Opt2qBlocks
job=qft_indep_qiskit_3|ibm_falcon_27 azione_RL=BQSKitSynthesis
job=qft_indep_qiskit_3|ibm_falcon_27 azione_RL=OptimizeCliffords
job=qft_indep_qiskit_3|ibm_falcon_27 azione_RL=Opt2qBlocks
job=qft_indep_qiskit_3|ibm_falcon_27 azione_RL=QiskitO3
job=qft_indep_qiskit_3|ibm_falcon_27 azione_RL=RemoveDiagonalGatesBeforeMeasure
job=qft_indep_qiskit_3|ibm_falcon_27 azione_RL=Optimize1qGatesDecomposition
job=qft_indep_qiskit_3|ibm_falcon_27 azione_RL=CommutativeInverseCancellation
job=qft_indep_qiskit_3|ibm_falcon_27 azione_RL=CommutativeInverseCancellation
job=qft_indep_qiskit_3|ibm_falcon_27 azione_RL=CliffordSimp
job=qft_indep_qiskit_3|ibm_falcon_27 azione_RL=BasisTranslator
job=qft_indep_qiskit_3|ibm_falcon_27 azione_RL=QiskitO3
job=qft_indep_qiskit_3|ibm_falcon_27 azione_RL=Opt2qBlocks
job=qft_indep_qiskit_3|ibm_falcon_27 azione_RL=CommutativeCancellation
job=qft_indep_qiskit_3|ibm_falcon_27 azione_RL=QiskitO3
job=qft_indep_qiskit_3|ibm_falcon_27 azione_RL=CliffordSimp
job=qft_indep_qiskit_3|ibm_falcon_27 azione_RL=OptimizeCliffords
job=qft_indep_qiskit_3|ibm_falcon_27 azione_RL=PeepholeOptimise2Q
job=qft_indep_qiskit_3|ibm_falcon_27 azione_RL=CliffordSimp
job=qft_indep_qiskit_3|ibm_falcon_27 azione_RL=CommutativeInverseCancellation
job=qft_indep_qiskit_3|ibm_falcon_27 azione_RL=FullPeepholeOptimiseCX
job=qft_indep_qiskit_3|ibm_falcon_27 azione_RL=CommutativeCancellation
job=qft_indep_qiskit_3|ibm_falcon_27 azione_RL=CliffordSimp
job=qft_indep_qiskit_3|ibm_falcon_27 azione_RL=CommutativeCancellation
job=qft_indep_qiskit_3|ibm_falcon_27 azione_RL=OptimizeCliffords
job=qft_indep_qiskit_3|ibm_falcon_27 azione_RL=BasisTranslator
job=qft_indep_qiskit_3|ibm_falcon_27 azione_RL=CommutativeCancellation
job=qft_indep_qiskit_3|ibm_falcon_27 azione_RL=PeepholeOptimise2Q
job=qft_indep_qiskit_3|ibm_falcon_27 azione_RL=RemoveDiagonalGatesBeforeMeasure
job=qft_indep_qiskit_3|ibm_falcon_27 azione_RL=QiskitO3
job=qft_indep_qiskit_3|ibm_falcon_27 azione_RL=OptimizeCliffords
job=qft_indep_qiskit_3|ibm_falcon_27 azione_RL=QiskitO3
job=qft_indep_qiskit_3|ibm_falcon_27 azione_RL=CommutativeInverseCancellation
job=qft_indep_qiskit_3|ibm_falcon_27 azione_RL=Opt2qBlocks
job=qft_indep_qiskit_3|ibm_falcon_27 azione_RL=OptimizeCliffords
job=qft_indep_qiskit_3|ibm_falcon_27 azione_RL=CliffordSimp
job=qft_indep_qiskit_3|ibm_falcon_27 azione_RL=PeepholeOptimise2Q
job=qft_indep_qiskit_3|ibm_falcon_27 azione_RL=PeepholeOptimise2Q
job=qft_indep_qiskit_3|ibm_falcon_27 azione_RL=Opt2qBlocks
job=qft_indep_qiskit_3|ibm_falcon_27 azione_RL=PeepholeOptimise2Q
job=qft_indep_qiskit_3|ibm_falcon_27 azione_RL=OptimizeCliffords
job=qft_indep_qiskit_3|ibm_falcon_27 azione_RL=BasisTranslator
job=qft_indep_qiskit_3|ibm_falcon_27 azione_RL=Opt2qBlocks
job=qft_indep_qiskit_3|ibm_falcon_27 azione_RL=CommutativeInverseCancellation
job=qft_indep_qiskit_3|ibm_falcon_27 azione_RL=OptimizeCliffords
job=qft_indep_qiskit_3|ibm_falcon_27 azione_RL=RemoveRedundancies
job=qft_indep_qiskit_3|ibm_falcon_27 azione_RL=Opt2qBlocks
job=qft_indep_qiskit_3|ibm_falcon_27 azione_RL=PeepholeOptimise2Q
job=qft_indep_qiskit_3|ibm_falcon_27 azione_RL=QiskitO3
job=qft_indep_qiskit_3|ibm_falcon_27 azione_RL=RemoveRedundancies
job=qft_indep_qiskit_3|ibm_falcon_27 azione_RL=QiskitO3
job=qft_indep_qiskit_3|ibm_falcon_27 azione_RL=FullPeepholeOptimiseCX
job=qft_indep_qiskit_3|ibm_falcon_27 azione_RL=CliffordSimp
job=qft_indep_qiskit_3|ibm_falcon_27 azione_RL=BQSKitSynthesis
job=qft_indep_qiskit_3|ibm_falcon_27 azione_RL=Opt2qBlocks
job=qft_indep_qiskit_3|ibm_falcon_27 azione_RL=BasisTranslator
job=qft_indep_qiskit_3|ibm_falcon_27 azione_RL=Optimize1qGatesDecomposition
job=qft_indep_qiskit_3|ibm_falcon_27 azione_RL=Opt2qBlocks
job=qft_indep_qiskit_3|ibm_falcon_27 azione_RL=FullPeepholeOptimiseCX
job=qft_indep_qiskit_3|ibm_falcon_27 azione_RL=PeepholeOptimise2Q
job=qft_indep_qiskit_3|ibm_falcon_27 azione_RL=RemoveDiagonalGatesBeforeMeasure
job=qft_indep_qiskit_3|ibm_falcon_27 azione_RL=BQSKitO2
job=qft_indep_qiskit_3|ibm_falcon_27 azione_RL=OptimizeCliffords
job=qft_indep_qiskit_3|ibm_falcon_27 azione_RL=CommutativeInverseCancellation
job=qft_indep_qiskit_3|ibm_falcon_27 azione_RL=BQSKitO2
job=qft_indep_qiskit_3|ibm_falcon_27 azione_RL=Optimize1qGatesDecomposition
job=qft_indep_qiskit_3|ibm_falcon_27 azione_RL=PeepholeOptimise2Q
job=qft_indep_qiskit_3|ibm_falcon_27 azione_RL=BasisTranslator
job=qft_indep_qiskit_3|ibm_falcon_27 azione_RL=QiskitO3
job=qft_indep_qiskit_3|ibm_falcon_27 azione_RL=FullPeepholeOptimiseCX
job=qft_indep_qiskit_3|ibm_falcon_27 azione_RL=CommutativeCancellation
job=qft_indep_qiskit_3|ibm_falcon_27 azione_RL=RemoveRedundancies
job=qft_indep_qiskit_3|ibm_falcon_27 azione_RL=BQSKitO2
job=qft_indep_qiskit_3|ibm_falcon_27 azione_RL=InverseCancellation
job=qft_indep_qiskit_3|ibm_falcon_27 azione_RL=CommutativeCancellation
job=qft_indep_qiskit_3|ibm_falcon_27 azione_RL=BQSKitO2
job=qft_indep_qiskit_3|ibm_falcon_27 fallback=QiskitO1
job=qft_indep_tket_3|ibm_falcon_27 azione_RL=Optimize1qGatesDecomposition
job=qft_indep_tket_3|ibm_falcon_27 azione_RL=RemoveDiagonalGatesBeforeMeasure
job=qft_indep_tket_3|ibm_falcon_27 azione_RL=FullPeepholeOptimiseCX
/home/elio/Tesi/.venv/lib/python3.12/site-packages/pytket/extensions/qiskit/qiskit_convert.py:1124: UserWarning: The pytket Circuit contains implicit qubit permutations which aren't handled by default. Consider using the replace_implicit_swaps flag in tk_to_qiskit or replacing them using Circuit.replace_implicit_swaps().
  warnings.warn(  # noqa: B028
job=qft_indep_tket_3|ibm_falcon_27 azione_RL=OptimizeCliffords
job=qft_indep_tket_3|ibm_falcon_27 azione_RL=BQSKitSynthesis
job=qft_indep_tket_3|ibm_falcon_27 azione_RL=OptimizeCliffords
job=qft_indep_tket_3|ibm_falcon_27 azione_RL=BQSKitO2
job=qft_indep_tket_3|ibm_falcon_27 azione_RL=InverseCancellation
job=qft_indep_tket_3|ibm_falcon_27 azione_RL=CliffordSimp
job=qft_indep_tket_3|ibm_falcon_27 azione_RL=Optimize1qGatesDecomposition
job=qft_indep_tket_3|ibm_falcon_27 azione_RL=Optimize1qGatesDecomposition
job=qft_indep_tket_3|ibm_falcon_27 azione_RL=CliffordSimp
job=qft_indep_tket_3|ibm_falcon_27 azione_RL=CliffordSimp
job=qft_indep_tket_3|ibm_falcon_27 azione_RL=InverseCancellation
job=qft_indep_tket_3|ibm_falcon_27 azione_RL=PeepholeOptimise2Q
job=qft_indep_tket_3|ibm_falcon_27 azione_RL=FullPeepholeOptimiseCX
job=qft_indep_tket_3|ibm_falcon_27 azione_RL=BQSKitO2
job=qft_indep_tket_3|ibm_falcon_27 azione_RL=CommutativeInverseCancellation
job=qft_indep_tket_3|ibm_falcon_27 azione_RL=CliffordSimp
job=qft_indep_tket_3|ibm_falcon_27 azione_RL=BasisTranslator
job=qft_indep_tket_3|ibm_falcon_27 azione_RL=QiskitO3
job=qft_indep_tket_3|ibm_falcon_27 azione_RL=BQSKitO2
job=qft_indep_tket_3|ibm_falcon_27 azione_RL=RemoveDiagonalGatesBeforeMeasure
job=qft_indep_tket_3|ibm_falcon_27 azione_RL=Opt2qBlocks
job=qft_indep_tket_3|ibm_falcon_27 azione_RL=FullPeepholeOptimiseCX
job=qft_indep_tket_3|ibm_falcon_27 azione_RL=BasisTranslator
job=qft_indep_tket_3|ibm_falcon_27 azione_RL=CommutativeInverseCancellation
job=qft_indep_tket_3|ibm_falcon_27 azione_RL=RemoveDiagonalGatesBeforeMeasure
job=qft_indep_tket_3|ibm_falcon_27 azione_RL=CliffordSimp
job=qft_indep_tket_3|ibm_falcon_27 azione_RL=Optimize1qGatesDecomposition
job=qft_indep_tket_3|ibm_falcon_27 azione_RL=Optimize1qGatesDecomposition
job=qft_indep_tket_3|ibm_falcon_27 azione_RL=CliffordSimp
job=qft_indep_tket_3|ibm_falcon_27 azione_RL=Optimize1qGatesDecomposition
job=qft_indep_tket_3|ibm_falcon_27 azione_RL=InverseCancellation
job=qft_indep_tket_3|ibm_falcon_27 azione_RL=PeepholeOptimise2Q
job=qft_indep_tket_3|ibm_falcon_27 azione_RL=Optimize1qGatesDecomposition
job=qft_indep_tket_3|ibm_falcon_27 azione_RL=RemoveDiagonalGatesBeforeMeasure
job=qft_indep_tket_3|ibm_falcon_27 azione_RL=PeepholeOptimise2Q
job=qft_indep_tket_3|ibm_falcon_27 azione_RL=Opt2qBlocks
job=qft_indep_tket_3|ibm_falcon_27 azione_RL=BQSKitSynthesis
job=qft_indep_tket_3|ibm_falcon_27 azione_RL=OptimizeCliffords
job=qft_indep_tket_3|ibm_falcon_27 azione_RL=Opt2qBlocks
job=qft_indep_tket_3|ibm_falcon_27 azione_RL=QiskitO3
job=qft_indep_tket_3|ibm_falcon_27 azione_RL=RemoveDiagonalGatesBeforeMeasure
job=qft_indep_tket_3|ibm_falcon_27 azione_RL=Optimize1qGatesDecomposition
job=qft_indep_tket_3|ibm_falcon_27 azione_RL=CommutativeInverseCancellation
job=qft_indep_tket_3|ibm_falcon_27 azione_RL=CommutativeInverseCancellation
job=qft_indep_tket_3|ibm_falcon_27 azione_RL=CliffordSimp
job=qft_indep_tket_3|ibm_falcon_27 azione_RL=BasisTranslator
job=qft_indep_tket_3|ibm_falcon_27 azione_RL=QiskitO3
job=qft_indep_tket_3|ibm_falcon_27 azione_RL=Opt2qBlocks
job=qft_indep_tket_3|ibm_falcon_27 azione_RL=CommutativeCancellation
job=qft_indep_tket_3|ibm_falcon_27 azione_RL=QiskitO3
job=qft_indep_tket_3|ibm_falcon_27 azione_RL=CliffordSimp
job=qft_indep_tket_3|ibm_falcon_27 azione_RL=OptimizeCliffords
job=qft_indep_tket_3|ibm_falcon_27 azione_RL=PeepholeOptimise2Q
job=qft_indep_tket_3|ibm_falcon_27 azione_RL=CliffordSimp
job=qft_indep_tket_3|ibm_falcon_27 azione_RL=CommutativeInverseCancellation
job=qft_indep_tket_3|ibm_falcon_27 azione_RL=FullPeepholeOptimiseCX
job=qft_indep_tket_3|ibm_falcon_27 azione_RL=CommutativeCancellation
job=qft_indep_tket_3|ibm_falcon_27 azione_RL=CliffordSimp
job=qft_indep_tket_3|ibm_falcon_27 azione_RL=CommutativeCancellation
job=qft_indep_tket_3|ibm_falcon_27 azione_RL=OptimizeCliffords
job=qft_indep_tket_3|ibm_falcon_27 azione_RL=BasisTranslator
job=qft_indep_tket_3|ibm_falcon_27 azione_RL=CommutativeCancellation
job=qft_indep_tket_3|ibm_falcon_27 azione_RL=PeepholeOptimise2Q
job=qft_indep_tket_3|ibm_falcon_27 azione_RL=RemoveDiagonalGatesBeforeMeasure
job=qft_indep_tket_3|ibm_falcon_27 azione_RL=QiskitO3
job=qft_indep_tket_3|ibm_falcon_27 azione_RL=OptimizeCliffords
job=qft_indep_tket_3|ibm_falcon_27 azione_RL=QiskitO3
job=qft_indep_tket_3|ibm_falcon_27 azione_RL=CommutativeInverseCancellation
job=qft_indep_tket_3|ibm_falcon_27 azione_RL=Opt2qBlocks
job=qft_indep_tket_3|ibm_falcon_27 azione_RL=OptimizeCliffords
job=qft_indep_tket_3|ibm_falcon_27 azione_RL=CliffordSimp
job=qft_indep_tket_3|ibm_falcon_27 azione_RL=PeepholeOptimise2Q
job=qft_indep_tket_3|ibm_falcon_27 azione_RL=PeepholeOptimise2Q
job=qft_indep_tket_3|ibm_falcon_27 azione_RL=Opt2qBlocks
job=qft_indep_tket_3|ibm_falcon_27 azione_RL=PeepholeOptimise2Q
job=qft_indep_tket_3|ibm_falcon_27 azione_RL=OptimizeCliffords
job=qft_indep_tket_3|ibm_falcon_27 azione_RL=BasisTranslator
job=qft_indep_tket_3|ibm_falcon_27 azione_RL=Opt2qBlocks
job=qft_indep_tket_3|ibm_falcon_27 azione_RL=CommutativeInverseCancellation
job=qft_indep_tket_3|ibm_falcon_27 azione_RL=OptimizeCliffords
job=qft_indep_tket_3|ibm_falcon_27 azione_RL=RemoveRedundancies
job=qft_indep_tket_3|ibm_falcon_27 azione_RL=Opt2qBlocks
job=qft_indep_tket_3|ibm_falcon_27 azione_RL=PeepholeOptimise2Q
job=qft_indep_tket_3|ibm_falcon_27 azione_RL=QiskitO3
job=qft_indep_tket_3|ibm_falcon_27 azione_RL=RemoveRedundancies
job=qft_indep_tket_3|ibm_falcon_27 azione_RL=QiskitO3
job=qft_indep_tket_3|ibm_falcon_27 azione_RL=FullPeepholeOptimiseCX
job=qft_indep_tket_3|ibm_falcon_27 azione_RL=CliffordSimp
job=qft_indep_tket_3|ibm_falcon_27 azione_RL=BQSKitSynthesis
job=qft_indep_tket_3|ibm_falcon_27 azione_RL=Opt2qBlocks
job=qft_indep_tket_3|ibm_falcon_27 azione_RL=BasisTranslator
job=qft_indep_tket_3|ibm_falcon_27 azione_RL=Optimize1qGatesDecomposition
job=qft_indep_tket_3|ibm_falcon_27 azione_RL=Opt2qBlocks
job=qft_indep_tket_3|ibm_falcon_27 azione_RL=FullPeepholeOptimiseCX
job=qft_indep_tket_3|ibm_falcon_27 azione_RL=PeepholeOptimise2Q
job=qft_indep_tket_3|ibm_falcon_27 azione_RL=RemoveDiagonalGatesBeforeMeasure
job=qft_indep_tket_3|ibm_falcon_27 azione_RL=BQSKitO2
job=qft_indep_tket_3|ibm_falcon_27 azione_RL=OptimizeCliffords
job=qft_indep_tket_3|ibm_falcon_27 azione_RL=CommutativeInverseCancellation
job=qft_indep_tket_3|ibm_falcon_27 azione_RL=BQSKitO2
job=qft_indep_tket_3|ibm_falcon_27 azione_RL=Optimize1qGatesDecomposition
job=qft_indep_tket_3|ibm_falcon_27 azione_RL=PeepholeOptimise2Q
job=qft_indep_tket_3|ibm_falcon_27 azione_RL=BasisTranslator
job=qft_indep_tket_3|ibm_falcon_27 azione_RL=QiskitO3
job=qft_indep_tket_3|ibm_falcon_27 azione_RL=FullPeepholeOptimiseCX
job=qft_indep_tket_3|ibm_falcon_27 azione_RL=CommutativeCancellation
job=qft_indep_tket_3|ibm_falcon_27 azione_RL=RemoveRedundancies
job=qft_indep_tket_3|ibm_falcon_27 azione_RL=BQSKitO2
job=qft_indep_tket_3|ibm_falcon_27 fallback=QiskitO1
job=qftentangled_indep_qiskit_3|ibm_falcon_27 azione_RL=Optimize1qGatesDecomposition
job=qftentangled_indep_qiskit_3|ibm_falcon_27 azione_RL=RemoveDiagonalGatesBeforeMeasure
job=qftentangled_indep_qiskit_3|ibm_falcon_27 azione_RL=FullPeepholeOptimiseCX
/home/elio/Tesi/.venv/lib/python3.12/site-packages/pytket/extensions/qiskit/qiskit_convert.py:1124: UserWarning: The pytket Circuit contains implicit qubit permutations which aren't handled by default. Consider using the replace_implicit_swaps flag in tk_to_qiskit or replacing them using Circuit.replace_implicit_swaps().
  warnings.warn(  # noqa: B028
job=qftentangled_indep_qiskit_3|ibm_falcon_27 azione_RL=OptimizeCliffords
job=qftentangled_indep_qiskit_3|ibm_falcon_27 azione_RL=BQSKitSynthesis
job=qftentangled_indep_qiskit_3|ibm_falcon_27 azione_RL=OptimizeCliffords
job=qftentangled_indep_qiskit_3|ibm_falcon_27 azione_RL=BQSKitO2
job=qftentangled_indep_qiskit_3|ibm_falcon_27 azione_RL=InverseCancellation
job=qftentangled_indep_qiskit_3|ibm_falcon_27 azione_RL=CliffordSimp
job=qftentangled_indep_qiskit_3|ibm_falcon_27 azione_RL=Optimize1qGatesDecomposition
job=qftentangled_indep_qiskit_3|ibm_falcon_27 azione_RL=Optimize1qGatesDecomposition
job=qftentangled_indep_qiskit_3|ibm_falcon_27 azione_RL=CliffordSimp
job=qftentangled_indep_qiskit_3|ibm_falcon_27 azione_RL=CliffordSimp
job=qftentangled_indep_qiskit_3|ibm_falcon_27 azione_RL=InverseCancellation
job=qftentangled_indep_qiskit_3|ibm_falcon_27 azione_RL=PeepholeOptimise2Q
job=qftentangled_indep_qiskit_3|ibm_falcon_27 azione_RL=FullPeepholeOptimiseCX
job=qftentangled_indep_qiskit_3|ibm_falcon_27 azione_RL=BQSKitO2
job=qftentangled_indep_qiskit_3|ibm_falcon_27 azione_RL=CommutativeInverseCancellation
job=qftentangled_indep_qiskit_3|ibm_falcon_27 azione_RL=CliffordSimp
job=qftentangled_indep_qiskit_3|ibm_falcon_27 azione_RL=BasisTranslator
job=qftentangled_indep_qiskit_3|ibm_falcon_27 azione_RL=QiskitO3
job=qftentangled_indep_qiskit_3|ibm_falcon_27 azione_RL=BQSKitO2
job=qftentangled_indep_qiskit_3|ibm_falcon_27 azione_RL=RemoveDiagonalGatesBeforeMeasure
job=qftentangled_indep_qiskit_3|ibm_falcon_27 azione_RL=Opt2qBlocks
job=qftentangled_indep_qiskit_3|ibm_falcon_27 azione_RL=FullPeepholeOptimiseCX
job=qftentangled_indep_qiskit_3|ibm_falcon_27 azione_RL=BasisTranslator
job=qftentangled_indep_qiskit_3|ibm_falcon_27 azione_RL=CommutativeInverseCancellation
job=qftentangled_indep_qiskit_3|ibm_falcon_27 azione_RL=RemoveDiagonalGatesBeforeMeasure
job=qftentangled_indep_qiskit_3|ibm_falcon_27 azione_RL=CliffordSimp
job=qftentangled_indep_qiskit_3|ibm_falcon_27 azione_RL=Optimize1qGatesDecomposition
job=qftentangled_indep_qiskit_3|ibm_falcon_27 azione_RL=Optimize1qGatesDecomposition
job=qftentangled_indep_qiskit_3|ibm_falcon_27 azione_RL=CliffordSimp
job=qftentangled_indep_qiskit_3|ibm_falcon_27 azione_RL=Optimize1qGatesDecomposition
job=qftentangled_indep_qiskit_3|ibm_falcon_27 azione_RL=InverseCancellation
job=qftentangled_indep_qiskit_3|ibm_falcon_27 azione_RL=PeepholeOptimise2Q
job=qftentangled_indep_qiskit_3|ibm_falcon_27 azione_RL=Optimize1qGatesDecomposition
job=qftentangled_indep_qiskit_3|ibm_falcon_27 azione_RL=RemoveDiagonalGatesBeforeMeasure
job=qftentangled_indep_qiskit_3|ibm_falcon_27 azione_RL=PeepholeOptimise2Q
job=qftentangled_indep_qiskit_3|ibm_falcon_27 azione_RL=Opt2qBlocks
job=qftentangled_indep_qiskit_3|ibm_falcon_27 azione_RL=BQSKitSynthesis
job=qftentangled_indep_qiskit_3|ibm_falcon_27 azione_RL=OptimizeCliffords
job=qftentangled_indep_qiskit_3|ibm_falcon_27 azione_RL=Opt2qBlocks
job=qftentangled_indep_qiskit_3|ibm_falcon_27 azione_RL=QiskitO3
job=qftentangled_indep_qiskit_3|ibm_falcon_27 azione_RL=RemoveDiagonalGatesBeforeMeasure
job=qftentangled_indep_qiskit_3|ibm_falcon_27 azione_RL=Optimize1qGatesDecomposition
job=qftentangled_indep_qiskit_3|ibm_falcon_27 azione_RL=CommutativeInverseCancellation
job=qftentangled_indep_qiskit_3|ibm_falcon_27 azione_RL=CommutativeInverseCancellation
job=qftentangled_indep_qiskit_3|ibm_falcon_27 azione_RL=CliffordSimp
job=qftentangled_indep_qiskit_3|ibm_falcon_27 azione_RL=PeepholeOptimise2Q
job=qftentangled_indep_qiskit_3|ibm_falcon_27 azione_RL=QiskitO3
job=qftentangled_indep_qiskit_3|ibm_falcon_27 azione_RL=Opt2qBlocks
job=qftentangled_indep_qiskit_3|ibm_falcon_27 azione_RL=CommutativeCancellation
job=qftentangled_indep_qiskit_3|ibm_falcon_27 azione_RL=QiskitO3
job=qftentangled_indep_qiskit_3|ibm_falcon_27 azione_RL=CliffordSimp
job=qftentangled_indep_qiskit_3|ibm_falcon_27 azione_RL=OptimizeCliffords
job=qftentangled_indep_qiskit_3|ibm_falcon_27 azione_RL=PeepholeOptimise2Q
job=qftentangled_indep_qiskit_3|ibm_falcon_27 azione_RL=CliffordSimp
job=qftentangled_indep_qiskit_3|ibm_falcon_27 azione_RL=CommutativeInverseCancellation
job=qftentangled_indep_qiskit_3|ibm_falcon_27 azione_RL=FullPeepholeOptimiseCX
job=qftentangled_indep_qiskit_3|ibm_falcon_27 azione_RL=CommutativeCancellation
job=qftentangled_indep_qiskit_3|ibm_falcon_27 azione_RL=CliffordSimp
job=qftentangled_indep_qiskit_3|ibm_falcon_27 azione_RL=CommutativeCancellation
job=qftentangled_indep_qiskit_3|ibm_falcon_27 azione_RL=OptimizeCliffords
job=qftentangled_indep_qiskit_3|ibm_falcon_27 azione_RL=BasisTranslator
job=qftentangled_indep_qiskit_3|ibm_falcon_27 azione_RL=CommutativeCancellation
job=qftentangled_indep_qiskit_3|ibm_falcon_27 azione_RL=PeepholeOptimise2Q
job=qftentangled_indep_qiskit_3|ibm_falcon_27 azione_RL=RemoveDiagonalGatesBeforeMeasure
job=qftentangled_indep_qiskit_3|ibm_falcon_27 azione_RL=QiskitO3
job=qftentangled_indep_qiskit_3|ibm_falcon_27 azione_RL=OptimizeCliffords
job=qftentangled_indep_qiskit_3|ibm_falcon_27 azione_RL=QiskitO3
job=qftentangled_indep_qiskit_3|ibm_falcon_27 azione_RL=CommutativeInverseCancellation
job=qftentangled_indep_qiskit_3|ibm_falcon_27 azione_RL=Opt2qBlocks
job=qftentangled_indep_qiskit_3|ibm_falcon_27 azione_RL=OptimizeCliffords
job=qftentangled_indep_qiskit_3|ibm_falcon_27 azione_RL=CliffordSimp
job=qftentangled_indep_qiskit_3|ibm_falcon_27 azione_RL=PeepholeOptimise2Q
job=qftentangled_indep_qiskit_3|ibm_falcon_27 azione_RL=PeepholeOptimise2Q
job=qftentangled_indep_qiskit_3|ibm_falcon_27 azione_RL=Opt2qBlocks
job=qftentangled_indep_qiskit_3|ibm_falcon_27 azione_RL=PeepholeOptimise2Q
job=qftentangled_indep_qiskit_3|ibm_falcon_27 azione_RL=OptimizeCliffords
job=qftentangled_indep_qiskit_3|ibm_falcon_27 azione_RL=BasisTranslator
job=qftentangled_indep_qiskit_3|ibm_falcon_27 azione_RL=Opt2qBlocks
job=qftentangled_indep_qiskit_3|ibm_falcon_27 azione_RL=CommutativeInverseCancellation
job=qftentangled_indep_qiskit_3|ibm_falcon_27 azione_RL=OptimizeCliffords
job=qftentangled_indep_qiskit_3|ibm_falcon_27 azione_RL=RemoveRedundancies
job=qftentangled_indep_qiskit_3|ibm_falcon_27 azione_RL=Opt2qBlocks
job=qftentangled_indep_qiskit_3|ibm_falcon_27 azione_RL=PeepholeOptimise2Q
job=qftentangled_indep_qiskit_3|ibm_falcon_27 azione_RL=QiskitO3
job=qftentangled_indep_qiskit_3|ibm_falcon_27 azione_RL=RemoveRedundancies
job=qftentangled_indep_qiskit_3|ibm_falcon_27 azione_RL=QiskitO3
job=qftentangled_indep_qiskit_3|ibm_falcon_27 azione_RL=FullPeepholeOptimiseCX
job=qftentangled_indep_qiskit_3|ibm_falcon_27 azione_RL=CliffordSimp
job=qftentangled_indep_qiskit_3|ibm_falcon_27 azione_RL=BQSKitSynthesis
job=qftentangled_indep_qiskit_3|ibm_falcon_27 azione_RL=Opt2qBlocks
job=qftentangled_indep_qiskit_3|ibm_falcon_27 azione_RL=BasisTranslator
job=qftentangled_indep_qiskit_3|ibm_falcon_27 azione_RL=Optimize1qGatesDecomposition
job=qftentangled_indep_qiskit_3|ibm_falcon_27 azione_RL=Opt2qBlocks
job=qftentangled_indep_qiskit_3|ibm_falcon_27 azione_RL=FullPeepholeOptimiseCX
job=qftentangled_indep_qiskit_3|ibm_falcon_27 azione_RL=PeepholeOptimise2Q
job=qftentangled_indep_qiskit_3|ibm_falcon_27 azione_RL=RemoveDiagonalGatesBeforeMeasure
job=qftentangled_indep_qiskit_3|ibm_falcon_27 azione_RL=BQSKitO2
job=qftentangled_indep_qiskit_3|ibm_falcon_27 azione_RL=OptimizeCliffords
job=qftentangled_indep_qiskit_3|ibm_falcon_27 azione_RL=CommutativeInverseCancellation
job=qftentangled_indep_qiskit_3|ibm_falcon_27 azione_RL=BQSKitO2
job=qftentangled_indep_qiskit_3|ibm_falcon_27 fallback=QiskitO1
job=qftentangled_indep_tket_3|ibm_falcon_27 azione_RL=Optimize1qGatesDecomposition
job=qftentangled_indep_tket_3|ibm_falcon_27 azione_RL=RemoveDiagonalGatesBeforeMeasure
job=qftentangled_indep_tket_3|ibm_falcon_27 azione_RL=FullPeepholeOptimiseCX
/home/elio/Tesi/.venv/lib/python3.12/site-packages/pytket/extensions/qiskit/qiskit_convert.py:1124: UserWarning: The pytket Circuit contains implicit qubit permutations which aren't handled by default. Consider using the replace_implicit_swaps flag in tk_to_qiskit or replacing them using Circuit.replace_implicit_swaps().
  warnings.warn(  # noqa: B028
job=qftentangled_indep_tket_3|ibm_falcon_27 azione_RL=OptimizeCliffords
job=qftentangled_indep_tket_3|ibm_falcon_27 azione_RL=BQSKitSynthesis
job=qftentangled_indep_tket_3|ibm_falcon_27 azione_RL=OptimizeCliffords
job=qftentangled_indep_tket_3|ibm_falcon_27 azione_RL=BQSKitO2
job=qftentangled_indep_tket_3|ibm_falcon_27 azione_RL=InverseCancellation
job=qftentangled_indep_tket_3|ibm_falcon_27 azione_RL=CliffordSimp
job=qftentangled_indep_tket_3|ibm_falcon_27 azione_RL=Optimize1qGatesDecomposition
job=qftentangled_indep_tket_3|ibm_falcon_27 azione_RL=Optimize1qGatesDecomposition
job=qftentangled_indep_tket_3|ibm_falcon_27 azione_RL=CliffordSimp
job=qftentangled_indep_tket_3|ibm_falcon_27 azione_RL=CliffordSimp
job=qftentangled_indep_tket_3|ibm_falcon_27 azione_RL=InverseCancellation
job=qftentangled_indep_tket_3|ibm_falcon_27 azione_RL=PeepholeOptimise2Q
job=qftentangled_indep_tket_3|ibm_falcon_27 azione_RL=FullPeepholeOptimiseCX
job=qftentangled_indep_tket_3|ibm_falcon_27 azione_RL=BQSKitO2
job=qftentangled_indep_tket_3|ibm_falcon_27 azione_RL=CommutativeInverseCancellation
job=qftentangled_indep_tket_3|ibm_falcon_27 azione_RL=CliffordSimp
job=qftentangled_indep_tket_3|ibm_falcon_27 azione_RL=BasisTranslator
job=qftentangled_indep_tket_3|ibm_falcon_27 azione_RL=QiskitO3
job=qftentangled_indep_tket_3|ibm_falcon_27 azione_RL=BQSKitO2
job=qftentangled_indep_tket_3|ibm_falcon_27 azione_RL=RemoveDiagonalGatesBeforeMeasure
job=qftentangled_indep_tket_3|ibm_falcon_27 azione_RL=Opt2qBlocks
job=qftentangled_indep_tket_3|ibm_falcon_27 azione_RL=FullPeepholeOptimiseCX
job=qftentangled_indep_tket_3|ibm_falcon_27 azione_RL=BasisTranslator
job=qftentangled_indep_tket_3|ibm_falcon_27 azione_RL=CommutativeInverseCancellation
job=qftentangled_indep_tket_3|ibm_falcon_27 azione_RL=RemoveDiagonalGatesBeforeMeasure
job=qftentangled_indep_tket_3|ibm_falcon_27 azione_RL=CliffordSimp
job=qftentangled_indep_tket_3|ibm_falcon_27 azione_RL=Optimize1qGatesDecomposition
job=qftentangled_indep_tket_3|ibm_falcon_27 azione_RL=Optimize1qGatesDecomposition
job=qftentangled_indep_tket_3|ibm_falcon_27 azione_RL=CliffordSimp
job=qftentangled_indep_tket_3|ibm_falcon_27 azione_RL=Optimize1qGatesDecomposition
job=qftentangled_indep_tket_3|ibm_falcon_27 azione_RL=InverseCancellation
job=qftentangled_indep_tket_3|ibm_falcon_27 azione_RL=PeepholeOptimise2Q
job=qftentangled_indep_tket_3|ibm_falcon_27 azione_RL=Optimize1qGatesDecomposition
job=qftentangled_indep_tket_3|ibm_falcon_27 azione_RL=RemoveDiagonalGatesBeforeMeasure
job=qftentangled_indep_tket_3|ibm_falcon_27 azione_RL=PeepholeOptimise2Q
job=qftentangled_indep_tket_3|ibm_falcon_27 azione_RL=Opt2qBlocks
job=qftentangled_indep_tket_3|ibm_falcon_27 azione_RL=BQSKitSynthesis
job=qftentangled_indep_tket_3|ibm_falcon_27 azione_RL=OptimizeCliffords
job=qftentangled_indep_tket_3|ibm_falcon_27 azione_RL=Opt2qBlocks
job=qftentangled_indep_tket_3|ibm_falcon_27 azione_RL=QiskitO3
job=qftentangled_indep_tket_3|ibm_falcon_27 azione_RL=RemoveDiagonalGatesBeforeMeasure
job=qftentangled_indep_tket_3|ibm_falcon_27 azione_RL=Optimize1qGatesDecomposition
job=qftentangled_indep_tket_3|ibm_falcon_27 azione_RL=CommutativeInverseCancellation
job=qftentangled_indep_tket_3|ibm_falcon_27 azione_RL=CommutativeInverseCancellation
job=qftentangled_indep_tket_3|ibm_falcon_27 azione_RL=CliffordSimp
job=qftentangled_indep_tket_3|ibm_falcon_27 azione_RL=PeepholeOptimise2Q
job=qftentangled_indep_tket_3|ibm_falcon_27 azione_RL=QiskitO3
job=qftentangled_indep_tket_3|ibm_falcon_27 azione_RL=Opt2qBlocks
job=qftentangled_indep_tket_3|ibm_falcon_27 azione_RL=CommutativeCancellation
job=qftentangled_indep_tket_3|ibm_falcon_27 azione_RL=QiskitO3
job=qftentangled_indep_tket_3|ibm_falcon_27 azione_RL=CliffordSimp
job=qftentangled_indep_tket_3|ibm_falcon_27 azione_RL=OptimizeCliffords
job=qftentangled_indep_tket_3|ibm_falcon_27 azione_RL=PeepholeOptimise2Q
job=qftentangled_indep_tket_3|ibm_falcon_27 azione_RL=CliffordSimp
job=qftentangled_indep_tket_3|ibm_falcon_27 azione_RL=CommutativeInverseCancellation
job=qftentangled_indep_tket_3|ibm_falcon_27 azione_RL=FullPeepholeOptimiseCX
job=qftentangled_indep_tket_3|ibm_falcon_27 azione_RL=CommutativeCancellation
job=qftentangled_indep_tket_3|ibm_falcon_27 azione_RL=CliffordSimp
job=qftentangled_indep_tket_3|ibm_falcon_27 azione_RL=CommutativeCancellation
job=qftentangled_indep_tket_3|ibm_falcon_27 azione_RL=OptimizeCliffords
job=qftentangled_indep_tket_3|ibm_falcon_27 azione_RL=BasisTranslator
job=qftentangled_indep_tket_3|ibm_falcon_27 azione_RL=CommutativeCancellation
job=qftentangled_indep_tket_3|ibm_falcon_27 azione_RL=PeepholeOptimise2Q
job=qftentangled_indep_tket_3|ibm_falcon_27 azione_RL=RemoveDiagonalGatesBeforeMeasure
job=qftentangled_indep_tket_3|ibm_falcon_27 azione_RL=QiskitO3
job=qftentangled_indep_tket_3|ibm_falcon_27 azione_RL=OptimizeCliffords
job=qftentangled_indep_tket_3|ibm_falcon_27 azione_RL=QiskitO3
job=qftentangled_indep_tket_3|ibm_falcon_27 azione_RL=CommutativeInverseCancellation
job=qftentangled_indep_tket_3|ibm_falcon_27 azione_RL=Opt2qBlocks
job=qftentangled_indep_tket_3|ibm_falcon_27 azione_RL=OptimizeCliffords
job=qftentangled_indep_tket_3|ibm_falcon_27 azione_RL=CliffordSimp
job=qftentangled_indep_tket_3|ibm_falcon_27 azione_RL=PeepholeOptimise2Q
job=qftentangled_indep_tket_3|ibm_falcon_27 azione_RL=PeepholeOptimise2Q
job=qftentangled_indep_tket_3|ibm_falcon_27 azione_RL=Opt2qBlocks
job=qftentangled_indep_tket_3|ibm_falcon_27 azione_RL=PeepholeOptimise2Q
job=qftentangled_indep_tket_3|ibm_falcon_27 azione_RL=OptimizeCliffords
job=qftentangled_indep_tket_3|ibm_falcon_27 azione_RL=BasisTranslator
job=qftentangled_indep_tket_3|ibm_falcon_27 azione_RL=Opt2qBlocks
job=qftentangled_indep_tket_3|ibm_falcon_27 azione_RL=CommutativeInverseCancellation
job=qftentangled_indep_tket_3|ibm_falcon_27 azione_RL=OptimizeCliffords
job=qftentangled_indep_tket_3|ibm_falcon_27 azione_RL=RemoveRedundancies
job=qftentangled_indep_tket_3|ibm_falcon_27 azione_RL=Opt2qBlocks
job=qftentangled_indep_tket_3|ibm_falcon_27 azione_RL=PeepholeOptimise2Q
job=qftentangled_indep_tket_3|ibm_falcon_27 azione_RL=QiskitO3
job=qftentangled_indep_tket_3|ibm_falcon_27 azione_RL=RemoveRedundancies
job=qftentangled_indep_tket_3|ibm_falcon_27 azione_RL=QiskitO3
job=qftentangled_indep_tket_3|ibm_falcon_27 azione_RL=FullPeepholeOptimiseCX
job=qftentangled_indep_tket_3|ibm_falcon_27 azione_RL=CliffordSimp
job=qftentangled_indep_tket_3|ibm_falcon_27 azione_RL=BQSKitSynthesis
job=qftentangled_indep_tket_3|ibm_falcon_27 azione_RL=Opt2qBlocks
job=qftentangled_indep_tket_3|ibm_falcon_27 azione_RL=BasisTranslator
job=qftentangled_indep_tket_3|ibm_falcon_27 azione_RL=Optimize1qGatesDecomposition
job=qftentangled_indep_tket_3|ibm_falcon_27 azione_RL=Opt2qBlocks
job=qftentangled_indep_tket_3|ibm_falcon_27 azione_RL=FullPeepholeOptimiseCX
job=qftentangled_indep_tket_3|ibm_falcon_27 azione_RL=PeepholeOptimise2Q
job=qftentangled_indep_tket_3|ibm_falcon_27 azione_RL=RemoveDiagonalGatesBeforeMeasure
job=qftentangled_indep_tket_3|ibm_falcon_27 azione_RL=BQSKitO2
job=qftentangled_indep_tket_3|ibm_falcon_27 azione_RL=OptimizeCliffords
job=qftentangled_indep_tket_3|ibm_falcon_27 azione_RL=CommutativeInverseCancellation
job=qftentangled_indep_tket_3|ibm_falcon_27 azione_RL=BQSKitO2
job=qftentangled_indep_tket_3|ibm_falcon_27 fallback=QiskitO1
job=qnn_indep_qiskit_3|ibm_falcon_27 azione_RL=Optimize1qGatesDecomposition
job=qnn_indep_qiskit_3|ibm_falcon_27 azione_RL=RemoveDiagonalGatesBeforeMeasure
job=qnn_indep_qiskit_3|ibm_falcon_27 azione_RL=FullPeepholeOptimiseCX
job=qnn_indep_qiskit_3|ibm_falcon_27 azione_RL=OptimizeCliffords
job=qnn_indep_qiskit_3|ibm_falcon_27 azione_RL=BQSKitSynthesis
job=qnn_indep_qiskit_3|ibm_falcon_27 azione_RL=OptimizeCliffords
job=qnn_indep_qiskit_3|ibm_falcon_27 azione_RL=BQSKitO2
job=qnn_indep_qiskit_3|ibm_falcon_27 azione_RL=InverseCancellation
job=qnn_indep_qiskit_3|ibm_falcon_27 azione_RL=CliffordSimp
job=qnn_indep_qiskit_3|ibm_falcon_27 azione_RL=Optimize1qGatesDecomposition
job=qnn_indep_qiskit_3|ibm_falcon_27 azione_RL=Optimize1qGatesDecomposition
job=qnn_indep_qiskit_3|ibm_falcon_27 azione_RL=CliffordSimp
job=qnn_indep_qiskit_3|ibm_falcon_27 azione_RL=CliffordSimp
job=qnn_indep_qiskit_3|ibm_falcon_27 azione_RL=InverseCancellation
job=qnn_indep_qiskit_3|ibm_falcon_27 azione_RL=PeepholeOptimise2Q
job=qnn_indep_qiskit_3|ibm_falcon_27 azione_RL=FullPeepholeOptimiseCX
job=qnn_indep_qiskit_3|ibm_falcon_27 azione_RL=BQSKitO2
job=qnn_indep_qiskit_3|ibm_falcon_27 azione_RL=CommutativeInverseCancellation
job=qnn_indep_qiskit_3|ibm_falcon_27 azione_RL=CliffordSimp
job=qnn_indep_qiskit_3|ibm_falcon_27 azione_RL=BasisTranslator
job=qnn_indep_qiskit_3|ibm_falcon_27 azione_RL=QiskitO3
job=qnn_indep_qiskit_3|ibm_falcon_27 azione_RL=BQSKitO2
job=qnn_indep_qiskit_3|ibm_falcon_27 azione_RL=RemoveDiagonalGatesBeforeMeasure
job=qnn_indep_qiskit_3|ibm_falcon_27 azione_RL=Opt2qBlocks
job=qnn_indep_qiskit_3|ibm_falcon_27 azione_RL=FullPeepholeOptimiseCX
job=qnn_indep_qiskit_3|ibm_falcon_27 azione_RL=BasisTranslator
job=qnn_indep_qiskit_3|ibm_falcon_27 azione_RL=CommutativeInverseCancellation
job=qnn_indep_qiskit_3|ibm_falcon_27 azione_RL=RemoveDiagonalGatesBeforeMeasure
job=qnn_indep_qiskit_3|ibm_falcon_27 azione_RL=CliffordSimp
job=qnn_indep_qiskit_3|ibm_falcon_27 azione_RL=Optimize1qGatesDecomposition
job=qnn_indep_qiskit_3|ibm_falcon_27 azione_RL=Optimize1qGatesDecomposition
job=qnn_indep_qiskit_3|ibm_falcon_27 azione_RL=CliffordSimp
job=qnn_indep_qiskit_3|ibm_falcon_27 azione_RL=Optimize1qGatesDecomposition
job=qnn_indep_qiskit_3|ibm_falcon_27 azione_RL=InverseCancellation
job=qnn_indep_qiskit_3|ibm_falcon_27 azione_RL=PeepholeOptimise2Q
job=qnn_indep_qiskit_3|ibm_falcon_27 azione_RL=Optimize1qGatesDecomposition
job=qnn_indep_qiskit_3|ibm_falcon_27 azione_RL=FullPeepholeOptimiseCX
job=qnn_indep_qiskit_3|ibm_falcon_27 azione_RL=PeepholeOptimise2Q
job=qnn_indep_qiskit_3|ibm_falcon_27 azione_RL=Opt2qBlocks
job=qnn_indep_qiskit_3|ibm_falcon_27 azione_RL=BQSKitSynthesis
job=qnn_indep_qiskit_3|ibm_falcon_27 azione_RL=OptimizeCliffords
job=qnn_indep_qiskit_3|ibm_falcon_27 azione_RL=Opt2qBlocks
job=qnn_indep_qiskit_3|ibm_falcon_27 azione_RL=QiskitO3
job=qnn_indep_qiskit_3|ibm_falcon_27 azione_RL=RemoveDiagonalGatesBeforeMeasure
job=qnn_indep_qiskit_3|ibm_falcon_27 azione_RL=Optimize1qGatesDecomposition
job=qnn_indep_qiskit_3|ibm_falcon_27 azione_RL=CommutativeInverseCancellation
job=qnn_indep_qiskit_3|ibm_falcon_27 azione_RL=CommutativeInverseCancellation
job=qnn_indep_qiskit_3|ibm_falcon_27 azione_RL=CliffordSimp
job=qnn_indep_qiskit_3|ibm_falcon_27 azione_RL=PeepholeOptimise2Q
job=qnn_indep_qiskit_3|ibm_falcon_27 azione_RL=QiskitO3
job=qnn_indep_qiskit_3|ibm_falcon_27 azione_RL=Opt2qBlocks
job=qnn_indep_qiskit_3|ibm_falcon_27 azione_RL=CommutativeCancellation
job=qnn_indep_qiskit_3|ibm_falcon_27 azione_RL=QiskitO3
job=qnn_indep_qiskit_3|ibm_falcon_27 azione_RL=CliffordSimp
job=qnn_indep_qiskit_3|ibm_falcon_27 azione_RL=OptimizeCliffords
job=qnn_indep_qiskit_3|ibm_falcon_27 azione_RL=PeepholeOptimise2Q
job=qnn_indep_qiskit_3|ibm_falcon_27 azione_RL=CliffordSimp
job=qnn_indep_qiskit_3|ibm_falcon_27 azione_RL=CommutativeInverseCancellation
job=qnn_indep_qiskit_3|ibm_falcon_27 azione_RL=FullPeepholeOptimiseCX
job=qnn_indep_qiskit_3|ibm_falcon_27 azione_RL=CommutativeCancellation
job=qnn_indep_qiskit_3|ibm_falcon_27 azione_RL=CliffordSimp
job=qnn_indep_qiskit_3|ibm_falcon_27 azione_RL=CommutativeCancellation
job=qnn_indep_qiskit_3|ibm_falcon_27 azione_RL=OptimizeCliffords
job=qnn_indep_qiskit_3|ibm_falcon_27 azione_RL=BasisTranslator
job=qnn_indep_qiskit_3|ibm_falcon_27 azione_RL=CommutativeCancellation
job=qnn_indep_qiskit_3|ibm_falcon_27 azione_RL=PeepholeOptimise2Q
job=qnn_indep_qiskit_3|ibm_falcon_27 azione_RL=RemoveDiagonalGatesBeforeMeasure
job=qnn_indep_qiskit_3|ibm_falcon_27 azione_RL=QiskitO3
job=qnn_indep_qiskit_3|ibm_falcon_27 azione_RL=OptimizeCliffords
job=qnn_indep_qiskit_3|ibm_falcon_27 azione_RL=QiskitO3
job=qnn_indep_qiskit_3|ibm_falcon_27 azione_RL=CommutativeInverseCancellation
job=qnn_indep_qiskit_3|ibm_falcon_27 azione_RL=Opt2qBlocks
job=qnn_indep_qiskit_3|ibm_falcon_27 azione_RL=OptimizeCliffords
job=qnn_indep_qiskit_3|ibm_falcon_27 azione_RL=CliffordSimp
job=qnn_indep_qiskit_3|ibm_falcon_27 azione_RL=PeepholeOptimise2Q
job=qnn_indep_qiskit_3|ibm_falcon_27 azione_RL=PeepholeOptimise2Q
job=qnn_indep_qiskit_3|ibm_falcon_27 azione_RL=Opt2qBlocks
job=qnn_indep_qiskit_3|ibm_falcon_27 azione_RL=PeepholeOptimise2Q
job=qnn_indep_qiskit_3|ibm_falcon_27 azione_RL=OptimizeCliffords
job=qnn_indep_qiskit_3|ibm_falcon_27 azione_RL=BasisTranslator
job=qnn_indep_qiskit_3|ibm_falcon_27 azione_RL=Opt2qBlocks
job=qnn_indep_qiskit_3|ibm_falcon_27 azione_RL=CommutativeInverseCancellation
job=qnn_indep_qiskit_3|ibm_falcon_27 azione_RL=OptimizeCliffords
job=qnn_indep_qiskit_3|ibm_falcon_27 azione_RL=RemoveRedundancies
job=qnn_indep_qiskit_3|ibm_falcon_27 azione_RL=Opt2qBlocks
job=qnn_indep_qiskit_3|ibm_falcon_27 azione_RL=PeepholeOptimise2Q
job=qnn_indep_qiskit_3|ibm_falcon_27 azione_RL=QiskitO3
job=qnn_indep_qiskit_3|ibm_falcon_27 azione_RL=RemoveRedundancies
job=qnn_indep_qiskit_3|ibm_falcon_27 azione_RL=QiskitO3
job=qnn_indep_qiskit_3|ibm_falcon_27 azione_RL=FullPeepholeOptimiseCX
job=qnn_indep_qiskit_3|ibm_falcon_27 azione_RL=CliffordSimp
job=qnn_indep_qiskit_3|ibm_falcon_27 azione_RL=BQSKitSynthesis
job=qnn_indep_qiskit_3|ibm_falcon_27 azione_RL=Opt2qBlocks
job=qnn_indep_qiskit_3|ibm_falcon_27 azione_RL=BasisTranslator
job=qnn_indep_qiskit_3|ibm_falcon_27 azione_RL=Optimize1qGatesDecomposition
job=qnn_indep_qiskit_3|ibm_falcon_27 azione_RL=Opt2qBlocks
job=qnn_indep_qiskit_3|ibm_falcon_27 azione_RL=FullPeepholeOptimiseCX
job=qnn_indep_qiskit_3|ibm_falcon_27 fallback=QiskitO1
job=qnn_indep_tket_3|ibm_falcon_27 azione_RL=Optimize1qGatesDecomposition
job=qnn_indep_tket_3|ibm_falcon_27 azione_RL=RemoveDiagonalGatesBeforeMeasure
job=qnn_indep_tket_3|ibm_falcon_27 azione_RL=FullPeepholeOptimiseCX
job=qnn_indep_tket_3|ibm_falcon_27 azione_RL=OptimizeCliffords
job=qnn_indep_tket_3|ibm_falcon_27 azione_RL=BQSKitSynthesis
job=qnn_indep_tket_3|ibm_falcon_27 azione_RL=OptimizeCliffords
job=qnn_indep_tket_3|ibm_falcon_27 azione_RL=BQSKitO2
job=qnn_indep_tket_3|ibm_falcon_27 azione_RL=InverseCancellation
job=qnn_indep_tket_3|ibm_falcon_27 azione_RL=CliffordSimp
job=qnn_indep_tket_3|ibm_falcon_27 azione_RL=Optimize1qGatesDecomposition
job=qnn_indep_tket_3|ibm_falcon_27 azione_RL=Optimize1qGatesDecomposition
job=qnn_indep_tket_3|ibm_falcon_27 azione_RL=CliffordSimp
job=qnn_indep_tket_3|ibm_falcon_27 azione_RL=CliffordSimp
job=qnn_indep_tket_3|ibm_falcon_27 azione_RL=InverseCancellation
job=qnn_indep_tket_3|ibm_falcon_27 azione_RL=PeepholeOptimise2Q
job=qnn_indep_tket_3|ibm_falcon_27 azione_RL=FullPeepholeOptimiseCX
job=qnn_indep_tket_3|ibm_falcon_27 azione_RL=BQSKitO2
job=qnn_indep_tket_3|ibm_falcon_27 azione_RL=CommutativeInverseCancellation
job=qnn_indep_tket_3|ibm_falcon_27 azione_RL=CliffordSimp
job=qnn_indep_tket_3|ibm_falcon_27 azione_RL=BasisTranslator
job=qnn_indep_tket_3|ibm_falcon_27 azione_RL=QiskitO3
job=qnn_indep_tket_3|ibm_falcon_27 azione_RL=BQSKitO2
job=qnn_indep_tket_3|ibm_falcon_27 azione_RL=RemoveDiagonalGatesBeforeMeasure
job=qnn_indep_tket_3|ibm_falcon_27 azione_RL=Opt2qBlocks
job=qnn_indep_tket_3|ibm_falcon_27 azione_RL=FullPeepholeOptimiseCX
job=qnn_indep_tket_3|ibm_falcon_27 azione_RL=BasisTranslator
job=qnn_indep_tket_3|ibm_falcon_27 azione_RL=CommutativeInverseCancellation
job=qnn_indep_tket_3|ibm_falcon_27 azione_RL=RemoveDiagonalGatesBeforeMeasure
job=qnn_indep_tket_3|ibm_falcon_27 azione_RL=CliffordSimp
job=qnn_indep_tket_3|ibm_falcon_27 azione_RL=Optimize1qGatesDecomposition
job=qnn_indep_tket_3|ibm_falcon_27 azione_RL=Optimize1qGatesDecomposition
job=qnn_indep_tket_3|ibm_falcon_27 azione_RL=CliffordSimp
job=qnn_indep_tket_3|ibm_falcon_27 azione_RL=Optimize1qGatesDecomposition
job=qnn_indep_tket_3|ibm_falcon_27 azione_RL=InverseCancellation
job=qnn_indep_tket_3|ibm_falcon_27 azione_RL=PeepholeOptimise2Q
job=qnn_indep_tket_3|ibm_falcon_27 azione_RL=Optimize1qGatesDecomposition
job=qnn_indep_tket_3|ibm_falcon_27 azione_RL=FullPeepholeOptimiseCX
job=qnn_indep_tket_3|ibm_falcon_27 azione_RL=PeepholeOptimise2Q
job=qnn_indep_tket_3|ibm_falcon_27 azione_RL=Opt2qBlocks
job=qnn_indep_tket_3|ibm_falcon_27 azione_RL=BQSKitSynthesis
job=qnn_indep_tket_3|ibm_falcon_27 azione_RL=OptimizeCliffords
job=qnn_indep_tket_3|ibm_falcon_27 azione_RL=Opt2qBlocks
job=qnn_indep_tket_3|ibm_falcon_27 azione_RL=QiskitO3
job=qnn_indep_tket_3|ibm_falcon_27 azione_RL=RemoveDiagonalGatesBeforeMeasure
job=qnn_indep_tket_3|ibm_falcon_27 azione_RL=Optimize1qGatesDecomposition
job=qnn_indep_tket_3|ibm_falcon_27 azione_RL=CommutativeInverseCancellation
job=qnn_indep_tket_3|ibm_falcon_27 azione_RL=CommutativeInverseCancellation
job=qnn_indep_tket_3|ibm_falcon_27 azione_RL=CliffordSimp
job=qnn_indep_tket_3|ibm_falcon_27 azione_RL=PeepholeOptimise2Q
job=qnn_indep_tket_3|ibm_falcon_27 azione_RL=QiskitO3
job=qnn_indep_tket_3|ibm_falcon_27 azione_RL=Opt2qBlocks
job=qnn_indep_tket_3|ibm_falcon_27 azione_RL=CommutativeCancellation
job=qnn_indep_tket_3|ibm_falcon_27 azione_RL=QiskitO3
job=qnn_indep_tket_3|ibm_falcon_27 azione_RL=CliffordSimp
job=qnn_indep_tket_3|ibm_falcon_27 azione_RL=OptimizeCliffords
job=qnn_indep_tket_3|ibm_falcon_27 azione_RL=PeepholeOptimise2Q
job=qnn_indep_tket_3|ibm_falcon_27 azione_RL=CliffordSimp
job=qnn_indep_tket_3|ibm_falcon_27 azione_RL=CommutativeInverseCancellation
job=qnn_indep_tket_3|ibm_falcon_27 azione_RL=FullPeepholeOptimiseCX
job=qnn_indep_tket_3|ibm_falcon_27 azione_RL=CommutativeCancellation
job=qnn_indep_tket_3|ibm_falcon_27 azione_RL=CliffordSimp
job=qnn_indep_tket_3|ibm_falcon_27 azione_RL=CommutativeCancellation
job=qnn_indep_tket_3|ibm_falcon_27 azione_RL=BQSKitO2
job=qnn_indep_tket_3|ibm_falcon_27 azione_RL=BasisTranslator
job=qnn_indep_tket_3|ibm_falcon_27 azione_RL=CommutativeCancellation
job=qnn_indep_tket_3|ibm_falcon_27 azione_RL=PeepholeOptimise2Q
job=qnn_indep_tket_3|ibm_falcon_27 azione_RL=RemoveDiagonalGatesBeforeMeasure
job=qnn_indep_tket_3|ibm_falcon_27 azione_RL=QiskitO3
job=qnn_indep_tket_3|ibm_falcon_27 azione_RL=OptimizeCliffords
job=qnn_indep_tket_3|ibm_falcon_27 azione_RL=QiskitO3
job=qnn_indep_tket_3|ibm_falcon_27 azione_RL=CommutativeInverseCancellation
job=qnn_indep_tket_3|ibm_falcon_27 azione_RL=Opt2qBlocks
job=qnn_indep_tket_3|ibm_falcon_27 azione_RL=OptimizeCliffords
job=qnn_indep_tket_3|ibm_falcon_27 azione_RL=CliffordSimp
job=qnn_indep_tket_3|ibm_falcon_27 azione_RL=PeepholeOptimise2Q
job=qnn_indep_tket_3|ibm_falcon_27 azione_RL=PeepholeOptimise2Q
job=qnn_indep_tket_3|ibm_falcon_27 azione_RL=Opt2qBlocks
job=qnn_indep_tket_3|ibm_falcon_27 azione_RL=PeepholeOptimise2Q
job=qnn_indep_tket_3|ibm_falcon_27 azione_RL=OptimizeCliffords
job=qnn_indep_tket_3|ibm_falcon_27 azione_RL=BasisTranslator
job=qnn_indep_tket_3|ibm_falcon_27 azione_RL=Opt2qBlocks
job=qnn_indep_tket_3|ibm_falcon_27 azione_RL=CommutativeInverseCancellation
job=qnn_indep_tket_3|ibm_falcon_27 azione_RL=OptimizeCliffords
job=qnn_indep_tket_3|ibm_falcon_27 azione_RL=RemoveRedundancies
job=qnn_indep_tket_3|ibm_falcon_27 azione_RL=Opt2qBlocks
job=qnn_indep_tket_3|ibm_falcon_27 azione_RL=PeepholeOptimise2Q
job=qnn_indep_tket_3|ibm_falcon_27 azione_RL=QiskitO3
job=qnn_indep_tket_3|ibm_falcon_27 azione_RL=RemoveRedundancies
job=qnn_indep_tket_3|ibm_falcon_27 azione_RL=QiskitO3
job=qnn_indep_tket_3|ibm_falcon_27 azione_RL=FullPeepholeOptimiseCX
job=qnn_indep_tket_3|ibm_falcon_27 azione_RL=CliffordSimp
job=qnn_indep_tket_3|ibm_falcon_27 azione_RL=BQSKitSynthesis
job=qnn_indep_tket_3|ibm_falcon_27 fallback=QiskitO1
job=qpeinexact_indep_qiskit_3|ibm_falcon_27 azione_RL=Optimize1qGatesDecomposition
job=qpeinexact_indep_qiskit_3|ibm_falcon_27 azione_RL=RemoveDiagonalGatesBeforeMeasure
job=qpeinexact_indep_qiskit_3|ibm_falcon_27 azione_RL=FullPeepholeOptimiseCX
/home/elio/Tesi/.venv/lib/python3.12/site-packages/pytket/extensions/qiskit/qiskit_convert.py:1124: UserWarning: The pytket Circuit contains implicit qubit permutations which aren't handled by default. Consider using the replace_implicit_swaps flag in tk_to_qiskit or replacing them using Circuit.replace_implicit_swaps().
  warnings.warn(  # noqa: B028
job=qpeinexact_indep_qiskit_3|ibm_falcon_27 azione_RL=OptimizeCliffords
job=qpeinexact_indep_qiskit_3|ibm_falcon_27 azione_RL=BQSKitSynthesis
job=qpeinexact_indep_qiskit_3|ibm_falcon_27 azione_RL=OptimizeCliffords
job=qpeinexact_indep_qiskit_3|ibm_falcon_27 azione_RL=BQSKitO2
job=qpeinexact_indep_qiskit_3|ibm_falcon_27 azione_RL=InverseCancellation
job=qpeinexact_indep_qiskit_3|ibm_falcon_27 azione_RL=CliffordSimp
job=qpeinexact_indep_qiskit_3|ibm_falcon_27 azione_RL=Optimize1qGatesDecomposition
job=qpeinexact_indep_qiskit_3|ibm_falcon_27 azione_RL=Optimize1qGatesDecomposition
job=qpeinexact_indep_qiskit_3|ibm_falcon_27 azione_RL=CliffordSimp
job=qpeinexact_indep_qiskit_3|ibm_falcon_27 azione_RL=CliffordSimp
job=qpeinexact_indep_qiskit_3|ibm_falcon_27 azione_RL=InverseCancellation
job=qpeinexact_indep_qiskit_3|ibm_falcon_27 azione_RL=PeepholeOptimise2Q
job=qpeinexact_indep_qiskit_3|ibm_falcon_27 azione_RL=FullPeepholeOptimiseCX
job=qpeinexact_indep_qiskit_3|ibm_falcon_27 azione_RL=BQSKitO2
job=qpeinexact_indep_qiskit_3|ibm_falcon_27 azione_RL=CommutativeInverseCancellation
job=qpeinexact_indep_qiskit_3|ibm_falcon_27 azione_RL=CliffordSimp
job=qpeinexact_indep_qiskit_3|ibm_falcon_27 azione_RL=BasisTranslator
job=qpeinexact_indep_qiskit_3|ibm_falcon_27 azione_RL=QiskitO3
job=qpeinexact_indep_qiskit_3|ibm_falcon_27 azione_RL=VF2Layout
job=qpeinexact_indep_qiskit_3|ibm_falcon_27 azione_RL=RemoveDiagonalGatesBeforeMeasure
job=qpeinexact_indep_qiskit_3|ibm_falcon_27 azione_RL=Opt2qBlocks
job=qpeinexact_indep_qiskit_3|ibm_falcon_27 azione_RL=Optimize1qGatesDecomposition
job=qpeinexact_indep_qiskit_3|ibm_falcon_27 azione_RL=BasisTranslator
job=qpeinexact_indep_qiskit_3|ibm_falcon_27 azione_RL=terminate
job=random_indep_qiskit_3|ibm_falcon_27 azione_RL=Optimize1qGatesDecomposition
job=random_indep_qiskit_3|ibm_falcon_27 azione_RL=RemoveDiagonalGatesBeforeMeasure
job=random_indep_qiskit_3|ibm_falcon_27 azione_RL=FullPeepholeOptimiseCX
job=random_indep_qiskit_3|ibm_falcon_27 azione_RL=OptimizeCliffords
job=random_indep_qiskit_3|ibm_falcon_27 azione_RL=BQSKitSynthesis
job=random_indep_qiskit_3|ibm_falcon_27 azione_RL=OptimizeCliffords
job=random_indep_qiskit_3|ibm_falcon_27 azione_RL=BQSKitO2
job=random_indep_qiskit_3|ibm_falcon_27 azione_RL=InverseCancellation
job=random_indep_qiskit_3|ibm_falcon_27 azione_RL=CliffordSimp
job=random_indep_qiskit_3|ibm_falcon_27 azione_RL=Optimize1qGatesDecomposition
job=random_indep_qiskit_3|ibm_falcon_27 azione_RL=Optimize1qGatesDecomposition
job=random_indep_qiskit_3|ibm_falcon_27 azione_RL=CliffordSimp
job=random_indep_qiskit_3|ibm_falcon_27 azione_RL=CliffordSimp
job=random_indep_qiskit_3|ibm_falcon_27 azione_RL=InverseCancellation
job=random_indep_qiskit_3|ibm_falcon_27 azione_RL=PeepholeOptimise2Q
job=random_indep_qiskit_3|ibm_falcon_27 azione_RL=FullPeepholeOptimiseCX
job=random_indep_qiskit_3|ibm_falcon_27 azione_RL=BQSKitO2
job=random_indep_qiskit_3|ibm_falcon_27 azione_RL=CommutativeInverseCancellation
job=random_indep_qiskit_3|ibm_falcon_27 azione_RL=CliffordSimp
job=random_indep_qiskit_3|ibm_falcon_27 azione_RL=BasisTranslator
job=random_indep_qiskit_3|ibm_falcon_27 azione_RL=QiskitO3
job=random_indep_qiskit_3|ibm_falcon_27 azione_RL=BQSKitO2
job=random_indep_qiskit_3|ibm_falcon_27 azione_RL=RemoveDiagonalGatesBeforeMeasure
job=random_indep_qiskit_3|ibm_falcon_27 azione_RL=Opt2qBlocks
job=random_indep_qiskit_3|ibm_falcon_27 azione_RL=FullPeepholeOptimiseCX
job=random_indep_qiskit_3|ibm_falcon_27 azione_RL=BasisTranslator
job=random_indep_qiskit_3|ibm_falcon_27 azione_RL=CommutativeInverseCancellation
job=random_indep_qiskit_3|ibm_falcon_27 azione_RL=RemoveDiagonalGatesBeforeMeasure
job=random_indep_qiskit_3|ibm_falcon_27 azione_RL=CliffordSimp
job=random_indep_qiskit_3|ibm_falcon_27 azione_RL=Optimize1qGatesDecomposition
job=random_indep_qiskit_3|ibm_falcon_27 azione_RL=Optimize1qGatesDecomposition
job=random_indep_qiskit_3|ibm_falcon_27 azione_RL=CliffordSimp
job=random_indep_qiskit_3|ibm_falcon_27 azione_RL=Optimize1qGatesDecomposition
job=random_indep_qiskit_3|ibm_falcon_27 azione_RL=InverseCancellation
job=random_indep_qiskit_3|ibm_falcon_27 azione_RL=PeepholeOptimise2Q
job=random_indep_qiskit_3|ibm_falcon_27 azione_RL=Optimize1qGatesDecomposition
job=random_indep_qiskit_3|ibm_falcon_27 azione_RL=FullPeepholeOptimiseCX
job=random_indep_qiskit_3|ibm_falcon_27 azione_RL=PeepholeOptimise2Q
job=random_indep_qiskit_3|ibm_falcon_27 azione_RL=Opt2qBlocks
job=random_indep_qiskit_3|ibm_falcon_27 azione_RL=BQSKitSynthesis
job=random_indep_qiskit_3|ibm_falcon_27 azione_RL=OptimizeCliffords
job=random_indep_qiskit_3|ibm_falcon_27 azione_RL=Opt2qBlocks
job=random_indep_qiskit_3|ibm_falcon_27 azione_RL=QiskitO3
job=random_indep_qiskit_3|ibm_falcon_27 azione_RL=RemoveDiagonalGatesBeforeMeasure
job=random_indep_qiskit_3|ibm_falcon_27 azione_RL=Optimize1qGatesDecomposition
job=random_indep_qiskit_3|ibm_falcon_27 azione_RL=CommutativeInverseCancellation
job=random_indep_qiskit_3|ibm_falcon_27 azione_RL=CommutativeInverseCancellation
job=random_indep_qiskit_3|ibm_falcon_27 azione_RL=CliffordSimp
job=random_indep_qiskit_3|ibm_falcon_27 azione_RL=PeepholeOptimise2Q
job=random_indep_qiskit_3|ibm_falcon_27 azione_RL=QiskitO3
job=random_indep_qiskit_3|ibm_falcon_27 azione_RL=Opt2qBlocks
job=random_indep_qiskit_3|ibm_falcon_27 azione_RL=CommutativeCancellation
job=random_indep_qiskit_3|ibm_falcon_27 azione_RL=QiskitO3
job=random_indep_qiskit_3|ibm_falcon_27 azione_RL=CliffordSimp
job=random_indep_qiskit_3|ibm_falcon_27 azione_RL=OptimizeCliffords
job=random_indep_qiskit_3|ibm_falcon_27 azione_RL=PeepholeOptimise2Q
job=random_indep_qiskit_3|ibm_falcon_27 azione_RL=CliffordSimp
job=random_indep_qiskit_3|ibm_falcon_27 azione_RL=CommutativeInverseCancellation
job=random_indep_qiskit_3|ibm_falcon_27 azione_RL=FullPeepholeOptimiseCX
job=random_indep_qiskit_3|ibm_falcon_27 azione_RL=CommutativeCancellation
job=random_indep_qiskit_3|ibm_falcon_27 azione_RL=CliffordSimp
job=random_indep_qiskit_3|ibm_falcon_27 azione_RL=CommutativeCancellation
job=random_indep_qiskit_3|ibm_falcon_27 azione_RL=BQSKitO2
job=random_indep_qiskit_3|ibm_falcon_27 azione_RL=BasisTranslator
job=random_indep_qiskit_3|ibm_falcon_27 azione_RL=CommutativeCancellation
job=random_indep_qiskit_3|ibm_falcon_27 azione_RL=PeepholeOptimise2Q
job=random_indep_qiskit_3|ibm_falcon_27 azione_RL=RemoveDiagonalGatesBeforeMeasure
job=random_indep_qiskit_3|ibm_falcon_27 azione_RL=QiskitO3
job=random_indep_qiskit_3|ibm_falcon_27 azione_RL=OptimizeCliffords
job=random_indep_qiskit_3|ibm_falcon_27 azione_RL=QiskitO3
job=random_indep_qiskit_3|ibm_falcon_27 azione_RL=CommutativeInverseCancellation
job=random_indep_qiskit_3|ibm_falcon_27 azione_RL=Opt2qBlocks
job=random_indep_qiskit_3|ibm_falcon_27 azione_RL=OptimizeCliffords
job=random_indep_qiskit_3|ibm_falcon_27 azione_RL=CliffordSimp
job=random_indep_qiskit_3|ibm_falcon_27 azione_RL=PeepholeOptimise2Q
job=random_indep_qiskit_3|ibm_falcon_27 azione_RL=PeepholeOptimise2Q
job=random_indep_qiskit_3|ibm_falcon_27 azione_RL=Opt2qBlocks
job=random_indep_qiskit_3|ibm_falcon_27 azione_RL=PeepholeOptimise2Q
job=random_indep_qiskit_3|ibm_falcon_27 azione_RL=OptimizeCliffords
job=random_indep_qiskit_3|ibm_falcon_27 azione_RL=BasisTranslator
job=random_indep_qiskit_3|ibm_falcon_27 azione_RL=Opt2qBlocks
job=random_indep_qiskit_3|ibm_falcon_27 azione_RL=CommutativeInverseCancellation
job=random_indep_qiskit_3|ibm_falcon_27 azione_RL=OptimizeCliffords
job=random_indep_qiskit_3|ibm_falcon_27 azione_RL=RemoveRedundancies
job=random_indep_qiskit_3|ibm_falcon_27 azione_RL=Opt2qBlocks
job=random_indep_qiskit_3|ibm_falcon_27 azione_RL=PeepholeOptimise2Q
job=random_indep_qiskit_3|ibm_falcon_27 azione_RL=QiskitO3
job=random_indep_qiskit_3|ibm_falcon_27 azione_RL=RemoveRedundancies
job=random_indep_qiskit_3|ibm_falcon_27 azione_RL=QiskitO3
job=random_indep_qiskit_3|ibm_falcon_27 azione_RL=FullPeepholeOptimiseCX
job=random_indep_qiskit_3|ibm_falcon_27 azione_RL=CliffordSimp
job=random_indep_qiskit_3|ibm_falcon_27 azione_RL=BQSKitSynthesis
job=random_indep_qiskit_3|ibm_falcon_27 fallback=QiskitO1
job=random_indep_tket_3|ibm_falcon_27 azione_RL=Optimize1qGatesDecomposition
job=random_indep_tket_3|ibm_falcon_27 azione_RL=RemoveDiagonalGatesBeforeMeasure
job=random_indep_tket_3|ibm_falcon_27 azione_RL=FullPeepholeOptimiseCX
job=random_indep_tket_3|ibm_falcon_27 azione_RL=OptimizeCliffords
job=random_indep_tket_3|ibm_falcon_27 azione_RL=BQSKitSynthesis
job=random_indep_tket_3|ibm_falcon_27 azione_RL=OptimizeCliffords
job=random_indep_tket_3|ibm_falcon_27 azione_RL=BQSKitO2
job=random_indep_tket_3|ibm_falcon_27 azione_RL=InverseCancellation
job=random_indep_tket_3|ibm_falcon_27 azione_RL=CliffordSimp
job=random_indep_tket_3|ibm_falcon_27 azione_RL=Optimize1qGatesDecomposition
job=random_indep_tket_3|ibm_falcon_27 azione_RL=Optimize1qGatesDecomposition
job=random_indep_tket_3|ibm_falcon_27 azione_RL=CliffordSimp
job=random_indep_tket_3|ibm_falcon_27 azione_RL=CliffordSimp
job=random_indep_tket_3|ibm_falcon_27 azione_RL=InverseCancellation
job=random_indep_tket_3|ibm_falcon_27 azione_RL=PeepholeOptimise2Q
job=random_indep_tket_3|ibm_falcon_27 azione_RL=FullPeepholeOptimiseCX
job=random_indep_tket_3|ibm_falcon_27 azione_RL=BQSKitO2
job=random_indep_tket_3|ibm_falcon_27 azione_RL=CommutativeInverseCancellation
job=random_indep_tket_3|ibm_falcon_27 azione_RL=CliffordSimp
job=random_indep_tket_3|ibm_falcon_27 azione_RL=BasisTranslator
job=random_indep_tket_3|ibm_falcon_27 azione_RL=QiskitO3
job=random_indep_tket_3|ibm_falcon_27 azione_RL=BQSKitO2
job=random_indep_tket_3|ibm_falcon_27 azione_RL=RemoveDiagonalGatesBeforeMeasure
job=random_indep_tket_3|ibm_falcon_27 azione_RL=Opt2qBlocks
job=random_indep_tket_3|ibm_falcon_27 azione_RL=FullPeepholeOptimiseCX
job=random_indep_tket_3|ibm_falcon_27 azione_RL=BasisTranslator
job=random_indep_tket_3|ibm_falcon_27 azione_RL=CommutativeInverseCancellation
job=random_indep_tket_3|ibm_falcon_27 azione_RL=RemoveDiagonalGatesBeforeMeasure
job=random_indep_tket_3|ibm_falcon_27 azione_RL=CliffordSimp
job=random_indep_tket_3|ibm_falcon_27 azione_RL=Optimize1qGatesDecomposition
job=random_indep_tket_3|ibm_falcon_27 azione_RL=Optimize1qGatesDecomposition
job=random_indep_tket_3|ibm_falcon_27 azione_RL=CliffordSimp
job=random_indep_tket_3|ibm_falcon_27 azione_RL=Optimize1qGatesDecomposition
job=random_indep_tket_3|ibm_falcon_27 azione_RL=InverseCancellation
job=random_indep_tket_3|ibm_falcon_27 azione_RL=PeepholeOptimise2Q
job=random_indep_tket_3|ibm_falcon_27 azione_RL=Optimize1qGatesDecomposition
job=random_indep_tket_3|ibm_falcon_27 azione_RL=FullPeepholeOptimiseCX
job=random_indep_tket_3|ibm_falcon_27 azione_RL=PeepholeOptimise2Q
job=random_indep_tket_3|ibm_falcon_27 azione_RL=Opt2qBlocks
job=random_indep_tket_3|ibm_falcon_27 azione_RL=BQSKitSynthesis
job=random_indep_tket_3|ibm_falcon_27 azione_RL=OptimizeCliffords
job=random_indep_tket_3|ibm_falcon_27 azione_RL=Opt2qBlocks
job=random_indep_tket_3|ibm_falcon_27 azione_RL=QiskitO3
job=random_indep_tket_3|ibm_falcon_27 azione_RL=RemoveDiagonalGatesBeforeMeasure
job=random_indep_tket_3|ibm_falcon_27 azione_RL=Optimize1qGatesDecomposition
job=random_indep_tket_3|ibm_falcon_27 azione_RL=CommutativeInverseCancellation
job=random_indep_tket_3|ibm_falcon_27 azione_RL=CommutativeInverseCancellation
job=random_indep_tket_3|ibm_falcon_27 azione_RL=CliffordSimp
job=random_indep_tket_3|ibm_falcon_27 azione_RL=PeepholeOptimise2Q
job=random_indep_tket_3|ibm_falcon_27 azione_RL=QiskitO3
job=random_indep_tket_3|ibm_falcon_27 azione_RL=Opt2qBlocks
job=random_indep_tket_3|ibm_falcon_27 azione_RL=CommutativeCancellation
job=random_indep_tket_3|ibm_falcon_27 azione_RL=QiskitO3
job=random_indep_tket_3|ibm_falcon_27 azione_RL=CliffordSimp
job=random_indep_tket_3|ibm_falcon_27 azione_RL=OptimizeCliffords
job=random_indep_tket_3|ibm_falcon_27 azione_RL=PeepholeOptimise2Q
job=random_indep_tket_3|ibm_falcon_27 azione_RL=CliffordSimp
job=random_indep_tket_3|ibm_falcon_27 azione_RL=CommutativeInverseCancellation
job=random_indep_tket_3|ibm_falcon_27 azione_RL=FullPeepholeOptimiseCX
job=random_indep_tket_3|ibm_falcon_27 azione_RL=CommutativeCancellation
job=random_indep_tket_3|ibm_falcon_27 azione_RL=CliffordSimp
job=random_indep_tket_3|ibm_falcon_27 azione_RL=CommutativeCancellation
job=random_indep_tket_3|ibm_falcon_27 azione_RL=BQSKitO2
job=random_indep_tket_3|ibm_falcon_27 azione_RL=BasisTranslator
job=random_indep_tket_3|ibm_falcon_27 azione_RL=CommutativeCancellation
job=random_indep_tket_3|ibm_falcon_27 azione_RL=PeepholeOptimise2Q
job=random_indep_tket_3|ibm_falcon_27 azione_RL=RemoveDiagonalGatesBeforeMeasure
job=random_indep_tket_3|ibm_falcon_27 azione_RL=QiskitO3
job=random_indep_tket_3|ibm_falcon_27 azione_RL=OptimizeCliffords
job=random_indep_tket_3|ibm_falcon_27 azione_RL=QiskitO3
job=random_indep_tket_3|ibm_falcon_27 azione_RL=CommutativeInverseCancellation
job=random_indep_tket_3|ibm_falcon_27 azione_RL=Opt2qBlocks
job=random_indep_tket_3|ibm_falcon_27 azione_RL=OptimizeCliffords
job=random_indep_tket_3|ibm_falcon_27 azione_RL=CliffordSimp
job=random_indep_tket_3|ibm_falcon_27 azione_RL=PeepholeOptimise2Q
job=random_indep_tket_3|ibm_falcon_27 azione_RL=PeepholeOptimise2Q
job=random_indep_tket_3|ibm_falcon_27 azione_RL=Opt2qBlocks
job=random_indep_tket_3|ibm_falcon_27 azione_RL=PeepholeOptimise2Q
job=random_indep_tket_3|ibm_falcon_27 azione_RL=OptimizeCliffords
job=random_indep_tket_3|ibm_falcon_27 azione_RL=BasisTranslator
job=random_indep_tket_3|ibm_falcon_27 azione_RL=Opt2qBlocks
job=random_indep_tket_3|ibm_falcon_27 azione_RL=CommutativeInverseCancellation
job=random_indep_tket_3|ibm_falcon_27 azione_RL=OptimizeCliffords
job=random_indep_tket_3|ibm_falcon_27 azione_RL=RemoveRedundancies
job=random_indep_tket_3|ibm_falcon_27 azione_RL=Opt2qBlocks
job=random_indep_tket_3|ibm_falcon_27 azione_RL=PeepholeOptimise2Q
job=random_indep_tket_3|ibm_falcon_27 azione_RL=QiskitO3
job=random_indep_tket_3|ibm_falcon_27 azione_RL=RemoveRedundancies
job=random_indep_tket_3|ibm_falcon_27 azione_RL=QiskitO3
job=random_indep_tket_3|ibm_falcon_27 azione_RL=FullPeepholeOptimiseCX
job=random_indep_tket_3|ibm_falcon_27 azione_RL=CliffordSimp
job=random_indep_tket_3|ibm_falcon_27 azione_RL=BQSKitSynthesis
job=random_indep_tket_3|ibm_falcon_27 fallback=QiskitO1
job=realamprandom_indep_qiskit_3|ibm_falcon_27 azione_RL=Optimize1qGatesDecomposition
job=realamprandom_indep_qiskit_3|ibm_falcon_27 azione_RL=RemoveDiagonalGatesBeforeMeasure
job=realamprandom_indep_qiskit_3|ibm_falcon_27 azione_RL=FullPeepholeOptimiseCX
job=realamprandom_indep_qiskit_3|ibm_falcon_27 azione_RL=OptimizeCliffords
job=realamprandom_indep_qiskit_3|ibm_falcon_27 azione_RL=BQSKitSynthesis
job=realamprandom_indep_qiskit_3|ibm_falcon_27 azione_RL=OptimizeCliffords
job=realamprandom_indep_qiskit_3|ibm_falcon_27 azione_RL=BQSKitO2
job=realamprandom_indep_qiskit_3|ibm_falcon_27 azione_RL=InverseCancellation
job=realamprandom_indep_qiskit_3|ibm_falcon_27 azione_RL=CliffordSimp
job=realamprandom_indep_qiskit_3|ibm_falcon_27 azione_RL=Optimize1qGatesDecomposition
job=realamprandom_indep_qiskit_3|ibm_falcon_27 azione_RL=Optimize1qGatesDecomposition
job=realamprandom_indep_qiskit_3|ibm_falcon_27 azione_RL=CliffordSimp
job=realamprandom_indep_qiskit_3|ibm_falcon_27 azione_RL=CliffordSimp
job=realamprandom_indep_qiskit_3|ibm_falcon_27 azione_RL=InverseCancellation
job=realamprandom_indep_qiskit_3|ibm_falcon_27 azione_RL=PeepholeOptimise2Q
job=realamprandom_indep_qiskit_3|ibm_falcon_27 azione_RL=FullPeepholeOptimiseCX
job=realamprandom_indep_qiskit_3|ibm_falcon_27 azione_RL=BQSKitO2
job=realamprandom_indep_qiskit_3|ibm_falcon_27 azione_RL=CommutativeInverseCancellation
job=realamprandom_indep_qiskit_3|ibm_falcon_27 azione_RL=CliffordSimp
job=realamprandom_indep_qiskit_3|ibm_falcon_27 azione_RL=BasisTranslator
job=realamprandom_indep_qiskit_3|ibm_falcon_27 azione_RL=QiskitO3
job=realamprandom_indep_qiskit_3|ibm_falcon_27 azione_RL=BQSKitO2
job=realamprandom_indep_qiskit_3|ibm_falcon_27 azione_RL=RemoveDiagonalGatesBeforeMeasure
job=realamprandom_indep_qiskit_3|ibm_falcon_27 azione_RL=FullPeepholeOptimiseCX
job=realamprandom_indep_qiskit_3|ibm_falcon_27 azione_RL=FullPeepholeOptimiseCX
job=realamprandom_indep_qiskit_3|ibm_falcon_27 azione_RL=BasisTranslator
job=realamprandom_indep_qiskit_3|ibm_falcon_27 azione_RL=CommutativeInverseCancellation
job=realamprandom_indep_qiskit_3|ibm_falcon_27 azione_RL=RemoveDiagonalGatesBeforeMeasure
job=realamprandom_indep_qiskit_3|ibm_falcon_27 azione_RL=CliffordSimp
job=realamprandom_indep_qiskit_3|ibm_falcon_27 azione_RL=Optimize1qGatesDecomposition
job=realamprandom_indep_qiskit_3|ibm_falcon_27 azione_RL=Optimize1qGatesDecomposition
job=realamprandom_indep_qiskit_3|ibm_falcon_27 azione_RL=CliffordSimp
job=realamprandom_indep_qiskit_3|ibm_falcon_27 azione_RL=Optimize1qGatesDecomposition
job=realamprandom_indep_qiskit_3|ibm_falcon_27 azione_RL=InverseCancellation
job=realamprandom_indep_qiskit_3|ibm_falcon_27 azione_RL=PeepholeOptimise2Q
job=realamprandom_indep_qiskit_3|ibm_falcon_27 azione_RL=Optimize1qGatesDecomposition
job=realamprandom_indep_qiskit_3|ibm_falcon_27 azione_RL=RemoveDiagonalGatesBeforeMeasure
job=realamprandom_indep_qiskit_3|ibm_falcon_27 azione_RL=PeepholeOptimise2Q
job=realamprandom_indep_qiskit_3|ibm_falcon_27 azione_RL=Opt2qBlocks
job=realamprandom_indep_qiskit_3|ibm_falcon_27 azione_RL=BQSKitSynthesis
job=realamprandom_indep_qiskit_3|ibm_falcon_27 azione_RL=OptimizeCliffords
job=realamprandom_indep_qiskit_3|ibm_falcon_27 azione_RL=Opt2qBlocks
job=realamprandom_indep_qiskit_3|ibm_falcon_27 azione_RL=QiskitO3
job=realamprandom_indep_qiskit_3|ibm_falcon_27 azione_RL=RemoveDiagonalGatesBeforeMeasure
job=realamprandom_indep_qiskit_3|ibm_falcon_27 azione_RL=Optimize1qGatesDecomposition
job=realamprandom_indep_qiskit_3|ibm_falcon_27 azione_RL=CommutativeInverseCancellation
job=realamprandom_indep_qiskit_3|ibm_falcon_27 azione_RL=CommutativeInverseCancellation
job=realamprandom_indep_qiskit_3|ibm_falcon_27 azione_RL=CliffordSimp
job=realamprandom_indep_qiskit_3|ibm_falcon_27 azione_RL=PeepholeOptimise2Q
job=realamprandom_indep_qiskit_3|ibm_falcon_27 azione_RL=QiskitO3
job=realamprandom_indep_qiskit_3|ibm_falcon_27 azione_RL=Opt2qBlocks
job=realamprandom_indep_qiskit_3|ibm_falcon_27 azione_RL=CommutativeCancellation
job=realamprandom_indep_qiskit_3|ibm_falcon_27 azione_RL=QiskitO3
job=realamprandom_indep_qiskit_3|ibm_falcon_27 azione_RL=CliffordSimp
job=realamprandom_indep_qiskit_3|ibm_falcon_27 azione_RL=OptimizeCliffords
job=realamprandom_indep_qiskit_3|ibm_falcon_27 azione_RL=PeepholeOptimise2Q
job=realamprandom_indep_qiskit_3|ibm_falcon_27 azione_RL=CliffordSimp
job=realamprandom_indep_qiskit_3|ibm_falcon_27 azione_RL=CommutativeInverseCancellation
job=realamprandom_indep_qiskit_3|ibm_falcon_27 azione_RL=FullPeepholeOptimiseCX
job=realamprandom_indep_qiskit_3|ibm_falcon_27 azione_RL=CommutativeCancellation
job=realamprandom_indep_qiskit_3|ibm_falcon_27 azione_RL=CliffordSimp
job=realamprandom_indep_qiskit_3|ibm_falcon_27 azione_RL=CommutativeCancellation
job=realamprandom_indep_qiskit_3|ibm_falcon_27 azione_RL=OptimizeCliffords
job=realamprandom_indep_qiskit_3|ibm_falcon_27 azione_RL=BasisTranslator
job=realamprandom_indep_qiskit_3|ibm_falcon_27 azione_RL=CommutativeCancellation
job=realamprandom_indep_qiskit_3|ibm_falcon_27 azione_RL=PeepholeOptimise2Q
job=realamprandom_indep_qiskit_3|ibm_falcon_27 azione_RL=RemoveDiagonalGatesBeforeMeasure
job=realamprandom_indep_qiskit_3|ibm_falcon_27 azione_RL=QiskitO3
job=realamprandom_indep_qiskit_3|ibm_falcon_27 azione_RL=OptimizeCliffords
job=realamprandom_indep_qiskit_3|ibm_falcon_27 azione_RL=QiskitO3
job=realamprandom_indep_qiskit_3|ibm_falcon_27 azione_RL=CommutativeInverseCancellation
job=realamprandom_indep_qiskit_3|ibm_falcon_27 azione_RL=Opt2qBlocks
job=realamprandom_indep_qiskit_3|ibm_falcon_27 azione_RL=OptimizeCliffords
job=realamprandom_indep_qiskit_3|ibm_falcon_27 azione_RL=CliffordSimp
job=realamprandom_indep_qiskit_3|ibm_falcon_27 azione_RL=PeepholeOptimise2Q
job=realamprandom_indep_qiskit_3|ibm_falcon_27 azione_RL=PeepholeOptimise2Q
job=realamprandom_indep_qiskit_3|ibm_falcon_27 azione_RL=Opt2qBlocks
job=realamprandom_indep_qiskit_3|ibm_falcon_27 azione_RL=PeepholeOptimise2Q
job=realamprandom_indep_qiskit_3|ibm_falcon_27 azione_RL=OptimizeCliffords
job=realamprandom_indep_qiskit_3|ibm_falcon_27 azione_RL=BasisTranslator
job=realamprandom_indep_qiskit_3|ibm_falcon_27 azione_RL=Opt2qBlocks
job=realamprandom_indep_qiskit_3|ibm_falcon_27 azione_RL=CommutativeInverseCancellation
job=realamprandom_indep_qiskit_3|ibm_falcon_27 azione_RL=OptimizeCliffords
job=realamprandom_indep_qiskit_3|ibm_falcon_27 azione_RL=RemoveRedundancies
job=realamprandom_indep_qiskit_3|ibm_falcon_27 azione_RL=Opt2qBlocks
job=realamprandom_indep_qiskit_3|ibm_falcon_27 azione_RL=PeepholeOptimise2Q
job=realamprandom_indep_qiskit_3|ibm_falcon_27 azione_RL=QiskitO3
job=realamprandom_indep_qiskit_3|ibm_falcon_27 azione_RL=RemoveRedundancies
job=realamprandom_indep_qiskit_3|ibm_falcon_27 azione_RL=QiskitO3
job=realamprandom_indep_qiskit_3|ibm_falcon_27 azione_RL=FullPeepholeOptimiseCX
job=realamprandom_indep_qiskit_3|ibm_falcon_27 azione_RL=CliffordSimp
job=realamprandom_indep_qiskit_3|ibm_falcon_27 azione_RL=BQSKitSynthesis
job=realamprandom_indep_qiskit_3|ibm_falcon_27 azione_RL=Opt2qBlocks
job=realamprandom_indep_qiskit_3|ibm_falcon_27 azione_RL=BasisTranslator
job=realamprandom_indep_qiskit_3|ibm_falcon_27 azione_RL=Optimize1qGatesDecomposition
job=realamprandom_indep_qiskit_3|ibm_falcon_27 azione_RL=Opt2qBlocks
job=realamprandom_indep_qiskit_3|ibm_falcon_27 azione_RL=FullPeepholeOptimiseCX
job=realamprandom_indep_qiskit_3|ibm_falcon_27 azione_RL=PeepholeOptimise2Q
job=realamprandom_indep_qiskit_3|ibm_falcon_27 azione_RL=RemoveDiagonalGatesBeforeMeasure
job=realamprandom_indep_qiskit_3|ibm_falcon_27 azione_RL=BQSKitO2
job=realamprandom_indep_qiskit_3|ibm_falcon_27 fallback=QiskitO1
job=realamprandom_indep_tket_3|ibm_falcon_27 azione_RL=Optimize1qGatesDecomposition
job=realamprandom_indep_tket_3|ibm_falcon_27 azione_RL=RemoveDiagonalGatesBeforeMeasure
job=realamprandom_indep_tket_3|ibm_falcon_27 azione_RL=FullPeepholeOptimiseCX
job=realamprandom_indep_tket_3|ibm_falcon_27 azione_RL=OptimizeCliffords
job=realamprandom_indep_tket_3|ibm_falcon_27 azione_RL=BQSKitSynthesis
job=realamprandom_indep_tket_3|ibm_falcon_27 azione_RL=OptimizeCliffords
job=realamprandom_indep_tket_3|ibm_falcon_27 azione_RL=BQSKitO2
job=realamprandom_indep_tket_3|ibm_falcon_27 azione_RL=InverseCancellation
job=realamprandom_indep_tket_3|ibm_falcon_27 azione_RL=CliffordSimp
job=realamprandom_indep_tket_3|ibm_falcon_27 azione_RL=Optimize1qGatesDecomposition
job=realamprandom_indep_tket_3|ibm_falcon_27 azione_RL=Optimize1qGatesDecomposition
job=realamprandom_indep_tket_3|ibm_falcon_27 azione_RL=CliffordSimp
job=realamprandom_indep_tket_3|ibm_falcon_27 azione_RL=CliffordSimp
job=realamprandom_indep_tket_3|ibm_falcon_27 azione_RL=InverseCancellation
job=realamprandom_indep_tket_3|ibm_falcon_27 azione_RL=PeepholeOptimise2Q
job=realamprandom_indep_tket_3|ibm_falcon_27 azione_RL=FullPeepholeOptimiseCX
job=realamprandom_indep_tket_3|ibm_falcon_27 azione_RL=BQSKitO2
job=realamprandom_indep_tket_3|ibm_falcon_27 azione_RL=CommutativeInverseCancellation
job=realamprandom_indep_tket_3|ibm_falcon_27 azione_RL=CliffordSimp
job=realamprandom_indep_tket_3|ibm_falcon_27 azione_RL=BasisTranslator
job=realamprandom_indep_tket_3|ibm_falcon_27 azione_RL=QiskitO3
job=realamprandom_indep_tket_3|ibm_falcon_27 azione_RL=BQSKitO2
job=realamprandom_indep_tket_3|ibm_falcon_27 azione_RL=RemoveDiagonalGatesBeforeMeasure
job=realamprandom_indep_tket_3|ibm_falcon_27 azione_RL=FullPeepholeOptimiseCX
job=realamprandom_indep_tket_3|ibm_falcon_27 azione_RL=FullPeepholeOptimiseCX
job=realamprandom_indep_tket_3|ibm_falcon_27 azione_RL=BasisTranslator
job=realamprandom_indep_tket_3|ibm_falcon_27 azione_RL=CommutativeInverseCancellation
job=realamprandom_indep_tket_3|ibm_falcon_27 azione_RL=RemoveDiagonalGatesBeforeMeasure
job=realamprandom_indep_tket_3|ibm_falcon_27 azione_RL=CliffordSimp
job=realamprandom_indep_tket_3|ibm_falcon_27 azione_RL=Optimize1qGatesDecomposition
job=realamprandom_indep_tket_3|ibm_falcon_27 azione_RL=Optimize1qGatesDecomposition
job=realamprandom_indep_tket_3|ibm_falcon_27 azione_RL=CliffordSimp
job=realamprandom_indep_tket_3|ibm_falcon_27 azione_RL=Optimize1qGatesDecomposition
job=realamprandom_indep_tket_3|ibm_falcon_27 azione_RL=InverseCancellation
job=realamprandom_indep_tket_3|ibm_falcon_27 azione_RL=PeepholeOptimise2Q
job=realamprandom_indep_tket_3|ibm_falcon_27 azione_RL=Optimize1qGatesDecomposition
job=realamprandom_indep_tket_3|ibm_falcon_27 azione_RL=RemoveDiagonalGatesBeforeMeasure
job=realamprandom_indep_tket_3|ibm_falcon_27 azione_RL=PeepholeOptimise2Q
job=realamprandom_indep_tket_3|ibm_falcon_27 azione_RL=Opt2qBlocks
job=realamprandom_indep_tket_3|ibm_falcon_27 azione_RL=BQSKitSynthesis
job=realamprandom_indep_tket_3|ibm_falcon_27 azione_RL=OptimizeCliffords
job=realamprandom_indep_tket_3|ibm_falcon_27 azione_RL=Opt2qBlocks
job=realamprandom_indep_tket_3|ibm_falcon_27 azione_RL=QiskitO3
job=realamprandom_indep_tket_3|ibm_falcon_27 azione_RL=RemoveDiagonalGatesBeforeMeasure
job=realamprandom_indep_tket_3|ibm_falcon_27 azione_RL=Optimize1qGatesDecomposition
job=realamprandom_indep_tket_3|ibm_falcon_27 azione_RL=CommutativeInverseCancellation
job=realamprandom_indep_tket_3|ibm_falcon_27 azione_RL=CommutativeInverseCancellation
job=realamprandom_indep_tket_3|ibm_falcon_27 azione_RL=CliffordSimp
job=realamprandom_indep_tket_3|ibm_falcon_27 azione_RL=PeepholeOptimise2Q
job=realamprandom_indep_tket_3|ibm_falcon_27 azione_RL=QiskitO3
job=realamprandom_indep_tket_3|ibm_falcon_27 azione_RL=Opt2qBlocks
job=realamprandom_indep_tket_3|ibm_falcon_27 azione_RL=CommutativeCancellation
job=realamprandom_indep_tket_3|ibm_falcon_27 azione_RL=QiskitO3
job=realamprandom_indep_tket_3|ibm_falcon_27 azione_RL=CliffordSimp
job=realamprandom_indep_tket_3|ibm_falcon_27 azione_RL=OptimizeCliffords
job=realamprandom_indep_tket_3|ibm_falcon_27 azione_RL=PeepholeOptimise2Q
job=realamprandom_indep_tket_3|ibm_falcon_27 azione_RL=CliffordSimp
job=realamprandom_indep_tket_3|ibm_falcon_27 azione_RL=CommutativeInverseCancellation
job=realamprandom_indep_tket_3|ibm_falcon_27 azione_RL=FullPeepholeOptimiseCX
job=realamprandom_indep_tket_3|ibm_falcon_27 azione_RL=CommutativeCancellation
job=realamprandom_indep_tket_3|ibm_falcon_27 azione_RL=CliffordSimp
job=realamprandom_indep_tket_3|ibm_falcon_27 azione_RL=CommutativeCancellation
job=realamprandom_indep_tket_3|ibm_falcon_27 azione_RL=OptimizeCliffords
job=realamprandom_indep_tket_3|ibm_falcon_27 azione_RL=BasisTranslator
job=realamprandom_indep_tket_3|ibm_falcon_27 azione_RL=CommutativeCancellation
job=realamprandom_indep_tket_3|ibm_falcon_27 azione_RL=PeepholeOptimise2Q
job=realamprandom_indep_tket_3|ibm_falcon_27 azione_RL=RemoveDiagonalGatesBeforeMeasure
job=realamprandom_indep_tket_3|ibm_falcon_27 azione_RL=QiskitO3
job=realamprandom_indep_tket_3|ibm_falcon_27 azione_RL=OptimizeCliffords
job=realamprandom_indep_tket_3|ibm_falcon_27 azione_RL=QiskitO3
job=realamprandom_indep_tket_3|ibm_falcon_27 azione_RL=CommutativeInverseCancellation
job=realamprandom_indep_tket_3|ibm_falcon_27 azione_RL=Opt2qBlocks
job=realamprandom_indep_tket_3|ibm_falcon_27 azione_RL=OptimizeCliffords
job=realamprandom_indep_tket_3|ibm_falcon_27 azione_RL=CliffordSimp
job=realamprandom_indep_tket_3|ibm_falcon_27 azione_RL=PeepholeOptimise2Q
job=realamprandom_indep_tket_3|ibm_falcon_27 azione_RL=PeepholeOptimise2Q
job=realamprandom_indep_tket_3|ibm_falcon_27 azione_RL=Opt2qBlocks
job=realamprandom_indep_tket_3|ibm_falcon_27 azione_RL=PeepholeOptimise2Q
job=realamprandom_indep_tket_3|ibm_falcon_27 azione_RL=OptimizeCliffords
job=realamprandom_indep_tket_3|ibm_falcon_27 azione_RL=BasisTranslator
job=realamprandom_indep_tket_3|ibm_falcon_27 azione_RL=Opt2qBlocks
job=realamprandom_indep_tket_3|ibm_falcon_27 azione_RL=CommutativeInverseCancellation
job=realamprandom_indep_tket_3|ibm_falcon_27 azione_RL=OptimizeCliffords
job=realamprandom_indep_tket_3|ibm_falcon_27 azione_RL=RemoveRedundancies
job=realamprandom_indep_tket_3|ibm_falcon_27 azione_RL=Opt2qBlocks
job=realamprandom_indep_tket_3|ibm_falcon_27 azione_RL=PeepholeOptimise2Q
job=realamprandom_indep_tket_3|ibm_falcon_27 azione_RL=QiskitO3
job=realamprandom_indep_tket_3|ibm_falcon_27 azione_RL=RemoveRedundancies
job=realamprandom_indep_tket_3|ibm_falcon_27 azione_RL=QiskitO3
job=realamprandom_indep_tket_3|ibm_falcon_27 azione_RL=FullPeepholeOptimiseCX
job=realamprandom_indep_tket_3|ibm_falcon_27 azione_RL=CliffordSimp
job=realamprandom_indep_tket_3|ibm_falcon_27 azione_RL=BQSKitSynthesis
job=realamprandom_indep_tket_3|ibm_falcon_27 azione_RL=Opt2qBlocks
job=realamprandom_indep_tket_3|ibm_falcon_27 azione_RL=BasisTranslator
job=realamprandom_indep_tket_3|ibm_falcon_27 azione_RL=Optimize1qGatesDecomposition
job=realamprandom_indep_tket_3|ibm_falcon_27 azione_RL=Opt2qBlocks
job=realamprandom_indep_tket_3|ibm_falcon_27 azione_RL=FullPeepholeOptimiseCX
job=realamprandom_indep_tket_3|ibm_falcon_27 azione_RL=PeepholeOptimise2Q
job=realamprandom_indep_tket_3|ibm_falcon_27 azione_RL=RemoveDiagonalGatesBeforeMeasure
job=realamprandom_indep_tket_3|ibm_falcon_27 azione_RL=BQSKitO2
job=realamprandom_indep_tket_3|ibm_falcon_27 fallback=QiskitO1
job=su2random_indep_qiskit_3|ibm_falcon_27 azione_RL=Optimize1qGatesDecomposition
job=su2random_indep_qiskit_3|ibm_falcon_27 azione_RL=RemoveDiagonalGatesBeforeMeasure
job=su2random_indep_qiskit_3|ibm_falcon_27 azione_RL=FullPeepholeOptimiseCX
job=su2random_indep_qiskit_3|ibm_falcon_27 azione_RL=OptimizeCliffords
job=su2random_indep_qiskit_3|ibm_falcon_27 azione_RL=BQSKitSynthesis
job=su2random_indep_qiskit_3|ibm_falcon_27 azione_RL=OptimizeCliffords
job=su2random_indep_qiskit_3|ibm_falcon_27 azione_RL=BQSKitO2
job=su2random_indep_qiskit_3|ibm_falcon_27 azione_RL=InverseCancellation
job=su2random_indep_qiskit_3|ibm_falcon_27 azione_RL=CliffordSimp
job=su2random_indep_qiskit_3|ibm_falcon_27 azione_RL=Optimize1qGatesDecomposition
job=su2random_indep_qiskit_3|ibm_falcon_27 azione_RL=Optimize1qGatesDecomposition
job=su2random_indep_qiskit_3|ibm_falcon_27 azione_RL=CliffordSimp
job=su2random_indep_qiskit_3|ibm_falcon_27 azione_RL=CliffordSimp
job=su2random_indep_qiskit_3|ibm_falcon_27 azione_RL=InverseCancellation
job=su2random_indep_qiskit_3|ibm_falcon_27 azione_RL=PeepholeOptimise2Q
job=su2random_indep_qiskit_3|ibm_falcon_27 azione_RL=FullPeepholeOptimiseCX
job=su2random_indep_qiskit_3|ibm_falcon_27 azione_RL=BQSKitO2
job=su2random_indep_qiskit_3|ibm_falcon_27 azione_RL=CommutativeInverseCancellation
job=su2random_indep_qiskit_3|ibm_falcon_27 azione_RL=CliffordSimp
job=su2random_indep_qiskit_3|ibm_falcon_27 azione_RL=BasisTranslator
job=su2random_indep_qiskit_3|ibm_falcon_27 azione_RL=QiskitO3
job=su2random_indep_qiskit_3|ibm_falcon_27 azione_RL=BQSKitO2
job=su2random_indep_qiskit_3|ibm_falcon_27 azione_RL=RemoveDiagonalGatesBeforeMeasure
job=su2random_indep_qiskit_3|ibm_falcon_27 azione_RL=Opt2qBlocks
job=su2random_indep_qiskit_3|ibm_falcon_27 azione_RL=FullPeepholeOptimiseCX
job=su2random_indep_qiskit_3|ibm_falcon_27 azione_RL=BasisTranslator
job=su2random_indep_qiskit_3|ibm_falcon_27 azione_RL=CommutativeInverseCancellation
job=su2random_indep_qiskit_3|ibm_falcon_27 azione_RL=RemoveDiagonalGatesBeforeMeasure
job=su2random_indep_qiskit_3|ibm_falcon_27 azione_RL=CliffordSimp
job=su2random_indep_qiskit_3|ibm_falcon_27 azione_RL=Optimize1qGatesDecomposition
job=su2random_indep_qiskit_3|ibm_falcon_27 azione_RL=Optimize1qGatesDecomposition
job=su2random_indep_qiskit_3|ibm_falcon_27 azione_RL=CliffordSimp
job=su2random_indep_qiskit_3|ibm_falcon_27 azione_RL=Optimize1qGatesDecomposition
job=su2random_indep_qiskit_3|ibm_falcon_27 azione_RL=InverseCancellation
job=su2random_indep_qiskit_3|ibm_falcon_27 azione_RL=PeepholeOptimise2Q
job=su2random_indep_qiskit_3|ibm_falcon_27 azione_RL=Optimize1qGatesDecomposition
job=su2random_indep_qiskit_3|ibm_falcon_27 azione_RL=RemoveDiagonalGatesBeforeMeasure
job=su2random_indep_qiskit_3|ibm_falcon_27 azione_RL=PeepholeOptimise2Q
job=su2random_indep_qiskit_3|ibm_falcon_27 azione_RL=Opt2qBlocks
job=su2random_indep_qiskit_3|ibm_falcon_27 azione_RL=BQSKitSynthesis
job=su2random_indep_qiskit_3|ibm_falcon_27 azione_RL=OptimizeCliffords
job=su2random_indep_qiskit_3|ibm_falcon_27 azione_RL=Opt2qBlocks
job=su2random_indep_qiskit_3|ibm_falcon_27 azione_RL=QiskitO3
job=su2random_indep_qiskit_3|ibm_falcon_27 azione_RL=RemoveDiagonalGatesBeforeMeasure
job=su2random_indep_qiskit_3|ibm_falcon_27 azione_RL=Optimize1qGatesDecomposition
job=su2random_indep_qiskit_3|ibm_falcon_27 azione_RL=CommutativeInverseCancellation
job=su2random_indep_qiskit_3|ibm_falcon_27 azione_RL=CommutativeInverseCancellation
job=su2random_indep_qiskit_3|ibm_falcon_27 azione_RL=CliffordSimp
job=su2random_indep_qiskit_3|ibm_falcon_27 azione_RL=PeepholeOptimise2Q
job=su2random_indep_qiskit_3|ibm_falcon_27 azione_RL=QiskitO3
job=su2random_indep_qiskit_3|ibm_falcon_27 azione_RL=Opt2qBlocks
job=su2random_indep_qiskit_3|ibm_falcon_27 azione_RL=CommutativeCancellation
job=su2random_indep_qiskit_3|ibm_falcon_27 azione_RL=QiskitO3
job=su2random_indep_qiskit_3|ibm_falcon_27 azione_RL=CliffordSimp
job=su2random_indep_qiskit_3|ibm_falcon_27 azione_RL=OptimizeCliffords
job=su2random_indep_qiskit_3|ibm_falcon_27 azione_RL=PeepholeOptimise2Q
job=su2random_indep_qiskit_3|ibm_falcon_27 azione_RL=CliffordSimp
job=su2random_indep_qiskit_3|ibm_falcon_27 azione_RL=CommutativeInverseCancellation
job=su2random_indep_qiskit_3|ibm_falcon_27 azione_RL=FullPeepholeOptimiseCX
job=su2random_indep_qiskit_3|ibm_falcon_27 azione_RL=CommutativeCancellation
job=su2random_indep_qiskit_3|ibm_falcon_27 azione_RL=CliffordSimp
job=su2random_indep_qiskit_3|ibm_falcon_27 azione_RL=CommutativeCancellation
job=su2random_indep_qiskit_3|ibm_falcon_27 azione_RL=BQSKitO2
job=su2random_indep_qiskit_3|ibm_falcon_27 azione_RL=BasisTranslator
job=su2random_indep_qiskit_3|ibm_falcon_27 azione_RL=CommutativeCancellation
job=su2random_indep_qiskit_3|ibm_falcon_27 azione_RL=PeepholeOptimise2Q
job=su2random_indep_qiskit_3|ibm_falcon_27 azione_RL=RemoveDiagonalGatesBeforeMeasure
job=su2random_indep_qiskit_3|ibm_falcon_27 azione_RL=QiskitO3
job=su2random_indep_qiskit_3|ibm_falcon_27 azione_RL=OptimizeCliffords
job=su2random_indep_qiskit_3|ibm_falcon_27 azione_RL=QiskitO3
job=su2random_indep_qiskit_3|ibm_falcon_27 azione_RL=CommutativeInverseCancellation
job=su2random_indep_qiskit_3|ibm_falcon_27 azione_RL=Opt2qBlocks
job=su2random_indep_qiskit_3|ibm_falcon_27 azione_RL=OptimizeCliffords
job=su2random_indep_qiskit_3|ibm_falcon_27 azione_RL=CliffordSimp
job=su2random_indep_qiskit_3|ibm_falcon_27 azione_RL=PeepholeOptimise2Q
job=su2random_indep_qiskit_3|ibm_falcon_27 azione_RL=PeepholeOptimise2Q
job=su2random_indep_qiskit_3|ibm_falcon_27 azione_RL=Opt2qBlocks
job=su2random_indep_qiskit_3|ibm_falcon_27 azione_RL=PeepholeOptimise2Q
job=su2random_indep_qiskit_3|ibm_falcon_27 azione_RL=OptimizeCliffords
job=su2random_indep_qiskit_3|ibm_falcon_27 azione_RL=BasisTranslator
job=su2random_indep_qiskit_3|ibm_falcon_27 azione_RL=Opt2qBlocks
job=su2random_indep_qiskit_3|ibm_falcon_27 azione_RL=CommutativeInverseCancellation
job=su2random_indep_qiskit_3|ibm_falcon_27 azione_RL=OptimizeCliffords
job=su2random_indep_qiskit_3|ibm_falcon_27 azione_RL=RemoveRedundancies
job=su2random_indep_qiskit_3|ibm_falcon_27 azione_RL=Opt2qBlocks
job=su2random_indep_qiskit_3|ibm_falcon_27 azione_RL=PeepholeOptimise2Q
job=su2random_indep_qiskit_3|ibm_falcon_27 azione_RL=QiskitO3
job=su2random_indep_qiskit_3|ibm_falcon_27 azione_RL=RemoveRedundancies
job=su2random_indep_qiskit_3|ibm_falcon_27 azione_RL=QiskitO3
job=su2random_indep_qiskit_3|ibm_falcon_27 azione_RL=FullPeepholeOptimiseCX
job=su2random_indep_qiskit_3|ibm_falcon_27 azione_RL=CliffordSimp
job=su2random_indep_qiskit_3|ibm_falcon_27 azione_RL=BQSKitSynthesis
job=su2random_indep_qiskit_3|ibm_falcon_27 fallback=QiskitO1
job=su2random_indep_tket_3|ibm_falcon_27 azione_RL=Optimize1qGatesDecomposition
job=su2random_indep_tket_3|ibm_falcon_27 azione_RL=RemoveDiagonalGatesBeforeMeasure
job=su2random_indep_tket_3|ibm_falcon_27 azione_RL=FullPeepholeOptimiseCX
job=su2random_indep_tket_3|ibm_falcon_27 azione_RL=OptimizeCliffords
job=su2random_indep_tket_3|ibm_falcon_27 azione_RL=BQSKitSynthesis
job=su2random_indep_tket_3|ibm_falcon_27 azione_RL=OptimizeCliffords
job=su2random_indep_tket_3|ibm_falcon_27 azione_RL=BQSKitO2
job=su2random_indep_tket_3|ibm_falcon_27 azione_RL=InverseCancellation
job=su2random_indep_tket_3|ibm_falcon_27 azione_RL=CliffordSimp
job=su2random_indep_tket_3|ibm_falcon_27 azione_RL=Optimize1qGatesDecomposition
job=su2random_indep_tket_3|ibm_falcon_27 azione_RL=Optimize1qGatesDecomposition
job=su2random_indep_tket_3|ibm_falcon_27 azione_RL=CliffordSimp
job=su2random_indep_tket_3|ibm_falcon_27 azione_RL=CliffordSimp
job=su2random_indep_tket_3|ibm_falcon_27 azione_RL=InverseCancellation
job=su2random_indep_tket_3|ibm_falcon_27 azione_RL=PeepholeOptimise2Q
job=su2random_indep_tket_3|ibm_falcon_27 azione_RL=FullPeepholeOptimiseCX
job=su2random_indep_tket_3|ibm_falcon_27 azione_RL=BQSKitO2
job=su2random_indep_tket_3|ibm_falcon_27 azione_RL=CommutativeInverseCancellation
job=su2random_indep_tket_3|ibm_falcon_27 azione_RL=CliffordSimp
job=su2random_indep_tket_3|ibm_falcon_27 azione_RL=BasisTranslator
job=su2random_indep_tket_3|ibm_falcon_27 azione_RL=QiskitO3
job=su2random_indep_tket_3|ibm_falcon_27 azione_RL=BQSKitO2
job=su2random_indep_tket_3|ibm_falcon_27 azione_RL=RemoveDiagonalGatesBeforeMeasure
job=su2random_indep_tket_3|ibm_falcon_27 azione_RL=Opt2qBlocks
job=su2random_indep_tket_3|ibm_falcon_27 azione_RL=FullPeepholeOptimiseCX
job=su2random_indep_tket_3|ibm_falcon_27 azione_RL=BasisTranslator
job=su2random_indep_tket_3|ibm_falcon_27 azione_RL=CommutativeInverseCancellation
job=su2random_indep_tket_3|ibm_falcon_27 azione_RL=RemoveDiagonalGatesBeforeMeasure
job=su2random_indep_tket_3|ibm_falcon_27 azione_RL=CliffordSimp
job=su2random_indep_tket_3|ibm_falcon_27 azione_RL=Optimize1qGatesDecomposition
job=su2random_indep_tket_3|ibm_falcon_27 azione_RL=Optimize1qGatesDecomposition
job=su2random_indep_tket_3|ibm_falcon_27 azione_RL=CliffordSimp
job=su2random_indep_tket_3|ibm_falcon_27 azione_RL=Optimize1qGatesDecomposition
job=su2random_indep_tket_3|ibm_falcon_27 azione_RL=InverseCancellation
job=su2random_indep_tket_3|ibm_falcon_27 azione_RL=PeepholeOptimise2Q
job=su2random_indep_tket_3|ibm_falcon_27 azione_RL=Optimize1qGatesDecomposition
job=su2random_indep_tket_3|ibm_falcon_27 azione_RL=RemoveDiagonalGatesBeforeMeasure
job=su2random_indep_tket_3|ibm_falcon_27 azione_RL=PeepholeOptimise2Q
job=su2random_indep_tket_3|ibm_falcon_27 azione_RL=Opt2qBlocks
job=su2random_indep_tket_3|ibm_falcon_27 azione_RL=BQSKitSynthesis
job=su2random_indep_tket_3|ibm_falcon_27 azione_RL=OptimizeCliffords
job=su2random_indep_tket_3|ibm_falcon_27 azione_RL=Opt2qBlocks
job=su2random_indep_tket_3|ibm_falcon_27 azione_RL=QiskitO3
job=su2random_indep_tket_3|ibm_falcon_27 azione_RL=RemoveDiagonalGatesBeforeMeasure
job=su2random_indep_tket_3|ibm_falcon_27 azione_RL=Optimize1qGatesDecomposition
job=su2random_indep_tket_3|ibm_falcon_27 azione_RL=CommutativeInverseCancellation
job=su2random_indep_tket_3|ibm_falcon_27 azione_RL=CommutativeInverseCancellation
job=su2random_indep_tket_3|ibm_falcon_27 azione_RL=CliffordSimp
job=su2random_indep_tket_3|ibm_falcon_27 azione_RL=PeepholeOptimise2Q
job=su2random_indep_tket_3|ibm_falcon_27 azione_RL=QiskitO3
job=su2random_indep_tket_3|ibm_falcon_27 azione_RL=Opt2qBlocks
job=su2random_indep_tket_3|ibm_falcon_27 azione_RL=CommutativeCancellation
job=su2random_indep_tket_3|ibm_falcon_27 azione_RL=QiskitO3
job=su2random_indep_tket_3|ibm_falcon_27 azione_RL=CliffordSimp
job=su2random_indep_tket_3|ibm_falcon_27 azione_RL=OptimizeCliffords
job=su2random_indep_tket_3|ibm_falcon_27 azione_RL=PeepholeOptimise2Q
job=su2random_indep_tket_3|ibm_falcon_27 azione_RL=CliffordSimp
job=su2random_indep_tket_3|ibm_falcon_27 azione_RL=CommutativeInverseCancellation
job=su2random_indep_tket_3|ibm_falcon_27 azione_RL=FullPeepholeOptimiseCX
job=su2random_indep_tket_3|ibm_falcon_27 azione_RL=CommutativeCancellation
job=su2random_indep_tket_3|ibm_falcon_27 azione_RL=CliffordSimp
job=su2random_indep_tket_3|ibm_falcon_27 azione_RL=CommutativeCancellation
job=su2random_indep_tket_3|ibm_falcon_27 azione_RL=BQSKitO2
job=su2random_indep_tket_3|ibm_falcon_27 azione_RL=BasisTranslator
job=su2random_indep_tket_3|ibm_falcon_27 azione_RL=CommutativeCancellation
job=su2random_indep_tket_3|ibm_falcon_27 azione_RL=PeepholeOptimise2Q
job=su2random_indep_tket_3|ibm_falcon_27 azione_RL=RemoveDiagonalGatesBeforeMeasure
job=su2random_indep_tket_3|ibm_falcon_27 azione_RL=QiskitO3
job=su2random_indep_tket_3|ibm_falcon_27 azione_RL=OptimizeCliffords
job=su2random_indep_tket_3|ibm_falcon_27 azione_RL=QiskitO3
job=su2random_indep_tket_3|ibm_falcon_27 azione_RL=CommutativeInverseCancellation
job=su2random_indep_tket_3|ibm_falcon_27 azione_RL=Opt2qBlocks
job=su2random_indep_tket_3|ibm_falcon_27 azione_RL=OptimizeCliffords
job=su2random_indep_tket_3|ibm_falcon_27 azione_RL=CliffordSimp
job=su2random_indep_tket_3|ibm_falcon_27 azione_RL=PeepholeOptimise2Q
job=su2random_indep_tket_3|ibm_falcon_27 azione_RL=PeepholeOptimise2Q
job=su2random_indep_tket_3|ibm_falcon_27 azione_RL=Opt2qBlocks
job=su2random_indep_tket_3|ibm_falcon_27 azione_RL=PeepholeOptimise2Q
job=su2random_indep_tket_3|ibm_falcon_27 azione_RL=OptimizeCliffords
job=su2random_indep_tket_3|ibm_falcon_27 azione_RL=BasisTranslator
job=su2random_indep_tket_3|ibm_falcon_27 azione_RL=Opt2qBlocks
job=su2random_indep_tket_3|ibm_falcon_27 azione_RL=CommutativeInverseCancellation
job=su2random_indep_tket_3|ibm_falcon_27 azione_RL=OptimizeCliffords
job=su2random_indep_tket_3|ibm_falcon_27 azione_RL=RemoveRedundancies
job=su2random_indep_tket_3|ibm_falcon_27 azione_RL=Opt2qBlocks
job=su2random_indep_tket_3|ibm_falcon_27 azione_RL=PeepholeOptimise2Q
job=su2random_indep_tket_3|ibm_falcon_27 azione_RL=QiskitO3
job=su2random_indep_tket_3|ibm_falcon_27 azione_RL=RemoveRedundancies
job=su2random_indep_tket_3|ibm_falcon_27 azione_RL=QiskitO3
job=su2random_indep_tket_3|ibm_falcon_27 azione_RL=FullPeepholeOptimiseCX
job=su2random_indep_tket_3|ibm_falcon_27 azione_RL=CliffordSimp
job=su2random_indep_tket_3|ibm_falcon_27 azione_RL=BQSKitSynthesis
job=su2random_indep_tket_3|ibm_falcon_27 fallback=QiskitO1
job=twolocalrandom_indep_qiskit_3|ibm_falcon_27 azione_RL=Optimize1qGatesDecomposition
job=twolocalrandom_indep_qiskit_3|ibm_falcon_27 azione_RL=RemoveDiagonalGatesBeforeMeasure
job=twolocalrandom_indep_qiskit_3|ibm_falcon_27 azione_RL=FullPeepholeOptimiseCX
job=twolocalrandom_indep_qiskit_3|ibm_falcon_27 azione_RL=OptimizeCliffords
job=twolocalrandom_indep_qiskit_3|ibm_falcon_27 azione_RL=BQSKitSynthesis
job=twolocalrandom_indep_qiskit_3|ibm_falcon_27 azione_RL=OptimizeCliffords
job=twolocalrandom_indep_qiskit_3|ibm_falcon_27 azione_RL=BQSKitO2
job=twolocalrandom_indep_qiskit_3|ibm_falcon_27 azione_RL=InverseCancellation
job=twolocalrandom_indep_qiskit_3|ibm_falcon_27 azione_RL=CliffordSimp
job=twolocalrandom_indep_qiskit_3|ibm_falcon_27 azione_RL=Optimize1qGatesDecomposition
job=twolocalrandom_indep_qiskit_3|ibm_falcon_27 azione_RL=Optimize1qGatesDecomposition
job=twolocalrandom_indep_qiskit_3|ibm_falcon_27 azione_RL=CliffordSimp
job=twolocalrandom_indep_qiskit_3|ibm_falcon_27 azione_RL=CliffordSimp
job=twolocalrandom_indep_qiskit_3|ibm_falcon_27 azione_RL=InverseCancellation
job=twolocalrandom_indep_qiskit_3|ibm_falcon_27 azione_RL=PeepholeOptimise2Q
job=twolocalrandom_indep_qiskit_3|ibm_falcon_27 azione_RL=FullPeepholeOptimiseCX
job=twolocalrandom_indep_qiskit_3|ibm_falcon_27 azione_RL=BQSKitO2
job=twolocalrandom_indep_qiskit_3|ibm_falcon_27 azione_RL=CommutativeInverseCancellation
job=twolocalrandom_indep_qiskit_3|ibm_falcon_27 azione_RL=CliffordSimp
job=twolocalrandom_indep_qiskit_3|ibm_falcon_27 azione_RL=BasisTranslator
job=twolocalrandom_indep_qiskit_3|ibm_falcon_27 azione_RL=QiskitO3
job=twolocalrandom_indep_qiskit_3|ibm_falcon_27 azione_RL=BQSKitO2
job=twolocalrandom_indep_qiskit_3|ibm_falcon_27 azione_RL=RemoveDiagonalGatesBeforeMeasure
job=twolocalrandom_indep_qiskit_3|ibm_falcon_27 azione_RL=FullPeepholeOptimiseCX
job=twolocalrandom_indep_qiskit_3|ibm_falcon_27 azione_RL=FullPeepholeOptimiseCX
job=twolocalrandom_indep_qiskit_3|ibm_falcon_27 azione_RL=BasisTranslator
job=twolocalrandom_indep_qiskit_3|ibm_falcon_27 azione_RL=CommutativeInverseCancellation
job=twolocalrandom_indep_qiskit_3|ibm_falcon_27 azione_RL=RemoveDiagonalGatesBeforeMeasure
job=twolocalrandom_indep_qiskit_3|ibm_falcon_27 azione_RL=CliffordSimp
job=twolocalrandom_indep_qiskit_3|ibm_falcon_27 azione_RL=Optimize1qGatesDecomposition
job=twolocalrandom_indep_qiskit_3|ibm_falcon_27 azione_RL=Optimize1qGatesDecomposition
job=twolocalrandom_indep_qiskit_3|ibm_falcon_27 azione_RL=CliffordSimp
job=twolocalrandom_indep_qiskit_3|ibm_falcon_27 azione_RL=Optimize1qGatesDecomposition
job=twolocalrandom_indep_qiskit_3|ibm_falcon_27 azione_RL=InverseCancellation
job=twolocalrandom_indep_qiskit_3|ibm_falcon_27 azione_RL=PeepholeOptimise2Q
job=twolocalrandom_indep_qiskit_3|ibm_falcon_27 azione_RL=Optimize1qGatesDecomposition
job=twolocalrandom_indep_qiskit_3|ibm_falcon_27 azione_RL=RemoveDiagonalGatesBeforeMeasure
job=twolocalrandom_indep_qiskit_3|ibm_falcon_27 azione_RL=PeepholeOptimise2Q
job=twolocalrandom_indep_qiskit_3|ibm_falcon_27 azione_RL=Opt2qBlocks
job=twolocalrandom_indep_qiskit_3|ibm_falcon_27 azione_RL=BQSKitSynthesis
job=twolocalrandom_indep_qiskit_3|ibm_falcon_27 azione_RL=OptimizeCliffords
job=twolocalrandom_indep_qiskit_3|ibm_falcon_27 azione_RL=Opt2qBlocks
job=twolocalrandom_indep_qiskit_3|ibm_falcon_27 azione_RL=QiskitO3
job=twolocalrandom_indep_qiskit_3|ibm_falcon_27 azione_RL=RemoveDiagonalGatesBeforeMeasure
job=twolocalrandom_indep_qiskit_3|ibm_falcon_27 azione_RL=Optimize1qGatesDecomposition
job=twolocalrandom_indep_qiskit_3|ibm_falcon_27 azione_RL=CommutativeInverseCancellation
job=twolocalrandom_indep_qiskit_3|ibm_falcon_27 azione_RL=CommutativeInverseCancellation
job=twolocalrandom_indep_qiskit_3|ibm_falcon_27 azione_RL=CliffordSimp
job=twolocalrandom_indep_qiskit_3|ibm_falcon_27 azione_RL=PeepholeOptimise2Q
job=twolocalrandom_indep_qiskit_3|ibm_falcon_27 azione_RL=QiskitO3
job=twolocalrandom_indep_qiskit_3|ibm_falcon_27 azione_RL=Opt2qBlocks
job=twolocalrandom_indep_qiskit_3|ibm_falcon_27 azione_RL=CommutativeCancellation
job=twolocalrandom_indep_qiskit_3|ibm_falcon_27 azione_RL=QiskitO3
job=twolocalrandom_indep_qiskit_3|ibm_falcon_27 azione_RL=CliffordSimp
job=twolocalrandom_indep_qiskit_3|ibm_falcon_27 azione_RL=OptimizeCliffords
job=twolocalrandom_indep_qiskit_3|ibm_falcon_27 azione_RL=PeepholeOptimise2Q
job=twolocalrandom_indep_qiskit_3|ibm_falcon_27 azione_RL=CliffordSimp
job=twolocalrandom_indep_qiskit_3|ibm_falcon_27 azione_RL=CommutativeInverseCancellation
job=twolocalrandom_indep_qiskit_3|ibm_falcon_27 azione_RL=FullPeepholeOptimiseCX
job=twolocalrandom_indep_qiskit_3|ibm_falcon_27 azione_RL=CommutativeCancellation
job=twolocalrandom_indep_qiskit_3|ibm_falcon_27 azione_RL=CliffordSimp
job=twolocalrandom_indep_qiskit_3|ibm_falcon_27 azione_RL=CommutativeCancellation
job=twolocalrandom_indep_qiskit_3|ibm_falcon_27 azione_RL=OptimizeCliffords
job=twolocalrandom_indep_qiskit_3|ibm_falcon_27 azione_RL=BasisTranslator
job=twolocalrandom_indep_qiskit_3|ibm_falcon_27 azione_RL=CommutativeCancellation
job=twolocalrandom_indep_qiskit_3|ibm_falcon_27 azione_RL=PeepholeOptimise2Q
job=twolocalrandom_indep_qiskit_3|ibm_falcon_27 azione_RL=RemoveDiagonalGatesBeforeMeasure
job=twolocalrandom_indep_qiskit_3|ibm_falcon_27 azione_RL=QiskitO3
job=twolocalrandom_indep_qiskit_3|ibm_falcon_27 azione_RL=OptimizeCliffords
job=twolocalrandom_indep_qiskit_3|ibm_falcon_27 azione_RL=QiskitO3
job=twolocalrandom_indep_qiskit_3|ibm_falcon_27 azione_RL=CommutativeInverseCancellation
job=twolocalrandom_indep_qiskit_3|ibm_falcon_27 azione_RL=Opt2qBlocks
job=twolocalrandom_indep_qiskit_3|ibm_falcon_27 azione_RL=OptimizeCliffords
job=twolocalrandom_indep_qiskit_3|ibm_falcon_27 azione_RL=CliffordSimp
job=twolocalrandom_indep_qiskit_3|ibm_falcon_27 azione_RL=PeepholeOptimise2Q
job=twolocalrandom_indep_qiskit_3|ibm_falcon_27 azione_RL=PeepholeOptimise2Q
job=twolocalrandom_indep_qiskit_3|ibm_falcon_27 azione_RL=Opt2qBlocks
job=twolocalrandom_indep_qiskit_3|ibm_falcon_27 azione_RL=PeepholeOptimise2Q
job=twolocalrandom_indep_qiskit_3|ibm_falcon_27 azione_RL=OptimizeCliffords
job=twolocalrandom_indep_qiskit_3|ibm_falcon_27 azione_RL=BasisTranslator
job=twolocalrandom_indep_qiskit_3|ibm_falcon_27 azione_RL=Opt2qBlocks
job=twolocalrandom_indep_qiskit_3|ibm_falcon_27 azione_RL=CommutativeInverseCancellation
job=twolocalrandom_indep_qiskit_3|ibm_falcon_27 azione_RL=OptimizeCliffords
job=twolocalrandom_indep_qiskit_3|ibm_falcon_27 azione_RL=RemoveRedundancies
job=twolocalrandom_indep_qiskit_3|ibm_falcon_27 azione_RL=Opt2qBlocks
job=twolocalrandom_indep_qiskit_3|ibm_falcon_27 azione_RL=PeepholeOptimise2Q
job=twolocalrandom_indep_qiskit_3|ibm_falcon_27 azione_RL=QiskitO3
job=twolocalrandom_indep_qiskit_3|ibm_falcon_27 azione_RL=RemoveRedundancies
job=twolocalrandom_indep_qiskit_3|ibm_falcon_27 azione_RL=QiskitO3
job=twolocalrandom_indep_qiskit_3|ibm_falcon_27 azione_RL=FullPeepholeOptimiseCX
job=twolocalrandom_indep_qiskit_3|ibm_falcon_27 azione_RL=CliffordSimp
job=twolocalrandom_indep_qiskit_3|ibm_falcon_27 azione_RL=BQSKitSynthesis
job=twolocalrandom_indep_qiskit_3|ibm_falcon_27 azione_RL=Opt2qBlocks
job=twolocalrandom_indep_qiskit_3|ibm_falcon_27 azione_RL=BasisTranslator
job=twolocalrandom_indep_qiskit_3|ibm_falcon_27 azione_RL=Optimize1qGatesDecomposition
job=twolocalrandom_indep_qiskit_3|ibm_falcon_27 azione_RL=Opt2qBlocks
job=twolocalrandom_indep_qiskit_3|ibm_falcon_27 azione_RL=FullPeepholeOptimiseCX
job=twolocalrandom_indep_qiskit_3|ibm_falcon_27 azione_RL=PeepholeOptimise2Q
job=twolocalrandom_indep_qiskit_3|ibm_falcon_27 azione_RL=RemoveDiagonalGatesBeforeMeasure
job=twolocalrandom_indep_qiskit_3|ibm_falcon_27 azione_RL=BQSKitO2
job=twolocalrandom_indep_qiskit_3|ibm_falcon_27 fallback=QiskitO1
job=twolocalrandom_indep_tket_3|ibm_falcon_27 azione_RL=Optimize1qGatesDecomposition
job=twolocalrandom_indep_tket_3|ibm_falcon_27 azione_RL=RemoveDiagonalGatesBeforeMeasure
job=twolocalrandom_indep_tket_3|ibm_falcon_27 azione_RL=FullPeepholeOptimiseCX
job=twolocalrandom_indep_tket_3|ibm_falcon_27 azione_RL=OptimizeCliffords
job=twolocalrandom_indep_tket_3|ibm_falcon_27 azione_RL=BQSKitSynthesis
job=twolocalrandom_indep_tket_3|ibm_falcon_27 azione_RL=OptimizeCliffords
job=twolocalrandom_indep_tket_3|ibm_falcon_27 azione_RL=BQSKitO2
job=twolocalrandom_indep_tket_3|ibm_falcon_27 azione_RL=InverseCancellation
job=twolocalrandom_indep_tket_3|ibm_falcon_27 azione_RL=CliffordSimp
job=twolocalrandom_indep_tket_3|ibm_falcon_27 azione_RL=Optimize1qGatesDecomposition
job=twolocalrandom_indep_tket_3|ibm_falcon_27 azione_RL=Optimize1qGatesDecomposition
job=twolocalrandom_indep_tket_3|ibm_falcon_27 azione_RL=CliffordSimp
job=twolocalrandom_indep_tket_3|ibm_falcon_27 azione_RL=CliffordSimp
job=twolocalrandom_indep_tket_3|ibm_falcon_27 azione_RL=InverseCancellation
job=twolocalrandom_indep_tket_3|ibm_falcon_27 azione_RL=PeepholeOptimise2Q
job=twolocalrandom_indep_tket_3|ibm_falcon_27 azione_RL=FullPeepholeOptimiseCX
job=twolocalrandom_indep_tket_3|ibm_falcon_27 azione_RL=BQSKitO2
job=twolocalrandom_indep_tket_3|ibm_falcon_27 azione_RL=CommutativeInverseCancellation
job=twolocalrandom_indep_tket_3|ibm_falcon_27 azione_RL=CliffordSimp
job=twolocalrandom_indep_tket_3|ibm_falcon_27 azione_RL=BasisTranslator
job=twolocalrandom_indep_tket_3|ibm_falcon_27 azione_RL=QiskitO3
job=twolocalrandom_indep_tket_3|ibm_falcon_27 azione_RL=BQSKitO2
job=twolocalrandom_indep_tket_3|ibm_falcon_27 azione_RL=RemoveDiagonalGatesBeforeMeasure
job=twolocalrandom_indep_tket_3|ibm_falcon_27 azione_RL=FullPeepholeOptimiseCX
job=twolocalrandom_indep_tket_3|ibm_falcon_27 azione_RL=FullPeepholeOptimiseCX
job=twolocalrandom_indep_tket_3|ibm_falcon_27 azione_RL=BasisTranslator
job=twolocalrandom_indep_tket_3|ibm_falcon_27 azione_RL=CommutativeInverseCancellation
job=twolocalrandom_indep_tket_3|ibm_falcon_27 azione_RL=RemoveDiagonalGatesBeforeMeasure
job=twolocalrandom_indep_tket_3|ibm_falcon_27 azione_RL=CliffordSimp
job=twolocalrandom_indep_tket_3|ibm_falcon_27 azione_RL=Optimize1qGatesDecomposition
job=twolocalrandom_indep_tket_3|ibm_falcon_27 azione_RL=Optimize1qGatesDecomposition
job=twolocalrandom_indep_tket_3|ibm_falcon_27 azione_RL=CliffordSimp
job=twolocalrandom_indep_tket_3|ibm_falcon_27 azione_RL=Optimize1qGatesDecomposition
job=twolocalrandom_indep_tket_3|ibm_falcon_27 azione_RL=InverseCancellation
job=twolocalrandom_indep_tket_3|ibm_falcon_27 azione_RL=PeepholeOptimise2Q
job=twolocalrandom_indep_tket_3|ibm_falcon_27 azione_RL=Optimize1qGatesDecomposition
job=twolocalrandom_indep_tket_3|ibm_falcon_27 azione_RL=RemoveDiagonalGatesBeforeMeasure
job=twolocalrandom_indep_tket_3|ibm_falcon_27 azione_RL=PeepholeOptimise2Q
job=twolocalrandom_indep_tket_3|ibm_falcon_27 azione_RL=Opt2qBlocks
job=twolocalrandom_indep_tket_3|ibm_falcon_27 azione_RL=BQSKitSynthesis
job=twolocalrandom_indep_tket_3|ibm_falcon_27 azione_RL=OptimizeCliffords
job=twolocalrandom_indep_tket_3|ibm_falcon_27 azione_RL=Opt2qBlocks
job=twolocalrandom_indep_tket_3|ibm_falcon_27 azione_RL=QiskitO3
job=twolocalrandom_indep_tket_3|ibm_falcon_27 azione_RL=RemoveDiagonalGatesBeforeMeasure
job=twolocalrandom_indep_tket_3|ibm_falcon_27 azione_RL=Optimize1qGatesDecomposition
job=twolocalrandom_indep_tket_3|ibm_falcon_27 azione_RL=CommutativeInverseCancellation
job=twolocalrandom_indep_tket_3|ibm_falcon_27 azione_RL=CommutativeInverseCancellation
job=twolocalrandom_indep_tket_3|ibm_falcon_27 azione_RL=CliffordSimp
job=twolocalrandom_indep_tket_3|ibm_falcon_27 azione_RL=PeepholeOptimise2Q
job=twolocalrandom_indep_tket_3|ibm_falcon_27 azione_RL=QiskitO3
job=twolocalrandom_indep_tket_3|ibm_falcon_27 azione_RL=Opt2qBlocks
job=twolocalrandom_indep_tket_3|ibm_falcon_27 azione_RL=CommutativeCancellation
job=twolocalrandom_indep_tket_3|ibm_falcon_27 azione_RL=QiskitO3
job=twolocalrandom_indep_tket_3|ibm_falcon_27 azione_RL=CliffordSimp
job=twolocalrandom_indep_tket_3|ibm_falcon_27 azione_RL=OptimizeCliffords
job=twolocalrandom_indep_tket_3|ibm_falcon_27 azione_RL=PeepholeOptimise2Q
job=twolocalrandom_indep_tket_3|ibm_falcon_27 azione_RL=CliffordSimp
job=twolocalrandom_indep_tket_3|ibm_falcon_27 azione_RL=CommutativeInverseCancellation
job=twolocalrandom_indep_tket_3|ibm_falcon_27 azione_RL=FullPeepholeOptimiseCX
job=twolocalrandom_indep_tket_3|ibm_falcon_27 azione_RL=CommutativeCancellation
job=twolocalrandom_indep_tket_3|ibm_falcon_27 azione_RL=CliffordSimp
job=twolocalrandom_indep_tket_3|ibm_falcon_27 azione_RL=CommutativeCancellation
job=twolocalrandom_indep_tket_3|ibm_falcon_27 azione_RL=OptimizeCliffords
job=twolocalrandom_indep_tket_3|ibm_falcon_27 azione_RL=BasisTranslator
job=twolocalrandom_indep_tket_3|ibm_falcon_27 azione_RL=CommutativeCancellation
job=twolocalrandom_indep_tket_3|ibm_falcon_27 azione_RL=PeepholeOptimise2Q
job=twolocalrandom_indep_tket_3|ibm_falcon_27 azione_RL=RemoveDiagonalGatesBeforeMeasure
job=twolocalrandom_indep_tket_3|ibm_falcon_27 azione_RL=QiskitO3
job=twolocalrandom_indep_tket_3|ibm_falcon_27 azione_RL=OptimizeCliffords
job=twolocalrandom_indep_tket_3|ibm_falcon_27 azione_RL=QiskitO3
job=twolocalrandom_indep_tket_3|ibm_falcon_27 azione_RL=CommutativeInverseCancellation
job=twolocalrandom_indep_tket_3|ibm_falcon_27 azione_RL=Opt2qBlocks
job=twolocalrandom_indep_tket_3|ibm_falcon_27 azione_RL=OptimizeCliffords
job=twolocalrandom_indep_tket_3|ibm_falcon_27 azione_RL=CliffordSimp
job=twolocalrandom_indep_tket_3|ibm_falcon_27 azione_RL=PeepholeOptimise2Q
job=twolocalrandom_indep_tket_3|ibm_falcon_27 azione_RL=PeepholeOptimise2Q
job=twolocalrandom_indep_tket_3|ibm_falcon_27 azione_RL=Opt2qBlocks
job=twolocalrandom_indep_tket_3|ibm_falcon_27 azione_RL=PeepholeOptimise2Q
job=twolocalrandom_indep_tket_3|ibm_falcon_27 azione_RL=OptimizeCliffords
job=twolocalrandom_indep_tket_3|ibm_falcon_27 azione_RL=BasisTranslator
job=twolocalrandom_indep_tket_3|ibm_falcon_27 azione_RL=Opt2qBlocks
job=twolocalrandom_indep_tket_3|ibm_falcon_27 azione_RL=CommutativeInverseCancellation
job=twolocalrandom_indep_tket_3|ibm_falcon_27 azione_RL=OptimizeCliffords
job=twolocalrandom_indep_tket_3|ibm_falcon_27 azione_RL=RemoveRedundancies
job=twolocalrandom_indep_tket_3|ibm_falcon_27 azione_RL=Opt2qBlocks
job=twolocalrandom_indep_tket_3|ibm_falcon_27 azione_RL=PeepholeOptimise2Q
job=twolocalrandom_indep_tket_3|ibm_falcon_27 azione_RL=QiskitO3
job=twolocalrandom_indep_tket_3|ibm_falcon_27 azione_RL=RemoveRedundancies
job=twolocalrandom_indep_tket_3|ibm_falcon_27 azione_RL=QiskitO3
job=twolocalrandom_indep_tket_3|ibm_falcon_27 azione_RL=FullPeepholeOptimiseCX
job=twolocalrandom_indep_tket_3|ibm_falcon_27 azione_RL=CliffordSimp
job=twolocalrandom_indep_tket_3|ibm_falcon_27 azione_RL=BQSKitSynthesis
job=twolocalrandom_indep_tket_3|ibm_falcon_27 azione_RL=Opt2qBlocks
job=twolocalrandom_indep_tket_3|ibm_falcon_27 azione_RL=BasisTranslator
job=twolocalrandom_indep_tket_3|ibm_falcon_27 azione_RL=Optimize1qGatesDecomposition
job=twolocalrandom_indep_tket_3|ibm_falcon_27 azione_RL=Opt2qBlocks
job=twolocalrandom_indep_tket_3|ibm_falcon_27 azione_RL=FullPeepholeOptimiseCX
job=twolocalrandom_indep_tket_3|ibm_falcon_27 azione_RL=PeepholeOptimise2Q
job=twolocalrandom_indep_tket_3|ibm_falcon_27 azione_RL=RemoveDiagonalGatesBeforeMeasure
job=twolocalrandom_indep_tket_3|ibm_falcon_27 azione_RL=BQSKitO2
job=twolocalrandom_indep_tket_3|ibm_falcon_27 azione_RL=OptimizeCliffords
job=twolocalrandom_indep_tket_3|ibm_falcon_27 azione_RL=CommutativeInverseCancellation
job=twolocalrandom_indep_tket_3|ibm_falcon_27 azione_RL=BQSKitO2
job=twolocalrandom_indep_tket_3|ibm_falcon_27 fallback=QiskitO1
job=ae_indep_qiskit_4|ibm_falcon_27 azione_RL=Optimize1qGatesDecomposition
job=ae_indep_qiskit_4|ibm_falcon_27 azione_RL=RemoveDiagonalGatesBeforeMeasure
job=ae_indep_qiskit_4|ibm_falcon_27 azione_RL=FullPeepholeOptimiseCX
job=ae_indep_qiskit_4|ibm_falcon_27 azione_RL=OptimizeCliffords
job=ae_indep_qiskit_4|ibm_falcon_27 azione_RL=BQSKitSynthesis
job=ae_indep_qiskit_4|ibm_falcon_27 azione_RL=OptimizeCliffords
job=ae_indep_qiskit_4|ibm_falcon_27 azione_RL=BQSKitO2
job=ae_indep_qiskit_4|ibm_falcon_27 azione_RL=InverseCancellation
job=ae_indep_qiskit_4|ibm_falcon_27 azione_RL=CliffordSimp
job=ae_indep_qiskit_4|ibm_falcon_27 azione_RL=Optimize1qGatesDecomposition
job=ae_indep_qiskit_4|ibm_falcon_27 azione_RL=Optimize1qGatesDecomposition
job=ae_indep_qiskit_4|ibm_falcon_27 azione_RL=CliffordSimp
job=ae_indep_qiskit_4|ibm_falcon_27 azione_RL=CliffordSimp
job=ae_indep_qiskit_4|ibm_falcon_27 azione_RL=InverseCancellation
job=ae_indep_qiskit_4|ibm_falcon_27 azione_RL=PeepholeOptimise2Q
job=ae_indep_qiskit_4|ibm_falcon_27 azione_RL=FullPeepholeOptimiseCX
job=ae_indep_qiskit_4|ibm_falcon_27 azione_RL=CliffordSimp
job=ae_indep_qiskit_4|ibm_falcon_27 azione_RL=CommutativeInverseCancellation
job=ae_indep_qiskit_4|ibm_falcon_27 azione_RL=CliffordSimp
job=ae_indep_qiskit_4|ibm_falcon_27 azione_RL=BasisTranslator
job=ae_indep_qiskit_4|ibm_falcon_27 azione_RL=QiskitO3
job=ae_indep_qiskit_4|ibm_falcon_27 azione_RL=BQSKitO2
job=ae_indep_qiskit_4|ibm_falcon_27 azione_RL=RemoveDiagonalGatesBeforeMeasure
job=ae_indep_qiskit_4|ibm_falcon_27 azione_RL=FullPeepholeOptimiseCX
job=ae_indep_qiskit_4|ibm_falcon_27 azione_RL=FullPeepholeOptimiseCX
job=ae_indep_qiskit_4|ibm_falcon_27 azione_RL=BasisTranslator
job=ae_indep_qiskit_4|ibm_falcon_27 azione_RL=CommutativeInverseCancellation
job=ae_indep_qiskit_4|ibm_falcon_27 azione_RL=RemoveDiagonalGatesBeforeMeasure
job=ae_indep_qiskit_4|ibm_falcon_27 azione_RL=CliffordSimp
job=ae_indep_qiskit_4|ibm_falcon_27 azione_RL=Optimize1qGatesDecomposition
job=ae_indep_qiskit_4|ibm_falcon_27 azione_RL=Optimize1qGatesDecomposition
job=ae_indep_qiskit_4|ibm_falcon_27 azione_RL=CliffordSimp
job=ae_indep_qiskit_4|ibm_falcon_27 azione_RL=Optimize1qGatesDecomposition
job=ae_indep_qiskit_4|ibm_falcon_27 azione_RL=InverseCancellation
job=ae_indep_qiskit_4|ibm_falcon_27 azione_RL=PeepholeOptimise2Q
job=ae_indep_qiskit_4|ibm_falcon_27 azione_RL=Optimize1qGatesDecomposition
job=ae_indep_qiskit_4|ibm_falcon_27 azione_RL=RemoveDiagonalGatesBeforeMeasure
job=ae_indep_qiskit_4|ibm_falcon_27 azione_RL=PeepholeOptimise2Q
job=ae_indep_qiskit_4|ibm_falcon_27 azione_RL=Opt2qBlocks
job=ae_indep_qiskit_4|ibm_falcon_27 azione_RL=BQSKitSynthesis
job=ae_indep_qiskit_4|ibm_falcon_27 azione_RL=OptimizeCliffords
job=ae_indep_qiskit_4|ibm_falcon_27 azione_RL=Opt2qBlocks
job=ae_indep_qiskit_4|ibm_falcon_27 azione_RL=QiskitO3
job=ae_indep_qiskit_4|ibm_falcon_27 azione_RL=RemoveDiagonalGatesBeforeMeasure
job=ae_indep_qiskit_4|ibm_falcon_27 azione_RL=Optimize1qGatesDecomposition
job=ae_indep_qiskit_4|ibm_falcon_27 azione_RL=CommutativeInverseCancellation
job=ae_indep_qiskit_4|ibm_falcon_27 azione_RL=CommutativeInverseCancellation
job=ae_indep_qiskit_4|ibm_falcon_27 azione_RL=CliffordSimp
job=ae_indep_qiskit_4|ibm_falcon_27 azione_RL=BasisTranslator
job=ae_indep_qiskit_4|ibm_falcon_27 azione_RL=QiskitO3
job=ae_indep_qiskit_4|ibm_falcon_27 azione_RL=Opt2qBlocks
job=ae_indep_qiskit_4|ibm_falcon_27 azione_RL=CommutativeCancellation
job=ae_indep_qiskit_4|ibm_falcon_27 azione_RL=QiskitO3
job=ae_indep_qiskit_4|ibm_falcon_27 azione_RL=CliffordSimp
job=ae_indep_qiskit_4|ibm_falcon_27 azione_RL=OptimizeCliffords
job=ae_indep_qiskit_4|ibm_falcon_27 azione_RL=PeepholeOptimise2Q
job=ae_indep_qiskit_4|ibm_falcon_27 azione_RL=CliffordSimp
job=ae_indep_qiskit_4|ibm_falcon_27 azione_RL=CommutativeInverseCancellation
job=ae_indep_qiskit_4|ibm_falcon_27 azione_RL=FullPeepholeOptimiseCX
job=ae_indep_qiskit_4|ibm_falcon_27 azione_RL=CommutativeCancellation
job=ae_indep_qiskit_4|ibm_falcon_27 azione_RL=CliffordSimp
job=ae_indep_qiskit_4|ibm_falcon_27 azione_RL=CommutativeCancellation
job=ae_indep_qiskit_4|ibm_falcon_27 azione_RL=BQSKitO2
job=ae_indep_qiskit_4|ibm_falcon_27 azione_RL=BasisTranslator
job=ae_indep_qiskit_4|ibm_falcon_27 azione_RL=CommutativeCancellation
job=ae_indep_qiskit_4|ibm_falcon_27 azione_RL=PeepholeOptimise2Q
job=ae_indep_qiskit_4|ibm_falcon_27 azione_RL=RemoveDiagonalGatesBeforeMeasure
job=ae_indep_qiskit_4|ibm_falcon_27 azione_RL=QiskitO3
job=ae_indep_qiskit_4|ibm_falcon_27 azione_RL=OptimizeCliffords
job=ae_indep_qiskit_4|ibm_falcon_27 azione_RL=QiskitO3
job=ae_indep_qiskit_4|ibm_falcon_27 azione_RL=CommutativeInverseCancellation
job=ae_indep_qiskit_4|ibm_falcon_27 azione_RL=Opt2qBlocks
job=ae_indep_qiskit_4|ibm_falcon_27 azione_RL=OptimizeCliffords
job=ae_indep_qiskit_4|ibm_falcon_27 azione_RL=CliffordSimp
job=ae_indep_qiskit_4|ibm_falcon_27 azione_RL=PeepholeOptimise2Q
job=ae_indep_qiskit_4|ibm_falcon_27 azione_RL=PeepholeOptimise2Q
job=ae_indep_qiskit_4|ibm_falcon_27 azione_RL=Opt2qBlocks
job=ae_indep_qiskit_4|ibm_falcon_27 azione_RL=PeepholeOptimise2Q
job=ae_indep_qiskit_4|ibm_falcon_27 azione_RL=OptimizeCliffords
job=ae_indep_qiskit_4|ibm_falcon_27 azione_RL=BasisTranslator
job=ae_indep_qiskit_4|ibm_falcon_27 azione_RL=Opt2qBlocks
job=ae_indep_qiskit_4|ibm_falcon_27 azione_RL=CommutativeInverseCancellation
job=ae_indep_qiskit_4|ibm_falcon_27 azione_RL=OptimizeCliffords
job=ae_indep_qiskit_4|ibm_falcon_27 azione_RL=RemoveRedundancies
job=ae_indep_qiskit_4|ibm_falcon_27 azione_RL=Opt2qBlocks
job=ae_indep_qiskit_4|ibm_falcon_27 azione_RL=PeepholeOptimise2Q
job=ae_indep_qiskit_4|ibm_falcon_27 azione_RL=QiskitO3
job=ae_indep_qiskit_4|ibm_falcon_27 azione_RL=RemoveRedundancies
job=ae_indep_qiskit_4|ibm_falcon_27 azione_RL=QiskitO3
job=ae_indep_qiskit_4|ibm_falcon_27 azione_RL=FullPeepholeOptimiseCX
job=ae_indep_qiskit_4|ibm_falcon_27 azione_RL=CliffordSimp
job=ae_indep_qiskit_4|ibm_falcon_27 azione_RL=BQSKitSynthesis
job=ae_indep_qiskit_4|ibm_falcon_27 azione_RL=Opt2qBlocks
job=ae_indep_qiskit_4|ibm_falcon_27 azione_RL=BasisTranslator
job=ae_indep_qiskit_4|ibm_falcon_27 azione_RL=Optimize1qGatesDecomposition
job=ae_indep_qiskit_4|ibm_falcon_27 azione_RL=Opt2qBlocks
job=ae_indep_qiskit_4|ibm_falcon_27 azione_RL=FullPeepholeOptimiseCX
job=ae_indep_qiskit_4|ibm_falcon_27 azione_RL=PeepholeOptimise2Q
job=ae_indep_qiskit_4|ibm_falcon_27 azione_RL=RemoveDiagonalGatesBeforeMeasure
job=ae_indep_qiskit_4|ibm_falcon_27 azione_RL=BQSKitO2
job=ae_indep_qiskit_4|ibm_falcon_27 fallback=QiskitO1
job=ae_indep_tket_4|ibm_falcon_27 azione_RL=Optimize1qGatesDecomposition
job=ae_indep_tket_4|ibm_falcon_27 azione_RL=RemoveDiagonalGatesBeforeMeasure
job=ae_indep_tket_4|ibm_falcon_27 azione_RL=FullPeepholeOptimiseCX
job=ae_indep_tket_4|ibm_falcon_27 azione_RL=OptimizeCliffords
job=ae_indep_tket_4|ibm_falcon_27 azione_RL=BQSKitSynthesis
job=ae_indep_tket_4|ibm_falcon_27 azione_RL=OptimizeCliffords
job=ae_indep_tket_4|ibm_falcon_27 azione_RL=BQSKitO2
job=ae_indep_tket_4|ibm_falcon_27 azione_RL=InverseCancellation
job=ae_indep_tket_4|ibm_falcon_27 azione_RL=CliffordSimp
job=ae_indep_tket_4|ibm_falcon_27 azione_RL=Optimize1qGatesDecomposition
job=ae_indep_tket_4|ibm_falcon_27 azione_RL=Optimize1qGatesDecomposition
job=ae_indep_tket_4|ibm_falcon_27 azione_RL=CliffordSimp
job=ae_indep_tket_4|ibm_falcon_27 azione_RL=CliffordSimp
job=ae_indep_tket_4|ibm_falcon_27 azione_RL=InverseCancellation
job=ae_indep_tket_4|ibm_falcon_27 azione_RL=PeepholeOptimise2Q
job=ae_indep_tket_4|ibm_falcon_27 azione_RL=FullPeepholeOptimiseCX
job=ae_indep_tket_4|ibm_falcon_27 azione_RL=CliffordSimp
job=ae_indep_tket_4|ibm_falcon_27 azione_RL=CommutativeInverseCancellation
job=ae_indep_tket_4|ibm_falcon_27 azione_RL=CliffordSimp
job=ae_indep_tket_4|ibm_falcon_27 azione_RL=BasisTranslator
job=ae_indep_tket_4|ibm_falcon_27 azione_RL=QiskitO3
job=ae_indep_tket_4|ibm_falcon_27 azione_RL=BQSKitO2
job=ae_indep_tket_4|ibm_falcon_27 azione_RL=RemoveDiagonalGatesBeforeMeasure
job=ae_indep_tket_4|ibm_falcon_27 azione_RL=FullPeepholeOptimiseCX
job=ae_indep_tket_4|ibm_falcon_27 azione_RL=FullPeepholeOptimiseCX
job=ae_indep_tket_4|ibm_falcon_27 azione_RL=BasisTranslator
job=ae_indep_tket_4|ibm_falcon_27 azione_RL=CommutativeInverseCancellation
job=ae_indep_tket_4|ibm_falcon_27 azione_RL=RemoveDiagonalGatesBeforeMeasure
job=ae_indep_tket_4|ibm_falcon_27 azione_RL=CliffordSimp
job=ae_indep_tket_4|ibm_falcon_27 azione_RL=Optimize1qGatesDecomposition
job=ae_indep_tket_4|ibm_falcon_27 azione_RL=Optimize1qGatesDecomposition
job=ae_indep_tket_4|ibm_falcon_27 azione_RL=CliffordSimp
job=ae_indep_tket_4|ibm_falcon_27 azione_RL=Optimize1qGatesDecomposition
job=ae_indep_tket_4|ibm_falcon_27 azione_RL=InverseCancellation
job=ae_indep_tket_4|ibm_falcon_27 azione_RL=PeepholeOptimise2Q
job=ae_indep_tket_4|ibm_falcon_27 azione_RL=Optimize1qGatesDecomposition
job=ae_indep_tket_4|ibm_falcon_27 azione_RL=RemoveDiagonalGatesBeforeMeasure
job=ae_indep_tket_4|ibm_falcon_27 azione_RL=PeepholeOptimise2Q
job=ae_indep_tket_4|ibm_falcon_27 azione_RL=Opt2qBlocks
job=ae_indep_tket_4|ibm_falcon_27 azione_RL=BQSKitSynthesis
job=ae_indep_tket_4|ibm_falcon_27 azione_RL=OptimizeCliffords
job=ae_indep_tket_4|ibm_falcon_27 azione_RL=Opt2qBlocks
job=ae_indep_tket_4|ibm_falcon_27 azione_RL=QiskitO3
job=ae_indep_tket_4|ibm_falcon_27 azione_RL=RemoveDiagonalGatesBeforeMeasure
job=ae_indep_tket_4|ibm_falcon_27 azione_RL=Optimize1qGatesDecomposition
job=ae_indep_tket_4|ibm_falcon_27 azione_RL=CommutativeInverseCancellation
job=ae_indep_tket_4|ibm_falcon_27 azione_RL=CommutativeInverseCancellation
job=ae_indep_tket_4|ibm_falcon_27 azione_RL=CliffordSimp
job=ae_indep_tket_4|ibm_falcon_27 azione_RL=BasisTranslator
job=ae_indep_tket_4|ibm_falcon_27 azione_RL=QiskitO3
job=ae_indep_tket_4|ibm_falcon_27 azione_RL=Opt2qBlocks
job=ae_indep_tket_4|ibm_falcon_27 azione_RL=CommutativeCancellation
job=ae_indep_tket_4|ibm_falcon_27 azione_RL=QiskitO3
job=ae_indep_tket_4|ibm_falcon_27 azione_RL=CliffordSimp
job=ae_indep_tket_4|ibm_falcon_27 azione_RL=OptimizeCliffords
job=ae_indep_tket_4|ibm_falcon_27 azione_RL=PeepholeOptimise2Q
job=ae_indep_tket_4|ibm_falcon_27 azione_RL=CliffordSimp
job=ae_indep_tket_4|ibm_falcon_27 azione_RL=CommutativeInverseCancellation
job=ae_indep_tket_4|ibm_falcon_27 azione_RL=FullPeepholeOptimiseCX
job=ae_indep_tket_4|ibm_falcon_27 azione_RL=CommutativeCancellation
job=ae_indep_tket_4|ibm_falcon_27 azione_RL=CliffordSimp
job=ae_indep_tket_4|ibm_falcon_27 azione_RL=CommutativeCancellation
job=ae_indep_tket_4|ibm_falcon_27 azione_RL=BQSKitO2
job=ae_indep_tket_4|ibm_falcon_27 azione_RL=BasisTranslator
job=ae_indep_tket_4|ibm_falcon_27 azione_RL=CommutativeCancellation
job=ae_indep_tket_4|ibm_falcon_27 azione_RL=PeepholeOptimise2Q
job=ae_indep_tket_4|ibm_falcon_27 azione_RL=RemoveDiagonalGatesBeforeMeasure
job=ae_indep_tket_4|ibm_falcon_27 azione_RL=QiskitO3
job=ae_indep_tket_4|ibm_falcon_27 azione_RL=OptimizeCliffords
job=ae_indep_tket_4|ibm_falcon_27 azione_RL=QiskitO3
job=ae_indep_tket_4|ibm_falcon_27 azione_RL=CommutativeInverseCancellation
job=ae_indep_tket_4|ibm_falcon_27 azione_RL=Opt2qBlocks
job=ae_indep_tket_4|ibm_falcon_27 azione_RL=OptimizeCliffords
job=ae_indep_tket_4|ibm_falcon_27 azione_RL=CliffordSimp
job=ae_indep_tket_4|ibm_falcon_27 azione_RL=PeepholeOptimise2Q
job=ae_indep_tket_4|ibm_falcon_27 azione_RL=PeepholeOptimise2Q
job=ae_indep_tket_4|ibm_falcon_27 azione_RL=Opt2qBlocks
job=ae_indep_tket_4|ibm_falcon_27 azione_RL=PeepholeOptimise2Q
job=ae_indep_tket_4|ibm_falcon_27 azione_RL=OptimizeCliffords
job=ae_indep_tket_4|ibm_falcon_27 azione_RL=BasisTranslator
job=ae_indep_tket_4|ibm_falcon_27 azione_RL=Opt2qBlocks
job=ae_indep_tket_4|ibm_falcon_27 azione_RL=CommutativeInverseCancellation
job=ae_indep_tket_4|ibm_falcon_27 azione_RL=OptimizeCliffords
job=ae_indep_tket_4|ibm_falcon_27 azione_RL=RemoveRedundancies
job=ae_indep_tket_4|ibm_falcon_27 azione_RL=Opt2qBlocks
job=ae_indep_tket_4|ibm_falcon_27 azione_RL=PeepholeOptimise2Q
job=ae_indep_tket_4|ibm_falcon_27 azione_RL=QiskitO3
job=ae_indep_tket_4|ibm_falcon_27 azione_RL=RemoveRedundancies
job=ae_indep_tket_4|ibm_falcon_27 azione_RL=QiskitO3
job=ae_indep_tket_4|ibm_falcon_27 azione_RL=FullPeepholeOptimiseCX
job=ae_indep_tket_4|ibm_falcon_27 azione_RL=CliffordSimp
job=ae_indep_tket_4|ibm_falcon_27 azione_RL=BQSKitSynthesis
job=ae_indep_tket_4|ibm_falcon_27 azione_RL=Opt2qBlocks
job=ae_indep_tket_4|ibm_falcon_27 azione_RL=BasisTranslator
job=ae_indep_tket_4|ibm_falcon_27 azione_RL=Optimize1qGatesDecomposition
job=ae_indep_tket_4|ibm_falcon_27 azione_RL=Opt2qBlocks
job=ae_indep_tket_4|ibm_falcon_27 azione_RL=FullPeepholeOptimiseCX
job=ae_indep_tket_4|ibm_falcon_27 azione_RL=PeepholeOptimise2Q
job=ae_indep_tket_4|ibm_falcon_27 azione_RL=RemoveDiagonalGatesBeforeMeasure
job=ae_indep_tket_4|ibm_falcon_27 azione_RL=BQSKitO2
job=ae_indep_tket_4|ibm_falcon_27 fallback=QiskitO1
job=dj_indep_qiskit_4|ibm_falcon_27 azione_RL=Optimize1qGatesDecomposition
job=dj_indep_qiskit_4|ibm_falcon_27 azione_RL=RemoveDiagonalGatesBeforeMeasure
job=dj_indep_qiskit_4|ibm_falcon_27 azione_RL=FullPeepholeOptimiseCX
job=dj_indep_qiskit_4|ibm_falcon_27 azione_RL=OptimizeCliffords
job=dj_indep_qiskit_4|ibm_falcon_27 azione_RL=BQSKitSynthesis
job=dj_indep_qiskit_4|ibm_falcon_27 azione_RL=OptimizeCliffords
job=dj_indep_qiskit_4|ibm_falcon_27 azione_RL=BQSKitO2
job=dj_indep_qiskit_4|ibm_falcon_27 azione_RL=InverseCancellation
job=dj_indep_qiskit_4|ibm_falcon_27 azione_RL=CliffordSimp
job=dj_indep_qiskit_4|ibm_falcon_27 azione_RL=Optimize1qGatesDecomposition
job=dj_indep_qiskit_4|ibm_falcon_27 azione_RL=Optimize1qGatesDecomposition
job=dj_indep_qiskit_4|ibm_falcon_27 azione_RL=CliffordSimp
job=dj_indep_qiskit_4|ibm_falcon_27 azione_RL=CliffordSimp
job=dj_indep_qiskit_4|ibm_falcon_27 azione_RL=InverseCancellation
job=dj_indep_qiskit_4|ibm_falcon_27 azione_RL=PeepholeOptimise2Q
job=dj_indep_qiskit_4|ibm_falcon_27 azione_RL=FullPeepholeOptimiseCX
job=dj_indep_qiskit_4|ibm_falcon_27 azione_RL=BQSKitO2
job=dj_indep_qiskit_4|ibm_falcon_27 azione_RL=CommutativeInverseCancellation
job=dj_indep_qiskit_4|ibm_falcon_27 azione_RL=CliffordSimp
job=dj_indep_qiskit_4|ibm_falcon_27 azione_RL=BasisTranslator
job=dj_indep_qiskit_4|ibm_falcon_27 azione_RL=QiskitO3
job=dj_indep_qiskit_4|ibm_falcon_27 azione_RL=BQSKitO2
job=dj_indep_qiskit_4|ibm_falcon_27 azione_RL=RemoveDiagonalGatesBeforeMeasure
job=dj_indep_qiskit_4|ibm_falcon_27 azione_RL=Opt2qBlocks
job=dj_indep_qiskit_4|ibm_falcon_27 azione_RL=FullPeepholeOptimiseCX
job=dj_indep_qiskit_4|ibm_falcon_27 azione_RL=BasisTranslator
job=dj_indep_qiskit_4|ibm_falcon_27 azione_RL=CommutativeInverseCancellation
job=dj_indep_qiskit_4|ibm_falcon_27 azione_RL=RemoveDiagonalGatesBeforeMeasure
job=dj_indep_qiskit_4|ibm_falcon_27 azione_RL=CliffordSimp
job=dj_indep_qiskit_4|ibm_falcon_27 azione_RL=Optimize1qGatesDecomposition
job=dj_indep_qiskit_4|ibm_falcon_27 azione_RL=Optimize1qGatesDecomposition
job=dj_indep_qiskit_4|ibm_falcon_27 azione_RL=CliffordSimp
job=dj_indep_qiskit_4|ibm_falcon_27 azione_RL=Optimize1qGatesDecomposition
job=dj_indep_qiskit_4|ibm_falcon_27 azione_RL=InverseCancellation
job=dj_indep_qiskit_4|ibm_falcon_27 azione_RL=PeepholeOptimise2Q
job=dj_indep_qiskit_4|ibm_falcon_27 azione_RL=Optimize1qGatesDecomposition
job=dj_indep_qiskit_4|ibm_falcon_27 azione_RL=RemoveDiagonalGatesBeforeMeasure
job=dj_indep_qiskit_4|ibm_falcon_27 azione_RL=PeepholeOptimise2Q
job=dj_indep_qiskit_4|ibm_falcon_27 azione_RL=Opt2qBlocks
job=dj_indep_qiskit_4|ibm_falcon_27 azione_RL=BQSKitSynthesis
job=dj_indep_qiskit_4|ibm_falcon_27 azione_RL=OptimizeCliffords
job=dj_indep_qiskit_4|ibm_falcon_27 azione_RL=Opt2qBlocks
job=dj_indep_qiskit_4|ibm_falcon_27 azione_RL=QiskitO3
job=dj_indep_qiskit_4|ibm_falcon_27 azione_RL=RemoveDiagonalGatesBeforeMeasure
job=dj_indep_qiskit_4|ibm_falcon_27 azione_RL=Optimize1qGatesDecomposition
job=dj_indep_qiskit_4|ibm_falcon_27 azione_RL=CommutativeInverseCancellation
job=dj_indep_qiskit_4|ibm_falcon_27 azione_RL=CommutativeInverseCancellation
job=dj_indep_qiskit_4|ibm_falcon_27 azione_RL=CliffordSimp
job=dj_indep_qiskit_4|ibm_falcon_27 azione_RL=BasisTranslator
job=dj_indep_qiskit_4|ibm_falcon_27 azione_RL=QiskitO3
job=dj_indep_qiskit_4|ibm_falcon_27 azione_RL=Opt2qBlocks
job=dj_indep_qiskit_4|ibm_falcon_27 azione_RL=CommutativeCancellation
job=dj_indep_qiskit_4|ibm_falcon_27 azione_RL=QiskitO3
job=dj_indep_qiskit_4|ibm_falcon_27 azione_RL=CliffordSimp
job=dj_indep_qiskit_4|ibm_falcon_27 azione_RL=OptimizeCliffords
job=dj_indep_qiskit_4|ibm_falcon_27 azione_RL=PeepholeOptimise2Q
job=dj_indep_qiskit_4|ibm_falcon_27 azione_RL=CliffordSimp
job=dj_indep_qiskit_4|ibm_falcon_27 azione_RL=CommutativeInverseCancellation
job=dj_indep_qiskit_4|ibm_falcon_27 azione_RL=FullPeepholeOptimiseCX
job=dj_indep_qiskit_4|ibm_falcon_27 azione_RL=CommutativeCancellation
job=dj_indep_qiskit_4|ibm_falcon_27 azione_RL=CliffordSimp
job=dj_indep_qiskit_4|ibm_falcon_27 azione_RL=CommutativeCancellation
job=dj_indep_qiskit_4|ibm_falcon_27 azione_RL=OptimizeCliffords
job=dj_indep_qiskit_4|ibm_falcon_27 azione_RL=BasisTranslator
job=dj_indep_qiskit_4|ibm_falcon_27 azione_RL=CommutativeCancellation
job=dj_indep_qiskit_4|ibm_falcon_27 azione_RL=PeepholeOptimise2Q
job=dj_indep_qiskit_4|ibm_falcon_27 azione_RL=RemoveDiagonalGatesBeforeMeasure
job=dj_indep_qiskit_4|ibm_falcon_27 azione_RL=QiskitO3
job=dj_indep_qiskit_4|ibm_falcon_27 azione_RL=OptimizeCliffords
job=dj_indep_qiskit_4|ibm_falcon_27 azione_RL=QiskitO3
job=dj_indep_qiskit_4|ibm_falcon_27 azione_RL=CommutativeInverseCancellation
job=dj_indep_qiskit_4|ibm_falcon_27 azione_RL=Opt2qBlocks
job=dj_indep_qiskit_4|ibm_falcon_27 azione_RL=OptimizeCliffords
job=dj_indep_qiskit_4|ibm_falcon_27 azione_RL=CliffordSimp
job=dj_indep_qiskit_4|ibm_falcon_27 azione_RL=PeepholeOptimise2Q
job=dj_indep_qiskit_4|ibm_falcon_27 azione_RL=PeepholeOptimise2Q
job=dj_indep_qiskit_4|ibm_falcon_27 azione_RL=Opt2qBlocks
job=dj_indep_qiskit_4|ibm_falcon_27 azione_RL=PeepholeOptimise2Q
job=dj_indep_qiskit_4|ibm_falcon_27 azione_RL=OptimizeCliffords
job=dj_indep_qiskit_4|ibm_falcon_27 azione_RL=BasisTranslator
job=dj_indep_qiskit_4|ibm_falcon_27 azione_RL=Opt2qBlocks
job=dj_indep_qiskit_4|ibm_falcon_27 azione_RL=CommutativeInverseCancellation
job=dj_indep_qiskit_4|ibm_falcon_27 azione_RL=OptimizeCliffords
job=dj_indep_qiskit_4|ibm_falcon_27 azione_RL=RemoveRedundancies
job=dj_indep_qiskit_4|ibm_falcon_27 azione_RL=Opt2qBlocks
job=dj_indep_qiskit_4|ibm_falcon_27 azione_RL=PeepholeOptimise2Q
job=dj_indep_qiskit_4|ibm_falcon_27 azione_RL=QiskitO3
job=dj_indep_qiskit_4|ibm_falcon_27 azione_RL=RemoveRedundancies
job=dj_indep_qiskit_4|ibm_falcon_27 azione_RL=QiskitO3
job=dj_indep_qiskit_4|ibm_falcon_27 azione_RL=FullPeepholeOptimiseCX
job=dj_indep_qiskit_4|ibm_falcon_27 azione_RL=CliffordSimp
job=dj_indep_qiskit_4|ibm_falcon_27 azione_RL=BQSKitSynthesis
job=dj_indep_qiskit_4|ibm_falcon_27 azione_RL=Opt2qBlocks
job=dj_indep_qiskit_4|ibm_falcon_27 azione_RL=BasisTranslator
job=dj_indep_qiskit_4|ibm_falcon_27 azione_RL=Optimize1qGatesDecomposition
job=dj_indep_qiskit_4|ibm_falcon_27 azione_RL=Opt2qBlocks
job=dj_indep_qiskit_4|ibm_falcon_27 azione_RL=FullPeepholeOptimiseCX
job=dj_indep_qiskit_4|ibm_falcon_27 azione_RL=PeepholeOptimise2Q
job=dj_indep_qiskit_4|ibm_falcon_27 azione_RL=RemoveDiagonalGatesBeforeMeasure
job=dj_indep_qiskit_4|ibm_falcon_27 azione_RL=BQSKitO2
job=dj_indep_qiskit_4|ibm_falcon_27 azione_RL=OptimizeCliffords
job=dj_indep_qiskit_4|ibm_falcon_27 azione_RL=CommutativeInverseCancellation
job=dj_indep_qiskit_4|ibm_falcon_27 azione_RL=BQSKitO2
job=dj_indep_qiskit_4|ibm_falcon_27 azione_RL=Optimize1qGatesDecomposition
job=dj_indep_qiskit_4|ibm_falcon_27 azione_RL=PeepholeOptimise2Q
job=dj_indep_qiskit_4|ibm_falcon_27 azione_RL=BasisTranslator
job=dj_indep_qiskit_4|ibm_falcon_27 azione_RL=QiskitO3
job=dj_indep_qiskit_4|ibm_falcon_27 azione_RL=FullPeepholeOptimiseCX
job=dj_indep_qiskit_4|ibm_falcon_27 azione_RL=CommutativeCancellation
job=dj_indep_qiskit_4|ibm_falcon_27 azione_RL=RemoveRedundancies
job=dj_indep_qiskit_4|ibm_falcon_27 azione_RL=BQSKitO2
job=dj_indep_qiskit_4|ibm_falcon_27 fallback=QiskitO1
job=dj_indep_tket_4|ibm_falcon_27 azione_RL=Optimize1qGatesDecomposition
job=dj_indep_tket_4|ibm_falcon_27 azione_RL=RemoveDiagonalGatesBeforeMeasure
job=dj_indep_tket_4|ibm_falcon_27 azione_RL=FullPeepholeOptimiseCX
job=dj_indep_tket_4|ibm_falcon_27 azione_RL=OptimizeCliffords
job=dj_indep_tket_4|ibm_falcon_27 azione_RL=BQSKitSynthesis
job=dj_indep_tket_4|ibm_falcon_27 azione_RL=OptimizeCliffords
job=dj_indep_tket_4|ibm_falcon_27 azione_RL=BQSKitO2
job=dj_indep_tket_4|ibm_falcon_27 azione_RL=InverseCancellation
job=dj_indep_tket_4|ibm_falcon_27 azione_RL=CliffordSimp
job=dj_indep_tket_4|ibm_falcon_27 azione_RL=Optimize1qGatesDecomposition
job=dj_indep_tket_4|ibm_falcon_27 azione_RL=Optimize1qGatesDecomposition
job=dj_indep_tket_4|ibm_falcon_27 azione_RL=CliffordSimp
job=dj_indep_tket_4|ibm_falcon_27 azione_RL=CliffordSimp
job=dj_indep_tket_4|ibm_falcon_27 azione_RL=InverseCancellation
job=dj_indep_tket_4|ibm_falcon_27 azione_RL=PeepholeOptimise2Q
job=dj_indep_tket_4|ibm_falcon_27 azione_RL=FullPeepholeOptimiseCX
job=dj_indep_tket_4|ibm_falcon_27 azione_RL=BQSKitO2
job=dj_indep_tket_4|ibm_falcon_27 azione_RL=CommutativeInverseCancellation
job=dj_indep_tket_4|ibm_falcon_27 azione_RL=CliffordSimp
job=dj_indep_tket_4|ibm_falcon_27 azione_RL=BasisTranslator
job=dj_indep_tket_4|ibm_falcon_27 azione_RL=QiskitO3
job=dj_indep_tket_4|ibm_falcon_27 azione_RL=BQSKitO2
job=dj_indep_tket_4|ibm_falcon_27 azione_RL=RemoveDiagonalGatesBeforeMeasure
job=dj_indep_tket_4|ibm_falcon_27 azione_RL=Opt2qBlocks
job=dj_indep_tket_4|ibm_falcon_27 azione_RL=FullPeepholeOptimiseCX
job=dj_indep_tket_4|ibm_falcon_27 azione_RL=BasisTranslator
job=dj_indep_tket_4|ibm_falcon_27 azione_RL=CommutativeInverseCancellation
job=dj_indep_tket_4|ibm_falcon_27 azione_RL=RemoveDiagonalGatesBeforeMeasure
job=dj_indep_tket_4|ibm_falcon_27 azione_RL=CliffordSimp
job=dj_indep_tket_4|ibm_falcon_27 azione_RL=Optimize1qGatesDecomposition
job=dj_indep_tket_4|ibm_falcon_27 azione_RL=Optimize1qGatesDecomposition
job=dj_indep_tket_4|ibm_falcon_27 azione_RL=CliffordSimp
job=dj_indep_tket_4|ibm_falcon_27 azione_RL=Optimize1qGatesDecomposition
job=dj_indep_tket_4|ibm_falcon_27 azione_RL=InverseCancellation
job=dj_indep_tket_4|ibm_falcon_27 azione_RL=PeepholeOptimise2Q
job=dj_indep_tket_4|ibm_falcon_27 azione_RL=Optimize1qGatesDecomposition
job=dj_indep_tket_4|ibm_falcon_27 azione_RL=RemoveDiagonalGatesBeforeMeasure
job=dj_indep_tket_4|ibm_falcon_27 azione_RL=PeepholeOptimise2Q
job=dj_indep_tket_4|ibm_falcon_27 azione_RL=Opt2qBlocks
job=dj_indep_tket_4|ibm_falcon_27 azione_RL=BQSKitSynthesis
job=dj_indep_tket_4|ibm_falcon_27 azione_RL=OptimizeCliffords
job=dj_indep_tket_4|ibm_falcon_27 azione_RL=Opt2qBlocks
job=dj_indep_tket_4|ibm_falcon_27 azione_RL=QiskitO3
job=dj_indep_tket_4|ibm_falcon_27 azione_RL=RemoveDiagonalGatesBeforeMeasure
job=dj_indep_tket_4|ibm_falcon_27 azione_RL=Optimize1qGatesDecomposition
job=dj_indep_tket_4|ibm_falcon_27 azione_RL=CommutativeInverseCancellation
job=dj_indep_tket_4|ibm_falcon_27 azione_RL=CommutativeInverseCancellation
job=dj_indep_tket_4|ibm_falcon_27 azione_RL=CliffordSimp
job=dj_indep_tket_4|ibm_falcon_27 azione_RL=BasisTranslator
job=dj_indep_tket_4|ibm_falcon_27 azione_RL=QiskitO3
job=dj_indep_tket_4|ibm_falcon_27 azione_RL=Opt2qBlocks
job=dj_indep_tket_4|ibm_falcon_27 azione_RL=CommutativeCancellation
job=dj_indep_tket_4|ibm_falcon_27 azione_RL=QiskitO3
job=dj_indep_tket_4|ibm_falcon_27 azione_RL=CliffordSimp
job=dj_indep_tket_4|ibm_falcon_27 azione_RL=OptimizeCliffords
job=dj_indep_tket_4|ibm_falcon_27 azione_RL=PeepholeOptimise2Q
job=dj_indep_tket_4|ibm_falcon_27 azione_RL=CliffordSimp
job=dj_indep_tket_4|ibm_falcon_27 azione_RL=CommutativeInverseCancellation
job=dj_indep_tket_4|ibm_falcon_27 azione_RL=FullPeepholeOptimiseCX
job=dj_indep_tket_4|ibm_falcon_27 azione_RL=CommutativeCancellation
job=dj_indep_tket_4|ibm_falcon_27 azione_RL=CliffordSimp
job=dj_indep_tket_4|ibm_falcon_27 azione_RL=CommutativeCancellation
job=dj_indep_tket_4|ibm_falcon_27 azione_RL=OptimizeCliffords
job=dj_indep_tket_4|ibm_falcon_27 azione_RL=BasisTranslator
job=dj_indep_tket_4|ibm_falcon_27 azione_RL=CommutativeCancellation
job=dj_indep_tket_4|ibm_falcon_27 azione_RL=PeepholeOptimise2Q
job=dj_indep_tket_4|ibm_falcon_27 azione_RL=RemoveDiagonalGatesBeforeMeasure
job=dj_indep_tket_4|ibm_falcon_27 azione_RL=QiskitO3
job=dj_indep_tket_4|ibm_falcon_27 azione_RL=OptimizeCliffords
job=dj_indep_tket_4|ibm_falcon_27 azione_RL=QiskitO3
job=dj_indep_tket_4|ibm_falcon_27 azione_RL=CommutativeInverseCancellation
job=dj_indep_tket_4|ibm_falcon_27 azione_RL=Opt2qBlocks
job=dj_indep_tket_4|ibm_falcon_27 azione_RL=OptimizeCliffords
job=dj_indep_tket_4|ibm_falcon_27 azione_RL=CliffordSimp
job=dj_indep_tket_4|ibm_falcon_27 azione_RL=PeepholeOptimise2Q
job=dj_indep_tket_4|ibm_falcon_27 azione_RL=PeepholeOptimise2Q
job=dj_indep_tket_4|ibm_falcon_27 azione_RL=Opt2qBlocks
job=dj_indep_tket_4|ibm_falcon_27 azione_RL=PeepholeOptimise2Q
job=dj_indep_tket_4|ibm_falcon_27 azione_RL=OptimizeCliffords
job=dj_indep_tket_4|ibm_falcon_27 azione_RL=BasisTranslator
job=dj_indep_tket_4|ibm_falcon_27 azione_RL=Opt2qBlocks
job=dj_indep_tket_4|ibm_falcon_27 azione_RL=CommutativeInverseCancellation
job=dj_indep_tket_4|ibm_falcon_27 azione_RL=OptimizeCliffords
job=dj_indep_tket_4|ibm_falcon_27 azione_RL=RemoveRedundancies
job=dj_indep_tket_4|ibm_falcon_27 azione_RL=Opt2qBlocks
job=dj_indep_tket_4|ibm_falcon_27 azione_RL=PeepholeOptimise2Q
job=dj_indep_tket_4|ibm_falcon_27 azione_RL=QiskitO3
job=dj_indep_tket_4|ibm_falcon_27 azione_RL=RemoveRedundancies
job=dj_indep_tket_4|ibm_falcon_27 azione_RL=QiskitO3
job=dj_indep_tket_4|ibm_falcon_27 azione_RL=FullPeepholeOptimiseCX
job=dj_indep_tket_4|ibm_falcon_27 azione_RL=CliffordSimp
job=dj_indep_tket_4|ibm_falcon_27 azione_RL=BQSKitSynthesis
job=dj_indep_tket_4|ibm_falcon_27 azione_RL=Opt2qBlocks
job=dj_indep_tket_4|ibm_falcon_27 azione_RL=BasisTranslator
job=dj_indep_tket_4|ibm_falcon_27 azione_RL=Optimize1qGatesDecomposition
job=dj_indep_tket_4|ibm_falcon_27 azione_RL=Opt2qBlocks
job=dj_indep_tket_4|ibm_falcon_27 azione_RL=FullPeepholeOptimiseCX
job=dj_indep_tket_4|ibm_falcon_27 azione_RL=PeepholeOptimise2Q
job=dj_indep_tket_4|ibm_falcon_27 azione_RL=RemoveDiagonalGatesBeforeMeasure
job=dj_indep_tket_4|ibm_falcon_27 azione_RL=BQSKitO2
job=dj_indep_tket_4|ibm_falcon_27 azione_RL=OptimizeCliffords
job=dj_indep_tket_4|ibm_falcon_27 azione_RL=CommutativeInverseCancellation
job=dj_indep_tket_4|ibm_falcon_27 azione_RL=BQSKitO2
job=dj_indep_tket_4|ibm_falcon_27 fallback=QiskitO1
job=graphstate_indep_qiskit_4|ibm_falcon_27 azione_RL=Optimize1qGatesDecomposition
job=graphstate_indep_qiskit_4|ibm_falcon_27 azione_RL=RemoveDiagonalGatesBeforeMeasure
job=graphstate_indep_qiskit_4|ibm_falcon_27 azione_RL=FullPeepholeOptimiseCX
job=graphstate_indep_qiskit_4|ibm_falcon_27 azione_RL=OptimizeCliffords
job=graphstate_indep_qiskit_4|ibm_falcon_27 azione_RL=BQSKitSynthesis
job=graphstate_indep_qiskit_4|ibm_falcon_27 azione_RL=OptimizeCliffords
job=graphstate_indep_qiskit_4|ibm_falcon_27 azione_RL=BQSKitO2
job=graphstate_indep_qiskit_4|ibm_falcon_27 azione_RL=InverseCancellation
job=graphstate_indep_qiskit_4|ibm_falcon_27 azione_RL=CliffordSimp
job=graphstate_indep_qiskit_4|ibm_falcon_27 azione_RL=Optimize1qGatesDecomposition
job=graphstate_indep_qiskit_4|ibm_falcon_27 azione_RL=Optimize1qGatesDecomposition
job=graphstate_indep_qiskit_4|ibm_falcon_27 azione_RL=CliffordSimp
job=graphstate_indep_qiskit_4|ibm_falcon_27 azione_RL=CliffordSimp
job=graphstate_indep_qiskit_4|ibm_falcon_27 azione_RL=InverseCancellation
job=graphstate_indep_qiskit_4|ibm_falcon_27 azione_RL=PeepholeOptimise2Q
job=graphstate_indep_qiskit_4|ibm_falcon_27 azione_RL=FullPeepholeOptimiseCX
job=graphstate_indep_qiskit_4|ibm_falcon_27 azione_RL=BQSKitO2
job=graphstate_indep_qiskit_4|ibm_falcon_27 azione_RL=CommutativeInverseCancellation
job=graphstate_indep_qiskit_4|ibm_falcon_27 azione_RL=CliffordSimp
job=graphstate_indep_qiskit_4|ibm_falcon_27 azione_RL=BasisTranslator
job=graphstate_indep_qiskit_4|ibm_falcon_27 azione_RL=QiskitO3
job=graphstate_indep_qiskit_4|ibm_falcon_27 azione_RL=BQSKitO2
job=graphstate_indep_qiskit_4|ibm_falcon_27 azione_RL=RemoveDiagonalGatesBeforeMeasure
job=graphstate_indep_qiskit_4|ibm_falcon_27 azione_RL=Opt2qBlocks
job=graphstate_indep_qiskit_4|ibm_falcon_27 azione_RL=FullPeepholeOptimiseCX
job=graphstate_indep_qiskit_4|ibm_falcon_27 azione_RL=BasisTranslator
job=graphstate_indep_qiskit_4|ibm_falcon_27 azione_RL=CommutativeInverseCancellation
job=graphstate_indep_qiskit_4|ibm_falcon_27 azione_RL=RemoveDiagonalGatesBeforeMeasure
job=graphstate_indep_qiskit_4|ibm_falcon_27 azione_RL=CliffordSimp
job=graphstate_indep_qiskit_4|ibm_falcon_27 azione_RL=Optimize1qGatesDecomposition
job=graphstate_indep_qiskit_4|ibm_falcon_27 azione_RL=Optimize1qGatesDecomposition
job=graphstate_indep_qiskit_4|ibm_falcon_27 azione_RL=CliffordSimp
job=graphstate_indep_qiskit_4|ibm_falcon_27 azione_RL=Optimize1qGatesDecomposition
job=graphstate_indep_qiskit_4|ibm_falcon_27 azione_RL=InverseCancellation
job=graphstate_indep_qiskit_4|ibm_falcon_27 azione_RL=PeepholeOptimise2Q
job=graphstate_indep_qiskit_4|ibm_falcon_27 azione_RL=Optimize1qGatesDecomposition
job=graphstate_indep_qiskit_4|ibm_falcon_27 azione_RL=RemoveDiagonalGatesBeforeMeasure
job=graphstate_indep_qiskit_4|ibm_falcon_27 azione_RL=PeepholeOptimise2Q
job=graphstate_indep_qiskit_4|ibm_falcon_27 azione_RL=Opt2qBlocks
job=graphstate_indep_qiskit_4|ibm_falcon_27 azione_RL=BQSKitSynthesis
job=graphstate_indep_qiskit_4|ibm_falcon_27 azione_RL=OptimizeCliffords
job=graphstate_indep_qiskit_4|ibm_falcon_27 azione_RL=Opt2qBlocks
job=graphstate_indep_qiskit_4|ibm_falcon_27 azione_RL=QiskitO3
job=graphstate_indep_qiskit_4|ibm_falcon_27 azione_RL=RemoveDiagonalGatesBeforeMeasure
job=graphstate_indep_qiskit_4|ibm_falcon_27 azione_RL=Optimize1qGatesDecomposition
job=graphstate_indep_qiskit_4|ibm_falcon_27 azione_RL=CommutativeInverseCancellation
job=graphstate_indep_qiskit_4|ibm_falcon_27 azione_RL=CommutativeInverseCancellation
job=graphstate_indep_qiskit_4|ibm_falcon_27 azione_RL=CliffordSimp
job=graphstate_indep_qiskit_4|ibm_falcon_27 azione_RL=BasisTranslator
job=graphstate_indep_qiskit_4|ibm_falcon_27 azione_RL=QiskitO3
job=graphstate_indep_qiskit_4|ibm_falcon_27 azione_RL=Opt2qBlocks
job=graphstate_indep_qiskit_4|ibm_falcon_27 azione_RL=CommutativeCancellation
job=graphstate_indep_qiskit_4|ibm_falcon_27 azione_RL=QiskitO3
job=graphstate_indep_qiskit_4|ibm_falcon_27 azione_RL=CliffordSimp
job=graphstate_indep_qiskit_4|ibm_falcon_27 azione_RL=OptimizeCliffords
job=graphstate_indep_qiskit_4|ibm_falcon_27 azione_RL=PeepholeOptimise2Q
job=graphstate_indep_qiskit_4|ibm_falcon_27 azione_RL=CliffordSimp
job=graphstate_indep_qiskit_4|ibm_falcon_27 azione_RL=CommutativeInverseCancellation
job=graphstate_indep_qiskit_4|ibm_falcon_27 azione_RL=FullPeepholeOptimiseCX
job=graphstate_indep_qiskit_4|ibm_falcon_27 azione_RL=CommutativeCancellation
job=graphstate_indep_qiskit_4|ibm_falcon_27 azione_RL=CliffordSimp
job=graphstate_indep_qiskit_4|ibm_falcon_27 azione_RL=CommutativeCancellation
job=graphstate_indep_qiskit_4|ibm_falcon_27 azione_RL=OptimizeCliffords
job=graphstate_indep_qiskit_4|ibm_falcon_27 azione_RL=BasisTranslator
job=graphstate_indep_qiskit_4|ibm_falcon_27 azione_RL=CommutativeCancellation
job=graphstate_indep_qiskit_4|ibm_falcon_27 azione_RL=PeepholeOptimise2Q
job=graphstate_indep_qiskit_4|ibm_falcon_27 azione_RL=RemoveDiagonalGatesBeforeMeasure
job=graphstate_indep_qiskit_4|ibm_falcon_27 azione_RL=QiskitO3
job=graphstate_indep_qiskit_4|ibm_falcon_27 azione_RL=OptimizeCliffords
job=graphstate_indep_qiskit_4|ibm_falcon_27 azione_RL=QiskitO3
job=graphstate_indep_qiskit_4|ibm_falcon_27 azione_RL=CommutativeInverseCancellation
job=graphstate_indep_qiskit_4|ibm_falcon_27 azione_RL=Opt2qBlocks
job=graphstate_indep_qiskit_4|ibm_falcon_27 azione_RL=OptimizeCliffords
job=graphstate_indep_qiskit_4|ibm_falcon_27 azione_RL=CliffordSimp
job=graphstate_indep_qiskit_4|ibm_falcon_27 azione_RL=PeepholeOptimise2Q
job=graphstate_indep_qiskit_4|ibm_falcon_27 azione_RL=PeepholeOptimise2Q
job=graphstate_indep_qiskit_4|ibm_falcon_27 azione_RL=Opt2qBlocks
job=graphstate_indep_qiskit_4|ibm_falcon_27 azione_RL=PeepholeOptimise2Q
job=graphstate_indep_qiskit_4|ibm_falcon_27 azione_RL=OptimizeCliffords
job=graphstate_indep_qiskit_4|ibm_falcon_27 azione_RL=BasisTranslator
job=graphstate_indep_qiskit_4|ibm_falcon_27 azione_RL=Opt2qBlocks
job=graphstate_indep_qiskit_4|ibm_falcon_27 azione_RL=CommutativeInverseCancellation
job=graphstate_indep_qiskit_4|ibm_falcon_27 azione_RL=OptimizeCliffords
job=graphstate_indep_qiskit_4|ibm_falcon_27 azione_RL=RemoveRedundancies
job=graphstate_indep_qiskit_4|ibm_falcon_27 azione_RL=Opt2qBlocks
job=graphstate_indep_qiskit_4|ibm_falcon_27 azione_RL=PeepholeOptimise2Q
job=graphstate_indep_qiskit_4|ibm_falcon_27 azione_RL=QiskitO3
job=graphstate_indep_qiskit_4|ibm_falcon_27 azione_RL=RemoveRedundancies
job=graphstate_indep_qiskit_4|ibm_falcon_27 azione_RL=QiskitO3
job=graphstate_indep_qiskit_4|ibm_falcon_27 azione_RL=FullPeepholeOptimiseCX
job=graphstate_indep_qiskit_4|ibm_falcon_27 azione_RL=CliffordSimp
job=graphstate_indep_qiskit_4|ibm_falcon_27 azione_RL=BQSKitSynthesis
job=graphstate_indep_qiskit_4|ibm_falcon_27 azione_RL=Opt2qBlocks
job=graphstate_indep_qiskit_4|ibm_falcon_27 azione_RL=BasisTranslator
job=graphstate_indep_qiskit_4|ibm_falcon_27 azione_RL=Optimize1qGatesDecomposition
job=graphstate_indep_qiskit_4|ibm_falcon_27 azione_RL=Opt2qBlocks
job=graphstate_indep_qiskit_4|ibm_falcon_27 azione_RL=FullPeepholeOptimiseCX
job=graphstate_indep_qiskit_4|ibm_falcon_27 azione_RL=PeepholeOptimise2Q
job=graphstate_indep_qiskit_4|ibm_falcon_27 azione_RL=RemoveDiagonalGatesBeforeMeasure
job=graphstate_indep_qiskit_4|ibm_falcon_27 azione_RL=BQSKitO2
job=graphstate_indep_qiskit_4|ibm_falcon_27 azione_RL=OptimizeCliffords
job=graphstate_indep_qiskit_4|ibm_falcon_27 azione_RL=CommutativeInverseCancellation
job=graphstate_indep_qiskit_4|ibm_falcon_27 azione_RL=BQSKitO2
job=graphstate_indep_qiskit_4|ibm_falcon_27 fallback=QiskitO1
job=graphstate_indep_tket_4|ibm_falcon_27 azione_RL=Optimize1qGatesDecomposition
job=graphstate_indep_tket_4|ibm_falcon_27 azione_RL=RemoveDiagonalGatesBeforeMeasure
job=graphstate_indep_tket_4|ibm_falcon_27 azione_RL=FullPeepholeOptimiseCX
job=graphstate_indep_tket_4|ibm_falcon_27 azione_RL=OptimizeCliffords
job=graphstate_indep_tket_4|ibm_falcon_27 azione_RL=BQSKitSynthesis
job=graphstate_indep_tket_4|ibm_falcon_27 azione_RL=OptimizeCliffords
job=graphstate_indep_tket_4|ibm_falcon_27 azione_RL=BQSKitO2
job=graphstate_indep_tket_4|ibm_falcon_27 azione_RL=InverseCancellation
job=graphstate_indep_tket_4|ibm_falcon_27 azione_RL=CliffordSimp
job=graphstate_indep_tket_4|ibm_falcon_27 azione_RL=Optimize1qGatesDecomposition
job=graphstate_indep_tket_4|ibm_falcon_27 azione_RL=Optimize1qGatesDecomposition
job=graphstate_indep_tket_4|ibm_falcon_27 azione_RL=CliffordSimp
job=graphstate_indep_tket_4|ibm_falcon_27 azione_RL=CliffordSimp
job=graphstate_indep_tket_4|ibm_falcon_27 azione_RL=InverseCancellation
job=graphstate_indep_tket_4|ibm_falcon_27 azione_RL=PeepholeOptimise2Q
job=graphstate_indep_tket_4|ibm_falcon_27 azione_RL=FullPeepholeOptimiseCX
job=graphstate_indep_tket_4|ibm_falcon_27 azione_RL=BQSKitO2
job=graphstate_indep_tket_4|ibm_falcon_27 azione_RL=CommutativeInverseCancellation
job=graphstate_indep_tket_4|ibm_falcon_27 azione_RL=CliffordSimp
job=graphstate_indep_tket_4|ibm_falcon_27 azione_RL=BasisTranslator
job=graphstate_indep_tket_4|ibm_falcon_27 azione_RL=QiskitO3
job=graphstate_indep_tket_4|ibm_falcon_27 azione_RL=BQSKitO2
job=graphstate_indep_tket_4|ibm_falcon_27 azione_RL=RemoveDiagonalGatesBeforeMeasure
job=graphstate_indep_tket_4|ibm_falcon_27 azione_RL=Opt2qBlocks
job=graphstate_indep_tket_4|ibm_falcon_27 azione_RL=FullPeepholeOptimiseCX
job=graphstate_indep_tket_4|ibm_falcon_27 azione_RL=BasisTranslator
job=graphstate_indep_tket_4|ibm_falcon_27 azione_RL=CommutativeInverseCancellation
job=graphstate_indep_tket_4|ibm_falcon_27 azione_RL=RemoveDiagonalGatesBeforeMeasure
job=graphstate_indep_tket_4|ibm_falcon_27 azione_RL=CliffordSimp
job=graphstate_indep_tket_4|ibm_falcon_27 azione_RL=Optimize1qGatesDecomposition
job=graphstate_indep_tket_4|ibm_falcon_27 azione_RL=Optimize1qGatesDecomposition
job=graphstate_indep_tket_4|ibm_falcon_27 azione_RL=CliffordSimp
job=graphstate_indep_tket_4|ibm_falcon_27 azione_RL=Optimize1qGatesDecomposition
job=graphstate_indep_tket_4|ibm_falcon_27 azione_RL=InverseCancellation
job=graphstate_indep_tket_4|ibm_falcon_27 azione_RL=PeepholeOptimise2Q
job=graphstate_indep_tket_4|ibm_falcon_27 azione_RL=Optimize1qGatesDecomposition
job=graphstate_indep_tket_4|ibm_falcon_27 azione_RL=RemoveDiagonalGatesBeforeMeasure
job=graphstate_indep_tket_4|ibm_falcon_27 azione_RL=PeepholeOptimise2Q
job=graphstate_indep_tket_4|ibm_falcon_27 azione_RL=Opt2qBlocks
job=graphstate_indep_tket_4|ibm_falcon_27 azione_RL=BQSKitSynthesis
job=graphstate_indep_tket_4|ibm_falcon_27 azione_RL=OptimizeCliffords
job=graphstate_indep_tket_4|ibm_falcon_27 azione_RL=Opt2qBlocks
job=graphstate_indep_tket_4|ibm_falcon_27 azione_RL=QiskitO3
job=graphstate_indep_tket_4|ibm_falcon_27 azione_RL=RemoveDiagonalGatesBeforeMeasure
job=graphstate_indep_tket_4|ibm_falcon_27 azione_RL=Optimize1qGatesDecomposition
job=graphstate_indep_tket_4|ibm_falcon_27 azione_RL=CommutativeInverseCancellation
job=graphstate_indep_tket_4|ibm_falcon_27 azione_RL=CommutativeInverseCancellation
job=graphstate_indep_tket_4|ibm_falcon_27 azione_RL=CliffordSimp
job=graphstate_indep_tket_4|ibm_falcon_27 azione_RL=BasisTranslator
job=graphstate_indep_tket_4|ibm_falcon_27 azione_RL=QiskitO3
job=graphstate_indep_tket_4|ibm_falcon_27 azione_RL=Opt2qBlocks
job=graphstate_indep_tket_4|ibm_falcon_27 azione_RL=CommutativeCancellation
job=graphstate_indep_tket_4|ibm_falcon_27 azione_RL=QiskitO3
job=graphstate_indep_tket_4|ibm_falcon_27 azione_RL=CliffordSimp
job=graphstate_indep_tket_4|ibm_falcon_27 azione_RL=OptimizeCliffords
job=graphstate_indep_tket_4|ibm_falcon_27 azione_RL=PeepholeOptimise2Q
job=graphstate_indep_tket_4|ibm_falcon_27 azione_RL=CliffordSimp
job=graphstate_indep_tket_4|ibm_falcon_27 azione_RL=CommutativeInverseCancellation
job=graphstate_indep_tket_4|ibm_falcon_27 azione_RL=FullPeepholeOptimiseCX
job=graphstate_indep_tket_4|ibm_falcon_27 azione_RL=CommutativeCancellation
job=graphstate_indep_tket_4|ibm_falcon_27 azione_RL=CliffordSimp
job=graphstate_indep_tket_4|ibm_falcon_27 azione_RL=CommutativeCancellation
job=graphstate_indep_tket_4|ibm_falcon_27 azione_RL=OptimizeCliffords
job=graphstate_indep_tket_4|ibm_falcon_27 azione_RL=BasisTranslator
job=graphstate_indep_tket_4|ibm_falcon_27 azione_RL=CommutativeCancellation
job=graphstate_indep_tket_4|ibm_falcon_27 azione_RL=PeepholeOptimise2Q
job=graphstate_indep_tket_4|ibm_falcon_27 azione_RL=RemoveDiagonalGatesBeforeMeasure
job=graphstate_indep_tket_4|ibm_falcon_27 azione_RL=QiskitO3
job=graphstate_indep_tket_4|ibm_falcon_27 azione_RL=OptimizeCliffords
job=graphstate_indep_tket_4|ibm_falcon_27 azione_RL=QiskitO3
job=graphstate_indep_tket_4|ibm_falcon_27 azione_RL=CommutativeInverseCancellation
job=graphstate_indep_tket_4|ibm_falcon_27 azione_RL=Opt2qBlocks
job=graphstate_indep_tket_4|ibm_falcon_27 azione_RL=OptimizeCliffords
job=graphstate_indep_tket_4|ibm_falcon_27 azione_RL=CliffordSimp
job=graphstate_indep_tket_4|ibm_falcon_27 azione_RL=PeepholeOptimise2Q
job=graphstate_indep_tket_4|ibm_falcon_27 azione_RL=PeepholeOptimise2Q
job=graphstate_indep_tket_4|ibm_falcon_27 azione_RL=Opt2qBlocks
job=graphstate_indep_tket_4|ibm_falcon_27 azione_RL=PeepholeOptimise2Q
job=graphstate_indep_tket_4|ibm_falcon_27 azione_RL=OptimizeCliffords
job=graphstate_indep_tket_4|ibm_falcon_27 azione_RL=BasisTranslator
job=graphstate_indep_tket_4|ibm_falcon_27 azione_RL=Opt2qBlocks
job=graphstate_indep_tket_4|ibm_falcon_27 azione_RL=CommutativeInverseCancellation
job=graphstate_indep_tket_4|ibm_falcon_27 azione_RL=OptimizeCliffords
job=graphstate_indep_tket_4|ibm_falcon_27 azione_RL=RemoveRedundancies
job=graphstate_indep_tket_4|ibm_falcon_27 azione_RL=Opt2qBlocks
job=graphstate_indep_tket_4|ibm_falcon_27 azione_RL=PeepholeOptimise2Q
job=graphstate_indep_tket_4|ibm_falcon_27 azione_RL=QiskitO3
job=graphstate_indep_tket_4|ibm_falcon_27 azione_RL=RemoveRedundancies
job=graphstate_indep_tket_4|ibm_falcon_27 azione_RL=QiskitO3
job=graphstate_indep_tket_4|ibm_falcon_27 azione_RL=FullPeepholeOptimiseCX
job=graphstate_indep_tket_4|ibm_falcon_27 azione_RL=CliffordSimp
job=graphstate_indep_tket_4|ibm_falcon_27 azione_RL=BQSKitSynthesis
job=graphstate_indep_tket_4|ibm_falcon_27 azione_RL=Opt2qBlocks
job=graphstate_indep_tket_4|ibm_falcon_27 azione_RL=BasisTranslator
job=graphstate_indep_tket_4|ibm_falcon_27 azione_RL=Optimize1qGatesDecomposition
job=graphstate_indep_tket_4|ibm_falcon_27 azione_RL=Opt2qBlocks
job=graphstate_indep_tket_4|ibm_falcon_27 azione_RL=FullPeepholeOptimiseCX
job=graphstate_indep_tket_4|ibm_falcon_27 azione_RL=PeepholeOptimise2Q
job=graphstate_indep_tket_4|ibm_falcon_27 azione_RL=RemoveDiagonalGatesBeforeMeasure
job=graphstate_indep_tket_4|ibm_falcon_27 azione_RL=BQSKitO2
job=graphstate_indep_tket_4|ibm_falcon_27 azione_RL=OptimizeCliffords
job=graphstate_indep_tket_4|ibm_falcon_27 azione_RL=CommutativeInverseCancellation
job=graphstate_indep_tket_4|ibm_falcon_27 azione_RL=BQSKitO2
job=graphstate_indep_tket_4|ibm_falcon_27 fallback=QiskitO1
job=groundstate_small_indep_qiskit_4|ibm_falcon_27 azione_RL=Optimize1qGatesDecomposition
job=groundstate_small_indep_qiskit_4|ibm_falcon_27 azione_RL=RemoveDiagonalGatesBeforeMeasure
job=groundstate_small_indep_qiskit_4|ibm_falcon_27 azione_RL=FullPeepholeOptimiseCX
job=groundstate_small_indep_qiskit_4|ibm_falcon_27 azione_RL=OptimizeCliffords
job=groundstate_small_indep_qiskit_4|ibm_falcon_27 azione_RL=BQSKitSynthesis
job=groundstate_small_indep_qiskit_4|ibm_falcon_27 azione_RL=OptimizeCliffords
job=groundstate_small_indep_qiskit_4|ibm_falcon_27 azione_RL=BQSKitO2
job=groundstate_small_indep_qiskit_4|ibm_falcon_27 azione_RL=InverseCancellation
job=groundstate_small_indep_qiskit_4|ibm_falcon_27 azione_RL=CliffordSimp
job=groundstate_small_indep_qiskit_4|ibm_falcon_27 azione_RL=Optimize1qGatesDecomposition
job=groundstate_small_indep_qiskit_4|ibm_falcon_27 azione_RL=Optimize1qGatesDecomposition
job=groundstate_small_indep_qiskit_4|ibm_falcon_27 azione_RL=CliffordSimp
job=groundstate_small_indep_qiskit_4|ibm_falcon_27 azione_RL=CliffordSimp
job=groundstate_small_indep_qiskit_4|ibm_falcon_27 azione_RL=InverseCancellation
job=groundstate_small_indep_qiskit_4|ibm_falcon_27 azione_RL=PeepholeOptimise2Q
job=groundstate_small_indep_qiskit_4|ibm_falcon_27 azione_RL=FullPeepholeOptimiseCX
job=groundstate_small_indep_qiskit_4|ibm_falcon_27 azione_RL=BQSKitO2
job=groundstate_small_indep_qiskit_4|ibm_falcon_27 azione_RL=CommutativeInverseCancellation
job=groundstate_small_indep_qiskit_4|ibm_falcon_27 azione_RL=CliffordSimp
job=groundstate_small_indep_qiskit_4|ibm_falcon_27 azione_RL=BasisTranslator
job=groundstate_small_indep_qiskit_4|ibm_falcon_27 azione_RL=QiskitO3
job=groundstate_small_indep_qiskit_4|ibm_falcon_27 azione_RL=BQSKitO2
job=groundstate_small_indep_qiskit_4|ibm_falcon_27 azione_RL=RemoveDiagonalGatesBeforeMeasure
job=groundstate_small_indep_qiskit_4|ibm_falcon_27 azione_RL=FullPeepholeOptimiseCX
job=groundstate_small_indep_qiskit_4|ibm_falcon_27 azione_RL=FullPeepholeOptimiseCX
job=groundstate_small_indep_qiskit_4|ibm_falcon_27 azione_RL=BasisTranslator
job=groundstate_small_indep_qiskit_4|ibm_falcon_27 azione_RL=CommutativeInverseCancellation
job=groundstate_small_indep_qiskit_4|ibm_falcon_27 azione_RL=RemoveDiagonalGatesBeforeMeasure
job=groundstate_small_indep_qiskit_4|ibm_falcon_27 azione_RL=CliffordSimp
/home/elio/Tesi/.venv/lib/python3.12/site-packages/pytket/extensions/qiskit/qiskit_convert.py:1124: UserWarning: The pytket Circuit contains implicit qubit permutations which aren't handled by default. Consider using the replace_implicit_swaps flag in tk_to_qiskit or replacing them using Circuit.replace_implicit_swaps().
  warnings.warn(  # noqa: B028
job=groundstate_small_indep_qiskit_4|ibm_falcon_27 azione_RL=Optimize1qGatesDecomposition
job=groundstate_small_indep_qiskit_4|ibm_falcon_27 azione_RL=Optimize1qGatesDecomposition
job=groundstate_small_indep_qiskit_4|ibm_falcon_27 azione_RL=CliffordSimp
job=groundstate_small_indep_qiskit_4|ibm_falcon_27 azione_RL=Optimize1qGatesDecomposition
job=groundstate_small_indep_qiskit_4|ibm_falcon_27 azione_RL=InverseCancellation
job=groundstate_small_indep_qiskit_4|ibm_falcon_27 azione_RL=PeepholeOptimise2Q
job=groundstate_small_indep_qiskit_4|ibm_falcon_27 azione_RL=Optimize1qGatesDecomposition
job=groundstate_small_indep_qiskit_4|ibm_falcon_27 azione_RL=RemoveDiagonalGatesBeforeMeasure
job=groundstate_small_indep_qiskit_4|ibm_falcon_27 azione_RL=PeepholeOptimise2Q
job=groundstate_small_indep_qiskit_4|ibm_falcon_27 azione_RL=Opt2qBlocks
job=groundstate_small_indep_qiskit_4|ibm_falcon_27 azione_RL=BQSKitSynthesis
job=groundstate_small_indep_qiskit_4|ibm_falcon_27 azione_RL=OptimizeCliffords
job=groundstate_small_indep_qiskit_4|ibm_falcon_27 azione_RL=Opt2qBlocks
job=groundstate_small_indep_qiskit_4|ibm_falcon_27 azione_RL=QiskitO3
job=groundstate_small_indep_qiskit_4|ibm_falcon_27 azione_RL=RemoveDiagonalGatesBeforeMeasure
job=groundstate_small_indep_qiskit_4|ibm_falcon_27 azione_RL=Optimize1qGatesDecomposition
job=groundstate_small_indep_qiskit_4|ibm_falcon_27 azione_RL=CommutativeInverseCancellation
job=groundstate_small_indep_qiskit_4|ibm_falcon_27 azione_RL=CommutativeInverseCancellation
job=groundstate_small_indep_qiskit_4|ibm_falcon_27 azione_RL=CliffordSimp
job=groundstate_small_indep_qiskit_4|ibm_falcon_27 azione_RL=PeepholeOptimise2Q
job=groundstate_small_indep_qiskit_4|ibm_falcon_27 azione_RL=QiskitO3
job=groundstate_small_indep_qiskit_4|ibm_falcon_27 azione_RL=Opt2qBlocks
job=groundstate_small_indep_qiskit_4|ibm_falcon_27 azione_RL=CommutativeCancellation
job=groundstate_small_indep_qiskit_4|ibm_falcon_27 azione_RL=QiskitO3
job=groundstate_small_indep_qiskit_4|ibm_falcon_27 azione_RL=CliffordSimp
job=groundstate_small_indep_qiskit_4|ibm_falcon_27 azione_RL=OptimizeCliffords
job=groundstate_small_indep_qiskit_4|ibm_falcon_27 azione_RL=PeepholeOptimise2Q
job=groundstate_small_indep_qiskit_4|ibm_falcon_27 azione_RL=CliffordSimp
job=groundstate_small_indep_qiskit_4|ibm_falcon_27 azione_RL=CommutativeInverseCancellation
job=groundstate_small_indep_qiskit_4|ibm_falcon_27 azione_RL=FullPeepholeOptimiseCX
job=groundstate_small_indep_qiskit_4|ibm_falcon_27 azione_RL=CommutativeCancellation
job=groundstate_small_indep_qiskit_4|ibm_falcon_27 azione_RL=CliffordSimp
job=groundstate_small_indep_qiskit_4|ibm_falcon_27 azione_RL=CommutativeCancellation
job=groundstate_small_indep_qiskit_4|ibm_falcon_27 azione_RL=OptimizeCliffords
job=groundstate_small_indep_qiskit_4|ibm_falcon_27 azione_RL=BasisTranslator
job=groundstate_small_indep_qiskit_4|ibm_falcon_27 azione_RL=CommutativeCancellation
job=groundstate_small_indep_qiskit_4|ibm_falcon_27 azione_RL=PeepholeOptimise2Q
job=groundstate_small_indep_qiskit_4|ibm_falcon_27 azione_RL=RemoveDiagonalGatesBeforeMeasure
job=groundstate_small_indep_qiskit_4|ibm_falcon_27 azione_RL=QiskitO3
job=groundstate_small_indep_qiskit_4|ibm_falcon_27 azione_RL=OptimizeCliffords
job=groundstate_small_indep_qiskit_4|ibm_falcon_27 azione_RL=QiskitO3
job=groundstate_small_indep_qiskit_4|ibm_falcon_27 azione_RL=CommutativeInverseCancellation
job=groundstate_small_indep_qiskit_4|ibm_falcon_27 azione_RL=Opt2qBlocks
job=groundstate_small_indep_qiskit_4|ibm_falcon_27 azione_RL=OptimizeCliffords
job=groundstate_small_indep_qiskit_4|ibm_falcon_27 azione_RL=CliffordSimp
job=groundstate_small_indep_qiskit_4|ibm_falcon_27 azione_RL=PeepholeOptimise2Q
job=groundstate_small_indep_qiskit_4|ibm_falcon_27 azione_RL=PeepholeOptimise2Q
job=groundstate_small_indep_qiskit_4|ibm_falcon_27 azione_RL=Opt2qBlocks
job=groundstate_small_indep_qiskit_4|ibm_falcon_27 azione_RL=PeepholeOptimise2Q
job=groundstate_small_indep_qiskit_4|ibm_falcon_27 azione_RL=OptimizeCliffords
job=groundstate_small_indep_qiskit_4|ibm_falcon_27 azione_RL=BasisTranslator
job=groundstate_small_indep_qiskit_4|ibm_falcon_27 azione_RL=Opt2qBlocks
job=groundstate_small_indep_qiskit_4|ibm_falcon_27 azione_RL=CommutativeInverseCancellation
job=groundstate_small_indep_qiskit_4|ibm_falcon_27 azione_RL=OptimizeCliffords
job=groundstate_small_indep_qiskit_4|ibm_falcon_27 azione_RL=RemoveRedundancies
job=groundstate_small_indep_qiskit_4|ibm_falcon_27 azione_RL=Opt2qBlocks
job=groundstate_small_indep_qiskit_4|ibm_falcon_27 azione_RL=PeepholeOptimise2Q
job=groundstate_small_indep_qiskit_4|ibm_falcon_27 azione_RL=QiskitO3
job=groundstate_small_indep_qiskit_4|ibm_falcon_27 azione_RL=RemoveRedundancies
job=groundstate_small_indep_qiskit_4|ibm_falcon_27 azione_RL=QiskitO3
job=groundstate_small_indep_qiskit_4|ibm_falcon_27 azione_RL=FullPeepholeOptimiseCX
job=groundstate_small_indep_qiskit_4|ibm_falcon_27 azione_RL=CliffordSimp
job=groundstate_small_indep_qiskit_4|ibm_falcon_27 azione_RL=BQSKitSynthesis
job=groundstate_small_indep_qiskit_4|ibm_falcon_27 fallback=QiskitO1
job=groundstate_small_indep_tket_4|ibm_falcon_27 azione_RL=Optimize1qGatesDecomposition
job=groundstate_small_indep_tket_4|ibm_falcon_27 azione_RL=RemoveDiagonalGatesBeforeMeasure
job=groundstate_small_indep_tket_4|ibm_falcon_27 azione_RL=FullPeepholeOptimiseCX
job=groundstate_small_indep_tket_4|ibm_falcon_27 azione_RL=OptimizeCliffords
job=groundstate_small_indep_tket_4|ibm_falcon_27 azione_RL=BQSKitSynthesis
job=groundstate_small_indep_tket_4|ibm_falcon_27 azione_RL=OptimizeCliffords
job=groundstate_small_indep_tket_4|ibm_falcon_27 azione_RL=BQSKitO2
job=groundstate_small_indep_tket_4|ibm_falcon_27 azione_RL=InverseCancellation
job=groundstate_small_indep_tket_4|ibm_falcon_27 azione_RL=CliffordSimp
job=groundstate_small_indep_tket_4|ibm_falcon_27 azione_RL=Optimize1qGatesDecomposition
job=groundstate_small_indep_tket_4|ibm_falcon_27 azione_RL=Optimize1qGatesDecomposition
job=groundstate_small_indep_tket_4|ibm_falcon_27 azione_RL=CliffordSimp
job=groundstate_small_indep_tket_4|ibm_falcon_27 azione_RL=CliffordSimp
job=groundstate_small_indep_tket_4|ibm_falcon_27 azione_RL=InverseCancellation
job=groundstate_small_indep_tket_4|ibm_falcon_27 azione_RL=PeepholeOptimise2Q
job=groundstate_small_indep_tket_4|ibm_falcon_27 azione_RL=FullPeepholeOptimiseCX
job=groundstate_small_indep_tket_4|ibm_falcon_27 azione_RL=BQSKitO2
job=groundstate_small_indep_tket_4|ibm_falcon_27 azione_RL=CommutativeInverseCancellation
job=groundstate_small_indep_tket_4|ibm_falcon_27 azione_RL=CliffordSimp
job=groundstate_small_indep_tket_4|ibm_falcon_27 azione_RL=BasisTranslator
job=groundstate_small_indep_tket_4|ibm_falcon_27 azione_RL=QiskitO3
job=groundstate_small_indep_tket_4|ibm_falcon_27 azione_RL=BQSKitO2
job=groundstate_small_indep_tket_4|ibm_falcon_27 azione_RL=RemoveDiagonalGatesBeforeMeasure
job=groundstate_small_indep_tket_4|ibm_falcon_27 azione_RL=FullPeepholeOptimiseCX
job=groundstate_small_indep_tket_4|ibm_falcon_27 azione_RL=FullPeepholeOptimiseCX
job=groundstate_small_indep_tket_4|ibm_falcon_27 azione_RL=BasisTranslator
job=groundstate_small_indep_tket_4|ibm_falcon_27 azione_RL=CommutativeInverseCancellation
job=groundstate_small_indep_tket_4|ibm_falcon_27 azione_RL=RemoveDiagonalGatesBeforeMeasure
job=groundstate_small_indep_tket_4|ibm_falcon_27 azione_RL=CliffordSimp
/home/elio/Tesi/.venv/lib/python3.12/site-packages/pytket/extensions/qiskit/qiskit_convert.py:1124: UserWarning: The pytket Circuit contains implicit qubit permutations which aren't handled by default. Consider using the replace_implicit_swaps flag in tk_to_qiskit or replacing them using Circuit.replace_implicit_swaps().
  warnings.warn(  # noqa: B028
job=groundstate_small_indep_tket_4|ibm_falcon_27 azione_RL=Optimize1qGatesDecomposition
job=groundstate_small_indep_tket_4|ibm_falcon_27 azione_RL=Optimize1qGatesDecomposition
job=groundstate_small_indep_tket_4|ibm_falcon_27 azione_RL=CliffordSimp
job=groundstate_small_indep_tket_4|ibm_falcon_27 azione_RL=Optimize1qGatesDecomposition
job=groundstate_small_indep_tket_4|ibm_falcon_27 azione_RL=InverseCancellation
job=groundstate_small_indep_tket_4|ibm_falcon_27 azione_RL=PeepholeOptimise2Q
job=groundstate_small_indep_tket_4|ibm_falcon_27 azione_RL=Optimize1qGatesDecomposition
job=groundstate_small_indep_tket_4|ibm_falcon_27 azione_RL=RemoveDiagonalGatesBeforeMeasure
job=groundstate_small_indep_tket_4|ibm_falcon_27 azione_RL=PeepholeOptimise2Q
job=groundstate_small_indep_tket_4|ibm_falcon_27 azione_RL=Opt2qBlocks
job=groundstate_small_indep_tket_4|ibm_falcon_27 azione_RL=BQSKitSynthesis
job=groundstate_small_indep_tket_4|ibm_falcon_27 azione_RL=OptimizeCliffords
job=groundstate_small_indep_tket_4|ibm_falcon_27 azione_RL=Opt2qBlocks
job=groundstate_small_indep_tket_4|ibm_falcon_27 azione_RL=QiskitO3
job=groundstate_small_indep_tket_4|ibm_falcon_27 azione_RL=RemoveDiagonalGatesBeforeMeasure
job=groundstate_small_indep_tket_4|ibm_falcon_27 azione_RL=Optimize1qGatesDecomposition
job=groundstate_small_indep_tket_4|ibm_falcon_27 azione_RL=CommutativeInverseCancellation
job=groundstate_small_indep_tket_4|ibm_falcon_27 azione_RL=CommutativeInverseCancellation
job=groundstate_small_indep_tket_4|ibm_falcon_27 azione_RL=CliffordSimp
job=groundstate_small_indep_tket_4|ibm_falcon_27 azione_RL=PeepholeOptimise2Q
job=groundstate_small_indep_tket_4|ibm_falcon_27 azione_RL=QiskitO3
job=groundstate_small_indep_tket_4|ibm_falcon_27 azione_RL=Opt2qBlocks
job=groundstate_small_indep_tket_4|ibm_falcon_27 azione_RL=CommutativeCancellation
job=groundstate_small_indep_tket_4|ibm_falcon_27 azione_RL=QiskitO3
job=groundstate_small_indep_tket_4|ibm_falcon_27 azione_RL=CliffordSimp
job=groundstate_small_indep_tket_4|ibm_falcon_27 azione_RL=OptimizeCliffords
job=groundstate_small_indep_tket_4|ibm_falcon_27 azione_RL=PeepholeOptimise2Q
job=groundstate_small_indep_tket_4|ibm_falcon_27 azione_RL=CliffordSimp
job=groundstate_small_indep_tket_4|ibm_falcon_27 azione_RL=CommutativeInverseCancellation
job=groundstate_small_indep_tket_4|ibm_falcon_27 azione_RL=FullPeepholeOptimiseCX
job=groundstate_small_indep_tket_4|ibm_falcon_27 azione_RL=CommutativeCancellation
job=groundstate_small_indep_tket_4|ibm_falcon_27 azione_RL=CliffordSimp
job=groundstate_small_indep_tket_4|ibm_falcon_27 azione_RL=CommutativeCancellation
job=groundstate_small_indep_tket_4|ibm_falcon_27 azione_RL=BQSKitO2
job=groundstate_small_indep_tket_4|ibm_falcon_27 azione_RL=BasisTranslator
job=groundstate_small_indep_tket_4|ibm_falcon_27 azione_RL=CommutativeCancellation
job=groundstate_small_indep_tket_4|ibm_falcon_27 azione_RL=PeepholeOptimise2Q
job=groundstate_small_indep_tket_4|ibm_falcon_27 azione_RL=RemoveDiagonalGatesBeforeMeasure
job=groundstate_small_indep_tket_4|ibm_falcon_27 azione_RL=QiskitO3
job=groundstate_small_indep_tket_4|ibm_falcon_27 azione_RL=OptimizeCliffords
job=groundstate_small_indep_tket_4|ibm_falcon_27 azione_RL=QiskitO3
job=groundstate_small_indep_tket_4|ibm_falcon_27 azione_RL=CommutativeInverseCancellation
job=groundstate_small_indep_tket_4|ibm_falcon_27 azione_RL=Opt2qBlocks
job=groundstate_small_indep_tket_4|ibm_falcon_27 azione_RL=OptimizeCliffords
job=groundstate_small_indep_tket_4|ibm_falcon_27 azione_RL=CliffordSimp
job=groundstate_small_indep_tket_4|ibm_falcon_27 azione_RL=PeepholeOptimise2Q
job=groundstate_small_indep_tket_4|ibm_falcon_27 azione_RL=PeepholeOptimise2Q
job=groundstate_small_indep_tket_4|ibm_falcon_27 azione_RL=Opt2qBlocks
job=groundstate_small_indep_tket_4|ibm_falcon_27 azione_RL=PeepholeOptimise2Q
job=groundstate_small_indep_tket_4|ibm_falcon_27 azione_RL=OptimizeCliffords
job=groundstate_small_indep_tket_4|ibm_falcon_27 azione_RL=BasisTranslator
job=groundstate_small_indep_tket_4|ibm_falcon_27 azione_RL=Opt2qBlocks
job=groundstate_small_indep_tket_4|ibm_falcon_27 azione_RL=CommutativeInverseCancellation
job=groundstate_small_indep_tket_4|ibm_falcon_27 azione_RL=OptimizeCliffords
job=groundstate_small_indep_tket_4|ibm_falcon_27 azione_RL=RemoveRedundancies
job=groundstate_small_indep_tket_4|ibm_falcon_27 azione_RL=Opt2qBlocks
job=groundstate_small_indep_tket_4|ibm_falcon_27 azione_RL=PeepholeOptimise2Q
job=groundstate_small_indep_tket_4|ibm_falcon_27 azione_RL=QiskitO3
job=groundstate_small_indep_tket_4|ibm_falcon_27 azione_RL=RemoveRedundancies
job=groundstate_small_indep_tket_4|ibm_falcon_27 azione_RL=QiskitO3
job=groundstate_small_indep_tket_4|ibm_falcon_27 azione_RL=FullPeepholeOptimiseCX
job=groundstate_small_indep_tket_4|ibm_falcon_27 azione_RL=CliffordSimp
job=groundstate_small_indep_tket_4|ibm_falcon_27 azione_RL=BQSKitSynthesis
job=groundstate_small_indep_tket_4|ibm_falcon_27 fallback=QiskitO1
job=portfolioqaoa_indep_qiskit_4|ibm_falcon_27 azione_RL=Optimize1qGatesDecomposition
job=portfolioqaoa_indep_qiskit_4|ibm_falcon_27 azione_RL=RemoveDiagonalGatesBeforeMeasure
job=portfolioqaoa_indep_qiskit_4|ibm_falcon_27 azione_RL=FullPeepholeOptimiseCX
job=portfolioqaoa_indep_qiskit_4|ibm_falcon_27 azione_RL=OptimizeCliffords
job=portfolioqaoa_indep_qiskit_4|ibm_falcon_27 azione_RL=BQSKitSynthesis
job=portfolioqaoa_indep_qiskit_4|ibm_falcon_27 azione_RL=OptimizeCliffords
job=portfolioqaoa_indep_qiskit_4|ibm_falcon_27 azione_RL=BQSKitO2
job=portfolioqaoa_indep_qiskit_4|ibm_falcon_27 azione_RL=InverseCancellation
job=portfolioqaoa_indep_qiskit_4|ibm_falcon_27 azione_RL=CliffordSimp
job=portfolioqaoa_indep_qiskit_4|ibm_falcon_27 azione_RL=Optimize1qGatesDecomposition
job=portfolioqaoa_indep_qiskit_4|ibm_falcon_27 azione_RL=Optimize1qGatesDecomposition
job=portfolioqaoa_indep_qiskit_4|ibm_falcon_27 azione_RL=CliffordSimp
job=portfolioqaoa_indep_qiskit_4|ibm_falcon_27 azione_RL=CliffordSimp
job=portfolioqaoa_indep_qiskit_4|ibm_falcon_27 azione_RL=InverseCancellation
job=portfolioqaoa_indep_qiskit_4|ibm_falcon_27 azione_RL=PeepholeOptimise2Q
job=portfolioqaoa_indep_qiskit_4|ibm_falcon_27 azione_RL=FullPeepholeOptimiseCX
job=portfolioqaoa_indep_qiskit_4|ibm_falcon_27 azione_RL=BQSKitO2
job=portfolioqaoa_indep_qiskit_4|ibm_falcon_27 azione_RL=CommutativeInverseCancellation
job=portfolioqaoa_indep_qiskit_4|ibm_falcon_27 azione_RL=CliffordSimp
job=portfolioqaoa_indep_qiskit_4|ibm_falcon_27 azione_RL=BasisTranslator
job=portfolioqaoa_indep_qiskit_4|ibm_falcon_27 azione_RL=QiskitO3
job=portfolioqaoa_indep_qiskit_4|ibm_falcon_27 azione_RL=BQSKitO2
job=portfolioqaoa_indep_qiskit_4|ibm_falcon_27 azione_RL=RemoveDiagonalGatesBeforeMeasure
job=portfolioqaoa_indep_qiskit_4|ibm_falcon_27 azione_RL=Opt2qBlocks
job=portfolioqaoa_indep_qiskit_4|ibm_falcon_27 azione_RL=FullPeepholeOptimiseCX
job=portfolioqaoa_indep_qiskit_4|ibm_falcon_27 azione_RL=BasisTranslator
job=portfolioqaoa_indep_qiskit_4|ibm_falcon_27 azione_RL=CommutativeInverseCancellation
job=portfolioqaoa_indep_qiskit_4|ibm_falcon_27 azione_RL=RemoveDiagonalGatesBeforeMeasure
job=portfolioqaoa_indep_qiskit_4|ibm_falcon_27 azione_RL=CliffordSimp
job=portfolioqaoa_indep_qiskit_4|ibm_falcon_27 azione_RL=Optimize1qGatesDecomposition
job=portfolioqaoa_indep_qiskit_4|ibm_falcon_27 azione_RL=Optimize1qGatesDecomposition
job=portfolioqaoa_indep_qiskit_4|ibm_falcon_27 azione_RL=CliffordSimp
job=portfolioqaoa_indep_qiskit_4|ibm_falcon_27 azione_RL=Optimize1qGatesDecomposition
job=portfolioqaoa_indep_qiskit_4|ibm_falcon_27 azione_RL=InverseCancellation
job=portfolioqaoa_indep_qiskit_4|ibm_falcon_27 azione_RL=PeepholeOptimise2Q
job=portfolioqaoa_indep_qiskit_4|ibm_falcon_27 azione_RL=Optimize1qGatesDecomposition
job=portfolioqaoa_indep_qiskit_4|ibm_falcon_27 azione_RL=FullPeepholeOptimiseCX
job=portfolioqaoa_indep_qiskit_4|ibm_falcon_27 azione_RL=PeepholeOptimise2Q
job=portfolioqaoa_indep_qiskit_4|ibm_falcon_27 azione_RL=Opt2qBlocks
job=portfolioqaoa_indep_qiskit_4|ibm_falcon_27 azione_RL=BQSKitSynthesis
job=portfolioqaoa_indep_qiskit_4|ibm_falcon_27 azione_RL=OptimizeCliffords
job=portfolioqaoa_indep_qiskit_4|ibm_falcon_27 azione_RL=Opt2qBlocks
job=portfolioqaoa_indep_qiskit_4|ibm_falcon_27 azione_RL=QiskitO3
job=portfolioqaoa_indep_qiskit_4|ibm_falcon_27 azione_RL=RemoveDiagonalGatesBeforeMeasure
job=portfolioqaoa_indep_qiskit_4|ibm_falcon_27 azione_RL=Optimize1qGatesDecomposition
job=portfolioqaoa_indep_qiskit_4|ibm_falcon_27 azione_RL=CommutativeInverseCancellation
job=portfolioqaoa_indep_qiskit_4|ibm_falcon_27 azione_RL=CommutativeInverseCancellation
job=portfolioqaoa_indep_qiskit_4|ibm_falcon_27 azione_RL=CliffordSimp
job=portfolioqaoa_indep_qiskit_4|ibm_falcon_27 azione_RL=PeepholeOptimise2Q
job=portfolioqaoa_indep_qiskit_4|ibm_falcon_27 azione_RL=QiskitO3
job=portfolioqaoa_indep_qiskit_4|ibm_falcon_27 azione_RL=Opt2qBlocks
job=portfolioqaoa_indep_qiskit_4|ibm_falcon_27 azione_RL=CommutativeCancellation
job=portfolioqaoa_indep_qiskit_4|ibm_falcon_27 azione_RL=QiskitO3
job=portfolioqaoa_indep_qiskit_4|ibm_falcon_27 azione_RL=CliffordSimp
job=portfolioqaoa_indep_qiskit_4|ibm_falcon_27 azione_RL=OptimizeCliffords
job=portfolioqaoa_indep_qiskit_4|ibm_falcon_27 azione_RL=PeepholeOptimise2Q
job=portfolioqaoa_indep_qiskit_4|ibm_falcon_27 azione_RL=CliffordSimp
job=portfolioqaoa_indep_qiskit_4|ibm_falcon_27 azione_RL=CommutativeInverseCancellation
job=portfolioqaoa_indep_qiskit_4|ibm_falcon_27 azione_RL=FullPeepholeOptimiseCX
job=portfolioqaoa_indep_qiskit_4|ibm_falcon_27 fallback=QiskitO1
job=portfolioqaoa_indep_tket_4|ibm_falcon_27 azione_RL=Optimize1qGatesDecomposition
job=portfolioqaoa_indep_tket_4|ibm_falcon_27 azione_RL=RemoveDiagonalGatesBeforeMeasure
job=portfolioqaoa_indep_tket_4|ibm_falcon_27 azione_RL=FullPeepholeOptimiseCX
job=portfolioqaoa_indep_tket_4|ibm_falcon_27 azione_RL=OptimizeCliffords
job=portfolioqaoa_indep_tket_4|ibm_falcon_27 azione_RL=BQSKitSynthesis
job=portfolioqaoa_indep_tket_4|ibm_falcon_27 azione_RL=OptimizeCliffords
job=portfolioqaoa_indep_tket_4|ibm_falcon_27 azione_RL=BQSKitO2
job=portfolioqaoa_indep_tket_4|ibm_falcon_27 azione_RL=InverseCancellation
job=portfolioqaoa_indep_tket_4|ibm_falcon_27 azione_RL=CliffordSimp
job=portfolioqaoa_indep_tket_4|ibm_falcon_27 azione_RL=Optimize1qGatesDecomposition
job=portfolioqaoa_indep_tket_4|ibm_falcon_27 azione_RL=Optimize1qGatesDecomposition
job=portfolioqaoa_indep_tket_4|ibm_falcon_27 azione_RL=CliffordSimp
job=portfolioqaoa_indep_tket_4|ibm_falcon_27 azione_RL=CliffordSimp
job=portfolioqaoa_indep_tket_4|ibm_falcon_27 azione_RL=InverseCancellation
job=portfolioqaoa_indep_tket_4|ibm_falcon_27 azione_RL=PeepholeOptimise2Q
job=portfolioqaoa_indep_tket_4|ibm_falcon_27 azione_RL=FullPeepholeOptimiseCX
job=portfolioqaoa_indep_tket_4|ibm_falcon_27 azione_RL=BQSKitO2
job=portfolioqaoa_indep_tket_4|ibm_falcon_27 azione_RL=CommutativeInverseCancellation
job=portfolioqaoa_indep_tket_4|ibm_falcon_27 azione_RL=CliffordSimp
job=portfolioqaoa_indep_tket_4|ibm_falcon_27 azione_RL=BasisTranslator
job=portfolioqaoa_indep_tket_4|ibm_falcon_27 azione_RL=QiskitO3
job=portfolioqaoa_indep_tket_4|ibm_falcon_27 azione_RL=BQSKitO2
job=portfolioqaoa_indep_tket_4|ibm_falcon_27 azione_RL=RemoveDiagonalGatesBeforeMeasure
job=portfolioqaoa_indep_tket_4|ibm_falcon_27 azione_RL=Opt2qBlocks
job=portfolioqaoa_indep_tket_4|ibm_falcon_27 azione_RL=FullPeepholeOptimiseCX
job=portfolioqaoa_indep_tket_4|ibm_falcon_27 azione_RL=BasisTranslator
job=portfolioqaoa_indep_tket_4|ibm_falcon_27 azione_RL=CommutativeInverseCancellation
job=portfolioqaoa_indep_tket_4|ibm_falcon_27 azione_RL=RemoveDiagonalGatesBeforeMeasure
job=portfolioqaoa_indep_tket_4|ibm_falcon_27 azione_RL=CliffordSimp
job=portfolioqaoa_indep_tket_4|ibm_falcon_27 azione_RL=Optimize1qGatesDecomposition
job=portfolioqaoa_indep_tket_4|ibm_falcon_27 azione_RL=Optimize1qGatesDecomposition
job=portfolioqaoa_indep_tket_4|ibm_falcon_27 azione_RL=CliffordSimp
job=portfolioqaoa_indep_tket_4|ibm_falcon_27 azione_RL=Optimize1qGatesDecomposition
job=portfolioqaoa_indep_tket_4|ibm_falcon_27 azione_RL=InverseCancellation
job=portfolioqaoa_indep_tket_4|ibm_falcon_27 azione_RL=PeepholeOptimise2Q
job=portfolioqaoa_indep_tket_4|ibm_falcon_27 azione_RL=Optimize1qGatesDecomposition
job=portfolioqaoa_indep_tket_4|ibm_falcon_27 azione_RL=RemoveDiagonalGatesBeforeMeasure
job=portfolioqaoa_indep_tket_4|ibm_falcon_27 azione_RL=PeepholeOptimise2Q
job=portfolioqaoa_indep_tket_4|ibm_falcon_27 azione_RL=Opt2qBlocks
job=portfolioqaoa_indep_tket_4|ibm_falcon_27 azione_RL=BQSKitSynthesis
job=portfolioqaoa_indep_tket_4|ibm_falcon_27 azione_RL=OptimizeCliffords
job=portfolioqaoa_indep_tket_4|ibm_falcon_27 azione_RL=Opt2qBlocks
job=portfolioqaoa_indep_tket_4|ibm_falcon_27 azione_RL=QiskitO3
job=portfolioqaoa_indep_tket_4|ibm_falcon_27 azione_RL=RemoveDiagonalGatesBeforeMeasure
job=portfolioqaoa_indep_tket_4|ibm_falcon_27 azione_RL=Optimize1qGatesDecomposition
job=portfolioqaoa_indep_tket_4|ibm_falcon_27 azione_RL=CommutativeInverseCancellation
job=portfolioqaoa_indep_tket_4|ibm_falcon_27 azione_RL=CommutativeInverseCancellation
job=portfolioqaoa_indep_tket_4|ibm_falcon_27 azione_RL=CliffordSimp
job=portfolioqaoa_indep_tket_4|ibm_falcon_27 azione_RL=PeepholeOptimise2Q
job=portfolioqaoa_indep_tket_4|ibm_falcon_27 azione_RL=QiskitO3
job=portfolioqaoa_indep_tket_4|ibm_falcon_27 azione_RL=Opt2qBlocks
job=portfolioqaoa_indep_tket_4|ibm_falcon_27 azione_RL=CommutativeCancellation
job=portfolioqaoa_indep_tket_4|ibm_falcon_27 azione_RL=QiskitO3
job=portfolioqaoa_indep_tket_4|ibm_falcon_27 azione_RL=CliffordSimp
job=portfolioqaoa_indep_tket_4|ibm_falcon_27 azione_RL=OptimizeCliffords
job=portfolioqaoa_indep_tket_4|ibm_falcon_27 azione_RL=PeepholeOptimise2Q
job=portfolioqaoa_indep_tket_4|ibm_falcon_27 azione_RL=CliffordSimp
job=portfolioqaoa_indep_tket_4|ibm_falcon_27 azione_RL=CommutativeInverseCancellation
job=portfolioqaoa_indep_tket_4|ibm_falcon_27 azione_RL=FullPeepholeOptimiseCX
job=portfolioqaoa_indep_tket_4|ibm_falcon_27 azione_RL=CommutativeCancellation
job=portfolioqaoa_indep_tket_4|ibm_falcon_27 azione_RL=CliffordSimp
job=portfolioqaoa_indep_tket_4|ibm_falcon_27 azione_RL=CommutativeCancellation
job=portfolioqaoa_indep_tket_4|ibm_falcon_27 azione_RL=BQSKitO2
job=portfolioqaoa_indep_tket_4|ibm_falcon_27 fallback=QiskitO1
job=portfoliovqe_indep_qiskit_4|ibm_falcon_27 azione_RL=Optimize1qGatesDecomposition
job=portfoliovqe_indep_qiskit_4|ibm_falcon_27 azione_RL=RemoveDiagonalGatesBeforeMeasure
job=portfoliovqe_indep_qiskit_4|ibm_falcon_27 azione_RL=FullPeepholeOptimiseCX
job=portfoliovqe_indep_qiskit_4|ibm_falcon_27 azione_RL=OptimizeCliffords
job=portfoliovqe_indep_qiskit_4|ibm_falcon_27 azione_RL=BQSKitSynthesis
job=portfoliovqe_indep_qiskit_4|ibm_falcon_27 azione_RL=OptimizeCliffords
job=portfoliovqe_indep_qiskit_4|ibm_falcon_27 azione_RL=BQSKitO2
job=portfoliovqe_indep_qiskit_4|ibm_falcon_27 azione_RL=InverseCancellation
job=portfoliovqe_indep_qiskit_4|ibm_falcon_27 azione_RL=CliffordSimp
job=portfoliovqe_indep_qiskit_4|ibm_falcon_27 azione_RL=Optimize1qGatesDecomposition
job=portfoliovqe_indep_qiskit_4|ibm_falcon_27 azione_RL=Optimize1qGatesDecomposition
job=portfoliovqe_indep_qiskit_4|ibm_falcon_27 azione_RL=CliffordSimp
job=portfoliovqe_indep_qiskit_4|ibm_falcon_27 azione_RL=CliffordSimp
job=portfoliovqe_indep_qiskit_4|ibm_falcon_27 azione_RL=InverseCancellation
job=portfoliovqe_indep_qiskit_4|ibm_falcon_27 azione_RL=PeepholeOptimise2Q
job=portfoliovqe_indep_qiskit_4|ibm_falcon_27 azione_RL=FullPeepholeOptimiseCX
job=portfoliovqe_indep_qiskit_4|ibm_falcon_27 azione_RL=BQSKitO2
job=portfoliovqe_indep_qiskit_4|ibm_falcon_27 azione_RL=CommutativeInverseCancellation
job=portfoliovqe_indep_qiskit_4|ibm_falcon_27 azione_RL=CliffordSimp
job=portfoliovqe_indep_qiskit_4|ibm_falcon_27 azione_RL=BasisTranslator
job=portfoliovqe_indep_qiskit_4|ibm_falcon_27 azione_RL=QiskitO3
job=portfoliovqe_indep_qiskit_4|ibm_falcon_27 azione_RL=BQSKitO2
job=portfoliovqe_indep_qiskit_4|ibm_falcon_27 azione_RL=RemoveDiagonalGatesBeforeMeasure
job=portfoliovqe_indep_qiskit_4|ibm_falcon_27 azione_RL=Opt2qBlocks
job=portfoliovqe_indep_qiskit_4|ibm_falcon_27 azione_RL=FullPeepholeOptimiseCX
job=portfoliovqe_indep_qiskit_4|ibm_falcon_27 azione_RL=BasisTranslator
job=portfoliovqe_indep_qiskit_4|ibm_falcon_27 azione_RL=CommutativeInverseCancellation
job=portfoliovqe_indep_qiskit_4|ibm_falcon_27 azione_RL=RemoveDiagonalGatesBeforeMeasure
job=portfoliovqe_indep_qiskit_4|ibm_falcon_27 azione_RL=CliffordSimp
job=portfoliovqe_indep_qiskit_4|ibm_falcon_27 azione_RL=OptimizeCliffords
job=portfoliovqe_indep_qiskit_4|ibm_falcon_27 azione_RL=Optimize1qGatesDecomposition
job=portfoliovqe_indep_qiskit_4|ibm_falcon_27 azione_RL=CliffordSimp
job=portfoliovqe_indep_qiskit_4|ibm_falcon_27 azione_RL=Optimize1qGatesDecomposition
job=portfoliovqe_indep_qiskit_4|ibm_falcon_27 azione_RL=InverseCancellation
job=portfoliovqe_indep_qiskit_4|ibm_falcon_27 azione_RL=PeepholeOptimise2Q
job=portfoliovqe_indep_qiskit_4|ibm_falcon_27 azione_RL=Optimize1qGatesDecomposition
job=portfoliovqe_indep_qiskit_4|ibm_falcon_27 azione_RL=FullPeepholeOptimiseCX
job=portfoliovqe_indep_qiskit_4|ibm_falcon_27 azione_RL=PeepholeOptimise2Q
job=portfoliovqe_indep_qiskit_4|ibm_falcon_27 azione_RL=Opt2qBlocks
job=portfoliovqe_indep_qiskit_4|ibm_falcon_27 azione_RL=QiskitO3
job=portfoliovqe_indep_qiskit_4|ibm_falcon_27 azione_RL=OptimizeCliffords
job=portfoliovqe_indep_qiskit_4|ibm_falcon_27 azione_RL=Opt2qBlocks
job=portfoliovqe_indep_qiskit_4|ibm_falcon_27 azione_RL=QiskitO3
job=portfoliovqe_indep_qiskit_4|ibm_falcon_27 azione_RL=RemoveDiagonalGatesBeforeMeasure
job=portfoliovqe_indep_qiskit_4|ibm_falcon_27 azione_RL=Optimize1qGatesDecomposition
job=portfoliovqe_indep_qiskit_4|ibm_falcon_27 azione_RL=CommutativeInverseCancellation
job=portfoliovqe_indep_qiskit_4|ibm_falcon_27 azione_RL=CommutativeInverseCancellation
job=portfoliovqe_indep_qiskit_4|ibm_falcon_27 azione_RL=CliffordSimp
job=portfoliovqe_indep_qiskit_4|ibm_falcon_27 azione_RL=BasisTranslator
job=portfoliovqe_indep_qiskit_4|ibm_falcon_27 azione_RL=QiskitO3
job=portfoliovqe_indep_qiskit_4|ibm_falcon_27 azione_RL=Opt2qBlocks
job=portfoliovqe_indep_qiskit_4|ibm_falcon_27 azione_RL=CommutativeCancellation
job=portfoliovqe_indep_qiskit_4|ibm_falcon_27 azione_RL=QiskitO3
job=portfoliovqe_indep_qiskit_4|ibm_falcon_27 azione_RL=CliffordSimp
job=portfoliovqe_indep_qiskit_4|ibm_falcon_27 azione_RL=OptimizeCliffords
job=portfoliovqe_indep_qiskit_4|ibm_falcon_27 azione_RL=PeepholeOptimise2Q
job=portfoliovqe_indep_qiskit_4|ibm_falcon_27 azione_RL=CliffordSimp
job=portfoliovqe_indep_qiskit_4|ibm_falcon_27 azione_RL=CommutativeInverseCancellation
job=portfoliovqe_indep_qiskit_4|ibm_falcon_27 azione_RL=FullPeepholeOptimiseCX
job=portfoliovqe_indep_qiskit_4|ibm_falcon_27 azione_RL=CommutativeCancellation
job=portfoliovqe_indep_qiskit_4|ibm_falcon_27 azione_RL=CliffordSimp
job=portfoliovqe_indep_qiskit_4|ibm_falcon_27 azione_RL=CommutativeCancellation
job=portfoliovqe_indep_qiskit_4|ibm_falcon_27 azione_RL=OptimizeCliffords
job=portfoliovqe_indep_qiskit_4|ibm_falcon_27 azione_RL=BasisTranslator
job=portfoliovqe_indep_qiskit_4|ibm_falcon_27 azione_RL=CommutativeCancellation
job=portfoliovqe_indep_qiskit_4|ibm_falcon_27 azione_RL=PeepholeOptimise2Q
job=portfoliovqe_indep_qiskit_4|ibm_falcon_27 azione_RL=RemoveDiagonalGatesBeforeMeasure
job=portfoliovqe_indep_qiskit_4|ibm_falcon_27 azione_RL=QiskitO3
job=portfoliovqe_indep_qiskit_4|ibm_falcon_27 azione_RL=OptimizeCliffords
job=portfoliovqe_indep_qiskit_4|ibm_falcon_27 azione_RL=QiskitO3
job=portfoliovqe_indep_qiskit_4|ibm_falcon_27 azione_RL=CommutativeInverseCancellation
job=portfoliovqe_indep_qiskit_4|ibm_falcon_27 azione_RL=Opt2qBlocks
job=portfoliovqe_indep_qiskit_4|ibm_falcon_27 azione_RL=OptimizeCliffords
job=portfoliovqe_indep_qiskit_4|ibm_falcon_27 azione_RL=CliffordSimp
job=portfoliovqe_indep_qiskit_4|ibm_falcon_27 azione_RL=PeepholeOptimise2Q
job=portfoliovqe_indep_qiskit_4|ibm_falcon_27 azione_RL=PeepholeOptimise2Q
job=portfoliovqe_indep_qiskit_4|ibm_falcon_27 azione_RL=Opt2qBlocks
job=portfoliovqe_indep_qiskit_4|ibm_falcon_27 azione_RL=PeepholeOptimise2Q
job=portfoliovqe_indep_qiskit_4|ibm_falcon_27 azione_RL=OptimizeCliffords
job=portfoliovqe_indep_qiskit_4|ibm_falcon_27 azione_RL=BasisTranslator
job=portfoliovqe_indep_qiskit_4|ibm_falcon_27 azione_RL=Opt2qBlocks
job=portfoliovqe_indep_qiskit_4|ibm_falcon_27 azione_RL=CommutativeInverseCancellation
job=portfoliovqe_indep_qiskit_4|ibm_falcon_27 azione_RL=OptimizeCliffords
job=portfoliovqe_indep_qiskit_4|ibm_falcon_27 azione_RL=RemoveRedundancies
job=portfoliovqe_indep_qiskit_4|ibm_falcon_27 azione_RL=Opt2qBlocks
job=portfoliovqe_indep_qiskit_4|ibm_falcon_27 azione_RL=PeepholeOptimise2Q
job=portfoliovqe_indep_qiskit_4|ibm_falcon_27 azione_RL=QiskitO3
job=portfoliovqe_indep_qiskit_4|ibm_falcon_27 azione_RL=RemoveRedundancies
job=portfoliovqe_indep_qiskit_4|ibm_falcon_27 azione_RL=QiskitO3
job=portfoliovqe_indep_qiskit_4|ibm_falcon_27 azione_RL=FullPeepholeOptimiseCX
job=portfoliovqe_indep_qiskit_4|ibm_falcon_27 azione_RL=CliffordSimp
job=portfoliovqe_indep_qiskit_4|ibm_falcon_27 azione_RL=BQSKitSynthesis
job=portfoliovqe_indep_qiskit_4|ibm_falcon_27 azione_RL=Opt2qBlocks
job=portfoliovqe_indep_qiskit_4|ibm_falcon_27 azione_RL=BasisTranslator
job=portfoliovqe_indep_qiskit_4|ibm_falcon_27 azione_RL=Optimize1qGatesDecomposition
job=portfoliovqe_indep_qiskit_4|ibm_falcon_27 azione_RL=Opt2qBlocks
job=portfoliovqe_indep_qiskit_4|ibm_falcon_27 azione_RL=FullPeepholeOptimiseCX
job=portfoliovqe_indep_qiskit_4|ibm_falcon_27 azione_RL=PeepholeOptimise2Q
job=portfoliovqe_indep_qiskit_4|ibm_falcon_27 azione_RL=RemoveDiagonalGatesBeforeMeasure
job=portfoliovqe_indep_qiskit_4|ibm_falcon_27 azione_RL=BQSKitO2
job=portfoliovqe_indep_qiskit_4|ibm_falcon_27 fallback=QiskitO1
job=portfoliovqe_indep_tket_4|ibm_falcon_27 azione_RL=Optimize1qGatesDecomposition
job=portfoliovqe_indep_tket_4|ibm_falcon_27 azione_RL=RemoveDiagonalGatesBeforeMeasure
job=portfoliovqe_indep_tket_4|ibm_falcon_27 azione_RL=FullPeepholeOptimiseCX
job=portfoliovqe_indep_tket_4|ibm_falcon_27 azione_RL=OptimizeCliffords
job=portfoliovqe_indep_tket_4|ibm_falcon_27 azione_RL=BQSKitSynthesis
job=portfoliovqe_indep_tket_4|ibm_falcon_27 azione_RL=OptimizeCliffords
job=portfoliovqe_indep_tket_4|ibm_falcon_27 azione_RL=BQSKitO2
job=portfoliovqe_indep_tket_4|ibm_falcon_27 azione_RL=InverseCancellation
job=portfoliovqe_indep_tket_4|ibm_falcon_27 azione_RL=CliffordSimp
job=portfoliovqe_indep_tket_4|ibm_falcon_27 azione_RL=Optimize1qGatesDecomposition
job=portfoliovqe_indep_tket_4|ibm_falcon_27 azione_RL=Optimize1qGatesDecomposition
job=portfoliovqe_indep_tket_4|ibm_falcon_27 azione_RL=CliffordSimp
job=portfoliovqe_indep_tket_4|ibm_falcon_27 azione_RL=CliffordSimp
job=portfoliovqe_indep_tket_4|ibm_falcon_27 azione_RL=InverseCancellation
job=portfoliovqe_indep_tket_4|ibm_falcon_27 azione_RL=PeepholeOptimise2Q
job=portfoliovqe_indep_tket_4|ibm_falcon_27 azione_RL=FullPeepholeOptimiseCX
job=portfoliovqe_indep_tket_4|ibm_falcon_27 azione_RL=BQSKitO2
job=portfoliovqe_indep_tket_4|ibm_falcon_27 azione_RL=CommutativeInverseCancellation
job=portfoliovqe_indep_tket_4|ibm_falcon_27 azione_RL=CliffordSimp
job=portfoliovqe_indep_tket_4|ibm_falcon_27 azione_RL=BasisTranslator
job=portfoliovqe_indep_tket_4|ibm_falcon_27 azione_RL=QiskitO3
job=portfoliovqe_indep_tket_4|ibm_falcon_27 azione_RL=BQSKitO2
job=portfoliovqe_indep_tket_4|ibm_falcon_27 azione_RL=RemoveDiagonalGatesBeforeMeasure
job=portfoliovqe_indep_tket_4|ibm_falcon_27 azione_RL=Opt2qBlocks
job=portfoliovqe_indep_tket_4|ibm_falcon_27 azione_RL=FullPeepholeOptimiseCX
job=portfoliovqe_indep_tket_4|ibm_falcon_27 azione_RL=BasisTranslator
job=portfoliovqe_indep_tket_4|ibm_falcon_27 azione_RL=CommutativeInverseCancellation
job=portfoliovqe_indep_tket_4|ibm_falcon_27 azione_RL=RemoveDiagonalGatesBeforeMeasure
job=portfoliovqe_indep_tket_4|ibm_falcon_27 azione_RL=CliffordSimp
job=portfoliovqe_indep_tket_4|ibm_falcon_27 azione_RL=OptimizeCliffords
job=portfoliovqe_indep_tket_4|ibm_falcon_27 azione_RL=Optimize1qGatesDecomposition
job=portfoliovqe_indep_tket_4|ibm_falcon_27 azione_RL=CliffordSimp
job=portfoliovqe_indep_tket_4|ibm_falcon_27 azione_RL=Optimize1qGatesDecomposition
job=portfoliovqe_indep_tket_4|ibm_falcon_27 azione_RL=InverseCancellation
job=portfoliovqe_indep_tket_4|ibm_falcon_27 azione_RL=PeepholeOptimise2Q
job=portfoliovqe_indep_tket_4|ibm_falcon_27 azione_RL=Optimize1qGatesDecomposition
job=portfoliovqe_indep_tket_4|ibm_falcon_27 azione_RL=FullPeepholeOptimiseCX
job=portfoliovqe_indep_tket_4|ibm_falcon_27 azione_RL=PeepholeOptimise2Q
job=portfoliovqe_indep_tket_4|ibm_falcon_27 azione_RL=Opt2qBlocks
job=portfoliovqe_indep_tket_4|ibm_falcon_27 azione_RL=QiskitO3
job=portfoliovqe_indep_tket_4|ibm_falcon_27 azione_RL=OptimizeCliffords
job=portfoliovqe_indep_tket_4|ibm_falcon_27 azione_RL=Opt2qBlocks
job=portfoliovqe_indep_tket_4|ibm_falcon_27 azione_RL=QiskitO3
job=portfoliovqe_indep_tket_4|ibm_falcon_27 azione_RL=RemoveDiagonalGatesBeforeMeasure
job=portfoliovqe_indep_tket_4|ibm_falcon_27 azione_RL=Optimize1qGatesDecomposition
job=portfoliovqe_indep_tket_4|ibm_falcon_27 azione_RL=CommutativeInverseCancellation
job=portfoliovqe_indep_tket_4|ibm_falcon_27 azione_RL=CommutativeInverseCancellation
job=portfoliovqe_indep_tket_4|ibm_falcon_27 azione_RL=CliffordSimp
job=portfoliovqe_indep_tket_4|ibm_falcon_27 azione_RL=BasisTranslator
job=portfoliovqe_indep_tket_4|ibm_falcon_27 azione_RL=QiskitO3
job=portfoliovqe_indep_tket_4|ibm_falcon_27 azione_RL=Opt2qBlocks
job=portfoliovqe_indep_tket_4|ibm_falcon_27 azione_RL=CommutativeCancellation
job=portfoliovqe_indep_tket_4|ibm_falcon_27 azione_RL=QiskitO3
job=portfoliovqe_indep_tket_4|ibm_falcon_27 azione_RL=CliffordSimp
job=portfoliovqe_indep_tket_4|ibm_falcon_27 azione_RL=OptimizeCliffords
job=portfoliovqe_indep_tket_4|ibm_falcon_27 azione_RL=PeepholeOptimise2Q
job=portfoliovqe_indep_tket_4|ibm_falcon_27 azione_RL=CliffordSimp
job=portfoliovqe_indep_tket_4|ibm_falcon_27 azione_RL=CommutativeInverseCancellation
job=portfoliovqe_indep_tket_4|ibm_falcon_27 azione_RL=FullPeepholeOptimiseCX
job=portfoliovqe_indep_tket_4|ibm_falcon_27 azione_RL=CommutativeCancellation
job=portfoliovqe_indep_tket_4|ibm_falcon_27 azione_RL=CliffordSimp
job=portfoliovqe_indep_tket_4|ibm_falcon_27 azione_RL=CommutativeCancellation
job=portfoliovqe_indep_tket_4|ibm_falcon_27 azione_RL=OptimizeCliffords
job=portfoliovqe_indep_tket_4|ibm_falcon_27 azione_RL=BasisTranslator
job=portfoliovqe_indep_tket_4|ibm_falcon_27 azione_RL=CommutativeCancellation
job=portfoliovqe_indep_tket_4|ibm_falcon_27 azione_RL=PeepholeOptimise2Q
job=portfoliovqe_indep_tket_4|ibm_falcon_27 azione_RL=RemoveDiagonalGatesBeforeMeasure
job=portfoliovqe_indep_tket_4|ibm_falcon_27 azione_RL=QiskitO3
job=portfoliovqe_indep_tket_4|ibm_falcon_27 azione_RL=OptimizeCliffords
job=portfoliovqe_indep_tket_4|ibm_falcon_27 azione_RL=QiskitO3
job=portfoliovqe_indep_tket_4|ibm_falcon_27 azione_RL=CommutativeInverseCancellation
job=portfoliovqe_indep_tket_4|ibm_falcon_27 azione_RL=Opt2qBlocks
job=portfoliovqe_indep_tket_4|ibm_falcon_27 azione_RL=OptimizeCliffords
job=portfoliovqe_indep_tket_4|ibm_falcon_27 azione_RL=CliffordSimp
job=portfoliovqe_indep_tket_4|ibm_falcon_27 azione_RL=PeepholeOptimise2Q
job=portfoliovqe_indep_tket_4|ibm_falcon_27 azione_RL=PeepholeOptimise2Q
job=portfoliovqe_indep_tket_4|ibm_falcon_27 azione_RL=Opt2qBlocks
job=portfoliovqe_indep_tket_4|ibm_falcon_27 azione_RL=PeepholeOptimise2Q
job=portfoliovqe_indep_tket_4|ibm_falcon_27 azione_RL=OptimizeCliffords
job=portfoliovqe_indep_tket_4|ibm_falcon_27 azione_RL=BasisTranslator
job=portfoliovqe_indep_tket_4|ibm_falcon_27 azione_RL=Opt2qBlocks
job=portfoliovqe_indep_tket_4|ibm_falcon_27 azione_RL=CommutativeInverseCancellation
job=portfoliovqe_indep_tket_4|ibm_falcon_27 azione_RL=OptimizeCliffords
job=portfoliovqe_indep_tket_4|ibm_falcon_27 azione_RL=RemoveRedundancies
job=portfoliovqe_indep_tket_4|ibm_falcon_27 azione_RL=Opt2qBlocks
job=portfoliovqe_indep_tket_4|ibm_falcon_27 azione_RL=PeepholeOptimise2Q
job=portfoliovqe_indep_tket_4|ibm_falcon_27 azione_RL=QiskitO3
job=portfoliovqe_indep_tket_4|ibm_falcon_27 azione_RL=RemoveRedundancies
job=portfoliovqe_indep_tket_4|ibm_falcon_27 azione_RL=QiskitO3
job=portfoliovqe_indep_tket_4|ibm_falcon_27 azione_RL=FullPeepholeOptimiseCX
job=portfoliovqe_indep_tket_4|ibm_falcon_27 azione_RL=CliffordSimp
job=portfoliovqe_indep_tket_4|ibm_falcon_27 azione_RL=BQSKitSynthesis
job=portfoliovqe_indep_tket_4|ibm_falcon_27 azione_RL=Opt2qBlocks
job=portfoliovqe_indep_tket_4|ibm_falcon_27 azione_RL=BasisTranslator
job=portfoliovqe_indep_tket_4|ibm_falcon_27 azione_RL=Optimize1qGatesDecomposition
job=portfoliovqe_indep_tket_4|ibm_falcon_27 azione_RL=Opt2qBlocks
job=portfoliovqe_indep_tket_4|ibm_falcon_27 azione_RL=FullPeepholeOptimiseCX
job=portfoliovqe_indep_tket_4|ibm_falcon_27 azione_RL=PeepholeOptimise2Q
job=portfoliovqe_indep_tket_4|ibm_falcon_27 azione_RL=RemoveDiagonalGatesBeforeMeasure
job=portfoliovqe_indep_tket_4|ibm_falcon_27 azione_RL=BQSKitO2
job=portfoliovqe_indep_tket_4|ibm_falcon_27 fallback=QiskitO1
job=qaoa_indep_qiskit_4|ibm_falcon_27 fallback=QiskitO1

--- robust worker start 2026-07-31T16:37:17.955692+00:00 pid=214735 device=ibm_falcon_27 ---
mqt-predictor - INFO - Init env: expected_fidelity
job=qaoa_indep_tket_4|ibm_falcon_27 azione_RL=RemoveDiagonalGatesBeforeMeasure
job=qaoa_indep_tket_4|ibm_falcon_27 azione_RL=FullPeepholeOptimiseCX
job=qaoa_indep_tket_4|ibm_falcon_27 azione_RL=Opt2qBlocks
job=qaoa_indep_tket_4|ibm_falcon_27 azione_RL=CliffordSimp
job=qaoa_indep_tket_4|ibm_falcon_27 azione_RL=CommutativeCancellation
job=qaoa_indep_tket_4|ibm_falcon_27 azione_RL=FullPeepholeOptimiseCX
job=qaoa_indep_tket_4|ibm_falcon_27 azione_RL=CommutativeInverseCancellation
job=qaoa_indep_tket_4|ibm_falcon_27 azione_RL=CommutativeInverseCancellation
job=qaoa_indep_tket_4|ibm_falcon_27 azione_RL=FullPeepholeOptimiseCX
job=qaoa_indep_tket_4|ibm_falcon_27 azione_RL=OptimizeCliffords
job=qaoa_indep_tket_4|ibm_falcon_27 azione_RL=RemoveDiagonalGatesBeforeMeasure
job=qaoa_indep_tket_4|ibm_falcon_27 azione_RL=CommutativeInverseCancellation
job=qaoa_indep_tket_4|ibm_falcon_27 azione_RL=CliffordSimp
job=qaoa_indep_tket_4|ibm_falcon_27 azione_RL=CommutativeInverseCancellation
job=qaoa_indep_tket_4|ibm_falcon_27 azione_RL=BasisTranslator
job=qaoa_indep_tket_4|ibm_falcon_27 azione_RL=RemoveRedundancies
job=qaoa_indep_tket_4|ibm_falcon_27 azione_RL=CommutativeInverseCancellation
job=qaoa_indep_tket_4|ibm_falcon_27 azione_RL=CommutativeCancellation
job=qaoa_indep_tket_4|ibm_falcon_27 azione_RL=BQSKitO2
job=qaoa_indep_tket_4|ibm_falcon_27 fallback=QiskitO1
job=qft_indep_qiskit_4|ibm_falcon_27 azione_RL=RemoveDiagonalGatesBeforeMeasure
job=qft_indep_qiskit_4|ibm_falcon_27 azione_RL=FullPeepholeOptimiseCX
/home/elio/Tesi/.venv/lib/python3.12/site-packages/pytket/extensions/qiskit/qiskit_convert.py:1124: UserWarning: The pytket Circuit contains implicit qubit permutations which aren't handled by default. Consider using the replace_implicit_swaps flag in tk_to_qiskit or replacing them using Circuit.replace_implicit_swaps().
  warnings.warn(  # noqa: B028
job=qft_indep_qiskit_4|ibm_falcon_27 azione_RL=Opt2qBlocks
job=qft_indep_qiskit_4|ibm_falcon_27 azione_RL=CliffordSimp
job=qft_indep_qiskit_4|ibm_falcon_27 azione_RL=CommutativeCancellation
job=qft_indep_qiskit_4|ibm_falcon_27 azione_RL=FullPeepholeOptimiseCX
job=qft_indep_qiskit_4|ibm_falcon_27 azione_RL=CommutativeInverseCancellation
job=qft_indep_qiskit_4|ibm_falcon_27 azione_RL=CommutativeInverseCancellation
job=qft_indep_qiskit_4|ibm_falcon_27 azione_RL=FullPeepholeOptimiseCX
job=qft_indep_qiskit_4|ibm_falcon_27 azione_RL=OptimizeCliffords
job=qft_indep_qiskit_4|ibm_falcon_27 azione_RL=RemoveDiagonalGatesBeforeMeasure
job=qft_indep_qiskit_4|ibm_falcon_27 azione_RL=CommutativeInverseCancellation
job=qft_indep_qiskit_4|ibm_falcon_27 azione_RL=CliffordSimp
job=qft_indep_qiskit_4|ibm_falcon_27 azione_RL=CommutativeInverseCancellation
job=qft_indep_qiskit_4|ibm_falcon_27 azione_RL=BasisTranslator
job=qft_indep_qiskit_4|ibm_falcon_27 azione_RL=RemoveRedundancies
job=qft_indep_qiskit_4|ibm_falcon_27 azione_RL=CommutativeInverseCancellation
job=qft_indep_qiskit_4|ibm_falcon_27 azione_RL=CommutativeCancellation
job=qft_indep_qiskit_4|ibm_falcon_27 azione_RL=BQSKitO2
job=qft_indep_qiskit_4|ibm_falcon_27 fallback=QiskitO1
job=qft_indep_tket_4|ibm_falcon_27 azione_RL=RemoveDiagonalGatesBeforeMeasure
job=qft_indep_tket_4|ibm_falcon_27 azione_RL=FullPeepholeOptimiseCX
/home/elio/Tesi/.venv/lib/python3.12/site-packages/pytket/extensions/qiskit/qiskit_convert.py:1124: UserWarning: The pytket Circuit contains implicit qubit permutations which aren't handled by default. Consider using the replace_implicit_swaps flag in tk_to_qiskit or replacing them using Circuit.replace_implicit_swaps().
  warnings.warn(  # noqa: B028
job=qft_indep_tket_4|ibm_falcon_27 azione_RL=Opt2qBlocks
job=qft_indep_tket_4|ibm_falcon_27 azione_RL=CliffordSimp
job=qft_indep_tket_4|ibm_falcon_27 azione_RL=CommutativeCancellation
job=qft_indep_tket_4|ibm_falcon_27 azione_RL=FullPeepholeOptimiseCX
job=qft_indep_tket_4|ibm_falcon_27 azione_RL=CommutativeInverseCancellation
job=qft_indep_tket_4|ibm_falcon_27 azione_RL=CommutativeInverseCancellation
job=qft_indep_tket_4|ibm_falcon_27 azione_RL=FullPeepholeOptimiseCX
job=qft_indep_tket_4|ibm_falcon_27 azione_RL=OptimizeCliffords
job=qft_indep_tket_4|ibm_falcon_27 azione_RL=RemoveDiagonalGatesBeforeMeasure
job=qft_indep_tket_4|ibm_falcon_27 azione_RL=CommutativeInverseCancellation
job=qft_indep_tket_4|ibm_falcon_27 azione_RL=CliffordSimp
job=qft_indep_tket_4|ibm_falcon_27 azione_RL=CommutativeInverseCancellation
job=qft_indep_tket_4|ibm_falcon_27 azione_RL=BasisTranslator
job=qft_indep_tket_4|ibm_falcon_27 azione_RL=RemoveRedundancies
job=qft_indep_tket_4|ibm_falcon_27 azione_RL=CommutativeInverseCancellation
job=qft_indep_tket_4|ibm_falcon_27 azione_RL=CommutativeCancellation
job=qft_indep_tket_4|ibm_falcon_27 azione_RL=BQSKitO2
job=qft_indep_tket_4|ibm_falcon_27 fallback=QiskitO1
job=qftentangled_indep_qiskit_4|ibm_falcon_27 azione_RL=RemoveDiagonalGatesBeforeMeasure
job=qftentangled_indep_qiskit_4|ibm_falcon_27 azione_RL=FullPeepholeOptimiseCX
/home/elio/Tesi/.venv/lib/python3.12/site-packages/pytket/extensions/qiskit/qiskit_convert.py:1124: UserWarning: The pytket Circuit contains implicit qubit permutations which aren't handled by default. Consider using the replace_implicit_swaps flag in tk_to_qiskit or replacing them using Circuit.replace_implicit_swaps().
  warnings.warn(  # noqa: B028
job=qftentangled_indep_qiskit_4|ibm_falcon_27 azione_RL=Opt2qBlocks
job=qftentangled_indep_qiskit_4|ibm_falcon_27 azione_RL=CliffordSimp
job=qftentangled_indep_qiskit_4|ibm_falcon_27 azione_RL=CommutativeCancellation
job=qftentangled_indep_qiskit_4|ibm_falcon_27 azione_RL=FullPeepholeOptimiseCX
job=qftentangled_indep_qiskit_4|ibm_falcon_27 azione_RL=CommutativeInverseCancellation
job=qftentangled_indep_qiskit_4|ibm_falcon_27 azione_RL=CommutativeInverseCancellation
job=qftentangled_indep_qiskit_4|ibm_falcon_27 azione_RL=FullPeepholeOptimiseCX
job=qftentangled_indep_qiskit_4|ibm_falcon_27 azione_RL=OptimizeCliffords
job=qftentangled_indep_qiskit_4|ibm_falcon_27 azione_RL=RemoveDiagonalGatesBeforeMeasure
job=qftentangled_indep_qiskit_4|ibm_falcon_27 azione_RL=CommutativeInverseCancellation
job=qftentangled_indep_qiskit_4|ibm_falcon_27 azione_RL=CliffordSimp
job=qftentangled_indep_qiskit_4|ibm_falcon_27 azione_RL=CommutativeInverseCancellation
job=qftentangled_indep_qiskit_4|ibm_falcon_27 azione_RL=BasisTranslator
job=qftentangled_indep_qiskit_4|ibm_falcon_27 azione_RL=RemoveRedundancies
job=qftentangled_indep_qiskit_4|ibm_falcon_27 azione_RL=CommutativeInverseCancellation
job=qftentangled_indep_qiskit_4|ibm_falcon_27 azione_RL=CommutativeCancellation
job=qftentangled_indep_qiskit_4|ibm_falcon_27 azione_RL=BQSKitO2
job=qftentangled_indep_qiskit_4|ibm_falcon_27 fallback=QiskitO1
job=qftentangled_indep_tket_4|ibm_falcon_27 azione_RL=RemoveDiagonalGatesBeforeMeasure
job=qftentangled_indep_tket_4|ibm_falcon_27 azione_RL=FullPeepholeOptimiseCX
/home/elio/Tesi/.venv/lib/python3.12/site-packages/pytket/extensions/qiskit/qiskit_convert.py:1124: UserWarning: The pytket Circuit contains implicit qubit permutations which aren't handled by default. Consider using the replace_implicit_swaps flag in tk_to_qiskit or replacing them using Circuit.replace_implicit_swaps().
  warnings.warn(  # noqa: B028
job=qftentangled_indep_tket_4|ibm_falcon_27 azione_RL=Opt2qBlocks
job=qftentangled_indep_tket_4|ibm_falcon_27 azione_RL=CliffordSimp
job=qftentangled_indep_tket_4|ibm_falcon_27 azione_RL=CommutativeCancellation
job=qftentangled_indep_tket_4|ibm_falcon_27 azione_RL=FullPeepholeOptimiseCX
job=qftentangled_indep_tket_4|ibm_falcon_27 azione_RL=CommutativeInverseCancellation
job=qftentangled_indep_tket_4|ibm_falcon_27 azione_RL=CommutativeInverseCancellation
job=qftentangled_indep_tket_4|ibm_falcon_27 azione_RL=FullPeepholeOptimiseCX
job=qftentangled_indep_tket_4|ibm_falcon_27 azione_RL=OptimizeCliffords
job=qftentangled_indep_tket_4|ibm_falcon_27 azione_RL=RemoveDiagonalGatesBeforeMeasure
job=qftentangled_indep_tket_4|ibm_falcon_27 azione_RL=CommutativeInverseCancellation
job=qftentangled_indep_tket_4|ibm_falcon_27 azione_RL=CliffordSimp
job=qftentangled_indep_tket_4|ibm_falcon_27 azione_RL=CommutativeInverseCancellation
job=qftentangled_indep_tket_4|ibm_falcon_27 azione_RL=BasisTranslator
job=qftentangled_indep_tket_4|ibm_falcon_27 azione_RL=RemoveRedundancies
job=qftentangled_indep_tket_4|ibm_falcon_27 azione_RL=CommutativeInverseCancellation
job=qftentangled_indep_tket_4|ibm_falcon_27 azione_RL=CommutativeCancellation
job=qftentangled_indep_tket_4|ibm_falcon_27 azione_RL=BQSKitO2
job=qftentangled_indep_tket_4|ibm_falcon_27 fallback=QiskitO1
job=qnn_indep_qiskit_4|ibm_falcon_27 azione_RL=RemoveDiagonalGatesBeforeMeasure
job=qnn_indep_qiskit_4|ibm_falcon_27 azione_RL=FullPeepholeOptimiseCX
job=qnn_indep_qiskit_4|ibm_falcon_27 azione_RL=Opt2qBlocks
job=qnn_indep_qiskit_4|ibm_falcon_27 azione_RL=CliffordSimp
job=qnn_indep_qiskit_4|ibm_falcon_27 azione_RL=CommutativeCancellation
job=qnn_indep_qiskit_4|ibm_falcon_27 azione_RL=FullPeepholeOptimiseCX
job=qnn_indep_qiskit_4|ibm_falcon_27 azione_RL=CommutativeInverseCancellation
job=qnn_indep_qiskit_4|ibm_falcon_27 azione_RL=CommutativeInverseCancellation
job=qnn_indep_qiskit_4|ibm_falcon_27 azione_RL=FullPeepholeOptimiseCX
job=qnn_indep_qiskit_4|ibm_falcon_27 azione_RL=OptimizeCliffords
job=qnn_indep_qiskit_4|ibm_falcon_27 azione_RL=RemoveDiagonalGatesBeforeMeasure
job=qnn_indep_qiskit_4|ibm_falcon_27 azione_RL=CommutativeInverseCancellation
job=qnn_indep_qiskit_4|ibm_falcon_27 azione_RL=CliffordSimp
job=qnn_indep_qiskit_4|ibm_falcon_27 azione_RL=CommutativeInverseCancellation
job=qnn_indep_qiskit_4|ibm_falcon_27 azione_RL=BasisTranslator
job=qnn_indep_qiskit_4|ibm_falcon_27 azione_RL=RemoveRedundancies
job=qnn_indep_qiskit_4|ibm_falcon_27 azione_RL=CommutativeInverseCancellation
job=qnn_indep_qiskit_4|ibm_falcon_27 fallback=QiskitO1
job=qnn_indep_tket_4|ibm_falcon_27 azione_RL=RemoveDiagonalGatesBeforeMeasure
job=qnn_indep_tket_4|ibm_falcon_27 azione_RL=FullPeepholeOptimiseCX
job=qnn_indep_tket_4|ibm_falcon_27 azione_RL=Opt2qBlocks
job=qnn_indep_tket_4|ibm_falcon_27 azione_RL=CliffordSimp
job=qnn_indep_tket_4|ibm_falcon_27 azione_RL=CommutativeCancellation
job=qnn_indep_tket_4|ibm_falcon_27 azione_RL=FullPeepholeOptimiseCX
job=qnn_indep_tket_4|ibm_falcon_27 azione_RL=CommutativeInverseCancellation
job=qnn_indep_tket_4|ibm_falcon_27 azione_RL=CommutativeInverseCancellation
job=qnn_indep_tket_4|ibm_falcon_27 azione_RL=FullPeepholeOptimiseCX
job=qnn_indep_tket_4|ibm_falcon_27 azione_RL=OptimizeCliffords
job=qnn_indep_tket_4|ibm_falcon_27 azione_RL=RemoveDiagonalGatesBeforeMeasure
job=qnn_indep_tket_4|ibm_falcon_27 azione_RL=CommutativeInverseCancellation
job=qnn_indep_tket_4|ibm_falcon_27 azione_RL=CliffordSimp
job=qnn_indep_tket_4|ibm_falcon_27 azione_RL=CommutativeInverseCancellation
job=qnn_indep_tket_4|ibm_falcon_27 azione_RL=BasisTranslator
job=qnn_indep_tket_4|ibm_falcon_27 azione_RL=RemoveRedundancies
job=qnn_indep_tket_4|ibm_falcon_27 azione_RL=CommutativeInverseCancellation
job=qnn_indep_tket_4|ibm_falcon_27 azione_RL=CommutativeCancellation
job=qnn_indep_tket_4|ibm_falcon_27 azione_RL=BQSKitO2
job=qnn_indep_tket_4|ibm_falcon_27 fallback=QiskitO1
job=qpeexact_indep_qiskit_4|ibm_falcon_27 azione_RL=RemoveDiagonalGatesBeforeMeasure
job=qpeexact_indep_qiskit_4|ibm_falcon_27 azione_RL=FullPeepholeOptimiseCX
/home/elio/Tesi/.venv/lib/python3.12/site-packages/pytket/extensions/qiskit/qiskit_convert.py:1124: UserWarning: The pytket Circuit contains implicit qubit permutations which aren't handled by default. Consider using the replace_implicit_swaps flag in tk_to_qiskit or replacing them using Circuit.replace_implicit_swaps().
  warnings.warn(  # noqa: B028
job=qpeexact_indep_qiskit_4|ibm_falcon_27 azione_RL=Opt2qBlocks
job=qpeexact_indep_qiskit_4|ibm_falcon_27 azione_RL=CliffordSimp
job=qpeexact_indep_qiskit_4|ibm_falcon_27 azione_RL=CommutativeCancellation
job=qpeexact_indep_qiskit_4|ibm_falcon_27 azione_RL=FullPeepholeOptimiseCX
job=qpeexact_indep_qiskit_4|ibm_falcon_27 azione_RL=CommutativeInverseCancellation
job=qpeexact_indep_qiskit_4|ibm_falcon_27 azione_RL=CommutativeInverseCancellation
job=qpeexact_indep_qiskit_4|ibm_falcon_27 azione_RL=FullPeepholeOptimiseCX
job=qpeexact_indep_qiskit_4|ibm_falcon_27 azione_RL=OptimizeCliffords
job=qpeexact_indep_qiskit_4|ibm_falcon_27 azione_RL=RemoveDiagonalGatesBeforeMeasure
job=qpeexact_indep_qiskit_4|ibm_falcon_27 azione_RL=CommutativeInverseCancellation
job=qpeexact_indep_qiskit_4|ibm_falcon_27 azione_RL=CliffordSimp
job=qpeexact_indep_qiskit_4|ibm_falcon_27 azione_RL=CommutativeInverseCancellation
job=qpeexact_indep_qiskit_4|ibm_falcon_27 azione_RL=BasisTranslator
job=qpeexact_indep_qiskit_4|ibm_falcon_27 azione_RL=RemoveRedundancies
job=qpeexact_indep_qiskit_4|ibm_falcon_27 azione_RL=CommutativeInverseCancellation
job=qpeexact_indep_qiskit_4|ibm_falcon_27 azione_RL=CommutativeCancellation
job=qpeexact_indep_qiskit_4|ibm_falcon_27 azione_RL=BQSKitO2
job=qpeexact_indep_qiskit_4|ibm_falcon_27 fallback=QiskitO1
job=qpeexact_indep_tket_4|ibm_falcon_27 azione_RL=RemoveDiagonalGatesBeforeMeasure
job=qpeexact_indep_tket_4|ibm_falcon_27 azione_RL=FullPeepholeOptimiseCX
/home/elio/Tesi/.venv/lib/python3.12/site-packages/pytket/extensions/qiskit/qiskit_convert.py:1124: UserWarning: The pytket Circuit contains implicit qubit permutations which aren't handled by default. Consider using the replace_implicit_swaps flag in tk_to_qiskit or replacing them using Circuit.replace_implicit_swaps().
  warnings.warn(  # noqa: B028
job=qpeexact_indep_tket_4|ibm_falcon_27 azione_RL=Opt2qBlocks
job=qpeexact_indep_tket_4|ibm_falcon_27 azione_RL=CliffordSimp
job=qpeexact_indep_tket_4|ibm_falcon_27 azione_RL=CommutativeCancellation
job=qpeexact_indep_tket_4|ibm_falcon_27 azione_RL=FullPeepholeOptimiseCX
job=qpeexact_indep_tket_4|ibm_falcon_27 azione_RL=CommutativeInverseCancellation
job=qpeexact_indep_tket_4|ibm_falcon_27 azione_RL=CommutativeInverseCancellation
job=qpeexact_indep_tket_4|ibm_falcon_27 azione_RL=FullPeepholeOptimiseCX
job=qpeexact_indep_tket_4|ibm_falcon_27 azione_RL=OptimizeCliffords
job=qpeexact_indep_tket_4|ibm_falcon_27 azione_RL=RemoveDiagonalGatesBeforeMeasure
job=qpeexact_indep_tket_4|ibm_falcon_27 azione_RL=CommutativeInverseCancellation
job=qpeexact_indep_tket_4|ibm_falcon_27 azione_RL=CliffordSimp
job=qpeexact_indep_tket_4|ibm_falcon_27 azione_RL=CommutativeInverseCancellation
job=qpeexact_indep_tket_4|ibm_falcon_27 azione_RL=BasisTranslator
job=qpeexact_indep_tket_4|ibm_falcon_27 azione_RL=RemoveRedundancies
job=qpeexact_indep_tket_4|ibm_falcon_27 azione_RL=CommutativeInverseCancellation
job=qpeexact_indep_tket_4|ibm_falcon_27 azione_RL=CommutativeCancellation
job=qpeexact_indep_tket_4|ibm_falcon_27 azione_RL=BQSKitO2
job=qpeexact_indep_tket_4|ibm_falcon_27 fallback=QiskitO1
job=qpeinexact_indep_qiskit_4|ibm_falcon_27 azione_RL=RemoveDiagonalGatesBeforeMeasure
job=qpeinexact_indep_qiskit_4|ibm_falcon_27 azione_RL=FullPeepholeOptimiseCX
/home/elio/Tesi/.venv/lib/python3.12/site-packages/pytket/extensions/qiskit/qiskit_convert.py:1124: UserWarning: The pytket Circuit contains implicit qubit permutations which aren't handled by default. Consider using the replace_implicit_swaps flag in tk_to_qiskit or replacing them using Circuit.replace_implicit_swaps().
  warnings.warn(  # noqa: B028
job=qpeinexact_indep_qiskit_4|ibm_falcon_27 azione_RL=Opt2qBlocks
job=qpeinexact_indep_qiskit_4|ibm_falcon_27 azione_RL=CliffordSimp
job=qpeinexact_indep_qiskit_4|ibm_falcon_27 azione_RL=CommutativeCancellation
job=qpeinexact_indep_qiskit_4|ibm_falcon_27 azione_RL=FullPeepholeOptimiseCX
job=qpeinexact_indep_qiskit_4|ibm_falcon_27 azione_RL=CommutativeInverseCancellation
job=qpeinexact_indep_qiskit_4|ibm_falcon_27 azione_RL=CommutativeInverseCancellation
job=qpeinexact_indep_qiskit_4|ibm_falcon_27 azione_RL=FullPeepholeOptimiseCX
job=qpeinexact_indep_qiskit_4|ibm_falcon_27 azione_RL=OptimizeCliffords
job=qpeinexact_indep_qiskit_4|ibm_falcon_27 azione_RL=RemoveDiagonalGatesBeforeMeasure
job=qpeinexact_indep_qiskit_4|ibm_falcon_27 azione_RL=CommutativeInverseCancellation
job=qpeinexact_indep_qiskit_4|ibm_falcon_27 azione_RL=CliffordSimp
job=qpeinexact_indep_qiskit_4|ibm_falcon_27 azione_RL=CommutativeInverseCancellation
job=qpeinexact_indep_qiskit_4|ibm_falcon_27 azione_RL=BasisTranslator
job=qpeinexact_indep_qiskit_4|ibm_falcon_27 azione_RL=RemoveRedundancies
job=qpeinexact_indep_qiskit_4|ibm_falcon_27 azione_RL=CommutativeInverseCancellation
job=qpeinexact_indep_qiskit_4|ibm_falcon_27 azione_RL=CommutativeCancellation
job=qpeinexact_indep_qiskit_4|ibm_falcon_27 azione_RL=BQSKitO2
job=qpeinexact_indep_qiskit_4|ibm_falcon_27 fallback=QiskitO1
job=qpeinexact_indep_tket_4|ibm_falcon_27 azione_RL=RemoveDiagonalGatesBeforeMeasure
job=qpeinexact_indep_tket_4|ibm_falcon_27 azione_RL=FullPeepholeOptimiseCX
/home/elio/Tesi/.venv/lib/python3.12/site-packages/pytket/extensions/qiskit/qiskit_convert.py:1124: UserWarning: The pytket Circuit contains implicit qubit permutations which aren't handled by default. Consider using the replace_implicit_swaps flag in tk_to_qiskit or replacing them using Circuit.replace_implicit_swaps().
  warnings.warn(  # noqa: B028
job=qpeinexact_indep_tket_4|ibm_falcon_27 azione_RL=Opt2qBlocks
job=qpeinexact_indep_tket_4|ibm_falcon_27 azione_RL=CliffordSimp
job=qpeinexact_indep_tket_4|ibm_falcon_27 azione_RL=CommutativeCancellation
job=qpeinexact_indep_tket_4|ibm_falcon_27 azione_RL=FullPeepholeOptimiseCX
job=qpeinexact_indep_tket_4|ibm_falcon_27 azione_RL=CommutativeInverseCancellation
job=qpeinexact_indep_tket_4|ibm_falcon_27 azione_RL=CommutativeInverseCancellation
job=qpeinexact_indep_tket_4|ibm_falcon_27 azione_RL=FullPeepholeOptimiseCX
job=qpeinexact_indep_tket_4|ibm_falcon_27 azione_RL=OptimizeCliffords
job=qpeinexact_indep_tket_4|ibm_falcon_27 azione_RL=RemoveDiagonalGatesBeforeMeasure
job=qpeinexact_indep_tket_4|ibm_falcon_27 azione_RL=CommutativeInverseCancellation
job=qpeinexact_indep_tket_4|ibm_falcon_27 azione_RL=CliffordSimp
job=qpeinexact_indep_tket_4|ibm_falcon_27 azione_RL=CommutativeInverseCancellation
job=qpeinexact_indep_tket_4|ibm_falcon_27 azione_RL=BasisTranslator
job=qpeinexact_indep_tket_4|ibm_falcon_27 azione_RL=RemoveRedundancies
job=qpeinexact_indep_tket_4|ibm_falcon_27 azione_RL=CommutativeInverseCancellation
job=qpeinexact_indep_tket_4|ibm_falcon_27 azione_RL=CommutativeCancellation
job=qpeinexact_indep_tket_4|ibm_falcon_27 azione_RL=BQSKitO2
job=qpeinexact_indep_tket_4|ibm_falcon_27 fallback=QiskitO1
job=random_indep_qiskit_4|ibm_falcon_27 azione_RL=RemoveDiagonalGatesBeforeMeasure
job=random_indep_qiskit_4|ibm_falcon_27 azione_RL=FullPeepholeOptimiseCX
job=random_indep_qiskit_4|ibm_falcon_27 azione_RL=Opt2qBlocks
job=random_indep_qiskit_4|ibm_falcon_27 azione_RL=CliffordSimp
job=random_indep_qiskit_4|ibm_falcon_27 azione_RL=CommutativeCancellation
job=random_indep_qiskit_4|ibm_falcon_27 azione_RL=FullPeepholeOptimiseCX
job=random_indep_qiskit_4|ibm_falcon_27 azione_RL=CommutativeInverseCancellation
job=random_indep_qiskit_4|ibm_falcon_27 azione_RL=CommutativeInverseCancellation
job=random_indep_qiskit_4|ibm_falcon_27 azione_RL=FullPeepholeOptimiseCX
job=random_indep_qiskit_4|ibm_falcon_27 azione_RL=OptimizeCliffords
job=random_indep_qiskit_4|ibm_falcon_27 azione_RL=RemoveDiagonalGatesBeforeMeasure
job=random_indep_qiskit_4|ibm_falcon_27 azione_RL=CommutativeInverseCancellation
job=random_indep_qiskit_4|ibm_falcon_27 azione_RL=CliffordSimp
job=random_indep_qiskit_4|ibm_falcon_27 fallback=QiskitO1
job=random_indep_tket_4|ibm_falcon_27 azione_RL=RemoveDiagonalGatesBeforeMeasure
job=random_indep_tket_4|ibm_falcon_27 azione_RL=FullPeepholeOptimiseCX
job=random_indep_tket_4|ibm_falcon_27 azione_RL=Opt2qBlocks
job=random_indep_tket_4|ibm_falcon_27 azione_RL=CliffordSimp
job=random_indep_tket_4|ibm_falcon_27 azione_RL=CommutativeCancellation
job=random_indep_tket_4|ibm_falcon_27 azione_RL=FullPeepholeOptimiseCX
job=random_indep_tket_4|ibm_falcon_27 azione_RL=CommutativeInverseCancellation
job=random_indep_tket_4|ibm_falcon_27 azione_RL=CommutativeInverseCancellation
job=random_indep_tket_4|ibm_falcon_27 azione_RL=FullPeepholeOptimiseCX
job=random_indep_tket_4|ibm_falcon_27 azione_RL=OptimizeCliffords
job=random_indep_tket_4|ibm_falcon_27 azione_RL=RemoveDiagonalGatesBeforeMeasure
job=random_indep_tket_4|ibm_falcon_27 azione_RL=CommutativeInverseCancellation
job=random_indep_tket_4|ibm_falcon_27 fallback=QiskitO1
job=realamprandom_indep_qiskit_4|ibm_falcon_27 azione_RL=RemoveDiagonalGatesBeforeMeasure
job=realamprandom_indep_qiskit_4|ibm_falcon_27 azione_RL=FullPeepholeOptimiseCX
job=realamprandom_indep_qiskit_4|ibm_falcon_27 azione_RL=Opt2qBlocks
job=realamprandom_indep_qiskit_4|ibm_falcon_27 azione_RL=CliffordSimp
job=realamprandom_indep_qiskit_4|ibm_falcon_27 azione_RL=CommutativeCancellation
job=realamprandom_indep_qiskit_4|ibm_falcon_27 azione_RL=FullPeepholeOptimiseCX
job=realamprandom_indep_qiskit_4|ibm_falcon_27 azione_RL=CommutativeInverseCancellation
job=realamprandom_indep_qiskit_4|ibm_falcon_27 azione_RL=CommutativeInverseCancellation
job=realamprandom_indep_qiskit_4|ibm_falcon_27 azione_RL=FullPeepholeOptimiseCX
job=realamprandom_indep_qiskit_4|ibm_falcon_27 azione_RL=OptimizeCliffords
job=realamprandom_indep_qiskit_4|ibm_falcon_27 azione_RL=RemoveDiagonalGatesBeforeMeasure
job=realamprandom_indep_qiskit_4|ibm_falcon_27 azione_RL=CommutativeInverseCancellation
job=realamprandom_indep_qiskit_4|ibm_falcon_27 azione_RL=OptimizeCliffords
job=realamprandom_indep_qiskit_4|ibm_falcon_27 azione_RL=CommutativeInverseCancellation
job=realamprandom_indep_qiskit_4|ibm_falcon_27 azione_RL=BasisTranslator
job=realamprandom_indep_qiskit_4|ibm_falcon_27 azione_RL=RemoveRedundancies
job=realamprandom_indep_qiskit_4|ibm_falcon_27 azione_RL=CommutativeInverseCancellation
job=realamprandom_indep_qiskit_4|ibm_falcon_27 azione_RL=CommutativeCancellation
job=realamprandom_indep_qiskit_4|ibm_falcon_27 azione_RL=BQSKitO2
job=realamprandom_indep_qiskit_4|ibm_falcon_27 fallback=QiskitO1
job=realamprandom_indep_tket_4|ibm_falcon_27 azione_RL=RemoveDiagonalGatesBeforeMeasure
job=realamprandom_indep_tket_4|ibm_falcon_27 azione_RL=FullPeepholeOptimiseCX
job=realamprandom_indep_tket_4|ibm_falcon_27 azione_RL=Opt2qBlocks
job=realamprandom_indep_tket_4|ibm_falcon_27 azione_RL=CliffordSimp
job=realamprandom_indep_tket_4|ibm_falcon_27 azione_RL=CommutativeCancellation
job=realamprandom_indep_tket_4|ibm_falcon_27 azione_RL=FullPeepholeOptimiseCX
job=realamprandom_indep_tket_4|ibm_falcon_27 azione_RL=CommutativeInverseCancellation
job=realamprandom_indep_tket_4|ibm_falcon_27 azione_RL=CommutativeInverseCancellation
job=realamprandom_indep_tket_4|ibm_falcon_27 azione_RL=FullPeepholeOptimiseCX
job=realamprandom_indep_tket_4|ibm_falcon_27 azione_RL=OptimizeCliffords
job=realamprandom_indep_tket_4|ibm_falcon_27 azione_RL=RemoveDiagonalGatesBeforeMeasure
job=realamprandom_indep_tket_4|ibm_falcon_27 azione_RL=CommutativeInverseCancellation
job=realamprandom_indep_tket_4|ibm_falcon_27 azione_RL=OptimizeCliffords
job=realamprandom_indep_tket_4|ibm_falcon_27 azione_RL=CommutativeInverseCancellation
job=realamprandom_indep_tket_4|ibm_falcon_27 azione_RL=BasisTranslator
job=realamprandom_indep_tket_4|ibm_falcon_27 azione_RL=RemoveRedundancies
job=realamprandom_indep_tket_4|ibm_falcon_27 azione_RL=CommutativeInverseCancellation
job=realamprandom_indep_tket_4|ibm_falcon_27 azione_RL=CommutativeCancellation
job=realamprandom_indep_tket_4|ibm_falcon_27 fallback=QiskitO1
job=su2random_indep_qiskit_4|ibm_falcon_27 azione_RL=RemoveDiagonalGatesBeforeMeasure
job=su2random_indep_qiskit_4|ibm_falcon_27 azione_RL=FullPeepholeOptimiseCX
job=su2random_indep_qiskit_4|ibm_falcon_27 azione_RL=Opt2qBlocks
job=su2random_indep_qiskit_4|ibm_falcon_27 azione_RL=CliffordSimp
job=su2random_indep_qiskit_4|ibm_falcon_27 azione_RL=CommutativeCancellation
job=su2random_indep_qiskit_4|ibm_falcon_27 azione_RL=FullPeepholeOptimiseCX
job=su2random_indep_qiskit_4|ibm_falcon_27 azione_RL=CommutativeInverseCancellation
job=su2random_indep_qiskit_4|ibm_falcon_27 azione_RL=CommutativeInverseCancellation
job=su2random_indep_qiskit_4|ibm_falcon_27 azione_RL=FullPeepholeOptimiseCX
job=su2random_indep_qiskit_4|ibm_falcon_27 azione_RL=OptimizeCliffords
job=su2random_indep_qiskit_4|ibm_falcon_27 azione_RL=RemoveDiagonalGatesBeforeMeasure
job=su2random_indep_qiskit_4|ibm_falcon_27 azione_RL=CommutativeInverseCancellation
job=su2random_indep_qiskit_4|ibm_falcon_27 azione_RL=OptimizeCliffords
job=su2random_indep_qiskit_4|ibm_falcon_27 azione_RL=CommutativeInverseCancellation
job=su2random_indep_qiskit_4|ibm_falcon_27 azione_RL=BasisTranslator
job=su2random_indep_qiskit_4|ibm_falcon_27 azione_RL=RemoveRedundancies
job=su2random_indep_qiskit_4|ibm_falcon_27 fallback=QiskitO1
job=su2random_indep_tket_4|ibm_falcon_27 azione_RL=RemoveDiagonalGatesBeforeMeasure
job=su2random_indep_tket_4|ibm_falcon_27 azione_RL=FullPeepholeOptimiseCX
job=su2random_indep_tket_4|ibm_falcon_27 azione_RL=Opt2qBlocks
job=su2random_indep_tket_4|ibm_falcon_27 azione_RL=CliffordSimp
job=su2random_indep_tket_4|ibm_falcon_27 azione_RL=CommutativeCancellation
job=su2random_indep_tket_4|ibm_falcon_27 azione_RL=FullPeepholeOptimiseCX
job=su2random_indep_tket_4|ibm_falcon_27 azione_RL=CommutativeInverseCancellation
job=su2random_indep_tket_4|ibm_falcon_27 azione_RL=CommutativeInverseCancellation
job=su2random_indep_tket_4|ibm_falcon_27 azione_RL=FullPeepholeOptimiseCX
job=su2random_indep_tket_4|ibm_falcon_27 azione_RL=OptimizeCliffords
job=su2random_indep_tket_4|ibm_falcon_27 azione_RL=RemoveDiagonalGatesBeforeMeasure
job=su2random_indep_tket_4|ibm_falcon_27 azione_RL=CommutativeInverseCancellation
job=su2random_indep_tket_4|ibm_falcon_27 azione_RL=OptimizeCliffords
job=su2random_indep_tket_4|ibm_falcon_27 azione_RL=CommutativeInverseCancellation
job=su2random_indep_tket_4|ibm_falcon_27 azione_RL=BasisTranslator
job=su2random_indep_tket_4|ibm_falcon_27 azione_RL=RemoveRedundancies
job=su2random_indep_tket_4|ibm_falcon_27 fallback=QiskitO1
job=tsp_indep_tket_4|ibm_falcon_27 azione_RL=RemoveDiagonalGatesBeforeMeasure
job=tsp_indep_tket_4|ibm_falcon_27 azione_RL=FullPeepholeOptimiseCX
job=tsp_indep_tket_4|ibm_falcon_27 azione_RL=Opt2qBlocks
job=tsp_indep_tket_4|ibm_falcon_27 azione_RL=CliffordSimp
job=tsp_indep_tket_4|ibm_falcon_27 azione_RL=CommutativeCancellation
job=tsp_indep_tket_4|ibm_falcon_27 azione_RL=FullPeepholeOptimiseCX
job=tsp_indep_tket_4|ibm_falcon_27 azione_RL=CommutativeInverseCancellation
job=tsp_indep_tket_4|ibm_falcon_27 azione_RL=CommutativeInverseCancellation
job=tsp_indep_tket_4|ibm_falcon_27 azione_RL=FullPeepholeOptimiseCX
job=tsp_indep_tket_4|ibm_falcon_27 azione_RL=OptimizeCliffords
job=tsp_indep_tket_4|ibm_falcon_27 azione_RL=RemoveDiagonalGatesBeforeMeasure
job=tsp_indep_tket_4|ibm_falcon_27 azione_RL=CommutativeInverseCancellation
job=tsp_indep_tket_4|ibm_falcon_27 azione_RL=CliffordSimp
job=tsp_indep_tket_4|ibm_falcon_27 azione_RL=CommutativeInverseCancellation
job=tsp_indep_tket_4|ibm_falcon_27 azione_RL=BasisTranslator
job=tsp_indep_tket_4|ibm_falcon_27 azione_RL=RemoveRedundancies
job=tsp_indep_tket_4|ibm_falcon_27 fallback=QiskitO1
job=twolocalrandom_indep_qiskit_4|ibm_falcon_27 azione_RL=RemoveDiagonalGatesBeforeMeasure
job=twolocalrandom_indep_qiskit_4|ibm_falcon_27 azione_RL=FullPeepholeOptimiseCX
job=twolocalrandom_indep_qiskit_4|ibm_falcon_27 azione_RL=Opt2qBlocks
job=twolocalrandom_indep_qiskit_4|ibm_falcon_27 azione_RL=CliffordSimp
job=twolocalrandom_indep_qiskit_4|ibm_falcon_27 azione_RL=CommutativeCancellation
job=twolocalrandom_indep_qiskit_4|ibm_falcon_27 azione_RL=FullPeepholeOptimiseCX
job=twolocalrandom_indep_qiskit_4|ibm_falcon_27 azione_RL=CommutativeInverseCancellation
job=twolocalrandom_indep_qiskit_4|ibm_falcon_27 azione_RL=CommutativeInverseCancellation
job=twolocalrandom_indep_qiskit_4|ibm_falcon_27 azione_RL=FullPeepholeOptimiseCX
job=twolocalrandom_indep_qiskit_4|ibm_falcon_27 azione_RL=OptimizeCliffords
job=twolocalrandom_indep_qiskit_4|ibm_falcon_27 azione_RL=RemoveDiagonalGatesBeforeMeasure
job=twolocalrandom_indep_qiskit_4|ibm_falcon_27 azione_RL=CommutativeInverseCancellation
job=twolocalrandom_indep_qiskit_4|ibm_falcon_27 azione_RL=OptimizeCliffords
job=twolocalrandom_indep_qiskit_4|ibm_falcon_27 azione_RL=CommutativeInverseCancellation
job=twolocalrandom_indep_qiskit_4|ibm_falcon_27 azione_RL=BasisTranslator
job=twolocalrandom_indep_qiskit_4|ibm_falcon_27 azione_RL=RemoveRedundancies
job=twolocalrandom_indep_qiskit_4|ibm_falcon_27 azione_RL=CommutativeInverseCancellation
job=twolocalrandom_indep_qiskit_4|ibm_falcon_27 azione_RL=CommutativeCancellation
job=twolocalrandom_indep_qiskit_4|ibm_falcon_27 azione_RL=BQSKitO2
job=twolocalrandom_indep_qiskit_4|ibm_falcon_27 fallback=QiskitO1
job=twolocalrandom_indep_tket_4|ibm_falcon_27 azione_RL=RemoveDiagonalGatesBeforeMeasure
job=twolocalrandom_indep_tket_4|ibm_falcon_27 azione_RL=FullPeepholeOptimiseCX
job=twolocalrandom_indep_tket_4|ibm_falcon_27 azione_RL=Opt2qBlocks
job=twolocalrandom_indep_tket_4|ibm_falcon_27 azione_RL=CliffordSimp
job=twolocalrandom_indep_tket_4|ibm_falcon_27 azione_RL=CommutativeCancellation
job=twolocalrandom_indep_tket_4|ibm_falcon_27 azione_RL=FullPeepholeOptimiseCX
job=twolocalrandom_indep_tket_4|ibm_falcon_27 azione_RL=CommutativeInverseCancellation
job=twolocalrandom_indep_tket_4|ibm_falcon_27 azione_RL=CommutativeInverseCancellation
job=twolocalrandom_indep_tket_4|ibm_falcon_27 azione_RL=FullPeepholeOptimiseCX
job=twolocalrandom_indep_tket_4|ibm_falcon_27 azione_RL=OptimizeCliffords
job=twolocalrandom_indep_tket_4|ibm_falcon_27 azione_RL=RemoveDiagonalGatesBeforeMeasure
job=twolocalrandom_indep_tket_4|ibm_falcon_27 azione_RL=CommutativeInverseCancellation
job=twolocalrandom_indep_tket_4|ibm_falcon_27 azione_RL=OptimizeCliffords
job=twolocalrandom_indep_tket_4|ibm_falcon_27 azione_RL=CommutativeInverseCancellation
job=twolocalrandom_indep_tket_4|ibm_falcon_27 azione_RL=BasisTranslator
job=twolocalrandom_indep_tket_4|ibm_falcon_27 azione_RL=RemoveRedundancies
job=twolocalrandom_indep_tket_4|ibm_falcon_27 azione_RL=CommutativeInverseCancellation
job=twolocalrandom_indep_tket_4|ibm_falcon_27 azione_RL=CommutativeCancellation
job=twolocalrandom_indep_tket_4|ibm_falcon_27 azione_RL=BQSKitO2
job=twolocalrandom_indep_tket_4|ibm_falcon_27 fallback=QiskitO1
job=vqe_indep_qiskit_4|ibm_falcon_27 azione_RL=RemoveDiagonalGatesBeforeMeasure
job=vqe_indep_qiskit_4|ibm_falcon_27 azione_RL=FullPeepholeOptimiseCX
job=vqe_indep_qiskit_4|ibm_falcon_27 azione_RL=Opt2qBlocks
job=vqe_indep_qiskit_4|ibm_falcon_27 azione_RL=CliffordSimp
job=vqe_indep_qiskit_4|ibm_falcon_27 azione_RL=CommutativeCancellation
job=vqe_indep_qiskit_4|ibm_falcon_27 azione_RL=FullPeepholeOptimiseCX
job=vqe_indep_qiskit_4|ibm_falcon_27 azione_RL=CommutativeInverseCancellation
job=vqe_indep_qiskit_4|ibm_falcon_27 azione_RL=CommutativeInverseCancellation
job=vqe_indep_qiskit_4|ibm_falcon_27 azione_RL=FullPeepholeOptimiseCX
job=vqe_indep_qiskit_4|ibm_falcon_27 azione_RL=OptimizeCliffords
job=vqe_indep_qiskit_4|ibm_falcon_27 azione_RL=RemoveDiagonalGatesBeforeMeasure
job=vqe_indep_qiskit_4|ibm_falcon_27 azione_RL=CommutativeInverseCancellation
job=vqe_indep_qiskit_4|ibm_falcon_27 azione_RL=CliffordSimp
job=vqe_indep_qiskit_4|ibm_falcon_27 azione_RL=CommutativeInverseCancellation
job=vqe_indep_qiskit_4|ibm_falcon_27 azione_RL=BasisTranslator
job=vqe_indep_qiskit_4|ibm_falcon_27 azione_RL=RemoveRedundancies
job=vqe_indep_qiskit_4|ibm_falcon_27 azione_RL=CommutativeInverseCancellation
job=vqe_indep_qiskit_4|ibm_falcon_27 azione_RL=BQSKitMapping
job=vqe_indep_qiskit_4|ibm_falcon_27 fallback=QiskitO1
job=vqe_indep_tket_4|ibm_falcon_27 fallback=QiskitO1
job=wstate_indep_qiskit_4|ibm_falcon_27 fallback=QiskitO1
job=wstate_indep_tket_4|ibm_falcon_27 fallback=QiskitO1
job=ae_indep_qiskit_5|ibm_falcon_27 fallback=QiskitO1
job=ae_indep_tket_5|ibm_falcon_27 fallback=QiskitO1
job=dj_indep_qiskit_5|ibm_falcon_27 fallback=QiskitO1
job=dj_indep_tket_5|ibm_falcon_27 fallback=QiskitO1
job=graphstate_indep_qiskit_5|ibm_falcon_27 fallback=QiskitO1
job=graphstate_indep_tket_5|ibm_falcon_27 fallback=QiskitO1
job=portfolioqaoa_indep_qiskit_5|ibm_falcon_27 fallback=QiskitO1
job=portfolioqaoa_indep_tket_5|ibm_falcon_27 fallback=QiskitO1
job=portfoliovqe_indep_qiskit_5|ibm_falcon_27 fallback=QiskitO1
job=portfoliovqe_indep_tket_5|ibm_falcon_27 fallback=QiskitO1
job=pricingcall_indep_qiskit_5|ibm_falcon_27 fallback=QiskitO1
job=pricingcall_indep_tket_5|ibm_falcon_27 fallback=QiskitO1
job=pricingput_indep_qiskit_5|ibm_falcon_27 fallback=QiskitO1
job=pricingput_indep_tket_5|ibm_falcon_27 fallback=QiskitO1
job=qaoa_indep_qiskit_5|ibm_falcon_27 fallback=QiskitO1
job=qaoa_indep_tket_5|ibm_falcon_27 fallback=QiskitO1
job=qft_indep_qiskit_5|ibm_falcon_27 fallback=QiskitO1
job=qft_indep_tket_5|ibm_falcon_27 fallback=QiskitO1
job=qftentangled_indep_qiskit_5|ibm_falcon_27 fallback=QiskitO1
job=qftentangled_indep_tket_5|ibm_falcon_27 fallback=QiskitO1
job=qnn_indep_qiskit_5|ibm_falcon_27 fallback=QiskitO1
job=qnn_indep_tket_5|ibm_falcon_27 fallback=QiskitO1
job=qpeexact_indep_qiskit_5|ibm_falcon_27 fallback=QiskitO1
job=qpeexact_indep_tket_5|ibm_falcon_27 fallback=QiskitO1
job=qpeinexact_indep_qiskit_5|ibm_falcon_27 fallback=QiskitO1
job=qpeinexact_indep_tket_5|ibm_falcon_27 fallback=QiskitO1
job=random_indep_qiskit_5|ibm_falcon_27 fallback=QiskitO1
job=random_indep_tket_5|ibm_falcon_27 fallback=QiskitO1
job=realamprandom_indep_qiskit_5|ibm_falcon_27 fallback=QiskitO1
job=realamprandom_indep_tket_5|ibm_falcon_27 fallback=QiskitO1
job=su2random_indep_qiskit_5|ibm_falcon_27 fallback=QiskitO1
job=su2random_indep_tket_5|ibm_falcon_27 fallback=QiskitO1
job=twolocalrandom_indep_qiskit_5|ibm_falcon_27 fallback=QiskitO1
job=twolocalrandom_indep_tket_5|ibm_falcon_27 fallback=QiskitO1
job=vqe_indep_qiskit_5|ibm_falcon_27 fallback=QiskitO1
job=vqe_indep_tket_5|ibm_falcon_27 fallback=QiskitO1
job=wstate_indep_qiskit_5|ibm_falcon_27 fallback=QiskitO1
job=wstate_indep_tket_5|ibm_falcon_27 fallback=QiskitO1
job=ae_indep_qiskit_6|ibm_falcon_27 fallback=QiskitO1
job=ae_indep_tket_6|ibm_falcon_27 fallback=QiskitO1
job=dj_indep_qiskit_6|ibm_falcon_27 fallback=QiskitO1
job=dj_indep_tket_6|ibm_falcon_27 fallback=QiskitO1
job=graphstate_indep_qiskit_6|ibm_falcon_27 fallback=QiskitO1
job=graphstate_indep_tket_6|ibm_falcon_27 fallback=QiskitO1
job=portfolioqaoa_indep_qiskit_6|ibm_falcon_27 fallback=QiskitO1
job=portfolioqaoa_indep_tket_6|ibm_falcon_27 fallback=QiskitO1
job=portfoliovqe_indep_qiskit_6|ibm_falcon_27 fallback=QiskitO1
job=portfoliovqe_indep_tket_6|ibm_falcon_27 fallback=QiskitO1
job=qaoa_indep_qiskit_6|ibm_falcon_27 fallback=QiskitO1
job=qaoa_indep_tket_6|ibm_falcon_27 fallback=QiskitO1
job=qft_indep_qiskit_6|ibm_falcon_27 fallback=QiskitO1
job=qft_indep_tket_6|ibm_falcon_27 fallback=QiskitO1
job=qftentangled_indep_qiskit_6|ibm_falcon_27 fallback=QiskitO1
job=qftentangled_indep_tket_6|ibm_falcon_27 fallback=QiskitO1
job=qnn_indep_qiskit_6|ibm_falcon_27 fallback=QiskitO1
job=qnn_indep_tket_6|ibm_falcon_27 fallback=QiskitO1
job=qpeexact_indep_qiskit_6|ibm_falcon_27 fallback=QiskitO1
job=qpeexact_indep_tket_6|ibm_falcon_27 fallback=QiskitO1
job=qpeinexact_indep_qiskit_6|ibm_falcon_27 fallback=QiskitO1
job=qpeinexact_indep_tket_6|ibm_falcon_27 fallback=QiskitO1
job=random_indep_qiskit_6|ibm_falcon_27 fallback=QiskitO1
job=random_indep_tket_6|ibm_falcon_27 fallback=QiskitO1
job=realamprandom_indep_qiskit_6|ibm_falcon_27 fallback=QiskitO1
job=realamprandom_indep_tket_6|ibm_falcon_27 fallback=QiskitO1
job=routing_indep_qiskit_6|ibm_falcon_27 fallback=QiskitO1
job=routing_indep_tket_6|ibm_falcon_27 fallback=QiskitO1
job=su2random_indep_qiskit_6|ibm_falcon_27 fallback=QiskitO1
job=su2random_indep_tket_6|ibm_falcon_27 fallback=QiskitO1
job=twolocalrandom_indep_qiskit_6|ibm_falcon_27 fallback=QiskitO1
job=twolocalrandom_indep_tket_6|ibm_falcon_27 fallback=QiskitO1
job=vqe_indep_qiskit_6|ibm_falcon_27 fallback=QiskitO1
job=vqe_indep_tket_6|ibm_falcon_27 fallback=QiskitO1
job=wstate_indep_qiskit_6|ibm_falcon_27 fallback=QiskitO1
job=wstate_indep_tket_6|ibm_falcon_27 fallback=QiskitO1
job=ae_indep_qiskit_7|ibm_falcon_27 fallback=QiskitO1
job=ae_indep_tket_7|ibm_falcon_27 fallback=QiskitO1
job=dj_indep_qiskit_7|ibm_falcon_27 fallback=QiskitO1
job=dj_indep_tket_7|ibm_falcon_27 fallback=QiskitO1
job=graphstate_indep_qiskit_7|ibm_falcon_27 fallback=QiskitO1
job=graphstate_indep_tket_7|ibm_falcon_27 fallback=QiskitO1
job=portfolioqaoa_indep_qiskit_7|ibm_falcon_27 fallback=QiskitO1
job=portfolioqaoa_indep_tket_7|ibm_falcon_27 fallback=QiskitO1
job=portfoliovqe_indep_qiskit_7|ibm_falcon_27 fallback=QiskitO1
job=portfoliovqe_indep_tket_7|ibm_falcon_27 fallback=QiskitO1
job=pricingcall_indep_qiskit_7|ibm_falcon_27 fallback=QiskitO1
job=pricingcall_indep_tket_7|ibm_falcon_27 fallback=QiskitO1
job=pricingput_indep_qiskit_7|ibm_falcon_27 fallback=QiskitO1
job=pricingput_indep_tket_7|ibm_falcon_27 fallback=QiskitO1
job=qaoa_indep_qiskit_7|ibm_falcon_27 fallback=QiskitO1
job=qaoa_indep_tket_7|ibm_falcon_27 fallback=QiskitO1
job=qft_indep_qiskit_7|ibm_falcon_27 fallback=QiskitO1
job=qft_indep_tket_7|ibm_falcon_27 fallback=QiskitO1
job=qftentangled_indep_qiskit_7|ibm_falcon_27 fallback=QiskitO1
job=qftentangled_indep_tket_7|ibm_falcon_27 fallback=QiskitO1
job=qnn_indep_qiskit_7|ibm_falcon_27 fallback=QiskitO1
job=qnn_indep_tket_7|ibm_falcon_27 fallback=QiskitO1
job=qpeexact_indep_qiskit_7|ibm_falcon_27 fallback=QiskitO1
job=qpeexact_indep_tket_7|ibm_falcon_27 fallback=QiskitO1
job=qpeinexact_indep_qiskit_7|ibm_falcon_27 fallback=QiskitO1
job=qpeinexact_indep_tket_7|ibm_falcon_27 fallback=QiskitO1
job=random_indep_qiskit_7|ibm_falcon_27 fallback=QiskitO1
job=random_indep_tket_7|ibm_falcon_27 fallback=QiskitO1
job=realamprandom_indep_qiskit_7|ibm_falcon_27 fallback=QiskitO1
job=realamprandom_indep_tket_7|ibm_falcon_27 fallback=QiskitO1
job=su2random_indep_qiskit_7|ibm_falcon_27 fallback=QiskitO1
job=su2random_indep_tket_7|ibm_falcon_27 fallback=QiskitO1
job=twolocalrandom_indep_qiskit_7|ibm_falcon_27 fallback=QiskitO1
job=twolocalrandom_indep_tket_7|ibm_falcon_27 fallback=QiskitO1
job=vqe_indep_qiskit_7|ibm_falcon_27 fallback=QiskitO1
job=vqe_indep_tket_7|ibm_falcon_27 fallback=QiskitO1
job=wstate_indep_qiskit_7|ibm_falcon_27 fallback=QiskitO1
job=wstate_indep_tket_7|ibm_falcon_27 fallback=QiskitO1
job=ae_indep_qiskit_8|ibm_falcon_27 fallback=QiskitO1
job=ae_indep_tket_8|ibm_falcon_27 fallback=QiskitO1
job=dj_indep_qiskit_8|ibm_falcon_27 fallback=QiskitO1
job=dj_indep_tket_8|ibm_falcon_27 fallback=QiskitO1
job=graphstate_indep_qiskit_8|ibm_falcon_27 fallback=QiskitO1
job=graphstate_indep_tket_8|ibm_falcon_27 fallback=QiskitO1
job=portfoliovqe_indep_qiskit_8|ibm_falcon_27 fallback=QiskitO1
job=portfoliovqe_indep_tket_8|ibm_falcon_27 fallback=QiskitO1
job=qaoa_indep_qiskit_8|ibm_falcon_27 fallback=QiskitO1
job=qaoa_indep_tket_8|ibm_falcon_27 fallback=QiskitO1
job=qft_indep_qiskit_8|ibm_falcon_27 fallback=QiskitO1
job=qft_indep_tket_8|ibm_falcon_27 fallback=QiskitO1
job=qftentangled_indep_qiskit_8|ibm_falcon_27 fallback=QiskitO1
job=qftentangled_indep_tket_8|ibm_falcon_27 fallback=QiskitO1
job=qpeexact_indep_qiskit_8|ibm_falcon_27 fallback=QiskitO1
job=qpeexact_indep_tket_8|ibm_falcon_27 fallback=QiskitO1
job=qpeinexact_indep_qiskit_8|ibm_falcon_27 fallback=QiskitO1
job=qpeinexact_indep_tket_8|ibm_falcon_27 fallback=QiskitO1
job=random_indep_qiskit_8|ibm_falcon_27 fallback=QiskitO1
job=random_indep_tket_8|ibm_falcon_27 fallback=QiskitO1
job=realamprandom_indep_qiskit_8|ibm_falcon_27 fallback=QiskitO1
job=realamprandom_indep_tket_8|ibm_falcon_27 fallback=QiskitO1
job=su2random_indep_qiskit_8|ibm_falcon_27 fallback=QiskitO1
job=su2random_indep_tket_8|ibm_falcon_27 fallback=QiskitO1
job=twolocalrandom_indep_qiskit_8|ibm_falcon_27 fallback=QiskitO1
job=twolocalrandom_indep_tket_8|ibm_falcon_27 fallback=QiskitO1
job=vqe_indep_qiskit_8|ibm_falcon_27 fallback=QiskitO1
job=vqe_indep_tket_8|ibm_falcon_27 fallback=QiskitO1
job=wstate_indep_qiskit_8|ibm_falcon_27 fallback=QiskitO1
job=wstate_indep_tket_8|ibm_falcon_27 fallback=QiskitO1
job=ae_indep_qiskit_9|ibm_falcon_27 fallback=QiskitO1
job=ae_indep_tket_9|ibm_falcon_27 fallback=QiskitO1
job=dj_indep_qiskit_9|ibm_falcon_27 fallback=QiskitO1
job=dj_indep_tket_9|ibm_falcon_27 fallback=QiskitO1
job=graphstate_indep_qiskit_9|ibm_falcon_27 fallback=QiskitO1
job=graphstate_indep_tket_9|ibm_falcon_27 fallback=QiskitO1
job=portfoliovqe_indep_qiskit_9|ibm_falcon_27 fallback=QiskitO1
job=portfoliovqe_indep_tket_9|ibm_falcon_27 fallback=QiskitO1
job=pricingcall_indep_qiskit_9|ibm_falcon_27 fallback=QiskitO1
job=pricingcall_indep_tket_9|ibm_falcon_27 fallback=QiskitO1
job=pricingput_indep_qiskit_9|ibm_falcon_27 fallback=QiskitO1
job=pricingput_indep_tket_9|ibm_falcon_27 fallback=QiskitO1
job=qaoa_indep_qiskit_9|ibm_falcon_27 fallback=QiskitO1
job=qaoa_indep_tket_9|ibm_falcon_27 fallback=QiskitO1
job=qft_indep_qiskit_9|ibm_falcon_27 fallback=QiskitO1
job=qft_indep_tket_9|ibm_falcon_27 fallback=QiskitO1
job=qftentangled_indep_qiskit_9|ibm_falcon_27 fallback=QiskitO1
job=qftentangled_indep_tket_9|ibm_falcon_27 fallback=QiskitO1
job=qpeexact_indep_qiskit_9|ibm_falcon_27 fallback=QiskitO1
job=qpeexact_indep_tket_9|ibm_falcon_27 fallback=QiskitO1
job=qpeinexact_indep_qiskit_9|ibm_falcon_27 fallback=QiskitO1
job=qpeinexact_indep_tket_9|ibm_falcon_27 fallback=QiskitO1
job=realamprandom_indep_qiskit_9|ibm_falcon_27 fallback=QiskitO1
job=realamprandom_indep_tket_9|ibm_falcon_27 fallback=QiskitO1
job=su2random_indep_qiskit_9|ibm_falcon_27 fallback=QiskitO1
job=su2random_indep_tket_9|ibm_falcon_27 fallback=QiskitO1
job=tsp_indep_qiskit_9|ibm_falcon_27 fallback=QiskitO1
job=tsp_indep_tket_9|ibm_falcon_27 fallback=QiskitO1
job=twolocalrandom_indep_qiskit_9|ibm_falcon_27 fallback=QiskitO1
job=twolocalrandom_indep_tket_9|ibm_falcon_27 fallback=QiskitO1
job=vqe_indep_qiskit_9|ibm_falcon_27 fallback=QiskitO1
job=vqe_indep_tket_9|ibm_falcon_27 fallback=QiskitO1
job=wstate_indep_qiskit_9|ibm_falcon_27 fallback=QiskitO1
job=wstate_indep_tket_9|ibm_falcon_27 fallback=QiskitO1
job=ae_indep_qiskit_10|ibm_falcon_27 fallback=QiskitO1
job=ae_indep_tket_10|ibm_falcon_27 fallback=QiskitO1
job=dj_indep_qiskit_10|ibm_falcon_27 fallback=QiskitO1
job=dj_indep_tket_10|ibm_falcon_27 fallback=QiskitO1
job=graphstate_indep_qiskit_10|ibm_falcon_27 fallback=QiskitO1
job=graphstate_indep_tket_10|ibm_falcon_27 fallback=QiskitO1
job=portfoliovqe_indep_qiskit_10|ibm_falcon_27 fallback=QiskitO1
job=portfoliovqe_indep_tket_10|ibm_falcon_27 fallback=QiskitO1
job=qaoa_indep_qiskit_10|ibm_falcon_27 fallback=QiskitO1
job=qaoa_indep_tket_10|ibm_falcon_27 fallback=QiskitO1
job=qft_indep_qiskit_10|ibm_falcon_27 fallback=QiskitO1
job=qft_indep_tket_10|ibm_falcon_27 fallback=QiskitO1
job=qftentangled_indep_qiskit_10|ibm_falcon_27 fallback=QiskitO1
job=qftentangled_indep_tket_10|ibm_falcon_27 fallback=QiskitO1
job=qpeexact_indep_qiskit_10|ibm_falcon_27 fallback=QiskitO1
job=qpeexact_indep_tket_10|ibm_falcon_27 fallback=QiskitO1
job=qpeinexact_indep_qiskit_10|ibm_falcon_27 fallback=QiskitO1
job=qpeinexact_indep_tket_10|ibm_falcon_27 fallback=QiskitO1
job=realamprandom_indep_qiskit_10|ibm_falcon_27 fallback=QiskitO1
job=realamprandom_indep_tket_10|ibm_falcon_27 fallback=QiskitO1
job=twolocalrandom_indep_qiskit_10|ibm_falcon_27 fallback=QiskitO1
job=twolocalrandom_indep_tket_10|ibm_falcon_27 fallback=QiskitO1
job=vqe_indep_qiskit_10|ibm_falcon_27 fallback=QiskitO1
job=vqe_indep_tket_10|ibm_falcon_27 fallback=QiskitO1
job=wstate_indep_qiskit_10|ibm_falcon_27 fallback=QiskitO1
job=wstate_indep_tket_10|ibm_falcon_27 fallback=QiskitO1
job=ae_indep_qiskit_11|ibm_falcon_27 fallback=QiskitO1
job=ae_indep_tket_11|ibm_falcon_27 fallback=QiskitO1
job=dj_indep_qiskit_11|ibm_falcon_27 fallback=QiskitO1
job=dj_indep_tket_11|ibm_falcon_27 fallback=QiskitO1
job=graphstate_indep_qiskit_11|ibm_falcon_27 fallback=QiskitO1
job=graphstate_indep_tket_11|ibm_falcon_27 fallback=QiskitO1
job=portfoliovqe_indep_qiskit_11|ibm_falcon_27 fallback=QiskitO1
job=portfoliovqe_indep_tket_11|ibm_falcon_27 fallback=QiskitO1
job=pricingcall_indep_qiskit_11|ibm_falcon_27 fallback=QiskitO1
job=pricingput_indep_qiskit_11|ibm_falcon_27 fallback=QiskitO1
job=qaoa_indep_qiskit_11|ibm_falcon_27 fallback=QiskitO1
job=qaoa_indep_tket_11|ibm_falcon_27 fallback=QiskitO1
job=qft_indep_qiskit_11|ibm_falcon_27 fallback=QiskitO1
job=qft_indep_tket_11|ibm_falcon_27 fallback=QiskitO1
job=qftentangled_indep_qiskit_11|ibm_falcon_27 fallback=QiskitO1
job=qftentangled_indep_tket_11|ibm_falcon_27 fallback=QiskitO1
job=qpeexact_indep_qiskit_11|ibm_falcon_27 fallback=QiskitO1
job=qpeexact_indep_tket_11|ibm_falcon_27 fallback=QiskitO1
job=qpeinexact_indep_qiskit_11|ibm_falcon_27 fallback=QiskitO1
job=qpeinexact_indep_tket_11|ibm_falcon_27 fallback=QiskitO1
job=realamprandom_indep_qiskit_11|ibm_falcon_27 fallback=QiskitO1
job=realamprandom_indep_tket_11|ibm_falcon_27 fallback=QiskitO1
job=twolocalrandom_indep_qiskit_11|ibm_falcon_27 fallback=QiskitO1
job=twolocalrandom_indep_tket_11|ibm_falcon_27 fallback=QiskitO1
job=vqe_indep_qiskit_11|ibm_falcon_27 fallback=QiskitO1
job=vqe_indep_tket_11|ibm_falcon_27 fallback=QiskitO1
job=wstate_indep_qiskit_11|ibm_falcon_27 fallback=QiskitO1
job=wstate_indep_tket_11|ibm_falcon_27 fallback=QiskitO1
job=ae_indep_qiskit_12|ibm_falcon_27 fallback=QiskitO1
job=ae_indep_tket_12|ibm_falcon_27 fallback=QiskitO1
job=dj_indep_qiskit_12|ibm_falcon_27 fallback=QiskitO1
job=dj_indep_tket_12|ibm_falcon_27 fallback=QiskitO1
job=graphstate_indep_qiskit_12|ibm_falcon_27 fallback=QiskitO1
job=graphstate_indep_tket_12|ibm_falcon_27 fallback=QiskitO1
job=groundstate_medium_indep_qiskit_12|ibm_falcon_27 fallback=QiskitO1
job=groundstate_medium_indep_tket_12|ibm_falcon_27 fallback=QiskitO1
job=qaoa_indep_qiskit_12|ibm_falcon_27 fallback=QiskitO1
job=qaoa_indep_tket_12|ibm_falcon_27 fallback=QiskitO1
job=qft_indep_qiskit_12|ibm_falcon_27 fallback=QiskitO1
job=qft_indep_tket_12|ibm_falcon_27 fallback=QiskitO1
job=qftentangled_indep_qiskit_12|ibm_falcon_27 fallback=QiskitO1
job=qftentangled_indep_tket_12|ibm_falcon_27 fallback=QiskitO1
job=qpeexact_indep_qiskit_12|ibm_falcon_27 fallback=QiskitO1
job=qpeexact_indep_tket_12|ibm_falcon_27 fallback=QiskitO1
job=qpeinexact_indep_qiskit_12|ibm_falcon_27 fallback=QiskitO1
job=qpeinexact_indep_tket_12|ibm_falcon_27 fallback=QiskitO1
job=routing_indep_qiskit_12|ibm_falcon_27 fallback=QiskitO1
job=routing_indep_tket_12|ibm_falcon_27 fallback=QiskitO1
job=vqe_indep_qiskit_12|ibm_falcon_27 fallback=QiskitO1
job=vqe_indep_tket_12|ibm_falcon_27 fallback=QiskitO1
job=wstate_indep_qiskit_12|ibm_falcon_27 fallback=QiskitO1
job=wstate_indep_tket_12|ibm_falcon_27 fallback=QiskitO1
job=ae_indep_qiskit_13|ibm_falcon_27 fallback=QiskitO1
job=dj_indep_qiskit_13|ibm_falcon_27 fallback=QiskitO1
job=dj_indep_tket_13|ibm_falcon_27 fallback=QiskitO1
job=graphstate_indep_qiskit_13|ibm_falcon_27 fallback=QiskitO1
job=graphstate_indep_tket_13|ibm_falcon_27 fallback=QiskitO1
job=qaoa_indep_qiskit_13|ibm_falcon_27 fallback=QiskitO1
job=qaoa_indep_tket_13|ibm_falcon_27 fallback=QiskitO1
job=qft_indep_qiskit_13|ibm_falcon_27 fallback=QiskitO1
job=qft_indep_tket_13|ibm_falcon_27 fallback=QiskitO1
job=qftentangled_indep_qiskit_13|ibm_falcon_27 fallback=QiskitO1
job=qftentangled_indep_tket_13|ibm_falcon_27 fallback=QiskitO1
job=qpeexact_indep_qiskit_13|ibm_falcon_27 fallback=QiskitO1
job=qpeexact_indep_tket_13|ibm_falcon_27 fallback=QiskitO1
job=qpeinexact_indep_qiskit_13|ibm_falcon_27 fallback=QiskitO1
job=qpeinexact_indep_tket_13|ibm_falcon_27 fallback=QiskitO1
job=vqe_indep_qiskit_13|ibm_falcon_27 fallback=QiskitO1
job=vqe_indep_tket_13|ibm_falcon_27 fallback=QiskitO1
job=wstate_indep_qiskit_13|ibm_falcon_27 fallback=QiskitO1
job=wstate_indep_tket_13|ibm_falcon_27 fallback=QiskitO1
job=dj_indep_qiskit_14|ibm_falcon_27 fallback=QiskitO1
job=dj_indep_tket_14|ibm_falcon_27 fallback=QiskitO1
job=graphstate_indep_qiskit_14|ibm_falcon_27 fallback=QiskitO1
job=graphstate_indep_tket_14|ibm_falcon_27 fallback=QiskitO1
job=qaoa_indep_qiskit_14|ibm_falcon_27 fallback=QiskitO1
job=qaoa_indep_tket_14|ibm_falcon_27 fallback=QiskitO1
job=qft_indep_qiskit_14|ibm_falcon_27 fallback=QiskitO1
job=qft_indep_tket_14|ibm_falcon_27 fallback=QiskitO1
job=qftentangled_indep_qiskit_14|ibm_falcon_27 fallback=QiskitO1
job=qftentangled_indep_tket_14|ibm_falcon_27 fallback=QiskitO1
job=qpeexact_indep_qiskit_14|ibm_falcon_27 fallback=QiskitO1
job=qpeexact_indep_tket_14|ibm_falcon_27 fallback=QiskitO1
job=qpeinexact_indep_qiskit_14|ibm_falcon_27 fallback=QiskitO1
job=qpeinexact_indep_tket_14|ibm_falcon_27 fallback=QiskitO1
job=vqe_indep_qiskit_14|ibm_falcon_27 fallback=QiskitO1
job=vqe_indep_tket_14|ibm_falcon_27 fallback=QiskitO1
job=wstate_indep_qiskit_14|ibm_falcon_27 fallback=QiskitO1
job=wstate_indep_tket_14|ibm_falcon_27 fallback=QiskitO1
job=dj_indep_qiskit_15|ibm_falcon_27 fallback=QiskitO1
job=dj_indep_tket_15|ibm_falcon_27 fallback=QiskitO1
job=graphstate_indep_qiskit_15|ibm_falcon_27 fallback=QiskitO1
job=graphstate_indep_tket_15|ibm_falcon_27 fallback=QiskitO1
job=qft_indep_qiskit_15|ibm_falcon_27 fallback=QiskitO1
job=qftentangled_indep_qiskit_15|ibm_falcon_27 fallback=QiskitO1
job=qpeexact_indep_qiskit_15|ibm_falcon_27 fallback=QiskitO1
job=qpeexact_indep_tket_15|ibm_falcon_27 fallback=QiskitO1
job=qpeinexact_indep_qiskit_15|ibm_falcon_27 fallback=QiskitO1
job=qpeinexact_indep_tket_15|ibm_falcon_27 fallback=QiskitO1
job=vqe_indep_qiskit_15|ibm_falcon_27 fallback=QiskitO1
job=vqe_indep_tket_15|ibm_falcon_27 fallback=QiskitO1
job=wstate_indep_qiskit_15|ibm_falcon_27 fallback=QiskitO1
job=wstate_indep_tket_15|ibm_falcon_27 fallback=QiskitO1
job=dj_indep_qiskit_16|ibm_falcon_27 fallback=QiskitO1
job=dj_indep_tket_16|ibm_falcon_27 fallback=QiskitO1
job=graphstate_indep_qiskit_16|ibm_falcon_27 fallback=QiskitO1
job=graphstate_indep_tket_16|ibm_falcon_27 fallback=QiskitO1
job=qft_indep_qiskit_16|ibm_falcon_27 fallback=QiskitO1
job=qftentangled_indep_qiskit_16|ibm_falcon_27 fallback=QiskitO1
job=qpeexact_indep_qiskit_16|ibm_falcon_27 fallback=QiskitO1
job=qpeinexact_indep_qiskit_16|ibm_falcon_27 fallback=QiskitO1
job=vqe_indep_qiskit_16|ibm_falcon_27 fallback=QiskitO1
job=vqe_indep_tket_16|ibm_falcon_27 fallback=QiskitO1
job=wstate_indep_qiskit_16|ibm_falcon_27 fallback=QiskitO1
job=wstate_indep_tket_16|ibm_falcon_27 fallback=QiskitO1
job=dj_indep_qiskit_17|ibm_falcon_27 fallback=QiskitO1
job=dj_indep_tket_17|ibm_falcon_27 fallback=QiskitO1
job=graphstate_indep_qiskit_17|ibm_falcon_27 fallback=QiskitO1
job=graphstate_indep_tket_17|ibm_falcon_27 fallback=QiskitO1
job=qft_indep_qiskit_17|ibm_falcon_27 fallback=QiskitO1
job=wstate_indep_qiskit_17|ibm_falcon_27 fallback=QiskitO1
job=wstate_indep_tket_17|ibm_falcon_27 fallback=QiskitO1
job=dj_indep_qiskit_18|ibm_falcon_27 fallback=QiskitO1
job=dj_indep_tket_18|ibm_falcon_27 fallback=QiskitO1
job=graphstate_indep_qiskit_18|ibm_falcon_27 fallback=QiskitO1
job=graphstate_indep_tket_18|ibm_falcon_27 fallback=QiskitO1
job=wstate_indep_qiskit_18|ibm_falcon_27 fallback=QiskitO1
job=wstate_indep_tket_18|ibm_falcon_27 fallback=QiskitO1
job=dj_indep_qiskit_19|ibm_falcon_27 fallback=QiskitO1
job=dj_indep_tket_19|ibm_falcon_27 fallback=QiskitO1
job=graphstate_indep_qiskit_19|ibm_falcon_27 fallback=QiskitO1
job=graphstate_indep_tket_19|ibm_falcon_27 fallback=QiskitO1
job=wstate_indep_qiskit_19|ibm_falcon_27 fallback=QiskitO1
job=wstate_indep_tket_19|ibm_falcon_27 fallback=QiskitO1
job=dj_indep_qiskit_20|ibm_falcon_27 fallback=QiskitO1
job=dj_indep_tket_20|ibm_falcon_27 fallback=QiskitO1
job=graphstate_indep_qiskit_20|ibm_falcon_27 fallback=QiskitO1
job=graphstate_indep_tket_20|ibm_falcon_27 fallback=QiskitO1
job=wstate_indep_qiskit_20|ibm_falcon_27 fallback=QiskitO1
job=wstate_indep_tket_20|ibm_falcon_27 fallback=QiskitO1
job=dj_indep_qiskit_21|ibm_falcon_27 fallback=QiskitO1
job=dj_indep_tket_21|ibm_falcon_27 fallback=QiskitO1
job=graphstate_indep_qiskit_21|ibm_falcon_27 fallback=QiskitO1
job=graphstate_indep_tket_21|ibm_falcon_27 fallback=QiskitO1
job=wstate_indep_qiskit_21|ibm_falcon_27 fallback=QiskitO1
job=wstate_indep_tket_21|ibm_falcon_27 fallback=QiskitO1
job=dj_indep_qiskit_22|ibm_falcon_27 fallback=QiskitO1
job=dj_indep_tket_22|ibm_falcon_27 fallback=QiskitO1
job=graphstate_indep_qiskit_22|ibm_falcon_27 fallback=QiskitO1
job=graphstate_indep_tket_22|ibm_falcon_27 fallback=QiskitO1
job=wstate_indep_qiskit_22|ibm_falcon_27 fallback=QiskitO1
job=wstate_indep_tket_22|ibm_falcon_27 fallback=QiskitO1
job=dj_indep_qiskit_23|ibm_falcon_27 fallback=QiskitO1
job=dj_indep_tket_23|ibm_falcon_27 fallback=QiskitO1
job=graphstate_indep_qiskit_23|ibm_falcon_27 fallback=QiskitO1
job=graphstate_indep_tket_23|ibm_falcon_27 fallback=QiskitO1
job=wstate_indep_qiskit_23|ibm_falcon_27 fallback=QiskitO1
job=wstate_indep_tket_23|ibm_falcon_27 fallback=QiskitO1
job=dj_indep_qiskit_24|ibm_falcon_27 fallback=QiskitO1
job=dj_indep_tket_24|ibm_falcon_27 fallback=QiskitO1
job=graphstate_indep_qiskit_24|ibm_falcon_27 fallback=QiskitO1
job=graphstate_indep_tket_24|ibm_falcon_27 fallback=QiskitO1
job=wstate_indep_qiskit_24|ibm_falcon_27 fallback=QiskitO1
job=wstate_indep_tket_24|ibm_falcon_27 fallback=QiskitO1
job=dj_indep_qiskit_25|ibm_falcon_27 fallback=QiskitO1
job=dj_indep_tket_25|ibm_falcon_27 fallback=QiskitO1
job=graphstate_indep_qiskit_25|ibm_falcon_27 fallback=QiskitO1
job=graphstate_indep_tket_25|ibm_falcon_27 fallback=QiskitO1
job=wstate_indep_qiskit_25|ibm_falcon_27 fallback=QiskitO1
job=wstate_indep_tket_25|ibm_falcon_27 fallback=QiskitO1
job=dj_indep_qiskit_26|ibm_falcon_27 fallback=QiskitO1
job=dj_indep_tket_26|ibm_falcon_27 fallback=QiskitO1
job=graphstate_indep_qiskit_26|ibm_falcon_27 fallback=QiskitO1
job=graphstate_indep_tket_26|ibm_falcon_27 fallback=QiskitO1
job=wstate_indep_qiskit_26|ibm_falcon_27 fallback=QiskitO1
job=wstate_indep_tket_26|ibm_falcon_27 fallback=QiskitO1
job=dj_indep_qiskit_27|ibm_falcon_27 fallback=QiskitO1
job=dj_indep_tket_27|ibm_falcon_27 fallback=QiskitO1
job=graphstate_indep_qiskit_27|ibm_falcon_27 fallback=QiskitO1
job=graphstate_indep_tket_27|ibm_falcon_27 fallback=QiskitO1
job=wstate_indep_qiskit_27|ibm_falcon_27 fallback=QiskitO1
job=wstate_indep_tket_27|ibm_falcon_27 fallback=QiskitO1
