
--- worker start 2026-07-31T11:17:46.544718+00:00 pid=18217 device=ibm_falcon_127 ---
mqt-predictor - INFO - Init env: expected_fidelity
/home/elio/Tesi/.venv/lib/python3.12/site-packages/pytket/extensions/qiskit/qiskit_convert.py:1124: UserWarning: The pytket Circuit contains implicit qubit permutations which aren't handled by default. Consider using the replace_implicit_swaps flag in tk_to_qiskit or replacing them using Circuit.replace_implicit_swaps().
  warnings.warn(  # noqa: B028

--- worker start 2026-07-31T11:22:11.153391+00:00 pid=25322 device=ibm_falcon_127 ---
mqt-predictor - INFO - Init env: expected_fidelity
/home/elio/Tesi/.venv/lib/python3.12/site-packages/pytket/extensions/qiskit/qiskit_convert.py:1124: UserWarning: The pytket Circuit contains implicit qubit permutations which aren't handled by default. Consider using the replace_implicit_swaps flag in tk_to_qiskit or replacing them using Circuit.replace_implicit_swaps().
  warnings.warn(  # noqa: B028

--- worker start 2026-07-31T11:24:48.416257+00:00 pid=50196 device=ibm_falcon_127 ---
mqt-predictor - INFO - Init env: expected_fidelity

--- worker start 2026-07-31T11:27:04.836520+00:00 pid=77763 device=ibm_falcon_127 ---
mqt-predictor - INFO - Init env: expected_fidelity

--- worker start 2026-07-31T11:29:20.080289+00:00 pid=108567 device=ibm_falcon_127 ---
mqt-predictor - INFO - Init env: expected_fidelity

--- worker start 2026-07-31T11:31:34.391136+00:00 pid=144575 device=ibm_falcon_127 ---
mqt-predictor - INFO - Init env: expected_fidelity

--- worker start 2026-07-31T11:33:49.777525+00:00 pid=180486 device=ibm_falcon_127 ---
mqt-predictor - INFO - Init env: expected_fidelity

--- worker start 2026-07-31T11:36:09.582086+00:00 pid=230815 device=ibm_falcon_127 ---
mqt-predictor - INFO - Init env: expected_fidelity

--- worker start 2026-07-31T11:38:28.676068+00:00 pid=284881 device=ibm_falcon_127 ---
mqt-predictor - INFO - Init env: expected_fidelity

--- worker start 2026-07-31T11:40:49.478712+00:00 pid=340360 device=ibm_falcon_127 ---
mqt-predictor - INFO - Init env: expected_fidelity

--- worker start 2026-07-31T11:43:09.476715+00:00 pid=390923 device=ibm_falcon_127 ---
mqt-predictor - INFO - Init env: expected_fidelity

--- worker start 2026-07-31T11:45:31.823813+00:00 pid=443408 device=ibm_falcon_127 ---
mqt-predictor - INFO - Init env: expected_fidelity

--- worker start 2026-07-31T11:47:53.132237+00:00 pid=493322 device=ibm_falcon_127 ---
mqt-predictor - INFO - Init env: expected_fidelity
/home/elio/Tesi/.venv/lib/python3.12/site-packages/pytket/extensions/qiskit/qiskit_convert.py:1124: UserWarning: The pytket Circuit contains implicit qubit permutations which aren't handled by default. Consider using the replace_implicit_swaps flag in tk_to_qiskit or replacing them using Circuit.replace_implicit_swaps().
  warnings.warn(  # noqa: B028

--- worker start 2026-07-31T11:50:16.792462+00:00 pid=537849 device=ibm_falcon_127 ---
mqt-predictor - INFO - Init env: expected_fidelity
/home/elio/Tesi/.venv/lib/python3.12/site-packages/pytket/extensions/qiskit/qiskit_convert.py:1124: UserWarning: The pytket Circuit contains implicit qubit permutations which aren't handled by default. Consider using the replace_implicit_swaps flag in tk_to_qiskit or replacing them using Circuit.replace_implicit_swaps().
  warnings.warn(  # noqa: B028

--- worker start 2026-07-31T11:52:40.734792+00:00 pid=578713 device=ibm_falcon_127 ---
mqt-predictor - INFO - Init env: expected_fidelity
/home/elio/Tesi/.venv/lib/python3.12/site-packages/pytket/extensions/qiskit/qiskit_convert.py:1124: UserWarning: The pytket Circuit contains implicit qubit permutations which aren't handled by default. Consider using the replace_implicit_swaps flag in tk_to_qiskit or replacing them using Circuit.replace_implicit_swaps().
  warnings.warn(  # noqa: B028

--- worker start 2026-07-31T11:55:02.387126+00:00 pid=616624 device=ibm_falcon_127 ---
mqt-predictor - INFO - Init env: expected_fidelity

--- worker start 2026-07-31T11:57:24.406020+00:00 pid=663828 device=ibm_falcon_127 ---
mqt-predictor - INFO - Init env: expected_fidelity

--- worker start 2026-07-31T11:59:52.978392+00:00 pid=714150 device=ibm_falcon_127 ---
mqt-predictor - INFO - Init env: expected_fidelity
/home/elio/Tesi/.venv/lib/python3.12/site-packages/pytket/extensions/qiskit/qiskit_convert.py:1124: UserWarning: The pytket Circuit contains implicit qubit permutations which aren't handled by default. Consider using the replace_implicit_swaps flag in tk_to_qiskit or replacing them using Circuit.replace_implicit_swaps().
  warnings.warn(  # noqa: B028

--- worker start 2026-07-31T12:02:39.053140+00:00 pid=775737 device=ibm_falcon_127 ---
mqt-predictor - INFO - Init env: expected_fidelity

--- worker start 2026-07-31T12:05:06.311563+00:00 pid=837734 device=ibm_falcon_127 ---
mqt-predictor - INFO - Init env: expected_fidelity

--- worker start 2026-07-31T12:07:28.199465+00:00 pid=889784 device=ibm_falcon_127 ---
mqt-predictor - INFO - Init env: expected_fidelity

--- worker start 2026-07-31T12:09:47.904414+00:00 pid=967100 device=ibm_falcon_127 ---
mqt-predictor - INFO - Init env: expected_fidelity

--- worker start 2026-07-31T12:12:09.980367+00:00 pid=1048446 device=ibm_falcon_127 ---
mqt-predictor - INFO - Init env: expected_fidelity

--- worker start 2026-07-31T12:14:30.068703+00:00 pid=1096308 device=ibm_falcon_127 ---
mqt-predictor - INFO - Init env: expected_fidelity

--- worker start 2026-07-31T12:17:23.010931+00:00 pid=1147008 device=ibm_falcon_127 ---
mqt-predictor - INFO - Init env: expected_fidelity

--- worker start 2026-07-31T12:19:46.214401+00:00 pid=1197578 device=ibm_falcon_127 ---
mqt-predictor - INFO - Init env: expected_fidelity

--- worker start 2026-07-31T12:22:13.701931+00:00 pid=1261361 device=ibm_falcon_127 ---
mqt-predictor - INFO - Init env: expected_fidelity

--- worker start 2026-07-31T12:24:38.748400+00:00 pid=1340765 device=ibm_falcon_127 ---
mqt-predictor - INFO - Init env: expected_fidelity

--- worker start 2026-07-31T12:27:05.092357+00:00 pid=1417575 device=ibm_falcon_127 ---
mqt-predictor - INFO - Init env: expected_fidelity

--- worker start 2026-07-31T12:29:28.749830+00:00 pid=1487180 device=ibm_falcon_127 ---
mqt-predictor - INFO - Init env: expected_fidelity
/home/elio/Tesi/.venv/lib/python3.12/site-packages/pytket/extensions/qiskit/qiskit_convert.py:1124: UserWarning: The pytket Circuit contains implicit qubit permutations which aren't handled by default. Consider using the replace_implicit_swaps flag in tk_to_qiskit or replacing them using Circuit.replace_implicit_swaps().
  warnings.warn(  # noqa: B028

--- worker start 2026-07-31T12:31:52.169049+00:00 pid=1559154 device=ibm_falcon_127 ---
mqt-predictor - INFO - Init env: expected_fidelity
/home/elio/Tesi/.venv/lib/python3.12/site-packages/pytket/extensions/qiskit/qiskit_convert.py:1124: UserWarning: The pytket Circuit contains implicit qubit permutations which aren't handled by default. Consider using the replace_implicit_swaps flag in tk_to_qiskit or replacing them using Circuit.replace_implicit_swaps().
  warnings.warn(  # noqa: B028

--- worker start 2026-07-31T12:34:12.878885+00:00 pid=1581627 device=ibm_falcon_127 ---

--- worker start 2026-07-31T12:38:20.884763+00:00 pid=1582572 device=ibm_falcon_127 ---

--- worker start 2026-07-31T12:42:28.392024+00:00 pid=1583512 device=ibm_falcon_127 ---

--- worker start 2026-07-31T12:46:35.946934+00:00 pid=1584436 device=ibm_falcon_127 ---

--- worker start 2026-07-31T12:50:43.636630+00:00 pid=1585371 device=ibm_falcon_127 ---

--- worker start 2026-07-31T12:54:51.586000+00:00 pid=1586298 device=ibm_falcon_127 ---

--- worker start 2026-07-31T12:58:59.386162+00:00 pid=1587225 device=ibm_falcon_127 ---

--- worker start 2026-07-31T13:03:07.251397+00:00 pid=1588165 device=ibm_falcon_127 ---

--- worker start 2026-07-31T13:07:14.656812+00:00 pid=1589078 device=ibm_falcon_127 ---

--- worker start 2026-07-31T13:11:22.741635+00:00 pid=1590005 device=ibm_falcon_127 ---

--- worker start 2026-07-31T13:15:30.775708+00:00 pid=1590932 device=ibm_falcon_127 ---

--- worker start 2026-07-31T13:19:40.392218+00:00 pid=1591946 device=ibm_falcon_127 ---

--- worker start 2026-07-31T13:23:49.685873+00:00 pid=1592871 device=ibm_falcon_127 ---

--- worker start 2026-07-31T13:35:56.331762+00:00 pid=1595805 device=ibm_falcon_127 ---
mqt-predictor - INFO - Init env: expected_fidelity

--- worker start 2026-07-31T13:36:54.457289+00:00 pid=1603495 device=ibm_falcon_127 ---
mqt-predictor - INFO - Init env: expected_fidelity

--- worker start 2026-07-31T13:38:35.435882+00:00 pid=1624116 device=ibm_falcon_127 ---
mqt-predictor - INFO - Init env: expected_fidelity

--- worker start 2026-07-31T13:40:20.343926+00:00 pid=1644812 device=ibm_falcon_127 ---
mqt-predictor - INFO - Init env: expected_fidelity

--- worker start 2026-07-31T13:41:28.049775+00:00 pid=1656335 device=ibm_falcon_127 ---
mqt-predictor - INFO - Init env: expected_fidelity

--- worker start 2026-07-31T13:43:05.082595+00:00 pid=1677418 device=ibm_falcon_127 ---
mqt-predictor - INFO - Init env: expected_fidelity

--- worker start 2026-07-31T13:54:23.799864+00:00 pid=3644 device=ibm_falcon_127 ---
mqt-predictor - INFO - Init env: expected_fidelity

--- worker start 2026-07-31T13:55:29.932632+00:00 pid=13198 device=ibm_falcon_127 ---
mqt-predictor - INFO - Init env: expected_fidelity
/home/elio/Tesi/.venv/lib/python3.12/site-packages/pytket/extensions/qiskit/qiskit_convert.py:1124: UserWarning: The pytket Circuit contains implicit qubit permutations which aren't handled by default. Consider using the replace_implicit_swaps flag in tk_to_qiskit or replacing them using Circuit.replace_implicit_swaps().
  warnings.warn(  # noqa: B028

--- worker start 2026-07-31T13:57:09.009324+00:00 pid=36742 device=ibm_falcon_127 ---
mqt-predictor - INFO - Init env: expected_fidelity
/home/elio/Tesi/.venv/lib/python3.12/site-packages/pytket/extensions/qiskit/qiskit_convert.py:1124: UserWarning: The pytket Circuit contains implicit qubit permutations which aren't handled by default. Consider using the replace_implicit_swaps flag in tk_to_qiskit or replacing them using Circuit.replace_implicit_swaps().
  warnings.warn(  # noqa: B028

--- worker start 2026-07-31T13:58:18.145729+00:00 pid=47873 device=ibm_falcon_127 ---
mqt-predictor - INFO - Init env: expected_fidelity
/home/elio/Tesi/.venv/lib/python3.12/site-packages/pytket/extensions/qiskit/qiskit_convert.py:1124: UserWarning: The pytket Circuit contains implicit qubit permutations which aren't handled by default. Consider using the replace_implicit_swaps flag in tk_to_qiskit or replacing them using Circuit.replace_implicit_swaps().
  warnings.warn(  # noqa: B028

--- worker start 2026-07-31T13:59:52.993166+00:00 pid=71762 device=ibm_falcon_127 ---
mqt-predictor - INFO - Init env: expected_fidelity
/home/elio/Tesi/.venv/lib/python3.12/site-packages/pytket/extensions/qiskit/qiskit_convert.py:1124: UserWarning: The pytket Circuit contains implicit qubit permutations which aren't handled by default. Consider using the replace_implicit_swaps flag in tk_to_qiskit or replacing them using Circuit.replace_implicit_swaps().
  warnings.warn(  # noqa: B028

--- worker start 2026-07-31T14:00:57.083739+00:00 pid=79241 device=ibm_falcon_127 ---
mqt-predictor - INFO - Init env: expected_fidelity

--- worker start 2026-07-31T14:02:34.480258+00:00 pid=98005 device=ibm_falcon_127 ---
mqt-predictor - INFO - Init env: expected_fidelity

--- worker start 2026-07-31T14:03:39.161265+00:00 pid=105434 device=ibm_falcon_127 ---
mqt-predictor - INFO - Init env: expected_fidelity
/home/elio/Tesi/.venv/lib/python3.12/site-packages/pytket/extensions/qiskit/qiskit_convert.py:1124: UserWarning: The pytket Circuit contains implicit qubit permutations which aren't handled by default. Consider using the replace_implicit_swaps flag in tk_to_qiskit or replacing them using Circuit.replace_implicit_swaps().
  warnings.warn(  # noqa: B028

--- worker start 2026-07-31T14:05:15.004600+00:00 pid=116974 device=ibm_falcon_127 ---
mqt-predictor - INFO - Init env: expected_fidelity
/home/elio/Tesi/.venv/lib/python3.12/site-packages/pytket/extensions/qiskit/qiskit_convert.py:1124: UserWarning: The pytket Circuit contains implicit qubit permutations which aren't handled by default. Consider using the replace_implicit_swaps flag in tk_to_qiskit or replacing them using Circuit.replace_implicit_swaps().
  warnings.warn(  # noqa: B028

--- worker start 2026-07-31T14:06:19.546027+00:00 pid=117316 device=ibm_falcon_127 ---
mqt-predictor - INFO - Init env: expected_fidelity
/home/elio/Tesi/.venv/lib/python3.12/site-packages/pytket/extensions/qiskit/qiskit_convert.py:1124: UserWarning: The pytket Circuit contains implicit qubit permutations which aren't handled by default. Consider using the replace_implicit_swaps flag in tk_to_qiskit or replacing them using Circuit.replace_implicit_swaps().
  warnings.warn(  # noqa: B028

--- worker start 2026-07-31T14:07:09.131704+00:00 pid=117537 device=ibm_falcon_127 ---
mqt-predictor - INFO - Init env: expected_fidelity
/home/elio/Tesi/.venv/lib/python3.12/site-packages/pytket/extensions/qiskit/qiskit_convert.py:1124: UserWarning: The pytket Circuit contains implicit qubit permutations which aren't handled by default. Consider using the replace_implicit_swaps flag in tk_to_qiskit or replacing them using Circuit.replace_implicit_swaps().
  warnings.warn(  # noqa: B028

--- worker start 2026-07-31T14:08:00.377236+00:00 pid=117771 device=ibm_falcon_127 ---
mqt-predictor - INFO - Init env: expected_fidelity

--- worker start 2026-07-31T14:08:57.480960+00:00 pid=118096 device=ibm_falcon_127 ---
mqt-predictor - INFO - Init env: expected_fidelity

--- worker start 2026-07-31T14:09:46.893119+00:00 pid=118323 device=ibm_falcon_127 ---
mqt-predictor - INFO - Init env: expected_fidelity

--- worker start 2026-07-31T14:10:36.507444+00:00 pid=118572 device=ibm_falcon_127 ---
mqt-predictor - INFO - Init env: expected_fidelity

--- worker start 2026-07-31T14:11:26.326872+00:00 pid=118821 device=ibm_falcon_127 ---
mqt-predictor - INFO - Init env: expected_fidelity

--- worker start 2026-07-31T14:12:15.625982+00:00 pid=119040 device=ibm_falcon_127 ---
mqt-predictor - INFO - Init env: expected_fidelity

--- worker start 2026-07-31T14:13:04.876922+00:00 pid=119274 device=ibm_falcon_127 ---
mqt-predictor - INFO - Init env: expected_fidelity

--- worker start 2026-07-31T14:13:54.237520+00:00 pid=119527 device=ibm_falcon_127 ---
mqt-predictor - INFO - Init env: expected_fidelity

--- worker start 2026-07-31T14:14:43.540580+00:00 pid=119776 device=ibm_falcon_127 ---
mqt-predictor - INFO - Init env: expected_fidelity

--- worker start 2026-07-31T14:15:33.196133+00:00 pid=120025 device=ibm_falcon_127 ---
mqt-predictor - INFO - Init env: expected_fidelity

--- worker start 2026-07-31T14:16:23.745522+00:00 pid=120289 device=ibm_falcon_127 ---
mqt-predictor - INFO - Init env: expected_fidelity

--- worker start 2026-07-31T14:17:13.944367+00:00 pid=120527 device=ibm_falcon_127 ---
mqt-predictor - INFO - Init env: expected_fidelity

--- worker start 2026-07-31T14:18:04.254968+00:00 pid=120761 device=ibm_falcon_127 ---
mqt-predictor - INFO - Init env: expected_fidelity

--- worker start 2026-07-31T14:19:00.145188+00:00 pid=121075 device=ibm_falcon_127 ---
mqt-predictor - INFO - Init env: expected_fidelity

--- worker start 2026-07-31T14:19:54.029911+00:00 pid=121346 device=ibm_falcon_127 ---
mqt-predictor - INFO - Init env: expected_fidelity

--- worker start 2026-07-31T14:20:47.140112+00:00 pid=121626 device=ibm_falcon_127 ---
mqt-predictor - INFO - Init env: expected_fidelity

--- worker start 2026-07-31T14:21:36.679972+00:00 pid=121860 device=ibm_falcon_127 ---
mqt-predictor - INFO - Init env: expected_fidelity

--- worker start 2026-07-31T14:22:25.906509+00:00 pid=122110 device=ibm_falcon_127 ---
mqt-predictor - INFO - Init env: expected_fidelity

--- worker start 2026-07-31T14:23:15.771420+00:00 pid=122341 device=ibm_falcon_127 ---
mqt-predictor - INFO - Init env: expected_fidelity

--- worker start 2026-07-31T14:24:05.189568+00:00 pid=122579 device=ibm_falcon_127 ---
mqt-predictor - INFO - Init env: expected_fidelity

--- worker start 2026-07-31T14:24:55.034495+00:00 pid=122828 device=ibm_falcon_127 ---
mqt-predictor - INFO - Init env: expected_fidelity

--- worker start 2026-07-31T14:25:49.853616+00:00 pid=123095 device=ibm_falcon_127 ---
mqt-predictor - INFO - Init env: expected_fidelity
/home/elio/Tesi/.venv/lib/python3.12/site-packages/pytket/extensions/qiskit/qiskit_convert.py:1124: UserWarning: The pytket Circuit contains implicit qubit permutations which aren't handled by default. Consider using the replace_implicit_swaps flag in tk_to_qiskit or replacing them using Circuit.replace_implicit_swaps().
  warnings.warn(  # noqa: B028

--- worker start 2026-07-31T14:26:44.905715+00:00 pid=123356 device=ibm_falcon_127 ---
mqt-predictor - INFO - Init env: expected_fidelity

--- worker start 2026-07-31T14:27:34.529498+00:00 pid=123605 device=ibm_falcon_127 ---
mqt-predictor - INFO - Init env: expected_fidelity

--- worker start 2026-07-31T14:28:28.527350+00:00 pid=123913 device=ibm_falcon_127 ---
mqt-predictor - INFO - Init env: expected_fidelity

--- worker start 2026-07-31T14:29:18.800615+00:00 pid=124137 device=ibm_falcon_127 ---
mqt-predictor - INFO - Init env: expected_fidelity

--- worker start 2026-07-31T14:30:09.151773+00:00 pid=124371 device=ibm_falcon_127 ---
mqt-predictor - INFO - Init env: expected_fidelity

--- worker start 2026-07-31T14:30:59.694804+00:00 pid=124611 device=ibm_falcon_127 ---
mqt-predictor - INFO - Init env: expected_fidelity
/home/elio/Tesi/.venv/lib/python3.12/site-packages/pytket/extensions/qiskit/qiskit_convert.py:1124: UserWarning: The pytket Circuit contains implicit qubit permutations which aren't handled by default. Consider using the replace_implicit_swaps flag in tk_to_qiskit or replacing them using Circuit.replace_implicit_swaps().
  warnings.warn(  # noqa: B028

--- worker start 2026-07-31T14:31:49.671797+00:00 pid=124860 device=ibm_falcon_127 ---
mqt-predictor - INFO - Init env: expected_fidelity
/home/elio/Tesi/.venv/lib/python3.12/site-packages/pytket/extensions/qiskit/qiskit_convert.py:1124: UserWarning: The pytket Circuit contains implicit qubit permutations which aren't handled by default. Consider using the replace_implicit_swaps flag in tk_to_qiskit or replacing them using Circuit.replace_implicit_swaps().
  warnings.warn(  # noqa: B028

--- worker start 2026-07-31T14:32:39.397163+00:00 pid=125109 device=ibm_falcon_127 ---
mqt-predictor - INFO - Init env: expected_fidelity
/home/elio/Tesi/.venv/lib/python3.12/site-packages/pytket/extensions/qiskit/qiskit_convert.py:1124: UserWarning: The pytket Circuit contains implicit qubit permutations which aren't handled by default. Consider using the replace_implicit_swaps flag in tk_to_qiskit or replacing them using Circuit.replace_implicit_swaps().
  warnings.warn(  # noqa: B028

--- worker start 2026-07-31T14:33:28.963145+00:00 pid=125358 device=ibm_falcon_127 ---
mqt-predictor - INFO - Init env: expected_fidelity

--- worker start 2026-07-31T14:34:18.439176+00:00 pid=125592 device=ibm_falcon_127 ---
mqt-predictor - INFO - Init env: expected_fidelity

--- worker start 2026-07-31T14:35:08.341616+00:00 pid=125845 device=ibm_falcon_127 ---
mqt-predictor - INFO - Init env: expected_fidelity
/home/elio/Tesi/.venv/lib/python3.12/site-packages/pytket/extensions/qiskit/qiskit_convert.py:1124: UserWarning: The pytket Circuit contains implicit qubit permutations which aren't handled by default. Consider using the replace_implicit_swaps flag in tk_to_qiskit or replacing them using Circuit.replace_implicit_swaps().
  warnings.warn(  # noqa: B028

--- worker start 2026-07-31T14:35:59.452274+00:00 pid=126095 device=ibm_falcon_127 ---
mqt-predictor - INFO - Init env: expected_fidelity
/home/elio/Tesi/.venv/lib/python3.12/site-packages/pytket/extensions/qiskit/qiskit_convert.py:1124: UserWarning: The pytket Circuit contains implicit qubit permutations which aren't handled by default. Consider using the replace_implicit_swaps flag in tk_to_qiskit or replacing them using Circuit.replace_implicit_swaps().
  warnings.warn(  # noqa: B028

--- worker start 2026-07-31T14:36:49.502349+00:00 pid=126344 device=ibm_falcon_127 ---
mqt-predictor - INFO - Init env: expected_fidelity
/home/elio/Tesi/.venv/lib/python3.12/site-packages/pytket/extensions/qiskit/qiskit_convert.py:1124: UserWarning: The pytket Circuit contains implicit qubit permutations which aren't handled by default. Consider using the replace_implicit_swaps flag in tk_to_qiskit or replacing them using Circuit.replace_implicit_swaps().
  warnings.warn(  # noqa: B028

--- worker start 2026-07-31T14:37:40.169505+00:00 pid=126599 device=ibm_falcon_127 ---
mqt-predictor - INFO - Init env: expected_fidelity

--- worker start 2026-07-31T14:38:30.135854+00:00 pid=126848 device=ibm_falcon_127 ---
mqt-predictor - INFO - Init env: expected_fidelity
/home/elio/Tesi/.venv/lib/python3.12/site-packages/pytket/extensions/qiskit/qiskit_convert.py:1124: UserWarning: The pytket Circuit contains implicit qubit permutations which aren't handled by default. Consider using the replace_implicit_swaps flag in tk_to_qiskit or replacing them using Circuit.replace_implicit_swaps().
  warnings.warn(  # noqa: B028

--- worker start 2026-07-31T14:39:25.526342+00:00 pid=127191 device=ibm_falcon_127 ---
mqt-predictor - INFO - Init env: expected_fidelity

--- worker start 2026-07-31T14:40:16.510386+00:00 pid=127447 device=ibm_falcon_127 ---
mqt-predictor - INFO - Init env: expected_fidelity

--- worker start 2026-07-31T14:41:08.431070+00:00 pid=127715 device=ibm_falcon_127 ---
mqt-predictor - INFO - Init env: expected_fidelity

--- worker start 2026-07-31T14:41:58.963414+00:00 pid=127974 device=ibm_falcon_127 ---
mqt-predictor - INFO - Init env: expected_fidelity

--- worker start 2026-07-31T14:42:49.363014+00:00 pid=128255 device=ibm_falcon_127 ---
mqt-predictor - INFO - Init env: expected_fidelity

--- worker start 2026-07-31T14:43:42.459547+00:00 pid=128575 device=ibm_falcon_127 ---
mqt-predictor - INFO - Init env: expected_fidelity

--- worker start 2026-07-31T14:44:32.479737+00:00 pid=128828 device=ibm_falcon_127 ---
mqt-predictor - INFO - Init env: expected_fidelity

--- worker start 2026-07-31T14:45:30.824904+00:00 pid=129224 device=ibm_falcon_127 ---
mqt-predictor - INFO - Init env: expected_fidelity

--- worker start 2026-07-31T14:46:23.216912+00:00 pid=129526 device=ibm_falcon_127 ---
mqt-predictor - INFO - Init env: expected_fidelity

--- worker start 2026-07-31T14:47:14.817831+00:00 pid=129850 device=ibm_falcon_127 ---
mqt-predictor - INFO - Init env: expected_fidelity

--- worker start 2026-07-31T14:48:07.276642+00:00 pid=130171 device=ibm_falcon_127 ---
mqt-predictor - INFO - Init env: expected_fidelity

--- worker start 2026-07-31T14:48:57.946613+00:00 pid=130453 device=ibm_falcon_127 ---
mqt-predictor - INFO - Init env: expected_fidelity

--- robust worker start 2026-07-31T15:18:30.206039+00:00 pid=137673 device=ibm_falcon_127 ---
mqt-predictor - INFO - Init env: expected_fidelity
job=ae_indep_qiskit_3|ibm_falcon_127 azione_RL=BQSKitSynthesis
job=ae_indep_qiskit_3|ibm_falcon_127 azione_RL=InverseCancellation
job=ae_indep_qiskit_3|ibm_falcon_127 azione_RL=OptimizeCliffords
job=ae_indep_qiskit_3|ibm_falcon_127 azione_RL=InverseCancellation
job=ae_indep_qiskit_3|ibm_falcon_127 azione_RL=RemoveRedundancies
job=ae_indep_qiskit_3|ibm_falcon_127 azione_RL=FullPeepholeOptimiseCX
job=ae_indep_qiskit_3|ibm_falcon_127 azione_RL=BQSKitSynthesis
job=ae_indep_qiskit_3|ibm_falcon_127 azione_RL=RemoveDiagonalGatesBeforeMeasure
job=ae_indep_qiskit_3|ibm_falcon_127 azione_RL=CommutativeInverseCancellation
job=ae_indep_qiskit_3|ibm_falcon_127 azione_RL=PeepholeOptimise2Q
job=ae_indep_qiskit_3|ibm_falcon_127 azione_RL=PeepholeOptimise2Q
job=ae_indep_qiskit_3|ibm_falcon_127 azione_RL=RemoveDiagonalGatesBeforeMeasure
job=ae_indep_qiskit_3|ibm_falcon_127 azione_RL=BasisTranslator
job=ae_indep_qiskit_3|ibm_falcon_127 azione_RL=CliffordSimp
job=ae_indep_qiskit_3|ibm_falcon_127 azione_RL=BasisTranslator
job=ae_indep_qiskit_3|ibm_falcon_127 azione_RL=CommutativeInverseCancellation
job=ae_indep_qiskit_3|ibm_falcon_127 azione_RL=InverseCancellation
job=ae_indep_qiskit_3|ibm_falcon_127 azione_RL=FullPeepholeOptimiseCX
job=ae_indep_qiskit_3|ibm_falcon_127 azione_RL=CommutativeCancellation
job=ae_indep_qiskit_3|ibm_falcon_127 azione_RL=RemoveDiagonalGatesBeforeMeasure
job=ae_indep_qiskit_3|ibm_falcon_127 azione_RL=OptimizeCliffords
job=ae_indep_qiskit_3|ibm_falcon_127 azione_RL=OptimizeCliffords
job=ae_indep_qiskit_3|ibm_falcon_127 azione_RL=RemoveRedundancies
job=ae_indep_qiskit_3|ibm_falcon_127 azione_RL=PeepholeOptimise2Q
job=ae_indep_qiskit_3|ibm_falcon_127 azione_RL=BasisTranslator
job=ae_indep_qiskit_3|ibm_falcon_127 azione_RL=RemoveRedundancies
job=ae_indep_qiskit_3|ibm_falcon_127 azione_RL=BasisTranslator
job=ae_indep_qiskit_3|ibm_falcon_127 azione_RL=CommutativeCancellation
job=ae_indep_qiskit_3|ibm_falcon_127 azione_RL=QiskitO3
job=ae_indep_qiskit_3|ibm_falcon_127 azione_RL=BQSKitO2
job=ae_indep_qiskit_3|ibm_falcon_127 azione_RL=InverseCancellation
job=ae_indep_qiskit_3|ibm_falcon_127 azione_RL=CommutativeCancellation
job=ae_indep_qiskit_3|ibm_falcon_127 azione_RL=InverseCancellation
job=ae_indep_qiskit_3|ibm_falcon_127 azione_RL=QiskitO3
job=ae_indep_qiskit_3|ibm_falcon_127 azione_RL=RemoveDiagonalGatesBeforeMeasure
job=ae_indep_qiskit_3|ibm_falcon_127 azione_RL=Opt2qBlocks
job=ae_indep_qiskit_3|ibm_falcon_127 azione_RL=BQSKitSynthesis
job=ae_indep_qiskit_3|ibm_falcon_127 azione_RL=CommutativeInverseCancellation
job=ae_indep_qiskit_3|ibm_falcon_127 azione_RL=PeepholeOptimise2Q
job=ae_indep_qiskit_3|ibm_falcon_127 azione_RL=CommutativeCancellation
job=ae_indep_qiskit_3|ibm_falcon_127 azione_RL=Opt2qBlocks
job=ae_indep_qiskit_3|ibm_falcon_127 azione_RL=BasisTranslator
job=ae_indep_qiskit_3|ibm_falcon_127 azione_RL=BasisTranslator
job=ae_indep_qiskit_3|ibm_falcon_127 azione_RL=Opt2qBlocks
job=ae_indep_qiskit_3|ibm_falcon_127 azione_RL=RemoveDiagonalGatesBeforeMeasure
job=ae_indep_qiskit_3|ibm_falcon_127 azione_RL=CliffordSimp
job=ae_indep_qiskit_3|ibm_falcon_127 azione_RL=FullPeepholeOptimiseCX
job=ae_indep_qiskit_3|ibm_falcon_127 azione_RL=CliffordSimp
job=ae_indep_qiskit_3|ibm_falcon_127 azione_RL=CommutativeCancellation
job=ae_indep_qiskit_3|ibm_falcon_127 azione_RL=RemoveRedundancies
job=ae_indep_qiskit_3|ibm_falcon_127 azione_RL=QiskitO3
job=ae_indep_qiskit_3|ibm_falcon_127 azione_RL=CommutativeCancellation
job=ae_indep_qiskit_3|ibm_falcon_127 azione_RL=PeepholeOptimise2Q
job=ae_indep_qiskit_3|ibm_falcon_127 azione_RL=PeepholeOptimise2Q
job=ae_indep_qiskit_3|ibm_falcon_127 azione_RL=OptimizeCliffords
job=ae_indep_qiskit_3|ibm_falcon_127 azione_RL=OptimizeCliffords
job=ae_indep_qiskit_3|ibm_falcon_127 azione_RL=OptimizeCliffords
job=ae_indep_qiskit_3|ibm_falcon_127 azione_RL=BasisTranslator
job=ae_indep_qiskit_3|ibm_falcon_127 azione_RL=QiskitO3
job=ae_indep_qiskit_3|ibm_falcon_127 azione_RL=PeepholeOptimise2Q
job=ae_indep_qiskit_3|ibm_falcon_127 azione_RL=CommutativeInverseCancellation
job=ae_indep_qiskit_3|ibm_falcon_127 azione_RL=Opt2qBlocks
job=ae_indep_qiskit_3|ibm_falcon_127 azione_RL=BasisTranslator
job=ae_indep_qiskit_3|ibm_falcon_127 azione_RL=Optimize1qGatesDecomposition
job=ae_indep_qiskit_3|ibm_falcon_127 azione_RL=CliffordSimp
job=ae_indep_qiskit_3|ibm_falcon_127 azione_RL=PeepholeOptimise2Q
job=ae_indep_qiskit_3|ibm_falcon_127 azione_RL=QiskitO3
job=ae_indep_qiskit_3|ibm_falcon_127 azione_RL=CommutativeCancellation
job=ae_indep_qiskit_3|ibm_falcon_127 azione_RL=InverseCancellation
job=ae_indep_qiskit_3|ibm_falcon_127 azione_RL=Optimize1qGatesDecomposition
job=ae_indep_qiskit_3|ibm_falcon_127 azione_RL=CliffordSimp
job=ae_indep_qiskit_3|ibm_falcon_127 azione_RL=Optimize1qGatesDecomposition
job=ae_indep_qiskit_3|ibm_falcon_127 azione_RL=QiskitO3
job=ae_indep_qiskit_3|ibm_falcon_127 azione_RL=RemoveRedundancies
job=ae_indep_qiskit_3|ibm_falcon_127 azione_RL=RemoveDiagonalGatesBeforeMeasure
job=ae_indep_qiskit_3|ibm_falcon_127 azione_RL=CommutativeInverseCancellation
job=ae_indep_qiskit_3|ibm_falcon_127 azione_RL=InverseCancellation
job=ae_indep_qiskit_3|ibm_falcon_127 azione_RL=CommutativeCancellation
job=ae_indep_qiskit_3|ibm_falcon_127 azione_RL=QiskitO3
job=ae_indep_qiskit_3|ibm_falcon_127 azione_RL=PeepholeOptimise2Q
job=ae_indep_qiskit_3|ibm_falcon_127 azione_RL=CommutativeInverseCancellation
job=ae_indep_qiskit_3|ibm_falcon_127 azione_RL=Opt2qBlocks
job=ae_indep_qiskit_3|ibm_falcon_127 azione_RL=FullPeepholeOptimiseCX
job=ae_indep_qiskit_3|ibm_falcon_127 azione_RL=OptimizeCliffords
job=ae_indep_qiskit_3|ibm_falcon_127 azione_RL=InverseCancellation
job=ae_indep_qiskit_3|ibm_falcon_127 azione_RL=BQSKitO2
job=ae_indep_qiskit_3|ibm_falcon_127 fallback=QiskitO1
job=ae_indep_tket_3|ibm_falcon_127 azione_RL=BQSKitSynthesis
job=ae_indep_tket_3|ibm_falcon_127 azione_RL=InverseCancellation
job=ae_indep_tket_3|ibm_falcon_127 azione_RL=OptimizeCliffords
job=ae_indep_tket_3|ibm_falcon_127 azione_RL=InverseCancellation
job=ae_indep_tket_3|ibm_falcon_127 azione_RL=RemoveRedundancies
job=ae_indep_tket_3|ibm_falcon_127 azione_RL=FullPeepholeOptimiseCX
job=ae_indep_tket_3|ibm_falcon_127 azione_RL=BQSKitSynthesis
job=ae_indep_tket_3|ibm_falcon_127 azione_RL=RemoveDiagonalGatesBeforeMeasure
job=ae_indep_tket_3|ibm_falcon_127 azione_RL=CommutativeInverseCancellation
job=ae_indep_tket_3|ibm_falcon_127 azione_RL=PeepholeOptimise2Q
job=ae_indep_tket_3|ibm_falcon_127 azione_RL=PeepholeOptimise2Q
job=ae_indep_tket_3|ibm_falcon_127 azione_RL=RemoveDiagonalGatesBeforeMeasure
job=ae_indep_tket_3|ibm_falcon_127 azione_RL=BasisTranslator
job=ae_indep_tket_3|ibm_falcon_127 azione_RL=CliffordSimp
job=ae_indep_tket_3|ibm_falcon_127 azione_RL=BasisTranslator
job=ae_indep_tket_3|ibm_falcon_127 azione_RL=CommutativeInverseCancellation
job=ae_indep_tket_3|ibm_falcon_127 azione_RL=InverseCancellation
job=ae_indep_tket_3|ibm_falcon_127 azione_RL=FullPeepholeOptimiseCX
job=ae_indep_tket_3|ibm_falcon_127 azione_RL=CommutativeCancellation
job=ae_indep_tket_3|ibm_falcon_127 azione_RL=RemoveDiagonalGatesBeforeMeasure
job=ae_indep_tket_3|ibm_falcon_127 azione_RL=OptimizeCliffords
job=ae_indep_tket_3|ibm_falcon_127 azione_RL=OptimizeCliffords
job=ae_indep_tket_3|ibm_falcon_127 azione_RL=RemoveRedundancies
job=ae_indep_tket_3|ibm_falcon_127 azione_RL=PeepholeOptimise2Q
job=ae_indep_tket_3|ibm_falcon_127 azione_RL=BasisTranslator
job=ae_indep_tket_3|ibm_falcon_127 azione_RL=RemoveRedundancies
job=ae_indep_tket_3|ibm_falcon_127 azione_RL=BasisTranslator
job=ae_indep_tket_3|ibm_falcon_127 azione_RL=CommutativeCancellation
job=ae_indep_tket_3|ibm_falcon_127 azione_RL=QiskitO3
job=ae_indep_tket_3|ibm_falcon_127 azione_RL=BQSKitO2
job=ae_indep_tket_3|ibm_falcon_127 azione_RL=InverseCancellation
job=ae_indep_tket_3|ibm_falcon_127 azione_RL=CommutativeCancellation
job=ae_indep_tket_3|ibm_falcon_127 azione_RL=InverseCancellation
job=ae_indep_tket_3|ibm_falcon_127 azione_RL=QiskitO3
job=ae_indep_tket_3|ibm_falcon_127 azione_RL=RemoveDiagonalGatesBeforeMeasure
job=ae_indep_tket_3|ibm_falcon_127 azione_RL=Opt2qBlocks
job=ae_indep_tket_3|ibm_falcon_127 azione_RL=BQSKitSynthesis
job=ae_indep_tket_3|ibm_falcon_127 azione_RL=CommutativeInverseCancellation
job=ae_indep_tket_3|ibm_falcon_127 azione_RL=PeepholeOptimise2Q
job=ae_indep_tket_3|ibm_falcon_127 azione_RL=CommutativeCancellation
job=ae_indep_tket_3|ibm_falcon_127 azione_RL=Opt2qBlocks
job=ae_indep_tket_3|ibm_falcon_127 azione_RL=BasisTranslator
job=ae_indep_tket_3|ibm_falcon_127 azione_RL=BasisTranslator
job=ae_indep_tket_3|ibm_falcon_127 azione_RL=Opt2qBlocks
job=ae_indep_tket_3|ibm_falcon_127 azione_RL=RemoveDiagonalGatesBeforeMeasure
job=ae_indep_tket_3|ibm_falcon_127 azione_RL=CliffordSimp
job=ae_indep_tket_3|ibm_falcon_127 azione_RL=FullPeepholeOptimiseCX
job=ae_indep_tket_3|ibm_falcon_127 azione_RL=CliffordSimp
job=ae_indep_tket_3|ibm_falcon_127 azione_RL=CommutativeCancellation
job=ae_indep_tket_3|ibm_falcon_127 azione_RL=RemoveRedundancies
job=ae_indep_tket_3|ibm_falcon_127 azione_RL=QiskitO3
job=ae_indep_tket_3|ibm_falcon_127 azione_RL=CommutativeCancellation
job=ae_indep_tket_3|ibm_falcon_127 azione_RL=PeepholeOptimise2Q
job=ae_indep_tket_3|ibm_falcon_127 azione_RL=PeepholeOptimise2Q
job=ae_indep_tket_3|ibm_falcon_127 azione_RL=OptimizeCliffords
job=ae_indep_tket_3|ibm_falcon_127 azione_RL=OptimizeCliffords
job=ae_indep_tket_3|ibm_falcon_127 azione_RL=OptimizeCliffords
job=ae_indep_tket_3|ibm_falcon_127 azione_RL=BasisTranslator
job=ae_indep_tket_3|ibm_falcon_127 azione_RL=QiskitO3
job=ae_indep_tket_3|ibm_falcon_127 azione_RL=PeepholeOptimise2Q
job=ae_indep_tket_3|ibm_falcon_127 azione_RL=CommutativeInverseCancellation
job=ae_indep_tket_3|ibm_falcon_127 azione_RL=Opt2qBlocks
job=ae_indep_tket_3|ibm_falcon_127 azione_RL=BasisTranslator
job=ae_indep_tket_3|ibm_falcon_127 azione_RL=Optimize1qGatesDecomposition
job=ae_indep_tket_3|ibm_falcon_127 azione_RL=CliffordSimp
job=ae_indep_tket_3|ibm_falcon_127 azione_RL=PeepholeOptimise2Q
job=ae_indep_tket_3|ibm_falcon_127 azione_RL=QiskitO3
job=ae_indep_tket_3|ibm_falcon_127 azione_RL=CommutativeCancellation
job=ae_indep_tket_3|ibm_falcon_127 azione_RL=InverseCancellation
job=ae_indep_tket_3|ibm_falcon_127 azione_RL=Optimize1qGatesDecomposition
job=ae_indep_tket_3|ibm_falcon_127 azione_RL=CliffordSimp
job=ae_indep_tket_3|ibm_falcon_127 azione_RL=Optimize1qGatesDecomposition
job=ae_indep_tket_3|ibm_falcon_127 azione_RL=QiskitO3
job=ae_indep_tket_3|ibm_falcon_127 azione_RL=RemoveRedundancies
job=ae_indep_tket_3|ibm_falcon_127 azione_RL=RemoveDiagonalGatesBeforeMeasure
job=ae_indep_tket_3|ibm_falcon_127 azione_RL=CommutativeInverseCancellation
job=ae_indep_tket_3|ibm_falcon_127 azione_RL=InverseCancellation
job=ae_indep_tket_3|ibm_falcon_127 azione_RL=CommutativeCancellation
job=ae_indep_tket_3|ibm_falcon_127 azione_RL=QiskitO3
job=ae_indep_tket_3|ibm_falcon_127 azione_RL=PeepholeOptimise2Q
job=ae_indep_tket_3|ibm_falcon_127 azione_RL=CommutativeInverseCancellation
job=ae_indep_tket_3|ibm_falcon_127 azione_RL=Opt2qBlocks
job=ae_indep_tket_3|ibm_falcon_127 azione_RL=FullPeepholeOptimiseCX
job=ae_indep_tket_3|ibm_falcon_127 azione_RL=OptimizeCliffords
job=ae_indep_tket_3|ibm_falcon_127 azione_RL=InverseCancellation
job=ae_indep_tket_3|ibm_falcon_127 azione_RL=BQSKitO2
job=ae_indep_tket_3|ibm_falcon_127 azione_RL=OptimizeCliffords
job=ae_indep_tket_3|ibm_falcon_127 azione_RL=InverseCancellation
job=ae_indep_tket_3|ibm_falcon_127 azione_RL=Optimize1qGatesDecomposition
job=ae_indep_tket_3|ibm_falcon_127 azione_RL=BQSKitO2
job=ae_indep_tket_3|ibm_falcon_127 azione_RL=CliffordSimp
job=ae_indep_tket_3|ibm_falcon_127 azione_RL=BQSKitSynthesis
job=ae_indep_tket_3|ibm_falcon_127 azione_RL=BasisTranslator
job=ae_indep_tket_3|ibm_falcon_127 azione_RL=OptimizeCliffords
job=ae_indep_tket_3|ibm_falcon_127 azione_RL=BQSKitSynthesis
job=ae_indep_tket_3|ibm_falcon_127 fallback=QiskitO1
job=dj_indep_qiskit_3|ibm_falcon_127 azione_RL=BQSKitSynthesis
job=dj_indep_qiskit_3|ibm_falcon_127 azione_RL=InverseCancellation
job=dj_indep_qiskit_3|ibm_falcon_127 azione_RL=OptimizeCliffords
job=dj_indep_qiskit_3|ibm_falcon_127 azione_RL=InverseCancellation
job=dj_indep_qiskit_3|ibm_falcon_127 azione_RL=RemoveRedundancies
job=dj_indep_qiskit_3|ibm_falcon_127 azione_RL=FullPeepholeOptimiseCX
job=dj_indep_qiskit_3|ibm_falcon_127 azione_RL=BQSKitSynthesis
job=dj_indep_qiskit_3|ibm_falcon_127 azione_RL=RemoveDiagonalGatesBeforeMeasure
job=dj_indep_qiskit_3|ibm_falcon_127 azione_RL=CommutativeInverseCancellation
job=dj_indep_qiskit_3|ibm_falcon_127 azione_RL=PeepholeOptimise2Q
job=dj_indep_qiskit_3|ibm_falcon_127 azione_RL=PeepholeOptimise2Q
job=dj_indep_qiskit_3|ibm_falcon_127 azione_RL=RemoveDiagonalGatesBeforeMeasure
job=dj_indep_qiskit_3|ibm_falcon_127 azione_RL=BasisTranslator
job=dj_indep_qiskit_3|ibm_falcon_127 azione_RL=CliffordSimp
job=dj_indep_qiskit_3|ibm_falcon_127 azione_RL=BasisTranslator
job=dj_indep_qiskit_3|ibm_falcon_127 azione_RL=CommutativeInverseCancellation
job=dj_indep_qiskit_3|ibm_falcon_127 azione_RL=InverseCancellation
job=dj_indep_qiskit_3|ibm_falcon_127 azione_RL=FullPeepholeOptimiseCX
job=dj_indep_qiskit_3|ibm_falcon_127 azione_RL=CommutativeCancellation
job=dj_indep_qiskit_3|ibm_falcon_127 azione_RL=RemoveDiagonalGatesBeforeMeasure
job=dj_indep_qiskit_3|ibm_falcon_127 azione_RL=OptimizeCliffords
job=dj_indep_qiskit_3|ibm_falcon_127 azione_RL=OptimizeCliffords
job=dj_indep_qiskit_3|ibm_falcon_127 azione_RL=RemoveRedundancies
job=dj_indep_qiskit_3|ibm_falcon_127 azione_RL=PeepholeOptimise2Q
job=dj_indep_qiskit_3|ibm_falcon_127 azione_RL=BasisTranslator
job=dj_indep_qiskit_3|ibm_falcon_127 azione_RL=RemoveRedundancies
job=dj_indep_qiskit_3|ibm_falcon_127 azione_RL=BasisTranslator
job=dj_indep_qiskit_3|ibm_falcon_127 azione_RL=CommutativeCancellation
job=dj_indep_qiskit_3|ibm_falcon_127 azione_RL=QiskitO3
job=dj_indep_qiskit_3|ibm_falcon_127 azione_RL=BQSKitO2
job=dj_indep_qiskit_3|ibm_falcon_127 azione_RL=InverseCancellation
job=dj_indep_qiskit_3|ibm_falcon_127 azione_RL=CommutativeCancellation
job=dj_indep_qiskit_3|ibm_falcon_127 azione_RL=InverseCancellation
job=dj_indep_qiskit_3|ibm_falcon_127 azione_RL=QiskitO3
job=dj_indep_qiskit_3|ibm_falcon_127 azione_RL=RemoveDiagonalGatesBeforeMeasure
job=dj_indep_qiskit_3|ibm_falcon_127 azione_RL=Opt2qBlocks
job=dj_indep_qiskit_3|ibm_falcon_127 azione_RL=BQSKitSynthesis
job=dj_indep_qiskit_3|ibm_falcon_127 azione_RL=CommutativeInverseCancellation
job=dj_indep_qiskit_3|ibm_falcon_127 azione_RL=PeepholeOptimise2Q
job=dj_indep_qiskit_3|ibm_falcon_127 azione_RL=CommutativeCancellation
job=dj_indep_qiskit_3|ibm_falcon_127 azione_RL=Opt2qBlocks
job=dj_indep_qiskit_3|ibm_falcon_127 azione_RL=BasisTranslator
job=dj_indep_qiskit_3|ibm_falcon_127 azione_RL=BasisTranslator
job=dj_indep_qiskit_3|ibm_falcon_127 azione_RL=Opt2qBlocks
job=dj_indep_qiskit_3|ibm_falcon_127 azione_RL=RemoveDiagonalGatesBeforeMeasure
job=dj_indep_qiskit_3|ibm_falcon_127 azione_RL=CliffordSimp
job=dj_indep_qiskit_3|ibm_falcon_127 azione_RL=FullPeepholeOptimiseCX
job=dj_indep_qiskit_3|ibm_falcon_127 azione_RL=CliffordSimp
job=dj_indep_qiskit_3|ibm_falcon_127 azione_RL=CommutativeCancellation
job=dj_indep_qiskit_3|ibm_falcon_127 azione_RL=RemoveRedundancies
job=dj_indep_qiskit_3|ibm_falcon_127 azione_RL=QiskitO3
job=dj_indep_qiskit_3|ibm_falcon_127 azione_RL=CommutativeCancellation
job=dj_indep_qiskit_3|ibm_falcon_127 azione_RL=PeepholeOptimise2Q
job=dj_indep_qiskit_3|ibm_falcon_127 azione_RL=PeepholeOptimise2Q
job=dj_indep_qiskit_3|ibm_falcon_127 azione_RL=OptimizeCliffords
job=dj_indep_qiskit_3|ibm_falcon_127 azione_RL=OptimizeCliffords
job=dj_indep_qiskit_3|ibm_falcon_127 azione_RL=OptimizeCliffords
job=dj_indep_qiskit_3|ibm_falcon_127 azione_RL=BasisTranslator
job=dj_indep_qiskit_3|ibm_falcon_127 azione_RL=QiskitO3
job=dj_indep_qiskit_3|ibm_falcon_127 azione_RL=PeepholeOptimise2Q
job=dj_indep_qiskit_3|ibm_falcon_127 azione_RL=CommutativeInverseCancellation
job=dj_indep_qiskit_3|ibm_falcon_127 azione_RL=Opt2qBlocks
job=dj_indep_qiskit_3|ibm_falcon_127 azione_RL=BasisTranslator
job=dj_indep_qiskit_3|ibm_falcon_127 azione_RL=Optimize1qGatesDecomposition
job=dj_indep_qiskit_3|ibm_falcon_127 azione_RL=CliffordSimp
job=dj_indep_qiskit_3|ibm_falcon_127 azione_RL=PeepholeOptimise2Q
job=dj_indep_qiskit_3|ibm_falcon_127 azione_RL=QiskitO3
job=dj_indep_qiskit_3|ibm_falcon_127 azione_RL=CommutativeCancellation
job=dj_indep_qiskit_3|ibm_falcon_127 azione_RL=InverseCancellation
job=dj_indep_qiskit_3|ibm_falcon_127 azione_RL=Optimize1qGatesDecomposition
job=dj_indep_qiskit_3|ibm_falcon_127 azione_RL=CliffordSimp
job=dj_indep_qiskit_3|ibm_falcon_127 azione_RL=Optimize1qGatesDecomposition
job=dj_indep_qiskit_3|ibm_falcon_127 azione_RL=QiskitO3
job=dj_indep_qiskit_3|ibm_falcon_127 azione_RL=RemoveRedundancies
job=dj_indep_qiskit_3|ibm_falcon_127 azione_RL=RemoveDiagonalGatesBeforeMeasure
job=dj_indep_qiskit_3|ibm_falcon_127 azione_RL=CommutativeInverseCancellation
job=dj_indep_qiskit_3|ibm_falcon_127 azione_RL=InverseCancellation
job=dj_indep_qiskit_3|ibm_falcon_127 azione_RL=CommutativeCancellation
job=dj_indep_qiskit_3|ibm_falcon_127 azione_RL=QiskitO3
job=dj_indep_qiskit_3|ibm_falcon_127 azione_RL=PeepholeOptimise2Q
job=dj_indep_qiskit_3|ibm_falcon_127 azione_RL=CommutativeInverseCancellation
job=dj_indep_qiskit_3|ibm_falcon_127 azione_RL=Opt2qBlocks
job=dj_indep_qiskit_3|ibm_falcon_127 azione_RL=FullPeepholeOptimiseCX
job=dj_indep_qiskit_3|ibm_falcon_127 azione_RL=OptimizeCliffords
job=dj_indep_qiskit_3|ibm_falcon_127 azione_RL=InverseCancellation
job=dj_indep_qiskit_3|ibm_falcon_127 azione_RL=BQSKitO2
job=dj_indep_qiskit_3|ibm_falcon_127 azione_RL=OptimizeCliffords
job=dj_indep_qiskit_3|ibm_falcon_127 azione_RL=InverseCancellation
job=dj_indep_qiskit_3|ibm_falcon_127 azione_RL=Optimize1qGatesDecomposition
job=dj_indep_qiskit_3|ibm_falcon_127 azione_RL=BQSKitO2
job=dj_indep_qiskit_3|ibm_falcon_127 azione_RL=CliffordSimp
job=dj_indep_qiskit_3|ibm_falcon_127 azione_RL=BQSKitSynthesis
job=dj_indep_qiskit_3|ibm_falcon_127 azione_RL=BasisTranslator
job=dj_indep_qiskit_3|ibm_falcon_127 azione_RL=OptimizeCliffords
job=dj_indep_qiskit_3|ibm_falcon_127 azione_RL=BQSKitSynthesis
job=dj_indep_qiskit_3|ibm_falcon_127 fallback=QiskitO1
job=dj_indep_tket_3|ibm_falcon_127 azione_RL=BQSKitSynthesis
job=dj_indep_tket_3|ibm_falcon_127 azione_RL=InverseCancellation
job=dj_indep_tket_3|ibm_falcon_127 azione_RL=OptimizeCliffords
job=dj_indep_tket_3|ibm_falcon_127 azione_RL=InverseCancellation
job=dj_indep_tket_3|ibm_falcon_127 azione_RL=RemoveRedundancies
job=dj_indep_tket_3|ibm_falcon_127 azione_RL=FullPeepholeOptimiseCX
job=dj_indep_tket_3|ibm_falcon_127 azione_RL=BQSKitSynthesis
job=dj_indep_tket_3|ibm_falcon_127 azione_RL=RemoveDiagonalGatesBeforeMeasure
job=dj_indep_tket_3|ibm_falcon_127 azione_RL=CommutativeInverseCancellation
job=dj_indep_tket_3|ibm_falcon_127 azione_RL=PeepholeOptimise2Q
job=dj_indep_tket_3|ibm_falcon_127 azione_RL=PeepholeOptimise2Q
job=dj_indep_tket_3|ibm_falcon_127 azione_RL=RemoveDiagonalGatesBeforeMeasure
job=dj_indep_tket_3|ibm_falcon_127 azione_RL=BasisTranslator
job=dj_indep_tket_3|ibm_falcon_127 azione_RL=CliffordSimp
job=dj_indep_tket_3|ibm_falcon_127 azione_RL=BasisTranslator
job=dj_indep_tket_3|ibm_falcon_127 azione_RL=CommutativeInverseCancellation
job=dj_indep_tket_3|ibm_falcon_127 azione_RL=InverseCancellation
job=dj_indep_tket_3|ibm_falcon_127 azione_RL=FullPeepholeOptimiseCX
job=dj_indep_tket_3|ibm_falcon_127 azione_RL=CommutativeCancellation
job=dj_indep_tket_3|ibm_falcon_127 azione_RL=RemoveDiagonalGatesBeforeMeasure
job=dj_indep_tket_3|ibm_falcon_127 azione_RL=OptimizeCliffords
job=dj_indep_tket_3|ibm_falcon_127 azione_RL=OptimizeCliffords
job=dj_indep_tket_3|ibm_falcon_127 azione_RL=RemoveRedundancies
job=dj_indep_tket_3|ibm_falcon_127 azione_RL=PeepholeOptimise2Q
job=dj_indep_tket_3|ibm_falcon_127 azione_RL=BasisTranslator
job=dj_indep_tket_3|ibm_falcon_127 azione_RL=RemoveRedundancies
job=dj_indep_tket_3|ibm_falcon_127 azione_RL=BasisTranslator
job=dj_indep_tket_3|ibm_falcon_127 azione_RL=CommutativeCancellation
job=dj_indep_tket_3|ibm_falcon_127 azione_RL=QiskitO3
job=dj_indep_tket_3|ibm_falcon_127 azione_RL=BQSKitO2
job=dj_indep_tket_3|ibm_falcon_127 azione_RL=InverseCancellation
job=dj_indep_tket_3|ibm_falcon_127 azione_RL=CommutativeCancellation
job=dj_indep_tket_3|ibm_falcon_127 azione_RL=InverseCancellation
job=dj_indep_tket_3|ibm_falcon_127 azione_RL=QiskitO3
job=dj_indep_tket_3|ibm_falcon_127 azione_RL=RemoveDiagonalGatesBeforeMeasure
job=dj_indep_tket_3|ibm_falcon_127 azione_RL=Opt2qBlocks
job=dj_indep_tket_3|ibm_falcon_127 azione_RL=BQSKitSynthesis
job=dj_indep_tket_3|ibm_falcon_127 azione_RL=CommutativeInverseCancellation
job=dj_indep_tket_3|ibm_falcon_127 azione_RL=PeepholeOptimise2Q
job=dj_indep_tket_3|ibm_falcon_127 azione_RL=CommutativeCancellation
job=dj_indep_tket_3|ibm_falcon_127 azione_RL=Opt2qBlocks
job=dj_indep_tket_3|ibm_falcon_127 azione_RL=BasisTranslator
job=dj_indep_tket_3|ibm_falcon_127 azione_RL=BasisTranslator
job=dj_indep_tket_3|ibm_falcon_127 azione_RL=Opt2qBlocks
job=dj_indep_tket_3|ibm_falcon_127 azione_RL=RemoveDiagonalGatesBeforeMeasure
job=dj_indep_tket_3|ibm_falcon_127 azione_RL=CliffordSimp
job=dj_indep_tket_3|ibm_falcon_127 azione_RL=FullPeepholeOptimiseCX
job=dj_indep_tket_3|ibm_falcon_127 azione_RL=CliffordSimp
job=dj_indep_tket_3|ibm_falcon_127 azione_RL=CommutativeCancellation
job=dj_indep_tket_3|ibm_falcon_127 azione_RL=RemoveRedundancies
job=dj_indep_tket_3|ibm_falcon_127 azione_RL=QiskitO3
job=dj_indep_tket_3|ibm_falcon_127 azione_RL=CommutativeCancellation
job=dj_indep_tket_3|ibm_falcon_127 azione_RL=PeepholeOptimise2Q
job=dj_indep_tket_3|ibm_falcon_127 azione_RL=PeepholeOptimise2Q
job=dj_indep_tket_3|ibm_falcon_127 azione_RL=OptimizeCliffords
job=dj_indep_tket_3|ibm_falcon_127 azione_RL=OptimizeCliffords
job=dj_indep_tket_3|ibm_falcon_127 azione_RL=OptimizeCliffords
job=dj_indep_tket_3|ibm_falcon_127 azione_RL=BasisTranslator
job=dj_indep_tket_3|ibm_falcon_127 azione_RL=QiskitO3
job=dj_indep_tket_3|ibm_falcon_127 azione_RL=PeepholeOptimise2Q
job=dj_indep_tket_3|ibm_falcon_127 azione_RL=CommutativeInverseCancellation
job=dj_indep_tket_3|ibm_falcon_127 azione_RL=Opt2qBlocks
job=dj_indep_tket_3|ibm_falcon_127 azione_RL=BasisTranslator
job=dj_indep_tket_3|ibm_falcon_127 azione_RL=Optimize1qGatesDecomposition
job=dj_indep_tket_3|ibm_falcon_127 azione_RL=CliffordSimp
job=dj_indep_tket_3|ibm_falcon_127 azione_RL=PeepholeOptimise2Q
job=dj_indep_tket_3|ibm_falcon_127 azione_RL=QiskitO3
job=dj_indep_tket_3|ibm_falcon_127 azione_RL=CommutativeCancellation
job=dj_indep_tket_3|ibm_falcon_127 azione_RL=InverseCancellation
job=dj_indep_tket_3|ibm_falcon_127 azione_RL=Optimize1qGatesDecomposition
job=dj_indep_tket_3|ibm_falcon_127 azione_RL=CliffordSimp
job=dj_indep_tket_3|ibm_falcon_127 azione_RL=Optimize1qGatesDecomposition
job=dj_indep_tket_3|ibm_falcon_127 azione_RL=QiskitO3
job=dj_indep_tket_3|ibm_falcon_127 azione_RL=RemoveRedundancies
job=dj_indep_tket_3|ibm_falcon_127 azione_RL=RemoveDiagonalGatesBeforeMeasure
job=dj_indep_tket_3|ibm_falcon_127 azione_RL=CommutativeInverseCancellation
job=dj_indep_tket_3|ibm_falcon_127 azione_RL=InverseCancellation
job=dj_indep_tket_3|ibm_falcon_127 azione_RL=CommutativeCancellation
job=dj_indep_tket_3|ibm_falcon_127 azione_RL=QiskitO3
job=dj_indep_tket_3|ibm_falcon_127 azione_RL=PeepholeOptimise2Q
job=dj_indep_tket_3|ibm_falcon_127 azione_RL=CommutativeInverseCancellation
job=dj_indep_tket_3|ibm_falcon_127 azione_RL=Opt2qBlocks
job=dj_indep_tket_3|ibm_falcon_127 azione_RL=FullPeepholeOptimiseCX
job=dj_indep_tket_3|ibm_falcon_127 azione_RL=OptimizeCliffords
job=dj_indep_tket_3|ibm_falcon_127 azione_RL=InverseCancellation
job=dj_indep_tket_3|ibm_falcon_127 azione_RL=BQSKitO2
job=dj_indep_tket_3|ibm_falcon_127 azione_RL=OptimizeCliffords
job=dj_indep_tket_3|ibm_falcon_127 azione_RL=InverseCancellation
job=dj_indep_tket_3|ibm_falcon_127 azione_RL=Optimize1qGatesDecomposition
job=dj_indep_tket_3|ibm_falcon_127 azione_RL=BQSKitO2
job=dj_indep_tket_3|ibm_falcon_127 azione_RL=CliffordSimp
job=dj_indep_tket_3|ibm_falcon_127 azione_RL=BQSKitSynthesis
job=dj_indep_tket_3|ibm_falcon_127 azione_RL=BasisTranslator
job=dj_indep_tket_3|ibm_falcon_127 azione_RL=OptimizeCliffords
job=dj_indep_tket_3|ibm_falcon_127 azione_RL=BQSKitSynthesis
job=dj_indep_tket_3|ibm_falcon_127 fallback=QiskitO1
job=graphstate_indep_qiskit_3|ibm_falcon_127 azione_RL=BQSKitSynthesis
job=graphstate_indep_qiskit_3|ibm_falcon_127 azione_RL=InverseCancellation
job=graphstate_indep_qiskit_3|ibm_falcon_127 azione_RL=OptimizeCliffords
job=graphstate_indep_qiskit_3|ibm_falcon_127 azione_RL=InverseCancellation
job=graphstate_indep_qiskit_3|ibm_falcon_127 azione_RL=RemoveRedundancies
job=graphstate_indep_qiskit_3|ibm_falcon_127 azione_RL=FullPeepholeOptimiseCX
job=graphstate_indep_qiskit_3|ibm_falcon_127 azione_RL=BQSKitSynthesis
job=graphstate_indep_qiskit_3|ibm_falcon_127 azione_RL=RemoveDiagonalGatesBeforeMeasure
job=graphstate_indep_qiskit_3|ibm_falcon_127 azione_RL=CommutativeInverseCancellation
job=graphstate_indep_qiskit_3|ibm_falcon_127 azione_RL=PeepholeOptimise2Q
job=graphstate_indep_qiskit_3|ibm_falcon_127 azione_RL=PeepholeOptimise2Q
job=graphstate_indep_qiskit_3|ibm_falcon_127 azione_RL=RemoveDiagonalGatesBeforeMeasure
job=graphstate_indep_qiskit_3|ibm_falcon_127 azione_RL=BasisTranslator
job=graphstate_indep_qiskit_3|ibm_falcon_127 azione_RL=CliffordSimp
job=graphstate_indep_qiskit_3|ibm_falcon_127 azione_RL=BasisTranslator
job=graphstate_indep_qiskit_3|ibm_falcon_127 azione_RL=CommutativeInverseCancellation
job=graphstate_indep_qiskit_3|ibm_falcon_127 azione_RL=InverseCancellation
job=graphstate_indep_qiskit_3|ibm_falcon_127 azione_RL=FullPeepholeOptimiseCX
job=graphstate_indep_qiskit_3|ibm_falcon_127 azione_RL=CommutativeCancellation
job=graphstate_indep_qiskit_3|ibm_falcon_127 azione_RL=RemoveDiagonalGatesBeforeMeasure
job=graphstate_indep_qiskit_3|ibm_falcon_127 azione_RL=OptimizeCliffords
job=graphstate_indep_qiskit_3|ibm_falcon_127 azione_RL=OptimizeCliffords
job=graphstate_indep_qiskit_3|ibm_falcon_127 azione_RL=RemoveRedundancies
job=graphstate_indep_qiskit_3|ibm_falcon_127 azione_RL=PeepholeOptimise2Q
job=graphstate_indep_qiskit_3|ibm_falcon_127 azione_RL=BasisTranslator
job=graphstate_indep_qiskit_3|ibm_falcon_127 azione_RL=RemoveRedundancies
job=graphstate_indep_qiskit_3|ibm_falcon_127 azione_RL=BasisTranslator
job=graphstate_indep_qiskit_3|ibm_falcon_127 azione_RL=CommutativeCancellation
job=graphstate_indep_qiskit_3|ibm_falcon_127 azione_RL=QiskitO3
job=graphstate_indep_qiskit_3|ibm_falcon_127 azione_RL=BQSKitO2
job=graphstate_indep_qiskit_3|ibm_falcon_127 azione_RL=InverseCancellation
job=graphstate_indep_qiskit_3|ibm_falcon_127 azione_RL=CommutativeCancellation
job=graphstate_indep_qiskit_3|ibm_falcon_127 azione_RL=InverseCancellation
job=graphstate_indep_qiskit_3|ibm_falcon_127 azione_RL=QiskitO3
job=graphstate_indep_qiskit_3|ibm_falcon_127 azione_RL=RemoveDiagonalGatesBeforeMeasure
job=graphstate_indep_qiskit_3|ibm_falcon_127 azione_RL=Opt2qBlocks
job=graphstate_indep_qiskit_3|ibm_falcon_127 azione_RL=BQSKitSynthesis
job=graphstate_indep_qiskit_3|ibm_falcon_127 azione_RL=CommutativeInverseCancellation
job=graphstate_indep_qiskit_3|ibm_falcon_127 azione_RL=PeepholeOptimise2Q
job=graphstate_indep_qiskit_3|ibm_falcon_127 azione_RL=CommutativeCancellation
job=graphstate_indep_qiskit_3|ibm_falcon_127 azione_RL=Opt2qBlocks
job=graphstate_indep_qiskit_3|ibm_falcon_127 azione_RL=BasisTranslator
job=graphstate_indep_qiskit_3|ibm_falcon_127 azione_RL=BasisTranslator
job=graphstate_indep_qiskit_3|ibm_falcon_127 azione_RL=Opt2qBlocks
job=graphstate_indep_qiskit_3|ibm_falcon_127 azione_RL=RemoveDiagonalGatesBeforeMeasure
job=graphstate_indep_qiskit_3|ibm_falcon_127 azione_RL=CliffordSimp
job=graphstate_indep_qiskit_3|ibm_falcon_127 azione_RL=FullPeepholeOptimiseCX
job=graphstate_indep_qiskit_3|ibm_falcon_127 azione_RL=CliffordSimp
job=graphstate_indep_qiskit_3|ibm_falcon_127 azione_RL=CommutativeCancellation
job=graphstate_indep_qiskit_3|ibm_falcon_127 azione_RL=RemoveRedundancies
job=graphstate_indep_qiskit_3|ibm_falcon_127 azione_RL=QiskitO3
job=graphstate_indep_qiskit_3|ibm_falcon_127 azione_RL=CommutativeCancellation
job=graphstate_indep_qiskit_3|ibm_falcon_127 azione_RL=PeepholeOptimise2Q
job=graphstate_indep_qiskit_3|ibm_falcon_127 azione_RL=PeepholeOptimise2Q
job=graphstate_indep_qiskit_3|ibm_falcon_127 azione_RL=OptimizeCliffords
job=graphstate_indep_qiskit_3|ibm_falcon_127 azione_RL=OptimizeCliffords
job=graphstate_indep_qiskit_3|ibm_falcon_127 azione_RL=OptimizeCliffords
job=graphstate_indep_qiskit_3|ibm_falcon_127 azione_RL=BasisTranslator
job=graphstate_indep_qiskit_3|ibm_falcon_127 azione_RL=QiskitO3
job=graphstate_indep_qiskit_3|ibm_falcon_127 azione_RL=PeepholeOptimise2Q
job=graphstate_indep_qiskit_3|ibm_falcon_127 azione_RL=CommutativeInverseCancellation
job=graphstate_indep_qiskit_3|ibm_falcon_127 azione_RL=Opt2qBlocks
job=graphstate_indep_qiskit_3|ibm_falcon_127 azione_RL=BasisTranslator
job=graphstate_indep_qiskit_3|ibm_falcon_127 azione_RL=Optimize1qGatesDecomposition
job=graphstate_indep_qiskit_3|ibm_falcon_127 azione_RL=CliffordSimp
job=graphstate_indep_qiskit_3|ibm_falcon_127 azione_RL=PeepholeOptimise2Q
job=graphstate_indep_qiskit_3|ibm_falcon_127 azione_RL=QiskitO3
job=graphstate_indep_qiskit_3|ibm_falcon_127 azione_RL=CommutativeCancellation
job=graphstate_indep_qiskit_3|ibm_falcon_127 azione_RL=InverseCancellation
job=graphstate_indep_qiskit_3|ibm_falcon_127 azione_RL=Optimize1qGatesDecomposition
job=graphstate_indep_qiskit_3|ibm_falcon_127 azione_RL=CliffordSimp
job=graphstate_indep_qiskit_3|ibm_falcon_127 azione_RL=Optimize1qGatesDecomposition
job=graphstate_indep_qiskit_3|ibm_falcon_127 azione_RL=QiskitO3
job=graphstate_indep_qiskit_3|ibm_falcon_127 azione_RL=RemoveRedundancies
job=graphstate_indep_qiskit_3|ibm_falcon_127 azione_RL=RemoveDiagonalGatesBeforeMeasure
job=graphstate_indep_qiskit_3|ibm_falcon_127 azione_RL=CommutativeInverseCancellation
job=graphstate_indep_qiskit_3|ibm_falcon_127 azione_RL=InverseCancellation
job=graphstate_indep_qiskit_3|ibm_falcon_127 azione_RL=CommutativeCancellation
job=graphstate_indep_qiskit_3|ibm_falcon_127 azione_RL=QiskitO3
job=graphstate_indep_qiskit_3|ibm_falcon_127 azione_RL=PeepholeOptimise2Q
job=graphstate_indep_qiskit_3|ibm_falcon_127 azione_RL=CommutativeInverseCancellation
job=graphstate_indep_qiskit_3|ibm_falcon_127 azione_RL=Opt2qBlocks
job=graphstate_indep_qiskit_3|ibm_falcon_127 azione_RL=FullPeepholeOptimiseCX
job=graphstate_indep_qiskit_3|ibm_falcon_127 azione_RL=OptimizeCliffords
job=graphstate_indep_qiskit_3|ibm_falcon_127 azione_RL=InverseCancellation
job=graphstate_indep_qiskit_3|ibm_falcon_127 azione_RL=BQSKitO2
job=graphstate_indep_qiskit_3|ibm_falcon_127 azione_RL=OptimizeCliffords
job=graphstate_indep_qiskit_3|ibm_falcon_127 azione_RL=InverseCancellation
job=graphstate_indep_qiskit_3|ibm_falcon_127 azione_RL=Optimize1qGatesDecomposition
job=graphstate_indep_qiskit_3|ibm_falcon_127 azione_RL=BQSKitO2
job=graphstate_indep_qiskit_3|ibm_falcon_127 azione_RL=CliffordSimp
job=graphstate_indep_qiskit_3|ibm_falcon_127 azione_RL=BQSKitSynthesis
job=graphstate_indep_qiskit_3|ibm_falcon_127 azione_RL=BasisTranslator
job=graphstate_indep_qiskit_3|ibm_falcon_127 azione_RL=OptimizeCliffords
job=graphstate_indep_qiskit_3|ibm_falcon_127 azione_RL=BQSKitSynthesis
job=graphstate_indep_qiskit_3|ibm_falcon_127 fallback=QiskitO1
job=graphstate_indep_tket_3|ibm_falcon_127 azione_RL=BQSKitSynthesis
job=graphstate_indep_tket_3|ibm_falcon_127 azione_RL=InverseCancellation
job=graphstate_indep_tket_3|ibm_falcon_127 azione_RL=OptimizeCliffords
job=graphstate_indep_tket_3|ibm_falcon_127 azione_RL=InverseCancellation
job=graphstate_indep_tket_3|ibm_falcon_127 azione_RL=RemoveRedundancies
job=graphstate_indep_tket_3|ibm_falcon_127 azione_RL=FullPeepholeOptimiseCX
job=graphstate_indep_tket_3|ibm_falcon_127 azione_RL=BQSKitSynthesis
job=graphstate_indep_tket_3|ibm_falcon_127 azione_RL=RemoveDiagonalGatesBeforeMeasure
job=graphstate_indep_tket_3|ibm_falcon_127 azione_RL=CommutativeInverseCancellation
job=graphstate_indep_tket_3|ibm_falcon_127 azione_RL=PeepholeOptimise2Q
job=graphstate_indep_tket_3|ibm_falcon_127 azione_RL=PeepholeOptimise2Q
job=graphstate_indep_tket_3|ibm_falcon_127 azione_RL=RemoveDiagonalGatesBeforeMeasure
job=graphstate_indep_tket_3|ibm_falcon_127 azione_RL=BasisTranslator
job=graphstate_indep_tket_3|ibm_falcon_127 azione_RL=CliffordSimp
job=graphstate_indep_tket_3|ibm_falcon_127 azione_RL=BasisTranslator
job=graphstate_indep_tket_3|ibm_falcon_127 azione_RL=CommutativeInverseCancellation
job=graphstate_indep_tket_3|ibm_falcon_127 azione_RL=InverseCancellation
job=graphstate_indep_tket_3|ibm_falcon_127 azione_RL=FullPeepholeOptimiseCX
job=graphstate_indep_tket_3|ibm_falcon_127 azione_RL=CommutativeCancellation
job=graphstate_indep_tket_3|ibm_falcon_127 azione_RL=RemoveDiagonalGatesBeforeMeasure
job=graphstate_indep_tket_3|ibm_falcon_127 azione_RL=OptimizeCliffords
job=graphstate_indep_tket_3|ibm_falcon_127 azione_RL=OptimizeCliffords
job=graphstate_indep_tket_3|ibm_falcon_127 azione_RL=RemoveRedundancies
job=graphstate_indep_tket_3|ibm_falcon_127 azione_RL=PeepholeOptimise2Q
job=graphstate_indep_tket_3|ibm_falcon_127 azione_RL=BasisTranslator
job=graphstate_indep_tket_3|ibm_falcon_127 azione_RL=RemoveRedundancies
job=graphstate_indep_tket_3|ibm_falcon_127 azione_RL=BasisTranslator
job=graphstate_indep_tket_3|ibm_falcon_127 azione_RL=CommutativeCancellation
job=graphstate_indep_tket_3|ibm_falcon_127 azione_RL=QiskitO3
job=graphstate_indep_tket_3|ibm_falcon_127 azione_RL=BQSKitO2
job=graphstate_indep_tket_3|ibm_falcon_127 azione_RL=InverseCancellation
job=graphstate_indep_tket_3|ibm_falcon_127 azione_RL=CommutativeCancellation
job=graphstate_indep_tket_3|ibm_falcon_127 azione_RL=InverseCancellation
job=graphstate_indep_tket_3|ibm_falcon_127 azione_RL=QiskitO3
job=graphstate_indep_tket_3|ibm_falcon_127 azione_RL=RemoveDiagonalGatesBeforeMeasure
job=graphstate_indep_tket_3|ibm_falcon_127 azione_RL=Opt2qBlocks
job=graphstate_indep_tket_3|ibm_falcon_127 azione_RL=BQSKitSynthesis
job=graphstate_indep_tket_3|ibm_falcon_127 azione_RL=CommutativeInverseCancellation
job=graphstate_indep_tket_3|ibm_falcon_127 azione_RL=PeepholeOptimise2Q
job=graphstate_indep_tket_3|ibm_falcon_127 azione_RL=CommutativeCancellation
job=graphstate_indep_tket_3|ibm_falcon_127 azione_RL=Opt2qBlocks
job=graphstate_indep_tket_3|ibm_falcon_127 azione_RL=BasisTranslator
job=graphstate_indep_tket_3|ibm_falcon_127 azione_RL=BasisTranslator
job=graphstate_indep_tket_3|ibm_falcon_127 azione_RL=Opt2qBlocks
job=graphstate_indep_tket_3|ibm_falcon_127 azione_RL=RemoveDiagonalGatesBeforeMeasure
job=graphstate_indep_tket_3|ibm_falcon_127 azione_RL=CliffordSimp
job=graphstate_indep_tket_3|ibm_falcon_127 azione_RL=FullPeepholeOptimiseCX
job=graphstate_indep_tket_3|ibm_falcon_127 azione_RL=CliffordSimp
job=graphstate_indep_tket_3|ibm_falcon_127 azione_RL=CommutativeCancellation
job=graphstate_indep_tket_3|ibm_falcon_127 azione_RL=RemoveRedundancies
job=graphstate_indep_tket_3|ibm_falcon_127 azione_RL=QiskitO3
job=graphstate_indep_tket_3|ibm_falcon_127 azione_RL=CommutativeCancellation
job=graphstate_indep_tket_3|ibm_falcon_127 azione_RL=PeepholeOptimise2Q
job=graphstate_indep_tket_3|ibm_falcon_127 azione_RL=PeepholeOptimise2Q
job=graphstate_indep_tket_3|ibm_falcon_127 azione_RL=OptimizeCliffords
job=graphstate_indep_tket_3|ibm_falcon_127 azione_RL=OptimizeCliffords
job=graphstate_indep_tket_3|ibm_falcon_127 azione_RL=OptimizeCliffords
job=graphstate_indep_tket_3|ibm_falcon_127 azione_RL=BasisTranslator
job=graphstate_indep_tket_3|ibm_falcon_127 azione_RL=QiskitO3
job=graphstate_indep_tket_3|ibm_falcon_127 azione_RL=PeepholeOptimise2Q
job=graphstate_indep_tket_3|ibm_falcon_127 azione_RL=CommutativeInverseCancellation
job=graphstate_indep_tket_3|ibm_falcon_127 azione_RL=Opt2qBlocks
job=graphstate_indep_tket_3|ibm_falcon_127 azione_RL=BasisTranslator
job=graphstate_indep_tket_3|ibm_falcon_127 azione_RL=Optimize1qGatesDecomposition
job=graphstate_indep_tket_3|ibm_falcon_127 azione_RL=CliffordSimp
job=graphstate_indep_tket_3|ibm_falcon_127 azione_RL=PeepholeOptimise2Q
job=graphstate_indep_tket_3|ibm_falcon_127 azione_RL=QiskitO3
job=graphstate_indep_tket_3|ibm_falcon_127 azione_RL=CommutativeCancellation
job=graphstate_indep_tket_3|ibm_falcon_127 azione_RL=InverseCancellation
job=graphstate_indep_tket_3|ibm_falcon_127 azione_RL=Optimize1qGatesDecomposition
job=graphstate_indep_tket_3|ibm_falcon_127 azione_RL=CliffordSimp
job=graphstate_indep_tket_3|ibm_falcon_127 azione_RL=Optimize1qGatesDecomposition
job=graphstate_indep_tket_3|ibm_falcon_127 azione_RL=QiskitO3
job=graphstate_indep_tket_3|ibm_falcon_127 azione_RL=RemoveRedundancies
job=graphstate_indep_tket_3|ibm_falcon_127 azione_RL=RemoveDiagonalGatesBeforeMeasure
job=graphstate_indep_tket_3|ibm_falcon_127 azione_RL=CommutativeInverseCancellation
job=graphstate_indep_tket_3|ibm_falcon_127 azione_RL=InverseCancellation
job=graphstate_indep_tket_3|ibm_falcon_127 azione_RL=CommutativeCancellation
job=graphstate_indep_tket_3|ibm_falcon_127 azione_RL=QiskitO3
job=graphstate_indep_tket_3|ibm_falcon_127 azione_RL=PeepholeOptimise2Q
job=graphstate_indep_tket_3|ibm_falcon_127 azione_RL=CommutativeInverseCancellation
job=graphstate_indep_tket_3|ibm_falcon_127 azione_RL=Opt2qBlocks
job=graphstate_indep_tket_3|ibm_falcon_127 azione_RL=FullPeepholeOptimiseCX
job=graphstate_indep_tket_3|ibm_falcon_127 azione_RL=OptimizeCliffords
job=graphstate_indep_tket_3|ibm_falcon_127 azione_RL=InverseCancellation
job=graphstate_indep_tket_3|ibm_falcon_127 azione_RL=BQSKitO2
job=graphstate_indep_tket_3|ibm_falcon_127 azione_RL=OptimizeCliffords
job=graphstate_indep_tket_3|ibm_falcon_127 azione_RL=InverseCancellation
job=graphstate_indep_tket_3|ibm_falcon_127 azione_RL=Optimize1qGatesDecomposition
job=graphstate_indep_tket_3|ibm_falcon_127 azione_RL=BQSKitO2
job=graphstate_indep_tket_3|ibm_falcon_127 azione_RL=CliffordSimp
job=graphstate_indep_tket_3|ibm_falcon_127 azione_RL=BQSKitSynthesis
job=graphstate_indep_tket_3|ibm_falcon_127 azione_RL=BasisTranslator
job=graphstate_indep_tket_3|ibm_falcon_127 azione_RL=OptimizeCliffords
job=graphstate_indep_tket_3|ibm_falcon_127 azione_RL=BQSKitSynthesis
job=graphstate_indep_tket_3|ibm_falcon_127 fallback=QiskitO1
job=portfolioqaoa_indep_qiskit_3|ibm_falcon_127 azione_RL=BQSKitSynthesis
job=portfolioqaoa_indep_qiskit_3|ibm_falcon_127 azione_RL=InverseCancellation
job=portfolioqaoa_indep_qiskit_3|ibm_falcon_127 azione_RL=OptimizeCliffords
job=portfolioqaoa_indep_qiskit_3|ibm_falcon_127 azione_RL=InverseCancellation
job=portfolioqaoa_indep_qiskit_3|ibm_falcon_127 azione_RL=RemoveRedundancies
job=portfolioqaoa_indep_qiskit_3|ibm_falcon_127 azione_RL=FullPeepholeOptimiseCX
job=portfolioqaoa_indep_qiskit_3|ibm_falcon_127 azione_RL=BQSKitSynthesis
job=portfolioqaoa_indep_qiskit_3|ibm_falcon_127 azione_RL=RemoveDiagonalGatesBeforeMeasure
job=portfolioqaoa_indep_qiskit_3|ibm_falcon_127 azione_RL=CommutativeInverseCancellation
job=portfolioqaoa_indep_qiskit_3|ibm_falcon_127 azione_RL=PeepholeOptimise2Q
job=portfolioqaoa_indep_qiskit_3|ibm_falcon_127 azione_RL=PeepholeOptimise2Q
job=portfolioqaoa_indep_qiskit_3|ibm_falcon_127 azione_RL=RemoveDiagonalGatesBeforeMeasure
job=portfolioqaoa_indep_qiskit_3|ibm_falcon_127 azione_RL=BasisTranslator
job=portfolioqaoa_indep_qiskit_3|ibm_falcon_127 azione_RL=CliffordSimp
job=portfolioqaoa_indep_qiskit_3|ibm_falcon_127 azione_RL=BasisTranslator
job=portfolioqaoa_indep_qiskit_3|ibm_falcon_127 azione_RL=CommutativeInverseCancellation
job=portfolioqaoa_indep_qiskit_3|ibm_falcon_127 azione_RL=InverseCancellation
job=portfolioqaoa_indep_qiskit_3|ibm_falcon_127 azione_RL=FullPeepholeOptimiseCX
job=portfolioqaoa_indep_qiskit_3|ibm_falcon_127 azione_RL=CommutativeCancellation
job=portfolioqaoa_indep_qiskit_3|ibm_falcon_127 azione_RL=RemoveDiagonalGatesBeforeMeasure
job=portfolioqaoa_indep_qiskit_3|ibm_falcon_127 azione_RL=OptimizeCliffords
job=portfolioqaoa_indep_qiskit_3|ibm_falcon_127 azione_RL=OptimizeCliffords
job=portfolioqaoa_indep_qiskit_3|ibm_falcon_127 azione_RL=RemoveRedundancies
job=portfolioqaoa_indep_qiskit_3|ibm_falcon_127 azione_RL=PeepholeOptimise2Q
job=portfolioqaoa_indep_qiskit_3|ibm_falcon_127 azione_RL=BasisTranslator
job=portfolioqaoa_indep_qiskit_3|ibm_falcon_127 azione_RL=RemoveRedundancies
job=portfolioqaoa_indep_qiskit_3|ibm_falcon_127 azione_RL=BasisTranslator
job=portfolioqaoa_indep_qiskit_3|ibm_falcon_127 azione_RL=CommutativeCancellation
job=portfolioqaoa_indep_qiskit_3|ibm_falcon_127 azione_RL=QiskitO3
job=portfolioqaoa_indep_qiskit_3|ibm_falcon_127 azione_RL=BQSKitO2
job=portfolioqaoa_indep_qiskit_3|ibm_falcon_127 azione_RL=InverseCancellation
job=portfolioqaoa_indep_qiskit_3|ibm_falcon_127 azione_RL=CommutativeCancellation
job=portfolioqaoa_indep_qiskit_3|ibm_falcon_127 azione_RL=InverseCancellation
job=portfolioqaoa_indep_qiskit_3|ibm_falcon_127 azione_RL=QiskitO3
job=portfolioqaoa_indep_qiskit_3|ibm_falcon_127 azione_RL=RemoveDiagonalGatesBeforeMeasure
job=portfolioqaoa_indep_qiskit_3|ibm_falcon_127 azione_RL=Opt2qBlocks
job=portfolioqaoa_indep_qiskit_3|ibm_falcon_127 azione_RL=BQSKitSynthesis
job=portfolioqaoa_indep_qiskit_3|ibm_falcon_127 azione_RL=CommutativeInverseCancellation
job=portfolioqaoa_indep_qiskit_3|ibm_falcon_127 azione_RL=PeepholeOptimise2Q
job=portfolioqaoa_indep_qiskit_3|ibm_falcon_127 azione_RL=CommutativeCancellation
job=portfolioqaoa_indep_qiskit_3|ibm_falcon_127 azione_RL=Opt2qBlocks
job=portfolioqaoa_indep_qiskit_3|ibm_falcon_127 azione_RL=BasisTranslator
job=portfolioqaoa_indep_qiskit_3|ibm_falcon_127 azione_RL=BasisTranslator
job=portfolioqaoa_indep_qiskit_3|ibm_falcon_127 azione_RL=Opt2qBlocks
job=portfolioqaoa_indep_qiskit_3|ibm_falcon_127 azione_RL=RemoveDiagonalGatesBeforeMeasure
job=portfolioqaoa_indep_qiskit_3|ibm_falcon_127 azione_RL=CliffordSimp
job=portfolioqaoa_indep_qiskit_3|ibm_falcon_127 azione_RL=FullPeepholeOptimiseCX
job=portfolioqaoa_indep_qiskit_3|ibm_falcon_127 azione_RL=CliffordSimp
job=portfolioqaoa_indep_qiskit_3|ibm_falcon_127 azione_RL=CommutativeCancellation
job=portfolioqaoa_indep_qiskit_3|ibm_falcon_127 azione_RL=RemoveRedundancies
job=portfolioqaoa_indep_qiskit_3|ibm_falcon_127 azione_RL=QiskitO3
job=portfolioqaoa_indep_qiskit_3|ibm_falcon_127 azione_RL=CommutativeCancellation
job=portfolioqaoa_indep_qiskit_3|ibm_falcon_127 azione_RL=PeepholeOptimise2Q
job=portfolioqaoa_indep_qiskit_3|ibm_falcon_127 azione_RL=PeepholeOptimise2Q
job=portfolioqaoa_indep_qiskit_3|ibm_falcon_127 azione_RL=OptimizeCliffords
job=portfolioqaoa_indep_qiskit_3|ibm_falcon_127 azione_RL=OptimizeCliffords
job=portfolioqaoa_indep_qiskit_3|ibm_falcon_127 azione_RL=OptimizeCliffords
job=portfolioqaoa_indep_qiskit_3|ibm_falcon_127 azione_RL=BasisTranslator
job=portfolioqaoa_indep_qiskit_3|ibm_falcon_127 azione_RL=QiskitO3
job=portfolioqaoa_indep_qiskit_3|ibm_falcon_127 azione_RL=PeepholeOptimise2Q
job=portfolioqaoa_indep_qiskit_3|ibm_falcon_127 azione_RL=CommutativeInverseCancellation
job=portfolioqaoa_indep_qiskit_3|ibm_falcon_127 azione_RL=Opt2qBlocks
job=portfolioqaoa_indep_qiskit_3|ibm_falcon_127 azione_RL=BasisTranslator
job=portfolioqaoa_indep_qiskit_3|ibm_falcon_127 azione_RL=Optimize1qGatesDecomposition
job=portfolioqaoa_indep_qiskit_3|ibm_falcon_127 azione_RL=CliffordSimp
job=portfolioqaoa_indep_qiskit_3|ibm_falcon_127 azione_RL=PeepholeOptimise2Q
job=portfolioqaoa_indep_qiskit_3|ibm_falcon_127 azione_RL=QiskitO3
job=portfolioqaoa_indep_qiskit_3|ibm_falcon_127 azione_RL=CommutativeCancellation
job=portfolioqaoa_indep_qiskit_3|ibm_falcon_127 azione_RL=InverseCancellation
job=portfolioqaoa_indep_qiskit_3|ibm_falcon_127 azione_RL=Optimize1qGatesDecomposition
job=portfolioqaoa_indep_qiskit_3|ibm_falcon_127 azione_RL=CliffordSimp
job=portfolioqaoa_indep_qiskit_3|ibm_falcon_127 azione_RL=Optimize1qGatesDecomposition
job=portfolioqaoa_indep_qiskit_3|ibm_falcon_127 azione_RL=QiskitO3
job=portfolioqaoa_indep_qiskit_3|ibm_falcon_127 azione_RL=RemoveRedundancies
job=portfolioqaoa_indep_qiskit_3|ibm_falcon_127 azione_RL=RemoveDiagonalGatesBeforeMeasure
job=portfolioqaoa_indep_qiskit_3|ibm_falcon_127 azione_RL=CommutativeInverseCancellation
job=portfolioqaoa_indep_qiskit_3|ibm_falcon_127 azione_RL=InverseCancellation
job=portfolioqaoa_indep_qiskit_3|ibm_falcon_127 azione_RL=CommutativeCancellation
job=portfolioqaoa_indep_qiskit_3|ibm_falcon_127 azione_RL=QiskitO3
job=portfolioqaoa_indep_qiskit_3|ibm_falcon_127 azione_RL=PeepholeOptimise2Q
job=portfolioqaoa_indep_qiskit_3|ibm_falcon_127 azione_RL=CommutativeInverseCancellation
job=portfolioqaoa_indep_qiskit_3|ibm_falcon_127 azione_RL=Opt2qBlocks
job=portfolioqaoa_indep_qiskit_3|ibm_falcon_127 azione_RL=FullPeepholeOptimiseCX
job=portfolioqaoa_indep_qiskit_3|ibm_falcon_127 azione_RL=OptimizeCliffords
job=portfolioqaoa_indep_qiskit_3|ibm_falcon_127 azione_RL=InverseCancellation
job=portfolioqaoa_indep_qiskit_3|ibm_falcon_127 azione_RL=BQSKitO2
job=portfolioqaoa_indep_qiskit_3|ibm_falcon_127 azione_RL=OptimizeCliffords
job=portfolioqaoa_indep_qiskit_3|ibm_falcon_127 azione_RL=InverseCancellation
job=portfolioqaoa_indep_qiskit_3|ibm_falcon_127 azione_RL=Optimize1qGatesDecomposition
job=portfolioqaoa_indep_qiskit_3|ibm_falcon_127 azione_RL=BQSKitO2
job=portfolioqaoa_indep_qiskit_3|ibm_falcon_127 azione_RL=CliffordSimp
job=portfolioqaoa_indep_qiskit_3|ibm_falcon_127 azione_RL=BQSKitSynthesis
job=portfolioqaoa_indep_qiskit_3|ibm_falcon_127 fallback=QiskitO1
job=portfolioqaoa_indep_tket_3|ibm_falcon_127 azione_RL=BQSKitSynthesis
job=portfolioqaoa_indep_tket_3|ibm_falcon_127 azione_RL=InverseCancellation
job=portfolioqaoa_indep_tket_3|ibm_falcon_127 azione_RL=OptimizeCliffords
job=portfolioqaoa_indep_tket_3|ibm_falcon_127 azione_RL=InverseCancellation
job=portfolioqaoa_indep_tket_3|ibm_falcon_127 azione_RL=RemoveRedundancies
job=portfolioqaoa_indep_tket_3|ibm_falcon_127 azione_RL=FullPeepholeOptimiseCX
job=portfolioqaoa_indep_tket_3|ibm_falcon_127 azione_RL=BQSKitSynthesis
job=portfolioqaoa_indep_tket_3|ibm_falcon_127 azione_RL=RemoveDiagonalGatesBeforeMeasure
job=portfolioqaoa_indep_tket_3|ibm_falcon_127 azione_RL=CommutativeInverseCancellation
job=portfolioqaoa_indep_tket_3|ibm_falcon_127 azione_RL=PeepholeOptimise2Q
job=portfolioqaoa_indep_tket_3|ibm_falcon_127 azione_RL=PeepholeOptimise2Q
job=portfolioqaoa_indep_tket_3|ibm_falcon_127 azione_RL=RemoveDiagonalGatesBeforeMeasure
job=portfolioqaoa_indep_tket_3|ibm_falcon_127 azione_RL=BasisTranslator
job=portfolioqaoa_indep_tket_3|ibm_falcon_127 azione_RL=CliffordSimp
job=portfolioqaoa_indep_tket_3|ibm_falcon_127 azione_RL=BasisTranslator
job=portfolioqaoa_indep_tket_3|ibm_falcon_127 azione_RL=CommutativeInverseCancellation
job=portfolioqaoa_indep_tket_3|ibm_falcon_127 azione_RL=InverseCancellation
job=portfolioqaoa_indep_tket_3|ibm_falcon_127 azione_RL=FullPeepholeOptimiseCX
job=portfolioqaoa_indep_tket_3|ibm_falcon_127 azione_RL=CommutativeCancellation
job=portfolioqaoa_indep_tket_3|ibm_falcon_127 azione_RL=RemoveDiagonalGatesBeforeMeasure
job=portfolioqaoa_indep_tket_3|ibm_falcon_127 azione_RL=OptimizeCliffords
job=portfolioqaoa_indep_tket_3|ibm_falcon_127 azione_RL=OptimizeCliffords
job=portfolioqaoa_indep_tket_3|ibm_falcon_127 azione_RL=RemoveRedundancies
job=portfolioqaoa_indep_tket_3|ibm_falcon_127 azione_RL=PeepholeOptimise2Q
job=portfolioqaoa_indep_tket_3|ibm_falcon_127 azione_RL=BasisTranslator
job=portfolioqaoa_indep_tket_3|ibm_falcon_127 azione_RL=RemoveRedundancies
job=portfolioqaoa_indep_tket_3|ibm_falcon_127 azione_RL=BasisTranslator
job=portfolioqaoa_indep_tket_3|ibm_falcon_127 azione_RL=CommutativeCancellation
job=portfolioqaoa_indep_tket_3|ibm_falcon_127 azione_RL=QiskitO3
job=portfolioqaoa_indep_tket_3|ibm_falcon_127 azione_RL=BQSKitO2
job=portfolioqaoa_indep_tket_3|ibm_falcon_127 azione_RL=InverseCancellation
job=portfolioqaoa_indep_tket_3|ibm_falcon_127 azione_RL=CommutativeCancellation
job=portfolioqaoa_indep_tket_3|ibm_falcon_127 azione_RL=InverseCancellation
job=portfolioqaoa_indep_tket_3|ibm_falcon_127 azione_RL=QiskitO3
job=portfolioqaoa_indep_tket_3|ibm_falcon_127 azione_RL=RemoveDiagonalGatesBeforeMeasure
job=portfolioqaoa_indep_tket_3|ibm_falcon_127 azione_RL=Opt2qBlocks
job=portfolioqaoa_indep_tket_3|ibm_falcon_127 azione_RL=BQSKitSynthesis
job=portfolioqaoa_indep_tket_3|ibm_falcon_127 azione_RL=CommutativeInverseCancellation
job=portfolioqaoa_indep_tket_3|ibm_falcon_127 azione_RL=PeepholeOptimise2Q
job=portfolioqaoa_indep_tket_3|ibm_falcon_127 azione_RL=CommutativeCancellation
job=portfolioqaoa_indep_tket_3|ibm_falcon_127 azione_RL=Opt2qBlocks
job=portfolioqaoa_indep_tket_3|ibm_falcon_127 azione_RL=BasisTranslator
job=portfolioqaoa_indep_tket_3|ibm_falcon_127 azione_RL=BasisTranslator
job=portfolioqaoa_indep_tket_3|ibm_falcon_127 azione_RL=Opt2qBlocks
job=portfolioqaoa_indep_tket_3|ibm_falcon_127 azione_RL=RemoveDiagonalGatesBeforeMeasure
job=portfolioqaoa_indep_tket_3|ibm_falcon_127 azione_RL=CliffordSimp
job=portfolioqaoa_indep_tket_3|ibm_falcon_127 azione_RL=FullPeepholeOptimiseCX
job=portfolioqaoa_indep_tket_3|ibm_falcon_127 azione_RL=CliffordSimp
job=portfolioqaoa_indep_tket_3|ibm_falcon_127 azione_RL=CommutativeCancellation
job=portfolioqaoa_indep_tket_3|ibm_falcon_127 azione_RL=RemoveRedundancies
job=portfolioqaoa_indep_tket_3|ibm_falcon_127 azione_RL=QiskitO3
job=portfolioqaoa_indep_tket_3|ibm_falcon_127 azione_RL=CommutativeCancellation
job=portfolioqaoa_indep_tket_3|ibm_falcon_127 azione_RL=PeepholeOptimise2Q
job=portfolioqaoa_indep_tket_3|ibm_falcon_127 azione_RL=PeepholeOptimise2Q
job=portfolioqaoa_indep_tket_3|ibm_falcon_127 azione_RL=OptimizeCliffords
job=portfolioqaoa_indep_tket_3|ibm_falcon_127 azione_RL=OptimizeCliffords
job=portfolioqaoa_indep_tket_3|ibm_falcon_127 azione_RL=OptimizeCliffords
job=portfolioqaoa_indep_tket_3|ibm_falcon_127 azione_RL=BasisTranslator
job=portfolioqaoa_indep_tket_3|ibm_falcon_127 azione_RL=QiskitO3
job=portfolioqaoa_indep_tket_3|ibm_falcon_127 azione_RL=PeepholeOptimise2Q
job=portfolioqaoa_indep_tket_3|ibm_falcon_127 azione_RL=CommutativeInverseCancellation
job=portfolioqaoa_indep_tket_3|ibm_falcon_127 azione_RL=Opt2qBlocks
job=portfolioqaoa_indep_tket_3|ibm_falcon_127 azione_RL=BasisTranslator
job=portfolioqaoa_indep_tket_3|ibm_falcon_127 azione_RL=Optimize1qGatesDecomposition
job=portfolioqaoa_indep_tket_3|ibm_falcon_127 azione_RL=CliffordSimp
job=portfolioqaoa_indep_tket_3|ibm_falcon_127 azione_RL=PeepholeOptimise2Q
job=portfolioqaoa_indep_tket_3|ibm_falcon_127 azione_RL=QiskitO3
job=portfolioqaoa_indep_tket_3|ibm_falcon_127 azione_RL=CommutativeCancellation
job=portfolioqaoa_indep_tket_3|ibm_falcon_127 azione_RL=InverseCancellation
job=portfolioqaoa_indep_tket_3|ibm_falcon_127 azione_RL=Optimize1qGatesDecomposition
job=portfolioqaoa_indep_tket_3|ibm_falcon_127 azione_RL=CliffordSimp
job=portfolioqaoa_indep_tket_3|ibm_falcon_127 azione_RL=Optimize1qGatesDecomposition
job=portfolioqaoa_indep_tket_3|ibm_falcon_127 azione_RL=QiskitO3
job=portfolioqaoa_indep_tket_3|ibm_falcon_127 azione_RL=RemoveRedundancies
job=portfolioqaoa_indep_tket_3|ibm_falcon_127 azione_RL=RemoveDiagonalGatesBeforeMeasure
job=portfolioqaoa_indep_tket_3|ibm_falcon_127 azione_RL=CommutativeInverseCancellation
job=portfolioqaoa_indep_tket_3|ibm_falcon_127 azione_RL=InverseCancellation
job=portfolioqaoa_indep_tket_3|ibm_falcon_127 azione_RL=CommutativeCancellation
job=portfolioqaoa_indep_tket_3|ibm_falcon_127 azione_RL=QiskitO3
job=portfolioqaoa_indep_tket_3|ibm_falcon_127 azione_RL=PeepholeOptimise2Q
job=portfolioqaoa_indep_tket_3|ibm_falcon_127 azione_RL=CommutativeInverseCancellation
job=portfolioqaoa_indep_tket_3|ibm_falcon_127 azione_RL=Opt2qBlocks
job=portfolioqaoa_indep_tket_3|ibm_falcon_127 azione_RL=FullPeepholeOptimiseCX
job=portfolioqaoa_indep_tket_3|ibm_falcon_127 azione_RL=OptimizeCliffords
job=portfolioqaoa_indep_tket_3|ibm_falcon_127 azione_RL=InverseCancellation
job=portfolioqaoa_indep_tket_3|ibm_falcon_127 azione_RL=BQSKitO2
job=portfolioqaoa_indep_tket_3|ibm_falcon_127 azione_RL=OptimizeCliffords
job=portfolioqaoa_indep_tket_3|ibm_falcon_127 azione_RL=InverseCancellation
job=portfolioqaoa_indep_tket_3|ibm_falcon_127 azione_RL=Optimize1qGatesDecomposition
job=portfolioqaoa_indep_tket_3|ibm_falcon_127 azione_RL=BQSKitO2
job=portfolioqaoa_indep_tket_3|ibm_falcon_127 azione_RL=CliffordSimp
job=portfolioqaoa_indep_tket_3|ibm_falcon_127 azione_RL=BQSKitSynthesis
job=portfolioqaoa_indep_tket_3|ibm_falcon_127 fallback=QiskitO1
job=portfoliovqe_indep_qiskit_3|ibm_falcon_127 azione_RL=BQSKitSynthesis
job=portfoliovqe_indep_qiskit_3|ibm_falcon_127 azione_RL=InverseCancellation
job=portfoliovqe_indep_qiskit_3|ibm_falcon_127 azione_RL=OptimizeCliffords
job=portfoliovqe_indep_qiskit_3|ibm_falcon_127 azione_RL=InverseCancellation
job=portfoliovqe_indep_qiskit_3|ibm_falcon_127 azione_RL=RemoveRedundancies
job=portfoliovqe_indep_qiskit_3|ibm_falcon_127 azione_RL=FullPeepholeOptimiseCX
job=portfoliovqe_indep_qiskit_3|ibm_falcon_127 azione_RL=BQSKitSynthesis
job=portfoliovqe_indep_qiskit_3|ibm_falcon_127 azione_RL=RemoveDiagonalGatesBeforeMeasure
job=portfoliovqe_indep_qiskit_3|ibm_falcon_127 azione_RL=CommutativeInverseCancellation
job=portfoliovqe_indep_qiskit_3|ibm_falcon_127 azione_RL=PeepholeOptimise2Q
job=portfoliovqe_indep_qiskit_3|ibm_falcon_127 azione_RL=PeepholeOptimise2Q
job=portfoliovqe_indep_qiskit_3|ibm_falcon_127 azione_RL=RemoveDiagonalGatesBeforeMeasure
job=portfoliovqe_indep_qiskit_3|ibm_falcon_127 azione_RL=BasisTranslator
job=portfoliovqe_indep_qiskit_3|ibm_falcon_127 azione_RL=CliffordSimp
job=portfoliovqe_indep_qiskit_3|ibm_falcon_127 azione_RL=BasisTranslator
job=portfoliovqe_indep_qiskit_3|ibm_falcon_127 azione_RL=CommutativeInverseCancellation
job=portfoliovqe_indep_qiskit_3|ibm_falcon_127 azione_RL=InverseCancellation
job=portfoliovqe_indep_qiskit_3|ibm_falcon_127 azione_RL=FullPeepholeOptimiseCX
job=portfoliovqe_indep_qiskit_3|ibm_falcon_127 azione_RL=CommutativeCancellation
job=portfoliovqe_indep_qiskit_3|ibm_falcon_127 azione_RL=RemoveDiagonalGatesBeforeMeasure
job=portfoliovqe_indep_qiskit_3|ibm_falcon_127 azione_RL=OptimizeCliffords
job=portfoliovqe_indep_qiskit_3|ibm_falcon_127 azione_RL=OptimizeCliffords
job=portfoliovqe_indep_qiskit_3|ibm_falcon_127 azione_RL=RemoveRedundancies
job=portfoliovqe_indep_qiskit_3|ibm_falcon_127 azione_RL=PeepholeOptimise2Q
job=portfoliovqe_indep_qiskit_3|ibm_falcon_127 azione_RL=BasisTranslator
job=portfoliovqe_indep_qiskit_3|ibm_falcon_127 azione_RL=RemoveRedundancies
job=portfoliovqe_indep_qiskit_3|ibm_falcon_127 azione_RL=BasisTranslator
job=portfoliovqe_indep_qiskit_3|ibm_falcon_127 azione_RL=CommutativeCancellation
job=portfoliovqe_indep_qiskit_3|ibm_falcon_127 azione_RL=QiskitO3
job=portfoliovqe_indep_qiskit_3|ibm_falcon_127 azione_RL=BQSKitO2
job=portfoliovqe_indep_qiskit_3|ibm_falcon_127 azione_RL=InverseCancellation
job=portfoliovqe_indep_qiskit_3|ibm_falcon_127 azione_RL=CommutativeCancellation
job=portfoliovqe_indep_qiskit_3|ibm_falcon_127 azione_RL=InverseCancellation
job=portfoliovqe_indep_qiskit_3|ibm_falcon_127 azione_RL=QiskitO3
job=portfoliovqe_indep_qiskit_3|ibm_falcon_127 azione_RL=RemoveDiagonalGatesBeforeMeasure
job=portfoliovqe_indep_qiskit_3|ibm_falcon_127 azione_RL=Opt2qBlocks
job=portfoliovqe_indep_qiskit_3|ibm_falcon_127 azione_RL=BQSKitSynthesis
job=portfoliovqe_indep_qiskit_3|ibm_falcon_127 azione_RL=CommutativeInverseCancellation
job=portfoliovqe_indep_qiskit_3|ibm_falcon_127 azione_RL=PeepholeOptimise2Q
job=portfoliovqe_indep_qiskit_3|ibm_falcon_127 azione_RL=CommutativeCancellation
job=portfoliovqe_indep_qiskit_3|ibm_falcon_127 azione_RL=Opt2qBlocks
job=portfoliovqe_indep_qiskit_3|ibm_falcon_127 azione_RL=BasisTranslator
job=portfoliovqe_indep_qiskit_3|ibm_falcon_127 azione_RL=BasisTranslator
job=portfoliovqe_indep_qiskit_3|ibm_falcon_127 azione_RL=Opt2qBlocks
job=portfoliovqe_indep_qiskit_3|ibm_falcon_127 azione_RL=RemoveDiagonalGatesBeforeMeasure
job=portfoliovqe_indep_qiskit_3|ibm_falcon_127 azione_RL=CliffordSimp
job=portfoliovqe_indep_qiskit_3|ibm_falcon_127 azione_RL=FullPeepholeOptimiseCX
job=portfoliovqe_indep_qiskit_3|ibm_falcon_127 azione_RL=CliffordSimp
job=portfoliovqe_indep_qiskit_3|ibm_falcon_127 azione_RL=CommutativeCancellation
job=portfoliovqe_indep_qiskit_3|ibm_falcon_127 azione_RL=RemoveRedundancies
job=portfoliovqe_indep_qiskit_3|ibm_falcon_127 azione_RL=QiskitO3
job=portfoliovqe_indep_qiskit_3|ibm_falcon_127 azione_RL=CommutativeCancellation
job=portfoliovqe_indep_qiskit_3|ibm_falcon_127 azione_RL=PeepholeOptimise2Q
job=portfoliovqe_indep_qiskit_3|ibm_falcon_127 azione_RL=PeepholeOptimise2Q
job=portfoliovqe_indep_qiskit_3|ibm_falcon_127 azione_RL=OptimizeCliffords
job=portfoliovqe_indep_qiskit_3|ibm_falcon_127 azione_RL=OptimizeCliffords
job=portfoliovqe_indep_qiskit_3|ibm_falcon_127 azione_RL=OptimizeCliffords
job=portfoliovqe_indep_qiskit_3|ibm_falcon_127 azione_RL=BasisTranslator
job=portfoliovqe_indep_qiskit_3|ibm_falcon_127 azione_RL=QiskitO3
job=portfoliovqe_indep_qiskit_3|ibm_falcon_127 azione_RL=PeepholeOptimise2Q
job=portfoliovqe_indep_qiskit_3|ibm_falcon_127 azione_RL=CommutativeInverseCancellation
job=portfoliovqe_indep_qiskit_3|ibm_falcon_127 azione_RL=Opt2qBlocks
job=portfoliovqe_indep_qiskit_3|ibm_falcon_127 azione_RL=BasisTranslator
job=portfoliovqe_indep_qiskit_3|ibm_falcon_127 azione_RL=Optimize1qGatesDecomposition
job=portfoliovqe_indep_qiskit_3|ibm_falcon_127 azione_RL=CliffordSimp
job=portfoliovqe_indep_qiskit_3|ibm_falcon_127 azione_RL=PeepholeOptimise2Q
job=portfoliovqe_indep_qiskit_3|ibm_falcon_127 azione_RL=QiskitO3
job=portfoliovqe_indep_qiskit_3|ibm_falcon_127 azione_RL=CommutativeCancellation
job=portfoliovqe_indep_qiskit_3|ibm_falcon_127 azione_RL=InverseCancellation
job=portfoliovqe_indep_qiskit_3|ibm_falcon_127 azione_RL=Optimize1qGatesDecomposition
job=portfoliovqe_indep_qiskit_3|ibm_falcon_127 azione_RL=CliffordSimp
job=portfoliovqe_indep_qiskit_3|ibm_falcon_127 azione_RL=Optimize1qGatesDecomposition
job=portfoliovqe_indep_qiskit_3|ibm_falcon_127 azione_RL=QiskitO3
job=portfoliovqe_indep_qiskit_3|ibm_falcon_127 azione_RL=RemoveRedundancies
job=portfoliovqe_indep_qiskit_3|ibm_falcon_127 azione_RL=RemoveDiagonalGatesBeforeMeasure
job=portfoliovqe_indep_qiskit_3|ibm_falcon_127 azione_RL=CommutativeInverseCancellation
job=portfoliovqe_indep_qiskit_3|ibm_falcon_127 azione_RL=InverseCancellation
job=portfoliovqe_indep_qiskit_3|ibm_falcon_127 azione_RL=CommutativeCancellation
job=portfoliovqe_indep_qiskit_3|ibm_falcon_127 azione_RL=QiskitO3
job=portfoliovqe_indep_qiskit_3|ibm_falcon_127 azione_RL=PeepholeOptimise2Q
job=portfoliovqe_indep_qiskit_3|ibm_falcon_127 azione_RL=CommutativeInverseCancellation
job=portfoliovqe_indep_qiskit_3|ibm_falcon_127 azione_RL=Opt2qBlocks
job=portfoliovqe_indep_qiskit_3|ibm_falcon_127 azione_RL=FullPeepholeOptimiseCX
job=portfoliovqe_indep_qiskit_3|ibm_falcon_127 azione_RL=OptimizeCliffords
job=portfoliovqe_indep_qiskit_3|ibm_falcon_127 azione_RL=InverseCancellation
job=portfoliovqe_indep_qiskit_3|ibm_falcon_127 azione_RL=BQSKitO2
job=portfoliovqe_indep_qiskit_3|ibm_falcon_127 azione_RL=OptimizeCliffords
job=portfoliovqe_indep_qiskit_3|ibm_falcon_127 azione_RL=InverseCancellation
job=portfoliovqe_indep_qiskit_3|ibm_falcon_127 azione_RL=Optimize1qGatesDecomposition
job=portfoliovqe_indep_qiskit_3|ibm_falcon_127 azione_RL=BQSKitO2
job=portfoliovqe_indep_qiskit_3|ibm_falcon_127 azione_RL=CliffordSimp
job=portfoliovqe_indep_qiskit_3|ibm_falcon_127 azione_RL=BQSKitSynthesis
job=portfoliovqe_indep_qiskit_3|ibm_falcon_127 fallback=QiskitO1
job=portfoliovqe_indep_tket_3|ibm_falcon_127 azione_RL=BQSKitSynthesis
job=portfoliovqe_indep_tket_3|ibm_falcon_127 azione_RL=InverseCancellation
job=portfoliovqe_indep_tket_3|ibm_falcon_127 azione_RL=OptimizeCliffords
job=portfoliovqe_indep_tket_3|ibm_falcon_127 azione_RL=InverseCancellation
job=portfoliovqe_indep_tket_3|ibm_falcon_127 azione_RL=RemoveRedundancies
job=portfoliovqe_indep_tket_3|ibm_falcon_127 azione_RL=FullPeepholeOptimiseCX
job=portfoliovqe_indep_tket_3|ibm_falcon_127 azione_RL=BQSKitSynthesis
job=portfoliovqe_indep_tket_3|ibm_falcon_127 azione_RL=RemoveDiagonalGatesBeforeMeasure
job=portfoliovqe_indep_tket_3|ibm_falcon_127 azione_RL=CommutativeInverseCancellation
job=portfoliovqe_indep_tket_3|ibm_falcon_127 azione_RL=PeepholeOptimise2Q
job=portfoliovqe_indep_tket_3|ibm_falcon_127 azione_RL=PeepholeOptimise2Q
job=portfoliovqe_indep_tket_3|ibm_falcon_127 azione_RL=RemoveDiagonalGatesBeforeMeasure
job=portfoliovqe_indep_tket_3|ibm_falcon_127 azione_RL=BasisTranslator
job=portfoliovqe_indep_tket_3|ibm_falcon_127 azione_RL=CliffordSimp
job=portfoliovqe_indep_tket_3|ibm_falcon_127 azione_RL=BasisTranslator
job=portfoliovqe_indep_tket_3|ibm_falcon_127 azione_RL=CommutativeInverseCancellation
job=portfoliovqe_indep_tket_3|ibm_falcon_127 azione_RL=InverseCancellation
job=portfoliovqe_indep_tket_3|ibm_falcon_127 azione_RL=FullPeepholeOptimiseCX
job=portfoliovqe_indep_tket_3|ibm_falcon_127 azione_RL=CommutativeCancellation
job=portfoliovqe_indep_tket_3|ibm_falcon_127 azione_RL=RemoveDiagonalGatesBeforeMeasure
job=portfoliovqe_indep_tket_3|ibm_falcon_127 azione_RL=OptimizeCliffords
job=portfoliovqe_indep_tket_3|ibm_falcon_127 azione_RL=OptimizeCliffords
job=portfoliovqe_indep_tket_3|ibm_falcon_127 azione_RL=RemoveRedundancies
job=portfoliovqe_indep_tket_3|ibm_falcon_127 azione_RL=PeepholeOptimise2Q
job=portfoliovqe_indep_tket_3|ibm_falcon_127 azione_RL=BasisTranslator
job=portfoliovqe_indep_tket_3|ibm_falcon_127 azione_RL=RemoveRedundancies
job=portfoliovqe_indep_tket_3|ibm_falcon_127 azione_RL=BasisTranslator
job=portfoliovqe_indep_tket_3|ibm_falcon_127 azione_RL=CommutativeCancellation
job=portfoliovqe_indep_tket_3|ibm_falcon_127 azione_RL=QiskitO3
job=portfoliovqe_indep_tket_3|ibm_falcon_127 azione_RL=BQSKitO2
job=portfoliovqe_indep_tket_3|ibm_falcon_127 azione_RL=InverseCancellation
job=portfoliovqe_indep_tket_3|ibm_falcon_127 azione_RL=CommutativeCancellation
job=portfoliovqe_indep_tket_3|ibm_falcon_127 azione_RL=InverseCancellation
job=portfoliovqe_indep_tket_3|ibm_falcon_127 azione_RL=QiskitO3
job=portfoliovqe_indep_tket_3|ibm_falcon_127 azione_RL=RemoveDiagonalGatesBeforeMeasure
job=portfoliovqe_indep_tket_3|ibm_falcon_127 azione_RL=Opt2qBlocks
job=portfoliovqe_indep_tket_3|ibm_falcon_127 azione_RL=BQSKitSynthesis
job=portfoliovqe_indep_tket_3|ibm_falcon_127 azione_RL=CommutativeInverseCancellation
job=portfoliovqe_indep_tket_3|ibm_falcon_127 azione_RL=PeepholeOptimise2Q
job=portfoliovqe_indep_tket_3|ibm_falcon_127 azione_RL=CommutativeCancellation
job=portfoliovqe_indep_tket_3|ibm_falcon_127 azione_RL=Opt2qBlocks
job=portfoliovqe_indep_tket_3|ibm_falcon_127 azione_RL=BasisTranslator
job=portfoliovqe_indep_tket_3|ibm_falcon_127 azione_RL=BasisTranslator
job=portfoliovqe_indep_tket_3|ibm_falcon_127 azione_RL=Opt2qBlocks
job=portfoliovqe_indep_tket_3|ibm_falcon_127 azione_RL=RemoveDiagonalGatesBeforeMeasure
job=portfoliovqe_indep_tket_3|ibm_falcon_127 azione_RL=CliffordSimp
job=portfoliovqe_indep_tket_3|ibm_falcon_127 azione_RL=FullPeepholeOptimiseCX
job=portfoliovqe_indep_tket_3|ibm_falcon_127 azione_RL=CliffordSimp
job=portfoliovqe_indep_tket_3|ibm_falcon_127 azione_RL=CommutativeCancellation
job=portfoliovqe_indep_tket_3|ibm_falcon_127 azione_RL=RemoveRedundancies
job=portfoliovqe_indep_tket_3|ibm_falcon_127 azione_RL=QiskitO3
job=portfoliovqe_indep_tket_3|ibm_falcon_127 azione_RL=CommutativeCancellation
job=portfoliovqe_indep_tket_3|ibm_falcon_127 azione_RL=PeepholeOptimise2Q
job=portfoliovqe_indep_tket_3|ibm_falcon_127 azione_RL=PeepholeOptimise2Q
job=portfoliovqe_indep_tket_3|ibm_falcon_127 azione_RL=OptimizeCliffords
job=portfoliovqe_indep_tket_3|ibm_falcon_127 azione_RL=OptimizeCliffords
job=portfoliovqe_indep_tket_3|ibm_falcon_127 azione_RL=OptimizeCliffords
job=portfoliovqe_indep_tket_3|ibm_falcon_127 azione_RL=BasisTranslator
job=portfoliovqe_indep_tket_3|ibm_falcon_127 azione_RL=QiskitO3
job=portfoliovqe_indep_tket_3|ibm_falcon_127 azione_RL=PeepholeOptimise2Q
job=portfoliovqe_indep_tket_3|ibm_falcon_127 azione_RL=CommutativeInverseCancellation
job=portfoliovqe_indep_tket_3|ibm_falcon_127 azione_RL=Opt2qBlocks
job=portfoliovqe_indep_tket_3|ibm_falcon_127 azione_RL=BasisTranslator
job=portfoliovqe_indep_tket_3|ibm_falcon_127 azione_RL=Optimize1qGatesDecomposition
job=portfoliovqe_indep_tket_3|ibm_falcon_127 azione_RL=CliffordSimp
job=portfoliovqe_indep_tket_3|ibm_falcon_127 azione_RL=PeepholeOptimise2Q
job=portfoliovqe_indep_tket_3|ibm_falcon_127 azione_RL=QiskitO3
job=portfoliovqe_indep_tket_3|ibm_falcon_127 azione_RL=CommutativeCancellation
job=portfoliovqe_indep_tket_3|ibm_falcon_127 azione_RL=InverseCancellation
job=portfoliovqe_indep_tket_3|ibm_falcon_127 azione_RL=Optimize1qGatesDecomposition
job=portfoliovqe_indep_tket_3|ibm_falcon_127 azione_RL=CliffordSimp
job=portfoliovqe_indep_tket_3|ibm_falcon_127 azione_RL=Optimize1qGatesDecomposition
job=portfoliovqe_indep_tket_3|ibm_falcon_127 azione_RL=QiskitO3
job=portfoliovqe_indep_tket_3|ibm_falcon_127 azione_RL=RemoveRedundancies
job=portfoliovqe_indep_tket_3|ibm_falcon_127 azione_RL=RemoveDiagonalGatesBeforeMeasure
job=portfoliovqe_indep_tket_3|ibm_falcon_127 azione_RL=CommutativeInverseCancellation
job=portfoliovqe_indep_tket_3|ibm_falcon_127 azione_RL=InverseCancellation
job=portfoliovqe_indep_tket_3|ibm_falcon_127 azione_RL=CommutativeCancellation
job=portfoliovqe_indep_tket_3|ibm_falcon_127 azione_RL=QiskitO3
job=portfoliovqe_indep_tket_3|ibm_falcon_127 azione_RL=PeepholeOptimise2Q
job=portfoliovqe_indep_tket_3|ibm_falcon_127 azione_RL=CommutativeInverseCancellation
job=portfoliovqe_indep_tket_3|ibm_falcon_127 azione_RL=Opt2qBlocks
job=portfoliovqe_indep_tket_3|ibm_falcon_127 azione_RL=FullPeepholeOptimiseCX
job=portfoliovqe_indep_tket_3|ibm_falcon_127 azione_RL=OptimizeCliffords
job=portfoliovqe_indep_tket_3|ibm_falcon_127 azione_RL=InverseCancellation
job=portfoliovqe_indep_tket_3|ibm_falcon_127 azione_RL=BQSKitO2
job=portfoliovqe_indep_tket_3|ibm_falcon_127 azione_RL=OptimizeCliffords
job=portfoliovqe_indep_tket_3|ibm_falcon_127 azione_RL=InverseCancellation
job=portfoliovqe_indep_tket_3|ibm_falcon_127 azione_RL=Optimize1qGatesDecomposition
job=portfoliovqe_indep_tket_3|ibm_falcon_127 azione_RL=BQSKitO2
job=portfoliovqe_indep_tket_3|ibm_falcon_127 azione_RL=CliffordSimp
job=portfoliovqe_indep_tket_3|ibm_falcon_127 azione_RL=BQSKitSynthesis
job=portfoliovqe_indep_tket_3|ibm_falcon_127 fallback=QiskitO1
job=qaoa_indep_qiskit_3|ibm_falcon_127 azione_RL=BQSKitSynthesis
job=qaoa_indep_qiskit_3|ibm_falcon_127 azione_RL=InverseCancellation
job=qaoa_indep_qiskit_3|ibm_falcon_127 azione_RL=OptimizeCliffords
job=qaoa_indep_qiskit_3|ibm_falcon_127 azione_RL=InverseCancellation
job=qaoa_indep_qiskit_3|ibm_falcon_127 azione_RL=RemoveRedundancies
job=qaoa_indep_qiskit_3|ibm_falcon_127 azione_RL=FullPeepholeOptimiseCX
job=qaoa_indep_qiskit_3|ibm_falcon_127 azione_RL=BQSKitSynthesis
job=qaoa_indep_qiskit_3|ibm_falcon_127 azione_RL=RemoveDiagonalGatesBeforeMeasure
job=qaoa_indep_qiskit_3|ibm_falcon_127 azione_RL=CommutativeInverseCancellation
job=qaoa_indep_qiskit_3|ibm_falcon_127 azione_RL=PeepholeOptimise2Q
job=qaoa_indep_qiskit_3|ibm_falcon_127 azione_RL=PeepholeOptimise2Q
job=qaoa_indep_qiskit_3|ibm_falcon_127 azione_RL=RemoveDiagonalGatesBeforeMeasure
job=qaoa_indep_qiskit_3|ibm_falcon_127 azione_RL=BasisTranslator
job=qaoa_indep_qiskit_3|ibm_falcon_127 azione_RL=CliffordSimp
job=qaoa_indep_qiskit_3|ibm_falcon_127 azione_RL=BasisTranslator
job=qaoa_indep_qiskit_3|ibm_falcon_127 azione_RL=CommutativeInverseCancellation
job=qaoa_indep_qiskit_3|ibm_falcon_127 azione_RL=InverseCancellation
job=qaoa_indep_qiskit_3|ibm_falcon_127 azione_RL=FullPeepholeOptimiseCX
job=qaoa_indep_qiskit_3|ibm_falcon_127 azione_RL=CommutativeCancellation
job=qaoa_indep_qiskit_3|ibm_falcon_127 azione_RL=RemoveDiagonalGatesBeforeMeasure
job=qaoa_indep_qiskit_3|ibm_falcon_127 azione_RL=OptimizeCliffords
job=qaoa_indep_qiskit_3|ibm_falcon_127 azione_RL=OptimizeCliffords
job=qaoa_indep_qiskit_3|ibm_falcon_127 azione_RL=RemoveRedundancies
job=qaoa_indep_qiskit_3|ibm_falcon_127 azione_RL=PeepholeOptimise2Q
job=qaoa_indep_qiskit_3|ibm_falcon_127 azione_RL=BasisTranslator
job=qaoa_indep_qiskit_3|ibm_falcon_127 azione_RL=RemoveRedundancies
job=qaoa_indep_qiskit_3|ibm_falcon_127 azione_RL=BasisTranslator
job=qaoa_indep_qiskit_3|ibm_falcon_127 azione_RL=CommutativeCancellation
job=qaoa_indep_qiskit_3|ibm_falcon_127 azione_RL=QiskitO3
job=qaoa_indep_qiskit_3|ibm_falcon_127 azione_RL=BQSKitO2
job=qaoa_indep_qiskit_3|ibm_falcon_127 azione_RL=InverseCancellation
job=qaoa_indep_qiskit_3|ibm_falcon_127 azione_RL=CommutativeCancellation
job=qaoa_indep_qiskit_3|ibm_falcon_127 azione_RL=InverseCancellation
job=qaoa_indep_qiskit_3|ibm_falcon_127 azione_RL=QiskitO3
job=qaoa_indep_qiskit_3|ibm_falcon_127 azione_RL=RemoveDiagonalGatesBeforeMeasure
job=qaoa_indep_qiskit_3|ibm_falcon_127 azione_RL=Opt2qBlocks
job=qaoa_indep_qiskit_3|ibm_falcon_127 azione_RL=BQSKitSynthesis
job=qaoa_indep_qiskit_3|ibm_falcon_127 azione_RL=CommutativeInverseCancellation
job=qaoa_indep_qiskit_3|ibm_falcon_127 azione_RL=PeepholeOptimise2Q
job=qaoa_indep_qiskit_3|ibm_falcon_127 azione_RL=CommutativeCancellation
job=qaoa_indep_qiskit_3|ibm_falcon_127 azione_RL=Opt2qBlocks
job=qaoa_indep_qiskit_3|ibm_falcon_127 azione_RL=BasisTranslator
job=qaoa_indep_qiskit_3|ibm_falcon_127 azione_RL=BasisTranslator
job=qaoa_indep_qiskit_3|ibm_falcon_127 azione_RL=Opt2qBlocks
job=qaoa_indep_qiskit_3|ibm_falcon_127 azione_RL=RemoveDiagonalGatesBeforeMeasure
job=qaoa_indep_qiskit_3|ibm_falcon_127 azione_RL=CliffordSimp
job=qaoa_indep_qiskit_3|ibm_falcon_127 azione_RL=FullPeepholeOptimiseCX
job=qaoa_indep_qiskit_3|ibm_falcon_127 azione_RL=CliffordSimp
job=qaoa_indep_qiskit_3|ibm_falcon_127 azione_RL=CommutativeCancellation
job=qaoa_indep_qiskit_3|ibm_falcon_127 azione_RL=RemoveRedundancies
job=qaoa_indep_qiskit_3|ibm_falcon_127 azione_RL=QiskitO3
job=qaoa_indep_qiskit_3|ibm_falcon_127 azione_RL=CommutativeCancellation
job=qaoa_indep_qiskit_3|ibm_falcon_127 azione_RL=PeepholeOptimise2Q
job=qaoa_indep_qiskit_3|ibm_falcon_127 azione_RL=PeepholeOptimise2Q
job=qaoa_indep_qiskit_3|ibm_falcon_127 azione_RL=OptimizeCliffords
job=qaoa_indep_qiskit_3|ibm_falcon_127 azione_RL=OptimizeCliffords
job=qaoa_indep_qiskit_3|ibm_falcon_127 azione_RL=OptimizeCliffords
job=qaoa_indep_qiskit_3|ibm_falcon_127 azione_RL=BasisTranslator
job=qaoa_indep_qiskit_3|ibm_falcon_127 azione_RL=QiskitO3
job=qaoa_indep_qiskit_3|ibm_falcon_127 azione_RL=PeepholeOptimise2Q
job=qaoa_indep_qiskit_3|ibm_falcon_127 azione_RL=CommutativeInverseCancellation
job=qaoa_indep_qiskit_3|ibm_falcon_127 azione_RL=Opt2qBlocks
job=qaoa_indep_qiskit_3|ibm_falcon_127 azione_RL=BasisTranslator
job=qaoa_indep_qiskit_3|ibm_falcon_127 azione_RL=Optimize1qGatesDecomposition
job=qaoa_indep_qiskit_3|ibm_falcon_127 azione_RL=CliffordSimp
job=qaoa_indep_qiskit_3|ibm_falcon_127 azione_RL=PeepholeOptimise2Q
job=qaoa_indep_qiskit_3|ibm_falcon_127 azione_RL=QiskitO3
job=qaoa_indep_qiskit_3|ibm_falcon_127 azione_RL=CommutativeCancellation
job=qaoa_indep_qiskit_3|ibm_falcon_127 azione_RL=InverseCancellation
job=qaoa_indep_qiskit_3|ibm_falcon_127 azione_RL=Optimize1qGatesDecomposition
job=qaoa_indep_qiskit_3|ibm_falcon_127 azione_RL=CliffordSimp
job=qaoa_indep_qiskit_3|ibm_falcon_127 azione_RL=Optimize1qGatesDecomposition
job=qaoa_indep_qiskit_3|ibm_falcon_127 azione_RL=QiskitO3
job=qaoa_indep_qiskit_3|ibm_falcon_127 azione_RL=RemoveRedundancies
job=qaoa_indep_qiskit_3|ibm_falcon_127 azione_RL=RemoveDiagonalGatesBeforeMeasure
job=qaoa_indep_qiskit_3|ibm_falcon_127 azione_RL=CommutativeInverseCancellation
job=qaoa_indep_qiskit_3|ibm_falcon_127 azione_RL=InverseCancellation
job=qaoa_indep_qiskit_3|ibm_falcon_127 azione_RL=CommutativeCancellation
job=qaoa_indep_qiskit_3|ibm_falcon_127 azione_RL=QiskitO3
job=qaoa_indep_qiskit_3|ibm_falcon_127 azione_RL=PeepholeOptimise2Q
job=qaoa_indep_qiskit_3|ibm_falcon_127 azione_RL=CommutativeInverseCancellation
job=qaoa_indep_qiskit_3|ibm_falcon_127 azione_RL=Opt2qBlocks
job=qaoa_indep_qiskit_3|ibm_falcon_127 azione_RL=FullPeepholeOptimiseCX
job=qaoa_indep_qiskit_3|ibm_falcon_127 azione_RL=OptimizeCliffords
job=qaoa_indep_qiskit_3|ibm_falcon_127 azione_RL=InverseCancellation
job=qaoa_indep_qiskit_3|ibm_falcon_127 azione_RL=BQSKitO2
job=qaoa_indep_qiskit_3|ibm_falcon_127 azione_RL=OptimizeCliffords
job=qaoa_indep_qiskit_3|ibm_falcon_127 azione_RL=InverseCancellation
job=qaoa_indep_qiskit_3|ibm_falcon_127 azione_RL=Optimize1qGatesDecomposition
job=qaoa_indep_qiskit_3|ibm_falcon_127 azione_RL=BQSKitO2
job=qaoa_indep_qiskit_3|ibm_falcon_127 azione_RL=CliffordSimp
job=qaoa_indep_qiskit_3|ibm_falcon_127 azione_RL=BQSKitSynthesis
job=qaoa_indep_qiskit_3|ibm_falcon_127 azione_RL=BasisTranslator
job=qaoa_indep_qiskit_3|ibm_falcon_127 azione_RL=OptimizeCliffords
job=qaoa_indep_qiskit_3|ibm_falcon_127 azione_RL=BQSKitSynthesis
job=qaoa_indep_qiskit_3|ibm_falcon_127 azione_RL=Opt2qBlocks
job=qaoa_indep_qiskit_3|ibm_falcon_127 azione_RL=FullPeepholeOptimiseCX
job=qaoa_indep_qiskit_3|ibm_falcon_127 azione_RL=Optimize1qGatesDecomposition
job=qaoa_indep_qiskit_3|ibm_falcon_127 azione_RL=CommutativeInverseCancellation
job=qaoa_indep_qiskit_3|ibm_falcon_127 azione_RL=Optimize1qGatesDecomposition
job=qaoa_indep_qiskit_3|ibm_falcon_127 azione_RL=InverseCancellation
job=qaoa_indep_qiskit_3|ibm_falcon_127 azione_RL=OptimizeCliffords
job=qaoa_indep_qiskit_3|ibm_falcon_127 azione_RL=Optimize1qGatesDecomposition
job=qaoa_indep_qiskit_3|ibm_falcon_127 azione_RL=RemoveDiagonalGatesBeforeMeasure
job=qaoa_indep_qiskit_3|ibm_falcon_127 azione_RL=QiskitO3
job=qaoa_indep_qiskit_3|ibm_falcon_127 azione_RL=Opt2qBlocks
job=qaoa_indep_qiskit_3|ibm_falcon_127 azione_RL=RemoveDiagonalGatesBeforeMeasure
job=qaoa_indep_qiskit_3|ibm_falcon_127 azione_RL=OptimizeCliffords
job=qaoa_indep_qiskit_3|ibm_falcon_127 azione_RL=Opt2qBlocks
job=qaoa_indep_qiskit_3|ibm_falcon_127 azione_RL=InverseCancellation
job=qaoa_indep_qiskit_3|ibm_falcon_127 azione_RL=CommutativeInverseCancellation
job=qaoa_indep_qiskit_3|ibm_falcon_127 azione_RL=Optimize1qGatesDecomposition
job=qaoa_indep_qiskit_3|ibm_falcon_127 azione_RL=BQSKitSynthesis
job=qaoa_indep_qiskit_3|ibm_falcon_127 fallback=QiskitO1
job=qft_indep_qiskit_3|ibm_falcon_127 azione_RL=BQSKitSynthesis
job=qft_indep_qiskit_3|ibm_falcon_127 azione_RL=InverseCancellation
job=qft_indep_qiskit_3|ibm_falcon_127 azione_RL=OptimizeCliffords
job=qft_indep_qiskit_3|ibm_falcon_127 azione_RL=InverseCancellation
job=qft_indep_qiskit_3|ibm_falcon_127 azione_RL=RemoveRedundancies
job=qft_indep_qiskit_3|ibm_falcon_127 azione_RL=FullPeepholeOptimiseCX
/home/elio/Tesi/.venv/lib/python3.12/site-packages/pytket/extensions/qiskit/qiskit_convert.py:1124: UserWarning: The pytket Circuit contains implicit qubit permutations which aren't handled by default. Consider using the replace_implicit_swaps flag in tk_to_qiskit or replacing them using Circuit.replace_implicit_swaps().
  warnings.warn(  # noqa: B028
job=qft_indep_qiskit_3|ibm_falcon_127 azione_RL=BQSKitSynthesis
job=qft_indep_qiskit_3|ibm_falcon_127 azione_RL=RemoveDiagonalGatesBeforeMeasure
job=qft_indep_qiskit_3|ibm_falcon_127 azione_RL=CommutativeInverseCancellation
job=qft_indep_qiskit_3|ibm_falcon_127 azione_RL=DenseLayout
job=qft_indep_qiskit_3|ibm_falcon_127 fallback=QiskitO1
job=qftentangled_indep_qiskit_3|ibm_falcon_127 azione_RL=BQSKitSynthesis
job=qftentangled_indep_qiskit_3|ibm_falcon_127 azione_RL=InverseCancellation
job=qftentangled_indep_qiskit_3|ibm_falcon_127 azione_RL=OptimizeCliffords
job=qftentangled_indep_qiskit_3|ibm_falcon_127 azione_RL=InverseCancellation
job=qftentangled_indep_qiskit_3|ibm_falcon_127 azione_RL=RemoveRedundancies
job=qftentangled_indep_qiskit_3|ibm_falcon_127 azione_RL=FullPeepholeOptimiseCX
/home/elio/Tesi/.venv/lib/python3.12/site-packages/pytket/extensions/qiskit/qiskit_convert.py:1124: UserWarning: The pytket Circuit contains implicit qubit permutations which aren't handled by default. Consider using the replace_implicit_swaps flag in tk_to_qiskit or replacing them using Circuit.replace_implicit_swaps().
  warnings.warn(  # noqa: B028
job=qftentangled_indep_qiskit_3|ibm_falcon_127 azione_RL=BQSKitSynthesis
job=qftentangled_indep_qiskit_3|ibm_falcon_127 azione_RL=RemoveDiagonalGatesBeforeMeasure
job=qftentangled_indep_qiskit_3|ibm_falcon_127 azione_RL=CommutativeInverseCancellation
job=qftentangled_indep_qiskit_3|ibm_falcon_127 azione_RL=DenseLayout
job=qftentangled_indep_qiskit_3|ibm_falcon_127 fallback=QiskitO1
job=qftentangled_indep_tket_3|ibm_falcon_127 azione_RL=BQSKitSynthesis
job=qftentangled_indep_tket_3|ibm_falcon_127 azione_RL=InverseCancellation
job=qftentangled_indep_tket_3|ibm_falcon_127 azione_RL=OptimizeCliffords
job=qftentangled_indep_tket_3|ibm_falcon_127 azione_RL=InverseCancellation
job=qftentangled_indep_tket_3|ibm_falcon_127 azione_RL=RemoveRedundancies
job=qftentangled_indep_tket_3|ibm_falcon_127 azione_RL=FullPeepholeOptimiseCX
/home/elio/Tesi/.venv/lib/python3.12/site-packages/pytket/extensions/qiskit/qiskit_convert.py:1124: UserWarning: The pytket Circuit contains implicit qubit permutations which aren't handled by default. Consider using the replace_implicit_swaps flag in tk_to_qiskit or replacing them using Circuit.replace_implicit_swaps().
  warnings.warn(  # noqa: B028
job=qftentangled_indep_tket_3|ibm_falcon_127 azione_RL=BQSKitSynthesis
job=qftentangled_indep_tket_3|ibm_falcon_127 azione_RL=RemoveDiagonalGatesBeforeMeasure
job=qftentangled_indep_tket_3|ibm_falcon_127 azione_RL=CommutativeInverseCancellation
job=qftentangled_indep_tket_3|ibm_falcon_127 azione_RL=DenseLayout
job=qftentangled_indep_tket_3|ibm_falcon_127 fallback=QiskitO1
job=qnn_indep_qiskit_3|ibm_falcon_127 azione_RL=BQSKitSynthesis
job=qnn_indep_qiskit_3|ibm_falcon_127 azione_RL=InverseCancellation
job=qnn_indep_qiskit_3|ibm_falcon_127 azione_RL=OptimizeCliffords
job=qnn_indep_qiskit_3|ibm_falcon_127 azione_RL=InverseCancellation
job=qnn_indep_qiskit_3|ibm_falcon_127 azione_RL=RemoveRedundancies
job=qnn_indep_qiskit_3|ibm_falcon_127 azione_RL=FullPeepholeOptimiseCX
job=qnn_indep_qiskit_3|ibm_falcon_127 azione_RL=BQSKitSynthesis
job=qnn_indep_qiskit_3|ibm_falcon_127 azione_RL=RemoveDiagonalGatesBeforeMeasure
job=qnn_indep_qiskit_3|ibm_falcon_127 azione_RL=CommutativeInverseCancellation
job=qnn_indep_qiskit_3|ibm_falcon_127 azione_RL=PeepholeOptimise2Q
job=qnn_indep_qiskit_3|ibm_falcon_127 azione_RL=PeepholeOptimise2Q
job=qnn_indep_qiskit_3|ibm_falcon_127 azione_RL=RemoveDiagonalGatesBeforeMeasure
job=qnn_indep_qiskit_3|ibm_falcon_127 azione_RL=BasisTranslator
job=qnn_indep_qiskit_3|ibm_falcon_127 azione_RL=CliffordSimp
job=qnn_indep_qiskit_3|ibm_falcon_127 azione_RL=BasisTranslator
job=qnn_indep_qiskit_3|ibm_falcon_127 azione_RL=CommutativeInverseCancellation
job=qnn_indep_qiskit_3|ibm_falcon_127 azione_RL=InverseCancellation
job=qnn_indep_qiskit_3|ibm_falcon_127 azione_RL=FullPeepholeOptimiseCX
job=qnn_indep_qiskit_3|ibm_falcon_127 azione_RL=CommutativeCancellation
job=qnn_indep_qiskit_3|ibm_falcon_127 azione_RL=RemoveDiagonalGatesBeforeMeasure
job=qnn_indep_qiskit_3|ibm_falcon_127 azione_RL=OptimizeCliffords
job=qnn_indep_qiskit_3|ibm_falcon_127 azione_RL=OptimizeCliffords
job=qnn_indep_qiskit_3|ibm_falcon_127 azione_RL=RemoveRedundancies
job=qnn_indep_qiskit_3|ibm_falcon_127 azione_RL=PeepholeOptimise2Q
job=qnn_indep_qiskit_3|ibm_falcon_127 azione_RL=BasisTranslator
job=qnn_indep_qiskit_3|ibm_falcon_127 azione_RL=RemoveRedundancies
job=qnn_indep_qiskit_3|ibm_falcon_127 azione_RL=BasisTranslator
job=qnn_indep_qiskit_3|ibm_falcon_127 azione_RL=CommutativeCancellation
job=qnn_indep_qiskit_3|ibm_falcon_127 azione_RL=QiskitO3
job=qnn_indep_qiskit_3|ibm_falcon_127 azione_RL=BQSKitO2
job=qnn_indep_qiskit_3|ibm_falcon_127 azione_RL=InverseCancellation
job=qnn_indep_qiskit_3|ibm_falcon_127 azione_RL=CommutativeCancellation
job=qnn_indep_qiskit_3|ibm_falcon_127 azione_RL=InverseCancellation
job=qnn_indep_qiskit_3|ibm_falcon_127 azione_RL=QiskitO3
job=qnn_indep_qiskit_3|ibm_falcon_127 azione_RL=RemoveDiagonalGatesBeforeMeasure
job=qnn_indep_qiskit_3|ibm_falcon_127 azione_RL=Opt2qBlocks
job=qnn_indep_qiskit_3|ibm_falcon_127 azione_RL=BQSKitSynthesis
job=qnn_indep_qiskit_3|ibm_falcon_127 azione_RL=CommutativeInverseCancellation
job=qnn_indep_qiskit_3|ibm_falcon_127 azione_RL=PeepholeOptimise2Q
job=qnn_indep_qiskit_3|ibm_falcon_127 azione_RL=CommutativeCancellation
job=qnn_indep_qiskit_3|ibm_falcon_127 azione_RL=Opt2qBlocks
job=qnn_indep_qiskit_3|ibm_falcon_127 azione_RL=BasisTranslator
job=qnn_indep_qiskit_3|ibm_falcon_127 azione_RL=BasisTranslator
job=qnn_indep_qiskit_3|ibm_falcon_127 azione_RL=Opt2qBlocks
job=qnn_indep_qiskit_3|ibm_falcon_127 azione_RL=RemoveDiagonalGatesBeforeMeasure
job=qnn_indep_qiskit_3|ibm_falcon_127 azione_RL=CliffordSimp
job=qnn_indep_qiskit_3|ibm_falcon_127 azione_RL=FullPeepholeOptimiseCX
job=qnn_indep_qiskit_3|ibm_falcon_127 azione_RL=CliffordSimp
job=qnn_indep_qiskit_3|ibm_falcon_127 azione_RL=CommutativeCancellation
job=qnn_indep_qiskit_3|ibm_falcon_127 azione_RL=RemoveRedundancies
job=qnn_indep_qiskit_3|ibm_falcon_127 azione_RL=QiskitO3
job=qnn_indep_qiskit_3|ibm_falcon_127 azione_RL=CommutativeCancellation
job=qnn_indep_qiskit_3|ibm_falcon_127 azione_RL=PeepholeOptimise2Q
job=qnn_indep_qiskit_3|ibm_falcon_127 azione_RL=PeepholeOptimise2Q
job=qnn_indep_qiskit_3|ibm_falcon_127 azione_RL=OptimizeCliffords
job=qnn_indep_qiskit_3|ibm_falcon_127 azione_RL=OptimizeCliffords
job=qnn_indep_qiskit_3|ibm_falcon_127 azione_RL=OptimizeCliffords
job=qnn_indep_qiskit_3|ibm_falcon_127 azione_RL=BasisTranslator
job=qnn_indep_qiskit_3|ibm_falcon_127 azione_RL=QiskitO3
job=qnn_indep_qiskit_3|ibm_falcon_127 azione_RL=PeepholeOptimise2Q
job=qnn_indep_qiskit_3|ibm_falcon_127 azione_RL=CommutativeInverseCancellation
job=qnn_indep_qiskit_3|ibm_falcon_127 azione_RL=Opt2qBlocks
job=qnn_indep_qiskit_3|ibm_falcon_127 azione_RL=BasisTranslator
job=qnn_indep_qiskit_3|ibm_falcon_127 azione_RL=Optimize1qGatesDecomposition
job=qnn_indep_qiskit_3|ibm_falcon_127 azione_RL=CliffordSimp
job=qnn_indep_qiskit_3|ibm_falcon_127 azione_RL=PeepholeOptimise2Q
job=qnn_indep_qiskit_3|ibm_falcon_127 azione_RL=QiskitO3
job=qnn_indep_qiskit_3|ibm_falcon_127 azione_RL=CommutativeCancellation
job=qnn_indep_qiskit_3|ibm_falcon_127 azione_RL=InverseCancellation
job=qnn_indep_qiskit_3|ibm_falcon_127 azione_RL=Optimize1qGatesDecomposition
job=qnn_indep_qiskit_3|ibm_falcon_127 azione_RL=CliffordSimp
job=qnn_indep_qiskit_3|ibm_falcon_127 azione_RL=Optimize1qGatesDecomposition
job=qnn_indep_qiskit_3|ibm_falcon_127 azione_RL=QiskitO3
job=qnn_indep_qiskit_3|ibm_falcon_127 azione_RL=RemoveRedundancies
job=qnn_indep_qiskit_3|ibm_falcon_127 azione_RL=RemoveDiagonalGatesBeforeMeasure
job=qnn_indep_qiskit_3|ibm_falcon_127 azione_RL=CommutativeInverseCancellation
job=qnn_indep_qiskit_3|ibm_falcon_127 azione_RL=InverseCancellation
job=qnn_indep_qiskit_3|ibm_falcon_127 azione_RL=CommutativeCancellation
job=qnn_indep_qiskit_3|ibm_falcon_127 azione_RL=QiskitO3
job=qnn_indep_qiskit_3|ibm_falcon_127 azione_RL=PeepholeOptimise2Q
job=qnn_indep_qiskit_3|ibm_falcon_127 azione_RL=CommutativeInverseCancellation
job=qnn_indep_qiskit_3|ibm_falcon_127 azione_RL=Opt2qBlocks
job=qnn_indep_qiskit_3|ibm_falcon_127 azione_RL=FullPeepholeOptimiseCX
job=qnn_indep_qiskit_3|ibm_falcon_127 azione_RL=OptimizeCliffords
job=qnn_indep_qiskit_3|ibm_falcon_127 azione_RL=InverseCancellation
job=qnn_indep_qiskit_3|ibm_falcon_127 azione_RL=BQSKitO2
job=qnn_indep_qiskit_3|ibm_falcon_127 azione_RL=OptimizeCliffords
job=qnn_indep_qiskit_3|ibm_falcon_127 azione_RL=InverseCancellation
job=qnn_indep_qiskit_3|ibm_falcon_127 azione_RL=Optimize1qGatesDecomposition
job=qnn_indep_qiskit_3|ibm_falcon_127 azione_RL=BQSKitO2
job=qnn_indep_qiskit_3|ibm_falcon_127 azione_RL=CliffordSimp
job=qnn_indep_qiskit_3|ibm_falcon_127 azione_RL=BQSKitSynthesis
job=qnn_indep_qiskit_3|ibm_falcon_127 fallback=QiskitO1
job=qnn_indep_tket_3|ibm_falcon_127 azione_RL=BQSKitSynthesis
job=qnn_indep_tket_3|ibm_falcon_127 azione_RL=InverseCancellation
job=qnn_indep_tket_3|ibm_falcon_127 azione_RL=OptimizeCliffords
job=qnn_indep_tket_3|ibm_falcon_127 azione_RL=InverseCancellation
job=qnn_indep_tket_3|ibm_falcon_127 azione_RL=RemoveRedundancies
job=qnn_indep_tket_3|ibm_falcon_127 azione_RL=FullPeepholeOptimiseCX
job=qnn_indep_tket_3|ibm_falcon_127 azione_RL=BQSKitSynthesis
job=qnn_indep_tket_3|ibm_falcon_127 azione_RL=RemoveDiagonalGatesBeforeMeasure
job=qnn_indep_tket_3|ibm_falcon_127 azione_RL=CommutativeInverseCancellation
job=qnn_indep_tket_3|ibm_falcon_127 azione_RL=PeepholeOptimise2Q
job=qnn_indep_tket_3|ibm_falcon_127 azione_RL=PeepholeOptimise2Q
job=qnn_indep_tket_3|ibm_falcon_127 azione_RL=RemoveDiagonalGatesBeforeMeasure
job=qnn_indep_tket_3|ibm_falcon_127 azione_RL=BasisTranslator
job=qnn_indep_tket_3|ibm_falcon_127 azione_RL=CliffordSimp
job=qnn_indep_tket_3|ibm_falcon_127 azione_RL=BasisTranslator
job=qnn_indep_tket_3|ibm_falcon_127 azione_RL=CommutativeInverseCancellation
job=qnn_indep_tket_3|ibm_falcon_127 azione_RL=InverseCancellation
job=qnn_indep_tket_3|ibm_falcon_127 azione_RL=FullPeepholeOptimiseCX
job=qnn_indep_tket_3|ibm_falcon_127 azione_RL=CommutativeCancellation
job=qnn_indep_tket_3|ibm_falcon_127 azione_RL=RemoveDiagonalGatesBeforeMeasure
job=qnn_indep_tket_3|ibm_falcon_127 azione_RL=OptimizeCliffords
job=qnn_indep_tket_3|ibm_falcon_127 azione_RL=OptimizeCliffords
job=qnn_indep_tket_3|ibm_falcon_127 azione_RL=RemoveRedundancies
job=qnn_indep_tket_3|ibm_falcon_127 azione_RL=PeepholeOptimise2Q
job=qnn_indep_tket_3|ibm_falcon_127 azione_RL=BasisTranslator
job=qnn_indep_tket_3|ibm_falcon_127 azione_RL=RemoveRedundancies
job=qnn_indep_tket_3|ibm_falcon_127 azione_RL=BasisTranslator
job=qnn_indep_tket_3|ibm_falcon_127 azione_RL=CommutativeCancellation
job=qnn_indep_tket_3|ibm_falcon_127 azione_RL=QiskitO3
job=qnn_indep_tket_3|ibm_falcon_127 azione_RL=BQSKitO2
job=qnn_indep_tket_3|ibm_falcon_127 azione_RL=InverseCancellation
job=qnn_indep_tket_3|ibm_falcon_127 azione_RL=CommutativeCancellation
job=qnn_indep_tket_3|ibm_falcon_127 azione_RL=InverseCancellation
job=qnn_indep_tket_3|ibm_falcon_127 azione_RL=QiskitO3
job=qnn_indep_tket_3|ibm_falcon_127 azione_RL=RemoveDiagonalGatesBeforeMeasure
job=qnn_indep_tket_3|ibm_falcon_127 azione_RL=Opt2qBlocks
job=qnn_indep_tket_3|ibm_falcon_127 azione_RL=BQSKitSynthesis
job=qnn_indep_tket_3|ibm_falcon_127 azione_RL=CommutativeInverseCancellation
job=qnn_indep_tket_3|ibm_falcon_127 azione_RL=PeepholeOptimise2Q
job=qnn_indep_tket_3|ibm_falcon_127 azione_RL=CommutativeCancellation
job=qnn_indep_tket_3|ibm_falcon_127 azione_RL=Opt2qBlocks
job=qnn_indep_tket_3|ibm_falcon_127 azione_RL=BasisTranslator
job=qnn_indep_tket_3|ibm_falcon_127 azione_RL=BasisTranslator
job=qnn_indep_tket_3|ibm_falcon_127 azione_RL=Opt2qBlocks
job=qnn_indep_tket_3|ibm_falcon_127 azione_RL=RemoveDiagonalGatesBeforeMeasure
job=qnn_indep_tket_3|ibm_falcon_127 azione_RL=CliffordSimp
job=qnn_indep_tket_3|ibm_falcon_127 azione_RL=FullPeepholeOptimiseCX
job=qnn_indep_tket_3|ibm_falcon_127 azione_RL=CliffordSimp
job=qnn_indep_tket_3|ibm_falcon_127 azione_RL=CommutativeCancellation
job=qnn_indep_tket_3|ibm_falcon_127 azione_RL=RemoveRedundancies
job=qnn_indep_tket_3|ibm_falcon_127 azione_RL=QiskitO3
job=qnn_indep_tket_3|ibm_falcon_127 azione_RL=CommutativeCancellation
job=qnn_indep_tket_3|ibm_falcon_127 azione_RL=PeepholeOptimise2Q
job=qnn_indep_tket_3|ibm_falcon_127 azione_RL=PeepholeOptimise2Q
job=qnn_indep_tket_3|ibm_falcon_127 azione_RL=OptimizeCliffords
job=qnn_indep_tket_3|ibm_falcon_127 azione_RL=OptimizeCliffords
job=qnn_indep_tket_3|ibm_falcon_127 azione_RL=OptimizeCliffords
job=qnn_indep_tket_3|ibm_falcon_127 azione_RL=BasisTranslator
job=qnn_indep_tket_3|ibm_falcon_127 azione_RL=QiskitO3
job=qnn_indep_tket_3|ibm_falcon_127 azione_RL=PeepholeOptimise2Q
job=qnn_indep_tket_3|ibm_falcon_127 azione_RL=CommutativeInverseCancellation
job=qnn_indep_tket_3|ibm_falcon_127 azione_RL=Opt2qBlocks
job=qnn_indep_tket_3|ibm_falcon_127 azione_RL=BasisTranslator
job=qnn_indep_tket_3|ibm_falcon_127 azione_RL=Optimize1qGatesDecomposition
job=qnn_indep_tket_3|ibm_falcon_127 azione_RL=CliffordSimp
job=qnn_indep_tket_3|ibm_falcon_127 azione_RL=PeepholeOptimise2Q
job=qnn_indep_tket_3|ibm_falcon_127 azione_RL=QiskitO3
job=qnn_indep_tket_3|ibm_falcon_127 azione_RL=CommutativeCancellation
job=qnn_indep_tket_3|ibm_falcon_127 azione_RL=InverseCancellation
job=qnn_indep_tket_3|ibm_falcon_127 azione_RL=Optimize1qGatesDecomposition
job=qnn_indep_tket_3|ibm_falcon_127 azione_RL=CliffordSimp
job=qnn_indep_tket_3|ibm_falcon_127 azione_RL=Optimize1qGatesDecomposition
job=qnn_indep_tket_3|ibm_falcon_127 azione_RL=QiskitO3
job=qnn_indep_tket_3|ibm_falcon_127 azione_RL=RemoveRedundancies
job=qnn_indep_tket_3|ibm_falcon_127 azione_RL=RemoveDiagonalGatesBeforeMeasure
job=qnn_indep_tket_3|ibm_falcon_127 azione_RL=CommutativeInverseCancellation
job=qnn_indep_tket_3|ibm_falcon_127 azione_RL=InverseCancellation
job=qnn_indep_tket_3|ibm_falcon_127 azione_RL=CommutativeCancellation
job=qnn_indep_tket_3|ibm_falcon_127 azione_RL=QiskitO3
job=qnn_indep_tket_3|ibm_falcon_127 azione_RL=PeepholeOptimise2Q
job=qnn_indep_tket_3|ibm_falcon_127 azione_RL=CommutativeInverseCancellation
job=qnn_indep_tket_3|ibm_falcon_127 azione_RL=Opt2qBlocks
job=qnn_indep_tket_3|ibm_falcon_127 azione_RL=FullPeepholeOptimiseCX
job=qnn_indep_tket_3|ibm_falcon_127 azione_RL=OptimizeCliffords
job=qnn_indep_tket_3|ibm_falcon_127 azione_RL=InverseCancellation
job=qnn_indep_tket_3|ibm_falcon_127 azione_RL=BQSKitO2
job=qnn_indep_tket_3|ibm_falcon_127 azione_RL=OptimizeCliffords
job=qnn_indep_tket_3|ibm_falcon_127 azione_RL=InverseCancellation
job=qnn_indep_tket_3|ibm_falcon_127 azione_RL=Optimize1qGatesDecomposition
job=qnn_indep_tket_3|ibm_falcon_127 azione_RL=BQSKitO2
job=qnn_indep_tket_3|ibm_falcon_127 azione_RL=CliffordSimp
job=qnn_indep_tket_3|ibm_falcon_127 azione_RL=BQSKitSynthesis
job=qnn_indep_tket_3|ibm_falcon_127 fallback=QiskitO1
job=random_indep_qiskit_3|ibm_falcon_127 azione_RL=BQSKitSynthesis
job=random_indep_qiskit_3|ibm_falcon_127 fallback=QiskitO1
job=random_indep_tket_3|ibm_falcon_127 azione_RL=BQSKitSynthesis
job=random_indep_tket_3|ibm_falcon_127 fallback=QiskitO1
job=realamprandom_indep_qiskit_3|ibm_falcon_127 azione_RL=BQSKitSynthesis
job=realamprandom_indep_qiskit_3|ibm_falcon_127 azione_RL=InverseCancellation
job=realamprandom_indep_qiskit_3|ibm_falcon_127 azione_RL=OptimizeCliffords
job=realamprandom_indep_qiskit_3|ibm_falcon_127 azione_RL=InverseCancellation
job=realamprandom_indep_qiskit_3|ibm_falcon_127 azione_RL=RemoveRedundancies
job=realamprandom_indep_qiskit_3|ibm_falcon_127 azione_RL=FullPeepholeOptimiseCX
job=realamprandom_indep_qiskit_3|ibm_falcon_127 azione_RL=BQSKitSynthesis
job=realamprandom_indep_qiskit_3|ibm_falcon_127 azione_RL=RemoveDiagonalGatesBeforeMeasure
job=realamprandom_indep_qiskit_3|ibm_falcon_127 azione_RL=CommutativeInverseCancellation
job=realamprandom_indep_qiskit_3|ibm_falcon_127 azione_RL=PeepholeOptimise2Q
job=realamprandom_indep_qiskit_3|ibm_falcon_127 azione_RL=PeepholeOptimise2Q
job=realamprandom_indep_qiskit_3|ibm_falcon_127 azione_RL=RemoveDiagonalGatesBeforeMeasure
job=realamprandom_indep_qiskit_3|ibm_falcon_127 azione_RL=BasisTranslator
job=realamprandom_indep_qiskit_3|ibm_falcon_127 azione_RL=CliffordSimp
job=realamprandom_indep_qiskit_3|ibm_falcon_127 azione_RL=BasisTranslator
job=realamprandom_indep_qiskit_3|ibm_falcon_127 azione_RL=CommutativeInverseCancellation
job=realamprandom_indep_qiskit_3|ibm_falcon_127 azione_RL=InverseCancellation
job=realamprandom_indep_qiskit_3|ibm_falcon_127 azione_RL=FullPeepholeOptimiseCX
job=realamprandom_indep_qiskit_3|ibm_falcon_127 azione_RL=CommutativeCancellation
job=realamprandom_indep_qiskit_3|ibm_falcon_127 azione_RL=RemoveDiagonalGatesBeforeMeasure
job=realamprandom_indep_qiskit_3|ibm_falcon_127 azione_RL=OptimizeCliffords
job=realamprandom_indep_qiskit_3|ibm_falcon_127 azione_RL=OptimizeCliffords
job=realamprandom_indep_qiskit_3|ibm_falcon_127 azione_RL=RemoveRedundancies
job=realamprandom_indep_qiskit_3|ibm_falcon_127 azione_RL=PeepholeOptimise2Q
job=realamprandom_indep_qiskit_3|ibm_falcon_127 azione_RL=BasisTranslator
job=realamprandom_indep_qiskit_3|ibm_falcon_127 azione_RL=RemoveRedundancies
job=realamprandom_indep_qiskit_3|ibm_falcon_127 azione_RL=BasisTranslator
job=realamprandom_indep_qiskit_3|ibm_falcon_127 azione_RL=CommutativeCancellation
job=realamprandom_indep_qiskit_3|ibm_falcon_127 azione_RL=QiskitO3
job=realamprandom_indep_qiskit_3|ibm_falcon_127 azione_RL=BQSKitO2
job=realamprandom_indep_qiskit_3|ibm_falcon_127 azione_RL=InverseCancellation
job=realamprandom_indep_qiskit_3|ibm_falcon_127 azione_RL=CommutativeCancellation
job=realamprandom_indep_qiskit_3|ibm_falcon_127 azione_RL=InverseCancellation
job=realamprandom_indep_qiskit_3|ibm_falcon_127 azione_RL=QiskitO3
job=realamprandom_indep_qiskit_3|ibm_falcon_127 azione_RL=RemoveDiagonalGatesBeforeMeasure
job=realamprandom_indep_qiskit_3|ibm_falcon_127 azione_RL=Opt2qBlocks
job=realamprandom_indep_qiskit_3|ibm_falcon_127 azione_RL=BQSKitSynthesis
job=realamprandom_indep_qiskit_3|ibm_falcon_127 azione_RL=CommutativeInverseCancellation
job=realamprandom_indep_qiskit_3|ibm_falcon_127 azione_RL=PeepholeOptimise2Q
job=realamprandom_indep_qiskit_3|ibm_falcon_127 azione_RL=CommutativeCancellation
job=realamprandom_indep_qiskit_3|ibm_falcon_127 azione_RL=Opt2qBlocks
job=realamprandom_indep_qiskit_3|ibm_falcon_127 azione_RL=BasisTranslator
job=realamprandom_indep_qiskit_3|ibm_falcon_127 azione_RL=BasisTranslator
job=realamprandom_indep_qiskit_3|ibm_falcon_127 azione_RL=Opt2qBlocks
job=realamprandom_indep_qiskit_3|ibm_falcon_127 azione_RL=RemoveDiagonalGatesBeforeMeasure
job=realamprandom_indep_qiskit_3|ibm_falcon_127 azione_RL=CliffordSimp
job=realamprandom_indep_qiskit_3|ibm_falcon_127 azione_RL=FullPeepholeOptimiseCX
job=realamprandom_indep_qiskit_3|ibm_falcon_127 azione_RL=CliffordSimp
job=realamprandom_indep_qiskit_3|ibm_falcon_127 azione_RL=CommutativeCancellation
job=realamprandom_indep_qiskit_3|ibm_falcon_127 azione_RL=RemoveRedundancies
job=realamprandom_indep_qiskit_3|ibm_falcon_127 azione_RL=QiskitO3
job=realamprandom_indep_qiskit_3|ibm_falcon_127 azione_RL=CommutativeCancellation
job=realamprandom_indep_qiskit_3|ibm_falcon_127 azione_RL=PeepholeOptimise2Q
job=realamprandom_indep_qiskit_3|ibm_falcon_127 azione_RL=PeepholeOptimise2Q
job=realamprandom_indep_qiskit_3|ibm_falcon_127 azione_RL=OptimizeCliffords
job=realamprandom_indep_qiskit_3|ibm_falcon_127 azione_RL=OptimizeCliffords
job=realamprandom_indep_qiskit_3|ibm_falcon_127 azione_RL=OptimizeCliffords
job=realamprandom_indep_qiskit_3|ibm_falcon_127 azione_RL=BasisTranslator
job=realamprandom_indep_qiskit_3|ibm_falcon_127 azione_RL=QiskitO3
job=realamprandom_indep_qiskit_3|ibm_falcon_127 azione_RL=PeepholeOptimise2Q
job=realamprandom_indep_qiskit_3|ibm_falcon_127 azione_RL=CommutativeInverseCancellation
job=realamprandom_indep_qiskit_3|ibm_falcon_127 azione_RL=Opt2qBlocks
job=realamprandom_indep_qiskit_3|ibm_falcon_127 azione_RL=BasisTranslator
job=realamprandom_indep_qiskit_3|ibm_falcon_127 azione_RL=Optimize1qGatesDecomposition
job=realamprandom_indep_qiskit_3|ibm_falcon_127 azione_RL=CliffordSimp
job=realamprandom_indep_qiskit_3|ibm_falcon_127 azione_RL=PeepholeOptimise2Q
job=realamprandom_indep_qiskit_3|ibm_falcon_127 azione_RL=QiskitO3
job=realamprandom_indep_qiskit_3|ibm_falcon_127 azione_RL=CommutativeCancellation
job=realamprandom_indep_qiskit_3|ibm_falcon_127 azione_RL=InverseCancellation
job=realamprandom_indep_qiskit_3|ibm_falcon_127 azione_RL=Optimize1qGatesDecomposition
job=realamprandom_indep_qiskit_3|ibm_falcon_127 azione_RL=CliffordSimp
job=realamprandom_indep_qiskit_3|ibm_falcon_127 azione_RL=Optimize1qGatesDecomposition
job=realamprandom_indep_qiskit_3|ibm_falcon_127 azione_RL=QiskitO3
job=realamprandom_indep_qiskit_3|ibm_falcon_127 azione_RL=RemoveRedundancies
job=realamprandom_indep_qiskit_3|ibm_falcon_127 azione_RL=RemoveDiagonalGatesBeforeMeasure
job=realamprandom_indep_qiskit_3|ibm_falcon_127 azione_RL=CommutativeInverseCancellation
job=realamprandom_indep_qiskit_3|ibm_falcon_127 azione_RL=InverseCancellation
job=realamprandom_indep_qiskit_3|ibm_falcon_127 azione_RL=CommutativeCancellation
job=realamprandom_indep_qiskit_3|ibm_falcon_127 azione_RL=QiskitO3
job=realamprandom_indep_qiskit_3|ibm_falcon_127 azione_RL=PeepholeOptimise2Q
job=realamprandom_indep_qiskit_3|ibm_falcon_127 azione_RL=CommutativeInverseCancellation
job=realamprandom_indep_qiskit_3|ibm_falcon_127 azione_RL=Opt2qBlocks
job=realamprandom_indep_qiskit_3|ibm_falcon_127 azione_RL=FullPeepholeOptimiseCX
job=realamprandom_indep_qiskit_3|ibm_falcon_127 azione_RL=OptimizeCliffords
job=realamprandom_indep_qiskit_3|ibm_falcon_127 azione_RL=InverseCancellation
job=realamprandom_indep_qiskit_3|ibm_falcon_127 azione_RL=BQSKitO2
job=realamprandom_indep_qiskit_3|ibm_falcon_127 azione_RL=OptimizeCliffords
job=realamprandom_indep_qiskit_3|ibm_falcon_127 azione_RL=InverseCancellation
job=realamprandom_indep_qiskit_3|ibm_falcon_127 azione_RL=Optimize1qGatesDecomposition
job=realamprandom_indep_qiskit_3|ibm_falcon_127 azione_RL=BQSKitO2
job=realamprandom_indep_qiskit_3|ibm_falcon_127 azione_RL=CliffordSimp
job=realamprandom_indep_qiskit_3|ibm_falcon_127 azione_RL=BQSKitSynthesis
job=realamprandom_indep_qiskit_3|ibm_falcon_127 fallback=QiskitO1
job=realamprandom_indep_tket_3|ibm_falcon_127 azione_RL=BQSKitSynthesis
job=realamprandom_indep_tket_3|ibm_falcon_127 azione_RL=InverseCancellation
job=realamprandom_indep_tket_3|ibm_falcon_127 azione_RL=OptimizeCliffords
job=realamprandom_indep_tket_3|ibm_falcon_127 azione_RL=InverseCancellation
job=realamprandom_indep_tket_3|ibm_falcon_127 azione_RL=RemoveRedundancies
job=realamprandom_indep_tket_3|ibm_falcon_127 azione_RL=FullPeepholeOptimiseCX
job=realamprandom_indep_tket_3|ibm_falcon_127 azione_RL=BQSKitSynthesis
job=realamprandom_indep_tket_3|ibm_falcon_127 azione_RL=RemoveDiagonalGatesBeforeMeasure
job=realamprandom_indep_tket_3|ibm_falcon_127 azione_RL=CommutativeInverseCancellation
job=realamprandom_indep_tket_3|ibm_falcon_127 azione_RL=PeepholeOptimise2Q
job=realamprandom_indep_tket_3|ibm_falcon_127 azione_RL=PeepholeOptimise2Q
job=realamprandom_indep_tket_3|ibm_falcon_127 azione_RL=RemoveDiagonalGatesBeforeMeasure
job=realamprandom_indep_tket_3|ibm_falcon_127 azione_RL=BasisTranslator
job=realamprandom_indep_tket_3|ibm_falcon_127 azione_RL=CliffordSimp
job=realamprandom_indep_tket_3|ibm_falcon_127 azione_RL=BasisTranslator
job=realamprandom_indep_tket_3|ibm_falcon_127 azione_RL=CommutativeInverseCancellation
job=realamprandom_indep_tket_3|ibm_falcon_127 azione_RL=InverseCancellation
job=realamprandom_indep_tket_3|ibm_falcon_127 azione_RL=FullPeepholeOptimiseCX
job=realamprandom_indep_tket_3|ibm_falcon_127 azione_RL=CommutativeCancellation
job=realamprandom_indep_tket_3|ibm_falcon_127 azione_RL=RemoveDiagonalGatesBeforeMeasure
job=realamprandom_indep_tket_3|ibm_falcon_127 azione_RL=OptimizeCliffords
job=realamprandom_indep_tket_3|ibm_falcon_127 azione_RL=OptimizeCliffords
job=realamprandom_indep_tket_3|ibm_falcon_127 azione_RL=RemoveRedundancies
job=realamprandom_indep_tket_3|ibm_falcon_127 azione_RL=PeepholeOptimise2Q
job=realamprandom_indep_tket_3|ibm_falcon_127 azione_RL=BasisTranslator
job=realamprandom_indep_tket_3|ibm_falcon_127 azione_RL=RemoveRedundancies
job=realamprandom_indep_tket_3|ibm_falcon_127 azione_RL=BasisTranslator
job=realamprandom_indep_tket_3|ibm_falcon_127 azione_RL=CommutativeCancellation
job=realamprandom_indep_tket_3|ibm_falcon_127 azione_RL=QiskitO3
job=realamprandom_indep_tket_3|ibm_falcon_127 azione_RL=BQSKitO2
job=realamprandom_indep_tket_3|ibm_falcon_127 azione_RL=InverseCancellation
job=realamprandom_indep_tket_3|ibm_falcon_127 azione_RL=CommutativeCancellation
job=realamprandom_indep_tket_3|ibm_falcon_127 azione_RL=InverseCancellation
job=realamprandom_indep_tket_3|ibm_falcon_127 azione_RL=QiskitO3
job=realamprandom_indep_tket_3|ibm_falcon_127 azione_RL=RemoveDiagonalGatesBeforeMeasure
job=realamprandom_indep_tket_3|ibm_falcon_127 azione_RL=Opt2qBlocks
job=realamprandom_indep_tket_3|ibm_falcon_127 azione_RL=BQSKitSynthesis
job=realamprandom_indep_tket_3|ibm_falcon_127 azione_RL=CommutativeInverseCancellation
job=realamprandom_indep_tket_3|ibm_falcon_127 azione_RL=PeepholeOptimise2Q
job=realamprandom_indep_tket_3|ibm_falcon_127 azione_RL=CommutativeCancellation
job=realamprandom_indep_tket_3|ibm_falcon_127 azione_RL=Opt2qBlocks
job=realamprandom_indep_tket_3|ibm_falcon_127 azione_RL=BasisTranslator
job=realamprandom_indep_tket_3|ibm_falcon_127 azione_RL=BasisTranslator
job=realamprandom_indep_tket_3|ibm_falcon_127 azione_RL=Opt2qBlocks
job=realamprandom_indep_tket_3|ibm_falcon_127 azione_RL=RemoveDiagonalGatesBeforeMeasure
job=realamprandom_indep_tket_3|ibm_falcon_127 azione_RL=CliffordSimp
job=realamprandom_indep_tket_3|ibm_falcon_127 azione_RL=FullPeepholeOptimiseCX
job=realamprandom_indep_tket_3|ibm_falcon_127 azione_RL=CliffordSimp
job=realamprandom_indep_tket_3|ibm_falcon_127 azione_RL=CommutativeCancellation
job=realamprandom_indep_tket_3|ibm_falcon_127 azione_RL=RemoveRedundancies
job=realamprandom_indep_tket_3|ibm_falcon_127 azione_RL=QiskitO3
job=realamprandom_indep_tket_3|ibm_falcon_127 azione_RL=CommutativeCancellation
job=realamprandom_indep_tket_3|ibm_falcon_127 azione_RL=PeepholeOptimise2Q
job=realamprandom_indep_tket_3|ibm_falcon_127 azione_RL=PeepholeOptimise2Q
job=realamprandom_indep_tket_3|ibm_falcon_127 azione_RL=OptimizeCliffords
job=realamprandom_indep_tket_3|ibm_falcon_127 azione_RL=OptimizeCliffords
job=realamprandom_indep_tket_3|ibm_falcon_127 azione_RL=OptimizeCliffords
job=realamprandom_indep_tket_3|ibm_falcon_127 azione_RL=BasisTranslator
job=realamprandom_indep_tket_3|ibm_falcon_127 azione_RL=QiskitO3
job=realamprandom_indep_tket_3|ibm_falcon_127 azione_RL=PeepholeOptimise2Q
job=realamprandom_indep_tket_3|ibm_falcon_127 azione_RL=CommutativeInverseCancellation
job=realamprandom_indep_tket_3|ibm_falcon_127 azione_RL=Opt2qBlocks
job=realamprandom_indep_tket_3|ibm_falcon_127 azione_RL=BasisTranslator
job=realamprandom_indep_tket_3|ibm_falcon_127 azione_RL=Optimize1qGatesDecomposition
job=realamprandom_indep_tket_3|ibm_falcon_127 azione_RL=CliffordSimp
job=realamprandom_indep_tket_3|ibm_falcon_127 azione_RL=PeepholeOptimise2Q
job=realamprandom_indep_tket_3|ibm_falcon_127 azione_RL=QiskitO3
job=realamprandom_indep_tket_3|ibm_falcon_127 azione_RL=CommutativeCancellation
job=realamprandom_indep_tket_3|ibm_falcon_127 azione_RL=InverseCancellation
job=realamprandom_indep_tket_3|ibm_falcon_127 azione_RL=Optimize1qGatesDecomposition
job=realamprandom_indep_tket_3|ibm_falcon_127 azione_RL=CliffordSimp
job=realamprandom_indep_tket_3|ibm_falcon_127 azione_RL=Optimize1qGatesDecomposition
job=realamprandom_indep_tket_3|ibm_falcon_127 azione_RL=QiskitO3
job=realamprandom_indep_tket_3|ibm_falcon_127 azione_RL=RemoveRedundancies
job=realamprandom_indep_tket_3|ibm_falcon_127 azione_RL=RemoveDiagonalGatesBeforeMeasure
job=realamprandom_indep_tket_3|ibm_falcon_127 azione_RL=CommutativeInverseCancellation
job=realamprandom_indep_tket_3|ibm_falcon_127 azione_RL=InverseCancellation
job=realamprandom_indep_tket_3|ibm_falcon_127 azione_RL=CommutativeCancellation
job=realamprandom_indep_tket_3|ibm_falcon_127 azione_RL=QiskitO3
job=realamprandom_indep_tket_3|ibm_falcon_127 azione_RL=PeepholeOptimise2Q
job=realamprandom_indep_tket_3|ibm_falcon_127 azione_RL=CommutativeInverseCancellation
job=realamprandom_indep_tket_3|ibm_falcon_127 azione_RL=Opt2qBlocks
job=realamprandom_indep_tket_3|ibm_falcon_127 azione_RL=FullPeepholeOptimiseCX
job=realamprandom_indep_tket_3|ibm_falcon_127 azione_RL=OptimizeCliffords
job=realamprandom_indep_tket_3|ibm_falcon_127 azione_RL=InverseCancellation
job=realamprandom_indep_tket_3|ibm_falcon_127 azione_RL=BQSKitO2
job=realamprandom_indep_tket_3|ibm_falcon_127 azione_RL=OptimizeCliffords
job=realamprandom_indep_tket_3|ibm_falcon_127 azione_RL=InverseCancellation
job=realamprandom_indep_tket_3|ibm_falcon_127 azione_RL=Optimize1qGatesDecomposition
job=realamprandom_indep_tket_3|ibm_falcon_127 azione_RL=BQSKitO2
job=realamprandom_indep_tket_3|ibm_falcon_127 azione_RL=CliffordSimp
job=realamprandom_indep_tket_3|ibm_falcon_127 azione_RL=BQSKitSynthesis
job=realamprandom_indep_tket_3|ibm_falcon_127 fallback=QiskitO1
job=su2random_indep_qiskit_3|ibm_falcon_127 azione_RL=BQSKitSynthesis
job=su2random_indep_qiskit_3|ibm_falcon_127 azione_RL=InverseCancellation
job=su2random_indep_qiskit_3|ibm_falcon_127 azione_RL=OptimizeCliffords
job=su2random_indep_qiskit_3|ibm_falcon_127 azione_RL=InverseCancellation
job=su2random_indep_qiskit_3|ibm_falcon_127 azione_RL=RemoveRedundancies
job=su2random_indep_qiskit_3|ibm_falcon_127 azione_RL=FullPeepholeOptimiseCX
job=su2random_indep_qiskit_3|ibm_falcon_127 azione_RL=BQSKitSynthesis
job=su2random_indep_qiskit_3|ibm_falcon_127 azione_RL=RemoveDiagonalGatesBeforeMeasure
job=su2random_indep_qiskit_3|ibm_falcon_127 azione_RL=CommutativeInverseCancellation
job=su2random_indep_qiskit_3|ibm_falcon_127 azione_RL=PeepholeOptimise2Q
job=su2random_indep_qiskit_3|ibm_falcon_127 azione_RL=PeepholeOptimise2Q
job=su2random_indep_qiskit_3|ibm_falcon_127 azione_RL=RemoveDiagonalGatesBeforeMeasure
job=su2random_indep_qiskit_3|ibm_falcon_127 azione_RL=BasisTranslator
job=su2random_indep_qiskit_3|ibm_falcon_127 azione_RL=CliffordSimp
job=su2random_indep_qiskit_3|ibm_falcon_127 azione_RL=BasisTranslator
job=su2random_indep_qiskit_3|ibm_falcon_127 azione_RL=CommutativeInverseCancellation
job=su2random_indep_qiskit_3|ibm_falcon_127 azione_RL=InverseCancellation
job=su2random_indep_qiskit_3|ibm_falcon_127 azione_RL=FullPeepholeOptimiseCX
job=su2random_indep_qiskit_3|ibm_falcon_127 azione_RL=CommutativeCancellation
job=su2random_indep_qiskit_3|ibm_falcon_127 azione_RL=RemoveDiagonalGatesBeforeMeasure
job=su2random_indep_qiskit_3|ibm_falcon_127 azione_RL=OptimizeCliffords
job=su2random_indep_qiskit_3|ibm_falcon_127 azione_RL=OptimizeCliffords
job=su2random_indep_qiskit_3|ibm_falcon_127 azione_RL=RemoveRedundancies
job=su2random_indep_qiskit_3|ibm_falcon_127 azione_RL=PeepholeOptimise2Q
job=su2random_indep_qiskit_3|ibm_falcon_127 azione_RL=BasisTranslator
job=su2random_indep_qiskit_3|ibm_falcon_127 azione_RL=RemoveRedundancies
job=su2random_indep_qiskit_3|ibm_falcon_127 azione_RL=BasisTranslator
job=su2random_indep_qiskit_3|ibm_falcon_127 azione_RL=CommutativeCancellation
job=su2random_indep_qiskit_3|ibm_falcon_127 azione_RL=QiskitO3
job=su2random_indep_qiskit_3|ibm_falcon_127 azione_RL=BQSKitO2
job=su2random_indep_qiskit_3|ibm_falcon_127 azione_RL=InverseCancellation
job=su2random_indep_qiskit_3|ibm_falcon_127 azione_RL=CommutativeCancellation
job=su2random_indep_qiskit_3|ibm_falcon_127 azione_RL=InverseCancellation
job=su2random_indep_qiskit_3|ibm_falcon_127 azione_RL=QiskitO3
job=su2random_indep_qiskit_3|ibm_falcon_127 azione_RL=RemoveDiagonalGatesBeforeMeasure
job=su2random_indep_qiskit_3|ibm_falcon_127 azione_RL=Opt2qBlocks
job=su2random_indep_qiskit_3|ibm_falcon_127 azione_RL=BQSKitSynthesis
job=su2random_indep_qiskit_3|ibm_falcon_127 azione_RL=CommutativeInverseCancellation
job=su2random_indep_qiskit_3|ibm_falcon_127 azione_RL=PeepholeOptimise2Q
job=su2random_indep_qiskit_3|ibm_falcon_127 azione_RL=CommutativeCancellation
job=su2random_indep_qiskit_3|ibm_falcon_127 azione_RL=Opt2qBlocks
job=su2random_indep_qiskit_3|ibm_falcon_127 azione_RL=BasisTranslator
job=su2random_indep_qiskit_3|ibm_falcon_127 azione_RL=BasisTranslator
job=su2random_indep_qiskit_3|ibm_falcon_127 azione_RL=Opt2qBlocks
job=su2random_indep_qiskit_3|ibm_falcon_127 azione_RL=RemoveDiagonalGatesBeforeMeasure
job=su2random_indep_qiskit_3|ibm_falcon_127 azione_RL=CliffordSimp
job=su2random_indep_qiskit_3|ibm_falcon_127 azione_RL=FullPeepholeOptimiseCX
job=su2random_indep_qiskit_3|ibm_falcon_127 azione_RL=CliffordSimp
job=su2random_indep_qiskit_3|ibm_falcon_127 azione_RL=CommutativeCancellation
job=su2random_indep_qiskit_3|ibm_falcon_127 azione_RL=RemoveRedundancies
job=su2random_indep_qiskit_3|ibm_falcon_127 azione_RL=QiskitO3
job=su2random_indep_qiskit_3|ibm_falcon_127 azione_RL=CommutativeCancellation
job=su2random_indep_qiskit_3|ibm_falcon_127 azione_RL=PeepholeOptimise2Q
job=su2random_indep_qiskit_3|ibm_falcon_127 azione_RL=PeepholeOptimise2Q
job=su2random_indep_qiskit_3|ibm_falcon_127 azione_RL=OptimizeCliffords
job=su2random_indep_qiskit_3|ibm_falcon_127 azione_RL=OptimizeCliffords
job=su2random_indep_qiskit_3|ibm_falcon_127 azione_RL=OptimizeCliffords
job=su2random_indep_qiskit_3|ibm_falcon_127 azione_RL=BasisTranslator
job=su2random_indep_qiskit_3|ibm_falcon_127 azione_RL=QiskitO3
job=su2random_indep_qiskit_3|ibm_falcon_127 azione_RL=PeepholeOptimise2Q
job=su2random_indep_qiskit_3|ibm_falcon_127 azione_RL=CommutativeInverseCancellation
job=su2random_indep_qiskit_3|ibm_falcon_127 azione_RL=Opt2qBlocks
job=su2random_indep_qiskit_3|ibm_falcon_127 azione_RL=BasisTranslator
job=su2random_indep_qiskit_3|ibm_falcon_127 azione_RL=Optimize1qGatesDecomposition
job=su2random_indep_qiskit_3|ibm_falcon_127 azione_RL=CliffordSimp
job=su2random_indep_qiskit_3|ibm_falcon_127 azione_RL=PeepholeOptimise2Q
job=su2random_indep_qiskit_3|ibm_falcon_127 azione_RL=QiskitO3
job=su2random_indep_qiskit_3|ibm_falcon_127 azione_RL=CommutativeCancellation
job=su2random_indep_qiskit_3|ibm_falcon_127 azione_RL=InverseCancellation
job=su2random_indep_qiskit_3|ibm_falcon_127 azione_RL=Optimize1qGatesDecomposition
job=su2random_indep_qiskit_3|ibm_falcon_127 azione_RL=CliffordSimp
job=su2random_indep_qiskit_3|ibm_falcon_127 azione_RL=Optimize1qGatesDecomposition
job=su2random_indep_qiskit_3|ibm_falcon_127 azione_RL=QiskitO3
job=su2random_indep_qiskit_3|ibm_falcon_127 azione_RL=RemoveRedundancies
job=su2random_indep_qiskit_3|ibm_falcon_127 azione_RL=RemoveDiagonalGatesBeforeMeasure
job=su2random_indep_qiskit_3|ibm_falcon_127 azione_RL=CommutativeInverseCancellation
job=su2random_indep_qiskit_3|ibm_falcon_127 azione_RL=InverseCancellation
job=su2random_indep_qiskit_3|ibm_falcon_127 azione_RL=CommutativeCancellation
job=su2random_indep_qiskit_3|ibm_falcon_127 azione_RL=QiskitO3
job=su2random_indep_qiskit_3|ibm_falcon_127 azione_RL=PeepholeOptimise2Q
job=su2random_indep_qiskit_3|ibm_falcon_127 azione_RL=CommutativeInverseCancellation
job=su2random_indep_qiskit_3|ibm_falcon_127 azione_RL=Opt2qBlocks
job=su2random_indep_qiskit_3|ibm_falcon_127 azione_RL=FullPeepholeOptimiseCX
job=su2random_indep_qiskit_3|ibm_falcon_127 azione_RL=OptimizeCliffords
job=su2random_indep_qiskit_3|ibm_falcon_127 azione_RL=InverseCancellation
job=su2random_indep_qiskit_3|ibm_falcon_127 azione_RL=BQSKitO2
job=su2random_indep_qiskit_3|ibm_falcon_127 azione_RL=OptimizeCliffords
job=su2random_indep_qiskit_3|ibm_falcon_127 azione_RL=InverseCancellation
job=su2random_indep_qiskit_3|ibm_falcon_127 azione_RL=Optimize1qGatesDecomposition
job=su2random_indep_qiskit_3|ibm_falcon_127 azione_RL=BQSKitO2
job=su2random_indep_qiskit_3|ibm_falcon_127 azione_RL=CliffordSimp
job=su2random_indep_qiskit_3|ibm_falcon_127 azione_RL=BQSKitSynthesis
job=su2random_indep_qiskit_3|ibm_falcon_127 fallback=QiskitO1
job=su2random_indep_tket_3|ibm_falcon_127 azione_RL=BQSKitSynthesis
job=su2random_indep_tket_3|ibm_falcon_127 azione_RL=InverseCancellation
job=su2random_indep_tket_3|ibm_falcon_127 azione_RL=OptimizeCliffords
job=su2random_indep_tket_3|ibm_falcon_127 azione_RL=InverseCancellation
job=su2random_indep_tket_3|ibm_falcon_127 azione_RL=RemoveRedundancies
job=su2random_indep_tket_3|ibm_falcon_127 azione_RL=FullPeepholeOptimiseCX
job=su2random_indep_tket_3|ibm_falcon_127 azione_RL=BQSKitSynthesis
job=su2random_indep_tket_3|ibm_falcon_127 azione_RL=RemoveDiagonalGatesBeforeMeasure
job=su2random_indep_tket_3|ibm_falcon_127 azione_RL=CommutativeInverseCancellation
job=su2random_indep_tket_3|ibm_falcon_127 azione_RL=PeepholeOptimise2Q
job=su2random_indep_tket_3|ibm_falcon_127 azione_RL=PeepholeOptimise2Q
job=su2random_indep_tket_3|ibm_falcon_127 azione_RL=RemoveDiagonalGatesBeforeMeasure
job=su2random_indep_tket_3|ibm_falcon_127 azione_RL=BasisTranslator
job=su2random_indep_tket_3|ibm_falcon_127 azione_RL=CliffordSimp
job=su2random_indep_tket_3|ibm_falcon_127 azione_RL=BasisTranslator
job=su2random_indep_tket_3|ibm_falcon_127 azione_RL=CommutativeInverseCancellation
job=su2random_indep_tket_3|ibm_falcon_127 azione_RL=InverseCancellation
job=su2random_indep_tket_3|ibm_falcon_127 azione_RL=FullPeepholeOptimiseCX
job=su2random_indep_tket_3|ibm_falcon_127 azione_RL=CommutativeCancellation
job=su2random_indep_tket_3|ibm_falcon_127 azione_RL=RemoveDiagonalGatesBeforeMeasure
job=su2random_indep_tket_3|ibm_falcon_127 azione_RL=OptimizeCliffords
job=su2random_indep_tket_3|ibm_falcon_127 azione_RL=OptimizeCliffords
job=su2random_indep_tket_3|ibm_falcon_127 azione_RL=RemoveRedundancies
job=su2random_indep_tket_3|ibm_falcon_127 azione_RL=PeepholeOptimise2Q
job=su2random_indep_tket_3|ibm_falcon_127 azione_RL=BasisTranslator
job=su2random_indep_tket_3|ibm_falcon_127 azione_RL=RemoveRedundancies
job=su2random_indep_tket_3|ibm_falcon_127 azione_RL=BasisTranslator
job=su2random_indep_tket_3|ibm_falcon_127 azione_RL=CommutativeCancellation
job=su2random_indep_tket_3|ibm_falcon_127 azione_RL=QiskitO3
job=su2random_indep_tket_3|ibm_falcon_127 azione_RL=BQSKitO2
job=su2random_indep_tket_3|ibm_falcon_127 azione_RL=InverseCancellation
job=su2random_indep_tket_3|ibm_falcon_127 azione_RL=CommutativeCancellation
job=su2random_indep_tket_3|ibm_falcon_127 azione_RL=InverseCancellation
job=su2random_indep_tket_3|ibm_falcon_127 azione_RL=QiskitO3
job=su2random_indep_tket_3|ibm_falcon_127 azione_RL=RemoveDiagonalGatesBeforeMeasure
job=su2random_indep_tket_3|ibm_falcon_127 azione_RL=Opt2qBlocks
job=su2random_indep_tket_3|ibm_falcon_127 azione_RL=BQSKitSynthesis
job=su2random_indep_tket_3|ibm_falcon_127 azione_RL=CommutativeInverseCancellation
job=su2random_indep_tket_3|ibm_falcon_127 azione_RL=PeepholeOptimise2Q
job=su2random_indep_tket_3|ibm_falcon_127 azione_RL=CommutativeCancellation
job=su2random_indep_tket_3|ibm_falcon_127 azione_RL=Opt2qBlocks
job=su2random_indep_tket_3|ibm_falcon_127 azione_RL=BasisTranslator
job=su2random_indep_tket_3|ibm_falcon_127 azione_RL=BasisTranslator
job=su2random_indep_tket_3|ibm_falcon_127 azione_RL=Opt2qBlocks
job=su2random_indep_tket_3|ibm_falcon_127 azione_RL=RemoveDiagonalGatesBeforeMeasure
job=su2random_indep_tket_3|ibm_falcon_127 azione_RL=CliffordSimp
job=su2random_indep_tket_3|ibm_falcon_127 azione_RL=FullPeepholeOptimiseCX
job=su2random_indep_tket_3|ibm_falcon_127 azione_RL=CliffordSimp
job=su2random_indep_tket_3|ibm_falcon_127 azione_RL=CommutativeCancellation
job=su2random_indep_tket_3|ibm_falcon_127 azione_RL=RemoveRedundancies
job=su2random_indep_tket_3|ibm_falcon_127 azione_RL=QiskitO3
job=su2random_indep_tket_3|ibm_falcon_127 azione_RL=CommutativeCancellation
job=su2random_indep_tket_3|ibm_falcon_127 azione_RL=PeepholeOptimise2Q
job=su2random_indep_tket_3|ibm_falcon_127 azione_RL=PeepholeOptimise2Q
job=su2random_indep_tket_3|ibm_falcon_127 azione_RL=OptimizeCliffords
job=su2random_indep_tket_3|ibm_falcon_127 azione_RL=OptimizeCliffords
job=su2random_indep_tket_3|ibm_falcon_127 azione_RL=OptimizeCliffords
job=su2random_indep_tket_3|ibm_falcon_127 azione_RL=BasisTranslator
job=su2random_indep_tket_3|ibm_falcon_127 azione_RL=QiskitO3
job=su2random_indep_tket_3|ibm_falcon_127 azione_RL=PeepholeOptimise2Q
job=su2random_indep_tket_3|ibm_falcon_127 azione_RL=CommutativeInverseCancellation
job=su2random_indep_tket_3|ibm_falcon_127 azione_RL=Opt2qBlocks
job=su2random_indep_tket_3|ibm_falcon_127 azione_RL=BasisTranslator
job=su2random_indep_tket_3|ibm_falcon_127 azione_RL=Optimize1qGatesDecomposition
job=su2random_indep_tket_3|ibm_falcon_127 azione_RL=CliffordSimp
job=su2random_indep_tket_3|ibm_falcon_127 azione_RL=PeepholeOptimise2Q
job=su2random_indep_tket_3|ibm_falcon_127 azione_RL=QiskitO3
job=su2random_indep_tket_3|ibm_falcon_127 azione_RL=CommutativeCancellation
job=su2random_indep_tket_3|ibm_falcon_127 azione_RL=InverseCancellation
job=su2random_indep_tket_3|ibm_falcon_127 azione_RL=Optimize1qGatesDecomposition
job=su2random_indep_tket_3|ibm_falcon_127 azione_RL=CliffordSimp
job=su2random_indep_tket_3|ibm_falcon_127 azione_RL=Optimize1qGatesDecomposition
job=su2random_indep_tket_3|ibm_falcon_127 azione_RL=QiskitO3
job=su2random_indep_tket_3|ibm_falcon_127 azione_RL=RemoveRedundancies
job=su2random_indep_tket_3|ibm_falcon_127 azione_RL=RemoveDiagonalGatesBeforeMeasure
job=su2random_indep_tket_3|ibm_falcon_127 azione_RL=CommutativeInverseCancellation
job=su2random_indep_tket_3|ibm_falcon_127 azione_RL=InverseCancellation
job=su2random_indep_tket_3|ibm_falcon_127 azione_RL=CommutativeCancellation
job=su2random_indep_tket_3|ibm_falcon_127 azione_RL=QiskitO3
job=su2random_indep_tket_3|ibm_falcon_127 azione_RL=PeepholeOptimise2Q
job=su2random_indep_tket_3|ibm_falcon_127 azione_RL=CommutativeInverseCancellation
job=su2random_indep_tket_3|ibm_falcon_127 azione_RL=Opt2qBlocks
job=su2random_indep_tket_3|ibm_falcon_127 azione_RL=FullPeepholeOptimiseCX
job=su2random_indep_tket_3|ibm_falcon_127 azione_RL=OptimizeCliffords
job=su2random_indep_tket_3|ibm_falcon_127 azione_RL=InverseCancellation
job=su2random_indep_tket_3|ibm_falcon_127 azione_RL=BQSKitO2
job=su2random_indep_tket_3|ibm_falcon_127 azione_RL=OptimizeCliffords
job=su2random_indep_tket_3|ibm_falcon_127 azione_RL=InverseCancellation
job=su2random_indep_tket_3|ibm_falcon_127 azione_RL=Optimize1qGatesDecomposition
job=su2random_indep_tket_3|ibm_falcon_127 azione_RL=BQSKitO2
job=su2random_indep_tket_3|ibm_falcon_127 azione_RL=CliffordSimp
job=su2random_indep_tket_3|ibm_falcon_127 azione_RL=BQSKitSynthesis
job=su2random_indep_tket_3|ibm_falcon_127 fallback=QiskitO1
job=twolocalrandom_indep_qiskit_3|ibm_falcon_127 azione_RL=BQSKitSynthesis
job=twolocalrandom_indep_qiskit_3|ibm_falcon_127 azione_RL=InverseCancellation
job=twolocalrandom_indep_qiskit_3|ibm_falcon_127 azione_RL=OptimizeCliffords
job=twolocalrandom_indep_qiskit_3|ibm_falcon_127 azione_RL=InverseCancellation
job=twolocalrandom_indep_qiskit_3|ibm_falcon_127 azione_RL=RemoveRedundancies
job=twolocalrandom_indep_qiskit_3|ibm_falcon_127 azione_RL=FullPeepholeOptimiseCX
job=twolocalrandom_indep_qiskit_3|ibm_falcon_127 azione_RL=BQSKitSynthesis
job=twolocalrandom_indep_qiskit_3|ibm_falcon_127 azione_RL=RemoveDiagonalGatesBeforeMeasure
job=twolocalrandom_indep_qiskit_3|ibm_falcon_127 azione_RL=CommutativeInverseCancellation
job=twolocalrandom_indep_qiskit_3|ibm_falcon_127 azione_RL=PeepholeOptimise2Q
job=twolocalrandom_indep_qiskit_3|ibm_falcon_127 azione_RL=PeepholeOptimise2Q
job=twolocalrandom_indep_qiskit_3|ibm_falcon_127 azione_RL=RemoveDiagonalGatesBeforeMeasure
job=twolocalrandom_indep_qiskit_3|ibm_falcon_127 azione_RL=BasisTranslator
job=twolocalrandom_indep_qiskit_3|ibm_falcon_127 azione_RL=CliffordSimp
job=twolocalrandom_indep_qiskit_3|ibm_falcon_127 azione_RL=BasisTranslator
job=twolocalrandom_indep_qiskit_3|ibm_falcon_127 azione_RL=CommutativeInverseCancellation
job=twolocalrandom_indep_qiskit_3|ibm_falcon_127 azione_RL=InverseCancellation
job=twolocalrandom_indep_qiskit_3|ibm_falcon_127 azione_RL=FullPeepholeOptimiseCX
job=twolocalrandom_indep_qiskit_3|ibm_falcon_127 azione_RL=CommutativeCancellation
job=twolocalrandom_indep_qiskit_3|ibm_falcon_127 azione_RL=RemoveDiagonalGatesBeforeMeasure
job=twolocalrandom_indep_qiskit_3|ibm_falcon_127 azione_RL=OptimizeCliffords
job=twolocalrandom_indep_qiskit_3|ibm_falcon_127 azione_RL=OptimizeCliffords
job=twolocalrandom_indep_qiskit_3|ibm_falcon_127 azione_RL=RemoveRedundancies
job=twolocalrandom_indep_qiskit_3|ibm_falcon_127 azione_RL=PeepholeOptimise2Q
job=twolocalrandom_indep_qiskit_3|ibm_falcon_127 azione_RL=BasisTranslator
job=twolocalrandom_indep_qiskit_3|ibm_falcon_127 azione_RL=RemoveRedundancies
job=twolocalrandom_indep_qiskit_3|ibm_falcon_127 azione_RL=BasisTranslator
job=twolocalrandom_indep_qiskit_3|ibm_falcon_127 azione_RL=CommutativeCancellation
job=twolocalrandom_indep_qiskit_3|ibm_falcon_127 azione_RL=QiskitO3
job=twolocalrandom_indep_qiskit_3|ibm_falcon_127 azione_RL=BQSKitO2
job=twolocalrandom_indep_qiskit_3|ibm_falcon_127 azione_RL=InverseCancellation
job=twolocalrandom_indep_qiskit_3|ibm_falcon_127 azione_RL=CommutativeCancellation
job=twolocalrandom_indep_qiskit_3|ibm_falcon_127 azione_RL=InverseCancellation
job=twolocalrandom_indep_qiskit_3|ibm_falcon_127 azione_RL=QiskitO3
job=twolocalrandom_indep_qiskit_3|ibm_falcon_127 azione_RL=RemoveDiagonalGatesBeforeMeasure
job=twolocalrandom_indep_qiskit_3|ibm_falcon_127 azione_RL=Opt2qBlocks
job=twolocalrandom_indep_qiskit_3|ibm_falcon_127 azione_RL=BQSKitSynthesis
job=twolocalrandom_indep_qiskit_3|ibm_falcon_127 azione_RL=CommutativeInverseCancellation
job=twolocalrandom_indep_qiskit_3|ibm_falcon_127 azione_RL=PeepholeOptimise2Q
job=twolocalrandom_indep_qiskit_3|ibm_falcon_127 azione_RL=CommutativeCancellation
job=twolocalrandom_indep_qiskit_3|ibm_falcon_127 azione_RL=Opt2qBlocks
job=twolocalrandom_indep_qiskit_3|ibm_falcon_127 azione_RL=BasisTranslator
job=twolocalrandom_indep_qiskit_3|ibm_falcon_127 azione_RL=BasisTranslator
job=twolocalrandom_indep_qiskit_3|ibm_falcon_127 azione_RL=Opt2qBlocks
job=twolocalrandom_indep_qiskit_3|ibm_falcon_127 azione_RL=RemoveDiagonalGatesBeforeMeasure
job=twolocalrandom_indep_qiskit_3|ibm_falcon_127 azione_RL=CliffordSimp
job=twolocalrandom_indep_qiskit_3|ibm_falcon_127 azione_RL=FullPeepholeOptimiseCX
job=twolocalrandom_indep_qiskit_3|ibm_falcon_127 azione_RL=CliffordSimp
job=twolocalrandom_indep_qiskit_3|ibm_falcon_127 azione_RL=CommutativeCancellation
job=twolocalrandom_indep_qiskit_3|ibm_falcon_127 azione_RL=RemoveRedundancies
job=twolocalrandom_indep_qiskit_3|ibm_falcon_127 azione_RL=QiskitO3
job=twolocalrandom_indep_qiskit_3|ibm_falcon_127 azione_RL=CommutativeCancellation
job=twolocalrandom_indep_qiskit_3|ibm_falcon_127 azione_RL=PeepholeOptimise2Q
job=twolocalrandom_indep_qiskit_3|ibm_falcon_127 azione_RL=PeepholeOptimise2Q
job=twolocalrandom_indep_qiskit_3|ibm_falcon_127 azione_RL=OptimizeCliffords
job=twolocalrandom_indep_qiskit_3|ibm_falcon_127 azione_RL=OptimizeCliffords
job=twolocalrandom_indep_qiskit_3|ibm_falcon_127 azione_RL=OptimizeCliffords
job=twolocalrandom_indep_qiskit_3|ibm_falcon_127 azione_RL=BasisTranslator
job=twolocalrandom_indep_qiskit_3|ibm_falcon_127 azione_RL=QiskitO3
job=twolocalrandom_indep_qiskit_3|ibm_falcon_127 azione_RL=PeepholeOptimise2Q
job=twolocalrandom_indep_qiskit_3|ibm_falcon_127 azione_RL=CommutativeInverseCancellation
job=twolocalrandom_indep_qiskit_3|ibm_falcon_127 azione_RL=Opt2qBlocks
job=twolocalrandom_indep_qiskit_3|ibm_falcon_127 azione_RL=BasisTranslator
job=twolocalrandom_indep_qiskit_3|ibm_falcon_127 azione_RL=Optimize1qGatesDecomposition
job=twolocalrandom_indep_qiskit_3|ibm_falcon_127 azione_RL=CliffordSimp
job=twolocalrandom_indep_qiskit_3|ibm_falcon_127 azione_RL=PeepholeOptimise2Q
job=twolocalrandom_indep_qiskit_3|ibm_falcon_127 azione_RL=QiskitO3
job=twolocalrandom_indep_qiskit_3|ibm_falcon_127 azione_RL=CommutativeCancellation
job=twolocalrandom_indep_qiskit_3|ibm_falcon_127 azione_RL=InverseCancellation
job=twolocalrandom_indep_qiskit_3|ibm_falcon_127 azione_RL=Optimize1qGatesDecomposition
job=twolocalrandom_indep_qiskit_3|ibm_falcon_127 azione_RL=CliffordSimp
job=twolocalrandom_indep_qiskit_3|ibm_falcon_127 azione_RL=Optimize1qGatesDecomposition
job=twolocalrandom_indep_qiskit_3|ibm_falcon_127 azione_RL=QiskitO3
job=twolocalrandom_indep_qiskit_3|ibm_falcon_127 azione_RL=RemoveRedundancies
job=twolocalrandom_indep_qiskit_3|ibm_falcon_127 azione_RL=RemoveDiagonalGatesBeforeMeasure
job=twolocalrandom_indep_qiskit_3|ibm_falcon_127 azione_RL=CommutativeInverseCancellation
job=twolocalrandom_indep_qiskit_3|ibm_falcon_127 azione_RL=InverseCancellation
job=twolocalrandom_indep_qiskit_3|ibm_falcon_127 azione_RL=CommutativeCancellation
job=twolocalrandom_indep_qiskit_3|ibm_falcon_127 azione_RL=QiskitO3
job=twolocalrandom_indep_qiskit_3|ibm_falcon_127 azione_RL=PeepholeOptimise2Q
job=twolocalrandom_indep_qiskit_3|ibm_falcon_127 azione_RL=CommutativeInverseCancellation
job=twolocalrandom_indep_qiskit_3|ibm_falcon_127 azione_RL=Opt2qBlocks
job=twolocalrandom_indep_qiskit_3|ibm_falcon_127 azione_RL=FullPeepholeOptimiseCX
job=twolocalrandom_indep_qiskit_3|ibm_falcon_127 azione_RL=OptimizeCliffords
job=twolocalrandom_indep_qiskit_3|ibm_falcon_127 azione_RL=InverseCancellation
job=twolocalrandom_indep_qiskit_3|ibm_falcon_127 azione_RL=BQSKitO2
job=twolocalrandom_indep_qiskit_3|ibm_falcon_127 azione_RL=OptimizeCliffords
job=twolocalrandom_indep_qiskit_3|ibm_falcon_127 azione_RL=InverseCancellation
job=twolocalrandom_indep_qiskit_3|ibm_falcon_127 azione_RL=Optimize1qGatesDecomposition
job=twolocalrandom_indep_qiskit_3|ibm_falcon_127 azione_RL=BQSKitO2
job=twolocalrandom_indep_qiskit_3|ibm_falcon_127 azione_RL=CliffordSimp
job=twolocalrandom_indep_qiskit_3|ibm_falcon_127 azione_RL=BQSKitSynthesis
job=twolocalrandom_indep_qiskit_3|ibm_falcon_127 fallback=QiskitO1
job=twolocalrandom_indep_tket_3|ibm_falcon_127 azione_RL=BQSKitSynthesis
job=twolocalrandom_indep_tket_3|ibm_falcon_127 azione_RL=InverseCancellation
job=twolocalrandom_indep_tket_3|ibm_falcon_127 azione_RL=OptimizeCliffords
job=twolocalrandom_indep_tket_3|ibm_falcon_127 azione_RL=InverseCancellation
job=twolocalrandom_indep_tket_3|ibm_falcon_127 azione_RL=RemoveRedundancies
job=twolocalrandom_indep_tket_3|ibm_falcon_127 azione_RL=FullPeepholeOptimiseCX
job=twolocalrandom_indep_tket_3|ibm_falcon_127 azione_RL=BQSKitSynthesis
job=twolocalrandom_indep_tket_3|ibm_falcon_127 azione_RL=RemoveDiagonalGatesBeforeMeasure
job=twolocalrandom_indep_tket_3|ibm_falcon_127 azione_RL=CommutativeInverseCancellation
job=twolocalrandom_indep_tket_3|ibm_falcon_127 azione_RL=PeepholeOptimise2Q
job=twolocalrandom_indep_tket_3|ibm_falcon_127 azione_RL=PeepholeOptimise2Q
job=twolocalrandom_indep_tket_3|ibm_falcon_127 azione_RL=RemoveDiagonalGatesBeforeMeasure
job=twolocalrandom_indep_tket_3|ibm_falcon_127 azione_RL=BasisTranslator
job=twolocalrandom_indep_tket_3|ibm_falcon_127 azione_RL=CliffordSimp
job=twolocalrandom_indep_tket_3|ibm_falcon_127 azione_RL=BasisTranslator
job=twolocalrandom_indep_tket_3|ibm_falcon_127 azione_RL=CommutativeInverseCancellation
job=twolocalrandom_indep_tket_3|ibm_falcon_127 azione_RL=InverseCancellation
job=twolocalrandom_indep_tket_3|ibm_falcon_127 azione_RL=FullPeepholeOptimiseCX
job=twolocalrandom_indep_tket_3|ibm_falcon_127 azione_RL=CommutativeCancellation
job=twolocalrandom_indep_tket_3|ibm_falcon_127 azione_RL=RemoveDiagonalGatesBeforeMeasure
job=twolocalrandom_indep_tket_3|ibm_falcon_127 azione_RL=OptimizeCliffords
job=twolocalrandom_indep_tket_3|ibm_falcon_127 azione_RL=OptimizeCliffords
job=twolocalrandom_indep_tket_3|ibm_falcon_127 azione_RL=RemoveRedundancies
job=twolocalrandom_indep_tket_3|ibm_falcon_127 azione_RL=PeepholeOptimise2Q
job=twolocalrandom_indep_tket_3|ibm_falcon_127 azione_RL=BasisTranslator
job=twolocalrandom_indep_tket_3|ibm_falcon_127 azione_RL=RemoveRedundancies
job=twolocalrandom_indep_tket_3|ibm_falcon_127 azione_RL=BasisTranslator
job=twolocalrandom_indep_tket_3|ibm_falcon_127 azione_RL=CommutativeCancellation
job=twolocalrandom_indep_tket_3|ibm_falcon_127 azione_RL=QiskitO3
job=twolocalrandom_indep_tket_3|ibm_falcon_127 azione_RL=BQSKitO2
job=twolocalrandom_indep_tket_3|ibm_falcon_127 azione_RL=InverseCancellation
job=twolocalrandom_indep_tket_3|ibm_falcon_127 azione_RL=CommutativeCancellation
job=twolocalrandom_indep_tket_3|ibm_falcon_127 azione_RL=InverseCancellation
job=twolocalrandom_indep_tket_3|ibm_falcon_127 azione_RL=QiskitO3
job=twolocalrandom_indep_tket_3|ibm_falcon_127 azione_RL=RemoveDiagonalGatesBeforeMeasure
job=twolocalrandom_indep_tket_3|ibm_falcon_127 azione_RL=Opt2qBlocks
job=twolocalrandom_indep_tket_3|ibm_falcon_127 azione_RL=BQSKitSynthesis
job=twolocalrandom_indep_tket_3|ibm_falcon_127 azione_RL=CommutativeInverseCancellation
job=twolocalrandom_indep_tket_3|ibm_falcon_127 azione_RL=PeepholeOptimise2Q
job=twolocalrandom_indep_tket_3|ibm_falcon_127 azione_RL=CommutativeCancellation
job=twolocalrandom_indep_tket_3|ibm_falcon_127 azione_RL=Opt2qBlocks
job=twolocalrandom_indep_tket_3|ibm_falcon_127 azione_RL=BasisTranslator
job=twolocalrandom_indep_tket_3|ibm_falcon_127 azione_RL=BasisTranslator
job=twolocalrandom_indep_tket_3|ibm_falcon_127 azione_RL=Opt2qBlocks
job=twolocalrandom_indep_tket_3|ibm_falcon_127 azione_RL=RemoveDiagonalGatesBeforeMeasure
job=twolocalrandom_indep_tket_3|ibm_falcon_127 azione_RL=CliffordSimp
job=twolocalrandom_indep_tket_3|ibm_falcon_127 azione_RL=FullPeepholeOptimiseCX
job=twolocalrandom_indep_tket_3|ibm_falcon_127 azione_RL=CliffordSimp
job=twolocalrandom_indep_tket_3|ibm_falcon_127 azione_RL=CommutativeCancellation
job=twolocalrandom_indep_tket_3|ibm_falcon_127 azione_RL=RemoveRedundancies
job=twolocalrandom_indep_tket_3|ibm_falcon_127 azione_RL=QiskitO3
job=twolocalrandom_indep_tket_3|ibm_falcon_127 azione_RL=CommutativeCancellation
job=twolocalrandom_indep_tket_3|ibm_falcon_127 azione_RL=PeepholeOptimise2Q
job=twolocalrandom_indep_tket_3|ibm_falcon_127 azione_RL=PeepholeOptimise2Q
job=twolocalrandom_indep_tket_3|ibm_falcon_127 azione_RL=OptimizeCliffords
job=twolocalrandom_indep_tket_3|ibm_falcon_127 azione_RL=OptimizeCliffords
job=twolocalrandom_indep_tket_3|ibm_falcon_127 azione_RL=OptimizeCliffords
job=twolocalrandom_indep_tket_3|ibm_falcon_127 azione_RL=BasisTranslator
job=twolocalrandom_indep_tket_3|ibm_falcon_127 azione_RL=QiskitO3
job=twolocalrandom_indep_tket_3|ibm_falcon_127 azione_RL=PeepholeOptimise2Q
job=twolocalrandom_indep_tket_3|ibm_falcon_127 azione_RL=CommutativeInverseCancellation
job=twolocalrandom_indep_tket_3|ibm_falcon_127 azione_RL=Opt2qBlocks
job=twolocalrandom_indep_tket_3|ibm_falcon_127 azione_RL=BasisTranslator
job=twolocalrandom_indep_tket_3|ibm_falcon_127 azione_RL=Optimize1qGatesDecomposition
job=twolocalrandom_indep_tket_3|ibm_falcon_127 azione_RL=CliffordSimp
job=twolocalrandom_indep_tket_3|ibm_falcon_127 azione_RL=PeepholeOptimise2Q
job=twolocalrandom_indep_tket_3|ibm_falcon_127 azione_RL=QiskitO3
job=twolocalrandom_indep_tket_3|ibm_falcon_127 azione_RL=CommutativeCancellation
job=twolocalrandom_indep_tket_3|ibm_falcon_127 azione_RL=InverseCancellation
job=twolocalrandom_indep_tket_3|ibm_falcon_127 azione_RL=Optimize1qGatesDecomposition
job=twolocalrandom_indep_tket_3|ibm_falcon_127 azione_RL=CliffordSimp
job=twolocalrandom_indep_tket_3|ibm_falcon_127 azione_RL=Optimize1qGatesDecomposition
job=twolocalrandom_indep_tket_3|ibm_falcon_127 azione_RL=QiskitO3
job=twolocalrandom_indep_tket_3|ibm_falcon_127 azione_RL=RemoveRedundancies
job=twolocalrandom_indep_tket_3|ibm_falcon_127 azione_RL=RemoveDiagonalGatesBeforeMeasure
job=twolocalrandom_indep_tket_3|ibm_falcon_127 azione_RL=CommutativeInverseCancellation
job=twolocalrandom_indep_tket_3|ibm_falcon_127 azione_RL=InverseCancellation
job=twolocalrandom_indep_tket_3|ibm_falcon_127 azione_RL=CommutativeCancellation
job=twolocalrandom_indep_tket_3|ibm_falcon_127 azione_RL=QiskitO3
job=twolocalrandom_indep_tket_3|ibm_falcon_127 azione_RL=PeepholeOptimise2Q
job=twolocalrandom_indep_tket_3|ibm_falcon_127 azione_RL=CommutativeInverseCancellation
job=twolocalrandom_indep_tket_3|ibm_falcon_127 azione_RL=Opt2qBlocks
job=twolocalrandom_indep_tket_3|ibm_falcon_127 azione_RL=FullPeepholeOptimiseCX
job=twolocalrandom_indep_tket_3|ibm_falcon_127 azione_RL=OptimizeCliffords
job=twolocalrandom_indep_tket_3|ibm_falcon_127 azione_RL=InverseCancellation
job=twolocalrandom_indep_tket_3|ibm_falcon_127 azione_RL=BQSKitO2
job=twolocalrandom_indep_tket_3|ibm_falcon_127 azione_RL=OptimizeCliffords
job=twolocalrandom_indep_tket_3|ibm_falcon_127 azione_RL=InverseCancellation
job=twolocalrandom_indep_tket_3|ibm_falcon_127 azione_RL=Optimize1qGatesDecomposition
job=twolocalrandom_indep_tket_3|ibm_falcon_127 azione_RL=BQSKitO2
job=twolocalrandom_indep_tket_3|ibm_falcon_127 azione_RL=CliffordSimp
job=twolocalrandom_indep_tket_3|ibm_falcon_127 azione_RL=BQSKitSynthesis
job=twolocalrandom_indep_tket_3|ibm_falcon_127 fallback=QiskitO1
job=ae_indep_qiskit_4|ibm_falcon_127 azione_RL=BQSKitSynthesis
job=ae_indep_qiskit_4|ibm_falcon_127 azione_RL=InverseCancellation
job=ae_indep_qiskit_4|ibm_falcon_127 azione_RL=OptimizeCliffords
job=ae_indep_qiskit_4|ibm_falcon_127 azione_RL=InverseCancellation
job=ae_indep_qiskit_4|ibm_falcon_127 azione_RL=RemoveRedundancies
job=ae_indep_qiskit_4|ibm_falcon_127 azione_RL=FullPeepholeOptimiseCX
job=ae_indep_qiskit_4|ibm_falcon_127 azione_RL=BQSKitSynthesis
job=ae_indep_qiskit_4|ibm_falcon_127 azione_RL=RemoveDiagonalGatesBeforeMeasure
job=ae_indep_qiskit_4|ibm_falcon_127 azione_RL=CommutativeInverseCancellation
job=ae_indep_qiskit_4|ibm_falcon_127 azione_RL=PeepholeOptimise2Q
job=ae_indep_qiskit_4|ibm_falcon_127 azione_RL=PeepholeOptimise2Q
job=ae_indep_qiskit_4|ibm_falcon_127 azione_RL=RemoveDiagonalGatesBeforeMeasure
job=ae_indep_qiskit_4|ibm_falcon_127 azione_RL=BasisTranslator
job=ae_indep_qiskit_4|ibm_falcon_127 azione_RL=CliffordSimp
job=ae_indep_qiskit_4|ibm_falcon_127 azione_RL=BasisTranslator
job=ae_indep_qiskit_4|ibm_falcon_127 azione_RL=CommutativeInverseCancellation
job=ae_indep_qiskit_4|ibm_falcon_127 azione_RL=InverseCancellation
job=ae_indep_qiskit_4|ibm_falcon_127 azione_RL=FullPeepholeOptimiseCX
job=ae_indep_qiskit_4|ibm_falcon_127 azione_RL=CommutativeCancellation
job=ae_indep_qiskit_4|ibm_falcon_127 azione_RL=RemoveDiagonalGatesBeforeMeasure
job=ae_indep_qiskit_4|ibm_falcon_127 azione_RL=OptimizeCliffords
job=ae_indep_qiskit_4|ibm_falcon_127 azione_RL=OptimizeCliffords
job=ae_indep_qiskit_4|ibm_falcon_127 azione_RL=RemoveRedundancies
job=ae_indep_qiskit_4|ibm_falcon_127 azione_RL=PeepholeOptimise2Q
job=ae_indep_qiskit_4|ibm_falcon_127 azione_RL=BasisTranslator
job=ae_indep_qiskit_4|ibm_falcon_127 azione_RL=RemoveRedundancies
job=ae_indep_qiskit_4|ibm_falcon_127 azione_RL=BasisTranslator
job=ae_indep_qiskit_4|ibm_falcon_127 azione_RL=CommutativeCancellation
job=ae_indep_qiskit_4|ibm_falcon_127 azione_RL=QiskitO3
job=ae_indep_qiskit_4|ibm_falcon_127 azione_RL=BQSKitO2
job=ae_indep_qiskit_4|ibm_falcon_127 azione_RL=InverseCancellation
job=ae_indep_qiskit_4|ibm_falcon_127 azione_RL=CommutativeCancellation
job=ae_indep_qiskit_4|ibm_falcon_127 azione_RL=InverseCancellation
job=ae_indep_qiskit_4|ibm_falcon_127 azione_RL=QiskitO3
job=ae_indep_qiskit_4|ibm_falcon_127 azione_RL=RemoveDiagonalGatesBeforeMeasure
job=ae_indep_qiskit_4|ibm_falcon_127 azione_RL=Opt2qBlocks
job=ae_indep_qiskit_4|ibm_falcon_127 azione_RL=BQSKitSynthesis
job=ae_indep_qiskit_4|ibm_falcon_127 azione_RL=CommutativeInverseCancellation
job=ae_indep_qiskit_4|ibm_falcon_127 azione_RL=PeepholeOptimise2Q
job=ae_indep_qiskit_4|ibm_falcon_127 azione_RL=CommutativeCancellation
job=ae_indep_qiskit_4|ibm_falcon_127 azione_RL=Opt2qBlocks
job=ae_indep_qiskit_4|ibm_falcon_127 azione_RL=BasisTranslator
job=ae_indep_qiskit_4|ibm_falcon_127 azione_RL=BasisTranslator
job=ae_indep_qiskit_4|ibm_falcon_127 azione_RL=Opt2qBlocks
job=ae_indep_qiskit_4|ibm_falcon_127 azione_RL=RemoveDiagonalGatesBeforeMeasure
job=ae_indep_qiskit_4|ibm_falcon_127 azione_RL=CliffordSimp
job=ae_indep_qiskit_4|ibm_falcon_127 azione_RL=FullPeepholeOptimiseCX
job=ae_indep_qiskit_4|ibm_falcon_127 azione_RL=CliffordSimp
job=ae_indep_qiskit_4|ibm_falcon_127 azione_RL=CommutativeCancellation
job=ae_indep_qiskit_4|ibm_falcon_127 azione_RL=RemoveRedundancies
job=ae_indep_qiskit_4|ibm_falcon_127 azione_RL=QiskitO3
job=ae_indep_qiskit_4|ibm_falcon_127 azione_RL=CommutativeCancellation
job=ae_indep_qiskit_4|ibm_falcon_127 azione_RL=PeepholeOptimise2Q
job=ae_indep_qiskit_4|ibm_falcon_127 azione_RL=PeepholeOptimise2Q
job=ae_indep_qiskit_4|ibm_falcon_127 azione_RL=OptimizeCliffords
job=ae_indep_qiskit_4|ibm_falcon_127 azione_RL=OptimizeCliffords
job=ae_indep_qiskit_4|ibm_falcon_127 azione_RL=OptimizeCliffords
job=ae_indep_qiskit_4|ibm_falcon_127 azione_RL=BasisTranslator
job=ae_indep_qiskit_4|ibm_falcon_127 azione_RL=QiskitO3
job=ae_indep_qiskit_4|ibm_falcon_127 azione_RL=PeepholeOptimise2Q
job=ae_indep_qiskit_4|ibm_falcon_127 azione_RL=CommutativeInverseCancellation
job=ae_indep_qiskit_4|ibm_falcon_127 azione_RL=Opt2qBlocks
job=ae_indep_qiskit_4|ibm_falcon_127 azione_RL=BasisTranslator
job=ae_indep_qiskit_4|ibm_falcon_127 azione_RL=Optimize1qGatesDecomposition
job=ae_indep_qiskit_4|ibm_falcon_127 azione_RL=CliffordSimp
job=ae_indep_qiskit_4|ibm_falcon_127 azione_RL=PeepholeOptimise2Q
job=ae_indep_qiskit_4|ibm_falcon_127 azione_RL=QiskitO3
job=ae_indep_qiskit_4|ibm_falcon_127 azione_RL=CommutativeCancellation
job=ae_indep_qiskit_4|ibm_falcon_127 azione_RL=InverseCancellation
job=ae_indep_qiskit_4|ibm_falcon_127 azione_RL=Optimize1qGatesDecomposition
job=ae_indep_qiskit_4|ibm_falcon_127 azione_RL=CliffordSimp
job=ae_indep_qiskit_4|ibm_falcon_127 azione_RL=Optimize1qGatesDecomposition
job=ae_indep_qiskit_4|ibm_falcon_127 azione_RL=QiskitO3
job=ae_indep_qiskit_4|ibm_falcon_127 azione_RL=RemoveRedundancies
job=ae_indep_qiskit_4|ibm_falcon_127 azione_RL=RemoveDiagonalGatesBeforeMeasure
job=ae_indep_qiskit_4|ibm_falcon_127 azione_RL=CommutativeInverseCancellation
job=ae_indep_qiskit_4|ibm_falcon_127 azione_RL=InverseCancellation
job=ae_indep_qiskit_4|ibm_falcon_127 azione_RL=CommutativeCancellation
job=ae_indep_qiskit_4|ibm_falcon_127 azione_RL=QiskitO3
job=ae_indep_qiskit_4|ibm_falcon_127 azione_RL=PeepholeOptimise2Q
job=ae_indep_qiskit_4|ibm_falcon_127 azione_RL=CommutativeInverseCancellation
job=ae_indep_qiskit_4|ibm_falcon_127 azione_RL=Opt2qBlocks
job=ae_indep_qiskit_4|ibm_falcon_127 azione_RL=FullPeepholeOptimiseCX
job=ae_indep_qiskit_4|ibm_falcon_127 azione_RL=OptimizeCliffords
job=ae_indep_qiskit_4|ibm_falcon_127 azione_RL=InverseCancellation
job=ae_indep_qiskit_4|ibm_falcon_127 azione_RL=BQSKitO2
job=ae_indep_qiskit_4|ibm_falcon_127 azione_RL=OptimizeCliffords
job=ae_indep_qiskit_4|ibm_falcon_127 azione_RL=InverseCancellation
job=ae_indep_qiskit_4|ibm_falcon_127 azione_RL=Optimize1qGatesDecomposition
job=ae_indep_qiskit_4|ibm_falcon_127 azione_RL=BQSKitO2
job=ae_indep_qiskit_4|ibm_falcon_127 azione_RL=CliffordSimp
job=ae_indep_qiskit_4|ibm_falcon_127 azione_RL=BQSKitSynthesis
job=ae_indep_qiskit_4|ibm_falcon_127 fallback=QiskitO1
job=ae_indep_tket_4|ibm_falcon_127 azione_RL=BQSKitSynthesis
job=ae_indep_tket_4|ibm_falcon_127 azione_RL=InverseCancellation
job=ae_indep_tket_4|ibm_falcon_127 azione_RL=OptimizeCliffords
job=ae_indep_tket_4|ibm_falcon_127 azione_RL=InverseCancellation
job=ae_indep_tket_4|ibm_falcon_127 azione_RL=RemoveRedundancies
job=ae_indep_tket_4|ibm_falcon_127 azione_RL=FullPeepholeOptimiseCX
job=ae_indep_tket_4|ibm_falcon_127 azione_RL=BQSKitSynthesis
job=ae_indep_tket_4|ibm_falcon_127 azione_RL=RemoveDiagonalGatesBeforeMeasure
job=ae_indep_tket_4|ibm_falcon_127 azione_RL=CommutativeInverseCancellation
job=ae_indep_tket_4|ibm_falcon_127 azione_RL=PeepholeOptimise2Q
job=ae_indep_tket_4|ibm_falcon_127 azione_RL=PeepholeOptimise2Q
job=ae_indep_tket_4|ibm_falcon_127 azione_RL=RemoveDiagonalGatesBeforeMeasure
job=ae_indep_tket_4|ibm_falcon_127 azione_RL=BasisTranslator
job=ae_indep_tket_4|ibm_falcon_127 azione_RL=CliffordSimp
job=ae_indep_tket_4|ibm_falcon_127 azione_RL=BasisTranslator
job=ae_indep_tket_4|ibm_falcon_127 azione_RL=CommutativeInverseCancellation
job=ae_indep_tket_4|ibm_falcon_127 azione_RL=InverseCancellation
job=ae_indep_tket_4|ibm_falcon_127 azione_RL=FullPeepholeOptimiseCX
job=ae_indep_tket_4|ibm_falcon_127 azione_RL=CommutativeCancellation
job=ae_indep_tket_4|ibm_falcon_127 azione_RL=RemoveDiagonalGatesBeforeMeasure
job=ae_indep_tket_4|ibm_falcon_127 azione_RL=OptimizeCliffords
job=ae_indep_tket_4|ibm_falcon_127 azione_RL=OptimizeCliffords
job=ae_indep_tket_4|ibm_falcon_127 azione_RL=RemoveRedundancies
job=ae_indep_tket_4|ibm_falcon_127 azione_RL=PeepholeOptimise2Q
job=ae_indep_tket_4|ibm_falcon_127 azione_RL=BasisTranslator
job=ae_indep_tket_4|ibm_falcon_127 azione_RL=RemoveRedundancies
job=ae_indep_tket_4|ibm_falcon_127 azione_RL=BasisTranslator
job=ae_indep_tket_4|ibm_falcon_127 azione_RL=CommutativeCancellation
job=ae_indep_tket_4|ibm_falcon_127 azione_RL=QiskitO3
job=ae_indep_tket_4|ibm_falcon_127 azione_RL=BQSKitO2
job=ae_indep_tket_4|ibm_falcon_127 azione_RL=InverseCancellation
job=ae_indep_tket_4|ibm_falcon_127 azione_RL=CommutativeCancellation
job=ae_indep_tket_4|ibm_falcon_127 azione_RL=InverseCancellation
job=ae_indep_tket_4|ibm_falcon_127 azione_RL=QiskitO3
job=ae_indep_tket_4|ibm_falcon_127 azione_RL=RemoveDiagonalGatesBeforeMeasure
job=ae_indep_tket_4|ibm_falcon_127 azione_RL=Opt2qBlocks
job=ae_indep_tket_4|ibm_falcon_127 azione_RL=BQSKitSynthesis
job=ae_indep_tket_4|ibm_falcon_127 azione_RL=CommutativeInverseCancellation
job=ae_indep_tket_4|ibm_falcon_127 azione_RL=PeepholeOptimise2Q
job=ae_indep_tket_4|ibm_falcon_127 azione_RL=CommutativeCancellation
job=ae_indep_tket_4|ibm_falcon_127 azione_RL=Opt2qBlocks
job=ae_indep_tket_4|ibm_falcon_127 azione_RL=BasisTranslator
job=ae_indep_tket_4|ibm_falcon_127 azione_RL=BasisTranslator
job=ae_indep_tket_4|ibm_falcon_127 azione_RL=Opt2qBlocks
job=ae_indep_tket_4|ibm_falcon_127 azione_RL=RemoveDiagonalGatesBeforeMeasure
job=ae_indep_tket_4|ibm_falcon_127 azione_RL=CliffordSimp
job=ae_indep_tket_4|ibm_falcon_127 azione_RL=FullPeepholeOptimiseCX
job=ae_indep_tket_4|ibm_falcon_127 azione_RL=CliffordSimp
job=ae_indep_tket_4|ibm_falcon_127 azione_RL=CommutativeCancellation
job=ae_indep_tket_4|ibm_falcon_127 azione_RL=RemoveRedundancies
job=ae_indep_tket_4|ibm_falcon_127 azione_RL=QiskitO3
job=ae_indep_tket_4|ibm_falcon_127 azione_RL=CommutativeCancellation
job=ae_indep_tket_4|ibm_falcon_127 azione_RL=PeepholeOptimise2Q
job=ae_indep_tket_4|ibm_falcon_127 azione_RL=PeepholeOptimise2Q
job=ae_indep_tket_4|ibm_falcon_127 azione_RL=OptimizeCliffords
job=ae_indep_tket_4|ibm_falcon_127 azione_RL=OptimizeCliffords
job=ae_indep_tket_4|ibm_falcon_127 azione_RL=OptimizeCliffords
job=ae_indep_tket_4|ibm_falcon_127 azione_RL=BasisTranslator
job=ae_indep_tket_4|ibm_falcon_127 azione_RL=QiskitO3
job=ae_indep_tket_4|ibm_falcon_127 azione_RL=PeepholeOptimise2Q
job=ae_indep_tket_4|ibm_falcon_127 azione_RL=CommutativeInverseCancellation
job=ae_indep_tket_4|ibm_falcon_127 azione_RL=Opt2qBlocks
job=ae_indep_tket_4|ibm_falcon_127 azione_RL=BasisTranslator
job=ae_indep_tket_4|ibm_falcon_127 azione_RL=Optimize1qGatesDecomposition
job=ae_indep_tket_4|ibm_falcon_127 azione_RL=CliffordSimp
job=ae_indep_tket_4|ibm_falcon_127 azione_RL=PeepholeOptimise2Q
job=ae_indep_tket_4|ibm_falcon_127 azione_RL=QiskitO3
job=ae_indep_tket_4|ibm_falcon_127 azione_RL=CommutativeCancellation
job=ae_indep_tket_4|ibm_falcon_127 azione_RL=InverseCancellation
job=ae_indep_tket_4|ibm_falcon_127 azione_RL=Optimize1qGatesDecomposition
job=ae_indep_tket_4|ibm_falcon_127 azione_RL=CliffordSimp
job=ae_indep_tket_4|ibm_falcon_127 azione_RL=Optimize1qGatesDecomposition
job=ae_indep_tket_4|ibm_falcon_127 azione_RL=QiskitO3
job=ae_indep_tket_4|ibm_falcon_127 azione_RL=RemoveRedundancies
job=ae_indep_tket_4|ibm_falcon_127 azione_RL=RemoveDiagonalGatesBeforeMeasure
job=ae_indep_tket_4|ibm_falcon_127 azione_RL=CommutativeInverseCancellation
job=ae_indep_tket_4|ibm_falcon_127 azione_RL=InverseCancellation
job=ae_indep_tket_4|ibm_falcon_127 azione_RL=CommutativeCancellation
job=ae_indep_tket_4|ibm_falcon_127 azione_RL=QiskitO3
job=ae_indep_tket_4|ibm_falcon_127 azione_RL=PeepholeOptimise2Q
job=ae_indep_tket_4|ibm_falcon_127 azione_RL=CommutativeInverseCancellation
job=ae_indep_tket_4|ibm_falcon_127 azione_RL=Opt2qBlocks
job=ae_indep_tket_4|ibm_falcon_127 azione_RL=FullPeepholeOptimiseCX
job=ae_indep_tket_4|ibm_falcon_127 azione_RL=OptimizeCliffords
job=ae_indep_tket_4|ibm_falcon_127 azione_RL=InverseCancellation
job=ae_indep_tket_4|ibm_falcon_127 azione_RL=BQSKitO2
job=ae_indep_tket_4|ibm_falcon_127 azione_RL=OptimizeCliffords
job=ae_indep_tket_4|ibm_falcon_127 azione_RL=InverseCancellation
job=ae_indep_tket_4|ibm_falcon_127 azione_RL=Optimize1qGatesDecomposition
job=ae_indep_tket_4|ibm_falcon_127 azione_RL=BQSKitO2
job=ae_indep_tket_4|ibm_falcon_127 azione_RL=CliffordSimp
job=ae_indep_tket_4|ibm_falcon_127 azione_RL=BQSKitSynthesis
job=ae_indep_tket_4|ibm_falcon_127 fallback=QiskitO1
job=dj_indep_qiskit_4|ibm_falcon_127 azione_RL=BQSKitSynthesis
job=dj_indep_qiskit_4|ibm_falcon_127 azione_RL=InverseCancellation
job=dj_indep_qiskit_4|ibm_falcon_127 azione_RL=OptimizeCliffords
job=dj_indep_qiskit_4|ibm_falcon_127 azione_RL=InverseCancellation
job=dj_indep_qiskit_4|ibm_falcon_127 azione_RL=RemoveRedundancies
job=dj_indep_qiskit_4|ibm_falcon_127 azione_RL=FullPeepholeOptimiseCX
job=dj_indep_qiskit_4|ibm_falcon_127 azione_RL=BQSKitSynthesis
job=dj_indep_qiskit_4|ibm_falcon_127 azione_RL=RemoveDiagonalGatesBeforeMeasure
job=dj_indep_qiskit_4|ibm_falcon_127 azione_RL=CommutativeInverseCancellation
job=dj_indep_qiskit_4|ibm_falcon_127 azione_RL=PeepholeOptimise2Q
job=dj_indep_qiskit_4|ibm_falcon_127 azione_RL=PeepholeOptimise2Q
job=dj_indep_qiskit_4|ibm_falcon_127 azione_RL=RemoveDiagonalGatesBeforeMeasure
job=dj_indep_qiskit_4|ibm_falcon_127 azione_RL=BasisTranslator
job=dj_indep_qiskit_4|ibm_falcon_127 azione_RL=CliffordSimp
job=dj_indep_qiskit_4|ibm_falcon_127 azione_RL=BasisTranslator
job=dj_indep_qiskit_4|ibm_falcon_127 azione_RL=CommutativeInverseCancellation
job=dj_indep_qiskit_4|ibm_falcon_127 azione_RL=InverseCancellation
job=dj_indep_qiskit_4|ibm_falcon_127 azione_RL=FullPeepholeOptimiseCX
job=dj_indep_qiskit_4|ibm_falcon_127 azione_RL=CommutativeCancellation
job=dj_indep_qiskit_4|ibm_falcon_127 azione_RL=RemoveDiagonalGatesBeforeMeasure
job=dj_indep_qiskit_4|ibm_falcon_127 azione_RL=OptimizeCliffords
job=dj_indep_qiskit_4|ibm_falcon_127 azione_RL=OptimizeCliffords
job=dj_indep_qiskit_4|ibm_falcon_127 azione_RL=RemoveRedundancies
job=dj_indep_qiskit_4|ibm_falcon_127 azione_RL=PeepholeOptimise2Q
job=dj_indep_qiskit_4|ibm_falcon_127 azione_RL=BasisTranslator
job=dj_indep_qiskit_4|ibm_falcon_127 azione_RL=RemoveRedundancies
job=dj_indep_qiskit_4|ibm_falcon_127 azione_RL=BasisTranslator
job=dj_indep_qiskit_4|ibm_falcon_127 azione_RL=CommutativeCancellation
job=dj_indep_qiskit_4|ibm_falcon_127 azione_RL=QiskitO3
job=dj_indep_qiskit_4|ibm_falcon_127 azione_RL=BQSKitO2
job=dj_indep_qiskit_4|ibm_falcon_127 azione_RL=InverseCancellation
job=dj_indep_qiskit_4|ibm_falcon_127 azione_RL=CommutativeCancellation
job=dj_indep_qiskit_4|ibm_falcon_127 azione_RL=InverseCancellation
job=dj_indep_qiskit_4|ibm_falcon_127 azione_RL=QiskitO3
job=dj_indep_qiskit_4|ibm_falcon_127 azione_RL=RemoveDiagonalGatesBeforeMeasure
job=dj_indep_qiskit_4|ibm_falcon_127 azione_RL=Opt2qBlocks
job=dj_indep_qiskit_4|ibm_falcon_127 azione_RL=BQSKitSynthesis
job=dj_indep_qiskit_4|ibm_falcon_127 azione_RL=CommutativeInverseCancellation
job=dj_indep_qiskit_4|ibm_falcon_127 azione_RL=PeepholeOptimise2Q
job=dj_indep_qiskit_4|ibm_falcon_127 azione_RL=CommutativeCancellation
job=dj_indep_qiskit_4|ibm_falcon_127 azione_RL=Opt2qBlocks
job=dj_indep_qiskit_4|ibm_falcon_127 azione_RL=BasisTranslator
job=dj_indep_qiskit_4|ibm_falcon_127 azione_RL=BasisTranslator
job=dj_indep_qiskit_4|ibm_falcon_127 azione_RL=Opt2qBlocks
job=dj_indep_qiskit_4|ibm_falcon_127 azione_RL=RemoveDiagonalGatesBeforeMeasure
job=dj_indep_qiskit_4|ibm_falcon_127 azione_RL=CliffordSimp
job=dj_indep_qiskit_4|ibm_falcon_127 azione_RL=FullPeepholeOptimiseCX
job=dj_indep_qiskit_4|ibm_falcon_127 azione_RL=CliffordSimp
job=dj_indep_qiskit_4|ibm_falcon_127 azione_RL=CommutativeCancellation
job=dj_indep_qiskit_4|ibm_falcon_127 azione_RL=RemoveRedundancies
job=dj_indep_qiskit_4|ibm_falcon_127 azione_RL=QiskitO3
job=dj_indep_qiskit_4|ibm_falcon_127 azione_RL=CommutativeCancellation
job=dj_indep_qiskit_4|ibm_falcon_127 azione_RL=PeepholeOptimise2Q
job=dj_indep_qiskit_4|ibm_falcon_127 azione_RL=PeepholeOptimise2Q
job=dj_indep_qiskit_4|ibm_falcon_127 azione_RL=OptimizeCliffords
job=dj_indep_qiskit_4|ibm_falcon_127 azione_RL=OptimizeCliffords
job=dj_indep_qiskit_4|ibm_falcon_127 azione_RL=OptimizeCliffords
job=dj_indep_qiskit_4|ibm_falcon_127 azione_RL=BasisTranslator
job=dj_indep_qiskit_4|ibm_falcon_127 azione_RL=QiskitO3
job=dj_indep_qiskit_4|ibm_falcon_127 azione_RL=PeepholeOptimise2Q
job=dj_indep_qiskit_4|ibm_falcon_127 azione_RL=CommutativeInverseCancellation
job=dj_indep_qiskit_4|ibm_falcon_127 azione_RL=Opt2qBlocks
job=dj_indep_qiskit_4|ibm_falcon_127 azione_RL=BasisTranslator
job=dj_indep_qiskit_4|ibm_falcon_127 azione_RL=Optimize1qGatesDecomposition
job=dj_indep_qiskit_4|ibm_falcon_127 azione_RL=CliffordSimp
job=dj_indep_qiskit_4|ibm_falcon_127 azione_RL=PeepholeOptimise2Q
job=dj_indep_qiskit_4|ibm_falcon_127 azione_RL=QiskitO3
job=dj_indep_qiskit_4|ibm_falcon_127 azione_RL=CommutativeCancellation
job=dj_indep_qiskit_4|ibm_falcon_127 azione_RL=InverseCancellation
job=dj_indep_qiskit_4|ibm_falcon_127 azione_RL=Optimize1qGatesDecomposition
job=dj_indep_qiskit_4|ibm_falcon_127 azione_RL=CliffordSimp
job=dj_indep_qiskit_4|ibm_falcon_127 azione_RL=Optimize1qGatesDecomposition
job=dj_indep_qiskit_4|ibm_falcon_127 azione_RL=QiskitO3
job=dj_indep_qiskit_4|ibm_falcon_127 azione_RL=RemoveRedundancies
job=dj_indep_qiskit_4|ibm_falcon_127 azione_RL=RemoveDiagonalGatesBeforeMeasure
job=dj_indep_qiskit_4|ibm_falcon_127 azione_RL=CommutativeInverseCancellation
job=dj_indep_qiskit_4|ibm_falcon_127 azione_RL=InverseCancellation
job=dj_indep_qiskit_4|ibm_falcon_127 azione_RL=CommutativeCancellation
job=dj_indep_qiskit_4|ibm_falcon_127 azione_RL=QiskitO3
job=dj_indep_qiskit_4|ibm_falcon_127 azione_RL=PeepholeOptimise2Q
job=dj_indep_qiskit_4|ibm_falcon_127 azione_RL=CommutativeInverseCancellation
job=dj_indep_qiskit_4|ibm_falcon_127 azione_RL=Opt2qBlocks
job=dj_indep_qiskit_4|ibm_falcon_127 azione_RL=FullPeepholeOptimiseCX
job=dj_indep_qiskit_4|ibm_falcon_127 azione_RL=OptimizeCliffords
job=dj_indep_qiskit_4|ibm_falcon_127 azione_RL=InverseCancellation
job=dj_indep_qiskit_4|ibm_falcon_127 azione_RL=BQSKitO2
job=dj_indep_qiskit_4|ibm_falcon_127 azione_RL=OptimizeCliffords
job=dj_indep_qiskit_4|ibm_falcon_127 azione_RL=InverseCancellation
job=dj_indep_qiskit_4|ibm_falcon_127 azione_RL=Optimize1qGatesDecomposition
job=dj_indep_qiskit_4|ibm_falcon_127 azione_RL=BQSKitO2
job=dj_indep_qiskit_4|ibm_falcon_127 azione_RL=CliffordSimp
job=dj_indep_qiskit_4|ibm_falcon_127 azione_RL=BQSKitSynthesis
job=dj_indep_qiskit_4|ibm_falcon_127 azione_RL=BasisTranslator
job=dj_indep_qiskit_4|ibm_falcon_127 azione_RL=OptimizeCliffords
job=dj_indep_qiskit_4|ibm_falcon_127 azione_RL=BQSKitSynthesis
job=dj_indep_qiskit_4|ibm_falcon_127 fallback=QiskitO1
job=dj_indep_tket_4|ibm_falcon_127 azione_RL=BQSKitSynthesis
job=dj_indep_tket_4|ibm_falcon_127 azione_RL=InverseCancellation
job=dj_indep_tket_4|ibm_falcon_127 azione_RL=OptimizeCliffords
job=dj_indep_tket_4|ibm_falcon_127 azione_RL=InverseCancellation
job=dj_indep_tket_4|ibm_falcon_127 azione_RL=RemoveRedundancies
job=dj_indep_tket_4|ibm_falcon_127 azione_RL=FullPeepholeOptimiseCX
job=dj_indep_tket_4|ibm_falcon_127 azione_RL=BQSKitSynthesis
job=dj_indep_tket_4|ibm_falcon_127 azione_RL=RemoveDiagonalGatesBeforeMeasure
job=dj_indep_tket_4|ibm_falcon_127 azione_RL=CommutativeInverseCancellation
job=dj_indep_tket_4|ibm_falcon_127 azione_RL=PeepholeOptimise2Q
job=dj_indep_tket_4|ibm_falcon_127 azione_RL=PeepholeOptimise2Q
job=dj_indep_tket_4|ibm_falcon_127 azione_RL=RemoveDiagonalGatesBeforeMeasure
job=dj_indep_tket_4|ibm_falcon_127 azione_RL=BasisTranslator
job=dj_indep_tket_4|ibm_falcon_127 azione_RL=CliffordSimp
job=dj_indep_tket_4|ibm_falcon_127 azione_RL=BasisTranslator
job=dj_indep_tket_4|ibm_falcon_127 azione_RL=CommutativeInverseCancellation
job=dj_indep_tket_4|ibm_falcon_127 azione_RL=InverseCancellation
job=dj_indep_tket_4|ibm_falcon_127 azione_RL=FullPeepholeOptimiseCX
job=dj_indep_tket_4|ibm_falcon_127 azione_RL=CommutativeCancellation
job=dj_indep_tket_4|ibm_falcon_127 azione_RL=RemoveDiagonalGatesBeforeMeasure
job=dj_indep_tket_4|ibm_falcon_127 azione_RL=OptimizeCliffords
job=dj_indep_tket_4|ibm_falcon_127 azione_RL=OptimizeCliffords
job=dj_indep_tket_4|ibm_falcon_127 azione_RL=RemoveRedundancies
job=dj_indep_tket_4|ibm_falcon_127 azione_RL=PeepholeOptimise2Q
job=dj_indep_tket_4|ibm_falcon_127 azione_RL=BasisTranslator
job=dj_indep_tket_4|ibm_falcon_127 azione_RL=RemoveRedundancies
job=dj_indep_tket_4|ibm_falcon_127 azione_RL=BasisTranslator
job=dj_indep_tket_4|ibm_falcon_127 azione_RL=CommutativeCancellation
job=dj_indep_tket_4|ibm_falcon_127 azione_RL=QiskitO3
job=dj_indep_tket_4|ibm_falcon_127 azione_RL=BQSKitO2
job=dj_indep_tket_4|ibm_falcon_127 azione_RL=InverseCancellation
job=dj_indep_tket_4|ibm_falcon_127 azione_RL=CommutativeCancellation
job=dj_indep_tket_4|ibm_falcon_127 azione_RL=InverseCancellation
job=dj_indep_tket_4|ibm_falcon_127 azione_RL=QiskitO3
job=dj_indep_tket_4|ibm_falcon_127 azione_RL=RemoveDiagonalGatesBeforeMeasure
job=dj_indep_tket_4|ibm_falcon_127 azione_RL=Opt2qBlocks
job=dj_indep_tket_4|ibm_falcon_127 azione_RL=BQSKitSynthesis
job=dj_indep_tket_4|ibm_falcon_127 azione_RL=CommutativeInverseCancellation
job=dj_indep_tket_4|ibm_falcon_127 azione_RL=PeepholeOptimise2Q
job=dj_indep_tket_4|ibm_falcon_127 azione_RL=CommutativeCancellation
job=dj_indep_tket_4|ibm_falcon_127 azione_RL=Opt2qBlocks
job=dj_indep_tket_4|ibm_falcon_127 azione_RL=BasisTranslator
job=dj_indep_tket_4|ibm_falcon_127 azione_RL=BasisTranslator
job=dj_indep_tket_4|ibm_falcon_127 azione_RL=Opt2qBlocks
job=dj_indep_tket_4|ibm_falcon_127 azione_RL=RemoveDiagonalGatesBeforeMeasure
job=dj_indep_tket_4|ibm_falcon_127 azione_RL=CliffordSimp
job=dj_indep_tket_4|ibm_falcon_127 azione_RL=FullPeepholeOptimiseCX
job=dj_indep_tket_4|ibm_falcon_127 azione_RL=CliffordSimp
job=dj_indep_tket_4|ibm_falcon_127 azione_RL=CommutativeCancellation
job=dj_indep_tket_4|ibm_falcon_127 azione_RL=RemoveRedundancies
job=dj_indep_tket_4|ibm_falcon_127 azione_RL=QiskitO3
job=dj_indep_tket_4|ibm_falcon_127 azione_RL=CommutativeCancellation
job=dj_indep_tket_4|ibm_falcon_127 azione_RL=PeepholeOptimise2Q
job=dj_indep_tket_4|ibm_falcon_127 azione_RL=PeepholeOptimise2Q
job=dj_indep_tket_4|ibm_falcon_127 azione_RL=OptimizeCliffords
job=dj_indep_tket_4|ibm_falcon_127 azione_RL=OptimizeCliffords
job=dj_indep_tket_4|ibm_falcon_127 azione_RL=OptimizeCliffords
job=dj_indep_tket_4|ibm_falcon_127 azione_RL=BasisTranslator
job=dj_indep_tket_4|ibm_falcon_127 azione_RL=QiskitO3
job=dj_indep_tket_4|ibm_falcon_127 azione_RL=PeepholeOptimise2Q
job=dj_indep_tket_4|ibm_falcon_127 azione_RL=CommutativeInverseCancellation
job=dj_indep_tket_4|ibm_falcon_127 azione_RL=Opt2qBlocks
job=dj_indep_tket_4|ibm_falcon_127 azione_RL=BasisTranslator
job=dj_indep_tket_4|ibm_falcon_127 azione_RL=Optimize1qGatesDecomposition
job=dj_indep_tket_4|ibm_falcon_127 azione_RL=CliffordSimp
job=dj_indep_tket_4|ibm_falcon_127 azione_RL=PeepholeOptimise2Q
job=dj_indep_tket_4|ibm_falcon_127 azione_RL=QiskitO3
job=dj_indep_tket_4|ibm_falcon_127 azione_RL=CommutativeCancellation
job=dj_indep_tket_4|ibm_falcon_127 azione_RL=InverseCancellation
job=dj_indep_tket_4|ibm_falcon_127 azione_RL=Optimize1qGatesDecomposition
job=dj_indep_tket_4|ibm_falcon_127 azione_RL=CliffordSimp
job=dj_indep_tket_4|ibm_falcon_127 azione_RL=Optimize1qGatesDecomposition
job=dj_indep_tket_4|ibm_falcon_127 azione_RL=QiskitO3
job=dj_indep_tket_4|ibm_falcon_127 azione_RL=RemoveRedundancies
job=dj_indep_tket_4|ibm_falcon_127 azione_RL=RemoveDiagonalGatesBeforeMeasure
job=dj_indep_tket_4|ibm_falcon_127 azione_RL=CommutativeInverseCancellation
job=dj_indep_tket_4|ibm_falcon_127 azione_RL=InverseCancellation
job=dj_indep_tket_4|ibm_falcon_127 azione_RL=CommutativeCancellation
job=dj_indep_tket_4|ibm_falcon_127 azione_RL=QiskitO3
job=dj_indep_tket_4|ibm_falcon_127 azione_RL=PeepholeOptimise2Q
job=dj_indep_tket_4|ibm_falcon_127 azione_RL=CommutativeInverseCancellation
job=dj_indep_tket_4|ibm_falcon_127 azione_RL=Opt2qBlocks
job=dj_indep_tket_4|ibm_falcon_127 azione_RL=FullPeepholeOptimiseCX
job=dj_indep_tket_4|ibm_falcon_127 azione_RL=OptimizeCliffords
job=dj_indep_tket_4|ibm_falcon_127 azione_RL=InverseCancellation
job=dj_indep_tket_4|ibm_falcon_127 azione_RL=BQSKitO2
job=dj_indep_tket_4|ibm_falcon_127 azione_RL=OptimizeCliffords
job=dj_indep_tket_4|ibm_falcon_127 azione_RL=InverseCancellation
job=dj_indep_tket_4|ibm_falcon_127 azione_RL=Optimize1qGatesDecomposition
job=dj_indep_tket_4|ibm_falcon_127 azione_RL=BQSKitO2
job=dj_indep_tket_4|ibm_falcon_127 azione_RL=CliffordSimp
job=dj_indep_tket_4|ibm_falcon_127 azione_RL=BQSKitSynthesis
job=dj_indep_tket_4|ibm_falcon_127 azione_RL=BasisTranslator
job=dj_indep_tket_4|ibm_falcon_127 azione_RL=OptimizeCliffords
job=dj_indep_tket_4|ibm_falcon_127 azione_RL=BQSKitSynthesis
job=dj_indep_tket_4|ibm_falcon_127 fallback=QiskitO1
job=graphstate_indep_qiskit_4|ibm_falcon_127 azione_RL=BQSKitSynthesis
job=graphstate_indep_qiskit_4|ibm_falcon_127 azione_RL=InverseCancellation
job=graphstate_indep_qiskit_4|ibm_falcon_127 azione_RL=OptimizeCliffords
job=graphstate_indep_qiskit_4|ibm_falcon_127 azione_RL=InverseCancellation
job=graphstate_indep_qiskit_4|ibm_falcon_127 azione_RL=RemoveRedundancies
job=graphstate_indep_qiskit_4|ibm_falcon_127 azione_RL=FullPeepholeOptimiseCX
job=graphstate_indep_qiskit_4|ibm_falcon_127 azione_RL=BQSKitSynthesis
job=graphstate_indep_qiskit_4|ibm_falcon_127 azione_RL=RemoveDiagonalGatesBeforeMeasure
job=graphstate_indep_qiskit_4|ibm_falcon_127 azione_RL=CommutativeInverseCancellation
job=graphstate_indep_qiskit_4|ibm_falcon_127 azione_RL=PeepholeOptimise2Q
job=graphstate_indep_qiskit_4|ibm_falcon_127 azione_RL=PeepholeOptimise2Q
job=graphstate_indep_qiskit_4|ibm_falcon_127 azione_RL=RemoveDiagonalGatesBeforeMeasure
job=graphstate_indep_qiskit_4|ibm_falcon_127 azione_RL=BasisTranslator
job=graphstate_indep_qiskit_4|ibm_falcon_127 azione_RL=CliffordSimp
job=graphstate_indep_qiskit_4|ibm_falcon_127 azione_RL=BasisTranslator
job=graphstate_indep_qiskit_4|ibm_falcon_127 azione_RL=CommutativeInverseCancellation
job=graphstate_indep_qiskit_4|ibm_falcon_127 azione_RL=InverseCancellation
job=graphstate_indep_qiskit_4|ibm_falcon_127 azione_RL=FullPeepholeOptimiseCX
job=graphstate_indep_qiskit_4|ibm_falcon_127 azione_RL=CommutativeCancellation
job=graphstate_indep_qiskit_4|ibm_falcon_127 azione_RL=RemoveDiagonalGatesBeforeMeasure
job=graphstate_indep_qiskit_4|ibm_falcon_127 azione_RL=OptimizeCliffords
job=graphstate_indep_qiskit_4|ibm_falcon_127 azione_RL=OptimizeCliffords
job=graphstate_indep_qiskit_4|ibm_falcon_127 azione_RL=RemoveRedundancies
job=graphstate_indep_qiskit_4|ibm_falcon_127 azione_RL=PeepholeOptimise2Q
job=graphstate_indep_qiskit_4|ibm_falcon_127 azione_RL=BasisTranslator
job=graphstate_indep_qiskit_4|ibm_falcon_127 azione_RL=RemoveRedundancies
job=graphstate_indep_qiskit_4|ibm_falcon_127 azione_RL=BasisTranslator
job=graphstate_indep_qiskit_4|ibm_falcon_127 azione_RL=CommutativeCancellation
job=graphstate_indep_qiskit_4|ibm_falcon_127 azione_RL=QiskitO3
job=graphstate_indep_qiskit_4|ibm_falcon_127 azione_RL=BQSKitO2
job=graphstate_indep_qiskit_4|ibm_falcon_127 azione_RL=InverseCancellation
job=graphstate_indep_qiskit_4|ibm_falcon_127 azione_RL=CommutativeCancellation
job=graphstate_indep_qiskit_4|ibm_falcon_127 azione_RL=InverseCancellation
job=graphstate_indep_qiskit_4|ibm_falcon_127 azione_RL=QiskitO3
job=graphstate_indep_qiskit_4|ibm_falcon_127 azione_RL=RemoveDiagonalGatesBeforeMeasure
job=graphstate_indep_qiskit_4|ibm_falcon_127 azione_RL=Opt2qBlocks
job=graphstate_indep_qiskit_4|ibm_falcon_127 azione_RL=BQSKitSynthesis
job=graphstate_indep_qiskit_4|ibm_falcon_127 azione_RL=CommutativeInverseCancellation
job=graphstate_indep_qiskit_4|ibm_falcon_127 azione_RL=PeepholeOptimise2Q
job=graphstate_indep_qiskit_4|ibm_falcon_127 azione_RL=CommutativeCancellation
job=graphstate_indep_qiskit_4|ibm_falcon_127 azione_RL=Opt2qBlocks
job=graphstate_indep_qiskit_4|ibm_falcon_127 azione_RL=BasisTranslator
job=graphstate_indep_qiskit_4|ibm_falcon_127 azione_RL=BasisTranslator
job=graphstate_indep_qiskit_4|ibm_falcon_127 azione_RL=Opt2qBlocks
job=graphstate_indep_qiskit_4|ibm_falcon_127 azione_RL=RemoveDiagonalGatesBeforeMeasure
job=graphstate_indep_qiskit_4|ibm_falcon_127 azione_RL=CliffordSimp
job=graphstate_indep_qiskit_4|ibm_falcon_127 azione_RL=FullPeepholeOptimiseCX
job=graphstate_indep_qiskit_4|ibm_falcon_127 azione_RL=CliffordSimp
job=graphstate_indep_qiskit_4|ibm_falcon_127 azione_RL=CommutativeCancellation
job=graphstate_indep_qiskit_4|ibm_falcon_127 azione_RL=RemoveRedundancies
job=graphstate_indep_qiskit_4|ibm_falcon_127 azione_RL=QiskitO3
job=graphstate_indep_qiskit_4|ibm_falcon_127 azione_RL=CommutativeCancellation
job=graphstate_indep_qiskit_4|ibm_falcon_127 azione_RL=PeepholeOptimise2Q
job=graphstate_indep_qiskit_4|ibm_falcon_127 azione_RL=PeepholeOptimise2Q
job=graphstate_indep_qiskit_4|ibm_falcon_127 azione_RL=OptimizeCliffords
job=graphstate_indep_qiskit_4|ibm_falcon_127 azione_RL=OptimizeCliffords
job=graphstate_indep_qiskit_4|ibm_falcon_127 azione_RL=OptimizeCliffords
job=graphstate_indep_qiskit_4|ibm_falcon_127 azione_RL=BasisTranslator
job=graphstate_indep_qiskit_4|ibm_falcon_127 azione_RL=QiskitO3
job=graphstate_indep_qiskit_4|ibm_falcon_127 azione_RL=PeepholeOptimise2Q
job=graphstate_indep_qiskit_4|ibm_falcon_127 azione_RL=CommutativeInverseCancellation
job=graphstate_indep_qiskit_4|ibm_falcon_127 azione_RL=Opt2qBlocks
job=graphstate_indep_qiskit_4|ibm_falcon_127 azione_RL=BasisTranslator
job=graphstate_indep_qiskit_4|ibm_falcon_127 azione_RL=Optimize1qGatesDecomposition
job=graphstate_indep_qiskit_4|ibm_falcon_127 azione_RL=CliffordSimp
job=graphstate_indep_qiskit_4|ibm_falcon_127 azione_RL=PeepholeOptimise2Q
job=graphstate_indep_qiskit_4|ibm_falcon_127 azione_RL=QiskitO3
job=graphstate_indep_qiskit_4|ibm_falcon_127 azione_RL=CommutativeCancellation
job=graphstate_indep_qiskit_4|ibm_falcon_127 azione_RL=InverseCancellation
job=graphstate_indep_qiskit_4|ibm_falcon_127 azione_RL=Optimize1qGatesDecomposition
job=graphstate_indep_qiskit_4|ibm_falcon_127 azione_RL=CliffordSimp
job=graphstate_indep_qiskit_4|ibm_falcon_127 azione_RL=Optimize1qGatesDecomposition
job=graphstate_indep_qiskit_4|ibm_falcon_127 azione_RL=QiskitO3
job=graphstate_indep_qiskit_4|ibm_falcon_127 azione_RL=RemoveRedundancies
job=graphstate_indep_qiskit_4|ibm_falcon_127 azione_RL=RemoveDiagonalGatesBeforeMeasure
job=graphstate_indep_qiskit_4|ibm_falcon_127 azione_RL=CommutativeInverseCancellation
job=graphstate_indep_qiskit_4|ibm_falcon_127 azione_RL=InverseCancellation
job=graphstate_indep_qiskit_4|ibm_falcon_127 azione_RL=CommutativeCancellation
job=graphstate_indep_qiskit_4|ibm_falcon_127 azione_RL=QiskitO3
job=graphstate_indep_qiskit_4|ibm_falcon_127 azione_RL=PeepholeOptimise2Q
job=graphstate_indep_qiskit_4|ibm_falcon_127 azione_RL=CommutativeInverseCancellation
job=graphstate_indep_qiskit_4|ibm_falcon_127 azione_RL=Opt2qBlocks
job=graphstate_indep_qiskit_4|ibm_falcon_127 azione_RL=FullPeepholeOptimiseCX
job=graphstate_indep_qiskit_4|ibm_falcon_127 azione_RL=OptimizeCliffords
job=graphstate_indep_qiskit_4|ibm_falcon_127 azione_RL=InverseCancellation
job=graphstate_indep_qiskit_4|ibm_falcon_127 azione_RL=BQSKitO2
job=graphstate_indep_qiskit_4|ibm_falcon_127 azione_RL=OptimizeCliffords
job=graphstate_indep_qiskit_4|ibm_falcon_127 azione_RL=InverseCancellation
job=graphstate_indep_qiskit_4|ibm_falcon_127 azione_RL=Optimize1qGatesDecomposition
job=graphstate_indep_qiskit_4|ibm_falcon_127 azione_RL=BQSKitO2
job=graphstate_indep_qiskit_4|ibm_falcon_127 azione_RL=CliffordSimp
job=graphstate_indep_qiskit_4|ibm_falcon_127 azione_RL=BQSKitSynthesis
job=graphstate_indep_qiskit_4|ibm_falcon_127 azione_RL=BasisTranslator
job=graphstate_indep_qiskit_4|ibm_falcon_127 azione_RL=OptimizeCliffords
job=graphstate_indep_qiskit_4|ibm_falcon_127 azione_RL=BQSKitSynthesis
job=graphstate_indep_qiskit_4|ibm_falcon_127 fallback=QiskitO1
job=graphstate_indep_tket_4|ibm_falcon_127 azione_RL=BQSKitSynthesis
job=graphstate_indep_tket_4|ibm_falcon_127 azione_RL=InverseCancellation
job=graphstate_indep_tket_4|ibm_falcon_127 azione_RL=OptimizeCliffords
job=graphstate_indep_tket_4|ibm_falcon_127 azione_RL=InverseCancellation
job=graphstate_indep_tket_4|ibm_falcon_127 azione_RL=RemoveRedundancies
job=graphstate_indep_tket_4|ibm_falcon_127 azione_RL=FullPeepholeOptimiseCX
job=graphstate_indep_tket_4|ibm_falcon_127 azione_RL=BQSKitSynthesis
job=graphstate_indep_tket_4|ibm_falcon_127 azione_RL=RemoveDiagonalGatesBeforeMeasure
job=graphstate_indep_tket_4|ibm_falcon_127 azione_RL=CommutativeInverseCancellation
job=graphstate_indep_tket_4|ibm_falcon_127 azione_RL=PeepholeOptimise2Q
job=graphstate_indep_tket_4|ibm_falcon_127 azione_RL=PeepholeOptimise2Q
job=graphstate_indep_tket_4|ibm_falcon_127 azione_RL=RemoveDiagonalGatesBeforeMeasure
job=graphstate_indep_tket_4|ibm_falcon_127 azione_RL=BasisTranslator
job=graphstate_indep_tket_4|ibm_falcon_127 azione_RL=CliffordSimp
job=graphstate_indep_tket_4|ibm_falcon_127 azione_RL=BasisTranslator
job=graphstate_indep_tket_4|ibm_falcon_127 azione_RL=CommutativeInverseCancellation
job=graphstate_indep_tket_4|ibm_falcon_127 azione_RL=InverseCancellation
job=graphstate_indep_tket_4|ibm_falcon_127 azione_RL=FullPeepholeOptimiseCX
job=graphstate_indep_tket_4|ibm_falcon_127 azione_RL=CommutativeCancellation
job=graphstate_indep_tket_4|ibm_falcon_127 azione_RL=RemoveDiagonalGatesBeforeMeasure
job=graphstate_indep_tket_4|ibm_falcon_127 azione_RL=OptimizeCliffords
job=graphstate_indep_tket_4|ibm_falcon_127 azione_RL=OptimizeCliffords
job=graphstate_indep_tket_4|ibm_falcon_127 azione_RL=RemoveRedundancies
job=graphstate_indep_tket_4|ibm_falcon_127 azione_RL=PeepholeOptimise2Q
job=graphstate_indep_tket_4|ibm_falcon_127 azione_RL=BasisTranslator
job=graphstate_indep_tket_4|ibm_falcon_127 azione_RL=RemoveRedundancies
job=graphstate_indep_tket_4|ibm_falcon_127 azione_RL=BasisTranslator
job=graphstate_indep_tket_4|ibm_falcon_127 azione_RL=CommutativeCancellation
job=graphstate_indep_tket_4|ibm_falcon_127 azione_RL=QiskitO3
job=graphstate_indep_tket_4|ibm_falcon_127 azione_RL=BQSKitO2
job=graphstate_indep_tket_4|ibm_falcon_127 azione_RL=InverseCancellation
job=graphstate_indep_tket_4|ibm_falcon_127 azione_RL=CommutativeCancellation
job=graphstate_indep_tket_4|ibm_falcon_127 azione_RL=InverseCancellation
job=graphstate_indep_tket_4|ibm_falcon_127 azione_RL=QiskitO3
job=graphstate_indep_tket_4|ibm_falcon_127 azione_RL=RemoveDiagonalGatesBeforeMeasure
job=graphstate_indep_tket_4|ibm_falcon_127 azione_RL=Opt2qBlocks
job=graphstate_indep_tket_4|ibm_falcon_127 azione_RL=BQSKitSynthesis
job=graphstate_indep_tket_4|ibm_falcon_127 azione_RL=CommutativeInverseCancellation
job=graphstate_indep_tket_4|ibm_falcon_127 azione_RL=PeepholeOptimise2Q
job=graphstate_indep_tket_4|ibm_falcon_127 azione_RL=CommutativeCancellation
job=graphstate_indep_tket_4|ibm_falcon_127 azione_RL=Opt2qBlocks
job=graphstate_indep_tket_4|ibm_falcon_127 azione_RL=BasisTranslator
job=graphstate_indep_tket_4|ibm_falcon_127 azione_RL=BasisTranslator
job=graphstate_indep_tket_4|ibm_falcon_127 azione_RL=Opt2qBlocks
job=graphstate_indep_tket_4|ibm_falcon_127 azione_RL=RemoveDiagonalGatesBeforeMeasure
job=graphstate_indep_tket_4|ibm_falcon_127 azione_RL=CliffordSimp
job=graphstate_indep_tket_4|ibm_falcon_127 azione_RL=FullPeepholeOptimiseCX
job=graphstate_indep_tket_4|ibm_falcon_127 azione_RL=CliffordSimp
job=graphstate_indep_tket_4|ibm_falcon_127 azione_RL=CommutativeCancellation
job=graphstate_indep_tket_4|ibm_falcon_127 azione_RL=RemoveRedundancies
job=graphstate_indep_tket_4|ibm_falcon_127 azione_RL=QiskitO3
job=graphstate_indep_tket_4|ibm_falcon_127 azione_RL=CommutativeCancellation
job=graphstate_indep_tket_4|ibm_falcon_127 azione_RL=PeepholeOptimise2Q
job=graphstate_indep_tket_4|ibm_falcon_127 azione_RL=PeepholeOptimise2Q
job=graphstate_indep_tket_4|ibm_falcon_127 azione_RL=OptimizeCliffords
job=graphstate_indep_tket_4|ibm_falcon_127 azione_RL=OptimizeCliffords
job=graphstate_indep_tket_4|ibm_falcon_127 azione_RL=OptimizeCliffords
job=graphstate_indep_tket_4|ibm_falcon_127 azione_RL=BasisTranslator
job=graphstate_indep_tket_4|ibm_falcon_127 azione_RL=QiskitO3
job=graphstate_indep_tket_4|ibm_falcon_127 azione_RL=PeepholeOptimise2Q
job=graphstate_indep_tket_4|ibm_falcon_127 azione_RL=CommutativeInverseCancellation
job=graphstate_indep_tket_4|ibm_falcon_127 azione_RL=Opt2qBlocks
job=graphstate_indep_tket_4|ibm_falcon_127 azione_RL=BasisTranslator
job=graphstate_indep_tket_4|ibm_falcon_127 azione_RL=Optimize1qGatesDecomposition
job=graphstate_indep_tket_4|ibm_falcon_127 azione_RL=CliffordSimp
job=graphstate_indep_tket_4|ibm_falcon_127 azione_RL=PeepholeOptimise2Q
job=graphstate_indep_tket_4|ibm_falcon_127 azione_RL=QiskitO3
job=graphstate_indep_tket_4|ibm_falcon_127 azione_RL=CommutativeCancellation
job=graphstate_indep_tket_4|ibm_falcon_127 azione_RL=InverseCancellation
job=graphstate_indep_tket_4|ibm_falcon_127 azione_RL=Optimize1qGatesDecomposition
job=graphstate_indep_tket_4|ibm_falcon_127 azione_RL=CliffordSimp
job=graphstate_indep_tket_4|ibm_falcon_127 azione_RL=Optimize1qGatesDecomposition
job=graphstate_indep_tket_4|ibm_falcon_127 azione_RL=QiskitO3
job=graphstate_indep_tket_4|ibm_falcon_127 azione_RL=RemoveRedundancies
job=graphstate_indep_tket_4|ibm_falcon_127 azione_RL=RemoveDiagonalGatesBeforeMeasure
job=graphstate_indep_tket_4|ibm_falcon_127 azione_RL=CommutativeInverseCancellation
job=graphstate_indep_tket_4|ibm_falcon_127 azione_RL=InverseCancellation
job=graphstate_indep_tket_4|ibm_falcon_127 azione_RL=CommutativeCancellation
job=graphstate_indep_tket_4|ibm_falcon_127 azione_RL=QiskitO3
job=graphstate_indep_tket_4|ibm_falcon_127 azione_RL=PeepholeOptimise2Q
job=graphstate_indep_tket_4|ibm_falcon_127 azione_RL=CommutativeInverseCancellation
job=graphstate_indep_tket_4|ibm_falcon_127 azione_RL=Opt2qBlocks
job=graphstate_indep_tket_4|ibm_falcon_127 azione_RL=FullPeepholeOptimiseCX
job=graphstate_indep_tket_4|ibm_falcon_127 azione_RL=OptimizeCliffords
job=graphstate_indep_tket_4|ibm_falcon_127 azione_RL=InverseCancellation
job=graphstate_indep_tket_4|ibm_falcon_127 azione_RL=BQSKitO2
job=graphstate_indep_tket_4|ibm_falcon_127 azione_RL=OptimizeCliffords
job=graphstate_indep_tket_4|ibm_falcon_127 azione_RL=InverseCancellation
job=graphstate_indep_tket_4|ibm_falcon_127 azione_RL=Optimize1qGatesDecomposition
job=graphstate_indep_tket_4|ibm_falcon_127 azione_RL=BQSKitO2
job=graphstate_indep_tket_4|ibm_falcon_127 azione_RL=CliffordSimp
job=graphstate_indep_tket_4|ibm_falcon_127 azione_RL=BQSKitSynthesis
job=graphstate_indep_tket_4|ibm_falcon_127 azione_RL=BasisTranslator
job=graphstate_indep_tket_4|ibm_falcon_127 azione_RL=OptimizeCliffords
job=graphstate_indep_tket_4|ibm_falcon_127 azione_RL=BQSKitSynthesis
job=graphstate_indep_tket_4|ibm_falcon_127 fallback=QiskitO1
job=groundstate_small_indep_qiskit_4|ibm_falcon_127 azione_RL=BQSKitSynthesis
job=groundstate_small_indep_qiskit_4|ibm_falcon_127 azione_RL=InverseCancellation
job=groundstate_small_indep_qiskit_4|ibm_falcon_127 azione_RL=OptimizeCliffords
job=groundstate_small_indep_qiskit_4|ibm_falcon_127 azione_RL=InverseCancellation
job=groundstate_small_indep_qiskit_4|ibm_falcon_127 azione_RL=RemoveRedundancies
job=groundstate_small_indep_qiskit_4|ibm_falcon_127 azione_RL=FullPeepholeOptimiseCX
job=groundstate_small_indep_qiskit_4|ibm_falcon_127 azione_RL=BQSKitSynthesis
job=groundstate_small_indep_qiskit_4|ibm_falcon_127 azione_RL=RemoveDiagonalGatesBeforeMeasure
job=groundstate_small_indep_qiskit_4|ibm_falcon_127 azione_RL=CommutativeInverseCancellation
job=groundstate_small_indep_qiskit_4|ibm_falcon_127 azione_RL=PeepholeOptimise2Q
job=groundstate_small_indep_qiskit_4|ibm_falcon_127 azione_RL=PeepholeOptimise2Q
job=groundstate_small_indep_qiskit_4|ibm_falcon_127 azione_RL=RemoveDiagonalGatesBeforeMeasure
job=groundstate_small_indep_qiskit_4|ibm_falcon_127 azione_RL=BasisTranslator
job=groundstate_small_indep_qiskit_4|ibm_falcon_127 azione_RL=CliffordSimp
/home/elio/Tesi/.venv/lib/python3.12/site-packages/pytket/extensions/qiskit/qiskit_convert.py:1124: UserWarning: The pytket Circuit contains implicit qubit permutations which aren't handled by default. Consider using the replace_implicit_swaps flag in tk_to_qiskit or replacing them using Circuit.replace_implicit_swaps().
  warnings.warn(  # noqa: B028
job=groundstate_small_indep_qiskit_4|ibm_falcon_127 azione_RL=BasisTranslator
job=groundstate_small_indep_qiskit_4|ibm_falcon_127 azione_RL=CommutativeInverseCancellation
job=groundstate_small_indep_qiskit_4|ibm_falcon_127 azione_RL=InverseCancellation
job=groundstate_small_indep_qiskit_4|ibm_falcon_127 azione_RL=FullPeepholeOptimiseCX
job=groundstate_small_indep_qiskit_4|ibm_falcon_127 azione_RL=CommutativeCancellation
job=groundstate_small_indep_qiskit_4|ibm_falcon_127 azione_RL=RemoveDiagonalGatesBeforeMeasure
job=groundstate_small_indep_qiskit_4|ibm_falcon_127 azione_RL=OptimizeCliffords
job=groundstate_small_indep_qiskit_4|ibm_falcon_127 azione_RL=OptimizeCliffords
job=groundstate_small_indep_qiskit_4|ibm_falcon_127 azione_RL=RemoveRedundancies
job=groundstate_small_indep_qiskit_4|ibm_falcon_127 azione_RL=PeepholeOptimise2Q
job=groundstate_small_indep_qiskit_4|ibm_falcon_127 azione_RL=BasisTranslator
job=groundstate_small_indep_qiskit_4|ibm_falcon_127 azione_RL=RemoveRedundancies
job=groundstate_small_indep_qiskit_4|ibm_falcon_127 azione_RL=BasisTranslator
job=groundstate_small_indep_qiskit_4|ibm_falcon_127 azione_RL=CommutativeCancellation
job=groundstate_small_indep_qiskit_4|ibm_falcon_127 azione_RL=QiskitO3
job=groundstate_small_indep_qiskit_4|ibm_falcon_127 azione_RL=BQSKitO2
job=groundstate_small_indep_qiskit_4|ibm_falcon_127 azione_RL=InverseCancellation
job=groundstate_small_indep_qiskit_4|ibm_falcon_127 azione_RL=CommutativeCancellation
job=groundstate_small_indep_qiskit_4|ibm_falcon_127 azione_RL=InverseCancellation
job=groundstate_small_indep_qiskit_4|ibm_falcon_127 azione_RL=QiskitO3
job=groundstate_small_indep_qiskit_4|ibm_falcon_127 azione_RL=RemoveDiagonalGatesBeforeMeasure
job=groundstate_small_indep_qiskit_4|ibm_falcon_127 azione_RL=Opt2qBlocks
job=groundstate_small_indep_qiskit_4|ibm_falcon_127 azione_RL=BQSKitSynthesis
job=groundstate_small_indep_qiskit_4|ibm_falcon_127 azione_RL=CommutativeInverseCancellation
job=groundstate_small_indep_qiskit_4|ibm_falcon_127 azione_RL=PeepholeOptimise2Q
job=groundstate_small_indep_qiskit_4|ibm_falcon_127 azione_RL=CommutativeCancellation
job=groundstate_small_indep_qiskit_4|ibm_falcon_127 azione_RL=Opt2qBlocks
job=groundstate_small_indep_qiskit_4|ibm_falcon_127 azione_RL=BasisTranslator
job=groundstate_small_indep_qiskit_4|ibm_falcon_127 azione_RL=BasisTranslator
job=groundstate_small_indep_qiskit_4|ibm_falcon_127 azione_RL=Opt2qBlocks
job=groundstate_small_indep_qiskit_4|ibm_falcon_127 azione_RL=RemoveDiagonalGatesBeforeMeasure
job=groundstate_small_indep_qiskit_4|ibm_falcon_127 azione_RL=CliffordSimp
job=groundstate_small_indep_qiskit_4|ibm_falcon_127 azione_RL=FullPeepholeOptimiseCX
job=groundstate_small_indep_qiskit_4|ibm_falcon_127 azione_RL=CliffordSimp
job=groundstate_small_indep_qiskit_4|ibm_falcon_127 azione_RL=CommutativeCancellation
job=groundstate_small_indep_qiskit_4|ibm_falcon_127 azione_RL=RemoveRedundancies
job=groundstate_small_indep_qiskit_4|ibm_falcon_127 azione_RL=QiskitO3
job=groundstate_small_indep_qiskit_4|ibm_falcon_127 azione_RL=CommutativeCancellation
job=groundstate_small_indep_qiskit_4|ibm_falcon_127 azione_RL=PeepholeOptimise2Q
job=groundstate_small_indep_qiskit_4|ibm_falcon_127 azione_RL=PeepholeOptimise2Q
job=groundstate_small_indep_qiskit_4|ibm_falcon_127 azione_RL=OptimizeCliffords
job=groundstate_small_indep_qiskit_4|ibm_falcon_127 azione_RL=OptimizeCliffords
job=groundstate_small_indep_qiskit_4|ibm_falcon_127 azione_RL=OptimizeCliffords
job=groundstate_small_indep_qiskit_4|ibm_falcon_127 azione_RL=BasisTranslator
job=groundstate_small_indep_qiskit_4|ibm_falcon_127 azione_RL=QiskitO3
job=groundstate_small_indep_qiskit_4|ibm_falcon_127 azione_RL=PeepholeOptimise2Q
job=groundstate_small_indep_qiskit_4|ibm_falcon_127 azione_RL=CommutativeInverseCancellation
job=groundstate_small_indep_qiskit_4|ibm_falcon_127 azione_RL=Opt2qBlocks
job=groundstate_small_indep_qiskit_4|ibm_falcon_127 azione_RL=BasisTranslator
job=groundstate_small_indep_qiskit_4|ibm_falcon_127 azione_RL=Optimize1qGatesDecomposition
job=groundstate_small_indep_qiskit_4|ibm_falcon_127 azione_RL=CliffordSimp
job=groundstate_small_indep_qiskit_4|ibm_falcon_127 azione_RL=PeepholeOptimise2Q
job=groundstate_small_indep_qiskit_4|ibm_falcon_127 azione_RL=QiskitO3
job=groundstate_small_indep_qiskit_4|ibm_falcon_127 azione_RL=CommutativeCancellation
job=groundstate_small_indep_qiskit_4|ibm_falcon_127 azione_RL=InverseCancellation
job=groundstate_small_indep_qiskit_4|ibm_falcon_127 azione_RL=Optimize1qGatesDecomposition
job=groundstate_small_indep_qiskit_4|ibm_falcon_127 azione_RL=CliffordSimp
job=groundstate_small_indep_qiskit_4|ibm_falcon_127 azione_RL=Optimize1qGatesDecomposition
job=groundstate_small_indep_qiskit_4|ibm_falcon_127 azione_RL=QiskitO3
job=groundstate_small_indep_qiskit_4|ibm_falcon_127 azione_RL=RemoveRedundancies
job=groundstate_small_indep_qiskit_4|ibm_falcon_127 azione_RL=RemoveDiagonalGatesBeforeMeasure
job=groundstate_small_indep_qiskit_4|ibm_falcon_127 azione_RL=CommutativeInverseCancellation
job=groundstate_small_indep_qiskit_4|ibm_falcon_127 azione_RL=InverseCancellation
job=groundstate_small_indep_qiskit_4|ibm_falcon_127 azione_RL=CommutativeCancellation
job=groundstate_small_indep_qiskit_4|ibm_falcon_127 azione_RL=QiskitO3
job=groundstate_small_indep_qiskit_4|ibm_falcon_127 azione_RL=PeepholeOptimise2Q
job=groundstate_small_indep_qiskit_4|ibm_falcon_127 azione_RL=CommutativeInverseCancellation
job=groundstate_small_indep_qiskit_4|ibm_falcon_127 azione_RL=Opt2qBlocks
job=groundstate_small_indep_qiskit_4|ibm_falcon_127 azione_RL=FullPeepholeOptimiseCX
job=groundstate_small_indep_qiskit_4|ibm_falcon_127 azione_RL=OptimizeCliffords
job=groundstate_small_indep_qiskit_4|ibm_falcon_127 azione_RL=InverseCancellation
job=groundstate_small_indep_qiskit_4|ibm_falcon_127 azione_RL=BQSKitO2
job=groundstate_small_indep_qiskit_4|ibm_falcon_127 azione_RL=OptimizeCliffords
job=groundstate_small_indep_qiskit_4|ibm_falcon_127 azione_RL=InverseCancellation
job=groundstate_small_indep_qiskit_4|ibm_falcon_127 azione_RL=Optimize1qGatesDecomposition
job=groundstate_small_indep_qiskit_4|ibm_falcon_127 azione_RL=BQSKitO2
job=groundstate_small_indep_qiskit_4|ibm_falcon_127 azione_RL=CliffordSimp
job=groundstate_small_indep_qiskit_4|ibm_falcon_127 azione_RL=BQSKitSynthesis
job=groundstate_small_indep_qiskit_4|ibm_falcon_127 fallback=QiskitO1
job=groundstate_small_indep_tket_4|ibm_falcon_127 azione_RL=BQSKitSynthesis
job=groundstate_small_indep_tket_4|ibm_falcon_127 azione_RL=InverseCancellation
job=groundstate_small_indep_tket_4|ibm_falcon_127 azione_RL=OptimizeCliffords
job=groundstate_small_indep_tket_4|ibm_falcon_127 azione_RL=InverseCancellation
job=groundstate_small_indep_tket_4|ibm_falcon_127 azione_RL=RemoveRedundancies
job=groundstate_small_indep_tket_4|ibm_falcon_127 azione_RL=FullPeepholeOptimiseCX
job=groundstate_small_indep_tket_4|ibm_falcon_127 azione_RL=BQSKitSynthesis
job=groundstate_small_indep_tket_4|ibm_falcon_127 azione_RL=RemoveDiagonalGatesBeforeMeasure
job=groundstate_small_indep_tket_4|ibm_falcon_127 azione_RL=CommutativeInverseCancellation
job=groundstate_small_indep_tket_4|ibm_falcon_127 azione_RL=PeepholeOptimise2Q
job=groundstate_small_indep_tket_4|ibm_falcon_127 azione_RL=PeepholeOptimise2Q
job=groundstate_small_indep_tket_4|ibm_falcon_127 azione_RL=RemoveDiagonalGatesBeforeMeasure
job=groundstate_small_indep_tket_4|ibm_falcon_127 azione_RL=BasisTranslator
job=groundstate_small_indep_tket_4|ibm_falcon_127 azione_RL=CliffordSimp
job=groundstate_small_indep_tket_4|ibm_falcon_127 azione_RL=BasisTranslator
job=groundstate_small_indep_tket_4|ibm_falcon_127 azione_RL=CommutativeInverseCancellation
job=groundstate_small_indep_tket_4|ibm_falcon_127 azione_RL=InverseCancellation
job=groundstate_small_indep_tket_4|ibm_falcon_127 azione_RL=FullPeepholeOptimiseCX
job=groundstate_small_indep_tket_4|ibm_falcon_127 azione_RL=CommutativeCancellation
job=groundstate_small_indep_tket_4|ibm_falcon_127 azione_RL=RemoveDiagonalGatesBeforeMeasure
job=groundstate_small_indep_tket_4|ibm_falcon_127 azione_RL=OptimizeCliffords
job=groundstate_small_indep_tket_4|ibm_falcon_127 azione_RL=OptimizeCliffords
job=groundstate_small_indep_tket_4|ibm_falcon_127 azione_RL=RemoveRedundancies
job=groundstate_small_indep_tket_4|ibm_falcon_127 azione_RL=PeepholeOptimise2Q
job=groundstate_small_indep_tket_4|ibm_falcon_127 azione_RL=BasisTranslator
job=groundstate_small_indep_tket_4|ibm_falcon_127 azione_RL=RemoveRedundancies
job=groundstate_small_indep_tket_4|ibm_falcon_127 azione_RL=BasisTranslator
job=groundstate_small_indep_tket_4|ibm_falcon_127 azione_RL=CommutativeCancellation
job=groundstate_small_indep_tket_4|ibm_falcon_127 azione_RL=QiskitO3
job=groundstate_small_indep_tket_4|ibm_falcon_127 azione_RL=BQSKitO2
job=groundstate_small_indep_tket_4|ibm_falcon_127 azione_RL=InverseCancellation
job=groundstate_small_indep_tket_4|ibm_falcon_127 azione_RL=CommutativeCancellation
job=groundstate_small_indep_tket_4|ibm_falcon_127 azione_RL=InverseCancellation
job=groundstate_small_indep_tket_4|ibm_falcon_127 azione_RL=QiskitO3
job=groundstate_small_indep_tket_4|ibm_falcon_127 azione_RL=RemoveDiagonalGatesBeforeMeasure
job=groundstate_small_indep_tket_4|ibm_falcon_127 azione_RL=Opt2qBlocks
job=groundstate_small_indep_tket_4|ibm_falcon_127 azione_RL=BQSKitSynthesis
job=groundstate_small_indep_tket_4|ibm_falcon_127 azione_RL=CommutativeInverseCancellation
job=groundstate_small_indep_tket_4|ibm_falcon_127 azione_RL=PeepholeOptimise2Q
job=groundstate_small_indep_tket_4|ibm_falcon_127 azione_RL=CommutativeCancellation
job=groundstate_small_indep_tket_4|ibm_falcon_127 azione_RL=Opt2qBlocks
job=groundstate_small_indep_tket_4|ibm_falcon_127 azione_RL=BasisTranslator
job=groundstate_small_indep_tket_4|ibm_falcon_127 azione_RL=BasisTranslator
job=groundstate_small_indep_tket_4|ibm_falcon_127 azione_RL=Opt2qBlocks
job=groundstate_small_indep_tket_4|ibm_falcon_127 azione_RL=RemoveDiagonalGatesBeforeMeasure
job=groundstate_small_indep_tket_4|ibm_falcon_127 azione_RL=CliffordSimp
job=groundstate_small_indep_tket_4|ibm_falcon_127 azione_RL=FullPeepholeOptimiseCX
job=groundstate_small_indep_tket_4|ibm_falcon_127 azione_RL=CliffordSimp
job=groundstate_small_indep_tket_4|ibm_falcon_127 azione_RL=CommutativeCancellation
job=groundstate_small_indep_tket_4|ibm_falcon_127 azione_RL=RemoveRedundancies
job=groundstate_small_indep_tket_4|ibm_falcon_127 azione_RL=QiskitO3
job=groundstate_small_indep_tket_4|ibm_falcon_127 azione_RL=CommutativeCancellation
job=groundstate_small_indep_tket_4|ibm_falcon_127 azione_RL=PeepholeOptimise2Q
job=groundstate_small_indep_tket_4|ibm_falcon_127 azione_RL=PeepholeOptimise2Q
job=groundstate_small_indep_tket_4|ibm_falcon_127 azione_RL=OptimizeCliffords
job=groundstate_small_indep_tket_4|ibm_falcon_127 azione_RL=OptimizeCliffords
job=groundstate_small_indep_tket_4|ibm_falcon_127 azione_RL=OptimizeCliffords
job=groundstate_small_indep_tket_4|ibm_falcon_127 azione_RL=BasisTranslator
job=groundstate_small_indep_tket_4|ibm_falcon_127 azione_RL=QiskitO3
job=groundstate_small_indep_tket_4|ibm_falcon_127 azione_RL=PeepholeOptimise2Q
job=groundstate_small_indep_tket_4|ibm_falcon_127 azione_RL=CommutativeInverseCancellation
job=groundstate_small_indep_tket_4|ibm_falcon_127 azione_RL=Opt2qBlocks
job=groundstate_small_indep_tket_4|ibm_falcon_127 azione_RL=BasisTranslator
job=groundstate_small_indep_tket_4|ibm_falcon_127 azione_RL=Optimize1qGatesDecomposition
job=groundstate_small_indep_tket_4|ibm_falcon_127 azione_RL=CliffordSimp
job=groundstate_small_indep_tket_4|ibm_falcon_127 azione_RL=PeepholeOptimise2Q
job=groundstate_small_indep_tket_4|ibm_falcon_127 azione_RL=QiskitO3
job=groundstate_small_indep_tket_4|ibm_falcon_127 azione_RL=CommutativeCancellation
job=groundstate_small_indep_tket_4|ibm_falcon_127 azione_RL=InverseCancellation
job=groundstate_small_indep_tket_4|ibm_falcon_127 azione_RL=Optimize1qGatesDecomposition
job=groundstate_small_indep_tket_4|ibm_falcon_127 azione_RL=CliffordSimp
job=groundstate_small_indep_tket_4|ibm_falcon_127 azione_RL=Optimize1qGatesDecomposition
job=groundstate_small_indep_tket_4|ibm_falcon_127 azione_RL=QiskitO3
job=groundstate_small_indep_tket_4|ibm_falcon_127 azione_RL=RemoveRedundancies
job=groundstate_small_indep_tket_4|ibm_falcon_127 azione_RL=RemoveDiagonalGatesBeforeMeasure
job=groundstate_small_indep_tket_4|ibm_falcon_127 azione_RL=CommutativeInverseCancellation
job=groundstate_small_indep_tket_4|ibm_falcon_127 azione_RL=InverseCancellation
job=groundstate_small_indep_tket_4|ibm_falcon_127 azione_RL=CommutativeCancellation
job=groundstate_small_indep_tket_4|ibm_falcon_127 azione_RL=QiskitO3
job=groundstate_small_indep_tket_4|ibm_falcon_127 azione_RL=PeepholeOptimise2Q
job=groundstate_small_indep_tket_4|ibm_falcon_127 azione_RL=CommutativeInverseCancellation
job=groundstate_small_indep_tket_4|ibm_falcon_127 azione_RL=Opt2qBlocks
job=groundstate_small_indep_tket_4|ibm_falcon_127 azione_RL=FullPeepholeOptimiseCX
job=groundstate_small_indep_tket_4|ibm_falcon_127 azione_RL=OptimizeCliffords
job=groundstate_small_indep_tket_4|ibm_falcon_127 azione_RL=InverseCancellation
job=groundstate_small_indep_tket_4|ibm_falcon_127 azione_RL=BQSKitO2
job=groundstate_small_indep_tket_4|ibm_falcon_127 azione_RL=OptimizeCliffords
job=groundstate_small_indep_tket_4|ibm_falcon_127 azione_RL=InverseCancellation
job=groundstate_small_indep_tket_4|ibm_falcon_127 azione_RL=Optimize1qGatesDecomposition
job=groundstate_small_indep_tket_4|ibm_falcon_127 azione_RL=BQSKitO2
job=groundstate_small_indep_tket_4|ibm_falcon_127 azione_RL=CliffordSimp
job=groundstate_small_indep_tket_4|ibm_falcon_127 azione_RL=BQSKitSynthesis
job=groundstate_small_indep_tket_4|ibm_falcon_127 fallback=QiskitO1
job=portfolioqaoa_indep_qiskit_4|ibm_falcon_127 azione_RL=BQSKitSynthesis
job=portfolioqaoa_indep_qiskit_4|ibm_falcon_127 azione_RL=InverseCancellation
job=portfolioqaoa_indep_qiskit_4|ibm_falcon_127 azione_RL=OptimizeCliffords
job=portfolioqaoa_indep_qiskit_4|ibm_falcon_127 azione_RL=InverseCancellation
job=portfolioqaoa_indep_qiskit_4|ibm_falcon_127 azione_RL=RemoveRedundancies
job=portfolioqaoa_indep_qiskit_4|ibm_falcon_127 azione_RL=FullPeepholeOptimiseCX
job=portfolioqaoa_indep_qiskit_4|ibm_falcon_127 azione_RL=BQSKitSynthesis
job=portfolioqaoa_indep_qiskit_4|ibm_falcon_127 azione_RL=RemoveDiagonalGatesBeforeMeasure
job=portfolioqaoa_indep_qiskit_4|ibm_falcon_127 azione_RL=CommutativeInverseCancellation
job=portfolioqaoa_indep_qiskit_4|ibm_falcon_127 azione_RL=PeepholeOptimise2Q
job=portfolioqaoa_indep_qiskit_4|ibm_falcon_127 azione_RL=PeepholeOptimise2Q
job=portfolioqaoa_indep_qiskit_4|ibm_falcon_127 azione_RL=RemoveDiagonalGatesBeforeMeasure
job=portfolioqaoa_indep_qiskit_4|ibm_falcon_127 azione_RL=BasisTranslator
job=portfolioqaoa_indep_qiskit_4|ibm_falcon_127 azione_RL=CliffordSimp
job=portfolioqaoa_indep_qiskit_4|ibm_falcon_127 azione_RL=BasisTranslator
job=portfolioqaoa_indep_qiskit_4|ibm_falcon_127 azione_RL=CommutativeInverseCancellation
job=portfolioqaoa_indep_qiskit_4|ibm_falcon_127 azione_RL=InverseCancellation
job=portfolioqaoa_indep_qiskit_4|ibm_falcon_127 azione_RL=FullPeepholeOptimiseCX
job=portfolioqaoa_indep_qiskit_4|ibm_falcon_127 azione_RL=CommutativeCancellation
job=portfolioqaoa_indep_qiskit_4|ibm_falcon_127 azione_RL=RemoveDiagonalGatesBeforeMeasure
job=portfolioqaoa_indep_qiskit_4|ibm_falcon_127 azione_RL=OptimizeCliffords
job=portfolioqaoa_indep_qiskit_4|ibm_falcon_127 azione_RL=OptimizeCliffords
job=portfolioqaoa_indep_qiskit_4|ibm_falcon_127 azione_RL=RemoveRedundancies
job=portfolioqaoa_indep_qiskit_4|ibm_falcon_127 azione_RL=PeepholeOptimise2Q
job=portfolioqaoa_indep_qiskit_4|ibm_falcon_127 azione_RL=BasisTranslator
job=portfolioqaoa_indep_qiskit_4|ibm_falcon_127 azione_RL=RemoveRedundancies
job=portfolioqaoa_indep_qiskit_4|ibm_falcon_127 azione_RL=BasisTranslator
job=portfolioqaoa_indep_qiskit_4|ibm_falcon_127 azione_RL=CommutativeCancellation
job=portfolioqaoa_indep_qiskit_4|ibm_falcon_127 azione_RL=QiskitO3
job=portfolioqaoa_indep_qiskit_4|ibm_falcon_127 azione_RL=BQSKitO2
job=portfolioqaoa_indep_qiskit_4|ibm_falcon_127 azione_RL=InverseCancellation
job=portfolioqaoa_indep_qiskit_4|ibm_falcon_127 azione_RL=CommutativeCancellation
job=portfolioqaoa_indep_qiskit_4|ibm_falcon_127 azione_RL=InverseCancellation
job=portfolioqaoa_indep_qiskit_4|ibm_falcon_127 azione_RL=QiskitO3
job=portfolioqaoa_indep_qiskit_4|ibm_falcon_127 azione_RL=RemoveDiagonalGatesBeforeMeasure
job=portfolioqaoa_indep_qiskit_4|ibm_falcon_127 azione_RL=Opt2qBlocks
job=portfolioqaoa_indep_qiskit_4|ibm_falcon_127 azione_RL=BQSKitSynthesis
job=portfolioqaoa_indep_qiskit_4|ibm_falcon_127 azione_RL=CommutativeInverseCancellation
job=portfolioqaoa_indep_qiskit_4|ibm_falcon_127 azione_RL=PeepholeOptimise2Q
job=portfolioqaoa_indep_qiskit_4|ibm_falcon_127 azione_RL=CommutativeCancellation
job=portfolioqaoa_indep_qiskit_4|ibm_falcon_127 azione_RL=Opt2qBlocks
job=portfolioqaoa_indep_qiskit_4|ibm_falcon_127 azione_RL=BasisTranslator
job=portfolioqaoa_indep_qiskit_4|ibm_falcon_127 azione_RL=BasisTranslator
job=portfolioqaoa_indep_qiskit_4|ibm_falcon_127 azione_RL=Opt2qBlocks
job=portfolioqaoa_indep_qiskit_4|ibm_falcon_127 azione_RL=RemoveDiagonalGatesBeforeMeasure
job=portfolioqaoa_indep_qiskit_4|ibm_falcon_127 azione_RL=CliffordSimp
job=portfolioqaoa_indep_qiskit_4|ibm_falcon_127 azione_RL=FullPeepholeOptimiseCX
job=portfolioqaoa_indep_qiskit_4|ibm_falcon_127 azione_RL=CliffordSimp
job=portfolioqaoa_indep_qiskit_4|ibm_falcon_127 azione_RL=CommutativeCancellation
job=portfolioqaoa_indep_qiskit_4|ibm_falcon_127 azione_RL=RemoveRedundancies
job=portfolioqaoa_indep_qiskit_4|ibm_falcon_127 azione_RL=QiskitO3
job=portfolioqaoa_indep_qiskit_4|ibm_falcon_127 azione_RL=CommutativeCancellation
job=portfolioqaoa_indep_qiskit_4|ibm_falcon_127 azione_RL=PeepholeOptimise2Q
job=portfolioqaoa_indep_qiskit_4|ibm_falcon_127 azione_RL=PeepholeOptimise2Q
job=portfolioqaoa_indep_qiskit_4|ibm_falcon_127 azione_RL=OptimizeCliffords
job=portfolioqaoa_indep_qiskit_4|ibm_falcon_127 azione_RL=OptimizeCliffords
job=portfolioqaoa_indep_qiskit_4|ibm_falcon_127 azione_RL=OptimizeCliffords
job=portfolioqaoa_indep_qiskit_4|ibm_falcon_127 azione_RL=BasisTranslator
job=portfolioqaoa_indep_qiskit_4|ibm_falcon_127 azione_RL=QiskitO3
job=portfolioqaoa_indep_qiskit_4|ibm_falcon_127 azione_RL=PeepholeOptimise2Q
job=portfolioqaoa_indep_qiskit_4|ibm_falcon_127 azione_RL=CommutativeInverseCancellation
job=portfolioqaoa_indep_qiskit_4|ibm_falcon_127 azione_RL=Opt2qBlocks
job=portfolioqaoa_indep_qiskit_4|ibm_falcon_127 azione_RL=BasisTranslator
job=portfolioqaoa_indep_qiskit_4|ibm_falcon_127 azione_RL=Optimize1qGatesDecomposition
job=portfolioqaoa_indep_qiskit_4|ibm_falcon_127 azione_RL=CliffordSimp
job=portfolioqaoa_indep_qiskit_4|ibm_falcon_127 azione_RL=PeepholeOptimise2Q
job=portfolioqaoa_indep_qiskit_4|ibm_falcon_127 fallback=QiskitO1
job=portfolioqaoa_indep_tket_4|ibm_falcon_127 azione_RL=BQSKitSynthesis
job=portfolioqaoa_indep_tket_4|ibm_falcon_127 azione_RL=InverseCancellation
job=portfolioqaoa_indep_tket_4|ibm_falcon_127 azione_RL=OptimizeCliffords
job=portfolioqaoa_indep_tket_4|ibm_falcon_127 azione_RL=InverseCancellation
job=portfolioqaoa_indep_tket_4|ibm_falcon_127 azione_RL=RemoveRedundancies
job=portfolioqaoa_indep_tket_4|ibm_falcon_127 azione_RL=FullPeepholeOptimiseCX
job=portfolioqaoa_indep_tket_4|ibm_falcon_127 azione_RL=BQSKitSynthesis
job=portfolioqaoa_indep_tket_4|ibm_falcon_127 azione_RL=RemoveDiagonalGatesBeforeMeasure
job=portfolioqaoa_indep_tket_4|ibm_falcon_127 azione_RL=CommutativeInverseCancellation
job=portfolioqaoa_indep_tket_4|ibm_falcon_127 azione_RL=PeepholeOptimise2Q
job=portfolioqaoa_indep_tket_4|ibm_falcon_127 azione_RL=PeepholeOptimise2Q
job=portfolioqaoa_indep_tket_4|ibm_falcon_127 azione_RL=RemoveDiagonalGatesBeforeMeasure
job=portfolioqaoa_indep_tket_4|ibm_falcon_127 azione_RL=BasisTranslator
job=portfolioqaoa_indep_tket_4|ibm_falcon_127 azione_RL=CliffordSimp
job=portfolioqaoa_indep_tket_4|ibm_falcon_127 azione_RL=BasisTranslator
job=portfolioqaoa_indep_tket_4|ibm_falcon_127 azione_RL=CommutativeInverseCancellation
job=portfolioqaoa_indep_tket_4|ibm_falcon_127 azione_RL=InverseCancellation
job=portfolioqaoa_indep_tket_4|ibm_falcon_127 azione_RL=FullPeepholeOptimiseCX
job=portfolioqaoa_indep_tket_4|ibm_falcon_127 azione_RL=CommutativeCancellation
job=portfolioqaoa_indep_tket_4|ibm_falcon_127 azione_RL=RemoveDiagonalGatesBeforeMeasure
job=portfolioqaoa_indep_tket_4|ibm_falcon_127 azione_RL=OptimizeCliffords
job=portfolioqaoa_indep_tket_4|ibm_falcon_127 azione_RL=OptimizeCliffords
job=portfolioqaoa_indep_tket_4|ibm_falcon_127 azione_RL=RemoveRedundancies
job=portfolioqaoa_indep_tket_4|ibm_falcon_127 azione_RL=PeepholeOptimise2Q
job=portfolioqaoa_indep_tket_4|ibm_falcon_127 azione_RL=BasisTranslator
job=portfolioqaoa_indep_tket_4|ibm_falcon_127 azione_RL=RemoveRedundancies
job=portfolioqaoa_indep_tket_4|ibm_falcon_127 azione_RL=BasisTranslator
job=portfolioqaoa_indep_tket_4|ibm_falcon_127 azione_RL=CommutativeCancellation
job=portfolioqaoa_indep_tket_4|ibm_falcon_127 azione_RL=QiskitO3
job=portfolioqaoa_indep_tket_4|ibm_falcon_127 azione_RL=BQSKitO2
job=portfolioqaoa_indep_tket_4|ibm_falcon_127 azione_RL=InverseCancellation
job=portfolioqaoa_indep_tket_4|ibm_falcon_127 azione_RL=CommutativeCancellation
job=portfolioqaoa_indep_tket_4|ibm_falcon_127 azione_RL=InverseCancellation
job=portfolioqaoa_indep_tket_4|ibm_falcon_127 azione_RL=QiskitO3
job=portfolioqaoa_indep_tket_4|ibm_falcon_127 azione_RL=RemoveDiagonalGatesBeforeMeasure
job=portfolioqaoa_indep_tket_4|ibm_falcon_127 azione_RL=Opt2qBlocks
job=portfolioqaoa_indep_tket_4|ibm_falcon_127 azione_RL=BQSKitSynthesis
job=portfolioqaoa_indep_tket_4|ibm_falcon_127 azione_RL=CommutativeInverseCancellation
job=portfolioqaoa_indep_tket_4|ibm_falcon_127 azione_RL=PeepholeOptimise2Q
job=portfolioqaoa_indep_tket_4|ibm_falcon_127 azione_RL=CommutativeCancellation
job=portfolioqaoa_indep_tket_4|ibm_falcon_127 azione_RL=Opt2qBlocks
job=portfolioqaoa_indep_tket_4|ibm_falcon_127 azione_RL=BasisTranslator
job=portfolioqaoa_indep_tket_4|ibm_falcon_127 azione_RL=BasisTranslator
job=portfolioqaoa_indep_tket_4|ibm_falcon_127 azione_RL=Opt2qBlocks
job=portfolioqaoa_indep_tket_4|ibm_falcon_127 azione_RL=RemoveDiagonalGatesBeforeMeasure
job=portfolioqaoa_indep_tket_4|ibm_falcon_127 azione_RL=CliffordSimp
job=portfolioqaoa_indep_tket_4|ibm_falcon_127 azione_RL=FullPeepholeOptimiseCX
job=portfolioqaoa_indep_tket_4|ibm_falcon_127 azione_RL=CliffordSimp
job=portfolioqaoa_indep_tket_4|ibm_falcon_127 azione_RL=CommutativeCancellation
job=portfolioqaoa_indep_tket_4|ibm_falcon_127 azione_RL=RemoveRedundancies
job=portfolioqaoa_indep_tket_4|ibm_falcon_127 azione_RL=QiskitO3
job=portfolioqaoa_indep_tket_4|ibm_falcon_127 azione_RL=CommutativeCancellation
job=portfolioqaoa_indep_tket_4|ibm_falcon_127 azione_RL=PeepholeOptimise2Q
job=portfolioqaoa_indep_tket_4|ibm_falcon_127 azione_RL=PeepholeOptimise2Q
job=portfolioqaoa_indep_tket_4|ibm_falcon_127 azione_RL=OptimizeCliffords
job=portfolioqaoa_indep_tket_4|ibm_falcon_127 azione_RL=OptimizeCliffords
job=portfolioqaoa_indep_tket_4|ibm_falcon_127 azione_RL=OptimizeCliffords
job=portfolioqaoa_indep_tket_4|ibm_falcon_127 azione_RL=BasisTranslator
job=portfolioqaoa_indep_tket_4|ibm_falcon_127 azione_RL=QiskitO3
job=portfolioqaoa_indep_tket_4|ibm_falcon_127 azione_RL=PeepholeOptimise2Q
job=portfolioqaoa_indep_tket_4|ibm_falcon_127 azione_RL=CommutativeInverseCancellation
job=portfolioqaoa_indep_tket_4|ibm_falcon_127 azione_RL=Opt2qBlocks
job=portfolioqaoa_indep_tket_4|ibm_falcon_127 azione_RL=BasisTranslator
job=portfolioqaoa_indep_tket_4|ibm_falcon_127 azione_RL=Optimize1qGatesDecomposition
job=portfolioqaoa_indep_tket_4|ibm_falcon_127 azione_RL=CliffordSimp
job=portfolioqaoa_indep_tket_4|ibm_falcon_127 azione_RL=PeepholeOptimise2Q
job=portfolioqaoa_indep_tket_4|ibm_falcon_127 azione_RL=QiskitO3
job=portfolioqaoa_indep_tket_4|ibm_falcon_127 azione_RL=CommutativeCancellation
job=portfolioqaoa_indep_tket_4|ibm_falcon_127 azione_RL=InverseCancellation
job=portfolioqaoa_indep_tket_4|ibm_falcon_127 azione_RL=Optimize1qGatesDecomposition
job=portfolioqaoa_indep_tket_4|ibm_falcon_127 azione_RL=CliffordSimp
job=portfolioqaoa_indep_tket_4|ibm_falcon_127 azione_RL=Optimize1qGatesDecomposition
job=portfolioqaoa_indep_tket_4|ibm_falcon_127 azione_RL=QiskitO3
job=portfolioqaoa_indep_tket_4|ibm_falcon_127 azione_RL=RemoveRedundancies
job=portfolioqaoa_indep_tket_4|ibm_falcon_127 azione_RL=RemoveDiagonalGatesBeforeMeasure
job=portfolioqaoa_indep_tket_4|ibm_falcon_127 azione_RL=CommutativeInverseCancellation
job=portfolioqaoa_indep_tket_4|ibm_falcon_127 azione_RL=InverseCancellation
job=portfolioqaoa_indep_tket_4|ibm_falcon_127 azione_RL=CommutativeCancellation
job=portfolioqaoa_indep_tket_4|ibm_falcon_127 azione_RL=QiskitO3
job=portfolioqaoa_indep_tket_4|ibm_falcon_127 azione_RL=PeepholeOptimise2Q
job=portfolioqaoa_indep_tket_4|ibm_falcon_127 azione_RL=CommutativeInverseCancellation
job=portfolioqaoa_indep_tket_4|ibm_falcon_127 azione_RL=Opt2qBlocks
job=portfolioqaoa_indep_tket_4|ibm_falcon_127 azione_RL=FullPeepholeOptimiseCX
job=portfolioqaoa_indep_tket_4|ibm_falcon_127 azione_RL=OptimizeCliffords
job=portfolioqaoa_indep_tket_4|ibm_falcon_127 azione_RL=InverseCancellation
job=portfolioqaoa_indep_tket_4|ibm_falcon_127 azione_RL=BQSKitO2
job=portfolioqaoa_indep_tket_4|ibm_falcon_127 fallback=QiskitO1
job=portfoliovqe_indep_qiskit_4|ibm_falcon_127 azione_RL=BQSKitSynthesis
job=portfoliovqe_indep_qiskit_4|ibm_falcon_127 azione_RL=InverseCancellation
job=portfoliovqe_indep_qiskit_4|ibm_falcon_127 azione_RL=OptimizeCliffords
job=portfoliovqe_indep_qiskit_4|ibm_falcon_127 azione_RL=InverseCancellation
job=portfoliovqe_indep_qiskit_4|ibm_falcon_127 azione_RL=RemoveRedundancies
job=portfoliovqe_indep_qiskit_4|ibm_falcon_127 azione_RL=FullPeepholeOptimiseCX
job=portfoliovqe_indep_qiskit_4|ibm_falcon_127 azione_RL=BQSKitSynthesis
job=portfoliovqe_indep_qiskit_4|ibm_falcon_127 azione_RL=RemoveDiagonalGatesBeforeMeasure
job=portfoliovqe_indep_qiskit_4|ibm_falcon_127 azione_RL=CommutativeInverseCancellation
job=portfoliovqe_indep_qiskit_4|ibm_falcon_127 azione_RL=PeepholeOptimise2Q
job=portfoliovqe_indep_qiskit_4|ibm_falcon_127 azione_RL=PeepholeOptimise2Q
job=portfoliovqe_indep_qiskit_4|ibm_falcon_127 azione_RL=RemoveDiagonalGatesBeforeMeasure
job=portfoliovqe_indep_qiskit_4|ibm_falcon_127 azione_RL=BasisTranslator
job=portfoliovqe_indep_qiskit_4|ibm_falcon_127 azione_RL=CliffordSimp
job=portfoliovqe_indep_qiskit_4|ibm_falcon_127 azione_RL=BasisTranslator
job=portfoliovqe_indep_qiskit_4|ibm_falcon_127 azione_RL=CommutativeInverseCancellation
job=portfoliovqe_indep_qiskit_4|ibm_falcon_127 azione_RL=InverseCancellation
job=portfoliovqe_indep_qiskit_4|ibm_falcon_127 azione_RL=FullPeepholeOptimiseCX
job=portfoliovqe_indep_qiskit_4|ibm_falcon_127 azione_RL=CommutativeCancellation
job=portfoliovqe_indep_qiskit_4|ibm_falcon_127 azione_RL=RemoveDiagonalGatesBeforeMeasure
job=portfoliovqe_indep_qiskit_4|ibm_falcon_127 azione_RL=OptimizeCliffords
job=portfoliovqe_indep_qiskit_4|ibm_falcon_127 azione_RL=OptimizeCliffords
job=portfoliovqe_indep_qiskit_4|ibm_falcon_127 azione_RL=RemoveRedundancies
job=portfoliovqe_indep_qiskit_4|ibm_falcon_127 azione_RL=PeepholeOptimise2Q
job=portfoliovqe_indep_qiskit_4|ibm_falcon_127 azione_RL=BasisTranslator
job=portfoliovqe_indep_qiskit_4|ibm_falcon_127 azione_RL=RemoveRedundancies
job=portfoliovqe_indep_qiskit_4|ibm_falcon_127 azione_RL=BasisTranslator
job=portfoliovqe_indep_qiskit_4|ibm_falcon_127 azione_RL=CommutativeCancellation
job=portfoliovqe_indep_qiskit_4|ibm_falcon_127 azione_RL=QiskitO3
job=portfoliovqe_indep_qiskit_4|ibm_falcon_127 azione_RL=BQSKitO2
job=portfoliovqe_indep_qiskit_4|ibm_falcon_127 azione_RL=InverseCancellation
job=portfoliovqe_indep_qiskit_4|ibm_falcon_127 azione_RL=CommutativeCancellation
job=portfoliovqe_indep_qiskit_4|ibm_falcon_127 azione_RL=InverseCancellation
job=portfoliovqe_indep_qiskit_4|ibm_falcon_127 azione_RL=QiskitO3
job=portfoliovqe_indep_qiskit_4|ibm_falcon_127 azione_RL=RemoveDiagonalGatesBeforeMeasure
job=portfoliovqe_indep_qiskit_4|ibm_falcon_127 azione_RL=Opt2qBlocks
job=portfoliovqe_indep_qiskit_4|ibm_falcon_127 azione_RL=BQSKitSynthesis
job=portfoliovqe_indep_qiskit_4|ibm_falcon_127 azione_RL=CommutativeInverseCancellation
job=portfoliovqe_indep_qiskit_4|ibm_falcon_127 azione_RL=PeepholeOptimise2Q
job=portfoliovqe_indep_qiskit_4|ibm_falcon_127 azione_RL=CommutativeCancellation
job=portfoliovqe_indep_qiskit_4|ibm_falcon_127 azione_RL=Opt2qBlocks
job=portfoliovqe_indep_qiskit_4|ibm_falcon_127 azione_RL=BasisTranslator
job=portfoliovqe_indep_qiskit_4|ibm_falcon_127 azione_RL=BasisTranslator
job=portfoliovqe_indep_qiskit_4|ibm_falcon_127 azione_RL=Opt2qBlocks
job=portfoliovqe_indep_qiskit_4|ibm_falcon_127 azione_RL=RemoveDiagonalGatesBeforeMeasure
job=portfoliovqe_indep_qiskit_4|ibm_falcon_127 azione_RL=CliffordSimp
job=portfoliovqe_indep_qiskit_4|ibm_falcon_127 azione_RL=FullPeepholeOptimiseCX
job=portfoliovqe_indep_qiskit_4|ibm_falcon_127 azione_RL=CliffordSimp
job=portfoliovqe_indep_qiskit_4|ibm_falcon_127 azione_RL=CommutativeCancellation
job=portfoliovqe_indep_qiskit_4|ibm_falcon_127 azione_RL=RemoveRedundancies
job=portfoliovqe_indep_qiskit_4|ibm_falcon_127 azione_RL=QiskitO3
job=portfoliovqe_indep_qiskit_4|ibm_falcon_127 azione_RL=CommutativeCancellation
job=portfoliovqe_indep_qiskit_4|ibm_falcon_127 azione_RL=PeepholeOptimise2Q
job=portfoliovqe_indep_qiskit_4|ibm_falcon_127 azione_RL=PeepholeOptimise2Q
job=portfoliovqe_indep_qiskit_4|ibm_falcon_127 azione_RL=OptimizeCliffords
job=portfoliovqe_indep_qiskit_4|ibm_falcon_127 azione_RL=OptimizeCliffords
job=portfoliovqe_indep_qiskit_4|ibm_falcon_127 azione_RL=OptimizeCliffords
job=portfoliovqe_indep_qiskit_4|ibm_falcon_127 azione_RL=BasisTranslator
job=portfoliovqe_indep_qiskit_4|ibm_falcon_127 azione_RL=QiskitO3
job=portfoliovqe_indep_qiskit_4|ibm_falcon_127 azione_RL=PeepholeOptimise2Q
job=portfoliovqe_indep_qiskit_4|ibm_falcon_127 azione_RL=CommutativeInverseCancellation
job=portfoliovqe_indep_qiskit_4|ibm_falcon_127 azione_RL=Opt2qBlocks
job=portfoliovqe_indep_qiskit_4|ibm_falcon_127 azione_RL=BasisTranslator
job=portfoliovqe_indep_qiskit_4|ibm_falcon_127 azione_RL=Optimize1qGatesDecomposition
job=portfoliovqe_indep_qiskit_4|ibm_falcon_127 azione_RL=CliffordSimp
job=portfoliovqe_indep_qiskit_4|ibm_falcon_127 azione_RL=PeepholeOptimise2Q
job=portfoliovqe_indep_qiskit_4|ibm_falcon_127 azione_RL=QiskitO3
job=portfoliovqe_indep_qiskit_4|ibm_falcon_127 azione_RL=CommutativeCancellation
job=portfoliovqe_indep_qiskit_4|ibm_falcon_127 azione_RL=InverseCancellation
job=portfoliovqe_indep_qiskit_4|ibm_falcon_127 azione_RL=Optimize1qGatesDecomposition
job=portfoliovqe_indep_qiskit_4|ibm_falcon_127 azione_RL=CliffordSimp
job=portfoliovqe_indep_qiskit_4|ibm_falcon_127 azione_RL=Optimize1qGatesDecomposition
job=portfoliovqe_indep_qiskit_4|ibm_falcon_127 azione_RL=QiskitO3
job=portfoliovqe_indep_qiskit_4|ibm_falcon_127 azione_RL=RemoveRedundancies
job=portfoliovqe_indep_qiskit_4|ibm_falcon_127 azione_RL=RemoveDiagonalGatesBeforeMeasure
job=portfoliovqe_indep_qiskit_4|ibm_falcon_127 azione_RL=CommutativeInverseCancellation
job=portfoliovqe_indep_qiskit_4|ibm_falcon_127 azione_RL=InverseCancellation
job=portfoliovqe_indep_qiskit_4|ibm_falcon_127 azione_RL=CommutativeCancellation
job=portfoliovqe_indep_qiskit_4|ibm_falcon_127 azione_RL=QiskitO3
job=portfoliovqe_indep_qiskit_4|ibm_falcon_127 azione_RL=PeepholeOptimise2Q
job=portfoliovqe_indep_qiskit_4|ibm_falcon_127 azione_RL=CommutativeInverseCancellation
job=portfoliovqe_indep_qiskit_4|ibm_falcon_127 azione_RL=Opt2qBlocks
job=portfoliovqe_indep_qiskit_4|ibm_falcon_127 azione_RL=FullPeepholeOptimiseCX
job=portfoliovqe_indep_qiskit_4|ibm_falcon_127 azione_RL=OptimizeCliffords
job=portfoliovqe_indep_qiskit_4|ibm_falcon_127 azione_RL=InverseCancellation
job=portfoliovqe_indep_qiskit_4|ibm_falcon_127 azione_RL=BQSKitO2
job=portfoliovqe_indep_qiskit_4|ibm_falcon_127 azione_RL=OptimizeCliffords
job=portfoliovqe_indep_qiskit_4|ibm_falcon_127 azione_RL=InverseCancellation
job=portfoliovqe_indep_qiskit_4|ibm_falcon_127 azione_RL=Optimize1qGatesDecomposition
job=portfoliovqe_indep_qiskit_4|ibm_falcon_127 azione_RL=BQSKitO2
job=portfoliovqe_indep_qiskit_4|ibm_falcon_127 fallback=QiskitO1
job=portfoliovqe_indep_tket_4|ibm_falcon_127 azione_RL=BQSKitSynthesis
job=portfoliovqe_indep_tket_4|ibm_falcon_127 azione_RL=InverseCancellation
job=portfoliovqe_indep_tket_4|ibm_falcon_127 azione_RL=OptimizeCliffords
job=portfoliovqe_indep_tket_4|ibm_falcon_127 azione_RL=InverseCancellation
job=portfoliovqe_indep_tket_4|ibm_falcon_127 azione_RL=RemoveRedundancies
job=portfoliovqe_indep_tket_4|ibm_falcon_127 azione_RL=FullPeepholeOptimiseCX
job=portfoliovqe_indep_tket_4|ibm_falcon_127 azione_RL=BQSKitSynthesis
job=portfoliovqe_indep_tket_4|ibm_falcon_127 azione_RL=RemoveDiagonalGatesBeforeMeasure
job=portfoliovqe_indep_tket_4|ibm_falcon_127 azione_RL=CommutativeInverseCancellation
job=portfoliovqe_indep_tket_4|ibm_falcon_127 azione_RL=PeepholeOptimise2Q
job=portfoliovqe_indep_tket_4|ibm_falcon_127 azione_RL=PeepholeOptimise2Q
job=portfoliovqe_indep_tket_4|ibm_falcon_127 azione_RL=RemoveDiagonalGatesBeforeMeasure
job=portfoliovqe_indep_tket_4|ibm_falcon_127 azione_RL=BasisTranslator
job=portfoliovqe_indep_tket_4|ibm_falcon_127 azione_RL=CliffordSimp
job=portfoliovqe_indep_tket_4|ibm_falcon_127 azione_RL=BasisTranslator
job=portfoliovqe_indep_tket_4|ibm_falcon_127 azione_RL=CommutativeInverseCancellation
job=portfoliovqe_indep_tket_4|ibm_falcon_127 azione_RL=InverseCancellation
job=portfoliovqe_indep_tket_4|ibm_falcon_127 azione_RL=FullPeepholeOptimiseCX
job=portfoliovqe_indep_tket_4|ibm_falcon_127 azione_RL=CommutativeCancellation
job=portfoliovqe_indep_tket_4|ibm_falcon_127 azione_RL=RemoveDiagonalGatesBeforeMeasure
job=portfoliovqe_indep_tket_4|ibm_falcon_127 azione_RL=OptimizeCliffords
job=portfoliovqe_indep_tket_4|ibm_falcon_127 azione_RL=OptimizeCliffords
job=portfoliovqe_indep_tket_4|ibm_falcon_127 azione_RL=RemoveRedundancies
job=portfoliovqe_indep_tket_4|ibm_falcon_127 azione_RL=PeepholeOptimise2Q
job=portfoliovqe_indep_tket_4|ibm_falcon_127 azione_RL=BasisTranslator
job=portfoliovqe_indep_tket_4|ibm_falcon_127 azione_RL=RemoveRedundancies
job=portfoliovqe_indep_tket_4|ibm_falcon_127 azione_RL=BasisTranslator
job=portfoliovqe_indep_tket_4|ibm_falcon_127 azione_RL=CommutativeCancellation
job=portfoliovqe_indep_tket_4|ibm_falcon_127 azione_RL=QiskitO3
job=portfoliovqe_indep_tket_4|ibm_falcon_127 azione_RL=BQSKitO2
job=portfoliovqe_indep_tket_4|ibm_falcon_127 azione_RL=InverseCancellation
job=portfoliovqe_indep_tket_4|ibm_falcon_127 azione_RL=CommutativeCancellation
job=portfoliovqe_indep_tket_4|ibm_falcon_127 azione_RL=InverseCancellation
job=portfoliovqe_indep_tket_4|ibm_falcon_127 azione_RL=QiskitO3
job=portfoliovqe_indep_tket_4|ibm_falcon_127 azione_RL=RemoveDiagonalGatesBeforeMeasure
job=portfoliovqe_indep_tket_4|ibm_falcon_127 azione_RL=Opt2qBlocks
job=portfoliovqe_indep_tket_4|ibm_falcon_127 azione_RL=BQSKitSynthesis
job=portfoliovqe_indep_tket_4|ibm_falcon_127 azione_RL=CommutativeInverseCancellation
job=portfoliovqe_indep_tket_4|ibm_falcon_127 azione_RL=PeepholeOptimise2Q
job=portfoliovqe_indep_tket_4|ibm_falcon_127 azione_RL=CommutativeCancellation
job=portfoliovqe_indep_tket_4|ibm_falcon_127 azione_RL=Opt2qBlocks
job=portfoliovqe_indep_tket_4|ibm_falcon_127 azione_RL=BasisTranslator
job=portfoliovqe_indep_tket_4|ibm_falcon_127 azione_RL=BasisTranslator
job=portfoliovqe_indep_tket_4|ibm_falcon_127 azione_RL=Opt2qBlocks
job=portfoliovqe_indep_tket_4|ibm_falcon_127 azione_RL=RemoveDiagonalGatesBeforeMeasure
job=portfoliovqe_indep_tket_4|ibm_falcon_127 azione_RL=CliffordSimp
job=portfoliovqe_indep_tket_4|ibm_falcon_127 azione_RL=FullPeepholeOptimiseCX
job=portfoliovqe_indep_tket_4|ibm_falcon_127 azione_RL=CliffordSimp
job=portfoliovqe_indep_tket_4|ibm_falcon_127 azione_RL=CommutativeCancellation
job=portfoliovqe_indep_tket_4|ibm_falcon_127 azione_RL=RemoveRedundancies
job=portfoliovqe_indep_tket_4|ibm_falcon_127 azione_RL=QiskitO3
job=portfoliovqe_indep_tket_4|ibm_falcon_127 azione_RL=CommutativeCancellation
job=portfoliovqe_indep_tket_4|ibm_falcon_127 azione_RL=PeepholeOptimise2Q
job=portfoliovqe_indep_tket_4|ibm_falcon_127 azione_RL=PeepholeOptimise2Q
job=portfoliovqe_indep_tket_4|ibm_falcon_127 azione_RL=OptimizeCliffords
job=portfoliovqe_indep_tket_4|ibm_falcon_127 azione_RL=OptimizeCliffords
job=portfoliovqe_indep_tket_4|ibm_falcon_127 azione_RL=OptimizeCliffords
job=portfoliovqe_indep_tket_4|ibm_falcon_127 azione_RL=BasisTranslator
job=portfoliovqe_indep_tket_4|ibm_falcon_127 azione_RL=QiskitO3
job=portfoliovqe_indep_tket_4|ibm_falcon_127 azione_RL=PeepholeOptimise2Q
job=portfoliovqe_indep_tket_4|ibm_falcon_127 azione_RL=CommutativeInverseCancellation
job=portfoliovqe_indep_tket_4|ibm_falcon_127 azione_RL=Opt2qBlocks
job=portfoliovqe_indep_tket_4|ibm_falcon_127 azione_RL=BasisTranslator
job=portfoliovqe_indep_tket_4|ibm_falcon_127 azione_RL=Optimize1qGatesDecomposition
job=portfoliovqe_indep_tket_4|ibm_falcon_127 azione_RL=CliffordSimp
job=portfoliovqe_indep_tket_4|ibm_falcon_127 azione_RL=PeepholeOptimise2Q
job=portfoliovqe_indep_tket_4|ibm_falcon_127 azione_RL=QiskitO3
job=portfoliovqe_indep_tket_4|ibm_falcon_127 azione_RL=CommutativeCancellation
job=portfoliovqe_indep_tket_4|ibm_falcon_127 azione_RL=InverseCancellation
job=portfoliovqe_indep_tket_4|ibm_falcon_127 azione_RL=Optimize1qGatesDecomposition
job=portfoliovqe_indep_tket_4|ibm_falcon_127 azione_RL=CliffordSimp
job=portfoliovqe_indep_tket_4|ibm_falcon_127 azione_RL=Optimize1qGatesDecomposition
job=portfoliovqe_indep_tket_4|ibm_falcon_127 azione_RL=QiskitO3
job=portfoliovqe_indep_tket_4|ibm_falcon_127 azione_RL=RemoveRedundancies
job=portfoliovqe_indep_tket_4|ibm_falcon_127 azione_RL=RemoveDiagonalGatesBeforeMeasure
job=portfoliovqe_indep_tket_4|ibm_falcon_127 azione_RL=CommutativeInverseCancellation
job=portfoliovqe_indep_tket_4|ibm_falcon_127 azione_RL=InverseCancellation
job=portfoliovqe_indep_tket_4|ibm_falcon_127 azione_RL=CommutativeCancellation
job=portfoliovqe_indep_tket_4|ibm_falcon_127 azione_RL=QiskitO3
job=portfoliovqe_indep_tket_4|ibm_falcon_127 azione_RL=PeepholeOptimise2Q
job=portfoliovqe_indep_tket_4|ibm_falcon_127 azione_RL=CommutativeInverseCancellation
job=portfoliovqe_indep_tket_4|ibm_falcon_127 azione_RL=Opt2qBlocks
job=portfoliovqe_indep_tket_4|ibm_falcon_127 azione_RL=FullPeepholeOptimiseCX
job=portfoliovqe_indep_tket_4|ibm_falcon_127 azione_RL=OptimizeCliffords
job=portfoliovqe_indep_tket_4|ibm_falcon_127 azione_RL=InverseCancellation
job=portfoliovqe_indep_tket_4|ibm_falcon_127 azione_RL=BQSKitO2
job=portfoliovqe_indep_tket_4|ibm_falcon_127 azione_RL=OptimizeCliffords
job=portfoliovqe_indep_tket_4|ibm_falcon_127 azione_RL=InverseCancellation
job=portfoliovqe_indep_tket_4|ibm_falcon_127 azione_RL=Optimize1qGatesDecomposition
job=portfoliovqe_indep_tket_4|ibm_falcon_127 azione_RL=BQSKitO2
job=portfoliovqe_indep_tket_4|ibm_falcon_127 fallback=QiskitO1
job=qaoa_indep_qiskit_4|ibm_falcon_127 azione_RL=BQSKitSynthesis
job=qaoa_indep_qiskit_4|ibm_falcon_127 azione_RL=InverseCancellation
job=qaoa_indep_qiskit_4|ibm_falcon_127 azione_RL=OptimizeCliffords
job=qaoa_indep_qiskit_4|ibm_falcon_127 azione_RL=InverseCancellation
job=qaoa_indep_qiskit_4|ibm_falcon_127 azione_RL=RemoveRedundancies
job=qaoa_indep_qiskit_4|ibm_falcon_127 azione_RL=FullPeepholeOptimiseCX
job=qaoa_indep_qiskit_4|ibm_falcon_127 azione_RL=BQSKitSynthesis
job=qaoa_indep_qiskit_4|ibm_falcon_127 azione_RL=RemoveDiagonalGatesBeforeMeasure
job=qaoa_indep_qiskit_4|ibm_falcon_127 azione_RL=CommutativeInverseCancellation
job=qaoa_indep_qiskit_4|ibm_falcon_127 azione_RL=PeepholeOptimise2Q
job=qaoa_indep_qiskit_4|ibm_falcon_127 azione_RL=PeepholeOptimise2Q
job=qaoa_indep_qiskit_4|ibm_falcon_127 azione_RL=RemoveDiagonalGatesBeforeMeasure
job=qaoa_indep_qiskit_4|ibm_falcon_127 azione_RL=BasisTranslator
job=qaoa_indep_qiskit_4|ibm_falcon_127 azione_RL=CliffordSimp
job=qaoa_indep_qiskit_4|ibm_falcon_127 azione_RL=BasisTranslator
job=qaoa_indep_qiskit_4|ibm_falcon_127 azione_RL=CommutativeInverseCancellation
job=qaoa_indep_qiskit_4|ibm_falcon_127 azione_RL=InverseCancellation
job=qaoa_indep_qiskit_4|ibm_falcon_127 azione_RL=FullPeepholeOptimiseCX
job=qaoa_indep_qiskit_4|ibm_falcon_127 azione_RL=CommutativeCancellation
job=qaoa_indep_qiskit_4|ibm_falcon_127 azione_RL=RemoveDiagonalGatesBeforeMeasure
job=qaoa_indep_qiskit_4|ibm_falcon_127 azione_RL=OptimizeCliffords
job=qaoa_indep_qiskit_4|ibm_falcon_127 azione_RL=OptimizeCliffords
job=qaoa_indep_qiskit_4|ibm_falcon_127 azione_RL=RemoveRedundancies
job=qaoa_indep_qiskit_4|ibm_falcon_127 azione_RL=PeepholeOptimise2Q
job=qaoa_indep_qiskit_4|ibm_falcon_127 azione_RL=BasisTranslator
job=qaoa_indep_qiskit_4|ibm_falcon_127 azione_RL=RemoveRedundancies
job=qaoa_indep_qiskit_4|ibm_falcon_127 azione_RL=BasisTranslator
job=qaoa_indep_qiskit_4|ibm_falcon_127 azione_RL=CommutativeCancellation
job=qaoa_indep_qiskit_4|ibm_falcon_127 azione_RL=QiskitO3
job=qaoa_indep_qiskit_4|ibm_falcon_127 azione_RL=BQSKitO2
job=qaoa_indep_qiskit_4|ibm_falcon_127 azione_RL=InverseCancellation
job=qaoa_indep_qiskit_4|ibm_falcon_127 azione_RL=CommutativeCancellation
job=qaoa_indep_qiskit_4|ibm_falcon_127 azione_RL=InverseCancellation
job=qaoa_indep_qiskit_4|ibm_falcon_127 azione_RL=QiskitO3
job=qaoa_indep_qiskit_4|ibm_falcon_127 azione_RL=RemoveDiagonalGatesBeforeMeasure
job=qaoa_indep_qiskit_4|ibm_falcon_127 azione_RL=Opt2qBlocks
job=qaoa_indep_qiskit_4|ibm_falcon_127 azione_RL=BQSKitSynthesis
job=qaoa_indep_qiskit_4|ibm_falcon_127 azione_RL=CommutativeInverseCancellation
job=qaoa_indep_qiskit_4|ibm_falcon_127 azione_RL=PeepholeOptimise2Q
job=qaoa_indep_qiskit_4|ibm_falcon_127 azione_RL=CommutativeCancellation
job=qaoa_indep_qiskit_4|ibm_falcon_127 azione_RL=Opt2qBlocks
job=qaoa_indep_qiskit_4|ibm_falcon_127 azione_RL=BasisTranslator
job=qaoa_indep_qiskit_4|ibm_falcon_127 azione_RL=BasisTranslator
job=qaoa_indep_qiskit_4|ibm_falcon_127 azione_RL=Opt2qBlocks
job=qaoa_indep_qiskit_4|ibm_falcon_127 azione_RL=RemoveDiagonalGatesBeforeMeasure
job=qaoa_indep_qiskit_4|ibm_falcon_127 azione_RL=CliffordSimp
job=qaoa_indep_qiskit_4|ibm_falcon_127 azione_RL=FullPeepholeOptimiseCX
job=qaoa_indep_qiskit_4|ibm_falcon_127 azione_RL=CliffordSimp
job=qaoa_indep_qiskit_4|ibm_falcon_127 azione_RL=CommutativeCancellation
job=qaoa_indep_qiskit_4|ibm_falcon_127 azione_RL=RemoveRedundancies
job=qaoa_indep_qiskit_4|ibm_falcon_127 azione_RL=QiskitO3
job=qaoa_indep_qiskit_4|ibm_falcon_127 azione_RL=CommutativeCancellation
job=qaoa_indep_qiskit_4|ibm_falcon_127 azione_RL=PeepholeOptimise2Q
job=qaoa_indep_qiskit_4|ibm_falcon_127 azione_RL=PeepholeOptimise2Q
job=qaoa_indep_qiskit_4|ibm_falcon_127 azione_RL=OptimizeCliffords
job=qaoa_indep_qiskit_4|ibm_falcon_127 azione_RL=OptimizeCliffords
job=qaoa_indep_qiskit_4|ibm_falcon_127 azione_RL=OptimizeCliffords
job=qaoa_indep_qiskit_4|ibm_falcon_127 azione_RL=BasisTranslator
job=qaoa_indep_qiskit_4|ibm_falcon_127 azione_RL=QiskitO3
job=qaoa_indep_qiskit_4|ibm_falcon_127 azione_RL=PeepholeOptimise2Q
job=qaoa_indep_qiskit_4|ibm_falcon_127 azione_RL=CommutativeInverseCancellation
job=qaoa_indep_qiskit_4|ibm_falcon_127 azione_RL=Opt2qBlocks
job=qaoa_indep_qiskit_4|ibm_falcon_127 azione_RL=BasisTranslator
job=qaoa_indep_qiskit_4|ibm_falcon_127 azione_RL=Optimize1qGatesDecomposition
job=qaoa_indep_qiskit_4|ibm_falcon_127 azione_RL=CliffordSimp
job=qaoa_indep_qiskit_4|ibm_falcon_127 azione_RL=PeepholeOptimise2Q
job=qaoa_indep_qiskit_4|ibm_falcon_127 azione_RL=QiskitO3
job=qaoa_indep_qiskit_4|ibm_falcon_127 azione_RL=CommutativeCancellation
job=qaoa_indep_qiskit_4|ibm_falcon_127 azione_RL=InverseCancellation
job=qaoa_indep_qiskit_4|ibm_falcon_127 azione_RL=Optimize1qGatesDecomposition
job=qaoa_indep_qiskit_4|ibm_falcon_127 azione_RL=CliffordSimp
job=qaoa_indep_qiskit_4|ibm_falcon_127 azione_RL=Optimize1qGatesDecomposition
job=qaoa_indep_qiskit_4|ibm_falcon_127 azione_RL=QiskitO3
job=qaoa_indep_qiskit_4|ibm_falcon_127 azione_RL=RemoveRedundancies
job=qaoa_indep_qiskit_4|ibm_falcon_127 azione_RL=RemoveDiagonalGatesBeforeMeasure
job=qaoa_indep_qiskit_4|ibm_falcon_127 azione_RL=CommutativeInverseCancellation
job=qaoa_indep_qiskit_4|ibm_falcon_127 azione_RL=InverseCancellation
job=qaoa_indep_qiskit_4|ibm_falcon_127 azione_RL=CommutativeCancellation
job=qaoa_indep_qiskit_4|ibm_falcon_127 azione_RL=QiskitO3
job=qaoa_indep_qiskit_4|ibm_falcon_127 azione_RL=PeepholeOptimise2Q
job=qaoa_indep_qiskit_4|ibm_falcon_127 azione_RL=CommutativeInverseCancellation
job=qaoa_indep_qiskit_4|ibm_falcon_127 azione_RL=Opt2qBlocks
job=qaoa_indep_qiskit_4|ibm_falcon_127 azione_RL=FullPeepholeOptimiseCX
job=qaoa_indep_qiskit_4|ibm_falcon_127 azione_RL=OptimizeCliffords
job=qaoa_indep_qiskit_4|ibm_falcon_127 azione_RL=InverseCancellation
job=qaoa_indep_qiskit_4|ibm_falcon_127 azione_RL=BQSKitO2
job=qaoa_indep_qiskit_4|ibm_falcon_127 azione_RL=OptimizeCliffords
job=qaoa_indep_qiskit_4|ibm_falcon_127 azione_RL=InverseCancellation
job=qaoa_indep_qiskit_4|ibm_falcon_127 azione_RL=Optimize1qGatesDecomposition
job=qaoa_indep_qiskit_4|ibm_falcon_127 azione_RL=BQSKitO2
job=qaoa_indep_qiskit_4|ibm_falcon_127 azione_RL=CliffordSimp
job=qaoa_indep_qiskit_4|ibm_falcon_127 azione_RL=BQSKitSynthesis
job=qaoa_indep_qiskit_4|ibm_falcon_127 fallback=QiskitO1
job=qaoa_indep_tket_4|ibm_falcon_127 azione_RL=BQSKitSynthesis
job=qaoa_indep_tket_4|ibm_falcon_127 azione_RL=InverseCancellation
job=qaoa_indep_tket_4|ibm_falcon_127 azione_RL=OptimizeCliffords
job=qaoa_indep_tket_4|ibm_falcon_127 azione_RL=InverseCancellation
job=qaoa_indep_tket_4|ibm_falcon_127 azione_RL=RemoveRedundancies
job=qaoa_indep_tket_4|ibm_falcon_127 azione_RL=FullPeepholeOptimiseCX
job=qaoa_indep_tket_4|ibm_falcon_127 azione_RL=BQSKitSynthesis
job=qaoa_indep_tket_4|ibm_falcon_127 azione_RL=RemoveDiagonalGatesBeforeMeasure
job=qaoa_indep_tket_4|ibm_falcon_127 azione_RL=CommutativeInverseCancellation
job=qaoa_indep_tket_4|ibm_falcon_127 azione_RL=PeepholeOptimise2Q
job=qaoa_indep_tket_4|ibm_falcon_127 azione_RL=PeepholeOptimise2Q
job=qaoa_indep_tket_4|ibm_falcon_127 azione_RL=RemoveDiagonalGatesBeforeMeasure
job=qaoa_indep_tket_4|ibm_falcon_127 azione_RL=BasisTranslator
job=qaoa_indep_tket_4|ibm_falcon_127 azione_RL=CliffordSimp
job=qaoa_indep_tket_4|ibm_falcon_127 azione_RL=BasisTranslator
job=qaoa_indep_tket_4|ibm_falcon_127 azione_RL=CommutativeInverseCancellation
job=qaoa_indep_tket_4|ibm_falcon_127 azione_RL=InverseCancellation
job=qaoa_indep_tket_4|ibm_falcon_127 azione_RL=FullPeepholeOptimiseCX
job=qaoa_indep_tket_4|ibm_falcon_127 azione_RL=CommutativeCancellation
job=qaoa_indep_tket_4|ibm_falcon_127 azione_RL=RemoveDiagonalGatesBeforeMeasure
job=qaoa_indep_tket_4|ibm_falcon_127 azione_RL=OptimizeCliffords
job=qaoa_indep_tket_4|ibm_falcon_127 azione_RL=OptimizeCliffords
job=qaoa_indep_tket_4|ibm_falcon_127 azione_RL=RemoveRedundancies
job=qaoa_indep_tket_4|ibm_falcon_127 azione_RL=PeepholeOptimise2Q
job=qaoa_indep_tket_4|ibm_falcon_127 azione_RL=BasisTranslator
job=qaoa_indep_tket_4|ibm_falcon_127 azione_RL=RemoveRedundancies
job=qaoa_indep_tket_4|ibm_falcon_127 azione_RL=BasisTranslator
job=qaoa_indep_tket_4|ibm_falcon_127 azione_RL=CommutativeCancellation
job=qaoa_indep_tket_4|ibm_falcon_127 azione_RL=QiskitO3
job=qaoa_indep_tket_4|ibm_falcon_127 azione_RL=BQSKitO2
job=qaoa_indep_tket_4|ibm_falcon_127 azione_RL=InverseCancellation
job=qaoa_indep_tket_4|ibm_falcon_127 azione_RL=CommutativeCancellation
job=qaoa_indep_tket_4|ibm_falcon_127 azione_RL=InverseCancellation
job=qaoa_indep_tket_4|ibm_falcon_127 azione_RL=QiskitO3
job=qaoa_indep_tket_4|ibm_falcon_127 azione_RL=RemoveDiagonalGatesBeforeMeasure
job=qaoa_indep_tket_4|ibm_falcon_127 azione_RL=Opt2qBlocks
job=qaoa_indep_tket_4|ibm_falcon_127 azione_RL=BQSKitSynthesis
job=qaoa_indep_tket_4|ibm_falcon_127 azione_RL=CommutativeInverseCancellation
job=qaoa_indep_tket_4|ibm_falcon_127 azione_RL=PeepholeOptimise2Q
job=qaoa_indep_tket_4|ibm_falcon_127 azione_RL=CommutativeCancellation
job=qaoa_indep_tket_4|ibm_falcon_127 azione_RL=Opt2qBlocks
job=qaoa_indep_tket_4|ibm_falcon_127 azione_RL=BasisTranslator
job=qaoa_indep_tket_4|ibm_falcon_127 azione_RL=BasisTranslator
job=qaoa_indep_tket_4|ibm_falcon_127 azione_RL=Opt2qBlocks
job=qaoa_indep_tket_4|ibm_falcon_127 azione_RL=RemoveDiagonalGatesBeforeMeasure
job=qaoa_indep_tket_4|ibm_falcon_127 azione_RL=CliffordSimp
job=qaoa_indep_tket_4|ibm_falcon_127 azione_RL=FullPeepholeOptimiseCX
job=qaoa_indep_tket_4|ibm_falcon_127 azione_RL=CliffordSimp
job=qaoa_indep_tket_4|ibm_falcon_127 azione_RL=CommutativeCancellation
job=qaoa_indep_tket_4|ibm_falcon_127 azione_RL=RemoveRedundancies
job=qaoa_indep_tket_4|ibm_falcon_127 azione_RL=QiskitO3
job=qaoa_indep_tket_4|ibm_falcon_127 azione_RL=CommutativeCancellation
job=qaoa_indep_tket_4|ibm_falcon_127 azione_RL=PeepholeOptimise2Q
job=qaoa_indep_tket_4|ibm_falcon_127 azione_RL=PeepholeOptimise2Q
job=qaoa_indep_tket_4|ibm_falcon_127 azione_RL=OptimizeCliffords
job=qaoa_indep_tket_4|ibm_falcon_127 azione_RL=OptimizeCliffords
job=qaoa_indep_tket_4|ibm_falcon_127 azione_RL=OptimizeCliffords
job=qaoa_indep_tket_4|ibm_falcon_127 azione_RL=BasisTranslator
job=qaoa_indep_tket_4|ibm_falcon_127 azione_RL=QiskitO3
job=qaoa_indep_tket_4|ibm_falcon_127 azione_RL=PeepholeOptimise2Q
job=qaoa_indep_tket_4|ibm_falcon_127 azione_RL=CommutativeInverseCancellation
job=qaoa_indep_tket_4|ibm_falcon_127 azione_RL=Opt2qBlocks
job=qaoa_indep_tket_4|ibm_falcon_127 azione_RL=BasisTranslator
job=qaoa_indep_tket_4|ibm_falcon_127 azione_RL=Optimize1qGatesDecomposition
job=qaoa_indep_tket_4|ibm_falcon_127 azione_RL=CliffordSimp
job=qaoa_indep_tket_4|ibm_falcon_127 azione_RL=PeepholeOptimise2Q
job=qaoa_indep_tket_4|ibm_falcon_127 azione_RL=QiskitO3
job=qaoa_indep_tket_4|ibm_falcon_127 azione_RL=CommutativeCancellation
job=qaoa_indep_tket_4|ibm_falcon_127 azione_RL=InverseCancellation
job=qaoa_indep_tket_4|ibm_falcon_127 azione_RL=Optimize1qGatesDecomposition
job=qaoa_indep_tket_4|ibm_falcon_127 azione_RL=CliffordSimp
job=qaoa_indep_tket_4|ibm_falcon_127 azione_RL=Optimize1qGatesDecomposition
job=qaoa_indep_tket_4|ibm_falcon_127 azione_RL=QiskitO3
job=qaoa_indep_tket_4|ibm_falcon_127 azione_RL=RemoveRedundancies
job=qaoa_indep_tket_4|ibm_falcon_127 azione_RL=RemoveDiagonalGatesBeforeMeasure
job=qaoa_indep_tket_4|ibm_falcon_127 azione_RL=CommutativeInverseCancellation
job=qaoa_indep_tket_4|ibm_falcon_127 azione_RL=InverseCancellation
job=qaoa_indep_tket_4|ibm_falcon_127 azione_RL=CommutativeCancellation
job=qaoa_indep_tket_4|ibm_falcon_127 azione_RL=QiskitO3
job=qaoa_indep_tket_4|ibm_falcon_127 azione_RL=PeepholeOptimise2Q
job=qaoa_indep_tket_4|ibm_falcon_127 azione_RL=CommutativeInverseCancellation
job=qaoa_indep_tket_4|ibm_falcon_127 azione_RL=Opt2qBlocks
job=qaoa_indep_tket_4|ibm_falcon_127 azione_RL=FullPeepholeOptimiseCX
job=qaoa_indep_tket_4|ibm_falcon_127 azione_RL=OptimizeCliffords
job=qaoa_indep_tket_4|ibm_falcon_127 azione_RL=InverseCancellation
job=qaoa_indep_tket_4|ibm_falcon_127 azione_RL=BQSKitO2
job=qaoa_indep_tket_4|ibm_falcon_127 azione_RL=OptimizeCliffords
job=qaoa_indep_tket_4|ibm_falcon_127 azione_RL=InverseCancellation
job=qaoa_indep_tket_4|ibm_falcon_127 azione_RL=Optimize1qGatesDecomposition
job=qaoa_indep_tket_4|ibm_falcon_127 azione_RL=BQSKitO2
job=qaoa_indep_tket_4|ibm_falcon_127 azione_RL=CliffordSimp
job=qaoa_indep_tket_4|ibm_falcon_127 azione_RL=BQSKitSynthesis
job=qaoa_indep_tket_4|ibm_falcon_127 fallback=QiskitO1
job=qft_indep_qiskit_4|ibm_falcon_127 azione_RL=BQSKitSynthesis
job=qft_indep_qiskit_4|ibm_falcon_127 azione_RL=InverseCancellation
job=qft_indep_qiskit_4|ibm_falcon_127 azione_RL=OptimizeCliffords
job=qft_indep_qiskit_4|ibm_falcon_127 azione_RL=InverseCancellation
job=qft_indep_qiskit_4|ibm_falcon_127 azione_RL=RemoveRedundancies
job=qft_indep_qiskit_4|ibm_falcon_127 azione_RL=FullPeepholeOptimiseCX
/home/elio/Tesi/.venv/lib/python3.12/site-packages/pytket/extensions/qiskit/qiskit_convert.py:1124: UserWarning: The pytket Circuit contains implicit qubit permutations which aren't handled by default. Consider using the replace_implicit_swaps flag in tk_to_qiskit or replacing them using Circuit.replace_implicit_swaps().
  warnings.warn(  # noqa: B028
job=qft_indep_qiskit_4|ibm_falcon_127 azione_RL=BQSKitSynthesis
job=qft_indep_qiskit_4|ibm_falcon_127 azione_RL=RemoveDiagonalGatesBeforeMeasure
job=qft_indep_qiskit_4|ibm_falcon_127 azione_RL=CommutativeInverseCancellation
job=qft_indep_qiskit_4|ibm_falcon_127 azione_RL=PeepholeOptimise2Q
job=qft_indep_qiskit_4|ibm_falcon_127 azione_RL=PeepholeOptimise2Q
job=qft_indep_qiskit_4|ibm_falcon_127 azione_RL=RemoveDiagonalGatesBeforeMeasure
job=qft_indep_qiskit_4|ibm_falcon_127 azione_RL=BasisTranslator
job=qft_indep_qiskit_4|ibm_falcon_127 azione_RL=CliffordSimp
job=qft_indep_qiskit_4|ibm_falcon_127 azione_RL=BasisTranslator
job=qft_indep_qiskit_4|ibm_falcon_127 azione_RL=CommutativeInverseCancellation
job=qft_indep_qiskit_4|ibm_falcon_127 azione_RL=InverseCancellation
job=qft_indep_qiskit_4|ibm_falcon_127 azione_RL=FullPeepholeOptimiseCX
job=qft_indep_qiskit_4|ibm_falcon_127 azione_RL=CommutativeCancellation
job=qft_indep_qiskit_4|ibm_falcon_127 azione_RL=RemoveDiagonalGatesBeforeMeasure
job=qft_indep_qiskit_4|ibm_falcon_127 azione_RL=OptimizeCliffords
job=qft_indep_qiskit_4|ibm_falcon_127 azione_RL=OptimizeCliffords
job=qft_indep_qiskit_4|ibm_falcon_127 azione_RL=RemoveRedundancies
job=qft_indep_qiskit_4|ibm_falcon_127 azione_RL=PeepholeOptimise2Q
job=qft_indep_qiskit_4|ibm_falcon_127 azione_RL=BasisTranslator
job=qft_indep_qiskit_4|ibm_falcon_127 azione_RL=RemoveRedundancies
job=qft_indep_qiskit_4|ibm_falcon_127 azione_RL=BasisTranslator
job=qft_indep_qiskit_4|ibm_falcon_127 azione_RL=CommutativeCancellation
job=qft_indep_qiskit_4|ibm_falcon_127 azione_RL=QiskitO3
job=qft_indep_qiskit_4|ibm_falcon_127 azione_RL=BQSKitO2
job=qft_indep_qiskit_4|ibm_falcon_127 azione_RL=InverseCancellation
job=qft_indep_qiskit_4|ibm_falcon_127 azione_RL=CommutativeCancellation
job=qft_indep_qiskit_4|ibm_falcon_127 azione_RL=InverseCancellation
job=qft_indep_qiskit_4|ibm_falcon_127 azione_RL=QiskitO3
job=qft_indep_qiskit_4|ibm_falcon_127 azione_RL=RemoveDiagonalGatesBeforeMeasure
job=qft_indep_qiskit_4|ibm_falcon_127 azione_RL=Opt2qBlocks
job=qft_indep_qiskit_4|ibm_falcon_127 azione_RL=BQSKitSynthesis
job=qft_indep_qiskit_4|ibm_falcon_127 azione_RL=CommutativeInverseCancellation
job=qft_indep_qiskit_4|ibm_falcon_127 azione_RL=PeepholeOptimise2Q
job=qft_indep_qiskit_4|ibm_falcon_127 azione_RL=CommutativeCancellation
job=qft_indep_qiskit_4|ibm_falcon_127 azione_RL=Opt2qBlocks
job=qft_indep_qiskit_4|ibm_falcon_127 azione_RL=BasisTranslator
job=qft_indep_qiskit_4|ibm_falcon_127 azione_RL=BasisTranslator
job=qft_indep_qiskit_4|ibm_falcon_127 azione_RL=Opt2qBlocks
job=qft_indep_qiskit_4|ibm_falcon_127 azione_RL=RemoveDiagonalGatesBeforeMeasure
job=qft_indep_qiskit_4|ibm_falcon_127 azione_RL=CliffordSimp
job=qft_indep_qiskit_4|ibm_falcon_127 azione_RL=FullPeepholeOptimiseCX
job=qft_indep_qiskit_4|ibm_falcon_127 azione_RL=CliffordSimp
job=qft_indep_qiskit_4|ibm_falcon_127 azione_RL=CommutativeCancellation
job=qft_indep_qiskit_4|ibm_falcon_127 azione_RL=RemoveRedundancies
job=qft_indep_qiskit_4|ibm_falcon_127 azione_RL=QiskitO3
job=qft_indep_qiskit_4|ibm_falcon_127 azione_RL=CommutativeCancellation
job=qft_indep_qiskit_4|ibm_falcon_127 azione_RL=PeepholeOptimise2Q
job=qft_indep_qiskit_4|ibm_falcon_127 azione_RL=PeepholeOptimise2Q
job=qft_indep_qiskit_4|ibm_falcon_127 azione_RL=OptimizeCliffords
job=qft_indep_qiskit_4|ibm_falcon_127 azione_RL=OptimizeCliffords
job=qft_indep_qiskit_4|ibm_falcon_127 azione_RL=OptimizeCliffords
job=qft_indep_qiskit_4|ibm_falcon_127 azione_RL=BasisTranslator
job=qft_indep_qiskit_4|ibm_falcon_127 azione_RL=QiskitO3
job=qft_indep_qiskit_4|ibm_falcon_127 azione_RL=PeepholeOptimise2Q
job=qft_indep_qiskit_4|ibm_falcon_127 azione_RL=CommutativeInverseCancellation
job=qft_indep_qiskit_4|ibm_falcon_127 azione_RL=Opt2qBlocks
job=qft_indep_qiskit_4|ibm_falcon_127 azione_RL=BasisTranslator
job=qft_indep_qiskit_4|ibm_falcon_127 azione_RL=Optimize1qGatesDecomposition
job=qft_indep_qiskit_4|ibm_falcon_127 azione_RL=CliffordSimp
job=qft_indep_qiskit_4|ibm_falcon_127 azione_RL=PeepholeOptimise2Q
job=qft_indep_qiskit_4|ibm_falcon_127 azione_RL=QiskitO3
job=qft_indep_qiskit_4|ibm_falcon_127 azione_RL=CommutativeCancellation
job=qft_indep_qiskit_4|ibm_falcon_127 azione_RL=InverseCancellation
job=qft_indep_qiskit_4|ibm_falcon_127 azione_RL=Optimize1qGatesDecomposition
job=qft_indep_qiskit_4|ibm_falcon_127 azione_RL=CliffordSimp
job=qft_indep_qiskit_4|ibm_falcon_127 azione_RL=Optimize1qGatesDecomposition
job=qft_indep_qiskit_4|ibm_falcon_127 azione_RL=QiskitO3
job=qft_indep_qiskit_4|ibm_falcon_127 azione_RL=RemoveRedundancies
job=qft_indep_qiskit_4|ibm_falcon_127 azione_RL=RemoveDiagonalGatesBeforeMeasure
job=qft_indep_qiskit_4|ibm_falcon_127 azione_RL=CommutativeInverseCancellation
job=qft_indep_qiskit_4|ibm_falcon_127 azione_RL=InverseCancellation
job=qft_indep_qiskit_4|ibm_falcon_127 azione_RL=CommutativeCancellation
job=qft_indep_qiskit_4|ibm_falcon_127 azione_RL=QiskitO3
job=qft_indep_qiskit_4|ibm_falcon_127 azione_RL=PeepholeOptimise2Q
job=qft_indep_qiskit_4|ibm_falcon_127 azione_RL=CommutativeInverseCancellation
job=qft_indep_qiskit_4|ibm_falcon_127 azione_RL=Opt2qBlocks
job=qft_indep_qiskit_4|ibm_falcon_127 azione_RL=FullPeepholeOptimiseCX
job=qft_indep_qiskit_4|ibm_falcon_127 azione_RL=OptimizeCliffords
job=qft_indep_qiskit_4|ibm_falcon_127 azione_RL=InverseCancellation
job=qft_indep_qiskit_4|ibm_falcon_127 azione_RL=BQSKitO2
job=qft_indep_qiskit_4|ibm_falcon_127 azione_RL=OptimizeCliffords
job=qft_indep_qiskit_4|ibm_falcon_127 azione_RL=InverseCancellation
job=qft_indep_qiskit_4|ibm_falcon_127 azione_RL=Optimize1qGatesDecomposition
job=qft_indep_qiskit_4|ibm_falcon_127 azione_RL=BQSKitO2
job=qft_indep_qiskit_4|ibm_falcon_127 azione_RL=CliffordSimp
job=qft_indep_qiskit_4|ibm_falcon_127 azione_RL=BQSKitSynthesis
job=qft_indep_qiskit_4|ibm_falcon_127 azione_RL=BasisTranslator
job=qft_indep_qiskit_4|ibm_falcon_127 azione_RL=OptimizeCliffords
job=qft_indep_qiskit_4|ibm_falcon_127 azione_RL=BQSKitSynthesis
job=qft_indep_qiskit_4|ibm_falcon_127 fallback=QiskitO1
job=qft_indep_tket_4|ibm_falcon_127 azione_RL=BQSKitSynthesis
job=qft_indep_tket_4|ibm_falcon_127 azione_RL=InverseCancellation
job=qft_indep_tket_4|ibm_falcon_127 azione_RL=OptimizeCliffords
job=qft_indep_tket_4|ibm_falcon_127 azione_RL=InverseCancellation
job=qft_indep_tket_4|ibm_falcon_127 azione_RL=RemoveRedundancies
job=qft_indep_tket_4|ibm_falcon_127 azione_RL=FullPeepholeOptimiseCX
/home/elio/Tesi/.venv/lib/python3.12/site-packages/pytket/extensions/qiskit/qiskit_convert.py:1124: UserWarning: The pytket Circuit contains implicit qubit permutations which aren't handled by default. Consider using the replace_implicit_swaps flag in tk_to_qiskit or replacing them using Circuit.replace_implicit_swaps().
  warnings.warn(  # noqa: B028
job=qft_indep_tket_4|ibm_falcon_127 azione_RL=BQSKitSynthesis
job=qft_indep_tket_4|ibm_falcon_127 azione_RL=RemoveDiagonalGatesBeforeMeasure
job=qft_indep_tket_4|ibm_falcon_127 azione_RL=CommutativeInverseCancellation
job=qft_indep_tket_4|ibm_falcon_127 azione_RL=PeepholeOptimise2Q
job=qft_indep_tket_4|ibm_falcon_127 azione_RL=PeepholeOptimise2Q
job=qft_indep_tket_4|ibm_falcon_127 azione_RL=RemoveDiagonalGatesBeforeMeasure
job=qft_indep_tket_4|ibm_falcon_127 azione_RL=BasisTranslator
job=qft_indep_tket_4|ibm_falcon_127 azione_RL=CliffordSimp
job=qft_indep_tket_4|ibm_falcon_127 azione_RL=BasisTranslator
job=qft_indep_tket_4|ibm_falcon_127 azione_RL=CommutativeInverseCancellation
job=qft_indep_tket_4|ibm_falcon_127 azione_RL=InverseCancellation
job=qft_indep_tket_4|ibm_falcon_127 azione_RL=FullPeepholeOptimiseCX
job=qft_indep_tket_4|ibm_falcon_127 azione_RL=CommutativeCancellation
job=qft_indep_tket_4|ibm_falcon_127 azione_RL=RemoveDiagonalGatesBeforeMeasure
job=qft_indep_tket_4|ibm_falcon_127 azione_RL=OptimizeCliffords
job=qft_indep_tket_4|ibm_falcon_127 azione_RL=OptimizeCliffords
job=qft_indep_tket_4|ibm_falcon_127 azione_RL=RemoveRedundancies
job=qft_indep_tket_4|ibm_falcon_127 azione_RL=PeepholeOptimise2Q
job=qft_indep_tket_4|ibm_falcon_127 azione_RL=BasisTranslator
job=qft_indep_tket_4|ibm_falcon_127 azione_RL=RemoveRedundancies
job=qft_indep_tket_4|ibm_falcon_127 azione_RL=BasisTranslator
job=qft_indep_tket_4|ibm_falcon_127 azione_RL=CommutativeCancellation
job=qft_indep_tket_4|ibm_falcon_127 azione_RL=QiskitO3
job=qft_indep_tket_4|ibm_falcon_127 azione_RL=BQSKitO2
job=qft_indep_tket_4|ibm_falcon_127 azione_RL=InverseCancellation
job=qft_indep_tket_4|ibm_falcon_127 azione_RL=CommutativeCancellation
job=qft_indep_tket_4|ibm_falcon_127 azione_RL=InverseCancellation
job=qft_indep_tket_4|ibm_falcon_127 azione_RL=QiskitO3
job=qft_indep_tket_4|ibm_falcon_127 azione_RL=RemoveDiagonalGatesBeforeMeasure
job=qft_indep_tket_4|ibm_falcon_127 azione_RL=Opt2qBlocks
job=qft_indep_tket_4|ibm_falcon_127 azione_RL=BQSKitSynthesis
job=qft_indep_tket_4|ibm_falcon_127 azione_RL=CommutativeInverseCancellation
job=qft_indep_tket_4|ibm_falcon_127 azione_RL=PeepholeOptimise2Q
job=qft_indep_tket_4|ibm_falcon_127 azione_RL=CommutativeCancellation
job=qft_indep_tket_4|ibm_falcon_127 azione_RL=Opt2qBlocks
job=qft_indep_tket_4|ibm_falcon_127 azione_RL=BasisTranslator
job=qft_indep_tket_4|ibm_falcon_127 azione_RL=BasisTranslator
job=qft_indep_tket_4|ibm_falcon_127 azione_RL=Opt2qBlocks
job=qft_indep_tket_4|ibm_falcon_127 azione_RL=RemoveDiagonalGatesBeforeMeasure
job=qft_indep_tket_4|ibm_falcon_127 azione_RL=CliffordSimp
job=qft_indep_tket_4|ibm_falcon_127 azione_RL=FullPeepholeOptimiseCX
job=qft_indep_tket_4|ibm_falcon_127 azione_RL=CliffordSimp
job=qft_indep_tket_4|ibm_falcon_127 azione_RL=CommutativeCancellation
job=qft_indep_tket_4|ibm_falcon_127 azione_RL=RemoveRedundancies
job=qft_indep_tket_4|ibm_falcon_127 azione_RL=QiskitO3
job=qft_indep_tket_4|ibm_falcon_127 azione_RL=CommutativeCancellation
job=qft_indep_tket_4|ibm_falcon_127 azione_RL=PeepholeOptimise2Q
job=qft_indep_tket_4|ibm_falcon_127 azione_RL=PeepholeOptimise2Q
job=qft_indep_tket_4|ibm_falcon_127 azione_RL=OptimizeCliffords
job=qft_indep_tket_4|ibm_falcon_127 azione_RL=OptimizeCliffords
job=qft_indep_tket_4|ibm_falcon_127 azione_RL=OptimizeCliffords
job=qft_indep_tket_4|ibm_falcon_127 azione_RL=BasisTranslator
job=qft_indep_tket_4|ibm_falcon_127 azione_RL=QiskitO3
job=qft_indep_tket_4|ibm_falcon_127 azione_RL=PeepholeOptimise2Q
job=qft_indep_tket_4|ibm_falcon_127 azione_RL=CommutativeInverseCancellation
job=qft_indep_tket_4|ibm_falcon_127 azione_RL=Opt2qBlocks
job=qft_indep_tket_4|ibm_falcon_127 azione_RL=BasisTranslator
job=qft_indep_tket_4|ibm_falcon_127 azione_RL=Optimize1qGatesDecomposition
job=qft_indep_tket_4|ibm_falcon_127 azione_RL=CliffordSimp
job=qft_indep_tket_4|ibm_falcon_127 azione_RL=PeepholeOptimise2Q
job=qft_indep_tket_4|ibm_falcon_127 azione_RL=QiskitO3
job=qft_indep_tket_4|ibm_falcon_127 azione_RL=CommutativeCancellation
job=qft_indep_tket_4|ibm_falcon_127 azione_RL=InverseCancellation
job=qft_indep_tket_4|ibm_falcon_127 azione_RL=Optimize1qGatesDecomposition
job=qft_indep_tket_4|ibm_falcon_127 azione_RL=CliffordSimp
job=qft_indep_tket_4|ibm_falcon_127 azione_RL=Optimize1qGatesDecomposition
job=qft_indep_tket_4|ibm_falcon_127 azione_RL=QiskitO3
job=qft_indep_tket_4|ibm_falcon_127 azione_RL=RemoveRedundancies
job=qft_indep_tket_4|ibm_falcon_127 azione_RL=RemoveDiagonalGatesBeforeMeasure
job=qft_indep_tket_4|ibm_falcon_127 azione_RL=CommutativeInverseCancellation
job=qft_indep_tket_4|ibm_falcon_127 azione_RL=InverseCancellation
job=qft_indep_tket_4|ibm_falcon_127 azione_RL=CommutativeCancellation
job=qft_indep_tket_4|ibm_falcon_127 azione_RL=QiskitO3
job=qft_indep_tket_4|ibm_falcon_127 azione_RL=PeepholeOptimise2Q
job=qft_indep_tket_4|ibm_falcon_127 azione_RL=CommutativeInverseCancellation
job=qft_indep_tket_4|ibm_falcon_127 azione_RL=Opt2qBlocks
job=qft_indep_tket_4|ibm_falcon_127 azione_RL=FullPeepholeOptimiseCX
job=qft_indep_tket_4|ibm_falcon_127 azione_RL=OptimizeCliffords
job=qft_indep_tket_4|ibm_falcon_127 azione_RL=InverseCancellation
job=qft_indep_tket_4|ibm_falcon_127 azione_RL=BQSKitO2
job=qft_indep_tket_4|ibm_falcon_127 azione_RL=OptimizeCliffords
job=qft_indep_tket_4|ibm_falcon_127 azione_RL=InverseCancellation
job=qft_indep_tket_4|ibm_falcon_127 azione_RL=Optimize1qGatesDecomposition
job=qft_indep_tket_4|ibm_falcon_127 azione_RL=BQSKitO2
job=qft_indep_tket_4|ibm_falcon_127 azione_RL=CliffordSimp
job=qft_indep_tket_4|ibm_falcon_127 azione_RL=BQSKitSynthesis
job=qft_indep_tket_4|ibm_falcon_127 azione_RL=BasisTranslator
job=qft_indep_tket_4|ibm_falcon_127 azione_RL=OptimizeCliffords
job=qft_indep_tket_4|ibm_falcon_127 azione_RL=BQSKitSynthesis
job=qft_indep_tket_4|ibm_falcon_127 fallback=QiskitO1
job=qftentangled_indep_qiskit_4|ibm_falcon_127 azione_RL=BQSKitSynthesis
job=qftentangled_indep_qiskit_4|ibm_falcon_127 azione_RL=InverseCancellation
job=qftentangled_indep_qiskit_4|ibm_falcon_127 azione_RL=OptimizeCliffords
job=qftentangled_indep_qiskit_4|ibm_falcon_127 azione_RL=InverseCancellation
job=qftentangled_indep_qiskit_4|ibm_falcon_127 azione_RL=RemoveRedundancies
job=qftentangled_indep_qiskit_4|ibm_falcon_127 azione_RL=FullPeepholeOptimiseCX
/home/elio/Tesi/.venv/lib/python3.12/site-packages/pytket/extensions/qiskit/qiskit_convert.py:1124: UserWarning: The pytket Circuit contains implicit qubit permutations which aren't handled by default. Consider using the replace_implicit_swaps flag in tk_to_qiskit or replacing them using Circuit.replace_implicit_swaps().
  warnings.warn(  # noqa: B028
job=qftentangled_indep_qiskit_4|ibm_falcon_127 azione_RL=BQSKitSynthesis
job=qftentangled_indep_qiskit_4|ibm_falcon_127 azione_RL=RemoveDiagonalGatesBeforeMeasure
job=qftentangled_indep_qiskit_4|ibm_falcon_127 azione_RL=CommutativeInverseCancellation
job=qftentangled_indep_qiskit_4|ibm_falcon_127 azione_RL=PeepholeOptimise2Q
job=qftentangled_indep_qiskit_4|ibm_falcon_127 azione_RL=PeepholeOptimise2Q
job=qftentangled_indep_qiskit_4|ibm_falcon_127 azione_RL=RemoveDiagonalGatesBeforeMeasure
job=qftentangled_indep_qiskit_4|ibm_falcon_127 azione_RL=BasisTranslator
job=qftentangled_indep_qiskit_4|ibm_falcon_127 azione_RL=CliffordSimp
job=qftentangled_indep_qiskit_4|ibm_falcon_127 azione_RL=BasisTranslator
job=qftentangled_indep_qiskit_4|ibm_falcon_127 azione_RL=CommutativeInverseCancellation
job=qftentangled_indep_qiskit_4|ibm_falcon_127 azione_RL=InverseCancellation
job=qftentangled_indep_qiskit_4|ibm_falcon_127 azione_RL=FullPeepholeOptimiseCX
job=qftentangled_indep_qiskit_4|ibm_falcon_127 azione_RL=CommutativeCancellation
job=qftentangled_indep_qiskit_4|ibm_falcon_127 azione_RL=RemoveDiagonalGatesBeforeMeasure
job=qftentangled_indep_qiskit_4|ibm_falcon_127 azione_RL=OptimizeCliffords
job=qftentangled_indep_qiskit_4|ibm_falcon_127 azione_RL=OptimizeCliffords
job=qftentangled_indep_qiskit_4|ibm_falcon_127 azione_RL=RemoveRedundancies
job=qftentangled_indep_qiskit_4|ibm_falcon_127 azione_RL=PeepholeOptimise2Q
job=qftentangled_indep_qiskit_4|ibm_falcon_127 azione_RL=BasisTranslator
job=qftentangled_indep_qiskit_4|ibm_falcon_127 azione_RL=RemoveRedundancies
job=qftentangled_indep_qiskit_4|ibm_falcon_127 azione_RL=BasisTranslator
job=qftentangled_indep_qiskit_4|ibm_falcon_127 azione_RL=CommutativeCancellation
job=qftentangled_indep_qiskit_4|ibm_falcon_127 azione_RL=QiskitO3
job=qftentangled_indep_qiskit_4|ibm_falcon_127 azione_RL=BQSKitO2
job=qftentangled_indep_qiskit_4|ibm_falcon_127 azione_RL=InverseCancellation
job=qftentangled_indep_qiskit_4|ibm_falcon_127 azione_RL=CommutativeCancellation
job=qftentangled_indep_qiskit_4|ibm_falcon_127 azione_RL=InverseCancellation
job=qftentangled_indep_qiskit_4|ibm_falcon_127 azione_RL=QiskitO3
job=qftentangled_indep_qiskit_4|ibm_falcon_127 azione_RL=RemoveDiagonalGatesBeforeMeasure
job=qftentangled_indep_qiskit_4|ibm_falcon_127 azione_RL=Opt2qBlocks
job=qftentangled_indep_qiskit_4|ibm_falcon_127 azione_RL=BQSKitSynthesis
job=qftentangled_indep_qiskit_4|ibm_falcon_127 azione_RL=CommutativeInverseCancellation
job=qftentangled_indep_qiskit_4|ibm_falcon_127 azione_RL=PeepholeOptimise2Q
job=qftentangled_indep_qiskit_4|ibm_falcon_127 azione_RL=CommutativeCancellation
job=qftentangled_indep_qiskit_4|ibm_falcon_127 azione_RL=Opt2qBlocks
job=qftentangled_indep_qiskit_4|ibm_falcon_127 azione_RL=BasisTranslator
job=qftentangled_indep_qiskit_4|ibm_falcon_127 azione_RL=BasisTranslator
job=qftentangled_indep_qiskit_4|ibm_falcon_127 azione_RL=Opt2qBlocks
job=qftentangled_indep_qiskit_4|ibm_falcon_127 azione_RL=RemoveDiagonalGatesBeforeMeasure
job=qftentangled_indep_qiskit_4|ibm_falcon_127 azione_RL=CliffordSimp
job=qftentangled_indep_qiskit_4|ibm_falcon_127 azione_RL=FullPeepholeOptimiseCX
job=qftentangled_indep_qiskit_4|ibm_falcon_127 azione_RL=CliffordSimp
job=qftentangled_indep_qiskit_4|ibm_falcon_127 azione_RL=CommutativeCancellation
job=qftentangled_indep_qiskit_4|ibm_falcon_127 azione_RL=RemoveRedundancies
job=qftentangled_indep_qiskit_4|ibm_falcon_127 azione_RL=QiskitO3
job=qftentangled_indep_qiskit_4|ibm_falcon_127 azione_RL=CommutativeCancellation
job=qftentangled_indep_qiskit_4|ibm_falcon_127 azione_RL=PeepholeOptimise2Q
job=qftentangled_indep_qiskit_4|ibm_falcon_127 azione_RL=PeepholeOptimise2Q
job=qftentangled_indep_qiskit_4|ibm_falcon_127 azione_RL=OptimizeCliffords
job=qftentangled_indep_qiskit_4|ibm_falcon_127 azione_RL=OptimizeCliffords
job=qftentangled_indep_qiskit_4|ibm_falcon_127 azione_RL=OptimizeCliffords
job=qftentangled_indep_qiskit_4|ibm_falcon_127 azione_RL=BasisTranslator
job=qftentangled_indep_qiskit_4|ibm_falcon_127 azione_RL=QiskitO3
job=qftentangled_indep_qiskit_4|ibm_falcon_127 azione_RL=PeepholeOptimise2Q
job=qftentangled_indep_qiskit_4|ibm_falcon_127 azione_RL=CommutativeInverseCancellation
job=qftentangled_indep_qiskit_4|ibm_falcon_127 azione_RL=Opt2qBlocks
job=qftentangled_indep_qiskit_4|ibm_falcon_127 azione_RL=BasisTranslator
job=qftentangled_indep_qiskit_4|ibm_falcon_127 azione_RL=Optimize1qGatesDecomposition
job=qftentangled_indep_qiskit_4|ibm_falcon_127 azione_RL=CliffordSimp
job=qftentangled_indep_qiskit_4|ibm_falcon_127 azione_RL=PeepholeOptimise2Q
job=qftentangled_indep_qiskit_4|ibm_falcon_127 azione_RL=QiskitO3
job=qftentangled_indep_qiskit_4|ibm_falcon_127 azione_RL=CommutativeCancellation
job=qftentangled_indep_qiskit_4|ibm_falcon_127 azione_RL=InverseCancellation
job=qftentangled_indep_qiskit_4|ibm_falcon_127 azione_RL=Optimize1qGatesDecomposition
job=qftentangled_indep_qiskit_4|ibm_falcon_127 azione_RL=CliffordSimp
job=qftentangled_indep_qiskit_4|ibm_falcon_127 azione_RL=Optimize1qGatesDecomposition
job=qftentangled_indep_qiskit_4|ibm_falcon_127 azione_RL=QiskitO3
job=qftentangled_indep_qiskit_4|ibm_falcon_127 azione_RL=RemoveRedundancies
job=qftentangled_indep_qiskit_4|ibm_falcon_127 azione_RL=RemoveDiagonalGatesBeforeMeasure
job=qftentangled_indep_qiskit_4|ibm_falcon_127 azione_RL=CommutativeInverseCancellation
job=qftentangled_indep_qiskit_4|ibm_falcon_127 azione_RL=InverseCancellation
job=qftentangled_indep_qiskit_4|ibm_falcon_127 azione_RL=CommutativeCancellation
job=qftentangled_indep_qiskit_4|ibm_falcon_127 azione_RL=QiskitO3
job=qftentangled_indep_qiskit_4|ibm_falcon_127 azione_RL=PeepholeOptimise2Q
job=qftentangled_indep_qiskit_4|ibm_falcon_127 azione_RL=CommutativeInverseCancellation
job=qftentangled_indep_qiskit_4|ibm_falcon_127 azione_RL=Opt2qBlocks
job=qftentangled_indep_qiskit_4|ibm_falcon_127 azione_RL=FullPeepholeOptimiseCX
job=qftentangled_indep_qiskit_4|ibm_falcon_127 azione_RL=OptimizeCliffords
job=qftentangled_indep_qiskit_4|ibm_falcon_127 azione_RL=InverseCancellation
job=qftentangled_indep_qiskit_4|ibm_falcon_127 azione_RL=BQSKitO2
job=qftentangled_indep_qiskit_4|ibm_falcon_127 azione_RL=OptimizeCliffords
job=qftentangled_indep_qiskit_4|ibm_falcon_127 azione_RL=InverseCancellation
job=qftentangled_indep_qiskit_4|ibm_falcon_127 azione_RL=Optimize1qGatesDecomposition
job=qftentangled_indep_qiskit_4|ibm_falcon_127 azione_RL=BQSKitO2
job=qftentangled_indep_qiskit_4|ibm_falcon_127 azione_RL=CliffordSimp
job=qftentangled_indep_qiskit_4|ibm_falcon_127 azione_RL=BQSKitSynthesis
job=qftentangled_indep_qiskit_4|ibm_falcon_127 fallback=QiskitO1
job=qftentangled_indep_tket_4|ibm_falcon_127 azione_RL=BQSKitSynthesis
job=qftentangled_indep_tket_4|ibm_falcon_127 azione_RL=InverseCancellation
job=qftentangled_indep_tket_4|ibm_falcon_127 azione_RL=OptimizeCliffords
job=qftentangled_indep_tket_4|ibm_falcon_127 azione_RL=InverseCancellation
job=qftentangled_indep_tket_4|ibm_falcon_127 azione_RL=RemoveRedundancies
job=qftentangled_indep_tket_4|ibm_falcon_127 azione_RL=FullPeepholeOptimiseCX
/home/elio/Tesi/.venv/lib/python3.12/site-packages/pytket/extensions/qiskit/qiskit_convert.py:1124: UserWarning: The pytket Circuit contains implicit qubit permutations which aren't handled by default. Consider using the replace_implicit_swaps flag in tk_to_qiskit or replacing them using Circuit.replace_implicit_swaps().
  warnings.warn(  # noqa: B028
job=qftentangled_indep_tket_4|ibm_falcon_127 azione_RL=BQSKitSynthesis
job=qftentangled_indep_tket_4|ibm_falcon_127 fallback=QiskitO1
job=qnn_indep_qiskit_4|ibm_falcon_127 fallback=QiskitO1

--- robust worker start 2026-07-31T16:37:13.373807+00:00 pid=214676 device=ibm_falcon_127 ---
mqt-predictor - INFO - Init env: expected_fidelity
job=qnn_indep_tket_4|ibm_falcon_127 azione_RL=RemoveRedundancies
job=qnn_indep_tket_4|ibm_falcon_127 azione_RL=BQSKitSynthesis
job=qnn_indep_tket_4|ibm_falcon_127 fallback=QiskitO1
job=qpeexact_indep_qiskit_4|ibm_falcon_127 azione_RL=RemoveRedundancies
job=qpeexact_indep_qiskit_4|ibm_falcon_127 azione_RL=BQSKitSynthesis
job=qpeexact_indep_qiskit_4|ibm_falcon_127 fallback=QiskitO1
job=qpeexact_indep_tket_4|ibm_falcon_127 azione_RL=RemoveRedundancies
job=qpeexact_indep_tket_4|ibm_falcon_127 azione_RL=BQSKitSynthesis
job=qpeexact_indep_tket_4|ibm_falcon_127 fallback=QiskitO1
job=qpeinexact_indep_qiskit_4|ibm_falcon_127 azione_RL=RemoveRedundancies
job=qpeinexact_indep_qiskit_4|ibm_falcon_127 azione_RL=BQSKitSynthesis
job=qpeinexact_indep_qiskit_4|ibm_falcon_127 fallback=QiskitO1
job=qpeinexact_indep_tket_4|ibm_falcon_127 azione_RL=RemoveRedundancies
job=qpeinexact_indep_tket_4|ibm_falcon_127 azione_RL=BQSKitSynthesis
job=qpeinexact_indep_tket_4|ibm_falcon_127 fallback=QiskitO1
job=random_indep_qiskit_4|ibm_falcon_127 azione_RL=RemoveRedundancies
job=random_indep_qiskit_4|ibm_falcon_127 azione_RL=BQSKitSynthesis
job=random_indep_qiskit_4|ibm_falcon_127 fallback=QiskitO1
job=random_indep_tket_4|ibm_falcon_127 azione_RL=RemoveRedundancies
job=random_indep_tket_4|ibm_falcon_127 azione_RL=BQSKitSynthesis
job=random_indep_tket_4|ibm_falcon_127 fallback=QiskitO1
job=realamprandom_indep_qiskit_4|ibm_falcon_127 azione_RL=RemoveRedundancies
job=realamprandom_indep_qiskit_4|ibm_falcon_127 azione_RL=BQSKitSynthesis
job=realamprandom_indep_qiskit_4|ibm_falcon_127 fallback=QiskitO1
job=realamprandom_indep_tket_4|ibm_falcon_127 azione_RL=RemoveRedundancies
job=realamprandom_indep_tket_4|ibm_falcon_127 azione_RL=BQSKitSynthesis
job=realamprandom_indep_tket_4|ibm_falcon_127 fallback=QiskitO1
job=su2random_indep_qiskit_4|ibm_falcon_127 azione_RL=RemoveRedundancies
job=su2random_indep_qiskit_4|ibm_falcon_127 azione_RL=BQSKitSynthesis
job=su2random_indep_qiskit_4|ibm_falcon_127 fallback=QiskitO1
job=su2random_indep_tket_4|ibm_falcon_127 azione_RL=RemoveRedundancies
job=su2random_indep_tket_4|ibm_falcon_127 azione_RL=BQSKitSynthesis
job=su2random_indep_tket_4|ibm_falcon_127 fallback=QiskitO1
job=tsp_indep_tket_4|ibm_falcon_127 azione_RL=RemoveRedundancies
job=tsp_indep_tket_4|ibm_falcon_127 azione_RL=BQSKitSynthesis
job=tsp_indep_tket_4|ibm_falcon_127 fallback=QiskitO1
job=twolocalrandom_indep_qiskit_4|ibm_falcon_127 azione_RL=RemoveRedundancies
job=twolocalrandom_indep_qiskit_4|ibm_falcon_127 azione_RL=BQSKitSynthesis
job=twolocalrandom_indep_qiskit_4|ibm_falcon_127 fallback=QiskitO1
job=twolocalrandom_indep_tket_4|ibm_falcon_127 azione_RL=RemoveRedundancies
job=twolocalrandom_indep_tket_4|ibm_falcon_127 azione_RL=BQSKitSynthesis
job=twolocalrandom_indep_tket_4|ibm_falcon_127 fallback=QiskitO1
job=vqe_indep_qiskit_4|ibm_falcon_127 azione_RL=RemoveRedundancies
job=vqe_indep_qiskit_4|ibm_falcon_127 azione_RL=BQSKitSynthesis
job=vqe_indep_qiskit_4|ibm_falcon_127 fallback=QiskitO1
job=vqe_indep_tket_4|ibm_falcon_127 azione_RL=RemoveRedundancies
job=vqe_indep_tket_4|ibm_falcon_127 azione_RL=BQSKitSynthesis
job=vqe_indep_tket_4|ibm_falcon_127 fallback=QiskitO1
job=wstate_indep_qiskit_4|ibm_falcon_127 azione_RL=RemoveRedundancies
job=wstate_indep_qiskit_4|ibm_falcon_127 azione_RL=BQSKitSynthesis
job=wstate_indep_qiskit_4|ibm_falcon_127 fallback=QiskitO1
job=wstate_indep_tket_4|ibm_falcon_127 azione_RL=RemoveRedundancies
job=wstate_indep_tket_4|ibm_falcon_127 azione_RL=BQSKitSynthesis
job=wstate_indep_tket_4|ibm_falcon_127 fallback=QiskitO1
job=ae_indep_qiskit_5|ibm_falcon_127 azione_RL=RemoveRedundancies
job=ae_indep_qiskit_5|ibm_falcon_127 azione_RL=BQSKitSynthesis
job=ae_indep_qiskit_5|ibm_falcon_127 fallback=QiskitO1
job=ae_indep_tket_5|ibm_falcon_127 azione_RL=RemoveRedundancies
job=ae_indep_tket_5|ibm_falcon_127 azione_RL=BQSKitSynthesis
job=ae_indep_tket_5|ibm_falcon_127 fallback=QiskitO1
job=dj_indep_qiskit_5|ibm_falcon_127 azione_RL=RemoveRedundancies
job=dj_indep_qiskit_5|ibm_falcon_127 azione_RL=BQSKitSynthesis
job=dj_indep_qiskit_5|ibm_falcon_127 fallback=QiskitO1
job=dj_indep_tket_5|ibm_falcon_127 azione_RL=RemoveRedundancies
job=dj_indep_tket_5|ibm_falcon_127 azione_RL=BQSKitSynthesis
job=dj_indep_tket_5|ibm_falcon_127 fallback=QiskitO1
job=graphstate_indep_qiskit_5|ibm_falcon_127 azione_RL=RemoveRedundancies
job=graphstate_indep_qiskit_5|ibm_falcon_127 azione_RL=BQSKitSynthesis
job=graphstate_indep_qiskit_5|ibm_falcon_127 fallback=QiskitO1
job=graphstate_indep_tket_5|ibm_falcon_127 azione_RL=RemoveRedundancies
job=graphstate_indep_tket_5|ibm_falcon_127 azione_RL=BQSKitSynthesis
job=graphstate_indep_tket_5|ibm_falcon_127 fallback=QiskitO1
job=portfolioqaoa_indep_qiskit_5|ibm_falcon_127 azione_RL=RemoveRedundancies
job=portfolioqaoa_indep_qiskit_5|ibm_falcon_127 azione_RL=BQSKitSynthesis
job=portfolioqaoa_indep_qiskit_5|ibm_falcon_127 fallback=QiskitO1
job=portfolioqaoa_indep_tket_5|ibm_falcon_127 azione_RL=RemoveRedundancies
job=portfolioqaoa_indep_tket_5|ibm_falcon_127 azione_RL=BQSKitSynthesis
job=portfolioqaoa_indep_tket_5|ibm_falcon_127 fallback=QiskitO1
job=portfoliovqe_indep_qiskit_5|ibm_falcon_127 azione_RL=RemoveRedundancies
job=portfoliovqe_indep_qiskit_5|ibm_falcon_127 azione_RL=BQSKitSynthesis
job=portfoliovqe_indep_qiskit_5|ibm_falcon_127 fallback=QiskitO1
job=portfoliovqe_indep_tket_5|ibm_falcon_127 azione_RL=RemoveRedundancies
job=portfoliovqe_indep_tket_5|ibm_falcon_127 azione_RL=BQSKitSynthesis
job=portfoliovqe_indep_tket_5|ibm_falcon_127 fallback=QiskitO1
job=pricingcall_indep_qiskit_5|ibm_falcon_127 azione_RL=RemoveRedundancies
job=pricingcall_indep_qiskit_5|ibm_falcon_127 azione_RL=BQSKitSynthesis
job=pricingcall_indep_qiskit_5|ibm_falcon_127 fallback=QiskitO1
job=pricingcall_indep_tket_5|ibm_falcon_127 azione_RL=RemoveRedundancies
job=pricingcall_indep_tket_5|ibm_falcon_127 azione_RL=BQSKitSynthesis
job=pricingcall_indep_tket_5|ibm_falcon_127 fallback=QiskitO1
job=pricingput_indep_qiskit_5|ibm_falcon_127 azione_RL=RemoveRedundancies
job=pricingput_indep_qiskit_5|ibm_falcon_127 azione_RL=BQSKitSynthesis
job=pricingput_indep_qiskit_5|ibm_falcon_127 fallback=QiskitO1
job=pricingput_indep_tket_5|ibm_falcon_127 azione_RL=RemoveRedundancies
job=pricingput_indep_tket_5|ibm_falcon_127 azione_RL=BQSKitSynthesis
job=pricingput_indep_tket_5|ibm_falcon_127 fallback=QiskitO1
job=qaoa_indep_qiskit_5|ibm_falcon_127 azione_RL=RemoveRedundancies
job=qaoa_indep_qiskit_5|ibm_falcon_127 azione_RL=BQSKitSynthesis
job=qaoa_indep_qiskit_5|ibm_falcon_127 fallback=QiskitO1
job=qaoa_indep_tket_5|ibm_falcon_127 azione_RL=RemoveRedundancies
job=qaoa_indep_tket_5|ibm_falcon_127 azione_RL=BQSKitSynthesis
job=qaoa_indep_tket_5|ibm_falcon_127 fallback=QiskitO1
job=qft_indep_qiskit_5|ibm_falcon_127 fallback=QiskitO1
job=qft_indep_tket_5|ibm_falcon_127 fallback=QiskitO1
job=qftentangled_indep_qiskit_5|ibm_falcon_127 fallback=QiskitO1
job=qftentangled_indep_tket_5|ibm_falcon_127 fallback=QiskitO1
job=qnn_indep_qiskit_5|ibm_falcon_127 fallback=QiskitO1
job=qnn_indep_tket_5|ibm_falcon_127 fallback=QiskitO1
job=qpeexact_indep_qiskit_5|ibm_falcon_127 fallback=QiskitO1
job=qpeexact_indep_tket_5|ibm_falcon_127 fallback=QiskitO1
job=qpeinexact_indep_qiskit_5|ibm_falcon_127 fallback=QiskitO1
job=qpeinexact_indep_tket_5|ibm_falcon_127 fallback=QiskitO1
job=random_indep_qiskit_5|ibm_falcon_127 fallback=QiskitO1
job=random_indep_tket_5|ibm_falcon_127 fallback=QiskitO1
job=realamprandom_indep_qiskit_5|ibm_falcon_127 fallback=QiskitO1
job=realamprandom_indep_tket_5|ibm_falcon_127 fallback=QiskitO1
job=su2random_indep_qiskit_5|ibm_falcon_127 fallback=QiskitO1
job=su2random_indep_tket_5|ibm_falcon_127 fallback=QiskitO1
job=twolocalrandom_indep_qiskit_5|ibm_falcon_127 fallback=QiskitO1
job=twolocalrandom_indep_tket_5|ibm_falcon_127 fallback=QiskitO1
job=wstate_indep_qiskit_5|ibm_falcon_127 fallback=QiskitO1
job=wstate_indep_tket_5|ibm_falcon_127 fallback=QiskitO1
job=ae_indep_qiskit_6|ibm_falcon_127 fallback=QiskitO1
job=ae_indep_tket_6|ibm_falcon_127 fallback=QiskitO1
job=dj_indep_qiskit_6|ibm_falcon_127 fallback=QiskitO1
job=dj_indep_tket_6|ibm_falcon_127 fallback=QiskitO1
job=graphstate_indep_qiskit_6|ibm_falcon_127 fallback=QiskitO1
job=graphstate_indep_tket_6|ibm_falcon_127 fallback=QiskitO1
job=portfolioqaoa_indep_qiskit_6|ibm_falcon_127 fallback=QiskitO1
job=portfolioqaoa_indep_tket_6|ibm_falcon_127 fallback=QiskitO1
job=portfoliovqe_indep_qiskit_6|ibm_falcon_127 fallback=QiskitO1
job=portfoliovqe_indep_tket_6|ibm_falcon_127 fallback=QiskitO1
job=qaoa_indep_qiskit_6|ibm_falcon_127 fallback=QiskitO1
job=qaoa_indep_tket_6|ibm_falcon_127 fallback=QiskitO1
job=qft_indep_qiskit_6|ibm_falcon_127 fallback=QiskitO1
job=qft_indep_tket_6|ibm_falcon_127 fallback=QiskitO1
job=qftentangled_indep_qiskit_6|ibm_falcon_127 fallback=QiskitO1
job=qftentangled_indep_tket_6|ibm_falcon_127 fallback=QiskitO1
job=qnn_indep_qiskit_6|ibm_falcon_127 fallback=QiskitO1
job=qnn_indep_tket_6|ibm_falcon_127 fallback=QiskitO1
job=qpeexact_indep_qiskit_6|ibm_falcon_127 fallback=QiskitO1
job=qpeexact_indep_tket_6|ibm_falcon_127 fallback=QiskitO1
job=qpeinexact_indep_qiskit_6|ibm_falcon_127 fallback=QiskitO1
job=qpeinexact_indep_tket_6|ibm_falcon_127 fallback=QiskitO1
job=random_indep_qiskit_6|ibm_falcon_127 fallback=QiskitO1
job=random_indep_tket_6|ibm_falcon_127 fallback=QiskitO1
job=realamprandom_indep_qiskit_6|ibm_falcon_127 fallback=QiskitO1
job=realamprandom_indep_tket_6|ibm_falcon_127 fallback=QiskitO1
job=routing_indep_qiskit_6|ibm_falcon_127 fallback=QiskitO1
job=routing_indep_tket_6|ibm_falcon_127 fallback=QiskitO1
job=su2random_indep_qiskit_6|ibm_falcon_127 fallback=QiskitO1
job=su2random_indep_tket_6|ibm_falcon_127 fallback=QiskitO1
job=twolocalrandom_indep_qiskit_6|ibm_falcon_127 fallback=QiskitO1
job=twolocalrandom_indep_tket_6|ibm_falcon_127 fallback=QiskitO1
job=vqe_indep_qiskit_6|ibm_falcon_127 fallback=QiskitO1
job=wstate_indep_qiskit_6|ibm_falcon_127 fallback=QiskitO1
job=ae_indep_qiskit_7|ibm_falcon_127 fallback=QiskitO1
job=ae_indep_tket_7|ibm_falcon_127 fallback=QiskitO1
job=dj_indep_qiskit_7|ibm_falcon_127 fallback=QiskitO1
job=dj_indep_tket_7|ibm_falcon_127 fallback=QiskitO1
job=graphstate_indep_qiskit_7|ibm_falcon_127 fallback=QiskitO1
job=graphstate_indep_tket_7|ibm_falcon_127 fallback=QiskitO1
job=portfolioqaoa_indep_qiskit_7|ibm_falcon_127 fallback=QiskitO1
job=portfolioqaoa_indep_tket_7|ibm_falcon_127 fallback=QiskitO1
job=portfoliovqe_indep_qiskit_7|ibm_falcon_127 fallback=QiskitO1
job=portfoliovqe_indep_tket_7|ibm_falcon_127 fallback=QiskitO1
job=pricingcall_indep_qiskit_7|ibm_falcon_127 fallback=QiskitO1
job=pricingcall_indep_tket_7|ibm_falcon_127 fallback=QiskitO1
job=pricingput_indep_qiskit_7|ibm_falcon_127 fallback=QiskitO1
job=pricingput_indep_tket_7|ibm_falcon_127 fallback=QiskitO1
job=qaoa_indep_qiskit_7|ibm_falcon_127 fallback=QiskitO1
job=qaoa_indep_tket_7|ibm_falcon_127 fallback=QiskitO1
job=qft_indep_qiskit_7|ibm_falcon_127 fallback=QiskitO1
job=qft_indep_tket_7|ibm_falcon_127 fallback=QiskitO1
job=qftentangled_indep_qiskit_7|ibm_falcon_127 fallback=QiskitO1
job=qftentangled_indep_tket_7|ibm_falcon_127 fallback=QiskitO1
job=qnn_indep_qiskit_7|ibm_falcon_127 fallback=QiskitO1
job=qnn_indep_tket_7|ibm_falcon_127 fallback=QiskitO1
job=qpeexact_indep_qiskit_7|ibm_falcon_127 fallback=QiskitO1
job=qpeexact_indep_tket_7|ibm_falcon_127 fallback=QiskitO1
job=qpeinexact_indep_qiskit_7|ibm_falcon_127 fallback=QiskitO1
job=qpeinexact_indep_tket_7|ibm_falcon_127 fallback=QiskitO1
job=random_indep_qiskit_7|ibm_falcon_127 fallback=QiskitO1
job=random_indep_tket_7|ibm_falcon_127 fallback=QiskitO1
job=realamprandom_indep_qiskit_7|ibm_falcon_127 fallback=QiskitO1
job=realamprandom_indep_tket_7|ibm_falcon_127 fallback=QiskitO1
job=su2random_indep_qiskit_7|ibm_falcon_127 fallback=QiskitO1
job=su2random_indep_tket_7|ibm_falcon_127 fallback=QiskitO1
job=twolocalrandom_indep_qiskit_7|ibm_falcon_127 fallback=QiskitO1
job=twolocalrandom_indep_tket_7|ibm_falcon_127 fallback=QiskitO1
job=vqe_indep_qiskit_7|ibm_falcon_127 fallback=QiskitO1
job=vqe_indep_tket_7|ibm_falcon_127 fallback=QiskitO1
job=wstate_indep_qiskit_7|ibm_falcon_127 fallback=QiskitO1
job=wstate_indep_tket_7|ibm_falcon_127 fallback=QiskitO1
job=ae_indep_qiskit_8|ibm_falcon_127 fallback=QiskitO1
job=ae_indep_tket_8|ibm_falcon_127 fallback=QiskitO1
job=dj_indep_qiskit_8|ibm_falcon_127 fallback=QiskitO1
job=dj_indep_tket_8|ibm_falcon_127 fallback=QiskitO1
job=graphstate_indep_qiskit_8|ibm_falcon_127 fallback=QiskitO1
job=graphstate_indep_tket_8|ibm_falcon_127 fallback=QiskitO1
job=portfoliovqe_indep_qiskit_8|ibm_falcon_127 fallback=QiskitO1
job=portfoliovqe_indep_tket_8|ibm_falcon_127 fallback=QiskitO1
job=qaoa_indep_qiskit_8|ibm_falcon_127 fallback=QiskitO1
job=qaoa_indep_tket_8|ibm_falcon_127 fallback=QiskitO1
job=qft_indep_qiskit_8|ibm_falcon_127 fallback=QiskitO1
job=qft_indep_tket_8|ibm_falcon_127 fallback=QiskitO1
job=qftentangled_indep_qiskit_8|ibm_falcon_127 fallback=QiskitO1
job=qftentangled_indep_tket_8|ibm_falcon_127 fallback=QiskitO1
job=qpeexact_indep_qiskit_8|ibm_falcon_127 fallback=QiskitO1
job=qpeexact_indep_tket_8|ibm_falcon_127 fallback=QiskitO1
job=qpeinexact_indep_qiskit_8|ibm_falcon_127 fallback=QiskitO1
job=qpeinexact_indep_tket_8|ibm_falcon_127 fallback=QiskitO1
job=random_indep_qiskit_8|ibm_falcon_127 fallback=QiskitO1
job=random_indep_tket_8|ibm_falcon_127 fallback=QiskitO1
job=realamprandom_indep_qiskit_8|ibm_falcon_127 fallback=QiskitO1
job=realamprandom_indep_tket_8|ibm_falcon_127 fallback=QiskitO1
job=su2random_indep_qiskit_8|ibm_falcon_127 fallback=QiskitO1
job=su2random_indep_tket_8|ibm_falcon_127 fallback=QiskitO1
job=twolocalrandom_indep_qiskit_8|ibm_falcon_127 fallback=QiskitO1
job=twolocalrandom_indep_tket_8|ibm_falcon_127 fallback=QiskitO1
job=vqe_indep_qiskit_8|ibm_falcon_127 fallback=QiskitO1
job=vqe_indep_tket_8|ibm_falcon_127 fallback=QiskitO1
job=wstate_indep_qiskit_8|ibm_falcon_127 fallback=QiskitO1
job=wstate_indep_tket_8|ibm_falcon_127 fallback=QiskitO1
job=ae_indep_qiskit_9|ibm_falcon_127 fallback=QiskitO1
job=ae_indep_tket_9|ibm_falcon_127 fallback=QiskitO1
job=dj_indep_qiskit_9|ibm_falcon_127 fallback=QiskitO1
job=dj_indep_tket_9|ibm_falcon_127 fallback=QiskitO1
job=graphstate_indep_qiskit_9|ibm_falcon_127 fallback=QiskitO1
job=graphstate_indep_tket_9|ibm_falcon_127 fallback=QiskitO1
job=portfoliovqe_indep_qiskit_9|ibm_falcon_127 fallback=QiskitO1
job=portfoliovqe_indep_tket_9|ibm_falcon_127 fallback=QiskitO1
job=pricingcall_indep_qiskit_9|ibm_falcon_127 fallback=QiskitO1
job=pricingcall_indep_tket_9|ibm_falcon_127 fallback=QiskitO1
job=pricingput_indep_qiskit_9|ibm_falcon_127 fallback=QiskitO1
job=pricingput_indep_tket_9|ibm_falcon_127 fallback=QiskitO1
job=qaoa_indep_qiskit_9|ibm_falcon_127 fallback=QiskitO1
job=qaoa_indep_tket_9|ibm_falcon_127 fallback=QiskitO1
job=qft_indep_qiskit_9|ibm_falcon_127 fallback=QiskitO1
job=qft_indep_tket_9|ibm_falcon_127 fallback=QiskitO1
job=qftentangled_indep_qiskit_9|ibm_falcon_127 fallback=QiskitO1
job=qftentangled_indep_tket_9|ibm_falcon_127 fallback=QiskitO1
job=qpeexact_indep_qiskit_9|ibm_falcon_127 fallback=QiskitO1
job=qpeexact_indep_tket_9|ibm_falcon_127 fallback=QiskitO1
job=qpeinexact_indep_qiskit_9|ibm_falcon_127 fallback=QiskitO1
job=qpeinexact_indep_tket_9|ibm_falcon_127 fallback=QiskitO1
job=realamprandom_indep_qiskit_9|ibm_falcon_127 fallback=QiskitO1
job=realamprandom_indep_tket_9|ibm_falcon_127 fallback=QiskitO1
job=su2random_indep_qiskit_9|ibm_falcon_127 fallback=QiskitO1
job=su2random_indep_tket_9|ibm_falcon_127 fallback=QiskitO1
job=tsp_indep_qiskit_9|ibm_falcon_127 fallback=QiskitO1
job=tsp_indep_tket_9|ibm_falcon_127 fallback=QiskitO1
job=twolocalrandom_indep_qiskit_9|ibm_falcon_127 fallback=QiskitO1
job=twolocalrandom_indep_tket_9|ibm_falcon_127 fallback=QiskitO1
job=vqe_indep_qiskit_9|ibm_falcon_127 fallback=QiskitO1
job=wstate_indep_qiskit_9|ibm_falcon_127 fallback=QiskitO1
job=wstate_indep_tket_9|ibm_falcon_127 fallback=QiskitO1
job=ae_indep_qiskit_10|ibm_falcon_127 fallback=QiskitO1
job=ae_indep_tket_10|ibm_falcon_127 fallback=QiskitO1
job=dj_indep_qiskit_10|ibm_falcon_127 fallback=QiskitO1
job=dj_indep_tket_10|ibm_falcon_127 fallback=QiskitO1
job=graphstate_indep_qiskit_10|ibm_falcon_127 fallback=QiskitO1
job=graphstate_indep_tket_10|ibm_falcon_127 fallback=QiskitO1
job=portfoliovqe_indep_qiskit_10|ibm_falcon_127 fallback=QiskitO1
job=portfoliovqe_indep_tket_10|ibm_falcon_127 fallback=QiskitO1
job=qaoa_indep_qiskit_10|ibm_falcon_127 fallback=QiskitO1
job=qaoa_indep_tket_10|ibm_falcon_127 fallback=QiskitO1
job=qft_indep_qiskit_10|ibm_falcon_127 fallback=QiskitO1
job=qft_indep_tket_10|ibm_falcon_127 fallback=QiskitO1
job=qftentangled_indep_qiskit_10|ibm_falcon_127 fallback=QiskitO1
job=qftentangled_indep_tket_10|ibm_falcon_127 fallback=QiskitO1
job=qpeexact_indep_qiskit_10|ibm_falcon_127 fallback=QiskitO1
job=qpeexact_indep_tket_10|ibm_falcon_127 fallback=QiskitO1
job=qpeinexact_indep_qiskit_10|ibm_falcon_127 fallback=QiskitO1
job=qpeinexact_indep_tket_10|ibm_falcon_127 fallback=QiskitO1
job=realamprandom_indep_qiskit_10|ibm_falcon_127 fallback=QiskitO1
job=realamprandom_indep_tket_10|ibm_falcon_127 fallback=QiskitO1
job=twolocalrandom_indep_qiskit_10|ibm_falcon_127 fallback=QiskitO1
job=twolocalrandom_indep_tket_10|ibm_falcon_127 fallback=QiskitO1
job=vqe_indep_qiskit_10|ibm_falcon_127 fallback=QiskitO1
job=vqe_indep_tket_10|ibm_falcon_127 fallback=QiskitO1
job=wstate_indep_qiskit_10|ibm_falcon_127 fallback=QiskitO1
job=wstate_indep_tket_10|ibm_falcon_127 fallback=QiskitO1
job=ae_indep_qiskit_11|ibm_falcon_127 fallback=QiskitO1
job=ae_indep_tket_11|ibm_falcon_127 fallback=QiskitO1
job=dj_indep_qiskit_11|ibm_falcon_127 fallback=QiskitO1
job=dj_indep_tket_11|ibm_falcon_127 fallback=QiskitO1
job=graphstate_indep_qiskit_11|ibm_falcon_127 fallback=QiskitO1
job=graphstate_indep_tket_11|ibm_falcon_127 fallback=QiskitO1
job=portfoliovqe_indep_qiskit_11|ibm_falcon_127 fallback=QiskitO1
job=portfoliovqe_indep_tket_11|ibm_falcon_127 fallback=QiskitO1
job=pricingcall_indep_qiskit_11|ibm_falcon_127 fallback=QiskitO1
job=pricingput_indep_qiskit_11|ibm_falcon_127 fallback=QiskitO1
job=qaoa_indep_qiskit_11|ibm_falcon_127 fallback=QiskitO1
job=qaoa_indep_tket_11|ibm_falcon_127 fallback=QiskitO1
job=qft_indep_qiskit_11|ibm_falcon_127 fallback=QiskitO1
job=qft_indep_tket_11|ibm_falcon_127 fallback=QiskitO1
job=qftentangled_indep_qiskit_11|ibm_falcon_127 fallback=QiskitO1
job=qftentangled_indep_tket_11|ibm_falcon_127 fallback=QiskitO1
job=qpeexact_indep_qiskit_11|ibm_falcon_127 fallback=QiskitO1
job=qpeexact_indep_tket_11|ibm_falcon_127 fallback=QiskitO1
job=qpeinexact_indep_qiskit_11|ibm_falcon_127 fallback=QiskitO1
job=qpeinexact_indep_tket_11|ibm_falcon_127 fallback=QiskitO1
job=realamprandom_indep_qiskit_11|ibm_falcon_127 fallback=QiskitO1
job=realamprandom_indep_tket_11|ibm_falcon_127 fallback=QiskitO1
job=twolocalrandom_indep_qiskit_11|ibm_falcon_127 fallback=QiskitO1
job=twolocalrandom_indep_tket_11|ibm_falcon_127 fallback=QiskitO1
job=vqe_indep_qiskit_11|ibm_falcon_127 fallback=QiskitO1
job=vqe_indep_tket_11|ibm_falcon_127 fallback=QiskitO1
job=wstate_indep_qiskit_11|ibm_falcon_127 fallback=QiskitO1
job=wstate_indep_tket_11|ibm_falcon_127 fallback=QiskitO1
job=ae_indep_qiskit_12|ibm_falcon_127 fallback=QiskitO1
job=ae_indep_tket_12|ibm_falcon_127 fallback=QiskitO1
job=dj_indep_qiskit_12|ibm_falcon_127 fallback=QiskitO1
job=dj_indep_tket_12|ibm_falcon_127 fallback=QiskitO1
job=graphstate_indep_qiskit_12|ibm_falcon_127 fallback=QiskitO1
job=graphstate_indep_tket_12|ibm_falcon_127 fallback=QiskitO1
job=groundstate_medium_indep_qiskit_12|ibm_falcon_127 fallback=QiskitO1
job=groundstate_medium_indep_tket_12|ibm_falcon_127 fallback=QiskitO1
job=qaoa_indep_qiskit_12|ibm_falcon_127 fallback=QiskitO1
job=qaoa_indep_tket_12|ibm_falcon_127 fallback=QiskitO1
job=qft_indep_qiskit_12|ibm_falcon_127 fallback=QiskitO1
job=qft_indep_tket_12|ibm_falcon_127 fallback=QiskitO1
job=qftentangled_indep_qiskit_12|ibm_falcon_127 fallback=QiskitO1
job=qftentangled_indep_tket_12|ibm_falcon_127 fallback=QiskitO1
job=qpeexact_indep_qiskit_12|ibm_falcon_127 fallback=QiskitO1
job=qpeexact_indep_tket_12|ibm_falcon_127 fallback=QiskitO1
job=qpeinexact_indep_qiskit_12|ibm_falcon_127 fallback=QiskitO1
job=qpeinexact_indep_tket_12|ibm_falcon_127 fallback=QiskitO1
job=routing_indep_qiskit_12|ibm_falcon_127 fallback=QiskitO1
job=routing_indep_tket_12|ibm_falcon_127 fallback=QiskitO1
job=vqe_indep_qiskit_12|ibm_falcon_127 fallback=QiskitO1
job=vqe_indep_tket_12|ibm_falcon_127 fallback=QiskitO1
job=wstate_indep_qiskit_12|ibm_falcon_127 fallback=QiskitO1
job=wstate_indep_tket_12|ibm_falcon_127 fallback=QiskitO1
job=ae_indep_qiskit_13|ibm_falcon_127 fallback=QiskitO1
job=dj_indep_qiskit_13|ibm_falcon_127 fallback=QiskitO1
job=dj_indep_tket_13|ibm_falcon_127 fallback=QiskitO1
job=graphstate_indep_qiskit_13|ibm_falcon_127 fallback=QiskitO1
job=graphstate_indep_tket_13|ibm_falcon_127 fallback=QiskitO1
job=qaoa_indep_qiskit_13|ibm_falcon_127 fallback=QiskitO1
job=qaoa_indep_tket_13|ibm_falcon_127 fallback=QiskitO1
job=qft_indep_qiskit_13|ibm_falcon_127 fallback=QiskitO1
job=qft_indep_tket_13|ibm_falcon_127 fallback=QiskitO1
job=qftentangled_indep_qiskit_13|ibm_falcon_127 fallback=QiskitO1
job=qftentangled_indep_tket_13|ibm_falcon_127 fallback=QiskitO1
job=qpeexact_indep_qiskit_13|ibm_falcon_127 fallback=QiskitO1
job=qpeexact_indep_tket_13|ibm_falcon_127 fallback=QiskitO1
job=qpeinexact_indep_qiskit_13|ibm_falcon_127 fallback=QiskitO1
job=qpeinexact_indep_tket_13|ibm_falcon_127 fallback=QiskitO1
job=vqe_indep_qiskit_13|ibm_falcon_127 fallback=QiskitO1
job=vqe_indep_tket_13|ibm_falcon_127 fallback=QiskitO1
job=wstate_indep_qiskit_13|ibm_falcon_127 fallback=QiskitO1
job=wstate_indep_tket_13|ibm_falcon_127 fallback=QiskitO1
job=dj_indep_qiskit_14|ibm_falcon_127 fallback=QiskitO1
job=dj_indep_tket_14|ibm_falcon_127 fallback=QiskitO1
job=graphstate_indep_qiskit_14|ibm_falcon_127 fallback=QiskitO1
job=graphstate_indep_tket_14|ibm_falcon_127 fallback=QiskitO1
job=qaoa_indep_qiskit_14|ibm_falcon_127 fallback=QiskitO1
job=qaoa_indep_tket_14|ibm_falcon_127 fallback=QiskitO1
job=qft_indep_qiskit_14|ibm_falcon_127 fallback=QiskitO1
job=qft_indep_tket_14|ibm_falcon_127 fallback=QiskitO1
job=qftentangled_indep_qiskit_14|ibm_falcon_127 fallback=QiskitO1
job=qftentangled_indep_tket_14|ibm_falcon_127 fallback=QiskitO1
job=qpeexact_indep_qiskit_14|ibm_falcon_127 fallback=QiskitO1
job=qpeexact_indep_tket_14|ibm_falcon_127 fallback=QiskitO1
job=qpeinexact_indep_qiskit_14|ibm_falcon_127 fallback=QiskitO1
job=qpeinexact_indep_tket_14|ibm_falcon_127 fallback=QiskitO1
job=vqe_indep_qiskit_14|ibm_falcon_127 fallback=QiskitO1
job=vqe_indep_tket_14|ibm_falcon_127 fallback=QiskitO1
job=wstate_indep_qiskit_14|ibm_falcon_127 fallback=QiskitO1
job=wstate_indep_tket_14|ibm_falcon_127 fallback=QiskitO1
job=dj_indep_qiskit_15|ibm_falcon_127 fallback=QiskitO1
job=dj_indep_tket_15|ibm_falcon_127 fallback=QiskitO1
job=graphstate_indep_qiskit_15|ibm_falcon_127 fallback=QiskitO1
job=graphstate_indep_tket_15|ibm_falcon_127 fallback=QiskitO1
job=qft_indep_qiskit_15|ibm_falcon_127 fallback=QiskitO1
job=qftentangled_indep_qiskit_15|ibm_falcon_127 fallback=QiskitO1
job=qpeexact_indep_qiskit_15|ibm_falcon_127 fallback=QiskitO1
job=qpeexact_indep_tket_15|ibm_falcon_127 fallback=QiskitO1
job=qpeinexact_indep_qiskit_15|ibm_falcon_127 fallback=QiskitO1
job=qpeinexact_indep_tket_15|ibm_falcon_127 fallback=QiskitO1
job=vqe_indep_qiskit_15|ibm_falcon_127 fallback=QiskitO1
job=vqe_indep_tket_15|ibm_falcon_127 fallback=QiskitO1
job=wstate_indep_qiskit_15|ibm_falcon_127 fallback=QiskitO1
job=wstate_indep_tket_15|ibm_falcon_127 fallback=QiskitO1
job=dj_indep_qiskit_16|ibm_falcon_127 fallback=QiskitO1
job=dj_indep_tket_16|ibm_falcon_127 fallback=QiskitO1
job=graphstate_indep_qiskit_16|ibm_falcon_127 fallback=QiskitO1
job=graphstate_indep_tket_16|ibm_falcon_127 fallback=QiskitO1
job=qft_indep_qiskit_16|ibm_falcon_127 fallback=QiskitO1
job=qftentangled_indep_qiskit_16|ibm_falcon_127 fallback=QiskitO1
job=qpeexact_indep_qiskit_16|ibm_falcon_127 fallback=QiskitO1
job=qpeinexact_indep_qiskit_16|ibm_falcon_127 fallback=QiskitO1
job=vqe_indep_qiskit_16|ibm_falcon_127 fallback=QiskitO1
job=vqe_indep_tket_16|ibm_falcon_127 fallback=QiskitO1
job=wstate_indep_qiskit_16|ibm_falcon_127 fallback=QiskitO1
job=wstate_indep_tket_16|ibm_falcon_127 fallback=QiskitO1
job=dj_indep_qiskit_17|ibm_falcon_127 fallback=QiskitO1
job=dj_indep_tket_17|ibm_falcon_127 fallback=QiskitO1
job=graphstate_indep_qiskit_17|ibm_falcon_127 fallback=QiskitO1
job=graphstate_indep_tket_17|ibm_falcon_127 fallback=QiskitO1
job=qft_indep_qiskit_17|ibm_falcon_127 fallback=QiskitO1
job=wstate_indep_qiskit_17|ibm_falcon_127 fallback=QiskitO1
job=wstate_indep_tket_17|ibm_falcon_127 fallback=QiskitO1
job=dj_indep_qiskit_18|ibm_falcon_127 fallback=QiskitO1
job=dj_indep_tket_18|ibm_falcon_127 fallback=QiskitO1
job=graphstate_indep_qiskit_18|ibm_falcon_127 fallback=QiskitO1
job=graphstate_indep_tket_18|ibm_falcon_127 fallback=QiskitO1
job=wstate_indep_qiskit_18|ibm_falcon_127 fallback=QiskitO1
job=wstate_indep_tket_18|ibm_falcon_127 fallback=QiskitO1
job=dj_indep_qiskit_19|ibm_falcon_127 fallback=QiskitO1
job=dj_indep_tket_19|ibm_falcon_127 fallback=QiskitO1
job=graphstate_indep_qiskit_19|ibm_falcon_127 fallback=QiskitO1
job=graphstate_indep_tket_19|ibm_falcon_127 fallback=QiskitO1
job=wstate_indep_qiskit_19|ibm_falcon_127 fallback=QiskitO1
job=wstate_indep_tket_19|ibm_falcon_127 fallback=QiskitO1
job=dj_indep_qiskit_20|ibm_falcon_127 fallback=QiskitO1
job=dj_indep_tket_20|ibm_falcon_127 fallback=QiskitO1
job=graphstate_indep_qiskit_20|ibm_falcon_127 fallback=QiskitO1
job=graphstate_indep_tket_20|ibm_falcon_127 fallback=QiskitO1
job=wstate_indep_qiskit_20|ibm_falcon_127 fallback=QiskitO1
job=wstate_indep_tket_20|ibm_falcon_127 fallback=QiskitO1
job=dj_indep_qiskit_21|ibm_falcon_127 fallback=QiskitO1
job=dj_indep_tket_21|ibm_falcon_127 fallback=QiskitO1
job=graphstate_indep_qiskit_21|ibm_falcon_127 fallback=QiskitO1
job=graphstate_indep_tket_21|ibm_falcon_127 fallback=QiskitO1
job=wstate_indep_qiskit_21|ibm_falcon_127 fallback=QiskitO1
job=wstate_indep_tket_21|ibm_falcon_127 fallback=QiskitO1
job=dj_indep_qiskit_22|ibm_falcon_127 fallback=QiskitO1
job=dj_indep_tket_22|ibm_falcon_127 fallback=QiskitO1
job=graphstate_indep_qiskit_22|ibm_falcon_127 fallback=QiskitO1
job=graphstate_indep_tket_22|ibm_falcon_127 fallback=QiskitO1
job=wstate_indep_qiskit_22|ibm_falcon_127 fallback=QiskitO1
job=wstate_indep_tket_22|ibm_falcon_127 fallback=QiskitO1
job=dj_indep_qiskit_23|ibm_falcon_127 fallback=QiskitO1
job=dj_indep_tket_23|ibm_falcon_127 fallback=QiskitO1
job=graphstate_indep_qiskit_23|ibm_falcon_127 fallback=QiskitO1
job=graphstate_indep_tket_23|ibm_falcon_127 fallback=QiskitO1
job=wstate_indep_qiskit_23|ibm_falcon_127 fallback=QiskitO1
job=wstate_indep_tket_23|ibm_falcon_127 fallback=QiskitO1
job=dj_indep_qiskit_24|ibm_falcon_127 fallback=QiskitO1
job=dj_indep_tket_24|ibm_falcon_127 fallback=QiskitO1
job=graphstate_indep_qiskit_24|ibm_falcon_127 fallback=QiskitO1
job=graphstate_indep_tket_24|ibm_falcon_127 fallback=QiskitO1
job=wstate_indep_qiskit_24|ibm_falcon_127 fallback=QiskitO1
job=wstate_indep_tket_24|ibm_falcon_127 fallback=QiskitO1
job=dj_indep_qiskit_25|ibm_falcon_127 fallback=QiskitO1
job=dj_indep_tket_25|ibm_falcon_127 fallback=QiskitO1
job=graphstate_indep_qiskit_25|ibm_falcon_127 fallback=QiskitO1
job=graphstate_indep_tket_25|ibm_falcon_127 fallback=QiskitO1
job=wstate_indep_qiskit_25|ibm_falcon_127 fallback=QiskitO1
job=wstate_indep_tket_25|ibm_falcon_127 fallback=QiskitO1
job=dj_indep_qiskit_26|ibm_falcon_127 fallback=QiskitO1
job=dj_indep_tket_26|ibm_falcon_127 fallback=QiskitO1
job=graphstate_indep_qiskit_26|ibm_falcon_127 fallback=QiskitO1
job=graphstate_indep_tket_26|ibm_falcon_127 fallback=QiskitO1
job=wstate_indep_qiskit_26|ibm_falcon_127 fallback=QiskitO1
job=wstate_indep_tket_26|ibm_falcon_127 fallback=QiskitO1
job=dj_indep_qiskit_27|ibm_falcon_127 fallback=QiskitO1
job=dj_indep_tket_27|ibm_falcon_127 fallback=QiskitO1
job=graphstate_indep_qiskit_27|ibm_falcon_127 fallback=QiskitO1
job=graphstate_indep_tket_27|ibm_falcon_127 fallback=QiskitO1
job=wstate_indep_qiskit_27|ibm_falcon_127 fallback=QiskitO1
job=wstate_indep_tket_27|ibm_falcon_127 fallback=QiskitO1
job=dj_indep_qiskit_28|ibm_falcon_127 fallback=QiskitO1
job=dj_indep_tket_28|ibm_falcon_127 fallback=QiskitO1
job=graphstate_indep_qiskit_28|ibm_falcon_127 fallback=QiskitO1
job=graphstate_indep_tket_28|ibm_falcon_127 fallback=QiskitO1
job=wstate_indep_qiskit_28|ibm_falcon_127 fallback=QiskitO1
job=wstate_indep_tket_28|ibm_falcon_127 fallback=QiskitO1
job=dj_indep_qiskit_29|ibm_falcon_127 fallback=QiskitO1
job=dj_indep_tket_29|ibm_falcon_127 fallback=QiskitO1
job=graphstate_indep_qiskit_29|ibm_falcon_127 fallback=QiskitO1
job=graphstate_indep_tket_29|ibm_falcon_127 fallback=QiskitO1
job=wstate_indep_qiskit_29|ibm_falcon_127 fallback=QiskitO1
job=wstate_indep_tket_29|ibm_falcon_127 fallback=QiskitO1
job=ae_indep_qiskit_30|ibm_falcon_127 fallback=QiskitO1
job=ae_indep_tket_30|ibm_falcon_127 fallback=QiskitO1
job=dj_indep_qiskit_30|ibm_falcon_127 fallback=QiskitO1
job=dj_indep_tket_30|ibm_falcon_127 fallback=QiskitO1
job=graphstate_indep_qiskit_30|ibm_falcon_127 fallback=QiskitO1
job=graphstate_indep_tket_30|ibm_falcon_127 fallback=QiskitO1
job=qft_indep_qiskit_30|ibm_falcon_127 fallback=QiskitO1
job=qft_indep_tket_30|ibm_falcon_127 fallback=QiskitO1
job=qftentangled_indep_qiskit_30|ibm_falcon_127 fallback=QiskitO1
job=qftentangled_indep_tket_30|ibm_falcon_127 fallback=QiskitO1
job=qnn_indep_qiskit_30|ibm_falcon_127 fallback=QiskitO1
job=qnn_indep_tket_30|ibm_falcon_127 fallback=QiskitO1
job=qpeexact_indep_qiskit_30|ibm_falcon_127 fallback=QiskitO1
job=qpeexact_indep_tket_30|ibm_falcon_127 fallback=QiskitO1
job=qpeinexact_indep_qiskit_30|ibm_falcon_127 fallback=QiskitO1
job=qpeinexact_indep_tket_30|ibm_falcon_127 fallback=QiskitO1
job=random_indep_qiskit_30|ibm_falcon_127 fallback=QiskitO1
job=random_indep_tket_30|ibm_falcon_127 fallback=QiskitO1
job=realamprandom_indep_qiskit_30|ibm_falcon_127 fallback=QiskitO1
job=realamprandom_indep_tket_30|ibm_falcon_127 fallback=QiskitO1
job=su2random_indep_qiskit_30|ibm_falcon_127 fallback=QiskitO1
job=su2random_indep_tket_30|ibm_falcon_127 fallback=QiskitO1
job=twolocalrandom_indep_qiskit_30|ibm_falcon_127 fallback=QiskitO1
job=twolocalrandom_indep_tket_30|ibm_falcon_127 fallback=QiskitO1
job=wstate_indep_qiskit_30|ibm_falcon_127 fallback=QiskitO1
job=wstate_indep_tket_30|ibm_falcon_127 fallback=QiskitO1
job=ae_indep_qiskit_40|ibm_falcon_127 fallback=QiskitO1
job=ae_indep_tket_40|ibm_falcon_127 fallback=QiskitO1
job=dj_indep_qiskit_40|ibm_falcon_127 fallback=QiskitO1
job=dj_indep_tket_40|ibm_falcon_127 fallback=QiskitO1
job=graphstate_indep_qiskit_40|ibm_falcon_127 fallback=QiskitO1
job=graphstate_indep_tket_40|ibm_falcon_127 fallback=QiskitO1
job=qft_indep_qiskit_40|ibm_falcon_127 fallback=QiskitO1
job=qft_indep_tket_40|ibm_falcon_127 fallback=QiskitO1
job=qftentangled_indep_qiskit_40|ibm_falcon_127 fallback=QiskitO1
job=qftentangled_indep_tket_40|ibm_falcon_127 fallback=QiskitO1
job=qpeexact_indep_qiskit_40|ibm_falcon_127 fallback=QiskitO1
job=qpeexact_indep_tket_40|ibm_falcon_127 fallback=QiskitO1
job=qpeinexact_indep_qiskit_40|ibm_falcon_127 fallback=QiskitO1
job=qpeinexact_indep_tket_40|ibm_falcon_127 fallback=QiskitO1
job=realamprandom_indep_qiskit_40|ibm_falcon_127 fallback=QiskitO1
job=realamprandom_indep_tket_40|ibm_falcon_127 fallback=QiskitO1
job=su2random_indep_qiskit_40|ibm_falcon_127 fallback=QiskitO1
job=su2random_indep_tket_40|ibm_falcon_127 fallback=QiskitO1
job=twolocalrandom_indep_qiskit_40|ibm_falcon_127 fallback=QiskitO1
job=twolocalrandom_indep_tket_40|ibm_falcon_127 fallback=QiskitO1
job=wstate_indep_qiskit_40|ibm_falcon_127 fallback=QiskitO1
job=wstate_indep_tket_40|ibm_falcon_127 fallback=QiskitO1
job=ae_indep_qiskit_50|ibm_falcon_127 fallback=QiskitO1
job=ae_indep_tket_50|ibm_falcon_127 fallback=QiskitO1
job=dj_indep_qiskit_50|ibm_falcon_127 fallback=QiskitO1
job=dj_indep_tket_50|ibm_falcon_127 fallback=QiskitO1
job=graphstate_indep_qiskit_50|ibm_falcon_127 fallback=QiskitO1
job=graphstate_indep_tket_50|ibm_falcon_127 fallback=QiskitO1
job=qft_indep_qiskit_50|ibm_falcon_127 fallback=QiskitO1
job=qft_indep_tket_50|ibm_falcon_127 fallback=QiskitO1
job=qftentangled_indep_qiskit_50|ibm_falcon_127 fallback=QiskitO1
job=qftentangled_indep_tket_50|ibm_falcon_127 fallback=QiskitO1
job=qpeexact_indep_qiskit_50|ibm_falcon_127 fallback=QiskitO1
job=qpeexact_indep_tket_50|ibm_falcon_127 fallback=QiskitO1
job=qpeinexact_indep_qiskit_50|ibm_falcon_127 fallback=QiskitO1
job=qpeinexact_indep_tket_50|ibm_falcon_127 fallback=QiskitO1
job=realamprandom_indep_qiskit_50|ibm_falcon_127 fallback=QiskitO1
job=realamprandom_indep_tket_50|ibm_falcon_127 fallback=QiskitO1
job=su2random_indep_qiskit_50|ibm_falcon_127 fallback=QiskitO1
job=su2random_indep_tket_50|ibm_falcon_127 fallback=QiskitO1
job=twolocalrandom_indep_qiskit_50|ibm_falcon_127 fallback=QiskitO1
job=twolocalrandom_indep_tket_50|ibm_falcon_127 fallback=QiskitO1
job=wstate_indep_qiskit_50|ibm_falcon_127 fallback=QiskitO1
job=wstate_indep_tket_50|ibm_falcon_127 fallback=QiskitO1
job=ae_indep_qiskit_60|ibm_falcon_127 fallback=QiskitO1
job=dj_indep_qiskit_60|ibm_falcon_127 fallback=QiskitO1
job=dj_indep_tket_60|ibm_falcon_127 fallback=QiskitO1
job=graphstate_indep_qiskit_60|ibm_falcon_127 fallback=QiskitO1
job=graphstate_indep_tket_60|ibm_falcon_127 fallback=QiskitO1
job=qft_indep_qiskit_60|ibm_falcon_127 fallback=QiskitO1
job=qft_indep_tket_60|ibm_falcon_127 fallback=QiskitO1
job=qftentangled_indep_qiskit_60|ibm_falcon_127 fallback=QiskitO1
job=qpeexact_indep_qiskit_60|ibm_falcon_127 fallback=QiskitO1
job=qpeexact_indep_tket_60|ibm_falcon_127 fallback=QiskitO1
job=qpeinexact_indep_qiskit_60|ibm_falcon_127 fallback=QiskitO1
job=qpeinexact_indep_tket_60|ibm_falcon_127 fallback=QiskitO1
job=wstate_indep_qiskit_60|ibm_falcon_127 fallback=QiskitO1
job=wstate_indep_tket_60|ibm_falcon_127 fallback=QiskitO1
job=dj_indep_qiskit_70|ibm_falcon_127 fallback=QiskitO1
job=dj_indep_tket_70|ibm_falcon_127 fallback=QiskitO1
job=graphstate_indep_qiskit_70|ibm_falcon_127 fallback=QiskitO1
job=graphstate_indep_tket_70|ibm_falcon_127 fallback=QiskitO1
job=qft_indep_qiskit_70|ibm_falcon_127 fallback=QiskitO1
job=qftentangled_indep_qiskit_70|ibm_falcon_127 fallback=QiskitO1
job=qpeexact_indep_qiskit_70|ibm_falcon_127 fallback=QiskitO1
job=qpeinexact_indep_qiskit_70|ibm_falcon_127 fallback=QiskitO1
job=wstate_indep_qiskit_70|ibm_falcon_127 fallback=QiskitO1
job=wstate_indep_tket_70|ibm_falcon_127 fallback=QiskitO1
job=dj_indep_qiskit_80|ibm_falcon_127 fallback=QiskitO1
job=dj_indep_tket_80|ibm_falcon_127 fallback=QiskitO1
job=graphstate_indep_qiskit_80|ibm_falcon_127 fallback=QiskitO1
job=graphstate_indep_tket_80|ibm_falcon_127 fallback=QiskitO1
job=wstate_indep_qiskit_80|ibm_falcon_127 fallback=QiskitO1
job=wstate_indep_tket_80|ibm_falcon_127 fallback=QiskitO1
job=dj_indep_qiskit_90|ibm_falcon_127 fallback=QiskitO1
job=dj_indep_tket_90|ibm_falcon_127 fallback=QiskitO1
job=graphstate_indep_qiskit_90|ibm_falcon_127 fallback=QiskitO1
job=graphstate_indep_tket_90|ibm_falcon_127 fallback=QiskitO1
job=wstate_indep_qiskit_90|ibm_falcon_127 fallback=QiskitO1
job=wstate_indep_tket_90|ibm_falcon_127 fallback=QiskitO1
