#{"t_start": 1789501611.0506365, "env_id": "None"}
r,l,t
0.0,64,43.662125
0.0,64,95.702455
0.911392,25,110.590644
0.0,5,181.072121
0.950041,32,197.771677
0.841406,7,202.02473
0.0,23,268.345282
0.0,64,290.792639
0.693176,43,298.499061
0.0,64,323.429192
0.0,64,368.824277
0.796084,46,413.080551
0.658065,41,458.753708
0.897796,20,468.772791
0.93497,60,490.942091
0.390781,7,516.188879
0.0,64,570.007367
0.939199,22,575.912377
0.927553,25,584.751412
0.476729,30,611.884604
0.968407,33,621.778421
0.077741,28,724.130329
0.456287,21,746.998257
0.923371,10,749.564857
0.785022,41,755.609184
0.0,64,840.710245
0.0,64,900.479959
0.890511,29,905.668629
0.0,64,938.221897
0.856982,40,957.127689
0.863764,33,975.237178
0.492903,64,1059.09329
0.295101,20,1122.969579
0.990412,17,1128.81862
0.0,11,1201.923622
0.277631,41,1279.494255
0.962155,23,1296.03407
0.954314,29,1308.861692
0.0,64,1339.201361
0.746956,47,1385.403789
0.955042,14,1390.241035
0.317805,11,1403.416097
0.0,64,1442.319759
0.668226,35,1468.113208
0.803267,23,1471.260905
0.0,3,1532.755521
0.616504,32,1560.312973
0.730085,47,1583.089038
0.892927,39,1590.2184
0.693617,29,1608.96346
0.964231,25,1624.489722
0.955542,11,1629.171942
0.0,46,1799.9267
0.931737,24,1805.028262
0.850891,27,1817.82111
0.84741,13,1830.987156
0.866671,39,1845.926405
0.0,3,1906.684939
0.814256,30,1915.073946
0.356804,29,2415.128784
0.22729,22,2451.286981
0.781227,18,2454.732683
0.805497,8,2462.892225
0.883587,29,2484.499808
0.693453,56,2543.199657
0.997223,24,2548.66657
0.932348,12,2560.149726
0.968596,12,2565.191647
0.554174,3,2577.258368
0.434047,42,2661.719861
0.800679,16,2679.745934
0.985734,32,2692.485838
0.664586,31,2719.171902
0.848477,16,2730.131275
0.569494,19,2730.935297
0.958353,18,2731.32037
0.567971,21,2753.156239
0.874659,18,2776.678479
0.970327,8,2779.352976
0.64397,20,2811.190269
0.880196,29,2820.241793
0.812552,9,2825.289289
0.121728,17,2867.952732
0.859784,17,2876.295205
0.582152,31,2909.219928
0.910026,27,2913.16403
0.771061,12,2920.519511
0.525715,10,2930.27574
0.831086,52,2976.159105
0.715896,13,2983.468171
0.0,5,3092.677094
0.894708,36,3126.958355
0.986644,15,3127.26665
0.554447,14,3147.372637
0.909924,4,3150.307131
0.935558,43,3175.037658
0.969404,12,3175.281105
0.0,8,3292.416279
0.780117,43,3338.928478
0.896375,53,3377.367264
0.545557,14,3387.203825
0.819569,20,3401.67697
0.964521,18,3410.812274
0.913997,20,3418.956997
0.849957,33,3420.697306
0.983985,14,3425.106712
0.974108,13,3427.854882
0.607176,31,3436.602998
0.910744,40,3448.753179
0.359005,58,3530.141103
0.828115,8,3542.52744
0.988452,60,3576.553287
0.771048,20,3602.050731
0.520539,57,3638.980302
0.977601,14,3641.279275
0.947901,15,3643.981147
0.98481,6,3644.098954
0.0,64,3723.730043
0.0,64,3758.980252
0.80982,14,3767.955279
0.11838,40,3858.651747
0.991002,38,3864.984866
0.0,4,3928.042791
0.031059,14,3929.727403
0.764998,27,3937.88293
0.900588,4,3937.970662
0.87638,41,3986.545106
0.017635,22,4000.424592
0.561014,29,4020.807399
0.60616,59,4069.032508
0.531534,23,4080.837052
0.757997,25,4110.55233
0.468847,23,4122.087028
0.681629,31,4149.349469
0.913917,48,4168.071977
0.910104,29,4173.458188
0.958369,8,4178.357654
0.883861,27,4186.846953
0.871854,30,4207.24864
0.0,12,4321.159977
0.0,25,4432.842457
0.658207,12,4435.85801
0.734295,10,4444.83487
0.0,16,4950.297712
0.904988,29,4968.038297
0.657453,36,4994.437566
0.943531,7,4997.849296
0.999254,14,5000.062306
0.944028,38,5020.521832
0.690572,13,5036.14706
0.871074,14,5054.083595
0.804775,6,5062.480529
0.969279,27,5070.403571
0.608357,21,5074.665525
0.945187,24,5081.968962
0.77955,7,5086.401268
0.680175,11,5093.468377
0.8463,5,5093.608234
0.419351,42,5171.340807
0.955591,17,5184.403954
0.89335,17,5191.448443
0.603805,22,5219.915264
0.995821,22,5230.042782
0.799204,14,5247.069789
0.783923,19,5254.539875
0.686026,6,5257.379128
0.266541,30,5294.701451
0.875951,31,5312.086493
0.90611,9,5315.021987
0.0,14,5381.346635
0.97712,17,5388.616129
0.663969,10,5397.913247
0.607397,22,5414.969738
0.877742,38,5433.396016
0.968689,15,5442.970408
0.990781,38,5453.33291
0.84141,46,5482.473083
0.99275,15,5486.937968
0.901009,39,5505.833056
0.570142,36,5522.416082
0.570709,33,5546.878387
0.975883,19,5549.61581
0.0,26,5612.394561
0.94397,14,5618.380408
0.961122,10,5621.75085
0.972665,26,5631.023201
0.886134,17,5642.74507
0.858451,17,5651.992493
0.201903,25,5697.659545
0.861199,29,5721.369816
0.849577,5,5721.499444
0.874859,21,5746.151672
0.957615,17,5751.645721
0.866927,17,5762.239855
0.961502,9,5768.148705
0.0,12,5770.392646
0.94502,15,5775.083648
0.850822,11,5779.413519
0.816665,20,5793.48066
0.744835,11,5800.030725
0.95488,52,5827.687777
0.985686,39,5837.117648
0.295761,9,5837.479049
0.89268,22,5843.475785
0.848349,8,5850.48443
0.589394,27,5889.169332
0.885089,10,5894.516275
0.527191,20,5904.203527
0.461274,41,5972.467434
0.767375,21,5991.272476
0.998798,6,5991.422511
0.0,25,6131.053802
0.958521,39,6145.907566
0.805823,18,6146.377578
0.939535,6,6149.236203
0.0,17,6376.615773
0.913699,33,6377.63544
0.993339,13,6383.901049
0.935546,6,6389.025707
0.56976,7,6408.55178
0.726487,28,6417.767076
0.880898,18,6427.125712
0.885789,4,6431.827029
0.95026,14,6449.538041
0.19039,12,6472.515918
0.799036,20,6487.221296
0.312725,53,6547.788218
0.466584,13,6555.525132
0.671875,8,6568.932649
0.8713,26,6589.810791
0.000358,16,6591.789685
0.792429,8,6599.265607
0.978819,8,6608.478709
0.960118,10,6608.729241
0.62548,17,6643.573436
0.878067,44,6679.143847
0.990781,20,6691.190225
0.958945,10,6694.150382
0.950824,9,6694.38033
0.704488,18,6705.09304
0.152845,7,6733.42033
0.06239,8,6767.753373
0.929813,19,6768.976201
0.947116,12,6775.8615
0.614579,30,6831.270819
0.333455,22,6855.55571
0.0,64,7329.895985
0.0,1,7390.628855
0.847945,15,7408.039112
0.80521,8,7408.375812
0.937114,11,7408.751004
0.487414,15,7431.740812
0.346618,17,7478.56206
0.829074,29,7510.21679
0.998249,24,7515.999322
0.923127,20,7519.488831
0.921083,20,7529.557449
0.983985,27,7550.783567
0.634187,17,7579.549775
0.787463,34,7585.984946
0.975888,10,7590.870357
0.716332,18,7608.016439
0.989594,9,7610.449145
0.292452,7,7618.427445
0.556776,33,7629.844897
0.762249,12,7648.609859
0.792509,10,7662.199728
0.918441,10,7666.102492
0.778571,20,7677.223795
0.686725,42,7714.503131
0.0,7,7775.58838
0.640044,33,7809.661008
0.789157,16,7818.567294
0.951466,15,7821.070195
0.961586,15,7838.219941
0.73013,18,7847.73587
0.832601,15,7856.362639
0.957466,7,7859.140918
0.71444,29,7887.430841
0.630045,5,7900.735108
0.595947,3,7907.715499
0.0,2,7998.394001
0.515391,37,8025.159504
0.887472,6,8025.355412
0.748006,4,8030.611351
0.663011,6,8031.099056
0.789179,7,8037.620923
4.4e-05,23,8173.508584
0.0,21,8433.762627
0.998849,8,8436.192098
0.0,9,8498.475036
0.994571,5,8505.528328
0.406104,23,8548.141659
0.990781,18,8552.65187
0.933128,26,8557.001121
0.366696,19,8621.14851
0.779008,8,8621.436112
0.86814,7,8628.993251
0.804853,7,8635.437414
0.977971,3,8637.989472
0.0,9,8751.133814
0.842875,14,8764.88672
0.727203,13,8773.142109
0.950636,6,8773.305258
0.955945,28,8779.171981
0.64527,24,8782.980892
0.998381,11,8791.905193
0.0,3,8854.144813
0.89638,15,8856.933829
0.432681,14,8866.200877
0.981347,4,8868.458241
0.0,17,9082.361056
0.931733,16,9090.971411
0.801153,7,9097.981278
0.660035,15,9124.938559
0.538572,10,9136.86684
0.959154,13,9139.600778
0.844275,15,9142.865622
0.758432,12,9151.260172
0.651153,10,9159.594592
0.906461,33,9169.780476
0.254036,18,9170.564235
0.844528,7,9173.98029
0.840644,15,9194.4106
0.0,15,9200.746806
0.614647,14,9206.342176
0.956429,31,9217.944499
0.806967,8,9227.911411
0.0,2,9289.059903
0.901364,41,9308.6198
0.978457,8,9311.245829
0.83496,8,9319.988079
0.715899,23,9328.442584
0.996685,18,9335.271494
0.741203,28,9363.971927
0.749412,15,9376.114451
0.847211,9,9380.929732
0.328209,20,9392.128519
0.950056,8,9395.158298
0.896583,13,9398.011033
0.765414,31,9420.711941
0.939797,7,9424.293197
0.792429,17,9429.708785
0.519032,25,9460.858377
0.998849,18,9469.279903
0.642479,12,9492.005313
0.84925,15,9512.568358
0.941185,8,9514.962276
0.376208,12,9555.960819
0.881173,15,9562.270539
0.0,4,9623.166898
0.658569,14,9623.66711
0.943734,6,9630.034705
0.969708,40,9640.597764
0.973108,28,9662.748939
0.343402,11,9688.416442
2.5e-05,25,9734.745737
0.706902,5,9750.103082
0.880427,13,9757.676768
0.0,5,9834.527729
0.953805,13,9840.541567
0.0,12,9910.268257
0.981347,4,9912.696978
0.455414,24,9947.340702
0.907785,14,9958.988691
0.798985,19,9962.52836
0.970399,11,9965.056397
0.918975,29,9982.329345
0.80138,31,10007.715021
0.932458,23,10018.307443
0.0,2,10079.38307
0.823492,15,10097.360384
0.438366,7,10126.984064
0.590268,12,10127.39681
0.849104,21,10135.525928
0.0,5,10226.308248
0.800706,11,10238.680031
0.889421,4,10245.666682
0.0,12,10343.184044
0.45144,11,10348.276409
0.980458,7,10348.46357
0.72633,20,10938.687741
0.87443,39,10955.363339
0.955588,13,10959.940428
0.505229,9,10976.089197
0.372561,14,11041.550708
0.953883,4,11044.359486
0.712681,13,11053.404473
0.958722,7,11059.430456
0.979001,4,11061.705043
0.809894,15,11062.223408
0.580363,10,11082.135916
0.960524,5,11087.390561
0.961743,15,11094.747619
0.894385,10,11097.435612
0.957297,8,11100.068377
0.964174,5,11102.43421
0.866355,15,11121.38361
0.567724,17,11135.43078
0.725838,11,11142.6544
0.88155,18,11155.368698
0.86279,23,11156.252179
0.315352,5,11181.143545
0.560048,15,11185.342055
0.811859,29,11212.91105
0.960897,26,11217.042586
0.690732,12,11227.024354
0.904732,6,11232.128422
0.614068,25,11242.622499
0.998249,9,11244.895714
0.683178,16,11267.475037
0.497504,6,11268.880584
0.886678,9,11269.194017
0.0,19,11424.005149
0.872061,17,11430.639899
0.998249,9,11434.90307
0.576774,30,11460.943455
0.818368,9,11464.742554
0.890492,28,11470.266617
0.946225,19,11481.865824
0.233295,40,11612.245196
0.92207,9,11614.907187
0.949043,5,11615.063602
0.589077,5,11628.114576
0.95962,15,11631.656837
0.0,11,11638.163783
0.293581,6,11638.588797
0.735633,5,11648.279446
0.792426,8,11648.530274
0.968668,15,11658.600183
0.998249,15,11669.703672
0.681067,13,11670.971872
0.746668,24,11674.762402
0.854426,4,11680.767197
0.674096,17,11719.521504
0.958966,14,11723.048298
0.631085,12,11746.404594
0.887987,9,11746.727978
0.811178,12,11753.861626
0.854051,23,11758.212259
0.989594,9,11760.677261
0.858512,17,11766.058032
0.898606,10,11769.659081
0.0,31,12032.678082
0.624529,6,12043.959457
0.923672,5,12049.686868
0.315352,9,12075.941388
0.0,12,12244.368385
0.902767,15,12256.913123
0.809935,5,12264.556748
0.926421,7,12270.998481
0.421067,26,12338.778918
0.94095,7,12338.957654
0.825956,22,12339.598684
0.656677,11,12355.345648
0.959024,18,12360.645697
0.7438,22,12370.313374
0.937988,19,12377.00427
0.978071,15,12377.405217
0.266191,12,12400.7377
0.970297,6,12400.890422
0.712326,35,12431.940254
0.958608,14,12440.565635
0.960524,5,12443.435252
0.880967,17,12462.345391
0.765446,27,12511.703036
0.959531,8,12515.341747
0.951887,8,12523.382706
0.839855,8,12528.815529
0.668596,8,12541.093899
0.699182,10,12560.307096
0.33508,9,12595.758426
0.778838,5,12595.898077
0.918234,13,12609.779938
0.0,11,12673.395693
0.267101,15,12701.561599
0.811443,13,12706.301265
0.959684,8,12713.053806
0.0,3,12773.705767
0.63016,6,12796.615777
0.880655,23,12829.757444
0.67312,24,12835.957069
0.668092,12,12836.639794
0.570221,7,12856.766033
0.998249,11,12863.149966
0.352862,23,12934.371168
0.638312,11,12962.057146
0.849566,16,12974.443691
0.569353,8,12974.761678
0.773647,9,12984.744946
0.689873,8,12985.074692
0.822164,15,12993.470654
0.887472,8,12993.734174
0.149376,10,13020.745201
0.756718,35,13054.77404
0.513869,10,13072.312223
0.962751,25,13085.127675
0.957153,7,13085.293962
0.961525,16,13092.938406
0.563577,15,13101.294726
0.857585,31,13110.331967
0.865762,27,13136.241529
0.985607,10,13136.49735
0.854426,9,13140.423289
0.914455,6,13145.948937
0.906437,10,13154.946469
0.968312,15,13160.884785
0.802181,12,13174.851942
0.0,1,13235.367241
0.703761,18,13269.632728
0.864588,11,13274.186443
0.672279,8,13274.960963
0.971748,11,13286.913536
0.7969,9,13295.777484
0.984762,4,13298.161874
0.638833,12,13334.619749
0.973884,21,13349.401455
0.630429,25,13385.341536
0.928567,20,13394.784653
0.155829,11,13396.155405
0.0,1,13456.942761
0.612389,9,13457.317165
0.879125,5,13462.237772
0.931415,36,13481.496236
0.974552,12,13486.646552
0.777391,24,13499.202538
0.521887,38,13549.79264
0.748264,10,13553.836642
0.946863,16,13558.923334
0.922091,7,13562.091178
0.87322,9,13566.060898
0.795214,11,14008.09121
0.0,5,14130.611413
0.745368,14,14134.683828
0.907779,14,14151.208255
0.937764,7,14155.280769
0.746963,22,14173.397793
0.898419,6,14179.132586
0.965777,12,14187.700584
0.926421,12,14197.059352
0.839075,24,14207.044832
0.892309,9,14214.302814
0.939482,5,14214.472935
0.914455,5,14219.850821
0.769509,20,14248.07809
0.0,5,14314.792505
0.951559,10,14322.436648
0.663969,3,14333.071482
0.882862,13,14336.58567
0.961882,14,14340.794459
0.904378,5,14340.953187
0.787189,5,14345.729241
0.449267,26,14383.751088
0.748593,7,14388.243191
0.735669,27,14395.944438
0.363814,8,14418.474977
0.990267,17,14427.404574
0.449962,15,14453.778254
0.0,17,14563.692869
0.996685,5,14565.985207
0.202328,17,14593.022682
0.94476,12,14601.800986
0.0,15,14720.985757
0.850962,13,14729.214822
0.989498,4,14733.694926
0.83476,17,14742.572778
0.775311,4,14747.744886
0.595947,3,14754.711027
0.873023,6,14763.911863
0.823116,13,14771.422508
0.782705,14,14785.585286
0.85634,13,14798.789237
0.815359,10,14816.742048
0.381983,21,14857.135466
0.958014,10,14865.342958
0.935884,4,14865.451135
0.720292,8,14865.684875
0.873487,20,14882.36533
0.0,7,15002.713938
0.879373,5,15007.594101
0.840541,25,15024.133274
0.79015,25,15047.771218
0.188773,9,15074.766447
0.787139,7,15080.43237
0.634871,7,15080.82043
0.869039,10,15084.825411
0.691744,5,15091.713583
0.869863,14,15097.088271
0.860973,5,15097.222087
0.731981,14,15097.694697
0.700845,8,15106.025027
0.86928,27,15113.914061
0.0,7,15198.876869
0.766693,6,15203.589236
0.317578,33,15235.93459
0.620942,16,15247.14848
0.69246,33,15270.436974
0.803181,14,15285.372335
0.967813,5,15289.244565
0.734293,14,15295.772095
0.856314,15,15298.8984
0.549548,14,15321.421281
0.806808,6,15321.58114
0.825939,23,15322.481083
0.622115,13,15338.774599
0.935139,12,15341.407955
0.998849,8,15343.631656
0.998395,4,15345.67144
0.950025,34,15371.370551
0.059682,15,15491.048107
0.839624,21,15527.990551
0.898419,10,15531.304301
0.92349,23,15545.417196
0.862461,8,15551.929947
0.998249,5,15554.057814
0.444721,10,15565.490308
0.748799,4,15573.242101
0.708459,18,15589.308237
0.880521,5,15594.486635
0.986395,7,15596.839622
0.789179,7,15603.123455
0.909175,13,15609.872573
0.923442,8,15612.576817
0.915916,23,15620.205736
0.923898,8,15626.301024
0.7413,7,15632.747748
0.891567,10,15636.524359
0.998849,3,15638.576035
0.441454,10,15688.324752
0.841884,12,15691.134758
0.726176,13,15700.020199
0.948735,5,15703.902989
0.987702,15,15704.248463
0.950346,8,15704.604105
0.870707,5,15704.745218
0.939207,10,15705.004675
0.69229,29,15713.13479
0.503519,10,15727.441376
0.950539,7,15731.27337
0.0,3,15792.736486
0.977351,3,15795.132
0.868714,3,15799.50661
0.724559,8,15813.225276
0.690572,5,15824.059787
0.0,8,15930.315105
0.586217,27,15992.953556
0.804775,6,16004.774073
0.910956,8,16038.469367
0.890591,15,16050.321587
0.0,9,16165.398558
0.807639,8,16171.28531
0.98348,21,16171.784148
0.920638,7,16177.425951
0.0,14,16261.498774
0.993339,3,16267.796775
0.852082,5,16275.555829
0.613627,9,16293.039902
0.820603,30,16325.119385
0.911067,12,16325.462719
0.932858,6,16325.622819
0.91487,4,16330.136163
0.998249,3,16332.232098
0.718552,9,16332.610501
0.656223,7,16337.081726
0.776453,24,16345.561231
0.091143,15,16382.645529
0.0,3,16443.386479
0.555982,12,16465.518471
0.740148,10,16469.285742
0.743099,10,16481.919903
0.981555,8,16484.345391
0.904976,6,16484.516779
0.998849,8,16486.543666
0.678902,10,16495.201299
0.143714,5,16521.607775
0.477755,8,16534.533823
0.849893,9,16541.210603
0.993339,3,16547.562866
0.38453,13,16571.204215
0.013158,11,16573.578801
0.913043,4,16577.044857
0.730446,6,16587.766239
0.786913,9,16601.624704
0.890283,8,16605.78977
0.501591,10,16610.125376
0.808525,11,16610.527933
0.0,9,16629.564935
0.0,11,16692.289188
0.463674,9,16712.911114
0.392708,10,16713.652289
0.753768,21,16730.154298
0.968865,7,16730.34993
0.955542,4,16732.987391
0.0,16,16931.73211
0.0,6,17000.01297
0.909837,7,17008.449811
0.859981,31,17021.989663
0.74883,8,17022.326323
0.227326,3,17046.819958
0.998669,21,17055.912574
0.624263,16,17079.551268
0.071705,7,17122.631208
0.260631,49,17180.06826
0.916434,7,17180.300085
0.779651,10,17180.64703
0.529553,32,17230.380546
0.0,9,17294.252249
0.970636,15,17300.318097
0.945311,9,17732.236296
0.562727,11,17732.566697
0.596435,27,17743.495635
0.0,5,17807.183854
0.541528,8,17818.976036
0.786896,6,17822.965443
0.880942,4,17827.147178
0.879738,5,17829.841259
0.842639,15,17837.144036
0.937651,9,17840.419235
0.962472,7,17840.577935
0.785254,8,17840.824142
0.991694,5,17844.785078
0.841615,25,17869.099513
0.977303,9,17869.305943
0.665893,8,17880.720337
0.833454,6,17880.922587
0.883124,4,17881.030823
0.771906,8,17881.257968
0.911929,19,17893.142263
0.955542,3,17895.534986
0.377747,11,17922.126496
0.862784,13,17928.676263
0.423481,16,17969.61985
0.926421,4,17976.522795
0.89796,4,17976.664445
0.740539,11,17991.433263
0.711726,10,18000.671105
0.418759,7,18005.629805
0.441454,7,18021.807216
0.946844,13,18034.379335
0.552351,33,18067.908649
0.84131,4,18073.16275
0.905695,5,18077.178324
0.817372,14,18090.162872
0.599534,5,18096.76236
0.930572,26,18101.932796
0.0,5,18163.192469
0.963029,12,18163.507941
0.998249,10,18167.377903
0.69994,6,18174.901145
0.757181,5,18180.278794
0.369982,48,18231.250243
0.942121,5,18231.38776
0.799573,6,18239.932118
0.746346,8,18259.140304
0.111497,8,18321.523231
0.441151,6,18321.706219
0.571243,8,18331.367265
0.988123,3,18333.426014
0.998395,9,18341.522107
0.860454,10,18344.301342
0.948525,10,18351.297704
0.948625,11,18361.460665
0.89957,10,18361.777923
0.973847,6,18364.242482
0.833454,5,18364.418538
0.0,5,18449.800599
0.399658,5,18450.124554
0.93735,9,18450.340825
0.232273,16,18509.560002
0.744961,6,18513.385747
0.789179,4,18523.323531
0.920088,4,18526.522034
0.90291,5,18534.845733
0.863095,13,18539.153047
0.0,22,18645.85324
0.727838,9,18655.142551
0.0,6,18789.958279
0.684383,7,18803.696472
0.981347,5,18805.814805
0.93584,8,18808.8382
0.746095,16,18821.798388
0.998249,9,18823.838106
0.927473,4,18823.953976
0.844793,7,18830.236522
0.202131,6,18836.084456
6.8e-05,17,18935.56027
0.962552,7,18935.744656
0.729247,10,18954.032073
0.756053,10,18954.328834
0.8868,12,18967.406128
0.657537,12,18975.080542
0.957191,6,18982.055336
0.823245,9,18982.312536
0.181001,42,19074.847115
0.956338,4,19077.364848
0.839075,10,19086.011876
0.894884,8,19096.516585
0.909837,6,19099.969239
0.820663,10,19107.950717
0.82034,8,19113.236161
0.0,7,19203.398589
0.64782,5,19212.113827
0.949444,8,19212.300269
0.962472,5,19212.404233
0.85718,9,19226.030665
0.674853,13,19237.944789
0.985872,5,19242.044182
0.0,9,19248.266693
0.906456,7,19250.60679
0.783525,10,19271.465095
0.891567,5,19276.73901
0.945048,11,19284.97931
0.901107,20,19299.470795
0.860023,6,19305.802946
0.656155,17,19334.510997
0.84187,7,19338.206437
0.858691,6,19344.673771
0.943544,3,19349.422192
0.925686,19,19353.352727
0.887065,8,19356.742378
0.919906,5,19361.630894
0.509783,14,19378.159955
0.0,8,19425.043707
0.003504,14,19468.553765
0.905804,6,19472.759637
0.880145,7,19476.17176
0.43679,4,19488.667124
0.890709,14,19497.252851
0.862207,17,19508.452259
0.901257,6,19508.593016
0.667804,20,19530.964569
0.67266,14,19536.45494
0.825378,10,19542.075173
0.882758,15,19552.017459
0.689963,28,19571.294298
0.140094,12,19600.837605
0.990928,3,19600.907722
0.606949,8,19631.994243
0.759555,3,19636.436194
0.895057,13,19639.295921
0.02796,10,19698.621606
0.858856,20,19704.791488
0.890889,17,19724.845094
0.942271,5,19728.202459
0.681234,8,19728.401158
0.848939,16,19734.446745
0.364637,7,19746.485938
0.907273,3,19746.553468
0.971414,5,19749.763366
0.927157,11,19754.219809
0.893135,11,19765.227987
0.59979,8,19775.836963
0.81137,6,19784.167124
0.94885,5,19790.180277
0.952158,8,19796.762391
0.946921,5,19798.995556
0.906744,7,19804.531861
0.168898,11,19834.859947
0.773182,6,19838.955463
0.92548,6,19839.309427
0.80477,10,19843.916121
0.977877,9,19855.820148
0.82535,6,19859.787936
0.775311,7,19864.52864
0.766612,9,19869.378382
0.996036,3,19871.380776
0.868019,20,19880.359378
0.496345,8,19890.949589
0.991971,6,19895.008376
0.944525,11,19902.921908
0.904732,5,19907.364604
0.94567,5,19909.846648
0.990517,4,19911.897968
0.923684,17,19922.004028
0.691377,17,19942.796251
0.008162,18,20057.298337
0.3235,8,20098.960737
0.169109,11,20104.34489
0.0,64,20135.846024
0.930947,21,20152.914668
0.140446,18,20244.816148
0.966405,14,20259.671472
0.873129,13,20260.1733
0.153667,10,20283.33686
0.664613,5,20283.45872
0.778889,11,20288.72187
0.35572,14,20328.163809
0.838301,6,20328.534611
0.879047,16,20338.065073
0.643826,11,20338.492738
0.874148,11,20346.788028
0.0,11,20465.439441
0.723368,13,20470.767552
0.913704,13,20482.204262
0.857112,6,20486.665808
0.976965,6,20486.840361
0.92976,20,20493.07737
0.977304,4,20495.273383
0.90962,5,20498.230204
0.0,3,20558.637308
0.987613,3,20560.802082
0.899916,6,20567.340041
0.771412,8,20574.767676
0.521869,3,20586.218801
0.287058,13,20603.799428
0.066412,12,20703.561631
0.757181,12,20713.806822
0.86513,6,20718.86536
0.958677,5,20721.50762
0.0,3,20782.273844
0.776515,12,20787.2744
0.444957,19,21190.724397
0.831121,8,21197.218688
0.686026,11,21207.129591
0.868398,7,21210.505623
0.601194,14,21219.151762
0.910958,14,21223.28515
0.960524,3,21225.75465
0.63022,11,21235.839199
0.94122,5,21235.952027
0.793094,9,21248.323765
0.750312,7,21254.764965
0.914627,7,21260.646207
0.928708,7,21260.808177
0.521869,6,21279.327697
0.811464,6,21279.506691
0.357701,33,21321.340671
0.905497,10,21327.573498
0.713504,9,21332.847523
0.934071,7,21340.157637
0.780636,17,21348.901604
0.683043,18,21366.714333
0.389251,11,21388.29714
0.856151,9,21395.747402
0.570017,7,21398.870106
0.949026,9,21401.229206
0.977145,6,21401.365629
0.568678,8,21404.511166
0.987538,3,21404.574968
0.820234,14,21415.181094
0.742582,13,21432.503684
0.810573,16,21445.575311
0.852872,13,21465.547367
0.77658,10,21470.433412
0.989498,4,21474.379888
0.244276,12,21478.76769
0.996036,3,21482.660885
0.0,9,21568.993892
0.254648,7,21576.597889
0.204673,7,21602.663162
0.756437,12,21617.115441
0.585966,6,21617.307564
0.469031,5,21622.313293
0.943729,9,21626.038889
0.361283,7,21644.418068
0.991083,8,21646.878799
0.627568,4,21656.422912
0.960118,7,21656.585688
0.885326,7,21656.740483
0.855586,10,21665.106544
0.601572,7,21673.950976
0.984984,5,21677.525806
0.964163,6,21684.368068
0.907521,4,21687.15521
0.0,5,21748.193119
0.936216,6,21751.624711
0.786896,5,21755.581048
0.956125,10,21760.555414
0.89851,5,21766.315217
0.411256,8,21783.25484
0.0,14,21908.593693
0.998669,10,21912.482001
0.733916,6,21918.651603
0.0,9,22008.678905
0.646975,7,22014.817841
0.877298,4,22022.484933
0.789041,4,22022.599235
0.998249,5,22024.444034
0.0,4,22085.048407
0.939801,7,22088.832895
0.908243,15,22098.11822
0.889395,8,22112.875028
0.977517,9,22115.149209
0.955042,5,22119.927688
0.887358,7,22126.46864
0.91464,12,22138.292028
0.759975,6,22138.540595
0.0,19,22316.551146
0.902973,4,22320.789116
0.872523,7,22320.969121
0.988902,13,22329.322935
0.0,2,22389.698033
0.242903,4,22411.411679
0.993645,5,22411.514961
0.81499,6,22417.399032
0.627568,7,22432.572184
0.868398,5,22436.028343
0.820887,5,22443.674866
0.904127,7,22446.099347
0.789179,13,22454.917951
0.943544,3,22457.423152
0.807496,5,22460.5454
0.948396,9,22464.925709
0.848325,15,22482.13757
0.875161,11,22487.759687
0.701767,6,22487.979637
0.516175,16,22513.316735
0.842403,6,22516.18902
0.441454,5,22530.934418
0.912462,6,22540.393919
0.315352,3,22562.082359
0.617851,9,22565.651656
0.812864,4,22569.975762
0.671,9,22570.269202
0.939535,7,22579.002406
0.372983,5,22591.310498
0.752375,13,22604.158255
0.918513,10,22604.377081
0.627568,4,22611.109958
0.958911,5,22613.822127
0.89796,3,22613.895908
0.789179,5,22619.77719
0.71366,4,22628.084702
0.627477,5,22628.327905
0.643757,7,22636.402996
0.797929,6,22641.503985
0.640376,16,22673.274537
0.0,12,22824.171168
0.954976,4,22826.346463
0.933599,7,22830.970598
0.993609,5,22836.699795
0.914387,10,22840.703347
0.750347,8,22840.976562
0.908214,13,22845.007138
0.506029,7,22862.231854
0.610729,8,22875.787224
0.949696,6,22878.438545
0.358197,5,22894.783642
0.997143,3,22896.746407
0.513869,4,22908.37992
0.796568,8,22912.960806
0.977351,4,22915.197123
0.880322,7,22923.050583
0.895016,10,22926.800483
0.980144,6,22928.931266
0.000351,16,22930.593796
0.403775,7,22938.879193
0.996694,10,22939.095809
0.521869,4,22950.541015
0.898971,11,22950.833315
0.943531,8,22956.675272
0.945231,6,22959.21807
0.56675,8,22979.024715
0.911712,22,22986.930048
0.960386,6,22987.073134
0.809935,8,22993.130212
0.801151,4,22993.253439
0.710492,6,22998.114401
0.0,9,23060.093879
0.0,14,23137.347869
0.97382,9,23140.741442
0.69994,9,23146.193419
0.989095,11,23158.064437
0.040011,8,23202.026957
0.682987,14,23202.485495
0.80404,10,23216.770556
0.512239,11,23222.304481
0.0,2,23282.841652
0.974202,7,23285.438324
0.78104,5,23285.552602
0.902905,7,23293.099739
0.949436,5,23297.877438
0.934365,4,23301.162114
0.739386,10,23306.426942
0.76069,15,23313.81058
0.735633,3,23322.315733
0.603593,7,23328.46907
0.354091,14,23376.286405
0.726642,9,23381.771648
0.832818,8,23386.785506
0.940627,12,23387.050347
0.983984,12,23390.924533
0.3274,8,23391.467662
0.948061,8,23391.654557
0.586185,8,23401.312682
0.994973,10,23403.423115
0.774305,15,23426.188323
0.25843,5,23426.371064
0.952918,12,23429.538265
0.920614,8,23432.125709
0.899843,7,23436.088386
0.732107,18,23447.217527
0.914315,5,23450.952052
0.756816,15,23456.492518
0.942723,10,23458.804862
0.977326,4,23460.935934
0.864286,9,23475.356491
0.859138,11,23478.315548
0.615955,10,23488.754465
0.75699,13,23496.115533
0.343402,11,23518.907476
0.89361,5,23521.540571
0.446976,11,23522.019567
0.91852,8,23524.708114
0.871306,6,23531.804507
0.850336,9,23540.89696
0.955542,6,23545.269614
0.819946,5,23549.152698
0.88584,6,23553.195785
0.852787,8,23558.175217
0.85306,12,23564.772613
0.623854,8,23573.343518
0.825787,6,23578.502203
0.888676,8,23586.067773
0.251043,15,23600.334353
0.773693,10,23603.544462
0.43236,7,23613.762861
0.949492,5,23619.852283
0.994155,6,23622.063595
0.0,5,23683.879217
0.977304,4,23686.094889
0.792881,13,23690.468506
0.831522,5,23694.344419
0.692881,6,23701.545637
0.529853,6,23712.974302
0.845988,5,23719.886998
0.870916,16,23728.02991
0.241738,4,23753.036971
0.380347,12,23761.016809
0.447092,13,23812.849074
0.952433,9,23816.63467
0.726642,10,23824.298611
0.991194,5,23826.368522
0.389102,9,23854.670058
0.796025,5,23863.233881
0.654838,9,23885.019731
0.8645,9,23892.550788
0.998249,12,23898.371963
0.788394,11,23902.966577
0.643077,9,23909.373386
0.760978,9,23916.092888
0.896154,7,23919.889502
0.254317,8,23955.724597
0.983042,3,23957.721614
0.87003,9,23958.281215
0.969795,9,23968.259751
0.341434,8,23973.453807
0.960524,3,23975.908022
0.987613,3,23978.06793
0.543784,14,24001.607172
0.119049,8,24029.002264
0.695228,17,24032.742599
0.718552,13,24033.181538
0.595947,4,24042.036174
0.442281,6,24042.200859
0.550474,15,24066.422148
0.768442,10,24082.274552
0.979522,6,24454.328368
0.647672,24,24474.670111
0.908818,7,24479.683189
0.83152,8,24483.132689
0.77836,6,24487.904904
0.856628,5,24488.023344
0.8645,3,24492.776525
0.87638,12,24504.409987
0.893148,11,24513.404184
0.835937,15,24531.51664
0.985465,8,24533.795707
0.84187,3,24537.611791
0.864322,8,24540.58415
0.823212,5,24540.749988
0.740701,10,24559.205553
0.880942,6,24563.576339
0.947221,5,24563.688711
0.95194,7,24566.2571
0.909837,8,24569.85724
0.0,8,24744.830381
0.39594,7,24764.124273
0.913048,4,24767.023075
0.930878,7,24769.377171
0.593353,4,24775.972139
0.934228,12,24782.028016
0.65254,9,24795.286194
0.837937,9,24800.175782
0.998249,4,24802.126519
0.749716,12,24802.492566
0.0,7,24864.610104
0.840857,4,24864.725076
0.939133,5,24864.871404
0.843664,11,24865.222577
0.785757,4,24868.595845
0.819908,9,24873.61779
0.998849,9,24879.936226
0.878311,6,24880.116085
0.939535,3,24882.561676
0.710492,5,24887.335201
0.059224,18,24936.320618
0.911174,12,24942.522618
0.846005,8,24942.726425
0.680887,5,24963.93685
0.818507,16,24967.4074
0.951466,7,24972.144838
0.916516,3,24972.221248
0.860751,5,24975.292991
0.649601,14,25010.957146
0.932173,10,25014.532405
0.411256,3,25028.525901
0.665829,12,25048.442872
0.999254,4,25048.524293
0.982814,8,25048.697583
0.908585,4,25048.792188
0.960524,7,25051.381537
0.899812,9,25051.666516
0.825401,5,25051.793618
0.869778,3,25058.904796
0.9078,5,25062.053487
0.93369,4,25062.144552
0.054176,23,25140.581633
0.894885,3,25143.587502
0.482129,7,25143.786036
0.848768,14,25148.620605
0.99677,10,25152.636662
0.905152,7,25159.978194
0.998341,3,25161.937802
0.535875,5,25174.798403
0.897387,10,25175.048489
0.880521,4,25179.64683
0.751767,4,25185.46421
0.898935,9,25193.955078
0.59979,6,25201.204808
0.622156,7,25215.782571
0.957191,6,25218.263325
0.880202,5,25225.142671
0.674306,20,25245.225563
0.881172,10,25252.48362
0.976075,4,25256.899862
0.423138,7,25271.004281
0.632257,13,25295.445635
0.918441,3,25301.205146
0.701166,13,25312.855025
0.199523,6,25334.680268
0.989792,3,25336.804922
0.690095,4,25345.476311
0.884199,7,25348.927269
0.906343,6,25352.943687
0.0,5,25460.460895
0.56976,5,25476.928565
0.970897,4,25481.223384
0.964601,8,25486.858391
0.949239,6,25491.476306
0.809632,7,25494.394769
0.464268,4,25494.512241
0.991289,5,25496.615494
0.823324,13,25508.901646
0.870307,6,25512.036513
0.996036,3,25513.99739
0.810193,17,25528.5982
0.997599,5,25528.703265
0.0,5,25606.510351
0.925371,11,25609.648468
0.944729,5,25613.804627
0.871843,5,25624.323804
0.962429,9,25630.225037
0.974409,4,25632.340548
0.727455,10,25645.891399
0.764284,6,25657.557761
0.952954,6,25659.895328
0.861812,13,25671.785277
0.926421,4,25678.006692
0.92425,3,25684.558892
0.889421,4,25690.196903
0.880942,3,25694.439604
0.445876,4,25708.252131
0.807106,5,25712.683541
0.897119,5,25719.177449
0.880986,5,25719.333448
0.602124,7,25736.551117
0.702937,6,25745.514201
0.0,10,25806.738122
0.996685,5,25808.788734
0.92993,6,25812.259107
0.345141,8,25834.856601
0.33653,5,25849.860107
0.918116,4,25849.961865
0.766693,3,25854.135341
0.0,5,25915.088422
0.0,9,25916.516667
0.893243,7,25924.155285
0.530819,7,25939.176286
0.928181,10,25943.611536
0.600019,12,25958.494129
0.974108,3,25960.991282
0.0,42,26119.377989
0.599534,3,26125.795635
0.960365,6,26125.961607
0.964298,5,26132.710017
0.916918,12,26140.818221
0.881023,6,26140.955143
0.78314,24,26148.92053
0.226569,11,26149.964329
0.074686,8,26229.873447
0.334026,15,26324.555781
0.929032,3,26327.573448
0.710188,7,26327.764959
0.839751,5,26331.068199
0.858163,5,26331.177402
0.273388,5,26345.457781
0.890994,5,26349.366651
0.979522,5,26349.49611
0.0,15,26362.915829
0.92419,5,26366.791469
0.214869,13,26389.633145
0.732197,11,26403.632898
0.948369,5,26406.028692
0.954014,8,26409.093823
0.913724,11,26413.155473
0.896045,8,26413.36523
0.741358,25,26421.373618
0.912567,4,26421.483033
0.979648,4,26421.567472
0.955214,4,26421.661997
0.946626,10,26423.996347
0.860787,6,26430.352279
0.925636,10,26442.542487
0.845988,3,26447.035122
0.937595,6,26449.400891
0.924099,13,26463.044266
0.206458,6,26463.255297
0.955773,4,26465.634747
0.0,10,26530.901525
0.964298,6,26533.53477
0.0,7,26586.550552
0.697706,13,26617.447586
0.806402,6,26628.178247
0.997834,3,26628.239807
0.664022,5,26635.295991
0.877625,9,26640.070985
0.040777,17,26706.245934
0.432283,10,26729.108273
0.942635,4,26731.462848
0.881279,7,26734.746446
0.890516,8,26737.811629
0.838315,5,26737.93585
0.960524,5,26742.636992
0.99092,10,26745.844033
0.829564,10,26754.572315
0.756816,13,26764.953408
0.790063,8,26769.729707
0.983254,5,26769.828016
0.889874,16,26778.951107
0.331715,11,26836.029533
0.0,9,26923.287088
0.976569,7,26925.58312
0.612456,21,26936.843204
0.967335,3,26939.259104
0.92409,10,26939.479872
0.29187,19,27015.11524
0.998249,4,27018.9284
0.627568,4,27025.743166
0.660801,11,27041.167213
0.996237,3,27045.147709
0.991181,10,27049.436575
0.335213,10,27075.915724
0.911729,5,27078.780568
0.975755,5,27081.054576
0.989498,4,27083.129193
0.791,17,27093.008303
0.946533,8,27093.184002
0.574495,6,27096.189723
0.879474,4,27099.370209
0.59979,4,27106.540252
0.288892,5,27125.543086
0.521301,23,27145.129128
0.794072,9,27152.508723
0.619938,5,27152.66861
0.892374,4,27158.004014
0.250317,12,27184.60714
0.84399,5,27186.932996
0.824276,8,27197.056492
0.681878,13,27215.062545
0.943767,11,27221.306985
0.267621,5,27255.188307
0.926421,3,27261.33412
0.898419,4,27264.376857
0.77346,11,27274.219529
0.680201,4,27274.340587
0.996036,6,27278.44586
0.595714,4,27289.287169
0.912443,5,27291.723879
6.8e-05,10,27294.966411
0.756135,13,27302.812121
0.990233,5,27306.858564
0.857585,7,27313.857849
0.152418,7,27318.32895
0.663969,4,27327.85148
0.92152,7,27328.301023
0.919236,8,27328.465201
0.545173,13,27348.712201
0.958169,4,27348.805945
0.944995,5,27348.930125
0.0,13,27412.536445
0.996036,4,27416.546063
0.712776,8,27422.317307
0.855507,17,27431.510855
0.866297,3,27435.138314
0.850925,4,27435.251133
0.0,2,27496.364143
0.977789,10,27498.643696
0.76289,5,27498.782214
0.940019,6,27505.419543
0.925818,4,27505.50782
0.993758,5,27507.477343
0.254629,9,27523.378703
0.973454,6,27525.918812
0.911928,8,27526.118479
0.866297,4,27529.839033
0.869068,8,27533.34211
0.948265,8,27537.888089
0.94885,5,27543.824356
0.85086,7,27546.512629
0.916589,5,27546.632705
0.870234,6,27550.344197
0.437879,6,27562.804717
0.132133,47,28007.068986
0.758539,5,28007.207184
0.343402,4,28024.782084
0.304312,6,28044.756239
0.834557,10,28047.268154
0.950702,6,28049.631438
0.345217,17,28050.427912
0.943039,3,28050.504851
0.942637,3,28053.33277
0.828052,7,28053.595417
0.793969,13,28068.476649
0.970138,5,28070.784872
0.541528,4,28082.101758
0.720993,3,28089.92848
0.931786,6,28092.309129
0.960524,5,28094.78644
0.946983,7,28098.541878
0.580417,4,28102.279191
0.369571,17,28181.231339
0.986229,3,28181.298045
0.761264,12,28206.153261
0.532496,6,28206.379272
0.859151,5,28211.194811
0.926421,3,28217.251266
0.770993,6,28217.411229
0.032062,8,28218.168044
0.326201,18,28258.164869
0.949492,3,28260.66555
0.691876,6,28274.086989
0.898419,4,28277.040597
0.944823,4,28280.909326
0.223246,4,28300.245529
0.979277,12,28305.76088
0.008884,11,28357.004028
0.531115,8,28371.874804
0.889812,4,28374.517799
0.316895,14,28422.11664
0.399494,27,28448.554449
0.786896,6,28452.525484
0.940735,5,28455.16656
0.996036,3,28457.193385
0.806553,6,28469.156324
0.998395,5,28472.980033
0.819299,18,28506.72282
0.345408,16,28547.726082
0.825429,7,28554.838207
0.665743,11,28555.146535
0.859511,10,28563.291978
0.672781,6,28570.835686
0.821022,10,28581.379909
0.921958,9,28585.623094
0.563286,9,28603.678788
0.863146,4,28607.704914
0.0,29,28883.383075
0.968238,4,28887.761761
0.834159,5,28887.904949
0.710043,5,28888.036727
0.937501,4,28894.546482
0.764492,8,28911.779218
0.937761,9,28914.663653
0.941317,5,28916.875468
0.640367,11,28925.951401
0.825959,4,28932.679967
0.0,12,29044.61946
0.792952,4,29049.148231
0.882004,5,29049.275116
0.445876,4,29063.050487
0.0,11,29135.876551
0.880603,12,29140.966538
0.742697,7,29158.623545
0.81217,20,29169.907602
0.324473,20,29200.110737
0.59979,4,29207.30127
0.755849,7,29210.380637
0.864186,4,29214.927707
0.909837,3,29218.235776
0.831603,3,29222.117562
0.880143,5,29226.423726
0.866297,3,29232.410727
0.895732,4,29236.340415
0.773182,5,29243.07734
0.997021,6,29243.194093
0.875532,6,29243.33024
0.85086,6,29245.988174
7.2e-05,26,29379.565274
0.553669,5,29383.3105
0.574488,14,29418.702357
0.408826,13,29425.598736
0.961332,3,29425.66188
0.59979,4,29435.748232
0.245349,8,29459.480115
0.82069,6,29459.607149
0.819947,5,29459.757607
0.987613,5,29461.885202
0.831121,3,29468.325891
0.991089,8,29470.400877
0.681131,9,29484.070809
0.0,2,29585.098911
0.987223,9,29592.191843
0.198528,11,29627.473994
0.998395,5,29631.363042
0.557337,8,29650.500891
0.832968,5,29654.578817
0.580153,5,29654.74744
0.690572,3,29663.859013
0.941931,3,29663.925836
0.954331,6,29668.92169
0.782877,6,29675.156784
0.931059,7,29685.72897
0.952946,7,29688.086961
0.0,1,29748.691662
0.191134,6,29754.045128
0.0,4,29861.420832
0.995961,7,29865.265987
0.887775,3,29868.345393
0.867834,9,29877.291035
0.929032,4,29880.359567
0.756674,9,29890.023761
0.922305,8,29893.862918
0.896467,9,29899.454972
0.920155,4,29899.553578
0.831484,5,29899.77332
0.053241,10,29936.706972
0.636368,15,29951.637604
0.173866,7,29976.122211
0.950376,4,29981.927936
0.825565,5,29984.963997
0.693993,8,29990.727113
0.341617,5,30007.101431
0.990233,4,30011.178141
0.441948,5,30023.377658
0.779962,8,30028.155236
0.999254,6,30028.280015
0.54094,8,30040.555
0.998566,6,30040.67759
0.748143,5,30040.807796
0.993502,4,30040.892979
0.893952,6,30043.778766
0.983985,4,30047.958005
0.85776,4,30054.774564
0.506959,14,30073.548221
0.784163,14,30078.224997
0.986395,5,30080.381796
0.685575,7,30080.675645
0.426542,8,30127.381384
0.56716,14,30142.013334
0.278469,14,30161.51221
0.923979,6,30161.646903
0.845166,5,30166.596525
0.433548,10,30193.813989
0.825107,5,30197.732497
0.956973,5,30197.838121
0.627693,6,30209.776713
0.95461,5,30213.241239
0.902714,4,30217.618863
0.77344,7,30223.584558
0.054804,6,30258.68244
0.983985,4,30260.869441
0.943795,5,30263.543744
0.950818,5,30266.205008
0.960524,4,30268.725347
0.798277,8,30273.224001
0.9231,6,30276.056215
0.633562,5,30284.847426
0.229404,11,30347.429163
0.915594,6,30347.578287
0.803358,14,30357.744591
0.429063,19,30375.764307
0.545021,8,30385.485729
0.58499,7,30392.805768
0.33288,12,30414.693339
0.753459,7,30420.047056
0.593065,10,30431.82543
0.958692,6,30434.434085
0.188773,8,30464.334205
0.963385,10,30464.53823
0.827889,5,30467.277763
0.334696,23,30509.486362
0.845366,7,30518.691563
0.824035,3,30531.067975
0.928573,5,30531.19293
0.447105,6,30532.536609
0.970871,4,30538.179443
0.25427,11,30557.323836
0.929032,4,30560.386331
0.845997,16,30572.980572
0.916356,5,30573.107576
0.855457,4,30573.204777
0.836623,5,30576.968166
0.969515,5,30577.07782
0.894885,3,30580.047956
0.937911,3,30585.172016
0.978819,3,30589.487999
0.796431,12,30605.950618
0.887775,4,30612.505067
0.958232,5,30614.943107
0.980799,5,30618.284516
0.85306,4,30622.145267
0.997834,4,30622.232067
0.64878,5,30630.989103
0.892374,3,30634.009723
0.582272,5,30643.252144
0.880521,6,30650.35409
0.523558,6,30650.651855
0.541528,7,30665.759485
0.0,4,30778.266673
0.711158,12,30786.852513
0.0,11,30898.905515
0.662198,22,30910.402065
0.959059,6,30910.546665
0.825955,4,30917.013705
0.334046,20,30942.067515
0.461875,6,30957.089817
0.786896,6,30963.487001
0.701166,5,30971.598338
0.0,6,31036.621377
0.811868,3,31041.014735
0.897055,4,31045.246854
0.871877,5,31048.799572
0.924505,3,31051.376528
0.459108,24,31077.293966
0.69994,6,31096.74839
0.693845,5,31100.285638
0.769749,7,31106.123015
0.824621,5,31114.099162
0.980625,9,31117.585949
0.907623,5,31123.011657
0.906744,3,31125.891566
0.888276,5,31128.290435
0.746346,9,31142.504194
0.696905,6,31155.862072
0.33653,5,31168.16141
0.949696,8,31170.878334
0.612389,21,31195.867599
0.983402,5,31195.974561
0.991694,3,31200.038693
0.920387,6,31204.304178
0.907273,3,31204.372423
0.829608,13,31222.643219
0.717776,9,31229.828442
0.758614,5,31236.330509
0.0,19,31355.565307
0.555282,20,31399.229503
0.455804,12,31409.368923
0.998249,4,31413.185894
0.343402,7,31431.218115
0.648961,6,31440.098019
0.417573,19,31457.326573
0.801675,7,31461.836433
0.353362,8,31462.12482
0.627568,4,31471.572393
0.952386,6,31473.920588
0.882009,15,31477.738828
0.979103,4,31478.006095
0.839075,4,31484.277602
0.980113,5,31486.466661
0.708076,6,31495.555245
0.519364,18,31518.580354
0.744433,21,31527.26706
0.516106,8,31540.040967
0.861735,12,31540.357697
0.964298,4,31542.960054
0.590538,7,31558.978728
0.984762,8,31561.23623
0.771126,15,31566.784868
0.795807,8,31569.940622
0.909837,7,31976.28527
0.0,18,32096.787824
0.846013,7,32100.169873
0.570334,5,32115.521682
0.780228,4,32120.627977
0.956731,3,32123.344205
0.979949,3,32127.68591
0.765977,11,32133.157595
0.998341,3,32135.009242
0.392853,11,32169.414217
0.848509,17,32180.803315
0.470773,25,32219.70946
0.829548,7,32219.878372
0.961948,4,32225.560143
0.791294,6,32234.693161
0.854424,4,32238.317129
0.646975,7,32247.382802
0.285767,9,32310.403838
0.855539,5,32315.257449
0.889421,7,32318.67014
0.0,4,32380.502792
0.63525,12,32380.827207
0.882053,4,32385.071954
0.831226,5,32388.958772
0.623545,6,32394.965091
0.957115,6,32398.478206
0.846665,8,32402.355536
0.58499,3,32409.242022
0.857765,6,32409.383229
0.776217,4,32416.671466
0.887137,4,32416.775928
0.896069,4,32419.168841
0.261947,11,32421.242667
0.538379,4,32432.177581
0.315352,7,32454.213129
0.996036,4,32456.241268
0.906744,6,32461.564425
0.856692,8,32464.365002
0.993268,4,32466.428853
0.840199,7,32466.595832
0.81147,5,32472.668003
0.942637,3,32475.551724
0.891591,7,32475.720497
0.967958,4,32477.985458
0.864555,4,32478.093755
0.938476,7,32478.246763
0.934559,4,32478.34777
0.881599,10,32486.992636
0.942795,7,32492.608697
0.926142,9,32497.876608
0.198491,14,32569.036624
0.0,4,32629.943492
0.953883,3,32632.618902
0.910649,9,32632.870389
0.452776,5,32636.585209
0.998849,3,32638.588933
0.936115,7,32638.748153
0.991586,4,32640.723917
0.94054,4,32644.364286
0.696927,5,32650.978372
0.795076,11,32661.997787
0.821676,7,32662.181669
0.927849,4,32662.279861
0.406488,18,32680.276733
0.996685,6,32682.341935
0.905013,8,32685.353885
0.913264,9,32685.576743
0.240115,4,32705.289909
0.9065,13,32705.602482
0.998395,3,32707.556532
0.639854,5,32719.726725
0.856725,6,32724.537602
0.890298,4,32724.640401
0.6256,6,32734.045204
0.906744,3,32736.903437
0.823881,5,32740.990299
0.914455,4,32745.911125
0.930001,8,32750.687877
0.827889,6,32753.441638
0.0,14,32831.899445
0.845366,6,32835.734486
0.998249,8,32839.742729
0.0,2,32900.120466
0.766134,5,32905.837568
0.894884,3,32912.261306
0.699204,4,32922.501557
0.677499,29,32936.552189
0.954879,5,32936.658118
0.693524,3,32945.179272
0.469062,7,32945.628199
0.909837,5,32951.19569
0.578491,3,32963.322532
0.86814,3,32967.199627
0.990795,3,32969.420332
0.894885,3,32974.667472
0.786809,17,32983.841438
0.951905,6,32987.337572
0.857388,9,32993.916619
0.0,3,33055.301952
0.91778,6,33055.440904
0.960524,3,33057.887632
0.987613,3,33060.064501
0.953883,4,33062.653902
0.0,4,33123.910078
0.898419,3,33126.834127
0.480804,11,33143.698983
0.538379,3,33154.659931
0.457874,7,33173.444045
0.927502,4,33173.533623
0.138444,22,33197.270063
0.931001,7,33200.745766
0.949963,5,33200.861645
0.972833,4,33200.953437
0.960524,3,33203.419735
0.919397,4,33206.123544
0.715744,4,33211.760916
0.538643,4,33221.990661
0.939852,19,33242.601166
0.998669,5,33246.396485
0.832953,5,33250.536773
0.156963,13,33281.042718
0.795293,6,33281.216771
0.930292,6,33288.491215
0.991374,5,33292.306954
0.880118,5,33297.002715
0.0,3,33357.586869
0.925907,7,33357.783356
0.803667,6,33360.856692
0.835291,4,33360.973216
0.925563,4,33361.076918
0.982495,6,33361.209507
0.955839,3,33367.684734
0.71366,3,33376.045048
0.643757,5,33387.683931
0.908499,4,33391.482068
0.721735,6,33391.718613
0.239002,11,33421.198874
0.707986,12,33421.579618
0.858983,3,33425.227025
0.482366,7,33438.514483
0.927052,5,33440.785058
0.734141,8,33453.173396
0.791398,6,33461.317323
0.841154,9,33468.85382
0.347598,8,33481.232849
0.977304,3,33483.412627
0.786385,7,33486.758361
0.788351,6,33491.885928
0.336663,20,33582.496543
0.930596,10,33589.884751
0.645972,7,33598.308327
0.896581,3,33600.861959
0.615441,6,33610.293782
0.96235,4,33613.011624
0.912529,4,33616.846229
0.967958,4,33619.03757
0.809099,3,33625.281599
0.741092,11,33636.997122
0.741678,10,33646.17728
0.979465,7,33651.651822
0.109563,14,33663.415319
0.887877,6,33666.322207
0.779403,3,33670.505747
0.718183,8,33680.522717
0.933151,4,33684.583949
0.880935,4,33689.120677
0.343496,5,33706.88157
0.827744,10,33716.043039
0.017178,11,33732.56387
0.884733,6,33735.3979
0.590538,7,33755.850113
0.702566,5,33761.435503
0.845988,3,33768.340752
0.960524,4,33770.870842
0.087997,4,33799.871301
0.267621,8,33834.383732
0.881173,3,33837.378055
0.469972,6,33837.661699
0.927776,3,33837.741151
0.788765,8,33842.327271
0.94836,3,33844.906133
0.43279,8,33861.624649
0.884747,8,33866.013707
0.707826,3,33874.525586
0.877618,7,33874.704999
0.757473,10,33887.071939
0.99263,4,33887.149849
0.0,10,34085.249841
0.791212,6,34088.967201
0.725968,7,34094.245027
0.912292,3,34099.626567
0.985339,4,34104.236564
0.79939,17,34105.366403
0.852142,7,34115.757517
0.320516,11,34139.570507
0.0,8,34201.436137
0.789179,5,34207.056293
0.751562,12,34209.889514
0.815897,5,34217.946938
0.895469,9,34222.488688
0.788994,14,34234.98362
0.983068,5,34237.354328
0.03075,17,34246.785389
0.305105,8,34271.998152
0.822325,4,34276.258886
0.411979,8,34286.466539
0.900527,13,34293.847755
0.0,5,34354.416864
0.749882,4,34357.119785
0.0,9,34427.289144
0.890338,4,34430.190726
0.914455,4,34433.144969
0.855767,7,34437.397171
0.769121,9,34449.31231
0.423138,4,34463.305143
0.690572,3,34475.240521
0.846456,4,34475.355362
0.804775,4,34483.608027
0.71366,4,34491.905247
0.417211,6,34497.552966
0.960259,3,34497.624101
0.767518,3,34502.772791
0.863153,5,34502.885853
0.302313,11,34554.818297
0.0,1,34615.511863
0.974288,6,34619.010829
0.88105,5,34629.380718
0.690572,3,34641.413448
0.877855,9,34653.723986
0.992108,6,34653.848084
0.0,2,34715.56371
0.880942,3,34719.784919
0.943099,4,34722.526513
0.954399,9,34726.506318
0.842577,11,34734.282593
0.854319,11,34741.239902
0.747782,6,34752.713372
0.939197,3,34755.675605
0.877654,5,34763.685478
0.612389,20,34765.236939
0.871384,11,34776.994472
0.81923,4,34779.841404
0.487475,7,34780.075823
0.695885,5,34783.695583
0.794346,8,34788.440735
0.790041,3,34792.747592
0.942795,5,34798.209212
0.987839,3,34798.272285
0.955542,3,34802.674616
0.854639,11,34805.989894
0.949047,8,34812.72776
0.781638,5,34819.059914
0.88288,6,34819.207804
0.74883,6,34819.434042
0.92261,3,34824.817594
0.996036,3,34828.814972
0.883708,6,34832.336645
0.991377,7,34832.480002
0.952918,4,34835.08697
0.784358,7,34841.306099
0.904633,3,34844.213318
0.918748,6,34847.014426
0.787739,4,34852.326394
0.38636,5,34852.617614
0.813065,7,34857.131903
0.555982,7,34872.121757
0.991005,5,34872.226502
0.755213,5,34872.35638
0.853067,8,34872.588577
0.841921,4,34877.424243
0.804153,15,34889.166853
0.994251,4,34889.245882
0.778979,8,34900.361912
0.710656,3,34908.976949
0.827513,6,34918.704229
0.927358,6,34921.677317
0.771762,10,34932.51283
0.0,9,35069.373242
0.976557,3,35069.450748
0.842842,6,35069.600553
0.909837,4,35075.16521
0.955042,5,35079.872138
0.747298,15,35080.897089
0.932496,4,35080.99112
0.96235,5,35083.682983
0.864991,5,35090.565075
0.845988,3,35097.50758
0.824458,5,35106.791079
0.89703,4,35106.892785
0.0,17,35165.099163
0.895732,6,35173.249958
0.929199,4,35177.168896
0.934794,7,35183.751437
0.875823,10,35186.542548
0.957191,3,35188.942752
0.884265,6,35189.102335
0.904732,7,35193.707784
0.908665,7,35206.542305
0.480608,18,35242.358452
0.989498,4,35244.44854
0.887608,4,35247.552059
0.955542,4,35249.967716
0.985872,5,35254.067985
0.86814,7,35258.229145
0.943551,5,35261.846439
0.811868,6,35266.17511
0.880181,4,35266.269469
0.0,10,35367.220205
0.612449,8,35377.969812
0.286718,10,35397.667264
0.958856,10,35397.896776
0.918477,6,35398.068144
0.921828,4,35403.875956
0.820945,8,35785.564534
0.491314,7,35801.163262
0.43746,4,35819.731505
0.0,1,35880.320616
0.890341,4,35880.423223
0.89607,7,35887.377836
0.887111,4,35887.490051
0.949973,9,35893.654487
0.849717,10,35913.34475
0.619273,48,35961.543349
0.984762,3,35963.713856
0.96186,5,35966.997119
0.775319,7,35967.165256
0.572744,3,35975.749683
0.934089,4,35975.841563
0.697408,7,35976.013192
0.926641,4,35981.268558
0.891141,5,35985.369049
0.942109,3,35987.68681
0.56751,10,36003.221685
0.984762,3,36005.38186
0.789179,3,36011.18841
0.456517,4,36024.416306
0.949973,5,36026.823506
0.892901,6,36026.957525
0.961528,3,36027.02648
0.912376,12,36031.614631
0.921767,4,36031.708239
0.579807,11,36041.878054
0.996036,3,36045.838903
0.908499,4,36049.666435
0.996036,3,36051.660252
0.880521,7,36056.656127
0.977304,3,36060.887027
0.861363,5,36061.026476
0.724147,9,36077.877845
0.607057,4,36087.569734
0.989621,3,36089.59998
0.969959,5,36089.715275
0.891567,4,36095.007151
0.951197,4,36095.10516
0.812184,13,36103.287412
0.820533,8,36114.984356
0.977304,3,36117.164786
0.492547,6,36132.363192
0.905779,10,36138.757314
0.949436,3,36141.317069
0.814831,7,36150.82547
0.762324,5,36156.792081
0.977776,3,36159.117284
0.845988,4,36163.626871
0.894949,10,36167.018968
0.0,3,36273.981777
0.78692,7,36274.176504
0.4458,5,36274.686752
0.871756,10,36284.03112
0.659911,6,36303.439121
0.896621,5,36303.565189
0.838215,3,36307.42243
0.690572,3,36319.388872
0.832624,5,36325.116563
0.521869,4,36336.575766
0.0,8,36398.50421
0.702735,18,36404.405098
0.328205,5,36404.814251
0.912567,4,36404.916543
0.889102,4,36405.017333
0.724426,9,36419.928196
0.879343,6,36424.484078
0.882114,13,36429.870535
0.960524,5,36432.440913
0.958694,6,36434.70396
0.071705,4,36473.307004
0.595947,3,36479.61609
0.696813,6,36479.761125
0.556776,3,36479.897129
0.850266,6,36486.510958
0.396674,10,36513.583921
0.481811,16,36521.563781
0.277078,25,36566.78488
0.826692,7,36571.825444
0.8359,5,36576.801543
0.594558,22,36635.63087
0.227326,5,36657.092141
0.860457,5,36659.966309
0.679645,11,36676.271833
0.0,6,36737.714138
0.0,3,36799.085408
0.437684,6,36811.965461
0.858983,3,36815.563944
0.811917,4,36827.816833
0.926352,21,36842.596066
0.943071,3,36845.05983
0.887889,17,36866.068953
0.797568,8,36875.173525
0.821767,5,36880.244396
0.694505,5,36884.490643
0.943544,6,36889.40579
0.764826,6,36899.018362
0.895057,3,36899.099876
0.343402,4,36916.863352
0.729405,6,36931.123264
0.992981,3,36933.108789
0.964161,4,36935.783019
0.479309,9,36958.015857
0.997143,3,36959.97915
0.871264,8,36964.746238
0.370985,21,36984.291779
0.998249,4,36988.222503
0.183664,37,37135.4472
0.960524,5,37137.989313
0.906594,5,37140.226146
0.636167,7,37140.434013
0.925858,4,37140.528564
0.513869,3,37152.415764
0.896941,6,37159.648315
0.859312,4,37164.270351
0.865854,5,37171.594997
0.313289,6,37181.513387
0.679304,23,37190.344626
0.891313,5,37192.726485
0.651362,5,37192.854988
0.996036,3,37196.782804
0.0,25,37211.265329
0.891519,13,37211.586868
0.893773,5,37214.304203
0.964298,3,37219.207987
0.806742,11,37224.94113
0.399567,16,37265.342218
0.958135,5,37267.733985
0.449676,7,37294.814924
0.868398,5,37301.124131
0.641188,17,37312.034349
0.935581,4,37312.128403
0.987857,4,37316.339142
0.935325,3,37316.405026
0.441454,5,37331.019223
0.992747,3,37332.968059
0.989678,6,37335.12706
0.928494,4,37335.217141
0.994024,4,37335.307083
0.955042,3,37339.88744
0.0,17,37485.656013
0.863586,5,37485.783791
0.949492,3,37488.323231
0.939197,4,37491.322461
0.687481,4,37491.446544
0.913735,8,37491.668953
0.80066,5,37500.689276
0.361031,7,37514.890862
0.976849,4,37520.432958
0.831603,3,37524.147316
0.259548,11,37555.629137
0.823387,5,37555.79794
0.781638,12,37562.485056
0.768816,4,37568.36441
0.760309,26,37589.408167
0.718555,5,37601.412689
0.983985,4,37603.594063
0.277558,5,37624.983249
0.863515,5,37625.153365
0.985872,3,37629.336673
0.922563,5,37629.453828
0.834637,4,37632.250475
0.778036,14,37639.457016
0.0,9,37749.656076
0.882485,9,37757.958566
0.898139,10,37765.75434
0.984875,7,37771.181327
0.854242,5,37771.322261
0.980113,3,37773.484224
0.885416,10,37778.701615
0.658454,3,37793.796889
0.772376,5,37798.49235
0.888536,12,37806.240964
0.735221,5,37806.385789
0.930441,4,37809.629211
0.85306,4,37813.470202
0.684177,5,37818.971849
0.806717,4,37819.071651
0.865787,6,37823.481563
0.608998,9,37824.515573
0.356204,6,37839.590052
0.839148,6,37842.381349
0.93891,11,37842.623585
0.0,10,38055.089481
0.964161,4,38057.809135
0.978282,5,38063.278195
0.0,54,38473.713942
0.99275,4,38475.772373
0.912229,9,38476.011983
0.998798,5,38476.118412
0.833236,6,38480.06507
0.802969,7,38480.246371
0.64126,11,38493.431705
0.940598,3,38495.670818
0.721186,18,38517.667618
0.492071,7,38529.417699
0.912435,5,38534.733761
0.600572,4,38543.692629
0.240115,3,38559.488427
0.815621,4,38559.581235
0.960524,4,38562.043482
0.958217,4,38564.471587
0.387089,32,38585.731979
0.801454,4,38588.225195
0.250473,12,38608.307284
0.930047,4,38610.933971
0.595947,5,38617.389012
0.951771,5,38617.501264
0.982403,3,38619.567119
0.820811,5,38630.002058
0.941851,5,38632.395561
0.792025,5,38640.684935
0.80477,9,38651.053679
0.855138,4,38655.399118
0.821246,7,38658.284364
0.861934,8,38660.931459
0.737698,11,38661.261096
0.896716,4,38668.110781
0.880935,3,38672.448592
0.918361,4,38672.56741
0.89361,3,38672.63625
0.961948,5,38678.301214
0.909837,3,38681.570673
0.840098,7,38686.506119
0.747074,5,38692.981766
0.636855,4,38706.958571
0.672625,5,38707.162768
0.90611,3,38709.756316
0.701723,5,38720.558822
0.854426,3,38725.923691
0.780395,4,38726.028828
0.897139,5,38730.324537
0.998849,5,38734.193494
0.972932,8,38739.898668
0.120728,4,38772.572991
0.605424,8,38781.561032
0.830118,9,38786.751715
0.907012,5,38796.028756
0.236676,5,38796.181867
0.998395,3,38800.015418
0.882619,6,38803.576045
0.927805,4,38806.708329
0.90325,3,38811.674763
0.907521,3,38814.403708
0.86146,20,38826.181173
0.0,25,38942.766105
0.91888,8,38953.45063
0.506835,7,38953.846726
0.766693,3,38957.950344
0.489,9,38958.484917
0.356977,8,38968.336613
0.798028,6,38971.285784
0.64878,4,38979.772017
0.918629,5,38986.335707
0.0,52,39329.651409
0.227399,12,39335.941445
0.93584,3,39341.310198
0.834728,6,39343.648215
0.608988,9,39356.981813
0.87765,5,39361.522898
0.0,3,39468.091786
0.792429,3,39474.490077
0.0,15,39654.40767
0.84594,3,39663.377244
0.686562,5,39671.048079
0.942637,3,39673.950355
0.978819,4,39676.144337
0.233879,29,39699.209155
0.820353,4,39701.742029
0.868817,8,39701.949157
0.881173,3,39705.029891
0.949444,3,39705.10537
0.717682,5,39705.222453
0.744244,7,39711.768088
0.852663,10,39724.225192
0.0,6,39786.658126
0.887465,6,39793.450069
0.893952,3,39796.251992
0.896581,3,39798.765104
0.816753,5,39803.163804
0.0,4,39866.465328
0.892311,5,39872.766388
0.948995,7,39875.139174
0.0,4,39972.102528
0.621073,8,40358.194733
0.998382,3,40358.262933
0.805301,13,40358.596614
0.955542,3,40363.111175
0.937651,3,40366.291414
0.789179,3,40374.778407
0.325464,5,40390.37616
0.808916,7,40398.453747
0.0,11,40401.74229
0.690536,9,40414.292893
0.991261,3,40416.38527
0.843939,7,40423.051121
0.0,18,40553.990499
0.728058,5,40554.16644
0.55308,14,40565.511631
0.831603,4,40569.356378
0.880883,4,40573.530831
0.949492,3,40576.039331
0.939535,4,40580.707025
0.946063,5,40584.24127
0.804775,4,40589.805001
0.91992,4,40592.582334
0.939438,3,40592.656273
0.994272,5,40592.765174
0.980808,3,40597.182653
0.959139,4,40599.716792
0.748295,8,40613.119081
0.690572,3,40622.105877
0.834807,11,40629.490471
0.887193,4,40633.994375
0.419993,5,40643.752706
0.873032,10,40658.604717
0.793769,7,40669.365569
0.986261,3,40673.513588
1e-06,12,40675.829441
0.441454,10,40695.83596
0.882664,4,40695.920275
0.906914,5,40698.573242
0.739056,7,40702.22627
0.525003,20,40720.750433
0.84851,8,40731.395824
0.998395,3,40733.284635
0.936168,6,40738.589267
0.758479,8,40744.152434
0.378561,11,40759.294581
0.238679,10,40782.49096
0.691813,4,40790.024443
0.120728,5,40814.604847
0.99563,3,40816.753034
0.879131,4,40821.281934
0.714488,8,40834.596436
0.197879,8,40834.881021
0.007471,13,40880.878567
0.513301,5,40896.159596
0.959119,3,40898.602827
0.792429,3,40905.041811
0.52606,9,40916.75253
0.889443,5,40919.689997
0.700143,16,40923.543031
0.143714,6,40952.979399
0.737933,7,40962.157553
0.825955,3,40965.742435
0.987613,4,40967.915261
0.998249,3,40969.809078
0.918997,3,40969.884536
0.966034,3,40972.191697
0.932325,4,40978.026428
0.716357,7,40985.68685
0.904633,3,40988.854413
0.89361,6,40991.540361
0.414325,10,41003.838146
0.783114,6,41012.292184
0.0,14,41115.345882
0.924352,8,41122.288884
0.727728,6,41128.130054
0.802881,24,41137.806489
0.342971,10,41155.452928
0.32365,9,41197.388935
0.997834,3,41197.450096
0.89002,12,41204.492733
0.389983,4,41209.628004
0.75134,7,41209.795298
0.949436,3,41212.366656
0.793065,8,41218.632559
0.878304,4,41218.725289
0.934518,3,41223.947138
0.925427,8,41227.590921
0.328943,5,41252.451137
0.802902,8,41266.049071
0.865302,4,41270.406956
0.829782,11,41275.126951
0.0,4,41347.840062
0.887137,6,41348.002042
0.869778,3,41352.137828
0.573365,16,41355.376827
0.984762,3,41357.523702
0.848305,6,41357.961305
0.876889,5,41362.574197
0.758331,12,41374.111238
0.860371,6,41374.286207
0.657281,9,41389.549422
0.895178,4,41396.512851
0.973847,3,41398.928709
0.0,4,41459.560645
0.960524,3,41462.047768
0.71366,3,41470.266918
0.759667,9,41476.288984
0.7373,5,41480.358201
0.93584,3,41485.756531
0.663793,6,41490.133875
0.908116,6,41492.786084
0.0,40,41915.519003
0.935351,5,41918.31752
0.90258,7,41918.483161
0.877565,14,41934.414528
0.250036,5,41939.441682
0.97737,5,41943.076458
0.802827,5,41943.211367
0.257925,4,41963.533771
0.616182,5,41963.717553
0.971179,6,41967.175442
0.871592,4,41971.816107
0.499186,13,41999.815777
0.993283,3,41999.882697
0.994315,3,42001.856999
0.0,9,42112.823841
0.68334,5,42120.036062
0.701166,3,42128.119662
0.809935,3,42134.198114
0.966034,4,42138.654089
0.484057,7,42139.072849
0.89,4,42141.739897
0.871284,8,42150.975165
0.866297,4,42154.60299
0.553797,7,42165.098154
0.847927,14,42181.648966
0.600572,3,42190.507466
0.960524,3,42192.943416
0.986876,3,42193.005194
0.936566,4,42196.044703
0.982282,3,42198.179341
0.676502,5,42198.32942
0.731929,24,42226.80687
5e-06,7,42229.216727
0.841859,18,42238.356419
0.905533,4,42238.455325
0.868626,3,42238.542599
0.748799,5,42245.664889
0.0,10,42375.41134
0.824621,7,42383.230011
0.949666,3,42385.633312
0.071663,3,42415.766491
0.896934,5,42418.259743
0.923672,5,42423.644559
0.779976,4,42427.957551
0.227326,5,42449.293304
0.541952,10,42458.148588
0.773042,5,42463.962958
0.964298,4,42468.643325
0.432319,7,42488.233852
0.507285,6,42495.570453
0.85086,5,42498.173801
0.943544,4,42502.850837
0.953243,6,42502.988149
0.710672,4,42507.723599
0.930441,3,42511.070754
0.665598,9,42519.097706
0.919906,4,42521.868812
0.94865,4,42521.952334
0.943544,5,42524.605338
0.998249,3,42528.487856
0.87929,11,42533.124269
0.86452,5,42535.885573
0.912292,3,42541.418624
0.878154,7,42550.853769
0.93336,4,42550.952888
0.55065,8,42564.268217
0.0,6,42625.05855
0.894937,11,42630.613224
0.71366,3,42638.961578
0.800433,7,42642.310812
0.909837,3,42647.941194
0.92261,3,42653.221765
0.64716,7,42653.567364
0.908499,3,42657.22525
0.282825,9,42673.120255
0.937947,8,42673.421779
0.0,3,42734.421615
0.614677,4,42734.550862
0.979919,4,42734.643732
0.0,9,42738.598339
0.866614,5,42738.754003
0.909837,3,42744.324209
0.909837,4,42747.683711
0.955878,4,42750.098993
0.908986,5,42754.005022
0.894448,3,42756.867385
0.489729,4,42769.269291
0.47277,14,42810.779118
0.544041,5,42815.65872
0.598744,5,42829.1212
0.0,5,42892.012979
0.887137,4,42892.138737
0.853515,6,42892.322773
0.921565,5,42892.460327
0.966034,4,42894.794969
0.904732,7,42901.702201
0.0,10,43023.328431
0.855341,5,43031.022757
0.227326,6,43052.810437
0.829543,5,43056.851267
0.941451,4,43059.650979
0.89796,3,43059.724928
0.765446,13,43068.264108
0.879589,4,43074.904635
0.810899,6,43077.745929
0.838379,3,43084.310629
0.963243,7,43086.942367
0.48825,4,43099.945813
0.952918,4,43102.679236
0.333613,25,43134.370492
0.787139,3,43139.202586
0.868951,3,43139.287389
0.878659,5,43143.633078
0.612976,7,43148.087996
0.809099,3,43154.62535
0.932496,3,43154.725003
0.863614,22,43162.848137
0.697362,9,43170.779329
0.71366,3,43179.056919
0.4284,22,43218.95491
0.614735,7,43231.148952
0.983985,3,43233.301708
0.964161,3,43235.946491
0.932734,3,43238.33866
0.156243,13,43251.59259
0.978239,4,43251.684131
0.791448,3,43262.281104
0.977351,3,43266.610471
0.0,4,43363.532438
0.756816,3,43368.372952
0.969917,5,43371.872283
0.0,27,43581.960116
0.711092,11,43593.295935
0.904378,7,43595.758386
0.977351,3,43597.951783
0.82886,7,43600.647879
0.949492,4,43605.330344
0.889624,6,43609.079399
0.738847,5,43616.646962
0.930047,3,43619.369685
0.337202,23,43648.112053
0.868951,3,43648.197269
0.47561,7,43648.497624
0.852175,7,43648.680704
0.753481,5,43654.00044
0.894877,3,43654.075497
0.879131,4,43658.457821
0.0,16,43720.671553
0.949492,3,43723.177552
0.693194,8,43734.647542
0.337038,16,43761.924491
0.60765,4,43774.79173
0.703761,4,43785.023012
0.774883,7,43794.344812
0.973041,3,43794.412581
0.880935,4,43798.771284
0.802383,8,43804.211449
0.393436,7,43804.534037
0.752782,8,43807.049693
0.0,8,43871.01932
0.887775,5,43874.649591
0.94354,5,43878.351654
0.990374,3,43878.417088
0.885374,5,43880.909893
0.538379,6,43891.927276
0.968771,3,43891.993287
0.964298,3,43894.419691
0.770771,4,43899.673124
0.89361,5,43902.330486
0.871515,4,43906.852422
0.932963,4,43913.020122
0.784358,4,43919.132908
0.701122,6,43927.46785
0.800083,5,43932.935402
0.0,10,43980.931721
0.0,30,44097.900808
0.794944,5,44102.759612
0.987613,3,44104.922932
0.819868,8,44105.181577
0.861307,8,44111.865656
0.771072,6,44120.587824
0.035196,24,44143.81443
0.782382,7,44146.26001
0.0,10,44285.740216
0.0,5,44332.693503
0.891313,4,44335.00418
0.853268,5,44340.095461
0.902151,7,44349.641448
0.348987,19,44355.442459
0.372983,17,44372.487018
0.513197,5,44372.776687
0.380244,9,44397.994787
0.227326,3,44419.169873
0.603545,6,44428.098328
0.103002,11,44498.351274
0.34832,4,44498.560648
0.706365,4,44506.06219
0.831522,3,44509.874024
0.437906,6,44510.098273
0.914102,4,44514.344413
0.943544,3,44902.641118
0.929774,6,44904.937631
0.869034,6,44905.10193
0.809099,3,44911.642935
0.0,2,44988.865067
0.722734,5,45004.06717
0.949436,3,45006.584397
0.842251,4,45009.364446
0.909837,3,45012.697948
0.339027,5,45012.968391
0.766835,4,45013.077022
0.343402,11,45041.966003
0.58499,4,45049.024128
0.954218,4,45055.121175
0.360476,14,45072.189835
0.94159,5,45077.455188
0.0,19,45149.486396
0.894297,3,45149.572706
0.841782,6,45157.61889
0.753538,5,45165.889128
0.923281,5,45168.866772
0.342935,26,45206.702138
0.836494,5,45206.82068
0.0199,38,45428.511343
0.773659,6,45434.853096
0.934441,5,45438.79794
0.463971,5,45451.108446
0.77658,9,45456.461942
0.860101,4,45460.583338
0.874808,5,45463.638852
0.708108,10,45472.524435
0.808916,5,45481.14191
0.954117,5,45486.191465
0.967335,3,45490.93822
0.876933,8,45493.859096
0.439233,5,45498.82594
0.982795,5,45498.935827
0.913425,4,45502.065215
0.860046,4,45509.532548
0.931712,6,45509.691141
0.939197,3,45512.690549
0.0,27,45518.516999
0.751764,13,45519.772727
0.850941,5,45522.653965
0.816254,8,45531.256191
0.965775,4,45531.344691
0.904732,13,45551.899762
0.86814,6,45561.31929
0.902714,4,45565.71388
0.835451,6,45570.600379
0.79726,4,45570.696804
0.845366,3,45574.391356
0.978717,4,45577.720199
0.623587,6,45577.98102
1.2e-05,22,45693.632454
0.943099,3,45696.588737
0.880749,4,45699.261079
0.996237,3,45703.331963
0.810638,5,45703.4726
0.1239,7,45704.254991
0.699817,4,45712.877936
0.795079,6,45717.410073
0.767992,6,45723.17729
0.893952,3,45725.979527
0.554174,5,45737.681942
0.88931,4,45737.797675
0.585547,10,45747.371423
0.949666,5,45749.938256
0.866297,3,45753.57567
0.892374,3,45758.903226
0.983985,3,45763.157115
0.848381,5,45768.16903
0.963446,5,45774.091085
0.942637,3,45777.001396
0.962136,4,45779.244648
0.974171,4,45779.33157
0.937331,6,45783.763074
0.769501,3,45788.693303
0.789934,5,45792.1474
0.880942,3,45796.505977
0.967958,3,45801.131392
0.998849,4,45805.189127
0.606287,4,45814.575166
0.855707,4,45814.663643
0.980153,3,45816.931388
0.829468,4,45822.087302
0.902223,4,45826.255213
0.880942,3,45830.619534
0.789056,7,45846.233738
0.735735,7,45851.99105
0.765722,6,45860.96503
0.881589,5,45863.447365
0.636855,3,45877.643665
0.964298,3,45880.381123
0.812969,4,45880.492065
0.782877,4,45886.73395
0.732636,7,45895.75926
0.173866,4,45920.589187
0.952262,3,45920.659648
0.871284,5,45924.473444
0.963163,4,45930.739545
0.478142,10,45946.602921
0.801153,3,45952.299891
0.904633,5,45955.28094
0.649729,7,45955.476612
0.998395,3,45957.46101
0.269496,15,45957.945809
0.797083,5,45963.582218
0.964161,3,45966.392422
0.812327,17,45988.658468
0.610508,5,46012.891537
0.0,5,46074.352194
0.764369,15,46078.305262
0.904633,4,46081.683232
0.735937,4,46098.19186
0.909837,3,46103.809417
0.315352,12,46133.35165
0.511373,6,46148.991852
0.7013,6,46155.305527
0.752471,8,46155.66904
0.838379,5,46162.427446
0.997258,3,46164.446254
0.777104,4,46167.162641
0.931421,5,46167.290582
0.554174,4,46179.476368
0.904671,5,46182.944371
0.980458,3,46183.009471
0.878177,3,46186.84819
0.825073,6,46191.831009
0.476453,6,46208.666375
0.820811,5,46216.714104
0.990233,3,46220.78623
0.317137,10,46266.706402
0.879343,4,46271.402734
0.909837,3,46276.934371
0.898419,3,46282.085665
0.133725,10,46315.913267
0.800673,5,46316.037272
0.904633,3,46319.141474
0.989644,3,46319.210546
0.893952,5,46324.678142
0.0,3,46385.502513
0.855671,5,46390.442379
0.939535,3,46393.03442
0.977351,3,46397.384194
0.926421,3,46403.444698
0.808916,5,46411.397199
0.595947,3,46420.365865
0.425644,10,46434.879494
0.612389,4,46435.067079
0.690572,5,46448.741674
0.893952,3,46451.606269
0.818654,4,46455.126937
0.949839,7,46465.616175
0.860371,4,46465.732694
0.894885,4,46471.163618
0.782377,8,46491.356915
0.693474,7,46504.872527
0.974418,6,46507.054896
0.80008,5,46512.67721
0.545456,6,46517.54021
0.84881,3,46524.096467
0.374419,24,46550.532058
0.935293,4,46556.652414
0.998395,5,46558.605374
0.0,14,46607.977538
0.887775,4,46614.85103
0.957191,3,46617.285796
0.759555,4,46621.991835
0.754464,4,46627.8136
0.707826,4,46636.50991
0.933209,4,46642.870827
0.942889,3,46642.947585
0.0,8,46705.892499
0.990233,3,46707.952984
0.799497,4,46716.574685
0.807405,16,46731.96553
0.120728,4,46756.5642
0.924505,3,46759.237993
0.920699,4,46763.173837
0.287058,4,46783.659027
0.8927,5,46790.255776
0.808916,7,46798.251325
0.921537,6,46802.202089
0.610208,4,46802.311423
0.95882,3,46802.378862
0.833236,4,46806.24324
0.909652,5,46806.361764
0.983985,3,46808.539797
0.924352,7,46816.956264
0.0,5,46900.797305
0.640439,7,46908.7513
0.831207,5,46916.73008
0.726608,4,46923.424841
0.879131,4,46927.970461
0.861451,4,46928.064204
0.949492,3,46932.706255
0.348639,8,46949.292221
0.941245,3,46949.368437
0.845988,3,46953.987933
0.880942,3,46958.295931
0.804763,4,46962.740412
0.947996,3,46965.304725
0.983985,3,46969.649463
0.772368,3,46976.056524
0.402571,9,46993.393582
0.0,3,47053.924765
0.823208,5,47054.051778
0.989657,3,47056.005937
0.68077,5,47056.320176
0.898339,5,47060.7018
0.690095,3,47073.86849
0.441185,4,47085.218085
0.928393,5,47085.327246
0.898339,4,47088.644822
0.99146,5,47090.678286
0.867728,4,47094.347789
0.882114,10,47097.184013
0.859162,8,47106.687718
0.878878,4,47109.039501
0.539507,7,47121.361103
0.327588,24,47144.986794
0.0,28,47225.167423
0.315352,4,47247.32419
0.791967,3,47251.223059
0.892085,5,47258.085664
0.990494,3,47260.205538
0.393675,4,47276.104498
0.554174,5,47288.313386
0.8645,4,47296.688784
0.766693,4,47301.016958
0.977351,3,47303.233689
0.120728,4,47328.495582
0.74419,4,47332.672225
0.942637,3,47335.815808
0.738922,6,47340.181097
0.885416,3,47343.59067
0.0,8,47409.871121
0.906466,4,47412.402826
0.0,18,47546.583936
0.0,12,47635.347009
0.91805,5,47638.389838
0.817243,3,47645.497903
0.79631,6,47645.654836
0.756816,5,47653.769186
0.895898,7,47653.949863
0.8645,6,47662.265999
0.810782,6,47662.432188
0.0,4,47723.033163
0.530537,10,47743.671184
0.412888,7,47769.7419
0.767001,5,47775.73769
0.919177,4,47775.83707
0.985872,3,47779.9666
0.786896,3,47786.59542
0.820887,4,47792.365496
0.877565,8,47802.595558
0.983985,5,47806.84923
0.909837,3,47810.18787
0.909837,3,47813.530016
0.547699,11,47824.066673
0.939197,4,47826.925624
0.877074,6,47827.074854
0.314952,4,47845.478364
0.693524,4,47853.884189
0.959524,10,47861.707485
0.0,1,47922.301748
0.880134,7,47925.870479
0.929032,3,47928.889134
0.635367,8,47940.016053
0.727148,7,47945.221433
0.100914,8,47975.189515
0.885416,5,47978.210112
0.78156,7,47986.89792
0.884055,3,47991.319679
0.370594,6,48000.276232
0.859384,5,48009.287562
0.0,13,48149.190447
0.731107,4,48155.147114
0.969708,7,48157.767266
0.394236,8,48168.653946
0.723627,23,48190.951433
0.0,8,48254.472212
0.977732,3,48256.783239
0.675261,5,48268.266665
0.714445,7,48268.453456
0.86897,5,48276.902002
0.699339,6,48286.996939
0.890319,6,48287.150248
0.817598,5,48292.906639
0.976934,3,48295.155588
0.38545,4,48295.309411
0.979769,4,48297.432949
0.878838,8,48301.926741
0.817243,4,48305.99671
0.131983,4,48330.525648
0.957284,4,48330.619843
0.894885,4,48335.944076
0.774549,6,48343.212522
0.0,13,48386.881002
0.95456,3,48386.957941
0.0,1,48447.668885
0.989804,5,48449.562015
0.7413,4,48455.341784
0.85776,7,48465.049886
0.887775,3,48468.61743
0.066412,4,48501.202967
0.789179,4,48509.86671
0.8018,6,48515.239059
0.92295,4,48515.326377
0.418356,32,48550.863221
0.960514,3,48553.511852
0.841613,7,48553.702104
0.432512,3,48565.845775
0.768106,13,48568.833263
0.901724,4,48571.484769
0.749624,4,48571.623384
0.0,32,48743.832728
0.0,6,48844.297271
0.944987,5,48844.425386
0.101201,17,48926.488887
0.0,8,48990.132811
0.934365,5,48993.319801
0.905045,7,49000.356618
0.993953,3,49002.363787
0.0,62,49312.8392
0.919492,3,49316.121089
0.949444,4,49316.220696
0.55308,6,49324.086448
0.0,26,49584.698921
0.970224,5,49584.81914
0.419655,34,50179.851777
0.926142,3,50182.862151
0.89,4,50185.644778
0.0,32,50419.080412
0.796931,6,50424.973552
0.000103,18,50476.64186
0.905676,4,50479.054291
0.9381,4,50481.740968
0.240115,3,50501.159366
0.966034,3,50503.4445
0.983985,3,50505.583828
0.472581,4,50522.365083
0.993776,4,50522.449307
0.0,1,50583.125677
0.603593,3,50591.933672
0.447563,8,50611.136966
0.439625,4,50615.790341
0.896931,3,50618.427734
0.835955,8,50621.800059
0.864087,3,50625.584656
0.931598,5,50627.97399
0.465417,5,50637.611616
0.996036,3,50639.511059
0.54095,11,50651.259876
0.997623,4,50653.263069
0.904633,5,50656.197574
0.984762,3,50658.357316
0.504233,7,50658.595274
0.914455,4,50663.510325
0.342785,7,50681.595073
0.952634,4,50684.019081
0.939816,7,50686.384983
0.966034,3,50690.862541
0.784832,5,50697.066443
0.992078,3,50697.141323
0.841991,6,50701.727945
0.802379,6,50711.067474
0.585967,6,50711.270074
0.0,13,50830.636763
0.98068,3,50834.309101
0.8645,4,50839.226873
0.835822,5,50848.378434
0.906744,3,50853.411004
0.589209,4,50853.534922
0.441454,6,50872.043422
0.753481,4,50877.350477
0.998249,4,50881.22858
0.93584,3,50886.590952
0.828068,4,50894.135605
0.0,1,50954.481563
0.879474,3,50957.752865
0.0,2,51018.305268
0.832425,7,51024.894726
0.940667,3,51027.707274
0.960524,3,51030.103685
0.610321,7,51034.422693
0.768942,6,51034.578709
0.892374,3,51037.720013
0.913047,4,51043.403503
0.70251,4,51053.727523
0.624021,5,51070.136469
0.937651,3,51073.291262
0.362531,5,51087.368789
0.538643,10,51097.398398
0.66534,5,51104.875759
0.887276,4,51111.552264
0.403542,10,51123.15923
0.790407,4,51123.276969
0.804809,4,51131.418139
0.521869,4,51142.807797
0.856485,4,51147.535139
0.710656,3,51156.086104
0.744022,5,51156.284115
0.799208,4,51162.482623
0.993109,3,51164.577482
0.887137,3,51164.65591
0.876037,3,51168.018578
0.290876,6,51206.214074
0.771689,6,51206.409065
0.747074,3,51212.421303
0.0,64,51654.806903
0.338801,11,51702.663128
0.0,4,51763.982261
0.507881,4,51764.127728
0.992755,3,51766.126435
0.860129,9,51774.831788
0.996036,3,51776.810016
0.948613,4,51779.436382
0.0,9,51842.836573
0.947644,4,51845.679991
0.865022,10,51849.710397
0.976358,5,51849.837339
0.952918,3,51852.475068
0.781638,4,51858.540876
0.825236,4,51858.649276
0.98575,3,51858.711991
0.758103,5,51862.141442
0.758401,4,51862.278862
0.998249,3,51864.178192
0.90325,5,51866.982535
0.343402,4,51884.240035
0.954198,5,51886.769007
0.824862,5,51891.936813
0.998395,3,51893.832998
0.0,10,51895.119431
0.955542,3,51897.540612
0.964298,4,51902.400527
0.924015,8,51907.928669
0.514318,3,51920.597968
0.218022,6,51952.798597
0.967048,3,51952.875079
0.836494,5,51957.694204
0.0,8,52072.908109
0.71366,5,52081.265481
0.950376,4,52086.802619
0.809099,3,52093.362525
0.865799,6,52104.137199
0.921765,4,52110.050097
0.902489,9,52125.173605
0.98595,3,52125.241198
0.952461,3,52128.071256
0.946749,3,52134.615673
0.923281,3,52137.235726
0.483887,4,52137.362012
0.955542,3,52139.738883
0.311604,10,52149.967008
0.998395,3,52151.873014
0.642315,4,52159.550249
0.984762,6,52161.770876
0.489729,5,52173.568208
0.865428,5,52178.224962
0.960524,3,52180.684552
0.989498,3,52182.734279
0.960514,5,52185.467104
0.985414,3,52185.529999
0.000293,45,52283.179766
0.210804,17,52316.656171
0.897925,8,52326.490571
0.814953,5,52330.390235
0.880935,3,52334.797164
0.769871,6,52338.610123
0.638013,6,52338.797049
0.841098,4,52343.620481
0.977351,3,52345.816223
0.829774,5,52353.766423
0.894885,3,52356.730561
0.882731,7,52359.755144
0.892616,4,52366.377815
0.825959,4,52372.935184
0.380244,6,52400.071512
0.841982,12,52407.84488
0.665468,4,52415.620536
0.864195,7,52430.999507
0.870947,4,52433.868962
0.545456,6,52438.749128
0.0,15,52528.603039
0.955967,4,52533.299778
0.943429,5,52544.075366
0.970017,5,52547.384952
0.118165,37,52594.588466
0.86557,5,52599.620034
0.948613,3,52602.144223
0.940914,4,52605.688864
0.940689,4,52605.786651
0.928972,4,52605.871859
0.0,10,52711.708322
0.65684,3,52721.115457
0.967958,4,52723.38494
0.871515,5,52727.955562
0.939197,3,52730.899661
0.795524,3,52736.647177
0.517427,5,52747.00819
0.908585,3,52747.084579
0.753511,4,52747.212956
0.337589,7,52747.477275
0.608874,3,52758.825811
0.998974,3,52758.888679
0.896931,3,52761.628333
0.845988,3,52766.201646
0.932499,4,52770.026313
0.967377,3,52772.194847
0.772368,3,52778.585
0.93584,3,52781.38434
0.998798,3,52781.444403
0.865266,4,52788.604327
0.88288,4,52788.703222
0.396658,9,52811.553942
0.770787,7,52821.530123
0.442487,5,52839.775022
0.907934,6,52842.429024
0.784934,6,52851.254825
0.671208,7,52851.519486
0.90325,3,52854.106032
1e-06,5,52900.834522
0.521869,3,52912.223757
0.669328,5,52912.341937
0.858827,8,52920.501481
0.915765,5,52923.542288
0.9748,5,52923.641441
0.845988,3,52930.4891
0.739538,10,52943.491873
0.998395,4,52949.155467
0.396365,4,52961.744213
0.955542,3,52966.238902
0.994369,3,52968.2004
0.998849,3,52970.167471
0.86225,5,52970.285578
0.943544,4,52972.963212
0.92261,3,52978.273851
0.739233,6,52978.42969
0.605367,6,52987.279829
0.850006,7,53000.801186
0.0,4,53062.245828
0.964161,3,53064.771277
0.932326,5,53064.907255
0.690572,3,53077.111454
0.868817,4,53077.223873
0.881916,4,53081.251813
0.955839,3,53087.880587
0.814976,5,53090.733253
0.862328,10,53103.938651
0.929032,4,53106.972558
0.812184,6,53114.97161
0.418463,4,53126.801753
0.660494,7,53135.813274
0.636855,6,53148.146666
0.864087,7,53152.062679
0.768233,4,53152.185322
0.809099,3,53158.648492
0.943429,3,53161.459826
0.858827,4,53165.237602
0.85776,3,53171.954482
0.89361,3,53172.028197
0.124363,3,53207.013747
0.266541,3,53222.394523
0.960788,3,53222.461192
0.826503,6,53228.444793
0.98805,5,53230.666412
0.892144,8,53247.02522
0.996036,4,53250.964464
0.909837,3,53254.245783
0.969708,4,53259.08192
0.444368,8,53273.28405
0.0,9,53336.616577
0.993037,3,53338.751519
0.829704,4,53341.825302
0.783078,6,53350.162901
0.873022,4,53357.134801
0.983985,3,53359.270854
0.315352,4,53381.171077
0.607336,11,53390.736293
0.61406,10,53391.172358
0.642188,4,53402.853886
0.895178,4,53409.341277
0.120728,3,53442.107407
0.89606,4,53444.375848
0.817936,9,53444.576285
0.968238,3,53446.841814
0.88288,3,53446.921699
0.347212,7,53447.399832
0.809099,3,53453.532598
0.693524,3,53462.15977
0.977351,3,53464.347287
0.985997,4,53464.430717
0.658454,3,53479.105243
0.120728,6,53513.368598
0.41833,17,53537.499367
0.512675,6,53552.421775
0.452301,5,53566.355195
0.845988,3,53570.783417
0.883568,6,53575.90374
0.507375,8,53593.75329
0.332671,6,53617.914779
0.343402,5,53635.449744
0.932496,4,53635.537888
0.918255,5,53638.179486
0.55308,17,53661.932061
0.903354,4,53662.035491
0.794734,6,53664.980271
0.919492,3,53668.236367
0.909837,3,53673.796573
0.939535,3,53676.356319
0.521869,3,53687.773088
0.957191,4,53690.197552
0.719148,7,53694.32377
0.887087,8,53697.070497
0.893952,3,53699.877552
0.989498,3,53701.937151
0.989498,3,53704.016992
0.516591,4,53704.218184
0.932499,4,53708.022375
0.951366,3,53710.439749
0.811917,4,53722.701274
0.243036,4,53744.434303
0.918698,3,53744.501653
0.565591,5,53744.689227
0.967958,3,53746.852551
0.889421,5,53752.454803
0.89,3,53755.097461
0.77476,6,53762.133867
0.691813,3,53769.879427
0.78756,5,53770.047683
0.998849,3,53771.964552
0.786896,3,53775.840147
0.880942,3,53780.085101
0.710672,4,53787.259849
0.658454,3,53802.203209
0.923364,5,53807.140308
0.780348,9,53821.049541
0.0,6,53929.858441
0.378486,18,53931.897269
0.951378,3,53934.160548
0.942806,5,53937.954564
0.505561,5,53938.102243
0.868398,3,53941.470238
0.522002,4,53950.787468
0.843268,3,53950.881807
0.804775,4,53956.438489
0.986977,3,53958.439074
0.930441,3,53961.681975
0.0,1,54022.027736
0.872083,4,54026.370959
0.958945,4,54030.835323
0.998849,4,54032.783555
0.964298,3,54035.301321
0.894448,3,54038.260873
0.285767,7,54059.577074
0.927401,3,54061.985091
0.848747,4,54065.487622
0.920363,4,54069.742874
0.880935,3,54074.041486
0.905195,4,54074.138546
0.904633,3,54077.121797
0.733444,8,54086.148858
0.238872,8,54098.580788
0.934429,4,54102.342856
0.608904,25,54118.319855
0.854426,3,54121.502715
0.541528,4,54136.555662
0.91542,4,54140.433841
0.949973,4,54142.912977
0.986291,3,54142.977505
0.340584,22,54170.713707
0.964298,3,54173.254903
0.824882,3,54178.600347
0.994695,3,54178.666317
0.949492,4,54181.352072
0.880935,3,54185.777983
0.842974,6,54185.923243
0.977304,3,54188.138498
0.899019,12,54204.868936
0.843943,5,54209.306314
0.876048,4,54213.910362
0.586171,9,54235.461808
0.789179,3,54241.098554
0.904633,3,54243.977336
0.807185,5,54251.963587
0.879474,8,54255.138314
0.865721,5,54260.067115
0.0,10,54322.36657
0.0,4,54429.530131
0.0,5,54490.726118
0.884165,6,54494.436846
0.966034,3,54496.775398
0.765414,9,54505.851311
0.824084,6,54510.889459
0.0,6,54617.960556
0.8645,3,54622.704038
0.521869,3,54634.110207
0.882906,5,54641.799608
0.94119,3,54644.221726
0.646975,5,54653.087882
0.996036,3,54656.956119
0.894885,3,54659.922979
0.672779,3,54665.640406
0.773022,6,54665.818696
0.817616,3,54673.290384
0.756816,8,55079.856012
0.554174,3,55091.640448
0.404749,7,55100.59082
0.949436,3,55103.166003
0.892537,4,55106.629433
0.917822,4,55110.639911
0.784612,6,55116.435949
0.879446,11,55122.989242
0.690572,3,55131.837578
0.865428,4,55136.375
0.784861,4,55144.898069
0.869545,4,55147.447501
0.621311,5,55153.345647
0.900269,5,55157.862003
0.380683,4,55173.639657
0.864213,5,55177.149294
0.892238,4,55180.654733
0.279612,4,55205.018517
0.565284,4,55205.148691
0.911448,4,55211.100963
0.899985,5,55211.218751
0.876045,5,55217.979439
0.880997,4,55226.345012
0.964161,4,55229.008997
0.898419,4,55231.998695
0.998849,3,55233.876853
0.69994,3,55241.39338
0.80767,5,55241.505359
0.35569,4,55241.800724
0.880935,3,55246.192588
0.785831,4,55249.984638
0.907623,4,55255.386501
0.760452,4,55261.225588
0.546793,7,55276.644107
0.963618,3,55276.710861
0.977776,3,55279.034318
0.343402,3,55296.623123
0.969708,4,55299.160656
0.38656,40,55369.360395
0.0,2,55429.835124
0.995546,3,55429.931199
0.926421,3,55436.1211
0.960524,3,55438.624408
0.0,6,55499.75456
0.789179,3,55505.42264
0.78004,4,55509.070547
0.942523,4,55513.733192
0.868951,4,55513.852719
0.864588,3,55517.592765
0.56976,3,55535.837286
0.0,10,55537.528108
0.947728,3,55537.595468
0.989498,4,55539.690346
0.752429,6,55543.758996
0.860531,4,55543.86376
0.991289,4,55545.91191
0.835822,4,55553.581656
0.845988,3,55558.083342
0.971474,3,55562.703686
0.980144,3,55564.881164
0.693524,3,55573.493157
0.315352,13,55636.567488
0.472581,4,55653.451551
0.950653,5,55658.49963
0.850477,4,55666.563735
0.509174,4,55681.733661
0.801153,3,55687.641782
0.719198,3,55699.643517
0.690572,3,55708.70337
0.802107,4,55713.80605
0.864588,3,55717.610357
0.0,3,55778.464545
0.883708,3,55781.973797
0.441454,4,55796.628765
0.8645,3,55801.294291
0.9381,5,55803.979145
0.592725,4,55814.550322
0.868714,5,55818.276872
0.929944,4,55820.550786
0.0,5,55907.758008
0.984739,3,55907.832947
0.441454,4,55922.875403
0.903801,4,55927.099962
0.0,17,56059.314844
0.938819,4,56064.811973
0.961024,4,56064.923972
0.0,5,56167.945006
0.81499,4,56174.14263
0.989809,3,56176.315063
0.707826,4,56184.786715
0.923672,3,56190.218802
0.831076,6,56194.042478
0.838004,7,56198.908405
0.789179,3,56207.261975
0.582003,13,56221.212655
0.789179,4,56229.51138
0.804319,5,56232.71421
0.930441,4,56236.083181
0.0,64,56571.951324
0.356497,8,56591.486955
0.824882,3,56597.039852
0.983654,3,56597.10324
0.393675,3,56612.517188
0.992213,3,56612.584239
0.792429,3,56616.549336
0.982016,5,56616.659851
0.77955,3,56620.896469
0.894894,5,56627.161527
0.0,11,56756.318119
0.57159,4,56760.054101
0.0,35,56855.517515
0.504205,10,56863.468803
0.960524,3,56865.929031
0.783074,5,56871.324409
0.887137,3,56871.404071
0.799855,4,56879.540188
0.456721,4,56883.099361
0.957191,3,56887.717099
0.986261,3,56892.019202
0.218022,10,56928.819689
0.880935,3,56933.121525
0.858297,9,56937.972679
0.787483,4,56938.107293
0.909837,3,56941.420295
0.939797,3,56944.321225
0.745107,5,56947.089279
0.989498,3,56949.139094
0.867991,4,56949.237268
0.978819,3,56951.39214
0.509113,6,56951.664389
0.990233,3,56955.729781
0.898286,4,56961.974024
0.958771,4,56967.745907
0.508427,10,56968.05713
0.439544,6,56972.828703
0.343402,4,56990.570029
0.363413,7,57006.49475
0.81855,10,57014.889909
0.593353,3,57024.189387
0.980425,5,57024.292342
0.917301,3,57024.366325
0.756816,4,57029.341317
0.67697,3,57035.097218
0.960524,3,57037.576493
0.949702,4,57037.70175
0.978302,4,57043.159989
0.871413,5,57047.738527
0.984872,3,57049.756676
0.949666,3,57052.249443
0.787139,4,57057.255882
0.36057,10,57057.635271
0.71366,3,57066.182763
0.882114,8,57068.872048
0.966034,3,57071.095776
0.838379,3,57074.883915
0.673362,5,57081.074977
0.824035,3,57093.475764
0.0,7,57155.356915
0.831371,3,57162.166442
0.803483,5,57162.327032
0.801306,4,57164.965619
0.923704,6,57169.325081
0.984762,3,57171.484184
0.877618,4,57171.589288
0.988434,3,57173.667511
0.880935,3,57177.977799
0.89,3,57178.047631
0.998249,3,57181.947011
0.939593,3,57182.016492
0.887576,5,57182.13198
0.985872,3,57184.253749
0.978819,3,57186.416709
0.8645,5,57191.264608
0.989498,3,57193.311329
0.393675,5,57208.875722
0.0,5,57269.57138
0.794503,5,57269.717147
0.745192,4,57269.838793
0.892374,4,57273.044044
0.646975,3,57282.07094
0.809099,3,57288.244034
0.988434,3,57290.314169
0.921592,5,57295.774753
0.81367,5,57307.837887
0.646638,7,57314.173946
0.0,3,57375.789948
0.39791,5,57391.699593
0.960524,3,57394.207362
0.987989,4,57394.296778
0.776835,10,57401.517549
0.78071,3,57408.289519
0.828763,8,57411.695012
0.996237,3,57415.752641
0.0,5,57476.667296
0.949235,3,57476.746035
0.937651,4,57482.802823
0.362266,5,57483.048849
0.830808,7,57488.396936
0.600572,3,57497.744795
0.832404,4,57497.848412
0.947765,4,57503.892909
0.817243,5,57507.890194
0.707826,3,57516.432189
0.893952,3,57519.092338
0.690572,3,57531.397537
0.470503,7,57553.067087
0.779413,4,57553.180268
0.241269,10,57593.077666
0.945418,10,57596.888039
0.864588,4,57600.826032
0.7413,4,57606.580654
0.146877,8,57635.8303
0.963031,4,57637.890909
0.955042,3,57640.400478
0.86814,3,57644.276768
0.869123,4,57651.463078
0.850522,4,57656.25969
0.986808,3,57656.32902
0.930441,3,57659.765718
0.665049,7,57677.78191
0.71366,3,57685.977566
0.327326,10,57696.226409
0.916307,4,57703.016814
0.831076,3,57706.856202
0.862282,6,57707.040815
0.977776,3,57709.272581
0.940216,6,57715.834147
0.955427,3,57718.122956
0.685434,5,57725.407542
0.967335,3,57727.931291
0.887893,5,57732.157735
0.960514,3,57734.802887
0.967377,3,57737.079574
0.750226,4,57742.855059
0.966034,3,57745.169743
0.832198,6,57754.947625
0.718441,4,57770.631869
0.432512,4,57782.631083
0.476637,6,57794.409673
0.916868,5,57794.528947
0.743439,3,57801.546283
0.953778,3,57804.075577
0.978819,3,57808.410317
0.949492,3,57810.814242
0.71366,3,57819.304328
1e-06,7,57866.536177
0.909568,6,57872.332206
0.56789,5,57880.376441
0.990233,3,57882.423745
0.768816,3,57888.393965
0.960524,3,57890.864088
0.553463,3,57902.197357
0.887137,3,57902.28084
0.918504,6,57902.426186
0.889394,4,57904.701042
0.0,16,57968.794185
0.820505,6,57971.409897
0.264183,21,58003.096738
0.920605,3,58003.171
0.441324,5,58021.630373
0.734216,4,58025.397865
0.890338,3,58028.269572
0.967335,3,58030.815791
0.8645,5,58035.787891
0.0,35,58274.574538
0.940125,4,58274.694472
0.895025,5,58277.874077
0.814466,6,58278.026477
0.46927,5,58278.212852
0.612456,3,58284.476906
0.949436,3,58289.3036
0.976075,3,58293.821182
0.6133,6,58307.034062
0.7512,4,58313.619797
0.881833,4,58319.913446
0.916089,4,58327.324268
0.892374,3,58330.440747
0.898166,6,58337.033513
0.387311,5,58341.125065
0.703761,4,58351.139488
0.912292,3,58356.651449
0.699095,6,58362.175657
0.949492,3,58364.70377
0.405529,32,58405.7859
0.847431,4,58409.400624
0.242783,6,58431.411099
0.845988,3,58435.814405
0.991172,3,58437.840746
0.693524,3,58446.531906
0.989983,3,58448.507092
0.863451,5,58452.929018
0.889421,3,58458.490393
0.0,3,58557.955731
0.709254,4,58565.841063
0.986357,3,58567.901507
0.785577,4,58571.423378
0.673907,6,58577.978554
0.634316,11,58585.20394
0.886345,5,58585.371139
0.912292,4,58590.828386
0.934518,3,58596.029165
0.911284,6,58596.205011
0.990233,3,58600.266706
0.421521,7,58600.624138
0.799424,4,58609.16035
0.977776,3,58611.510761
0.891555,3,58611.586224
0.951713,3,58611.659156
0.720993,8,58621.84005
0.708076,3,58630.706365
0.890338,3,58633.656816
0.808916,4,58641.383035
0.945268,8,58647.978225
0.918946,4,58650.647344
0.968238,3,58652.922747
0.878177,3,58656.886643
0.917824,4,58661.085421
0.943712,3,58663.682014
0.964298,4,58666.202138
0.441454,3,58680.99155
0.957191,3,58683.3125
0.976435,4,58686.652323
0.923364,4,58689.356988
0.845366,3,58693.12947
0.71973,6,58703.279303
0.373285,7,58728.361704
0.931421,3,58728.43256
0.955042,4,58730.937276
0.986261,3,58735.27859
0.889302,5,58739.530712
0.322248,4,58755.388252
0.866459,3,58759.227249
0.937651,3,58762.398893
0.987613,3,58766.449506
0.0,9,58830.355437
0.807508,5,58833.91815
0.753084,7,58834.095052
0.806046,7,58839.572922
0.54702,4,58850.126497
0.896931,4,58852.81484
0.978819,3,58854.97409
0.555147,30,58894.073554
0.521869,3,58908.977638
0.998395,3,58910.873821
0.811868,3,58915.15207
0.852405,4,58915.251402
0.938374,4,58915.347205
0.67697,4,58921.152671
0.358919,5,58943.592095
0.930441,3,58946.830596
0.714823,5,58946.9423
0.84187,3,58950.564473
0.0,2,59011.000784
0.97529,5,59014.42999
0.989498,3,59016.491231
0.943544,3,59019.259188
0.960524,3,59021.755526
0.781245,6,59027.220983
0.0,11,59029.907149
0.0,4,59090.983202
0.989498,3,59093.080666
0.903845,6,59099.939271
0.923672,4,59105.431656
0.866972,4,59108.939431
0.724263,12,59128.433117
0.644204,5,59136.39078
0.801949,5,59144.483253
0.690572,3,59153.348378
0.55308,5,59160.942469
0.0,3,59223.703489
0.880935,3,59228.11186
0.706996,7,59237.057973
0.340681,18,59277.260375
0.0,9,59338.88276
0.960524,3,59341.372175
0.345132,9,59359.533571
0.829884,4,59367.105557
0.163665,8,59429.278433
0.804853,5,59434.815958
0.923364,3,59437.5768
0.772368,7,59444.319451
0.686432,4,59450.729117
0.0,4,59511.251618
0.0,2,59571.832075
0.878177,3,59575.702229
0.309306,7,59591.086835
0.824882,3,59596.450149
0.885078,3,59599.175594
0.994759,3,59601.113374
0.627568,3,59607.802433
0.880935,3,59612.199512
0.646975,7,59621.076529
0.966034,3,59623.38569
0.987613,3,59625.536748
0.789179,3,59631.160151
0.0,5,59738.400782
0.996036,3,59742.2949
0.841406,4,59745.741604
0.699204,6,59755.869161
0.9365,5,59755.987347
0.956883,3,59756.061404
0.984762,3,59760.285322
0.998249,4,59765.975398
0.226579,8,59766.374462
0.93584,3,59769.237078
0.772376,3,59776.760523
0.829884,4,60162.212876
0.91115,4,60169.970827
0.939535,3,60174.658359
0.931705,3,60177.118741
0.249851,4,60198.232716
0.949492,3,60200.781903
0.908689,4,60207.358196
0.943712,3,60209.989761
0.78071,4,60216.596853
0.124363,4,60250.210939
0.690572,5,60259.299657
0.691774,3,60267.923457
0.786706,5,60271.513215
0.328205,8,60276.472516
0.71366,3,60284.772929
0.885537,5,60287.213843
0.476453,4,60304.191964
0.800385,4,60312.441213
0.922776,4,60312.540321
0.0,10,60412.321241
0.906054,6,60416.443801
0.152909,4,60439.507048
0.772376,4,60446.870831
0.940667,3,60449.658259
0.882371,3,60454.01833
0.909837,3,60459.77365
0.885789,3,60463.748904
0.838379,3,60470.343602
0.0,12,60512.882916
0.8359,6,60517.940508
0.889855,4,60520.362069
0.93023,4,60522.623629
0.882165,4,60530.737255
0.930408,4,60535.8567
0.578491,4,60548.170356
0.936419,4,60548.260347
0.910805,3,60548.331359
0.690572,3,60560.216692
0.867925,5,60562.795122
0.75675,6,60566.275764
0.779344,5,60571.816234
0.904633,3,60574.793751
0.343402,4,60592.837849
0.773738,7,60599.347022
0.647331,4,60605.599038
0.924325,5,60609.044015
0.954622,3,60611.594292
0.498135,37,60661.046908
0.824355,4,60664.346898
0.376047,7,60673.019309
0.713853,6,60693.158301
0.909837,3,60696.361994
0.747074,3,60702.729864
0.968238,3,60704.98734
0.83877,6,60710.609051
0.906099,4,60713.797488
0.700116,5,60717.420397
0.257454,16,60774.232367
0.750796,32,60809.578063
0.732042,4,60818.91876
0.850456,5,60819.059212
0.986261,3,60823.356451
0.681317,5,60827.137872
0.741162,6,60836.695287
0.957191,3,60839.07682
0.967335,3,60841.613358
0.775201,5,60845.427317
0.815557,7,60848.528806
0.77712,13,60859.865872
0.876048,5,60864.352032
0.787139,4,60869.520174
0.756816,9,60877.436568
0.992715,3,60877.501561
0.741015,4,60883.399066
0.841165,7,60887.631728
0.710656,3,60899.878916
0.943544,3,60902.502665
0.808916,4,60910.581432
0.0,22,61052.448839
0.580516,27,61072.704611
0.898419,3,61077.732834
0.273491,4,61077.880127
0.953389,6,61078.03439
0.470455,5,61083.871847
0.734502,5,61099.409713
0.555862,4,61099.529414
0.867285,5,61109.06437
0.940667,3,61111.737791
0.970327,3,61114.217467
0.513869,5,61126.333227
0.315352,4,61148.038658
0.953883,3,61150.689267
0.817378,4,61153.293775
0.331165,4,61153.408969
0.918271,7,61153.568266
0.0,5,61253.249896
0.936508,4,61255.525082
0.93584,3,61258.422985
0.793025,4,61258.521876
0.682195,4,61269.269671
0.978543,3,61273.894474
0.99219,3,61273.957955
0.985872,3,61275.93306
0.541528,4,61290.687193
0.968049,4,61290.775733
0.89361,3,61293.381725
0.0,4,61354.595438
0.887137,3,61354.679966
0.971995,4,61354.769907
0.89002,4,61357.080711
0.9361,4,61357.172858
0.950849,3,61363.913972
0.998249,3,61367.676932
0.353377,6,61368.101197
0.947591,3,61368.190137
0.900802,4,61368.288296
0.0,4,61441.364084
0.831076,5,61445.444
0.968941,6,61448.890865
0.926142,4,61454.078094
0.745764,7,61454.269419
0.953738,5,61454.38018
0.829884,5,61461.973001
0.994585,3,61462.076902
0.0,9,61573.742041
0.988035,3,61575.787974
0.795173,5,61584.67687
0.934365,3,61588.003274
0.941189,4,61593.872265
0.580516,4,61607.238487
0.0,12,61742.985841
0.781638,3,61749.021604
0.92261,3,61754.414189
0.991536,3,61756.485958
0.511671,4,61766.90656
0.99275,3,61768.971244
0.562969,19,61796.505419
0.834723,5,61796.615254
0.998249,3,61800.473908
0.880942,3,61804.886315
0.904633,3,61807.883154
0.525086,6,61835.518404
0.85776,3,61842.132617
0.987468,3,61842.199748
0.942637,3,61845.079572
0.987857,3,61849.443096
0.925442,5,61849.569687
0.0,33,61955.469359
0.854374,5,61955.608215
0.50772,5,61965.408481
0.882619,4,61975.81128
0.0,10,62098.086815
0.742172,5,62103.601792
0.738051,5,62103.784194
0.240115,3,62122.952896
0.925469,10,62133.743971
0.914455,3,62138.504519
0.854426,3,62141.785686
0.780305,4,62147.396907
0.831133,5,62147.564933
0.880942,4,62151.851773
0.977304,3,62155.933171
0.858983,3,62159.564208
0.866085,5,62167.031439
0.616854,3,62173.069915
0.964161,3,62175.743061
0.887137,3,62175.825847
0.996036,3,62179.775612
0.690572,3,62188.780197
0.964161,3,62191.319445
0.521869,3,62202.647361
0.854426,5,62208.176439
0.909837,4,62211.511004
0.484367,6,62216.489691
0.393042,5,62231.265593
0.925752,5,62231.391417
0.0,7,62295.283804
0.420866,13,62318.692874
0.952918,4,62321.380891
0.91106,6,62325.517559
0.986261,3,62329.774155
0.0,16,62334.619025
0.787865,7,62344.345427
0.493025,12,62382.862466
0.555418,6,62387.457781
0.835822,4,62395.012388
0.358158,4,62395.150464
0.909837,3,62400.634022
0.889443,5,62405.010884
0.978819,3,62409.313303
0.989095,4,62411.484375
0.955042,3,62413.953802
0.276696,12,62433.048289
0.973847,3,62435.4107
0.964298,3,62437.932263
0.960072,4,62438.022568
0.964298,3,62442.829397
0.958369,3,62447.586757
0.747074,4,62453.753438
0.513869,3,62465.795456
0.845556,5,62473.202029
0.782103,8,62475.817359
0.582889,6,62482.174978
0.965865,4,62484.59732
0.987613,3,62486.743514
0.943544,3,62491.560286
0.643757,5,62503.097395
0.893952,3,62505.859228
0.905744,7,62506.027278
0.889233,4,62508.289918
0.923672,3,62513.684049
0.984762,4,62515.76173
0.272476,5,62515.919574
0.864588,3,62520.003887
0.890891,4,62520.094516
0.960524,3,62522.548379
0.898536,5,62522.664071
0.955542,3,62525.101581
0.894783,5,62528.119694
0.0,12,62615.880897
0.942795,4,62621.31865
0.9361,3,62621.386987
0.59979,3,62631.500829
0.879131,4,62636.218413
0.959078,3,62636.280491
0.990429,3,62638.272351
0.966355,4,62638.360324
0.809935,3,62644.418614
0.909837,3,62647.729097
0.765572,7,62659.457578
0.892238,4,62662.972769
0.0,4,62724.035288
0.905245,6,62731.893868
0.820408,6,62732.09999
0.876048,5,62736.557913
0.791259,6,62745.216866
0.988434,3,62747.337449
0.441454,4,62762.00253
0.870653,5,62772.315992
0.768816,3,62778.249208
0.908466,3,62778.321475
0.701166,3,62786.349873
0.977351,3,62790.702953
0.665279,4,62801.910547
0.908499,3,62805.615022
0.809935,3,62811.685771
0.852391,4,62818.888489
0.688016,5,62830.813028
0.825895,4,62838.520421
0.370387,11,62839.129457
0.693524,3,62847.839378
0.864635,5,62847.952414
0.996036,3,62849.958387
0.346806,7,62859.998191
0.991444,3,62860.058668
0.582365,24,62881.221122
0.908252,4,62888.117272
0.315352,6,62909.937342
0.89,3,62910.037622
0.690095,3,62922.840953
0.952918,3,62925.514839
0.76626,11,62931.284907
0.691854,6,62940.189694
0.977776,3,62942.556086
0.998395,3,62946.385262
0.674352,5,62950.18832
0.824882,3,62955.435642
0.953083,7,62955.585161
0.862238,3,62959.136158
0.789179,3,62964.802877
0.864588,4,62968.681044
0.893952,3,62971.473449
0.878619,5,62975.59376
0.968238,3,62977.838323
0.0,10,63110.992266
0.869706,4,63111.107932
0.904397,8,63114.98628
0.955042,3,63119.717264
0.879131,4,63124.103341
0.752231,6,63127.438793
0.344693,10,63127.753721
0.516838,4,63143.161017
0.840928,3,63147.153897
0.801153,3,63153.141141
0.0,7,63154.84143
0.76315,5,63158.460992
0.665279,5,63169.830645
0.0,7,63234.154151
0.953319,3,63234.244745
0.0,10,63296.510425
0.834173,7,63299.345708
0.8645,4,63304.188778
0.899347,7,63310.864024
0.533216,11,63350.721016
0.460173,4,63354.359303
0.873129,3,63354.44154
0.343402,4,63372.114235
0.579452,4,63383.672747
0.99323,3,63385.646851
0.84479,5,63390.098705
0.847779,8,63400.177432
0.890338,3,63403.024459
0.0,1,63463.708231
0.246147,9,63492.282374
0.0,2,63552.886386
0.981294,3,63554.996613
0.939197,3,63557.964485
0.824314,3,63562.428718
0.784936,4,63568.058915
0.922155,5,63574.020313
0.85776,3,63580.74453
0.780272,4,63584.4827
0.974159,4,63587.821836
0.980233,3,63589.929565
0.593353,3,63599.362453
0.383801,9,63603.662999
0.921764,6,63603.793831
0.014167,7,63604.374409
0.81265,5,63607.156089
0.880521,4,63614.103576
0.889421,3,63619.719174
0.343402,4,63637.360661
0.734502,4,63653.08862
0.894702,3,63653.165156
0.885416,3,63656.078543
0.99252,3,63657.950351
0.0,9,63765.592607
0.88288,3,63765.676831
0.998395,3,63769.480838
0.977304,3,63771.666476
0.0,3,63832.102943
0.997258,3,63834.110191
0.924505,3,63836.791751
0.885078,3,63836.860711
0.774458,4,63836.958748
0.943544,4,63839.607534
0.831522,3,63843.410703
0.866957,4,63846.913951
0.252952,7,63847.225819
0.95308,4,63853.280496
0.710081,5,63859.275163
0.890338,3,63862.007474
0.768816,3,63867.882458
0.967958,3,63870.159955
0.896581,3,63872.715516
0.894885,3,63878.088919
0.948713,5,63880.741746
0.91295,3,63883.645936
0.300084,6,63888.692346
0.964161,3,63891.220086
0.382588,7,63891.506038
0.503706,6,63891.673895
0.86705,3,63895.197354
0.0,14,64069.986729
0.895057,4,64070.092943
0.927805,3,64073.234911
0.751767,3,64078.978806
0.955542,3,64081.251543
0.845635,4,64086.122088
0.342875,4,64103.744828
0.0,9,64206.115179
0.789179,4,64214.38557
0.93543,4,64214.477244
0.583043,5,64230.568527
0.85028,12,64233.185503
0.59979,3,64243.396359
0.87782,4,64245.560936
0.725371,9,64257.7987
0.958945,3,64260.26164
0.773182,3,64264.449815
0.986072,3,64266.600319
0.797864,4,64270.161092
0.21173,7,64287.196479
0.343402,10,64304.849605
0.998249,5,64310.528183
0.909837,4,64313.940699
0.834483,5,64316.701473
0.868139,4,64320.190387
0.885416,5,64327.048381
0.794491,4,64327.168586
0.78088,4,64333.055428
0.908499,3,64336.850852
0.667788,4,64347.394709
0.764832,4,64351.191948
0.515746,11,64377.240215
0.547457,5,64377.37154
0.917057,3,64377.446562
0.850027,5,64382.255684
0.9258,4,64384.541614
0.0,8,64485.443409
0.0,6,64593.581201
0.967335,3,64596.110903
0.735221,4,64596.235757
0.964161,3,64598.87982
0.896931,3,64601.458674
0.84594,3,64610.114944
0.441454,3,64624.696719
0.941128,3,64627.146379
0.835716,19,64642.445369
0.896931,3,64645.123499
0.992107,3,64645.187589
0.0,6,64652.651929
0.939828,5,64657.950824
0.845298,4,64665.575525
0.881833,5,64671.901884
0.943712,3,64674.406143
0.896581,5,64677.058458
0.967958,5,64679.266385
0.893952,3,65059.606974
0.928192,9,65062.292908
0.432232,11,65089.713881
0.98686,3,65089.777219
0.865609,5,65096.981354
0.0,6,65158.196324
0.758142,7,65163.96718
0.774221,4,65169.364386
0.967377,3,65171.638136
0.863153,4,65171.727381
0.939535,4,65174.449261
0.623352,5,65174.57395
0.983616,4,65174.665756
0.955542,5,65179.1116
0.942523,4,65181.608267
0.870225,7,65189.97855
0.995372,3,65191.952883
0.449296,5,65203.298683
0.889394,4,65205.477535
0.789179,3,65213.910027
0.600572,3,65222.95308
0.0,1,65283.29506
0.74959,7,65286.959299
0.856496,5,65294.223514
0.984762,3,65296.37483
0.678257,5,65301.39461
0.791423,7,65306.805394
0.389728,5,65325.445008
0.880942,3,65329.523423
0.907268,6,65332.689901
0.880935,4,65337.130336
0.926421,3,65343.034544
0.423138,3,65356.904628
0.977773,4,65359.121155
0.953883,3,65361.773422
0.792429,3,65365.866202
0.968238,3,65370.191465
0.693524,3,65378.690631
0.926421,3,65384.628833
0.0,8,65502.22724
0.872772,4,65508.797009
0.834394,4,65508.918177
0.807639,6,65514.383015
0.831852,8,65519.28698
0.690572,3,65528.300959
0.93584,3,65531.192085
0.601901,4,65531.35665
0.949444,3,65531.431823
0.769656,6,65539.356344
0.539507,4,65551.22698
0.554239,6,65561.390042
0.580785,5,65570.760764
0.990429,3,65572.728529
0.931467,7,65578.488623
0.913886,4,65578.582892
0.955878,3,65580.990332
0.87744,3,65581.09376
0.51367,4,65587.841373
0.806081,4,65590.665143
0.983985,4,65594.856536
0.380538,9,65595.159363
0.960844,5,65601.990293
0.809502,6,65615.03172
0.696122,3,65620.699244
0.521869,3,65631.920498
0.728559,4,65641.81511
0.0,7,65751.714531
0.88736,4,65755.96314
0.907623,4,65761.426692
0.944237,4,65768.233416
0.919906,4,65773.226943
0.929839,4,65775.484911
0.930441,4,65778.884614
0.879174,4,65785.679932
0.887775,3,65792.284544
0.751767,3,65797.915672
0.772376,3,65805.319533
0.844928,4,65812.714264
0.699204,4,65822.963699
0.943544,3,65825.605231
0.429827,7,65839.518197
0.909837,3,65842.726637
0.71366,3,65851.213219
0.845007,4,65856.074695
0.441454,9,65875.170485
0.920639,5,65878.642096
0.364331,22,65888.778683
0.845988,3,65893.204634
0.998395,3,65897.042414
0.955042,3,65901.715532
0.507974,4,65901.902415
0.949666,3,65904.295713
0.502871,7,65920.849087
0.0,5,66020.700865
0.996036,3,66022.702906
0.966034,3,66025.031961
0.38469,33,66060.888806
0.804419,4,66060.982446
0.0,6,66122.78403
0.98056,5,66128.231062
0.955042,3,66133.028637
0.964161,3,66135.541327
0.910649,7,66138.02452
0.318916,15,66150.830478
0.98686,3,66150.903769
0.860101,3,66154.512122
0.964161,3,66157.156661
0.964161,3,66159.781637
0.880997,3,66168.250866
0.920823,5,66174.749589
0.998249,3,66176.677096
0.866926,4,66179.20731
0.898419,3,66184.193116
0.887023,4,66191.208509
0.644707,4,66197.306318
0.964298,3,66202.026892
0.80726,4,66207.403008
0.476453,4,66224.292666
0.898419,3,66227.0939
0.580516,5,66240.550335
0.77056,6,66240.728361
0.942637,3,66243.608652
0.939323,4,66243.696329
0.739709,7,66249.762296
0.59979,4,66257.155407
0.987613,3,66259.29348
0.969371,3,66259.360329
0.769871,4,66263.160791
0.753481,3,66268.356642
0.910417,6,66275.704515
0.84594,3,66284.258117
0.441454,6,66299.214718
0.396677,15,66348.97465
0.958369,3,66353.700373
0.789179,3,66359.192807
0.09649,4,66388.501516
0.738847,3,66396.268031
0.960524,3,66398.754633
0.792699,5,66405.480258
0.693524,3,66413.954658
0.894885,4,66419.21497
0.693795,4,66428.141137
0.707826,3,66436.499895
0.0,7,66438.108212
0.876048,5,66442.530086
0.977351,3,66444.726888
0.985872,3,66448.912145
0.991608,3,66450.839364
0.20933,4,66458.769303
0.005438,26,66499.362629
0.991694,3,66503.41054
0.81145,4,66506.66681
0.955042,3,66511.46365
0.880942,3,66515.690008
0.513869,3,66527.538065
0.967377,3,66529.794993
0.927557,4,66529.887302
0.618068,15,66535.582713
0.667788,4,66546.476463
0.859312,4,66551.055641
0.943429,3,66553.941607
0.871352,6,66560.952738
0.6614,7,66561.131022
0.841113,4,66561.239511
0.29456,11,66602.840136
0.924352,5,66609.528036
0.611577,11,66636.496031
0.758559,5,66640.527158
0.751293,5,66659.835499
0.100779,6,66698.576756
0.888393,6,66698.726191
0.766693,5,66703.08739
0.0,17,66769.229298
1e-06,33,67002.108784
0.916307,6,67008.923977
0.0,8,67069.69301
0.753481,5,67078.312864
0.894885,3,67083.488776
0.250823,21,67155.467209
0.909837,3,67160.876231
0.556333,7,67161.129374
0.521869,3,67172.566285
0.0,2,67233.356753
0.75534,3,67238.639981
0.513453,5,67243.753356
0.0,5,67305.27165
0.616854,3,67311.364003
0.0,27,67516.329916
0.764895,4,67516.453441
0.731107,4,67526.587641
0.944023,5,67532.285035
0.923255,5,67536.542486
0.825959,3,67543.150808
0.794367,17,67543.618933
0.580575,5,67563.975991
0.880942,3,67568.166656
0.301366,7,67593.659366
0.294417,5,67619.049468
0.985872,3,67623.132863
0.842251,5,67625.8155
0.690572,3,67634.715491
0.902967,5,67641.308301
0.792699,4,67647.923766
0.882371,3,67652.1405
0.831473,4,67659.322786
0.792429,4,67663.391047
0.937651,3,67666.546105
0.845988,3,67671.084443
0.845988,3,67675.467464
0.727728,6,67681.436026
0.66548,9,67681.65189
0.932496,3,67681.721971
0.614735,5,67689.906512
0.759555,3,67694.193718
0.994343,3,67696.173779
0.660801,7,67708.177471
0.887223,7,67719.783324
0.909837,3,67723.089873
0.411256,4,67737.202437
0.960524,3,67739.691889
0.927776,3,67739.772219
0.93418,7,67745.036247
0.646975,3,67753.782525
0.92819,5,67756.239417
0.888112,4,67758.634585
0.345312,9,67786.747326
0.825955,3,67790.341587
0.998249,3,67792.236253
0.896581,4,67794.765968
0.7413,3,67800.456757
0.890341,4,67800.550756
0.955542,3,67802.896787
0.676652,4,67807.940726
0.809935,3,67814.010869
0.822325,3,67818.532308
0.0,27,67956.812692
0.960524,3,67959.300628
0.889233,4,67961.538751
0.9194,6,67964.051187
0.860129,10,67972.821549
0.960259,3,67972.892429
0.785831,4,67976.569035
0.977351,3,67978.778713
0.741162,4,67988.483608
0.345346,7,67988.918902
0.89,5,67991.637139
0.0,4,68052.660249
0.879474,3,68055.943846
0.909837,3,68061.497861
0.531685,12,68073.366727
0.93584,3,68076.166386
0.64878,4,68084.682389
0.817642,7,68093.220124
0.880935,4,68097.66996
0.80566,7,68104.987846
0.71598,5,68105.097666
0.988765,4,68107.119894
0.955542,4,68111.622514
0.897434,6,68115.980867
0.953883,3,68118.64907
0.947996,4,68121.191941
0.361667,13,68133.997259
0.889564,5,68136.449224
0.4458,5,68136.956809
0.889855,4,68139.317556
0.751767,3,68144.98338
0.873358,4,68149.460989
0.952918,3,68152.12982
0.900156,4,68154.772576
0.850868,4,68154.872742
0.71366,3,68163.075424
0.909278,4,68170.564757
0.693524,3,68179.168665
0.89687,3,68179.246234
0.934518,4,68184.643307
0.0,20,68362.946264
0.792979,5,68368.325513
0.0,7,68429.835682
0.553463,3,68441.17184
0.504457,7,68449.23746
0.791448,3,68459.903018
0.0,2,68520.297583
0.691774,3,68529.070584
0.0,9,68618.429282
0.332425,23,68652.995883
0.821132,3,68657.356545
0.908585,3,68657.429173
0.736409,6,68665.187581
0.510627,5,68679.392885
0.909837,3,68684.929783
0.859245,4,68685.04694
0.993998,3,68685.111367
0.834767,4,68685.227837
0.861769,5,68685.356692
0.987243,3,68685.419573
0.912567,4,68685.52073
0.861769,4,68685.622551
0.81367,5,68693.905247
0.235994,12,68722.438875
0.949492,3,68724.94933
0.829774,4,68732.831333
0.513869,3,68744.680777
0.909837,5,68750.261952
0.937651,3,68753.403619
0.927473,3,68753.475884
0.605424,5,68762.403412
0.0,1,68823.065411
0.703793,5,68826.674785
0.0,7,68903.664046
0.880935,3,68908.083503
0.313854,8,68923.107874
0.244413,17,68979.22159
0.847644,4,68985.513113
0.949492,3,68988.024722
0.396858,17,68996.400944
0.959119,3,68998.851206
0.939438,5,68999.012751
0.989498,3,69003.077014
0.990188,3,69003.141209
0.880935,4,69007.459803
0.315352,6,69034.735918
0.937727,4,69034.834202
0.781627,4,69040.701359
0.984555,3,69040.76636
0.923672,4,69046.058471
0.84187,3,69049.763107
0.898419,3,69052.6463
0.892238,3,69056.092634
0.704424,6,69065.861854
0.949492,3,69068.397913
0.879474,4,69071.631978
0.786896,3,69077.858998
0.967958,3,69080.020275
0.998849,3,69083.932947
0.831522,3,69087.721817
0.344366,7,69088.212651
0.997456,3,69090.155227
0.823881,3,69096.620473
0.943544,3,69099.236076
0.740548,6,69108.9978
0.876048,4,69113.531752
0.882217,4,69113.638996
0.768775,6,69119.724762
0.399158,10,69142.404899
0.838152,6,69142.553311
0.690572,4,69151.365827
0.817243,5,69158.396827
0.924324,3,69163.415942
0.618287,7,69163.795928
0.765207,4,69164.339124
0.792429,3,69168.463138
0.978819,3,69170.608766
0.92261,3,69175.913392
0.996036,3,69179.724596
0.941802,4,69179.81901
0.87765,4,69184.166048
0.61854,5,69193.145602
0.595947,3,69201.873833
0.227326,5,69224.02069
0.781638,3,69230.011915
0.879064,6,69237.439481
0.735869,4,69253.088614
0.343402,3,69270.551637
0.626839,5,69285.168897
0.789179,3,69290.747306
0.0,5,69397.886431
0.978819,3,69399.951685
0.876048,4,69404.441746
0.927849,4,69404.539404
0.690572,3,69413.547928
0.747486,4,69417.485566
0.98495,3,69417.553072
0.977351,3,69419.775504
0.636855,3,69433.816624
0.850186,6,69436.503242
0.0,1,69497.176858
0.927485,3,69500.43435
0.744842,4,69505.596348
0.927805,3,69508.694377
0.227326,5,69530.280709
0.987613,3,69532.429788
0.766693,3,69536.533525
0.980144,3,69538.659844
0.690572,3,69547.698727
0.931805,6,69551.119477
0.893952,3,69553.8076
0.986544,3,69555.75908
0.333086,8,69584.327663
0.817245,8,69585.045002
0.890338,3,69587.904159
0.9178,7,69594.267547
0.909837,3,69597.564007
0.85747,4,69601.058724
0.0,31,69817.659036
0.986261,3,69821.930537
0.598715,7,69830.121038
0.909182,4,69830.217257
0.939535,3,69832.8226
0.937911,3,69837.608966
0.803323,4,69843.399608
0.985529,3,69843.464912
0.911737,4,69843.561206
0.897055,4,69850.19138
0.993887,4,69852.197369
0.515015,5,69862.266268
0.96235,4,70239.824183
0.476453,5,70256.775765
0.0,13,70366.251616
0.784191,4,70369.298389
0.902793,4,70373.277537
0.914455,3,70378.095715
0.982437,3,70378.161524
0.977351,3,70380.383171
0.987408,3,70380.445197
0.521869,3,70391.783708
0.989498,3,70393.892679
0.559198,4,70402.560863
0.690572,3,70414.560409
0.33079,7,70434.606817
0.879826,3,70434.68472
0.914455,3,70439.469371
0.942687,4,70445.467365
0.807136,5,70448.633444
0.807185,4,70456.683613
0.83501,4,70459.356557
0.759555,3,70463.671002
0.896581,3,70466.179271
0.937651,3,70469.372268
0.644667,17,70487.99374
0.813265,3,70491.983799
0.627568,3,70498.758465
0.516284,4,70503.850362
0.977351,3,70506.064785
0.500902,4,70506.191265
0.890338,3,70509.027378
0.885416,6,70512.01764
0.947751,3,70514.550691
0.924325,4,70517.964202
0.855764,3,70521.749197
0.33559,8,70536.868298
0.93584,3,70539.773669
0.92261,3,70544.933099
0.93584,3,70547.715455
0.473216,4,70559.05631
0.781638,3,70564.947166
0.734189,6,70569.126249
0.909837,3,70572.425591
0.810087,4,70575.257377
0.346389,25,70638.089312
0.343402,10,70660.672567
0.0,11,70792.238902
0.616854,3,70798.337877
0.592633,4,70806.601547
0.896581,3,70809.136978
0.357853,7,70825.702073
0.898166,6,70832.16834
0.541528,4,70843.595685
0.993334,3,70845.573492
0.809099,3,70851.772199
0.896734,4,70855.860977
0.889421,3,70861.395229
0.889855,4,70863.775203
0.0,12,70939.146416
0.0,5,71000.953735
0.905036,3,71001.042221
0.839618,4,71008.350801
0.441454,3,71022.830903
0.919864,7,71029.80539
0.582889,4,71035.900603
0.955542,3,71040.404594
0.879474,3,71043.636961
0.746461,5,71047.609487
0.753803,4,71047.7138
0.750431,7,71057.597187
0.710656,3,71065.954799
0.956833,3,71066.026244
0.833236,4,71069.857841
0.984762,3,71074.037913
0.0,2,71134.939098
0.892374,3,71138.079083
0.477658,15,71152.374643
0.909837,3,71155.541035
0.937911,5,71158.116706
0.976757,4,71161.472943
0.227326,3,71182.760267
0.939197,3,71185.728977
0.441454,5,71200.569804
0.877565,4,71205.061087
0.997587,3,71207.005568
0.874175,4,71210.099552
0.874309,7,71212.794358
0.544183,8,71225.645067
0.235724,5,71247.06669
0.90611,3,71249.758694
0.0,2,71310.635039
0.649542,3,71317.808434
0.374724,3,71328.606486
0.16671,10,71358.90114
0.0,7,71447.582998
0.748047,4,71450.61719
0.836494,3,71450.693433
0.0,2,71557.678302
0.97916,4,71559.775299
0.909837,3,71565.315371
0.990247,3,71565.382598
0.841406,6,71568.867279
0.689832,4,71581.736942
0.336656,7,71596.564057
0.676274,4,71604.156731
0.952918,4,71606.841737
0.989708,3,71608.846277
0.854426,3,71612.125541
0.782347,6,71622.886262
0.707645,4,71622.995826
0.949492,3,71625.481697
0.018778,11,71677.172879
0.839549,4,71679.97373
0.539543,8,71694.91706
0.831226,3,71698.829387
0.998249,4,71700.749411
0.926231,7,71704.289066
0.0,61,71922.323186
0.987613,3,71926.440074
0.982085,3,71926.505372
0.907521,3,71929.244971
0.926421,3,71935.285572
0.943575,5,71935.416346
0.823881,3,71939.498896
0.987613,3,71943.683119
0.513869,3,71955.473448
0.603593,3,71964.404817
0.926421,3,71970.490239
0.939797,3,71973.506644
0.776592,6,71973.685977
0.967335,3,71976.219418
0.690572,3,71985.080267
0.887775,4,71988.059991
0.809099,3,71994.218968
0.882114,9,71994.464832
0.0,5,72041.668195
0.336077,9,72051.577233
0.921238,5,72061.74072
0.986921,3,72063.721334
0.89591,4,72066.396324
0.89361,3,72068.892666
0.795524,3,72074.691679
0.987044,4,72076.761142
0.909837,3,72080.035179
0.680887,3,72088.85993
0.978842,4,72091.110715
0.865723,4,72093.845211
0.430378,8,72098.053631
0.513869,3,72110.122562
0.78284,5,72113.708069
0.945268,5,72120.33543
0.773182,5,72124.681972
0.949492,3,72129.224868
0.710672,4,72136.340558
0.789179,3,72142.062516
0.352562,14,72146.67696
0.91034,3,72150.153493
0.343402,3,72171.934415
0.782604,8,72178.019363
0.942188,7,72181.788996
0.893952,3,72184.557753
0.809099,3,72190.899781
0.795044,4,72200.065928
0.693112,8,72208.355746
0.557188,5,72216.13018
0.964298,4,72218.674591
0.693524,3,72227.140585
0.978819,3,72231.465822
0.781638,3,72237.481966
0.815237,4,72240.245821
0.71973,4,72250.105846
0.873129,3,72250.21388
0.809935,3,72256.415913
0.580516,9,72270.027712
0.769677,5,72272.776705
0.838379,3,72279.470467
0.989498,4,72281.552582
0.925123,5,72284.452856
0.688418,6,72291.023023
0.0,14,72413.400541
0.593371,6,72427.484138
0.778586,14,72430.725706
0.780272,4,72434.445082
0.821825,7,72441.227126
0.787139,4,72446.127121
0.636855,3,72459.909405
0.579106,3,72470.72099
0.940667,3,72473.507302
0.811518,6,72476.947636
0.798995,5,72477.080274
0.59979,4,72486.95168
0.831076,4,72490.86237
0.553463,3,72502.13251
0.955042,3,72506.853952
0.952918,3,72509.730475
0.748509,4,72509.8385
0.707826,3,72518.231496
0.871284,5,72521.484154
0.792699,4,72527.999672
0.922589,4,72528.091881
0.93584,3,72530.958785
0.766693,3,72535.134994
0.914455,4,72540.249815
0.987012,3,72542.238319
0.998395,3,72546.000322
0.701166,3,72554.026217
0.904127,4,72556.43758
0.985872,4,72558.448159
0.000614,14,72649.206209
0.949702,5,72649.311812
0.353662,4,72657.989228
0.885078,3,72660.718886
0.990233,3,72662.792726
0.792272,4,72662.899936
0.881833,4,72666.985006
0.690572,3,72679.117068
0.825236,6,72681.824261
0.862437,4,72684.667118
0.882217,3,72684.747232
0.267101,3,72705.354849
0.967335,3,72707.881722
0.923281,3,72710.61762
0.957191,3,72712.974335
0.304512,12,72720.006082
0.924324,4,72725.051441
0.885789,3,72728.90896
0.881068,4,72735.839765
0.829774,5,72743.506076
0.738847,3,72751.213618
0.8645,4,72755.937306
0.68011,7,72756.243394
0.814327,4,72756.349963
0.0,30,72924.028251
0.777819,4,72929.504929
0.34832,7,72929.838309
0.898419,3,72932.721735
0.923911,5,72932.848737
0.86814,3,72936.602591
0.660398,7,72942.719989
0.928785,3,72945.101643
0.521869,4,72959.826053
0.980153,3,72962.03802
0.395521,16,72974.040943
0.842604,5,72974.177022
0.953883,3,72976.749845
0.929032,5,72979.803501
0.923649,4,72979.893308
0.888191,4,72979.992623
0.612456,3,72986.105314
0.873924,4,72990.804868
0.883706,4,72993.433797
0.939797,3,72996.352643
0.839618,4,73003.571193
0.927485,3,73006.791879
0.769589,6,73009.369574
0.907521,4,73012.13775
0.888118,3,73015.08459
0.301666,6,73015.300123
0.668596,3,73023.738297
0.927776,3,73023.815763
0.71366,3,73032.157877
0.822325,3,73036.355336
0.513869,3,73048.2371
0.923672,3,73053.661875
0.474074,5,73070.168121
0.910649,6,73070.30942
0.809935,3,73076.323314
0.81013,4,73084.932183
0.738847,3,73092.854419
0.710672,4,73099.858666
0.998249,4,73101.788046
0.924589,3,73104.461331
0.998249,3,73108.20807
0.928014,4,73115.237689
0.998249,3,73119.080245
0.544559,10,73124.210655
0.746346,3,73132.174001
6.8e-05,5,73175.041545
0.949492,3,73179.701783
0.865649,5,73183.977144
0.9752,4,73186.368899
0.889233,4,73188.625238
0.960524,3,73191.013398
0.78884,5,73191.146054
0.0,5,73253.004534
0.88288,3,73253.093001
0.786896,3,73256.910006
0.32571,6,73266.735756
0.89361,3,73269.467011
0.908499,3,73273.444295
0.489729,5,73286.063972
0.913425,3,73289.248752
0.696122,4,73295.062888
0.925136,4,73295.165816
0.745008,4,73299.501224
0.947846,4,73299.60272
0.798844,4,73303.318619
0.868884,5,73303.478583
0.886678,3,73303.560591
0.82993,5,73311.674654
0.396833,14,73315.831018
0.939535,3,73318.327627
0.998849,3,73320.233951
0.996036,3,73322.225129
0.859263,4,73322.330664
0.898419,4,73325.259791
0.0,9,73327.249649
0.59979,3,73334.603571
0.610508,5,73347.625594
0.977776,3,73349.945008
0.345393,5,73350.131268
0.896581,3,73352.68649
0.943064,3,73355.11633
0.953778,3,73357.630309
0.957359,3,73357.700031
0.908161,3,73360.381229
0.967335,3,73362.892386
0.0,4,73423.406718
0.346601,5,73423.557645
0.26629,48,73512.562731
0.810927,5,73517.56003
0.898129,4,73525.605542
0.913425,3,73528.601359
0.97477,4,73528.685876
0.943993,4,73528.777371
0.880935,3,73533.202541
0.909837,3,73538.746506
0.977351,3,73540.967482
0.0,5,73602.462733
0.990795,3,73604.578963
0.859245,4,73604.697834
0.923672,4,73609.93333
0.967958,3,73612.225973
0.920976,4,73612.327091
0.951798,4,73612.425882
0.937651,5,73618.09298
0.960524,3,73620.53212
0.918904,4,73623.093794
0.989498,3,73627.154718
0.750999,5,73640.498286
0.864087,3,73644.271085
0.59979,5,73654.409145
0.892238,3,73657.768076
0.788351,5,73662.883007
0.978819,3,73665.070916
0.953883,3,73667.7249
0.927485,3,73670.899077
0.908585,3,73670.974577
0.786517,5,73678.874445
0.993832,3,73678.939772
0.940044,3,73679.03795
0.938489,4,73681.271052
0.840907,4,73683.783252
0.918904,5,73686.370755
0.766693,3,73690.438007
0.770203,6,73690.599798
0.791615,4,73699.712966
0.554512,12,73734.952461
0.818624,4,73738.136918
0.315352,3,73759.829426
0.639003,8,73770.805008
0.838379,4,73774.472891
0.894885,3,73779.525523
0.830773,6,73785.79102
0.690572,3,73794.737724
0.823536,5,73798.04718
0.861276,8,73811.375102
0.902827,4,73811.470865
0.782877,4,73817.597033
0.476453,4,73834.447236
0.89361,4,73836.945569
0.802302,4,73842.966837
0.943099,3,73845.754815
0.877565,4,73850.162859
0.821767,3,73855.158978
0.472852,5,73866.614132
0.898419,3,73869.669492
0.0,7,73984.44062
0.821767,3,73989.288947
0.512007,5,74004.029187
0.911744,4,74006.618439
0.914455,3,74011.565048
0.0,9,74020.763589
0.0,6,74113.968324
0.738495,4,74114.098661
0.506835,5,74118.186658
0.952734,3,74118.256915
0.240933,16,74148.224176
0.315352,3,74169.863643
0.479864,12,74175.012359
0.949492,3,74177.610624
0.441454,3,74192.476307
0.475364,4,74198.381334
0.781638,3,74204.287575
0.982164,3,74206.329313
0.69994,3,74213.942085
0.344871,25,74283.920876
0.809935,3,74289.85805
0.998395,3,74291.770899
0.782058,5,74294.473095
0.781684,6,74294.631122
0.879852,5,74301.748676
0.963542,3,74304.072736
0.677506,5,74311.7031
0.885078,3,74314.424789
0.919492,3,74317.57633
0.910649,3,74317.653989
0.816076,5,74322.121586
0.882619,3,74332.792536
0.503391,7,74344.861069
0.692027,8,74348.613536
0.809935,3,74354.508155
0.701166,3,74362.359227
0.513869,3,74374.330456
0.952918,3,74376.993288
0.968238,3,74379.258384
0.899675,4,74385.445679
0.735158,4,74388.625178
0.907521,3,74393.817497
0.0,5,74397.127782
0.79175,5,74397.252559
0.748799,3,74404.433095
0.914565,5,74408.319865
0.923281,3,74411.090302
0.442487,5,74429.309603
0.762324,4,74435.354301
0.934063,3,74435.424882
0.811936,4,74440.636877
0.787139,4,74822.261879
0.939197,3,74825.263319
0.781638,3,74831.374788
0.906584,4,74833.773205
0.538379,5,74844.544328
0.967335,3,74847.103615
0.990233,3,74849.133711
0.275496,16,74879.684773
0.861957,4,74882.53247
0.592026,6,74908.198238
0.889233,4,74910.499193
0.945587,6,74913.025169
0.747074,3,74919.093651
0.841698,7,74923.360774
0.845988,3,74927.881681
0.882371,3,74932.237421
0.968238,3,74934.506197
0.942637,3,74937.325422
0.84594,3,74945.856908
0.0,5,75031.997994
0.644707,3,75038.069811
0.89361,4,75040.708
0.324862,8,75040.989408
0.85151,5,75045.689826
0.376415,5,75045.975232
0.521869,3,75057.274827
0.943544,3,75059.897669
0.0,3,75121.170569
0.921698,9,75123.88274
0.882939,4,75131.228684
0.920179,6,75137.917302
0.873277,5,75142.25512
0.879474,3,75145.532125
0.336315,8,75177.323648
0.836193,4,75177.43914
0.988433,3,75177.502275
0.876037,3,75180.762369
0.896931,3,75183.45032
0.92261,3,75188.710571
0.85135,5,75194.089113
0.836494,4,75194.186756
0.813265,4,75201.097347
0.916091,4,75207.525104
0.87322,3,75213.774024
0.93584,3,75216.655315
0.845988,3,75221.163795
0.812552,5,75225.614353
0.928168,4,75232.055859
0.937651,3,75235.28543
0.509174,4,75250.365858
0.822849,5,75252.875133
0.691774,3,75261.49539
0.608904,3,75268.467342
0.977776,3,75270.787409
0.866822,4,75278.879195
0.849738,8,75279.073546
0.822568,4,75282.474732
0.996528,3,75282.538747
0.845988,3,75287.046509
0.374724,3,75297.877978
0.813156,4,75297.994781
0.277201,13,75351.201092
0.71366,3,75359.649983
0.0,6,75421.179529
0.0,8,75522.297816
0.880935,3,75526.729615
0.949436,3,75529.196766
0.897139,5,75535.681157
0.330514,14,75590.335425
0.831226,3,75594.241359
0.995184,3,75596.257119
0.194613,4,75624.530356
0.919906,4,75629.582923
0.815042,6,75639.530561
0.593543,8,75664.735158
0.71366,3,75672.98442
0.645281,7,75681.766366
0.967377,3,75684.017419
0.538379,3,75694.880736
0.733761,5,75697.804688
0.797249,4,75700.658989
0.71366,3,75708.843002
0.393675,3,75724.408839
0.879474,6,75730.81045
0.882371,3,75735.137568
0.822325,3,75739.476345
0.964263,3,75739.539737
0.26227,13,75777.954451
0.880799,4,75782.108341
0.850907,5,75788.634832
0.846739,5,75788.759381
0.792429,3,75792.83369
0.735869,4,75808.355676
0.887775,3,75814.859564
0.839075,4,75821.015968
0.829728,5,75825.152204
0.472581,4,75841.894602
0.443425,4,75842.036533
0.703761,4,75852.094123
0.880942,3,75856.287837
0.0,16,75982.504968
0.953883,3,75985.152386
0.0,4,76048.607589
0.974277,3,76048.67867
0.803085,7,76059.973234
0.924762,4,76063.810208
0.845855,6,76066.539347
0.948613,3,76069.09768
0.476316,5,76069.265406
0.978819,3,76071.426682
0.887775,3,76078.033275
0.71366,3,76086.378988
0.475841,4,76092.007081
0.421382,4,76104.647799
0.772206,5,76104.783345
0.759821,5,76113.77488
0.0,6,76220.728949
0.787971,4,76229.12218
0.930876,3,76229.194424
0.679304,4,76234.596778
0.923281,3,76237.338669
0.8645,4,76242.039336
0.838095,7,76247.023208
0.987544,3,76249.029305
0.879173,7,76252.437955
0.043853,16,76317.273754
0.627568,3,76326.890429
0.284103,8,76346.387532
0.942637,3,76349.303378
0.967335,5,76351.882674
0.239084,4,76352.006926
0.93819,3,76354.628043
0.909837,3,76357.900787
0.978819,3,76360.227458
0.0,3,76420.727212
0.829016,5,76428.440031
0.773182,3,76432.675261
0.968238,3,76434.88267
0.397192,34,76488.722352
0.467558,7,76519.115189
0.960524,3,76521.561758
0.87322,4,76527.814798
0.954527,3,76527.886389
0.781984,4,76527.989573
0.809935,3,76534.014565
0.985872,3,76538.219656
0.0,2,76625.125896
0.839618,5,76632.522969
0.953883,3,76635.143458
0.924324,3,76640.131152
0.960524,3,76642.608589
0.785113,8,76655.494064
0.824882,4,76660.8427
0.860023,3,76667.111936
0.315352,6,76689.041492
0.976471,4,76691.306194
0.701166,5,76699.275851
0.319358,4,76713.743208
0.865428,4,76718.44135
0.267101,6,76738.955981
0.885789,3,76742.910444
0.960524,3,76745.40833
0.988433,3,76745.470523
0.768816,3,76751.469708
0.934518,3,76756.701763
0.990233,3,76760.778553
0.538643,5,76770.9384
0.521869,3,76782.1859
0.674233,5,76786.553021
0.680887,3,76795.315969
0.929032,4,76798.266033
0.98687,3,76798.329262
0.868286,4,76800.938423
0.792025,4,76809.138991
0.703761,4,76819.150806
0.970568,4,76822.401196
0.882371,3,76826.585369
0.809099,3,76832.864731
0.71366,3,76841.088098
0.818377,10,76853.97954
0.898166,4,76860.541618
0.0,9,76961.140868
0.249985,4,76976.882696
0.0,11,77087.31732
0.708076,3,77092.704417
0.858827,3,77096.338409
0.699592,14,77099.88675
0.968238,3,77102.156702
0.627568,3,77111.682771
0.293354,4,77127.852073
0.343402,4,77151.144552
0.986261,3,77155.490505
0.966034,3,77157.844823
0.908499,3,77161.559621
0.940667,3,77164.232111
0.324844,5,77189.524884
0.456292,4,77209.157285
0.943064,3,77211.638479
0.603593,4,77217.790515
0.810899,5,77220.631146
0.38686,9,77248.253035
0.928631,10,77248.531532
0.934365,3,77251.876569
0.89361,3,77254.4551
0.886678,3,77254.530534
0.879047,4,77259.089487
0.824882,3,77264.461877
0.984762,3,77268.714469
0.707826,3,77277.12027
0.867,4,77277.213835
0.858827,3,77280.827787
0.90923,9,77288.027498
0.885416,3,77290.852693
0.555762,15,77307.772364
0.89,3,77310.440019
0.979949,3,77314.693222
0.93584,3,77317.584966
0.701166,3,77325.450259
0.977351,3,77327.652232
0.862929,5,77335.916545
0.909837,3,77339.254873
0.223246,6,77358.967623
0.416104,14,77395.31993
0.33079,13,77418.393005
0.649245,5,77429.365905
0.690572,3,77438.134996
0.955542,3,77440.708318
0.896962,4,77447.832972
0.968238,3,77450.09734
0.858827,3,77453.706214
0.998395,3,77457.509344
0.949436,3,77460.080581
0.859312,4,77464.76329
0.328028,4,77489.773698
0.82099,5,77495.857841
0.960524,3,77498.378806
0.926892,4,77502.399475
0.346326,5,77502.817512
0.600363,4,77502.951325
0.740779,4,77507.004225
0.993283,3,77507.070316
0.0,13,77568.645361
0.787139,3,77573.451578
0.0,8,77656.502254
0.904127,4,77658.892242
0.450883,13,77659.519441
0.892374,3,77662.666049
0.000656,8,77723.531837
0.274746,8,77741.843665
0.646975,3,77747.941178
0.930634,3,77750.397637
0.949492,3,77755.097246
0.990233,3,77757.128137
0.301636,4,77783.00947
0.693524,3,77791.680991
0.747074,4,77797.761992
0.516641,4,77802.905162
0.974108,4,77805.428844
0.809099,3,77811.544955
0.799424,4,77820.126284
0.906165,4,77826.887099
0.407793,7,77844.091269
0.781638,3,77850.074068
0.688121,6,77856.647908
0.343402,5,77878.835488
0.812184,4,77886.686042
0.850251,4,77894.393905
0.775842,5,77894.556061
0.953883,3,77897.222874
0.749748,5,77900.828982
0.441454,4,77920.638782
0.939535,3,77923.192935
0.989784,3,77925.263476
0.698843,5,77940.170913
0.868818,3,77940.257817
0.423676,5,77959.910898
0.0,11,78057.672185
0.998249,3,78059.583563
0.964298,3,78062.114587
0.343402,4,78079.767784
0.858976,4,78079.865743
0.701166,4,78087.790889
0.983068,3,78090.185374
0.907521,3,78095.369671
0.85776,4,78102.011073
0.955542,3,78106.376606
0.968238,3,78108.629594
0.927485,3,78111.881379
0.888536,3,78117.412281
0.788474,5,78129.962029
0.868163,8,78132.851793
0.964298,3,78135.389876
0.932499,6,78139.144913
0.990233,3,78141.08248
0.288978,15,78141.543226
0.905412,4,78143.976485
0.796025,4,78152.49457
0.833115,4,78160.503828
0.554512,19,78184.421065
0.603593,3,78190.664034
0.000607,6,78191.212753
0.721567,4,78191.310624
0.859427,6,78193.929747
0.292289,11,78217.445276
0.89694,8,78220.606818
0.752568,20,78228.335056
0.988434,4,78230.433538
0.781638,3,78236.37632
0.919906,4,78241.482015
0.710656,3,78250.098676
0.724668,4,78256.206037
0.985872,3,78260.398301
0.955542,3,78262.808641
0.882217,3,78262.887178
0.985872,3,78264.986249
0.206735,6,78265.245704
0.980144,3,78267.347167
0.900288,3,78269.903085
0.998849,3,78271.80563
0.356196,5,78289.916516
0.914455,3,78294.807085
0.829774,4,78302.533291
0.732473,5,78309.743528
0.0,6,78372.255047
0.825955,3,78375.889472
0.99139,3,78377.971599
0.998849,3,78379.899112
0.521869,3,78391.418779
0.738051,4,78391.559959
0.832953,3,78395.650252
0.932325,4,78401.654809
0.783548,4,78406.109416
0.930441,3,78409.382435
0.952918,3,78412.054059
0.953883,3,78414.693096
0.810087,4,78417.517222
0.954557,4,78421.063284
0.947996,3,78423.596715
0.933562,5,78427.602922
0.796656,3,78435.112226
0.0,2,78495.980258
0.707826,4,78504.432059
0.867728,3,78508.065381
0.909837,3,78511.543843
0.834159,4,78511.65749
0.996036,3,78513.644439
0.0,5,78575.373078
0.776521,4,78578.247307
0.996036,4,78580.259407
0.803698,4,78583.618184
0.471885,4,78583.765085
0.995653,3,78583.829425
0.944584,5,78583.957782
0.920222,5,78590.59749
0.861754,4,78598.801239
0.809935,3,78604.787133
0.890338,3,78607.680824
0.979514,5,78607.803411
0.961967,3,78607.872024
0.92261,3,78613.248363
0.905412,4,78615.621728
0.943064,3,78618.100061
0.881173,5,78629.195254
0.880935,3,78633.486838
0.998849,3,78635.469342
0.867316,4,78638.444789
0.01729,5,78639.84094
0.814899,4,78643.299313
0.973695,4,78643.385472
0.948137,5,78643.580802
0.875375,5,78654.047
0.9244,5,78657.795678
0.834353,7,78660.552405
0.700641,3,78665.247657
0.942795,4,78670.804696
0.57217,4,78675.131279
0.749742,5,78677.96319
0.937099,6,78683.937624
0.996036,3,78685.924395
0.908466,3,78685.996817
0.960524,3,78688.4345
0.520084,8,78688.761395
0.930441,3,78692.117274
0.315352,5,78713.939805
0.964161,4,78716.64766
0.919492,3,78719.924535
0.690572,3,78732.025327
0.880935,3,78736.324422
0.117021,19,78789.973325
0.67824,4,78796.490194
0.0,33,78986.268248
0.829774,4,78994.005372
0.0,11,79093.116254
0.795656,6,79093.283173
0.796656,4,79100.989685
0.799424,6,79109.515556
0.69242,4,79122.661468
0.748446,4,79125.460635
0.998849,3,79127.356406
0.918748,4,79127.453581
0.876048,4,79131.843763
0.909837,3,79137.378981
0.928043,4,79139.964757
0.554174,3,79151.236793
0.747074,3,79157.596851
0.924324,3,79162.660145
0.408131,4,79180.206514
0.353716,6,79180.383435
0.906744,4,79183.244027
0.77955,4,79187.492793
0.898166,4,79193.922316
0.0,11,79305.201412
0.953883,3,79307.991098
0.479791,8,79308.246699
0.996036,3,79310.31741
0.87782,4,79312.513685
0.911641,4,79319.285237
0.817331,4,79322.053732
0.943099,3,79324.878517
0.347752,20,79325.632789
0.89361,3,79328.243301
0.701166,3,79336.12313
0.680887,3,79345.23454
0.785111,6,79345.420763
0.805513,5,79345.569692
0.940037,4,79352.491929
0.845556,4,79360.99654
0.538379,3,79372.936196
0.966891,3,79375.209668
0.0,3,79438.141941
0.942637,3,79441.208434
0.811868,3,79445.690821
0.868001,7,79457.119367
0.756816,3,79462.049035
0.955042,3,79464.578878
0.0,5,79571.875507
0.0,10,80088.963275
0.863152,4,80089.103842
0.571485,5,80092.851587
0.202124,5,80093.046993
0.579106,3,80103.83014
0.724795,7,80124.70842
0.809935,3,80130.704157
0.862643,10,80152.104443
0.998249,3,80155.999362
0.809723,4,80164.286598
0.943712,3,80166.977896
0.847644,3,80173.375853
0.989498,3,80175.415171
0.868818,3,80175.504386
0.983178,3,80175.567394
0.699204,8,80185.66806
0.386562,4,80194.373548
0.895282,6,80197.22214
0.329424,4,80197.342977
0.896217,4,80199.77828
0.894885,3,80204.99856
0.400035,5,80210.718639
0.953883,3,80213.370923
0.809099,3,80219.776837
0.805266,4,80223.343472
0.978543,3,80227.935555
0.977351,3,80232.177273
0.789179,3,80240.655362
0.0,3,80301.051066
0.928917,4,80304.829928
0.925858,3,80304.902374
0.908499,3,80308.640801
0.0,9,80370.123246
0.909837,5,80373.505106
0.665279,4,80385.12934
0.987613,4,80389.226588
0.998849,3,80391.124876
0.581291,7,80410.003945
0.923672,3,80415.467869
0.0,13,80517.472383
0.879474,3,80520.771
0.809055,9,80521.020412
0.699204,4,80531.06724
0.92261,3,80536.433561
0.979949,3,80540.844303
0.521869,3,80552.221806
0.873129,3,80552.305245
0.513869,3,80564.412614
0.967335,3,80566.839432
0.882371,3,80571.179869
0.813485,5,80576.518025
0.343402,3,80594.283213
0.9381,3,80596.903776
0.277114,7,80634.668594
0.885078,3,80634.741702
0.986524,3,80636.867513
0.907263,3,80636.948269
0.932685,4,80637.037456
0.779966,5,80642.757763
0.780192,5,80651.323781
0.77425,4,80651.452979
0.710672,3,80658.608055
0.884055,3,80663.036881
0.963542,3,80665.389445
0.78387,4,80665.496026
0.994476,3,80667.526923
0.724613,5,80667.677791
0.442487,4,80685.840318
0.855295,5,80690.512805
0.968963,4,80692.836898
0.513869,3,80704.885654
0.895178,6,80711.468844
0.880935,3,80715.809265
0.690572,3,80724.648156
0.998849,3,80726.618842
0.914035,3,80729.613198
0.864087,4,80733.612021
0.849401,6,80741.203475
0.796025,4,80749.46219
0.927805,3,80752.577379
0.89,3,80755.235291
0.809099,3,80761.423675
0.956883,4,80761.52007
0.953778,3,80764.0676
0.960259,3,80764.141355
0.747074,3,80770.295768
0.990795,3,80772.549703
0.959119,3,80775.024992
0.956731,3,80777.594362
0.909837,3,80780.906354
0.800449,5,80786.804504
0.867728,3,80790.533074
0.943202,5,80796.303731
0.797249,4,80799.183782
0.994495,3,80801.161777
0.343402,14,80819.552442
0.977304,3,80821.764884
0.958715,4,80821.857558
0.339066,9,80861.481858
0.939797,3,80864.393165
0.894885,3,80869.618539
0.811868,3,80873.85773
0.791944,9,80885.273254
0.944864,3,80885.338864
0.854098,4,80889.985722
0.756816,5,80901.232424
0.781638,3,80907.15056
0.987613,3,80909.301842
0.507873,5,80924.622455
0.914323,4,80927.025291
0.960524,3,80929.467601
0.777179,4,80938.125353
0.932446,4,80938.221839
0.513869,3,80951.99178
0.693524,3,80961.407316
0.908052,4,80961.51557
0.831076,3,80965.534065
0.770787,6,80976.212441
0.893952,3,80979.105493
0.935188,4,80982.373308
0.967958,3,80984.746516
0.513869,3,80997.390429
0.752471,4,81006.793905
0.966034,3,81009.734768
0.984131,3,81009.810221
0.916732,3,81009.89611
0.943544,3,81012.6273
0.343402,13,81041.074448
0.909837,3,81044.403056
0.831522,3,81048.407661
0.726233,3,81054.828367
0.417092,6,81055.033566
0.887023,5,81061.887536
0.890338,3,81064.79048
0.858691,3,81071.260877
0.719198,5,81084.398961
0.960524,3,81086.907636
0.690484,6,81097.661998
0.71366,3,81105.907473
0.859936,4,81109.075951
0.513869,3,81121.260919
0.978819,3,81123.608824
0.673907,3,81130.017612
0.876281,6,81132.709317
0.991723,3,81134.680085
0.0,16,81185.116406
0.475841,4,81190.925679
0.943099,3,81193.741906
0.882657,4,81200.81244
0.880935,3,81205.258577
0.0,3,81266.111762
0.949492,3,81268.633352
0.943099,3,81271.474026
0.960259,3,81271.544841
0.862896,5,81271.669302
0.871727,4,81279.495093
0.955542,3,81284.016385
0.860852,4,81287.241267
0.672625,4,81287.403091
0.880942,3,81291.648711
0.893952,3,81294.419414
0.937651,4,81297.589452
0.885416,3,81300.534482
0.892374,4,81303.577214
0.800385,4,81308.995111
0.880942,3,81313.218897
0.441454,12,81328.350931
0.395063,5,81343.03738
0.945681,10,81343.278742
1e-06,7,81390.639714
0.0,9,81492.214985
0.735816,4,81497.898731
0.885416,4,81503.153568
0.994759,3,81505.220105
0.0,10,81590.895241
0.860923,6,81595.661009
0.0,3,81656.90577
0.555982,11,81671.760023
0.0,11,81779.127329
0.0,27,81983.65798
0.990742,3,81985.677152
0.909837,3,81988.99616
0.856257,4,81989.108389
0.920976,3,81989.187574
0.930613,6,81991.419782
0.909837,3,81994.628147
0.920639,4,81997.941933
0.991139,3,81999.881223
0.809935,3,82005.937598
0.661923,4,82012.707028
0.949492,3,82015.199171
0.847431,5,82018.878875
0.789638,4,82024.287367
0.423138,8,82038.463157
0.513869,3,82050.398748
0.914455,3,82053.057485
0.861091,5,82057.212967
0.964298,3,82059.739008
0.315352,3,82081.508626
0.76987,4,82081.638733
0.942637,3,82084.530154
0.945459,4,82087.365766
0.864588,3,82091.139144
0.513869,4,82103.430235
0.71366,3,82111.855728
0.86705,3,82115.374108
0.7512,3,82122.119336
0.935953,5,82128.207243
0.75534,3,82133.331265
0.89,3,82136.003064
0.441454,4,82154.604045
0.89835,3,82154.676512
0.834615,4,82154.793192
0.983068,3,82157.273065
0.810793,4,82160.059705
0.789179,3,82168.54637
0.844928,4,82175.780886
0.783592,4,82175.89716
0.734872,4,82176.016102
0.845556,4,82183.404997
0.909837,3,82186.635458
0.822325,3,82190.980996
0.978819,3,82195.325879
0.887775,3,82199.002676
0.285794,4,82220.539905
0.881173,3,82223.640478
0.960524,3,82226.136234
6.8e-05,12,82270.501034
0.780735,4,82274.063661
0.176615,6,82274.300957
0.926094,3,82274.371466
0.789179,3,82282.769582
0.927776,3,82282.852955
0.598633,7,82291.911852
0.33377,13,82320.857992
0.767445,4,82326.700368
0.78306,5,82326.810788
0.556262,9,82331.974576
0.825955,3,82335.60415
0.911729,4,82335.688775
0.42455,5,82335.834601
0.930287,3,82335.901421
0.781773,7,82342.372533
0.89,3,82345.013182
0.073992,3,82372.528995
0.0,1,82432.873111
0.887137,3,82432.958853
0.513869,3,82445.113955
0.0,2,82505.479296
0.871515,4,82509.970269
0.444682,5,82525.969381
0.876037,4,82529.340307
0.896832,5,82533.364897
0.740344,7,82533.528963
0.927801,6,82539.645938
0.441454,3,82554.246916
0.981301,3,82554.31422
0.934518,3,82559.502875
0.546637,5,82571.059427
0.960524,3,82573.525768
0.915064,4,82573.614991
0.86705,3,82577.218012
0.942637,3,82580.112835
0.513869,3,82591.964202
0.934518,3,82597.226609
0.343402,3,82619.38079
0.893952,3,82622.05102
0.55308,13,82651.31803
0.909837,3,82656.906467
0.919214,3,82659.705464
0.926421,3,82665.776689
0.939535,3,82668.299976
0.791472,3,82676.678793
0.362323,7,82689.999862
0.747074,3,82696.155648
0.809935,3,82702.389867
0.980153,3,82704.61624
0.727735,10,82710.878196
0.996036,3,82712.877736
0.345751,4,82718.681029
0.0,4,82765.245945
0.0,3,82873.428488
0.835822,4,82881.109392
0.748412,9,82898.000426
0.943544,3,82900.693743
0.797132,4,82906.307344
0.959119,3,82908.743279
0.0,7,83016.172825
0.971474,3,83020.639504
0.91034,3,83024.106474
0.329423,9,83024.416972
0.809935,3,83030.380379
0.859312,4,83034.971907
0.58031,4,83038.703617
0.845298,5,83046.266206
0.843377,6,83046.51936
0.823457,5,83053.861822
0.814474,4,83062.223191
0.899971,4,83064.981425
0.343402,3,83087.064201
0.985872,3,83091.173542
0.286617,4,83118.346412
0.0,7,83178.855108
0.886049,4,83185.715875
0.0,12,83308.954138
0.0,9,83447.898654
0.612389,3,83448.03219
0.909547,4,83454.803135
0.752379,6,83461.32067
0.489729,3,83472.950654
0.792699,4,83479.626869
0.922678,4,83483.344046
0.0,6,83590.944183
0.953883,3,83593.48957
0.690572,3,83602.334234
0.914455,3,83607.07493
0.607445,4,83607.262066
0.877962,5,83609.978939
0.873129,3,83610.064736
0.224464,5,83610.254288
0.968238,3,83612.50269
0.707826,3,83621.076598
0.964298,3,83623.493447
0.984795,3,83623.558592
0.964161,3,83626.204101
0.0,2,83686.563763
0.990268,3,83688.594601
0.580516,9,83702.353898
0.882317,4,83705.110121
0.909837,3,83708.381019
0.768539,7,83718.141356
0.909837,3,83721.434646
0.906734,5,83723.792355
0.998849,3,83725.692284
0.612389,4,83725.857759
0.929938,4,83729.289077
0.924324,3,83734.421746
0.998849,3,83736.329906
0.865266,4,83743.343794
0.753033,4,83747.278124
6.8e-05,7,83751.669313
0.777518,4,83751.765415
0.940319,3,83754.354996
0.778263,4,83754.45784
0.998395,3,83758.228742
0.978819,3,83760.406614
0.809935,3,83766.617743
0.949436,3,83769.196141
0.787431,5,83774.714776
0.417619,7,83775.108475
0.0,6,83823.530511
0.76713,4,83832.795674
0.798825,4,83832.89026
0.0,4,83880.173251
0.905496,5,83882.574542
0.0,17,83972.026064
0.696122,3,83977.624493
0.858523,4,83985.115946
0.818448,5,83990.197802
0.304233,12,84016.29084
0.98995,3,84018.328269
0.903801,5,84025.177706
0.939197,3,84028.169697
0.696122,3,84033.856915
0.973947,4,84037.443144
0.689274,6,84045.466621
0.88332,4,84053.379533
0.874934,4,84057.751108
0.974108,3,84060.267771
0.923281,3,84063.020055
0.899319,5,84070.915652
0.988849,3,84072.939038
0.89,3,84075.548422
0.964298,3,84078.170877
0.991694,3,84082.360192
0.363848,12,84121.48986
0.993115,4,84121.569975
0.949436,3,84124.147724
0.513869,3,84136.059456
0.0,2,84197.437975
0.0,2,84257.753178
0.882371,3,84266.889337
0.871515,5,84273.320077
0.707826,3,84285.268655
0.990233,3,84289.313968
0.277139,9,84335.762589
0.966034,3,84338.957303
0.832953,3,84343.2021
0.968238,3,84345.760963
0.955042,3,84350.435756
0.889774,4,84352.853628
0.810108,10,84356.589808
0.356196,14,84376.862064
0.919575,3,84380.131592
0.948315,4,84382.370297
0.600572,3,84391.36498
0.914455,3,84396.281312
0.964678,3,84398.742616
0.926421,3,84404.861501
0.877661,4,84407.374027
0.688249,4,84419.445659
0.343402,6,84443.158351
0.967678,4,84448.207823
0.990233,3,84450.260803
0.937651,3,84453.438295
0.859654,4,84457.028716
0.987613,3,84459.193276
0.885078,3,84461.902654
0.0,2,84522.132555
0.880868,6,84546.058623
0.978719,3,84546.122096
0.787139,6,84600.394689
0.847644,3,84606.751414
0.612389,3,84606.886303
0.905798,3,84606.958331
0.0,5,84670.129498
0.800854,5,84670.258478
0.701166,3,84678.029706
0.305124,13,84678.7018
0.842096,4,84681.350963
0.898339,5,84688.032672
0.987613,3,84690.20651
0.328389,14,84721.811943
0.880935,4,84726.100438
0.960524,3,84728.570331
0.722544,4,84735.804132
0.960524,3,84740.353465
0.967377,3,84742.630572
0.875209,4,84749.937876
0.0,2,84855.668912
0.75207,6,84865.406933
0.982925,3,84869.159821
0.871756,4,84873.783908
0.924352,5,84880.535968
0.742218,5,84884.171577
0.788636,4,84892.387145
0.879739,4,84892.501683
0.680887,3,84901.202936
0.92261,3,84906.54012
0.943123,4,84906.825864
0.489729,4,84918.539499
0.940667,3,84921.323071
0.942637,3,84924.237786
0.352713,15,84944.815795
0.489729,3,84956.473803
0.967335,3,84959.006956
0.667227,10,84974.37848
0.352106,11,84996.369334
0.998249,3,84998.317535
0.974975,5,84998.439269
0.939535,3,85003.095917
0.987857,3,85007.366783
0.988017,3,85007.430014
0.34441,16,85012.217952
0.87322,3,85018.470507
0.58499,4,85025.380352
0.343402,6,85048.68975
0.369438,5,85062.981919
0.880935,3,85067.543135
0.343402,3,85089.837613
0.81837,4,85097.997213
0.986261,3,85102.327269
0.942637,3,85105.29538
0.953883,3,85108.208795
0.717708,5,85118.514051
0.227326,4,85141.369196
0.930408,4,85563.623512
0.844059,5,85563.745334
0.521869,3,85575.017231
0.990795,3,85577.246677
0.763246,4,85586.547964
0.978819,3,85588.693643
0.923281,3,85591.438945
0.820811,5,85599.312366
0.441454,12,85623.02372
0.800532,4,85625.866482
0.0,2,85702.589172
0.777179,5,85714.957417
0.0,8,85803.27077
0.74036,5,85806.701874
0.0,6,85912.009228
0.928135,3,85917.264057
0.979463,3,85917.329678
0.964298,3,85919.850459
0.758432,3,85927.526961
0.521869,3,85938.702654
0.866057,4,85941.207576
0.960524,3,85943.655221
0.726444,8,85952.557376
0.823881,3,85958.82439
0.722419,4,85968.323989
0.809935,3,85974.390373
0.781638,3,85980.297351
0.0,8,86066.77933
0.574364,7,86090.239196
0.795524,3,86096.393228
0.831226,3,86100.427586
0.908196,4,86103.421488
0.9381,3,86106.070402
0.728554,8,86130.949796
0.836494,3,86131.028284
0.852741,7,86135.020176
0.8645,3,86139.632707
0.893832,5,86146.544343
0.795632,5,86155.008167
0.786251,7,86155.173907
0.693524,3,86163.597721
0.507896,4,86167.114566
0.966034,3,86169.443817
0.863517,6,86176.057597
0.925885,5,86178.488046
0.930441,3,86181.957492
0.909837,3,86187.528654
0.955042,3,86192.219363
0.914455,3,86197.042685
0.737343,3,86208.895652
0.441454,3,86223.43035
0.86705,3,86226.936644
0.998849,3,86228.834075
0.787139,3,86233.635319
0.834466,7,86240.819011
0.0,10,86308.052366
0.898419,3,86313.083245
0.998249,3,86315.001516
0.887137,3,86315.078532
0.957191,3,86317.508793
0.885789,3,86321.436333
0.811868,3,86325.575692
0.917174,4,86332.032563
0.71973,4,86341.761127
0.343802,10,86362.443206
0.843377,5,86362.571981
0.960524,3,86365.020165
0.974108,3,86367.513392
0.767439,4,86371.27969
0.335023,6,86380.887766
0.858827,3,86384.875489
0.53873,4,86403.066001
0.820386,4,86403.251638
0.998849,3,86405.149981
0.943099,3,86408.085383
0.960524,3,86412.56818
0.874659,4,86417.38688
0.513869,10,86436.81233
0.938831,4,86443.256701
0.612456,3,86449.355181
0.871352,5,86456.321731
0.853333,5,86461.888722
0.864225,5,86470.754831
0.880935,3,86477.074914
0.844928,4,86484.780882
0.93584,3,86487.805588
0.356914,11,86502.599255
0.707826,3,86510.941707
0.550383,6,86522.381395
0.890338,3,86525.235698
0.964298,3,86527.728714
0.810087,4,86530.599988
0.0,28,86679.849433
0.707422,6,86717.524486
0.803904,6,86724.338933
0.880935,3,86728.833044
0.952918,3,86731.5375
0.909837,3,86734.842762
0.909837,3,86738.575255
0.924324,3,86743.845618
0.983985,4,86746.073004
0.928135,4,86751.581654
0.739088,5,86757.457289
0.841842,4,86765.128129
0.78294,4,86765.253612
0.762241,9,86765.481392
0.978819,3,86767.662684
0.820887,4,86772.975365
0.226842,12,86787.682767
0.987613,3,86789.731999
0.956954,5,86789.876858
0.871515,4,86794.66683
0.892252,4,86798.76268
0.990233,4,86802.755937
0.892252,4,86808.981839
0.690572,3,86817.739567
0.765414,5,86826.867476
0.991255,3,86828.85253
0.896581,3,86831.375841
0.904919,4,86838.145331
0.343402,5,86860.08667
0.924324,3,86865.184862
0.0,5,86929.630422
0.909837,3,86935.122396
0.759555,3,86939.403848
0.331081,7,86940.705164
0.937651,4,86943.898121
0.959119,3,86946.389351
0.789056,4,86954.991648
0.881833,4,86961.382524
0.608904,3,86968.112205
0.505751,7,86973.128715
0.824882,3,86978.386579
0.984762,3,86980.553651
0.929032,3,86983.607148
0.906584,4,86985.995165
0.898166,4,86992.662408
0.785998,4,86996.246234
0.950672,4,86999.163605
0.955542,4,87001.582938
0.439233,6,87006.574772
0.967335,3,87009.140179
0.642726,4,87009.25408
0.315352,4,87031.022105
0.984341,3,87033.08164
0.781638,3,87039.152247
0.0,25,87172.635056
0.893962,4,87175.358879
0.710672,4,87180.017677
0.92261,3,87185.288967
0.990889,3,87187.326154
0.871284,3,87190.877204
0.768816,3,87196.936643
0.909837,3,87200.338915
0.990314,3,87202.401294
0.919906,3,87205.207309
0.991353,3,87207.359342
0.582659,4,87207.483757
0.0,7,87269.055139
0.707826,3,87277.741036
0.473479,9,87278.025131
0.0,7,87384.27745
0.960524,3,87386.674035
0.356196,5,87404.60654
0.79169,6,87408.274291
0.879474,4,87411.585161
0.689183,5,87419.505806
0.932325,4,87425.539629
0.923672,3,87430.942394
0.801069,5,87436.337054
0.957191,3,87438.741002
0.915478,3,87441.551871
0.871515,4,87446.194442
0.977351,3,87448.403543
0.0,8,87547.229744
0.896931,3,87549.903655
0.441454,5,87565.400247
0.914455,3,87570.272195
0.924352,5,87576.98785
0.0,6,87639.153078
0.0,12,87759.543512
0.801153,3,87765.400965
0.964298,3,87767.898745
0.940168,4,87771.474479
0.952918,4,87774.149445
0.956731,3,87776.81518
1e-06,8,87800.921969
0.871284,3,87804.325514
0.927776,3,87804.406459
0.978819,3,87806.562241
0.701166,5,87814.380724
0.792429,3,87818.393055
0.909186,7,87826.93757
0.600572,3,87835.797323
0.898166,4,87842.105739
0.907521,3,87844.791081
0.763246,5,87854.133104
0.858827,3,87857.663404
0.977304,3,87861.837455
0.949622,5,87864.62522
0.639357,8,87874.903836
0.885416,3,87877.803023
0.98805,3,87880.096774
0.987613,3,87882.229674
0.997456,3,87884.029232
0.91034,4,87887.47508
0.942355,5,87895.945122
0.880942,3,87900.018902
0.895806,4,87902.464934
0.93584,3,87907.750116
0.890338,3,87910.592208
0.768816,3,87916.347662
0.0,5,87961.43926
0.989498,3,87963.49778
0.336982,35,87991.099144
0.766693,5,87997.622096
0.927485,3,88000.791045
0.845366,3,88004.475027
0.343402,5,88021.68184
0.811868,4,88025.860277
0.843377,3,88025.947228
0.699827,5,88034.660334
0.691876,4,88047.404452
0.880935,3,88051.774679
0.892616,4,88058.303122
0.890338,4,88061.115973
0.845988,3,88067.854127
0.60144,4,88081.64742
0.829884,5,88089.113534
0.943099,3,88091.879015
0.878183,5,88098.943223
0.93991,5,88101.972525
0.315352,10,88129.880667
0.896581,3,88132.372234
0.758142,4,88137.881529
0.441454,6,88181.289741
0.707826,3,88189.45068
0.909837,3,88194.940088
0.892238,3,88198.264125
0.964298,3,88200.763328
0.740989,4,88215.970268
0.810899,4,88218.791057
0.944731,4,88221.423215
0.864588,3,88225.175523
0.751777,3,88237.049369
0.906379,5,88243.600586
0.827121,7,88257.19716
0.907521,3,88259.932672
0.0,7,88332.849675
0.896581,3,88335.323901
0.860023,3,88341.489726
0.989498,3,88345.597619
0.345395,19,88355.156176
0.868532,4,88357.950422
0.914996,5,88365.678838
0.748799,5,88380.604914
0.785113,5,88386.683659
0.778285,4,88392.349359
0.358564,17,88421.820207
0.943064,3,88424.161536
0.521869,3,88435.143727
0.521869,4,88449.726707
0.998849,3,88453.570327
0.953883,3,88456.079299
0.737019,4,88469.271896
0.943712,3,88471.859095
0.7413,3,88477.565279
0.887276,4,88484.260622
0.957191,3,88486.637225
0.393675,3,88501.747806
0.860679,4,88509.942388
0.983985,3,88514.062233
0.759555,3,88518.259885
0.864588,4,88522.199323
0.659485,5,88533.992072
0.0,9,88598.416302
0.396841,4,88609.99804
0.0,9,88696.56824
0.968238,3,88698.793254
0.494688,4,88713.707976
0.947996,3,88716.208683
0.680887,3,88724.895858
0.690572,3,88733.532433
0.92472,4,88733.627932
0.966034,3,88738.082236
0.989498,3,88740.105796
0.914455,3,88744.820912
0.655969,4,88744.943989
0.940319,3,88747.497855
0.451734,23,88753.563857
0.787139,3,88758.512127
0.0,1,88818.903528
0.695149,4,88822.561829
0.879826,3,88822.63793
0.835032,4,88822.738344
0.765993,4,88831.443304
0.0,1,88891.969328
0.747074,3,88897.923519
0.983985,3,88901.970994
0.0,6,88903.270881
0.809777,4,88911.837388
0.801153,3,88917.326247
0.824882,3,88922.784981
0.990233,3,88926.778629
2e-06,12,88968.073431
0.91034,4,88971.50449
0.968238,3,88975.79587
0.0,2,89036.104736
0.754999,5,89042.150669
0.580516,8,89055.674815
0.740989,5,89070.515895
0.949444,3,89070.586221
0.920699,5,89073.950135
0.710672,3,89078.703161
0.983985,3,89080.829158
0.787139,3,89085.561748
0.959987,3,89085.634354
0.889855,4,89087.959087
0.864588,3,89091.797755
0.776344,4,89091.906337
0.909837,4,89099.379185
0.959278,3,89099.448184
0.579106,3,89110.268578
0.680887,3,89118.943397
0.924178,3,89119.015817
0.0,1,89179.67752
0.960711,4,89181.867973
0.897055,4,89188.424277
0.8645,4,89193.233088
0.516284,4,89198.330994
0.967377,3,89200.570187
0.985872,3,89202.631165
0.766693,3,89206.723832
0.735037,5,89216.406819
0.919906,3,89219.066662
0.701166,3,89226.796293
0.0,9,89273.01083
0.74289,4,89277.066977
0.699204,5,89287.048907
0.89,3,89289.64748
0.991027,3,89291.663417
0.894885,3,89296.823214
0.0,4,89361.793695
0.726233,4,89367.925829
0.882975,6,89375.093679
0.789179,3,89380.489974
0.646975,3,89389.100348
0.943712,3,89391.691758
0.703761,5,89401.409637
0.335008,7,89401.868751
0.988608,3,89403.810451
0.955542,3,89406.213289
0.0,9,89541.902972
0.998566,3,89541.975466
0.334987,6,89572.407086
0.872762,5,89572.523621
0.618247,6,89582.421238
0.938921,3,89582.498344
0.894885,3,89587.567187
0.866708,3,89591.281546
0.686095,11,89591.638083
0.441454,3,89605.750057
0.921117,8,89608.793698
0.887276,4,89613.162197
0.955542,3,89617.595194
0.593543,5,89644.54231
0.909837,3,89650.031726
0.876964,6,89658.364337
0.831226,3,89662.209912
0.0,3,89748.471424
0.948215,6,89748.82187
0.746383,4,89758.510803
0.964298,3,89760.984583
0.667788,3,89771.437428
0.915171,4,89776.519917
0.996036,3,89778.495773
0.960711,4,89780.579774
0.748053,7,89784.182041
0.998395,3,89787.986618
0.710656,3,89799.997656
0.866459,5,89803.819667
0.800385,4,89812.025485
0.945476,4,89814.808061
0.730579,4,89820.781802
0.998849,3,89822.65209
0.920215,4,89822.751593
0.891477,4,89825.025805
0.967958,3,89827.281319
0.441454,3,89841.601408
0.896931,3,89844.271626
0.831076,3,89848.043513
0.787139,6,89857.6103
0.0,3,89918.176652
0.0,6,90033.622488
0.862809,4,90036.165027
0.644707,3,90042.169644
0.966034,3,90046.599593
0.884055,3,90050.947282
0.734651,4,90054.210779
0.838379,3,90058.075552
0.824927,4,90061.330781
0.979949,3,90065.566058
0.884055,3,90069.799055
0.666741,6,90069.957345
0.555397,5,90074.523822
0.848107,4,90077.928567
0.955395,4,90081.6951
0.9282,3,90084.068672
0.0,3,90160.817816
0.909837,3,90164.055094
0.84594,3,90172.373697
0.964298,3,90174.841873
0.0,2,90235.346367
0.927485,3,90238.415497
0.587966,8,90259.750033
0.837138,5,90266.981653
0.939535,3,90271.512061
0.966034,3,90273.777163
0.796674,4,90276.757758
0.923216,4,90283.215862
0.793458,5,90286.380972
0.990233,3,90288.290761
0.96807,3,90288.361636
0.83753,4,90291.374679
0.854293,4,90295.945381
0.913429,4,90299.998634
0.834483,4,90302.69126
0.000665,10,90303.61726
0.889394,4,90305.89152
0.0,3,90366.731343
0.809567,5,90370.944218
0.89361,3,90373.531839
0.921806,3,90373.626915
0.807866,8,90382.579282
0.59979,3,90392.562124
0.245526,11,90417.509582
0.753373,10,90423.485769
0.275692,4,90430.473405
0.914455,3,90435.308574
0.928135,3,90440.594764
0.0,3,90501.803375
0.550721,4,90513.052657
0.845988,3,90517.455813
0.89361,3,90519.983728
0.79367,5,90525.489513
0.991148,3,90525.557038
0.327871,8,90525.80583
0.919095,5,90528.402833
0.794826,4,90528.507055
0.210538,32,90588.300607
0.993645,3,90590.209798
0.612389,3,90590.340232
0.949436,3,90592.758486
0.388184,14,90600.9745
0.815007,8,90610.414937
0.0,8,91093.274383
0.356497,14,91114.230884
0.746984,4,91119.730785
0.990795,3,91121.954217
0.53358,13,91133.960657
0.942528,4,91134.057702
0.616854,3,91140.08177
0.891792,4,91147.156279
0.930408,3,91149.932165
0.960524,3,91152.378274
0.385668,15,91170.240629
0.935672,3,91173.069273
0.92261,3,91178.33506
0.0,10,91264.93388
0.84384,4,91265.052234
0.803267,4,91273.40038
0.914035,3,91276.377638
0.646975,3,91284.908877
0.864588,3,91288.629345
0.892616,4,91295.201078
0.835346,3,91295.290195
0.831226,3,91299.162247
0.909837,3,91302.448746
0.9381,3,91305.022245
0.983068,4,91307.349098
0.949436,3,91309.914794
0.904633,3,91312.877157
0.881331,4,91312.976359
0.898166,4,91319.557554
0.825955,3,91322.979136
0.896581,3,91325.477602
0.955542,3,91327.841691
0.893952,3,91330.46642
0.0,10,91438.602369
0.693524,3,91447.084426
0.0,9,91507.851651
0.894485,4,91510.512688
0.886829,4,91510.607115
0.441454,4,91524.896008
0.931421,3,91524.964968
0.837057,4,91529.321558
0.814831,3,91538.46528
0.756896,10,91543.335123
0.996036,3,91547.207193
0.0,7,91602.414303
0.904633,3,91605.389553
0.953883,3,91607.9845
0.887137,4,91608.082822
0.369262,4,91608.375132
0.845988,3,91612.850743
0.747769,4,91619.641612
0.987613,3,91621.774989
0.0,10,91719.208866
0.7413,3,91725.104849
0.579106,3,91735.456433
0.766693,3,91739.410213
0.781638,3,91745.352974
0.983068,3,91747.622705
0.834615,4,91747.737406
0.787139,4,91752.62299
0.895057,3,91752.706811
0.721327,5,91762.667105
0.806966,5,91762.786678
0.964161,3,91765.415692
0.887023,4,91772.056896
0.996036,3,91774.020572
0.966034,3,91776.334849
0.831522,3,91780.073865
0.447214,25,91781.385944
0.469015,5,91786.359046
0.960524,3,91790.722578
0.751767,3,91796.152861
0.315352,6,91817.520988
0.918441,3,91823.244787
0.839148,4,91825.95696
0.944237,4,91832.569573
0.861934,4,91835.075118
0.859312,4,91839.606965
0.930441,3,91842.895432
0.765915,5,91843.009767
0.829043,7,91847.818689
0.854463,7,91855.515569
0.0,2,91955.270686
0.762977,5,91958.024182
0.896931,3,91960.654953
0.996036,3,91962.644786
0.521869,3,91973.786663
0.968238,3,91975.975999
0.599292,5,91983.492447
0.506863,4,91987.074128
0.896283,4,91989.556834
0.942637,3,91992.30731
0.977351,3,91996.609563
0.929779,3,91996.682654
0.979439,3,91996.747329
0.960524,3,91999.184394
0.399305,4,92011.477629
0.423138,4,92024.891542
0.729241,4,92034.19932
0.960524,3,92036.668602
0.855764,3,92040.52933
0.89,3,92043.139695
0.441454,4,92057.424774
0.311043,4,92073.798284
0.998849,3,92075.6752
0.930441,3,92078.95523
0.58325,8,92091.906395
0.612456,3,92097.868815
0.0,6,92198.430397
0.935672,4,92201.268808
0.906744,3,92206.328698
0.955542,3,92208.581836
0.831076,3,92212.345525
0.0,17,92422.436645
0.914455,3,92427.244905
0.964161,3,92429.751724
0.931341,4,92429.839791
0.949492,3,92434.423648
0.467746,4,92440.020197
0.782663,5,92443.266118
0.834822,6,92454.780457
0.923398,3,92454.851433
0.99286,3,92454.914756
0.859312,4,92459.583972
0.746346,3,92467.419861
0.862437,4,92470.228194
0.418291,4,92476.515917
0.521218,5,92487.836217
0.885416,3,92490.717184
0.989752,3,92490.784573
0.673907,3,92496.431884
0.425132,10,92496.733235
0.978819,3,92498.874066
0.287058,3,92518.623545
0.441454,4,92532.833817
0.96145,3,92535.054718
0.742304,4,92535.14877
0.898419,3,92537.915556
2e-06,5,92583.581329
0.9381,4,92586.105696
0.760232,6,92595.812865
0.967958,3,92598.045901
0.857976,4,92602.572585
0.665279,5,92613.859475
0.958649,4,92613.950126
0.845653,4,92618.427374
0.967678,4,92623.042536
0.993441,3,92624.878102
0.855764,3,92628.547891
0.620407,3,92634.707355
0.803392,4,92638.016048
0.845988,3,92644.880746
0.995488,3,92644.944038
0.369276,6,92658.192335
0.939535,3,92662.799674
0.579106,3,92673.220052
0.819233,6,92680.996923
0.867925,4,92683.528949
0.989498,3,92685.596166
0.500867,6,92700.938768
0.945476,4,92703.703745
0.223246,4,92722.446267
0.78004,4,92726.028218
0.441454,6,92743.735251
0.991812,3,92745.641777
0.977351,3,92747.832391
0.790035,4,92756.102867
0.291695,15,92818.895949
0.894448,3,92824.300156
0.766693,3,92828.410016
0.513098,4,92833.567131
0.7512,3,92840.084183
0.955542,3,92844.489725
0.889726,7,92844.667177
0.893952,3,92847.37044
0.987613,3,92849.514081
0.892374,3,92854.627531
0.893952,3,92857.352178
0.996036,3,92859.402782
0.909837,3,92864.727404
0.441454,5,92883.058877
0.792025,4,92891.223599
0.890338,3,92894.062379
0.813265,6,92898.008685
0.884057,4,92898.123532
0.978543,3,92902.666856
0.77955,3,92906.699385
0.91034,3,92909.99297
0.998849,4,92911.911513
0.470455,4,92917.570622
0.288866,7,92924.849313
0.747074,3,92930.801147
0.814831,3,92940.150069
0.899107,4,92947.512975
0.950646,4,92947.608743
0.983068,3,92949.900899
0.538379,3,92960.371859
0.691774,3,92968.870479
0.977304,3,92971.003811
0.956731,3,92973.63361
0.989498,3,92975.70765
0.880935,3,92980.101692
0.811868,3,92984.1157
0.0,4,93081.134818
0.898419,3,93086.115023
0.657755,5,93096.023241
0.985599,3,93096.088998
0.729262,4,93106.000542
0.441454,3,93120.350038
0.795524,3,93125.966455
0.707422,5,93134.419189
0.799381,4,93143.3347
0.59979,3,93153.362024
0.707826,3,93161.566034
0.914035,3,93164.533286
0.88288,3,93164.611511
0.898166,4,93171.126271
0.802302,4,93176.944327
0.580516,4,93190.443764
0.0,5,93235.790087
0.960524,3,93238.201467
0.952918,3,93240.892281
0.71366,3,93249.191856
0.960524,3,93251.636109
0.642599,5,93262.051988
0.865428,4,93266.532703
0.798099,4,93266.645798
0.844973,4,93266.7366
0.924015,5,93271.921979
0.521869,3,93283.121431
0.339476,7,93283.414105
0.0,4,93344.526153
0.955042,3,93349.124532
0.987613,3,93351.282586
0.880942,3,93355.455941
0.925123,5,93358.412062
0.926421,3,93364.345683
0.926421,3,93370.310703
0.843377,3,93370.398335
0.0,5,93431.099365
0.711256,7,93444.631903
0.990439,3,93446.569734
0.968238,3,93448.795727
0.889252,6,93452.416088
0.937651,3,93455.543594
0.927485,3,93458.695425
0.513869,3,93470.397114
0.877068,5,93473.175426
0.989258,3,93475.12228
0.824882,3,93480.312182
0.756816,5,93488.335242
0.876037,3,93491.61612
0.732265,7,93495.027505
0.930611,4,93495.119256
0.758142,7,93510.929404
0.646975,4,93519.561963
0.739849,5,93522.85217
0.690572,4,93531.529854
0.967958,3,93533.932671
0.753481,3,93539.087782
0.998849,3,93540.970412
6.8e-05,6,93632.634111
0.918141,3,93632.733377
0.423138,5,93645.995017
0.977351,3,93648.057569
0.910649,4,93648.155786
0.967377,3,93650.44481
0.926275,4,93656.31259
0.7373,4,93660.309169
0.947996,3,93662.687818
0.797999,14,93670.203999
0.913425,3,93673.315898
0.977304,3,93675.463457
0.794069,4,93680.897439
0.980351,3,93683.081304
0.733646,5,93683.234623
0.957191,3,93687.828543
0.90302,4,93687.932333
0.848105,6,93692.601092
0.949492,3,93697.211473
0.839618,7,93704.566556
0.928751,3,93706.901205
0.387021,12,93707.264478
0.977304,3,93709.435488
0.966034,3,93711.718685
0.860101,3,93715.180877
0.113392,5,93738.75682
0.995308,3,93738.819565
0.347275,11,93739.320303
0.612389,3,93739.445875
0.977304,3,93741.615964
0.920809,4,93744.398915
0.809099,3,93750.447011
0.852167,5,93750.559659
0.84485,4,93758.129775
0.809935,3,93764.220921
0.893952,3,93766.945436
0.960259,3,93767.01358
0.812184,4,93774.839862
0.943099,3,93777.623532
0.799424,4,93786.064713
0.667788,3,93796.521381
0.896931,3,93799.157389
0.960524,3,93801.602549
0.916916,4,93805.253654
0.512683,4,93820.160331
0.909837,3,93823.358473
0.852391,4,93830.376284
0.796656,3,93837.834044
0.873129,3,93837.916224
0.926035,4,93840.65736
0.393675,6,93855.765368
0.864844,5,93855.883695
0.959119,3,93858.289428
0.442487,9,93876.423275
0.998395,3,93880.196514
0.978819,3,93882.372159
0.922117,4,93885.3879
0.926142,3,93890.566967
0.983068,3,93892.849997
0.985872,3,93894.943479
0.998849,3,93896.835334
0.554433,6,93910.655518
0.725267,4,93910.761358
0.336315,7,93937.154291
0.809099,3,93943.305767
0.725022,7,93943.491575
0.0,2,94004.401317
0.80962,5,94004.540021
0.804809,6,94012.690124
0.903801,4,94019.155169
0.800189,6,94019.307196
0.93819,3,94021.79577
0.998249,3,94023.589215
0.252527,5,94030.662755
0.968238,3,94032.925416
0.909837,3,94036.163253
0.620407,3,94042.252051
0.92423,8,94042.436466
0.787139,5,94053.134443
0.967335,3,94055.540365
0.889394,4,94057.830978
0.889421,3,94063.202444
0.966034,3,94065.498155
0.815721,5,94065.63527
0.989498,3,94067.689415
0.993339,3,94073.21909
0.441454,14,94095.327029
0.979949,3,94099.575562
0.860595,6,94102.090059
0.889421,3,94107.676346
0.782589,4,94116.546999
0.844928,4,94123.728204
0.996036,3,94125.699714
0.980144,3,94127.677063
0.546068,11,94141.658086
0.929938,5,94145.010653
0.343402,3,94162.136475
0.890338,3,94164.933206
0.952218,3,94165.002238
0.895178,5,94171.596183
0.643757,6,94182.998623
0.898166,4,94189.494906
0.393347,20,94211.250196
0.998849,3,94213.135141
0.736497,5,94218.950014
0.879047,4,94223.44521
0.840928,3,94227.351778
0.943099,3,94230.104805
0.984762,3,94232.261845
0.693524,3,94240.567803
0.923281,3,94243.164222
0.89361,3,94245.749672
0.612456,3,94252.010651
0.861515,5,94259.0274
0.0,2,94358.416794
0.846902,4,94363.178672
0.89361,3,94365.73088
0.887023,4,94372.416772
0.876037,3,94375.724657
0.0,13,94477.908959
0.959074,3,94477.990556
0.902931,4,94485.705055
0.858691,3,94491.968101
0.218643,9,94500.165468
0.925645,3,94500.235916
0.887137,3,94500.313241
0.521869,3,94514.980646
0.960259,3,94515.047711
0.800385,5,94522.993173
0.964161,3,94525.581953
0.977351,3,94529.871071
0.937651,3,94532.975998
0.735869,4,94548.131043
0.0,1,94608.799627
0.858691,3,94615.26884
0.871515,4,94619.787076
0.570806,20,94636.959791
0.811868,3,94640.954577
0.964298,3,94643.459316
0.919906,3,94646.122776
0.845556,5,94653.392337
0.977304,3,94657.554652
0.949436,3,94660.099177
0.545777,10,94695.385423
0.8926,5,94698.009341
0.953883,3,94700.607995
0.892374,3,94703.647063
0.506362,9,94733.491224
0.960524,3,94735.938295
0.987613,3,94738.065704
0.879125,4,94744.66903
0.0,8,94883.039923
0.449997,9,94887.076204
0.98835,3,94887.13862
0.93991,4,94890.209753
0.93584,3,94895.552148
0.959987,3,94895.622313
0.990233,3,94897.62905
0.977351,3,94899.819394
0.948315,4,94901.985859
0.989498,3,94904.028057
0.581017,4,94913.252036
0.643757,4,94924.437905
0.953883,4,94926.954026
0.643757,5,94938.130497
0.63945,6,94947.586828
0.987613,3,94949.749003
0.879449,4,94949.847075
0.74289,4,94953.93178
0.910649,4,94954.033751
0.91034,4,94957.469045
0.708076,3,94966.221197
0.213962,4,94973.953169
0.0,3,95034.5912
0.912435,3,95039.888721
0.441454,4,95057.851686
0.707826,3,95066.295996
0.644707,3,95072.260951
0.942806,4,95075.99976
0.937651,3,95079.111871
0.920976,4,95079.2112
0.396576,7,95111.065313
0.926205,3,95111.140068
0.955878,3,95113.559409
0.8645,4,95118.155736
0.347212,7,95118.578489
0.693524,3,95126.779891
0.903801,4,95133.092553
0.871352,4,95139.955197
0.855764,3,95143.534033
0.800385,4,95151.589288
0.831226,3,95155.458094
0.979949,3,95159.859404
0.778826,4,95165.130613
0.879474,3,95168.369928
0.8645,3,95172.93182
0.961967,3,95172.99977
0.908499,3,95176.494011
0.907521,3,95181.63155
0.977304,3,95183.78696
0.967958,3,95186.026654
0.909837,3,95189.265398
0.864588,3,95193.10588
0.968238,3,95195.318608
0.995924,3,95195.3817
0.472581,4,95212.082782
0.894885,3,95214.994957
0.840309,6,95219.889261
0.726233,3,95226.114186
0.707826,3,95234.281549
0.879174,5,95241.221294
0.947597,4,95241.317169
0.907521,3,95246.408957
0.966034,3,95248.713309
0.759555,3,95255.354298
0.990233,3,95257.362461
0.0,8,95363.040893
0.513869,3,95374.635554
0.955042,3,95379.167898
0.881833,4,95385.369933
0.88012,4,95388.016056
0.0,64,96080.36424
0.795415,5,96089.070423
0.920699,7,96092.390566
0.928135,3,96097.557864
0.990795,3,96099.926057
0.644744,4,96108.796135
0.8645,3,96113.604537
0.94836,5,96120.814995
0.716885,5,96124.341365
0.952918,3,96126.991693
0.781638,3,96132.888106
0.71366,3,96141.27271
0.985872,3,96143.406736
0.682587,5,96146.829987
0.694669,4,96150.488617
0.464158,4,96161.674036
0.909837,3,96164.926718
0.964161,3,96167.546989
0.920699,5,96170.922825
0.527886,6,96190.605886
0.943544,3,96193.183423
0.955542,3,96195.573421
0.753481,3,96200.669546
0.857458,4,96200.773572
0.689832,5,96213.549306
0.909837,3,96218.995762
0.788018,5,96224.466916
0.898166,4,96230.989208
0.0,7,96298.200062
0.680887,3,96306.999826
0.942637,3,96309.756169
0.890338,3,96312.556673
0.983985,3,96314.660989
0.737214,4,96320.32081
0.822568,4,96323.653152
0.996036,3,96325.636806
0.895593,18,96332.78227
0.939535,3,96337.279988
0.930408,3,96340.209309
0.762105,4,96348.798725
0.914455,3,96353.644246
0.978819,3,96355.680829
0.686498,4,96355.792805
0.87782,4,96358.021112
0.978819,3,96360.19128
0.996036,3,96362.16333
0.960524,3,96364.622675
0.830488,5,96372.144454
0.821767,3,96376.987917
0.701166,3,96384.641075
0.65544,5,96389.187102
0.0,2,96475.599916
0.559074,9,96486.936509
0.580516,5,96500.252359
0.923281,3,96502.933239
0.949436,3,96505.470737
0.796267,4,96511.354699
0.955042,3,96515.912768
0.971474,3,96520.440355
0.931705,3,96522.851797
0.777179,5,96531.123469
0.701166,3,96538.843717
0.925161,4,96541.102321
0.89361,3,96543.677666
0.608904,3,96550.248472
0.801153,3,96556.175142
0.92261,3,96561.388794
0.93584,4,96566.719774
0.356248,4,96566.994419
0.43746,4,96585.136712
0.998849,3,96587.038461
0.794272,4,96587.16071
0.743493,4,96591.978888
0.751081,3,96598.073385
0.812552,3,96602.517122
0.908499,3,96606.145848
0.937651,3,96609.30139
0.880942,3,96613.449347
0.996036,3,96615.426281
0.817482,4,96618.130374
0.710672,3,96622.597268
0.949492,3,96625.088557
0.0,7,96725.31824
0.785732,4,96733.681774
0.870225,7,96746.537349
0.796656,3,96753.958456
0.0,5,96816.63955
0.857972,4,96816.758542
0.441454,4,96830.980787
0.618689,7,96857.664868
0.890338,3,96860.440873
0.885416,3,96863.337738
0.909837,3,96868.685827
0.712773,6,96873.530849
0.699204,4,96883.49457
0.942637,3,96886.346145
0.93152,5,96889.123783
0.898208,5,96891.487037
0.8645,3,96896.09446
0.998849,3,96897.986461
0.595947,3,96906.754639
0.840928,3,96910.882956
0.967377,3,96913.150686
0.0,4,97018.241771
0.912567,4,97018.350554
0.469474,4,97018.490885
0.821767,3,97023.376525
0.810899,4,97026.152776
0.955042,3,97028.600546
0.960524,3,97031.028016
0.967377,3,97033.272846
0.441454,6,97052.717951
0.984762,3,97056.905284
0.940667,3,97059.657114
0.949492,3,97064.290878
0.8645,3,97068.992537
0.839618,5,97076.170032
0.894448,4,97079.028391
0.985872,3,97081.088595
0.748799,3,97087.903949
0.985872,3,97089.867364
0.343402,3,97107.150433
0.923672,3,97112.529055
0.897055,4,97119.114836
0.938819,3,97124.425254
0.855764,3,97128.045486
0.942355,4,97134.489235
0.56976,4,97150.651299
0.939535,3,97155.23298
0.961203,4,97155.320398
0.784861,4,97163.764408
0.909837,3,97169.308576
0.699204,4,97179.094919
0.856403,7,97183.614206
0.855764,3,97187.318373
0.913035,5,97192.24735
0.995184,3,97194.25451
0.879474,3,97197.656638
0.942637,3,97200.416509
0.998849,3,97202.319926
0.758579,5,97205.358765
0.852082,4,97208.930883
0.864588,3,97212.644323
0.707826,3,97220.886658
0.87782,4,97223.155269
0.960524,3,97225.628408
0.861934,4,97228.028064
0.513301,4,97243.319932
0.956883,4,97243.410764
0.95482,4,97248.991259
0.864588,3,97252.800946
0.0,3,97313.190079
0.820811,4,97320.987797
0.84594,3,97329.444509
0.964298,3,97331.947784
0.960524,3,97334.541392
0.840928,3,97338.382004
0.887775,3,97344.91376
0.554167,7,97366.265566
0.806751,10,97380.567508
0.77556,4,97389.512066
0.968556,4,97392.863151
0.925858,3,97392.941638
0.608904,3,97399.499791
0.0,21,97506.25735
0.809935,3,97512.247354
0.762981,7,97520.927555
0.752232,8,97534.453872
0.833236,3,97538.095595
0.943064,3,97540.539494
0.809099,3,97546.824092
0.89361,3,97549.358806
0.959119,3,97551.775904
0.909837,4,97554.953579
0.753481,3,97560.053143
0.858691,3,97566.37756
0.952174,4,97566.468033
0.373944,5,97579.276667
0.693524,3,97587.617724
0.787139,3,97592.319624
0.819795,4,97595.078492
0.553463,3,97606.118878
0.939197,3,97608.93812
0.943064,3,97611.389114
0.987956,3,97611.454829
0.9231,4,97616.324326
0.0,12,97643.655832
0.737107,4,97652.926828
0.792699,4,97659.337417
0.882217,3,97659.413943
0.877653,4,97659.51298
0.986689,3,97659.575998
0.947715,3,97659.648159
0.935325,3,97662.274981
0.977351,3,97666.568303
0.689894,5,97679.802343
0.835822,4,97687.24016
0.876037,3,97690.745443
0.747074,3,97696.684006
0.690572,3,97705.307111
0.0,8,97708.718323
0.89361,4,97711.279294
0.845556,4,97718.540481
0.931656,3,97721.184312
0.983985,3,97723.326683
0.852551,5,97728.093247
0.953883,3,97730.700039
0.772051,11,97741.19582
0.838379,3,97747.761038
0.808011,7,97751.023245
0.0,3,97856.511913
0.690572,3,97865.122653
0.885416,3,97868.029844
0.859151,4,97872.709764
0.740489,15,97891.892928
0.960524,3,97894.229991
0.680887,3,97902.928073
0.864555,5,97903.055667
0.909837,3,97906.491792
6.6e-05,19,97914.612586
0.859151,4,97919.331406
0.932325,4,97925.09226
0.967335,3,97927.598758
0.884055,3,97931.833926
0.942637,3,97934.676571
0.998849,3,97936.597403
0.807185,4,97944.403051
0.940335,3,97944.473176
0.894702,3,97944.547421
0.924325,5,97947.887787
0.977304,3,97950.078045
0.953883,3,97952.604621
0.342875,7,97970.00323
0.75354,4,97973.59266
0.943918,3,97973.662035
0.907521,3,97978.772181
0.0,11,98025.296083
0.845366,3,98028.901214
0.953778,3,98031.408709
0.787865,4,98039.86785
0.998849,3,98041.792155
0.809099,3,98047.883693
0.205705,8,98069.196634
0.977776,3,98071.539225
0.271336,7,98078.776868
0.0,7,98140.263142
0.93584,3,98143.102127
0.0,8,98249.59616
0.71366,3,98257.654482
0.940667,3,98260.354583
0.898166,4,98266.682553
0.977304,3,98268.826007
0.804597,4,98274.202001
0.0,4,98338.056384
0.87782,4,98340.167837
0.967335,3,98342.650681
0.831226,3,98346.532667
0.855764,3,98350.424859
0.937651,3,98353.530401
0.0,3,98414.139325
0.923672,3,98419.499122
0.606992,4,98428.778297
0.835822,4,98436.368142
0.964161,3,98438.980221
0.741162,4,98448.573022
0.839075,3,98454.620533
0.481235,7,98466.90565
0.343402,5,98488.443663
0.756816,4,98496.373484
0.977776,3,98498.675487
0.509989,6,98508.926767
0.983985,3,98513.093597
0.696122,3,98518.42452
0.98824,3,98520.423695
0.992303,3,98522.392901
0.955042,3,98524.847763
0.315352,10,98546.302773
0.924553,3,98546.375443
0.923364,3,98548.987448
0.959987,3,98549.056465
0.888278,6,98549.1979
0.858691,3,98555.512215
0.759555,3,98562.049216
0.921178,4,98564.930784
0.784118,4,98565.037322
0.963577,3,98565.106446
0.945268,4,98571.785262
0.807185,4,98579.627077
0.861254,4,98583.785937
0.75391,4,98589.542024
0.809099,3,98595.797028
0.84594,3,98604.253635
0.8645,3,98608.917583
0.822646,5,98612.239774
0.879474,3,98615.440064
0.839639,4,98622.658411
0.690747,4,98633.450362
0.347212,6,98633.884979
0.831522,3,98637.608445
0.315352,11,98664.332124
0.307266,9,98664.962436
0.824035,3,98677.361012
0.996036,3,98679.361669
0.831226,3,98683.198724
0.894885,3,98688.331313
0.930408,3,98691.19547
0.91034,3,98694.570664
0.998849,3,98696.447242
0.299895,5,98705.814249
0.75375,4,98715.165336
0.994751,3,98717.122432
0.892374,3,98720.243628
0.840916,4,98727.801171
0.86705,3,98731.167089
0.929199,3,98731.238077
0.811442,4,98734.565694
0.998849,3,98736.471244
0.507974,3,98736.639524
0.977351,3,98740.949235
0.77163,4,98744.297448
0.87727,4,98751.196757
0.849725,4,98751.301418
0.998249,3,98755.012248
0.936273,3,98755.084387
0.835822,4,98762.636436
0.952918,3,98765.16906
0.909837,3,98768.405719
0.93584,3,98771.271861
0.845556,4,98778.515182
0.8645,3,98783.292348
0.92707,4,98787.406816
0.80008,4,98792.63168
0.940667,3,98795.351678
0.892374,3,98800.664825
0.795694,4,98808.932908
0.441454,6,98823.277171
0.813485,5,98831.34146
0.727455,3,98836.364632
0.829774,4,98843.978691
0.984762,3,98846.141333
0.845988,3,98850.61849
0.957191,3,98852.970319
0.944759,7,98853.140039
0.613038,4,98857.145506
0.974108,3,98859.50153
0.34427,4,98865.124179
0.923281,3,98867.818503
0.937651,3,98870.953345
0.876048,4,98875.564533
0.614735,3,98883.421797
0.987613,3,98885.540173
0.964161,3,98888.147879
0.781475,4,98896.342891
0.477093,4,98907.23886
0.0,6,98911.213487
0.266541,3,98930.392713
0.945681,5,98930.513338
0.673907,3,98936.076896
0.0,10,99037.615504
0.733265,6,99043.909739
0.0,4,99148.890826
0.001034,13,99297.52368
0.880935,3,99301.875088
0.852082,3,99305.515871
0.977304,3,99307.677638
0.949492,3,99312.277953
0.987857,3,99316.501992
0.943544,3,99319.093521
0.793378,4,99327.096537
0.315352,5,99348.290146
0.414439,4,99348.432525
0.861774,4,99350.970508
0.998849,3,99352.867259
0.98677,3,99352.930815
0.411256,3,99366.568204
0.673824,4,99370.334643
0.945924,3,99370.404136
0.940667,3,99373.11358
0.0,30,99532.74421
0.327219,5,99533.169242
0.794734,5,99536.048236
0.828992,4,99540.883091
0.888252,4,99545.227179
0.70496,6,99556.90558
0.960524,3,99559.351891
0.998849,3,99561.25368
0.643822,6,99582.027031
0.901939,7,99586.849813
0.795524,3,99592.542561
0.475841,4,99598.337096
0.947996,3,99600.816761
0.582003,4,99613.975498
0.942717,4,99617.738304
0.831565,4,99617.835881
0.343402,3,99639.469587
0.351108,4,99648.822964
0.94836,3,99651.446481
0.600572,3,99660.153247
0.909278,5,99667.522529
0.887775,3,99671.14287
0.802756,5,99684.143559
0.996036,3,99686.016938
0.880935,4,99690.353887
0.867925,4,99692.878066
0.756816,6,99703.574827
0.985872,3,99705.65748
0.924352,4,99712.263045
0.870171,4,99715.066341
0.781002,4,99715.187391
0.884055,3,99719.504622
0.942637,3,99722.345047
0.0,2,99782.919544
0.825955,3,99786.332295
0.321306,5,99786.766545
0.884055,3,99791.0956
0.875051,5,99797.853514
0.72893,4,99801.91227
0.643582,4,99809.202237
0.813398,4,99817.355422
0.815314,4,99820.689035
0.691938,6,99834.055639
0.800385,4,99842.107368
0.809935,3,99847.897606
0.896581,3,99850.39767
0.835346,3,99850.489969
0.955542,4,99852.952081
0.761653,6,99863.845861
0.833236,5,99872.139176
0.0,8,99917.428402
0.555042,5,99921.575286
0.880935,3,99925.97375
0.87782,4,99928.18484
0.926421,3,99934.064728
0.0,12,100119.684355
0.772419,4,100125.265131
0.881068,4,100132.350442
0.781638,3,100138.693322
0.0,4,100244.48592
0.873924,4,100249.369267
0.389961,5,100254.913397
0.949436,3,100257.439667
0.343748,7,100279.386045
0.934404,3,100279.455053
0.876048,4,100283.903066
0.923672,3,100289.463062
0.942637,3,100292.304524
0.831522,3,100296.045643
0.998249,3,100299.718971
0.795524,3,100305.439754
0.553463,3,100316.466008
0.828794,5,100321.514316
0.0,26,100479.84592
0.942637,3,100482.696393
0.939535,3,100487.30911
0.898419,3,100490.170569
0.347212,5,100490.550612
0.926421,3,100496.404868
0.83501,4,100499.059591
0.0,4,100604.453629
0.896581,3,100606.958323
0.989498,3,100609.035412
0.894885,3,100614.17833
0.0,2,100711.233141
0.977304,3,100713.392774
0.0,12,100831.017605
0.892374,3,100836.246721
0.880942,3,100840.427991
0.852082,6,100844.106559
0.345674,14,100860.816842
0.451396,8,100861.250696
0.77056,4,100861.383866
0.993301,3,100861.451512
0.64192,6,100882.215184
0.941245,3,100882.287577
0.923281,3,100885.028282
0.943099,4,100887.708665
0.347181,8,100888.159421
0.763406,6,100895.556841
0.949436,3,100898.109649
0.996292,3,100898.170566
0.943064,3,100900.619688
0.955542,3,100903.149747
0.787739,5,101283.810955
0.803267,4,101291.790439
0.967377,3,101293.906867
0.7413,3,101299.38057
0.807932,4,101302.772491
0.869778,3,101307.016087
0.880942,3,101311.165445
0.968238,3,101315.487662
0.207418,5,101315.678562
0.861584,5,101326.363185
0.513869,3,101337.909233
0.942637,4,101340.76331
0.926094,3,101340.835799
0.978819,3,101342.974645
0.0,8,101389.247955
0.77228,4,101389.336646
0.955542,3,101391.676445
0.967335,3,101394.157331
0.990631,3,101394.221199
0.786896,3,101398.028319
0.957191,3,101400.394121
0.919492,3,101403.592969
0.964678,3,101405.957076
0.814831,3,101415.142059
0.892097,5,101417.804534
0.356497,9,101435.476038
0.956883,3,101435.54555
0.470455,4,101441.124499
0.746346,3,101449.061393
0.978819,3,101451.191619
0.828068,4,101458.748357
0.93584,3,101461.588807
0.774042,4,101467.416791
0.927485,3,101470.586395
0.937651,3,101473.715525
0.978819,3,101475.842805
0.889421,4,101481.345997
0.967335,3,101483.748624
0.960524,3,101486.108104
0.831724,4,101489.093971
0.937602,5,101492.751894
0.811868,3,101496.870143
0.942637,3,101499.589019
0.865,4,101507.479328
0.955542,3,101509.730659
0.889416,4,101512.704574
0.516688,5,101517.845198
0.0,9,101526.572853
0.873129,3,101526.65732
0.387613,9,101538.855606
0.949436,3,101541.389865
0.860486,4,101544.993318
0.929032,3,101548.009983
0.59979,3,101557.704422
0.984762,3,101559.818562
0.907012,4,101559.921112
0.947464,4,101566.191754
0.846082,4,101569.352229
0.693524,3,101577.771344
0.766868,4,101586.76492
0.521869,3,101597.715606
0.665545,5,101605.832779
0.906099,4,101608.924177
0.909837,3,101614.340277
0.884055,3,101618.660648
0.998249,3,101622.509479
0.799155,5,101622.643949
0.0,6,101684.136971
0.878734,4,101687.489327
0.759555,3,101694.32864
0.972136,4,101697.632797
0.788636,4,101705.631823
0.978543,3,101710.184426
0.907012,4,101710.282983
0.813708,9,101726.179155
0.73464,4,101730.137544
0.825955,3,101733.640894
0.614735,3,101741.582821
0.990233,3,101743.497774
0.599534,4,101752.365861
0.77647,7,101760.707022
0.945268,4,101767.405406
0.845366,3,101771.105046
0.441454,3,101785.54724
0.377681,4,101785.66368
0.747074,3,101791.534998
0.943712,3,101794.096347
0.871039,4,101801.981898
0.907521,3,101807.057567
0.985872,3,101811.154922
0.546532,4,101811.291784
0.987613,4,101813.448918
0.795524,3,101819.157334
0.960524,3,101821.597483
0.785113,5,101827.82594
0.9831,3,101827.890364
0.894885,3,101833.037915
0.955542,3,101835.391467
0.734502,4,101850.245697
0.860101,3,101853.615088
0.504116,3,101861.915174
0.868163,4,101862.024808
0.824882,3,101867.423447
0.789179,4,101872.90493
0.744757,4,101876.887819
0.934518,3,101881.904281
0.891326,4,101886.006762
0.977304,3,101888.181171
0.978819,3,101890.224254
0.834166,4,101890.347814
0.553463,4,101901.385254
0.742301,4,101905.400895
0.513869,3,101917.059759
0.99275,3,101919.072105
0.824788,5,101926.768576
0.623669,5,101944.428474
0.701166,3,101952.138391
0.949436,3,101954.678894
0.343402,3,101976.160945
0.699204,5,101986.055194
0.807185,4,101993.981016
0.895321,4,101996.540139
0.960524,3,101999.378619
0.977304,3,102001.429018
0.949436,3,102003.941349
0.895178,4,102010.426492
0.223006,11,102038.306937
0.001282,17,102124.691281
0.0,9,102232.546774
0.758179,5,102236.005755
0.954622,3,102238.539489
0.882371,3,102242.817066
0.720981,4,102252.957173
0.991694,3,102256.898856
0.843377,3,102256.988597
0.836494,3,102257.067475
0.864588,3,102260.870649
0.800077,4,102266.360411
0.673907,3,102272.015488
0.862896,4,102272.141738
0.773824,4,102280.75242
0.928135,4,102285.682217
0.987857,3,102289.836886
0.794007,4,102294.808222
0.912964,4,102297.540417
0.710672,3,102304.34477
0.0,11,102367.321144
0.943544,3,102369.794375
0.896931,3,102372.452989
0.336703,4,102381.941586
0.940667,3,102384.650804
0.927485,3,102387.815868
0.693524,3,102396.073
0.896931,3,102398.707821
0.960524,3,102401.159561
0.88288,3,102401.235822
0.942637,3,102404.105179
0.909837,3,102409.520107
0.32688,9,102410.337578
0.7373,4,102414.302665
0.849863,5,102417.411401
0.840928,3,102421.306433
0.942355,4,102427.502146
0.896931,3,102430.163734
0.802302,4,102436.023999
0.729495,5,102451.186473
0.315861,10,102484.475255
0.74668,4,102487.225802
0.735158,7,102490.450703
0.696122,3,102495.638558
0.949436,3,102498.165717
0.914035,3,102501.081051
0.929938,6,102504.361647
0.701166,3,102512.029915
0.961541,4,102515.762289
0.852082,3,102519.361767
0.939797,3,102522.301817
0.905676,4,102524.631753
0.996036,3,102526.613821
0.789179,3,102534.841125
0.808242,5,102540.169575
0.890338,3,102542.926208
0.983985,3,102544.995098
0.781638,3,102550.868841
0.808916,4,102558.553312
0.0,5,102664.07615
0.868818,3,102664.167974
0.799651,3,102671.199652
0.759555,3,102677.732907
0.840928,3,102681.655859
0.934365,3,102684.97558
0.909837,3,102688.200805
0.93482,6,102690.690398
0.892374,3,102695.773952
0.955542,3,102698.116887
0.808916,4,102706.071911
0.919906,3,102708.735729
0.857143,4,102711.252926
0.919906,3,102713.927827
0.356196,9,102731.540896
0.960524,3,102733.962233
0.728568,4,102734.06346
0.356196,10,102754.95277
0.743439,3,102761.779164
0.708076,3,102770.570027
0.774043,4,102776.533007
0.0,3,102837.495057
0.905036,4,102837.600957
0.799623,5,102837.725005
0.760974,4,102837.817849
0.796656,3,102845.276393
0.442487,4,102863.25632
0.0,20,103039.35887
0.914455,3,103044.173354
0.960524,3,103046.589558
0.707826,3,103054.957384
0.977776,3,103057.23399
0.980203,3,103057.298937
0.919906,3,103059.967325
0.352162,8,103068.533284
0.865266,4,103075.555733
0.887137,3,103075.641693
0.954622,3,103078.175609
0.51063,8,103104.224778
0.511373,4,103119.17381
0.949492,3,103123.75244
0.751081,4,103129.859226
0.853171,4,103137.61643
0.86705,3,103141.06097
0.850007,5,103143.661915
0.909977,3,103143.735464
0.467659,5,103149.377706
0.904127,4,103151.690416
0.789179,3,103157.086972
0.70051,9,103157.314959
0.441454,3,103171.691551
0.894885,3,103176.788979
0.654488,4,103196.980281
0.92707,4,103200.793549
0.987857,3,103205.05617
0.909837,4,103208.304328
0.490784,6,103213.189742
0.833236,7,103221.545101
0.441454,3,103235.922903
0.927485,3,103239.085057
8.3e-05,11,103240.690972
0.781638,3,103246.583073
0.554512,7,103261.097194
0.423138,6,103274.409669
0.860595,4,103276.872567
0.712218,7,103291.224035
0.59979,3,103300.780111
0.423138,3,103314.266929
0.800532,6,103317.137176
0.996036,3,103319.107508
0.905497,5,103324.451012
0.831226,3,103328.278089
0.784861,4,103336.635987
0.996036,3,103338.611209
0.87817,5,103338.737556
0.996036,3,103340.709919
0.890338,3,103343.495537
0.829774,4,103351.129515
0.538002,4,103362.374502
0.538379,3,103372.793505
0.74092,5,103390.25856
0.92707,4,103394.090905
0.877218,4,103396.641573
0.625029,4,103396.758098
0.524299,5,103408.266775
0.892252,4,103414.362674
0.741526,8,103414.592135
0.978543,3,103419.143432
0.859312,4,103423.813754
0.914035,3,103426.763069
0.880935,3,103431.080213
0.838379,4,103437.608662
0.766724,7,103443.320292
0.894885,3,103448.508477
0.957191,3,103450.885429
0.880935,3,103455.211239
0.880942,3,103459.340899
0.87322,3,103465.536457
0.809935,3,103471.436454
0.707826,3,103479.674141
0.942637,4,103482.541441
0.860782,4,103485.010785
0.0,3,103545.588856
0.932695,5,103548.323248
0.882371,3,103552.57561
0.902931,5,103560.273727
0.8645,3,103564.935357
0.737577,4,103573.720723
0.942637,3,103576.597697
0.953778,3,103579.124201
0.940667,3,103581.852972
0.840916,4,103589.38156
0.473096,4,103594.760634
0.76713,4,103603.247585
0.809099,3,103609.176153
0.888112,4,103611.532723
0.461529,4,103622.23148
0.96235,3,103624.937785
0.943712,3,103627.502426
0.900802,3,103627.612937
0.216733,21,103655.790259
0.996036,3,103657.762738
0.346326,8,103658.282801
0.306276,13,103664.030685
0.831226,3,103667.874724
0.894885,3,103673.04754
0.833236,3,103679.133764
0.870222,4,103686.168248
0.987539,3,103688.166978
0.92525,4,103691.709915
0.978819,3,103693.865734
0.94836,3,103696.42754
0.0,6,103780.41365
0.661602,4,103800.465022
0.423138,3,103813.7658
0.925593,5,103819.784622
0.317398,5,103819.983967
0.761401,5,103820.109734
0.849646,4,103826.086188
0.96299,4,103829.398477
0.789179,3,103834.86079
0.845988,3,103841.557651
0.84594,3,103849.965246
0.887111,4,103850.072679
0.966034,3,103852.349307
0.909837,3,103857.571286
0.339495,4,103880.166845
0.909837,3,103885.585161
0.288039,28,103908.883414
0.984762,3,103910.999686
0.223246,3,103929.551332
0.998849,3,103931.436579
0.521869,3,103942.430322
0.831935,5,103945.603488
0.939535,3,103950.099802
0.346389,11,103950.655678
0.0,1,104011.18852
0.690572,3,104019.790835
0.668394,5,104023.269765
0.456292,5,104037.848614
0.767439,5,104041.602594
0.983985,3,104045.773462
0.893952,3,104048.498013
0.831076,3,104052.285453
0.0,10,104114.385434
0.781638,3,104120.171202
0.735541,4,104120.278545
0.861363,6,104120.428811
0.809099,3,104126.497412
0.956589,3,104126.56833
0.737343,3,104138.101696
0.57165,4,104143.025753
0.680887,3,104151.697009
0.781638,3,104157.788439
0.764629,4,104161.284012
0.909837,3,104166.757436
0.864588,3,104170.476831
0.978543,4,104174.792296
0.792699,4,104181.069048
0.398426,6,104199.240882
0.843377,3,104199.332016
0.557708,5,104222.927724
0.892374,3,104228.152353
0.879474,3,104231.390707
0.910649,3,104231.467998
0.89851,3,104237.095114
0.99316,3,104239.064164
0.773984,4,104248.387586
0.776031,7,104253.896413
0.990795,3,104256.085506
0.996653,3,104257.997841
0.343402,5,104275.323119
0.608904,3,104281.868921
0.680887,3,104290.559162
0.892374,3,104293.615226
0.940286,4,104293.707309
0.994495,3,104295.66166
0.990848,3,104295.722928
0.876037,3,104299.042332
0.93219,3,104299.11953
0.0,2,104360.280372
0.937651,3,104363.420756
0.985607,3,104363.485509
0.811868,3,104367.537444
0.87788,4,104370.224564
0.693524,3,104378.483084
0.909837,3,104381.746925
0.789179,3,104389.971167
0.835822,4,104397.561516
0.915709,5,104400.819283
0.994428,3,104402.812694
0.771456,6,104408.144164
0.960524,3,104410.57563
0.759667,5,104416.398854
0.978819,3,104418.542083
0.777179,4,104426.827064
0.892311,3,104432.772444
0.926499,4,104436.295841
0.846994,4,104443.653027
0.88288,3,104443.730637
0.998395,3,104447.534819
0.806384,4,104453.700488
0.993082,3,104455.554204
0.924505,3,104458.174692
0.0,2,104518.721297
0.746346,3,104526.836505
0.967335,3,104529.352628
0.890201,5,104536.946857
0.955542,3,104539.302198
0.948315,4,104541.457421
0.343402,4,104558.463016
0.840928,3,104562.57219
0.845988,3,104569.416466
0.932419,3,104569.491358
0.689894,5,104582.818714
0.710812,6,104582.976175
0.89,3,104585.582921
0.696122,3,104590.934445
0.928163,4,104597.253487
0.966034,3,104599.553875
0.872909,4,104602.856268
0.336315,7,104631.413707
0.924324,3,104636.314981
0.817243,6,104640.340848
0.847644,3,104646.507774
0.817616,3,104653.677412
0.60144,5,104673.031833
0.583184,4,104686.180578
0.977535,4,104690.467326
0.489729,3,104702.053226
0.953778,3,104704.554712
0.845298,4,104711.920178
0.896581,3,104714.3946
0.266541,3,104733.247973
0.919492,3,104736.361779
0.990233,3,104738.351601
0.871284,3,104741.973676
0.959119,3,104744.266743
0.453083,6,104744.42987
0.20812,9,104752.273133
0.697715,5,104761.566891
0.906744,3,104764.33799
0.978819,3,104766.488059
0.0,28,104977.012404
0.0,3,105037.405822
0.926142,3,105042.540895
0.898166,4,105049.239523
0.876102,4,105049.338145
0.89,3,105051.962026
0.798829,4,105054.535847
0.299025,4,105063.947299
0.0,3,105148.341536
0.959119,3,105150.730999
0.384571,4,105159.372659
0.673907,3,105165.010505
0.777179,4,105173.322312
0.904633,3,105176.282827
0.0,6,105237.651181
0.898419,3,105242.623925
0.967958,3,105244.861571
0.949436,3,105247.290421
0.987613,3,105249.432321
0.89361,3,105251.995839
0.729161,4,105252.107623
0.939197,3,105254.919287
0.940319,3,105257.352501
0.890338,3,105260.161485
0.919906,3,105262.844217
0.996036,3,105266.784321
0.913514,4,105270.378711
0.700641,3,105274.840534
0.616854,3,105280.861209
0.350984,20,105299.595291
0.900616,4,105302.938087
0.0,3,105363.99319
0.767317,9,105372.687833
0.967958,3,105374.94024
0.873129,3,105375.020552
0.996036,3,105379.112873
0.751081,3,105385.1502
0.864588,4,105388.985972
0.516838,7,105408.730533
0.0,9,105496.894519
0.748799,3,105503.672021
0.967335,3,105506.345303
0.990236,3,105508.348039
0.977304,3,105510.522199
0.865601,4,105517.617338
0.896931,3,105520.273489
0.990417,3,105520.336285
0.892252,5,105526.438709
0.987848,3,105526.50356
0.869778,3,105530.711257
0.998849,3,105532.600845
0.964836,3,105924.417407
0.789179,3,105930.019181
0.60968,13,105953.414269
0.960524,3,105955.857487
0.75592,4,105965.289102
0.705808,4,105968.557673
0.87322,3,105974.798755
0.812686,13,105988.243265
0.460651,6,105993.808692
0.94836,3,105996.454269
0.908411,4,106000.271358
0.554174,3,106011.24149
0.953883,3,106013.871163
0.35391,7,106027.131179
0.926919,6,106034.36257
0.93584,3,106039.754367
0.521869,3,106051.018429
0.960524,3,106053.432058
0.873129,3,106053.516655
0.926142,4,106058.343961
0.423138,3,106071.672846
0.0,2,106132.22984
0.93584,3,106137.617342
0.750651,5,106146.229207
0.910916,3,106146.300952
0.943064,3,106148.638809
0.76713,4,106157.115396
0.795524,3,106162.839764
0.968238,3,106165.076449
0.985872,3,106167.153474
0.279418,4,106174.368823
0.903005,4,106177.145993
0.276454,7,106199.852296
0.763016,4,106202.852248
0.680887,3,106211.529088
0.548546,4,106225.734423
0.0,6,106287.449343
0.773824,4,106296.072057
0.367812,4,106311.604535
0.906584,4,106313.969549
0.0,6,106376.634135
0.800385,4,106384.784652
0.923281,3,106387.475464
0.608904,3,106394.050478
0.977776,3,106396.346193
0.955542,3,106398.712185
0.950376,3,106404.40894
0.960524,3,106408.958426
0.914455,4,106413.819589
0.943064,3,106416.257253
0.344193,13,106429.880041
0.513869,3,106441.423573
0.344366,11,106442.140339
0.783665,5,106445.303832
0.824882,3,106450.494439
0.817482,4,106453.372168
0.829774,4,106460.949547
0.856151,4,106468.102334
0.8645,3,106472.805552
0.888276,4,106475.140341
0.956731,3,106477.801214
0.71366,3,106485.917863
0.754592,5,106489.218364
0.393675,4,106504.391071
0.959119,3,106506.807771
0.689832,4,106519.412965
0.980153,3,106521.60291
0.781638,3,106527.399059
0.785263,4,106530.943532
0.942637,3,106533.814306
0.70751,6,106540.279657
0.28938,8,106555.700206
0.919097,4,106562.085809
0.80346,4,106562.186931
0.909837,3,106565.349061
0.890336,4,106565.453927
0.809935,3,106571.351061
0.849401,6,106579.091609
0.825731,4,106586.910524
0.507974,3,106587.064615
0.882513,4,106594.559891
0.993339,3,106600.189682
0.894885,3,106605.269364
0.960259,3,106605.338549
0.513301,4,106620.574584
0.780192,4,106629.006333
0.92525,5,106632.576682
0.885078,3,106632.64377
0.994623,3,106634.605986
0.704277,8,106644.613776
0.93584,3,106649.894956
0.958223,4,106649.985215
0.994801,3,106650.050234
0.940319,3,106652.596082
0.967335,3,106657.264513
0.513098,4,106662.350389
0.489729,3,106674.013668
0.876048,4,106678.312192
0.940319,3,106680.870116
0.845988,3,106685.309064
0.608904,3,106691.792348
0.971599,4,106691.881755
0.967335,3,106694.392189
0.452944,6,106712.716923
0.809099,4,106718.784101
0.89,3,106721.457387
0.955542,3,106723.814181
0.884961,4,106723.922979
0.949666,3,106726.399279
0.554174,3,106737.476583
0.803137,5,106737.602153
0.841406,5,106741.022186
0.81656,5,106744.064854
0.507974,3,106744.226298
0.347079,10,106744.814898
0.680887,3,106753.412554
0.838391,13,106761.496356
0.983985,3,106765.688596
0.879162,4,106769.966735
0.71366,3,106778.346237
0.293507,4,106793.673851
0.879131,4,106798.165556
0.0,2,106858.798116
0.880935,3,106863.149172
0.998849,3,106866.904497
0.614735,4,106874.885036
0.973516,3,106877.068247
0.786896,3,106883.377197
0.931482,6,106890.504303
0.340218,5,106907.466323
0.893952,3,106910.209358
0.789179,3,106915.897669
0.955878,3,106918.299421
0.956883,3,106918.371694
0.747074,3,106924.396005
0.343197,9,106940.786588
0.892252,4,106947.119101
0.877661,4,106949.368593
0.930408,3,106952.255976
0.710656,3,106960.683644
0.980153,3,106960.752469
0.746346,3,106968.641487
0.809935,3,106974.544411
0.984762,3,106976.694309
0.85086,4,106979.269504
0.808916,4,106987.087439
0.873338,6,106990.696826
0.961948,4,106996.391879
0.513869,3,107007.886535
0.0,6,107100.102396
0.784936,4,107105.684589
0.905497,3,107108.771344
0.87322,3,107114.966219
0.78588,5,107120.44023
0.773824,4,107129.073868
0.825438,5,107135.061464
0.665279,4,107146.39337
0.99189,3,107146.454852
0.0,5,107147.764693
0.811868,3,107151.82225
0.326139,4,107161.383015
0.984762,3,107163.521268
0.0,13,107273.907459
0.912016,4,107276.278529
0.92261,3,107281.575408
0.909837,3,107284.904916
0.902179,4,107285.004739
0.751081,5,107304.438274
0.936235,9,107315.82674
0.930441,4,107319.122186
0.895178,4,107325.680886
0.343402,3,107342.851018
0.57358,4,107346.507051
0.726233,5,107352.833978
0.643757,4,107364.047256
0.518167,13,107387.296475
0.852712,4,107390.277545
0.79105,5,107399.303232
0.71366,3,107407.596227
0.59979,3,107417.480587
0.834944,6,107420.035021
0.555266,8,107440.590983
0.74426,5,107440.722729
0.315199,8,107465.574274
0.983985,3,107467.715814
0.0,9,107538.554385
0.340218,5,107556.013111
0.513869,3,107567.465043
0.712886,5,107567.625323
0.0,7,107716.193245
0.909837,3,107719.343622
0.595714,3,107730.139379
0.845988,3,107734.557168
0.335491,10,107735.316697
0.998849,3,107739.151733
0.83592,4,107739.259895
0.513869,3,107750.770939
0.797249,5,107753.627218
0.908499,4,107757.347372
0.511373,4,107772.064259
0.781638,3,107777.861197
0.0,8,107838.85689
0.513869,3,107850.415793
0.869778,3,107854.527499
0.781475,4,107862.681108
0.921944,4,107865.86764
0.834173,4,107868.728712
0.943626,7,107868.891667
0.909837,3,107874.304058
0.310621,4,107888.708445
0.949436,3,107891.144498
0.989498,3,107893.20373
0.978543,3,107897.774026
0.960524,3,107900.201382
0.966034,3,107902.393358
0.693524,3,107910.815972
0.818985,5,107915.714179
0.960524,3,107920.154171
0.957191,3,107922.522423
0.780585,4,107930.907
0.964298,3,107933.385848
0.890338,3,107936.187298
0.794734,4,107939.032576
0.796025,4,107947.115023
0.984762,3,107951.292053
0.693524,3,107959.420096
0.665279,4,107970.575027
0.643757,5,107981.652408
0.750298,4,107994.907671
0.968238,3,107997.141489
0.0,6,108060.45906
0.303629,5,108074.882562
0.8645,3,108079.581146
0.769569,6,108088.535572
0.423138,4,108101.759001
0.880935,3,108106.071517
0.0,2,108192.59123
0.858827,3,108196.040643
0.726233,3,108202.288918
0.910649,3,108202.367064
0.287408,6,108218.308844
0.538379,3,108228.935229
0.978819,3,108231.067039
0.866344,6,108238.176036
0.472581,4,108254.697152
0.820811,5,108262.722917
0.957191,3,108265.075114
0.882371,3,108269.21013
0.960524,3,108271.637942
0.936556,4,108275.427594
0.795887,8,108280.354929
0.344584,12,108293.42547
0.948613,3,108295.96024
0.855759,4,108296.061422
0.355806,15,108339.170185
0.989498,3,108341.220173
0.693524,3,108349.476953
0.739364,4,108358.843035
0.755815,4,108365.771871
0.673907,3,108371.442514
0.908528,4,108374.010058
0.967377,3,108376.262233
0.759738,4,108379.297771
0.94836,3,108381.822509
0.960524,3,108384.171702
0.953883,3,108386.771956
0.934365,3,108389.957268
0.977304,3,108392.119411
0.942637,3,108394.848253
0.89361,3,108397.284631
0.553463,3,108408.539594
0.59979,3,108418.36788
0.8645,3,108423.019798
0.0,11,108531.058384
0.967377,3,108533.31024
0.807747,4,108535.870373
0.616854,3,108541.904116
0.895269,4,108549.15915
0.505277,9,108563.017026
0.521869,3,108574.019063
0.984762,3,108578.162066
0.356196,6,108595.791588
0.845366,3,108599.511191
0.521869,3,108610.527869
0.748306,4,108613.331581
0.643757,4,108624.588287
0.897055,5,108633.284283
0.891591,3,108633.366382
0.55308,6,108647.64338
0.997611,3,108649.607799
0.871515,4,108654.101522
0.0,1,108714.798981
0.858691,3,108721.090755
0.272345,5,108734.937038
0.956883,3,108735.00688
0.795524,3,108740.872929
0.943099,3,108743.649015
0.503672,4,108747.723447
0.955542,3,108750.071146
0.0,1,108810.414773
0.441454,3,108824.795032
0.75056,5,108828.876071
0.806081,4,108831.690191
0.353557,6,108850.571877
0.338623,6,108850.786544
0.0,4,108918.505908
0.751081,3,108924.491489
0.772639,4,108933.352808
0.852391,4,108940.500954
0.892311,3,108946.625741
0.983068,3,108948.908153
0.804992,3,108953.017244
0.929032,3,108955.954477
0.898406,5,108958.661484
0.521869,3,108969.65958
0.967335,3,108972.196571
0.855502,4,108974.690803
0.864588,3,108978.508691
0.840928,3,108982.46311
0.838379,3,108986.148562
0.880942,3,108990.297593
0.964298,3,108992.790685
0.782732,4,108992.898174
0.831522,3,108996.604019
0.8884,4,108996.712851
0.890338,3,108999.532924
0.752285,5,109003.012427
0.890338,3,109005.709165
0.930441,3,109009.191673
0.390877,7,109022.503951
0.953883,3,109025.107235
0.943712,3,109027.691803
0.893952,3,109030.421816
0.315561,4,109054.228708
0.579106,3,109064.793396
0.955542,3,109067.162928
0.909837,3,109070.29249
0.939797,3,109073.25603
0.507974,3,109073.416559
0.0,10,109171.955308
0.915504,3,109174.768842
0.934518,3,109179.903372
0.880935,3,109184.248632
0.71366,3,109192.384067
0.906015,6,109197.854185
0.690572,3,109206.691607
0.945476,4,109209.334017
0.996036,3,109211.320259
0.513869,3,109222.862619
0.691774,3,109231.162642
0.691774,3,109239.749474
0.913425,3,109242.68805
0.748799,3,109249.475059
0.980117,3,109251.698178
0.321388,4,109269.254987
0.984762,3,109273.438339
0.960524,3,109275.86942
0.815237,4,109278.654844
0.896699,5,109284.502956
0.822568,4,109287.848346
0.909837,3,109291.086587
0.851612,4,109291.183161
0.89017,6,109294.626499
0.885416,3,109297.503491
0.895178,5,109307.326838
0.801335,4,109310.147337
0.860953,4,109314.719903
0.986333,3,109314.782693
0.906744,3,109319.803798
0.924324,3,109324.795944
0.781638,3,109330.611963
0.967335,4,109335.280159
0.987457,3,109335.346601
0.892374,3,109340.509811
0.872141,4,109344.995946
0.996036,3,109346.968834
0.59979,3,109357.046289
0.513869,3,109368.577748
0.721655,4,109375.307689
0.423138,5,109388.770036
0.0,8,109440.848837
0.0,2,109501.989579
0.907521,4,109508.14946
0.786516,5,109514.281391
0.878177,3,109518.466356
0.866822,4,109526.703461
0.794643,4,109534.791531
0.93584,3,109537.663063
0.832953,3,109541.680538
0.843377,4,109541.801572
0.984435,3,109541.8611
0.761721,4,109550.871176
0.942637,3,109553.629947
0.315352,6,109575.212353
0.998849,3,109577.109807
0.659911,7,109598.110937
0.810899,4,109600.886647
0.0,8,109602.729815
0.0,3,109704.301788
0.0,7,109765.777618
0.0,2,109851.879213
0.840928,3,109856.024152
0.343402,3,109877.460678
0.8645,3,109882.017457
0.953061,4,109885.580995
0.952918,3,109888.304577
0.765225,5,109894.185191
0.441454,3,109908.484264
0.355906,6,109926.191156
0.919906,3,109928.879887
0.912292,3,109934.399274
0.807185,4,109942.381443
0.504116,3,109950.80492
0.951257,5,109950.938543
0.983068,3,109953.253461
0.809935,3,109959.375123
0.880985,5,109962.144643
0.580516,4,109975.426023
0.0,2,110036.279326
0.845988,3,110043.168733
0.841613,4,110043.281818
0.927752,6,110052.674241
0.909837,3,110058.119738
0.828068,5,110065.913636
0.990102,3,110065.983259
0.979949,3,110070.130749
0.0,9,110073.055139
0.887775,3,110079.488814
0.954557,3,110079.559757
0.625406,4,110079.685504
0.821767,4,110084.627767
0.914455,3,110087.246206
0.855764,3,110090.968091
0.977351,4,110095.198644
0.967377,3,110097.433661
0.926421,3,110103.309867
0.869778,3,110107.540489
0.751338,4,110114.908839
0.938431,3,110114.980633
0.802302,4,110120.912329
0.646975,3,110126.845033
0.729386,4,110138.445746
0.880935,3,110142.772531
0.471807,9,110160.067974
0.795221,5,110162.983218
0.941386,3,110163.056794
0.879474,3,110166.30686
0.977351,3,110170.622312
0.964161,3,110173.238364
0.554512,5,110180.831692
0.996036,3,110182.826375
0.909837,3,110188.364751
0.921772,3,110188.435919
0.315352,9,110215.125907
0.499319,4,110227.178285
0.957191,4,110229.57882
0.939399,4,110229.668541
0.955042,3,110232.133657
0.808242,4,110240.126015
0.909837,3,110243.298328
0.943064,3,110245.621389
0.967958,3,110247.881387
0.659911,6,110271.547342
0.856664,5,110271.726144
0.207042,18,110311.006538
0.8645,3,110315.576392
0.968238,3,110317.728455
0.744757,5,110321.753945
0.0,8,110368.110664
0.187318,5,110375.912217
0.960524,3,110378.372632
0.880841,6,110378.516456
0.521869,3,110389.588966
0.909837,3,110392.848112
0.998798,3,110392.910304
0.791944,4,110398.030026
0.789056,5,110406.497425
0.595947,3,110415.209889
0.557124,4,110415.350326
0.787139,3,110420.209569
0.925858,3,110420.280648
0.327219,6,110420.72824
0.83242,5,110423.119201
0.781638,3,110428.977166
0.796025,4,110437.099314
0.960524,3,110439.550535
0.909837,3,110442.773594
0.943809,4,110444.990048
0.867728,3,110448.752253
0.814164,7,110462.87589
0.753149,5,110468.397125
0.909837,3,110471.549425
0.812337,6,110476.744884
0.942355,5,110483.16873
0.960524,3,110485.595896
0.92261,3,110490.73985
0.753481,3,110499.049012
0.789056,4,110507.409259
0.932412,4,110509.745791
0.892211,4,110509.835669
0.880935,3,110514.227363
0.679972,4,110514.351648
0.96941,5,110892.915766
0.826658,4,110893.033857
0.92665,3,110893.106616
0.949492,3,110895.598561
0.944237,4,110902.365349
0.880935,3,110906.728226
0.960514,3,110909.368865
0.0,1,110970.04947
0.939006,4,110972.494663
0.835822,4,110980.085734
0.967958,3,110982.327563
0.914035,3,110985.255834
0.967335,3,110987.743278
0.927266,5,110994.185559
0.914455,3,110998.978829
0.915257,4,111002.043015
0.917851,3,111002.11595
0.0,5,111099.331243
0.875435,4,111101.875102
0.881173,3,111104.949448
0.89,3,111107.579753
0.922428,5,111107.695517
0.516641,4,111112.823695
0.279713,8,111126.37956
0.718831,5,111126.501025
0.889034,4,111129.223673
0.991353,3,111131.339633
0.746346,3,111139.126316
0.908285,4,111143.029241
0.842096,5,111145.676491
0.344567,10,111148.041173
0.880942,3,111152.18504
0.608904,3,111158.827358
0.727037,3,111170.989932
0.909837,3,111174.240103
0.86705,3,111177.743492
0.89361,3,111180.320908
0.824882,3,111185.752964
0.791509,4,111193.757258
0.841115,4,111201.087456
0.732584,4,111201.19442
0.0,3,111274.338709
0.8645,3,111279.04469
0.703761,6,111288.992705
0.87782,4,111291.206036
0.914455,3,111296.03634
0.943712,3,111298.614642
0.338252,15,111310.374369
0.255198,5,111317.407861
0.787139,4,111322.289525
0.960524,3,111324.730285
0.746346,3,111332.793003
0.809099,3,111338.888566
0.824882,3,111344.20513
0.683819,4,111354.558486
0.909837,3,111360.006906
0.843751,4,111360.111414
0.9974,3,111362.083582
0.92429,3,111362.153649
0.958945,3,111366.875337
0.885789,3,111370.796595
0.998849,3,111372.688443
0.989498,3,111374.761783
0.355906,6,111392.480086
0.960524,3,111394.845326
0.790035,5,111403.203909
0.76713,4,111411.619676
0.896581,3,111414.121793
0.747074,4,111420.375351
0.956483,3,111420.443455
0.977776,3,111422.737553
0.373138,7,111432.427458
0.968238,3,111434.540381
0.811518,7,111443.598536
0.952461,3,111446.407499
0.984762,3,111448.545913
0.87845,4,111456.432617
0.94836,3,111458.971992
0.809099,3,111465.280131
0.673951,5,111465.399032
0.995215,3,111467.318102
0.92261,3,111472.4979
0.947845,4,111475.541704
0.406362,15,111488.515577
0.879474,3,111491.75811
0.580516,4,111505.093063
0.690572,3,111513.753397
0.0,6,111518.827477
0.400351,4,111533.845684
0.824882,3,111539.129307
0.860023,3,111545.416605
0.978819,3,111549.746687
0.55308,3,111557.211256
0.894396,4,111560.152758
0.882371,3,111564.404024
0.673907,3,111570.148402
0.927805,3,111573.427215
0.554174,3,111584.429656
0.923672,3,111589.662323
0.947591,3,111589.733255
0.357655,10,111607.288082
0.930408,3,111610.164466
0.796656,3,111617.565558
0.451311,5,111617.926203
0.675116,4,111621.654492
0.949492,3,111626.282514
0.0,4,111686.705526
0.917851,3,111686.785797
0.43746,4,111704.970316
0.942637,3,111707.808224
0.784861,4,111716.276708
0.835822,4,111723.781329
0.934365,3,111727.081925
0.810793,4,111729.72728
0.579106,3,111740.284901
0.718441,4,111755.417446
0.998395,3,111759.06059
0.871284,4,111762.46258
0.755504,4,111771.369385
0.898339,4,111775.635556
0.80806,4,111780.527026
0.57824,5,111813.003387
0.756494,7,111820.55343
0.879474,3,111823.787798
0.858827,3,111827.232002
0.924324,3,111832.161227
0.865718,4,111839.166851
0.765612,4,111842.060051
0.974213,4,111847.561055
0.808916,4,111855.26852
0.227326,6,111876.27288
0.939535,3,111880.867664
0.809099,3,111886.919572
0.930441,3,111890.189145
0.388842,6,111890.358718
0.998395,3,111894.034717
0.967335,3,111896.553356
0.833236,3,111900.287535
0.882217,3,111900.364609
0.0,13,112007.249779
0.793481,4,112012.600065
0.964298,3,112015.120174
0.86705,3,112018.614839
0.989498,3,112020.663669
0.78608,4,112025.748635
0.894885,3,112030.862076
0.772164,4,112034.408568
0.960524,3,112036.825724
0.727037,3,112048.85348
0.441454,4,112063.234677
0.747074,3,112069.201857
0.489459,4,112074.088817
0.996036,3,112076.071321
0.996036,3,112077.948359
0.810087,4,112080.765089
0.0,7,112177.800257
0.929081,5,112183.337934
0.989498,3,112185.411871
0.903801,5,112191.840715
0.889394,4,112194.038898
0.912435,3,112199.239497
0.955542,3,112201.607377
0.345952,6,112202.02272
0.608904,3,112208.778926
0.831076,3,112212.556762
0.967335,3,112215.083611
0.86516,4,112215.180555
0.608904,3,112221.753822
0.935672,3,112224.577731
0.909837,3,112230.030781
0.809935,3,112235.881413
0.79032,4,112242.130389
0.906744,3,112244.901324
0.939197,3,112247.824925
0.924503,4,112250.570014
0.702566,3,112256.190498
0.968875,3,112260.9473
0.759641,4,112269.870872
0.811882,5,112272.993438
0.80623,4,112275.80072
0.876037,3,112279.074282
0.866708,3,112282.697906
0.803894,4,112287.576591
0.945459,5,112290.446054
0.445882,4,112304.035006
0.74092,4,112319.019638
0.909837,3,112322.269688
0.809935,3,112328.155328
0.906744,3,112330.936589
0.0,5,112392.441763
0.600572,3,112401.184037
0.86705,3,112404.669715
0.93584,3,112410.002976
0.673907,3,112415.855644
0.996036,3,112417.829154
0.949492,3,112422.375604
0.781638,3,112428.271219
0.441454,3,112442.438624
0.998249,3,112446.263848
0.673907,3,112452.14234
0.0,11,112575.188523
0.781638,3,112581.11621
0.341856,5,112587.023876
0.879174,4,112593.741441
0.897547,4,112596.789278
0.89361,3,112599.333614
0.8645,3,112603.921629
0.870291,4,112610.790711
0.700941,6,112621.686731
0.930408,3,112624.569291
0.953883,3,112627.063943
0.977304,3,112629.230028
0.831371,3,112635.934551
0.893282,4,112639.282294
0.955042,3,112641.705669
0.913425,3,112644.671572
0.69242,4,112657.230292
0.747074,3,112663.431175
0.0,6,112755.474614
0.908499,3,112759.098631
0.835822,4,112766.657363
0.747074,3,112772.672953
0.320229,10,112777.975179
0.789179,3,112783.484047
0.831133,3,112783.578308
0.91034,3,112787.021129
0.9755,3,112789.435066
0.903129,6,112798.87236
0.832953,4,112802.898585
0.86705,3,112806.351916
0.91034,3,112809.64831
0.612389,3,112809.776771
0.892616,4,112816.277357
0.728217,5,112819.655947
0.982224,3,112821.712601
0.949444,3,112821.785055
0.843377,3,112821.874288
0.829052,4,112833.450416
0.564211,7,112834.64195
0.935122,4,112838.332259
0.845855,4,112840.972138
0.871284,3,112844.247488
0.867923,4,112848.820365
0.998849,3,112850.691787
0.94836,3,112853.340713
0.0,6,112915.801219
0.505323,4,112920.709931
0.759555,3,112927.286677
0.987613,3,112929.428025
0.831226,3,112933.263226
0.820965,4,112938.294413
0.992885,3,112938.362739
0.809935,3,112944.138385
0.913658,4,112951.036307
0.881173,3,112954.090531
0.93741,4,112957.866814
0.967377,3,112960.12683
0.32743,15,112963.715368
0.895178,4,112970.186885
0.887608,3,112973.224864
0.951062,8,112980.719959
0.997004,3,112982.727726
0.736889,4,112986.761451
0.532262,6,112991.664188
0.814831,3,113000.940796
0.931341,3,113001.005991
0.55308,6,113008.744639
0.793809,5,113015.124919
0.859311,4,113018.098697
0.612456,3,113024.151818
0.659911,8,113045.177105
0.840928,3,113049.029343
0.990359,3,113051.040074
0.978819,4,113055.167046
0.818985,4,113060.112022
0.0,23,113166.917592
0.957191,3,113169.281421
0.874528,5,113169.402347
0.809935,3,113175.346314
0.985872,3,113179.435731
0.858827,3,113182.978351
0.225942,4,113190.014324
0.960524,3,113192.476424
0.89361,3,113195.02261
0.958369,3,113199.700981
0.364253,5,113227.311847
0.751081,3,113233.350342
0.0,3,113293.68483
0.831226,3,113297.446613
0.829884,4,113305.117259
0.753481,3,113313.200845
0.582365,4,113326.374665
0.369972,7,113345.248613
0.998849,3,113347.148052
0.910649,3,113347.227238
0.995095,3,113347.288805
0.93584,3,113352.591283
0.977776,3,113354.885428
0.0,2,113415.620824
0.363401,8,113438.134339
0.703204,6,113449.586313
0.880942,3,113453.711576
0.964161,3,113456.200595
0.964298,3,113460.946689
0.792025,4,113469.045159
0.932326,3,113469.121439
0.710672,3,113476.01178
0.871592,4,113480.593058
0.94836,3,113483.220012
0.907521,3,113488.500983
0.998395,3,113492.27113
0.859462,5,113495.606378
0.990233,3,113497.61527
0.905676,4,113499.971915
0.884055,3,113504.213046
0.752932,7,113513.758699
0.799855,4,113521.870092
0.993111,3,113521.933928
0.996036,3,113523.909317
0.925858,3,113523.983677
0.887023,4,113530.676301
0.387304,10,113536.88058
0.75534,3,113541.848177
0.942637,3,113544.901917
0.30537,5,113545.290051
0.960524,3,113547.739286
0.866926,4,113550.264663
0.796025,4,113558.340621
0.521869,3,113572.856001
0.860782,4,113575.396206
0.998849,3,113577.294604
1e-06,12,113623.779918
0.870896,5,113626.561002
0.926142,3,113629.414078
0.890203,5,113636.744736
0.831226,3,113640.594721
0.909837,3,113643.847385
0.789913,7,113648.350337
0.9381,3,113650.927713
0.554433,9,113665.026864
0.788935,4,113670.436637
0.977304,3,113672.616885
0.184076,4,113701.275412
0.892616,4,113707.85524
0.858429,5,113715.947432
0.948613,3,113718.379731
0.218022,7,113748.38665
0.964298,3,113750.875185
6.8e-05,5,113753.4938
0.930408,3,113756.379167
0.808916,4,113764.453886
0.43746,6,113782.410769
0.949492,3,113784.902552
0.315352,15,113806.577471
0.885789,3,113810.457136
0.445681,6,113810.982334
0.89208,4,113817.707699
0.962919,3,113817.778311
0.507974,3,113817.947
0.864588,3,113821.740128
0.0,8,113932.025613
0.967377,3,113934.284938
0.0,11,114019.29537
0.755504,4,114027.928001
0.810087,4,114030.72446
0.746346,3,114038.549344
0.694669,8,114042.337785
0.781638,3,114048.242488
0.998849,3,114052.047936
0.987613,3,114054.176895
0.0,2,114114.826155
0.871191,4,114123.02464
0.0,3,114183.423351
0.909837,3,114188.765535
0.934365,3,114192.062129
0.0,7,114204.464801
0.898419,3,114239.445776
0.746346,3,114248.2614
5e-06,5,114288.237224
0.978819,3,114290.402197
0.727377,4,114299.012638
0.441454,4,114313.239293
0.695149,5,114316.932285
0.876037,3,114320.230222
0.871284,3,114323.801013
0.984762,3,114327.977414
0.977304,3,114330.15771
0.88736,4,114334.47538
0.348876,7,114350.101264
0.93584,3,114352.957626
0.840928,3,114356.899276
0.351269,8,114357.371725
0.835822,4,114364.908886
0.346389,5,114365.318564
0.909837,3,114368.570963
0.616854,3,114374.756131
0.786501,6,114379.008566
0.8645,3,114383.669345
0.753009,4,114387.189753
0.758624,5,114389.912102
0.85171,5,114392.635466
0.368111,8,114400.92321
0.829774,4,114408.592153
0.707826,3,114416.940738
0.777597,4,114425.252603
0.865416,4,114428.379072
0.80806,4,114433.343195
0.8645,3,114437.931616
0.98775,4,114438.014386
0.876823,4,114442.280308
0.792699,4,114448.665696
0.949492,3,114451.380489
0.81694,5,114456.328481
0.880935,3,114460.683118
0.934725,4,114464.342266
0.949666,3,114466.806032
0.985872,3,114470.952331
0.27776,7,114471.28568
0.691774,3,114479.704424
0.518347,10,114484.135664
0.983985,3,114486.261376
0.872172,4,114490.499125
0.0,9,114536.182174
0.987347,3,114536.251403
0.654488,8,114557.963157
0.765665,6,114558.11899
0.923672,3,114563.511862
0.8645,3,114568.1977
0.0,5,114569.117447
0.347212,5,114569.498845
0.876037,3,114572.807335
0.831522,3,114576.405719
0.960524,3,114578.86749
0.734651,4,114582.129316
0.989498,3,114584.176626
0.51336,4,114598.875222
0.849404,4,114606.198618
0.900039,3,114609.343865
0.0,14,114787.546393
0.77631,4,114790.587149
0.0,5,114836.302694
0.680887,3,114844.902461
0.964161,3,114847.533877
0.908411,5,114851.438671
0.960524,3,114853.882958
0.909837,3,114859.404518
0.364533,16,114872.132132
0.739178,4,114875.583079
0.993937,3,114877.538687
0.863582,4,114880.322244
0.789179,3,114885.859258
0.333388,6,114895.425742
0.909837,3,114900.873586
0.789179,3,114908.936864
0.749187,4,114909.042482
0.957191,3,114911.427874
0.906744,3,114914.267123
0.608904,3,114920.913103
0.731179,6,114930.782955
0.980162,3,114932.922118
0.831603,3,114936.558586
0.757244,6,114951.09866
0.797249,4,114954.099492
0.949492,3,114956.599187
0.939535,3,114961.085581
0.994789,3,114963.101131
0.802302,4,114968.812742
0.216722,32,115086.99456
0.774284,4,115087.104683
0.913425,3,115090.018031
0.801153,3,115096.025861
0.781002,4,115096.145025
0.933316,4,115100.185501
0.892616,4,115106.639588
0.8645,3,115111.239805
0.964161,3,115113.860051
0.882217,3,115113.935748
0.854982,4,115118.560745
0.812184,4,115126.420375
0.862896,6,115126.556024
0.811467,4,115126.673678
0.0,4,115189.363064
0.611788,4,115193.454731
0.796656,3,115201.019901
0.990233,3,115204.970423
0.876037,3,115208.278827
0.984599,3,115210.241335
0.703761,5,115220.082673
0.985872,3,115224.178689
0.952918,3,115227.004178
0.909837,3,115232.470291
0.757181,3,115240.697287
0.766693,3,115247.252097
0.942635,3,115247.321268
0.92261,3,115252.597696
0.0,8,115337.865705
0.879474,3,115341.133882
0.811868,3,115716.331487
0.985872,3,115720.474626
0.859668,5,115727.859678
0.93584,3,115733.156183
0.93584,3,115738.720608
0.441454,7,115757.324949
0.778062,4,115765.856931
0.595714,3,115776.690098
0.0,2,115837.588623
0.89,3,115840.230958
0.989498,3,115842.271322
0.940667,3,115845.013039
0.936204,3,115845.080606
0.690572,3,115853.767028
0.9381,3,115856.35997
0.887115,4,115859.101313
0.930408,3,115862.010524
0.928181,7,115871.153111
0.847644,3,115877.332019
0.995991,3,115877.392751
0.949492,3,115879.887479
0.693524,3,115888.375209
0.7413,3,115893.897748
0.451311,5,115894.259621
0.994751,3,115896.188742
0.573912,4,115904.105246
0.998249,3,115907.829213
0.820887,4,115913.045599
0.746346,5,115922.616374
0.847644,4,115929.155695
0.787139,3,115934.01371
0.729495,6,115951.571163
0.923672,4,115956.974625
0.781638,3,115962.811522
0.940667,3,115965.438931
0.393408,7,115986.807711
0.978819,3,115988.955336
0.978819,3,115993.333268
0.838379,3,115997.217313
0.94658,4,116003.554627
0.736544,5,116007.113607
0.751081,5,116015.610628
0.86705,3,116019.080156
0.89361,3,116021.572914
0.943099,3,116024.363622
0.950829,3,116024.438439
0.979949,3,116028.606258
0.998974,3,116028.667769
0.947771,4,116031.329666
0.964298,3,116033.824174
0.909837,3,116036.986996
0.92261,3,116042.256666
0.824882,3,116047.51963
0.885789,3,116051.419491
0.890338,3,116054.17648
0.696122,3,116059.427945
0.955542,3,116061.780018
0.989498,3,116063.869493
0.7512,4,116070.352877
0.978719,3,116070.419616
0.94836,3,116073.149693
0.0,5,116180.706979
0.964298,3,116183.215868
0.912016,4,116185.543894
0.94836,3,116188.19486
0.748799,3,116194.978107
0.93584,3,116200.319746
0.259436,15,116259.771405
0.521869,3,116274.566313
0.977304,3,116276.629607
0.923672,3,116281.887174
0.927752,5,116286.517956
0.971474,3,116290.941705
0.89361,4,116293.507798
0.219611,6,116293.706215
0.831076,3,116297.513062
0.707826,4,116305.817195
0.990551,3,116307.762731
0.50007,4,116323.106653
0.880935,3,116327.437768
0.800385,4,116335.421215
0.9381,3,116338.021497
0.887817,5,116344.653157
0.513869,3,116356.193958
0.701166,3,116364.110408
0.998395,4,116367.942789
0.895178,4,116374.521116
0.818896,7,116382.968669
0.837739,4,116383.075686
0.847644,3,116389.279291
0.831226,4,116393.054087
0.996032,3,116395.01129
0.955542,3,116397.347789
0.736902,5,116400.081176
0.938821,3,116402.436229
0.691774,3,116411.040677
0.880935,3,116415.398984
0.885789,3,116419.203001
0.952918,3,116421.805615
0.788013,6,116431.389865
0.761895,4,116435.118276
0.887023,5,116443.898656
0.795524,4,116449.988
0.336516,10,116450.299233
0.0,1,116510.827052
0.955542,3,116513.200741
0.32098,12,116528.316347
0.802756,5,116541.388038
0.86705,3,116544.769848
0.960259,3,116544.838773
0.345296,6,116547.013207
0.667788,3,116557.541286
0.86705,3,116561.029384
0.941396,3,116563.438524
0.513869,3,116575.189322
0.882533,3,116583.760767
0.344426,4,116593.281653
0.935325,3,116595.930841
0.442487,6,116620.735201
0.881833,4,116626.972504
0.710672,3,116631.583375
0.380874,6,116631.993439
0.941824,5,116638.78385
0.865346,4,116643.445586
0.985872,3,116647.536619
0.89361,3,116650.063279
0.845988,3,116654.474952
0.784845,4,116654.571696
0.441454,3,116672.947139
0.0,3,116785.323398
0.989498,3,116787.397743
0.998395,3,116791.191343
0.742988,5,116801.292056
0.836494,4,116801.39828
0.932685,7,116810.751143
0.521869,3,116821.910657
0.967335,3,116824.345292
0.781475,5,116836.678561
0.942637,3,116839.556314
0.943064,3,116842.014909
0.700941,6,116853.222718
0.882371,3,116857.363234
0.0,1,116917.697568
0.696122,3,116923.042281
0.977304,3,116925.175944
0.931733,3,116925.250493
0.777179,5,116937.507908
0.839618,10,116944.854729
0.931711,4,116947.244496
0.876037,3,116950.557397
0.894885,3,116953.468397
0.312288,12,116961.184024
0.92261,3,116966.486229
0.697784,5,116974.835968
0.874168,8,116975.019229
0.993828,3,116975.087805
0.85589,5,116975.203778
0.366172,10,116993.997628
0.877618,4,116994.095839
0.864588,3,116997.935369
0.880942,3,117002.087541
0.990549,3,117002.155305
0.923672,3,117007.568584
0.957191,3,117009.940439
0.659911,9,117031.517843
0.955042,3,117034.03617
0.879131,4,117038.519119
0.83501,4,117041.176197
0.967335,3,117043.591741
0.0,5,117053.551851
0.849489,6,117059.764694
0.717003,4,117059.859766
0.476453,4,117076.802889
0.939828,3,117081.881968
0.0,19,117155.884737
0.820887,4,117161.075729
0.86705,3,117164.574143
0.000219,11,117191.554869
0.896581,3,117194.037987
0.987613,3,117196.18375
0.960524,3,117198.614382
0.856257,5,117198.769032
0.513869,3,117210.415827
0.884134,4,117217.219107
0.513869,3,117228.778507
0.768097,10,117234.734577
0.898419,4,117239.753574
0.718899,4,117249.814311
0.909837,3,117253.057351
0.910481,3,117253.12893
0.940147,4,117255.757877
0.985872,3,117259.854507
0.879474,3,117263.122022
0.960524,3,117265.573984
0.964298,4,117268.087777
0.787139,3,117272.931255
0.998849,3,117276.766611
0.909837,3,117280.031991
0.746346,3,117287.957776
0.751081,5,117294.270271
0.713178,6,117306.141484
0.595714,3,117316.737754
0.315352,4,117338.04947
0.929023,4,117344.431728
0.781638,3,117350.32639
0.985872,3,117352.388918
0.513869,3,117364.15134
0.949436,3,117366.697394
0.693524,4,117375.007332
0.336315,3,117400.736742
0.355906,5,117418.435656
0.811336,4,117418.535536
0.334436,11,117431.532493
0.883784,4,117435.676973
0.923672,3,117441.045256
0.89,3,117443.653497
0.710672,3,117450.693546
0.957191,3,117453.046962
0.703761,4,117462.712294
0.266541,3,117481.896271
0.927485,3,117485.075102
0.8645,3,117489.750454
0.829884,4,117497.142537
0.673907,3,117502.799225
0.673907,3,117508.34408
0.7077,7,117519.074024
0.879343,5,117525.805077
0.87261,3,117528.679004
0.985872,3,117530.740993
0.709821,4,117538.128581
0.937651,3,117541.154306
0.859177,4,117541.261852
0.921944,4,117544.420826
0.741162,4,117554.049986
0.767692,5,117562.206147
0.19555,5,117590.653788
0.960524,3,117593.11902
0.989804,3,117595.117095
0.966355,4,117598.44692
0.882371,3,117602.595996
0.895178,4,117609.124431
0.936206,3,117609.194033
0.691774,3,117617.610383
0.898419,3,117620.458939
0.998849,3,117622.230599
0.792133,6,117622.495831
0.772639,4,117631.356852
0.668596,3,117639.483195
0.876086,4,117642.147066
0.513869,3,117653.642488
0.892374,3,117658.839628
0.944214,3,117661.142715
0.845366,3,117664.823222
0.838379,3,117668.511131
0.807737,4,117672.033326
0.833236,3,117675.78201
0.497989,4,117690.996569
0.356196,6,117713.358942
0.947996,3,117715.875952
0.964161,3,117718.401641
0.336315,3,117744.24672
0.336315,4,117769.969033
0.977304,3,117772.131669
0.423138,3,117785.429719
0.638855,4,117788.875683
0.949436,3,117791.415664
0.840751,4,117795.997075
0.835979,4,117800.951862
0.781475,4,117809.174292
0.441454,4,117823.487129
0.890825,5,117830.076172
0.939197,3,117832.95993
0.876037,3,117836.259221
0.828068,5,117843.895648
0.923281,3,117846.632662
0.879474,3,117849.849806
0.860529,4,117852.649898
0.836497,8,117855.841529
0.796656,3,117863.253106
0.996589,3,117865.197083
0.467659,4,117870.732161
0.931656,3,117873.364466
0.909837,3,117878.711216
0.810899,4,117881.487774
0.731107,4,117891.5028
0.812184,4,117899.359853
0.697863,12,117920.926829
0.927485,3,117924.001093
0.865608,5,117927.396051
0.941247,3,117927.463467
0.690572,3,117936.09507
0.940667,3,117938.805597
0.933386,4,117944.893054
0.987613,3,117947.040553
0.000436,16,117948.383725
0.934365,3,117951.673722
0.947591,4,117951.762305
0.781638,5,117961.25389
0.959119,3,117963.552104
0.943544,3,117966.059476
0.966034,3,117968.313623
0.646975,3,117976.967876
0.964298,3,117979.477282
0.967377,3,117981.753943
0.964298,3,117984.255328
0.310617,4,117999.616033
0.831076,3,118003.28965
0.990233,3,118005.287982
0.341617,6,118021.138634
0.820811,4,118028.99607
0.35017,12,118042.025553
0.959549,4,118048.265991
0.880935,3,118052.522718
0.960524,3,118054.943659
0.967377,3,118057.17705
0.952918,3,118059.793787
0.967377,3,118062.030311
0.55308,3,118069.467083
0.871284,3,118072.83292
0.977351,3,118077.15146
0.998849,3,118079.036314
0.929032,3,118082.067646
0.939197,3,118084.906946
0.949436,3,118087.448346
0.422919,4,118087.583616
0.0,6,118132.367063
0.747074,3,118138.350376
0.879131,4,118142.824448
0.690572,3,118151.437677
0.773824,4,118160.14245
0.964298,3,118162.802196
0.792699,4,118169.200834
0.829774,5,118176.842624
0.917206,5,118179.457775
0.879125,4,118183.830681
0.960259,3,118183.898844
0.898166,4,118190.461845
0.730621,4,118190.575397
0.978543,3,118195.03304
0.673907,3,118200.69445
0.858827,3,118204.260699
0.710672,3,118208.81036
0.831371,3,118215.60388
0.550971,4,118233.684587
0.689894,5,118247.156106
0.942637,3,118250.015914
0.879125,4,118256.656095
0.987857,3,118260.903713
0.837956,4,118265.536524
0.831076,3,118269.322939
0.956883,3,118269.39672
0.871756,4,118273.915631
0.0,5,118335.087577
0.959362,3,118335.169234
0.0,2,118396.089716
0.0,2,118456.452276
0.0,5,118517.647082
0.923672,3,118523.106409
0.271198,4,118530.062346
0.845455,4,118533.351735
0.954622,3,118535.770335
0.791938,5,118535.892787
0.832916,4,118536.012127
0.255743,10,118553.283928
0.582003,4,118566.690216
0.889394,4,118568.95277
0.795524,3,118574.586732
0.937651,3,118577.572278
0.8645,3,118582.243977
0.993339,3,118587.765123
0.878885,4,118594.645494
0.942637,3,118597.717158
0.879174,5,118604.442476
0.372833,6,118628.160006
0.979927,3,118628.222822
0.882758,6,118635.133676
0.747074,3,118641.102449
0.953883,3,118643.713859
0.801153,3,118649.502218
0.423138,7,118667.284279
0.809099,3,118673.336494
0.894795,5,118677.488939
0.942637,3,118680.343671
0.952918,4,118683.016997
0.989113,3,118685.160056
0.931197,4,118688.34369
0.839618,4,118695.542277
0.909837,3,118700.883657
0.55308,3,118708.510475
0.747074,3,118714.567838
0.0,2,118775.029667
0.927485,3,118778.227014
0.978819,3,118780.380898
0.820811,4,118788.059804
0.0,5,118789.702722
0.554174,3,118800.798625
0.840928,3,118804.729879
0.983421,3,118804.796312
0.885443,3,118808.67123
0.820353,4,118811.195496
0.858691,3,118817.565258
0.996036,3,118819.537896
0.955542,3,118821.884754
0.693524,3,118830.31825
0.949436,3,118832.860865
0.830633,4,118835.631509
0.690572,3,118844.248148
0.693524,3,118852.453596
0.808916,4,118860.441281
0.954622,3,118862.95434
0.0,10,118865.196515
0.967958,3,118867.423919
0.762746,4,118867.530984
0.441454,4,118885.815672
0.871284,3,118889.18827
0.977351,3,118891.375607
0.960524,3,118893.836568
0.727498,5,118904.635251
0.909837,3,118910.055986
0.984762,3,118912.217813
0.998849,4,118914.118236
0.89361,3,118916.704208
0.742526,5,118916.837262
0.899675,5,118924.365406
0.978819,3,118926.515587
0.810793,4,118929.255242
0.864588,3,118932.950746
0.998382,3,118933.014843
0.931197,4,118936.183137
0.892374,3,118941.28262
0.925544,5,118943.566597
0.898166,4,118950.104993
0.0,25,119311.847293
0.939535,3,119316.350694
0.902876,4,119322.689227
0.845366,4,119326.41105
0.699204,8,119336.550368
0.998849,3,119338.44746
0.912753,5,119345.260168
0.885789,3,119349.135448
0.0,13,119410.759926
0.691774,3,119419.110555
0.0,6,119504.187219
0.952918,3,119506.828748
0.930287,3,119509.172814
0.868948,5,119513.485602
0.936235,6,119522.668557
0.938377,4,119522.773724
0.894885,3,119525.610772
0.923281,3,119528.296995
0.475364,4,119534.118066
0.0,34,119652.369853
0.0,8,119654.437484
0.967335,3,119656.821634
0.8645,3,119661.404782
0.960524,3,119665.936125
0.880935,3,119670.283125
0.828477,6,119670.430256
0.956883,3,119670.500794
0.964161,3,119673.084914
0.99193,3,119675.052401
0.842366,4,119682.483109
0.977351,3,119686.740089
0.267101,3,119707.12002
0.387763,27,119708.525221
0.960524,4,119710.976972
0.990233,3,119715.004108
0.94966,4,119715.090225
0.934518,4,119720.150205
0.91034,3,119723.577145
0.429074,11,119723.947748
0.680817,5,119737.484938
0.949436,3,119740.008533
0.781638,3,119745.846076
0.968238,3,119748.06345
0.917017,4,119754.305424
0.820611,5,119754.419074
0.933987,4,119760.80536
0.557188,6,119768.366234
0.977351,3,119772.543591
0.0,4,119878.442668
0.967335,4,119880.859734
0.734393,4,119880.951621
0.845298,6,119888.31733
0.964298,3,119892.995051
0.983985,3,119895.113828
0.359704,8,119925.254024
0.762725,7,119925.426112
0.249442,5,119932.423398
0.909837,3,119935.5812
0.9381,3,119938.172368
0.780003,4,119947.246082
0.980977,3,119947.312066
0.0,4,120017.455273
0.808916,4,120025.223379
0.977304,3,120027.410337
0.599534,3,120036.308937
0.346326,6,120411.498586
0.990233,3,120413.424941
0.864588,3,120417.290808
0.751081,3,120423.364468
0.0,12,120575.299467
0.955042,3,120577.781674
0.996036,3,120579.748013
0.809099,3,120585.731705
0.924352,4,120592.397733
0.721655,3,120599.477136
0.977776,3,120601.793465
0.0,7,120665.712849
0.795524,3,120671.493796
0.838446,7,120675.180828
0.841842,4,120682.456251
0.939197,4,120685.414644
0.474997,4,120700.880319
0.865346,4,120705.538728
0.914455,3,120710.225701
0.912567,4,120710.327511
0.996581,3,120712.267528
0.919575,3,120715.228151
0.865346,5,120719.777663
0.939535,3,120722.268599
0.931656,3,120724.890621
0.620275,4,120751.660661
0.910649,4,120751.758475
0.315352,3,120772.993596
0.0,22,120955.504551
0.441454,3,120969.733745
0.828068,4,120977.438589
0.92423,5,120977.56319
0.556776,3,120977.702087
0.906744,3,120980.517558
0.86705,4,120984.008442
0.809935,3,120989.845515
0.864156,4,120992.549392
0.978819,3,120994.684352
0.989498,3,120996.756165
0.989498,3,120998.821091
0.0,4,121066.416834
0.823881,3,121070.679419
0.91157,4,121077.63658
0.906744,3,121082.713707
0.957259,4,121085.472174
0.940667,3,121088.092948
0.0,1,121148.43987
0.0,6,121255.472399
0.938034,3,121257.759445
0.956731,3,121260.30484
0.861774,4,121262.849614
0.92261,3,121268.17632
0.513869,3,121279.707155
0.0,3,121340.54991
0.895178,4,121347.155462
0.513869,3,121358.705115
0.977351,3,121360.889227
0.0,12,121459.973354
0.852082,3,121463.515692
0.998849,3,121467.367024
0.885416,3,121470.163697
0.913425,3,121473.129299
0.792686,4,121481.587017
0.924324,3,121486.635423
0.834637,4,121489.191701
0.922408,4,121495.949373
0.89361,3,121498.504289
0.721344,4,121501.331306
0.871284,3,121504.623974
0.983985,3,121508.718906
0.884057,6,121511.108947
0.471513,5,121527.241681
0.343402,6,121553.084127
0.892616,4,121559.647651
0.781638,3,121565.462392
0.947845,5,121568.499103
0.887023,4,121575.161411
0.884055,3,121579.434305
0.94836,3,121582.10709
0.814716,4,121587.011956
0.343402,3,121604.289551
0.955542,3,121606.675815
0.868818,4,121606.783663
0.942156,3,121606.851836
0.691774,3,121615.2334
0.887775,3,121621.736499
0.908585,3,121621.808846
0.653013,4,121633.678003
0.585041,6,121646.999231
0.0,5,121707.576839
0.827636,5,121719.873489
0.89361,3,121722.440829
0.960524,3,121724.887391
0.909837,3,121728.025072
0.893952,3,121730.772447
0.272315,8,121757.551905
0.990233,3,121759.575089
0.916265,3,121759.657823
0.0,6,121821.292565
0.914738,3,121821.378155
0.879474,4,121824.673793
0.805002,6,121833.884172
0.911102,4,121836.216041
0.0,6,121838.817883
0.642188,4,121850.134941
0.809935,3,121856.069715
0.534428,4,121862.90466
0.894885,3,121865.822683
0.0,25,122088.012171
0.739688,5,122088.313132
0.840928,3,122092.224956
0.353844,5,122101.719992
0.305343,9,122102.216835
0.959119,3,122104.629281
0.879474,4,122107.904165
0.343402,3,122129.468658
0.892616,5,122135.931054
0.956731,3,122138.578772
0.796869,4,122138.698951
0.983068,3,122141.021806
0.497389,5,122156.004113
0.924352,4,122162.827837
0.780585,4,122171.205829
0.69242,4,122183.747593
0.0,3,122244.383007
0.625852,4,122252.367072
0.871284,3,122255.735607
0.840773,5,122260.800436
0.943544,3,122263.263789
0.747074,3,122269.359825
0.815388,4,122272.047859
0.583855,4,122281.251234
0.910649,4,122281.349196
0.894885,3,122284.267084
0.61985,5,122310.392076
0.955542,3,122312.631715
0.941824,4,122319.308252
0.987613,3,122321.438825
0.909837,3,122324.679032
0.960524,5,122329.14844
0.885416,3,122332.020956
0.553463,3,122343.196478
0.896694,8,122346.656165
0.665279,5,122357.762083
0.806875,6,122363.059435
0.817616,3,122370.145556
0.80046,4,122375.304821
0.786079,5,122375.442931
0.995184,3,122377.485466
0.953778,3,122380.032084
0.612456,3,122386.106014
0.932748,3,122386.178373
0.967958,3,122390.789297
0.988967,3,122392.894709
0.0,11,122395.313055
0.0,5,122515.911954
0.882961,4,122520.035088
0.865428,4,122524.64742
0.961948,4,122530.282346
0.987865,3,122532.335342
0.0,2,122618.521523
0.756816,3,122623.366052
0.881947,4,122623.471347
0.949436,3,122626.03081
0.741414,6,122641.508961
0.880942,3,122645.660234
0.831522,3,122649.376893
0.773824,5,122657.923544
0.759716,8,122661.133429
0.909837,3,122666.627719
0.930441,3,122669.908248
0.93819,3,122672.474891
0.0,4,122733.52236
0.998849,3,122735.444182
0.856451,5,122738.517553
0.285794,4,122759.440312
0.968238,3,122761.656232
0.817616,3,122768.712935
0.809935,3,122774.645814
0.879474,3,122777.861857
0.817243,3,122785.013096
0.927485,3,122788.19358
0.937453,3,122790.607244
0.93584,3,122793.449423
0.983985,3,122795.597589
0.61985,6,122821.805734
0.734651,4,122825.046052
0.984811,3,122825.109093
0.279241,7,122839.026174
0.894885,3,122844.199555
0.998249,4,122848.078225
0.947591,3,122848.149867
0.964161,3,122850.775649
0.967377,3,122853.013486
0.882371,3,122857.417694
0.831522,3,122861.131835
0.0,1,122921.483632
0.960524,3,122923.900214
0.871048,5,122926.528442
0.977593,3,122928.722345
0.773362,4,122937.036532
0.699204,4,122947.092771
0.926421,3,122953.032307
0.909837,3,122958.488636
0.608904,3,122965.068727
0.866926,5,122967.603504
0.943099,3,122970.374472
0.753999,6,122973.589587
0.916249,4,122980.468138
0.339556,7,123006.020596
0.513098,4,123011.141925
0.48788,6,123016.098982
0.858691,3,123022.387549
0.476229,5,123022.564399
0.964298,3,123025.069139
0.608904,3,123031.58276
0.949492,3,123033.968511
0.835822,4,123041.326253
0.8645,3,123046.244395
0.822646,4,123049.573769
0.734651,4,123052.855645
0.0,6,123159.099163
0.93991,4,123162.133535
0.984762,3,123164.314811
0.892311,3,123170.36814
0.91034,3,123173.787009
0.998395,3,123177.568173
0.589599,4,123181.77404
0.988633,3,123183.88888
0.977776,3,123186.176477
0.0,9,123341.395564
0.879474,3,123344.649038
0.33377,11,123371.171814
0.78736,4,123376.505304
0.743493,3,123381.332077
0.285794,5,123401.878266
0.824882,3,123407.255779
0.964298,3,123409.762417
0.873129,3,123409.846618
0.949666,3,123412.327162
0.858827,3,123415.783491
0.960524,3,123418.20858
0.905497,3,123421.290638
0.977776,3,123423.579449
0.811868,3,123427.678319
0.612456,3,123433.723323
0.285794,5,123454.565177
0.608904,3,123461.119231
0.521869,3,123472.26259
0.998849,3,123474.144647
0.689832,4,123486.730052
0.965539,4,123489.01742
0.845366,3,123492.729283
0.828672,4,123492.852798
0.954906,4,123492.947261
0.984762,3,123495.07637
0.905676,4,123497.448265
0.511373,4,123512.474614
0.781638,3,123518.320127
0.787139,3,123523.189724
0.232589,4,123546.523646
0.612456,3,123552.596291
0.829774,4,123560.449246
0.436461,4,123578.421253
0.698757,7,123590.094179
0.930408,3,123592.959762
0.907521,3,123597.948446
0.760319,4,123606.586467
0.894885,3,123611.735759
0.967958,4,123615.923476
0.996036,3,123617.90657
0.845298,7,123625.389453
0.363369,6,123642.898831
0.69968,5,123648.763011
0.465532,7,123664.644153
0.743439,3,123671.432363
0.94836,3,123674.091062
0.544382,5,123711.678623
0.939828,3,123716.696998
0.707826,3,123724.96944
0.767025,4,123730.484294
0.930441,3,123733.771291
0.980153,3,123735.955622
0.442652,4,123748.283856
0.955542,3,123750.649831
0.841842,4,123757.938513
0.848982,4,123760.712183
0.946456,4,123766.638286
0.92261,3,123771.787095
0.423138,3,123785.175732
0.356303,5,123794.822585
0.831889,4,123802.361438
0.743493,3,123807.178219
0.809099,3,123813.220557
0.580516,4,123826.621794
0.579106,3,123837.104241
0.799506,4,123840.658357
0.839618,4,123847.938472
0.849947,5,123850.554056
0.915667,4,123853.9244
0.881833,4,123860.09355
0.513301,4,123875.449981
0.897055,4,123879.736819
0.956731,3,123882.385402
0.934518,3,123887.451215
0.441454,3,123901.880458
0.0,9,123951.806432
0.923672,3,123957.073082
0.955042,3,123959.553722
0.895057,3,123959.628268
0.553463,3,123970.557011
0.60404,4,123974.926848
0.974108,3,123977.409609
0.747074,3,123983.454036
0.927485,3,123986.579387
0.8645,3,123991.15573
0.935672,3,123993.937056
0.817243,3,124000.884585
0.810899,4,124003.648407
0.89,3,124006.26178
0.802302,4,124012.112828
0.942355,4,124018.612923
0.979617,4,124024.077533
0.942355,4,124030.440219
0.926421,3,124036.474513
0.939535,3,124039.02472
0.885416,3,124041.901777
0.879386,4,124044.492709
0.521869,4,124059.686797
0.879474,3,124062.906804
0.792699,4,124069.246136
0.504116,4,124077.814122
0.949436,3,124080.357475
0.80726,4,124085.690941
0.984762,3,124087.818202
0.627308,5,124108.561898
0.896931,3,124111.224609
0.977351,3,124113.425114
0.912964,3,124116.156442
0.308027,4,124125.618267
0.580785,4,124134.582874
0.945606,3,124136.921148
0.86705,3,124140.39956
0.804958,4,124145.856572
0.899319,4,124153.585589
0.797426,7,124153.747983
0.908585,3,124153.819859
0.864588,3,124157.653615
0.959119,3,124160.056351
0.953778,3,124162.60726
0.912435,3,124167.832601
0.692414,8,124181.197488
0.978819,3,124185.547609
0.806081,4,124188.365208
0.673907,3,124194.178498
0.478187,6,124213.745406
0.741758,5,124217.806636
0.86705,3,124221.472248
0.99519,3,124221.536538
0.994585,3,124221.602009
0.864588,3,124225.399338
0.865329,4,124228.109872
0.346506,12,124235.498266
0.810662,4,124235.598738
0.871284,3,124238.980339
0.987857,3,124243.231153
0.85086,5,124245.829382
0.810899,4,124248.597562
0.942637,3,124251.440016
0.882371,3,124255.579539
0.990233,3,124257.589984
0.964298,3,124260.091775
0.944237,4,124266.795845
0.909837,3,124272.197597
0.960524,3,124274.63879
0.935672,3,124277.425117
0.909278,6,124284.90089
0.696122,3,124290.139532
0.845366,3,124294.019085
0.964161,3,124296.622644
0.861921,4,124299.405477
0.949492,3,124301.873524
0.914455,3,124306.670655
0.795524,3,124312.348902
0.940667,3,124315.092329
0.817243,3,124318.927421
0.964161,3,124321.554656
0.949492,3,124324.04221
0.7413,3,124329.677132
0.0,2,124390.90256
0.879474,3,124394.136371
0.394215,3,124410.384842
0.693524,3,124418.621218
0.936321,4,124421.122047
0.995159,4,124423.135852
0.864588,3,124426.984526
0.952918,3,124429.628822
0.618689,4,124456.534174
0.809099,3,124462.550273
0.946887,4,124465.246758
0.71366,3,124473.357784
0.988381,3,124473.427816
0.516838,4,124488.659643
0.680887,3,124497.277459
0.0,2,124557.584073
0.929449,3,124557.665674
0.230941,7,124593.655527
0.699469,6,124600.16961
0.507974,3,124600.31731
0.876048,4,124604.644911
0.831226,3,124608.37589
0.919906,3,124611.063166
0.554939,8,124632.550891
0.751862,4,124632.647525
0.504116,3,124641.045348
0.907316,5,124644.610003
0.998849,3,124646.499416
0.691774,3,124654.911249
0.464034,5,124655.081075
0.707826,3,124663.34961
0.775755,4,124663.475327
0.998849,3,124665.362484
0.988849,3,124667.364559
0.905798,3,124667.461992
0.943712,3,124670.035899
0.996395,3,124671.991375
0.754464,7,124677.431325
0.693524,3,124685.846535
0.820481,5,124690.790307
0.0,7,124793.616725
0.989498,3,124795.69193
0.208932,5,124831.495455
0.998849,3,124833.385143
0.596344,5,124860.196707
0.942637,3,124863.06056
0.996036,3,124865.04829
0.859919,4,124867.627303
0.893952,3,124870.3707
0.356476,10,124874.37339
0.673907,3,124880.217224
0.347212,6,124880.656062
0.960524,3,124885.17169
0.538379,3,124895.615614
0.852082,3,124899.214326
0.897428,4,124899.312489
0.996036,3,124903.120573
0.898419,3,124908.085935
0.55308,3,124915.52648
0.0,8,125024.307468
0.695149,4,125028.005051
0.997944,3,125028.071661
0.870225,5,125036.342204
0.0,12,125078.233002
0.839618,4,125085.475941
0.931197,4,125088.694889
0.980153,3,125090.881851
0.56976,3,125108.459624
0.845366,3,125112.163698
0.876037,3,125115.477197
0.315352,4,125136.563557
0.431479,7,125155.203049
0.782098,4,125160.679509
0.933145,3,125163.001006
0.984762,3,125165.011697
0.989498,3,125167.085185
0.80176,7,125167.274289
0.964161,3,125169.861452
0.825955,3,125173.393322
0.983068,3,125175.699131
0.59979,3,125182.644655
0.791973,4,125182.738331
0.87322,3,125188.816247
0.712231,4,125193.727537
0.0,5,125254.510827
0.990233,3,125256.537627
0.581835,4,125256.687979
0.0,2,125317.854656
0.767344,4,125320.976149
0.748799,3,125327.83257
0.956731,3,125330.473365
0.817243,3,125337.43882
0.796273,14,125337.788981
0.0,3,125423.687647
0.708288,4,125434.168925
0.521869,3,125445.104682
0.830334,4,125445.198953
0.642188,4,125456.622612
0.342295,9,125474.195927
0.227326,4,125494.888381
0.998849,3,125496.769777
0.691774,3,125505.227921
0.942355,4,125511.528271
0.942637,3,125514.555435
0.0,7,125576.893766
0.940513,4,125580.573053
0.882371,3,125584.789644
0.734651,4,125588.045306
0.0,13,125592.122434
0.441454,3,125606.50249
0.8645,3,125611.22299
0.976449,3,125613.40038
0.968238,3,125615.63596
0.0,8,125661.153568
0.955542,3,125663.520004
0.792699,4,125669.961115
0.930408,3,125672.735512
0.977304,4,125674.918075
0.923281,3,125677.609945
0.878667,4,125682.074713
0.896581,3,125684.564658
0.749358,5,125694.50476
0.998395,3,125698.154618
0.960524,3,125700.592481
0.966034,3,125702.873601
0.889712,4,125705.718222
0.927485,3,125708.894107
0.898166,4,125715.393904
0.889421,3,125720.815303
0.996036,3,125722.701046
0.998249,3,126102.942605
0.989498,3,126105.002611
0.889256,4,126105.115262
0.955878,3,126107.472344
0.831522,3,126111.097656
0.95882,3,126111.166962
0.989498,3,126113.134212
0.879474,3,126116.366847
0.954622,3,126118.799297
0.828672,4,126118.920932
0.988817,3,126120.881619
0.909837,3,126124.31314
0.7413,3,126129.835695
0.876037,3,126133.162369
0.864002,4,126135.885386
0.693208,5,126146.101702
0.343402,4,126163.236112
0.940667,3,126165.952282
0.909433,3,126168.452242
0.901664,3,126168.532926
0.973764,4,126168.625615
0.896581,3,126171.110608
0.942637,3,126173.967637
0.867728,3,126177.56261
0.960259,3,126177.632624
0.89,3,126180.158419
0.592026,5,126207.033483
0.953883,3,126209.645167
0.0,2,126270.58382
0.940667,3,126273.302201
0.905798,3,126273.377235
0.690119,5,126286.400787
0.970327,3,126288.823787
0.92261,3,126293.9533
0.59979,3,126303.793359
0.96235,3,126306.438552
0.805195,4,126309.460497
0.892374,3,126314.546488
0.343402,6,126331.807512
0.741541,4,126331.921595
0.824882,3,126337.180871
0.745546,6,126346.272141
0.935672,3,126349.059436
0.747074,3,126354.955744
0.876037,3,126358.238432
0.343903,10,126358.930451
0.990233,3,126360.952017
0.0,3,126421.340977
0.927776,3,126421.427463
0.0,5,126505.746493
0.673907,3,126511.634843
0.813946,4,126514.139132
0.953778,3,126516.616617
0.787896,4,126519.766247
0.0,7,126626.141604
0.933776,3,126628.647806
0.960524,3,126631.058398
0.990233,3,126633.065342
0.905245,4,126640.70871
0.943544,3,126643.284785
0.919492,3,126646.513161
0.0,10,126753.045612
0.930441,3,126756.343378
0.363401,12,126778.797193
0.287058,3,126798.33364
0.691774,3,126806.850011
0.925858,3,126806.923646
0.913425,3,126809.859479
0.852712,4,126812.95498
0.985872,3,126815.012864
0.989014,3,126817.00518
0.328205,6,126821.807175
0.897055,4,126828.293947
0.909837,3,126831.518001
0.947464,4,126837.800636
0.580516,4,126851.174294
0.579106,3,126861.534058
0.989498,3,126863.595545
0.8645,3,126868.262791
0.0,4,126977.509346
0.591538,6,127003.795058
0.749855,7,127003.96431
0.8645,3,127008.822319
0.800449,5,127013.777971
0.552837,4,127025.365826
0.884055,3,127029.560438
0.986261,4,127033.874123
0.952918,3,127036.384997
0.959119,3,127038.803081
0.343402,3,127060.306477
0.998395,4,127064.121004
0.968238,3,127066.353489
0.825955,3,127069.90414
0.910649,3,127069.98756
0.748799,3,127076.698546
0.71366,3,127084.92168
0.829774,4,127092.40666
0.8645,3,127097.048459
0.351269,7,127097.486865
0.998249,3,127101.29661
0.0,47,127343.4207
0.929032,3,127346.5776
0.513869,3,127358.132355
0.989498,3,127360.190413
0.545284,4,127365.031762
0.696735,4,127365.138725
0.839618,4,127372.356091
0.977776,3,127374.61974
0.789179,3,127380.047988
0.909837,3,127383.45036
0.812337,4,127388.570105
0.756816,3,127396.316387
0.0,4,127507.401605
0.911671,4,127511.519622
0.991085,3,127513.497542
0.978543,3,127518.105012
0.944237,4,127524.72273
0.693524,3,127532.995284
0.957191,3,127535.383722
0.336315,3,127561.63408
0.845988,3,127565.984846
0.756816,3,127573.833126
0.996237,3,127577.854913
0.876037,3,127581.17608
0.887775,3,127584.841108
0.998849,3,127586.738386
0.943202,4,127592.346513
0.893342,4,127592.441172
0.956883,3,127592.516627
0.964161,3,127595.135126
0.873423,3,127601.499628
0.930441,3,127604.817208
0.0,24,127668.27053
0.990233,3,127670.303606
0.760848,4,127678.314102
0.787139,3,127683.183315
0.930441,3,127686.415652
0.955042,3,127688.875067
0.0,8,127750.586313
0.841301,4,127750.707915
0.707826,3,127759.073407
0.955878,3,127761.495257
0.282352,11,127769.011489
0.695149,4,127772.703102
0.783158,4,127772.810875
0.3478,13,127773.758943
0.927485,3,127776.981293
0.960259,3,127777.052483
0.950129,3,127779.42936
0.751081,3,127785.488804
0.726288,4,127789.506051
0.320368,5,127813.481488
0.8645,3,127818.157428
0.747568,6,127825.642084
0.891022,4,127828.31038
0.774382,5,127828.46105
0.943544,3,127831.083745
0.695149,4,127834.759649
0.845366,3,127838.68011
0.0,2,127899.064289
0.356196,19,127937.05087
0.858532,7,127944.456542
0.48894,4,127960.010847
0.964298,3,127962.503408
0.909837,3,127968.028049
0.980375,3,127970.134787
0.949492,3,127972.644364
0.765753,4,127975.545038
0.949441,3,127977.956606
0.898419,3,127980.822822
0.880935,3,127985.190579
0.936965,3,127985.261198
0.89361,3,127987.826017
0.823321,4,127987.941593
0.955042,3,127990.293667
0.869977,4,127993.625735
0.502371,6,128001.206608
0.927488,3,128001.277894
0.0,6,128107.951941
0.983442,3,128108.038346
0.960524,3,128110.521483
0.952918,3,128113.198123
0.795524,3,128118.975801
0.734613,4,128119.082473
0.8645,3,128123.811278
0.818985,4,128128.70339
0.692414,7,128142.285166
0.801335,4,128145.088675
0.539866,4,128179.510298
0.71366,3,128187.660169
0.759827,5,128201.185978
0.926142,3,128204.047814
0.86705,3,128207.565167
0.862089,4,128207.854801
0.513869,3,128219.425917
0.957191,3,128221.796546
0.183268,6,128229.690266
0.913981,3,128232.32004
0.947177,4,128232.416001
0.489729,5,128247.893274
0.949666,3,128250.38198
0.871284,3,128253.806473
0.952918,3,128256.367731
0.978819,3,128258.519948
0.865346,4,128263.197823
0.840928,3,128267.143134
0.849575,4,128273.839175
0.852082,3,128277.500722
0.86705,3,128281.00969
0.0,2,128388.000719
0.673907,3,128393.704727
0.905798,3,128393.781495
0.960524,3,128396.225795
0.699204,4,128406.258938
0.896581,3,128408.767288
0.884055,3,128413.146134
0.927485,3,128416.214988
0.987613,3,128418.351118
0.879131,4,128422.834477
0.790035,4,128431.178999
0.839366,4,128438.815966
0.990795,3,128441.012422
0.989498,3,128443.099188
0.871284,4,128446.50493
0.218022,5,128477.347749
0.864588,3,128481.129889
0.890338,3,128483.956476
0.819795,4,128486.607049
0.880935,3,128491.010996
0.947464,4,128497.457944
0.295025,9,128523.088792
0.89,3,128525.718403
0.939197,3,128528.633811
0.476453,4,128545.191474
0.890336,4,128545.299068
0.86373,5,128547.92161
0.747074,4,128554.208018
0.939197,3,128557.158654
0.0,1,128617.501636
0.908196,4,128620.328549
0.348062,7,128630.051403
0.905744,4,128630.154064
0.0,13,128718.283143
0.993044,3,128720.299037
0.531187,5,128727.079422
0.88288,3,128727.155245
0.767434,5,128733.560165
0.751081,3,128739.600172
0.923281,3,128742.309995
0.953778,3,128744.863389
0.218022,8,128775.551496
0.792133,6,128775.813126
0.905676,4,128778.184908
0.946887,4,128780.996106
0.824882,3,128786.351144
0.923476,5,128789.234001
0.871284,3,128792.643013
0.884055,3,128796.938685
0.787139,4,128801.871327
0.334368,4,128802.021686
0.701166,5,128809.885741
0.343402,3,128827.304659
0.0,3,128933.28363
0.908499,3,128936.937121
0.673824,4,128940.637902
0.871284,3,128944.04127
0.876037,3,128947.383408
0.9381,3,128949.958059
0.925728,6,128950.117188
0.787929,4,128953.723357
0.905396,4,128960.223523
0.906744,3,128965.291126
0.620681,4,128972.756208
0.839618,5,128979.946067
0.441454,3,128994.557436
0.839618,9,129002.019733
0.879131,4,129006.516989
0.246927,7,129006.764278
0.393936,5,129015.336617
0.690572,3,129024.114461
0.548334,5,129029.074076
0.781638,3,129035.170529
0.840928,3,129039.133813
0.873338,4,129042.702151
0.926421,3,129048.657761
0.879174,4,129055.328493
0.781638,3,129061.285615
0.620275,4,129088.195075
0.724608,4,129092.273105
0.923281,3,129094.986548
0.641861,4,129113.280676
0.882371,3,129117.534372
0.898339,4,129121.841191
0.0,3,129183.054034
0.707826,3,129191.578095
0.684896,7,129195.239415
0.827811,4,129200.040905
0.608904,3,129206.637474
0.55308,6,129214.473708
0.956883,3,129214.549433
0.864182,4,129217.271872
0.928631,3,129217.341541
0.751653,5,129217.480171
0.696122,3,129222.84907
0.0,9,129373.087486
0.903801,4,129379.74803
0.583184,4,129393.079978
0.696122,3,129398.435788
0.913425,3,129401.395232
0.909837,3,129406.748256
0.919555,3,129406.820801
0.608904,3,129413.524311
0.94836,3,129416.169229
0.643757,4,129427.394864
0.513869,3,129439.097281
0.689373,6,129450.112654
0.879174,5,129456.881274
0.909837,3,129460.049268
0.960524,3,129462.512938
0.0,6,129568.355252
0.553463,3,129579.701557
0.953778,3,129582.227519
0.770976,4,129587.893373
0.960524,3,129590.437006
0.882217,3,129590.516648
0.91034,3,129593.925208
0.810572,5,129597.14133
0.832953,4,129604.081304
0.960524,4,129606.555202
0.0,2,129667.449966
0.858691,3,129673.946041
0.896021,5,129674.079794
0.913425,3,129677.038266
0.943064,3,129679.509289
0.795524,3,129685.451261
0.0,3,129785.82339
0.94836,3,129788.527256
0.278338,6,129795.681059
0.809935,3,129801.54929
0.939535,3,129806.234693
0.877661,4,129808.531491
0.939535,3,129813.019972
0.0,8,129859.237611
0.691876,5,129871.990705
0.74926,4,129875.506092
0.983068,3,129877.731058
0.954198,3,129880.228803
0.907745,4,129886.701511
0.964298,3,129889.207335
0.824035,3,129901.458421
0.343402,3,129923.218192
0.0,3,129983.980725
0.916307,4,129990.721629
0.80623,4,129993.511184
0.835811,4,129996.152847
0.0,6,130093.318742
0.7512,3,130099.734615
0.0,3,130186.160468
0.441454,3,130204.488915
0.828068,4,130212.651671
0.984762,3,130216.865741
0.94119,3,130219.27473
0.740769,4,130219.383576
0.909837,3,130222.679365
0.852082,3,130226.312871
0.992077,3,130228.215225
0.55308,4,130235.916639
0.808916,4,130243.790456
0.0,6,130304.382774
0.762661,4,130304.507746
0.773362,4,130312.933444
0.879474,3,130316.185948
0.255051,4,130316.320084
0.0,5,130389.330451
0.825955,3,130392.807091
0.726233,3,130399.137357
0.754109,4,130399.275366
0.908499,3,130402.945816
0.928013,4,130408.924304
0.998849,3,130410.830537
0.0,4,130472.366695
0.914035,3,130475.342743
0.343402,3,130496.763671
0.978819,3,130501.024106
0.768816,3,130507.101766
0.856098,4,130511.742562
0.964298,3,130514.251075
6.4e-05,6,130517.415611
0.690095,4,130529.68983
0.755944,5,130535.634932
0.588466,7,130535.859235
0.608904,3,130542.522447
0.929449,3,130542.595692
0.923426,4,130549.487766
0.787139,3,130554.270762
0.919492,3,130559.888653
0.0,9,130569.961591
0.983985,3,130572.119308
0.8645,3,130576.77635
0.0,3,130637.168059
0.860023,3,130643.496947
0.998249,3,130647.5351
0.919906,3,130650.261976
0.947591,3,130650.340933
0.441454,3,130668.690061
0.343402,3,130690.496432
0.983985,3,130694.640775
0.748799,3,130701.567514
0.93584,3,130704.430686
0.509417,4,130715.975325
0.218022,4,130747.3645
0.917851,3,130747.441486
0.710656,3,130755.727393
0.887276,4,130760.323009
0.894885,3,130765.473275
0.907521,8,130772.848981
0.831226,3,130776.738048
0.905036,3,130776.813699
0.305161,5,130801.895637
0.746521,5,130815.372762
0.842251,4,130817.992136
0.968238,3,130820.25439
0.887137,3,130820.333308
0.516838,6,130835.791765
0.566932,8,130870.847439
0.912567,4,130870.952593
0.341073,25,130900.413077
0.876048,4,130904.89577
0.0,12,130994.868121
0.834637,4,130997.559434
0.472581,4,131014.376904
0.964161,3,131016.982128
0.880935,3,131021.41363
0.876037,3,131024.743982
0.34675,5,131024.938767
0.74017,7,131045.329675
0.964298,3,131047.835026
0.336315,3,131073.755557
0.513098,4,131078.923872
0.71366,3,131087.332767
0.998395,3,131091.075013
0.876037,3,131094.434308
0.988334,3,131096.405184
0.9381,3,131099.014448
0.9381,3,131101.648989
0.964298,3,131104.187433
0.888154,4,131108.270227
0.879131,4,131112.815768
0.845298,5,131120.338362
0.680887,3,131129.001781
0.879474,3,131132.254049
0.909837,3,131137.789085
0.998849,3,131139.687734
0.381044,5,131155.491989
0.922975,4,131161.557712
0.960259,3,131161.629086
0.845366,3,131165.361717
0.99275,3,131167.395379
0.949436,3,131169.991797
0.964298,3,131174.725137
0.808242,6,131180.085553
0.852082,4,131183.749207
0.955542,3,131186.158613
0.8645,3,131191.046303
0.956731,3,131193.716808
0.831226,3,131197.514494
0.317222,4,131217.608648
0.880935,3,131222.026273
0.809099,3,131228.148184
0.0,6,131275.038945
0.91034,3,131278.469326
0.276176,4,131304.805681
0.748799,3,131311.641825
0.962919,3,131311.714427
0.695149,4,131315.456962
0.866914,4,131322.683402
0.880942,3,131326.775738
0.858827,4,131330.378139
0.659911,7,131351.474143
0.0,10,131412.83795
0.967958,3,131415.101294
0.967335,3,131417.665098
0.797249,4,131420.533641
0.949117,4,131423.412858
0.801254,7,131434.913982
0.929441,4,131441.375925
0.998849,3,131443.290957
0.917983,4,131445.906544
0.451219,6,131446.326408
0.983068,3,131448.630342
0.887775,3,131455.165015
0.827034,4,131460.288513
0.0,5,131608.410949
0.450206,5,131608.809509
0.876037,3,131612.135325
0.909433,3,131614.67381
0.908499,3,131618.34745
0.87322,3,131624.612069
0.243747,8,131643.551757
0.967958,3,131646.012182
0.977351,3,131648.213014
0.476453,5,131664.815833
0.967377,3,131667.073954
0.701181,8,131677.351394
0.930565,4,131683.680015
0.964161,3,131686.32991
0.996036,3,131688.305404
0.978543,3,132092.040146
0.91034,3,132095.487908
0.441454,3,132109.754909
0.356196,5,132127.453442
0.925123,5,132130.451148
0.0,3,132191.594238
0.0,9,132215.026423
0.909837,3,132228.116247
0.526627,4,132228.246365
0.608904,3,132235.204505
0.898166,4,132241.872625
0.80726,4,132247.397805
0.847644,3,132253.787844
0.968238,3,132256.035877
0.990795,3,132258.245932
0.922317,4,132262.380374
0.959549,5,132272.083258
0.918904,4,132274.63552
0.947845,5,132277.681429
0.960259,3,132277.750941
0.521869,3,132288.909476
0.983985,3,132293.067674
0.924352,4,132299.740022
0.966034,3,132302.03356
0.92261,3,132307.301097
0.898166,4,132313.848883
0.970694,4,132313.941338
0.858827,3,132317.502812
0.892374,3,132322.623814
0.940667,3,132325.393745
0.89,3,132328.035194
0.707826,3,132336.521361
0.950829,3,132336.599418
0.945268,4,132343.44352
0.898166,4,132349.977564
0.441901,25,132413.141202
0.89361,3,132415.711805
0.949666,3,132418.193579
0.855661,4,132420.688846
0.841613,5,132420.830502
0.707826,3,132429.303623
0.9851,3,132429.371291
0.998849,3,132431.327786
0.608904,3,132437.985822
0.603593,3,132446.71933
0.881248,4,132454.267702
0.0,6,132600.907101
0.964161,3,132603.573905
0.211795,12,132626.15823
0.959987,3,132626.229794
0.929032,3,132629.147942
0.930408,6,132637.119775
0.952918,3,132639.77758
0.696122,3,132645.180588
0.842251,5,132647.805792
0.690572,3,132656.578079
0.809935,3,132662.734569
0.627308,5,132680.599971
0.766484,5,132691.64056
0.929081,4,132697.952243
0.949436,3,132700.394517
0.926421,3,132706.405433
0.0,4,132767.368361
0.862708,4,132767.476524
0.967335,3,132772.125317
0.67465,4,132775.845701
0.974108,3,132778.357734
0.489729,4,132793.383179
0.953369,3,132795.787337
0.747074,3,132801.772202
0.901664,3,132801.855877
0.529734,5,132816.108273
0.941803,4,132818.407875
0.83434,5,132825.805029
0.846703,4,132828.349081
0.871284,3,132831.78799
0.579106,3,132842.433549
0.940667,3,132845.167551
0.747074,3,132851.271751
0.824882,3,132856.615344
0.920699,4,132860.022619
0.8645,3,132864.676507
0.939535,3,132867.219948
0.955542,3,132869.609291
0.0,9,132870.465071
0.880935,3,132875.035911
0.26591,4,132901.983179
0.880935,3,132906.340367
0.451311,5,132906.710718
0.988849,3,132908.708027
0.748799,3,132915.65405
0.608904,3,132922.294255
0.865952,3,132926.571088
0.772368,3,132933.152212
0.513453,4,132938.282676
0.887023,4,132945.061134
0.804809,4,132953.1609
0.472581,4,132970.021847
0.0,3,133075.263215
0.869545,7,133077.849838
0.930369,4,133084.39924
0.796025,4,133092.580801
0.850137,5,133092.704108
0.860023,3,133098.967565
0.603593,3,133105.121271
0.806081,4,133107.95588
0.854031,4,133114.586912
0.77728,4,133117.452487
0.484568,8,133142.861566
0.838379,3,133146.631471
0.956731,3,133149.331196
0.67954,4,133153.050426
0.985872,3,133157.241263
0.955042,3,133159.710988
0.524222,5,133173.583868
0.835822,4,133181.239201
0.870225,9,133189.549646
0.554512,6,133202.057884
0.930441,3,133205.256411
0.998849,3,133207.152217
0.91034,3,133210.492713
0.20628,15,133274.417729
0.882371,3,133278.710099
0.0,13,133377.920235
0.836127,8,133383.392174
0.993004,3,133385.379459
0.967377,3,133387.586271
0.906584,4,133389.951258
0.369152,5,133390.287142
0.0,2,133451.299335
0.955542,3,133453.694967
0.94836,3,133456.392689
0.55308,4,133464.31707
0.89361,3,133466.904492
0.0,8,133512.467764
0.513869,3,133524.344665
0.919492,3,133527.603523
0.673907,3,133533.359364
0.0,1,133593.750569
0.847644,3,133600.074425
0.840751,4,133604.649232
0.905209,5,133611.670013
0.86705,3,133615.1603
0.673907,3,133620.873026
4e-06,7,133623.947407
0.974108,3,133626.341514
0.845366,3,133630.103504
0.757925,4,133630.212462
0.607093,4,133634.417429
0.953883,3,133637.0271
0.507974,3,133637.198645
0.943064,3,133639.551661
0.955542,3,133641.908838
0.990429,3,133643.950697
0.793378,4,133652.150252
0.739849,4,133655.62978
0.808916,4,133663.488683
0.809935,3,133669.472495
0.499319,4,133680.6263
0.555628,5,133684.849099
0.92261,3,133690.179269
0.934365,3,133693.502915
0.998395,3,133697.303559
0.879474,3,133700.672925
0.998849,3,133702.584558
0.942637,3,133705.347116
0.959549,4,133711.712811
0.960524,3,133714.077228
0.880935,3,133718.4547
0.978819,3,133720.617791
0.885789,3,133724.550314
0.939535,3,133729.132216
0.707826,3,133737.510822
0.854525,4,133745.050046
0.906744,3,133747.861081
0.942637,3,133750.771676
0.998849,3,133752.675678
0.983985,3,133756.757972
0.943712,3,133759.36036
0.506228,6,133779.072875
0.787139,3,133783.934301
0.866595,8,133784.140548
0.998249,3,133786.051868
0.930441,3,133789.371855
0.773362,4,133797.879689
0.67465,4,133801.784505
0.806081,4,133804.579959
0.93584,3,133807.458496
0.0,17,133875.561979
0.746346,3,133883.623861
0.974108,3,133886.134146
0.883858,4,133892.962051
0.796656,3,133900.596121
0.935126,4,133906.631154
0.0,9,134013.035792
0.336315,3,134039.243248
0.707826,3,134047.747191
0.89,4,134050.41635
0.784798,7,134054.075034
0.858827,3,134057.554849
0.880935,3,134061.847246
0.070101,7,134100.614513
0.964298,4,134103.144419
0.606812,5,134107.542517
0.811868,3,134111.724895
0.0,3,134172.631578
0.989119,3,134174.620536
0.940667,3,134177.353258
0.980144,3,134179.459373
0.955042,3,134184.167653
0.511373,11,134199.299966
0.583857,4,134212.914077
0.933386,5,134216.951289
0.960524,3,134219.423284
0.905676,4,134221.714525
0.960524,3,134224.122843
0.0,6,134330.18569
0.91034,4,134333.637602
0.984808,3,134333.701145
0.852082,3,134337.349434
0.998849,3,134339.25752
0.0,2,134400.08358
0.964298,3,134402.619918
0.977304,3,134404.803416
0.880935,3,134409.17514
0.935953,5,134415.169552
0.914455,3,134420.00027
0.880942,3,134424.066654
0.898166,5,134430.738692
0.315352,3,134451.872445
0.923281,3,134454.578575
0.977351,3,134456.776406
0.927485,3,134460.143675
0.0,2,134520.744776
0.940667,3,134523.506343
0.343402,4,134545.289116
0.998249,3,134549.109097
0.760696,4,134552.176746
0.608904,3,134558.904038
0.86705,3,134562.465024
0.896581,3,134564.984685
0.919575,3,134567.995177
0.909837,3,134573.533253
0.408471,5,134590.989943
0.593543,4,134618.306652
0.906744,3,134621.135639
0.944985,3,134621.206608
0.960524,3,134623.651959
0.673907,3,134629.435566
0.760316,5,134632.942262
0.898419,3,134637.994406
0.907361,5,134640.324071
0.0,8,134686.408117
0.641278,4,134693.994309
0.927776,3,134694.071747
0.336315,3,134720.345361
0.879347,5,134720.473752
0.780585,4,134729.082339
0.538379,3,134739.569052
0.693524,3,134748.040701
0.956883,3,134748.114649
0.814309,4,134755.655429
0.796656,3,134763.10121
0.553463,3,134774.167496
0.0,6,134897.099759
0.845635,5,134901.983839
0.943544,3,134904.642285
0.949666,3,134907.139032
0.829774,4,134914.823312
0.994586,3,134916.803699
0.860023,3,134923.010442
0.920605,3,134923.085548
0.0,4,134968.979507
0.955042,3,134971.486965
0.871515,4,134976.049855
0.608904,3,134982.974861
0.957078,4,134986.423986
0.93584,3,134991.789335
0.522996,6,134996.778328
0.756499,5,134996.907526
0.621487,4,134997.059093
0.94836,3,134999.717921
0.751081,3,135005.696736
0.801866,8,135025.194917
0.84724,5,135025.33387
0.831522,3,135029.025893
0.944422,4,135034.978469
0.55308,5,135050.011172
0.892374,3,135055.313843
0.962343,4,135055.406239
0.964298,3,135057.923714
0.828068,4,135065.820899
0.737577,4,135074.590721
0.489729,4,135086.07307
0.554174,3,135097.335766
0.0,43,135163.435835
0.80623,4,135166.254716
0.71366,3,135174.770909
0.0,7,135221.533388
0.441454,3,135236.108091
0.695149,4,135239.833349
0.536443,8,135278.024635
0.904633,3,135281.009767
0.935672,3,135283.855581
0.608904,3,135290.604844
0.746281,7,135294.24307
0.959119,3,135296.664785
0.866339,4,135296.781281
0.876045,4,135301.222665
0.983301,3,135303.409367
0.942188,4,135307.119394
0.690572,3,135315.857034
0.996036,3,135317.838022
0.930408,3,135320.658847
0.772776,12,135321.002611
0.691876,4,135333.693616
0.953564,3,135333.767501
0.314191,8,135340.981205
0.214428,5,135341.13451
0.953883,3,135343.635451
0.0,44,135545.089518
0.623726,5,135563.557385
0.0,4,135624.249912
0.998849,3,135626.157041
0.894885,3,135629.139192
0.949436,3,135631.703395
0.913425,3,135634.666509
0.93219,3,135634.741742
0.691774,3,135643.188423
0.905036,3,135643.263756
0.673907,3,135648.85946
0.306789,19,135661.141727
0.777179,4,135669.544338
0.860705,6,135676.895625
0.937069,4,135676.994457
0.811792,5,135691.258434
0.996036,3,135693.266284
0.593332,5,135705.420419
0.954622,3,135707.968266
0.985872,3,135710.084131
0.68808,5,135723.085073
0.690572,3,135731.944096
0.770787,5,135741.560951
0.909837,3,135747.043815
0.30807,12,135747.657309
0.809935,3,135753.553416
0.949706,4,135753.649801
0.785732,4,135761.943592
0.707826,3,135770.42457
0.937343,4,135772.693145
0.0,6,135835.970365
0.985872,3,135840.193623
0.802999,4,135845.223788
0.554174,3,135856.844262
0.315352,4,135878.131517
0.841122,5,135881.405797
0.233635,5,135889.298365
0.940667,3,135892.030237
0.690572,3,135900.761572
0.887775,3,135907.214375
0.962919,3,135907.288356
0.467746,4,135913.164338
0.9381,3,135915.770569
0.710672,3,135922.779233
0.889233,4,135925.056457
0.949492,3,135927.576089
0.93584,3,135930.444958
0.477781,12,135930.803232
0.94836,3,135933.481099
0.695519,4,135942.106633
0.441454,9,135969.280425
0.748799,3,135976.168241
0.992157,3,135978.161543
0.343402,3,135999.950993
0.955042,3,136002.423119
0.93584,3,136007.781103
0.521869,3,136018.858128
0.967335,3,136021.260711
0.691774,3,136029.87806
0.96661,3,136031.987116
0.734651,5,136035.303605
0.344936,6,136051.284762
0.879174,4,136057.943898
0.565484,6,136089.80206
0.871284,3,136093.204549
0.799855,4,136101.304143
0.939535,3,136105.872726
0.887137,3,136105.949673
0.861934,4,136108.468717
0.860023,3,136114.616045
0.878177,3,136118.45401
0.835551,4,136118.555938
0.998849,3,136120.464274
0.700641,3,136125.037411
0.949666,3,136127.537374
0.71366,3,136135.88482
0.905798,3,136135.968806
0.820887,4,136141.129197
0.822849,6,136143.660191
0.977304,3,136145.822553
0.845366,3,136149.549772
0.343402,3,136171.338058
0.882217,3,136171.424272
0.892374,3,136176.63492
0.876037,3,136179.985062
0.978819,3,136182.127577
0.919906,3,136184.814969
0.828068,4,136192.543277
0.894885,3,136197.751823
0.748341,4,136201.843501
0.935672,3,136204.658058
0.719523,4,136208.241534
0.953778,3,136210.811342
0.504116,3,136219.2406
0.597571,4,136219.361502
0.890338,3,136222.099278
0.356196,5,136239.839778
0.925123,5,136242.857124
0.987857,3,136247.137142
0.0,2,136308.001507
0.343402,12,136330.418407
0.957191,3,136332.806262
0.778138,6,136332.959656
0.831076,3,136336.814604
0.0,14,136410.081738
0.998849,3,136413.87052
0.482901,8,136426.040135
0.821396,5,136429.197297
0.502645,6,136435.88512
0.983068,3,136438.193995
0.845481,4,136445.691857
0.919575,3,136448.695578
0.0,4,136509.30384
0.967335,3,136511.838135
0.776361,4,136511.964976
0.751767,3,136517.486999
0.699204,4,136527.476831
0.94836,3,136530.168912
0.0,2,136591.841539
0.865346,4,136596.568545
0.955042,3,136598.919684
0.831076,4,136602.785201
0.536443,11,136634.981451
0.355906,5,136653.049442
0.961948,4,136658.779629
0.927485,3,136661.963413
0.356196,5,136680.437145
0.923364,3,136683.20298
0.91034,3,136686.722385
0.989498,3,136688.845472
0.871515,4,136693.528728
0.822875,6,136702.884649
0.889394,4,136705.121239
0.840928,3,136709.172975
0.833236,3,136712.905291
0.7413,3,136718.817715
0.917864,4,136721.941186
0.441454,10,136744.903218
0.513869,3,136756.466885
0.984762,3,136758.522732
0.939535,3,136763.148573
0.40254,6,136763.534683
0.880942,3,136767.758291
0.809935,3,136773.608881
0.996036,3,136775.623495
0.990795,3,136777.830264
0.878177,3,136781.859967
0.809935,3,136787.805768
0.904136,4,136787.911678
0.859573,5,136790.930781
0.835965,4,136793.585625
0.978819,3,136795.753132
0.735869,4,136811.13797
0.937651,3,136814.280566
0.389459,8,136820.210518
0.730961,5,136825.615972
0.998395,3,136829.359689
0.946906,3,136829.431868
0.809099,3,136835.585952
0.961948,4,136841.340031
0.864588,3,136845.253633
0.751081,3,136851.302638
0.949436,3,136853.862894
0.903801,4,136860.34218
0.996036,3,136862.236805
0.968238,3,136864.458331
0.764912,4,136864.567274
0.389369,9,136891.252535
0.909837,3,137273.343682
0.952918,3,137276.020387
0.443727,5,137291.320147
0.930441,3,137294.652277
0.960524,3,137297.125746
0.994268,3,137299.112049
0.680887,3,137307.87669
0.809935,3,137313.78645
0.949436,3,137316.377633
0.904379,4,137316.492703
0.998849,3,137318.376107
0.445681,6,137318.910457
0.990233,3,137320.94398
0.967377,3,137323.190147
0.807185,4,137331.226719
0.914035,3,137334.097398
0.839618,5,137341.636329
0.925442,4,137341.744019
0.901664,3,137341.822295
0.929938,4,137345.226538
0.774995,7,137345.40377
0.880935,3,137349.716074
0.86705,3,137353.206148
0.984594,3,137353.271779
0.947591,3,137353.3446
0.894885,3,137358.530323
0.0,3,137419.34404
0.9381,3,137421.958546
0.46547,8,137427.160428
0.86705,3,137430.639475
0.0,2,137491.56878
0.977776,3,137493.923288
0.908391,5,137496.562542
0.809099,3,137502.651165
0.959119,3,137505.068142
0.0,2,137611.942613
0.999254,3,137612.013429
0.935401,4,137618.016099
0.86705,3,137621.545141
0.960524,3,137623.975129
0.910718,4,137626.73425
0.892252,6,137630.858761
0.881833,5,137637.196231
0.987613,3,137639.35473
0.809099,3,137645.379672
0.484526,6,137660.347615
0.919575,3,137663.328782
0.960524,3,137665.79272
0.768849,4,137665.89646
0.964298,3,137668.321671
0.87782,4,137670.556735
0.55308,5,137678.54677
0.947996,3,137681.077395
0.923672,3,137686.320097
0.887287,3,137686.400904
0.987857,3,137690.657743
0.809099,3,137696.815906
0.909837,3,137700.102962
0.845366,3,137703.826518
0.93584,3,137709.120063
0.592026,4,137736.391948
0.934518,3,137741.608299
0.831522,3,137745.2804
0.513453,4,137750.419426
0.810899,4,137753.219305
0.0,3,137838.943582
0.951224,6,137841.987456
0.94836,3,137844.697242
0.943712,3,137847.313154
0.0,7,137917.962479
0.845366,3,137921.607338
0.971474,3,137926.19628
3e-06,10,137933.693944
0.612456,3,137939.799038
0.0,2,138000.173265
0.930441,3,138003.496293
0.94836,3,138006.191004
0.95882,3,138006.261245
0.931501,5,138012.950061
0.907521,3,138018.093815
0.852082,3,138021.780442
0.977304,3,138023.957808
0.343402,6,138050.20416
0.667788,3,138060.745238
0.931656,3,138063.377506
0.819795,4,138066.188417
0.781722,5,138066.352336
0.996237,3,138070.411659
0.94836,3,138073.081191
0.910085,4,138073.177904
0.343402,3,138094.932237
0.928722,4,138098.15018
0.862888,9,138100.780626
0.359194,4,138119.24658
0.894885,3,138122.187148
0.940667,3,138124.934106
0.960524,3,138127.312302
0.0,7,138259.295415
0.691774,3,138267.739348
0.747074,3,138273.870429
0.343402,3,138295.696585
0.693524,3,138304.050939
0.930408,3,138307.151016
0.964298,3,138309.697492
0.947996,3,138312.186244
0.931197,4,138315.334989
0.955542,3,138317.720713
0.608904,3,138324.308959
0.5226,5,138360.125757
0.811868,3,138364.321574
0.940667,3,138367.081861
0.876037,3,138370.437552
0.879474,3,138373.869147
0.860023,3,138380.163049
0.804992,4,138384.227263
0.500972,5,138389.051186
0.472581,4,138405.862463
0.30022,6,138430.925858
0.958834,3,138433.344491
0.33653,3,138448.35037
0.990795,3,138450.531002
0.0,4,138535.939711
0.513453,4,138541.288705
0.811868,3,138545.491745
0.984762,3,138549.780012
0.943712,3,138552.399442
0.831076,3,138556.102597
0.91034,3,138559.559432
0.964161,3,138562.105635
0.91034,3,138565.53282
0.831076,3,138569.346062
0.680375,5,138569.596421
0.871515,4,138574.173649
0.817088,4,138579.000327
0.924331,4,138583.045342
0.864588,3,138586.9194
0.726233,3,138593.139263
0.336315,3,138619.381007
0.0,3,138680.446008
0.738173,5,138680.594864
0.914035,3,138683.549749
0.796656,3,138691.059935
0.707826,3,138699.449852
0.897986,3,138702.092496
0.966034,3,138704.3954
0.751528,4,138704.526002
0.311807,9,138720.848862
0.794794,4,138726.278951
0.953883,3,138728.819232
0.876048,4,138733.219746
0.894885,3,138738.275986
0.992258,3,138738.340653
0.989059,3,138740.367327
0.343402,3,138762.090945
0.964161,3,138764.730423
0.748799,3,138771.689857
0.954622,3,138774.20695
0.311927,5,138774.384904
0.889421,3,138779.845222
0.964678,3,138782.232556
0.871284,3,138785.645322
0.932325,4,138789.390873
0.92657,3,138791.668357
0.889394,4,138793.919056
0.817028,4,138796.65691
0.952918,3,138799.203277
0.871284,4,138802.646122
0.507974,3,138802.80845
0.864588,3,138806.631489
0.990795,3,138808.846644
0.831522,3,138812.593867
0.94836,3,138815.244165
0.748006,3,138819.697283
0.957191,3,138822.093193
0.914596,4,138822.193239
0.62339,5,138840.057096
0.343402,3,138861.942484
0.864137,5,138865.562672
0.977351,3,138869.799469
0.513301,4,138885.060197
0.792429,3,138891.642634
0.996036,3,138893.643948
0.817616,3,138900.857094
0.967335,3,138903.380245
0.825955,3,138906.955628
0.966034,3,138909.259173
0.912573,6,138911.931279
0.707826,3,138920.290397
0.964298,3,138922.801029
0.996036,3,138924.774556
0.943064,3,138927.285837
0.693524,3,138935.815296
0.737714,4,138944.589079
0.448575,5,138953.60488
0.850108,4,138953.707928
0.8645,3,138958.437688
0.960524,3,138960.881369
0.964298,3,138963.393946
0.86705,4,138966.957528
0.892097,4,138969.621274
0.776584,4,138969.729126
0.880942,3,138973.868846
0.838379,3,138980.664844
0.93991,4,138983.704978
0.691774,3,138992.205834
0.595714,3,139002.938408
0.882371,3,139007.228375
0.964298,3,139009.74355
0.735992,5,139013.280269
0.0,5,139120.899661
0.985872,3,139122.991154
0.797726,4,139123.1146
0.336315,3,139148.966476
0.879125,4,139155.91779
0.848406,6,139156.06886
0.91034,3,139159.41785
0.858827,4,139165.513482
0.935953,4,139171.55896
0.885078,3,139174.281838
0.262946,4,139183.823696
0.451396,7,139184.281608
0.343402,5,139210.354268
0.826978,5,139213.117239
0.950653,4,139216.145475
0.950829,3,139216.220107
0.451311,5,139216.609594
0.967958,3,139218.875589
0.952918,3,139221.537998
0.909837,3,139227.015104
0.779365,8,139229.857757
0.467659,4,139235.60114
0.0,3,139296.317829
0.832754,4,139299.501268
0.974939,3,139299.568022
0.516838,4,139314.892553
0.751081,3,139321.0029
0.835418,4,139325.747128
0.839075,3,139332.15741
0.0,3,139393.201884
0.877452,4,139393.336809
0.89361,3,139395.914089
0.882964,4,139396.045287
0.257507,5,139396.233477
0.979908,3,139396.301084
0.923281,3,139399.038371
0.878687,3,139401.604599
0.960524,3,139404.078453
0.858827,3,139407.622708
0.98868,3,139407.687297
0.747074,3,139413.744254
0.732712,5,139413.914126
0.733178,6,139420.0846
0.909837,3,139423.301267
0.345031,4,139429.000506
0.575,8,139455.50771
0.935325,3,139458.151744
0.0,5,139503.612992
0.998849,3,139505.523387
0.71366,3,139513.82289
0.905036,3,139513.900392
0.673907,4,139519.627822
0.960259,3,139519.698349
0.905622,4,139523.735171
0.871284,3,139527.136882
0.964161,3,139529.765272
0.73913,15,139530.160796
0.967335,3,139532.684428
0.992864,3,139534.661557
0.827505,5,139534.778287
0.993776,3,139534.845812
0.86035,4,139534.952239
0.441454,3,139553.521711
0.934365,3,139556.639733
0.804035,7,139556.815624
0.967958,3,139559.063107
0.876037,3,139562.419747
0.367468,4,139584.807142
0.916265,4,139584.903668
0.880942,3,139588.98908
0.876037,3,139592.366713
0.616313,6,139604.927902
0.923281,3,139607.677348
0.776521,4,139610.511033
0.693524,3,139618.892277
0.0,4,139725.097528
0.458552,6,139730.046328
0.750651,4,139738.635083
0.243909,11,139763.397466
0.977304,3,139767.589277
0.907012,4,139767.690811
0.858827,3,139771.313052
0.993147,3,139773.382589
0.967958,3,139775.660784
0.773362,4,139784.072049
0.0,2,139844.627945
0.673907,3,139850.382002
0.89,3,139853.031841
0.441454,3,139867.452359
0.998849,3,139869.36699
0.905676,4,139871.783345
0.945476,4,139874.614274
0.925001,4,139880.863018
0.825955,3,139884.445362
0.952918,3,139887.002766
0.343402,3,139908.943064
0.690572,3,139917.891474
0.947996,4,139920.437702
0.934518,3,139925.692317
0.931197,4,139928.867848
0.747074,3,139934.898123
0.967958,3,139937.130754
0.774892,4,139937.237048
0.977776,3,139939.564755
0.840928,3,139943.538628
0.840928,3,139947.552536
0.694669,4,139951.166451
0.831226,3,139955.073045
0.967958,3,139957.341513
0.0,2,140017.897368
0.694617,4,140018.013575
0.824882,3,140023.290122
0.964298,3,140025.79974
0.876037,3,140029.143114
0.916375,3,140029.221753
0.979949,3,140033.522877
0.980144,3,140035.546043
0.0,1,140096.240865
0.838379,3,140099.963119
0.761485,6,140103.562303
0.967335,3,140106.088771
0.877905,4,140113.591475
0.876045,4,140118.064321
0.998249,3,140121.902517
0.938735,5,140131.142393
0.955042,3,140133.623976
0.514345,7,140138.667328
0.908585,3,140138.738445
0.990233,3,140140.775372
0.959346,4,140140.87013
0.871515,4,140145.397724
0.343402,3,140167.307215
0.917057,3,140167.381471
0.882217,3,140167.459115
0.38597,6,140185.562018
0.781638,3,140191.697278
0.689832,4,140204.476857
0.983442,3,140204.543363
0.956322,4,140204.642705
0.0,3,140265.040901
0.93584,3,140267.909916
0.523042,4,140280.177787
0.905798,3,140280.254481
0.845366,3,140283.965576
0.0,6,140344.398552
0.441454,3,140358.974525
0.710656,4,140367.284298
0.905036,3,140367.360752
0.839351,14,140402.646691
0.967377,3,140404.916027
0.998395,3,140408.710826
0.908499,3,140412.394432
0.432578,4,140423.523632
0.693524,3,140432.287637
0.939535,3,140434.707434
0.33541,23,140457.50836
0.336315,3,140483.592159
0.291415,6,140490.745559
0.513453,4,140495.970853
0.0,3,140556.585524
0.554174,3,140567.710708
0.561347,9,140588.338887
0.0,21,140853.68857
0.989498,3,140855.771842
0.909837,3,140859.096895
0.803109,5,140859.218803
0.787139,3,140864.133868
0.55308,3,140871.813058
0.364939,14,140919.625816
0.898419,3,140922.494336
0.942637,3,140925.284636
0.772031,6,140925.449135
0.700673,4,140925.562614
0.987539,3,140927.615628
0.905412,4,140929.977111
0.0,2,140990.334055
0.950829,3,140990.417527
0.914455,3,140995.16836
0.509788,5,140999.996755
0.613038,4,141004.139977
0.992207,3,141006.13965
0.942637,3,141009.194544
0.841038,4,141013.647839
0.729873,4,141020.812818
0.828068,4,141028.601144
0.747074,3,141034.5875
0.336315,3,141060.654502
0.845366,3,141064.398147
0.8645,3,141069.198256
0.238967,6,141077.313318
0.775766,7,141082.7198
0.840928,3,141086.60871
0.996036,3,141088.606517
0.951062,6,141093.331454
0.905622,4,141097.359371
0.0,2,141158.312318
0.906744,3,141161.192817
0.513453,4,141166.35728
0.879125,4,141170.650348
0.949829,3,141170.71985
0.858827,3,141174.327636
0.4458,5,141174.829142
0.336315,3,141200.866197
0.938348,4,141207.52232
0.967335,3,141210.053646
0.343402,3,141232.085388
0.746027,4,141235.241081
0.991722,3,141235.306982
0.926722,4,141241.535141
0.763817,4,141241.662652
0.683566,4,141254.807987
0.356196,5,141272.693176
0.792133,5,141272.934648
0.234042,4,141298.454873
0.934365,3,141301.803467
0.966034,3,141304.163655
0.909837,3,141309.677284
0.206169,9,141364.519045
0.839618,7,141371.913396
0.0,13,141473.177282
0.930441,3,141476.521723
0.845366,3,141480.285055
0.92261,3,141485.577229
0.781638,3,141491.564483
0.86705,3,141495.068461
0.927485,3,141498.266449
0.797229,4,141501.174683
0.431799,5,141517.340029
0.880935,3,141521.720544
0.546321,5,141526.418879
0.929032,3,141529.319267
0.690572,3,141541.030427
0.454535,4,141541.174396
0.906584,4,141543.555317
0.363401,7,141561.408358
0.809935,3,141567.438007
0.845366,3,141571.197296
0.914455,3,141576.059337
0.444502,6,141576.463067
0.521869,3,141587.703619
0.72893,6,141595.483577
0.926421,3,141601.530189
0.0,19,141663.909575
0.911434,4,141664.014947
0.642188,4,141675.269735
0.944158,4,141677.757635
0.824882,3,141682.982245
0.820887,4,141688.224148
0.504116,3,141696.688215
0.829774,6,141708.272583
0.751849,4,141711.348554
0.967335,3,141713.870318
0.960524,3,141716.328692
0.989498,3,141718.401766
0.809099,3,141724.723597
0.959324,4,141724.818234
0.960524,3,141727.287611
0.792699,4,141733.668968
0.0,4,141843.25384
0.88839,24,141843.797006
0.964678,3,141846.214259
0.880942,3,141850.408461
0.472581,5,141867.18327
0.0,2,141953.882061
0.937651,3,141957.029459
0.0,4,141957.8661
0.841924,4,141957.971251
0.784465,5,141970.187277
0.748538,4,141976.464516
0.751767,3,141982.254904
0.79889,4,141987.436618
0.865428,4,141992.101204
0.964298,3,141994.613807
0.455914,6,142000.227521
0.996036,3,142002.120441
0.950672,4,142005.017527
0.904127,4,142007.265734
0.695149,4,142010.87773
0.707826,3,142019.16447
0.891022,4,142021.871455
0.983388,5,142027.249801
0.949666,3,142029.77001
0.968238,3,142032.009738
0.910649,3,142032.089939
0.887775,3,142038.853395
0.680887,3,142047.644011
0.0,2,142108.654827
0.864137,7,142112.356715
0.880935,3,142116.751054
0.809099,3,142123.08315
0.776367,4,142123.189938
0.919575,3,142126.175154
0.916528,4,142128.550264
0.847644,3,142134.910798
0.343802,10,142151.452678
0.882371,4,142155.734446
0.816929,6,142163.936337
0.907012,4,142164.036721
0.817643,4,142164.152152
0.813859,5,142168.9733
0.0,3,142229.953593
0.781638,3,142235.964134
0.929032,3,142239.011565
0.915263,4,142242.368706
0.858827,3,142245.964084
0.870417,6,142248.509188
0.0,6,142257.121922
0.72564,4,142257.239699
0.0,4,142317.656826
0.960524,3,142322.131902
0.949492,3,142326.936157
0.955542,3,142329.334557
0.960524,3,142331.785136
0.355906,5,142349.540823
0.861644,5,142734.487591
0.998395,3,142738.31198
0.423138,4,142751.964066
0.363269,15,142774.770624
0.978819,3,142776.92515
0.876037,3,142780.300082
0.977304,3,142782.471345
0.706213,5,142786.000759
0.809935,3,142792.003825
0.930047,3,142794.749524
0.923672,3,142800.250614
0.857656,4,142807.653008
0.0,15,142875.771198
0.79916,6,142880.021876
0.92261,3,142885.21892
0.949436,3,142887.769639
0.949436,3,142890.335319
0.943064,3,142892.799325
0.952918,3,142895.479055
0.925858,3,142895.552759
0.0,8,142942.726887
0.873076,21,142945.793439
0.981971,3,142945.860155
0.962919,4,142945.949243
0.955042,3,142948.438325
0.757181,3,142956.692564
0.690572,3,142965.420658
0.513869,3,142977.323723
0.882371,3,142981.61055
0.964298,3,142986.462814
0.838379,3,142990.178174
0.800449,4,142995.190294
0.908585,3,142995.263903
0.842251,4,142997.889585
0.960524,3,143000.3481
0.724608,4,143004.420003
0.919906,3,143007.032937
0.880935,3,143011.4363
0.0,8,143012.450892
0.950672,4,143015.340878
0.990795,3,143017.572138
0.948613,3,143020.175948
0.956883,3,143020.251942
0.882371,3,143024.562047
0.912964,4,143027.317629
0.0,3,143087.898613
0.840217,5,143088.032631
0.876048,5,143092.439241
0.914455,3,143097.253128
0.889233,4,143099.517196
0.809099,3,143105.584711
0.908499,3,143109.222078
0.889394,5,143111.538876
0.267259,13,143146.157637
0.783041,4,143149.006595
0.937651,3,143152.139822
0.0,4,143212.569757
0.927485,3,143215.783574
0.89361,3,143218.341452
0.984762,3,143220.508934
0.665468,5,143227.844547
0.943712,3,143230.464218
0.980144,3,143232.574094
0.231818,27,143284.957424
0.964161,3,143287.584601
0.993063,3,143287.650458
0.960524,3,143290.132618
0.998849,3,143292.039975
0.809099,3,143298.130296
0.880942,3,143302.336318
0.989459,3,143302.400202
0.909258,4,143305.405039
0.894448,3,143310.826272
0.902689,4,143310.921054
0.959987,3,143310.991658
0.9381,3,143313.617691
0.919435,4,143320.490601
0.787139,3,143325.315199
0.909837,3,143328.584312
0.977351,3,143330.851206
0.920639,4,143334.249337
0.673907,3,143340.157221
0.761162,4,143340.265913
0.914455,3,143345.09376
0.876045,4,143349.535635
0.0,7,143413.776254
0.596344,4,143441.093808
0.882371,3,143445.405715
0.512683,4,143460.553372
0.0,13,143527.368314
0.781986,10,143527.633864
0.838837,4,143530.380971
0.912435,3,143535.796794
0.960524,3,143538.252553
0.989498,3,143540.314126
0.785159,4,143545.983109
0.606812,7,143550.295574
0.919906,3,143552.994297
0.987613,3,143555.149075
0.748799,3,143562.211001
0.892252,4,143568.477199
0.942806,4,143572.132433
0.913425,3,143575.115415
0.91034,3,143578.435746
0.986261,3,143582.717323
0.71366,3,143590.948686
0.895178,4,143597.456839
0.894448,3,143602.785596
0.759555,3,143607.169224
0.964161,3,143609.878523
0.930408,3,143612.786077
0.809099,3,143618.887453
0.476453,5,143635.550647
0.831522,3,143639.371675
0.852082,3,143643.06722
0.832953,3,143647.122
0.836494,3,143647.201581
0.839917,5,143650.965002
0.315352,4,143672.473619
0.8645,3,143677.188966
0.916375,3,143677.267878
0.880935,3,143681.629008
0.909837,3,143684.929046
0.0,2,143745.905713
0.94836,3,143748.583315
0.544829,5,143753.600097
0.931199,3,143753.667962
0.998849,3,143755.572738
0.935672,3,143758.305357
0.880942,3,143762.502409
0.916375,3,143762.582789
0.924182,4,143769.00427
0.990233,3,143771.055503
0.974108,3,143773.514923
0.343402,3,143795.404307
0.680887,3,143804.182188
0.819795,4,143806.949429
0.910649,3,143807.029345
0.441454,4,143821.453487
0.71366,3,143829.89013
0.735937,5,143845.03743
0.887276,4,143849.332794
0.953584,4,143852.96291
0.955542,3,143855.357968
0.898166,4,143862.104072
0.990233,4,143864.150044
0.989258,3,143866.163991
0.998849,3,143868.097286
0.89,3,143870.645353
0.701166,3,143878.490498
0.0,2,143939.402584
0.880942,3,143943.494934
0.880942,3,143947.695681
0.839618,4,143954.972875
0.513301,4,143970.45138
0.876303,4,143970.563489
0.998478,3,143972.545344
0.680887,3,143981.283062
0.476453,5,143998.164774
0.947495,5,143998.29115
0.914035,3,144001.172921
0.46751,5,144016.855181
0.931421,3,144016.928448
0.707826,3,144025.420111
0.910757,3,144025.494059
0.697033,4,144029.609406
0.748799,3,144036.538292
0.71366,3,144044.729099
0.935325,3,144047.38927
0.977776,3,144049.701124
0.751767,3,144055.544634
0.955542,3,144057.9077
0.905497,3,144060.895011
0.877403,4,144063.48639
0.845298,4,144070.92298
0.979927,3,144070.989005
0.844734,6,144071.16067
0.55308,3,144078.656104
0.554174,3,144089.754907
0.905497,3,144092.887781
0.949436,3,144095.466455
0.0,2,144156.02381
0.64192,5,144174.209479
0.55308,3,144181.778966
0.78121,4,144191.160636
0.690572,3,144199.958575
0.0,2,144260.640501
0.87322,3,144266.894949
0.781638,3,144273.134236
0.612456,3,144279.689115
0.909837,3,144285.365396
0.86705,3,144289.229711
0.979266,3,144289.326003
0.978819,3,144294.210737
0.864588,3,144300.288575
0.69305,4,144305.980666
0.693524,3,144316.0109
0.91275,4,144324.40539
0.787139,3,144330.267231
0.877459,5,144330.393746
0.967377,3,144332.684139
0.825955,3,144336.654342
0.930408,3,144340.264618
0.935672,3,144343.624488
0.93684,4,144346.732386
0.996036,3,144348.952394
0.89361,3,144351.765256
0.475364,4,144357.933753
0.845298,4,144367.212934
0.751081,3,144374.942309
0.960524,3,144377.72918
0.960524,3,144383.189129
0.504116,3,144392.557899
0.810899,4,144395.386448
0.964161,3,144398.034832
0.876037,3,144401.504222
0.998849,3,144405.689483
0.983068,3,144408.212445
0.987423,3,144408.276532
0.819394,4,144408.367994
0.984372,3,144410.493869
0.891477,5,144412.887031
0.949436,3,144415.490896
0.9172,4,144419.881301
0.840928,4,144424.291715
0.691774,3,144433.536591
0.91034,3,144437.278987
0.0,5,144438.226136
0.977776,3,144440.634073
0.692414,6,144454.827126
0.787139,3,144459.972937
0.861774,4,144462.647722
0.858827,3,144466.303901
0.987613,3,144468.470382
0.879474,3,144471.85892
0.879174,4,144478.740376
0.86705,3,144482.434145
0.89361,3,144485.106621
0.0,4,144546.166247
0.984762,3,144550.640774
0.628314,10,144572.066212
0.86705,3,144576.000531
0.0,2,144637.02779
0.954622,3,144640.055236
0.885789,3,144644.471647
0.950672,4,144647.860208
0.968238,3,144650.507547
0.553463,3,144664.776541
0.795524,4,144671.871812
0.732921,4,144672.000344
0.876417,4,144680.857632
0.923672,3,144686.71946
0.982283,3,144688.94613
0.0,3,144749.680353
0.796656,3,144757.8258
0.850007,4,144760.858687
0.343402,3,144779.56227
0.909837,3,144782.921885
0.943099,3,144785.823186
0.930408,3,144788.890605
0.749053,5,144789.026291
0.871284,3,144792.577528
0.0,6,144900.27412
0.214391,4,144900.453498
0.956731,3,144903.116514
0.840928,3,144907.469755
0.343402,3,144930.791827
0.955042,3,144933.767381
0.874085,4,144936.689383
0.336315,3,144969.096299
0.757377,8,144972.820342
0.887276,4,144977.41105
0.949492,3,144979.976055
0.979028,3,144982.26105
0.380244,4,145008.227913
0.840928,3,145012.230378
0.871284,3,145015.612122
0.840928,3,145019.657305
0.980808,3,145023.913463
0.902706,4,145031.454028
0.0,5,145079.127301
0.834173,4,145081.950294
0.800449,4,145087.056855
0.707826,3,145095.618744
0.809099,3,145101.684271
0.966034,3,145103.988691
0.964161,3,145106.61529
0.877167,4,145106.713861
0.932693,5,145110.176422
0.4458,5,145110.708988
0.802674,6,145110.882055
0.0,2,145171.666291
0.950829,3,145171.746888
0.538953,4,145183.502466
0.908585,3,145183.573046
0.860023,3,145189.836604
0.736889,4,145194.243668
0.960524,3,145196.814915
0.968238,3,145199.587827
0.356196,13,145220.179541
0.343402,4,145248.954408
0.856151,4,145257.180093
0.926722,4,145264.586051
0.967335,3,145267.470707
0.909837,3,145273.48834
0.840928,3,145277.667249
0.673907,3,145283.97966
0.926421,3,145290.580203
0.0,8,145352.114505
0.813027,5,145352.293595
0.983985,3,145357.120297
0.774043,4,145363.944046
0.726057,7,145364.153903
0.911956,3,145364.245048
0.887775,3,145371.959066
0.984613,3,145372.035056
0.931421,3,145372.120929
0.743439,3,145380.91723
0.8645,3,145386.841403
0.451311,5,145387.275371
0.926892,4,145391.854114
0.701166,4,145401.023283
0.755052,4,145410.770823
0.985872,3,145415.444881
0.895178,5,145423.083298
0.809935,3,145430.282005
0.690572,3,145441.133104
0.0,64,145485.791969
0.845298,4,145494.326726
0.887775,3,145501.901101
0.84884,8,145505.188184
0.978819,3,145507.449594
0.960524,3,145510.224298
0.946544,3,145510.311153
0.689832,4,145525.480073
0.993635,3,145527.677797
0.995905,3,145529.933388
0.602202,4,145534.760347
0.998249,3,145538.968116
0.977304,3,145543.675762
0.798797,6,145549.769543
0.964161,3,145552.799493
0.844144,5,145558.077186
0.861934,7,145561.248817
0.871318,4,145564.70664
0.949666,3,145567.529041
0.89,3,145570.554933
0.821439,5,145575.865886
0.955042,3,145578.674073
0.747074,3,145585.729191
0.93584,3,145589.021269
0.80726,4,145595.045612
0.819322,4,145595.192916
0.904633,3,145598.622553
0.809561,7,145606.311578
0.960524,3,145609.119761
0.001988,19,145693.473734
0.843377,3,145693.581576
0.943575,4,145693.699965
0.942637,3,145697.079567
0.0,11,145868.334915
0.641861,4,145890.08067
0.618266,5,145920.449836
0.92261,3,145926.432622
0.881833,4,145933.484304
0.960337,4,145933.591959
0.994758,3,145933.667847
0.887137,3,145933.759293
0.343402,3,145959.222443
0.880935,4,145964.150151
0.960524,3,145966.933236
0.923672,3,145972.85278
0.987613,3,145975.25506
0.852082,4,145982.384732
0.627308,4,146003.125634
0.984762,3,146007.673589
0.960524,3,146010.416712
0.80623,4,146013.578323
0.665207,6,146031.367643
0.795069,4,146031.510579
0.558798,17,146047.170522
0.8645,3,146052.485672
0.618689,4,146083.149484
0.960524,3,146085.854875
0.950829,3,146085.939395
0.924352,4,146093.349915
0.861934,4,146096.157334
0.71366,3,146105.745992
0.819795,4,146108.86162
0.886094,4,146112.681821
0.204992,4,146145.941196
0.880942,3,146150.750552
0.835965,4,146153.733655
0.889034,4,146156.782416
0.810353,5,146160.199053
0.0,5,146221.548037
0.0,2,146282.906936
0.955542,3,146285.453023
0.781638,3,146292.344357
0.876045,4,146297.334731
0.960524,3,146300.095003
0.0,2,146361.235333
0.0,6,146472.737053
0.939197,3,146476.247031
0.957191,3,146479.059486
0.953778,3,146482.055276
0.89,3,146485.108654
0.8245,5,146516.160804
0.943064,3,146519.013448
0.892374,3,146522.754586
0.864588,3,146527.542955
0.947464,4,146535.457689
0.751081,3,146543.138659
0.779873,4,146543.275257
0.962954,4,146547.320556
0.0,2,146639.935786
0.938737,3,146640.034428
0.896581,3,146643.100245
0.909433,3,146646.171368
0.89451,4,146654.867023
0.451311,5,146655.343398
0.86731,6,146660.945455
0.940667,3,146664.181019
0.783548,3,146669.502866
0.343402,3,146697.117786
0.93584,3,146703.556309
0.343402,3,146730.691814
0.854035,4,146734.033376
0.538379,3,146748.268738
0.859151,4,146754.612691
0.908594,5,146758.310281
0.967958,3,146761.975951
0.914455,3,146768.2793
0.880942,3,146774.132947
0.957191,3,146777.04436
0.831522,3,146783.433101
0.593051,12,146796.083006
0.0,2,146887.501339
0.960524,3,146890.221472
0.592026,5,146920.254154
0.955042,3,146922.950559
0.764662,5,146929.383465
0.943064,3,146932.214221
0.707826,3,146941.783118
0.909837,3,146945.482713
0.0,2,147006.510758
0.363933,7,147024.550765
0.0,2,147085.575657
0.715191,13,147123.352285
0.905497,3,147127.72019
0.820565,5,147132.747172
0.727037,3,147149.428243
0.937377,5,147158.095501
0.779437,5,147158.271408
0.852082,3,147162.907619
0.967335,3,147165.991048
0.960524,3,147171.454977
0.879174,4,147179.90557
0.773042,4,147187.376978
0.925442,4,147187.524047
0.67465,4,147192.281564
0.0,3,147282.210357
0.788406,4,147286.244884
0.553463,3,147299.136032
0.0,5,147373.611023
0.831226,3,147378.250568
0.580516,4,147393.368731
0.71366,3,147402.565006
0.960524,3,147405.310014
0.989498,3,147407.585344
0.673907,3,147414.2931
0.815388,4,147417.334448
0.984762,3,147419.713102
0.983068,3,147422.297904
0.838379,3,147426.51594
0.879474,3,147430.214572
0.8645,3,147435.563548
0.86705,3,147439.496011
0.977351,3,147441.970655
0.995618,4,147442.068206
0.949492,3,147444.865988
0.967958,3,147447.378512
0.89361,3,147450.250938
0.86705,3,147454.195394
0.0,2,147514.678567
0.0,1,147575.290257
0.801991,4,147585.501114
0.839917,9,147609.647997
0.960524,4,147612.411762
0.953883,3,147615.337466
0.996036,3,147617.521805
0.956731,3,147620.447412
0.869706,4,147620.573337
0.924331,4,147625.080032
0.966034,3,147627.801541
0.876045,4,147632.707083
0.783184,10,147656.295312
0.820887,4,147662.215875
0.0,2,147723.33562
0.348683,4,147739.821775
0.966034,3,147742.3758
0.998849,3,147746.579911
0.952918,3,147749.553545
0.858827,3,147753.500204
0.974108,3,147756.218136
0.858827,3,147760.205678
0.967335,3,147763.003246
0.978843,3,147765.27991
0.926258,3,147765.364298
0.967377,3,147767.873804
0.0,8,147838.812247
0.996144,3,147841.122855
0.209295,8,147850.312709
0.979949,3,147855.012352
0.943544,3,148316.094869
0.739849,4,148319.80096
0.444547,8,148320.293916
0.779937,4,148320.428343
0.876037,3,148324.715238
0.835822,4,148333.732125
0.887111,5,148333.895124
0.892616,4,148341.416289
0.673907,3,148348.339173
0.538379,3,148361.117166
0.288153,5,148369.18748
0.987613,3,148371.921311
0.939197,3,148375.325254
0.8645,3,148380.792494
0.864588,3,148385.254479
0.960524,3,148387.983359
0.989498,3,148390.331917
0.996036,3,148392.518584
0.343402,3,148418.827063
0.987613,3,148421.235174
0.845366,3,148425.456821
0.0,9,148486.069206
0.0,2,148591.496144
0.71366,3,148600.730987
0.970327,3,148603.416323
0.88839,8,148616.239978
0.87322,3,148623.154103
0.831226,3,148627.458915
0.859312,4,148632.762858
0.864137,5,148636.864985
0.934961,4,148644.090721
0.69242,4,148658.335239
0.0,3,148736.909337
0.777597,4,148746.238703
0.949436,3,148749.107294
0.882371,3,148754.070038
0.968238,3,148756.573225
0.703761,4,148767.461994
0.998849,3,148769.531541
0.0,8,148770.508115
0.953883,3,148773.433067
0.960524,3,148776.127502
0.0,3,148837.272315
0.9909,3,148839.548689
0.973033,3,148858.148122
0.343402,3,148882.842123
0.845366,3,148886.9955
0.893214,4,148887.109581
0.661602,4,148909.659443
0.0,8,149097.15535
0.476453,5,149115.818618
0.940667,3,149118.848629
0.960524,3,149121.396265
0.852082,3,149125.504762
0.914455,3,149130.88885
0.960524,3,149133.605106
0.960524,3,149136.275471
0.989498,3,149138.595088
0.978819,3,149140.954502
0.876037,3,149144.661307
0.476453,7,149169.29766
0.21128,4,149169.504108
0.955042,3,149172.205902
0.795524,3,149178.903256
0.885789,3,149183.378021
0.953883,3,149186.277101
0.315352,3,149210.652939
0.901664,3,149210.743309
0.996237,3,149212.853268
0.852082,3,149216.929132
0.786575,6,149217.095175
0.799205,4,149225.007393
0.441454,5,149241.498315
0.701166,3,149250.469608
0.817243,3,149258.240197
0.787139,3,149263.729559
0.55463,5,149272.292109
0.924589,3,149275.23563
0.998849,3,149277.328202
0.356196,7,149297.442496
0.996036,3,149299.659685
0.977351,3,149302.099976
0.992564,3,149302.197918
0.906734,4,149304.821689
0.867183,6,149307.862153
0.907521,3,149313.506535
0.909837,3,149319.524623
0.328205,5,149324.921093
0.575174,9,149336.290617
0.993339,3,149342.463527
0.983985,3,149347.044955
0.89361,3,149349.88997
0.896581,3,149352.516781
0.990233,3,149354.733002
0.939197,3,149358.013401
0.959119,3,149360.711832
0.348934,8,149389.15366
0.0,4,149449.883749
0.960524,3,149452.604615
0.967958,3,149455.130478
0.913176,3,149457.971986
0.942637,3,149461.169814
0.811868,3,149465.805959
0.990795,3,149468.221292
0.739849,4,149471.931267
0.858827,3,149475.88999
0.956883,3,149476.000331
0.835181,4,149476.121514
0.694669,4,149480.245499
0.960524,3,149482.924825
0.0,2,149543.953924
0.701166,3,149552.964587
0.960524,3,149555.648128
0.92261,3,149561.556209
0.880942,3,149566.22583
0.828068,4,149574.69358
0.927776,3,149574.781776
0.845457,5,149581.740731
0.787139,3,149587.655949
0.930408,3,149591.009946
0.343802,11,149613.289975
0.989498,3,149615.548026
0.787139,3,149621.206633
0.730501,4,149632.29542
0.789179,3,149638.650619
0.885416,3,149641.914251
0.931656,3,149644.935522
0.914455,3,149650.198326
0.363814,6,149668.612589
0.955878,3,149671.436398
0.831226,3,149675.927345
0.834615,4,149676.090709
0.513869,3,149689.346648
0.955542,3,149692.040823
0.968238,3,149694.557258
0.489729,4,149707.954287
0.89,3,149710.721128
0.580516,4,149725.691914
0.954622,3,149728.605419
0.996036,3,149730.777441
0.990233,3,149733.060948
0.955042,3,149735.765801
0.773824,4,149745.61137
0.441454,5,149762.063213
0.845556,5,149770.355196
0.933386,4,149777.16836
0.827808,4,149780.196664
0.513869,3,149793.636107
0.0,2,149884.283951
0.831076,3,149888.616951
0.0,6,149949.401662
0.735158,4,149953.078964
0.943544,3,149956.01829
0.947464,4,149963.091067
0.928979,4,149966.675108
0.964161,3,149969.600111
0.955542,3,149972.20804
0.956883,4,149972.312014
0.960524,3,149975.05201
0.283676,8,149996.211725
0.914035,3,149999.511765
0.612456,3,150006.314043
0.937501,4,150013.628702
0.835811,4,150016.583374
0.4458,5,150017.147486
0.695149,4,150021.151307
0.906584,4,150023.806452
0.886233,3,150023.91003
0.987857,3,150028.600251
0.887193,4,150033.57499
0.742626,4,150039.905455
0.909837,3,150046.214405
0.831076,3,150050.551501
0.876037,3,150054.311018
0.989498,3,150056.620616
0.984762,3,150058.987546
0.957191,3,150061.622983
0.956883,3,150061.705765
0.970327,3,150064.46215
0.864588,3,150068.773715
0.809099,3,150075.664013
0.889256,5,150075.82891
0.831226,3,150080.248507
0.880935,3,150085.222874
0.822844,4,150085.331794
0.336315,3,150114.61291
0.898297,5,150117.722995
0.751325,4,150117.84422
0.90325,3,150123.48071
0.753716,10,150133.686406
0.8645,3,150139.180848
0.955542,3,150141.821557
0.761109,4,150151.817496
0.953564,3,150151.926946
0.798481,4,150155.013514
0.0,17,150211.438264
0.955542,3,150214.065629
0.980153,3,150216.585807
0.866007,4,150219.99945
0.0,10,150379.290887
0.833236,3,150383.586301
0.858827,3,150387.626729
0.693524,3,150397.081695
0.879474,3,150400.738817
0.908499,3,150404.854811
0.989498,3,150407.128433
0.0,2,150497.546374
0.92769,4,150497.671143
0.850733,4,150501.061843
0.930408,3,150504.359907
0.748799,3,150512.362439
0.281288,7,150559.949691
0.874735,8,150565.842843
0.890338,3,150569.008358
0.807412,4,150574.90996
0.967335,3,150577.692385
0.538379,3,150589.637435
0.802118,10,150596.292565
0.555013,4,150601.526568
0.928003,4,150605.239376
0.0,2,150666.258718
0.909837,3,150669.98368
0.876048,4,150674.945741
0.895178,5,150683.490507
0.860023,3,150690.497074
0.987613,3,150692.83092
0.5334,18,150725.640915
0.873423,4,150732.755824
0.896581,3,150735.521894
0.441454,3,150751.851729
0.554174,3,150764.115543
0.955042,3,150766.840321
0.864785,4,150774.86196
0.868817,4,150774.989251
0.940628,3,150775.08921
0.336315,3,150804.591511
0.691774,3,150814.14416
0.838379,3,150818.277352
0.922536,4,150825.774962
0.967377,3,150828.251975
0.916375,3,150828.341232
0.909837,3,150832.020676
0.949436,3,150834.812078
0.953883,3,150837.684299
0.287058,3,150860.042466
0.818567,4,150860.179524
0.335047,7,150900.867505
0.811868,3,150905.51845
0.734368,5,150916.333325
0.343402,3,150940.638498
0.356196,7,150962.424183
0.935672,3,150965.5807
0.767317,5,150975.340882
0.93991,4,150978.76514
0.943544,3,150981.672521
0.966034,3,150984.200743
0.880942,3,150988.897402
0.855502,4,150991.666792
0.610445,5,150991.910852
0.960524,3,150994.614239
0.892374,3,150998.035962
0.860371,4,150998.162563
0.815505,5,150998.31429
0.920605,3,150998.436244
0.646331,4,151002.390133
0.831226,3,151006.679927
0.930441,3,151010.358516
0.817243,4,151020.737975
0.0,8,151082.221414
0.838379,3,151086.581635
0.930441,3,151090.260635
0.784465,4,151099.497168
0.694669,4,151103.636079
0.984762,3,151105.961252
0.839351,9,151120.023742
0.967335,3,151122.788584
0.861363,4,151122.914043
0.9381,3,151125.830773
0.967958,3,151128.304671
0.620275,5,151162.30393
0.315096,6,151213.10841
0.891648,4,151217.168753
0.926421,3,151223.931642
0.693524,3,151233.189128
0.451376,7,151252.720691
0.943202,4,151259.134633
0.493966,6,151283.036601
0.845366,3,151287.247727
0.343402,3,151312.733975
0.905036,3,151312.817595
0.998849,3,151314.893998
0.618689,4,151346.275306
0.778613,4,151350.093223
0.998849,3,151352.211388
0.942009,4,151354.622414
0.404339,6,151355.053005
0.843377,3,151355.153678
0.335502,6,151368.95371
0.985872,3,151371.24572
0.831522,3,151375.382753
0.858827,3,151379.334516
0.930408,3,151382.576663
0.690572,3,151392.454853
0.998249,3,151396.618584
0.998849,3,151398.693049
0.538379,3,151410.592387
0.554512,5,151419.10069
0.495604,6,151437.363021
0.968238,3,151439.828357
0.719198,3,151452.986111
0.879474,3,151456.701865
0.68808,5,151471.599722
0.820887,4,151477.588656
0.960524,3,151482.5754
0.86705,3,151486.488054
0.612456,3,151493.48138
0.949492,3,151496.228348
0.919575,3,151499.599885
0.441454,3,151515.9805
0.983068,3,151518.54931
0.55308,4,151527.473661
0.739849,4,151531.113781
0.875435,4,151533.923664
0.693524,3,151543.412159
0.86705,3,151547.372915
0.357039,6,151565.722724
0.293581,5,151571.12004
0.507873,6,151588.087672
0.831522,3,151592.398542
0.580516,4,151607.491925
0.919575,3,151610.819684
0.831522,3,151614.991639
0.897055,4,151619.725701
0.962919,3,151619.808085
0.583857,4,151635.206952
0.747074,3,151642.93657
0.0,10,151748.047896
0.734983,5,151748.247469
0.344366,5,151748.731041
0.0,8,151802.138927
0.880935,3,151807.030848
0.906584,4,151809.685257
0.927776,3,151809.775973
0.94836,3,151812.762545
0.0,4,151884.884729
0.984762,3,151889.580223
0.554174,3,151902.167952
0.964298,3,151907.401017
0.607093,4,151912.062961
0.673907,3,151918.477036
0.393675,3,151936.132004
0.996036,3,151940.419705
0.930408,3,151943.685662
0.829032,5,151952.492793
0.809935,3,151959.199991
0.444547,9,151976.520766
0.555397,4,151981.712363
0.842251,4,151984.623837
0.929032,3,151988.012795
0.889233,4,151990.567076
0.513869,3,152004.056856
0.977304,3,152006.566738
0.987857,3,152011.311517
0.979601,3,152013.749621
0.76322,4,152013.866776
0.949436,3,152016.692641
0.951062,3,152019.45767
0.880935,3,152024.494388
0.977351,3,152026.905386
0.0,5,152087.408995
0.871689,4,152090.253344
0.913425,3,152093.688178
0.336315,3,152122.978291
0.985872,3,152127.610946
0.753697,4,152131.52242
0.267101,4,152153.394355
0.923672,5,152159.152692
0.977351,3,152161.543468
0.880935,3,152166.430057
0.987857,3,152171.12104
0.912435,3,152177.009171
0.751081,3,152183.84924
0.958369,3,152189.027488
0.909837,3,152192.818577
0.813332,4,152201.75425
0.831226,3,152206.096655
0.982908,3,152208.399996
0.673907,3,152214.863166
0.513869,3,152227.009466
0.968238,3,152229.386316
0.747074,3,152235.670741
0.977776,3,152237.99853
0.795524,3,152243.872959
0.955542,3,152246.265281
0.91295,3,152249.185037
0.76713,4,152257.802011
0.914455,3,152262.690089
0.246106,9,152290.564998
0.845366,3,152294.316669
0.776501,4,152297.256039
0.947996,3,152299.794578
0.949492,3,152304.458294
0.798481,5,152309.872827
0.734502,4,152325.229233
0.923672,4,152330.489827
0.942637,3,152333.421371
0.888536,3,152338.981059
0.998849,3,152340.968535
0.876308,4,152345.023346
0.741735,4,152348.634556
0.504116,3,152357.278253
0.998849,3,152359.216061
0.925296,4,152361.601758
0.888145,4,152365.77003
0.812184,4,152373.774287
0.183008,14,152390.790534
0.809935,3,152396.700129
0.990204,3,152398.687522
0.227326,3,152420.363189
0.937651,3,152423.593301
0.825731,4,152431.582843
0.930408,3,152434.540329
0.951271,4,152434.633744
0.919906,3,152437.372782
0.0,3,152497.960885
0.987613,3,152500.044044
0.960524,3,152502.558374
0.941245,3,152502.635831
0.343402,3,152524.91361
0.836494,4,152525.047568
0.845366,3,152528.835882
0.935672,3,152531.717786
0.849947,4,152534.349505
0.752868,4,152534.474354
0.865635,5,152541.20698
0.795524,3,152547.000268
0.444502,5,152547.398654
0.923281,3,152550.130715
0.92261,3,152555.507529
0.964298,3,152558.052583
0.0,2,152619.454949
0.829774,4,152627.327896
0.994011,3,152629.477061
0.0,2,152689.95189
0.955042,3,152692.476846
0.732798,4,152696.62271
0.945465,5,152699.575938
0.955542,3,152701.963112
0.89361,4,152707.013717
0.93646,3,152709.438702
0.964678,3,152711.847642
0.894885,3,152716.943676
0.761243,4,152717.059824
0.955042,3,152719.55393
0.945459,4,152722.424045
0.876037,3,152725.753188
0.472581,5,152742.834035
0.930408,3,152745.83177
0.864588,3,152749.747613
0.978543,3,152754.400023
0.792133,5,152754.661596
0.998849,3,152756.59989
0.977304,3,152758.775434
0.909837,3,152764.345617
0.909837,3,152769.938417
0.360045,11,152798.01353
0.701166,3,152806.101463
0.613038,4,152810.341245
0.989206,3,152812.448752
0.942145,3,152812.52263
0.0,2,152873.555069
0.996036,3,152875.579836
0.905744,5,152875.708752
1e-06,16,152925.756712
0.943544,3,152928.615009
0.880942,3,152933.197423
0.905798,3,152933.303349
0.914904,4,152940.54381
0.8645,3,152945.306197
0.336315,3,152973.391995
0.943544,3,152976.060134
0.894235,4,152978.785865
0.347212,6,152979.22492
0.608904,3,152986.240206
0.457108,4,152986.384395
0.890791,4,152989.160813
0.775296,5,152989.281432
0.923672,3,152994.821071
0.756363,4,152998.616076
0.336315,3,153026.848738
0.763709,7,153034.290263
0.905798,3,153034.367614
0.780658,4,153043.285421
0.927485,3,153046.546442
0.996036,3,153048.536774
0.876037,3,153051.944459
0.71366,3,153060.366831
0.971405,4,153060.464642
0.876037,3,153063.904986
0.949492,3,153068.669484
0.885789,3,153072.64641
0.989498,3,153074.774329
0.0,2,153135.365245
0.0,5,153196.97472
0.912567,4,153197.085503
0.554174,3,153208.367576
0.934518,3,153213.615789
0.930408,3,153216.550095
0.883983,4,153219.22196
0.673907,3,153225.020304
0.879869,4,153228.244974
0.881654,4,153230.942284
0.879474,3,153234.236736
0.691876,4,153247.244938
0.955042,3,153249.699932
0.937651,3,153252.898263
0.977351,3,153255.104727
0.245584,7,153262.493838
0.831811,5,153266.958487
0.279368,5,153296.107329
0.89361,3,153298.708156
0.901664,3,153298.788277
0.831226,3,153302.907546
0.553463,3,153314.172509
0.968238,3,153318.416471
0.897288,5,153318.543789
0.955542,3,153320.958308
0.701166,3,153328.822427
0.888536,3,153334.356142
0.289719,5,153341.808548
0.960524,3,153346.335999
0.985475,3,153346.399685
0.993339,3,153352.221857
0.529699,5,153357.211396
0.880935,3,153361.660328
0.393675,5,153377.14816
0.0,6,153423.785442
0.762064,5,153434.668681
0.897055,4,153822.828809
0.959119,3,153825.339815
0.996036,3,153827.403315
0.977304,3,153829.619826
0.929032,3,153832.689286
0.906584,4,153835.09985
0.345537,4,153835.237508
0.959119,3,153837.71471
0.0,2,153899.055611
0.828216,10,153899.305665
0.93612,8,153902.383942
0.990233,3,153904.456941
0.767317,4,153913.129714
0.777998,5,153913.267493
0.491453,4,153925.468804
0.892252,4,153931.762477
0.55308,3,153939.422527
0.943544,3,153942.06171
0.928708,3,153942.141852
0.998249,3,153946.13715
0.761178,4,153954.974728
0.935672,3,153957.891745
0.935672,3,153960.774882
0.452359,5,153961.126435
0.0,3,154068.213863
0.987857,3,154072.595923
0.943712,3,154075.178322
0.646975,3,154084.053637
0.220748,9,154104.653347
0.993339,3,154110.446734
0.952918,4,154113.16984
0.903783,4,154116.024615
0.881833,4,154122.459579
0.859312,4,154127.179594
0.939204,4,154133.662359
0.835822,4,154141.368277
0.363344,4,154141.520497
0.724285,4,154145.674883
0.890748,4,154153.624934
0.809099,3,154159.858936
0.978819,3,154162.239159
0.898166,4,154168.943272
0.819406,4,154177.305101
0.885033,4,154180.016273
0.943099,3,154182.850843
0.696122,3,154188.361582
0.956731,3,154191.115691
0.757181,3,154199.542496
0.949436,3,154202.143534
0.998249,3,154205.997831
0.835822,4,154213.713774
0.909837,3,154217.296387
0.998849,3,154219.228815
0.964298,3,154221.816048
0.643763,4,154240.55359
0.921419,3,154240.639449
0.952918,3,154243.345306
0.996036,3,154245.366393
0.930408,3,154248.319527
0.978819,3,154250.541879
0.0,2,154311.104989
0.914035,4,154314.175898
0.664095,4,154322.796169
0.880942,3,154327.055229
0.998249,3,154330.897002
0.811868,3,154335.145845
0.811487,7,154341.345646
0.879174,4,154348.094012
0.994866,3,154350.061594
0.996036,3,154352.068169
0.343402,3,154374.267515
0.933316,3,154374.34428
0.996036,3,154376.344494
0.92261,3,154381.745488
0.509174,5,154397.209363
0.880935,3,154401.674904
0.809099,3,154407.926018
0.858827,5,154417.671327
0.294599,4,154427.605316
0.76713,4,154436.369084
0.955878,3,154438.800632
0.880942,3,154443.043939
0.905497,4,154446.240631
0.785732,4,154454.842393
0.813156,4,154454.957272
0.743493,3,154460.023573
0.673907,3,154465.892277
0.998849,3,154467.804626
0.91034,4,154471.341998
0.908621,4,154475.543004
0.0,3,154536.204346
0.887137,3,154536.298113
0.567826,4,154536.448392
0.344936,5,154553.193947
0.87322,3,154559.481084
0.934365,3,154562.856752
0.920605,3,154562.929696
0.987613,3,154565.065998
0.865346,4,154569.804085
0.71366,3,154578.391464
0.910649,3,154578.472027
0.861774,4,154581.063649
0.758016,4,154581.169914
0.707826,3,154589.729138
0.831226,3,154593.723486
0.346397,4,154600.942842
0.809935,3,154606.963811
0.89,3,154609.662651
0.989498,3,154611.764928
0.820965,4,154617.167159
0.887775,4,154623.750739
0.372018,7,154642.835827
0.934365,3,154646.216653
0.727037,3,154658.785625
0.904633,3,154661.805947
0.960524,3,154664.271896
0.864588,3,154668.164573
0.919575,3,154671.212643
0.801866,7,154690.957943
0.294164,7,154701.066755
0.959119,3,154703.532594
0.809981,4,154706.348467
0.923672,4,154711.568326
0.898419,3,154716.689955
0.831076,3,154720.551419
0.693524,3,154729.043064
0.935672,3,154731.928846
0.545476,4,154736.642996
0.757181,3,154745.316673
0.727377,4,154754.250221
0.998849,3,154756.163465
0.89361,3,154758.848533
0.871284,5,154768.146097
0.790909,4,154768.254019
0.931656,3,154770.952093
0.0,43,154836.014128
0.989498,3,154838.11837
0.989603,3,154838.185679
0.919575,5,154841.273165
0.0,2,154902.335396
0.987434,3,154902.409834
0.937651,3,154906.071697
0.879474,3,154909.446673
0.905036,3,154909.528687
0.988298,3,154909.599726
0.629477,5,154920.84086
0.809935,3,154927.005371
0.845366,3,154930.846136
0.913425,3,154933.845055
0.777179,4,154942.539064
0.858691,3,154949.145057
0.336315,3,154975.791004
0.987857,3,154980.152993
0.0,2,155040.603156
0.907375,4,155046.952461
0.8645,3,155051.975134
0.336315,3,155078.590013
0.579106,3,155089.280072
0.87322,3,155095.536919
0.751081,3,155101.751338
0.876037,3,155105.146743
0.977776,3,155107.505903
0.945681,3,155107.594247
0.751081,3,155113.990197
0.91034,4,155117.525408
0.767879,6,155117.674582
0.701166,3,155125.600044
0.940319,3,155128.243453
0.842096,4,155130.915891
0.955542,3,155133.220877
0.929032,3,155136.294086
0.923762,4,155139.928417
0.996036,3,155141.946032
0.873129,4,155142.055308
0.0,5,155212.935398
0.967335,3,155215.49826
0.473826,4,155227.817273
0.885789,3,155231.846266
0.707826,3,155240.347522
0.966034,3,155242.683739
0.0,2,155303.602497
0.968238,3,155305.962111
0.937968,3,155306.032527
0.942637,3,155308.950239
0.892374,3,155314.261745
0.070101,6,155354.193922
0.846703,4,155356.74797
0.835822,4,155364.449283
0.923281,3,155367.234376
0.950829,3,155367.309706
0.523785,5,155378.619859
0.990795,3,155380.889742
0.929405,4,155384.001951
0.923672,3,155389.558422
0.942637,3,155392.501157
0.910649,3,155392.580746
0.876037,3,155396.156897
0.983985,3,155400.385252
0.888536,3,155405.93651
0.943099,3,155408.834889
0.982117,3,155408.900358
0.0,5,155456.42516
0.861754,5,155464.842727
0.895178,4,155471.743188
0.908499,3,155475.461434
0.94836,3,155478.209421
0.362997,4,155491.801591
0.936282,4,155494.705799
0.513869,3,155506.916357
0.0,5,155568.464808
0.960524,3,155570.991313
0.336315,3,155597.523556
0.964161,3,155600.366561
0.879125,4,155607.179026
0.905798,3,155607.252544
0.964298,3,155609.792237
0.978819,3,155611.96902
0.939535,3,155614.575184
0.960524,3,155617.045173
0.441454,3,155635.704632
0.810087,4,155638.591694
0.89,3,155641.260428
0.913425,3,155644.264776
0.77051,5,155654.33175
0.879125,4,155661.158358
0.831076,3,155665.059088
0.865428,4,155669.730153
0.805112,4,155678.9423
0.943544,3,155681.601359
0.441454,3,155700.562255
0.892374,3,155705.948579
0.939535,3,155710.701454
0.960524,3,155715.341679
0.929449,3,155715.414431
0.858827,3,155719.103075
0.0,3,155804.773333
0.991694,3,155808.94023
0.934518,3,155814.208496
0.356196,5,155832.247227
0.729175,4,155842.391611
0.528968,4,155847.419523
0.0,7,155924.479935
0.8645,3,155929.306109
0.960524,3,155931.812055
0.984762,3,155936.12166
0.880935,3,155940.554778
0.0,2,156001.474835
0.996036,3,156003.514732
0.913425,3,156006.719806
0.880942,3,156011.034573
0.996036,3,156013.048016
0.071319,10,156052.948492
0.0,2,156113.610081
0.874031,4,156117.125213
6.4e-05,8,156120.629648
0.792236,11,156126.385572
0.988669,3,156126.45023
0.879474,3,156129.799504
0.612456,3,156135.943492
0.953883,3,156138.639054
0.882371,3,156143.013573
0.441454,5,156162.798789
0.949702,3,156162.871425
0.907006,4,156166.102809
0.95944,3,156168.623341
0.948333,5,156171.316077
0.693524,3,156179.847785
0.94836,3,156182.547827
0.987857,3,156186.839206
0.346389,7,156187.369764
0.792133,5,156187.610907
0.693524,3,156196.070177
0.787139,4,156201.287833
0.962919,3,156201.357023
0.949492,3,156203.940058
0.720434,4,156204.049999
0.0,3,156264.448467
0.815388,4,156267.208101
0.968238,3,156269.564466
0.623606,10,156283.214447
0.960524,3,156285.676806
0.892374,3,156288.879883
0.959987,3,156288.971025
0.747542,4,156298.226938
0.876303,4,156298.340522
0.950829,3,156298.41569
0.933386,4,156304.613089
0.977351,3,156308.930429
0.891632,4,156309.03438
0.0,7,156356.139096
0.451436,5,156360.523966
1e-06,26,156410.79539
0.998249,3,156414.6802
0.343402,3,156436.666598
0.983985,4,156438.822973
6.4e-05,6,156442.1122
0.0,9,156549.704464
0.81245,5,156549.84949
0.897055,4,156556.525486
0.0,3,156618.155495
0.803414,4,156618.272582
0.767244,4,156627.293181
0.87929,5,156631.766451
0.55308,4,156644.42262
0.922511,3,156644.488813
0.952918,3,156647.164061
0.92261,3,156652.646192
0.989498,3,156654.740905
0.336315,3,156681.18265
0.536443,6,156719.796974
0.691774,3,156728.382304
0.918332,4,156731.511678
0.993339,3,156737.277429
0.693524,3,156745.74471
0.798165,7,156745.939151
0.960524,3,156750.581801
0.762207,5,156754.155315
0.792699,4,156760.881941
0.751081,3,156767.092439
0.573802,4,156791.51575
0.8645,3,156796.318531
0.780585,4,156804.966039
0.879125,4,156811.954601
0.751777,3,156824.137041
0.920605,3,156824.211577
0.787139,3,156829.181154
0.887137,3,156829.258574
0.914455,3,156834.124637
0.680756,4,156847.257482
0.977351,3,156851.619489
0.983985,3,156855.863711
0.953883,3,156858.512111
0.955042,3,156861.000283
0.89361,3,156863.630712
0.1972,12,156881.680437
0.91386,4,156888.849405
0.941245,3,156888.921991
0.987613,3,156891.106132
0.861934,4,156893.694524
0.553463,3,156904.960808
0.861544,4,156905.065325
0.8645,3,156909.811001
0.942355,4,156916.394992
0.888754,4,156919.102094
0.270921,6,156940.227785
0.761109,4,156949.243499
0.989498,3,156951.362697
0.845366,3,156955.136705
0.439453,4,156967.0417
0.909806,3,156967.119515
0.955542,3,156969.519175
0.991608,3,156971.521883
0.450164,8,156980.771019
0.990795,4,156983.002302
0.695149,4,156986.751741
0.356196,8,157006.762906
0.418474,8,157013.721187
0.612456,3,157019.911495
0.882371,3,157024.430561
0.328577,6,157049.471348
0.955542,3,157051.935338
0.85086,4,157054.583104
0.608904,3,157061.34747
0.956883,3,157061.419172
0.968238,3,157063.686421
0.0,9,157125.5432
0.604457,5,157130.081839
0.889034,4,157132.802196
0.880935,3,157137.295202
0.574162,5,157152.411811
0.693524,3,157161.004322
0.955042,3,157163.521697
0.998395,3,157167.393139
0.852712,4,157170.562479
0.967958,3,157172.843645
0.535042,4,157172.993683
0.352934,4,157173.139602
0.408718,7,157173.359516
0.942355,4,157179.989742
0.998849,3,157181.929298
0.787139,3,157186.906051
0.998849,3,157188.835733
0.856151,4,157196.059481
0.863787,6,157198.965163
0.943099,3,157201.809607
0.933902,4,157204.499782
0.521869,3,157216.25147
0.507974,3,157216.402359
0.94577,9,157216.623094
0.521869,4,157231.734499
0.442906,5,157249.688148
0.507974,3,157249.885146
0.809099,3,157256.10428
0.93388,3,157256.176783
0.955542,3,157258.579322
0.983985,3,157262.8048
0.850104,4,157265.416578
0.872962,4,157265.521729
0.996036,3,157269.542653
0.0,5,157360.410601
0.964298,3,157362.960714
0.799853,4,157363.069447
0.839994,11,157384.877654
0.998849,3,157386.805812
0.0,3,157472.751516
0.452359,5,157473.115841
0.513869,3,157484.90642
0.858827,3,157488.534822
0.935954,4,157491.004089
0.393456,20,157507.095566
0.880105,4,157514.807249
0.986627,3,157514.871482
0.905798,3,157514.946504
0.519333,7,157527.152807
0.859177,4,157527.271041
0.850104,4,157529.879548
0.759347,5,157533.451843
0.846624,4,157533.575433
0.960524,3,157538.227857
0.958834,3,157540.625045
0.960524,3,157543.082256
0.954622,3,157545.678804
0.0,6,157592.424175
0.814859,9,157592.650869
0.927485,3,157595.821888
0.934365,4,157599.218587
0.978819,3,157601.414926
0.691774,3,157610.050584
0.843377,3,157610.145334
0.858691,3,157614.017989
0.801947,6,157619.690353
0.987613,3,157621.870791
0.954622,3,157624.412225
0.71366,3,157632.922187
0.904633,3,157635.918574
0.689373,5,157646.94428
0.71366,3,157655.456901
0.8645,3,157660.226798
0.996036,3,157664.157848
0.889421,3,157669.890279
0.311096,5,157694.972568
0.831076,3,157698.885709
0.916375,3,157698.969166
0.553463,3,157710.222946
0.998849,3,157712.135092
0.665279,4,157723.662726
0.336315,3,157750.162216
0.892374,3,157753.315603
0.930408,3,157756.266247
0.0,3,157816.662385
0.835811,4,157819.350988
0.981942,3,157819.415578
0.960524,3,157821.971961
0.955042,3,157824.48969
0.957191,3,157826.887322
0.984762,3,157829.066029
0.905798,3,157829.140426
0.928529,5,157831.983654
0.773177,5,157832.128836
0.998849,3,157834.056525
0.734432,4,157840.152831
0.930441,3,157843.486298
0.315352,3,157865.379813
0.985872,3,157867.502663
0.528578,6,157881.609559
0.92261,3,157886.960068
0.583465,6,157887.170399
0.608904,3,157893.905986
0.998849,3,157895.833733
0.315352,4,157917.681387
0.789179,3,157926.145092
0.872982,4,157933.517909
0.960524,3,157935.960482
0.418758,44,157980.125028
0.781638,3,157986.146242
0.896865,4,157986.250892
0.919575,3,157989.240794
0.998249,3,157993.150948
0.534604,6,157997.517144
0.919906,3,158000.248091
0.922923,4,158007.038794
0.860023,3,158013.40025
0.710656,3,158021.985993
0.831076,3,158025.852251
0.858827,3,158029.455873
0.0,3,158089.923414
0.959119,3,158092.401066
0.831226,3,158096.256904
0.956883,3,158096.329626
0.964298,3,158098.873017
0.944446,4,158098.973906
0.998849,3,158100.960567
0.773362,4,158109.787809
0.929032,3,158112.823908
0.977351,3,158117.192862
0.0,3,158178.245871
0.949492,3,158180.815978
0.990233,3,158182.924777
0.919575,3,158185.974661
0.861921,4,158188.865842
0.317579,5,158189.076335
0.0,5,158296.460563
0.807124,4,158296.574486
0.864588,3,158300.501545
0.905497,3,158303.856753
0.343402,3,158325.998337
0.92261,3,158331.379204
0.929032,3,158334.40129
0.267501,6,158341.783662
0.964298,3,158344.331138
0.860023,3,158350.515444
0.960259,3,158350.584557
0.983068,3,158352.954126
0.538379,3,158363.685746
0.94836,3,158366.282885
0.916265,3,158366.362546
0.977304,3,158368.627225
0.987613,3,158370.774765
0.935672,3,158373.637023
0.942355,5,158380.25972
0.879474,4,158383.56363
0.957191,3,158783.402816
0.751081,3,158789.642349
0.0,7,158893.539769
0.824882,3,158898.9333
0.852082,3,158902.657297
0.89361,3,158905.310587
0.964161,3,158907.990535
0.998249,3,158911.906677
0.748886,4,158916.069513
0.790035,4,158924.496804
0.819795,4,158927.296484
0.0,14,158929.901771
0.0,2,158990.273131
0.941245,3,158990.361037
0.861934,4,158992.955296
0.343402,3,159014.999302
0.945459,4,159017.920671
0.909837,3,159021.416537
0.550367,4,159032.594374
0.0,56,159132.777826
0.0,1,159193.021898
0.983985,3,159196.63981
0.355906,6,159215.106618
0.924325,4,159218.555276
0.885789,3,159222.543074
0.930408,3,159225.495661
0.832953,3,159229.611768
0.964161,3,159232.481843
0.85086,4,159235.137268
0.950829,3,159235.2087
0.887023,4,159242.012718
0.937651,4,159245.229502
0.0,2,159305.940372
0.505349,4,159317.493179
0.998849,3,159319.411109
0.955042,3,159321.91232
0.880935,3,159326.366581
0.945268,5,159333.193556
0.787139,3,159338.140205
0.914455,4,159343.050416
0.701166,3,159351.012854
0.873129,3,159351.116782
0.0,3,159412.286274
0.0,4,159458.919357
0.998249,3,159462.749865
0.99323,3,159464.752736
0.924324,3,159469.861509
0.876303,4,159469.982892
0.967958,3,159472.296557
0.949436,3,159474.947576
0.871352,4,159479.591233
0.91034,3,159483.07326
0.797376,4,159483.178905
0.0,8,159630.377212
0.0,4,159738.070581
0.967335,3,159740.617342
0.998849,3,159744.59099
0.608904,3,159751.363674
0.871941,4,159758.526237
0.964161,3,159761.205528
0.985872,3,159765.385241
0.796656,3,159772.974117
0.865428,4,159777.685468
0.0,2,159838.705776
0.794794,4,159844.268146
0.984762,3,159846.417836
0.0,2,159907.685526
0.912202,4,159910.145619
0.957191,3,159912.582349
0.646975,3,159921.462511
0.825955,3,159925.090845
0.832953,3,159929.211408
0.934365,3,159932.557075
0.934518,3,159937.838408
0.918749,4,159944.73526
0.876048,4,159949.261062
0.979522,3,159949.324141
0.971474,3,159954.243764
0.336315,3,159980.967242
0.595714,3,159991.859854
0.836494,3,159991.93613
0.880942,3,159996.218488
0.343402,3,160018.377092
0.896865,4,160018.482057
0.943712,3,160021.008397
0.971474,3,160025.610869
0.55308,6,160033.614303
0.875582,4,160036.315756
0.71366,3,160044.617333
0.204673,10,160071.939382
0.892616,4,160078.783113
0.93584,3,160081.700598
0.839075,4,160087.905062
0.914035,3,160090.956507
0.761109,4,160099.890043
0.604177,5,160100.075312
0.800385,4,160108.397228
0.336315,3,160134.853115
0.346494,6,160146.496838
0.356196,5,160164.443334
0.504116,3,160172.996118
0.903583,4,160176.421913
0.989498,3,160178.53123
0.832953,3,160182.626451
0.876037,3,160186.004687
0.840928,3,160190.052571
0.967958,3,160192.332214
0.0,7,160193.633141
0.840928,3,160197.701935
0.790747,4,160200.636603
0.956731,3,160203.340117
0.956156,4,160206.943439
0.985872,3,160211.162567
0.0,8,160347.133457
0.985872,3,160351.391041
0.996237,3,160355.499264
0.908585,3,160355.575341
0.949436,3,160358.180101
0.949666,3,160360.713541
0.934365,3,160364.076348
0.937602,4,160367.96456
0.836494,3,160368.042845
0.344564,7,160374.075128
0.858827,4,160377.720056
0.906744,3,160380.617961
0.995853,3,160382.565717
0.451311,5,160382.955601
0.896955,4,160387.246493
0.809935,3,160393.364077
0.817616,3,160400.682496
0.908499,3,160404.421251
0.960259,3,160404.493122
0.964298,3,160409.288533
0.967678,4,160413.934093
0.788935,4,160419.433385
0.907521,3,160424.851677
0.701166,3,160432.815751
0.93584,3,160435.736042
0.743493,3,160440.824103
0.77955,3,160445.072911
0.987613,3,160447.224198
0.914035,3,160450.235732
0.489729,4,160462.180087
0.0,3,160547.223818
0.0,4,160654.190247
0.831226,3,160658.142674
0.715892,4,160661.796948
0.982469,3,160661.861693
0.889421,3,160667.55977
0.55578,5,160672.019808
0.602202,4,160676.313792
0.733289,4,160682.441287
0.787139,3,160687.447219
0.909837,3,160693.025171
0.908499,3,160696.824832
0.71366,3,160705.083608
0.701166,3,160713.215931
0.845366,5,160720.524493
0.94836,3,160723.185038
0.780192,4,160731.767711
0.762447,4,160735.019554
0.927071,4,160742.340943
0.92261,3,160747.697003
0.0,3,160808.292473
0.920699,4,160811.745096
0.840928,3,160816.074878
0.693524,3,160824.616826
0.909837,3,160827.935449
0.831226,3,160831.877671
0.445681,5,160832.385895
0.421427,4,160832.606712
0.706835,5,160838.316867
0.791448,3,160849.214116
0.960524,3,160851.778919
0.908499,3,160855.52065
0.833236,3,160859.311148
0.936584,3,160859.385749
0.781638,3,160865.45081
0.93584,3,160870.946703
0.786194,4,160873.865788
0.94836,3,160876.545565
0.599534,3,160885.707845
0.879125,4,160892.622371
0.585335,4,160897.000627
0.909433,3,160899.536165
0.0,6,160990.426518
0.966034,3,160992.767417
0.77502,4,160992.874068
0.673907,3,160998.69868
0.916265,3,160998.780676
0.787616,8,160998.989781
0.690572,3,161007.941932
0.964161,3,161010.63751
0.843377,3,161010.731161
0.916375,3,161010.819879
0.441454,3,161025.713504
0.948089,3,161028.006584
0.336315,3,161054.582709
0.8645,3,161059.369565
0.838379,3,161063.140445
0.223166,5,161071.103273
0.885078,3,161073.918291
0.839351,4,161077.788869
0.930408,3,161080.732159
0.960524,3,161083.241
0.787139,3,161088.193477
0.647122,4,161095.43613
0.691938,6,161109.326194
0.838379,3,161112.977139
0.94836,3,161115.674253
0.879474,3,161118.962838
0.996036,3,161122.893325
0.55308,4,161130.709814
0.985421,3,161130.774468
0.966034,4,161133.107714
0.876037,3,161136.492196
0.781228,5,161136.628655
0.469983,4,161142.682859
0.968238,3,161144.948453
0.727377,4,161153.88106
0.608904,3,161160.659119
0.860023,3,161167.018939
0.983985,3,161171.243226
0.987857,3,161175.558318
0.513098,5,161180.878758
0.916375,3,161180.960372
0.861934,4,161183.484312
0.964298,3,161188.355659
0.0,3,161249.168267
0.836642,6,161253.88274
0.871284,3,161257.341874
0.707826,3,161265.860465
0.347212,5,161266.242826
0.950829,3,161266.318385
0.835822,4,161274.210485
0.947996,3,161276.809827
0.701166,3,161284.783923
0.871284,4,161288.276515
0.8645,3,161293.056868
0.742301,4,161297.220509
0.739474,5,161307.557846
0.884055,3,161312.162201
0.781638,3,161318.188818
0.607504,4,161326.912295
0.815388,4,161329.663648
0.979948,3,161331.930369
0.770375,4,161340.484094
0.695149,4,161344.206938
0.71366,3,161352.778496
0.643763,4,161371.241566
0.693524,3,161379.932367
0.949492,3,161382.488318
0.930441,3,161385.8429
0.513098,4,161391.188653
0.817243,3,161395.236401
0.996036,3,161397.235196
0.889421,3,161402.81687
0.880935,3,161407.241154
0.0,6,161469.066932
0.77056,4,161469.202307
0.879125,4,161475.994058
0.887276,4,161480.364933
0.964161,3,161483.082221
0.42425,5,161483.228667
0.336315,3,161509.892878
0.998849,4,161511.82293
0.7373,4,161515.898554
0.990188,3,161515.963342
0.540609,4,161527.53793
0.691876,4,161540.632026
0.854424,4,161544.164822
0.905676,4,161546.569551
0.787139,3,161551.540328
0.923536,3,161554.192932
0.861774,4,161556.783378
0.833366,4,161556.90464
0.608904,3,161563.683881
0.864588,3,161567.573247
0.817616,3,161575.060027
0.910649,3,161575.136534
0.335502,7,161587.593313
0.922448,4,161593.631826
0.787922,4,161593.739946
0.892889,4,161596.544814
0.876037,3,161599.977522
0.967335,3,161602.501614
0.0,10,161703.918781
0.909837,3,161707.246406
0.357322,5,161725.169018
0.467993,4,161736.121059
0.248892,4,161743.31182
0.767317,4,161752.085202
0.513869,3,161764.066949
0.774382,4,161764.191231
0.451436,5,161768.591569
0.8645,3,161773.338827
0.998395,3,161777.117371
0.835822,4,161784.811788
0.967335,3,161787.356691
0.747074,3,161793.635049
0.831076,3,161797.37667
0.939535,3,161802.044982
0.998849,3,161804.116666
0.91034,4,161807.617201
0.968238,3,161809.961129
0.919575,3,161812.987601
0.842251,4,161815.667142
0.87788,4,161818.368744
0.967958,3,161820.654928
0.521869,3,161831.955108
0.324708,7,161871.58664
0.71366,3,161880.163548
0.909837,3,161883.477072
0.895178,4,161890.278267
0.792829,24,161890.935213
0.984762,3,161893.125957
0.343402,3,161915.198088
0.755259,4,161918.942008
0.996036,3,161920.952089
0.930408,3,161923.900242
0.769832,4,161924.011691
0.892374,3,161929.294897
0.959119,3,161931.761132
0.880935,3,161936.239554
0.929712,3,161936.320742
0.751767,3,161941.868488
0.895178,4,161948.543284
0.795524,3,161954.348239
0.777894,4,161960.213128
0.915082,4,161960.314086
0.930408,3,161963.262376
0.343402,3,161985.275688
0.858827,3,161988.92658
0.998249,3,161990.894782
0.880935,3,161995.331463
0.776961,4,161998.087005
0.0,3,162059.584435
0.885789,3,162063.5825
0.852082,3,162067.349898
0.805218,4,162070.570782
0.989498,3,162072.676673
0.922069,3,162072.751552
0.825955,3,162076.370447
0.985872,3,162080.560135
0.507974,3,162080.726984
0.983985,3,162084.940487
0.892252,4,162091.285468
0.892252,4,162097.62382
0.445681,5,162098.135184
0.901664,3,162098.217247
0.820965,4,162103.481705
0.87752,4,162106.263519
0.710656,3,162114.950325
0.90683,3,162115.026563
0.0,9,162119.043447
0.767317,5,162127.999556
0.513869,3,162140.054029
0.714124,5,162143.663455
0.977776,3,162146.026561
0.71366,3,162154.533595
0.0,5,162252.437402
0.955042,3,162254.957401
0.967958,3,162257.220453
0.962919,3,162257.300618
0.998849,3,162261.304185
0.849542,4,162261.422334
0.927485,3,162264.705463
0.882371,3,162269.060064
0.94836,3,162271.675096
0.832953,3,162275.772257
0.947845,4,162278.893349
0.914035,4,162284.195113
0.452359,5,162284.54671
0.45148,5,162284.901159
0.791598,17,162288.645147
0.847644,3,162295.108541
0.940667,3,162297.911062
0.847644,3,162304.388356
0.831645,4,162304.496119
0.864588,3,162308.579301
0.355906,5,162326.452828
0.0,7,162374.035345
0.888536,3,162379.606342
0.992686,3,162379.673415
0.871284,4,162383.189458
0.944689,3,162383.26493
0.998849,3,162385.099401
0.89,3,162387.753119
0.871284,3,162391.263743
0.977351,3,162395.625223
0.812184,4,162403.570085
0.977351,3,162405.802138
0.964298,3,162408.35522
0.516641,4,162413.58565
0.188773,8,162438.08008
0.869545,4,162440.61434
0.908499,3,162444.371327
0.753481,4,162452.891442
0.76713,4,162461.462028
0.75774,4,162461.56586
0.8645,3,162466.294959
0.781638,3,162472.356573
0.707826,3,162480.793426
0.848961,4,162480.894115
0.919575,3,162483.879314
0.930408,3,162486.827311
0.86705,3,162490.620763
0.864588,3,162494.552144
0.738992,4,162494.659013
0.989498,3,162496.758062
0.909837,3,162500.146531
0.855661,5,162502.702831
0.726233,3,162509.13799
0.912567,4,162509.241381
0.696122,3,162516.123351
0.949492,3,162520.760125
0.555397,4,162525.476419
0.910649,3,162525.556202
0.778922,6,162532.148257
0.0,2,162592.778663
0.798481,4,162595.602221
0.887775,3,162602.251106
0.747074,3,162608.444655
0.777597,4,162617.195469
0.876037,3,162620.590337
0.832953,3,162624.954999
0.956731,3,162627.66484
0.781638,3,162633.735076
0.810793,4,162636.531758
0.927776,3,162636.611754
0.987613,3,162638.797498
0.930408,3,162641.752017
0.998395,3,162645.563938
0.998249,3,162649.415877
0.809099,3,162655.692781
0.919888,4,162658.529541
0.905798,3,162658.605044
0.924352,4,162665.303214
0.89361,3,162667.924964
0.990795,3,162670.155914
0.703761,4,162680.155576
0.430736,7,162686.107929
0.0,3,162747.058436
0.94836,3,162749.783995
0.964161,3,162752.490278
0.89361,3,162755.12725
0.901664,3,162755.213664
0.949492,3,162757.821495
0.680887,3,162766.738281
0.336315,3,162793.141476
0.188773,6,162817.38922
0.916375,3,162817.470187
0.838379,3,162821.263986
0.845366,3,162825.042918
0.842251,4,162827.709197
0.789179,3,162833.383045
0.620275,4,162860.850369
0.781638,3,162866.873535
0.341995,6,162883.594021
0.92261,4,162888.977006
0.852082,3,162892.711094
0.931625,3,162892.828078
0.959119,3,162895.354186
0.868817,4,162895.467046
0.91034,4,162899.025918
0.45148,5,162899.380426
0.885078,3,162902.177041
0.517072,4,162937.418144
0.868817,4,162937.529574
0.567118,5,162937.703816
0.877653,4,162937.803281
0.937651,3,162940.986283
0.880942,3,162945.278136
0.793809,5,162951.914661
0.929032,4,162955.028379
0.943202,4,162960.954443
0.995571,3,162962.918364
0.859151,4,162967.783268
0.989498,3,162969.906192
0.909837,3,162973.199826
0.830558,4,162976.346067
0.898563,4,162978.997276
0.680756,4,162991.957085
0.991694,3,162996.04879
0.71366,3,163004.393786
0.998849,3,163006.312803
0.909837,3,163009.612554
0.930408,3,163012.571917
0.86705,3,163016.108414
0.889256,4,163016.220264
0.895178,4,163022.946368
0.977351,3,163027.365574
6.4e-05,8,163030.337749
0.880935,3,163034.945402
0.998249,3,163038.834735
0.823042,4,163041.547215
0.828504,4,163041.659763
0.939535,3,163046.337569
0.855502,6,163048.902871
0.627364,4,163067.405055
0.344366,9,163068.028035
0.845366,3,163071.819569
0.887111,5,163071.954859
0.998249,3,163073.901006
0.452359,7,163074.345556
0.548794,4,163074.500235
0.701166,3,163082.67477
0.909837,3,163086.018914
0.537817,5,163121.054928
0.832953,3,163125.14893
0.468255,4,163125.280584
0.985872,4,163131.542238
0.809099,3,163138.057467
0.949436,3,163140.654263
0.620275,4,163167.615613
0.926722,4,163173.825012
0.907012,4,163173.928695
0.901664,3,163174.013175
0.935325,3,163176.705246
0.754671,4,163176.81403
0.962919,3,163176.887945
0.488731,7,163181.949874
0.673907,3,163187.781358
0.810899,4,163190.690779
0.992585,3,163192.65235
0.0,2,163253.607715
0.7413,3,163259.472243
0.882217,3,163259.552506
0.894885,3,163264.849566
0.892246,5,163273.504578
0.959987,3,163273.580016
0.472581,4,163290.452692
0.476453,4,163307.38307
0.472071,10,163323.630971
0.960524,3,163326.118802
0.949666,3,163328.639925
0.94836,3,163331.386966
0.89,3,163334.072281
0.0,5,163407.217834
0.608904,3,163795.965814
0.960093,4,163796.063859
0.916375,3,163796.145137
0.811265,29,163806.812423
0.824882,3,163812.421309
0.925123,4,163815.758572
0.858827,3,163819.38642
0.873103,7,163822.345095
0.696122,3,163827.87619
0.927485,3,163831.100498
0.336315,3,163857.631623
0.788761,4,163867.099946
0.959119,3,163869.580119
0.867703,4,163873.162673
0.880935,3,163877.617012
0.864588,3,163881.478102
0.998249,3,163883.417484
0.94836,5,163888.727828
0.753258,4,163892.378187
0.857143,4,163894.963171
0.533216,5,163930.406848
0.832953,3,163934.543741
0.939061,4,163934.643002
0.977351,3,163936.88399
0.909837,3,163940.261813
0.895436,4,163947.693441
0.809935,3,163953.997434
0.673907,3,163959.833705
0.780658,4,163968.610141
0.4458,5,163969.124268
0.608904,3,163975.824195
0.452359,6,163976.192951
0.943712,3,163978.825926
0.355906,5,163997.093632
0.964161,3,163999.8556
0.875318,8,164000.053079
0.727037,3,164012.284879
0.865428,4,164017.04
0.892374,3,164022.428354
0.896144,5,164031.395122
0.996036,3,164033.424261
0.453397,7,164050.169866
0.901664,3,164050.252821
0.832479,4,164055.037857
0.0,2,164156.278574
0.355906,6,164174.336546
0.885789,3,164178.517014
0.0,3,164239.917953
0.554174,3,164251.803164
0.983985,3,164256.054684
0.953883,3,164258.741059
0.556144,7,164259.005038
0.691774,3,164267.768688
0.985717,3,164269.983254
0.852082,3,164273.722011
0.818466,4,164276.525055
0.0,5,164471.702063
0.583006,4,164471.830779
0.810018,4,164471.936316
0.344366,5,164472.354731
0.451311,5,164472.732802
0.812054,8,164472.94086
0.870714,4,164475.809271
0.916265,3,164475.889101
0.887787,4,164483.548777
0.885789,3,164487.718068
0.942637,3,164490.636849
0.998249,3,164494.502252
0.90558,4,164496.958546
0.554527,5,164511.111224
0.768298,5,164511.241632
0.612456,3,164517.364729
0.905744,5,164517.522291
0.905497,3,164520.656431
0.947996,3,164523.394811
0.876048,4,164527.960471
0.807139,4,164531.55821
0.89361,3,164534.228513
0.817482,4,164537.020012
0.859245,4,164537.138634
0.341916,7,164537.365233
0.880935,3,164541.827651
0.909837,3,164545.205021
0.831226,3,164549.141384
0.656006,4,164569.706419
0.895071,4,164572.824336
0.732273,4,164582.054076
0.964298,3,164584.61154
0.967377,3,164586.924299
0.0,4,164695.12414
0.998249,3,164699.028685
0.926892,4,164702.977221
0.389604,4,164703.101268
0.0,13,164795.192038
0.755052,4,164803.966132
0.841842,4,164811.51369
0.835811,4,164814.210564
0.93584,3,164817.130805
0.0,9,164865.043088
0.690572,3,164873.863228
0.984762,3,164876.065748
0.392778,6,164876.281173
0.74289,4,164880.486988
0.933999,4,164882.973857
0.323981,13,164887.709163
0.913264,3,164887.791407
0.978819,3,164889.97934
0.821767,3,164894.986197
0.809099,3,164901.18842
0.908585,3,164901.261793
0.998395,3,164905.10416
0.237633,6,164941.114708
0.673907,3,164946.929148
0.9755,3,164949.420281
0.949027,3,164949.494835
0.914455,3,164954.430231
0.923281,3,164957.198295
0.751777,3,164969.53661
0.873423,3,164976.108475
0.795524,3,164981.958106
0.845988,3,164986.595347
0.815237,4,164989.392679
0.0,33,165203.816192
0.371215,5,165204.13684
0.887775,3,165210.842764
0.896865,4,165210.94945
0.456922,5,165216.649019
0.707826,3,165225.130146
0.240758,15,165278.042221
0.269764,4,165285.256938
0.930441,3,165288.710602
0.0,2,165349.075574
0.0,2,165436.524863
0.914035,3,165439.569622
0.55308,3,165447.406289
0.914455,3,165452.373519
0.308585,10,165478.564894
0.917851,3,165478.640501
0.0,14,165591.097906
0.964298,3,165593.658106
0.811296,4,165601.767215
0.718441,4,165617.489475
0.907521,3,165622.78183
0.998249,3,165624.722612
0.764133,4,165627.826884
0.926421,3,165633.972608
0.966034,3,165636.275565
0.707826,3,165644.68188
0.707826,3,165653.137568
0.968238,3,165655.437187
0.955042,3,165657.871975
0.879131,4,165662.428348
0.935672,3,165665.297849
0.959119,3,165667.744832
0.0,2,165755.321934
0.979949,3,165759.688825
0.866057,4,165762.303283
0.773824,4,165771.134245
0.858691,3,165777.712065
0.912771,4,165785.20446
0.977351,3,165787.44064
0.926421,3,165793.567177
0.968238,3,165795.823064
0.983985,3,165800.102938
0.943712,3,165802.751633
0.916265,3,165802.833681
0.8645,3,165807.741931
0.864588,3,165811.729244
0.673907,3,165817.592174
0.553463,3,165829.220254
0.937651,3,165832.478344
0.691813,3,165837.741502
0.918116,3,165837.814884
0.482974,6,165838.028081
0.928708,3,165838.105892
0.8645,3,165842.92114
0.927485,3,165846.181561
0.727668,4,165846.285173
0.987613,3,165848.481198
0.957191,3,165850.898318
0.862896,4,165850.99777
0.901664,3,165851.080687
0.964298,3,165855.947495
0.843377,3,165856.043459
0.885789,3,165860.071473
0.935325,3,165862.755317
0.452359,5,165863.101445
0.748799,3,165870.362839
0.926722,4,165876.669529
0.860371,4,165876.783512
0.400616,5,165888.721968
0.90027,8,165895.254045
0.916375,3,165895.335809
0.953883,3,165898.006032
0.690572,3,165906.803916
0.980144,3,165908.957913
0.928484,3,165909.03427
0.798738,7,165909.22223
0.513869,3,165921.2723
0.516641,4,165926.514916
0.861774,4,165929.116341
0.0,3,165989.509907
0.998249,3,165993.426708
0.91034,3,165997.105735
0.355449,12,166025.795227
0.940667,3,166028.61058
0.914455,3,166033.53198
0.787139,3,166038.513267
0.984762,3,166042.769003
0.967335,3,166045.254598
0.838379,3,166049.053164
0.538379,3,166059.706596
0.956731,3,166062.422628
0.934365,3,166065.763427
0.937501,4,166072.5137
0.879131,4,166077.071576
0.401887,6,166077.276127
0.831076,3,166081.148026
0.386591,7,166081.381297
0.336315,3,166108.245255
0.835965,4,166111.018454
0.747074,3,166117.210954
0.0,2,166204.371061
0.347212,5,166204.768651
0.92261,3,166210.194769
0.929032,3,166213.24017
0.553463,3,166225.134498
0.998249,3,166229.073671
0.838379,3,166232.85732
0.927485,3,166236.117784
0.726233,3,166242.578908
0.538379,3,166253.382865
0.642188,4,166265.217801
0.960524,3,166267.703533
0.87322,3,166274.052286
0.909837,4,166277.403007
0.901664,3,166277.485
0.796656,3,166285.23155
0.895178,5,166291.920231
0.953883,3,166294.607386
0.947996,4,166297.089446
0.909837,3,166302.695073
0.452359,5,166303.048858
0.744977,4,166316.361965
0.987376,4,166316.449827
0.807019,4,166321.922919
0.977776,3,166324.346117
0.908793,5,166331.641396
0.667788,3,166342.334226
0.608904,3,166349.127525
0.781638,3,166355.295342
0.889812,5,166358.007053
0.60938,4,166362.283777
0.343402,3,166384.641395
0.809935,3,166390.758329
0.773362,4,166399.403021
0.977776,3,166401.751709
0.862888,4,166404.285648
0.80726,4,166409.785574
0.845366,3,166413.588421
0.343402,3,166435.985838
0.953564,3,166436.060572
0.956731,3,166438.783307
0.461847,4,166450.246094
0.290999,4,166457.659457
0.968075,4,166457.75161
0.956883,3,166457.821256
0.930441,3,166461.222577
0.887538,5,166461.351454
0.997143,3,166463.383508
0.983985,3,166467.747297
0.254691,5,166493.553053
0.913425,3,166496.589099
0.87782,4,166498.889094
0.967958,3,166501.179229
0.937651,3,166504.416697
0.847644,3,166510.807804
0.989498,3,166512.919333
0.513869,3,166524.812389
0.0,2,166585.720992
0.955042,3,166588.282743
0.476453,4,166605.338577
0.983151,3,166607.578107
0.832953,3,166611.759389
0.955594,3,166614.250238
0.56857,4,166638.840544
0.89361,3,166641.443789
0.977304,3,166643.660834
0.983985,3,166647.873577
0.696122,3,166653.392226
0.789056,4,166661.807418
0.0,14,166724.653114
0.998849,3,166726.599782
0.917666,3,166726.671745
0.840928,3,166730.809239
0.87322,3,166737.298448
0.967958,3,166739.655466
0.311507,6,166746.993778
0.892252,4,166753.335455
0.913425,3,166756.348096
0.451311,5,166756.73932
0.809935,3,166763.008673
0.748799,3,166770.089819
0.983068,3,166772.457436
0.923672,3,166777.979061
0.217868,6,166805.867491
0.953778,3,166808.457291
0.553463,3,166820.142895
0.818304,4,166820.256528
0.751081,3,166826.719957
0.927485,3,166829.973866
0.960524,3,166832.469022
0.954622,3,166835.075077
0.988982,3,166835.139449
0.817616,3,166842.507221
0.996036,3,166846.511347
0.964161,3,166849.16702
0.836494,3,166849.247823
0.850007,4,166851.833359
0.919871,4,166854.061944
0.967335,3,166856.601145
0.489729,3,166868.474833
0.909881,4,166875.59372
0.488156,5,166880.944206
0.987613,3,166883.275488
0.600967,4,166888.876919
0.0,5,167002.502205
0.923672,3,167008.530198
0.978819,3,167010.917704
0.0,45,167161.977671
0.914455,3,167166.888727
0.727037,3,167179.187621
0.892374,4,167182.368293
0.873423,3,167188.91088
0.831522,3,167192.748804
0.998395,3,167196.605557
0.845366,3,167200.584465
0.905497,3,167203.725791
0.287058,3,167224.035997
0.879125,5,167230.894377
0.930441,3,167234.448986
0.351269,7,167234.914942
0.831522,3,167238.750143
0.928484,3,167238.824308
0.871515,4,167243.380497
0.190483,10,167285.520897
0.967335,3,167288.115082
0.964298,3,167290.753674
0.865346,4,167295.50626
0.691774,3,167304.210013
0.680887,3,167313.16334
0.909837,3,167316.50117
0.513869,3,167328.606842
0.954622,3,167331.230981
0.879125,4,167338.125768
0.0,2,167399.059169
0.913316,4,167401.902137
0.901664,3,167401.989463
0.949702,3,167402.059934
0.908499,3,167405.829336
0.998849,3,167409.717245
0.984762,3,167411.907778
0.344936,5,167428.743694
0.608904,3,167435.765076
0.898419,3,167440.805587
0.871515,5,167445.451708
0.940667,3,167448.24108
0.939197,3,167451.247899
0.923281,3,167454.052192
0.880942,3,167458.290092
0.695149,4,167462.015353
0.960524,3,167464.518686
0.923762,4,167468.177294
0.866926,4,167470.795289
0.935672,3,167473.669508
0.910922,4,167473.765802
0.937651,3,167476.976218
0.618689,6,167504.050871
0.97859,4,167504.141804
0.86705,3,167507.706514
0.859312,4,167512.480613
0.978819,3,167516.927151
0.93819,3,167519.607869
0.882371,3,167524.128105
0.513098,4,167529.420748
0.87138,4,167537.054826
0.953425,3,167539.463614
0.228163,4,167539.628078
0.795524,3,167545.410732
0.927485,3,167548.664485
0.835822,4,167556.369742
0.862888,4,167558.922886
0.748511,5,167570.2707
0.845366,3,167573.972053
0.925442,5,167574.095892
0.812502,5,167574.235902
0.957259,4,167577.042367
0.866996,4,167577.150897
0.356196,5,167595.128639
0.879474,3,167598.450359
0.831076,3,167602.381382
0.319393,4,167618.122784
0.948027,3,167618.195599
0.0,2,167679.162427
0.843377,3,167679.260406
0.946887,4,167682.12425
0.804323,11,167699.382349
0.839407,4,167704.21784
0.45633,5,167704.41431
0.933386,4,167710.668006
0.521869,3,167722.149642
0.795524,3,167728.070903
0.336315,3,167754.62396
0.0,64,167756.260916
0.95944,3,167758.74319
0.923672,4,167764.268538
0.849947,4,167766.87832
0.785732,4,167775.400819
0.83222,7,167780.530294
0.998395,3,167784.378213
0.893331,4,167792.300258
0.905744,4,167792.401688
0.500342,4,167797.354982
0.782451,9,167805.344661
0.94836,3,167808.089556
0.901664,3,167808.170071
0.888536,3,167813.809819
0.291465,5,167828.322352
0.911912,5,167831.074883
0.960524,3,167833.754238
0.864625,5,167836.638607
0.957191,3,167839.051938
0.960524,3,167841.534933
0.998849,3,167843.47709
0.967958,3,167845.785915
0.953883,3,167848.457092
0.336315,3,167875.166285
0.892252,4,167881.534068
0.880942,3,167885.766296
0.923672,3,167891.391245
0.811868,3,167895.660657
0.877812,4,167898.405647
0.865346,4,167903.159008
0.907521,3,167908.426997
0.336315,3,167935.2514
0.796656,3,167942.953212
0.930408,3,167946.089097
0.80623,4,167948.942624
0.887023,4,167955.746717
0.747074,3,167961.935
0.879474,3,167965.271046
0.692414,5,167979.008566
0.881833,4,167985.3794
0.831226,3,167989.574816
0.985872,3,167993.748057
0.777179,4,168002.364582
0.0,4,168110.090447
0.912567,5,168110.223374
0.990233,3,168112.253416
0.943712,3,168114.804715
0.756705,4,168123.574767
0.0,3,168210.142346
0.278519,4,168219.929234
0.0,2,168280.286973
0.0,2,168341.549914
0.707826,3,168350.139529
0.747074,3,168356.392045
0.451311,6,168356.800232
0.840928,3,168360.840419
0.927353,4,168366.879106
0.905497,3,168370.045036
0.987559,3,168370.111274
0.909837,3,168375.646607
0.964161,3,168378.325289
0.86705,3,168381.881671
0.960524,3,168384.374212
0.959119,3,168386.830276
0.932693,5,168390.258108
0.451311,5,168390.62813
0.759767,4,168399.648291
0.674963,4,168406.919038
0.871284,3,168410.440459
0.934518,4,168415.780984
0.871191,4,168424.192486
0.879474,3,168427.533603
0.885702,4,168430.29001
0.901664,3,168430.369905
0.703409,4,168430.478246
0.793413,4,168433.781696
0.442487,4,168452.308437
0.343402,3,168474.630273
0.785732,4,168483.269253
0.949492,3,168487.834091
0.779606,50,168880.67204
0.0,5,168941.86877
0.817616,3,168949.171834
0.879474,3,168952.514087
0.507974,4,168952.72206
0.919575,3,168955.722201
0.7413,3,168961.435163
0.73117,4,168961.566713
0.908499,3,168965.30195
0.984762,3,168969.537673
0.0,4,169076.514837
0.858827,3,169080.145716
0.608904,3,169087.07974
0.91034,3,169090.539557
0.0,12,169106.089773
0.912435,3,169150.105831
0.919575,3,169153.383826
0.516838,4,169169.158476
0.960524,3,169171.6381
0.9755,3,169174.130331
0.927485,3,169177.387102
0.880935,3,169181.685232
0.509174,4,169197.088999
0.864588,3,169200.976763
0.907012,4,169201.0788
0.879131,4,169205.600133
0.92261,3,169210.830154
0.829884,4,169218.690078
0.241764,14,169248.040822
0.998849,3,169249.940133
0.91034,3,169253.432126
0.831522,3,169257.275513
0.955042,4,169259.821388
0.840928,3,169263.800133
0.787139,3,169268.747695
0.345818,29,169272.027788
0.879125,4,169278.763766
0.781638,3,169284.825476
0.876206,6,169291.512346
0.953883,3,169294.175867
0.220849,5,169314.955225
0.902333,5,169322.480582
0.964298,3,169325.022429
0.882378,4,169327.780351
0.0,2,169388.142507
0.829774,4,169395.994438
0.955542,3,169398.39597
0.990233,3,169400.439588
0.879474,3,169403.755899
0.513869,3,169415.83754
0.935672,3,169418.676617
0.895178,4,169425.286808
0.708347,5,169441.4904
0.89361,3,169444.138206
0.92261,3,169449.508972
0.885789,3,169453.456638
0.930408,3,169456.388453
0.995011,3,169456.45614
0.876045,4,169460.950094
0.336315,3,169487.348403
0.0,2,169548.245358
0.998849,3,169550.194389
0.840928,3,169554.248846
0.909837,3,169559.896214
0.889034,4,169562.795071
0.990795,3,169565.030982
0.197335,6,169585.824274
0.0,4,169632.225002
0.953564,3,169632.29604
0.858827,3,169635.917428
0.987857,3,169640.239392
0.879474,3,169643.580312
0.989498,3,169645.671868
0.719198,3,169657.72603
0.983985,3,169659.865004
0.977351,3,169662.08574
0.871284,3,169665.499366
0.983068,3,169667.820757
0.934518,3,169673.15227
0.892374,3,169678.458548
0.998395,3,169682.175572
0.881833,4,169688.544547
0.930441,3,169691.808146
0.960524,3,169694.266672
0.356196,5,169712.368424
0.446848,5,169712.531781
0.949702,3,169712.599792
0.696122,3,169718.050121
0.798481,4,169720.856826
0.944237,4,169727.66168
0.922536,4,169734.621258
0.7512,3,169741.328134
0.987857,3,169745.611782
0.960524,3,169748.079318
0.815388,4,169750.86852
0.798481,4,169753.667173
0.901664,3,169753.748378
0.604457,4,169757.914682
0.726233,3,169764.26484
0.707826,3,169772.930477
0.825955,3,169776.507
0.93584,3,169779.397328
0.87788,4,169782.107096
0.330973,6,169792.091688
0.467746,4,169797.759439
0.91034,3,169801.232327
0.944759,4,169807.688362
0.0,3,169868.691494
0.74036,4,169872.046032
0.673907,3,169877.862531
0.608904,3,169884.598752
0.709784,4,169891.333047
0.832953,3,169895.325682
0.987613,3,169897.469962
0.945459,4,169900.388914
0.905497,3,169903.538468
0.996036,3,169905.574785
0.870121,4,169912.726503
0.913241,3,169912.800564
0.836494,3,169912.879314
0.943712,3,169915.396305
0.998249,3,169919.232736
0.8645,3,169923.905115
0.874135,4,169927.505147
0.780236,5,169930.445117
0.787139,3,169935.412698
0.919492,3,169938.675042
0.998849,3,169942.623812
0.887111,4,169942.740506
0.978819,3,169947.191726
0.809935,3,169953.124908
0.889421,3,169958.789971
0.89361,3,169961.399537
0.747317,4,169967.461982
0.784465,4,169975.960768
0.879125,4,169982.740934
0.937321,3,169982.813661
0.937602,5,169986.549029
0.959987,3,169986.622256
0.949436,3,169989.204745
0.545923,4,169993.911815
0.690572,3,170002.689441
0.538379,3,170013.537801
0.0,47,170026.542672
0.77136,4,170026.639196
0.871081,5,170033.870069
0.0,4,170119.027605
0.796538,4,170122.098424
0.0,7,170229.578815
0.909837,3,170232.899343
0.855502,16,170235.727434
0.916375,3,170235.807911
0.977304,3,170238.01589
0.943712,3,170240.644927
3.9e-05,7,170241.37429
0.960524,3,170243.880654
0.784426,4,170244.009102
0.832953,3,170248.121919
0.929032,3,170251.15447
0.944237,4,170258.016145
0.840928,3,170262.049106
0.947996,3,170264.587165
0.939265,4,170268.271209
0.810793,4,170270.982813
0.798028,4,170273.890058
0.608904,3,170280.633378
0.840928,3,170284.633711
0.935672,3,170287.665397
0.892374,3,170290.798741
0.0,5,170351.385272
0.778062,4,170360.118464
0.935672,3,170362.967789
0.218522,6,170371.00002
0.928979,4,170374.24422
0.4458,6,170374.772448
0.983068,3,170377.094136
0.879125,4,170384.015107
0.355938,5,170401.955471
0.689832,4,170415.405855
0.707826,3,170423.872189
0.0,5,170445.846066
0.792567,4,170448.950349
0.879474,3,170452.313556
0.940667,3,170455.090764
0.891022,4,170457.820955
0.819947,4,170460.634066
0.959987,3,170460.706961
0.829774,4,170468.54384
0.950829,3,170468.619919
0.987613,3,170470.776577
0.908411,5,170474.762782
0.967335,3,170477.296226
0.809099,3,170483.470624
0.91034,3,170486.844579
0.263695,22,170494.554374
0.831522,3,170498.372517
0.347243,5,170503.806554
0.0,4,170550.53976
0.91034,4,170554.033441
0.998249,3,170557.876454
0.94836,3,170560.635402
0.960524,3,170563.156024
0.907012,4,170563.259651
0.615974,10,170563.630725
0.802302,4,170569.596676
0.971474,4,170574.21026
0.801063,4,170577.122692
0.989498,3,170579.226073
0.691774,3,170588.087155
0.922959,4,170595.136499
0.960524,3,170597.616765
0.893952,4,170600.437714
0.947996,3,170602.996439
0.87322,3,170609.328925
0.746477,5,170620.888898
0.815237,4,170623.648888
0.960524,3,170626.15063
0.909837,3,170629.458514
0.858827,3,170633.093943
0.504116,3,170641.852087
0.926421,4,170647.942852
0.998249,3,170651.800539
0.690572,3,170660.687043
0.731769,4,170660.791114
0.933784,4,170666.843071
0.859312,4,170671.620853
0.755505,4,170675.277179
0.864588,3,170679.158362
0.940667,3,170681.940297
0.879174,4,170688.676072
0.961948,4,170694.419168
0.792699,4,170701.188988
0.809099,3,170707.409846
0.513453,4,170712.590752
0.792133,5,170712.836098
0.901909,5,170716.265632
0.947996,3,170718.81139
0.687659,5,170721.755315
0.755129,4,170727.329589
0.881833,4,170733.790563
0.306076,5,170759.423389
0.270265,11,170796.115673
0.941549,3,170796.19084
0.888536,3,170801.781631
0.842044,4,170809.791982
0.76713,5,170818.483665
0.983879,3,170818.551269
0.792133,5,170818.784376
0.767356,5,170818.910798
0.935672,3,170821.750042
0.507974,4,170821.964065
0.998395,3,170825.794422
0.914035,3,170828.816996
0.939955,4,170831.903507
0.0,9,170879.264201
0.470455,5,170885.010981
0.985872,3,170889.23584
0.912435,3,170894.684942
0.336315,3,170921.148536
0.747945,5,170921.289884
0.926421,3,170927.346451
0.858827,3,170930.965239
0.93584,3,170933.883934
0.931792,3,170936.28114
0.957259,4,170939.105114
0.864588,3,170943.015845
0.30577,4,170943.164778
0.888536,3,170948.753644
0.500525,4,170948.903939
0.879125,4,170955.842879
0.701423,4,170955.950356
0.0,3,171016.427941
0.939197,3,171019.400678
0.847644,3,171025.912974
0.967335,3,171028.460871
0.947464,4,171034.924764
0.0,2,171095.502117
0.909837,3,171098.845183
0.950829,3,171098.917425
0.865428,4,171103.611095
0.726233,3,171110.052238
0.325195,10,171124.860902
0.947996,3,171127.425251
0.979949,3,171131.808226
0.930408,3,171134.770987
0.998849,3,171138.694027
0.902349,3,171141.353098
0.0,8,171236.214941
0.831522,3,171239.985933
0.880935,3,171244.424577
0.323396,4,171269.895839
0.707826,3,171278.762998
0.983985,3,171283.018847
0.843151,5,171290.766913
0.865428,4,171295.461566
0.747074,3,171301.545404
0.960524,3,171304.063405
0.80816,6,171304.215004
0.879125,4,171310.994059
0.95944,3,171313.428399
0.608904,3,171320.354514
0.809099,3,171326.56492
0.909837,3,171329.877207
0.94836,3,171332.543571
0.942637,3,171335.426613
0.964161,3,171338.076863
0.0,2,171399.088465
0.998849,3,171401.072984
0.610323,4,171405.315759
0.596344,4,171433.108709
0.952918,3,171435.805171
0.0,2,171522.882684
0.944864,3,171522.964565
0.981237,4,171523.0565
0.909181,5,171529.715616
0.909837,3,171535.208713
0.343402,3,171557.23875
0.960524,3,171559.705819
0.89361,3,171562.308826
0.909837,3,171565.627932
0.838379,3,171569.409545
0.832953,3,171573.524917
0.809935,3,171579.422239
0.513453,5,171584.66956
0.977351,3,171586.901392
0.881182,4,171589.636502
0.885789,3,171593.679782
0.472581,4,171610.661048
0.914455,3,171615.949703
0.945476,4,171618.741983
0.0,7,171680.190446
0.673907,3,171686.073389
0.923281,3,171688.875888
0.8645,3,171693.890274
0.521869,3,171705.12696
0.932279,3,171705.200225
0.519005,4,171717.191998
0.9755,3,171719.663328
0.987613,3,171721.829296
0.726233,3,171728.353281
0.892374,3,171733.713695
0.978819,3,171738.075223
0.873414,5,171741.471208
0.942637,3,171744.362049
0.909837,3,171747.65371
0.452359,5,171748.013311
0.937651,3,171751.207958
0.919575,3,171754.224066
0.998395,3,171758.092543
0.781638,3,171764.094903
0.998849,3,171766.01048
0.866057,4,171768.60288
0.507974,3,171768.764534
0.950672,4,171771.712132
0.680887,3,171780.627362
0.441454,3,171795.418775
0.990233,3,171797.464289
0.977351,3,171799.675621
0.113392,3,171823.695063
0.93171,4,171826.140043
0.898166,4,171832.740184
0.943712,3,171835.426836
0.0,6,171836.008216
0.964161,3,171838.675616
0.690132,4,171842.271551
0.89361,3,171844.852392
0.736918,4,171848.423427
0.7413,3,171854.105127
0.957191,4,171856.699703
0.807208,6,171860.027322
0.0,6,171920.89876
0.356196,5,171938.716074
0.0,4,171999.140218
0.888536,3,172004.88763
0.909837,3,172008.263826
0.859312,4,172012.988962
0.737343,3,172025.08793
0.92261,3,172030.49185
0.727377,4,172039.404813
0.844369,4,172047.206409
0.795524,3,172053.19808
0.984762,3,172055.349571
0.817616,3,172062.633121
0.869036,4,172065.330364
0.967958,3,172067.610831
0.810087,4,172070.445755
0.93584,3,172073.336431
0.87322,3,172079.610769
0.907612,4,172086.635656
0.960524,3,172089.125439
0.513453,4,172094.377423
0.878722,4,172097.462531
0.996237,3,172101.57003
0.707826,3,172110.109915
0.852082,3,172113.790423
0.8645,3,172118.567882
0.880942,3,172122.787488
0.985872,3,172127.058845
0.285794,5,172148.503401
0.751081,3,172154.652158
0.849351,4,172162.017808
0.87782,4,172164.29186
0.937651,3,172167.500802
0.86705,3,172171.039152
0.936704,3,172171.112383
0.0,10,172238.782769
0.998395,3,172242.592148
0.003075,10,172285.634618
0.864588,3,172289.540689
0.981953,3,172289.604651
0.438789,5,172294.650545
0.55308,3,172302.26287
0.693524,3,172311.035779
0.809935,3,172317.272369
0.898419,3,172322.35571
0.70764,5,172322.485353
0.89,3,172325.159924
0.764466,4,172325.26932
0.0,2,172386.211194
0.930408,3,172389.140075
0.865346,4,172393.870864
0.507974,3,172394.033216
0.734651,4,172397.353173
0.0,7,172398.025412
1e-06,16,172446.531251
0.0,5,172552.895845
0.949436,3,172555.477907
0.608904,3,172562.203553
0.934365,3,172565.606751
0.858827,3,172569.216328
0.892616,4,172576.064438
0.935672,3,172578.914722
0.92261,3,172584.295496
0.979908,3,172584.362386
0.93819,3,172587.000068
0.71366,3,172595.340302
0.834159,4,172595.454684
0.967377,3,172597.735937
0.968238,3,172602.137297
0.890338,3,172604.998664
0.0,3,172665.39374
0.924351,4,172665.494263
0.852082,3,172669.210626
0.363731,7,172669.420668
0.869475,4,172673.021457
0.895659,4,172676.684723
0.912435,3,172682.118224
0.350024,12,172695.461189
0.747074,3,172701.80509
0.960524,3,172704.284525
0.98677,3,172704.34971
0.784861,4,172712.924199
0.984762,3,172715.079715
0.942355,4,172721.623627
0.780658,4,172727.289379
0.908499,3,172731.042934
0.998849,3,172734.982616
0.956979,3,172735.056788
0.955042,3,172737.550906
0.940667,3,172740.316084
0.836494,3,172740.396933
0.847644,3,172746.813711
0.567783,7,172759.10917
0.441454,3,172777.930254
0.885789,3,172781.896964
0.930408,3,172784.913134
0.998249,3,172788.792311
0.8645,3,172793.677335
0.218685,6,172824.028763
0.467659,4,172829.863069
0.793635,4,172829.988127
0.781638,3,172836.020227
0.0,8,172883.320047
0.983985,3,172887.554046
0.923672,3,172893.217954
0.876048,4,172897.780741
0.904633,3,172900.785441
0.852082,3,172904.467243
0.0,5,173005.992005
0.950672,4,173008.88765
0.914455,3,173013.78274
6.4e-05,5,173016.923822
0.956731,3,173019.594843
0.928631,3,173019.668153
0.907012,4,173019.770752
0.953883,3,173022.433658
0.92261,3,173027.729119
0.452359,6,173028.14448
0.787139,3,173033.149837
0.945268,4,173039.96258
0.85086,4,173042.603303
0.905497,3,173045.72333
0.693524,3,173054.09485
0.89,3,173056.963448
0.964298,3,173059.481043
0.952918,3,173062.164197
0.836791,4,173062.276427
0.864137,4,173065.928806
0.0,2,173126.922406
0.819153,14,173131.838377
0.879174,4,173138.730779
0.210803,13,173198.002943
0.356196,5,173216.18166
0.766845,5,173221.768192
0.998849,3,173223.680624
0.968238,3,173225.963413
0.868817,4,173226.078569
0.24862,7,173233.399112
0.708416,4,173233.50666
0.704368,4,173233.620436
0.845366,3,173237.398349
0.85777,4,173244.747636
0.977351,3,173246.986259
0.955542,3,173249.371191
0.0,2,173309.824826
0.998395,3,173313.636867
0.977304,3,173315.814452
0.300622,7,173323.189553
0.673907,3,173328.966662
0.921944,4,173714.999484
0.802302,4,173721.109142
0.817616,3,173728.766454
0.817616,3,173736.749433
0.888536,3,173742.527581
0.998849,3,173744.655245
0.0,2,173805.865393
0.905497,3,173809.052239
0.888536,3,173814.695162
0.852082,3,173818.412279
0.978543,3,173823.103601
0.58031,4,173826.878749
0.903801,4,173833.564029
0.513098,7,173838.955776
0.964161,3,173841.636755
0.923672,3,173847.201841
0.582273,4,173856.4634
0.954622,3,173859.040981
0.990233,3,173861.10202
0.964161,3,173863.810399
0.978819,3,173865.978716
0.831076,3,173869.893995
0.882217,3,173869.973128
0.60404,4,173874.355612
0.949666,3,173876.921931
0.964298,3,173881.734114
0.944689,3,173881.807439
0.905497,3,173884.972562
0.780585,4,173893.722235
0.55308,3,173901.343845
0.909837,3,173906.949664
0.792699,4,173913.615937
0.759882,4,173916.450829
0.940667,3,173919.246124
0.906997,4,173926.798966
0.458121,13,173938.389783
0.870417,4,173940.920039
0.905497,3,173943.998729
0.904633,3,173947.040141
0.939197,3,173950.066592
0.949436,3,173952.655731
0.76017,4,173955.698827
0.825388,4,173958.742719
0.968238,3,173961.03226
0.824882,3,173966.503212
0.861774,4,173969.105518
0.990233,3,173971.194866
0.858827,3,173974.805514
0.993458,4,173976.924128
0.705695,4,173983.622101
0.941245,3,173983.693841
0.950829,3,173983.766662
0.957191,3,173986.184587
0.876037,3,173989.633767
0.8645,3,173994.539378
0.923672,4,173999.783221
0.507974,3,173999.951355
0.968238,3,174002.288558
0.93026,3,174002.36297
0.566151,4,174002.483422
0.964161,3,174005.185909
0.914035,3,174008.214456
0.914455,3,174013.156451
0.925123,4,174016.304586
0.945681,6,174016.512128
0.480053,29,174044.06758
0.908585,3,174044.142257
0.927485,3,174047.425691
0.0,3,174154.658906
0.880935,3,174159.120553
0.838379,3,174163.081677
0.343402,3,174185.220622
0.707826,3,174194.064811
0.726233,3,174200.531437
0.707826,3,174209.101183
0.983985,3,174213.307594
0.908585,3,174213.387045
0.809935,3,174219.487417
0.343402,3,174242.018187
0.839994,23,174274.474393
0.876048,4,174279.078068
0.756127,8,174279.286349
0.704277,4,174289.531551
0.810899,4,174292.379872
0.943373,4,174296.124588
0.949666,3,174298.658567
0.955542,3,174301.074375
0.940667,3,174303.902644
0.343402,3,174326.307428
0.797978,4,174335.076078
0.959119,3,174337.543521
0.0,6,174447.559467
0.861774,4,174450.200248
0.901664,3,174450.280222
0.795524,3,174456.395806
0.441454,3,174470.983707
0.861754,4,174479.297468
0.879474,3,174482.622382
0.94836,3,174485.327215
0.890363,3,174488.035828
0.955542,3,174490.456558
0.55308,3,174498.311373
0.89361,3,174500.922487
0.743493,3,174505.950769
0.445876,4,174519.825122
0.825155,5,174530.737046
0.923281,3,174533.483009
0.943712,3,174536.222688
0.959987,3,174536.299908
0.40097,4,174536.458497
0.0,4,174607.441481
0.343402,3,174630.063921
0.985872,3,174634.283397
0.507974,3,174634.449808
0.86705,3,174638.011804
0.801335,4,174640.87823
0.955542,3,174643.291881
0.928339,4,174646.091159
0.945193,3,174646.161316
0.4726,5,174646.468825
0.781638,3,174652.755508
0.868817,4,174652.877627
0.879474,3,174656.190361
0.99262,3,174656.261183
0.673907,3,174662.138237
0.880935,3,174666.607578
0.452359,5,174666.959605
0.344666,5,174667.149855
0.538379,3,174678.046481
0.919575,3,174681.068572
0.810087,4,174683.943908
0.851157,4,174687.063124
0.914455,3,174691.934928
0.960524,3,174694.412711
0.767358,4,174698.000522
0.452359,5,174698.351221
0.865023,3,174698.430516
0.912435,3,174703.975977
0.884055,3,174708.421361
0.905341,3,174711.093681
0.847644,3,174717.569421
0.946887,4,174720.416495
0.89361,3,174723.041171
0.905497,3,174726.19814
0.960524,3,174728.685552
0.880942,3,174733.002128
0.787139,3,174737.993309
0.287058,3,174758.42289
0.858827,3,174762.039014
0.989498,3,174764.129369
0.839618,4,174771.527343
0.864588,3,174775.405103
0.828068,4,174783.270293
0.89,3,174785.967304
0.450206,8,174786.438508
0.960524,3,174788.966487
0.825955,3,174792.55392
0.513869,3,174804.674584
0.808242,4,174812.93246
0.884544,4,174815.646508
0.0,6,174862.501237
0.356196,5,174880.654071
0.93584,3,174886.12071
0.909837,3,174891.763422
0.790035,4,174900.238552
0.0,7,175033.65697
0.451311,5,175034.040381
0.944653,5,175040.770538
0.0,5,175101.934855
0.273198,4,175124.052942
0.747074,3,175130.320822
0.882371,3,175134.633364
0.691876,4,175147.734096
0.392488,14,175171.471859
0.831226,3,175175.435407
0.968238,3,175177.724539
0.858827,3,175181.371999
0.892616,4,175188.061158
0.665279,4,175199.621818
0.959119,3,175202.071261
0.880935,3,175206.516284
0.907242,5,175206.645331
0.0,2,175267.217276
0.909584,4,175269.647728
0.781475,5,175282.086976
0.691774,3,175290.706917
0.812555,4,175293.741322
0.554174,4,175305.343182
0.960524,3,175307.896333
0.31696,5,175327.751792
0.346237,10,175333.557301
0.923672,3,175339.009956
0.281926,6,175365.394786
0.945088,4,175371.541454
0.809099,3,175377.850226
0.726233,3,175384.249684
0.884055,3,175388.683487
0.80726,4,175394.141363
0.809099,3,175400.63194
0.977481,3,175402.873614
0.996036,3,175406.838037
0.905497,3,175410.002837
0.726233,3,175416.416533
0.789843,6,175425.316536
0.998849,3,175427.236164
0.708068,7,175436.828944
0.336315,3,175463.55653
0.807937,4,175471.579806
0.595714,3,175482.483125
0.909837,3,175488.077277
0.64192,4,175506.45327
0.608904,3,175513.244696
0.926421,3,175519.368974
0.809099,3,175525.597759
0.928979,4,175528.843694
0.876048,4,175533.377294
0.781638,3,175539.658187
0.987857,3,175543.875512
0.728609,5,175554.17549
0.909837,3,175559.659144
0.923672,3,175565.152085
0.0,2,175625.523056
0.308697,5,175651.338952
0.93584,3,175656.76187
0.0,6,175703.732613
0.943099,3,175706.557994
0.94836,3,175709.31814
0.832953,3,175713.423794
0.876048,4,175717.971616
0.692298,4,175718.082944
0.919575,3,175721.12943
0.998395,3,175724.941386
0.887276,4,175729.442407
0.739274,6,175733.04967
0.965719,4,175738.671077
0.748159,4,175745.28487
0.504116,3,175754.08857
0.978819,3,175756.306745
0.929938,7,175759.81618
0.957191,3,175762.228617
0.940867,4,175768.222067
0.239878,4,175775.37969
0.452359,5,175775.720957
0.91034,3,175779.210635
0.93584,3,175782.16778
0.452359,7,175782.555568
0.909837,3,175788.166674
0.603593,3,175797.180558
0.898419,3,175802.226063
0.943099,3,175805.056738
0.884629,4,175807.987232
0.776627,4,175813.628007
0.735158,4,175817.254308
0.998849,3,175819.182298
0.921681,3,175819.252414
0.946887,4,175822.104678
0.341995,6,175838.595416
0.882313,5,175846.111296
0.836494,3,175846.189769
0.902125,4,175852.505414
0.809099,3,175858.812275
0.923672,3,175864.297089
0.929032,3,175867.353402
0.939197,4,175870.368826
0.942066,4,175873.233578
0.442487,4,175892.247368
0.857143,4,175894.854234
0.858827,3,175898.562336
0.541249,4,175933.898333
0.452944,6,175952.652555
0.641861,4,175971.294518
0.553463,3,175982.730607
0.955542,3,175985.159322
0.984762,3,175987.34636
0.55308,3,175995.087429
0.796264,10,175995.337737
0.998249,3,175999.246595
0.839917,8,176008.360213
0.834753,12,176013.596822
0.955542,3,176016.009711
0.876048,4,176020.546567
0.909837,3,176023.876165
0.346348,18,176024.453048
0.960524,3,176026.941872
0.956731,3,176029.625642
0.0,5,176076.20693
0.887775,3,176083.097211
0.998974,3,176083.159764
0.792133,5,176083.404215
0.967335,3,176085.958927
0.834615,4,176086.073361
0.838379,3,176089.907168
0.92261,3,176095.242748
0.998249,3,176099.038211
0.769484,4,176099.152407
0.747074,3,176105.383871
0.935767,3,176105.456083
0.845366,3,176109.25037
0.966034,3,176111.61037
0.475364,4,176117.431926
0.818224,29,176118.096659
0.987613,3,176120.295386
0.29667,6,176136.025641
0.903801,4,176142.675689
0.955542,3,176145.11144
0.857142,4,176149.562607
0.756079,4,176149.701397
0.964161,3,176152.39778
0.932693,4,176155.846321
0.792498,4,176155.955642
0.87322,3,176162.281279
0.507974,3,176162.450018
0.926391,4,176168.952267
0.920057,7,176169.124375
0.967335,3,176171.674523
0.961948,4,176177.370324
0.356196,5,176195.59133
0.794587,4,176198.514245
0.4458,6,176199.042492
0.845366,3,176202.827832
0.984762,3,176207.077643
0.513453,4,176212.301523
0.964298,3,176214.871006
0.93584,3,176220.30869
0.956731,3,176223.016583
0.847644,3,176229.464001
0.909837,3,176232.788326
0.953778,3,176235.397369
0.701166,3,176243.584245
0.880935,3,176248.03371
0.905497,3,176251.184485
0.656006,4,176271.802903
0.995011,3,176271.872931
0.894885,3,176274.843836
0.781274,4,176274.977272
0.89361,3,176277.589555
0.546321,4,176282.306511
0.935672,3,176285.189229
0.817243,3,176292.445404
0.879474,3,176295.738752
0.441454,12,176322.943583
0.787139,3,176327.877506
0.887276,4,176332.368367
0.943544,3,176335.00863
0.343402,3,176357.280119
0.953778,3,176359.83633
0.67429,4,176363.60627
0.930408,3,176366.560398
0.998849,3,176368.519851
0.336315,3,176395.288994
0.673907,3,176401.114039
0.945268,4,176408.095905
0.885789,3,176412.06822
0.927805,3,176415.562644
0.858827,3,176419.188521
0.942637,3,176422.154642
0.8645,3,176427.22691
0.984762,3,176429.415006
0.703761,4,176439.638587
0.94836,3,176442.389831
0.939535,3,176447.120371
0.503765,4,176451.40866
0.94836,3,176454.135546
0.935672,3,176457.002697
0.978819,3,176459.206484
0.89361,3,176461.852249
0.907521,3,176467.164825
0.998849,3,176471.015121
0.836923,4,176478.926872
0.946603,3,176481.56659
0.751081,3,176487.836589
0.906302,4,176495.162483
0.0,23,176557.80148
0.852082,3,176561.541262
0.748799,3,176568.532317
0.827108,4,176571.433761
0.876037,3,176574.840955
0.7413,3,176580.475876
0.55308,3,176588.228457
0.985872,3,176592.452809
0.831076,3,176596.34033
0.866658,4,176596.446219
0.940667,3,176599.246284
0.819358,6,176599.391061
0.852082,3,176602.984068
0.0,5,176663.863269
0.589854,5,176668.281651
0.928979,4,176671.547425
0.935672,3,176674.422482
0.909837,3,176677.755686
0.850104,4,176680.369513
0.0,3,176740.707452
0.982437,3,176740.784185
0.980689,4,176743.039381
0.949702,3,176743.109429
0.673907,3,176749.15645
0.84119,4,176749.25604
0.91034,3,176752.752212
0.909837,3,176758.327064
0.942637,3,176761.275997
0.765612,4,176764.250064
0.735624,4,176767.874898
0.0,5,176777.909179
0.985872,3,176782.141073
0.852082,3,176785.89181
0.933591,3,176785.965419
0.987613,3,176790.160724
0.846703,4,176792.820723
0.990233,3,176794.878951
0.908718,4,176802.152711
0.890384,4,176804.940145
0.654488,4,176825.736684
0.919575,3,176828.75183
0.80443,4,176834.744275
0.934365,3,176838.107244
0.838379,3,176841.759198
0.864588,3,176845.558146
0.907012,5,176845.68315
0.926421,3,176851.663803
0.903801,4,176858.419473
0.977304,3,176860.608269
0.809099,3,176866.81013
0.343402,5,176888.866141
0.770654,59,176896.10285
0.861774,4,176898.685537
0.9755,3,176901.172856
0.317222,4,176921.174968
0.858827,3,176925.001791
0.0,5,176971.624299
0.873423,3,176978.15007
0.777179,4,176986.662058
0.452359,5,176987.010899
0.934518,3,176992.314913
0.977304,3,176994.544056
0.947847,3,176994.615465
0.871107,4,177001.958652
0.898565,6,177009.839037
0.0,2,177070.200505
0.987657,3,177070.275866
0.962919,3,177070.34832
0.763436,4,177073.587224
0.785233,5,177076.925895
0.691774,3,177085.594511
0.949436,3,177088.178886
0.955542,3,177090.581104
0.852082,3,177094.29116
0.977776,3,177096.615922
0.955042,3,177099.111137
0.998849,3,177103.232883
0.852082,3,177106.872018
0.843377,3,177106.970557
0.974108,3,177109.545296
0.955042,3,177112.041221
0.591623,6,177125.229468
0.983068,3,177127.574243
0.787139,3,177132.563003
0.748799,3,177139.524213
0.781274,4,177139.653899
0.9413,4,177142.089359
0.89,3,177144.955858
0.960524,3,177147.446728
0.898419,3,177152.561599
0.665279,4,177164.287894
0.933386,4,177170.498558
0.852082,3,177174.185319
0.452944,8,177193.073445
0.987613,3,177195.261877
0.967335,3,177197.817335
0.960524,3,177200.335101
0.8645,3,177205.112817
0.481763,4,177221.230966
0.545923,4,177225.987309
0.845366,3,177229.765202
0.894448,3,177235.248116
0.891515,7,177238.549705
0.746346,3,177246.622494
0.781475,4,177254.944934
0.880935,3,177259.331249
0.0,1,177319.86273
0.953778,3,177322.426549
0.968238,3,177324.710442
0.880935,3,177329.145028
0.866343,4,177332.022805
0.641295,6,177332.204764
0.917851,3,177332.280542
0.831226,3,177336.179473
0.787139,3,177341.169331
0.89361,3,177343.769327
0.845298,4,177351.308469
0.964161,3,177353.957711
0.809935,3,177360.199768
0.355938,6,177378.365109
0.603593,3,177384.537694
0.479293,7,177389.779644
0.983985,3,177394.025096
0.909837,3,177397.344956
0.923672,3,177402.678479
0.871284,3,177406.139493
0.94836,3,177408.829592
0.872642,4,177411.608108
0.846703,4,177414.287941
0.0,6,177522.958064
0.637926,4,177526.274
0.0,7,177572.884477
0.840928,3,177576.904508
0.4458,5,177577.43509
0.0,2,177638.248229
0.880942,3,177642.531542
0.985872,3,177644.627547
0.960524,3,177647.100388
0.71366,3,177655.482339
0.927473,3,177655.559087
0.889421,3,177661.399615
0.990793,3,177663.511206
0.914914,4,177666.104248
0.983985,3,177668.264246
0.312456,5,178055.872101
0.860023,3,178062.261688
0.923364,3,178065.021076
0.939197,3,178068.039371
0.689832,4,178081.156554
0.998849,3,178083.106869
0.977776,3,178085.47687
0.306662,4,178085.61912
0.955042,3,178088.134781
0.927485,3,178091.412048
0.983625,3,178091.480919
0.998395,3,178095.353807
0.513869,3,178107.238746
0.0,2,178167.603479
0.967958,3,178169.913631
0.932693,4,178173.582635
0.55308,5,178181.494928
0.873423,3,178187.961416
0.955042,3,178190.542681
0.74198,4,178196.184368
0.898419,3,178201.157972
0.452359,5,178201.499417
0.967958,3,178203.826666
0.876037,3,178207.226814
0.807258,4,178211.982382
0.862888,5,178214.538179
0.831226,3,178218.745016
0.861404,4,178221.473103
0.831522,3,178225.37308
0.665279,4,178236.981116
0.781638,4,178242.986085
0.898529,4,178250.937761
0.831076,3,178254.822224
0.578368,6,178254.995102
0.832953,3,178259.162459
0.693524,3,178267.719498
0.611215,4,178268.073948
0.960524,3,178270.58912
0.914035,3,178273.601974
0.910649,3,178273.684089
0.907521,3,178279.003948
6.8e-05,6,178281.962268
0.850903,16,178282.391773
0.787139,3,178287.419107
0.984762,3,178291.737949
0.943544,3,178294.40197
0.792133,5,178294.652026
0.946887,4,178297.447704
0.603522,5,178301.702914
0.957191,3,178304.117789
0.890336,4,178304.229435
0.762849,4,178304.363782
0.749023,4,178304.476334
0.8645,3,178309.257851
0.968238,3,178311.499315
0.841842,4,178318.938696
0.934365,3,178322.349458
0.909837,3,178325.64133
0.985872,3,178329.832344
0.311599,6,178339.854421
0.0,3,178400.539609
0.525562,5,178412.48228
0.414534,29,178425.563157
0.880935,3,178429.994908
0.996036,3,178433.950551
0.881471,4,178436.641403
0.762194,4,178445.631144
0.0,2,178551.772439
0.309473,5,178577.570873
0.55308,3,178585.168373
0.356196,6,178608.005785
0.933386,4,178612.01454
0.91034,3,178615.486076
0.93584,3,178618.500947
0.960524,3,178620.993505
0.960524,3,178623.488663
0.998249,3,178627.396831
0.738388,6,178627.550827
0.960524,3,178630.091858
0.0,1,178690.441772
0.659911,4,178711.009931
0.839303,4,178713.781486
0.907521,3,178718.916757
0.80726,4,178724.363989
0.806989,4,178733.600331
0.940667,3,178736.278728
0.0,16,178747.60782
0.529161,7,178752.058888
0.90558,4,178754.51284
0.000248,5,178755.057559
0.87788,4,178757.803805
0.33211,6,178770.294541
0.91034,3,178773.802318
0.919575,3,178776.838962
0.817243,3,178783.849306
0.947996,3,178786.391846
0.979908,3,178786.456573
0.99092,4,178788.458106
0.998395,3,178792.386298
0.345079,10,178793.258301
0.964298,3,178795.772721
0.873129,3,178795.85885
0.571617,4,178800.367777
0.828068,4,178808.028726
0.870417,4,178810.543868
0.85086,4,178813.158129
0.983985,3,178817.685169
0.93584,3,178820.598647
0.796656,3,178828.329059
0.838379,3,178832.018369
0.873423,3,178838.446289
0.695149,4,178842.198602
0.984762,3,178846.518386
0.810793,4,178849.316318
0.721655,3,178856.384942
0.445681,5,178856.914915
0.832953,3,178861.011573
0.987613,3,178863.199687
0.993475,3,178865.212961
0.879474,3,178868.524549
0.89,3,178871.211309
0.923281,3,178873.954341
0.89,3,178876.628719
0.336315,3,178903.135988
0.7413,3,178908.829292
0.805698,4,178912.405872
0.953778,3,178914.934586
0.949436,3,178917.587188
0.91034,3,178921.071198
0.987613,3,178923.253006
0.555013,4,178927.970748
0.916265,3,178928.051908
0.737668,4,178928.159521
0.840928,3,178932.403457
0.0,7,178979.477149
0.881833,4,178985.879621
0.845366,3,178989.639719
0.998249,3,178993.482124
0.0,2,179054.387213
0.956731,3,179057.093236
0.90248,4,179064.630279
0.939828,3,179069.839802
0.944689,3,179069.913501
0.298785,5,179082.411915
0.968238,3,179084.692324
0.829774,4,179092.527372
0.974108,3,179095.036776
0.445681,5,179095.558453
0.34177,8,179105.706001
0.98155,3,179105.779564
0.892252,4,179112.077448
0.71366,3,179120.39485
0.798028,9,179125.850847
0.888536,3,179131.455945
0.860782,4,179134.06356
0.332868,4,179134.206369
0.832953,3,179138.286057
0.898672,4,179145.149022
0.831522,3,179148.941621
0.736522,5,179158.430899
0.928055,4,179161.214867
0.343402,3,179183.098256
0.993706,3,179185.212287
0.966034,3,179187.528765
0.0,2,179248.746647
0.790035,4,179257.204027
0.707826,3,179265.660752
0.604457,4,179269.851416
0.956731,3,179272.564836
0.926421,3,179278.61761
0.960524,3,179281.124024
0.957191,3,179283.538232
0.991694,3,179287.661472
0.585296,11,179292.161055
0.858827,3,179295.99336
0.696583,4,179296.090132
0.956883,3,179296.164146
0.452359,5,179296.503482
0.937651,3,179299.606844
0.336315,3,179326.110048
0.521869,3,179337.396748
0.521869,3,179352.340345
0.929032,3,179355.387133
0.956883,3,179355.462852
0.859312,4,179360.146675
0.856218,4,179362.884948
0.885078,3,179365.618927
0.987857,3,179369.975978
0.0,2,179470.859818
0.91034,3,179474.381695
0.940667,3,179477.186603
0.786194,4,179480.092216
0.847431,4,179483.784075
0.998849,3,179485.747724
0.996036,3,179489.69308
0.95944,3,179492.141028
0.809935,3,179498.137221
0.269209,5,179505.386238
0.747426,4,179508.987788
0.809099,3,179515.259837
0.989498,3,179517.367599
0.7923,4,179520.946549
0.691774,3,179529.731694
0.953883,3,179532.404203
0.940667,3,179535.201289
0.604457,6,179539.455074
0.957191,3,179541.880845
0.89361,3,179544.501225
0.870812,4,179547.839479
0.762849,4,179547.973154
0.934518,3,179553.27337
0.673907,3,179559.048972
0.964161,3,179561.727689
0.956433,3,179561.801038
0.741524,4,179568.26375
0.932831,4,179574.327686
0.923672,4,179579.786574
0.389983,4,179584.895944
0.955542,3,179587.282464
0.977351,3,179591.635371
0.884055,3,179596.231539
0.880935,3,179600.648418
0.93099,3,179600.721312
0.699204,4,179610.876719
0.888536,3,179616.416184
0.955042,3,179618.932347
0.998849,3,179620.8756
0.998849,3,179622.785478
0.809935,3,179628.858428
0.995416,3,179630.854012
0.882371,3,179635.178653
0.798629,5,179638.017982
0.996036,3,179641.994142
0.748799,3,179649.249805
0.659911,4,179669.549366
0.937651,3,179672.707902
0.832953,3,179676.896537
0.693524,3,179685.324619
0.608904,3,179692.073732
0.931421,3,179692.145808
0.0,2,179753.166377
0.905497,3,179756.532197
0.914455,3,179761.405555
0.55308,4,179769.145768
0.939636,4,179771.866151
0.840928,3,179775.893534
0.943022,4,179775.99463
0.828068,4,179783.661316
0.784465,4,179792.050235
0.960514,3,179794.735162
0.998849,3,179796.681125
0.968238,3,179798.945654
0.943712,3,179801.588038
0.538379,3,179812.540133
0.840928,3,179816.579669
0.960524,3,179819.09354
0.887276,4,179823.507694
0.475841,5,179829.283612
0.34275,5,179839.054428
0.451436,7,179839.487844
0.989498,3,179841.57583
6.8e-05,10,179844.885988
0.885789,3,179848.841276
0.693524,3,179857.513417
0.998849,3,179859.432452
0.809099,3,179865.608952
0.315352,3,179887.452901
0.898166,4,179894.100684
0.92261,3,179899.415518
0.936634,4,179901.80676
0.960524,3,179904.321043
0.955542,3,179906.730124
0.817482,4,179909.476633
0.876037,3,179912.886759
0.504116,3,179921.510123
0.793995,4,179921.613519
0.909837,3,179924.934827
0.939197,3,179927.887651
0.610508,5,179944.1883
0.809099,3,179950.407236
0.952918,3,179953.077375
0.71366,3,179961.625712
0.890338,3,179964.490786
0.78776,6,179964.651445
0.0,3,180025.045849
0.579106,3,180035.727672
0.964298,3,180038.291973
0.794587,4,180041.381047
0.949492,3,180043.929639
0.205606,5,180044.129879
0.726233,3,180050.508762
0.92261,3,180055.886239
0.928708,3,180055.95991
0.780658,4,180064.725445
0.0,2,180125.752022
0.967958,3,180128.036415
0.89361,3,180130.66611
0.953883,3,180133.34631
0.955542,3,180135.789126
0.92525,4,180139.37616
0.842096,4,180142.21852
0.998849,3,180144.146542
0.873129,3,180144.229293
0.555397,4,180148.892097
0.852082,3,180152.596909
0.761178,4,180161.293611
0.960524,3,180163.771755
0.879474,3,180167.080958
0.989498,3,180169.162905
0.93584,3,180172.117234
0.691876,4,180185.119352
0.834615,4,180185.237636
0.748799,3,180192.239009
0.947591,3,180192.31542
0.0,1,180253.020924
0.705533,4,180256.683497
0.738051,4,180256.842582
0.858827,3,180260.464551
0.690572,3,180269.373198
0.933802,4,180271.588635
0.930408,3,180274.520353
0.960524,3,180276.994587
0.553463,3,180288.179303
0.441324,4,180306.758215
0.876037,3,180310.154672
0.960524,3,180312.672701
0.936502,3,180315.112424
0.898419,3,180320.185957
0.880935,3,180324.527694
0.843377,3,180324.617656
0.4231,6,180349.464913
0.953883,3,180352.153251
0.950672,5,180355.08182
0.343402,3,180377.034184
0.680887,3,180386.13903
0.344585,6,180395.859457
0.743931,9,180396.102407
0.838379,3,180402.794348
0.792133,5,180403.041333
0.949492,3,180405.578211
0.824882,3,180410.943864
0.876037,3,180414.314646
0.983776,3,180414.385902
0.968238,3,180416.656076
0.824882,3,180422.017355
0.826527,4,180424.914641
0.88931,4,180425.021218
0.81075,4,180425.121589
0.984762,3,180427.28786
0.950932,4,180430.136665
0.978819,3,180432.34071
0.931197,4,180435.55066
0.947177,7,180435.717941
0.945681,3,180435.790799
0.880935,3,180440.430238
0.89,3,180443.122234
0.0,5,180550.33773
0.831226,3,180554.307521
0.954622,3,180556.854803
0.707826,3,180565.296011
0.959119,3,180567.737334
0.880942,3,180571.995803
0.983985,3,180576.172306
0.905245,5,180584.04876
0.359355,5,180590.373649
0.43746,4,180608.803406
0.905798,3,180608.879911
0.981181,3,180611.117048
0.947073,4,180613.506914
0.998849,3,180615.742456
0.424094,9,180633.058339
0.993645,3,180634.992203
0.949436,3,180637.585671
0.831226,3,180641.512219
0.945681,4,180641.607121
0.8645,3,180646.389954
0.56857,4,180671.122352
0.86705,3,180674.633772
0.990233,3,180676.737062
0.411678,5,180693.963557
0.516284,4,180699.191965
0.69242,4,180712.248308
0.91034,3,180715.720854
0.513098,6,180721.065919
0.828305,4,180726.250196
0.947996,3,180728.787526
0.908499,3,180732.521755
0.949492,3,180735.084975
0.781638,3,180741.012793
0.990795,3,180743.251785
0.926421,3,180749.365469
0.967377,3,180751.639975
0.977351,3,180755.868693
0.93584,3,180758.993752
0.967335,3,180761.525642
0.748799,3,180768.519462
0.932514,3,180770.962948
0.89,3,180773.637715
0.0,6,180883.63333
0.782975,4,180883.768089
0.343402,3,180906.010527
0.867703,4,180909.588029
0.960524,3,180912.079845
0.809099,3,180918.329985
0.523874,4,180918.474298
0.990233,3,180920.525851
0.0,2,180981.241237
0.854759,4,180988.933112
0.876045,4,180993.493329
0.955042,3,180995.880733
0.909837,3,181001.361165
0.967377,3,181003.652239
0.996237,3,181007.721395
0.987558,3,181009.911103
0.730273,4,181013.584316
0.579106,3,181024.16287
0.898339,4,181028.486288
0.977304,3,181030.716493
0.839618,4,181038.061591
0.883869,4,181045.858756
0.793194,4,181049.453033
0.579106,3,181059.994527
0.880942,3,181064.225609
0.979949,3,181068.556107
0.978819,3,181070.740745
0.924352,4,181077.450016
0.977304,3,181079.720818
0.761648,6,181079.910214
0.974108,3,181082.42226
0.924539,3,181084.88992
0.998849,3,181086.823589
0.757889,12,181087.141
0.840751,4,181091.846395
0.950158,4,181094.258806
0.801949,4,181102.542585
0.989498,3,181104.641315
0.940667,3,181107.440536
0.909837,3,181110.756238
0.880935,3,181115.083614
0.8645,3,181119.855012
0.947464,4,181126.182678
0.871284,3,181129.643286
0.998849,3,181131.567726
0.857732,4,181134.447989
0.937841,4,181138.211067
0.977351,3,181142.502687
0.513453,4,181147.704631
0.93688,4,181153.846112
0.86705,3,181157.386413
0.908499,3,181161.108537
0.845366,3,181164.899793
0.924105,4,181167.668162
0.809935,3,181173.847182
0.992539,3,181175.822303
0.931197,4,181179.088239
0.0,2,181240.103041
0.864588,3,181244.063139
0.792133,5,181244.298617
0.919957,4,181247.582433
0.787139,3,181252.653815
0.809099,3,181258.856349
0.983985,3,181263.032594
0.693524,3,181271.515143
0.860023,3,181277.904946
0.996036,3,181279.906039
0.887775,3,181283.589909
0.93584,3,181286.668106
0.842743,4,181289.803421
0.84594,3,181298.578196
0.964298,3,181301.095391
0.909837,3,181304.374331
0.964161,3,181307.066598
0.977351,3,181311.466007
0.964298,3,181314.013863
0.998249,3,181317.868614
6.4e-05,5,181321.184231
0.885789,3,181325.212015
0.94836,3,181327.983988
0.880935,3,181332.493383
0.832479,4,181337.291538
0.33847,7,181352.079904
0.0,2,181412.44443
0.998849,3,181416.348261
0.852208,5,181423.566301
0.905497,3,181426.681501
0.879047,9,181431.269162
0.253409,5,181438.642123
0.979949,3,181442.994064
0.978819,3,181445.150403
0.0,2,181505.567181
0.441454,3,181520.415698
0.908499,3,181524.150831
0.919575,3,181527.253958
0.940667,3,181530.055732
0.959119,3,181532.506553
0.884055,3,181536.942489
0.67335,4,181537.04863
0.953883,3,181539.718323
0.817331,4,181542.501298
0.990233,3,181544.553901
0.954622,3,181547.099827
0.880935,3,181551.553568
0.964298,3,181554.11885
0.983985,3,181556.259141
0.895178,4,181562.967658
0.775369,5,181572.371671
0.964161,3,181575.029161
0.996036,3,181577.026754
0.914455,3,181581.911562
0.828068,4,181589.795267
0.926892,5,181593.929942
0.924324,3,181599.075058
0.450206,5,181599.504441
0.796025,4,181608.063072
0.885789,3,181612.047283
0.608904,3,181618.778495
0.942355,4,181625.381189
0.787139,3,181630.371464
0.836494,3,181630.452687
0.86705,3,181634.003742
0.843377,3,181634.091358
0.909837,3,181637.455653
0.512871,51,181638.997046
0.673907,3,181644.788109
0.909837,3,181650.483727
0.452359,5,181650.844568
0.8645,3,181655.793033
0.864588,3,181659.678443
0.236965,4,181666.897513
0.937651,3,181670.110241
0.956731,3,181672.840841
0.825895,4,181680.658376
0.869545,4,181683.198306
0.957191,3,181685.610067
0.92261,3,181690.849385
0.831226,3,181694.817476
0.867589,4,181702.644305
0.673907,3,181708.46535
0.840928,3,181712.693202
0.87322,3,181718.997342
0.817616,3,181726.37436
0.945476,4,181729.185721
0.865427,6,181733.859188
0.898722,4,181741.819868
0.880935,3,181746.329284
0.887276,4,181750.72914
0.792699,4,181757.325966
0.726233,3,181763.952538
0.949436,3,182163.955057
0.765612,4,182166.921911
0.516284,4,182172.19174
0.831522,3,182175.99894
0.880942,3,182180.263757
0.989498,3,182182.338709
0.845366,3,182186.170355
0.336315,3,182212.625983
0.939197,3,182215.554337
0.516284,4,182220.821587
0.929032,3,182223.859475
0.286038,4,182245.876243
0.909837,3,182249.163201
0.964298,3,182251.74052
0.890924,4,182254.480168
0.937848,4,182256.859941
0.843377,3,182256.953112
0.909837,3,182260.263679
0.653509,4,182260.402024
0.854355,4,182263.846328
0.937807,4,182270.835544
0.34349,4,182280.490551
0.916683,4,182286.626005
0.729292,4,182296.643332
0.788636,4,182304.820076
0.853604,4,182309.711722
0.873129,3,182309.817716
0.802062,6,182309.976878
0.926421,3,182316.049536
0.981021,3,182316.113951
0.796025,4,182324.464009
0.960524,3,182326.961181
0.964298,3,182329.493277
0.875374,4,182333.108837
0.9381,3,182335.731137
0.860023,3,182342.023152
0.998249,3,182345.871572
0.792364,4,182348.936818
0.436461,4,182367.229733
0.949436,3,182369.822774
0.845366,3,182373.607675
0.945459,4,182376.547839
0.871284,3,182380.015136
0.977351,3,182384.33215
0.8645,3,182389.078714
0.820647,4,182391.834446
0.764377,6,182395.542896
0.998249,3,182399.438299
0.608904,3,182406.12414
0.707826,3,182414.739545
0.576681,4,182414.986735
0.7413,3,182420.839327
0.943712,3,182423.482973
0.879474,3,182426.781255
0.680887,3,182435.60366
0.943712,3,182438.221615
0.762121,4,182438.329932
0.441454,3,182457.178829
0.930408,3,182460.134419
0.934387,4,182460.235932
0.864617,4,182460.339693
0.0,5,182522.368762
0.92261,3,182527.725833
0.953883,3,182530.391292
0.984555,3,182530.456735
0.608904,3,182537.210412
0.871284,3,182540.657954
0.960524,3,182543.197502
0.977351,3,182547.583622
0.687915,5,182558.030775
0.865346,4,182562.744083
0.933386,4,182566.875638
0.885789,3,182571.41926
0.897085,4,182578.363631
0.356196,5,182597.874848
0.765753,4,182600.95954
0.880935,3,182605.79408
0.956923,3,182608.084223
0.343402,3,182630.94313
0.93584,3,182633.885521
0.595947,3,182643.060889
0.445681,6,182643.589371
0.909837,3,182646.86063
0.569935,5,182660.220495
0.0,3,182767.338298
0.798481,4,182770.145332
0.998395,3,182773.944588
0.885789,3,182777.69833
0.835812,4,182785.393992
0.0,7,182795.39184
0.774708,4,182795.495337
0.452359,5,182795.831152
0.858827,3,182799.373232
0.924861,4,182799.472045
0.92261,3,182804.825089
0.978819,3,182807.051635
0.343402,3,182828.970735
0.840928,3,182832.959845
0.879125,4,182839.676963
0.953883,3,182842.305657
0.825955,3,182845.846991
0.802663,4,182845.948329
0.507974,3,182846.111317
0.968238,3,182848.368301
0.998249,3,182852.24063
0.967958,3,182854.520471
0.0,5,182900.980441
0.998395,3,182904.859764
0.806003,4,182904.971168
0.93584,3,182907.896974
0.770375,4,182916.391849
0.727512,4,182925.008157
0.948551,4,182927.197408
0.747074,3,182933.293205
0.945476,4,182936.079361
0.908499,3,182939.764325
0.901664,3,182939.851347
0.864588,3,182943.716067
0.894885,3,182946.684083
0.956731,3,182949.361364
0.554174,3,182961.086905
0.513869,3,182972.718897
0.798629,4,182975.664469
0.887775,3,182982.233109
0.809099,3,182988.274821
0.990233,3,182990.326123
0.987613,3,182992.456883
0.879474,3,182995.72911
0.993502,3,182995.797809
0.947464,4,183002.106699
0.86104,4,183005.577851
0.836494,3,183005.657205
0.83295,7,183013.316618
0.513869,3,183025.58738
0.956731,3,183028.281651
0.983985,3,183032.515119
0.89,3,183035.185157
0.83501,4,183037.935546
0.860023,3,183044.253665
0.809935,3,183050.124518
0.846703,4,183052.813783
0.919575,3,183055.795869
0.980435,3,183055.867287
0.91034,3,183059.300908
0.71366,3,183067.565513
0.747074,3,183073.907533
0.919575,3,183076.871898
0.937368,4,183082.861734
0.516781,5,183094.867704
0.866926,4,183097.413987
0.592385,4,183097.571396
0.92261,3,183102.847752
0.811872,4,183106.410011
0.977351,3,183110.757159
0.914455,3,183115.553078
0.933386,4,183121.700703
0.871191,5,183130.038949
0.859151,4,183134.9925
0.701166,3,183142.89134
0.642188,4,183154.291635
0.909179,6,183154.433823
0.840928,3,183158.437689
0.923672,3,183163.933645
0.967335,3,183166.458487
0.845298,4,183174.136408
0.928014,4,183181.025986
0.343402,3,183202.757288
0.69242,4,183215.641719
0.959987,3,183215.720626
0.909837,3,183218.997836
0.989498,3,183221.094064
0.355906,7,183239.225382
0.919575,3,183242.219088
0.879474,3,183245.48795
0.673907,3,183251.221454
0.467746,4,183256.98091
0.914455,3,183261.88882
0.901664,3,183261.97487
0.642188,4,183273.210327
0.876045,4,183277.661813
0.92261,3,183282.996571
0.996036,3,183284.983021
0.343402,3,183306.904163
0.757083,4,183316.635742
0.815237,4,183319.367538
0.828068,4,183327.28193
0.540869,4,183361.73708
0.952918,3,183364.458064
0.905497,3,183367.611926
0.694352,6,183382.948771
0.845366,3,183386.705619
0.809099,3,183392.784688
0.777226,4,183396.396314
0.998849,3,183400.26018
0.746701,4,183406.902993
0.955542,3,183409.267811
0.967335,3,183411.824667
0.979949,3,183416.101484
0.884055,3,183420.503976
0.879131,4,183424.863482
0.86705,3,183428.345195
0.901664,3,183428.426089
0.502289,5,183433.380665
0.788277,4,183436.13554
0.82429,5,183439.214894
0.951062,6,183444.24276
0.864137,5,183447.859722
0.881864,4,183455.451038
0.0,20,183458.384141
0.880935,3,183462.776695
0.998849,3,183466.692965
0.707826,3,183475.091678
0.933386,4,183479.0693
0.996036,3,183480.98823
0.707826,3,183489.383465
0.860023,3,183495.87182
0.909837,3,183499.152936
0.919575,4,183502.175612
0.840928,3,183506.15801
0.920862,4,183512.771009
0.932948,3,183512.844306
0.691938,5,183526.305873
0.889256,4,183526.416002
0.901664,3,183526.497542
0.907521,3,183531.671936
0.868688,22,183534.77763
0.865428,4,183539.400364
0.905497,3,183542.53009
0.92261,3,183547.814725
0.832436,4,183550.592254
0.707826,3,183559.117381
0.954622,3,183561.664311
0.966034,3,183563.962439
0.960524,3,183568.506448
0.98594,3,183568.579686
0.912567,4,183568.683531
0.909837,3,183574.301821
0.880935,3,183578.6219
0.926722,4,183584.709009
0.824882,3,183590.051177
0.905412,4,183592.431287
0.967958,3,183594.721851
0.553463,3,183606.09095
0.978819,3,183610.447835
0.942637,3,183613.325464
0.860371,4,183613.440194
0.0,2,183674.502199
0.983068,3,183676.870523
0.343402,3,183698.836545
0.845366,3,183702.477108
0.92665,3,183702.556531
0.725066,6,183714.359113
0.92261,3,183719.667307
0.8402,5,183724.503905
0.831226,3,183728.470772
0.907628,4,183734.544741
0.342158,6,183755.029307
0.930441,3,183758.351041
0.892374,3,183761.476451
0.880935,3,183765.823832
0.747074,3,183771.846206
0.339244,6,183772.038507
0.941824,4,183779.056927
0.8645,3,183783.795472
0.887295,4,183791.644576
0.943099,3,183794.33692
0.835811,4,183797.021793
0.9381,3,183799.642689
0.998249,3,183803.470685
0.987857,3,183807.78325
0.504116,5,183823.060047
0.943099,3,183825.883877
0.998849,3,183829.862926
0.810899,4,183832.68917
0.701166,3,183840.528537
0.643763,4,183859.051386
0.831226,3,183863.04876
0.791526,4,183863.153116
0.858827,3,183866.750468
0.887775,3,183873.301322
0.930408,3,183876.222172
0.00046,8,183918.622044
0.796656,3,183926.413155
0.809099,3,183932.615215
0.0,3,184038.8921
0.832953,3,184043.146218
0.929032,3,184046.139709
0.960524,3,184048.612502
0.442487,4,184066.625767
0.92261,3,184071.974955
0.8645,3,184076.898924
0.336315,3,184103.221004
0.960259,3,184103.291876
0.960524,3,184105.739783
0.968238,3,184108.012003
0.983985,3,184112.233752
0.983985,3,184116.461845
0.939965,3,184116.536473
0.467746,5,184122.285112
0.902931,4,184130.1264
0.959119,3,184132.544225
1e-06,6,184178.677442
0.935672,3,184181.525876
0.957259,5,184184.28733
0.707497,4,184187.970285
0.832953,3,184192.049562
0.930408,3,184194.975813
0.967335,3,184197.467151
0.836494,3,184197.548196
0.894448,3,184202.981973
0.896865,4,184203.092181
0.934518,4,184208.29137
0.691774,3,184217.086926
0.554174,3,184228.327157
0.0,4,184229.088146
0.887023,4,184235.949238
0.701166,3,184243.808619
0.953883,3,184246.342692
0.916375,3,184246.424937
0.966034,3,184248.723572
0.880942,3,184252.945964
0.988506,3,184255.03717
0.452359,6,184255.397555
0.916932,4,184261.338869
0.7413,3,184266.978843
0.792699,4,184273.649848
0.888536,3,184279.118804
0.954622,3,184281.678953
0.673907,3,184287.449152
0.507974,3,184287.608328
0.879047,4,184292.117867
0.908411,4,184295.989947
0.787139,3,184300.901081
0.750812,8,184310.025295
0.336315,3,184336.338749
0.820887,4,184341.574245
0.832953,3,184345.660756
0.869545,4,184348.364263
0.998849,3,184350.254351
0.707826,3,184358.618257
0.220144,6,184365.868584
0.928055,4,184368.633587
0.971474,3,184373.149149
0.747074,3,184379.331838
0.964161,3,184382.006622
0.780585,4,184390.666648
0.625738,4,184395.023806
0.985315,3,184397.159721
0.595714,3,184407.850441
0.960524,3,184410.31596
0.955542,3,184412.68555
0.880942,3,184416.910219
0.998849,3,184418.81607
0.690572,3,184427.573
0.967335,3,184430.138408
0.513869,3,184442.026465
0.707826,3,184450.431738
0.761232,4,184450.534148
0.840144,4,184455.264409
0.983985,3,184459.507176
0.744775,4,184465.026123
0.847644,3,184471.595426
0.467746,4,184477.224603
0.876037,3,184480.467854
0.758849,4,184480.574201
0.865428,4,184485.189381
0.998382,3,184485.251629
0.748799,3,184492.215044
0.964298,3,184494.751113
0.343402,3,184516.620314
0.701166,3,184524.383157
0.452944,5,184542.841806
0.978819,3,184545.01435
0.998395,3,184548.836004
0.998849,3,184550.759941
0.81133,6,184553.868804
0.75072,7,184564.668895
0.0,47,184630.162652
0.317222,4,184650.6799
0.0,64,184653.506729
4e-06,5,184654.076128
0.832953,3,184658.138637
0.452359,5,184658.481457
0.880217,3,184665.155894
0.864588,3,184669.022287
0.0,4,184739.252008
0.988186,3,184741.411892
0.625511,5,184759.93974
0.773824,4,184768.623813
0.89361,3,184771.222155
0.0,6,184878.178965
0.978819,3,184880.3416
0.0,18,184944.148708
0.92261,3,184949.488123
0.325672,9,184968.180768
0.993111,3,184968.247888
0.859312,4,184972.97283
0.91815,4,184973.071858
0.978819,3,184975.229113
0.691774,3,184983.713709
0.727377,4,184992.498743
0.923281,3,184995.226746
0.838392,4,185002.823688
0.343402,3,185024.916464
0.905497,3,185028.012614
0.954557,3,185028.081748
0.442487,4,185046.334109
0.937651,3,185049.497331
0.824882,3,185054.893124
0.845366,3,185058.65506
0.807412,4,185064.01296
0.521626,5,185064.172522
0.80474,4,185064.268906
0.383177,4,185064.394982
0.0,2,185125.588624
0.832953,3,185129.661913
0.582768,8,185129.897316
0.814625,7,185137.725693
0.761444,10,185137.985867
0.922425,4,185144.577299
0.660576,4,185155.268222
0.89361,3,185157.850348
0.892374,3,185161.023963
0.981493,3,185163.115779
0.840928,3,185167.111118
0.944237,4,185173.84055
0.998249,3,185177.707153
0.808618,4,185180.481451
0.98749,3,185182.524722
0.0,4,185183.297994
0.690572,3,185192.287315
0.860023,3,185198.621086
0.356196,5,185216.33315
0.876037,3,185219.632126
0.538379,3,185230.498297
0.937332,4,185233.574237
0.92261,3,185238.950463
0.937651,3,185242.12392
0.934518,3,185247.354232
0.89,3,185250.000828
0.998849,3,185251.91692
0.834615,4,185252.034761
0.887775,3,185258.628014
0.996036,3,185262.540179
0.920699,4,185265.938328
0.959119,3,185268.3824
0.864588,3,185272.258477
0.554174,3,185283.582927
0.93442,3,185283.654828
0.977304,3,185285.826766
0.967335,3,185288.382403
0.0,6,185349.616981
0.971474,3,185354.26212
0.55308,3,185361.864548
0.563497,4,185385.897314
0.852082,3,185389.484458
0.267894,6,185396.705111
0.949492,3,185401.348221
0.964161,3,185404.006259
0.934291,4,185410.014518
0.967377,3,185412.281348
0.60404,4,185416.781061
0.956731,3,185419.478985
0.977304,3,185421.66138
0.746346,3,185429.8452
0.336315,3,185455.996775
0.0,4,185542.665488
0.507974,3,185542.835236
0.290834,5,185553.775168
0.890336,4,185553.881491
0.0,49,185746.199465
0.777597,4,185754.670049
0.955042,3,185757.144081
0.928631,3,185757.216325
0.802302,4,185763.325181
0.910649,3,185763.409289
0.985872,3,185767.57091
0.513098,9,185772.939865
0.949436,3,185775.510478
0.983985,3,185777.733514
0.852082,3,185781.460381
0.920605,3,185781.532937
0.872516,7,185784.381503
0.852082,3,185788.079306
0.831226,3,185792.002408
0.944237,4,185798.790538
0.751081,3,185804.821136
0.780585,4,185813.422247
0.933968,3,185815.839077
0.968238,3,185818.119102
0.987613,3,185820.289943
0.935672,3,185823.119386
0.960524,3,185825.564547
0.909837,3,185831.193517
0.998849,3,185833.115232
0.92261,3,185838.434703
0.77056,4,185838.561625
0.695149,4,185842.250299
0.88736,4,185846.598412
0.604457,5,185850.801538
0.901664,3,185850.883214
0.967958,3,185853.170436
0.996036,3,185855.159482
0.882371,3,185859.448747
0.978543,3,185864.105713
0.346449,5,185878.379007
0.8645,3,185883.094902
0.690572,3,185891.87189
0.943712,3,185894.485583
0.927776,3,185894.565148
0.912435,3,185899.955266
0.996036,3,185901.949069
0.876539,4,185904.548844
0.943099,3,185907.390543
0.865425,4,185910.078016
0.379086,7,185910.308317
0.998249,4,185912.250832
0.684177,3,186295.870483
0.836494,3,186295.946837
0.94836,3,186298.641629
0.4458,5,186299.160179
0.831226,3,186303.108537
0.0,3,186363.69739
0.89361,3,186366.350242
0.905744,4,186366.451335
0.909837,3,186372.047908
0.665279,4,186383.363005
0.960524,3,186385.849206
0.944689,3,186385.928634
0.862528,4,186390.287494
0.908585,3,186390.360821
0.880935,3,186394.781961
0.882371,3,186399.285054
0.884055,3,186403.718117
0.89361,3,186406.31876
0.831226,3,186410.307876
0.911102,4,186412.731057
0.885078,3,186415.462995
0.608904,3,186422.191123
0.872296,4,186425.101248
0.998849,3,186427.024099
0.943373,4,186430.705379
0.909837,3,186434.02231
0.861774,4,186436.615354
0.978819,3,186440.960031
0.820887,4,186446.260913
0.790035,4,186454.666847
0.993126,3,186456.646796
0.984762,3,186458.70443
0.789526,4,186464.076002
0.45148,5,186464.431826
0.955042,3,186466.932269
0.905798,3,186467.007544
0.89,3,186469.660604
0.452359,5,186470.017554
0.210266,7,186478.210443
0.977351,3,186482.585131
0.80008,4,186487.96883
0.956731,3,186490.67541
0.665279,4,186502.045753
0.794734,4,186504.979233
6.4e-05,8,186509.395332
0.977304,3,186511.612507
0.475364,4,186517.493976
0.984762,3,186519.659042
0.888536,3,186525.250345
0.943712,3,186527.885327
0.701166,3,186535.629078
0.9755,3,186538.070628
0.852082,3,186541.81945
0.943544,3,186544.445589
0.888536,3,186549.997917
0.983898,3,186550.065176
0.94836,3,186552.742186
0.909837,3,186556.059545
0.937651,3,186559.24897
0.949666,3,186561.767116
0.930408,3,186564.723794
0.910649,3,186564.805167
0.516057,7,186565.134388
0.778714,6,186565.297819
0.751081,3,186571.630746
0.960524,3,186574.122623
0.352449,4,186574.272892
0.751081,3,186580.640665
0.0,2,186641.042031
0.810793,4,186643.848848
0.998249,3,186647.634147
0.727037,3,186660.185487
0.881833,9,186664.5279
0.960259,3,186664.597646
0.822963,57,186666.051883
0.876037,3,186669.446826
0.843377,3,186669.538326
0.527867,4,186681.143921
0.974108,3,186683.658774
0.343402,3,186705.810442
0.921099,3,186708.258414
0.0,2,186768.626494
0.960524,3,186771.248121
0.538379,3,186782.259618
0.998849,3,186784.075924
0.955542,3,186786.484298
0.849404,5,186793.828748
0.89,3,186796.501696
0.000804,5,186797.762705
0.977304,3,186799.951867
0.680887,3,186808.811339
0.880942,3,186813.055743
0.9381,3,186815.690373
0.967958,3,186817.963265
0.787139,3,186823.054867
0.0,5,186866.815683
0.551005,6,186870.610978
0.843377,3,186870.701233
0.955042,3,186873.198208
0.815388,4,186876.050376
0.996036,3,186878.059591
0.317936,4,186887.821457
0.991268,3,186889.863986
0.964298,3,186892.417829
0.831226,3,186896.421121
0.907521,3,186901.762066
0.0,5,186939.134734
0.923281,3,186986.167431
0.892252,5,186992.912117
0.787139,3,186998.214529
0.521869,3,187013.081701
0.787139,3,187018.252277
0.911061,5,187022.444903
0.943712,3,187025.079663
0.960514,3,187027.750816
0.84594,4,187035.821358
0.955542,3,187038.245982
0.722332,4,187044.300425
0.76713,4,187052.985409
0.618689,4,187080.451539
0.919906,3,187083.21305
0.347212,5,187083.598629
0.831076,3,187087.527526
0.892374,3,187092.848702
0.73193,4,187096.496125
0.941245,3,187096.569279
0.960524,3,187099.204829
0.852082,3,187102.92292
0.845366,3,187106.662527
0.267054,8,187106.973384
0.627308,4,187124.837183
0.0,2,187185.968832
0.853855,4,187193.518847
0.935529,4,187199.745534
0.846703,4,187202.425458
0.696122,3,187207.842098
0.973944,3,187210.265001
0.814395,5,187210.385334
0.845366,3,187214.154879
0.701166,3,187222.385171
0.996036,3,187224.416487
0.967958,3,187226.703064
0.8645,3,187231.512524
0.781638,3,187237.466779
0.898419,3,187242.517988
0.871352,4,187247.307297
0.953883,3,187249.971597
0.452359,5,187250.318335
0.831076,3,187254.177263
0.768442,6,187254.332907
0.513869,3,187266.139096
0.747074,3,187272.191951
0.858827,3,187275.821291
0.939535,3,187280.555466
0.802134,4,187289.801733
0.939197,3,187292.767026
0.960524,3,187295.244538
0.972396,4,187295.334836
0.942637,3,187298.249258
0.74036,4,187301.550679
0.817391,4,187306.816458
0.441454,3,187321.64417
0.956731,3,187324.35202
0.533629,5,187335.585771
0.849947,4,187338.229956
0.338994,12,187338.632993
0.928135,3,187343.897693
0.909837,3,187347.180947
0.739849,4,187350.522688
0.627364,4,187369.046862
0.964161,3,187371.730641
0.943099,3,187374.539222
0.990233,3,187376.591802
0.949436,3,187379.261294
0.0,1,187439.659063
0.0,4,187507.452045
0.874256,4,187512.078997
0.907521,3,187517.372169
0.942637,3,187520.312824
0.673907,3,187526.128661
0.356196,5,187543.949589
0.885078,3,187546.688169
0.843151,5,187554.380606
0.942637,3,187557.278586
0.956731,3,187559.99139
0.813332,4,187568.092272
0.691774,3,187576.704906
0.959987,3,187576.779893
0.929032,3,187579.81708
0.608904,3,187586.469889
0.945681,6,187586.61426
0.840928,3,187590.633566
0.299095,9,187597.077328
0.913425,3,187600.107332
0.71366,3,187608.484288
0.894247,4,187611.940937
0.93584,3,187614.864553
0.725968,3,187622.737642
0.35855,7,187641.806941
0.89311,4,187645.10301
0.987613,3,187647.282912
0.996603,3,187649.252792
0.977304,3,187651.444749
0.789179,3,187659.83765
0.857143,4,187662.408241
0.947117,3,187664.805042
0.0,4,187711.651612
0.99677,3,187713.69593
0.507974,3,187713.853237
0.73063,5,187720.776523
0.942637,3,187723.688863
0.934365,3,187727.124715
0.536947,12,187727.461493
0.701166,3,187735.455741
0.966034,3,187737.786085
0.864588,3,187741.676135
0.9381,3,187744.32694
0.452359,5,187744.666843
0.0,5,187791.156016
0.956731,3,187793.854377
0.843377,3,187793.948439
0.788938,14,187794.305392
0.947996,3,187796.891079
0.0,6,187920.729321
0.969762,4,187926.317122
0.884055,3,187930.748512
0.513869,3,187942.658267
0.988725,3,187942.7235
0.954622,3,187945.299102
0.89,3,187947.961326
0.987613,3,187950.135506
0.620275,5,187976.857768
0.928631,4,187976.948774
0.356196,8,187996.487516
0.432623,4,188014.323282
0.953979,3,188016.725079
0.811868,3,188020.953381
0.960524,3,188023.402199
0.855467,4,188030.59359
0.735158,4,188033.900618
0.998849,3,188037.881556
0.948449,4,188041.460987
0.707826,3,188050.180352
0.343402,3,188072.335378
0.852082,5,188080.997377
0.846624,4,188081.133262
0.955542,3,188083.551434
0.764265,7,188087.128951
0.0,6,188171.777791
0.996036,3,188173.818735
0.998849,3,188175.747385
0.0,2,188236.712953
0.840596,4,188236.843834
0.987613,3,188239.020915
0.673907,3,188244.804415
0.845366,3,188248.789035
0.336315,3,188275.384262
0.881833,4,188281.806815
0.927485,3,188285.032496
0.831076,3,188288.943376
0.580516,4,188302.435171
0.935672,3,188305.287036
0.934365,3,188308.65974
0.966034,3,188310.977013
0.906584,4,188313.360959
0.780751,6,188317.043417
0.76713,4,188325.857626
0.986427,3,188328.016563
1e-06,5,188374.684346
0.555622,5,188389.189502
0.690572,3,188398.052628
0.880935,3,188402.475373
0.983068,3,188404.806872
0.847644,3,188411.163383
0.832953,3,188415.610548
0.0,2,188476.631322
0.781638,3,188482.910599
0.398009,10,188495.231832
0.880942,3,188499.503564
0.343402,3,188521.656555
0.55308,3,188529.313206
0.941245,3,188529.38761
0.802756,6,188542.756009
0.908499,3,188546.484156
0.871927,5,188550.823554
0.710672,3,188557.815683
0.343402,3,188579.941239
0.971474,3,188584.551439
0.914035,3,188587.560078
0.919575,3,188590.582546
0.834159,4,188590.695861
0.347212,5,188591.093953
0.345079,8,188591.853734
0.724248,4,188595.563976
0.903801,4,188602.122996
0.937957,5,188608.221115
0.328785,42,188686.855507
0.924324,3,188692.003339
0.879474,3,188695.302136
0.579106,3,188706.158402
0.0,3,188779.907542
0.959987,3,188779.992436
0.777597,4,188788.532694
0.990314,3,188790.512568
0.9755,3,188793.047514
0.943712,3,188795.680809
0.0,3,188856.524391
0.747074,3,188862.709546
0.987857,3,188867.009994
0.943519,3,188867.08563
0.908499,3,188870.833381
0.798629,4,188873.618757
0.929032,3,188876.68583
0.943723,3,188876.760678
0.343402,3,188898.834342
0.888536,3,188904.480299
0.278823,7,188929.378404
0.980862,3,188929.445371
0.990233,3,188931.521764
0.513869,3,188943.552507
0.469806,4,188949.264003
0.940667,3,188952.035778
0.871515,4,188956.637388
0.879474,3,188959.973984
0.978819,3,188962.16764
0.0,7,189023.435459
0.916375,3,189023.525331
0.356196,5,189041.517645
0.842251,4,189044.129586
0.777597,4,189052.631266
0.88867,3,189055.359161
0.809935,3,189061.44554
0.734122,4,189061.567889
0.966034,3,189063.905278
0.864588,3,189067.829269
0.9755,3,189070.300814
0.343402,3,189092.423705
0.858827,3,189096.025371
0.978543,3,189100.774529
0.0,5,189118.887011
0.960524,3,189137.551648
0.967335,3,189140.286217
0.909837,3,189145.960952
0.847644,3,189152.348649
0.932834,3,189152.426553
0.956731,3,189155.119032
0.862549,5,189157.817538
0.980862,3,189157.88257
0.89361,3,189160.522426
0.383432,19,189184.713747
0.909837,3,189190.225293
0.832953,3,189194.39879
0.0,2,189255.31767
0.356196,5,189273.38888
0.917851,3,189273.462658
0.407982,5,189279.056937
0.905798,3,189279.131802
0.0,13,189340.89455
0.343402,3,189363.089831
0.947996,3,189365.640288
0.983985,3,189369.845807
0.977351,3,189374.226745
0.993751,3,189376.166692
0.953883,3,189378.821844
0.926722,4,189384.953387
0.955042,3,189387.461744
0.690119,5,189400.846654
0.0,2,189461.207211
0.85086,4,189463.870598
0.343402,3,189486.063409
0.861774,4,189488.615718
0.618689,4,189515.36082
0.998849,3,189517.261862
0.727037,3,189529.904976
0.889421,4,189535.512915
0.88736,5,189539.941712
0.960524,3,189542.4413
0.0,5,189662.582922
0.998849,3,189664.517872
0.787139,3,189669.537698
0.737343,4,189681.675162
0.905497,3,189684.789173
0.945476,4,189687.605326
0.521869,3,189698.869123
0.945681,4,189698.966728
0.825236,4,189701.787133
0.960259,3,189701.857105
0.943434,3,189701.932748
0.864588,3,189705.826285
0.807412,4,189711.238493
0.876037,3,189714.653203
0.786048,4,189717.599173
0.988849,3,189719.578314
0.892238,3,189723.043738
0.695149,4,189726.782369
0.747074,3,189733.129733
0.943202,4,189738.996766
0.996036,3,189740.999692
0.957191,3,189743.414412
0.809935,3,189749.475971
0.9381,3,189752.126925
0.960524,3,189754.603391
0.60404,4,189758.836879
0.901664,3,189758.917334
0.880942,3,189763.127362
0.990233,3,189765.197928
0.934518,3,189770.487048
0.964298,3,189773.012356
0.89,4,189775.693229
0.0,64,189778.552544
0.818466,4,189781.332602
0.977351,3,189783.576261
0.642188,4,189795.276534
0.89361,3,189797.92556
0.781638,3,189803.971132
0.92261,3,189809.359819
0.940667,3,189812.161428
0.803943,4,189815.033489
0.960524,3,189817.51911
0.987613,3,189819.703096
0.935672,3,189822.576165
0.998849,3,189824.485918
0.84594,3,189833.099087
0.944091,5,189839.361163
0.977304,3,189841.572063
0.959987,3,189841.642637
0.978543,3,189846.315797
0.827808,4,189848.949135
0.0,7,189909.669083
0.347841,5,189919.441929
0.267304,4,189919.592365
0.919575,3,189922.606533
0.831522,3,189926.408214
0.323317,13,189935.795549
0.942637,3,189938.705841
0.967335,3,189941.313799
0.909837,3,189946.888746
0.554174,3,189958.36375
0.943202,4,189964.266428
0.890098,4,189967.66526
0.882371,3,189972.009666
0.955542,3,189974.418783
0.977304,3,189976.635992
0.984762,3,189978.800074
0.935672,3,189981.661093
0.451436,6,189986.067113
0.923672,3,189991.609724
0.840928,3,189995.704465
0.950672,4,189998.570348
0.859312,4,190003.258187
0.892374,3,190008.580321
0.916265,3,190008.66357
0.892616,4,190015.515913
0.697203,4,190025.741747
0.762717,7,190043.031179
0.959119,3,190045.468825
0.0,2,190106.022593
0.809935,3,190111.961217
0.756607,4,190112.076061
0.809935,3,190118.157223
0.0,2,190205.008788
0.960259,4,190205.109029
0.673824,4,190208.901386
0.938646,5,190215.259753
0.831226,3,190219.504507
0.876338,4,190227.450013
0.929938,4,190230.861755
0.937651,3,190233.918498
0.991113,3,190233.983667
0.920605,3,190234.054435
0.0,2,190295.093075
0.998849,3,190297.035708
0.987613,3,190299.201786
0.879474,3,190302.54403
0.92261,3,190307.830019
0.749959,4,190307.937349
0.727512,4,190316.855483
0.0,2,190377.215166
0.781638,3,190383.255705
0.895178,4,190389.915645
0.700941,4,190398.794506
0.798629,4,190401.590631
0.797956,4,190410.802512
0.861934,4,190413.380724
0.852082,3,190417.089892
0.879474,3,190420.380974
0.905497,3,190423.519939
0.707826,3,190431.984391
0.866534,4,190438.949287
0.641861,5,190457.565309
0.356406,9,190457.86608
0.579106,3,190468.469055
0.925345,5,190470.956319
0.823549,4,190474.362181
0.998395,3,190478.197541
0.921129,3,190478.270185
0.0,3,190538.861604
0.919575,3,190541.877021
0.536034,6,190552.9774
0.787139,3,190557.919852
0.960524,3,190560.406888
0.0,45,190712.980874
0.996036,3,190716.917653
0.0,4,191166.343903
0.667788,3,191177.243023
0.442487,4,191195.510799
0.933018,4,191198.273861
0.960524,3,191200.773348
0.748799,3,191207.963645
0.871284,3,191211.410078
0.898419,3,191216.467856
0.91034,3,191219.955303
0.879474,3,191223.231872
0.830963,4,191227.912435
0.838379,3,191231.663007
0.356196,5,191249.593253
0.703868,4,191249.70011
0.914035,3,191252.68986
0.0,7,191298.681792
0.451311,5,191299.058698
0.943544,3,191301.688468
0.836494,3,191301.769166
0.94836,3,191304.49796
0.937651,3,191307.663707
0.810087,4,191310.527417
0.880942,3,191314.757389
0.909837,3,191320.136789
0.786048,4,191323.031055
0.998849,3,191324.948592
0.857059,6,191329.631343
0.451695,6,191333.779234
0.998849,3,191335.707653
0.840928,3,191339.877949
0.978819,3,191342.040359
0.725218,4,191350.344737
0.989713,3,191352.361895
0.880942,3,191356.614284
0.781638,4,191362.555146
0.0,7,191407.169919
0.885789,3,191411.137303
0.954622,3,191413.703748
0.781638,3,191420.00017
0.8971,4,191422.843554
0.310133,4,191432.57743
0.714085,4,191432.716834
0.834166,4,191432.835198
0.889933,4,191432.932676
0.955042,3,191435.425206
0.869545,4,191437.97036
0.943022,4,191438.075781
0.960524,3,191440.569593
0.977304,3,191442.764924
0.704591,5,191451.229042
0.960524,3,191453.724692
0.743493,3,191458.908811
0.877452,4,191459.017341
0.909837,3,191464.560498
0.960524,3,191467.033928
0.283218,17,191474.742897
0.735158,4,191478.061233
0.467746,4,191483.764477
0.707826,3,191492.133322
0.955042,3,191494.614831
0.336315,3,191521.133444
0.935672,3,191523.964559
0.945268,4,191530.840844
0.569156,5,191535.203147
0.945476,4,191537.95811
0.343402,3,191559.751374
0.585041,4,191573.299118
0.253582,5,191582.986989
0.553463,3,191594.479129
0.904127,4,191596.836246
0.955042,3,191599.33797
0.923672,3,191604.670458
0.347212,5,191605.055094
0.0,5,191613.232989
0.820132,6,191613.395837
0.960524,3,191615.904097
0.93584,3,191621.401594
0.91034,4,191624.921561
0.949666,3,191627.449485
0.0,2,191688.436705
0.998395,3,191692.240884
0.939197,3,191695.256306
0.860023,3,191701.972901
0.544283,4,191714.176568
0.908499,3,191718.011656
0.859245,5,191718.168861
0.87802,4,191720.53437
0.834615,5,191720.696675
0.934365,3,191724.058344
0.937329,3,191726.550967
0.605855,4,191731.032847
0.953778,3,191733.56891
0.928012,4,191736.807243
0.89361,3,191739.565238
0.960524,3,191742.241815
0.960524,3,191744.830257
0.343402,3,191767.56788
0.983985,3,191771.82026
0.985872,3,191776.099171
0.987613,3,191778.283077
0.859151,4,191783.098054
0.936929,3,191783.163911
0.343402,3,191805.241513
0.998849,3,191809.186577
0.865428,4,191814.110504
0.426328,4,191831.93193
0.754176,5,191835.472658
0.952918,3,191838.13395
0.801444,4,191840.932494
0.998395,3,191844.691508
0.693524,3,191853.316865
0.853412,7,191857.013144
0.93584,3,191859.916075
0.919906,3,191862.623791
0.964161,3,191865.320806
0.880942,3,191869.538296
0.941245,3,191869.613055
0.92472,4,191869.716318
0.0,2,191956.687931
0.8645,3,191961.461067
0.949436,3,191964.03851
0.751081,3,191970.184429
0.0,5,192017.144327
0.507974,3,192017.33034
0.909837,3,192022.946835
0.943712,3,192025.569267
0.974108,3,192028.094944
0.9397,3,192028.166943
0.864588,3,192032.017913
0.69242,4,192045.026378
0.849542,4,192045.138508
0.227326,5,192067.143383
0.925442,4,192067.246093
0.0,3,192173.577936
0.942637,3,192176.477899
0.882217,3,192176.559873
0.94836,3,192179.257708
0.937135,4,192181.664947
0.608904,3,192188.526489
0.955542,3,192190.921685
0.0,5,192198.815764
0.0,2,192259.194289
0.93687,3,192259.277198
0.892374,3,192264.706139
0.691774,3,192273.558014
0.767201,4,192273.656128
0.91034,3,192277.093835
0.906744,3,192279.975906
0.998249,3,192283.867745
0.992207,3,192285.960705
0.751767,3,192291.640586
0.89361,3,192294.255343
0.513869,3,192306.05449
0.507974,3,192306.207813
0.953883,3,192308.87196
0.984762,3,192311.030459
0.690572,3,192320.009059
0.960524,3,192322.535375
0.849404,5,192330.005227
0.405152,10,192341.014885
0.94836,3,192343.703444
0.55308,3,192351.453833
0.92073,4,192354.693282
0.909837,3,192360.234326
0.912435,3,192365.72109
0.971474,3,192370.322618
0.8645,3,192375.083963
0.0,5,192400.43979
0.990233,3,192402.574884
0.73636,6,192411.929196
0.957191,3,192414.326663
0.820811,4,192422.26525
0.797151,5,192425.379836
0.901664,3,192425.464763
0.978819,3,192427.525715
0.962919,3,192427.598115
0.909837,3,192430.955869
0.927485,3,192434.156793
0.532895,4,192434.30363
0.673907,3,192440.081753
0.356196,5,192458.119311
0.912435,3,192463.493397
0.876045,4,192467.981197
0.960524,3,192470.468384
0.977776,3,192472.805683
0.80443,4,192478.710695
0.876037,3,192482.032679
0.0,6,192528.712015
0.847644,3,192535.183637
0.945849,4,192535.281951
0.0,3,192622.440079
0.990795,3,192624.712088
0.91034,3,192628.241394
0.970327,3,192630.715258
0.914075,4,192632.974186
0.825955,3,192636.552775
0.347212,5,192636.930397
0.937651,3,192640.120862
0.989498,3,192642.206042
0.835283,5,192642.34504
0.950672,4,192645.241291
0.726233,3,192651.772131
0.0,2,192713.015634
0.809935,3,192718.981272
0.849489,5,192724.880508
0.905497,3,192728.025406
0.737933,3,192737.026874
0.614427,5,192745.121403
0.513869,3,192756.907872
0.0,5,192803.216706
0.852082,3,192806.86041
0.831076,3,192810.711942
0.977351,3,192812.980834
0.952918,3,192815.638409
0.929032,3,192818.650733
0.876037,3,192822.035547
0.0,9,192823.275261
0.891781,5,192826.514067
0.55308,3,192834.173029
0.693524,3,192842.56333
0.452319,8,192842.964629
0.966034,3,192845.301983
0.0,3,192930.961933
0.879474,3,192934.224805
0.984762,3,192936.371367
0.745686,4,192936.487474
0.382202,4,192936.60441
0.347212,6,192937.015789
0.937651,3,192940.184571
0.491527,6,192956.42062
0.855661,4,192958.961058
0.940667,3,192961.719923
0.839495,4,192961.819218
0.987613,3,192963.988498
0.777896,5,192964.137181
0.943544,3,192966.801692
0.912567,4,192966.902584
0.845366,3,192970.640242
0.885702,4,192973.352494
0.908585,3,192973.42238
0.839618,4,192980.780341
0.946887,4,192983.644405
0.869545,4,192986.373029
0.87782,4,192988.56599
0.0,2,193048.929125
0.747074,3,193055.07379
0.964161,3,193057.733534
0.985872,3,193061.921992
0.89147,4,193065.292409
0.976144,4,193070.737684
0.971474,3,193075.375839
0.503126,10,193079.824277
0.603593,3,193086.013666
0.0,6,193192.766774
0.859697,4,193192.875142
0.811868,3,193197.045379
0.967335,3,193199.469922
0.554512,4,193207.168669
0.861276,9,193209.979507
0.74036,4,193213.172406
0.0,64,193216.611823
0.707826,3,193225.1183
0.89272,4,193229.258074
0.91034,3,193232.714405
0.553463,3,193244.086112
0.846703,4,193246.767455
0.858827,3,193250.392701
0.792429,3,193257.025577
0.787139,3,193261.971504
0.945476,4,193264.767522
0.0,64,193267.614027
0.955542,3,193270.0202
0.952918,3,193272.705108
0.691938,6,193286.318058
0.394215,3,193303.039435
0.943202,4,193308.749666
0.834159,4,193308.862281
0.0,10,193317.333246
0.955542,3,193319.801505
0.909837,3,193325.417052
0.937651,3,193328.850394
0.949666,3,193331.414905
0.892252,4,193337.687857
0.876037,3,193341.042377
0.943202,4,193346.905191
0.864588,3,193350.74721
0.954622,3,193353.285944
0.977776,3,193355.610012
0.835811,4,193358.28103
0.476453,4,193374.848034
0.637243,4,193383.620025
0.91034,3,193387.087123
0.960524,3,193389.5875
0.781638,3,193395.443058
0.959987,3,193395.513757
0.948315,4,193397.760429
0.842251,4,193400.363199
0.0,8,193461.755381
0.839148,4,193464.534705
0.773824,4,193473.404634
0.977304,3,193475.586014
0.929449,3,193475.657389
0.955042,3,193478.144904
0.31978,10,193491.366248
0.996036,3,193493.361885
0.831522,3,193497.040446
0.452359,5,193497.391832
0.845366,3,193501.170469
0.996036,3,193503.185471
0.947996,3,193505.716105
0.358061,13,193519.704058
0.898419,3,193524.744464
0.873423,3,193531.184037
0.984762,3,193533.341494
0.913425,3,193536.290415
0.990795,3,193538.496154
0.945268,4,193545.335296
0.745486,4,193545.432317
0.887276,4,193549.856864
0.507974,3,193550.018698
0.467746,4,193555.774553
0.0,21,193618.019547
0.8645,3,193622.803711
0.553463,3,193634.017373
0.852391,4,193641.306366
0.880942,3,193645.514536
0.92261,3,193650.759448
0.936495,3,193653.135172
0.0,4,193699.619295
0.0,6,193709.5551
0.937651,3,193712.727548
0.575556,4,193737.129049
0.876037,3,193740.469194
0.977351,3,193744.79245
0.928135,4,193747.826151
0.831522,3,193751.496344
0.930408,3,193754.433606
0.86705,3,193757.958184
0.792133,5,193758.203304
0.866007,4,193761.306194
0.929032,3,193764.322651
0.0,5,193792.916553
0.87322,3,193799.281364
0.89408,4,193806.327623
0.719996,4,193806.428463
0.960524,3,193808.923362
0.996036,3,193810.962002
0.871352,4,193815.938764
0.838379,3,193822.610496
0.69005,4,193833.530049
0.998849,3,193835.435048
0.343402,3,193857.439059
0.905497,3,193860.539429
0.703761,4,193870.579208
0.508223,5,193892.066788
0.977351,3,193896.305352
0.776086,5,193901.944501
0.709401,4,193908.350573
0.741924,4,193908.458894
0.871284,3,193911.892437
0.91034,3,193915.355866
0.876037,3,193918.878391
0.81708,4,193922.386622
0.843259,4,193926.917219
0.862896,4,193927.013512
0.998849,3,193930.928447
0.908585,3,193930.999112
0.8645,3,193935.763703
0.898419,3,193940.826823
0.977776,3,193943.149868
0.845914,4,193946.639233
0.843377,3,193946.732876
0.996036,3,193948.705632
0.909837,3,193954.337259
0.356196,5,193972.413655
0.86705,3,193975.942598
0.747074,3,193982.095334
0.960259,3,193982.163707
0.910649,3,193982.244422
0.835822,4,193989.856398
0.926499,4,193993.457865
0.732712,4,193993.605252
0.0,7,194037.763643
0.603593,3,194044.189832
0.904444,4,194048.420332
0.786194,4,194051.334719
0.608904,3,194058.049684
0.833603,4,194058.163513
0.800449,4,194063.154023
0.976468,4,194068.731134
0.885078,3,194071.460563
0.560408,5,194071.605631
0.691774,3,194080.169472
0.930047,3,194082.890742
0.955042,3,194085.398305
0.943099,3,194088.206346
0.959119,3,194090.64832
0.882371,3,194095.181704
0.0,2,194156.259873
0.355906,5,194174.337774
0.343402,3,194196.160333
0.995099,3,194198.130068
0.521616,4,194212.949894
0.755043,4,194222.592843
0.949436,3,194225.155688
0.934365,3,194228.469888
0.854853,4,194231.344873
0.59979,3,194241.380374
0.693524,3,194249.96425
0.909837,3,194255.442069
0.832916,4,194255.559608
0.293452,4,194255.708596
0.977304,3,194257.882691
0.955042,3,194260.362683
0.842011,6,194260.509927
0.727512,4,194269.097954
0.960259,3,194269.169605
0.802302,4,194275.10927
0.761109,4,194284.111637
0.944689,3,194284.186707
0.845366,3,194287.938947
0.0,5,194334.363337
0.905676,4,194336.79475
0.909837,3,194342.427819
0.996036,3,194344.481841
0.987613,3,194346.67794
0.998849,3,194348.588722
0.960259,3,194348.659704
0.0,3,194409.661325
0.4458,5,194410.18226
0.955542,3,194412.632773
0.727377,4,194421.973656
0.974108,3,194424.490455
0.832953,3,194428.584619
0.0,5,194438.38108
0.981942,3,194438.454284
0.452359,5,194438.79972
0.71366,3,194447.083751
0.343402,3,194469.205991
0.941245,3,194469.279848
0.513098,8,194474.560525
0.955542,3,194476.948343
0.0,9,194486.826713
0.595019,4,194499.719073
0.767067,4,194499.831461
0.947996,3,194502.560697
0.901664,3,194502.641098
0.319611,5,194512.400396
0.55308,3,194520.027963
0.937682,4,194520.12785
0.792699,4,194526.526731
0.0,2,194587.034388
0.792133,5,194587.28879
0.845366,3,194591.053084
0.0,5,194592.583813
0.860023,3,194598.879153
0.691774,3,194607.497013
0.983068,3,194609.822111
0.897801,4,194612.713468
0.452359,5,194613.058714
0.952918,3,194615.721973
0.955042,3,194618.212829
0.4458,5,194618.726693
0.937651,3,194621.90251
0.974108,3,194624.379275
0.750486,4,194624.484825
0.910649,3,194624.566541
0.957259,4,194627.219897
0.67429,4,194631.132042
0.860023,3,194637.414645
0.990795,3,194639.646823
0.989498,3,194641.704475
0.909837,3,194647.222025
0.908499,3,194650.848418
0.328205,5,194655.649621
0.787139,3,194660.619109
0.859312,4,194665.321503
0.92261,3,194670.511681
0.960524,3,194672.987782
0.441454,3,194691.628368
0.748799,3,194698.481617
0.579106,3,194709.047034
0.998395,3,194712.825021
0.871284,3,194716.272291
0.983532,3,194718.406811
0.812337,4,194723.78077
0.7413,3,194729.513842
0.7413,3,194735.171885
0.445681,5,194735.676161
0.0,4,194805.981089
0.864588,3,194809.885787
0.864588,3,194813.811359
0.955042,3,194816.284066
0.834159,4,194816.399171
0.734859,4,194829.647032
0.964161,3,194832.28013
0.832953,3,194836.347975
0.0,2,194896.709345
0.707826,3,194905.091061
0.979949,3,194909.458327
0.889421,3,194915.023361
0.441454,3,194929.709937
0.0,5,194993.571083
0.843377,4,194993.694958
0.998849,3,194995.506659
0.93991,4,194998.509423
0.887775,4,195005.148772
0.610508,4,195018.174312
0.747074,3,195024.318216
0.894448,3,195029.814385
0.738051,4,195029.95952
0.244095,4,195030.113887
0.914455,3,195035.000996
0.949436,3,195037.565093
0.912644,4,195044.379446
0.990429,3,195046.342968
0.959987,3,195046.417955
0.933955,4,195049.674278
0.74777,4,195049.829518
0.846703,4,195052.692858
0.925123,4,195431.478082
0.984762,3,195433.689603
0.924352,4,195440.455511
0.470455,4,195446.198033
0.960524,3,195448.693844
0.977304,3,195450.816032
0.0,5,195497.626056
0.927485,3,195500.905995
0.998849,3,195502.847445
0.908585,3,195502.925331
0.887137,3,195503.004592
0.949666,3,195505.548835
0.990793,3,195507.617075
0.996036,3,195509.603545
0.787139,3,195514.525326
0.945681,3,195514.596145
0.864588,3,195518.519408
0.879474,3,195521.849815
0.932496,3,195521.918817
0.795524,3,195527.695748
0.80627,4,195531.244774
0.93584,3,195536.529603
0.787139,3,195541.501279
0.0,54,195606.274708
0.954622,3,195608.857846
0.977351,3,195613.17867
0.879174,4,195620.280371
0.314534,4,195620.480065
0.949436,3,195623.119778
0.828068,4,195631.20849
0.960524,3,195633.704133
0.960259,3,195633.773053
0.960524,3,195636.259927
0.876037,3,195639.651683
0.781638,3,195645.649475
0.917834,4,195648.476271
0.998849,3,195650.399994
0.534582,4,195685.542117
0.8604,4,195685.660479
0.871284,3,195689.121989
0.89,3,195691.832765
0.831522,3,195695.660086
0.879474,3,195698.983353
0.983985,3,195703.189856
0.43746,4,195721.810879
0.998849,3,195723.744082
0.0,2,195784.677883
0.983068,3,195787.001338
0.832953,3,195791.149936
0.618689,4,195817.845988
0.0,4,195878.399791
0.356196,6,195896.579595
0.996036,3,195898.614746
0.901664,3,195898.69513
0.871274,4,195904.184134
0.959119,3,195906.540333
0.916375,3,195906.623636
0.877452,4,195906.734224
0.516641,4,195911.982031
0.960524,3,195914.482657
0.971474,3,195919.149975
0.0,52,196154.207492
0.215158,5,196180.455189
0.901664,3,196180.5374
0.888754,4,196183.299859
0.956883,3,196183.372827
0.860023,3,196189.763284
0.790035,4,196198.24615
0.0,2,196286.001738
0.879125,4,196290.46644
0.994778,3,196292.439591
0.860023,3,196298.6617
0.441454,4,196313.299017
0.514918,5,196313.470519
0.834149,4,196316.567679
0.93584,3,196322.001132
0.737757,4,196325.604642
0.849339,4,196325.724046
0.302461,4,196352.092007
0.984762,3,196354.190933
0.931197,4,196357.439209
0.83501,4,196360.13101
0.0,5,196370.148883
0.340154,4,196394.522849
0.943925,3,196394.594541
0.8645,3,196399.333374
0.978819,3,196401.497893
0.770375,4,196409.903532
0.820965,4,196415.06012
0.0,1,196475.653856
0.978819,3,196477.825757
0.934518,3,196483.077875
0.4458,5,196483.58199
0.786048,4,196486.480685
0.985872,3,196490.718446
0.949436,3,196493.298689
0.960259,3,196493.371259
0.93219,3,196493.450429
0.758172,4,196496.76703
0.809099,3,196502.935985
0.998849,3,196504.843067
0.86705,3,196508.374776
0.845366,3,196512.128796
0.977776,3,196514.5153
0.961948,4,196520.167492
0.858827,3,196523.763007
0.90064,4,196527.993304
0.798949,4,196528.112473
0.92261,3,196533.453254
0.996036,3,196535.463233
0.0,2,196596.419775
0.914035,3,196599.439432
0.892616,4,196606.106336
0.902931,4,196613.988388
0.979949,3,196618.266906
0.967958,3,196620.529705
0.743346,4,196626.83931
0.931656,3,196629.515326
0.955542,3,196631.828848
0.5463,4,196636.446709
0.7413,3,196642.186888
0.960259,3,196642.255074
0.942355,4,196648.800432
0.693524,3,196657.517824
0.996036,3,196659.548162
0.802654,4,196659.653478
0.986705,3,196661.7573
0.913264,3,196661.827914
0.627364,4,196680.241303
0.0,1,196740.771219
0.452359,5,196741.128846
0.909837,3,196744.467126
0.951055,3,196744.540777
0.755265,4,196744.646787
0.990233,3,196746.711148
0.949492,3,196751.322669
0.696122,3,196756.795539
0.880942,3,196761.059224
0.832953,3,196765.117207
0.929938,4,196768.518518
0.876048,4,196772.991332
0.707826,3,196781.630865
0.937651,3,196784.808087
0.356196,5,196802.683656
0.343402,4,196824.97187
0.894448,3,196830.493387
0.691774,3,196839.030198
0.909837,3,196844.542516
0.990795,3,196846.847329
0.675116,4,196850.736045
0.689832,4,196863.557286
0.836494,3,196863.638463
0.390055,6,196868.873115
0.896865,4,196868.983145
0.846425,4,196876.366883
0.787139,3,196881.503194
1e-06,4,196928.509053
0.862888,5,196931.079379
0.919906,3,196933.811139
0.92261,3,196939.210372
0.995943,3,196939.278453
0.94836,3,196942.042796
0.87322,3,196948.267565
0.919575,3,196951.227008
0.747074,3,196957.388678
0.909837,3,196960.852969
0.831076,3,196964.696909
0.836188,6,196964.856824
0.809099,3,196971.035477
0.964161,3,196973.67173
0.984762,3,196975.843162
0.960524,3,196978.299967
0.356196,6,196995.975407
0.861165,4,196996.076565
0.955042,3,196998.590348
0.827808,4,197001.539286
0.7413,3,197007.228395
0.442487,4,197025.397816
0.8645,3,197030.351367
0.986156,3,197030.417341
0.990795,3,197032.655942
0.987522,3,197032.719705
0.0,19,197034.677517
0.935497,3,197034.748846
0.766816,4,197034.85236
0.884057,4,197034.966872
0.937501,4,197041.640519
0.93584,3,197047.036108
0.809935,3,197052.932694
0.690572,3,197061.803623
0.93533,4,197064.426903
0.964298,3,197066.981065
0.797726,4,197067.290106
0.0,11,197128.98501
0.998849,3,197130.894474
0.811868,3,197135.146924
0.894885,3,197138.140246
0.971474,3,197142.680339
0.991166,3,197144.673874
0.983985,3,197148.873803
0.411352,5,197149.055699
0.977351,3,197153.415151
0.912567,4,197153.5216
0.721655,3,197160.477279
0.795503,4,197160.575124
0.0,4,197206.663731
0.86705,3,197210.171861
0.196838,4,197218.202214
0.897055,4,197224.845652
0.998849,3,197226.753511
0.889421,3,197232.347856
0.388665,4,197232.487696
0.693524,3,197240.94298
0.8645,3,197245.679886
0.787139,3,197250.632186
0.0,4,197297.656525
0.360825,6,197311.954204
0.930441,3,197315.338175
0.533428,10,197329.117341
0.627364,4,197347.489579
0.781638,3,197353.692483
0.880935,3,197358.105504
0.990233,3,197360.141535
0.777597,4,197368.539694
0.940667,3,197371.310641
0.930408,3,197374.298505
0.967335,3,197376.707964
0.876037,3,197380.093493
0.507974,3,197380.258512
0.84594,3,197388.834938
0.76384,4,197388.930354
0.0,2,197449.982461
0.692414,5,197463.775398
0.861838,5,197468.413937
0.996036,3,197472.391541
0.240191,4,197480.283232
0.582114,4,197480.432421
0.993637,3,197480.498757
0.935672,3,197483.369791
0.890338,3,197486.217875
0.0,2,197547.600161
0.912435,3,197553.07115
0.960524,3,197555.541339
0.882217,3,197555.620057
0.0,4,197602.192668
0.707826,3,197610.563419
0.942854,3,197613.024355
0.787059,4,197613.130007
0.905497,3,197616.26252
0.0,3,197676.808932
0.8645,3,197681.497
0.691774,3,197690.137485
0.944237,4,197696.781651
0.856231,6,197701.6723
0.949666,3,197704.178144
0.0,6,197810.640753
0.991885,3,197810.715545
0.861644,4,197813.488808
0.959119,3,197815.96157
0.989498,3,197818.070644
0.695149,4,197821.968676
0.983985,3,197824.137581
0.74036,4,197827.427454
0.832953,3,197831.519706
0.796025,4,197839.892427
0.8645,3,197844.597833
0.913471,5,197847.173916
0.92527,5,197850.442586
0.957259,4,197853.191806
0.908499,3,197856.889254
0.608904,3,197863.596433
0.781638,3,197869.601966
0.859312,4,197874.534652
0.840928,3,197878.539242
0.451436,5,197882.89485
0.971339,3,197882.961271
0.909837,3,197886.22693
0.927776,3,197886.307106
0.908499,3,197889.984745
0.593543,4,197917.409259
0.978819,3,197919.584589
0.886072,5,197922.401052
0.89361,3,197924.995772
0.949436,3,197927.564544
0.847116,4,197931.022338
0.924324,3,197936.058847
0.828068,4,197943.848179
0.875036,4,197943.953251
0.934518,3,197949.147476
0.890336,4,197949.25636
0.748799,3,197956.449564
0.890825,4,197958.977796
0.0,3,198019.370347
0.865952,3,198023.66596
0.982605,3,198023.732485
0.978719,3,198023.801001
0.8645,3,198028.496396
0.76713,4,198037.125191
0.0,3,198097.515395
0.950829,3,198097.605555
0.943544,3,198100.236862
0.909837,3,198103.452847
0.960524,3,198105.951036
0.879047,4,198110.516363
0.0,2,198170.884939
0.971474,3,198175.59166
0.884055,3,198180.207636
0.0,64,198185.123047
0.660127,4,198185.233237
0.956883,3,198185.304109
0.876037,3,198188.666373
0.970972,3,198188.737261
0.871515,4,198193.359528
0.967335,3,198195.870937
0.847644,3,198202.273597
0.905798,3,198202.348797
0.898609,4,198209.689404
0.960524,3,198212.157387
0.0,2,198272.523677
0.998249,3,198276.424788
0.934518,3,198281.879644
0.809935,3,198287.918433
0.864588,3,198291.816345
0.959987,3,198291.887587
0.819947,4,198294.664073
0.983985,3,198298.911007
0.987857,3,198303.224491
0.799338,11,198318.87039
0.608904,3,198325.423327
0.357152,9,198325.749048
0.78727,6,198328.854746
0.832953,3,198332.978727
0.954622,3,198335.578241
0.757993,4,198335.702389
0.343402,4,198357.779809
0.343402,3,198379.827384
0.930408,3,198382.770629
0.985872,3,198384.943033
0.809935,3,198390.939135
0.998849,3,198392.864059
0.94836,3,198395.568491
0.880935,3,198399.962486
0.984762,3,198402.139574
0.955042,3,198404.615389
0.441454,3,198419.329424
0.516838,5,198434.841119
0.916375,3,198434.920054
0.279391,4,198442.055585
0.943099,3,198444.896029
0.9381,3,198447.538461
0.93485,4,198451.705299
0.798629,4,198454.50645
0.895178,4,198461.182025
0.990795,3,198463.412484
0.898166,4,198470.020087
0.864588,3,198473.901274
0.0,2,198534.801397
0.937651,3,198537.993104
0.751081,3,198544.136236
0.832953,3,198548.428037
0.0,2,198608.785154
0.781638,3,198614.832287
0.998849,3,198616.949121
0.884055,3,198621.28478
0.73564,6,198624.900232
0.909837,3,198628.24142
0.855595,4,198628.361172
0.939197,3,198631.31734
0.748799,3,198638.465319
0.964298,3,198640.999362
0.824882,3,198646.378325
0.914455,3,198651.301077
0.895178,4,198657.882439
0.421691,9,198675.466319
0.840928,3,198679.479008
0.968238,3,198681.728559
0.919575,3,198684.751987
0.931656,3,198687.387531
0.756633,4,198696.290372
0.930803,4,198699.223101
0.429763,7,198716.192795
0.882217,3,198716.273755
0.909837,3,198721.760541
0.0,2,198782.851208
0.0,2,198843.223552
0.0,4,198913.808937
0.343402,3,198935.894317
0.857287,5,198936.024585
0.934365,3,198939.405155
0.945476,4,198942.166717
0.879174,4,198948.967931
0.909837,3,198952.272683
0.971474,3,198956.847514
0.882068,4,198959.540973
0.735158,4,198962.822273
0.892616,4,198969.477103
0.747074,3,198975.636805
0.0,39,199039.499701
0.91034,3,199042.978698
0.93584,3,199045.890036
0.0,2,199106.945145
0.996036,3,199108.975354
0.987613,3,199111.177208
0.93584,3,199116.58196
0.792133,5,199116.829871
0.831522,3,199120.598603
0.873375,4,199123.293464
0.566431,5,199123.465812
0.954622,3,199126.031645
0.964161,3,199128.669741
0.947464,4,199135.026905
0.673907,3,199140.813614
0.959119,3,199143.276394
0.990233,3,199145.310439
0.871284,3,199148.74525
0.943099,3,199151.568472
0.673907,3,199157.329011
0.449474,5,199168.865369
0.897905,4,199172.211883
0.996237,3,199176.282665
0.898166,4,199182.952308
0.847644,3,199189.407963
0.766662,4,199189.527617
0.987857,3,199193.814864
0.94836,3,199196.490377
0.774382,4,199196.615976
0.4458,5,199197.125402
0.960524,3,199199.598562
0.942637,3,199202.503145
0.515977,9,199214.135263
0.792699,4,199221.146966
0.751768,4,199224.695369
0.196611,6,199251.074205
0.981942,3,199251.14236
0.618689,4,199278.487005
0.68808,6,199291.565741
0.950829,4,199291.660154
0.68481,4,199291.769657
0.977304,3,199293.962649
0.553463,4,199305.486943
0.906744,3,199308.382317
0.0,5,199310.146688
0.937651,3,199313.348159
0.847644,3,199319.818269
0.71366,3,199328.17425
0.865344,4,199336.681986
0.877452,4,199336.788939
0.910376,4,199344.278694
0.916375,3,199344.358734
0.825955,3,199347.970774
0.831076,3,199351.82307
0.721036,4,199351.932791
0.712218,5,199367.476115
0.565167,4,199391.664908
0.441324,4,199409.9744
0.750528,4,199410.081463
0.810604,4,199418.165286
0.823739,5,199418.289065
0.957421,3,199418.360276
0.955542,3,199420.773295
0.919575,3,199423.794228
0.831076,3,199427.648743
0.89,3,199430.323459
0.909837,3,199435.882571
0.794734,4,199438.756827
0.774382,4,199438.883177
0.914455,3,199443.672837
0.809935,3,199449.725849
0.964161,3,199452.373667
0.92261,3,199457.748078
0.930047,3,199460.465513
0.689832,4,199473.373905
0.354854,8,199473.632501
0.831226,3,199477.553049
0.998249,3,199481.420676
0.916375,3,199481.527074
0.950829,3,199481.599154
0.952918,3,199484.263583
0.304485,5,199494.00175
0.521869,3,199508.730263
0.831226,3,199512.817219
0.838379,3,199516.598957
0.343402,3,199538.346081
0.58981,5,199542.840328
0.89361,3,199545.462094
0.880942,3,199549.666996
0.996237,3,199553.685401
0.887775,3,199560.290762
0.993065,3,199562.277654
0.809099,3,199568.491162
0.949492,3,199573.114986
0.322934,8,199573.396404
0.968238,3,199577.783385
0.939197,3,199580.772497
0.845855,4,199583.445733
0.949492,3,199586.05528
0.876267,4,199593.009397
0.967377,3,199595.264556
0.820254,4,199600.831784
0.55308,3,199608.421052
0.909837,3,199614.189913
0.960524,3,199616.641909
0.817616,3,199623.97203
0.521869,3,199638.808838
0.930408,3,199641.741105
0.959987,3,199641.817811
0.843377,3,199641.906546
0.831522,3,199645.7094
0.693524,3,199654.362688
0.919575,3,199657.359335
0.877809,4,199660.387625
0.848592,4,199660.506083
0.71366,3,199668.789857
0.922135,4,199671.727818
0.950653,4,199674.823823
0.777597,4,199683.326346
0.820112,6,199686.792593
0.74036,4,199690.140667
0.955042,3,199692.624912
0.983985,3,199696.847309
0.914455,3,199701.7515
0.180568,12,200126.888451
0.924602,4,200126.985805
0.961948,4,200132.830994
0.9755,3,200135.291229
0.815237,4,200138.077174
0.747074,3,200144.230803
0.852082,3,200147.999107
0.260774,8,200164.538503
0.0,4,200235.144114
0.919575,3,200238.180108
0.916375,3,200238.259706
0.356196,5,200256.191553
0.977304,3,200258.582615
0.960524,3,200261.055649
0.92261,3,200266.41836
0.0,2,200327.012442
0.643763,4,200345.447715
0.690335,4,200345.561152
0.759555,3,200352.249956
0.928631,3,200352.319418
0.977304,3,200354.52236
0.926892,4,200358.573678
0.74036,4,200361.882273
0.860595,4,200364.634684
0.353557,6,200383.711359
0.710656,3,200392.31572
0.747074,3,200398.52001
0.880935,3,200402.949313
0.943099,3,200405.766656
0.831522,3,200409.57691
0.950672,4,200412.458261
0.949117,4,200415.735909
0.947464,4,200422.175037
0.94836,3,200424.876137
0.87782,4,200427.168213
0.887137,3,200427.25293
0.803597,4,200427.363286
0.691774,3,200435.952974
0.796656,4,200443.837392
0.831076,3,200447.705389
0.964161,3,200450.424799
0.987613,3,200452.62054
0.943373,4,200456.318004
0.977304,3,200458.549196
0.929062,4,200460.827004
0.869706,4,200460.943611
0.623669,4,200479.011621
0.0,3,200539.402953
0.0,2,200600.340845
0.451311,5,200600.719121
0.696122,3,200606.213589
0.91034,3,200609.76045
0.905036,3,200609.836462
0.864588,3,200613.755339
0.889421,3,200619.440285
0.79586,5,200625.252542
0.984762,3,200629.408221
0.71366,3,200637.735944
0.953883,3,200640.37879
0.914035,3,200643.378123
0.803091,4,200643.481042
0.935672,3,200646.394839
0.809075,8,200646.603286
0.809935,3,200652.639622
0.733314,5,200662.461764
0.949436,3,200665.037639
0.808781,4,200668.044929
0.849947,4,200670.677172
0.835965,4,200673.348336
0.977304,3,200675.52436
0.996036,3,200677.53275
0.876303,4,200677.64644
0.979949,3,200681.997767
0.955542,3,200684.387813
0.99262,3,200684.45172
0.872065,5,200688.12264
0.0,3,200748.513643
0.665455,4,200752.193497
0.747077,4,200761.762943
6.8e-05,10,200764.768478
0.930408,3,200767.700935
0.245358,5,200775.212885
0.693524,3,200783.717562
0.353557,5,200803.088259
0.943712,3,200805.754994
0.860203,4,200808.455037
0.905497,3,200811.616611
0.0,2,200871.97513
0.759492,4,200872.088858
0.695149,4,200875.845073
0.832953,3,200879.939137
0.691938,6,200893.833812
0.858827,3,200897.426723
0.983985,4,200901.661564
0.996203,3,200903.649493
0.7413,3,200909.374123
0.831226,3,200913.316217
0.939197,3,200916.302354
0.0,6,200926.516833
0.855828,4,200929.52116
0.885789,3,200933.459549
0.442267,4,200949.334732
0.691774,3,200957.849519
0.273671,4,200984.852053
0.831226,3,200988.798767
0.831226,3,200992.902987
0.271009,9,201019.618171
0.929938,4,201023.046329
0.990233,3,201025.095431
0.93584,3,201028.002954
0.959549,4,201034.363272
0.690572,3,201043.184485
0.701273,4,201049.775503
0.860023,3,201056.088285
0.97722,4,201061.691079
0.955042,3,201064.19071
0.782666,4,201067.268162
0.929032,3,201070.276843
0.89,3,201072.96777
0.445759,6,201073.514234
0.843153,4,201077.156886
0.884055,3,201081.742934
0.879047,4,201086.185575
0.607057,4,201095.682353
0.864588,3,201099.569492
0.693524,3,201108.004642
0.817793,4,201108.110857
0.987857,3,201112.468116
0.842016,4,201115.685777
0.756175,4,201115.809192
0.0,4,201201.819314
0.907012,4,201201.931041
0.864588,3,201205.832041
0.794587,4,201208.749138
0.942637,3,201211.651346
0.985141,3,201213.810426
0.889264,5,201217.268281
0.747074,3,201223.391367
0.917057,3,201223.466602
0.942637,3,201226.385067
0.998849,3,201228.333819
0.0,2,201289.259006
0.691774,3,201297.831765
0.937651,3,201301.016629
0.953778,3,201303.559508
0.996138,3,201305.50082
0.925442,4,201305.602834
0.451436,5,201310.156028
0.947996,3,201312.678788
0.792133,5,201312.923333
0.934518,3,201318.093634
0.960259,3,201318.166563
0.538379,3,201328.832441
0.905497,3,201331.94283
0.94836,3,201334.632868
0.719198,3,201346.725368
0.953883,3,201349.353773
0.861774,4,201351.938471
0.0,4,201398.553193
0.227326,5,201420.24796
0.909837,3,201425.739705
0.4458,5,201426.248976
0.0,2,201486.605365
0.884057,4,201486.726843
0.795524,3,201492.778877
0.829884,4,201500.363372
0.690572,3,201509.192521
0.71366,3,201517.448555
0.968238,3,201519.769945
0.0,2,201580.325287
0.914035,3,201583.329894
0.201837,7,201583.632399
0.787526,6,201583.792713
0.998249,3,201587.676745
0.452359,5,201588.021933
0.947845,4,201591.187379
0.876037,3,201594.542265
0.905542,4,201597.584716
0.940667,3,201600.350869
0.80642,4,201600.462746
0.551505,5,201605.450803
0.989804,3,201607.525328
0.971474,3,201612.146663
0.949738,3,201612.220902
0.909837,3,201615.794646
0.998249,3,201619.643368
0.71366,3,201627.933689
0.912621,4,201630.194355
0.930441,3,201633.503609
0.929032,3,201636.537683
0.943202,4,201642.39765
0.929032,3,201645.42778
0.829774,4,201653.394056
0.864328,4,201656.1371
0.966034,3,201658.451332
0.491866,4,201672.492377
0.884055,3,201676.901241
0.955542,3,201679.302514
0.783498,4,201682.185384
0.0,7,201783.376904
0.0,2,201844.316566
0.840928,3,201848.344696
0.0,11,201910.502426
0.452319,7,201910.891217
0.898902,5,201917.77771
0.909837,3,201920.990278
0.794642,4,201923.960348
0.8645,3,201928.677707
0.834159,4,201928.791597
0.785607,4,201934.517005
0.861934,4,201937.085154
0.513885,4,201947.455932
0.787139,3,201952.39607
0.935672,3,201955.246588
0.93584,3,201960.698629
0.996036,3,201964.671106
0.998249,3,201968.523242
0.927485,3,201971.758844
0.8645,3,201976.520488
0.554174,3,201987.922612
0.879125,4,201994.681413
0.966034,3,201997.012562
0.967335,3,201999.606116
0.93584,3,202004.954058
0.905497,3,202008.144091
0.859151,4,202012.847336
0.942637,3,202015.742738
0.579106,3,202026.520675
0.955042,3,202029.089093
0.643757,4,202040.570389
0.809935,3,202046.548411
0.837828,4,202046.652006
0.858827,3,202050.257196
0.987613,3,202052.416755
0.725736,8,202052.64339
0.956731,3,202055.331383
0.787958,4,202055.427511
0.858827,3,202059.027367
0.960524,3,202061.514802
0.579106,3,202072.221459
0.831226,3,202076.155342
0.487369,4,202088.213775
0.998382,3,202088.279183
0.864225,5,202096.635156
0.69242,4,202109.691228
0.809935,3,202115.75272
0.939535,3,202120.422841
0.960524,3,202122.907815
0.942637,3,202125.812589
0.983068,3,202128.065944
0.809099,3,202134.227503
0.964298,3,202136.765738
0.336315,3,202163.415676
0.919906,3,202166.143933
0.356196,5,202183.928315
0.733702,4,202187.579438
0.916122,5,202191.049573
0.86705,3,202194.578874
0.983985,3,202196.640424
0.942637,3,202199.531403
0.964161,3,202202.153214
0.326571,4,202212.052938
0.903801,4,202218.822397
0.881173,3,202224.25543
0.979949,3,202228.675308
0.880935,3,202233.085007
0.960524,3,202235.549742
0.452359,5,202235.892981
0.990551,3,202237.874964
0.792699,4,202244.270527
0.690518,5,202257.587285
0.753305,4,202257.694917
0.765188,5,202261.264034
0.744825,4,202261.37462
0.55308,3,202268.847764
0.838379,3,202272.5852
0.849489,5,202278.500651
0.0,47,202342.678891
0.983985,3,202346.961058
0.945681,4,202347.062797
0.690572,3,202356.048864
0.619692,4,202356.173145
0.941174,3,202358.61326
8e-06,6,202359.048843
0.919575,3,202362.054219
0.953778,3,202364.61031
0.832867,4,202364.7129
0.707826,3,202373.057199
0.365975,12,202384.981343
0.855502,4,202387.509169
0.876037,3,202390.886841
0.960524,3,202393.357681
0.983068,3,202395.694559
0.301262,4,202400.309563
0.612456,3,202406.491484
0.964298,3,202409.029093
0.86705,3,202412.542538
0.350086,7,202412.788827
0.948272,4,202412.885763
0.954198,3,202415.42478
0.940667,3,202418.194458
0.940008,3,202418.266442
0.835965,4,202420.939649
0.829884,4,202428.533245
0.959987,3,202428.603723
0.830091,8,202428.81748
0.444547,5,202429.183378
0.820965,4,202434.244655
0.910553,3,202434.323342
0.927485,3,202437.699685
0.343402,3,202459.602153
0.978819,3,202461.824212
0.73329,4,202461.928061
0.812703,5,202462.061427
0.627308,4,202479.954355
0.978819,3,202482.123298
0.809099,3,202488.279485
0.943712,3,202490.802984
0.959987,3,202490.874937
0.964161,3,202493.53673
0.69242,4,202506.485263
0.858827,3,202510.098988
0.777179,4,202518.493264
0.220954,6,202544.350452
0.9381,3,202546.972064
0.826855,4,202550.203921
0.852551,4,202555.010961
0.809935,3,202561.05491
0.0,1,202621.584058
0.859427,4,202624.139935
0.858827,3,202627.714371
0.679445,4,202627.840915
0.916375,3,202627.923358
0.896865,4,202628.034945
0.943544,3,202630.668588
0.696122,3,202636.072156
0.777179,4,202644.52011
0.451394,6,202644.903366
0.949117,4,202647.813073
0.925442,4,202647.913426
0.861934,4,202650.464792
0.977776,3,202652.798145
0.871284,3,202656.456928
0.817482,4,202659.194916
0.830118,4,202664.130115
0.707826,3,202672.536464
0.933484,3,202674.916079
0.691876,4,202687.709188
0.317233,4,202688.029039
0.769952,4,202694.006079
0.0,2,202754.956357
0.960524,3,202757.462858
0.74036,4,202760.779213
0.917864,4,202763.802963
0.86345,6,202766.648617
0.0,12,202874.465347
0.785732,4,202883.142493
0.960524,3,202885.638822
0.8645,3,202890.420076
0.673907,3,202896.276227
0.748492,4,202899.341841
0.996036,3,202903.271057
0.209469,4,202922.177799
0.916307,4,202928.887186
0.929938,4,202932.289967
0.94836,3,202934.987711
0.889256,4,202935.098118
0.880942,3,202939.594647
0.901861,5,202939.722703
0.925123,4,202942.723719
0.990233,3,202944.762582
0.747074,3,202950.790487
0.987199,3,202950.859449
0.949436,3,202953.42
0.0,1,203013.763597
0.739054,4,203019.599129
0.901664,3,203019.677422
0.880935,3,203024.299725
0.914455,3,203029.132504
0.877661,4,203031.443461
0.957259,4,203034.217126
0.80726,4,203039.642224
0.914035,3,203042.642215
0.913425,3,203045.651063
0.897841,4,203048.123616
0.413433,4,203053.811699
0.879474,3,203057.092777
0.788435,4,203057.209876
0.55308,3,203064.74694
0.977304,3,203066.951305
0.921602,4,203069.671122
0.800561,4,203074.879184
0.919575,3,203077.851337
0.928708,3,203077.925035
0.998849,3,203079.845461
0.32847,4,203089.690132
0.452359,5,203090.037543
0.890336,4,203090.151369
0.741427,4,203090.259341
0.880935,3,203094.708451
0.925442,4,203094.810394
0.909837,3,203100.374783
0.84594,3,203108.976512
0.242117,4,203113.593167
0.0,2,203174.203222
0.967958,3,203176.380473
0.0,2,203236.743374
0.87782,4,203239.08948
0.8645,3,203243.856561
0.858827,3,203247.468819
0.901664,3,203247.551223
0.964161,3,203250.208575
0.781638,3,203256.220769
0.852082,3,203259.86976
0.916265,3,203259.949848
0.808916,4,203268.089226
0.956883,3,203268.161312
0.89361,3,203270.753335
0.0,2,203357.719651
0.879474,3,203361.039423
0.969234,4,203361.132405
0.0,64,203366.002066
0.55308,3,203373.67575
0.516641,5,203379.067543
0.71366,3,203387.381589
0.829884,4,203394.936481
0.864588,3,203398.816774
0.499319,4,203411.003532
0.967335,3,203413.537001
0.978819,3,203415.977681
0.840928,3,203420.035782
0.612456,3,203426.225515
0.974108,3,203428.738378
0.909837,3,203432.029443
0.831076,3,203435.861949
0.89361,3,203438.447397
0.955042,3,203440.939674
0.971474,3,203445.556451
0.914035,3,203448.53388
0.267644,4,203455.698889
0.840928,3,203459.746839
0.0,14,203460.477622
0.879125,4,203464.895456
0.0,48,203469.788368
0.787392,4,203472.681324
0.0,5,203558.540741
0.356196,5,203576.523887
0.93584,3,203581.945892
0.979949,3,203586.190938
0.905036,3,203586.268301
0.839618,4,203593.613207
0.953883,3,203596.149111
0.906734,4,203598.541981
0.738596,5,203598.694688
0.93584,3,203601.619984
0.787139,3,203606.506877
0.889421,3,203612.160254
0.843719,4,203615.349831
0.977304,3,203617.540854
0.927205,3,203617.612092
0.840928,3,203621.634097
0.553463,3,203632.87911
0.991793,3,203634.879255
0.92261,3,203640.30026
0.810899,4,203643.132406
0.894885,3,203646.082117
0.992005,3,203648.10607
0.608904,3,203654.835247
0.787139,3,203659.755866
0.866582,5,203662.467898
0.998849,3,203666.36556
0.996036,3,203668.362875
0.674976,4,203668.491857
0.937651,3,203671.655065
0.978819,3,203673.827345
0.998849,3,203675.750393
0.441454,4,203690.58388
0.9381,3,203693.198598
0.908717,4,203697.305581
0.93903,3,203699.697903
0.667255,4,203706.804547
0.691938,5,203720.368851
0.371813,5,203724.96468
0.927485,3,203728.07514
0.839618,4,203735.552333
0.897055,4,203739.854578
0.953883,3,203742.505688
0.690572,3,203751.276219
0.920639,4,203754.667221
0.996036,3,203756.666239
0.937651,3,203759.823836
0.736076,4,203765.551267
0.677192,4,203776.403028
0.966034,3,203778.73891
0.998849,3,203780.653386
0.934393,3,203783.075186
0.998249,3,203786.868158
0.353557,6,203806.071389
0.937651,3,203809.202399
0.928055,4,203812.188406
0.977351,3,203816.53944
0.0,2,203876.901174
0.904954,4,203879.640382
0.869545,4,203882.207188
0.985028,3,203882.274946
0.707826,3,203890.652986
0.369013,4,203895.210481
0.895283,4,203902.584404
0.946325,3,203905.010767
0.0,2,203992.056775
0.0,2,204093.040871
0.858827,3,204096.661325
0.960259,3,204096.729061
0.828068,4,204104.346408
0.0,6,204177.389426
0.996036,3,204179.419936
0.689832,4,204192.48315
0.929032,3,204195.479549
0.684698,4,204195.595669
0.513869,3,204207.483518
0.914035,3,204210.511184
0.852082,3,204214.185963
0.691774,3,204222.905793
0.997595,3,204621.078023
0.808916,4,204628.930307
0.0,4,204735.009725
0.0,2,204822.058645
0.93584,3,204824.971774
0.871284,3,204828.387347
0.983985,3,204832.602606
0.673907,3,204838.523718
0.877661,4,204840.813231
0.926116,4,204843.065557
0.665279,4,204854.515322
0.71366,3,204862.82885
0.880942,3,204866.99321
0.0,7,204867.737557
0.934365,3,204871.08472
0.964161,3,204873.732567
0.516641,4,204879.067167
0.879125,4,204885.84039
0.960524,3,204888.189414
0.917884,4,204891.037047
0.890719,4,204893.67347
0.781638,3,204899.652893
0.904633,3,204902.679682
0.495872,8,204914.101914
0.524897,4,204914.246015
0.336315,3,204940.245023
0.618287,6,204940.599982
0.97697,3,204944.294798
0.218476,5,204973.389478
0.89361,3,204975.969654
0.343402,3,204997.800367
0.946887,4,205000.516606
0.956731,3,205003.234461
0.926421,3,205009.502763
0.885078,3,205012.117333
0.764697,4,205020.951661
0.0,8,205024.804169
0.880942,3,205028.934001
0.953188,3,205029.013687
0.998395,3,205032.884977
0.884055,3,205037.310474
0.935672,3,205040.151392
0.798481,4,205042.958281
0.0,10,205044.81596
0.71366,3,205053.1998
0.983985,3,205057.378213
0.850007,4,205060.056234
0.521869,3,205074.767845
0.86705,3,205078.262476
0.817616,3,205085.514505
0.861363,4,205085.626215
0.897055,4,205092.191557
0.0,64,205097.251429
0.94836,3,205099.931734
0.534025,4,205111.355266
0.998249,3,205115.214633
0.693524,3,205123.653929
0.624276,5,205128.026668
0.910649,3,205128.112734
0.983985,3,205132.209699
0.914035,3,205135.20144
0.580516,4,205148.780604
0.620275,4,205175.94692
0.673907,3,205181.648573
0.931322,4,205184.455231
0.344068,7,205196.010202
0.954065,3,205196.078868
0.691938,7,205209.779472
0.83501,4,205212.463346
0.707826,3,205221.042494
0.751081,3,205227.36535
0.98662,3,205229.531737
0.93219,3,205229.610536
0.86849,4,205229.708957
0.785649,14,205230.089458
0.852082,3,205233.658564
0.928158,3,205233.730975
0.968238,3,205235.992166
0.900511,4,205239.226319
0.983985,3,205243.382135
0.751593,4,205243.514451
0.879474,3,205246.780687
0.353557,6,205266.108281
0.839618,4,205273.436257
0.665279,4,205284.687325
0.935672,3,205287.510473
0.436461,4,205305.865731
0.939197,3,205308.801608
0.516043,4,205319.135638
0.747074,3,205325.285044
0.831522,3,205329.032419
0.991238,3,205330.986217
0.881015,5,205333.821594
0.964161,3,205336.650233
0.871284,3,205340.096034
0.759497,41,205346.14798
0.807243,4,205351.382147
0.945268,4,205358.213146
0.876705,4,205361.58645
0.887023,4,205368.388703
0.693524,3,205376.794521
0.956731,3,205379.474401
0.977776,3,205381.820455
0.984762,3,205383.976048
0.710656,3,205392.513822
0.832436,4,205395.284207
0.979949,3,205399.589017
0.0,64,205404.63629
0.618689,4,205431.153281
0.880935,3,205435.521149
0.919511,4,205439.567668
0.981021,3,205439.633579
0.977351,3,205441.865011
0.451394,5,205442.250434
0.452359,5,205442.588089
0.935672,3,205445.412301
0.960524,3,205447.88079
0.356196,5,205465.849556
0.488517,7,205466.071782
0.840928,3,205470.040341
0.693524,3,205478.471391
0.747074,3,205484.483618
0.964298,3,205486.982593
0.986597,3,205487.046403
0.812961,5,205487.163524
0.884055,3,205491.813611
0.771738,4,205491.919147
0.831226,3,205495.819331
0.876048,4,205500.310261
0.0,1,205560.656194
0.896581,3,205563.17764
0.985872,4,205565.338774
0.932693,4,205568.680037
0.769711,4,205568.785661
0.751081,3,205575.076559
0.901664,3,205575.159639
0.690572,3,205583.943805
0.0,17,205688.124085
0.926421,3,205694.250349
0.865346,4,205698.918912
0.89,3,205701.55129
0.952918,3,205704.19088
0.452359,5,205704.530518
0.344366,6,205704.974296
0.879125,4,205711.583551
0.538379,3,205722.429774
0.955542,3,205724.798283
0.70225,4,205733.230301
0.781638,3,205739.203239
0.773824,4,205747.936051
0.0,6,205794.115342
0.846703,4,205796.773511
0.960524,3,205799.260889
0.914536,3,205799.335105
0.736507,5,205808.904561
0.0,6,205870.825998
0.950829,3,205870.907433
0.71366,3,205879.202272
0.852082,3,205882.869624
0.901664,3,205882.950259
0.979949,3,205887.268819
0.914455,3,205892.143596
0.568728,9,205892.405577
0.608047,4,205896.619968
0.84594,3,205905.415409
0.944103,4,205911.434983
0.9381,3,205914.046031
0.931964,3,205914.116945
0.885789,3,205918.023412
0.318036,4,205927.671197
0.0,3,205989.317856
0.72648,4,205999.190289
0.583184,4,206012.484739
0.989498,3,206014.558705
0.336315,3,206040.860806
0.87322,3,206047.275129
0.353557,5,206066.455008
0.912397,4,206066.554108
0.912397,4,206066.654306
0.947996,3,206069.188874
0.879474,3,206072.470052
0.917645,4,206075.001921
0.998249,3,206078.857849
0.839351,3,206082.68422
0.880942,3,206086.879919
0.781638,3,206092.973803
0.905497,3,206096.089519
0.227993,5,206104.017161
0.747074,3,206110.119127
0.496117,6,206126.383991
0.894448,3,206131.832134
0.452359,6,206132.195835
0.852082,3,206135.876034
0.475841,4,206141.544386
0.871284,3,206144.962039
0.832953,3,206149.058456
0.905036,3,206149.133775
0.809935,3,206155.137919
0.949666,3,206157.714043
0.88931,4,206157.82737
0.729533,4,206157.941596
0.869706,5,206158.070291
0.800385,4,206166.272654
0.998849,3,206168.185787
0.876037,3,206171.555601
0.937651,3,206174.778785
0.804304,4,206177.875177
0.801335,4,206180.745419
0.943544,3,206183.360452
0.894448,3,206188.807369
0.45148,5,206189.169819
0.977776,3,206191.53793
0.998249,3,206195.385347
0.887137,3,206195.46419
0.909837,3,206201.033156
0.903801,4,206207.557249
0.977776,3,206209.912867
0.940667,3,206212.702295
0.889394,4,206214.990896
0.988115,3,206217.053369
0.996036,3,206221.001041
0.504116,3,206229.718274
0.95944,3,206232.197706
0.889421,3,206237.785744
0.971474,3,206242.413203
0.880942,3,206246.536929
0.880935,3,206250.933882
0.773434,4,206256.692267
0.984762,3,206258.86759
0.89,3,206261.51902
0.917803,4,206264.225944
0.792699,4,206270.727075
0.937651,3,206273.905062
0.979949,3,206278.256428
0.954622,3,206280.81119
0.902139,4,206283.601227
0.858827,3,206287.196834
0.909837,3,206290.478542
0.983068,3,206292.78488
0.35855,8,206311.522679
0.879125,5,206315.978061
0.71366,3,206324.380785
0.871284,3,206327.722882
0.928631,3,206327.799173
0.813485,4,206333.063769
0.964298,3,206335.57481
0.691938,8,206349.210758
0.869138,4,206349.308508
0.833606,7,206349.489992
0.923672,3,206354.90398
0.926722,4,206360.965561
0.852082,3,206364.61387
0.553463,3,206376.022796
0.996036,3,206378.018856
0.795524,3,206383.835386
0.864588,3,206387.737616
0.880217,3,206394.418253
0.887023,4,206401.198731
0.889421,3,206406.764856
0.43164,6,206417.003308
0.934518,3,206422.172537
0.942355,4,206428.759176
0.949436,3,206431.306783
0.922174,4,206434.538382
0.721655,3,206441.465054
0.452359,5,206441.802376
0.960524,3,206444.241652
0.730281,4,206444.353108
0.921944,4,206447.598505
0.796656,3,206455.227519
0.708076,3,206464.185495
0.996036,3,206466.368798
0.35408,6,206485.440712
0.356196,5,206503.369898
0.943099,3,206506.191227
0.953883,3,206508.832208
0.9755,3,206511.309546
0.93584,3,206516.692289
0.394075,4,206530.092523
0.55308,3,206537.767495
0.998849,3,206539.659681
0.984762,3,206541.835335
0.511373,4,206556.806851
0.975877,4,206556.897106
0.841613,4,206557.011118
0.814787,6,206557.173088
0.956883,3,206557.242684
0.821078,4,206557.346927
0.978819,3,206559.509521
0.315352,4,206581.266586
0.964161,3,206583.91548
0.977351,3,206588.251641
0.538379,3,206599.125378
0.879474,3,206602.3825
0.792316,4,206605.197321
0.942637,3,206608.149229
0.809935,3,206614.185029
0.193413,4,206622.096809
0.858827,3,206625.682192
0.0,2,206731.83851
0.929922,3,206731.923103
0.825955,3,206735.518928
0.472581,4,206752.391321
0.975058,3,206752.458451
0.936904,3,206754.848149
0.989498,3,206756.937554
0.964298,3,206759.447988
0.678406,4,206759.596325
0.901664,3,206759.678616
0.888536,3,206765.072428
0.831226,3,206768.986558
0.923672,3,206774.46094
0.923672,3,206779.888189
0.45148,5,206780.23082
0.930408,3,206783.181423
0.985872,3,206785.28825
0.943099,3,206788.121816
0.990233,3,206790.154118
0.693524,3,206798.607115
0.923672,3,206804.069615
0.356196,5,206821.999562
0.880935,3,206826.374191
0.86705,3,206829.927704
0.898419,3,206834.998468
0.987423,3,206835.062897
0.7512,4,206841.717396
0.767918,4,206841.848345
0.955542,3,206844.22846
0.798629,4,206847.024189
0.876037,3,206850.412091
0.859151,4,206855.182571
0.442125,8,206866.34391
0.937911,3,206871.248391
0.967377,3,206873.522414
0.949436,3,206876.095008
0.727787,4,206876.205761
0.942355,4,206882.74394
0.864588,3,206886.583785
0.781638,3,206892.579661
0.848971,4,206899.925796
0.888536,3,206905.425517
0.845366,3,206909.223357
0.691774,3,206917.739082
0.960524,3,206920.197824
0.950672,4,206923.084544
0.313184,4,206937.89668
0.916265,3,206937.977286
0.954622,3,206940.549744
0.871284,3,206944.055968
0.909837,3,206949.604676
0.562208,4,206949.724481
0.879474,3,206953.027228
0.993004,3,206955.063726
0.608904,3,206961.836354
0.0,2,207022.771029
0.849489,5,207028.919596
0.845366,3,207032.703842
0.620275,4,207059.25854
0.252454,7,207066.528215
0.55308,3,207074.085423
0.843377,3,207074.176215
0.895623,4,207076.663503
0.861934,4,207079.223766
0.94836,3,207081.911037
0.930408,3,207084.840743
0.620275,4,207111.598901
0.968238,3,207113.848826
0.895178,4,207120.452063
0.832953,3,207124.493094
0.329173,4,207149.114728
0.888536,3,207154.622181
0.809935,3,207160.605663
0.71366,3,207168.720387
0.912435,3,207174.127802
0.998849,3,207176.032304
0.94836,3,207178.712511
0.790035,4,207187.236985
0.809099,3,207193.445409
0.928836,4,207199.628399
0.673907,3,207205.423389
0.869744,4,207205.52456
0.513453,6,207210.741083
0.693524,3,207219.323154
0.60938,4,207223.490935
0.989838,3,207223.55751
0.914035,3,207226.517883
0.86705,3,207230.050213
0.809099,3,207236.229608
0.0,8,207297.612025
0.753602,4,207300.806283
0.901664,3,207300.886437
0.787139,3,207305.870392
0.820965,4,207311.04023
0.0,3,207371.853614
0.977304,3,207374.067185
0.564694,5,207378.37776
0.792025,4,207386.599346
0.802302,4,207392.509752
0.781638,3,207398.531114
0.885921,4,207405.466406
0.861754,5,207413.718825
0.880217,3,207420.539721
0.781638,3,207426.547301
0.937651,3,207429.73644
0.9829,3,207431.852288
0.801335,4,207434.699831
0.452359,5,207435.040148
0.452359,5,207435.378602
0.832953,3,207439.50158
0.967335,3,207442.056482
0.937651,3,207445.231575
0.939197,3,207448.183619
0.77728,4,207450.977367
0.741336,4,207461.004928
0.947996,3,207463.410247
0.947996,3,207465.946336
0.894373,4,207468.635304
0.985151,3,207470.853959
0.489729,3,207482.705504
0.892252,4,207489.008144
0.570255,4,207513.255873
0.846703,4,207515.925721
0.55308,3,207523.491177
0.887775,4,207530.10132
0.747074,3,207536.215528
0.759175,4,207536.333096
0.55308,3,207544.065274
0.452359,5,207544.400751
0.879343,4,207548.72569
0.0,2,207609.777721
0.924352,4,207616.626101
0.934365,3,207619.958529
0.943135,3,207620.030007
0.834637,4,207622.746187
0.787139,3,207627.770303
0.909837,3,207633.233553
0.984762,3,207635.372892
0.948437,3,207637.786716
0.957191,3,207640.193283
0.960524,3,207642.658659
0.98155,3,207642.721738
0.919575,3,207645.734426
0.93584,3,207651.122211
0.892374,3,207656.432189
0.878448,4,207664.51933
0.815388,4,207667.234283
0.948613,3,207669.837328
0.839618,4,207677.144846
0.905497,3,207680.297444
0.544994,4,207690.664873
0.938197,4,207690.764585
0.89081,4,207693.426187
0.8645,3,207698.143621
0.94836,3,207700.775741
0.909837,3,207704.100369
0.884961,4,207704.208025
0.370231,10,207704.550907
0.978819,3,207706.722994
0.84594,3,207715.383191
0.984762,3,207717.524128
0.553463,3,207728.603093
0.977351,3,207730.82665
0.89361,3,207733.416584
0.55308,3,207741.068465
0.7413,3,207746.745912
0.879474,3,207749.998773
0.960524,3,207752.464041
0.799591,4,207752.569956
0.914035,3,207755.810738
0.947591,3,207755.888516
0.94836,3,207758.556711
0.86705,3,207762.051069
0.879047,4,207766.588435
0.905497,3,207769.715726
0.839148,4,207772.460283
0.593543,4,207799.218687
0.807996,5,207802.743848
0.902634,4,207808.804473
0.729122,4,207815.231339
0.889172,7,207815.403752
0.865952,3,207819.678438
0.787139,3,207824.588527
0.701166,3,207832.702857
0.989498,3,207834.825803
0.977776,3,207837.162771
0.631796,5,207843.421145
0.841842,4,207850.947672
0.947845,4,207853.972155
0.787139,3,207858.963274
0.747074,3,207865.074242
0.949492,3,207867.609061
0.343402,3,207889.557367
0.914035,3,207892.53895
0.798529,4,207892.637353
0.67465,4,207896.362699
0.521869,3,207911.100991
0.892252,4,207917.350702
0.8157,5,207917.480925
0.990233,3,207919.542565
0.998395,3,207923.339658
0.989498,3,207925.41706
0.977351,3,207929.769321
0.0,7,208105.722682
0.733284,4,208108.971154
0.977304,3,208111.176117
0.880942,3,208115.480487
0.996036,3,208119.442015
0.984762,3,208121.607676
0.557021,8,208135.541298
0.693524,3,208143.884424
0.909837,3,208147.076193
0.977351,3,208151.38162
0.960524,3,208153.841915
0.538379,3,208164.730285
0.7413,3,208170.306076
0.959119,3,208172.742649
0.964298,3,208175.272304
0.825955,3,208178.853836
0.88412,4,208557.469097
0.977776,3,208559.780709
0.673907,3,208565.605806
0.916667,4,208572.451032
0.960524,3,208574.90746
0.960524,3,208577.377375
0.555418,4,208582.204347
0.88112,4,208582.304058
0.795524,3,208588.147138
0.876045,4,208592.591135
0.754525,4,208598.238628
0.894448,3,208603.669333
0.93584,3,208609.065447
0.90558,4,208611.462496
0.997147,3,208613.438312
0.988426,3,208615.451246
0.916375,3,208615.530671
0.727884,4,208618.759095
0.452359,6,208619.121484
0.902931,4,208626.925136
0.984762,3,208629.082884
6.8e-05,5,208671.808493
0.880935,3,208676.226922
0.355906,5,208694.039619
0.901664,3,208694.119267
0.93584,3,208696.974622
0.811868,3,208701.081048
0.388586,4,208720.464938
0.998395,3,208724.266116
0.0,21,208726.969784
0.828002,4,208730.19991
0.0,2,208791.401005
0.871284,3,208794.855143
0.0,4,208796.302562
0.891679,5,208803.859645
0.747074,3,208810.059951
0.76239,6,208816.246852
0.0,1,208876.840812
0.938831,4,208883.315204
0.871352,4,208887.894651
0.990233,3,208889.941499
0.91034,3,208893.392506
0.948315,4,208895.605324
0.0,5,208963.439545
0.908499,3,208967.176338
0.916265,3,208967.265749
0.71366,3,208975.471153
0.983985,3,208979.646325
0.968238,3,208981.906375
0.921944,4,208985.12797
0.701166,4,208993.229823
0.967958,3,208995.480684
0.913323,3,208998.139137
0.743493,3,209003.161572
0.0,3,209088.711501
0.952918,3,209091.42664
0.820198,4,209094.59633
0.871284,3,209098.015676
0.914455,3,209102.785317
0.513098,9,209108.179432
0.923672,3,209113.660684
0.8645,3,209118.418542
0.405531,4,209118.571893
0.691938,5,209131.766358
0.859594,5,209134.677919
0.86705,3,209138.198873
0.901664,3,209138.280057
0.844928,4,209145.624526
0.998249,3,209147.529599
0.934365,3,209150.938105
0.907012,4,209151.039382
0.979949,3,209155.196551
0.919657,4,209161.498956
0.344035,7,209192.220913
0.905497,3,209195.3364
0.832953,3,209199.606234
0.567832,4,209199.7425
0.966034,3,209202.046652
0.928014,4,209208.94786
0.186062,5,209229.53975
0.977304,3,209231.7166
0.729974,4,209234.775522
0.864588,3,209238.673495
0.953883,3,209241.313601
0.707076,4,209251.599361
0.60404,4,209255.792001
0.749565,4,209259.746715
0.843377,3,209259.834455
0.967377,3,209262.094468
0.936875,4,209268.092046
0.91034,3,209271.56726
0.916265,3,209271.6552
0.845556,4,209278.912006
0.916375,3,209278.996693
0.918441,3,209284.716748
0.983985,3,209288.880689
0.932158,3,209288.952944
0.898166,4,209295.483067
0.452359,5,209295.841203
0.473636,7,209296.054097
0.990795,3,209298.280816
0.012855,6,209351.346738
0.919575,3,209354.3379
0.0,4,209355.17415
0.953778,3,209357.704593
0.842251,4,209360.303781
0.885789,3,209364.163394
0.960524,3,209366.624439
0.835822,4,209374.206287
0.0,2,209434.6654
0.803267,4,209443.026558
0.879125,4,209447.51099
0.924352,4,209454.224815
0.787139,3,209459.123627
0.67465,4,209462.840341
0.934518,4,209468.062365
0.834637,4,209470.765693
0.825318,4,209473.930482
0.998849,3,209475.853201
0.789179,3,209484.29071
0.968238,3,209486.532293
0.707826,3,209494.87616
0.789179,3,209503.412548
0.795524,3,209509.161594
0.852082,3,209512.831163
0.555013,4,209517.421594
0.998849,3,209519.327989
0.989498,3,209521.379518
0.820887,4,209526.596155
0.909837,3,209532.127362
0.977351,3,209536.52852
0.931656,5,209541.34858
0.957191,3,209543.76829
0.766305,4,209546.838664
0.885078,3,209549.544791
0.962286,3,209549.617275
0.858827,3,209553.191552
0.722572,4,209562.303379
0.92261,3,209567.784203
0.903857,4,209574.729961
0.92261,3,209580.058585
0.880935,3,209584.419939
0.0,4,209585.897602
0.809099,3,209591.942928
0.941351,3,209592.016288
0.997636,3,209593.93741
0.926722,4,209600.165067
0.924331,4,209604.222981
0.843377,3,209604.316272
0.870225,4,209612.624005
0.966034,3,209614.932835
0.719198,3,209627.101454
0.845366,3,209630.883167
0.754063,4,209639.877436
0.580516,4,209653.473936
0.964161,3,209656.139293
0.983985,3,209660.305578
0.880935,3,209664.748534
0.55308,3,209672.318371
0.87322,3,209678.533195
0.905497,3,209681.672206
0.0,12,209698.943204
0.959987,3,209699.019429
0.0,1,209759.409324
0.910481,3,209759.491096
0.89361,3,209762.225203
0.952918,3,209764.958086
0.960524,3,209767.4255
0.815065,4,209767.534331
0.71366,3,209775.892368
0.896865,4,209776.002522
0.842096,4,209778.674863
0.89361,3,209781.300223
0.347212,5,209781.691391
0.437992,4,209793.71171
0.0,4,209864.223132
0.957191,3,209866.638957
0.996036,3,209870.657093
0.885078,3,209873.365642
0.336942,4,209877.969774
0.983068,3,209880.283838
0.673907,3,209886.090371
0.356196,5,209903.754775
0.987613,3,209906.088985
0.909837,3,209911.560333
0.93584,3,209916.913841
0.960524,3,209919.380061
0.940667,3,209922.14767
0.935672,3,209925.007564
0.516692,5,209936.136035
0.811868,3,209940.33994
0.336315,3,209966.631519
0.968238,3,209968.90012
0.743623,4,209972.940132
0.643763,4,209991.530763
0.998849,3,209993.45208
0.983985,3,209997.650651
0.516641,7,210002.906147
0.737356,4,210003.009459
0.991694,3,210007.080814
0.893952,3,210009.857063
0.452359,5,210010.198109
0.829851,4,210015.796421
0.0,3,210101.609985
0.977351,3,210105.911317
0.829582,4,210110.616898
0.960524,3,210113.095748
0.346591,4,210122.686319
0.956731,3,210125.381644
0.909837,3,210130.898547
0.0,2,210191.463852
0.865428,4,210196.159568
0.707826,3,210204.534698
0.876037,3,210207.900696
0.905676,4,210210.343792
0.960524,3,210212.816846
0.907671,4,210219.687613
0.909837,3,210225.179861
0.91034,3,210228.633096
0.336315,3,210254.956094
0.843377,3,210255.044358
0.747074,3,210261.353719
0.835965,4,210264.003833
0.831226,3,210267.920636
0.781638,3,210273.913417
0.847644,3,210280.305019
0.880942,3,210284.526779
0.859177,4,210284.638608
0.45148,5,210284.995072
0.906744,3,210287.842184
0.8642,5,210290.650969
0.0,3,210397.269109
0.858827,3,210400.880599
0.955878,3,210403.256885
0.201805,6,210403.444255
0.981407,3,210405.667556
0.673907,3,210411.414294
0.892374,3,210416.75477
0.221379,4,210424.697921
0.937651,3,210427.869003
0.798629,4,210430.67409
0.914455,3,210435.558122
0.938348,4,210442.233205
0.47944,4,210442.376937
0.912397,4,210442.474526
0.809935,3,210448.539652
0.860023,3,210455.033999
0.515383,4,210455.1892
0.880935,3,210459.571725
0.880217,3,210466.281621
0.288203,11,210488.468127
0.967335,3,210491.026879
0.945268,4,210497.811499
0.998395,3,210501.613981
0.788181,4,210504.541716
0.587636,4,210512.138294
0.959119,3,210514.575166
0.964298,3,210517.123905
0.809935,3,210523.114298
0.998249,3,210526.985183
0.507974,4,210527.199482
0.960524,3,210529.647056
0.783041,4,210532.508222
0.942637,3,210535.419025
0.707686,4,210538.969202
0.930441,3,210542.502042
0.943544,3,210545.116395
0.849056,4,210545.231147
0.0,64,210550.086259
0.852082,3,210553.626036
0.787139,3,210558.586401
0.809099,3,210564.754723
0.787139,3,210569.662964
0.990795,3,210571.873794
0.93584,3,210574.763743
0.984762,3,210576.935958
0.864588,3,210580.809253
0.926421,3,210586.814976
0.897416,4,210590.202705
0.71366,3,210598.664304
0.809935,3,210604.688956
0.867703,4,210608.243848
0.780167,4,210614.173694
0.825066,4,210620.525964
0.843377,3,210620.615795
0.703761,4,210630.852702
0.782821,5,210633.726831
0.983985,3,210637.941599
0.996036,3,210639.944743
0.745239,4,210643.586616
0.974108,3,210646.08848
0.336315,3,210672.501352
0.864588,3,210676.377147
0.978819,3,210678.524665
0.856151,4,210685.663375
0.356196,5,210703.615499
0.882371,3,210707.813439
0.894448,3,210713.278446
0.504116,3,210721.773378
0.0,8,210815.389944
0.913425,3,210818.402347
0.930408,3,210821.339614
0.767595,5,210830.745458
0.92261,3,210836.061888
0.343402,6,210858.076076
0.4458,5,210858.584925
0.960524,3,210861.046608
0.953778,3,210863.595682
0.845298,4,210871.099543
0.860023,3,210877.416597
0.998849,3,210879.334518
0.967335,3,210881.906015
0.690572,3,210890.894387
0.719198,3,210902.985953
0.747074,3,210909.105617
0.840928,3,210913.0963
0.876037,3,210916.484493
0.947464,5,210922.905894
0.696122,3,210928.209686
0.858827,3,210931.792495
0.336315,3,210958.322932
0.675116,4,210961.999559
0.689832,4,210974.855232
0.701166,3,210982.845966
0.905294,4,210985.625868
0.907521,3,210990.803226
0.953883,3,210993.466725
0.91034,3,210996.947103
0.996036,3,210998.939295
0.998849,3,211000.850776
0.880942,3,211005.039185
0.93584,3,211007.936143
0.956883,3,211008.013703
0.594605,6,211013.085555
0.902245,4,211020.406949
0.880942,3,211024.66053
0.990795,3,211026.873056
0.529657,5,211027.058109
0.513869,3,211039.092385
0.880942,3,211043.305492
0.959987,3,211043.377333
0.909837,3,211048.912454
0.743493,3,211053.865894
0.858827,3,211057.506803
0.451311,5,211057.884531
0.964161,3,211060.529687
0.800385,4,211068.734529
0.994973,3,211070.869508
0.751767,3,211076.532498
0.829774,4,211084.276766
0.0,3,211144.984069
0.265055,4,211149.61248
0.343402,3,211171.546919
0.0,4,211217.518325
0.861774,4,211220.077322
0.451394,5,211220.442261
0.998849,3,211224.356936
0.919575,3,211227.380846
0.89,3,211230.059075
0.694998,4,211233.693609
0.964298,3,211236.199198
0.947695,3,211236.272794
0.873848,5,211239.083124
0.83396,4,211246.961622
0.929032,3,211250.161155
0.887775,4,211256.790275
0.98689,3,211258.764604
0.880935,3,211263.192171
0.974108,3,211265.727173
0.809935,3,211271.74503
0.879474,3,211275.037553
0.806081,4,211277.852322
0.879125,4,211284.538072
0.916307,4,211291.395323
0.905497,4,211294.545371
0.8645,3,211299.279617
0.879474,3,211302.557919
0.944689,3,211302.630965
0.772919,6,211305.932018
0.889421,3,211311.570719
0.678551,5,211311.709394
0.0,4,211313.197074
0.92261,3,211318.54497
0.887193,4,211323.054465
0.0,11,211324.504068
0.912435,3,211330.2246
0.747074,3,211337.220885
0.919957,4,211340.451824
0.831522,3,211344.23534
0.824882,3,211349.657801
2e-06,9,211398.238591
0.924352,4,211405.079055
0.608904,3,211411.775611
0.445681,5,211412.273284
0.996036,3,211414.280596
0.0,2,211520.003004
0.834637,4,211522.723296
0.858827,3,211526.318484
0.849489,5,211532.288049
0.792133,5,211532.531731
0.798629,4,211535.314513
0.755052,4,211543.967177
0.987613,3,211546.136853
0.89361,3,211548.773348
0.906734,4,211551.035794
0.993956,3,211553.036121
0.909837,3,211558.536575
0.0,2,211618.889767
0.832953,3,211622.931933
0.942637,3,211625.803393
0.928262,4,211628.038735
0.787139,3,211632.961185
0.909175,3,211636.028098
0.860023,3,211642.431107
0.960259,3,211642.499864
0.831522,3,211646.270103
0.936451,4,211649.150291
0.919575,3,211652.130287
0.571265,6,211652.362691
0.876037,3,211655.691597
0.829962,6,211660.624015
0.832916,4,211660.739219
0.843377,3,211660.827323
0.964298,3,211663.251564
0.942637,3,211666.132004
0.91043,4,211672.446779
0.834483,4,211675.159958
0.805165,4,211675.260252
0.852082,3,211678.906322
0.707157,4,211688.938836
0.452359,5,211689.291233
0.996584,3,211689.356549
0.998849,3,211691.25766
0.582003,4,211704.755119
0.864588,3,211708.606456
0.472947,4,211719.969872
0.829774,4,211728.417202
0.889421,3,211734.185168
0.905497,3,211737.297348
0.680817,6,211753.053905
0.996984,3,211755.036261
0.741755,4,211755.148419
0.892374,3,211760.444557
0.964298,3,211762.969324
4e-06,7,211765.983969
0.889421,3,211771.512623
0.810087,4,211774.34564
0.967377,3,211776.624779
0.985872,3,211778.613008
0.445681,5,211779.124064
0.924352,4,211785.890975
0.509174,4,211800.801064
0.959119,3,211803.230451
0.793383,4,211808.627112
0.553463,3,211819.828361
0.994011,3,211821.788363
0.998849,3,211823.709961
0.931341,3,211823.772321
0.947464,4,211830.111584
0.916375,3,211830.192466
0.848232,4,211830.29242
0.831076,3,211834.04258
0.795966,8,211834.252653
0.904127,4,211836.639522
0.838379,3,211840.355224
0.87322,3,211846.311558
0.337744,4,211855.851753
0.693524,3,211864.294558
0.921944,4,211867.512876
0.959987,3,211867.581532
0.960524,3,211870.0478
0.909175,3,211872.984488
0.928012,4,211876.201404
0.794643,4,211884.288508
0.998395,3,211888.102544
0.964298,3,211890.612487
0.0,5,211905.034296
0.93584,3,211910.493526
0.16774,4,211941.230639
0.967377,3,211943.489289
0.56857,4,211967.42319
0.920639,5,211970.723672
0.739849,4,211974.026522
0.571579,4,211974.168599
0.0,4,212079.728333
0.824882,3,212085.095598
0.336315,3,212110.999544
0.695149,4,212114.670974
0.944689,3,212114.74433
0.817616,3,212122.141166
0.885078,3,212124.840271
0.906734,4,212127.222691
0.984762,3,212129.373778
0.909837,3,212132.62137
0.831226,3,212136.493512
0.971474,3,212140.980308
0.836494,3,212141.060645
0.538379,3,212151.683278
0.987613,3,212153.833566
0.843377,3,212153.923589
0.954622,3,212156.46745
0.691033,4,212156.563997
0.953778,3,212159.071007
0.952918,3,212161.643455
0.987147,3,212161.708412
0.967958,3,212163.949901
0.0,2,212224.521247
0.513869,3,212236.270963
0.942637,3,212239.163375
0.496117,6,212255.39732
0.977304,3,212257.573844
0.55308,3,212265.062274
0.987613,3,212267.2195
6.7e-05,10,212318.786839
0.940667,3,212321.548302
0.0,4,212381.97612
0.0,3,212442.696193
0.990795,3,212444.909434
0.79853,4,212448.426866
0.0,2,212509.381734
0.423658,4,212514.998303
0.816076,4,212518.186802
0.353557,5,212537.081873
0.880935,3,212541.351348
0.862531,5,212544.160622
0.91034,3,212547.482476
0.960524,3,212550.116459
0.897055,4,212556.643648
0.932296,4,212563.591785
0.960524,3,212566.045672
0.356196,5,212583.949922
0.318184,8,212603.987843
0.876037,3,212607.358072
0.994252,3,212609.338072
0.960524,3,212611.819064
0.998395,3,212615.586458
0.215028,5,212623.430337
0.838379,3,212627.16889
0.608904,3,212634.115466
0.983068,3,212636.546665
0.780585,4,212645.206673
0.923672,3,212650.617914
0.744627,4,212656.092007
0.48561,8,212667.701063
0.521869,3,212678.963479
0.989498,3,212680.932865
0.908585,3,212681.007662
0.507974,3,212681.163786
0.725318,4,213054.651429
0.825955,3,213058.219828
0.0,4,213128.568901
0.937602,4,213132.299947
0.810087,4,213135.147704
0.919002,3,213135.221526
0.909837,3,213140.826953
0.943712,3,213143.472265
0.852513,5,213151.876102
0.960524,3,213154.399238
0.799337,4,213157.269062
0.595714,3,213167.95306
0.964161,3,213170.652829
0.894448,3,213176.033909
0.426558,4,213181.840482
0.943544,3,213184.468319
0.835965,4,213187.130738
0.452359,5,213187.481251
0.996036,3,213191.349559
0.795524,3,213197.170843
0.873423,3,213203.707855
0.665279,4,213215.01972
0.981558,3,213215.082142
0.914455,3,213219.948858
0.843377,3,213220.03757
0.991694,3,213224.136002
0.984762,3,213226.293495
0.996036,3,213228.288078
0.990233,3,213230.360247
0.953883,3,213233.003075
0.943099,3,213235.728027
0.998849,3,213237.649426
0.906462,4,213240.3269
0.952918,3,213243.012281
0.45144,6,213247.276391
0.885189,5,213250.838089
0.979949,3,213255.086872
0.914035,3,213258.103404
0.0,2,213318.464818
0.673907,3,213324.266752
0.904127,4,213326.623401
0.971474,3,213331.177958
0.960259,3,213331.248692
0.489729,4,213343.028211
0.840928,3,213347.041762
0.960524,3,213349.531237
0.919575,3,213352.57972
0.847644,3,213358.884665
0.949706,4,213358.982872
0.996036,3,213362.813778
0.906478,4,213369.469914
0.914298,4,213376.81974
0.343402,3,213398.732601
0.964298,3,213401.142071
0.942637,3,213404.028196
0.884569,5,213411.574539
0.555025,4,213411.76639
0.88776,4,213419.392664
0.777179,4,213427.760267
0.876037,3,213431.130745
0.458656,6,213431.325802
0.901664,3,213431.405238
0.836494,3,213431.483041
0.784813,4,213431.586986
0.930441,3,213434.895452
0.908585,3,213434.969152
0.907521,3,213440.126216
0.838379,4,213443.881283
0.998395,3,213447.671474
0.535943,6,213447.844479
0.795524,3,213453.832886
0.977351,3,213456.046816
0.0,2,213517.072936
0.913425,3,213519.988104
0.956883,3,213520.060317
0.953564,3,213520.130604
0.341187,7,213539.012703
0.771015,4,213542.568533
0.888536,3,213548.122526
0.452359,5,213548.465498
0.452359,5,213548.800122
0.54368,4,213559.892166
0.693524,3,213568.355359
0.984762,3,213570.553104
0.764724,7,213573.752587
0.336315,3,213599.994461
0.844928,4,213607.368501
0.271247,4,213634.618096
0.879474,3,213637.899319
0.53573,10,213643.03006
0.836494,3,213643.104612
0.356196,5,213661.04983
0.942637,3,213663.946879
0.740974,4,213677.046682
0.984762,3,213679.211871
0.601328,4,213679.353713
0.408732,4,213679.499277
0.707826,3,213687.93883
0.942309,3,213690.240117
0.0,5,213703.203948
0.507974,3,213703.356339
0.91034,3,213706.80772
0.993065,3,213708.787943
0.884055,3,213713.251223
0.926722,4,213719.259555
0.513098,5,213724.445449
0.541489,5,213735.875562
0.736352,5,213736.013459
0.801153,3,213741.906392
0.89,3,213744.559427
0.92261,3,213749.897689
0.793713,4,213753.092266
0.470455,5,213759.020151
0.960524,3,213761.467749
0.55308,3,213768.988496
0.825236,4,213771.765694
0.880935,3,213776.167084
0.690572,3,213787.970863
0.353557,6,213807.510283
0.944689,3,213807.584238
0.808959,4,213807.695316
0.864588,3,213811.649968
0.0,13,213968.757071
0.861934,4,213971.301562
0.839618,4,213978.612057
0.798481,4,213981.397207
0.852391,4,213988.859113
0.865639,4,213991.70595
0.896865,4,213991.826988
0.816124,4,213991.933748
0.545456,4,213996.52122
0.919575,3,213999.510712
0.843377,3,213999.600206
0.905497,3,214002.720941
0.787842,4,214006.196335
0.747074,3,214012.426915
0.760986,4,214012.53436
0.987613,3,214014.694749
0.909837,3,214017.98063
0.885189,4,214021.293362
0.930408,3,214024.228271
0.777179,4,214032.627961
0.846703,4,214035.294021
0.955042,3,214037.769446
0.835965,4,214040.441842
0.0,4,214041.214648
0.960524,3,214043.714227
0.811868,3,214047.998299
0.960259,3,214048.067749
0.896581,3,214050.612245
0.219843,5,214076.664782
0.844928,4,214083.996893
0.808631,4,214087.063376
0.831226,3,214090.994003
0.732268,4,214100.334812
0.958369,3,214105.340603
0.43746,5,214124.865851
0.9755,3,214127.324077
0.843377,3,214127.412645
0.898419,3,214132.376436
0.960524,3,214134.846271
0.948821,3,214137.254082
0.94836,3,214139.912835
0.944549,3,214139.985539
0.809099,3,214146.154671
0.513301,4,214161.676486
0.0,2,214222.699444
0.905412,4,214225.117378
0.884055,3,214229.385182
0.879125,4,214236.117589
0.807478,4,214238.930936
0.926421,3,214244.909953
0.947996,3,214247.337607
0.934518,3,214252.573489
0.880935,3,214256.982712
0.840928,3,214260.938133
0.909837,3,214266.405973
0.822102,5,214266.530863
0.845366,3,214270.34248
0.889218,4,214270.443364
0.793163,5,214273.657088
0.8645,3,214278.384189
0.0,2,214338.749395
0.825955,3,214342.338463
0.983985,3,214346.507091
0.0,2,214407.016678
0.0,2,214467.975297
0.0,2,214528.341449
0.7413,3,214534.027702
0.919575,3,214537.031009
0.0,2,214623.615963
0.978819,3,214625.783586
0.839904,4,214629.312255
0.879474,3,214632.62453
0.919575,3,214635.59909
0.721655,3,214642.726743
0.960524,3,214645.199203
0.7413,3,214650.889722
0.513387,7,214670.551959
0.356196,5,214688.440116
0.871284,3,214691.892104
5e-06,9,214694.41761
0.947464,4,214700.794011
0.77011,4,214700.910433
0.762936,5,214701.053326
0.799855,4,214709.156253
0.983985,3,214713.383624
0.942637,3,214716.262727
0.863172,4,214718.943965
0.955542,3,214721.330204
0.876705,4,214724.756804
0.356196,6,214742.608173
0.771248,5,214748.648667
0.884961,4,214748.756985
0.691938,5,214762.501649
0.993597,3,214764.542444
0.0,2,214824.904512
0.838379,3,214828.55729
0.875781,7,214836.119205
0.871321,5,214838.952742
0.845366,3,214842.691772
0.675116,4,214846.404431
0.983068,3,214848.728582
0.820965,4,214854.035916
0.773362,4,214862.639219
0.881833,4,214868.929787
0.993502,3,214868.999027
0.91034,3,214872.339074
0.923672,3,214877.739069
0.580516,4,214891.109827
0.521869,3,214905.938921
0.165009,4,214927.56629
0.0,5,214927.932616
0.845166,4,214932.787641
0.881833,4,214939.110109
0.949436,3,214941.674623
0.858827,3,214945.257867
0.864588,3,214949.103887
0.925985,4,214951.579567
0.773824,4,214960.325614
6.8e-05,5,215002.812595
0.724598,8,215012.791393
0.826751,4,215012.902375
0.789179,3,215021.31545
0.894448,3,215026.764229
0.979949,3,215031.081639
0.93584,3,215036.575731
0.889421,4,215042.152413
0.776298,4,215042.254795
0.971474,3,215046.876924
0.990233,3,215048.821662
0.914455,3,215053.690762
0.889256,4,215053.800749
0.673907,3,215059.573543
0.912435,3,215064.870183
0.486438,4,215065.015977
0.0,2,215125.582452
0.869706,4,215125.709592
0.949436,3,215128.185839
0.680817,5,215141.699141
0.947996,3,215144.248847
0.781638,3,215150.129478
0.989155,3,215152.116845
0.0,4,215212.734718
0.0,3,215273.133093
0.908585,3,215273.216578
0.984762,3,215275.383344
0.861774,4,215277.966078
0.673907,3,215283.719239
0.949436,3,215286.286502
0.955542,3,215288.684876
0.910649,3,215288.76302
0.909213,4,215296.010202
0.998249,3,215297.822471
0.858827,3,215301.409734
0.792699,4,215307.801985
0.964298,3,215310.508457
0.773362,4,215319.082392
0.926421,3,215325.104455
0.865346,4,215329.758597
0.871284,3,215333.183705
0.859312,4,215337.855834
0.968238,3,215340.117388
0.880935,3,215344.395311
0.94836,3,215347.058326
0.0,6,215391.971578
0.879131,4,215396.490593
0.919906,3,215399.244747
0.538379,3,215409.956882
0.802916,4,215413.439289
0.801335,4,215416.308957
0.909837,3,215421.737168
0.901664,3,215421.815805
0.787139,3,215426.767024
0.789179,3,215435.220952
0.516641,5,215440.533714
0.914455,3,215445.400862
0.944689,3,215445.482532
0.996036,3,215447.489358
0.689832,4,215460.275185
0.940667,3,215463.037421
0.927776,3,215463.117089
0.807523,4,215468.773639
0.974108,3,215471.245707
0.884055,3,215475.632906
0.888536,3,215481.278513
0.949117,4,215484.163227
0.905036,3,215484.241918
0.845556,4,215491.571696
0.887775,3,215498.061345
0.948396,5,215498.18427
0.90558,4,215500.550306
0.934518,3,215505.784958
0.0,5,215552.236058
0.771768,4,215552.341989
0.787139,3,215557.239292
0.76713,4,215565.929641
0.953883,3,215568.574513
0.960524,3,215571.070045
0.960524,3,215573.539301
0.924324,3,215578.634078
0.233354,7,215604.600994
0.582003,4,215618.220738
0.930408,3,215621.115882
0.955542,4,215623.531452
0.47348,4,215623.690935
0.892252,4,215629.869191
0.89361,3,215632.426768
0.691876,4,215645.08701
0.673907,3,215650.84682
0.960524,3,215653.328754
0.910649,3,215653.405394
0.673907,3,215659.078276
0.802302,4,215665.060485
0.738051,4,215665.197286
0.441454,3,215679.690845
0.923672,3,215685.135064
0.0,2,215745.693502
0.966034,3,215748.032542
0.881833,4,215754.399955
0.977776,3,215756.72987
0.810793,4,215759.519429
0.790035,4,215767.856414
0.811868,3,215771.946851
0.832953,3,215776.019763
0.978819,3,215778.193764
0.0,2,215838.56569
0.994246,3,215840.567959
0.935672,3,215843.412727
0.960524,3,215846.087361
0.0,5,215892.153599
0.343402,3,215913.962235
0.881833,4,215920.334267
0.669729,4,215920.461686
0.967377,3,215922.704347
0.984762,3,215924.8705
0.519662,4,215935.324332
0.809935,3,215941.336266
0.832436,4,215944.290318
0.885078,3,215947.022206
0.988758,3,215948.994443
0.858827,3,215952.57464
0.852082,3,215956.2236
0.864588,3,215960.06566
0.0,9,216021.507105
0.957259,4,216024.189684
0.840928,3,216028.229449
0.894448,3,216033.579866
0.926892,4,216037.600641
0.913425,3,216040.575386
0.0,3,216101.518972
0.776501,4,216104.464556
0.905676,4,216106.856557
0.940667,3,216109.61442
0.871284,3,216113.057989
0.949492,3,216115.581307
0.829884,4,216122.895523
0.849489,5,216128.807929
0.696122,3,216134.099923
0.935672,3,216136.959234
0.846703,4,216139.524757
0.94836,3,216142.199268
0.336315,3,216168.487041
0.914035,3,216171.541716
0.71366,3,216179.664866
0.311646,4,216179.781873
0.691774,3,216188.188687
0.934365,3,216191.544647
0.934518,3,216196.647835
0.964298,3,216199.290118
0.839148,4,216202.04013
0.967335,3,216204.602961
0.272189,6,216209.265924
0.946887,4,216212.016752
0.0,64,216216.951781
0.905676,4,216219.361099
0.871284,3,216222.767719
0.275532,6,216230.012899
0.995703,3,216231.987828
0.809935,3,216237.924896
0.92261,3,216243.25285
0.92261,3,216248.587065
0.210285,5,216256.465197
0.914455,3,216261.192236
0.845298,4,216268.716012
0.986355,3,216268.77933
0.693524,3,216277.159105
0.998249,3,216280.994513
0.953564,3,216281.066551
0.960524,3,216283.548769
0.910889,4,216285.941241
0.787139,3,216290.845423
0.93584,3,216293.638703
0.0,2,216354.004354
0.673907,3,216359.825306
0.880935,3,216364.233192
0.930408,3,216367.179953
0.693524,3,216375.600688
0.402663,5,216380.189611
0.990233,3,216382.242435
0.80726,4,216387.508866
0.769949,4,216387.633624
0.0,3,216448.225815
6.8e-05,6,216451.078803
0.452359,5,216451.422594
0.996036,3,216453.413457
0.914035,3,216456.415614
0.513453,4,216461.674054
0.847644,3,216468.043219
0.912435,3,216473.464947
0.0,7,216474.750212
0.773094,4,216478.221359
0.996237,4,216482.23621
0.978819,3,216484.400159
0.347212,5,216484.784029
0.946668,3,216484.854746
0.95944,3,216487.28489
0.926094,3,216487.359334
0.871284,3,216490.788852
0.922547,4,216492.887255
0.947996,3,216495.394565
0.816911,4,216495.503488
0.944689,3,216495.577401
0.623726,4,216514.035939
0.516641,9,216519.340989
0.356196,5,216537.254362
0.967958,3,216539.536631
0.732876,4,216546.947571
0.0,11,216814.758406
0.91034,3,216818.201392
0.94836,3,216820.897827
0.968238,3,216823.191668
0.748254,5,216828.781406
0.959987,3,216828.855959
0.935651,4,216831.257574
0.756705,4,216840.088335
0.831226,3,216843.954198
0.695149,4,216847.566407
0.909837,3,216853.074811
0.980323,3,216855.308972
0.85086,4,216857.938497
0.960524,3,216860.447186
0.880935,3,216864.84852
0.774076,5,216864.979427
0.333565,5,216865.116954
0.957191,3,216867.519577
0.908499,3,216871.121092
0.962919,3,216871.189236
0.0,2,216931.779507
0.983985,3,216935.962727
0.832916,4,216936.084625
0.912202,4,216938.468196
0.884055,3,216942.86158
0.908499,3,216946.57128
0.8645,3,216951.21838
0.777179,4,216959.596706
0.92533,4,216962.02737
0.451436,6,216966.423532
0.968238,3,216970.781246
0.838379,3,216974.525836
0.353557,5,216993.688179
0.985872,3,216997.863207
0.978819,3,217000.020895
0.839618,4,217007.286256
0.960524,3,217009.746864
0.831047,4,217012.805865
0.835822,5,217020.483691
0.511373,4,217035.706565
0.953883,3,217038.361117
0.328205,5,217043.135999
0.937501,4,217049.74048
0.809099,3,217055.906926
0.489411,4,217056.053064
0.948551,4,217058.274511
0.755287,4,217058.385171
0.792133,5,217058.629873
0.956883,3,217058.703114
0.987423,3,217058.770479
0.960524,3,217061.3046
0.998395,3,217065.136643
0.750111,4,217068.525311
0.953778,3,217071.03237
0.454028,6,217089.507228
0.931421,3,217089.576943
0.939535,3,217094.260944
0.959987,3,217094.356748
0.0,9,217164.660323
0.805301,4,217170.442275
0.996036,3,217172.436337
0.369089,4,217172.586386
0.884057,4,217172.698502
0.991275,3,217174.736141
0.94836,3,217177.438433
0.91034,3,217180.914244
0.89361,3,217183.474334
0.188807,5,217183.692857
0.336315,3,217209.889228
0.743493,3,217214.744201
0.8645,3,217219.364432
0.968238,3,217221.647636
0.354305,6,217234.810383
0.967335,3,217237.328394
0.310504,4,217241.900328
0.978905,4,217247.441016
0.513098,5,217252.688765
0.989498,3,217254.774043
0.831076,3,217258.500787
0.55308,3,217266.308756
0.388834,4,217266.45351
0.858827,3,217270.042816
0.802302,4,217275.957136
0.994442,3,217277.938551
0.747074,3,217284.097305
0.99044,3,217286.116593
0.521869,3,217297.272902
0.0,2,217358.342838
0.781638,3,217364.558141
0.852082,5,217372.847007
0.885789,3,217376.836637
0.82105,4,217380.027244
0.809099,3,217386.214912
0.909837,3,217391.712827
0.966034,3,217394.040761
0.919575,3,217397.031374
0.38348,6,217406.726624
0.928708,3,217406.797441
0.996036,3,217408.798097
0.871284,3,217412.131427
0.627568,3,217421.697637
0.721831,4,217807.083587
0.781638,3,217812.959547
0.842096,4,217815.579825
0.675116,4,217819.288229
0.859151,4,217824.208695
0.950829,3,217824.281771
0.869545,6,217826.852266
0.984762,3,217829.01068
0.964298,3,217831.543343
0.800385,4,217839.729535
0.673907,3,217845.459682
0.693524,3,217853.827711
0.94836,3,217856.524541
0.9755,3,217858.90001
0.960524,3,217861.362833
0.959987,3,217861.43434
6.4e-05,7,217865.512206
0.882371,3,217869.787896
0.0,7,217877.673593
0.91034,3,217881.162222
0.535322,5,217892.535074
0.000256,6,217893.216611
0.932325,4,217896.917618
0.506866,4,217897.063071
0.864588,3,217900.919719
0.960524,3,217903.367767
0.808242,4,217911.504968
0.849947,4,217914.089345
0.8645,3,217918.98681
0.793225,4,217919.090315
0.897452,4,217925.81214
0.954622,3,217928.327292
0.356196,5,217945.917702
0.945186,4,217948.27928
0.847644,3,217954.661147
0.941245,3,217954.734184
0.467211,4,217954.99266
0.953883,3,217957.621044
0.998849,3,217961.534909
0.930441,3,217964.830619
0.914035,4,217967.85116
0.996038,3,217969.791373
0.758421,6,217972.911234
0.849489,5,217978.998208
0.960524,3,217981.441982
0.759667,5,217987.262495
0.939197,3,217990.221444
0.849542,4,217990.331865
0.80008,4,217995.709294
0.934365,3,217999.022565
0.196977,5,218025.200595
0.957191,3,218027.604711
0.919575,3,218030.583276
0.582365,4,218044.125933
0.342027,6,218060.125288
0.880942,3,218064.18706
0.767244,4,218073.217859
0.953883,3,218075.734671
0.998249,3,218079.580369
0.885789,3,218083.488266
0.356196,5,218101.125236
0.964161,3,218103.798813
0.734651,4,218107.275019
0.792699,4,218113.635721
0.667788,3,218124.207901
0.996439,3,218126.133369
0.787139,3,218131.048684
0.932693,4,218134.430482
0.727302,4,218138.368673
0.836494,3,218138.444999
0.966034,3,218140.738545
0.845366,3,218144.482141
0.984762,3,218146.678228
0.452359,5,218147.013892
0.986586,3,218147.080604
0.91034,3,218150.423341
0.691938,5,218164.179925
0.689832,4,218176.843425
0.964161,3,218179.46806
0.727377,4,218188.319388
0.751081,3,218194.673767
0.321,5,218194.846279
0.960514,3,218197.575422
0.871352,4,218202.196959
0.74036,4,218205.454762
0.800385,4,218213.763953
0.832953,3,218217.994046
0.93584,3,218221.140479
0.0,5,218236.612389
0.516838,4,218252.085743
0.913218,3,218252.158996
0.996036,3,218256.184688
0.845366,3,218260.14119
0.94836,3,218263.232842
0.0,4,218264.102612
0.0,18,218283.843409
0.990795,3,218286.234832
0.336315,3,218312.89504
0.835822,4,218320.515555
0.813332,4,218328.442501
0.876097,4,218331.166372
0.879125,4,218337.902573
0.978819,3,218342.421742
3e-06,6,218405.19448
0.839618,7,218412.709394
0.336315,3,218438.767675
0.945459,4,218441.68233
0.919575,3,218444.860671
0.860023,3,218451.151233
0.832953,3,218455.199659
0.55308,3,218462.656559
0.852082,3,218466.292758
0.642188,4,218477.642471
0.9381,3,218480.15095
0.923762,4,218483.724655
0.953778,3,218486.238278
0.990253,3,218486.303339
0.858827,3,218489.840451
0.943544,3,218492.42399
0.353557,5,218511.447101
0.908499,3,218515.001398
0.507974,3,218515.152795
0.862172,6,218522.459836
0.909837,3,218525.863641
0.998395,3,218529.61036
0.978819,3,218533.977019
0.947996,3,218536.518812
0.94836,3,218539.18333
0.347212,5,218539.578526
0.949666,3,218541.984325
0.824882,3,218547.270036
0.990233,3,218549.303037
0.608904,3,218555.981738
0.55308,3,218563.497181
0.909837,3,218566.791887
0.267113,4,218571.33181
0.904633,3,218574.295219
0.898166,4,218580.834374
0.8645,3,218585.5793
0.847644,3,218591.935537
0.996036,3,218593.931419
0.998849,3,218595.807699
0.943712,3,218598.397507
0.509854,5,218598.590749
0.955042,3,218601.168753
0.996036,3,218603.176363
0.507974,3,218603.347661
0.553463,3,218614.520912
0.516838,4,218630.003212
0.884055,3,218634.433172
0.93584,3,218637.293376
0.67429,4,218640.998176
0.908585,3,218641.071526
0.795524,3,218646.856228
0.942355,4,218653.517562
0.960524,3,218655.999525
0.746764,4,218659.507855
0.960524,3,218661.950799
0.924331,4,218665.975016
0.952918,3,218668.65237
0.964298,3,218671.187361
0.792133,5,218671.43153
0.892238,3,218674.919037
0.0,2,218736.268063
0.673907,3,218766.280035
0.582365,4,218780.051528
0.920699,6,218783.524544
0.790147,4,218786.620746
0.896748,4,218789.717398
0.983985,3,218794.07717
0.767244,4,218803.126298
0.813024,4,218803.239592
0.979949,3,218807.724738
0.905497,3,218810.934625
0.968238,3,218813.281531
0.909837,3,218816.737108
0.910847,4,218820.325628
0.871284,3,218823.858487
0.930408,3,218826.832211
0.89361,3,218829.597938
0.922979,3,218829.67638
0.707826,3,218838.710088
0.792699,4,218845.631201
0.886285,4,218850.129298
0.953883,3,218853.699987
0.89361,3,218856.355596
0.763442,4,218860.126796
0.909837,3,218863.535115
0.940667,3,218866.350267
0.914035,3,218869.787308
0.92927,3,218872.389587
0.8884,4,218872.512544
0.987613,3,218874.769942
0.737714,4,218883.938905
0.896865,4,218884.045949
0.909175,3,218887.291126
0.767244,4,218896.373504
0.935672,3,218899.27029
0.864588,4,218903.194957
0.776524,5,218912.038717
0.831076,3,218915.972744
0.935672,3,218918.924927
0.937651,3,218922.115065
0.707826,3,218930.800248
6e-06,4,218931.327115
0.908499,3,218935.067297
0.953883,3,218937.753576
0.84594,3,218946.781099
0.864369,8,218959.404819
0.889421,3,218964.834903
0.735158,4,218968.055165
0.905412,4,218970.41791
0.0,7,218972.447923
0.809099,3,218979.150474
0.909837,3,218982.47455
0.924352,4,218989.278194
0.948613,3,218991.7816
0.923672,3,218997.253879
0.690572,3,219006.036985
0.984762,3,219008.180446
0.865428,4,219012.879473
0.0,64,219017.877527
0.860023,3,219024.334998
0.89,3,219027.01413
0.4458,5,219027.525349
