device_id,circuit_id,split,family,generator,num_qubits,depth,size,attempts_expected,attempts_observed,success_count,failure_count,timeout_count,success_rate,transpile_success_n,transpile_median_s,transpile_mean_s,transpile_p95_s,transpile_max_s,eligible_configurations,best_config_id,best_median_score
ibm_heron_133,ae_indep_qiskit_10,train,ae,qiskit,10,54,101,36,36,30,0,6,0.8333333333333334,30,0.045169330507633276,0.09173964259874386,0.30523147444691856,0.314170642013778,10,o3_default_default,0.735200479
ibm_heron_133,ae_indep_qiskit_11,train,ae,qiskit,11,60,117,36,36,30,0,6,0.8333333333333334,30,0.030884373001754284,0.03587539980120103,0.0562898203563236,0.06904193799709901,10,o3_default_default,0.7273063178
ibm_heron_133,ae_indep_qiskit_12,train,ae,qiskit,12,66,134,36,36,30,0,6,0.8333333333333334,30,0.03772771349758841,0.0396779021320981,0.0761460901943792,0.08773459200165235,10,o3_default_default,0.6675923656
ibm_heron_133,ae_indep_qiskit_13,train,ae,qiskit,13,72,152,36,36,30,0,6,0.8333333333333334,30,0.03521257350075757,0.04039285913410519,0.078062085845886,0.08650900100474246,10,o2_default_default,0.6213425879
ibm_heron_133,ae_indep_qiskit_2,train,ae,qiskit,2,6,9,36,36,36,0,0,1.0,36,0.012497067502408754,0.013188615803907547,0.01704640574826044,0.018500771999242716,12,o3_default_default,0.9971113609
ibm_heron_133,ae_indep_qiskit_3,train,ae,qiskit,3,12,17,36,36,36,0,0,1.0,36,0.016604595999524463,0.826504421833508,5.658011729494319,5.89893755200319,12,o3_default_default,0.9850691247
ibm_heron_133,ae_indep_qiskit_30,train,ae,qiskit,30,174,611,36,36,30,0,6,0.8333333333333334,30,0.12564170949917752,0.1732424044996151,0.44191680774820263,0.5304741489962908,10,o3_default_default,0.0548907035
ibm_heron_133,ae_indep_qiskit_4,train,ae,qiskit,4,18,26,36,36,36,0,0,1.0,36,0.01806791949638864,2.6109249484171517,17.114226802750636,19.717724557005567,12,o2_dense_sabre,0.974489205
ibm_heron_133,ae_indep_qiskit_40,train,ae,qiskit,40,234,1016,36,36,30,0,6,0.8333333333333334,30,0.14632997699663974,0.22227775126618024,0.6335831980475629,0.725069413005258,10,o3_default_default,0.0040240297
ibm_heron_133,ae_indep_qiskit_5,train,ae,qiskit,5,24,36,36,36,36,0,0,1.0,36,0.019444826502876822,2.173796608582456,12.94478006099962,14.16662334499415,12,o3_default_default,0.9508577277
ibm_heron_133,ae_indep_qiskit_50,train,ae,qiskit,50,294,1521,36,36,30,0,6,0.8333333333333334,30,0.2943494959981763,1.0320127676687358,7.552430829696094,7.730616394008393,10,o2_default_default,0.0004620344
ibm_heron_133,ae_indep_qiskit_6,train,ae,qiskit,6,30,47,36,36,34,0,2,0.9444444444444444,34,0.030602366496168543,2.3992944249411643,20.114816894458635,20.836231573994155,10,o3_default_default,0.9329239932
ibm_heron_133,ae_indep_qiskit_60,train,ae,qiskit,60,354,2126,36,36,29,0,7,0.8055555555555556,29,0.3105504999984987,1.697440415001192,12.683950468599996,14.065303979000007,9,o3_default_default,2.01784e-05
ibm_heron_133,ae_indep_qiskit_7,train,ae,qiskit,7,36,59,36,36,34,0,2,0.9444444444444444,34,0.02094701549999911,7.445541917941176,55.28948630139989,90.75541307499998,10,o3_default_default,0.8916802663
ibm_heron_133,ae_indep_qiskit_8,train,ae,qiskit,8,42,72,36,36,32,0,4,0.8888888888888888,32,0.01719447250000883,3.702599467375003,25.887186477949935,60.427012209000026,10,o3_default_default,0.8520282486
ibm_heron_133,ae_indep_qiskit_9,train,ae,qiskit,9,48,86,36,36,31,0,5,0.8611111111111112,31,0.020711450000021614,2.876011081064506,0.03745246649998535,88.474688168,10,o2_default_default,0.7897808833
ibm_heron_133,ae_indep_tket_10,train,ae,tket,10,63,119,36,36,30,0,6,0.8333333333333334,30,0.01971207099998651,0.0240654547666774,0.04987337540000565,0.05309856500002752,10,o3_default_default,0.7351324003
ibm_heron_133,ae_indep_tket_11,train,ae,tket,11,70,137,36,36,30,0,6,0.8333333333333334,30,0.024178468499997052,0.02917494233332718,0.050211146649985494,0.055409773999940626,10,o3_default_default,0.7274420695
ibm_heron_133,ae_indep_tket_12,train,ae,tket,12,77,156,36,36,30,0,6,0.8333333333333334,30,0.023258312499990552,0.02757191296666027,0.05329183709997662,0.06331575799993061,10,o3_default_default,0.667916844
ibm_heron_133,ae_indep_tket_2,train,ae,tket,2,7,11,36,36,36,0,0,1.0,36,0.011140091999948254,0.01178335519443547,0.016437483999965252,0.017270080000002963,12,o2_default_default,0.9971113609
ibm_heron_133,ae_indep_tket_3,train,ae,tket,3,14,21,36,36,36,0,0,1.0,36,0.014435907999995834,0.8151390181111,5.61651902074999,5.863907777999998,12,o3_default_default,0.9850691247
ibm_heron_133,ae_indep_tket_30,train,ae,tket,30,203,669,36,36,30,0,6,0.8333333333333334,30,0.09372524150001027,0.12602568160000374,0.3105410235499958,0.3693624640000053,10,o3_default_default,0.0549143742
ibm_heron_133,ae_indep_tket_4,train,ae,tket,4,21,32,36,36,36,0,0,1.0,36,0.017772552000053565,2.5969387596388933,17.596652375500042,19.16261652600008,12,o3_default_default,0.9745758663
ibm_heron_133,ae_indep_tket_40,train,ae,tket,40,273,1094,36,36,30,0,6,0.8333333333333334,30,0.12908259600004612,0.19333387376667968,0.5457878448500193,0.6331184530000655,10,o3_default_default,0.0040056054
ibm_heron_133,ae_indep_tket_5,train,ae,tket,5,28,44,36,36,36,0,0,1.0,36,0.016979128499940543,2.1742685191944324,13.321923856249981,14.544221065000102,12,o3_default_default,0.9506733664
ibm_heron_133,ae_indep_tket_50,train,ae,tket,50,343,1619,36,36,30,0,6,0.8333333333333334,30,0.22475781750006263,0.2933356192666793,0.8109326096500467,1.0798046969998722,10,o2_default_default,0.0004608483
ibm_heron_133,ae_indep_tket_6,train,ae,tket,6,35,57,36,36,36,0,0,1.0,36,0.020476080500088756,3.736122507027795,22.22967486150003,28.012573960000054,12,o3_default_default,0.9326670337
ibm_heron_133,ae_indep_tket_7,train,ae,tket,7,42,71,36,36,34,0,2,0.9444444444444444,34,0.01787795449990881,7.637119888029394,55.279745581049966,97.89590090299998,10,o3_default_default,0.8914190464
ibm_heron_133,ae_indep_tket_8,train,ae,tket,8,49,86,36,36,32,0,4,0.8888888888888888,32,0.017643004499973358,3.566965218937476,23.740567894899886,60.85391000699997,10,o3_default_default,0.851526052
ibm_heron_133,ae_indep_tket_9,train,ae,tket,9,56,102,36,36,31,0,5,0.8611111111111112,31,0.01874075800014907,2.9143766156128903,0.04402409049998823,89.71771486600005,10,o2_default_default,0.7897867164
ibm_heron_133,dj_indep_qiskit_10,train,dj,qiskit,10,12,37,36,36,36,0,0,1.0,36,0.016990292999935264,2.383524967638866,14.907688795500064,15.251113734,12,o2_default_default,0.953030208
ibm_heron_133,dj_indep_qiskit_11,train,dj,qiskit,11,13,41,36,36,36,0,0,1.0,36,0.017038179499991202,2.6089584068055527,15.736318509,16.980636944000025,12,o2_default_default,0.9576760792
ibm_heron_133,dj_indep_qiskit_12,train,dj,qiskit,12,14,45,36,36,36,0,0,1.0,36,0.017701949500064984,3.030545809583322,18.22646096774986,18.888322226000128,12,o2_default_default,0.9420670427
ibm_heron_133,dj_indep_qiskit_13,train,dj,qiskit,13,15,49,36,36,36,0,0,1.0,36,0.02062359450007989,3.506836846055541,20.96042159899997,21.875460315000055,12,o3_default_default,0.9396830507
ibm_heron_133,dj_indep_qiskit_14,train,dj,qiskit,14,16,53,36,36,36,0,0,1.0,36,0.0208598554999071,4.350403917749999,26.22662875750001,27.133907279999903,12,o3_default_default,0.9301032134
ibm_heron_133,dj_indep_qiskit_15,train,dj,qiskit,15,17,57,36,36,36,0,0,1.0,36,0.020621247999883963,4.5571711013610825,27.279976173000023,29.423601194999947,12,o3_default_default,0.9258154124
ibm_heron_133,dj_indep_qiskit_16,train,dj,qiskit,16,18,61,36,36,36,0,0,1.0,36,0.021564066999985698,4.715888890138905,28.910533057500118,29.46415616100012,12,o3_default_default,0.9197941582
ibm_heron_133,dj_indep_qiskit_17,train,dj,qiskit,17,19,65,36,36,36,0,0,1.0,36,0.022147985000060544,4.78079073452779,28.73652504650005,30.639046181999902,12,o3_default_default,0.9092125737
ibm_heron_133,dj_indep_qiskit_18,train,dj,qiskit,18,20,69,36,36,36,0,0,1.0,36,0.022944751499835547,5.777290655916659,34.72771607674997,36.907755482999846,12,o3_default_default,0.9013099693
ibm_heron_133,dj_indep_qiskit_19,train,dj,qiskit,19,21,73,36,36,36,0,0,1.0,36,0.02077845599990269,6.55121598855553,40.66237184574999,42.52187592999985,12,o3_default_default,0.900281712
ibm_heron_133,dj_indep_qiskit_2,train,dj,qiskit,2,4,5,36,36,36,0,0,1.0,36,0.012275241499878575,0.012366052333308945,0.015180698750100419,0.015858846999890375,12,o3_default_default,0.999435863
ibm_heron_133,dj_indep_qiskit_20,train,dj,qiskit,20,22,77,36,36,30,0,6,0.8333333333333334,30,0.02043864699999176,0.02288656110001739,0.039681711199943945,0.04206129600015629,10,o3_default_default,0.8868123669
ibm_heron_133,dj_indep_qiskit_21,train,dj,qiskit,21,23,81,36,36,32,0,4,0.8888888888888888,32,0.01890434599999935,2.639234199937505,18.74025604759999,42.168001324000215,10,o3_default_default,0.8817495224
ibm_heron_133,dj_indep_qiskit_22,train,dj,qiskit,22,24,85,36,36,34,0,2,0.9444444444444444,34,0.02156925200006299,5.16770228920589,44.05431493624998,44.26517294900009,10,o3_default_default,0.8731479233
ibm_heron_133,dj_indep_qiskit_23,train,dj,qiskit,23,25,89,36,36,34,0,2,0.9444444444444444,34,0.021139710000056766,5.396458101500029,45.385424661250134,46.6880494080001,10,o3_default_default,0.873875956
ibm_heron_133,dj_indep_qiskit_24,train,dj,qiskit,24,26,93,36,36,32,0,4,0.8888888888888888,32,0.022389073999988796,3.3307466583437275,22.796817783050038,55.19089165799983,10,o3_default_default,0.8637944752
ibm_heron_133,dj_indep_qiskit_25,train,dj,qiskit,25,27,97,36,36,34,0,2,0.9444444444444444,34,0.021562664999919434,7.116945966676426,60.31277050559995,60.89844284800006,10,o3_default_default,0.8605199487
ibm_heron_133,dj_indep_qiskit_26,train,dj,qiskit,26,28,101,36,36,32,0,4,0.8888888888888888,32,0.0241691334999814,3.750857716843754,26.511576553100035,60.256596553000236,10,o3_default_default,0.8520542033
ibm_heron_133,dj_indep_qiskit_27,train,dj,qiskit,27,29,105,36,36,32,0,4,0.8888888888888888,32,0.026628430999835473,3.989369166062559,28.34334991295002,63.7150876730002,10,o3_default_default,0.8500713156
ibm_heron_133,dj_indep_qiskit_28,train,dj,qiskit,28,30,109,36,36,30,0,6,0.8333333333333334,30,0.020233305500141796,0.03400946210003895,0.08609816264997788,0.09918356500020309,10,o3_default_default,0.8449988875
ibm_heron_133,dj_indep_qiskit_29,train,dj,qiskit,29,31,113,36,36,34,0,2,0.9444444444444444,34,0.02614459949995762,8.098013796411765,67.18969404304994,72.8630534050003,10,o3_default_default,0.8417354965
ibm_heron_133,dj_indep_qiskit_3,train,dj,qiskit,3,5,9,36,36,36,0,0,1.0,36,0.011711753500094346,0.01252144502775031,0.018727869000144892,0.021275218000027962,12,o3_default_default,0.995691374
ibm_heron_133,dj_indep_qiskit_30,train,dj,qiskit,30,32,117,36,36,30,0,6,0.8333333333333334,30,0.019115595500124982,0.03731269113325955,0.1234213195499478,0.1387136250000367,10,o3_default_default,0.8337139753
ibm_heron_133,dj_indep_qiskit_4,train,dj,qiskit,4,6,13,36,36,36,0,0,1.0,36,0.012021223000147074,0.01225078602774627,0.014784061499881318,0.01590714400026627,12,o3_default_default,0.9893820245
ibm_heron_133,dj_indep_qiskit_40,train,dj,qiskit,40,42,157,36,36,30,0,6,0.8333333333333334,30,0.024184971500062602,0.0885096704000413,0.573167024300119,0.6771223760001703,10,o3_default_default,0.7715351388
ibm_heron_133,dj_indep_qiskit_5,train,dj,qiskit,5,7,17,36,36,36,0,0,1.0,36,0.015002203999756603,0.6931821815277317,4.408670690249892,5.030186584999683,12,o3_default_default,0.9862175013
ibm_heron_133,dj_indep_qiskit_50,train,dj,qiskit,50,52,197,36,36,30,0,6,0.8333333333333334,30,0.022742406000133997,0.30796549489994807,2.7101782778499452,2.8754997000000913,10,o3_default_default,0.7105430329
ibm_heron_133,dj_indep_qiskit_6,train,dj,qiskit,6,8,21,36,36,36,0,0,1.0,36,0.014116208999894297,1.3918693816944168,9.06301234124976,10.38310196500015,12,o3_default_default,0.9796129495
ibm_heron_133,dj_indep_qiskit_60,train,dj,qiskit,60,62,237,36,36,30,0,6,0.8333333333333334,30,0.028090497499988487,1.0300990751334211,8.726324764650029,12.343532143000175,10,o3_default_default,0.6667315762
ibm_heron_133,dj_indep_qiskit_7,train,dj,qiskit,7,9,25,36,36,36,0,0,1.0,36,0.01630240049985332,1.382036782972212,8.578783822250216,10.590668419999929,12,o2_dense_sabre,0.9654524446
ibm_heron_133,dj_indep_qiskit_70,train,dj,qiskit,70,72,277,36,36,30,0,6,0.8333333333333334,30,0.03753525549996084,1.6682658800000203,16.077987347899967,16.558952083999884,10,o3_default_default,0.6167560493
ibm_heron_133,dj_indep_qiskit_8,train,dj,qiskit,8,10,29,36,36,36,0,0,1.0,36,0.016346175500075333,2.0301080069722275,8.174468539750023,34.641304470999785,12,o2_default_default,0.9644016265
ibm_heron_133,dj_indep_qiskit_80,train,dj,qiskit,80,82,317,36,36,30,0,6,0.8333333333333334,30,0.0357893544999115,1.7225040522333377,16.558668472650147,17.303833338000004,10,o3_default_default,0.5654968865
ibm_heron_133,dj_indep_qiskit_9,train,dj,qiskit,9,11,33,36,36,36,0,0,1.0,36,0.014938927000002877,2.250516630805464,12.760989395749789,19.89732071699973,12,o3_default_default,0.9654918426
ibm_heron_133,dj_indep_qiskit_90,train,dj,qiskit,90,92,357,36,36,30,0,6,0.8333333333333334,30,0.03955941599997459,1.7708428037333457,16.98190971564993,17.624259906000134,10,o3_default_default,0.5271446645
ibm_heron_133,dj_indep_tket_10,train,dj,tket,10,14,50,36,36,36,0,0,1.0,36,0.016452174000050945,2.533748746277764,15.75300631999994,16.039217453999754,12,o2_default_default,0.9527616892
ibm_heron_133,dj_indep_tket_11,train,dj,tket,11,15,56,36,36,36,0,0,1.0,36,0.017375792499933596,2.7223462243610914,16.29813631649995,17.056476973999906,12,o3_default_default,0.952686648
ibm_heron_133,dj_indep_tket_12,train,dj,tket,12,15,60,36,36,36,0,0,1.0,36,0.017247425499817837,2.906873583277767,17.51868997050019,19.105491537000034,12,o2_default_default,0.9418872722
ibm_heron_133,dj_indep_tket_13,train,dj,tket,13,17,66,36,36,36,0,0,1.0,36,0.018929670000034093,3.5879010142499888,21.482117779749956,22.242756397999983,12,o3_default_default,0.9364005101
ibm_heron_133,dj_indep_tket_14,train,dj,tket,14,18,72,36,36,36,0,0,1.0,36,0.01971584000011717,4.542399007388907,27.114373706999913,28.697345627999766,12,o3_default_default,0.9302825646
ibm_heron_133,dj_indep_tket_15,train,dj,tket,15,18,76,36,36,36,0,0,1.0,36,0.020390936999774567,4.657516355499979,28.10569805050011,28.63303516799988,12,o3_default_default,0.9256391712
ibm_heron_133,dj_indep_tket_16,train,dj,tket,16,19,80,36,36,36,0,0,1.0,36,0.02206190099991545,4.787033652361099,28.741678916249953,29.013861901999917,12,o3_default_default,0.9196207397
ibm_heron_133,dj_indep_tket_17,train,dj,tket,17,21,86,36,36,36,0,0,1.0,36,0.02299313899993649,4.92677673763895,29.69102592325021,30.384758197000338,12,o3_default_default,0.9092984592
ibm_heron_133,dj_indep_tket_18,train,dj,tket,18,21,90,36,36,36,0,0,1.0,36,0.021705912000015815,5.821115323499965,35.214806590500075,36.01079216299968,12,o3_default_default,0.9012231492
ibm_heron_133,dj_indep_tket_19,train,dj,tket,19,22,94,36,36,36,0,0,1.0,36,0.01931374900004812,6.612382170361065,41.51374892524973,41.72410928499994,12,o3_default_default,0.899783571
ibm_heron_133,dj_indep_tket_2,train,dj,tket,2,6,8,36,36,36,0,0,1.0,36,0.0110529315002168,0.011667508305537113,0.01571170799979882,0.019415384999774687,12,o3_default_default,0.999435863
ibm_heron_133,dj_indep_tket_20,train,dj,tket,20,23,98,36,36,30,0,6,0.8333333333333334,30,0.019142781000255127,0.022518204966642467,0.03735920584992982,0.043865809999715566,10,o3_default_default,0.8880508907
ibm_heron_133,dj_indep_tket_21,train,dj,tket,21,24,102,36,36,32,0,4,0.8888888888888888,32,0.019898222000165333,2.729408578499985,19.45091091164979,43.44622812500029,10,o3_default_default,0.8842228785
ibm_heron_133,dj_indep_tket_22,train,dj,tket,22,25,106,36,36,34,0,2,0.9444444444444444,34,0.02228073400010544,5.234837126558793,44.0848186169499,45.828662180000265,10,o3_default_default,0.8729765775
ibm_heron_133,dj_indep_tket_23,train,dj,tket,23,27,112,36,36,34,0,2,0.9444444444444444,34,0.020250986000064586,5.37063887544118,45.698396639450266,46.25088034700002,10,o3_default_default,0.8787496686
ibm_heron_133,dj_indep_tket_24,train,dj,tket,24,27,116,36,36,32,0,4,0.8888888888888888,32,0.020074302500006524,3.2881166062188214,23.33420778845017,52.645414839000296,10,o3_default_default,0.8709760643
ibm_heron_133,dj_indep_tket_25,train,dj,tket,25,28,120,36,36,34,0,2,0.9444444444444444,34,0.02214988650007399,6.768855762147094,56.98320845370006,59.48524371299982,10,o3_default_default,0.8656407857
ibm_heron_133,dj_indep_tket_26,train,dj,tket,26,30,126,36,36,32,0,4,0.8888888888888888,32,0.02404897299993536,3.730928431468726,26.445851074850047,59.77915364299997,10,o3_default_default,0.8514891364
ibm_heron_133,dj_indep_tket_27,train,dj,tket,27,31,132,36,36,32,0,4,0.8888888888888888,32,0.02038720500013369,3.807645418406267,27.017676743449694,60.97571162000031,10,o3_default_default,0.8513882884
ibm_heron_133,dj_indep_tket_28,train,dj,tket,28,31,136,36,36,30,0,6,0.8333333333333334,30,0.023847834999969564,0.0348730839000685,0.09458887764997143,0.10160943100026998,10,o3_default_default,0.8474248788
ibm_heron_133,dj_indep_tket_29,train,dj,tket,29,32,140,36,36,34,0,2,0.9444444444444444,34,0.022979494000082923,8.248004048323605,69.44200859345051,71.8029764769999,10,o3_default_default,0.8411750415
ibm_heron_133,dj_indep_tket_3,train,dj,tket,3,7,14,36,36,36,0,0,1.0,36,0.012317202999838628,0.012314400833399,0.015508393000345677,0.017900449999615375,12,o3_default_default,0.995790929
ibm_heron_133,dj_indep_tket_30,train,dj,tket,30,34,146,36,36,30,0,6,0.8333333333333334,30,0.02461006500016083,0.04082617650007402,0.13924192564991242,0.15571283499957644,10,o3_default_default,0.8292413151
ibm_heron_133,dj_indep_tket_4,train,dj,tket,4,7,18,36,36,36,0,0,1.0,36,0.012499931499860395,0.012559796805615205,0.014903150250120234,0.015802495999196253,12,o3_default_default,0.9893820245
ibm_heron_133,dj_indep_tket_40,train,dj,tket,40,44,194,36,36,30,0,6,0.8333333333333334,30,0.027173203499842202,0.08973479133325478,0.5469556878993898,0.686136162999901,10,o3_default_default,0.7833839445
ibm_heron_133,dj_indep_tket_5,train,dj,tket,5,9,24,36,36,36,0,0,1.0,36,0.015230259999952978,0.7575903885556272,4.953595221000114,5.329490901999634,12,o3_default_default,0.9861236851
ibm_heron_133,dj_indep_tket_50,train,dj,tket,50,53,244,36,36,30,0,6,0.8333333333333334,30,0.0267799099997319,0.308391631299916,2.7163017926996873,2.79552981300003,10,o3_default_default,0.7195239865
ibm_heron_133,dj_indep_tket_6,train,dj,tket,6,9,28,36,36,36,0,0,1.0,36,0.015358115500021086,1.355597376361124,9.156834509500413,10.569762018000802,12,o3_default_default,0.9789353203
ibm_heron_133,dj_indep_tket_60,train,dj,tket,60,64,298,36,36,30,0,6,0.8333333333333334,30,0.029617059999964113,1.1162225179666772,9.833630406749716,12.634925069999554,10,o3_default_default,0.6784906803
ibm_heron_133,dj_indep_tket_7,train,dj,tket,7,11,34,36,36,36,0,0,1.0,36,0.015637813500234188,1.3818162946111494,8.67946474900009,10.585612411000511,12,o3_default_default,0.968929068
ibm_heron_133,dj_indep_tket_70,train,dj,tket,70,74,346,36,36,30,0,6,0.8333333333333334,30,0.03745531900040078,1.6842741901665856,16.198211371649855,16.818824320000203,10,o3_default_default,0.6182028251
ibm_heron_133,dj_indep_tket_8,train,dj,tket,8,12,40,36,36,36,0,0,1.0,36,0.01602101849994142,2.0591480186388305,7.926339860749522,35.49165648000053,12,o2_default_default,0.9641232268
ibm_heron_133,dj_indep_tket_80,train,dj,tket,80,84,396,36,36,30,0,6,0.8333333333333334,30,0.03581318349961293,1.7074016223000095,16.489551708200224,16.857107618000555,10,o3_default_default,0.5659871829
ibm_heron_133,dj_indep_tket_9,train,dj,tket,9,12,44,36,36,36,0,0,1.0,36,0.01646424999989904,2.2461892519722064,12.806431348999922,19.69413320900003,12,o3_default_default,0.9652101115
ibm_heron_133,dj_indep_tket_90,train,dj,tket,90,94,442,36,36,30,0,6,0.8333333333333334,30,0.0339137645005394,1.7230951982000988,16.512547811599866,17.16954851599985,10,o3_default_default,0.5336356475
ibm_heron_133,graphstate_indep_qiskit_10,train,graphstate,qiskit,10,8,30,36,36,36,0,0,1.0,36,0.01644659749990751,1.6654318632222131,9.364915471500353,15.701043611999921,12,o2_default_default,0.9474692716
ibm_heron_133,graphstate_indep_qiskit_11,train,graphstate,qiskit,11,7,33,36,36,36,0,0,1.0,36,0.018374961499830533,1.8540595698054858,11.520768815999872,14.214620561000629,12,o3_default_default,0.952791741
ibm_heron_133,graphstate_indep_qiskit_12,train,graphstate,qiskit,12,6,36,36,36,36,0,0,1.0,36,0.015157334999912564,1.879463972722255,13.367185045499582,17.044001728000694,12,o2_default_default,0.9619617355
ibm_heron_133,graphstate_indep_qiskit_13,train,graphstate,qiskit,13,5,39,36,36,36,0,0,1.0,36,0.017929926499618887,2.4180557075555194,11.069572950500287,13.210031190000336,12,o3_default_default,0.9581750898
ibm_heron_133,graphstate_indep_qiskit_14,train,graphstate,qiskit,14,8,42,36,36,36,0,0,1.0,36,0.017557699000008142,2.8756932573889267,18.480081828749917,19.84395811899958,12,o3_default_default,0.9112182127
ibm_heron_133,graphstate_indep_qiskit_15,train,graphstate,qiskit,15,9,45,36,36,36,0,0,1.0,36,0.02132754649983326,2.9850568257500325,20.83123624950008,23.714454879000186,12,o3_default_default,0.9288312333
ibm_heron_133,graphstate_indep_qiskit_16,train,graphstate,qiskit,16,7,48,36,36,36,0,0,1.0,36,0.01854325249996691,3.471049258472274,19.355760423999982,30.96491302300001,12,o3_default_default,0.9199516053
ibm_heron_133,graphstate_indep_qiskit_17,train,graphstate,qiskit,17,6,51,36,36,36,0,0,1.0,36,0.020225131000188412,3.379231796555536,21.80531270799952,25.78190297800029,12,o3_default_default,0.9175786606
ibm_heron_133,graphstate_indep_qiskit_18,train,graphstate,qiskit,18,7,54,36,36,36,0,0,1.0,36,0.02007414699983201,4.012584250527855,24.127946342749738,32.57689360399945,12,o3_default_default,0.8790772718
ibm_heron_133,graphstate_indep_qiskit_19,train,graphstate,qiskit,19,7,57,36,36,36,0,0,1.0,36,0.022557813500043267,3.5874641807779173,24.14302102725037,25.15575557000011,12,o3_default_default,0.8922867991
ibm_heron_133,graphstate_indep_qiskit_20,train,graphstate,qiskit,20,9,60,36,36,36,0,0,1.0,36,0.02098137150005641,6.4694079854166375,41.08116039724973,47.93647722700007,12,o2_default_default,0.9291904705
ibm_heron_133,graphstate_indep_qiskit_21,train,graphstate,qiskit,21,7,63,36,36,35,0,1,0.9722222222222222,35,0.02485568600059196,4.515454174828482,32.44392604949971,37.10923016600009,11,o2_default_default,0.8476912436
ibm_heron_133,graphstate_indep_qiskit_22,train,graphstate,qiskit,22,8,66,36,36,36,0,0,1.0,36,0.02418702349996238,5.2628688415277844,37.710361629750196,39.81888669199998,12,o3_default_default,0.8716289325
ibm_heron_133,graphstate_indep_qiskit_23,train,graphstate,qiskit,23,6,69,36,36,35,0,1,0.9722222222222222,35,0.022514895999847795,3.95823704020009,29.50708971199964,39.72746641100002,11,o2_sabre_sabre,0.8525324223
ibm_heron_133,graphstate_indep_qiskit_24,train,graphstate,qiskit,24,8,72,36,36,36,0,0,1.0,36,0.024775937499725842,7.032268547555481,44.60478766749998,51.33307954599968,12,o2_default_default,0.8230334903
ibm_heron_133,graphstate_indep_qiskit_25,train,graphstate,qiskit,25,7,75,36,36,35,0,1,0.9722222222222222,35,0.026907217999905697,5.458136332171385,39.006385421600214,47.83844416100055,11,o3_default_default,0.8334009815
ibm_heron_133,graphstate_indep_qiskit_26,train,graphstate,qiskit,26,8,78,36,36,35,0,1,0.9722222222222222,35,0.02608403799968073,7.967521291256993,53.39360229129949,79.15214189899962,11,o3_default_default,0.8112033013
ibm_heron_133,graphstate_indep_qiskit_27,train,graphstate,qiskit,27,8,81,36,36,36,0,0,1.0,36,0.02897354600008839,7.083225046083347,43.612059275750426,48.29244071799985,12,o3_default_default,0.8190073155
ibm_heron_133,graphstate_indep_qiskit_28,train,graphstate,qiskit,28,10,84,36,36,36,0,0,1.0,36,0.02714388250024058,8.08849891769445,50.564885622750126,61.76977095100028,12,o3_default_default,0.8172281072
ibm_heron_133,graphstate_indep_qiskit_29,train,graphstate,qiskit,29,9,87,36,36,36,0,0,1.0,36,0.02761979050046648,9.494948487777695,61.39933628449967,65.63060435300031,12,o2_default_default,0.7876863019
ibm_heron_133,graphstate_indep_qiskit_3,train,graphstate,qiskit,3,5,9,36,36,36,0,0,1.0,36,0.014474312000402278,0.5197352799999256,3.124533820499437,3.3601778229995034,12,o3_default_default,0.9902424215
ibm_heron_133,graphstate_indep_qiskit_30,train,graphstate,qiskit,30,8,90,36,36,36,0,0,1.0,36,0.026408343499952025,9.36150316549995,60.672971671250025,76.50889326299966,12,o3_default_default,0.8100478985
ibm_heron_133,graphstate_indep_qiskit_4,train,graphstate,qiskit,4,5,12,36,36,36,0,0,1.0,36,0.014666254000076151,0.9366192543333859,5.890085055500094,6.320342783000342,12,o3_default_default,0.9864120837
ibm_heron_133,graphstate_indep_qiskit_40,train,graphstate,qiskit,40,9,120,36,36,32,0,4,0.8888888888888888,32,0.027368982000098185,5.271326022562505,32.174751604999756,96.09544707100031,10,o3_sabre_sabre,0.683831319
ibm_heron_133,graphstate_indep_qiskit_5,train,graphstate,qiskit,5,6,15,36,36,36,0,0,1.0,36,0.01583876950053309,1.1780632015834525,7.082365679000077,7.940912554999159,12,o2_dense_sabre,0.9811107211
ibm_heron_133,graphstate_indep_qiskit_50,train,graphstate,qiskit,50,10,150,36,36,30,0,6,0.8333333333333334,30,0.031120000000100845,0.05778536443334208,0.14529491690013838,0.34600686200064956,10,o3_sabre_sabre,0.5686877533
ibm_heron_133,graphstate_indep_qiskit_6,train,graphstate,qiskit,6,7,18,36,36,36,0,0,1.0,36,0.016434405500149296,1.2004486158610537,7.1631673739998405,8.126076298000044,12,o3_default_default,0.9745376866
ibm_heron_133,graphstate_indep_qiskit_60,train,graphstate,qiskit,60,14,180,36,36,30,0,6,0.8333333333333334,30,0.03471719150002173,2.051703965333369,16.889350035649933,18.093236210000214,10,o3_default_default,0.4826533533
ibm_heron_133,graphstate_indep_qiskit_7,train,graphstate,qiskit,7,5,21,36,36,36,0,0,1.0,36,0.017529161000311433,1.1832786125278036,7.213812526250194,7.487113729000157,12,o3_default_default,0.9797353856
ibm_heron_133,graphstate_indep_qiskit_70,train,graphstate,qiskit,70,8,210,36,36,30,0,6,0.8333333333333334,30,0.03336058100012451,2.1556157917332106,18.139504890199625,18.430220719000317,10,o3_default_default,0.4031351279
ibm_heron_133,graphstate_indep_qiskit_8,train,graphstate,qiskit,8,6,24,36,36,36,0,0,1.0,36,0.015168520000315766,1.234116267527851,7.402667738250329,7.761723132000043,12,o3_default_default,0.9701975695
ibm_heron_133,graphstate_indep_qiskit_80,train,graphstate,qiskit,80,11,240,36,36,30,0,6,0.8333333333333334,30,0.062296654500642035,0.28353094316680655,1.29517914679991,1.3167931280004268,10,o3_default_default,0.3638876186
ibm_heron_133,graphstate_indep_qiskit_9,train,graphstate,qiskit,9,7,27,36,36,36,0,0,1.0,36,0.01879713649987025,1.2429348598610785,7.40640087949987,7.464237565000076,12,o3_default_default,0.9607555604
ibm_heron_133,graphstate_indep_qiskit_90,train,graphstate,qiskit,90,8,270,36,36,30,0,6,0.8333333333333334,30,0.06966891150023002,2.292877599133317,18.924198457599868,19.542216005999762,10,o3_default_default,0.3157260532
ibm_heron_133,graphstate_indep_tket_10,train,graphstate,tket,10,7,30,36,36,36,0,0,1.0,36,0.017736760999923717,1.7620867269721303,10.481312328749482,13.474808739000764,12,o3_default_default,0.9605216348
ibm_heron_133,graphstate_indep_tket_11,train,graphstate,tket,11,7,33,36,36,36,0,0,1.0,36,0.01957555249964571,2.3639704323333666,15.657665905500153,16.70392387499942,12,o3_default_default,0.9463468618
ibm_heron_133,graphstate_indep_tket_12,train,graphstate,tket,12,8,36,36,36,36,0,0,1.0,36,0.01787231900016195,2.266278235833296,15.156757818749838,16.10848074399928,12,o2_default_default,0.9594371853
ibm_heron_133,graphstate_indep_tket_13,train,graphstate,tket,13,6,39,36,36,36,0,0,1.0,36,0.01891462249977849,2.8364391731943215,17.046263715500345,19.907860569999684,12,o3_default_default,0.9131279175
ibm_heron_133,graphstate_indep_tket_14,train,graphstate,tket,14,6,42,36,36,36,0,0,1.0,36,0.019989656999769068,1.556724810555579,8.480281433250411,13.907228166000095,12,o3_default_default,0.9406295812
ibm_heron_133,graphstate_indep_tket_15,train,graphstate,tket,15,5,45,36,36,36,0,0,1.0,36,0.017722412500006612,3.364455598416675,15.57077745249967,16.95294877499964,12,o3_default_default,0.9279322637
ibm_heron_133,graphstate_indep_tket_16,train,graphstate,tket,16,7,48,36,36,36,0,0,1.0,36,0.020578157999807445,3.61841654605554,23.506145362749294,26.45734531999915,12,o3_default_default,0.8959539731
ibm_heron_133,graphstate_indep_tket_17,train,graphstate,tket,17,7,51,36,36,36,0,0,1.0,36,0.019575533499846642,3.469916701277776,21.63220722600022,26.228541663000215,12,o3_default_default,0.9158088927
ibm_heron_133,graphstate_indep_tket_18,train,graphstate,tket,18,8,54,36,36,36,0,0,1.0,36,0.020553469500555366,3.539052145888996,20.89080423799919,33.838219203000335,12,o3_default_default,0.8977524233
ibm_heron_133,graphstate_indep_tket_19,train,graphstate,tket,19,7,57,36,36,36,0,0,1.0,36,0.021132018999651336,4.957381641638954,27.50784118125057,30.115981429000385,12,o2_default_default,0.8867344165
ibm_heron_133,graphstate_indep_tket_20,train,graphstate,tket,20,7,60,36,36,36,0,0,1.0,36,0.019450998999673175,5.194141646222154,32.744466607750155,42.59886869800084,12,o2_default_default,0.9281919598
ibm_heron_133,graphstate_indep_tket_21,train,graphstate,tket,21,8,63,36,36,36,0,0,1.0,36,0.023761056500006816,4.627331229361086,27.757241894750223,35.0069114629996,12,o3_default_default,0.8594219287
ibm_heron_133,graphstate_indep_tket_22,train,graphstate,tket,22,8,66,36,36,36,0,0,1.0,36,0.02492242600010286,6.471012170500014,39.12853337524962,51.27700516200002,12,o3_default_default,0.8422285245
ibm_heron_133,graphstate_indep_tket_23,train,graphstate,tket,23,8,69,36,36,36,0,0,1.0,36,0.02397266549996857,5.798268428777748,42.79282090225047,46.662084515999595,12,o3_default_default,0.8619234183
ibm_heron_133,graphstate_indep_tket_24,train,graphstate,tket,24,8,72,36,36,36,0,0,1.0,36,0.025265615000080288,5.833726161694433,37.22043097924961,38.948699943000065,12,o3_default_default,0.8775463657
ibm_heron_133,graphstate_indep_tket_25,train,graphstate,tket,25,7,75,36,36,36,0,0,1.0,36,0.02591226300000926,6.453488372833312,39.73172803674993,41.753570693000256,12,o3_default_default,0.8276310873
ibm_heron_133,graphstate_indep_tket_26,train,graphstate,tket,26,8,78,36,36,36,0,0,1.0,36,0.026385285999822372,7.972894361555644,48.86289266074982,58.75883901399993,12,o3_default_default,0.8044463564
ibm_heron_133,graphstate_indep_tket_27,train,graphstate,tket,27,8,81,36,36,36,0,0,1.0,36,0.02593473399974755,7.126175328055499,38.35512278650049,69.7724007679999,12,o3_default_default,0.846024
ibm_heron_133,graphstate_indep_tket_28,train,graphstate,tket,28,11,84,36,36,36,0,0,1.0,36,0.027599606499734364,7.246929469944411,46.31670949075033,50.89470973399966,12,o3_default_default,0.8204070967
ibm_heron_133,graphstate_indep_tket_29,train,graphstate,tket,29,7,87,36,36,36,0,0,1.0,36,0.02867701500053954,7.5668073400555995,47.77882122200003,54.0904487329999,12,o2_default_default,0.8137748093
ibm_heron_133,graphstate_indep_tket_3,train,graphstate,tket,3,5,9,36,36,36,0,0,1.0,36,0.014245448499877966,0.5124300800000078,3.0754294232499433,3.2948953060003987,12,o3_default_default,0.9902424215
ibm_heron_133,graphstate_indep_tket_30,train,graphstate,tket,30,6,90,36,36,36,0,0,1.0,36,0.029150716500225826,9.622755033666762,60.73913738775036,71.90258413800075,12,o3_default_default,0.7788384271
ibm_heron_133,graphstate_indep_tket_4,train,graphstate,tket,4,5,12,36,36,36,0,0,1.0,36,0.014989562999744521,0.9335479622221656,5.791089691500247,6.278582303999428,12,o3_default_default,0.9875851216
ibm_heron_133,graphstate_indep_tket_40,train,graphstate,tket,40,8,120,36,36,33,0,3,0.9166666666666666,33,0.02389244599999074,8.589261541697052,92.60726516620016,96.56708247799997,10,o3_default_default,0.8486757006
ibm_heron_133,graphstate_indep_tket_5,train,graphstate,tket,5,6,15,36,36,36,0,0,1.0,36,0.015138049999677605,1.1110170835833943,6.609274543749962,6.942081960999531,12,o2_dense_sabre,0.9810706415
ibm_heron_133,graphstate_indep_tket_50,train,graphstate,tket,50,9,150,36,36,30,0,6,0.8333333333333334,30,0.03516728150043491,2.1650685236333023,18.103827752899676,19.074527847000354,10,o3_default_default,0.5665447546
ibm_heron_133,graphstate_indep_tket_6,train,graphstate,tket,6,7,18,36,36,36,0,0,1.0,36,0.0157792929999232,2.190734074055475,7.025844273749954,43.83073614299974,12,o3_default_default,0.9733612084
ibm_heron_133,graphstate_indep_tket_60,train,graphstate,tket,60,10,180,36,36,30,0,6,0.8333333333333334,30,0.029027740500168875,2.151509423666721,17.971007702249786,19.26387842300028,10,o3_default_default,0.528868251
ibm_heron_133,graphstate_indep_tket_7,train,graphstate,tket,7,7,21,36,36,36,0,0,1.0,36,0.01547421850000319,1.2437856632499107,7.103139583749908,10.05282494399944,12,o3_default_default,0.9702958245
ibm_heron_133,graphstate_indep_tket_70,train,graphstate,tket,70,8,210,36,36,30,0,6,0.8333333333333334,30,0.0416982800002188,2.2402737873000964,18.615554997299977,19.04859778500031,10,o3_default_default,0.4407961492
ibm_heron_133,graphstate_indep_tket_8,train,graphstate,tket,8,6,24,36,36,36,0,0,1.0,36,0.016855494500305213,1.2516968318611816,7.549507254250329,7.982331855000666,12,o3_default_default,0.9702174922
ibm_heron_133,graphstate_indep_tket_80,train,graphstate,tket,80,11,240,36,36,30,0,6,0.8333333333333334,30,0.05977406449983391,0.0921421627333378,0.3921011151002857,0.42531898700053716,10,o3_default_default,0.6959497502
ibm_heron_133,graphstate_indep_tket_9,train,graphstate,tket,9,6,27,36,36,36,0,0,1.0,36,0.018408426999940275,1.2594604936111107,7.462603945249839,7.843069902999559,12,o2_default_default,0.9682553116
ibm_heron_133,graphstate_indep_tket_90,train,graphstate,tket,90,9,270,36,36,30,0,6,0.8333333333333334,30,0.06823372899998503,2.242435958233212,18.27709060685015,19.659310381999603,10,o3_default_default,0.275343778
ibm_heron_133,portfolioqaoa_indep_qiskit_3,train,portfolioqaoa,qiskit,3,15,27,36,36,36,0,0,1.0,36,0.016643374000068434,6.782814806777752,42.38095027575014,53.12506057900009,12,o3_default_default,0.9605964681
ibm_heron_133,portfolioqaoa_indep_qiskit_4,train,portfolioqaoa,qiskit,4,19,42,36,36,36,0,0,1.0,36,0.01595704300007128,10.227744549972234,67.33784916074978,99.83472121199975,12,o3_default_default,0.9241920962
ibm_heron_133,portfolioqaoa_indep_qiskit_5,train,portfolioqaoa,qiskit,5,23,60,36,36,30,0,6,0.8333333333333334,30,0.016165191500022047,0.017806603666667798,0.027996904750079918,0.03289976199994271,10,o3_default_default,0.8748992743
ibm_heron_133,portfolioqaoa_indep_qiskit_6,train,portfolioqaoa,qiskit,6,27,81,36,36,30,0,6,0.8333333333333334,30,0.01669619350013818,0.020453380700140165,0.036765269449779224,0.04165824000028806,10,o3_default_default,0.8036187138
ibm_heron_133,portfolioqaoa_indep_qiskit_7,train,portfolioqaoa,qiskit,7,31,105,36,36,30,0,6,0.8333333333333334,30,0.019354597000074136,0.022967410233316818,0.04202003594996312,0.045691751999584085,10,o3_default_default,0.6907667156
ibm_heron_133,portfolioqaoa_indep_tket_3,train,portfolioqaoa,tket,3,18,36,36,36,36,0,0,1.0,36,0.01568652049991215,6.750607338416659,40.08146848024967,52.75887447000059,12,o3_default_default,0.9605964681
ibm_heron_133,portfolioqaoa_indep_tket_4,train,portfolioqaoa,tket,4,22,54,36,36,34,0,2,0.9444444444444444,34,0.015697245999945153,5.110275872941175,39.847894706150456,55.937324739999895,10,o3_default_default,0.9240996993
ibm_heron_133,portfolioqaoa_indep_tket_5,train,portfolioqaoa,tket,5,26,75,36,36,30,0,6,0.8333333333333334,30,0.016917775498768606,0.02416821793322015,0.03532663344994943,0.18157031899863796,10,o3_default_default,0.8831138508
ibm_heron_133,portfolioqaoa_indep_tket_6,train,portfolioqaoa,tket,6,30,99,36,36,30,0,6,0.8333333333333334,30,0.017880921000141825,0.02112292169998303,0.03877325890043719,0.046437684999546036,10,o3_default_default,0.7767711108
ibm_heron_133,portfolioqaoa_indep_tket_7,train,portfolioqaoa,tket,7,34,126,36,36,30,0,6,0.8333333333333334,30,0.01870968999901379,0.024103460300041964,0.048721556050440984,0.05691808099982154,10,o3_default_default,0.6904927499
ibm_heron_133,portfoliovqe_indep_qiskit_10,train,portfoliovqe,qiskit,10,42,185,36,36,30,0,6,0.8333333333333334,30,0.02780526100013958,0.034444904033504524,0.07780232999984943,0.09094868300053349,10,o3_default_default,0.5831368313
ibm_heron_133,portfoliovqe_indep_qiskit_11,train,portfoliovqe,qiskit,11,46,220,36,36,30,0,6,0.8333333333333334,30,0.028075644999262295,0.037653297900033064,0.0923277461993166,0.10396752300039225,10,o3_default_default,0.4368920467
ibm_heron_133,portfoliovqe_indep_qiskit_3,train,portfoliovqe,qiskit,3,14,24,36,36,36,0,0,1.0,36,0.014439772499827086,5.424251081888896,32.37396728700014,43.005201925998335,12,o3_default_default,0.9765056279
ibm_heron_133,portfoliovqe_indep_qiskit_4,train,portfoliovqe,qiskit,4,18,38,36,36,36,0,0,1.0,36,0.015445264999470965,8.462254423166744,54.70006687549994,79.85280509299992,12,o3_default_default,0.9494597991
ibm_heron_133,portfoliovqe_indep_qiskit_5,train,portfoliovqe,qiskit,5,22,55,36,36,30,0,6,0.8333333333333334,30,0.015902599499895587,0.01765355753353409,0.02696113900083219,0.029883682998843142,10,o3_default_default,0.9211119721
ibm_heron_133,portfoliovqe_indep_qiskit_6,train,portfoliovqe,qiskit,6,26,75,36,36,30,0,6,0.8333333333333334,30,0.01660507900032826,0.01936685339987889,0.03401341889994,0.03591129899905354,10,o3_default_default,0.8549318731
ibm_heron_133,portfoliovqe_indep_qiskit_7,train,portfoliovqe,qiskit,7,30,98,36,36,30,0,6,0.8333333333333334,30,0.01801575000081357,0.028287881133292104,0.049936156750391064,0.19343379199926858,10,o3_default_default,0.7799587289
ibm_heron_133,portfoliovqe_indep_qiskit_8,train,portfoliovqe,qiskit,8,34,124,36,36,30,0,6,0.8333333333333334,30,0.019163399000717618,0.025221904533585377,0.054475162400467486,0.062426892000075895,10,o3_default_default,0.6967337357
ibm_heron_133,portfoliovqe_indep_qiskit_9,train,portfoliovqe,qiskit,9,38,153,36,36,30,0,6,0.8333333333333334,30,0.021632525000313763,0.029776609000024715,0.07396106230025906,0.07688935000078345,10,o3_default_default,0.6138928095
ibm_heron_133,portfoliovqe_indep_tket_10,train,portfoliovqe,tket,10,42,185,36,36,30,0,6,0.8333333333333334,30,0.02455762150020746,0.032646328599791254,0.07271033494998846,0.09031220100041537,10,o3_default_default,0.5800684095
ibm_heron_133,portfoliovqe_indep_tket_11,train,portfoliovqe,tket,11,46,220,36,36,30,0,6,0.8333333333333334,30,0.02640629999950761,0.037125363266568456,0.08530453714975009,0.10227151100116316,10,o3_default_default,0.4393806981
ibm_heron_133,portfoliovqe_indep_tket_3,train,portfoliovqe,tket,3,14,24,36,36,36,0,0,1.0,36,0.013954692999504914,5.377798135416772,32.23658765600021,42.41405380799915,12,o3_default_default,0.9763421629
ibm_heron_133,portfoliovqe_indep_tket_4,train,portfoliovqe,tket,4,18,38,36,36,36,0,0,1.0,36,0.016434839999419637,8.480191122471902,56.08530993724935,81.13536918699901,12,o3_default_default,0.9492776024
ibm_heron_133,portfoliovqe_indep_tket_5,train,portfoliovqe,tket,5,22,55,36,36,30,0,6,0.8333333333333334,30,0.015098840000064229,0.016497318566750133,0.0248448293000365,0.02678059000027133,10,o3_default_default,0.9209928329
ibm_heron_133,portfoliovqe_indep_tket_6,train,portfoliovqe,tket,6,26,75,36,36,30,0,6,0.8333333333333334,30,0.015779828499944415,0.018438140799965672,0.0305279306495322,0.03474224799902004,10,o3_default_default,0.8534735346
ibm_heron_133,portfoliovqe_indep_tket_7,train,portfoliovqe,tket,7,30,98,36,36,30,0,6,0.8333333333333334,30,0.019924790000004577,0.022789727266657185,0.036542478251067226,0.04376513500028523,10,o3_default_default,0.7782668423
ibm_heron_133,portfoliovqe_indep_tket_8,train,portfoliovqe,tket,8,34,124,36,36,30,0,6,0.8333333333333334,30,0.020056095500876836,0.025157827100216915,0.04532669430018357,0.061960416000147234,10,o3_default_default,0.6968058242
ibm_heron_133,portfoliovqe_indep_tket_9,train,portfoliovqe,tket,9,38,153,36,36,30,0,6,0.8333333333333334,30,0.02131127699976787,0.028572685700055445,0.06611584775018849,0.08869463300106872,10,o3_default_default,0.6169698434
ibm_heron_133,qaoa_indep_qiskit_10,train,qaoa,qiskit,10,11,60,36,36,36,0,0,1.0,36,0.01727504550035519,3.6464289900831215,25.1343457437506,26.74970757600022,12,o3_default_default,0.9038448366
ibm_heron_133,qaoa_indep_qiskit_11,train,qaoa,qiskit,11,10,66,36,36,36,0,0,1.0,36,0.01929608950013062,1.4590168108611579,8.905467566999505,9.11955814599969,12,o3_default_default,0.9012187669
ibm_heron_133,qaoa_indep_qiskit_12,train,qaoa,qiskit,12,11,72,36,36,36,0,0,1.0,36,0.01796195700080716,2.952268088388943,17.144337573499342,54.605713175000346,12,o3_default_default,0.907504923
ibm_heron_133,qaoa_indep_qiskit_13,train,qaoa,qiskit,13,10,78,36,36,36,0,0,1.0,36,0.022558903499884764,1.7724433677502323,11.19905028150015,16.851644480000687,12,o3_default_default,0.8792919233
ibm_heron_133,qaoa_indep_qiskit_14,train,qaoa,qiskit,14,10,84,36,36,36,0,0,1.0,36,0.02566120550091,7.395447959083362,47.443405235750106,48.95945136000046,12,o3_default_default,0.86305601
ibm_heron_133,qaoa_indep_qiskit_3,train,qaoa,qiskit,3,10,18,36,36,36,0,0,1.0,36,0.014766589999453572,2.9161506211109756,20.027253306999683,20.908431109999583,12,o3_default_default,0.9778132889
ibm_heron_133,qaoa_indep_qiskit_4,train,qaoa,qiskit,4,9,24,36,36,36,0,0,1.0,36,0.014756712998860166,1.2374474243611076,7.492411255500883,7.6185393080013455,12,o3_default_default,0.9816184748
ibm_heron_133,qaoa_indep_qiskit_5,train,qaoa,qiskit,5,10,30,36,36,36,0,0,1.0,36,0.01655361550001544,1.9573047904722847,11.95136929200089,12.905574394999348,12,o2_dense_sabre,0.9624798491
ibm_heron_133,qaoa_indep_qiskit_6,train,qaoa,qiskit,6,9,36,36,36,36,0,0,1.0,36,0.016291873499540088,3.40791409227778,20.126573358500536,24.08414367399928,12,o3_default_default,0.9332637981
ibm_heron_133,qaoa_indep_qiskit_7,train,qaoa,qiskit,7,10,42,36,36,36,0,0,1.0,36,0.0182976129999588,1.6613168643334069,9.93369058549979,10.109586975000639,12,o3_default_default,0.9595683089
ibm_heron_133,qaoa_indep_qiskit_8,train,qaoa,qiskit,8,9,48,36,36,36,0,0,1.0,36,0.019849866500408098,2.8029425511665775,17.282026520750605,18.107534377000775,12,o3_default_default,0.9255829576
ibm_heron_133,qaoa_indep_qiskit_9,train,qaoa,qiskit,9,10,54,36,36,36,0,0,1.0,36,0.021107970499542716,2.8375900066942754,17.619764462499916,18.450435482000103,12,o3_default_default,0.9016888511
ibm_heron_133,qaoa_indep_tket_10,train,qaoa,tket,10,11,60,36,36,36,0,0,1.0,36,0.01975657599996339,3.7492708041666245,25.28964632424959,27.571925610000108,12,o3_default_default,0.9040198119
ibm_heron_133,qaoa_indep_tket_11,train,qaoa,tket,11,10,66,36,36,36,0,0,1.0,36,0.022258238999711466,1.5124946552223264,9.137131151499943,9.970109540001431,12,o3_default_default,0.9015574995
ibm_heron_133,qaoa_indep_tket_12,train,qaoa,tket,12,11,72,36,36,36,0,0,1.0,36,0.016691817500031902,2.969191902972246,16.61912628475011,56.62881743700018,12,o3_default_default,0.9074217968
ibm_heron_133,qaoa_indep_tket_13,train,qaoa,tket,13,10,78,36,36,36,0,0,1.0,36,0.021701897999264474,1.7286305696389819,11.292121844499889,16.26463633200001,12,o3_default_default,0.8792017866
ibm_heron_133,qaoa_indep_tket_14,train,qaoa,tket,14,10,84,36,36,36,0,0,1.0,36,0.023583679499097343,7.321525619777832,46.672636091999266,48.996648185000595,12,o3_default_default,0.8632362808
ibm_heron_133,qaoa_indep_tket_3,train,qaoa,tket,3,10,18,36,36,36,0,0,1.0,36,0.01422755700059497,2.879374012944532,19.59129912574963,19.836493511998924,12,o3_default_default,0.9779040828
ibm_heron_133,qaoa_indep_tket_4,train,qaoa,tket,4,9,24,36,36,36,0,0,1.0,36,0.015413834999890241,1.2868936004444247,7.649566332249833,7.931955672000186,12,o3_default_default,0.9816184748
ibm_heron_133,qaoa_indep_tket_5,train,qaoa,tket,5,10,30,36,36,36,0,0,1.0,36,0.01555960950008739,1.9331184806944495,11.434083367749736,13.117888172000676,12,o2_dense_sabre,0.9621980048
ibm_heron_133,qaoa_indep_tket_6,train,qaoa,tket,6,9,36,36,36,36,0,0,1.0,36,0.01856668050004373,3.354723935916556,20.55348198599995,23.73105057199973,12,o3_default_default,0.9331737108
ibm_heron_133,qaoa_indep_tket_7,train,qaoa,tket,7,10,42,36,36,36,0,0,1.0,36,0.018820806999428896,1.6602962255000824,10.008539543749976,10.139785601999392,12,o3_default_default,0.9599287143
ibm_heron_133,qaoa_indep_tket_8,train,qaoa,tket,8,9,48,36,36,36,0,0,1.0,36,0.017392182498952025,2.8637082772777123,17.399460801749683,18.437996851000207,12,o3_default_default,0.9254944518
ibm_heron_133,qaoa_indep_tket_9,train,qaoa,tket,9,10,54,36,36,36,0,0,1.0,36,0.020174956500341068,2.8121887375558194,17.303613724750903,17.671400330000324,12,o3_default_default,0.9012441758
ibm_heron_133,qnn_indep_qiskit_2,train,qnn,qiskit,2,12,17,36,36,36,0,0,1.0,36,0.010397528999419592,0.010727860694462125,0.013654363750902121,0.015294906999770319,12,o3_default_default,0.996237947
ibm_heron_133,qnn_indep_qiskit_3,train,qnn,qiskit,3,25,35,36,36,36,0,0,1.0,36,0.016685366999809048,2.5323290533608795,15.691961192250346,16.3788322599994,12,o3_default_default,0.9745651837
ibm_heron_133,qnn_indep_qiskit_30,train,qnn,qiskit,30,295,2789,36,36,30,0,6,0.8333333333333334,30,0.16159749750022456,0.31593214980021,0.9396250565508125,1.1125659629997244,10,o3_default_default,0.0028989142
ibm_heron_133,qnn_indep_qiskit_4,train,qnn,qiskit,4,35,59,36,36,36,0,0,1.0,36,0.018926423000266368,3.828677414916607,23.160452596999676,23.729651253001066,12,o3_default_default,0.9484733921
ibm_heron_133,qnn_indep_qiskit_5,train,qnn,qiskit,5,45,89,36,36,34,0,2,0.9444444444444444,34,0.019119317000331648,7.984633651764692,60.29588642020088,93.55278329599969,10,o3_default_default,0.9124520585
ibm_heron_133,qnn_indep_qiskit_6,train,qnn,qiskit,6,55,125,36,36,34,0,2,0.9444444444444444,34,0.018003742499786313,9.90249995282364,84.27814597119941,85.83255006000036,10,o3_default_default,0.840683695
ibm_heron_133,qnn_indep_qiskit_7,train,qnn,qiskit,7,65,167,36,36,30,0,6,0.8333333333333334,30,0.017577933000211488,0.023031199966681015,0.043252098550601636,0.056159069999921485,10,o3_default_default,0.7931852364
ibm_heron_133,qnn_indep_tket_2,train,qnn,tket,2,14,21,36,36,36,0,0,1.0,36,0.009950095000021975,0.010240311972211202,0.012923381750624685,0.01399914299872762,12,o3_default_default,0.996237947
ibm_heron_133,qnn_indep_tket_3,train,qnn,tket,3,27,41,36,36,36,0,0,1.0,36,0.01594618650051416,2.513268136083399,15.052479825499177,16.2792639829986,12,o3_default_default,0.9744746998
ibm_heron_133,qnn_indep_tket_30,train,qnn,tket,30,297,2849,36,36,30,0,6,0.8333333333333334,30,0.16685580450030102,0.29410752516675226,0.7868304755008466,0.9673044280007161,10,o3_default_default,0.0028960054
ibm_heron_133,qnn_indep_tket_4,train,qnn,tket,4,37,67,36,36,36,0,0,1.0,36,0.019365424000170606,3.937986978916797,23.617035660249712,24.56764939200002,12,o3_default_default,0.9590300947
ibm_heron_133,qnn_indep_tket_5,train,qnn,tket,5,47,99,36,36,34,0,2,0.9444444444444444,34,0.017411621500286856,7.984255424176541,60.34791221505037,93.82940709799914,10,o3_default_default,0.9124520585
ibm_heron_133,qnn_indep_tket_6,train,qnn,tket,6,57,137,36,36,34,0,2,0.9444444444444444,34,0.017942565999874205,10.127304243441305,85.36833174919938,87.69209486799991,10,o3_default_default,0.84034586
ibm_heron_133,qnn_indep_tket_7,train,qnn,tket,7,67,181,36,36,30,0,6,0.8333333333333334,30,0.019474957000966242,0.024638889133226864,0.050664429349944834,0.057106639998892206,10,o3_default_default,0.785500426
ibm_heron_133,random_indep_qiskit_2,train,random,qiskit,2,12,18,36,36,36,0,0,1.0,36,0.009689311999864003,0.010006674555471464,0.01194394775075125,0.0127324929999304,12,o2_default_default,0.9969213533
ibm_heron_133,random_indep_qiskit_3,train,random,qiskit,3,11,19,36,36,36,0,0,1.0,36,0.016319571499479935,3.751481843833315,22.79110813375064,24.458509985999626,12,o3_default_default,0.9774759908
ibm_heron_133,random_indep_qiskit_30,train,random,qiskit,30,312,2080,36,36,30,0,6,0.8333333333333334,30,0.313925528499567,0.5105674936664703,1.2961163384497922,1.7326836480006023,10,o2_dense_sabre,4.6e-08
ibm_heron_133,random_indep_qiskit_4,train,random,qiskit,4,28,50,36,36,36,0,0,1.0,36,0.01914928849964781,4.945264386111022,31.84709998500057,38.09912282999903,12,o3_default_default,0.9550727289
ibm_heron_133,random_indep_qiskit_5,train,random,qiskit,5,25,59,36,36,36,0,0,1.0,36,0.018481278000763268,7.729062371666613,56.72198022100065,59.45489751800051,12,o3_dense_sabre,0.9402742403
ibm_heron_133,random_indep_qiskit_6,train,random,qiskit,6,34,78,36,36,30,0,6,0.8333333333333334,30,0.020508166499894287,0.023706558666587323,0.04096856294972895,0.0445535260005272,10,o3_default_default,0.8950041942
ibm_heron_133,random_indep_qiskit_7,train,random,qiskit,7,41,116,36,36,30,0,6,0.8333333333333334,30,0.02090615299948695,0.026112028533316334,0.058106615149790736,0.05941091000022425,10,o3_default_default,0.8241861272
ibm_heron_133,random_indep_qiskit_8,train,random,qiskit,8,50,152,36,36,30,0,6,0.8333333333333334,30,0.022153222000270034,0.026766749933570585,0.05261372659942933,0.057221695000407635,10,o3_default_default,0.7733598858
ibm_heron_133,random_indep_tket_2,train,random,tket,2,12,18,36,36,36,0,0,1.0,36,0.009965600999748858,0.009941665805551262,0.011847737750031229,0.012236886001119274,12,o2_default_default,0.9969213533
ibm_heron_133,random_indep_tket_3,train,random,tket,3,11,19,36,36,36,0,0,1.0,36,0.015910365999843634,3.785742992333275,22.967088081749353,25.382194449999588,12,o3_default_default,0.9774759908
ibm_heron_133,random_indep_tket_30,train,random,tket,30,312,2080,36,36,30,0,6,0.8333333333333334,30,0.3048573005007711,0.48759213493340214,1.3729362687991846,1.4861231499999121,10,o3_dense_sabre,4.71e-08
ibm_heron_133,random_indep_tket_4,train,random,tket,4,28,50,36,36,36,0,0,1.0,36,0.02377832549973391,4.977594600888854,31.797825439249664,38.04681275300027,12,o3_default_default,0.9551649352
ibm_heron_133,random_indep_tket_5,train,random,tket,5,25,59,36,36,36,0,0,1.0,36,0.019288578000669077,7.766871488638925,57.04660754674933,59.97974642100053,12,o3_dense_sabre,0.9403685975
ibm_heron_133,random_indep_tket_6,train,random,tket,6,34,78,36,36,30,0,6,0.8333333333333334,30,0.019452521500170405,0.023078134533291935,0.04127189755035943,0.04938574699917808,10,o3_default_default,0.8950061259
ibm_heron_133,random_indep_tket_7,train,random,tket,7,41,116,36,36,30,0,6,0.8333333333333334,30,0.020481878999817127,0.026133410100010225,0.05092229259926169,0.056260012001075665,10,o3_default_default,0.8239488924
ibm_heron_133,random_indep_tket_8,train,random,tket,8,50,152,36,36,30,0,6,0.8333333333333334,30,0.022616942001150164,0.026465686433160347,0.043070220549179784,0.05540924399974756,10,o3_default_default,0.7735183021
ibm_heron_133,realamprandom_indep_qiskit_10,train,realamprandom,qiskit,10,42,185,36,36,30,0,6,0.8333333333333334,30,0.024798738000754383,0.03317334543347291,0.07178026545016108,0.09253406599964364,10,o3_default_default,0.5770628481
ibm_heron_133,realamprandom_indep_qiskit_11,train,realamprandom,qiskit,11,46,220,36,36,30,0,6,0.8333333333333334,30,0.02594943950043671,0.03709963763340056,0.09095072829895796,0.09960472400052822,10,o2_default_default,0.4242197799
ibm_heron_133,realamprandom_indep_qiskit_2,train,realamprandom,qiskit,2,8,13,36,36,36,0,0,1.0,36,0.01059893150068092,0.010788592583543909,0.01377224975021818,0.02022428000054788,12,o3_default_default,0.996237947
ibm_heron_133,realamprandom_indep_qiskit_3,train,realamprandom,qiskit,3,14,24,36,36,36,0,0,1.0,36,0.015454255500117142,5.446928696472343,32.737924624250354,42.91420103599921,12,o3_default_default,0.972905139
ibm_heron_133,realamprandom_indep_qiskit_30,train,realamprandom,qiskit,30,122,1455,36,36,30,0,6,0.8333333333333334,30,0.18968627449976339,0.32133641213343556,1.1183324882013037,1.155592262999562,10,o3_default_default,0.0018430241
ibm_heron_133,realamprandom_indep_qiskit_4,train,realamprandom,qiskit,4,18,38,36,36,36,0,0,1.0,36,0.018851869000172883,8.60258215791671,56.3036136554997,81.49479528099982,12,o3_default_default,0.9490166243
ibm_heron_133,realamprandom_indep_qiskit_40,train,realamprandom,qiskit,40,162,2540,36,36,30,0,6,0.8333333333333334,30,0.2890272915001333,0.5682453264331949,1.9173075370494188,2.022455115999037,10,o3_default_default,1.62954e-05
ibm_heron_133,realamprandom_indep_qiskit_5,train,realamprandom,qiskit,5,22,55,36,36,30,0,6,0.8333333333333334,30,0.01526909250060271,0.01791591156676683,0.030836712250311385,0.03390579500046442,10,o3_default_default,0.9166872518
ibm_heron_133,realamprandom_indep_qiskit_50,train,realamprandom,qiskit,50,202,3925,36,36,30,0,6,0.8333333333333334,30,0.6416936650002754,2.0629566724666035,4.91231959724993,22.097671934999994,10,o3_default_default,1.016e-07
ibm_heron_133,realamprandom_indep_qiskit_6,train,realamprandom,qiskit,6,26,75,36,36,30,0,6,0.8333333333333334,30,0.03261813700000005,0.054088795633334526,0.1705988482999926,0.2477083480000033,10,o3_default_default,0.8489829773
ibm_heron_133,realamprandom_indep_qiskit_7,train,realamprandom,qiskit,7,30,98,36,36,30,0,6,0.8333333333333334,30,0.02458204449999357,0.02708710179999798,0.04204489600000158,0.052743657000007715,10,o3_default_default,0.7717572775
ibm_heron_133,realamprandom_indep_qiskit_8,train,realamprandom,qiskit,8,34,124,36,36,30,0,6,0.8333333333333334,30,0.02604079350001598,0.03123964360000097,0.0689139356500021,0.08113742400001911,10,o3_default_default,0.6861792369
ibm_heron_133,realamprandom_indep_qiskit_9,train,realamprandom,qiskit,9,38,153,36,36,30,0,6,0.8333333333333334,30,0.030426632499995776,0.03584841466667399,0.08401178905004937,0.08971605900001123,10,o3_default_default,0.6019319433
ibm_heron_133,realamprandom_indep_tket_10,train,realamprandom,tket,10,42,185,36,36,30,0,6,0.8333333333333334,30,0.033031007000033696,0.04033239649999511,0.08827943790003018,0.09036857099999906,10,o3_default_default,0.5770628481
ibm_heron_133,realamprandom_indep_tket_11,train,realamprandom,tket,11,46,220,36,36,30,0,6,0.8333333333333334,30,0.03087949349998098,0.04408504249998562,0.10190103819998056,0.11133082899993951,10,o2_default_default,0.4242197799
ibm_heron_133,realamprandom_indep_tket_2,train,realamprandom,tket,2,8,13,36,36,36,0,0,1.0,36,0.011885678499936603,0.012097570249993497,0.016964461750035298,0.017522907000056875,12,o3_default_default,0.996237947
ibm_heron_133,realamprandom_indep_tket_3,train,realamprandom,tket,3,14,24,36,36,36,0,0,1.0,36,0.015216282999972464,5.490768483472228,32.63254601175001,44.605284676,12,o3_default_default,0.972905139
ibm_heron_133,realamprandom_indep_tket_30,train,realamprandom,tket,30,122,1455,36,36,30,0,6,0.8333333333333334,30,0.176877718500009,0.3356732913333379,1.2115478227500374,1.4118204579999656,10,o3_default_default,0.0018430046
ibm_heron_133,realamprandom_indep_tket_4,train,realamprandom,tket,4,18,38,36,36,36,0,0,1.0,36,0.016874757000039153,8.751660827527777,57.327233110250006,84.17643120799994,12,o3_default_default,0.9489293827
ibm_heron_133,realamprandom_indep_tket_40,train,realamprandom,tket,40,162,2540,36,36,30,0,6,0.8333333333333334,30,0.3086979630000428,0.5821757257333312,1.9334644274999846,2.114476864999915,10,o3_default_default,1.62909e-05
ibm_heron_133,realamprandom_indep_tket_5,train,realamprandom,tket,5,22,55,36,36,30,0,6,0.8333333333333334,30,0.01652471049999349,0.0170754501666579,0.024065407949933615,0.027271784999811644,10,o3_default_default,0.9165956052
ibm_heron_133,realamprandom_indep_tket_50,train,realamprandom,tket,50,202,3925,36,36,30,0,6,0.8333333333333334,30,0.5838670480000019,1.3536888422333277,4.393125976900056,4.645055222999872,10,o3_default_default,1.016e-07
ibm_heron_133,realamprandom_indep_tket_6,train,realamprandom,tket,6,26,75,36,36,30,0,6,0.8333333333333334,30,0.018031513499977336,0.020362122566674166,0.03054149144998064,0.03915602000006402,10,o3_default_default,0.8489081214
ibm_heron_133,realamprandom_indep_tket_7,train,realamprandom,tket,7,30,98,36,36,30,0,6,0.8333333333333334,30,0.020342778500094028,0.022269528033333093,0.03664723104998301,0.04201345000001311,10,o3_default_default,0.7717608568
ibm_heron_133,realamprandom_indep_tket_8,train,realamprandom,tket,8,34,124,36,36,30,0,6,0.8333333333333334,30,0.022909271000003173,0.02875302296671028,0.05993431415008671,0.06385060599995995,10,o3_default_default,0.6861792369
ibm_heron_133,realamprandom_indep_tket_9,train,realamprandom,tket,9,38,153,36,36,30,0,6,0.8333333333333334,30,0.030254520500079707,0.03493191243333058,0.07744511630005488,0.08470030900002712,10,o3_default_default,0.6019319433
ibm_heron_133,su2random_indep_qiskit_2,train,su2random,qiskit,2,8,13,36,36,36,0,0,1.0,36,0.012165106500106049,0.01283591519445003,0.016220667749905715,0.01697424899998623,12,o3_default_default,0.996237947
ibm_heron_133,su2random_indep_qiskit_3,train,su2random,qiskit,3,14,24,36,36,36,0,0,1.0,36,0.015567565500077762,5.489044366194479,33.12205129950007,43.09838973000001,12,o3_default_default,0.972259008
ibm_heron_133,su2random_indep_qiskit_30,train,su2random,qiskit,30,122,1455,36,36,30,0,6,0.8333333333333334,30,0.2631327770000098,0.3442378765999971,1.058147787100074,1.1076798679998774,10,o3_default_default,0.0018413788
ibm_heron_133,su2random_indep_qiskit_4,train,su2random,qiskit,4,18,38,36,36,36,0,0,1.0,36,0.018306782500076224,8.686847411722226,57.000759467500075,82.95158151400005,12,o3_default_default,0.9486599276
ibm_heron_133,su2random_indep_qiskit_40,train,su2random,qiskit,40,162,2540,36,36,30,0,6,0.8333333333333334,30,0.30680391800001416,0.5822173110666502,1.8423167926499442,2.1775460750000093,10,o3_default_default,1.62763e-05
ibm_heron_133,su2random_indep_qiskit_5,train,su2random,qiskit,5,22,55,36,36,30,0,6,0.8333333333333334,30,0.016357306500026425,0.02017137139998037,0.029969089699943642,0.08524071700003333,10,o3_default_default,0.9160895955
ibm_heron_133,su2random_indep_qiskit_50,train,su2random,qiskit,50,202,3925,36,36,30,0,6,0.8333333333333334,30,0.5026115244997982,1.3606063092000265,4.329507951749792,4.506218446000275,10,o3_default_default,1.016e-07
ibm_heron_133,su2random_indep_qiskit_6,train,su2random,qiskit,6,26,75,36,36,30,0,6,0.8333333333333334,30,0.017941455000027418,0.020334841499955777,0.03420445654971898,0.04049153200003275,10,o3_default_default,0.8481843229
ibm_heron_133,su2random_indep_qiskit_7,train,su2random,qiskit,7,30,98,36,36,30,0,6,0.8333333333333334,30,0.019335553500013702,0.022940525433311147,0.0438542354000674,0.045991611999852466,10,o3_default_default,0.7710308246
ibm_heron_133,su2random_indep_qiskit_8,train,su2random,qiskit,8,34,124,36,36,30,0,6,0.8333333333333334,30,0.02227085250001437,0.027585079033406144,0.060841007649969456,0.06547226600014255,10,o3_default_default,0.6855265467
ibm_heron_133,su2random_indep_qiskit_9,train,su2random,qiskit,9,38,153,36,36,30,0,6,0.8333333333333334,30,0.02948596150031335,0.03529971246668235,0.08361770389994941,0.09765006299994639,10,o3_default_default,0.6008221584
ibm_heron_133,su2random_indep_tket_2,train,su2random,tket,2,12,21,36,36,36,0,0,1.0,36,0.012456493999934537,0.013080537083371584,0.01847595825006465,0.023493349000091257,12,o3_default_default,0.996237947
ibm_heron_133,su2random_indep_tket_3,train,su2random,tket,3,18,36,36,36,36,0,0,1.0,36,0.016324038000220753,5.719960152444489,33.87568273675015,44.696936211999855,12,o3_default_default,0.9755204062
ibm_heron_133,su2random_indep_tket_30,train,su2random,tket,30,126,1575,36,36,30,0,6,0.8333333333333334,30,0.1961963150001793,0.3222945898999872,1.0598186727502021,1.251345818000118,10,o3_default_default,0.0018410127
ibm_heron_133,su2random_indep_tket_4,train,su2random,tket,4,22,54,36,36,36,0,0,1.0,36,0.018805371500093315,9.045783598027798,58.59888354375016,86.44929830199999,12,o3_default_default,0.9483792433
ibm_heron_133,su2random_indep_tket_40,train,su2random,tket,40,166,2700,36,36,30,0,6,0.8333333333333334,30,0.30110411949999616,0.5772360807333674,1.8556763097000384,2.0410802319997856,10,o3_default_default,9.7408e-06
ibm_heron_133,su2random_indep_tket_5,train,su2random,tket,5,26,75,36,36,30,0,6,0.8333333333333334,30,0.01896041150007477,0.021939435633278968,0.03358725269977185,0.0495530210000652,10,o3_default_default,0.9158992778
ibm_heron_133,su2random_indep_tket_50,train,su2random,tket,50,206,4125,36,36,30,0,6,0.8333333333333334,30,0.5186891900000319,1.385264504633354,4.467358636950257,4.659446678000222,10,o3_default_default,1.015e-07
ibm_heron_133,su2random_indep_tket_6,train,su2random,tket,6,30,99,36,36,30,0,6,0.8333333333333334,30,0.016797440500113225,0.02041826309997911,0.036025683750222,0.0445975500001623,10,o3_default_default,0.8542517571
ibm_heron_133,su2random_indep_tket_7,train,su2random,tket,7,34,126,36,36,30,0,6,0.8333333333333334,30,0.02018920449995676,0.02360101089999868,0.039563154499796825,0.05327487500017014,10,o3_default_default,0.7711733155
ibm_heron_133,su2random_indep_tket_8,train,su2random,tket,8,38,156,36,36,30,0,6,0.8333333333333334,30,0.022946680999893942,0.029704361066690884,0.06305589230005353,0.06806106000021828,10,o3_default_default,0.6840205175
ibm_heron_133,su2random_indep_tket_9,train,su2random,tket,9,42,189,36,36,30,0,6,0.8333333333333334,30,0.031457020000061675,0.0398647700666667,0.08898858150005251,0.09584115400002702,10,o3_default_default,0.6012941519
ibm_heron_133,twolocalrandom_indep_qiskit_10,train,twolocalrandom,qiskit,10,42,185,36,36,30,0,6,0.8333333333333334,30,0.03141660349979247,0.04082145609995678,0.09936916134993218,0.11187839700005497,10,o3_default_default,0.5770628481
ibm_heron_133,twolocalrandom_indep_qiskit_11,train,twolocalrandom,qiskit,11,46,220,36,36,30,0,6,0.8333333333333334,30,0.04196482949987512,0.0479268420666358,0.09916730900017681,0.11289893799994388,10,o2_default_default,0.4242197799
ibm_heron_133,twolocalrandom_indep_qiskit_2,train,twolocalrandom,qiskit,2,8,13,36,36,36,0,0,1.0,36,0.011971262499855584,0.012218822333339732,0.01607897350015719,0.01695986400000038,12,o3_default_default,0.996237947
ibm_heron_133,twolocalrandom_indep_qiskit_3,train,twolocalrandom,qiskit,3,14,24,36,36,36,0,0,1.0,36,0.01639883550024024,5.59480364322221,33.945553311749904,43.841719513000044,12,o3_default_default,0.972905139
ibm_heron_133,twolocalrandom_indep_qiskit_30,train,twolocalrandom,qiskit,30,122,1455,36,36,30,0,6,0.8333333333333334,30,0.17226971500008403,0.310547171499987,1.0573914948998433,1.1091086470000846,10,o3_default_default,0.0018430241
ibm_heron_133,twolocalrandom_indep_qiskit_4,train,twolocalrandom,qiskit,4,18,38,36,36,36,0,0,1.0,36,0.017232617999979993,8.675533741361114,57.771724858500306,83.31080444500003,12,o3_default_default,0.9490166243
ibm_heron_133,twolocalrandom_indep_qiskit_40,train,twolocalrandom,qiskit,40,162,2540,36,36,30,0,6,0.8333333333333334,30,0.3100991825001529,0.5689183504000084,1.847388559899832,1.8988868369997363,10,o3_default_default,1.62954e-05
ibm_heron_133,twolocalrandom_indep_qiskit_5,train,twolocalrandom,qiskit,5,22,55,36,36,30,0,6,0.8333333333333334,30,0.016689426999846546,0.017373702666615524,0.0248353489501369,0.027200432999961777,10,o3_default_default,0.9166872518
ibm_heron_133,twolocalrandom_indep_qiskit_50,train,twolocalrandom,qiskit,50,202,3925,36,36,30,0,6,0.8333333333333334,30,0.4985326945002271,1.3596901736334226,4.549345399399476,4.795608821999394,10,o3_default_default,1.016e-07
ibm_heron_133,twolocalrandom_indep_qiskit_6,train,twolocalrandom,qiskit,6,26,75,36,36,30,0,6,0.8333333333333334,30,0.018783299000006082,0.020586271833326463,0.0357034474496686,0.039807443999961833,10,o3_default_default,0.8489829773
ibm_heron_133,twolocalrandom_indep_qiskit_7,train,twolocalrandom,qiskit,7,30,98,36,36,30,0,6,0.8333333333333334,30,0.019839262000004965,0.02199713333332814,0.03773868089974712,0.0404102509992299,10,o3_default_default,0.7717572775
ibm_heron_133,twolocalrandom_indep_qiskit_8,train,twolocalrandom,qiskit,8,34,124,36,36,30,0,6,0.8333333333333334,30,0.025880852499994944,0.02813795076669218,0.056893440999874645,0.06571373099995981,10,o3_default_default,0.6861792369
ibm_heron_133,twolocalrandom_indep_qiskit_9,train,twolocalrandom,qiskit,9,38,153,36,36,30,0,6,0.8333333333333334,30,0.025854174500636873,0.03590209816669206,0.09223491210000247,0.09408844500012492,10,o3_default_default,0.6019319433
ibm_heron_133,twolocalrandom_indep_tket_10,train,twolocalrandom,tket,10,42,185,36,36,30,0,6,0.8333333333333334,30,0.0329869560005136,0.04138112346657484,0.09275187019993608,0.09615365299941914,10,o3_default_default,0.5770628481
ibm_heron_133,twolocalrandom_indep_tket_11,train,twolocalrandom,tket,11,46,220,36,36,30,0,6,0.8333333333333334,30,0.03166695449999679,0.04726282889993551,0.09944115389976105,0.11626853500001744,10,o2_default_default,0.4242197799
ibm_heron_133,twolocalrandom_indep_tket_2,train,twolocalrandom,tket,2,8,13,36,36,36,0,0,1.0,36,0.01250703949972376,0.012830463361145425,0.016235365749935227,0.01826026799972169,12,o3_default_default,0.996237947
ibm_heron_133,twolocalrandom_indep_tket_3,train,twolocalrandom,tket,3,14,24,36,36,36,0,0,1.0,36,0.01553425949987286,5.445270431916621,33.374760308749956,42.42649738599994,12,o3_default_default,0.972905139
ibm_heron_133,twolocalrandom_indep_tket_30,train,twolocalrandom,tket,30,122,1455,36,36,30,0,6,0.8333333333333334,30,0.1755512924996765,0.32308705213336,1.0637571071497403,1.2012525720001577,10,o3_default_default,0.0018430046
ibm_heron_133,twolocalrandom_indep_tket_4,train,twolocalrandom,tket,4,18,38,36,36,36,0,0,1.0,36,0.01782689699984985,8.631627304944509,56.17091539000012,82.61407090299963,12,o3_default_default,0.9489293827
ibm_heron_133,twolocalrandom_indep_tket_40,train,twolocalrandom,tket,40,162,2540,36,36,30,0,6,0.8333333333333334,30,0.3151078209998559,0.5500123141666032,1.7740667739497893,1.918245152000054,10,o3_default_default,1.62909e-05
ibm_heron_133,twolocalrandom_indep_tket_5,train,twolocalrandom,tket,5,22,55,36,36,30,0,6,0.8333333333333334,30,0.01582080300022426,0.01728266463342152,0.028621936500212535,0.030178916999830108,10,o3_default_default,0.9165956052
ibm_heron_133,twolocalrandom_indep_tket_50,train,twolocalrandom,tket,50,202,3925,36,36,30,0,6,0.8333333333333334,30,0.5711672255001758,1.3498847381333385,4.285555086399835,4.968854802000351,10,o3_default_default,1.016e-07
ibm_heron_133,twolocalrandom_indep_tket_6,train,twolocalrandom,tket,6,26,75,36,36,30,0,6,0.8333333333333334,30,0.018685481999909825,0.021331632033373658,0.03416578625033253,0.03516561200012802,10,o3_default_default,0.8489081214
ibm_heron_133,twolocalrandom_indep_tket_7,train,twolocalrandom,tket,7,30,98,36,36,30,0,6,0.8333333333333334,30,0.01962373349988411,0.02244708106663893,0.03547513499993329,0.04470564999974158,10,o3_default_default,0.7717608568
ibm_heron_133,twolocalrandom_indep_tket_8,train,twolocalrandom,tket,8,34,124,36,36,30,0,6,0.8333333333333334,30,0.026533248999839998,0.029593565899964838,0.06380091850046482,0.06726384899957338,10,o3_default_default,0.6861792369
ibm_heron_133,twolocalrandom_indep_tket_9,train,twolocalrandom,tket,9,38,153,36,36,30,0,6,0.8333333333333334,30,0.029418191999866394,0.036763653200038486,0.09068331305006723,0.09452670900009252,10,o3_default_default,0.6019319433
ibm_heron_133,vqe_indep_qiskit_10,train,vqe,qiskit,10,15,58,36,36,36,0,0,1.0,36,0.017020293999848946,0.017414405444393804,0.02231030824964364,0.023073778000252787,12,o2_default_default,0.9528466904
ibm_heron_133,vqe_indep_qiskit_11,train,vqe,qiskit,11,16,64,36,36,36,0,0,1.0,36,0.016186514999844803,0.016459523861107703,0.020112520000338918,0.023754376000397315,12,o2_default_default,0.9495936939
ibm_heron_133,vqe_indep_qiskit_12,train,vqe,qiskit,12,17,70,36,36,36,0,0,1.0,36,0.016906213499623846,0.017212015000040992,0.023218600750396945,0.025384408000718395,12,o3_default_default,0.9453657071
ibm_heron_133,vqe_indep_qiskit_13,train,vqe,qiskit,13,18,76,36,36,36,0,0,1.0,36,0.016782940499979304,0.01730856308341168,0.024767509500179585,0.02691319499990641,12,o2_default_default,0.9329317402
ibm_heron_133,vqe_indep_qiskit_14,train,vqe,qiskit,14,19,82,36,36,36,0,0,1.0,36,0.01725162000002456,0.017922529666621913,0.025873711500253194,0.027104641000732954,12,o2_default_default,0.929988199
ibm_heron_133,vqe_indep_qiskit_15,train,vqe,qiskit,15,20,88,36,36,36,0,0,1.0,36,0.017598763999558287,0.018748765666663933,0.02552048400025342,0.039619263000531646,12,o2_default_default,0.9255298769
ibm_heron_133,vqe_indep_qiskit_16,train,vqe,qiskit,16,21,94,36,36,36,0,0,1.0,36,0.01869449549985802,0.02016712566660317,0.03358522049961721,0.038425601000199094,12,o2_default_default,0.9203075618
ibm_heron_133,vqe_indep_qiskit_3,train,vqe,qiskit,3,8,16,36,36,36,0,0,1.0,36,0.012845624999954453,0.013278039055522741,0.01747216325043155,0.019498634999763453,12,o2_default_default,0.9928476999
ibm_heron_133,vqe_indep_qiskit_4,train,vqe,qiskit,4,9,22,36,36,36,0,0,1.0,36,0.013123035999797139,0.013322384333251749,0.016374975750068188,0.017567115999554517,12,o3_default_default,0.9870782875
ibm_heron_133,vqe_indep_qiskit_5,train,vqe,qiskit,5,10,28,36,36,36,0,0,1.0,36,0.013672494999809714,0.013791321111132978,0.017319113500661842,0.019063691000155814,12,o2_dense_sabre,0.981767011
ibm_heron_133,vqe_indep_qiskit_6,train,vqe,qiskit,6,11,34,36,36,36,0,0,1.0,36,0.01557801799981462,0.015446579000076276,0.020155605000127252,0.02614333700057614,12,o2_default_default,0.9792205813
ibm_heron_133,vqe_indep_qiskit_7,train,vqe,qiskit,7,12,40,36,36,36,0,0,1.0,36,0.014124043499577965,0.02009800469439445,0.022159877000376582,0.19997837400023855,12,o2_default_default,0.9673903906
ibm_heron_133,vqe_indep_qiskit_8,train,vqe,qiskit,8,13,46,36,36,36,0,0,1.0,36,0.015068126499954815,0.01579792394447092,0.02086031750013717,0.029964006999762205,12,o3_default_default,0.9624878517
ibm_heron_133,vqe_indep_qiskit_9,train,vqe,qiskit,9,14,52,36,36,36,0,0,1.0,36,0.015043092000269098,0.015843727750001965,0.020459784250078883,0.021161546999792336,12,o3_default_default,0.9602493006
ibm_heron_133,vqe_indep_tket_10,train,vqe,tket,10,15,58,36,36,36,0,0,1.0,36,0.016085083999769267,0.015901547361181656,0.01963349675020254,0.022789195999393996,12,o2_default_default,0.9526704669
ibm_heron_133,vqe_indep_tket_11,train,vqe,tket,11,16,64,36,36,36,0,0,1.0,36,0.016080659499948524,0.016500225861111377,0.023426063000215436,0.025352433000080055,12,o2_default_default,0.9504906542
ibm_heron_133,vqe_indep_tket_12,train,vqe,tket,12,17,70,36,36,36,0,0,1.0,36,0.01537006049966294,0.015639199360950644,0.020368717250448753,0.021755693999693904,12,o2_default_default,0.9452645679
ibm_heron_133,vqe_indep_tket_13,train,vqe,tket,13,18,76,36,36,36,0,0,1.0,36,0.016273813499992684,0.016542666527710834,0.02095710774960935,0.02708240899937664,12,o3_default_default,0.9330216519
ibm_heron_133,vqe_indep_tket_14,train,vqe,tket,14,19,82,36,36,36,0,0,1.0,36,0.016608772999916255,0.018346084888839362,0.03243799025017324,0.03500914800042665,12,o2_default_default,0.9300737312
ibm_heron_133,vqe_indep_tket_15,train,vqe,tket,15,20,88,36,36,36,0,0,1.0,36,0.017415554000308475,0.01884317305563046,0.03024584099966887,0.03587407600025472,12,o2_default_default,0.9256998688
ibm_heron_133,vqe_indep_tket_16,train,vqe,tket,16,21,94,36,36,36,0,0,1.0,36,0.019553846499547944,0.020023062944397277,0.026536175249702865,0.028427080999790633,12,o2_default_default,0.920663253
ibm_heron_133,vqe_indep_tket_3,train,vqe,tket,3,8,16,36,36,36,0,0,1.0,36,0.013295284999912838,0.013490947916706218,0.018046245500272562,0.02024225000059232,12,o2_default_default,0.9928476999
ibm_heron_133,vqe_indep_tket_4,train,vqe,tket,4,9,22,36,36,36,0,0,1.0,36,0.012826790000417532,0.013452627277805126,0.017108593750208456,0.019218679000005068,12,o2_default_default,0.9868901221
ibm_heron_133,vqe_indep_tket_5,train,vqe,tket,5,10,28,36,36,36,0,0,1.0,36,0.014080004500101495,0.01488472636106053,0.020225799749596263,0.023221453000587644,12,o2_dense_sabre,0.981767011
ibm_heron_133,vqe_indep_tket_6,train,vqe,tket,6,11,34,36,36,36,0,0,1.0,36,0.015658819999771367,0.01591752513885088,0.020777545500322958,0.023025308999422123,12,o2_default_default,0.9787665342
ibm_heron_133,vqe_indep_tket_7,train,vqe,tket,7,12,40,36,36,36,0,0,1.0,36,0.0136475664999125,0.01449206519454391,0.01924793450029938,0.020058559000062814,12,o2_default_default,0.9672097902
ibm_heron_133,vqe_indep_tket_8,train,vqe,tket,8,13,46,36,36,36,0,0,1.0,36,0.015766013500069676,0.015907830222103157,0.020369405249766714,0.021468137999363535,12,o3_default_default,0.9623041132
ibm_heron_133,vqe_indep_tket_9,train,vqe,tket,9,14,52,36,36,36,0,0,1.0,36,0.01655945700031225,0.016466841361029258,0.0206315780001205,0.023519219999798224,12,o2_default_default,0.959427959
ibm_heron_133,wstate_indep_qiskit_10,train,wstate,qiskit,10,21,47,36,36,36,0,0,1.0,36,0.014956355500089558,0.015084309416579345,0.019215724499417774,0.020729063000544556,12,o2_default_default,0.9582681834
ibm_heron_133,wstate_indep_qiskit_11,train,wstate,qiskit,11,23,52,36,36,36,0,0,1.0,36,0.014851886499855027,0.015526497999871935,0.02248576699980731,0.023691350999797578,12,o2_default_default,0.9525371603
ibm_heron_133,wstate_indep_qiskit_12,train,wstate,qiskit,12,25,57,36,36,36,0,0,1.0,36,0.014835716000106913,0.015309952611182275,0.02168151624937309,0.02278865800053609,12,o2_default_default,0.9457924107
ibm_heron_133,wstate_indep_qiskit_13,train,wstate,qiskit,13,27,62,36,36,36,0,0,1.0,36,0.015174792999914644,0.016587725555584458,0.023955944249792083,0.02449951400012651,12,o2_default_default,0.9366475222
ibm_heron_133,wstate_indep_qiskit_14,train,wstate,qiskit,14,29,67,36,36,36,0,0,1.0,36,0.015725022999959037,0.01582669488882655,0.020355203750114015,0.021715460000450548,12,o2_default_default,0.9332789027
ibm_heron_133,wstate_indep_qiskit_15,train,wstate,qiskit,15,31,72,36,36,36,0,0,1.0,36,0.015796579999914684,0.017325847527697787,0.031706572499615504,0.0345297190006022,12,o2_default_default,0.926680642
ibm_heron_133,wstate_indep_qiskit_16,train,wstate,qiskit,16,33,77,36,36,36,0,0,1.0,36,0.016819470000427827,0.018746503722266224,0.031058156750077615,0.03508366299956833,12,o2_default_default,0.9216451063
ibm_heron_133,wstate_indep_qiskit_17,train,wstate,qiskit,17,35,82,36,36,36,0,0,1.0,36,0.019633714000065083,0.02085973583338172,0.03494686299973182,0.04009057500024937,12,o2_default_default,0.9160172084
ibm_heron_133,wstate_indep_qiskit_18,train,wstate,qiskit,18,37,87,36,36,36,0,0,1.0,36,0.01760445499985508,0.02061359733337061,0.04276770625028803,0.04854412199983926,12,o3_default_default,0.9035513253
ibm_heron_133,wstate_indep_qiskit_19,train,wstate,qiskit,19,39,92,36,36,36,0,0,1.0,36,0.01826627450009255,0.022078391888751665,0.05130139049970239,0.05720350299998245,12,o3_default_default,0.8983001085
ibm_heron_133,wstate_indep_qiskit_2,train,wstate,qiskit,2,5,7,36,36,36,0,0,1.0,36,0.011259775000326044,0.011398288222305078,0.01362392925034328,0.015757242999825394,12,o3_default_default,0.9971174192
ibm_heron_133,wstate_indep_qiskit_20,train,wstate,qiskit,20,41,97,36,36,36,0,0,1.0,36,0.019659814500300854,0.02278854894444117,0.054692538499921284,0.06585879200065392,12,o3_default_default,0.8956613757
ibm_heron_133,wstate_indep_qiskit_21,train,wstate,qiskit,21,43,102,36,36,36,0,0,1.0,36,0.01962795500003267,0.025393074805555846,0.07962220750050619,0.08650318099989818,12,o3_default_default,0.8847999255
ibm_heron_133,wstate_indep_qiskit_22,train,wstate,qiskit,22,45,107,36,36,36,0,0,1.0,36,0.021778901500056236,0.02889338638889664,0.1004869539997344,0.10979987899918342,12,o3_default_default,0.8759963079
ibm_heron_133,wstate_indep_qiskit_23,train,wstate,qiskit,23,47,112,36,36,36,0,0,1.0,36,0.01848841450009786,0.025224713277718063,0.08891509650038643,0.09426314199936314,12,o2_default_default,0.876622073
ibm_heron_133,wstate_indep_qiskit_24,train,wstate,qiskit,24,49,117,36,36,36,0,0,1.0,36,0.01900083150030696,0.02768969980565493,0.1036046302504019,0.11290031800035649,12,o2_default_default,0.8702067838
ibm_heron_133,wstate_indep_qiskit_25,train,wstate,qiskit,25,51,122,36,36,36,0,0,1.0,36,0.02298276800001986,0.030966226611149575,0.11368241449986272,0.12328058200000669,12,o2_default_default,0.8651129227
ibm_heron_133,wstate_indep_qiskit_26,train,wstate,qiskit,26,53,127,36,36,36,0,0,1.0,36,0.020355283500066434,0.02929342727775798,0.1165752315005193,0.12186578900036693,12,o2_default_default,0.8630770835
ibm_heron_133,wstate_indep_qiskit_27,train,wstate,qiskit,27,55,132,36,36,36,0,0,1.0,36,0.021963505999792687,0.031587218583404644,0.128444462999596,0.13979932100028236,12,o2_default_default,0.8569538836
ibm_heron_133,wstate_indep_qiskit_28,train,wstate,qiskit,28,57,137,36,36,36,0,0,1.0,36,0.023942378499668848,0.034658566083256424,0.15307447224995485,0.17170569599966257,12,o2_default_default,0.849587006
ibm_heron_133,wstate_indep_qiskit_29,train,wstate,qiskit,29,59,142,36,36,36,0,0,1.0,36,0.02205841449995205,0.037853901888840684,0.21592647150009725,0.22248442100044485,12,o2_default_default,0.8420612986
ibm_heron_133,wstate_indep_qiskit_3,train,wstate,qiskit,3,7,12,36,36,36,0,0,1.0,36,0.012347969000074954,0.012498230361163425,0.016048529749923546,0.01867604000017309,12,o2_default_default,0.9907731465
ibm_heron_133,wstate_indep_qiskit_30,train,wstate,qiskit,30,61,147,36,36,36,0,0,1.0,36,0.025324514999738312,0.04496439958335133,0.2314859107502798,0.23581071799981146,12,o3_default_default,0.8350234698
ibm_heron_133,wstate_indep_qiskit_4,train,wstate,qiskit,4,9,17,36,36,36,0,0,1.0,36,0.012899019499855058,0.013273886666638646,0.016565185999979803,0.018593906999740284,12,o3_default_default,0.98749191
ibm_heron_133,wstate_indep_qiskit_40,train,wstate,qiskit,40,81,197,36,36,36,0,0,1.0,36,0.029380890499851375,0.04969117344451964,0.2884430157503175,0.29912601900014124,12,o3_default_default,0.7785649511
ibm_heron_133,wstate_indep_qiskit_5,train,wstate,qiskit,5,11,22,36,36,36,0,0,1.0,36,0.013886150999951496,0.0136492128333935,0.016225032250076765,0.01633878799930244,12,o2_default_default,0.9824724399
ibm_heron_133,wstate_indep_qiskit_50,train,wstate,qiskit,50,101,247,36,36,36,0,0,1.0,36,0.031311125499996706,0.059622526444450666,0.34315487775052134,0.38125678100004734,12,o2_default_default,0.7240184165
ibm_heron_133,wstate_indep_qiskit_6,train,wstate,qiskit,6,13,27,36,36,36,0,0,1.0,36,0.013285183999869332,0.013568955527792545,0.017573157749893653,0.01879377199929877,12,o3_default_default,0.9781706213
ibm_heron_133,wstate_indep_qiskit_60,train,wstate,qiskit,60,121,297,36,36,36,0,0,1.0,36,0.038690765500177804,0.06500678652777322,0.38811413224993885,0.39102365899998404,12,o2_default_default,0.6716269018
ibm_heron_133,wstate_indep_qiskit_7,train,wstate,qiskit,7,15,32,36,36,36,0,0,1.0,36,0.015160449499944662,0.0153501568611571,0.019833415250559483,0.021520944999792846,12,o2_default_default,0.9687189996
ibm_heron_133,wstate_indep_qiskit_70,train,wstate,qiskit,70,141,347,36,36,36,0,0,1.0,36,0.043752160500389436,0.07445805222222487,0.3543818432497119,0.3888313060006112,12,o3_sabre_sabre,0.6192830839
ibm_heron_133,wstate_indep_qiskit_8,train,wstate,qiskit,8,17,37,36,36,36,0,0,1.0,36,0.015444473500338063,0.01632812622223254,0.021858837500076334,0.023952880000251753,12,o3_default_default,0.9619659553
ibm_heron_133,wstate_indep_qiskit_80,train,wstate,qiskit,80,161,397,36,36,36,0,0,1.0,36,0.05106642750024548,0.08319583194449681,0.3983858417502688,0.4131468599998698,12,o3_default_default,0.5818658348
ibm_heron_133,wstate_indep_qiskit_9,train,wstate,qiskit,9,19,42,36,36,36,0,0,1.0,36,0.016385587000058877,0.021350799333226353,0.02252851924981769,0.19953914399957284,12,o3_default_default,0.9552914212
ibm_heron_133,wstate_indep_qiskit_90,train,wstate,qiskit,90,181,447,36,36,36,0,0,1.0,36,0.05148128349992476,0.08242961797213866,0.40010725674983405,0.43004669299989473,12,o3_default_default,0.5357441351
ibm_heron_133,wstate_indep_tket_10,train,wstate,tket,10,21,47,36,36,36,0,0,1.0,36,0.01546371350013942,0.017895927027817986,0.02661805000025197,0.031384183000227495,12,o2_default_default,0.9582656738
ibm_heron_133,wstate_indep_tket_11,train,wstate,tket,11,23,52,36,36,36,0,0,1.0,36,0.014829596000254242,0.015580837555666626,0.021582688250646243,0.023123443000258703,12,o2_default_default,0.9526277812
ibm_heron_133,wstate_indep_tket_12,train,wstate,tket,12,25,57,36,36,36,0,0,1.0,36,0.015627984500042658,0.015585569277871199,0.01948344700031157,0.01992402999985643,12,o2_default_default,0.9459698277
ibm_heron_133,wstate_indep_tket_13,train,wstate,tket,13,27,62,36,36,36,0,0,1.0,36,0.01484123750060462,0.01562583163889839,0.022376589499799593,0.023285353000574105,12,o2_default_default,0.9368232238
ibm_heron_133,wstate_indep_tket_14,train,wstate,tket,14,29,67,36,36,36,0,0,1.0,36,0.015197023499695206,0.015777150472255624,0.022060557500253708,0.02405906399962987,12,o3_default_default,0.9334526637
ibm_heron_133,wstate_indep_tket_15,train,wstate,tket,15,31,72,36,36,36,0,0,1.0,36,0.015058338999551779,0.015739890944461068,0.02062139024951648,0.027261070999884396,12,o2_default_default,0.9269123793
ibm_heron_133,wstate_indep_tket_16,train,wstate,tket,16,33,77,36,36,36,0,0,1.0,36,0.015972741000041424,0.016400527111070713,0.025760575999584034,0.027353941000001214,12,o2_default_default,0.9218179937
ibm_heron_133,wstate_indep_tket_17,train,wstate,tket,17,35,82,36,36,36,0,0,1.0,36,0.017337771500024246,0.0180319258610224,0.027263095499847623,0.032276410999656946,12,o2_default_default,0.9162736588
ibm_heron_133,wstate_indep_tket_18,train,wstate,tket,18,37,87,36,36,36,0,0,1.0,36,0.021826701999998477,0.021964788611108413,0.04061020899985124,0.04296577599961893,12,o3_default_default,0.9073800585
ibm_heron_133,wstate_indep_tket_19,train,wstate,tket,19,39,92,36,36,36,0,0,1.0,36,0.020763263500157336,0.02303022647220132,0.04394607599988376,0.048638448999554384,12,o3_default_default,0.901318207
ibm_heron_133,wstate_indep_tket_2,train,wstate,tket,2,5,7,36,36,36,0,0,1.0,36,0.012843874500049424,0.013402725416628729,0.018219473749923054,0.019305922000057762,12,o3_default_default,0.9971174192
ibm_heron_133,wstate_indep_tket_20,train,wstate,tket,20,41,97,36,36,36,0,0,1.0,36,0.019344917999660538,0.02263870105556028,0.05567044525014353,0.05950055900029838,12,o3_default_default,0.89548972
ibm_heron_133,wstate_indep_tket_21,train,wstate,tket,21,43,102,36,36,36,0,0,1.0,36,0.01759702599974844,0.022808119749874498,0.06761798374986938,0.0757958639997014,12,o3_default_default,0.8848878144
ibm_heron_133,wstate_indep_tket_22,train,wstate,tket,22,45,107,36,36,36,0,0,1.0,36,0.019271293499969033,0.02569503058339251,0.09338028449974445,0.10543665499972121,12,o3_default_default,0.8761622116
ibm_heron_133,wstate_indep_tket_23,train,wstate,tket,23,47,112,36,36,36,0,0,1.0,36,0.019411470999784797,0.02593180516671762,0.09088415174983311,0.09893771000042761,12,o2_default_default,0.8765343612
ibm_heron_133,wstate_indep_tket_24,train,wstate,tket,24,49,117,36,36,36,0,0,1.0,36,0.020649572500133218,0.0278776982499696,0.10964885949988457,0.11401806100002432,12,o3_default_default,0.8702836338
ibm_heron_133,wstate_indep_tket_25,train,wstate,tket,25,51,122,36,36,36,0,0,1.0,36,0.023210836500311416,0.03229840577783863,0.12087737524984732,0.12334107600054267,12,o3_default_default,0.8653631877
ibm_heron_133,wstate_indep_tket_26,train,wstate,tket,26,53,127,36,36,36,0,0,1.0,36,0.027290379500300332,0.037832091027768106,0.13880337875002624,0.1480375080000158,12,o2_default_default,0.8629103399
ibm_heron_133,wstate_indep_tket_27,train,wstate,tket,27,55,132,36,36,36,0,0,1.0,36,0.028672765499777597,0.04262072972222894,0.1677400577498247,0.17297404500004632,12,o2_default_default,0.8568732846
ibm_heron_133,wstate_indep_tket_28,train,wstate,tket,28,57,137,36,36,36,0,0,1.0,36,0.02634586699969077,0.039442288222163474,0.17388943300034043,0.19419929800005775,12,o2_default_default,0.8498322753
ibm_heron_133,wstate_indep_tket_29,train,wstate,tket,29,59,142,36,36,36,0,0,1.0,36,0.03209608599991043,0.0485275564443681,0.23241257249947012,0.2431618430000526,12,o2_default_default,0.8423046446
ibm_heron_133,wstate_indep_tket_3,train,wstate,tket,3,7,12,36,36,36,0,0,1.0,36,0.015010115500444954,0.014632397750094443,0.018887454000378057,0.0193898839997928,12,o2_default_default,0.9907731465
ibm_heron_133,wstate_indep_tket_30,train,wstate,tket,30,61,147,36,36,36,0,0,1.0,36,0.026806992000274477,0.04567800769465672,0.24714463725035785,0.26136150900038047,12,o3_default_default,0.8351785564
ibm_heron_133,wstate_indep_tket_4,train,wstate,tket,4,9,17,36,36,36,0,0,1.0,36,0.01523292499996387,0.0157604379166969,0.019347998750390616,0.022604091999710363,12,o3_default_default,0.9873949912
ibm_heron_133,wstate_indep_tket_40,train,wstate,tket,40,81,197,36,36,36,0,0,1.0,36,0.031138679500145372,0.05516229800001485,0.3174043072499444,0.3267755050001142,12,o3_default_default,0.778640107
ibm_heron_133,wstate_indep_tket_5,train,wstate,tket,5,11,22,36,36,36,0,0,1.0,36,0.013710901999729685,0.014129840277696025,0.018514854499926514,0.018925730999399093,12,o2_default_default,0.9824724399
ibm_heron_133,wstate_indep_tket_50,train,wstate,tket,50,101,247,36,36,36,0,0,1.0,36,0.03465442549986619,0.05980969533334246,0.332826216499825,0.3560518250005771,12,o2_default_default,0.7240810768
ibm_heron_133,wstate_indep_tket_6,train,wstate,tket,6,13,27,36,36,36,0,0,1.0,36,0.014416323000205011,0.014977616833246228,0.020359914250093425,0.024031550000472635,12,o3_default_default,0.9783538543
ibm_heron_133,wstate_indep_tket_60,train,wstate,tket,60,121,297,36,36,36,0,0,1.0,36,0.04181221099997856,0.07144908116672216,0.36469533950003097,0.38677763499981666,12,o2_default_default,0.6716944694
ibm_heron_133,wstate_indep_tket_7,train,wstate,tket,7,15,32,36,36,36,0,0,1.0,36,0.016107513999941148,0.01607856072220986,0.021996236249606227,0.02597980800055666,12,o2_default_default,0.9688125233
ibm_heron_133,wstate_indep_tket_70,train,wstate,tket,70,141,347,36,36,36,0,0,1.0,36,0.04587628250055786,0.07569869550002295,0.4112477147500613,0.42068991999985883,12,o2_sabre_sabre,0.6187629363
ibm_heron_133,wstate_indep_tket_8,train,wstate,tket,8,17,37,36,36,36,0,0,1.0,36,0.016755388000092353,0.01664566547209587,0.02245875524999974,0.024322469000253477,12,o3_default_default,0.9619724999
ibm_heron_133,wstate_indep_tket_80,train,wstate,tket,80,161,397,36,36,36,0,0,1.0,36,0.046178073000191944,0.07829005066673744,0.3880806925003526,0.448456150000311,12,o3_default_default,0.5817578184
ibm_heron_133,wstate_indep_tket_9,train,wstate,tket,9,19,42,36,36,36,0,0,1.0,36,0.01590123500000118,0.01594226161116947,0.02133037200042054,0.028236326999831363,12,o3_default_default,0.9553849303
ibm_heron_133,wstate_indep_tket_90,train,wstate,tket,90,181,447,36,36,36,0,0,1.0,36,0.05501966549991266,0.08340161261116918,0.4119067262497538,0.45952238900008524,12,o3_default_default,0.5356762067
ibm_heron_133,pricingcall_indep_qiskit_11,validation,pricingcall,qiskit,11,127,166,36,36,30,0,6,0.8333333333333334,30,0.03430531999993036,0.11019624106669047,0.29752548654964805,0.3062566500002504,10,o3_default_default,0.5286614553
ibm_heron_133,pricingcall_indep_qiskit_5,validation,pricingcall,qiskit,5,36,47,36,36,30,0,6,0.8333333333333334,30,0.01838176349974674,0.02338288649995472,0.04885710655057663,0.05360080500031472,10,o3_default_default,0.9397125035
ibm_heron_133,pricingcall_indep_qiskit_7,validation,pricingcall,qiskit,7,56,78,36,36,30,0,6,0.8333333333333334,30,0.02418028849979237,0.03678133186664733,0.08990432675013833,0.10105801999998221,10,o3_default_default,0.7950368407
ibm_heron_133,pricingcall_indep_qiskit_9,validation,pricingcall,qiskit,9,83,111,36,36,30,0,6,0.8333333333333334,30,0.03485336450012255,0.04893542943336797,0.12007511180045183,0.13136289700014459,10,o3_default_default,0.6346978208
ibm_heron_133,pricingcall_indep_tket_5,validation,pricingcall,tket,5,41,59,36,36,30,0,6,0.8333333333333334,30,0.017738538499997958,0.023526466366729438,0.0532057809006346,0.06424395200065192,10,o3_default_default,0.9396226466
ibm_heron_133,pricingcall_indep_tket_7,validation,pricingcall,tket,7,63,92,36,36,30,0,6,0.8333333333333334,30,0.025930793499810534,0.03561737106668564,0.0811037078996378,0.08361170100033632,10,o3_default_default,0.7950356366
ibm_heron_133,pricingcall_indep_tket_9,validation,pricingcall,tket,9,92,129,36,36,30,0,6,0.8333333333333334,30,0.03532957900006295,0.052690444766722064,0.13569851975057645,0.15203727399966738,10,o3_default_default,0.6346981904
ibm_heron_133,pricingput_indep_qiskit_11,validation,pricingput,qiskit,11,128,172,36,36,30,0,6,0.8333333333333334,30,0.0395689984998171,0.06234148833324677,0.17136678709980513,0.1954548630001227,10,o3_default_default,0.5335864567
ibm_heron_133,pricingput_indep_qiskit_5,validation,pricingput,qiskit,5,36,47,36,36,30,0,6,0.8333333333333334,30,0.02107098250053241,0.02623592759997943,0.05093810154985476,0.06167321599969,10,o3_default_default,0.938032637
ibm_heron_133,pricingput_indep_qiskit_7,validation,pricingput,qiskit,7,55,80,36,36,30,0,6,0.8333333333333334,30,0.026464769000085653,0.037768585099972066,0.08696802109961935,0.0988116380003703,10,o3_default_default,0.7843909921
ibm_heron_133,pricingput_indep_qiskit_9,validation,pricingput,qiskit,9,84,121,36,36,30,0,6,0.8333333333333334,30,0.03483980449982482,0.05223675220007256,0.13155650160033472,0.1529873370000132,10,o3_default_default,0.661862952
ibm_heron_133,pricingput_indep_tket_5,validation,pricingput,tket,5,41,59,36,36,30,0,6,0.8333333333333334,30,0.022602408500006277,0.02720618453346712,0.05301325760024156,0.0583618970003954,10,o3_default_default,0.9381205627
ibm_heron_133,pricingput_indep_tket_7,validation,pricingput,tket,7,62,102,36,36,30,0,6,0.8333333333333334,30,0.02366381799993178,0.03597153746668482,0.0860434930998508,0.10452844599967648,10,o3_default_default,0.7843185528
ibm_heron_133,pricingput_indep_tket_9,validation,pricingput,tket,9,93,159,36,36,30,0,6,0.8333333333333334,30,0.03753824549994533,0.059986531566695096,0.14843499260032328,0.2941845420000391,10,o3_default_default,0.6617946632
ibm_heron_133,qft_indep_qiskit_10,validation,qft,qiskit,10,21,70,36,36,30,0,6,0.8333333333333334,30,0.030750998500025162,0.03126042313333528,0.04135425689951262,0.050614908000170544,10,o3_default_default,0.7355152979
ibm_heron_133,qft_indep_qiskit_11,validation,qft,qiskit,11,23,82,36,36,30,0,6,0.8333333333333334,30,0.034531829000570724,0.03739571616670219,0.05771394494991,0.060469492000265745,10,o3_default_default,0.708260598
ibm_heron_133,qft_indep_qiskit_12,validation,qft,qiskit,12,25,96,36,36,30,0,6,0.8333333333333334,30,0.032930151499840576,0.03728928543341681,0.06685056105034161,0.07324644800064561,10,o3_default_default,0.6451201848
ibm_heron_133,qft_indep_qiskit_13,validation,qft,qiskit,13,27,110,36,36,30,0,6,0.8333333333333334,30,0.036598661999505566,0.0465289553333605,0.06957026469995067,0.23180873199999041,10,o3_default_default,0.6100619607
ibm_heron_133,qft_indep_qiskit_14,validation,qft,qiskit,14,29,126,36,36,30,0,6,0.8333333333333334,30,0.040141271500033326,0.04535326940000838,0.07946427149968256,0.08795221499985928,10,o3_default_default,0.5749198231
ibm_heron_133,qft_indep_qiskit_15,validation,qft,qiskit,15,31,142,36,36,30,0,6,0.8333333333333334,30,0.043837014499786164,0.050265819966686345,0.09832086914989302,0.12007611199987878,10,o2_default_default,0.4881339277
ibm_heron_133,qft_indep_qiskit_16,validation,qft,qiskit,16,33,160,36,36,30,0,6,0.8333333333333334,30,0.04760313499991753,0.053331890633277604,0.09141308080011183,0.11227476300064154,10,o3_default_default,0.4648809031
ibm_heron_133,qft_indep_qiskit_17,validation,qft,qiskit,17,35,178,36,36,30,0,6,0.8333333333333334,30,0.051355713500015554,0.060084982433302986,0.11516009834926988,0.12368342399986432,10,o3_default_default,0.4505578234
ibm_heron_133,qft_indep_qiskit_2,validation,qft,qiskit,2,5,6,36,36,36,0,0,1.0,36,0.011752282999623276,0.011771799222161563,0.015022099500129116,0.015136268999413005,12,o2_default_default,0.9972030366
ibm_heron_133,qft_indep_qiskit_3,validation,qft,qiskit,3,7,10,36,36,36,0,0,1.0,36,0.014086799500091729,0.5548636413888693,3.357738145000212,3.478113805999783,12,o3_default_default,0.9864466909
ibm_heron_133,qft_indep_qiskit_30,validation,qft,qiskit,30,61,510,36,36,30,0,6,0.8333333333333334,30,0.12843465349988037,0.17134348446670628,0.4541670173498913,0.5213218750004671,10,o3_default_default,0.0467707105
ibm_heron_133,qft_indep_qiskit_4,validation,qft,qiskit,4,9,16,36,36,36,0,0,1.0,36,0.016963202999704663,1.6247627501110047,10.650725614000294,11.516205889000048,12,o2_default_default,0.9733237403
ibm_heron_133,qft_indep_qiskit_40,validation,qft,qiskit,40,81,880,36,36,30,0,6,0.8333333333333334,30,0.12160230000017691,0.2352404985999783,0.7706614971496492,1.0204424479998124,10,o3_default_default,0.0160809457
ibm_heron_133,qft_indep_qiskit_5,validation,qft,qiskit,5,11,22,36,36,36,0,0,1.0,36,0.019744287500543578,4.519492701388875,24.94589835675015,51.70211574700079,12,o3_default_default,0.961156753
ibm_heron_133,qft_indep_qiskit_50,validation,qft,qiskit,50,101,1350,36,36,30,0,6,0.8333333333333334,30,0.2557297714993183,0.3605449218332069,1.3357487168487743,1.5179375190000428,10,o3_default_default,0.0011161933
ibm_heron_133,qft_indep_qiskit_6,validation,qft,qiskit,6,13,30,36,36,36,0,0,1.0,36,0.017257295000490558,6.774461648888923,34.89613660725081,87.83107017399925,12,o3_default_default,0.9310583709
ibm_heron_133,qft_indep_qiskit_60,validation,qft,qiskit,60,121,1920,36,36,30,0,6,0.8333333333333334,30,0.2007679600001211,0.3938045961998796,1.6181197626502568,2.0974572180002724,10,o3_default_default,5.85332e-05
ibm_heron_133,qft_indep_qiskit_7,validation,qft,qiskit,7,15,38,36,36,36,0,0,1.0,36,0.020049623499289737,8.547488135722384,56.450375118999546,65.76935246500034,12,o3_default_default,0.9010161251
ibm_heron_133,qft_indep_qiskit_70,validation,qft,qiskit,70,141,2590,36,36,30,0,6,0.8333333333333334,30,0.24401204899913864,0.503482989933218,2.213043096749516,2.2629390839992993,10,o2_default_default,2.2537e-06
ibm_heron_133,qft_indep_qiskit_8,validation,qft,qiskit,8,17,48,36,36,32,0,4,0.8888888888888888,32,0.023301413999433862,3.3655322655312148,21.27939310475018,59.74394639300044,10,o3_default_default,0.8636640695
ibm_heron_133,qft_indep_qiskit_9,validation,qft,qiskit,9,19,58,36,36,30,0,6,0.8333333333333334,30,0.018363121500442503,0.021301352699871736,0.03712135729947476,0.040053909999187454,10,o3_default_default,0.814737367
ibm_heron_133,qft_indep_tket_10,validation,qft,tket,10,21,70,36,36,30,0,6,0.8333333333333334,30,0.022030695500689035,0.023659741633006586,0.03874380580018624,0.04102505399896472,10,o3_default_default,0.7355816302
ibm_heron_133,qft_indep_tket_11,validation,qft,tket,11,23,82,36,36,30,0,6,0.8333333333333334,30,0.022718879500644107,0.02772775056685835,0.051804015299512646,0.0700601070002449,10,o3_default_default,0.7082591173
ibm_heron_133,qft_indep_tket_12,validation,qft,tket,12,25,96,36,36,30,0,6,0.8333333333333334,30,0.026712974000474787,0.02956304313338478,0.0528298584999902,0.05752677000054973,10,o3_default_default,0.6450707323
ibm_heron_133,qft_indep_tket_13,validation,qft,tket,13,27,110,36,36,30,0,6,0.8333333333333334,30,0.025950585500140733,0.03577037296672643,0.06438074629959373,0.1763636449995829,10,o3_default_default,0.6100619607
ibm_heron_133,qft_indep_tket_14,validation,qft,tket,14,29,126,36,36,30,0,6,0.8333333333333334,30,0.025812511500589608,0.032594310566734445,0.0666816229008873,0.0732036049994349,10,o3_default_default,0.5749783982
ibm_heron_133,qft_indep_tket_2,validation,qft,tket,2,5,6,36,36,36,0,0,1.0,36,0.011988201499661955,0.011952796972056805,0.015142773000661691,0.016036230001191143,12,o2_default_default,0.9972030366
ibm_heron_133,qft_indep_tket_3,validation,qft,tket,3,7,10,36,36,36,0,0,1.0,36,0.01393700149947108,0.47959546052778834,2.829001991500718,3.429546723000385,12,o3_default_default,0.9864466909
ibm_heron_133,qft_indep_tket_30,validation,qft,tket,30,61,510,36,36,30,0,6,0.8333333333333334,30,0.0862263940007324,0.12934042133322995,0.43375891119949295,0.44814615299947036,10,o3_default_default,0.046749817
ibm_heron_133,qft_indep_tket_4,validation,qft,tket,4,9,16,36,36,36,0,0,1.0,36,0.015566769500765076,1.4848250029165986,9.765151375750065,10.355339110999921,12,o2_default_default,0.973413636
ibm_heron_133,qft_indep_tket_40,validation,qft,tket,40,81,880,36,36,30,0,6,0.8333333333333334,30,0.1272882015000505,0.23044508293351101,0.7895803177500054,1.0440493400001287,10,o3_default_default,0.0160809457
ibm_heron_133,qft_indep_tket_5,validation,qft,tket,5,11,22,36,36,36,0,0,1.0,36,0.01655577749988879,4.546438076916679,25.398769201499817,51.76728334500149,12,o3_default_default,0.961156753
ibm_heron_133,qft_indep_tket_50,validation,qft,tket,50,101,1350,36,36,30,0,6,0.8333333333333334,30,0.1759873349992631,0.3439940669331918,1.3323672580989285,1.5404507469993405,10,o3_default_default,0.0011167071
ibm_heron_133,qft_indep_tket_6,validation,qft,tket,6,13,30,36,36,36,0,0,1.0,36,0.018193491999227263,6.69921291980548,34.41310505900037,88.23382961199968,12,o3_default_default,0.9309661117
ibm_heron_133,qft_indep_tket_60,validation,qft,tket,60,121,1920,36,36,30,0,6,0.8333333333333334,30,0.19610748349987261,0.4348208951332708,1.9308818211000456,2.3053513539998676,10,o3_default_default,5.83991e-05
ibm_heron_133,qft_indep_tket_7,validation,qft,tket,7,15,38,36,36,36,0,0,1.0,36,0.018452747500305122,8.671726215027725,58.66210030049933,65.98472122299972,12,o3_default_default,0.9010978291
ibm_heron_133,qft_indep_tket_8,validation,qft,tket,8,17,48,36,36,32,0,4,0.8888888888888888,32,0.0186412585007929,3.3395965376877825,21.20831614849982,59.1877566080002,10,o3_default_default,0.8637445063
ibm_heron_133,qft_indep_tket_9,validation,qft,tket,9,19,58,36,36,30,0,6,0.8333333333333334,30,0.018760148999717785,0.022103402333414124,0.036912624449814746,0.04286699200019939,10,o3_default_default,0.8148969968
ibm_heron_133,qftentangled_indep_qiskit_10,validation,qftentangled,qiskit,10,23,80,36,36,30,0,6,0.8333333333333334,30,0.020182532999569958,0.023296296133412397,0.04004021380096674,0.04838040200047544,10,o3_default_default,0.7575328754
ibm_heron_133,qftentangled_indep_qiskit_11,validation,qftentangled,qiskit,11,25,93,36,36,30,0,6,0.8333333333333334,30,0.02162838550066226,0.026380063633466004,0.05682130515097015,0.0583857559995522,10,o3_default_default,0.7405579536
ibm_heron_133,qftentangled_indep_qiskit_12,validation,qftentangled,qiskit,12,27,108,36,36,30,0,6,0.8333333333333334,30,0.023992889499822923,0.029324039433170888,0.05181867589999456,0.06958964399927936,10,o3_default_default,0.6992679018
ibm_heron_133,qftentangled_indep_qiskit_13,validation,qftentangled,qiskit,13,29,123,36,36,30,0,6,0.8333333333333334,30,0.025191974000335904,0.031740420466727905,0.06535680759934616,0.07613682500050345,10,o3_default_default,0.5757408868
ibm_heron_133,qftentangled_indep_qiskit_14,validation,qftentangled,qiskit,14,31,140,36,36,30,0,6,0.8333333333333334,30,0.02721078749982553,0.034158612466732546,0.07224258890000776,0.08919293599865341,10,o3_default_default,0.5733525825
ibm_heron_133,qftentangled_indep_qiskit_15,validation,qftentangled,qiskit,15,33,157,36,36,30,0,6,0.8333333333333334,30,0.027743765000195708,0.036421903500013286,0.08126882100041256,0.08272812900031568,10,o3_default_default,0.4782052351
ibm_heron_133,qftentangled_indep_qiskit_16,validation,qftentangled,qiskit,16,35,176,36,36,30,0,6,0.8333333333333334,30,0.02882181700078945,0.040105094133165646,0.09587721309990223,0.10977437300061865,10,o3_default_default,0.4775120949
ibm_heron_133,qftentangled_indep_qiskit_2,validation,qftentangled,qiskit,2,7,8,36,36,36,0,0,1.0,36,0.011971744499533088,0.012147771972195187,0.014647336749931128,0.022993635000602808,12,o2_default_default,0.9971174192
ibm_heron_133,qftentangled_indep_qiskit_3,validation,qftentangled,qiskit,3,9,13,36,36,36,0,0,1.0,36,0.013513439999769616,0.8152897198890767,4.847205219000898,5.308900378000544,12,o2_default_default,0.9897509583
ibm_heron_133,qftentangled_indep_qiskit_30,validation,qftentangled,qiskit,30,63,540,36,36,30,0,6,0.8333333333333334,30,0.07713643249917368,0.11844612679972973,0.39636660605028734,0.40972601900102745,10,o3_default_default,0.0561904862
ibm_heron_133,qftentangled_indep_qiskit_4,validation,qftentangled,qiskit,4,11,20,36,36,36,0,0,1.0,36,0.015247956999701273,2.4733675291109245,13.877392927749042,23.018375092000497,12,o2_default_default,0.9735429832
ibm_heron_133,qftentangled_indep_qiskit_40,validation,qftentangled,qiskit,40,83,920,36,36,30,0,6,0.8333333333333334,30,0.13501930500024173,0.22612743939995805,0.8037734478004491,1.2123658190012065,10,o3_default_default,0.0051682462
ibm_heron_133,qftentangled_indep_qiskit_5,validation,qftentangled,qiskit,5,13,27,36,36,36,0,0,1.0,36,0.0180602069995075,5.533529196833418,28.390845878250275,73.97310744100105,12,o2_default_default,0.9421649832
ibm_heron_133,qftentangled_indep_qiskit_50,validation,qftentangled,qiskit,50,103,1400,36,36,30,0,6,0.8333333333333334,30,0.1530930469998566,0.3078198962666647,1.178359573399938,1.6657837409984495,10,o3_default_default,0.0009189432
ibm_heron_133,qftentangled_indep_qiskit_6,validation,qftentangled,qiskit,6,15,36,36,36,36,0,0,1.0,36,0.020943355000781594,8.545901327194466,53.2117605302501,62.12972004199946,12,o3_default_default,0.9101274096
ibm_heron_133,qftentangled_indep_qiskit_60,validation,qftentangled,qiskit,60,123,1980,36,36,30,0,6,0.8333333333333334,30,0.21030189500015695,0.47017698953338066,1.8015131136487978,3.516448954000225,10,o2_default_default,2.1467e-05
ibm_heron_133,qftentangled_indep_qiskit_7,validation,qftentangled,qiskit,7,17,45,36,36,36,0,0,1.0,36,0.02212577600039367,7.7991405611109155,47.89941959399994,48.86145284600025,12,o3_default_default,0.9111115651
ibm_heron_133,qftentangled_indep_qiskit_70,validation,qftentangled,qiskit,70,143,2660,36,36,30,0,6,0.8333333333333334,30,0.27611138349948305,0.5492684618334048,2.4054256493992394,2.423725099000876,10,o2_default_default,1.5202e-06
ibm_heron_133,qftentangled_indep_qiskit_8,validation,qftentangled,qiskit,8,19,56,36,36,31,0,5,0.8611111111111112,31,0.020239068000591942,2.8533432179675957,0.03787489049955184,87.79702274199917,10,o3_default_default,0.8410468296
ibm_heron_133,qftentangled_indep_qiskit_9,validation,qftentangled,qiskit,9,21,67,36,36,30,0,6,0.8333333333333334,30,0.01843219549937203,0.021493523833487415,0.03526209075034785,0.04563527800019074,10,o3_default_default,0.8176486123
ibm_heron_133,qftentangled_indep_tket_10,validation,qftentangled,tket,10,23,80,36,36,30,0,6,0.8333333333333334,30,0.02118940950003889,0.024526315933204992,0.0451602985995123,0.04988062899974466,10,o3_default_default,0.7575328754
ibm_heron_133,qftentangled_indep_tket_11,validation,qftentangled,tket,11,25,93,36,36,30,0,6,0.8333333333333334,30,0.022288682000180415,0.027322088333373056,0.04897768179971535,0.06389602099989133,10,o3_default_default,0.7404800052
ibm_heron_133,qftentangled_indep_tket_12,validation,qftentangled,tket,12,27,108,36,36,30,0,6,0.8333333333333334,30,0.025112937500125554,0.030539562400008435,0.05840564119926057,0.06282498899963684,10,o3_default_default,0.6993330277
ibm_heron_133,qftentangled_indep_tket_13,validation,qftentangled,tket,13,29,123,36,36,30,0,6,0.8333333333333334,30,0.02350268600093841,0.03661771906651363,0.0728823750500851,0.19982144899950072,10,o3_default_default,0.57573857
ibm_heron_133,qftentangled_indep_tket_14,validation,qftentangled,tket,14,31,140,36,36,30,0,6,0.8333333333333334,30,0.027446251000583288,0.03578079316678971,0.07393359564903221,0.08793895300004806,10,o3_default_default,0.5733525825
ibm_heron_133,qftentangled_indep_tket_2,validation,qftentangled,tket,2,7,8,36,36,36,0,0,1.0,36,0.01230088850024913,0.011998358111264274,0.014090192750245478,0.014279011000326136,12,o2_default_default,0.9971174192
ibm_heron_133,qftentangled_indep_tket_3,validation,qftentangled,tket,3,9,13,36,36,36,0,0,1.0,36,0.015090009499544976,0.8466094365555565,5.128040913500172,5.341760019000503,12,o2_default_default,0.9897509583
ibm_heron_133,qftentangled_indep_tket_30,validation,qftentangled,tket,30,63,540,36,36,30,0,6,0.8333333333333334,30,0.09118197050065646,0.14257816083348493,0.4447243074992001,0.4621482040001865,10,o3_default_default,0.0565591321
ibm_heron_133,qftentangled_indep_tket_4,validation,qftentangled,tket,4,11,20,36,36,36,0,0,1.0,36,0.01751085950036213,2.477280231027837,13.432103665249542,23.62946411000121,12,o2_default_default,0.9735429832
ibm_heron_133,qftentangled_indep_tket_40,validation,qftentangled,tket,40,83,920,36,36,30,0,6,0.8333333333333334,30,0.12864111349881568,0.23424123883311646,0.801131004849958,1.167835816000661,10,o3_default_default,0.0051707392
ibm_heron_133,qftentangled_indep_tket_5,validation,qftentangled,tket,5,13,27,36,36,36,0,0,1.0,36,0.016189943000426865,5.538229322472186,28.72390738775084,74.39812886499931,12,o2_default_default,0.9421649832
ibm_heron_133,qftentangled_indep_tket_50,validation,qftentangled,tket,50,103,1400,36,36,30,0,6,0.8333333333333334,30,0.15259384850014612,0.2888011336333875,1.052721480349282,1.4559517670004425,10,o3_default_default,0.0009187707
ibm_heron_133,qftentangled_indep_tket_6,validation,qftentangled,tket,6,15,36,36,36,36,0,0,1.0,36,0.01784959450014867,8.287809882305586,50.952921711500494,59.163496270000905,12,o3_default_default,0.910031613
ibm_heron_133,qftentangled_indep_tket_7,validation,qftentangled,tket,7,17,45,36,36,36,0,0,1.0,36,0.017047040500074218,7.846432399722592,47.368579992750256,47.98048441799983,12,o3_default_default,0.9111115651
ibm_heron_133,qftentangled_indep_tket_8,validation,qftentangled,tket,8,19,56,36,36,31,0,5,0.8611111111111112,31,0.020517355000265525,2.722526862258042,0.04037474599954294,83.74994364699887,10,o3_default_default,0.8410468296
ibm_heron_133,qftentangled_indep_tket_9,validation,qftentangled,tket,9,21,67,36,36,30,0,6,0.8333333333333334,30,0.019306287999825145,0.02093905156683225,0.03338335465041382,0.041795967999860295,10,o3_default_default,0.8176491615
