device_id,device_num_qubits,target_sha256,run_id,circuit_id,family,generator,num_qubits,depth,size,config_id,optimization_level,layout_method,routing_method,seed,status,phase,category,exception_type,timeout_seconds,observed_total_seconds,message,diagnostic_method,observed_phase,completed_pass_count,last_completed_pass_name,last_completed_pass_class,last_completed_pass_index,last_completed_pass_duration_seconds,last_completed_pass_wall_elapsed_seconds,interrupted_pass_file,interrupted_pass_function,interrupted_pass_line,inferred_qiskit_stage,inferred_configuration_component,inferred_configuration_value,inference_confidence,causal_attribution_supported,diagnostic_limitations,last_relevant_qiskit_frame
ibm_heron_133,133,804f28754ad200e42a328ba910639c9d6fd3233dff35035e7f3cb85a2fc5168a,run_eca4a7efbcd1a8c71f18933e73c34fcac8fc4a94e1afbfa9f626dcc330c6cc08,pricingcall_indep_qiskit_5,pricingcall,qiskit,5,36,47,o2_sabre_lookahead,2,sabre,lookahead,0,timeout,transpilation,timeout,AttemptTimeoutError,100.0,100.00685162900027,Tentativo interrotto dopo 100.0 secondi.,qiskit_post_pass_callback_and_sigalrm_traceback,transpilation,21,LookaheadSwap,qiskit.transpiler.passes.routing.lookahead_swap.LookaheadSwap,20,99.97033977508545,99.99966685100026,qiskit/transpiler/passes/routing/lookahead_swap.py,_calc_layout_distance,342,routing,routing_method,lookahead,medium,False,"Il callback pubblico di Qiskit viene eseguito dopo ogni pass: last_completed_pass non identifica necessariamente il pass interrotto. | Lo stack indica dove SIGALRM è stato osservato, non dimostra quale pass, configurazione, circuito o hardware abbia causato il timeout. | Un'attribuzione causale richiede confronti controllati tra circuiti, configurazioni e device.",qiskit/transpiler/passes/routing/lookahead_swap.py:342:_calc_layout_distance
ibm_falcon_127,127,225e5f6fd85af0b37a1dd7c6306dd046a8c7ca585f135dda6e6418dd16f76b48,run_af7c64c2b800110f2b603bc8ba989522490afe8be6d789736984db73323c0c40,pricingcall_indep_qiskit_5,pricingcall,qiskit,5,36,47,o2_sabre_lookahead,2,sabre,lookahead,0,timeout,transpilation,timeout,AttemptTimeoutError,100.0,100.00467673299954,Tentativo interrotto dopo 100.0 secondi.,qiskit_post_pass_callback_and_sigalrm_traceback,transpilation,21,LookaheadSwap,qiskit.transpiler.passes.routing.lookahead_swap.LookaheadSwap,20,99.97518301010132,99.99961132499993,qiskit/transpiler/passes/routing/lookahead_swap.py,_calc_layout_distance,341,routing,routing_method,lookahead,medium,False,"Il callback pubblico di Qiskit viene eseguito dopo ogni pass: last_completed_pass non identifica necessariamente il pass interrotto. | Lo stack indica dove SIGALRM è stato osservato, non dimostra quale pass, configurazione, circuito o hardware abbia causato il timeout. | Un'attribuzione causale richiede confronti controllati tra circuiti, configurazioni e device.",qiskit/transpiler/passes/routing/lookahead_swap.py:341:_calc_layout_distance
ibm_heron_156,156,a30f41e65c03fb900a4b8852261a8407c56c389560f4031ecb43099c1bec5089,run_c139fd2b6522ddb360c3c610433e4afbd1821164419537c92a3fbe9824006076,pricingcall_indep_qiskit_5,pricingcall,qiskit,5,36,47,o2_sabre_lookahead,2,sabre,lookahead,0,timeout,transpilation,timeout,AttemptTimeoutError,100.0,100.00812124699951,Tentativo interrotto dopo 100.0 secondi.,qiskit_post_pass_callback_and_sigalrm_traceback,transpilation,21,LookaheadSwap,qiskit.transpiler.passes.routing.lookahead_swap.LookaheadSwap,20,99.96587705612183,99.99953817699952,qiskit/transpiler/passes/routing/lookahead_swap.py,_calc_layout_distance,342,routing,routing_method,lookahead,medium,False,"Il callback pubblico di Qiskit viene eseguito dopo ogni pass: last_completed_pass non identifica necessariamente il pass interrotto. | Lo stack indica dove SIGALRM è stato osservato, non dimostra quale pass, configurazione, circuito o hardware abbia causato il timeout. | Un'attribuzione causale richiede confronti controllati tra circuiti, configurazioni e device.",qiskit/transpiler/passes/routing/lookahead_swap.py:342:_calc_layout_distance
ibm_heron_133,133,804f28754ad200e42a328ba910639c9d6fd3233dff35035e7f3cb85a2fc5168a,run_b487db8411caa42e98c4d03f2d57eaabfc4be9a59dc1455f2ae79c742ad7d1d2,pricingcall_indep_qiskit_5,pricingcall,qiskit,5,36,47,o2_sabre_lookahead,2,sabre,lookahead,1,timeout,transpilation,timeout,AttemptTimeoutError,100.0,100.01611257599961,Tentativo interrotto dopo 100.0 secondi.,qiskit_post_pass_callback_and_sigalrm_traceback,transpilation,21,LookaheadSwap,qiskit.transpiler.passes.routing.lookahead_swap.LookaheadSwap,20,99.9519100189209,99.99894717999996,qiskit/transpiler/passes/routing/lookahead_swap.py,<genexpr>,390,routing,routing_method,lookahead,medium,False,"Il callback pubblico di Qiskit viene eseguito dopo ogni pass: last_completed_pass non identifica necessariamente il pass interrotto. | Lo stack indica dove SIGALRM è stato osservato, non dimostra quale pass, configurazione, circuito o hardware abbia causato il timeout. | Un'attribuzione causale richiede confronti controllati tra circuiti, configurazioni e device.",qiskit/transpiler/passes/routing/lookahead_swap.py:390:<genexpr>
ibm_falcon_127,127,225e5f6fd85af0b37a1dd7c6306dd046a8c7ca585f135dda6e6418dd16f76b48,run_c57ef1f6ff069be4a7486e2cf289f56c44ca5e1d43f092597c6c824f8d31d581,pricingcall_indep_qiskit_5,pricingcall,qiskit,5,36,47,o2_sabre_lookahead,2,sabre,lookahead,1,timeout,transpilation,timeout,AttemptTimeoutError,100.0,100.0054138559999,Tentativo interrotto dopo 100.0 secondi.,qiskit_post_pass_callback_and_sigalrm_traceback,transpilation,21,LookaheadSwap,qiskit.transpiler.passes.routing.lookahead_swap.LookaheadSwap,20,99.9763593673706,99.9983840620007,qiskit/transpiler/passes/routing/lookahead_swap.py,_map_free_gates,303,routing,routing_method,lookahead,medium,False,"Il callback pubblico di Qiskit viene eseguito dopo ogni pass: last_completed_pass non identifica necessariamente il pass interrotto. | Lo stack indica dove SIGALRM è stato osservato, non dimostra quale pass, configurazione, circuito o hardware abbia causato il timeout. | Un'attribuzione causale richiede confronti controllati tra circuiti, configurazioni e device.",qiskit/transpiler/passes/routing/lookahead_swap.py:303:_map_free_gates
ibm_heron_156,156,a30f41e65c03fb900a4b8852261a8407c56c389560f4031ecb43099c1bec5089,run_0f434987ad2198983b028c0ad4455d59ac610817713beaff36846d0966a280d5,pricingcall_indep_qiskit_5,pricingcall,qiskit,5,36,47,o2_sabre_lookahead,2,sabre,lookahead,1,timeout,transpilation,timeout,AttemptTimeoutError,100.0,100.0085298869999,Tentativo interrotto dopo 100.0 secondi.,qiskit_post_pass_callback_and_sigalrm_traceback,transpilation,21,LookaheadSwap,qiskit.transpiler.passes.routing.lookahead_swap.LookaheadSwap,20,99.96917796134949,99.99935893400016,qiskit/transpiler/passes/routing/lookahead_swap.py,_calc_layout_distance,341,routing,routing_method,lookahead,medium,False,"Il callback pubblico di Qiskit viene eseguito dopo ogni pass: last_completed_pass non identifica necessariamente il pass interrotto. | Lo stack indica dove SIGALRM è stato osservato, non dimostra quale pass, configurazione, circuito o hardware abbia causato il timeout. | Un'attribuzione causale richiede confronti controllati tra circuiti, configurazioni e device.",qiskit/transpiler/passes/routing/lookahead_swap.py:341:_calc_layout_distance
ibm_falcon_27,27,f30536987677ef5017fe3a89b8b4ee0a3e7252a1a226cc3db95fd9b2e822d991,run_3026adfe9cd91a10372711863e3c329e795e7a5279e464393ec368369d54e1e6,pricingcall_indep_qiskit_5,pricingcall,qiskit,5,36,47,o2_sabre_lookahead,2,sabre,lookahead,2,timeout,transpilation,timeout,AttemptTimeoutError,100.0,100.00553162599999,Tentativo interrotto dopo 100.0 secondi.,qiskit_post_pass_callback_and_sigalrm_traceback,transpilation,21,LookaheadSwap,qiskit.transpiler.passes.routing.lookahead_swap.LookaheadSwap,20,99.9841468334198,99.99941931300009,qiskit/transpiler/passes/routing/lookahead_swap.py,_calc_layout_distance,342,routing,routing_method,lookahead,medium,False,"Il callback pubblico di Qiskit viene eseguito dopo ogni pass: last_completed_pass non identifica necessariamente il pass interrotto. | Lo stack indica dove SIGALRM è stato osservato, non dimostra quale pass, configurazione, circuito o hardware abbia causato il timeout. | Un'attribuzione causale richiede confronti controllati tra circuiti, configurazioni e device.",qiskit/transpiler/passes/routing/lookahead_swap.py:342:_calc_layout_distance
ibm_heron_133,133,804f28754ad200e42a328ba910639c9d6fd3233dff35035e7f3cb85a2fc5168a,run_3180da5266b2059707aaf09591b7ef1c59af28ce2b40ef147c77386a5a5296f5,pricingcall_indep_qiskit_5,pricingcall,qiskit,5,36,47,o2_sabre_lookahead,2,sabre,lookahead,2,timeout,transpilation,timeout,AttemptTimeoutError,100.0,100.00698787500005,Tentativo interrotto dopo 100.0 secondi.,qiskit_post_pass_callback_and_sigalrm_traceback,transpilation,21,LookaheadSwap,qiskit.transpiler.passes.routing.lookahead_swap.LookaheadSwap,20,99.96997141838074,99.99945161899996,qiskit/transpiler/passes/routing/lookahead_swap.py,_first_op_node,390,routing,routing_method,lookahead,medium,False,"Il callback pubblico di Qiskit viene eseguito dopo ogni pass: last_completed_pass non identifica necessariamente il pass interrotto. | Lo stack indica dove SIGALRM è stato osservato, non dimostra quale pass, configurazione, circuito o hardware abbia causato il timeout. | Un'attribuzione causale richiede confronti controllati tra circuiti, configurazioni e device.",qiskit/transpiler/passes/routing/lookahead_swap.py:390:_first_op_node
ibm_falcon_127,127,225e5f6fd85af0b37a1dd7c6306dd046a8c7ca585f135dda6e6418dd16f76b48,run_baba9112c61bbbde4fd869056efc4143562903f6f835bb497278ab53af4f4e60,pricingcall_indep_qiskit_5,pricingcall,qiskit,5,36,47,o2_sabre_lookahead,2,sabre,lookahead,2,timeout,transpilation,timeout,AttemptTimeoutError,100.0,100.0042017679998,Tentativo interrotto dopo 100.0 secondi.,qiskit_post_pass_callback_and_sigalrm_traceback,transpilation,21,LookaheadSwap,qiskit.transpiler.passes.routing.lookahead_swap.LookaheadSwap,20,99.97244834899902,99.99935678600013,qiskit/transpiler/passes/routing/lookahead_swap.py,_first_op_node,390,routing,routing_method,lookahead,medium,False,"Il callback pubblico di Qiskit viene eseguito dopo ogni pass: last_completed_pass non identifica necessariamente il pass interrotto. | Lo stack indica dove SIGALRM è stato osservato, non dimostra quale pass, configurazione, circuito o hardware abbia causato il timeout. | Un'attribuzione causale richiede confronti controllati tra circuiti, configurazioni e device.",qiskit/transpiler/passes/routing/lookahead_swap.py:390:_first_op_node
ibm_heron_156,156,a30f41e65c03fb900a4b8852261a8407c56c389560f4031ecb43099c1bec5089,run_9c565922151868174a1eeb435e561dab326f57c81faab131c85757f5d1dc2746,pricingcall_indep_qiskit_5,pricingcall,qiskit,5,36,47,o2_sabre_lookahead,2,sabre,lookahead,2,timeout,transpilation,timeout,AttemptTimeoutError,100.0,100.0047820990003,Tentativo interrotto dopo 100.0 secondi.,qiskit_post_pass_callback_and_sigalrm_traceback,transpilation,21,LookaheadSwap,qiskit.transpiler.passes.routing.lookahead_swap.LookaheadSwap,20,99.96678376197815,99.99926710999989,qiskit/transpiler/passes/routing/lookahead_swap.py,_calc_layout_distance,341,routing,routing_method,lookahead,medium,False,"Il callback pubblico di Qiskit viene eseguito dopo ogni pass: last_completed_pass non identifica necessariamente il pass interrotto. | Lo stack indica dove SIGALRM è stato osservato, non dimostra quale pass, configurazione, circuito o hardware abbia causato il timeout. | Un'attribuzione causale richiede confronti controllati tra circuiti, configurazioni e device.",qiskit/transpiler/passes/routing/lookahead_swap.py:341:_calc_layout_distance
ibm_heron_133,133,804f28754ad200e42a328ba910639c9d6fd3233dff35035e7f3cb85a2fc5168a,run_3ecb99b6deeb3d9ec31d9cd24a8e598c608df2aeb0a27c4af64a3d8578504794,qft_indep_tket_40,qft,tket,40,81,880,o2_sabre_lookahead,2,sabre,lookahead,0,timeout,transpilation,timeout,AttemptTimeoutError,100.0,100.01789862700025,Tentativo interrotto dopo 100.0 secondi.,qiskit_post_pass_callback_and_sigalrm_traceback,transpilation,21,LookaheadSwap,qiskit.transpiler.passes.routing.lookahead_swap.LookaheadSwap,20,99.71062469482422,99.98662091699953,qiskit/transpiler/passes/routing/lookahead_swap.py,_calc_layout_distance,342,routing,routing_method,lookahead,medium,False,"Il callback pubblico di Qiskit viene eseguito dopo ogni pass: last_completed_pass non identifica necessariamente il pass interrotto. | Lo stack indica dove SIGALRM è stato osservato, non dimostra quale pass, configurazione, circuito o hardware abbia causato il timeout. | Un'attribuzione causale richiede confronti controllati tra circuiti, configurazioni e device.",qiskit/transpiler/passes/routing/lookahead_swap.py:342:_calc_layout_distance
ibm_falcon_127,127,225e5f6fd85af0b37a1dd7c6306dd046a8c7ca585f135dda6e6418dd16f76b48,run_1a52e9c47478b9e2c3ee1df8a1bb2a6b89cad7b0994113a196d82f02af65ae24,qft_indep_tket_40,qft,tket,40,81,880,o2_sabre_lookahead,2,sabre,lookahead,0,timeout,transpilation,timeout,AttemptTimeoutError,100.0,100.02464121999947,Tentativo interrotto dopo 100.0 secondi.,qiskit_post_pass_callback_and_sigalrm_traceback,transpilation,21,LookaheadSwap,qiskit.transpiler.passes.routing.lookahead_swap.LookaheadSwap,20,99.73372530937195,99.99087225999938,qiskit/transpiler/passes/routing/lookahead_swap.py,_calc_layout_distance,342,routing,routing_method,lookahead,medium,False,"Il callback pubblico di Qiskit viene eseguito dopo ogni pass: last_completed_pass non identifica necessariamente il pass interrotto. | Lo stack indica dove SIGALRM è stato osservato, non dimostra quale pass, configurazione, circuito o hardware abbia causato il timeout. | Un'attribuzione causale richiede confronti controllati tra circuiti, configurazioni e device.",qiskit/transpiler/passes/routing/lookahead_swap.py:342:_calc_layout_distance
ibm_heron_156,156,a30f41e65c03fb900a4b8852261a8407c56c389560f4031ecb43099c1bec5089,run_ec5e4ac4827cd5160c92e8e76da43bc0812a9498fc9a5503df69908010a2b506,qft_indep_tket_40,qft,tket,40,81,880,o2_sabre_lookahead,2,sabre,lookahead,0,timeout,transpilation,timeout,AttemptTimeoutError,100.0,100.0220788229999,Tentativo interrotto dopo 100.0 secondi.,qiskit_post_pass_callback_and_sigalrm_traceback,transpilation,21,LookaheadSwap,qiskit.transpiler.passes.routing.lookahead_swap.LookaheadSwap,20,99.72416090965271,99.99029404599969,qiskit/transpiler/passes/routing/lookahead_swap.py,_calc_layout_distance,342,routing,routing_method,lookahead,medium,False,"Il callback pubblico di Qiskit viene eseguito dopo ogni pass: last_completed_pass non identifica necessariamente il pass interrotto. | Lo stack indica dove SIGALRM è stato osservato, non dimostra quale pass, configurazione, circuito o hardware abbia causato il timeout. | Un'attribuzione causale richiede confronti controllati tra circuiti, configurazioni e device.",qiskit/transpiler/passes/routing/lookahead_swap.py:342:_calc_layout_distance
ibm_heron_133,133,804f28754ad200e42a328ba910639c9d6fd3233dff35035e7f3cb85a2fc5168a,run_1d6e928ea96721f7e2bd61bfdce1250fdca78b72202f57d2e2979c60469e296e,qft_indep_tket_40,qft,tket,40,81,880,o2_sabre_lookahead,2,sabre,lookahead,1,timeout,transpilation,timeout,AttemptTimeoutError,100.0,100.02738932400007,Tentativo interrotto dopo 100.0 secondi.,qiskit_post_pass_callback_and_sigalrm_traceback,transpilation,21,LookaheadSwap,qiskit.transpiler.passes.routing.lookahead_swap.LookaheadSwap,20,99.72696709632874,99.98628281699985,qiskit/transpiler/passes/routing/lookahead_swap.py,_calc_layout_distance,342,routing,routing_method,lookahead,medium,False,"Il callback pubblico di Qiskit viene eseguito dopo ogni pass: last_completed_pass non identifica necessariamente il pass interrotto. | Lo stack indica dove SIGALRM è stato osservato, non dimostra quale pass, configurazione, circuito o hardware abbia causato il timeout. | Un'attribuzione causale richiede confronti controllati tra circuiti, configurazioni e device.",qiskit/transpiler/passes/routing/lookahead_swap.py:342:_calc_layout_distance
ibm_falcon_127,127,225e5f6fd85af0b37a1dd7c6306dd046a8c7ca585f135dda6e6418dd16f76b48,run_27acca04f6869b8cb2ab985d2917f32c3e1e9f7a4d649a42bac0bd2482e258b2,qft_indep_tket_40,qft,tket,40,81,880,o2_sabre_lookahead,2,sabre,lookahead,1,timeout,transpilation,timeout,AttemptTimeoutError,100.0,100.01500434399986,Tentativo interrotto dopo 100.0 secondi.,qiskit_post_pass_callback_and_sigalrm_traceback,transpilation,21,LookaheadSwap,qiskit.transpiler.passes.routing.lookahead_swap.LookaheadSwap,20,99.74122977256775,99.9909643029996,qiskit/transpiler/passes/routing/lookahead_swap.py,_calc_layout_distance,342,routing,routing_method,lookahead,medium,False,"Il callback pubblico di Qiskit viene eseguito dopo ogni pass: last_completed_pass non identifica necessariamente il pass interrotto. | Lo stack indica dove SIGALRM è stato osservato, non dimostra quale pass, configurazione, circuito o hardware abbia causato il timeout. | Un'attribuzione causale richiede confronti controllati tra circuiti, configurazioni e device.",qiskit/transpiler/passes/routing/lookahead_swap.py:342:_calc_layout_distance
ibm_heron_156,156,a30f41e65c03fb900a4b8852261a8407c56c389560f4031ecb43099c1bec5089,run_65a17f22eb1b610228fe871a0566372eaf3de269a74d4504c5e1639e944d6695,qft_indep_tket_40,qft,tket,40,81,880,o2_sabre_lookahead,2,sabre,lookahead,1,timeout,transpilation,timeout,AttemptTimeoutError,100.0,100.02695768600006,Tentativo interrotto dopo 100.0 secondi.,qiskit_post_pass_callback_and_sigalrm_traceback,transpilation,21,LookaheadSwap,qiskit.transpiler.passes.routing.lookahead_swap.LookaheadSwap,20,99.62541460990906,99.98663910100004,qiskit/transpiler/passes/routing/lookahead_swap.py,_calc_layout_distance,342,routing,routing_method,lookahead,medium,False,"Il callback pubblico di Qiskit viene eseguito dopo ogni pass: last_completed_pass non identifica necessariamente il pass interrotto. | Lo stack indica dove SIGALRM è stato osservato, non dimostra quale pass, configurazione, circuito o hardware abbia causato il timeout. | Un'attribuzione causale richiede confronti controllati tra circuiti, configurazioni e device.",qiskit/transpiler/passes/routing/lookahead_swap.py:342:_calc_layout_distance
ibm_heron_133,133,804f28754ad200e42a328ba910639c9d6fd3233dff35035e7f3cb85a2fc5168a,run_16473ad9940032ba4b4fbd74060a05707a56ea76f4117f0cf7def768e2ead40d,qft_indep_tket_40,qft,tket,40,81,880,o2_sabre_lookahead,2,sabre,lookahead,2,timeout,transpilation,timeout,AttemptTimeoutError,100.0,100.02444593499968,Tentativo interrotto dopo 100.0 secondi.,qiskit_post_pass_callback_and_sigalrm_traceback,transpilation,21,LookaheadSwap,qiskit.transpiler.passes.routing.lookahead_swap.LookaheadSwap,20,99.75098752975464,99.9910669740002,qiskit/transpiler/passes/routing/lookahead_swap.py,_calc_layout_distance,342,routing,routing_method,lookahead,medium,False,"Il callback pubblico di Qiskit viene eseguito dopo ogni pass: last_completed_pass non identifica necessariamente il pass interrotto. | Lo stack indica dove SIGALRM è stato osservato, non dimostra quale pass, configurazione, circuito o hardware abbia causato il timeout. | Un'attribuzione causale richiede confronti controllati tra circuiti, configurazioni e device.",qiskit/transpiler/passes/routing/lookahead_swap.py:342:_calc_layout_distance
ibm_falcon_127,127,225e5f6fd85af0b37a1dd7c6306dd046a8c7ca585f135dda6e6418dd16f76b48,run_889f6a963dc96638b816bd0adea5febc67b2e012070b5b9a07b6df1287e349db,qft_indep_tket_40,qft,tket,40,81,880,o2_sabre_lookahead,2,sabre,lookahead,2,timeout,transpilation,timeout,AttemptTimeoutError,100.0,100.01699168300001,Tentativo interrotto dopo 100.0 secondi.,qiskit_post_pass_callback_and_sigalrm_traceback,transpilation,21,LookaheadSwap,qiskit.transpiler.passes.routing.lookahead_swap.LookaheadSwap,20,99.761892080307,99.98710572900018,qiskit/transpiler/passes/routing/lookahead_swap.py,_calc_layout_distance,342,routing,routing_method,lookahead,medium,False,"Il callback pubblico di Qiskit viene eseguito dopo ogni pass: last_completed_pass non identifica necessariamente il pass interrotto. | Lo stack indica dove SIGALRM è stato osservato, non dimostra quale pass, configurazione, circuito o hardware abbia causato il timeout. | Un'attribuzione causale richiede confronti controllati tra circuiti, configurazioni e device.",qiskit/transpiler/passes/routing/lookahead_swap.py:342:_calc_layout_distance
ibm_heron_156,156,a30f41e65c03fb900a4b8852261a8407c56c389560f4031ecb43099c1bec5089,run_482f26c191df022a668ac14c37b0247b89b0bd23b72682cfdd4ea8e5d8d3b142,qft_indep_tket_40,qft,tket,40,81,880,o2_sabre_lookahead,2,sabre,lookahead,2,timeout,transpilation,timeout,AttemptTimeoutError,100.0,100.02969720600049,Tentativo interrotto dopo 100.0 secondi.,qiskit_post_pass_callback_and_sigalrm_traceback,transpilation,21,LookaheadSwap,qiskit.transpiler.passes.routing.lookahead_swap.LookaheadSwap,20,99.71131920814514,99.98776704700049,qiskit/transpiler/passes/routing/lookahead_swap.py,_calc_layout_distance,342,routing,routing_method,lookahead,medium,False,"Il callback pubblico di Qiskit viene eseguito dopo ogni pass: last_completed_pass non identifica necessariamente il pass interrotto. | Lo stack indica dove SIGALRM è stato osservato, non dimostra quale pass, configurazione, circuito o hardware abbia causato il timeout. | Un'attribuzione causale richiede confronti controllati tra circuiti, configurazioni e device.",qiskit/transpiler/passes/routing/lookahead_swap.py:342:_calc_layout_distance
ibm_heron_133,133,804f28754ad200e42a328ba910639c9d6fd3233dff35035e7f3cb85a2fc5168a,run_fbf7f7e50671905f6042f1cc5d9434e972d83ec899f564d275772016941f6eb2,qpeexact_indep_tket_60,qpeexact,tket,60,179,1977,o2_sabre_lookahead,2,sabre,lookahead,0,timeout,transpilation,timeout,AttemptTimeoutError,100.0,100.03334205400006,Tentativo interrotto dopo 100.0 secondi.,qiskit_post_pass_callback_and_sigalrm_traceback,transpilation,21,LookaheadSwap,qiskit.transpiler.passes.routing.lookahead_swap.LookaheadSwap,20,99.58591866493225,99.98188492499958,qiskit/transpiler/passes/routing/lookahead_swap.py,_map_free_gates,312,routing,routing_method,lookahead,medium,False,"Il callback pubblico di Qiskit viene eseguito dopo ogni pass: last_completed_pass non identifica necessariamente il pass interrotto. | Lo stack indica dove SIGALRM è stato osservato, non dimostra quale pass, configurazione, circuito o hardware abbia causato il timeout. | Un'attribuzione causale richiede confronti controllati tra circuiti, configurazioni e device.",qiskit/transpiler/passes/routing/lookahead_swap.py:312:_map_free_gates
ibm_falcon_127,127,225e5f6fd85af0b37a1dd7c6306dd046a8c7ca585f135dda6e6418dd16f76b48,run_9db84e9c2ef19669bf7eded327e63fa88e1f98310aea80d518e7a5dc463117de,qpeexact_indep_tket_60,qpeexact,tket,60,179,1977,o2_sabre_lookahead,2,sabre,lookahead,0,timeout,transpilation,timeout,AttemptTimeoutError,100.0,100.05566707399976,Tentativo interrotto dopo 100.0 secondi.,qiskit_post_pass_callback_and_sigalrm_traceback,transpilation,21,LookaheadSwap,qiskit.transpiler.passes.routing.lookahead_swap.LookaheadSwap,20,99.56759738922119,99.97550494300049,qiskit/transpiler/passes/routing/lookahead_swap.py,_calc_layout_distance,342,routing,routing_method,lookahead,medium,False,"Il callback pubblico di Qiskit viene eseguito dopo ogni pass: last_completed_pass non identifica necessariamente il pass interrotto. | Lo stack indica dove SIGALRM è stato osservato, non dimostra quale pass, configurazione, circuito o hardware abbia causato il timeout. | Un'attribuzione causale richiede confronti controllati tra circuiti, configurazioni e device.",qiskit/transpiler/passes/routing/lookahead_swap.py:342:_calc_layout_distance
ibm_heron_156,156,a30f41e65c03fb900a4b8852261a8407c56c389560f4031ecb43099c1bec5089,run_0acfd0d2a06fa8cfdf33c3d19ca6d7a83c4abe0e6057fd895f352b1bf69fbb39,qpeexact_indep_tket_60,qpeexact,tket,60,179,1977,o2_sabre_lookahead,2,sabre,lookahead,0,timeout,transpilation,timeout,AttemptTimeoutError,100.0,100.03474598200046,Tentativo interrotto dopo 100.0 secondi.,qiskit_post_pass_callback_and_sigalrm_traceback,transpilation,21,LookaheadSwap,qiskit.transpiler.passes.routing.lookahead_swap.LookaheadSwap,20,99.70721793174744,99.9830763760001,qiskit/transpiler/passes/routing/lookahead_swap.py,_calc_layout_distance,342,routing,routing_method,lookahead,medium,False,"Il callback pubblico di Qiskit viene eseguito dopo ogni pass: last_completed_pass non identifica necessariamente il pass interrotto. | Lo stack indica dove SIGALRM è stato osservato, non dimostra quale pass, configurazione, circuito o hardware abbia causato il timeout. | Un'attribuzione causale richiede confronti controllati tra circuiti, configurazioni e device.",qiskit/transpiler/passes/routing/lookahead_swap.py:342:_calc_layout_distance
ibm_heron_133,133,804f28754ad200e42a328ba910639c9d6fd3233dff35035e7f3cb85a2fc5168a,run_78c9b147ed7d3e42f596be615a477a7f565c2bd9b0d54a5d21b400502e02787c,qpeexact_indep_tket_60,qpeexact,tket,60,179,1977,o2_sabre_lookahead,2,sabre,lookahead,1,timeout,transpilation,timeout,AttemptTimeoutError,100.0,100.04771601899938,Tentativo interrotto dopo 100.0 secondi.,qiskit_post_pass_callback_and_sigalrm_traceback,transpilation,21,LookaheadSwap,qiskit.transpiler.passes.routing.lookahead_swap.LookaheadSwap,20,99.56279397010803,99.9815135480003,qiskit/transpiler/passes/routing/lookahead_swap.py,_calc_layout_distance,342,routing,routing_method,lookahead,medium,False,"Il callback pubblico di Qiskit viene eseguito dopo ogni pass: last_completed_pass non identifica necessariamente il pass interrotto. | Lo stack indica dove SIGALRM è stato osservato, non dimostra quale pass, configurazione, circuito o hardware abbia causato il timeout. | Un'attribuzione causale richiede confronti controllati tra circuiti, configurazioni e device.",qiskit/transpiler/passes/routing/lookahead_swap.py:342:_calc_layout_distance
ibm_falcon_127,127,225e5f6fd85af0b37a1dd7c6306dd046a8c7ca585f135dda6e6418dd16f76b48,run_49c804846d847f63da123494bddfdf12160e3eb1963fbf7de12d4b2eb60c561d,qpeexact_indep_tket_60,qpeexact,tket,60,179,1977,o2_sabre_lookahead,2,sabre,lookahead,1,timeout,transpilation,timeout,AttemptTimeoutError,100.0,100.06362175699996,Tentativo interrotto dopo 100.0 secondi.,qiskit_post_pass_callback_and_sigalrm_traceback,transpilation,21,LookaheadSwap,qiskit.transpiler.passes.routing.lookahead_swap.LookaheadSwap,20,99.60641932487488,99.9818048469997,qiskit/transpiler/passes/routing/lookahead_swap.py,_calc_layout_distance,342,routing,routing_method,lookahead,medium,False,"Il callback pubblico di Qiskit viene eseguito dopo ogni pass: last_completed_pass non identifica necessariamente il pass interrotto. | Lo stack indica dove SIGALRM è stato osservato, non dimostra quale pass, configurazione, circuito o hardware abbia causato il timeout. | Un'attribuzione causale richiede confronti controllati tra circuiti, configurazioni e device.",qiskit/transpiler/passes/routing/lookahead_swap.py:342:_calc_layout_distance
ibm_heron_156,156,a30f41e65c03fb900a4b8852261a8407c56c389560f4031ecb43099c1bec5089,run_c2415ae671fa3c0ffd5154dd22536cefcc16302c8e0f5248aa2012e46baac876,qpeexact_indep_tket_60,qpeexact,tket,60,179,1977,o2_sabre_lookahead,2,sabre,lookahead,1,timeout,transpilation,timeout,AttemptTimeoutError,100.0,100.03496485599953,Tentativo interrotto dopo 100.0 secondi.,qiskit_post_pass_callback_and_sigalrm_traceback,transpilation,21,LookaheadSwap,qiskit.transpiler.passes.routing.lookahead_swap.LookaheadSwap,20,99.71100997924805,99.98270535899974,qiskit/transpiler/passes/routing/lookahead_swap.py,_calc_layout_distance,342,routing,routing_method,lookahead,medium,False,"Il callback pubblico di Qiskit viene eseguito dopo ogni pass: last_completed_pass non identifica necessariamente il pass interrotto. | Lo stack indica dove SIGALRM è stato osservato, non dimostra quale pass, configurazione, circuito o hardware abbia causato il timeout. | Un'attribuzione causale richiede confronti controllati tra circuiti, configurazioni e device.",qiskit/transpiler/passes/routing/lookahead_swap.py:342:_calc_layout_distance
ibm_heron_133,133,804f28754ad200e42a328ba910639c9d6fd3233dff35035e7f3cb85a2fc5168a,run_d889f5fb5fbffdc3cca335808b237c03d1554306cf78f20378b3a70e741b6fb8,qpeexact_indep_tket_60,qpeexact,tket,60,179,1977,o2_sabre_lookahead,2,sabre,lookahead,2,timeout,transpilation,timeout,AttemptTimeoutError,100.0,100.06473311099944,Tentativo interrotto dopo 100.0 secondi.,qiskit_post_pass_callback_and_sigalrm_traceback,transpilation,21,LookaheadSwap,qiskit.transpiler.passes.routing.lookahead_swap.LookaheadSwap,20,99.57021236419678,99.98376384000039,qiskit/transpiler/passes/routing/lookahead_swap.py,_calc_layout_distance,342,routing,routing_method,lookahead,medium,False,"Il callback pubblico di Qiskit viene eseguito dopo ogni pass: last_completed_pass non identifica necessariamente il pass interrotto. | Lo stack indica dove SIGALRM è stato osservato, non dimostra quale pass, configurazione, circuito o hardware abbia causato il timeout. | Un'attribuzione causale richiede confronti controllati tra circuiti, configurazioni e device.",qiskit/transpiler/passes/routing/lookahead_swap.py:342:_calc_layout_distance
ibm_falcon_127,127,225e5f6fd85af0b37a1dd7c6306dd046a8c7ca585f135dda6e6418dd16f76b48,run_50bbb54b43886edbe357e3d023d438a52322a329fc4323783479faa4349b74ff,qpeexact_indep_tket_60,qpeexact,tket,60,179,1977,o2_sabre_lookahead,2,sabre,lookahead,2,timeout,transpilation,timeout,AttemptTimeoutError,100.0,100.05444173200067,Tentativo interrotto dopo 100.0 secondi.,qiskit_post_pass_callback_and_sigalrm_traceback,transpilation,21,LookaheadSwap,qiskit.transpiler.passes.routing.lookahead_swap.LookaheadSwap,20,99.58510279655457,99.97273920099997,qiskit/transpiler/passes/routing/lookahead_swap.py,_calc_layout_distance,342,routing,routing_method,lookahead,medium,False,"Il callback pubblico di Qiskit viene eseguito dopo ogni pass: last_completed_pass non identifica necessariamente il pass interrotto. | Lo stack indica dove SIGALRM è stato osservato, non dimostra quale pass, configurazione, circuito o hardware abbia causato il timeout. | Un'attribuzione causale richiede confronti controllati tra circuiti, configurazioni e device.",qiskit/transpiler/passes/routing/lookahead_swap.py:342:_calc_layout_distance
ibm_heron_156,156,a30f41e65c03fb900a4b8852261a8407c56c389560f4031ecb43099c1bec5089,run_6d745d9ba66f0f1528ef9fea9e64585c04a62b993968bd7101babc47eae2e8c8,qpeexact_indep_tket_60,qpeexact,tket,60,179,1977,o2_sabre_lookahead,2,sabre,lookahead,2,timeout,transpilation,timeout,AttemptTimeoutError,100.0,100.0336399380003,Tentativo interrotto dopo 100.0 secondi.,qiskit_post_pass_callback_and_sigalrm_traceback,transpilation,21,LookaheadSwap,qiskit.transpiler.passes.routing.lookahead_swap.LookaheadSwap,20,99.673259973526,99.98304539400033,qiskit/transpiler/passes/routing/lookahead_swap.py,_calc_layout_distance,342,routing,routing_method,lookahead,medium,False,"Il callback pubblico di Qiskit viene eseguito dopo ogni pass: last_completed_pass non identifica necessariamente il pass interrotto. | Lo stack indica dove SIGALRM è stato osservato, non dimostra quale pass, configurazione, circuito o hardware abbia causato il timeout. | Un'attribuzione causale richiede confronti controllati tra circuiti, configurazioni e device.",qiskit/transpiler/passes/routing/lookahead_swap.py:342:_calc_layout_distance
ibm_heron_133,133,804f28754ad200e42a328ba910639c9d6fd3233dff35035e7f3cb85a2fc5168a,run_6bfc1939f12f0dcfe161527b4901068129a19342431b80233851dc5e290bc29c,random_indep_qiskit_30,random,qiskit,30,312,2080,o2_sabre_lookahead,2,sabre,lookahead,0,timeout,transpilation,timeout,AttemptTimeoutError,100.0,100.14613721200021,Tentativo interrotto dopo 100.0 secondi.,qiskit_post_pass_callback_and_sigalrm_traceback,transpilation,21,LookaheadSwap,qiskit.transpiler.passes.routing.lookahead_swap.LookaheadSwap,20,99.28054761886597,99.98223714999949,qiskit/transpiler/passes/routing/lookahead_swap.py,_map_free_gates,312,routing,routing_method,lookahead,medium,False,"Il callback pubblico di Qiskit viene eseguito dopo ogni pass: last_completed_pass non identifica necessariamente il pass interrotto. | Lo stack indica dove SIGALRM è stato osservato, non dimostra quale pass, configurazione, circuito o hardware abbia causato il timeout. | Un'attribuzione causale richiede confronti controllati tra circuiti, configurazioni e device.",qiskit/transpiler/passes/routing/lookahead_swap.py:312:_map_free_gates
ibm_falcon_127,127,225e5f6fd85af0b37a1dd7c6306dd046a8c7ca585f135dda6e6418dd16f76b48,run_b1138c94e45f0d5240f9f63011b5554e2e9dc82acab0fda4ad583f31fc77bb83,random_indep_qiskit_30,random,qiskit,30,312,2080,o2_sabre_lookahead,2,sabre,lookahead,0,timeout,transpilation,timeout,AttemptTimeoutError,100.0,100.07628209900031,Tentativo interrotto dopo 100.0 secondi.,qiskit_post_pass_callback_and_sigalrm_traceback,transpilation,21,LookaheadSwap,qiskit.transpiler.passes.routing.lookahead_swap.LookaheadSwap,20,99.40885090827942,99.98567688399999,qiskit/transpiler/passes/routing/lookahead_swap.py,_calc_layout_distance,342,routing,routing_method,lookahead,medium,False,"Il callback pubblico di Qiskit viene eseguito dopo ogni pass: last_completed_pass non identifica necessariamente il pass interrotto. | Lo stack indica dove SIGALRM è stato osservato, non dimostra quale pass, configurazione, circuito o hardware abbia causato il timeout. | Un'attribuzione causale richiede confronti controllati tra circuiti, configurazioni e device.",qiskit/transpiler/passes/routing/lookahead_swap.py:342:_calc_layout_distance
ibm_heron_156,156,a30f41e65c03fb900a4b8852261a8407c56c389560f4031ecb43099c1bec5089,run_4f5486565c65321f86143edc814eb6a9edcab8ea68f0ffbc9d6ec5264447bfd7,random_indep_qiskit_30,random,qiskit,30,312,2080,o2_sabre_lookahead,2,sabre,lookahead,0,timeout,transpilation,timeout,AttemptTimeoutError,100.0,100.34302937399934,Tentativo interrotto dopo 100.0 secondi.,qiskit_post_pass_callback_and_sigalrm_traceback,transpilation,21,LookaheadSwap,qiskit.transpiler.passes.routing.lookahead_swap.LookaheadSwap,20,99.26949405670166,99.97874004200003,qiskit/transpiler/passes/routing/lookahead_swap.py,_calc_layout_distance,342,routing,routing_method,lookahead,medium,False,"Il callback pubblico di Qiskit viene eseguito dopo ogni pass: last_completed_pass non identifica necessariamente il pass interrotto. | Lo stack indica dove SIGALRM è stato osservato, non dimostra quale pass, configurazione, circuito o hardware abbia causato il timeout. | Un'attribuzione causale richiede confronti controllati tra circuiti, configurazioni e device.",qiskit/transpiler/passes/routing/lookahead_swap.py:342:_calc_layout_distance
ibm_heron_133,133,804f28754ad200e42a328ba910639c9d6fd3233dff35035e7f3cb85a2fc5168a,run_430d17256f42892962a29083704cb9fda5a464f82968c79f18359a3a2021574a,random_indep_qiskit_30,random,qiskit,30,312,2080,o2_sabre_lookahead,2,sabre,lookahead,1,timeout,transpilation,timeout,AttemptTimeoutError,100.0,100.13388784400013,Tentativo interrotto dopo 100.0 secondi.,qiskit_post_pass_callback_and_sigalrm_traceback,transpilation,21,LookaheadSwap,qiskit.transpiler.passes.routing.lookahead_swap.LookaheadSwap,20,99.3122878074646,99.98763835200043,qiskit/transpiler/passes/routing/lookahead_swap.py,_calc_layout_distance,342,routing,routing_method,lookahead,medium,False,"Il callback pubblico di Qiskit viene eseguito dopo ogni pass: last_completed_pass non identifica necessariamente il pass interrotto. | Lo stack indica dove SIGALRM è stato osservato, non dimostra quale pass, configurazione, circuito o hardware abbia causato il timeout. | Un'attribuzione causale richiede confronti controllati tra circuiti, configurazioni e device.",qiskit/transpiler/passes/routing/lookahead_swap.py:342:_calc_layout_distance
ibm_falcon_127,127,225e5f6fd85af0b37a1dd7c6306dd046a8c7ca585f135dda6e6418dd16f76b48,run_1bb1cfd338f0374f4c35e8bf325284a7816c7c5cd887abce594e52c3736dcbf7,random_indep_qiskit_30,random,qiskit,30,312,2080,o2_sabre_lookahead,2,sabre,lookahead,1,timeout,transpilation,timeout,AttemptTimeoutError,100.0,100.09547391099977,Tentativo interrotto dopo 100.0 secondi.,qiskit_post_pass_callback_and_sigalrm_traceback,transpilation,21,LookaheadSwap,qiskit.transpiler.passes.routing.lookahead_swap.LookaheadSwap,20,99.39475226402283,99.98383844099999,qiskit/transpiler/passes/routing/lookahead_swap.py,_calc_layout_distance,342,routing,routing_method,lookahead,medium,False,"Il callback pubblico di Qiskit viene eseguito dopo ogni pass: last_completed_pass non identifica necessariamente il pass interrotto. | Lo stack indica dove SIGALRM è stato osservato, non dimostra quale pass, configurazione, circuito o hardware abbia causato il timeout. | Un'attribuzione causale richiede confronti controllati tra circuiti, configurazioni e device.",qiskit/transpiler/passes/routing/lookahead_swap.py:342:_calc_layout_distance
ibm_heron_156,156,a30f41e65c03fb900a4b8852261a8407c56c389560f4031ecb43099c1bec5089,run_af8f238b7bf5dac83325145bcf96c0fe4ee498a0cfc63de87735e45b34994057,random_indep_qiskit_30,random,qiskit,30,312,2080,o2_sabre_lookahead,2,sabre,lookahead,1,timeout,transpilation,timeout,AttemptTimeoutError,100.0,100.18011529799969,Tentativo interrotto dopo 100.0 secondi.,qiskit_post_pass_callback_and_sigalrm_traceback,transpilation,21,LookaheadSwap,qiskit.transpiler.passes.routing.lookahead_swap.LookaheadSwap,20,99.318519115448,99.9846796009997,qiskit/transpiler/passes/routing/lookahead_swap.py,_calc_layout_distance,342,routing,routing_method,lookahead,medium,False,"Il callback pubblico di Qiskit viene eseguito dopo ogni pass: last_completed_pass non identifica necessariamente il pass interrotto. | Lo stack indica dove SIGALRM è stato osservato, non dimostra quale pass, configurazione, circuito o hardware abbia causato il timeout. | Un'attribuzione causale richiede confronti controllati tra circuiti, configurazioni e device.",qiskit/transpiler/passes/routing/lookahead_swap.py:342:_calc_layout_distance
ibm_heron_133,133,804f28754ad200e42a328ba910639c9d6fd3233dff35035e7f3cb85a2fc5168a,run_a62b597f67b7ce9d36ffe97e4578aa9bb64780b751155c7c2f687724abc77469,random_indep_qiskit_30,random,qiskit,30,312,2080,o2_sabre_lookahead,2,sabre,lookahead,2,timeout,transpilation,timeout,AttemptTimeoutError,100.0,100.19837771099992,Tentativo interrotto dopo 100.0 secondi.,qiskit_post_pass_callback_and_sigalrm_traceback,transpilation,21,LookaheadSwap,qiskit.transpiler.passes.routing.lookahead_swap.LookaheadSwap,20,99.27908658981323,99.98453962399981,qiskit/transpiler/passes/routing/lookahead_swap.py,_calc_layout_distance,342,routing,routing_method,lookahead,medium,False,"Il callback pubblico di Qiskit viene eseguito dopo ogni pass: last_completed_pass non identifica necessariamente il pass interrotto. | Lo stack indica dove SIGALRM è stato osservato, non dimostra quale pass, configurazione, circuito o hardware abbia causato il timeout. | Un'attribuzione causale richiede confronti controllati tra circuiti, configurazioni e device.",qiskit/transpiler/passes/routing/lookahead_swap.py:342:_calc_layout_distance
ibm_falcon_127,127,225e5f6fd85af0b37a1dd7c6306dd046a8c7ca585f135dda6e6418dd16f76b48,run_fb0b3cb405507347e134ce61942db33967e1cd42cbec5964cf6ef4ba38bfece8,random_indep_qiskit_30,random,qiskit,30,312,2080,o2_sabre_lookahead,2,sabre,lookahead,2,timeout,transpilation,timeout,AttemptTimeoutError,100.0,100.07246933600027,Tentativo interrotto dopo 100.0 secondi.,qiskit_post_pass_callback_and_sigalrm_traceback,transpilation,21,LookaheadSwap,qiskit.transpiler.passes.routing.lookahead_swap.LookaheadSwap,20,99.39668011665344,99.98425481599998,qiskit/transpiler/passes/routing/lookahead_swap.py,_calc_layout_distance,342,routing,routing_method,lookahead,medium,False,"Il callback pubblico di Qiskit viene eseguito dopo ogni pass: last_completed_pass non identifica necessariamente il pass interrotto. | Lo stack indica dove SIGALRM è stato osservato, non dimostra quale pass, configurazione, circuito o hardware abbia causato il timeout. | Un'attribuzione causale richiede confronti controllati tra circuiti, configurazioni e device.",qiskit/transpiler/passes/routing/lookahead_swap.py:342:_calc_layout_distance
ibm_heron_156,156,a30f41e65c03fb900a4b8852261a8407c56c389560f4031ecb43099c1bec5089,run_220cefd84df9da7399ae3f7149364d4cd64b4e905073c0fed79349e90684c3a0,random_indep_qiskit_30,random,qiskit,30,312,2080,o2_sabre_lookahead,2,sabre,lookahead,2,timeout,transpilation,timeout,AttemptTimeoutError,100.0,100.11798446299963,Tentativo interrotto dopo 100.0 secondi.,qiskit_post_pass_callback_and_sigalrm_traceback,transpilation,21,LookaheadSwap,qiskit.transpiler.passes.routing.lookahead_swap.LookaheadSwap,20,99.25748085975647,99.98297948099935,qiskit/transpiler/passes/routing/lookahead_swap.py,_calc_layout_distance,342,routing,routing_method,lookahead,medium,False,"Il callback pubblico di Qiskit viene eseguito dopo ogni pass: last_completed_pass non identifica necessariamente il pass interrotto. | Lo stack indica dove SIGALRM è stato osservato, non dimostra quale pass, configurazione, circuito o hardware abbia causato il timeout. | Un'attribuzione causale richiede confronti controllati tra circuiti, configurazioni e device.",qiskit/transpiler/passes/routing/lookahead_swap.py:342:_calc_layout_distance
ibm_falcon_127,127,225e5f6fd85af0b37a1dd7c6306dd046a8c7ca585f135dda6e6418dd16f76b48,run_d69b77449e42f8598f813b6aa682b50b995d1ddb2936ff01378f94f12a8083e1,wstate_indep_tket_90,wstate,tket,90,181,447,o2_sabre_lookahead,2,sabre,lookahead,0,timeout,transpilation,timeout,AttemptTimeoutError,100.0,100.01133351800036,Tentativo interrotto dopo 100.0 secondi.,qiskit_post_pass_callback_and_sigalrm_traceback,transpilation,21,LookaheadSwap,qiskit.transpiler.passes.routing.lookahead_swap.LookaheadSwap,20,99.90444803237915,99.9979595270006,qiskit/transpiler/passes/routing/lookahead_swap.py,_calc_layout_distance,342,routing,routing_method,lookahead,medium,False,"Il callback pubblico di Qiskit viene eseguito dopo ogni pass: last_completed_pass non identifica necessariamente il pass interrotto. | Lo stack indica dove SIGALRM è stato osservato, non dimostra quale pass, configurazione, circuito o hardware abbia causato il timeout. | Un'attribuzione causale richiede confronti controllati tra circuiti, configurazioni e device.",qiskit/transpiler/passes/routing/lookahead_swap.py:342:_calc_layout_distance
ibm_falcon_127,127,225e5f6fd85af0b37a1dd7c6306dd046a8c7ca585f135dda6e6418dd16f76b48,run_1ef6eba0aff7d38763cc2b703af5eda523108cc08c79778ce73dbfd93b393234,wstate_indep_tket_90,wstate,tket,90,181,447,o2_sabre_lookahead,2,sabre,lookahead,1,timeout,transpilation,timeout,AttemptTimeoutError,100.0,100.01225250200059,Tentativo interrotto dopo 100.0 secondi.,qiskit_post_pass_callback_and_sigalrm_traceback,transpilation,21,LookaheadSwap,qiskit.transpiler.passes.routing.lookahead_swap.LookaheadSwap,20,99.90144562721252,99.99710618900008,qiskit/transpiler/passes/routing/lookahead_swap.py,<genexpr>,390,routing,routing_method,lookahead,medium,False,"Il callback pubblico di Qiskit viene eseguito dopo ogni pass: last_completed_pass non identifica necessariamente il pass interrotto. | Lo stack indica dove SIGALRM è stato osservato, non dimostra quale pass, configurazione, circuito o hardware abbia causato il timeout. | Un'attribuzione causale richiede confronti controllati tra circuiti, configurazioni e device.",qiskit/transpiler/passes/routing/lookahead_swap.py:390:<genexpr>
ibm_falcon_127,127,225e5f6fd85af0b37a1dd7c6306dd046a8c7ca585f135dda6e6418dd16f76b48,run_45f8c3418fe1505ce175b5d7c4a9cb6a64b09fe28cb2db48c977b04ff8320568,wstate_indep_tket_90,wstate,tket,90,181,447,o2_sabre_lookahead,2,sabre,lookahead,2,timeout,transpilation,timeout,AttemptTimeoutError,100.0,100.00887723800042,Tentativo interrotto dopo 100.0 secondi.,qiskit_post_pass_callback_and_sigalrm_traceback,transpilation,21,LookaheadSwap,qiskit.transpiler.passes.routing.lookahead_swap.LookaheadSwap,20,99.90378165245056,99.99761782399946,qiskit/transpiler/passes/routing/lookahead_swap.py,_calc_layout_distance,341,routing,routing_method,lookahead,medium,False,"Il callback pubblico di Qiskit viene eseguito dopo ogni pass: last_completed_pass non identifica necessariamente il pass interrotto. | Lo stack indica dove SIGALRM è stato osservato, non dimostra quale pass, configurazione, circuito o hardware abbia causato il timeout. | Un'attribuzione causale richiede confronti controllati tra circuiti, configurazioni e device.",qiskit/transpiler/passes/routing/lookahead_swap.py:341:_calc_layout_distance
quantinuum_h2_56,56,8c5576ac2f280a98f797dceb53186f97500e901d9784cc328187e156cbbe9b8f,run_fba83ee5e487d3904931475f162885edc1819773cfb7a1682df603b74c6e0614,qft_indep_tket_40,qft,tket,40,81,880,o3_default_default,3,,,0,timeout,transpilation,timeout,AttemptTimeoutError,100.0,100.00217224399967,Tentativo interrotto dopo 100.0 secondi.,qiskit_post_pass_callback_and_sigalrm_traceback,transpilation,56,VF2PostLayout,qiskit.transpiler.passes.layout.vf2_post_layout.VF2PostLayout,55,96.93753623962402,99.9928891769996,qiskit/transpiler/passes/layout/vf2_post_layout.py,_score_layout,373,optimization,optimization_level,3,medium,False,"Il callback pubblico di Qiskit viene eseguito dopo ogni pass: last_completed_pass non identifica necessariamente il pass interrotto. | Lo stack indica dove SIGALRM è stato osservato, non dimostra quale pass, configurazione, circuito o hardware abbia causato il timeout. | Un'attribuzione causale richiede confronti controllati tra circuiti, configurazioni e device.",qiskit/transpiler/passes/layout/vf2_post_layout.py:373:_score_layout
quantinuum_h2_56,56,8c5576ac2f280a98f797dceb53186f97500e901d9784cc328187e156cbbe9b8f,run_e695c9cd7df83e0e8977148e8ed56e65c38fa41b2fcd26b253299965139e0d0b,qft_indep_tket_40,qft,tket,40,81,880,o3_default_default,3,,,1,timeout,transpilation,timeout,AttemptTimeoutError,100.0,100.00219542300056,Tentativo interrotto dopo 100.0 secondi.,qiskit_post_pass_callback_and_sigalrm_traceback,transpilation,56,VF2PostLayout,qiskit.transpiler.passes.layout.vf2_post_layout.VF2PostLayout,55,97.15172791481018,99.99308673999985,qiskit/transpiler/passes/layout/vf2_post_layout.py,_score_layout,371,optimization,optimization_level,3,medium,False,"Il callback pubblico di Qiskit viene eseguito dopo ogni pass: last_completed_pass non identifica necessariamente il pass interrotto. | Lo stack indica dove SIGALRM è stato osservato, non dimostra quale pass, configurazione, circuito o hardware abbia causato il timeout. | Un'attribuzione causale richiede confronti controllati tra circuiti, configurazioni e device.",qiskit/transpiler/passes/layout/vf2_post_layout.py:371:_score_layout
quantinuum_h2_56,56,8c5576ac2f280a98f797dceb53186f97500e901d9784cc328187e156cbbe9b8f,run_f067aa42ef1f3db1dc63e107bc9a05ed83a5471b972e1c75d62a5e2fc62f85ef,qft_indep_tket_40,qft,tket,40,81,880,o3_default_default,3,,,2,timeout,transpilation,timeout,AttemptTimeoutError,100.0,100.00254831799975,Tentativo interrotto dopo 100.0 secondi.,qiskit_post_pass_callback_and_sigalrm_traceback,transpilation,56,VF2PostLayout,qiskit.transpiler.passes.layout.vf2_post_layout.VF2PostLayout,55,96.98517918586731,99.99319828999978,qiskit/transpiler/passes/layout/vf2_post_layout.py,run,281,optimization,optimization_level,3,medium,False,"Il callback pubblico di Qiskit viene eseguito dopo ogni pass: last_completed_pass non identifica necessariamente il pass interrotto. | Lo stack indica dove SIGALRM è stato osservato, non dimostra quale pass, configurazione, circuito o hardware abbia causato il timeout. | Un'attribuzione causale richiede confronti controllati tra circuiti, configurazioni e device.",qiskit/transpiler/passes/layout/vf2_post_layout.py:281:run
quantinuum_h2_56,56,8c5576ac2f280a98f797dceb53186f97500e901d9784cc328187e156cbbe9b8f,run_51ff8e0e6250e169a44045fafe4eb916da58e6c4b4335f4c27dc4dbd2c00d783,random_indep_qiskit_30,random,qiskit,30,312,2080,o3_default_default,3,,,0,timeout,transpilation,timeout,AttemptTimeoutError,100.0,100.00566923699989,Tentativo interrotto dopo 100.0 secondi.,qiskit_post_pass_callback_and_sigalrm_traceback,transpilation,46,VF2PostLayout,qiskit.transpiler.passes.layout.vf2_post_layout.VF2PostLayout,45,96.41103720664978,99.98941339800058,qiskit/transpiler/passes/layout/vf2_post_layout.py,_score_layout,375,optimization,optimization_level,3,medium,False,"Il callback pubblico di Qiskit viene eseguito dopo ogni pass: last_completed_pass non identifica necessariamente il pass interrotto. | Lo stack indica dove SIGALRM è stato osservato, non dimostra quale pass, configurazione, circuito o hardware abbia causato il timeout. | Un'attribuzione causale richiede confronti controllati tra circuiti, configurazioni e device.",qiskit/transpiler/passes/layout/vf2_post_layout.py:375:_score_layout
quantinuum_h2_56,56,8c5576ac2f280a98f797dceb53186f97500e901d9784cc328187e156cbbe9b8f,run_9030ed4c90e025b76b24f6538cdc56c320f61521b7743c2e1e773a39193e2a4b,random_indep_qiskit_30,random,qiskit,30,312,2080,o3_default_default,3,,,1,timeout,transpilation,timeout,AttemptTimeoutError,100.0,100.00387650099947,Tentativo interrotto dopo 100.0 secondi.,qiskit_post_pass_callback_and_sigalrm_traceback,transpilation,46,VF2PostLayout,qiskit.transpiler.passes.layout.vf2_post_layout.VF2PostLayout,45,96.35254073143005,99.98451622299945,qiskit/transpiler/passes/layout/vf2_post_layout.py,_score_layout,371,optimization,optimization_level,3,medium,False,"Il callback pubblico di Qiskit viene eseguito dopo ogni pass: last_completed_pass non identifica necessariamente il pass interrotto. | Lo stack indica dove SIGALRM è stato osservato, non dimostra quale pass, configurazione, circuito o hardware abbia causato il timeout. | Un'attribuzione causale richiede confronti controllati tra circuiti, configurazioni e device.",qiskit/transpiler/passes/layout/vf2_post_layout.py:371:_score_layout
quantinuum_h2_56,56,8c5576ac2f280a98f797dceb53186f97500e901d9784cc328187e156cbbe9b8f,run_f04f06a2ff277c37ff35daf54227692b3a72816a5cc1b713d957e3a5aaaeda87,random_indep_qiskit_30,random,qiskit,30,312,2080,o3_default_default,3,,,2,timeout,transpilation,timeout,AttemptTimeoutError,100.0,100.00381064700014,Tentativo interrotto dopo 100.0 secondi.,qiskit_post_pass_callback_and_sigalrm_traceback,transpilation,46,VF2PostLayout,qiskit.transpiler.passes.layout.vf2_post_layout.VF2PostLayout,45,96.35097908973694,99.98449010100012,qiskit/transpiler/passes/layout/vf2_post_layout.py,_score_layout,375,optimization,optimization_level,3,medium,False,"Il callback pubblico di Qiskit viene eseguito dopo ogni pass: last_completed_pass non identifica necessariamente il pass interrotto. | Lo stack indica dove SIGALRM è stato osservato, non dimostra quale pass, configurazione, circuito o hardware abbia causato il timeout. | Un'attribuzione causale richiede confronti controllati tra circuiti, configurazioni e device.",qiskit/transpiler/passes/layout/vf2_post_layout.py:375:_score_layout
ibm_heron_133,133,804f28754ad200e42a328ba910639c9d6fd3233dff35035e7f3cb85a2fc5168a,run_b028cef692ab42f8cd22e3e24d575324572e0d077ef28c741fd5a041d7b7c883,wstate_indep_tket_90,wstate,tket,90,181,447,o3_default_default,3,,,0,timeout,transpilation,timeout,AttemptTimeoutError,100.0,100.00232208099987,Tentativo interrotto dopo 100.0 secondi.,qiskit_post_pass_callback_and_sigalrm_traceback,transpilation,46,VF2PostLayout,qiskit.transpiler.passes.layout.vf2_post_layout.VF2PostLayout,45,72.51406717300415,99.99825784599943,qiskit/transpiler/passes/layout/vf2_post_layout.py,_score_layout,372,optimization,optimization_level,3,medium,False,"Il callback pubblico di Qiskit viene eseguito dopo ogni pass: last_completed_pass non identifica necessariamente il pass interrotto. | Lo stack indica dove SIGALRM è stato osservato, non dimostra quale pass, configurazione, circuito o hardware abbia causato il timeout. | Un'attribuzione causale richiede confronti controllati tra circuiti, configurazioni e device.",qiskit/transpiler/passes/layout/vf2_post_layout.py:372:_score_layout
ibm_falcon_127,127,225e5f6fd85af0b37a1dd7c6306dd046a8c7ca585f135dda6e6418dd16f76b48,run_98c9c6846956b5f76ec082ca800eb31e4c4c3ea62218aee588afc2e01a465dd3,wstate_indep_tket_90,wstate,tket,90,181,447,o3_default_default,3,,,0,timeout,transpilation,timeout,AttemptTimeoutError,100.0,100.02170607600056,Tentativo interrotto dopo 100.0 secondi.,qiskit_post_pass_callback_and_sigalrm_traceback,transpilation,46,VF2PostLayout,qiskit.transpiler.passes.layout.vf2_post_layout.VF2PostLayout,45,76.18765377998352,100.00972670699957,qiskit/transpiler/passes/layout/vf2_post_layout.py,_target_match,41,optimization,optimization_level,3,medium,False,"Il callback pubblico di Qiskit viene eseguito dopo ogni pass: last_completed_pass non identifica necessariamente il pass interrotto. | Lo stack indica dove SIGALRM è stato osservato, non dimostra quale pass, configurazione, circuito o hardware abbia causato il timeout. | Un'attribuzione causale richiede confronti controllati tra circuiti, configurazioni e device.",qiskit/transpiler/passes/layout/vf2_post_layout.py:41:_target_match
ibm_heron_156,156,a30f41e65c03fb900a4b8852261a8407c56c389560f4031ecb43099c1bec5089,run_dce23c689daded82333402bf986fbe227ad13db315981ea5b717aab0ad905407,wstate_indep_tket_90,wstate,tket,90,181,447,o3_default_default,3,,,0,timeout,transpilation,timeout,AttemptTimeoutError,100.0,100.00265626600049,Tentativo interrotto dopo 100.0 secondi.,qiskit_post_pass_callback_and_sigalrm_traceback,transpilation,46,VF2PostLayout,qiskit.transpiler.passes.layout.vf2_post_layout.VF2PostLayout,45,91.48530006408691,99.9971697380006,qiskit/transpiler/passes/layout/vf2_post_layout.py,_score_layout,364,optimization,optimization_level,3,medium,False,"Il callback pubblico di Qiskit viene eseguito dopo ogni pass: last_completed_pass non identifica necessariamente il pass interrotto. | Lo stack indica dove SIGALRM è stato osservato, non dimostra quale pass, configurazione, circuito o hardware abbia causato il timeout. | Un'attribuzione causale richiede confronti controllati tra circuiti, configurazioni e device.",qiskit/transpiler/passes/layout/vf2_post_layout.py:364:_score_layout
ibm_heron_133,133,804f28754ad200e42a328ba910639c9d6fd3233dff35035e7f3cb85a2fc5168a,run_97f4ff47ab5738f0dbfddc38ee80655b68b4b492ed99c809e6c9ea59eb2d4e40,wstate_indep_tket_90,wstate,tket,90,181,447,o3_default_default,3,,,1,timeout,transpilation,timeout,AttemptTimeoutError,100.0,100.00158601900057,Tentativo interrotto dopo 100.0 secondi.,qiskit_post_pass_callback_and_sigalrm_traceback,transpilation,46,VF2PostLayout,qiskit.transpiler.passes.layout.vf2_post_layout.VF2PostLayout,45,73.39263820648193,99.99827743100013,qiskit/transpiler/passes/layout/vf2_post_layout.py,_target_match,49,optimization,optimization_level,3,medium,False,"Il callback pubblico di Qiskit viene eseguito dopo ogni pass: last_completed_pass non identifica necessariamente il pass interrotto. | Lo stack indica dove SIGALRM è stato osservato, non dimostra quale pass, configurazione, circuito o hardware abbia causato il timeout. | Un'attribuzione causale richiede confronti controllati tra circuiti, configurazioni e device.",qiskit/transpiler/passes/layout/vf2_post_layout.py:49:_target_match
ibm_falcon_127,127,225e5f6fd85af0b37a1dd7c6306dd046a8c7ca585f135dda6e6418dd16f76b48,run_449731520e9c0672e0e6ed43e0507912be2b6b9c29c42709189dee50d87b0e08,wstate_indep_tket_90,wstate,tket,90,181,447,o3_default_default,3,,,1,timeout,transpilation,timeout,AttemptTimeoutError,100.0,100.0022240570006,Tentativo interrotto dopo 100.0 secondi.,qiskit_post_pass_callback_and_sigalrm_traceback,transpilation,46,VF2PostLayout,qiskit.transpiler.passes.layout.vf2_post_layout.VF2PostLayout,45,78.68054175376892,99.99716979499954,qiskit/transpiler/passes/layout/vf2_post_layout.py,_score_layout,372,optimization,optimization_level,3,medium,False,"Il callback pubblico di Qiskit viene eseguito dopo ogni pass: last_completed_pass non identifica necessariamente il pass interrotto. | Lo stack indica dove SIGALRM è stato osservato, non dimostra quale pass, configurazione, circuito o hardware abbia causato il timeout. | Un'attribuzione causale richiede confronti controllati tra circuiti, configurazioni e device.",qiskit/transpiler/passes/layout/vf2_post_layout.py:372:_score_layout
ibm_heron_156,156,a30f41e65c03fb900a4b8852261a8407c56c389560f4031ecb43099c1bec5089,run_928a47629924935d38f3ed4cd12a322906c5ba44729a7834a11beccb2d60b8e3,wstate_indep_tket_90,wstate,tket,90,181,447,o3_default_default,3,,,1,timeout,transpilation,timeout,AttemptTimeoutError,100.0,100.00247593800032,Tentativo interrotto dopo 100.0 secondi.,qiskit_post_pass_callback_and_sigalrm_traceback,transpilation,46,VF2PostLayout,qiskit.transpiler.passes.layout.vf2_post_layout.VF2PostLayout,45,91.72850584983826,99.99787149999975,qiskit/transpiler/passes/layout/vf2_post_layout.py,_score_layout,363,optimization,optimization_level,3,medium,False,"Il callback pubblico di Qiskit viene eseguito dopo ogni pass: last_completed_pass non identifica necessariamente il pass interrotto. | Lo stack indica dove SIGALRM è stato osservato, non dimostra quale pass, configurazione, circuito o hardware abbia causato il timeout. | Un'attribuzione causale richiede confronti controllati tra circuiti, configurazioni e device.",qiskit/transpiler/passes/layout/vf2_post_layout.py:363:_score_layout
ibm_heron_133,133,804f28754ad200e42a328ba910639c9d6fd3233dff35035e7f3cb85a2fc5168a,run_95547befce684e54e17fcff25ce2802287517c429abf550d30870047a99551fb,wstate_indep_tket_90,wstate,tket,90,181,447,o3_default_default,3,,,2,timeout,transpilation,timeout,AttemptTimeoutError,100.0,100.00154391599972,Tentativo interrotto dopo 100.0 secondi.,qiskit_post_pass_callback_and_sigalrm_traceback,transpilation,46,VF2PostLayout,qiskit.transpiler.passes.layout.vf2_post_layout.VF2PostLayout,45,73.80977416038513,99.99730835699938,qiskit/transpiler/passes/layout/vf2_post_layout.py,_score_layout,362,optimization,optimization_level,3,medium,False,"Il callback pubblico di Qiskit viene eseguito dopo ogni pass: last_completed_pass non identifica necessariamente il pass interrotto. | Lo stack indica dove SIGALRM è stato osservato, non dimostra quale pass, configurazione, circuito o hardware abbia causato il timeout. | Un'attribuzione causale richiede confronti controllati tra circuiti, configurazioni e device.",qiskit/transpiler/passes/layout/vf2_post_layout.py:362:_score_layout
ibm_falcon_127,127,225e5f6fd85af0b37a1dd7c6306dd046a8c7ca585f135dda6e6418dd16f76b48,run_08a85a2963ad31130b94a0bf2fca0987006efb33f1338a9306f259af7e674bc7,wstate_indep_tket_90,wstate,tket,90,181,447,o3_default_default,3,,,2,timeout,transpilation,timeout,AttemptTimeoutError,100.0,100.00149319899992,Tentativo interrotto dopo 100.0 secondi.,qiskit_post_pass_callback_and_sigalrm_traceback,transpilation,46,VF2PostLayout,qiskit.transpiler.passes.layout.vf2_post_layout.VF2PostLayout,45,78.57559442520142,99.99579282500054,qiskit/transpiler/passes/layout/vf2_post_layout.py,_target_match,49,optimization,optimization_level,3,medium,False,"Il callback pubblico di Qiskit viene eseguito dopo ogni pass: last_completed_pass non identifica necessariamente il pass interrotto. | Lo stack indica dove SIGALRM è stato osservato, non dimostra quale pass, configurazione, circuito o hardware abbia causato il timeout. | Un'attribuzione causale richiede confronti controllati tra circuiti, configurazioni e device.",qiskit/transpiler/passes/layout/vf2_post_layout.py:49:_target_match
ibm_heron_156,156,a30f41e65c03fb900a4b8852261a8407c56c389560f4031ecb43099c1bec5089,run_33caf43967ae3b26336c830c62bf750cdba36f15d30a0595f5dfbf83951f7db0,wstate_indep_tket_90,wstate,tket,90,181,447,o3_default_default,3,,,2,timeout,transpilation,timeout,AttemptTimeoutError,100.0,100.00425437500053,Tentativo interrotto dopo 100.0 secondi.,qiskit_post_pass_callback_and_sigalrm_traceback,transpilation,46,VF2PostLayout,qiskit.transpiler.passes.layout.vf2_post_layout.VF2PostLayout,45,92.18555927276611,99.99698110700047,qiskit/transpiler/passes/layout/vf2_post_layout.py,run,281,optimization,optimization_level,3,medium,False,"Il callback pubblico di Qiskit viene eseguito dopo ogni pass: last_completed_pass non identifica necessariamente il pass interrotto. | Lo stack indica dove SIGALRM è stato osservato, non dimostra quale pass, configurazione, circuito o hardware abbia causato il timeout. | Un'attribuzione causale richiede confronti controllati tra circuiti, configurazioni e device.",qiskit/transpiler/passes/layout/vf2_post_layout.py:281:run
quantinuum_h2_56,56,8c5576ac2f280a98f797dceb53186f97500e901d9784cc328187e156cbbe9b8f,run_21da9ed3b8c3a64f68770eb96564f395d2a0460cc4390a414d9de7d1890ecfd8,graphstate_indep_qiskit_14,graphstate,qiskit,14,8,42,o3_dense_sabre,3,dense,sabre,0,timeout,transpilation,timeout,AttemptTimeoutError,100.0,100.0031455330004,Tentativo interrotto dopo 100.0 secondi.,qiskit_post_pass_callback_and_sigalrm_traceback,transpilation,46,VF2PostLayout,qiskit.transpiler.passes.layout.vf2_post_layout.VF2PostLayout,45,99.96902418136597,99.99958350999987,qiskit/transpiler/passes/layout/vf2_post_layout.py,_score_layout,363,optimization,optimization_level,3,medium,False,"Il callback pubblico di Qiskit viene eseguito dopo ogni pass: last_completed_pass non identifica necessariamente il pass interrotto. | Lo stack indica dove SIGALRM è stato osservato, non dimostra quale pass, configurazione, circuito o hardware abbia causato il timeout. | Un'attribuzione causale richiede confronti controllati tra circuiti, configurazioni e device.",qiskit/transpiler/passes/layout/vf2_post_layout.py:363:_score_layout
quantinuum_h2_56,56,8c5576ac2f280a98f797dceb53186f97500e901d9784cc328187e156cbbe9b8f,run_fbdc4ef1afdf39b04af5a45ddb70b30c6ef164529313e022635ab0305eeccca3,graphstate_indep_qiskit_14,graphstate,qiskit,14,8,42,o3_dense_sabre,3,dense,sabre,1,timeout,transpilation,timeout,AttemptTimeoutError,100.0,100.00185261999968,Tentativo interrotto dopo 100.0 secondi.,qiskit_post_pass_callback_and_sigalrm_traceback,transpilation,46,VF2PostLayout,qiskit.transpiler.passes.layout.vf2_post_layout.VF2PostLayout,45,99.9512140750885,99.99945725499992,qiskit/transpiler/passes/layout/vf2_post_layout.py,_score_layout,362,optimization,optimization_level,3,medium,False,"Il callback pubblico di Qiskit viene eseguito dopo ogni pass: last_completed_pass non identifica necessariamente il pass interrotto. | Lo stack indica dove SIGALRM è stato osservato, non dimostra quale pass, configurazione, circuito o hardware abbia causato il timeout. | Un'attribuzione causale richiede confronti controllati tra circuiti, configurazioni e device.",qiskit/transpiler/passes/layout/vf2_post_layout.py:362:_score_layout
quantinuum_h2_56,56,8c5576ac2f280a98f797dceb53186f97500e901d9784cc328187e156cbbe9b8f,run_7b10eb2e90c4723586caf844245b792f0d5fdd804f4fc5f8b35993657bbaa0bf,graphstate_indep_qiskit_14,graphstate,qiskit,14,8,42,o3_dense_sabre,3,dense,sabre,2,timeout,transpilation,timeout,AttemptTimeoutError,100.0,100.00226726599976,Tentativo interrotto dopo 100.0 secondi.,qiskit_post_pass_callback_and_sigalrm_traceback,transpilation,46,VF2PostLayout,qiskit.transpiler.passes.layout.vf2_post_layout.VF2PostLayout,45,99.95663595199585,99.99929503699968,qiskit/transpiler/passes/layout/vf2_post_layout.py,_score_layout,366,optimization,optimization_level,3,medium,False,"Il callback pubblico di Qiskit viene eseguito dopo ogni pass: last_completed_pass non identifica necessariamente il pass interrotto. | Lo stack indica dove SIGALRM è stato osservato, non dimostra quale pass, configurazione, circuito o hardware abbia causato il timeout. | Un'attribuzione causale richiede confronti controllati tra circuiti, configurazioni e device.",qiskit/transpiler/passes/layout/vf2_post_layout.py:366:_score_layout
quantinuum_h2_56,56,8c5576ac2f280a98f797dceb53186f97500e901d9784cc328187e156cbbe9b8f,run_204f9862dbe6ddd89eecff8b66b64f3737f110d20f5d4fab3879df9eec845ba1,pricingcall_indep_qiskit_5,pricingcall,qiskit,5,36,47,o3_dense_sabre,3,dense,sabre,0,timeout,transpilation,timeout,AttemptTimeoutError,100.0,100.00159861600059,Tentativo interrotto dopo 100.0 secondi.,qiskit_post_pass_callback_and_sigalrm_traceback,transpilation,46,VF2PostLayout,qiskit.transpiler.passes.layout.vf2_post_layout.VF2PostLayout,45,99.95624470710754,99.999510267,qiskit/transpiler/passes/layout/vf2_post_layout.py,_score_layout,366,optimization,optimization_level,3,medium,False,"Il callback pubblico di Qiskit viene eseguito dopo ogni pass: last_completed_pass non identifica necessariamente il pass interrotto. | Lo stack indica dove SIGALRM è stato osservato, non dimostra quale pass, configurazione, circuito o hardware abbia causato il timeout. | Un'attribuzione causale richiede confronti controllati tra circuiti, configurazioni e device.",qiskit/transpiler/passes/layout/vf2_post_layout.py:366:_score_layout
quantinuum_h2_56,56,8c5576ac2f280a98f797dceb53186f97500e901d9784cc328187e156cbbe9b8f,run_a952e4001ac0cd243fdb9a001941e88c661b035fde8261b3e37091a8c4770dce,pricingcall_indep_qiskit_5,pricingcall,qiskit,5,36,47,o3_dense_sabre,3,dense,sabre,1,timeout,transpilation,timeout,AttemptTimeoutError,100.0,100.00154715500048,Tentativo interrotto dopo 100.0 secondi.,qiskit_post_pass_callback_and_sigalrm_traceback,transpilation,46,VF2PostLayout,qiskit.transpiler.passes.layout.vf2_post_layout.VF2PostLayout,45,99.82448363304138,99.99951698700079,qiskit/transpiler/passes/layout/vf2_post_layout.py,_score_layout,371,optimization,optimization_level,3,medium,False,"Il callback pubblico di Qiskit viene eseguito dopo ogni pass: last_completed_pass non identifica necessariamente il pass interrotto. | Lo stack indica dove SIGALRM è stato osservato, non dimostra quale pass, configurazione, circuito o hardware abbia causato il timeout. | Un'attribuzione causale richiede confronti controllati tra circuiti, configurazioni e device.",qiskit/transpiler/passes/layout/vf2_post_layout.py:371:_score_layout
quantinuum_h2_56,56,8c5576ac2f280a98f797dceb53186f97500e901d9784cc328187e156cbbe9b8f,run_015dd5f41a08ac725a8d8e05f006b93a51b3e91815c64eef8a8570f1c1118fa4,pricingcall_indep_qiskit_5,pricingcall,qiskit,5,36,47,o3_dense_sabre,3,dense,sabre,2,timeout,transpilation,timeout,AttemptTimeoutError,100.0,100.00160155899994,Tentativo interrotto dopo 100.0 secondi.,qiskit_post_pass_callback_and_sigalrm_traceback,transpilation,46,VF2PostLayout,qiskit.transpiler.passes.layout.vf2_post_layout.VF2PostLayout,45,99.96883130073547,99.9996178930005,qiskit/transpiler/passes/layout/vf2_post_layout.py,_score_layout,366,optimization,optimization_level,3,medium,False,"Il callback pubblico di Qiskit viene eseguito dopo ogni pass: last_completed_pass non identifica necessariamente il pass interrotto. | Lo stack indica dove SIGALRM è stato osservato, non dimostra quale pass, configurazione, circuito o hardware abbia causato il timeout. | Un'attribuzione causale richiede confronti controllati tra circuiti, configurazioni e device.",qiskit/transpiler/passes/layout/vf2_post_layout.py:366:_score_layout
quantinuum_h2_56,56,8c5576ac2f280a98f797dceb53186f97500e901d9784cc328187e156cbbe9b8f,run_c957f5abcdc72f7e1dde28009097797302b95602ae2a00167444093c0046c3e7,qaoa_indep_tket_7,qaoa,tket,7,10,42,o3_dense_sabre,3,dense,sabre,0,timeout,transpilation,timeout,AttemptTimeoutError,100.0,100.00152355099999,Tentativo interrotto dopo 100.0 secondi.,qiskit_post_pass_callback_and_sigalrm_traceback,transpilation,46,VF2PostLayout,qiskit.transpiler.passes.layout.vf2_post_layout.VF2PostLayout,45,99.96150398254395,99.99949288399966,qiskit/transpiler/passes/layout/vf2_post_layout.py,_score_layout,366,optimization,optimization_level,3,medium,False,"Il callback pubblico di Qiskit viene eseguito dopo ogni pass: last_completed_pass non identifica necessariamente il pass interrotto. | Lo stack indica dove SIGALRM è stato osservato, non dimostra quale pass, configurazione, circuito o hardware abbia causato il timeout. | Un'attribuzione causale richiede confronti controllati tra circuiti, configurazioni e device.",qiskit/transpiler/passes/layout/vf2_post_layout.py:366:_score_layout
quantinuum_h2_56,56,8c5576ac2f280a98f797dceb53186f97500e901d9784cc328187e156cbbe9b8f,run_f3d476a759b93eda22e78a950790cbbcd9aceae5c36ea493693839ad6bcc93f4,qaoa_indep_tket_7,qaoa,tket,7,10,42,o3_dense_sabre,3,dense,sabre,1,timeout,transpilation,timeout,AttemptTimeoutError,100.0,100.00148074699973,Tentativo interrotto dopo 100.0 secondi.,qiskit_post_pass_callback_and_sigalrm_traceback,transpilation,46,VF2PostLayout,qiskit.transpiler.passes.layout.vf2_post_layout.VF2PostLayout,45,99.97104263305664,99.999416269,qiskit/transpiler/passes/layout/vf2_post_layout.py,run,281,optimization,optimization_level,3,medium,False,"Il callback pubblico di Qiskit viene eseguito dopo ogni pass: last_completed_pass non identifica necessariamente il pass interrotto. | Lo stack indica dove SIGALRM è stato osservato, non dimostra quale pass, configurazione, circuito o hardware abbia causato il timeout. | Un'attribuzione causale richiede confronti controllati tra circuiti, configurazioni e device.",qiskit/transpiler/passes/layout/vf2_post_layout.py:281:run
quantinuum_h2_56,56,8c5576ac2f280a98f797dceb53186f97500e901d9784cc328187e156cbbe9b8f,run_8a11691c9b8ef9ffac2d9a1cc1a034460904efad06433da2a91c86826b3027f9,qaoa_indep_tket_7,qaoa,tket,7,10,42,o3_dense_sabre,3,dense,sabre,2,timeout,transpilation,timeout,AttemptTimeoutError,100.0,100.00230496299992,Tentativo interrotto dopo 100.0 secondi.,qiskit_post_pass_callback_and_sigalrm_traceback,transpilation,46,VF2PostLayout,qiskit.transpiler.passes.layout.vf2_post_layout.VF2PostLayout,45,99.96954655647278,99.99941889599995,qiskit/transpiler/passes/layout/vf2_post_layout.py,_score_layout,362,optimization,optimization_level,3,medium,False,"Il callback pubblico di Qiskit viene eseguito dopo ogni pass: last_completed_pass non identifica necessariamente il pass interrotto. | Lo stack indica dove SIGALRM è stato osservato, non dimostra quale pass, configurazione, circuito o hardware abbia causato il timeout. | Un'attribuzione causale richiede confronti controllati tra circuiti, configurazioni e device.",qiskit/transpiler/passes/layout/vf2_post_layout.py:362:_score_layout
quantinuum_h2_56,56,8c5576ac2f280a98f797dceb53186f97500e901d9784cc328187e156cbbe9b8f,run_7303b37491fd230d9ad2150fbf4097be343dff159ac3057ab29720e3c29a3d6c,qft_indep_tket_40,qft,tket,40,81,880,o3_dense_sabre,3,dense,sabre,0,timeout,transpilation,timeout,AttemptTimeoutError,100.0,100.00322060300005,Tentativo interrotto dopo 100.0 secondi.,qiskit_post_pass_callback_and_sigalrm_traceback,transpilation,56,VF2PostLayout,qiskit.transpiler.passes.layout.vf2_post_layout.VF2PostLayout,55,99.70326828956604,99.99309360700045,qiskit/transpiler/passes/layout/vf2_post_layout.py,run,281,optimization,optimization_level,3,medium,False,"Il callback pubblico di Qiskit viene eseguito dopo ogni pass: last_completed_pass non identifica necessariamente il pass interrotto. | Lo stack indica dove SIGALRM è stato osservato, non dimostra quale pass, configurazione, circuito o hardware abbia causato il timeout. | Un'attribuzione causale richiede confronti controllati tra circuiti, configurazioni e device.",qiskit/transpiler/passes/layout/vf2_post_layout.py:281:run
quantinuum_h2_56,56,8c5576ac2f280a98f797dceb53186f97500e901d9784cc328187e156cbbe9b8f,run_86d52dd97f18987931780a157d76f6ee99da56e53c6cd5d9573f5681afdf9780,qft_indep_tket_40,qft,tket,40,81,880,o3_dense_sabre,3,dense,sabre,1,timeout,transpilation,timeout,AttemptTimeoutError,100.0,100.00273924199973,Tentativo interrotto dopo 100.0 secondi.,qiskit_post_pass_callback_and_sigalrm_traceback,transpilation,56,VF2PostLayout,qiskit.transpiler.passes.layout.vf2_post_layout.VF2PostLayout,55,99.65788578987122,99.99310665800022,qiskit/transpiler/passes/layout/vf2_post_layout.py,run,281,optimization,optimization_level,3,medium,False,"Il callback pubblico di Qiskit viene eseguito dopo ogni pass: last_completed_pass non identifica necessariamente il pass interrotto. | Lo stack indica dove SIGALRM è stato osservato, non dimostra quale pass, configurazione, circuito o hardware abbia causato il timeout. | Un'attribuzione causale richiede confronti controllati tra circuiti, configurazioni e device.",qiskit/transpiler/passes/layout/vf2_post_layout.py:281:run
quantinuum_h2_56,56,8c5576ac2f280a98f797dceb53186f97500e901d9784cc328187e156cbbe9b8f,run_34e2a041722ac485ef72390eb301ac74e81be721396d881fb4580caae484b869,qft_indep_tket_40,qft,tket,40,81,880,o3_dense_sabre,3,dense,sabre,2,timeout,transpilation,timeout,AttemptTimeoutError,100.0,100.00345749600001,Tentativo interrotto dopo 100.0 secondi.,qiskit_post_pass_callback_and_sigalrm_traceback,transpilation,56,VF2PostLayout,qiskit.transpiler.passes.layout.vf2_post_layout.VF2PostLayout,55,99.68748259544373,99.98829032200047,qiskit/transpiler/passes/layout/vf2_post_layout.py,_score_layout,375,optimization,optimization_level,3,medium,False,"Il callback pubblico di Qiskit viene eseguito dopo ogni pass: last_completed_pass non identifica necessariamente il pass interrotto. | Lo stack indica dove SIGALRM è stato osservato, non dimostra quale pass, configurazione, circuito o hardware abbia causato il timeout. | Un'attribuzione causale richiede confronti controllati tra circuiti, configurazioni e device.",qiskit/transpiler/passes/layout/vf2_post_layout.py:375:_score_layout
quantinuum_h2_56,56,8c5576ac2f280a98f797dceb53186f97500e901d9784cc328187e156cbbe9b8f,run_3169631dde72533afef8f3922b677257ade2332378d14a3e68caab2326d5d71f,random_indep_qiskit_30,random,qiskit,30,312,2080,o3_dense_sabre,3,dense,sabre,0,timeout,transpilation,timeout,AttemptTimeoutError,100.0,100.00579276799999,Tentativo interrotto dopo 100.0 secondi.,qiskit_post_pass_callback_and_sigalrm_traceback,transpilation,46,VF2PostLayout,qiskit.transpiler.passes.layout.vf2_post_layout.VF2PostLayout,45,99.44305729866028,99.9895609690002,qiskit/transpiler/passes/layout/vf2_post_layout.py,_score_layout,371,optimization,optimization_level,3,medium,False,"Il callback pubblico di Qiskit viene eseguito dopo ogni pass: last_completed_pass non identifica necessariamente il pass interrotto. | Lo stack indica dove SIGALRM è stato osservato, non dimostra quale pass, configurazione, circuito o hardware abbia causato il timeout. | Un'attribuzione causale richiede confronti controllati tra circuiti, configurazioni e device.",qiskit/transpiler/passes/layout/vf2_post_layout.py:371:_score_layout
quantinuum_h2_56,56,8c5576ac2f280a98f797dceb53186f97500e901d9784cc328187e156cbbe9b8f,run_b2277f798b2a7a70494f7535a1b15cd96928677de036e27d6d417e966e712a4a,random_indep_qiskit_30,random,qiskit,30,312,2080,o3_dense_sabre,3,dense,sabre,1,timeout,transpilation,timeout,AttemptTimeoutError,100.0,100.00370515699979,Tentativo interrotto dopo 100.0 secondi.,qiskit_post_pass_callback_and_sigalrm_traceback,transpilation,46,VF2PostLayout,qiskit.transpiler.passes.layout.vf2_post_layout.VF2PostLayout,45,99.55409908294678,99.984384417,qiskit/transpiler/passes/layout/vf2_post_layout.py,_score_layout,375,optimization,optimization_level,3,medium,False,"Il callback pubblico di Qiskit viene eseguito dopo ogni pass: last_completed_pass non identifica necessariamente il pass interrotto. | Lo stack indica dove SIGALRM è stato osservato, non dimostra quale pass, configurazione, circuito o hardware abbia causato il timeout. | Un'attribuzione causale richiede confronti controllati tra circuiti, configurazioni e device.",qiskit/transpiler/passes/layout/vf2_post_layout.py:375:_score_layout
quantinuum_h2_56,56,8c5576ac2f280a98f797dceb53186f97500e901d9784cc328187e156cbbe9b8f,run_29c56abf83be59e7d285094e24b6bfad0c2bf1ca699a3d423320ed33daceec08,random_indep_qiskit_30,random,qiskit,30,312,2080,o3_dense_sabre,3,dense,sabre,2,timeout,transpilation,timeout,AttemptTimeoutError,100.0,100.00370420800027,Tentativo interrotto dopo 100.0 secondi.,qiskit_post_pass_callback_and_sigalrm_traceback,transpilation,46,VF2PostLayout,qiskit.transpiler.passes.layout.vf2_post_layout.VF2PostLayout,45,99.59563136100769,99.98740686800011,qiskit/transpiler/passes/layout/vf2_post_layout.py,_score_layout,371,optimization,optimization_level,3,medium,False,"Il callback pubblico di Qiskit viene eseguito dopo ogni pass: last_completed_pass non identifica necessariamente il pass interrotto. | Lo stack indica dove SIGALRM è stato osservato, non dimostra quale pass, configurazione, circuito o hardware abbia causato il timeout. | Un'attribuzione causale richiede confronti controllati tra circuiti, configurazioni e device.",qiskit/transpiler/passes/layout/vf2_post_layout.py:371:_score_layout
quantinuum_h2_56,56,8c5576ac2f280a98f797dceb53186f97500e901d9784cc328187e156cbbe9b8f,run_3a995c3929d7a7ae92f1b641f38f21374d5219ba0cd392b21a0a63e4434aed00,routing_indep_qiskit_12,routing,qiskit,12,20,93,o3_dense_sabre,3,dense,sabre,0,timeout,transpilation,timeout,AttemptTimeoutError,100.0,100.00180172699947,Tentativo interrotto dopo 100.0 secondi.,qiskit_post_pass_callback_and_sigalrm_traceback,transpilation,46,VF2PostLayout,qiskit.transpiler.passes.layout.vf2_post_layout.VF2PostLayout,45,99.97291469573975,99.99981855100123,qiskit/transpiler/passes/layout/vf2_post_layout.py,_score_layout,366,optimization,optimization_level,3,medium,False,"Il callback pubblico di Qiskit viene eseguito dopo ogni pass: last_completed_pass non identifica necessariamente il pass interrotto. | Lo stack indica dove SIGALRM è stato osservato, non dimostra quale pass, configurazione, circuito o hardware abbia causato il timeout. | Un'attribuzione causale richiede confronti controllati tra circuiti, configurazioni e device.",qiskit/transpiler/passes/layout/vf2_post_layout.py:366:_score_layout
quantinuum_h2_56,56,8c5576ac2f280a98f797dceb53186f97500e901d9784cc328187e156cbbe9b8f,run_9a64580bb820d52f86429f5f765df7c3fce501db4f71fc7ae874702e67d45a6e,routing_indep_qiskit_12,routing,qiskit,12,20,93,o3_dense_sabre,3,dense,sabre,1,timeout,transpilation,timeout,AttemptTimeoutError,100.0,100.00151351099885,Tentativo interrotto dopo 100.0 secondi.,qiskit_post_pass_callback_and_sigalrm_traceback,transpilation,46,VF2PostLayout,qiskit.transpiler.passes.layout.vf2_post_layout.VF2PostLayout,45,99.97331261634827,99.9994555430003,qiskit/transpiler/passes/layout/vf2_post_layout.py,run,278,optimization,optimization_level,3,medium,False,"Il callback pubblico di Qiskit viene eseguito dopo ogni pass: last_completed_pass non identifica necessariamente il pass interrotto. | Lo stack indica dove SIGALRM è stato osservato, non dimostra quale pass, configurazione, circuito o hardware abbia causato il timeout. | Un'attribuzione causale richiede confronti controllati tra circuiti, configurazioni e device.",qiskit/transpiler/passes/layout/vf2_post_layout.py:278:run
quantinuum_h2_56,56,8c5576ac2f280a98f797dceb53186f97500e901d9784cc328187e156cbbe9b8f,run_77c37a6714680f81aba4d1e864c753aea78600be9158aa9d1b3f86e5c6bf2e8c,routing_indep_qiskit_12,routing,qiskit,12,20,93,o3_dense_sabre,3,dense,sabre,2,timeout,transpilation,timeout,AttemptTimeoutError,100.0,100.00163482900098,Tentativo interrotto dopo 100.0 secondi.,qiskit_post_pass_callback_and_sigalrm_traceback,transpilation,46,VF2PostLayout,qiskit.transpiler.passes.layout.vf2_post_layout.VF2PostLayout,45,99.97325420379639,99.99952008000037,qiskit/transpiler/passes/layout/vf2_post_layout.py,_score_layout,375,optimization,optimization_level,3,medium,False,"Il callback pubblico di Qiskit viene eseguito dopo ogni pass: last_completed_pass non identifica necessariamente il pass interrotto. | Lo stack indica dove SIGALRM è stato osservato, non dimostra quale pass, configurazione, circuito o hardware abbia causato il timeout. | Un'attribuzione causale richiede confronti controllati tra circuiti, configurazioni e device.",qiskit/transpiler/passes/layout/vf2_post_layout.py:375:_score_layout
quantinuum_h2_56,56,8c5576ac2f280a98f797dceb53186f97500e901d9784cc328187e156cbbe9b8f,run_e685304ffff9160122feb0e4475d3c1d4d4d08ae43846e5c93c2b59775a0bfb0,vqe_indep_tket_16,vqe,tket,16,21,94,o3_dense_sabre,3,dense,sabre,0,timeout,transpilation,timeout,AttemptTimeoutError,100.0,100.00247468199996,Tentativo interrotto dopo 100.0 secondi.,qiskit_post_pass_callback_and_sigalrm_traceback,transpilation,46,VF2PostLayout,qiskit.transpiler.passes.layout.vf2_post_layout.VF2PostLayout,45,99.95821142196655,99.99945963699975,qiskit/transpiler/passes/layout/vf2_post_layout.py,run,278,optimization,optimization_level,3,medium,False,"Il callback pubblico di Qiskit viene eseguito dopo ogni pass: last_completed_pass non identifica necessariamente il pass interrotto. | Lo stack indica dove SIGALRM è stato osservato, non dimostra quale pass, configurazione, circuito o hardware abbia causato il timeout. | Un'attribuzione causale richiede confronti controllati tra circuiti, configurazioni e device.",qiskit/transpiler/passes/layout/vf2_post_layout.py:278:run
quantinuum_h2_56,56,8c5576ac2f280a98f797dceb53186f97500e901d9784cc328187e156cbbe9b8f,run_7544789d4b4c1c3e2055790cf9550c3c8fbae15f56d81d569c8586c8ef4997b6,vqe_indep_tket_16,vqe,tket,16,21,94,o3_dense_sabre,3,dense,sabre,1,timeout,transpilation,timeout,AttemptTimeoutError,100.0,100.00223064000056,Tentativo interrotto dopo 100.0 secondi.,qiskit_post_pass_callback_and_sigalrm_traceback,transpilation,46,VF2PostLayout,qiskit.transpiler.passes.layout.vf2_post_layout.VF2PostLayout,45,99.97044324874878,99.9995246769995,qiskit/transpiler/passes/layout/vf2_post_layout.py,run,281,optimization,optimization_level,3,medium,False,"Il callback pubblico di Qiskit viene eseguito dopo ogni pass: last_completed_pass non identifica necessariamente il pass interrotto. | Lo stack indica dove SIGALRM è stato osservato, non dimostra quale pass, configurazione, circuito o hardware abbia causato il timeout. | Un'attribuzione causale richiede confronti controllati tra circuiti, configurazioni e device.",qiskit/transpiler/passes/layout/vf2_post_layout.py:281:run
quantinuum_h2_56,56,8c5576ac2f280a98f797dceb53186f97500e901d9784cc328187e156cbbe9b8f,run_4c0c0139e472c8138fb87b11f5e5683dc3651b0ae6e23932cb57d43768867c69,vqe_indep_tket_16,vqe,tket,16,21,94,o3_dense_sabre,3,dense,sabre,2,timeout,transpilation,timeout,AttemptTimeoutError,100.0,100.00154494799972,Tentativo interrotto dopo 100.0 secondi.,qiskit_post_pass_callback_and_sigalrm_traceback,transpilation,46,VF2PostLayout,qiskit.transpiler.passes.layout.vf2_post_layout.VF2PostLayout,45,99.97045969963074,99.99944947499989,qiskit/transpiler/passes/layout/vf2_post_layout.py,_score_layout,366,optimization,optimization_level,3,medium,False,"Il callback pubblico di Qiskit viene eseguito dopo ogni pass: last_completed_pass non identifica necessariamente il pass interrotto. | Lo stack indica dove SIGALRM è stato osservato, non dimostra quale pass, configurazione, circuito o hardware abbia causato il timeout. | Un'attribuzione causale richiede confronti controllati tra circuiti, configurazioni e device.",qiskit/transpiler/passes/layout/vf2_post_layout.py:366:_score_layout
quantinuum_h2_56,56,8c5576ac2f280a98f797dceb53186f97500e901d9784cc328187e156cbbe9b8f,run_f4ab047541a3e907c53cff38d36acd59755828be948dbc8803df5887351f3071,graphstate_indep_qiskit_14,graphstate,qiskit,14,8,42,o3_sabre_basic,3,sabre,basic,0,timeout,transpilation,timeout,AttemptTimeoutError,100.0,100.00174686400078,Tentativo interrotto dopo 100.0 secondi.,qiskit_post_pass_callback_and_sigalrm_traceback,transpilation,47,VF2PostLayout,qiskit.transpiler.passes.layout.vf2_post_layout.VF2PostLayout,46,99.97065019607544,99.99946842100053,qiskit/transpiler/passes/layout/vf2_post_layout.py,_score_layout,375,optimization,optimization_level,3,medium,False,"Il callback pubblico di Qiskit viene eseguito dopo ogni pass: last_completed_pass non identifica necessariamente il pass interrotto. | Lo stack indica dove SIGALRM è stato osservato, non dimostra quale pass, configurazione, circuito o hardware abbia causato il timeout. | Un'attribuzione causale richiede confronti controllati tra circuiti, configurazioni e device.",qiskit/transpiler/passes/layout/vf2_post_layout.py:375:_score_layout
quantinuum_h2_56,56,8c5576ac2f280a98f797dceb53186f97500e901d9784cc328187e156cbbe9b8f,run_ddc8223477bf2f060cdb8b5aac5c34148b23eaa6ab92cf8d3ae086e6fdb8f415,graphstate_indep_qiskit_14,graphstate,qiskit,14,8,42,o3_sabre_basic,3,sabre,basic,1,timeout,transpilation,timeout,AttemptTimeoutError,100.0,100.00230703500074,Tentativo interrotto dopo 100.0 secondi.,qiskit_post_pass_callback_and_sigalrm_traceback,transpilation,47,VF2PostLayout,qiskit.transpiler.passes.layout.vf2_post_layout.VF2PostLayout,46,99.96328139305115,99.9994059769997,qiskit/transpiler/passes/layout/vf2_post_layout.py,_score_layout,366,optimization,optimization_level,3,medium,False,"Il callback pubblico di Qiskit viene eseguito dopo ogni pass: last_completed_pass non identifica necessariamente il pass interrotto. | Lo stack indica dove SIGALRM è stato osservato, non dimostra quale pass, configurazione, circuito o hardware abbia causato il timeout. | Un'attribuzione causale richiede confronti controllati tra circuiti, configurazioni e device.",qiskit/transpiler/passes/layout/vf2_post_layout.py:366:_score_layout
quantinuum_h2_56,56,8c5576ac2f280a98f797dceb53186f97500e901d9784cc328187e156cbbe9b8f,run_e19ffd820dbd854f9e9216d0e7db4988685e0e7ae98f882ea718d842fa137ded,graphstate_indep_qiskit_14,graphstate,qiskit,14,8,42,o3_sabre_basic,3,sabre,basic,2,timeout,transpilation,timeout,AttemptTimeoutError,100.0,100.00163114299994,Tentativo interrotto dopo 100.0 secondi.,qiskit_post_pass_callback_and_sigalrm_traceback,transpilation,47,VF2PostLayout,qiskit.transpiler.passes.layout.vf2_post_layout.VF2PostLayout,46,99.96785950660706,99.99957862499923,qiskit/transpiler/passes/layout/vf2_post_layout.py,_score_layout,373,optimization,optimization_level,3,medium,False,"Il callback pubblico di Qiskit viene eseguito dopo ogni pass: last_completed_pass non identifica necessariamente il pass interrotto. | Lo stack indica dove SIGALRM è stato osservato, non dimostra quale pass, configurazione, circuito o hardware abbia causato il timeout. | Un'attribuzione causale richiede confronti controllati tra circuiti, configurazioni e device.",qiskit/transpiler/passes/layout/vf2_post_layout.py:373:_score_layout
quantinuum_h2_56,56,8c5576ac2f280a98f797dceb53186f97500e901d9784cc328187e156cbbe9b8f,run_8aa6ab8687941bf00adc2e6a330c659daac91b3c0024e9c6a8a64173d3d878d1,pricingcall_indep_qiskit_5,pricingcall,qiskit,5,36,47,o3_sabre_basic,3,sabre,basic,0,timeout,transpilation,timeout,AttemptTimeoutError,100.0,100.00156162599978,Tentativo interrotto dopo 100.0 secondi.,qiskit_post_pass_callback_and_sigalrm_traceback,transpilation,47,VF2PostLayout,qiskit.transpiler.passes.layout.vf2_post_layout.VF2PostLayout,46,99.96945142745972,99.99962667199998,qiskit/transpiler/passes/layout/vf2_post_layout.py,run,281,optimization,optimization_level,3,medium,False,"Il callback pubblico di Qiskit viene eseguito dopo ogni pass: last_completed_pass non identifica necessariamente il pass interrotto. | Lo stack indica dove SIGALRM è stato osservato, non dimostra quale pass, configurazione, circuito o hardware abbia causato il timeout. | Un'attribuzione causale richiede confronti controllati tra circuiti, configurazioni e device.",qiskit/transpiler/passes/layout/vf2_post_layout.py:281:run
quantinuum_h2_56,56,8c5576ac2f280a98f797dceb53186f97500e901d9784cc328187e156cbbe9b8f,run_512bb6293eb54a50eab1d0951baf831fb23847083a0d6be968ba65e0cae5c04c,pricingcall_indep_qiskit_5,pricingcall,qiskit,5,36,47,o3_sabre_basic,3,sabre,basic,1,timeout,transpilation,timeout,AttemptTimeoutError,100.0,100.00163061600051,Tentativo interrotto dopo 100.0 secondi.,qiskit_post_pass_callback_and_sigalrm_traceback,transpilation,47,VF2PostLayout,qiskit.transpiler.passes.layout.vf2_post_layout.VF2PostLayout,46,99.96901988983154,99.9996059189998,qiskit/transpiler/passes/layout/vf2_post_layout.py,_score_layout,363,optimization,optimization_level,3,medium,False,"Il callback pubblico di Qiskit viene eseguito dopo ogni pass: last_completed_pass non identifica necessariamente il pass interrotto. | Lo stack indica dove SIGALRM è stato osservato, non dimostra quale pass, configurazione, circuito o hardware abbia causato il timeout. | Un'attribuzione causale richiede confronti controllati tra circuiti, configurazioni e device.",qiskit/transpiler/passes/layout/vf2_post_layout.py:363:_score_layout
quantinuum_h2_56,56,8c5576ac2f280a98f797dceb53186f97500e901d9784cc328187e156cbbe9b8f,run_2f3bdf425f5c5df9cbc3fac26cfdad29ae87fcd76de203e0f64e7de141eb55cd,pricingcall_indep_qiskit_5,pricingcall,qiskit,5,36,47,o3_sabre_basic,3,sabre,basic,2,timeout,transpilation,timeout,AttemptTimeoutError,100.0,100.00164620900068,Tentativo interrotto dopo 100.0 secondi.,qiskit_post_pass_callback_and_sigalrm_traceback,transpilation,47,VF2PostLayout,qiskit.transpiler.passes.layout.vf2_post_layout.VF2PostLayout,46,99.96134281158447,99.99965146300019,qiskit/transpiler/passes/layout/vf2_post_layout.py,_score_layout,372,optimization,optimization_level,3,medium,False,"Il callback pubblico di Qiskit viene eseguito dopo ogni pass: last_completed_pass non identifica necessariamente il pass interrotto. | Lo stack indica dove SIGALRM è stato osservato, non dimostra quale pass, configurazione, circuito o hardware abbia causato il timeout. | Un'attribuzione causale richiede confronti controllati tra circuiti, configurazioni e device.",qiskit/transpiler/passes/layout/vf2_post_layout.py:372:_score_layout
quantinuum_h2_56,56,8c5576ac2f280a98f797dceb53186f97500e901d9784cc328187e156cbbe9b8f,run_ab4633327308802ccb4b2d763bbfa4eeb806aaf4ae7b91432631fc248373e4f1,qaoa_indep_tket_7,qaoa,tket,7,10,42,o3_sabre_basic,3,sabre,basic,0,timeout,transpilation,timeout,AttemptTimeoutError,100.0,100.00165209999977,Tentativo interrotto dopo 100.0 secondi.,qiskit_post_pass_callback_and_sigalrm_traceback,transpilation,47,VF2PostLayout,qiskit.transpiler.passes.layout.vf2_post_layout.VF2PostLayout,46,99.96679043769836,99.99958674299978,qiskit/transpiler/passes/layout/vf2_post_layout.py,_score_layout,371,optimization,optimization_level,3,medium,False,"Il callback pubblico di Qiskit viene eseguito dopo ogni pass: last_completed_pass non identifica necessariamente il pass interrotto. | Lo stack indica dove SIGALRM è stato osservato, non dimostra quale pass, configurazione, circuito o hardware abbia causato il timeout. | Un'attribuzione causale richiede confronti controllati tra circuiti, configurazioni e device.",qiskit/transpiler/passes/layout/vf2_post_layout.py:371:_score_layout
quantinuum_h2_56,56,8c5576ac2f280a98f797dceb53186f97500e901d9784cc328187e156cbbe9b8f,run_30c4d91b18cf261fbc1739f9fb771ceeb95c757383b7d9ca1575dd4435c0dad0,qaoa_indep_tket_7,qaoa,tket,7,10,42,o3_sabre_basic,3,sabre,basic,1,timeout,transpilation,timeout,AttemptTimeoutError,100.0,100.00164956300068,Tentativo interrotto dopo 100.0 secondi.,qiskit_post_pass_callback_and_sigalrm_traceback,transpilation,47,VF2PostLayout,qiskit.transpiler.passes.layout.vf2_post_layout.VF2PostLayout,46,99.96922373771667,99.99942903099964,qiskit/transpiler/passes/layout/vf2_post_layout.py,_score_layout,373,optimization,optimization_level,3,medium,False,"Il callback pubblico di Qiskit viene eseguito dopo ogni pass: last_completed_pass non identifica necessariamente il pass interrotto. | Lo stack indica dove SIGALRM è stato osservato, non dimostra quale pass, configurazione, circuito o hardware abbia causato il timeout. | Un'attribuzione causale richiede confronti controllati tra circuiti, configurazioni e device.",qiskit/transpiler/passes/layout/vf2_post_layout.py:373:_score_layout
quantinuum_h2_56,56,8c5576ac2f280a98f797dceb53186f97500e901d9784cc328187e156cbbe9b8f,run_6eff612056432c7e72ceba1ac5bcc5cf314809f8bea1d401fe431ab1da0474ba,qaoa_indep_tket_7,qaoa,tket,7,10,42,o3_sabre_basic,3,sabre,basic,2,timeout,transpilation,timeout,AttemptTimeoutError,100.0,100.00149750199944,Tentativo interrotto dopo 100.0 secondi.,qiskit_post_pass_callback_and_sigalrm_traceback,transpilation,47,VF2PostLayout,qiskit.transpiler.passes.layout.vf2_post_layout.VF2PostLayout,46,99.96626615524292,99.9995948679998,qiskit/transpiler/passes/layout/vf2_post_layout.py,run,279,optimization,optimization_level,3,medium,False,"Il callback pubblico di Qiskit viene eseguito dopo ogni pass: last_completed_pass non identifica necessariamente il pass interrotto. | Lo stack indica dove SIGALRM è stato osservato, non dimostra quale pass, configurazione, circuito o hardware abbia causato il timeout. | Un'attribuzione causale richiede confronti controllati tra circuiti, configurazioni e device.",qiskit/transpiler/passes/layout/vf2_post_layout.py:279:run
quantinuum_h2_56,56,8c5576ac2f280a98f797dceb53186f97500e901d9784cc328187e156cbbe9b8f,run_895fa73e1a7f7474d17272c58cce08313efcb14b84f87e3fa8d4062d2ed2f18f,qft_indep_tket_40,qft,tket,40,81,880,o3_sabre_basic,3,sabre,basic,0,timeout,transpilation,timeout,AttemptTimeoutError,100.0,100.00258225899961,Tentativo interrotto dopo 100.0 secondi.,qiskit_post_pass_callback_and_sigalrm_traceback,transpilation,57,VF2PostLayout,qiskit.transpiler.passes.layout.vf2_post_layout.VF2PostLayout,56,99.51669025421143,99.9926847580009,qiskit/transpiler/passes/layout/vf2_post_layout.py,_score_layout,375,optimization,optimization_level,3,medium,False,"Il callback pubblico di Qiskit viene eseguito dopo ogni pass: last_completed_pass non identifica necessariamente il pass interrotto. | Lo stack indica dove SIGALRM è stato osservato, non dimostra quale pass, configurazione, circuito o hardware abbia causato il timeout. | Un'attribuzione causale richiede confronti controllati tra circuiti, configurazioni e device.",qiskit/transpiler/passes/layout/vf2_post_layout.py:375:_score_layout
quantinuum_h2_56,56,8c5576ac2f280a98f797dceb53186f97500e901d9784cc328187e156cbbe9b8f,run_426b3672d07899714106e5a9a4919eae1d74d2e57f661106d6d4cdb28242fe4f,qft_indep_tket_40,qft,tket,40,81,880,o3_sabre_basic,3,sabre,basic,1,timeout,transpilation,timeout,AttemptTimeoutError,100.0,100.00258573799874,Tentativo interrotto dopo 100.0 secondi.,qiskit_post_pass_callback_and_sigalrm_traceback,transpilation,57,VF2PostLayout,qiskit.transpiler.passes.layout.vf2_post_layout.VF2PostLayout,56,99.64598822593689,99.99332251600026,qiskit/transpiler/passes/layout/vf2_post_layout.py,run,281,optimization,optimization_level,3,medium,False,"Il callback pubblico di Qiskit viene eseguito dopo ogni pass: last_completed_pass non identifica necessariamente il pass interrotto. | Lo stack indica dove SIGALRM è stato osservato, non dimostra quale pass, configurazione, circuito o hardware abbia causato il timeout. | Un'attribuzione causale richiede confronti controllati tra circuiti, configurazioni e device.",qiskit/transpiler/passes/layout/vf2_post_layout.py:281:run
quantinuum_h2_56,56,8c5576ac2f280a98f797dceb53186f97500e901d9784cc328187e156cbbe9b8f,run_79f90ef171b80b465c6653c8d823e0cf34d669aef9693062fad745cfc7865daf,qft_indep_tket_40,qft,tket,40,81,880,o3_sabre_basic,3,sabre,basic,2,timeout,transpilation,timeout,AttemptTimeoutError,100.0,100.00252695700146,Tentativo interrotto dopo 100.0 secondi.,qiskit_post_pass_callback_and_sigalrm_traceback,transpilation,57,VF2PostLayout,qiskit.transpiler.passes.layout.vf2_post_layout.VF2PostLayout,56,99.67241954803467,99.99321204099942,qiskit/transpiler/passes/layout/vf2_post_layout.py,_score_layout,375,optimization,optimization_level,3,medium,False,"Il callback pubblico di Qiskit viene eseguito dopo ogni pass: last_completed_pass non identifica necessariamente il pass interrotto. | Lo stack indica dove SIGALRM è stato osservato, non dimostra quale pass, configurazione, circuito o hardware abbia causato il timeout. | Un'attribuzione causale richiede confronti controllati tra circuiti, configurazioni e device.",qiskit/transpiler/passes/layout/vf2_post_layout.py:375:_score_layout
quantinuum_h2_56,56,8c5576ac2f280a98f797dceb53186f97500e901d9784cc328187e156cbbe9b8f,run_83b48d23a3d13e9eb3db48b61d37fdb92895c72fc387ce7951d304527e18ee02,random_indep_qiskit_30,random,qiskit,30,312,2080,o3_sabre_basic,3,sabre,basic,0,timeout,transpilation,timeout,AttemptTimeoutError,100.0,100.00521658900016,Tentativo interrotto dopo 100.0 secondi.,qiskit_post_pass_callback_and_sigalrm_traceback,transpilation,47,VF2PostLayout,qiskit.transpiler.passes.layout.vf2_post_layout.VF2PostLayout,46,99.58907914161682,99.98845539800004,qiskit/transpiler/passes/layout/vf2_post_layout.py,_score_layout,366,optimization,optimization_level,3,medium,False,"Il callback pubblico di Qiskit viene eseguito dopo ogni pass: last_completed_pass non identifica necessariamente il pass interrotto. | Lo stack indica dove SIGALRM è stato osservato, non dimostra quale pass, configurazione, circuito o hardware abbia causato il timeout. | Un'attribuzione causale richiede confronti controllati tra circuiti, configurazioni e device.",qiskit/transpiler/passes/layout/vf2_post_layout.py:366:_score_layout
quantinuum_h2_56,56,8c5576ac2f280a98f797dceb53186f97500e901d9784cc328187e156cbbe9b8f,run_a69a6ef3cc07a8f3f03121364e87a6cb118552f5eab39ba069cf0659de6bf48e,random_indep_qiskit_30,random,qiskit,30,312,2080,o3_sabre_basic,3,sabre,basic,1,timeout,transpilation,timeout,AttemptTimeoutError,100.0,100.00574428399977,Tentativo interrotto dopo 100.0 secondi.,qiskit_post_pass_callback_and_sigalrm_traceback,transpilation,47,VF2PostLayout,qiskit.transpiler.passes.layout.vf2_post_layout.VF2PostLayout,46,99.33882737159729,99.98301634200016,qiskit/transpiler/passes/layout/vf2_post_layout.py,_score_layout,371,optimization,optimization_level,3,medium,False,"Il callback pubblico di Qiskit viene eseguito dopo ogni pass: last_completed_pass non identifica necessariamente il pass interrotto. | Lo stack indica dove SIGALRM è stato osservato, non dimostra quale pass, configurazione, circuito o hardware abbia causato il timeout. | Un'attribuzione causale richiede confronti controllati tra circuiti, configurazioni e device.",qiskit/transpiler/passes/layout/vf2_post_layout.py:371:_score_layout
quantinuum_h2_56,56,8c5576ac2f280a98f797dceb53186f97500e901d9784cc328187e156cbbe9b8f,run_5d33eddc1a5f38f7475e442c998b235cbd8db6674f899b23c126aa246e478964,random_indep_qiskit_30,random,qiskit,30,312,2080,o3_sabre_basic,3,sabre,basic,2,timeout,transpilation,timeout,AttemptTimeoutError,100.0,100.00451301700014,Tentativo interrotto dopo 100.0 secondi.,qiskit_post_pass_callback_and_sigalrm_traceback,transpilation,47,VF2PostLayout,qiskit.transpiler.passes.layout.vf2_post_layout.VF2PostLayout,46,99.41614603996277,99.98501035299978,qiskit/transpiler/passes/layout/vf2_post_layout.py,_score_layout,371,optimization,optimization_level,3,medium,False,"Il callback pubblico di Qiskit viene eseguito dopo ogni pass: last_completed_pass non identifica necessariamente il pass interrotto. | Lo stack indica dove SIGALRM è stato osservato, non dimostra quale pass, configurazione, circuito o hardware abbia causato il timeout. | Un'attribuzione causale richiede confronti controllati tra circuiti, configurazioni e device.",qiskit/transpiler/passes/layout/vf2_post_layout.py:371:_score_layout
quantinuum_h2_56,56,8c5576ac2f280a98f797dceb53186f97500e901d9784cc328187e156cbbe9b8f,run_7cda1db5f2d84bc9313f061925f21e2558de4b27af5d42a22fb9fc12ea20d3d9,routing_indep_qiskit_12,routing,qiskit,12,20,93,o3_sabre_basic,3,sabre,basic,0,timeout,transpilation,timeout,AttemptTimeoutError,100.0,100.00160131700068,Tentativo interrotto dopo 100.0 secondi.,qiskit_post_pass_callback_and_sigalrm_traceback,transpilation,47,VF2PostLayout,qiskit.transpiler.passes.layout.vf2_post_layout.VF2PostLayout,46,99.96781778335571,99.9995099989992,qiskit/transpiler/passes/layout/vf2_post_layout.py,_score_layout,366,optimization,optimization_level,3,medium,False,"Il callback pubblico di Qiskit viene eseguito dopo ogni pass: last_completed_pass non identifica necessariamente il pass interrotto. | Lo stack indica dove SIGALRM è stato osservato, non dimostra quale pass, configurazione, circuito o hardware abbia causato il timeout. | Un'attribuzione causale richiede confronti controllati tra circuiti, configurazioni e device.",qiskit/transpiler/passes/layout/vf2_post_layout.py:366:_score_layout
quantinuum_h2_56,56,8c5576ac2f280a98f797dceb53186f97500e901d9784cc328187e156cbbe9b8f,run_e67302506a39eea8c0b281b6cd1421c5d3255537087e7d287978dbca0c070aec,routing_indep_qiskit_12,routing,qiskit,12,20,93,o3_sabre_basic,3,sabre,basic,1,timeout,transpilation,timeout,AttemptTimeoutError,100.0,100.00185875900024,Tentativo interrotto dopo 100.0 secondi.,qiskit_post_pass_callback_and_sigalrm_traceback,transpilation,47,VF2PostLayout,qiskit.transpiler.passes.layout.vf2_post_layout.VF2PostLayout,46,99.97391057014465,99.99975892099974,qiskit/transpiler/passes/layout/vf2_post_layout.py,_score_layout,366,optimization,optimization_level,3,medium,False,"Il callback pubblico di Qiskit viene eseguito dopo ogni pass: last_completed_pass non identifica necessariamente il pass interrotto. | Lo stack indica dove SIGALRM è stato osservato, non dimostra quale pass, configurazione, circuito o hardware abbia causato il timeout. | Un'attribuzione causale richiede confronti controllati tra circuiti, configurazioni e device.",qiskit/transpiler/passes/layout/vf2_post_layout.py:366:_score_layout
quantinuum_h2_56,56,8c5576ac2f280a98f797dceb53186f97500e901d9784cc328187e156cbbe9b8f,run_e925ff8bcbc92971fbcdae8155a5ff171e76e0d00f1232cd87796b515b9553e0,routing_indep_qiskit_12,routing,qiskit,12,20,93,o3_sabre_basic,3,sabre,basic,2,timeout,transpilation,timeout,AttemptTimeoutError,100.0,100.00157336200027,Tentativo interrotto dopo 100.0 secondi.,qiskit_post_pass_callback_and_sigalrm_traceback,transpilation,47,VF2PostLayout,qiskit.transpiler.passes.layout.vf2_post_layout.VF2PostLayout,46,99.9728639125824,99.99960355599978,qiskit/transpiler/passes/layout/vf2_post_layout.py,_target_match,41,optimization,optimization_level,3,medium,False,"Il callback pubblico di Qiskit viene eseguito dopo ogni pass: last_completed_pass non identifica necessariamente il pass interrotto. | Lo stack indica dove SIGALRM è stato osservato, non dimostra quale pass, configurazione, circuito o hardware abbia causato il timeout. | Un'attribuzione causale richiede confronti controllati tra circuiti, configurazioni e device.",qiskit/transpiler/passes/layout/vf2_post_layout.py:41:_target_match
quantinuum_h2_56,56,8c5576ac2f280a98f797dceb53186f97500e901d9784cc328187e156cbbe9b8f,run_6b30d40ceeed96ff09a4aada63f03c29e55e509f08953d9c2cf3a66f5bc1067e,vqe_indep_tket_16,vqe,tket,16,21,94,o3_sabre_basic,3,sabre,basic,0,timeout,transpilation,timeout,AttemptTimeoutError,100.0,100.00153583500014,Tentativo interrotto dopo 100.0 secondi.,qiskit_post_pass_callback_and_sigalrm_traceback,transpilation,47,VF2PostLayout,qiskit.transpiler.passes.layout.vf2_post_layout.VF2PostLayout,46,99.97275638580322,99.99942437500067,qiskit/transpiler/passes/layout/vf2_post_layout.py,run,279,optimization,optimization_level,3,medium,False,"Il callback pubblico di Qiskit viene eseguito dopo ogni pass: last_completed_pass non identifica necessariamente il pass interrotto. | Lo stack indica dove SIGALRM è stato osservato, non dimostra quale pass, configurazione, circuito o hardware abbia causato il timeout. | Un'attribuzione causale richiede confronti controllati tra circuiti, configurazioni e device.",qiskit/transpiler/passes/layout/vf2_post_layout.py:279:run
quantinuum_h2_56,56,8c5576ac2f280a98f797dceb53186f97500e901d9784cc328187e156cbbe9b8f,run_e133e517d0427a093dc056ae79ae2eac14b8bb6a4a99ed7bbe3b44932072c94e,vqe_indep_tket_16,vqe,tket,16,21,94,o3_sabre_basic,3,sabre,basic,1,timeout,transpilation,timeout,AttemptTimeoutError,100.0,100.001539418,Tentativo interrotto dopo 100.0 secondi.,qiskit_post_pass_callback_and_sigalrm_traceback,transpilation,47,VF2PostLayout,qiskit.transpiler.passes.layout.vf2_post_layout.VF2PostLayout,46,99.96979713439941,99.99944178999976,qiskit/transpiler/passes/layout/vf2_post_layout.py,_target_match,41,optimization,optimization_level,3,medium,False,"Il callback pubblico di Qiskit viene eseguito dopo ogni pass: last_completed_pass non identifica necessariamente il pass interrotto. | Lo stack indica dove SIGALRM è stato osservato, non dimostra quale pass, configurazione, circuito o hardware abbia causato il timeout. | Un'attribuzione causale richiede confronti controllati tra circuiti, configurazioni e device.",qiskit/transpiler/passes/layout/vf2_post_layout.py:41:_target_match
quantinuum_h2_56,56,8c5576ac2f280a98f797dceb53186f97500e901d9784cc328187e156cbbe9b8f,run_e5f2456d75b6422553bf009d6f35bcdbd43b8383a2f729e0d2eb1258d34cd8da,vqe_indep_tket_16,vqe,tket,16,21,94,o3_sabre_basic,3,sabre,basic,2,timeout,transpilation,timeout,AttemptTimeoutError,100.0,100.00157773899991,Tentativo interrotto dopo 100.0 secondi.,qiskit_post_pass_callback_and_sigalrm_traceback,transpilation,47,VF2PostLayout,qiskit.transpiler.passes.layout.vf2_post_layout.VF2PostLayout,46,99.97382879257202,99.99938969899995,qiskit/transpiler/passes/layout/vf2_post_layout.py,_score_layout,371,optimization,optimization_level,3,medium,False,"Il callback pubblico di Qiskit viene eseguito dopo ogni pass: last_completed_pass non identifica necessariamente il pass interrotto. | Lo stack indica dove SIGALRM è stato osservato, non dimostra quale pass, configurazione, circuito o hardware abbia causato il timeout. | Un'attribuzione causale richiede confronti controllati tra circuiti, configurazioni e device.",qiskit/transpiler/passes/layout/vf2_post_layout.py:371:_score_layout
ibm_heron_133,133,804f28754ad200e42a328ba910639c9d6fd3233dff35035e7f3cb85a2fc5168a,run_3c27c0b5ed2b91d0292363be0014d8faa45745b562addb9bb806efcdb1d9851d,wstate_indep_tket_90,wstate,tket,90,181,447,o3_sabre_basic,3,sabre,basic,0,timeout,transpilation,timeout,AttemptTimeoutError,100.0,100.00212531899979,Tentativo interrotto dopo 100.0 secondi.,qiskit_post_pass_callback_and_sigalrm_traceback,transpilation,47,VF2PostLayout,qiskit.transpiler.passes.layout.vf2_post_layout.VF2PostLayout,46,99.8654477596283,99.99729880500036,qiskit/transpiler/passes/layout/vf2_post_layout.py,_target_match,41,optimization,optimization_level,3,medium,False,"Il callback pubblico di Qiskit viene eseguito dopo ogni pass: last_completed_pass non identifica necessariamente il pass interrotto. | Lo stack indica dove SIGALRM è stato osservato, non dimostra quale pass, configurazione, circuito o hardware abbia causato il timeout. | Un'attribuzione causale richiede confronti controllati tra circuiti, configurazioni e device.",qiskit/transpiler/passes/layout/vf2_post_layout.py:41:_target_match
ibm_heron_156,156,a30f41e65c03fb900a4b8852261a8407c56c389560f4031ecb43099c1bec5089,run_90cb6de86990b4ec26f77c58e414d7f395b196889592e199aae269ccfe685ab8,wstate_indep_tket_90,wstate,tket,90,181,447,o3_sabre_basic,3,sabre,basic,0,timeout,transpilation,timeout,AttemptTimeoutError,100.0,100.00243471800059,Tentativo interrotto dopo 100.0 secondi.,qiskit_post_pass_callback_and_sigalrm_traceback,transpilation,47,VF2PostLayout,qiskit.transpiler.passes.layout.vf2_post_layout.VF2PostLayout,46,99.85336875915527,99.99719619400003,qiskit/transpiler/passes/layout/vf2_post_layout.py,_score_layout,372,optimization,optimization_level,3,medium,False,"Il callback pubblico di Qiskit viene eseguito dopo ogni pass: last_completed_pass non identifica necessariamente il pass interrotto. | Lo stack indica dove SIGALRM è stato osservato, non dimostra quale pass, configurazione, circuito o hardware abbia causato il timeout. | Un'attribuzione causale richiede confronti controllati tra circuiti, configurazioni e device.",qiskit/transpiler/passes/layout/vf2_post_layout.py:372:_score_layout
ibm_heron_133,133,804f28754ad200e42a328ba910639c9d6fd3233dff35035e7f3cb85a2fc5168a,run_687c3d6ec91849a6be8f57c60e4aec7b8cb10319ddc63cea75266dc99991f6d6,wstate_indep_tket_90,wstate,tket,90,181,447,o3_sabre_basic,3,sabre,basic,1,timeout,transpilation,timeout,AttemptTimeoutError,100.0,100.00231407799947,Tentativo interrotto dopo 100.0 secondi.,qiskit_post_pass_callback_and_sigalrm_traceback,transpilation,47,VF2PostLayout,qiskit.transpiler.passes.layout.vf2_post_layout.VF2PostLayout,46,99.87012314796448,99.99744953500067,qiskit/transpiler/passes/layout/vf2_post_layout.py,_score_layout,366,optimization,optimization_level,3,medium,False,"Il callback pubblico di Qiskit viene eseguito dopo ogni pass: last_completed_pass non identifica necessariamente il pass interrotto. | Lo stack indica dove SIGALRM è stato osservato, non dimostra quale pass, configurazione, circuito o hardware abbia causato il timeout. | Un'attribuzione causale richiede confronti controllati tra circuiti, configurazioni e device.",qiskit/transpiler/passes/layout/vf2_post_layout.py:366:_score_layout
ibm_heron_156,156,a30f41e65c03fb900a4b8852261a8407c56c389560f4031ecb43099c1bec5089,run_16d6a4c58a558dee1fc86ec2b019eb9da8c2d8e940a515ca1951431701d67aa4,wstate_indep_tket_90,wstate,tket,90,181,447,o3_sabre_basic,3,sabre,basic,1,timeout,transpilation,timeout,AttemptTimeoutError,100.0,100.00161264300004,Tentativo interrotto dopo 100.0 secondi.,qiskit_post_pass_callback_and_sigalrm_traceback,transpilation,47,VF2PostLayout,qiskit.transpiler.passes.layout.vf2_post_layout.VF2PostLayout,46,99.8289475440979,99.99685732699982,qiskit/transpiler/passes/layout/vf2_post_layout.py,_score_layout,366,optimization,optimization_level,3,medium,False,"Il callback pubblico di Qiskit viene eseguito dopo ogni pass: last_completed_pass non identifica necessariamente il pass interrotto. | Lo stack indica dove SIGALRM è stato osservato, non dimostra quale pass, configurazione, circuito o hardware abbia causato il timeout. | Un'attribuzione causale richiede confronti controllati tra circuiti, configurazioni e device.",qiskit/transpiler/passes/layout/vf2_post_layout.py:366:_score_layout
ibm_heron_133,133,804f28754ad200e42a328ba910639c9d6fd3233dff35035e7f3cb85a2fc5168a,run_1a02f4eab7daab0cb52f548aaa18cfcf439e454cf4d40dfb5eec836db11cc797,wstate_indep_tket_90,wstate,tket,90,181,447,o3_sabre_basic,3,sabre,basic,2,timeout,transpilation,timeout,AttemptTimeoutError,100.0,100.00209664000067,Tentativo interrotto dopo 100.0 secondi.,qiskit_post_pass_callback_and_sigalrm_traceback,transpilation,47,VF2PostLayout,qiskit.transpiler.passes.layout.vf2_post_layout.VF2PostLayout,46,99.86529421806335,99.99743723099982,qiskit/transpiler/passes/layout/vf2_post_layout.py,_target_match,45,optimization,optimization_level,3,medium,False,"Il callback pubblico di Qiskit viene eseguito dopo ogni pass: last_completed_pass non identifica necessariamente il pass interrotto. | Lo stack indica dove SIGALRM è stato osservato, non dimostra quale pass, configurazione, circuito o hardware abbia causato il timeout. | Un'attribuzione causale richiede confronti controllati tra circuiti, configurazioni e device.",qiskit/transpiler/passes/layout/vf2_post_layout.py:45:_target_match
ibm_heron_156,156,a30f41e65c03fb900a4b8852261a8407c56c389560f4031ecb43099c1bec5089,run_7bebb3770a5c16754b53c53e8a9c74ffffebdd51593c00a32b2050e60b2f616d,wstate_indep_tket_90,wstate,tket,90,181,447,o3_sabre_basic,3,sabre,basic,2,timeout,transpilation,timeout,AttemptTimeoutError,100.0,100.00215336200017,Tentativo interrotto dopo 100.0 secondi.,qiskit_post_pass_callback_and_sigalrm_traceback,transpilation,47,VF2PostLayout,qiskit.transpiler.passes.layout.vf2_post_layout.VF2PostLayout,46,99.86851286888123,99.99702287299988,qiskit/transpiler/passes/layout/vf2_post_layout.py,run,279,optimization,optimization_level,3,medium,False,"Il callback pubblico di Qiskit viene eseguito dopo ogni pass: last_completed_pass non identifica necessariamente il pass interrotto. | Lo stack indica dove SIGALRM è stato osservato, non dimostra quale pass, configurazione, circuito o hardware abbia causato il timeout. | Un'attribuzione causale richiede confronti controllati tra circuiti, configurazioni e device.",qiskit/transpiler/passes/layout/vf2_post_layout.py:279:run
ibm_heron_133,133,804f28754ad200e42a328ba910639c9d6fd3233dff35035e7f3cb85a2fc5168a,run_aaacc88926e6e7c8787ad70828f155047460e3f3955414265a921fad79354a39,graphstate_indep_qiskit_14,graphstate,qiskit,14,8,42,o3_sabre_lookahead,3,sabre,lookahead,0,timeout,transpilation,timeout,AttemptTimeoutError,100.0,100.00272874100028,Tentativo interrotto dopo 100.0 secondi.,qiskit_post_pass_callback_and_sigalrm_traceback,transpilation,49,VF2PostLayout,qiskit.transpiler.passes.layout.vf2_post_layout.VF2PostLayout,48,81.35806465148926,99.99964176000003,qiskit/transpiler/passes/layout/vf2_post_layout.py,_score_layout,366,optimization,optimization_level,3,medium,False,"Il callback pubblico di Qiskit viene eseguito dopo ogni pass: last_completed_pass non identifica necessariamente il pass interrotto. | Lo stack indica dove SIGALRM è stato osservato, non dimostra quale pass, configurazione, circuito o hardware abbia causato il timeout. | Un'attribuzione causale richiede confronti controllati tra circuiti, configurazioni e device.",qiskit/transpiler/passes/layout/vf2_post_layout.py:366:_score_layout
ibm_falcon_127,127,225e5f6fd85af0b37a1dd7c6306dd046a8c7ca585f135dda6e6418dd16f76b48,run_77e9de6f1bb4a811e5e13d3dae39f31ca9f4c7a89ee2993a6d886f812f135162,graphstate_indep_qiskit_14,graphstate,qiskit,14,8,42,o3_sabre_lookahead,3,sabre,lookahead,0,timeout,transpilation,timeout,AttemptTimeoutError,100.0,100.00655435699991,Tentativo interrotto dopo 100.0 secondi.,qiskit_post_pass_callback_and_sigalrm_traceback,transpilation,59,VF2PostLayout,qiskit.transpiler.passes.layout.vf2_post_layout.VF2PostLayout,58,82.30456876754761,99.9995600530001,qiskit/transpiler/passes/layout/vf2_post_layout.py,run,281,optimization,optimization_level,3,medium,False,"Il callback pubblico di Qiskit viene eseguito dopo ogni pass: last_completed_pass non identifica necessariamente il pass interrotto. | Lo stack indica dove SIGALRM è stato osservato, non dimostra quale pass, configurazione, circuito o hardware abbia causato il timeout. | Un'attribuzione causale richiede confronti controllati tra circuiti, configurazioni e device.",qiskit/transpiler/passes/layout/vf2_post_layout.py:281:run
ibm_heron_156,156,a30f41e65c03fb900a4b8852261a8407c56c389560f4031ecb43099c1bec5089,run_3213df04b973303fdd01013532fee397c3a03aeded8a0613eddecb390582297a,graphstate_indep_qiskit_14,graphstate,qiskit,14,8,42,o3_sabre_lookahead,3,sabre,lookahead,0,timeout,transpilation,timeout,AttemptTimeoutError,100.0,100.00281184000005,Tentativo interrotto dopo 100.0 secondi.,qiskit_post_pass_callback_and_sigalrm_traceback,transpilation,49,VF2PostLayout,qiskit.transpiler.passes.layout.vf2_post_layout.VF2PostLayout,48,72.38246965408325,99.99951083999986,qiskit/transpiler/passes/layout/vf2_post_layout.py,run,278,optimization,optimization_level,3,medium,False,"Il callback pubblico di Qiskit viene eseguito dopo ogni pass: last_completed_pass non identifica necessariamente il pass interrotto. | Lo stack indica dove SIGALRM è stato osservato, non dimostra quale pass, configurazione, circuito o hardware abbia causato il timeout. | Un'attribuzione causale richiede confronti controllati tra circuiti, configurazioni e device.",qiskit/transpiler/passes/layout/vf2_post_layout.py:278:run
quantinuum_h2_56,56,8c5576ac2f280a98f797dceb53186f97500e901d9784cc328187e156cbbe9b8f,run_792b91b14c8250a0f8bc362c81d78d37f99abc499c56e117e15a4f422d32d72e,graphstate_indep_qiskit_14,graphstate,qiskit,14,8,42,o3_sabre_lookahead,3,sabre,lookahead,0,timeout,transpilation,timeout,AttemptTimeoutError,100.0,100.00284339600057,Tentativo interrotto dopo 100.0 secondi.,qiskit_post_pass_callback_and_sigalrm_traceback,transpilation,47,VF2PostLayout,qiskit.transpiler.passes.layout.vf2_post_layout.VF2PostLayout,46,99.8519401550293,99.9996168609996,qiskit/transpiler/passes/layout/vf2_post_layout.py,_score_layout,366,optimization,optimization_level,3,medium,False,"Il callback pubblico di Qiskit viene eseguito dopo ogni pass: last_completed_pass non identifica necessariamente il pass interrotto. | Lo stack indica dove SIGALRM è stato osservato, non dimostra quale pass, configurazione, circuito o hardware abbia causato il timeout. | Un'attribuzione causale richiede confronti controllati tra circuiti, configurazioni e device.",qiskit/transpiler/passes/layout/vf2_post_layout.py:366:_score_layout
ibm_heron_133,133,804f28754ad200e42a328ba910639c9d6fd3233dff35035e7f3cb85a2fc5168a,run_167073dc082106cec02d1979bcfecd0488262f4eb77ce14b6df5275aa9ba65ab,graphstate_indep_qiskit_14,graphstate,qiskit,14,8,42,o3_sabre_lookahead,3,sabre,lookahead,1,timeout,transpilation,timeout,AttemptTimeoutError,100.0,100.00351282899965,Tentativo interrotto dopo 100.0 secondi.,qiskit_post_pass_callback_and_sigalrm_traceback,transpilation,49,VF2PostLayout,qiskit.transpiler.passes.layout.vf2_post_layout.VF2PostLayout,48,78.67265796661377,99.99957422599982,qiskit/transpiler/passes/layout/vf2_post_layout.py,run,298,optimization,optimization_level,3,medium,False,"Il callback pubblico di Qiskit viene eseguito dopo ogni pass: last_completed_pass non identifica necessariamente il pass interrotto. | Lo stack indica dove SIGALRM è stato osservato, non dimostra quale pass, configurazione, circuito o hardware abbia causato il timeout. | Un'attribuzione causale richiede confronti controllati tra circuiti, configurazioni e device.",qiskit/transpiler/passes/layout/vf2_post_layout.py:298:run
ibm_heron_156,156,a30f41e65c03fb900a4b8852261a8407c56c389560f4031ecb43099c1bec5089,run_4e10f844c1a382bbf72f3458dc83f0a3da87bdd33006c772be93edba6a9f4606,graphstate_indep_qiskit_14,graphstate,qiskit,14,8,42,o3_sabre_lookahead,3,sabre,lookahead,1,timeout,transpilation,timeout,AttemptTimeoutError,100.0,100.00450398200019,Tentativo interrotto dopo 100.0 secondi.,qiskit_post_pass_callback_and_sigalrm_traceback,transpilation,49,VF2PostLayout,qiskit.transpiler.passes.layout.vf2_post_layout.VF2PostLayout,48,77.44780611991882,99.99974770500012,qiskit/transpiler/passes/layout/vf2_post_layout.py,_score_layout,375,optimization,optimization_level,3,medium,False,"Il callback pubblico di Qiskit viene eseguito dopo ogni pass: last_completed_pass non identifica necessariamente il pass interrotto. | Lo stack indica dove SIGALRM è stato osservato, non dimostra quale pass, configurazione, circuito o hardware abbia causato il timeout. | Un'attribuzione causale richiede confronti controllati tra circuiti, configurazioni e device.",qiskit/transpiler/passes/layout/vf2_post_layout.py:375:_score_layout
quantinuum_h2_56,56,8c5576ac2f280a98f797dceb53186f97500e901d9784cc328187e156cbbe9b8f,run_1a2001dde579dd17a94cd5a1d83f935b2bb4eba69c8ef1eb60ebdaa78714d917,graphstate_indep_qiskit_14,graphstate,qiskit,14,8,42,o3_sabre_lookahead,3,sabre,lookahead,1,timeout,transpilation,timeout,AttemptTimeoutError,100.0,100.00237549699978,Tentativo interrotto dopo 100.0 secondi.,qiskit_post_pass_callback_and_sigalrm_traceback,transpilation,47,VF2PostLayout,qiskit.transpiler.passes.layout.vf2_post_layout.VF2PostLayout,46,99.96416473388672,99.99956370200016,qiskit/transpiler/passes/layout/vf2_post_layout.py,_target_match,41,optimization,optimization_level,3,medium,False,"Il callback pubblico di Qiskit viene eseguito dopo ogni pass: last_completed_pass non identifica necessariamente il pass interrotto. | Lo stack indica dove SIGALRM è stato osservato, non dimostra quale pass, configurazione, circuito o hardware abbia causato il timeout. | Un'attribuzione causale richiede confronti controllati tra circuiti, configurazioni e device.",qiskit/transpiler/passes/layout/vf2_post_layout.py:41:_target_match
ibm_heron_133,133,804f28754ad200e42a328ba910639c9d6fd3233dff35035e7f3cb85a2fc5168a,run_3586165a78af8625f77b036105e592f00f585d8502ab5f6e61fecb1befd437b7,graphstate_indep_qiskit_14,graphstate,qiskit,14,8,42,o3_sabre_lookahead,3,sabre,lookahead,2,timeout,transpilation,timeout,AttemptTimeoutError,100.0,100.00331435299995,Tentativo interrotto dopo 100.0 secondi.,qiskit_post_pass_callback_and_sigalrm_traceback,transpilation,49,VF2PostLayout,qiskit.transpiler.passes.layout.vf2_post_layout.VF2PostLayout,48,82.3769211769104,99.99952400499978,qiskit/transpiler/passes/layout/vf2_post_layout.py,_score_layout,363,optimization,optimization_level,3,medium,False,"Il callback pubblico di Qiskit viene eseguito dopo ogni pass: last_completed_pass non identifica necessariamente il pass interrotto. | Lo stack indica dove SIGALRM è stato osservato, non dimostra quale pass, configurazione, circuito o hardware abbia causato il timeout. | Un'attribuzione causale richiede confronti controllati tra circuiti, configurazioni e device.",qiskit/transpiler/passes/layout/vf2_post_layout.py:363:_score_layout
ibm_heron_156,156,a30f41e65c03fb900a4b8852261a8407c56c389560f4031ecb43099c1bec5089,run_7dd14f452ee75e0579637d6586cae18dff29436729b15d17291012f2ac0ca115,graphstate_indep_qiskit_14,graphstate,qiskit,14,8,42,o3_sabre_lookahead,3,sabre,lookahead,2,timeout,transpilation,timeout,AttemptTimeoutError,100.0,100.00283611399982,Tentativo interrotto dopo 100.0 secondi.,qiskit_post_pass_callback_and_sigalrm_traceback,transpilation,49,VF2PostLayout,qiskit.transpiler.passes.layout.vf2_post_layout.VF2PostLayout,48,78.32239818572998,99.99964468999997,qiskit/transpiler/passes/layout/vf2_post_layout.py,_score_layout,375,optimization,optimization_level,3,medium,False,"Il callback pubblico di Qiskit viene eseguito dopo ogni pass: last_completed_pass non identifica necessariamente il pass interrotto. | Lo stack indica dove SIGALRM è stato osservato, non dimostra quale pass, configurazione, circuito o hardware abbia causato il timeout. | Un'attribuzione causale richiede confronti controllati tra circuiti, configurazioni e device.",qiskit/transpiler/passes/layout/vf2_post_layout.py:375:_score_layout
quantinuum_h2_56,56,8c5576ac2f280a98f797dceb53186f97500e901d9784cc328187e156cbbe9b8f,run_c0ed63db5ba3a8e984e93270c55489f54116121b5f31f4ee5af53db1139e5a69,graphstate_indep_qiskit_14,graphstate,qiskit,14,8,42,o3_sabre_lookahead,3,sabre,lookahead,2,timeout,transpilation,timeout,AttemptTimeoutError,100.0,100.00276896700052,Tentativo interrotto dopo 100.0 secondi.,qiskit_post_pass_callback_and_sigalrm_traceback,transpilation,47,VF2PostLayout,qiskit.transpiler.passes.layout.vf2_post_layout.VF2PostLayout,46,99.9623327255249,99.99945599900002,qiskit/transpiler/passes/layout/vf2_post_layout.py,run,279,optimization,optimization_level,3,medium,False,"Il callback pubblico di Qiskit viene eseguito dopo ogni pass: last_completed_pass non identifica necessariamente il pass interrotto. | Lo stack indica dove SIGALRM è stato osservato, non dimostra quale pass, configurazione, circuito o hardware abbia causato il timeout. | Un'attribuzione causale richiede confronti controllati tra circuiti, configurazioni e device.",qiskit/transpiler/passes/layout/vf2_post_layout.py:279:run
ibm_heron_133,133,804f28754ad200e42a328ba910639c9d6fd3233dff35035e7f3cb85a2fc5168a,run_79bc79837ab2dad96d8c62ad5aae657d5970218934f2e7215e49a0e6b9c597b9,pricingcall_indep_qiskit_5,pricingcall,qiskit,5,36,47,o3_sabre_lookahead,3,sabre,lookahead,0,timeout,transpilation,timeout,AttemptTimeoutError,100.0,100.00456704199951,Tentativo interrotto dopo 100.0 secondi.,qiskit_post_pass_callback_and_sigalrm_traceback,transpilation,21,LookaheadSwap,qiskit.transpiler.passes.routing.lookahead_swap.LookaheadSwap,20,99.96878933906555,99.99960656500025,qiskit/transpiler/passes/routing/lookahead_swap.py,_calc_layout_distance,342,routing,routing_method,lookahead,medium,False,"Il callback pubblico di Qiskit viene eseguito dopo ogni pass: last_completed_pass non identifica necessariamente il pass interrotto. | Lo stack indica dove SIGALRM è stato osservato, non dimostra quale pass, configurazione, circuito o hardware abbia causato il timeout. | Un'attribuzione causale richiede confronti controllati tra circuiti, configurazioni e device.",qiskit/transpiler/passes/routing/lookahead_swap.py:342:_calc_layout_distance
ibm_falcon_127,127,225e5f6fd85af0b37a1dd7c6306dd046a8c7ca585f135dda6e6418dd16f76b48,run_49896ddb88afd1bf35dcfa25caad466e2cfc27d5bb8862568bc738d8b4670d29,pricingcall_indep_qiskit_5,pricingcall,qiskit,5,36,47,o3_sabre_lookahead,3,sabre,lookahead,0,timeout,transpilation,timeout,AttemptTimeoutError,100.0,100.00734252099937,Tentativo interrotto dopo 100.0 secondi.,qiskit_post_pass_callback_and_sigalrm_traceback,transpilation,21,LookaheadSwap,qiskit.transpiler.passes.routing.lookahead_swap.LookaheadSwap,20,99.97551918029785,99.99939090499993,qiskit/transpiler/passes/routing/lookahead_swap.py,_first_op_node,390,routing,routing_method,lookahead,medium,False,"Il callback pubblico di Qiskit viene eseguito dopo ogni pass: last_completed_pass non identifica necessariamente il pass interrotto. | Lo stack indica dove SIGALRM è stato osservato, non dimostra quale pass, configurazione, circuito o hardware abbia causato il timeout. | Un'attribuzione causale richiede confronti controllati tra circuiti, configurazioni e device.",qiskit/transpiler/passes/routing/lookahead_swap.py:390:_first_op_node
ibm_heron_156,156,a30f41e65c03fb900a4b8852261a8407c56c389560f4031ecb43099c1bec5089,run_3b2cc2959378112f54fe7e129d3c807b878baf7a5e3d38d8d256bcaf1a234fa1,pricingcall_indep_qiskit_5,pricingcall,qiskit,5,36,47,o3_sabre_lookahead,3,sabre,lookahead,0,timeout,transpilation,timeout,AttemptTimeoutError,100.0,100.00473306200001,Tentativo interrotto dopo 100.0 secondi.,qiskit_post_pass_callback_and_sigalrm_traceback,transpilation,21,LookaheadSwap,qiskit.transpiler.passes.routing.lookahead_swap.LookaheadSwap,20,99.96659207344055,99.99946697900032,qiskit/transpiler/passes/routing/lookahead_swap.py,_first_op_node,390,routing,routing_method,lookahead,medium,False,"Il callback pubblico di Qiskit viene eseguito dopo ogni pass: last_completed_pass non identifica necessariamente il pass interrotto. | Lo stack indica dove SIGALRM è stato osservato, non dimostra quale pass, configurazione, circuito o hardware abbia causato il timeout. | Un'attribuzione causale richiede confronti controllati tra circuiti, configurazioni e device.",qiskit/transpiler/passes/routing/lookahead_swap.py:390:_first_op_node
quantinuum_h2_56,56,8c5576ac2f280a98f797dceb53186f97500e901d9784cc328187e156cbbe9b8f,run_e1dbeddc830f5ad049f40111e741d869f2e8180fbdc372d898ca404be117ff21,pricingcall_indep_qiskit_5,pricingcall,qiskit,5,36,47,o3_sabre_lookahead,3,sabre,lookahead,0,timeout,transpilation,timeout,AttemptTimeoutError,100.0,100.00158331700004,Tentativo interrotto dopo 100.0 secondi.,qiskit_post_pass_callback_and_sigalrm_traceback,transpilation,47,VF2PostLayout,qiskit.transpiler.passes.layout.vf2_post_layout.VF2PostLayout,46,99.97010660171509,99.99965209200036,qiskit/transpiler/passes/layout/vf2_post_layout.py,_target_match,41,optimization,optimization_level,3,medium,False,"Il callback pubblico di Qiskit viene eseguito dopo ogni pass: last_completed_pass non identifica necessariamente il pass interrotto. | Lo stack indica dove SIGALRM è stato osservato, non dimostra quale pass, configurazione, circuito o hardware abbia causato il timeout. | Un'attribuzione causale richiede confronti controllati tra circuiti, configurazioni e device.",qiskit/transpiler/passes/layout/vf2_post_layout.py:41:_target_match
ibm_heron_133,133,804f28754ad200e42a328ba910639c9d6fd3233dff35035e7f3cb85a2fc5168a,run_197c0f6a5d49d1a4efaf5d302a4b7731778a398d28dcb886dbd5a83620af5904,pricingcall_indep_qiskit_5,pricingcall,qiskit,5,36,47,o3_sabre_lookahead,3,sabre,lookahead,1,timeout,transpilation,timeout,AttemptTimeoutError,100.0,100.00418856099986,Tentativo interrotto dopo 100.0 secondi.,qiskit_post_pass_callback_and_sigalrm_traceback,transpilation,21,LookaheadSwap,qiskit.transpiler.passes.routing.lookahead_swap.LookaheadSwap,20,99.96526217460632,99.999244955,qiskit/transpiler/passes/routing/lookahead_swap.py,_calc_layout_distance,341,routing,routing_method,lookahead,medium,False,"Il callback pubblico di Qiskit viene eseguito dopo ogni pass: last_completed_pass non identifica necessariamente il pass interrotto. | Lo stack indica dove SIGALRM è stato osservato, non dimostra quale pass, configurazione, circuito o hardware abbia causato il timeout. | Un'attribuzione causale richiede confronti controllati tra circuiti, configurazioni e device.",qiskit/transpiler/passes/routing/lookahead_swap.py:341:_calc_layout_distance
ibm_falcon_127,127,225e5f6fd85af0b37a1dd7c6306dd046a8c7ca585f135dda6e6418dd16f76b48,run_0c3ede8fe581866f10c107bc597f9e08f84817c73bbbbc9faf42f63c5519d969,pricingcall_indep_qiskit_5,pricingcall,qiskit,5,36,47,o3_sabre_lookahead,3,sabre,lookahead,1,timeout,transpilation,timeout,AttemptTimeoutError,100.0,100.00557066700003,Tentativo interrotto dopo 100.0 secondi.,qiskit_post_pass_callback_and_sigalrm_traceback,transpilation,21,LookaheadSwap,qiskit.transpiler.passes.routing.lookahead_swap.LookaheadSwap,20,99.97638273239136,99.99925312999949,qiskit/transpiler/passes/routing/lookahead_swap.py,_calc_layout_distance,342,routing,routing_method,lookahead,medium,False,"Il callback pubblico di Qiskit viene eseguito dopo ogni pass: last_completed_pass non identifica necessariamente il pass interrotto. | Lo stack indica dove SIGALRM è stato osservato, non dimostra quale pass, configurazione, circuito o hardware abbia causato il timeout. | Un'attribuzione causale richiede confronti controllati tra circuiti, configurazioni e device.",qiskit/transpiler/passes/routing/lookahead_swap.py:342:_calc_layout_distance
ibm_heron_156,156,a30f41e65c03fb900a4b8852261a8407c56c389560f4031ecb43099c1bec5089,run_3d5a2ebe6b618226431cfcf90db4f078a41aaec40bd016965c4adb417c880b22,pricingcall_indep_qiskit_5,pricingcall,qiskit,5,36,47,o3_sabre_lookahead,3,sabre,lookahead,1,timeout,transpilation,timeout,AttemptTimeoutError,100.0,100.00680423400081,Tentativo interrotto dopo 100.0 secondi.,qiskit_post_pass_callback_and_sigalrm_traceback,transpilation,21,LookaheadSwap,qiskit.transpiler.passes.routing.lookahead_swap.LookaheadSwap,20,99.96584033966064,99.99944069400044,qiskit/transpiler/passes/routing/lookahead_swap.py,_calc_layout_distance,342,routing,routing_method,lookahead,medium,False,"Il callback pubblico di Qiskit viene eseguito dopo ogni pass: last_completed_pass non identifica necessariamente il pass interrotto. | Lo stack indica dove SIGALRM è stato osservato, non dimostra quale pass, configurazione, circuito o hardware abbia causato il timeout. | Un'attribuzione causale richiede confronti controllati tra circuiti, configurazioni e device.",qiskit/transpiler/passes/routing/lookahead_swap.py:342:_calc_layout_distance
quantinuum_h2_56,56,8c5576ac2f280a98f797dceb53186f97500e901d9784cc328187e156cbbe9b8f,run_113d93ae1d1575e882d95170910b7b6c0a8de7c14f99d1d7f56b4bb48fd4cb93,pricingcall_indep_qiskit_5,pricingcall,qiskit,5,36,47,o3_sabre_lookahead,3,sabre,lookahead,1,timeout,transpilation,timeout,AttemptTimeoutError,100.0,100.00160338900059,Tentativo interrotto dopo 100.0 secondi.,qiskit_post_pass_callback_and_sigalrm_traceback,transpilation,47,VF2PostLayout,qiskit.transpiler.passes.layout.vf2_post_layout.VF2PostLayout,46,99.96761584281921,99.99967182399996,qiskit/transpiler/passes/layout/vf2_post_layout.py,_score_layout,375,optimization,optimization_level,3,medium,False,"Il callback pubblico di Qiskit viene eseguito dopo ogni pass: last_completed_pass non identifica necessariamente il pass interrotto. | Lo stack indica dove SIGALRM è stato osservato, non dimostra quale pass, configurazione, circuito o hardware abbia causato il timeout. | Un'attribuzione causale richiede confronti controllati tra circuiti, configurazioni e device.",qiskit/transpiler/passes/layout/vf2_post_layout.py:375:_score_layout
ibm_falcon_27,27,f30536987677ef5017fe3a89b8b4ee0a3e7252a1a226cc3db95fd9b2e822d991,run_5e6c22a68e7b0dc343c67adce13c4c1eca9d15227f5ef30aeeca4b39f25e2347,pricingcall_indep_qiskit_5,pricingcall,qiskit,5,36,47,o3_sabre_lookahead,3,sabre,lookahead,2,timeout,transpilation,timeout,AttemptTimeoutError,100.0,100.00345377500025,Tentativo interrotto dopo 100.0 secondi.,qiskit_post_pass_callback_and_sigalrm_traceback,transpilation,21,LookaheadSwap,qiskit.transpiler.passes.routing.lookahead_swap.LookaheadSwap,20,99.97577691078186,99.99939333900011,qiskit/transpiler/passes/routing/lookahead_swap.py,_map_free_gates,313,routing,routing_method,lookahead,medium,False,"Il callback pubblico di Qiskit viene eseguito dopo ogni pass: last_completed_pass non identifica necessariamente il pass interrotto. | Lo stack indica dove SIGALRM è stato osservato, non dimostra quale pass, configurazione, circuito o hardware abbia causato il timeout. | Un'attribuzione causale richiede confronti controllati tra circuiti, configurazioni e device.",qiskit/transpiler/passes/routing/lookahead_swap.py:313:_map_free_gates
ibm_heron_133,133,804f28754ad200e42a328ba910639c9d6fd3233dff35035e7f3cb85a2fc5168a,run_f221778c55b58968ac433bace4c904d564863a9ce4ace7cf140c0516b9049342,pricingcall_indep_qiskit_5,pricingcall,qiskit,5,36,47,o3_sabre_lookahead,3,sabre,lookahead,2,timeout,transpilation,timeout,AttemptTimeoutError,100.0,100.00494529699972,Tentativo interrotto dopo 100.0 secondi.,qiskit_post_pass_callback_and_sigalrm_traceback,transpilation,21,LookaheadSwap,qiskit.transpiler.passes.routing.lookahead_swap.LookaheadSwap,20,99.9691948890686,99.99947394999981,qiskit/transpiler/passes/routing/lookahead_swap.py,_calc_layout_distance,342,routing,routing_method,lookahead,medium,False,"Il callback pubblico di Qiskit viene eseguito dopo ogni pass: last_completed_pass non identifica necessariamente il pass interrotto. | Lo stack indica dove SIGALRM è stato osservato, non dimostra quale pass, configurazione, circuito o hardware abbia causato il timeout. | Un'attribuzione causale richiede confronti controllati tra circuiti, configurazioni e device.",qiskit/transpiler/passes/routing/lookahead_swap.py:342:_calc_layout_distance
ibm_falcon_127,127,225e5f6fd85af0b37a1dd7c6306dd046a8c7ca585f135dda6e6418dd16f76b48,run_1e1cc1d21eacbe9814a911be58a71c4199bbcdf1aa689b37bb2d570469c473ce,pricingcall_indep_qiskit_5,pricingcall,qiskit,5,36,47,o3_sabre_lookahead,3,sabre,lookahead,2,timeout,transpilation,timeout,AttemptTimeoutError,100.0,100.00403542300046,Tentativo interrotto dopo 100.0 secondi.,qiskit_post_pass_callback_and_sigalrm_traceback,transpilation,21,LookaheadSwap,qiskit.transpiler.passes.routing.lookahead_swap.LookaheadSwap,20,99.974613904953,99.99932550300036,qiskit/transpiler/passes/routing/lookahead_swap.py,_calc_layout_distance,342,routing,routing_method,lookahead,medium,False,"Il callback pubblico di Qiskit viene eseguito dopo ogni pass: last_completed_pass non identifica necessariamente il pass interrotto. | Lo stack indica dove SIGALRM è stato osservato, non dimostra quale pass, configurazione, circuito o hardware abbia causato il timeout. | Un'attribuzione causale richiede confronti controllati tra circuiti, configurazioni e device.",qiskit/transpiler/passes/routing/lookahead_swap.py:342:_calc_layout_distance
ibm_heron_156,156,a30f41e65c03fb900a4b8852261a8407c56c389560f4031ecb43099c1bec5089,run_235194a6dfe39fc3d48c72681817c08e20fd7835ec5e1021967beb0c58f58dba,pricingcall_indep_qiskit_5,pricingcall,qiskit,5,36,47,o3_sabre_lookahead,3,sabre,lookahead,2,timeout,transpilation,timeout,AttemptTimeoutError,100.0,100.00674238700049,Tentativo interrotto dopo 100.0 secondi.,qiskit_post_pass_callback_and_sigalrm_traceback,transpilation,21,LookaheadSwap,qiskit.transpiler.passes.routing.lookahead_swap.LookaheadSwap,20,99.95704483985901,99.99965999300002,qiskit/transpiler/passes/routing/lookahead_swap.py,_calc_layout_distance,342,routing,routing_method,lookahead,medium,False,"Il callback pubblico di Qiskit viene eseguito dopo ogni pass: last_completed_pass non identifica necessariamente il pass interrotto. | Lo stack indica dove SIGALRM è stato osservato, non dimostra quale pass, configurazione, circuito o hardware abbia causato il timeout. | Un'attribuzione causale richiede confronti controllati tra circuiti, configurazioni e device.",qiskit/transpiler/passes/routing/lookahead_swap.py:342:_calc_layout_distance
quantinuum_h2_56,56,8c5576ac2f280a98f797dceb53186f97500e901d9784cc328187e156cbbe9b8f,run_ff4b8b39f0784d11fc8933d9d676330caa521b475c3f3f0d9bd4c30daaa7f93a,pricingcall_indep_qiskit_5,pricingcall,qiskit,5,36,47,o3_sabre_lookahead,3,sabre,lookahead,2,timeout,transpilation,timeout,AttemptTimeoutError,100.0,100.0017126140001,Tentativo interrotto dopo 100.0 secondi.,qiskit_post_pass_callback_and_sigalrm_traceback,transpilation,47,VF2PostLayout,qiskit.transpiler.passes.layout.vf2_post_layout.VF2PostLayout,46,99.96792721748352,99.999421171,qiskit/transpiler/passes/layout/vf2_post_layout.py,_score_layout,373,optimization,optimization_level,3,medium,False,"Il callback pubblico di Qiskit viene eseguito dopo ogni pass: last_completed_pass non identifica necessariamente il pass interrotto. | Lo stack indica dove SIGALRM è stato osservato, non dimostra quale pass, configurazione, circuito o hardware abbia causato il timeout. | Un'attribuzione causale richiede confronti controllati tra circuiti, configurazioni e device.",qiskit/transpiler/passes/layout/vf2_post_layout.py:373:_score_layout
ibm_falcon_127,127,225e5f6fd85af0b37a1dd7c6306dd046a8c7ca585f135dda6e6418dd16f76b48,run_53b5e33528be0affe0e78afdce7150c0a6d33a7d730cc6f98c6c789c823450c4,qaoa_indep_tket_7,qaoa,tket,7,10,42,o3_sabre_lookahead,3,sabre,lookahead,0,timeout,transpilation,timeout,AttemptTimeoutError,100.0,100.00295418999985,Tentativo interrotto dopo 100.0 secondi.,qiskit_post_pass_callback_and_sigalrm_traceback,transpilation,49,VF2PostLayout,qiskit.transpiler.passes.layout.vf2_post_layout.VF2PostLayout,48,89.2665958404541,99.99942772800023,qiskit/transpiler/passes/layout/vf2_post_layout.py,_score_layout,371,optimization,optimization_level,3,medium,False,"Il callback pubblico di Qiskit viene eseguito dopo ogni pass: last_completed_pass non identifica necessariamente il pass interrotto. | Lo stack indica dove SIGALRM è stato osservato, non dimostra quale pass, configurazione, circuito o hardware abbia causato il timeout. | Un'attribuzione causale richiede confronti controllati tra circuiti, configurazioni e device.",qiskit/transpiler/passes/layout/vf2_post_layout.py:371:_score_layout
ibm_heron_156,156,a30f41e65c03fb900a4b8852261a8407c56c389560f4031ecb43099c1bec5089,run_cf5d170cc561cf057c35fd2cb8e879ef32d8b3ce39d313945da0cd673f0857fd,qaoa_indep_tket_7,qaoa,tket,7,10,42,o3_sabre_lookahead,3,sabre,lookahead,0,timeout,transpilation,timeout,AttemptTimeoutError,100.0,100.00247945699994,Tentativo interrotto dopo 100.0 secondi.,qiskit_post_pass_callback_and_sigalrm_traceback,transpilation,59,VF2PostLayout,qiskit.transpiler.passes.layout.vf2_post_layout.VF2PostLayout,58,86.21560072898865,99.99970090199986,qiskit/transpiler/passes/layout/vf2_post_layout.py,_score_layout,366,optimization,optimization_level,3,medium,False,"Il callback pubblico di Qiskit viene eseguito dopo ogni pass: last_completed_pass non identifica necessariamente il pass interrotto. | Lo stack indica dove SIGALRM è stato osservato, non dimostra quale pass, configurazione, circuito o hardware abbia causato il timeout. | Un'attribuzione causale richiede confronti controllati tra circuiti, configurazioni e device.",qiskit/transpiler/passes/layout/vf2_post_layout.py:366:_score_layout
quantinuum_h2_56,56,8c5576ac2f280a98f797dceb53186f97500e901d9784cc328187e156cbbe9b8f,run_6ed0a15d046ac9b874cde5f4c0b76eebccc561f7a64f1ffaf5dea4d772ad30aa,qaoa_indep_tket_7,qaoa,tket,7,10,42,o3_sabre_lookahead,3,sabre,lookahead,0,timeout,transpilation,timeout,AttemptTimeoutError,100.0,100.00252241599992,Tentativo interrotto dopo 100.0 secondi.,qiskit_post_pass_callback_and_sigalrm_traceback,transpilation,47,VF2PostLayout,qiskit.transpiler.passes.layout.vf2_post_layout.VF2PostLayout,46,99.9708526134491,99.99953575700056,qiskit/transpiler/passes/layout/vf2_post_layout.py,run,281,optimization,optimization_level,3,medium,False,"Il callback pubblico di Qiskit viene eseguito dopo ogni pass: last_completed_pass non identifica necessariamente il pass interrotto. | Lo stack indica dove SIGALRM è stato osservato, non dimostra quale pass, configurazione, circuito o hardware abbia causato il timeout. | Un'attribuzione causale richiede confronti controllati tra circuiti, configurazioni e device.",qiskit/transpiler/passes/layout/vf2_post_layout.py:281:run
ibm_heron_133,133,804f28754ad200e42a328ba910639c9d6fd3233dff35035e7f3cb85a2fc5168a,run_fab7305be1d20cc40fb06435dd60a5f13bf651c54ef18c7e504737f30e6cdd60,qaoa_indep_tket_7,qaoa,tket,7,10,42,o3_sabre_lookahead,3,sabre,lookahead,1,timeout,transpilation,timeout,AttemptTimeoutError,100.0,100.00310050800044,Tentativo interrotto dopo 100.0 secondi.,qiskit_post_pass_callback_and_sigalrm_traceback,transpilation,59,VF2PostLayout,qiskit.transpiler.passes.layout.vf2_post_layout.VF2PostLayout,58,89.22198581695557,99.99945006799999,qiskit/transpiler/passes/layout/vf2_post_layout.py,_score_layout,371,optimization,optimization_level,3,medium,False,"Il callback pubblico di Qiskit viene eseguito dopo ogni pass: last_completed_pass non identifica necessariamente il pass interrotto. | Lo stack indica dove SIGALRM è stato osservato, non dimostra quale pass, configurazione, circuito o hardware abbia causato il timeout. | Un'attribuzione causale richiede confronti controllati tra circuiti, configurazioni e device.",qiskit/transpiler/passes/layout/vf2_post_layout.py:371:_score_layout
ibm_falcon_127,127,225e5f6fd85af0b37a1dd7c6306dd046a8c7ca585f135dda6e6418dd16f76b48,run_b9e9044808758174bfa362efb60b8f0495bb7f5f75de1f3fe689e2b8f0633a51,qaoa_indep_tket_7,qaoa,tket,7,10,42,o3_sabre_lookahead,3,sabre,lookahead,1,timeout,transpilation,timeout,AttemptTimeoutError,100.0,100.0029806030002,Tentativo interrotto dopo 100.0 secondi.,qiskit_post_pass_callback_and_sigalrm_traceback,transpilation,49,VF2PostLayout,qiskit.transpiler.passes.layout.vf2_post_layout.VF2PostLayout,48,89.76945686340332,99.99963015499998,qiskit/transpiler/passes/layout/vf2_post_layout.py,run,281,optimization,optimization_level,3,medium,False,"Il callback pubblico di Qiskit viene eseguito dopo ogni pass: last_completed_pass non identifica necessariamente il pass interrotto. | Lo stack indica dove SIGALRM è stato osservato, non dimostra quale pass, configurazione, circuito o hardware abbia causato il timeout. | Un'attribuzione causale richiede confronti controllati tra circuiti, configurazioni e device.",qiskit/transpiler/passes/layout/vf2_post_layout.py:281:run
ibm_heron_156,156,a30f41e65c03fb900a4b8852261a8407c56c389560f4031ecb43099c1bec5089,run_e8c069c245c9d58aec5a8e2af83d729f63282c152f80999b74b540dbef51b956,qaoa_indep_tket_7,qaoa,tket,7,10,42,o3_sabre_lookahead,3,sabre,lookahead,1,timeout,transpilation,timeout,AttemptTimeoutError,100.0,100.0074847650003,Tentativo interrotto dopo 100.0 secondi.,qiskit_post_pass_callback_and_sigalrm_traceback,transpilation,59,VF2PostLayout,qiskit.transpiler.passes.layout.vf2_post_layout.VF2PostLayout,58,86.84873223304749,100.00423731899991,qiskit/transpiler/passes/layout/vf2_post_layout.py,_target_match,41,optimization,optimization_level,3,medium,False,"Il callback pubblico di Qiskit viene eseguito dopo ogni pass: last_completed_pass non identifica necessariamente il pass interrotto. | Lo stack indica dove SIGALRM è stato osservato, non dimostra quale pass, configurazione, circuito o hardware abbia causato il timeout. | Un'attribuzione causale richiede confronti controllati tra circuiti, configurazioni e device.",qiskit/transpiler/passes/layout/vf2_post_layout.py:41:_target_match
quantinuum_h2_56,56,8c5576ac2f280a98f797dceb53186f97500e901d9784cc328187e156cbbe9b8f,run_a039ec909ce7413230ae1ec9cd580b7944b53317026c3f72686fc6f02f1ecd0e,qaoa_indep_tket_7,qaoa,tket,7,10,42,o3_sabre_lookahead,3,sabre,lookahead,1,timeout,transpilation,timeout,AttemptTimeoutError,100.0,100.0015881469999,Tentativo interrotto dopo 100.0 secondi.,qiskit_post_pass_callback_and_sigalrm_traceback,transpilation,47,VF2PostLayout,qiskit.transpiler.passes.layout.vf2_post_layout.VF2PostLayout,46,99.96447896957397,99.99942693699995,qiskit/transpiler/passes/layout/vf2_post_layout.py,_score_layout,366,optimization,optimization_level,3,medium,False,"Il callback pubblico di Qiskit viene eseguito dopo ogni pass: last_completed_pass non identifica necessariamente il pass interrotto. | Lo stack indica dove SIGALRM è stato osservato, non dimostra quale pass, configurazione, circuito o hardware abbia causato il timeout. | Un'attribuzione causale richiede confronti controllati tra circuiti, configurazioni e device.",qiskit/transpiler/passes/layout/vf2_post_layout.py:366:_score_layout
ibm_heron_156,156,a30f41e65c03fb900a4b8852261a8407c56c389560f4031ecb43099c1bec5089,run_abf822b0b2ce9be471a3bc8857c475db0ecd1afdf2d15e71a5647da333e8b47d,qaoa_indep_tket_7,qaoa,tket,7,10,42,o3_sabre_lookahead,3,sabre,lookahead,2,timeout,transpilation,timeout,AttemptTimeoutError,100.0,100.00296130400056,Tentativo interrotto dopo 100.0 secondi.,qiskit_post_pass_callback_and_sigalrm_traceback,transpilation,59,VF2PostLayout,qiskit.transpiler.passes.layout.vf2_post_layout.VF2PostLayout,58,85.50345349311829,99.99901161199978,qiskit/transpiler/passes/layout/vf2_post_layout.py,_score_layout,366,optimization,optimization_level,3,medium,False,"Il callback pubblico di Qiskit viene eseguito dopo ogni pass: last_completed_pass non identifica necessariamente il pass interrotto. | Lo stack indica dove SIGALRM è stato osservato, non dimostra quale pass, configurazione, circuito o hardware abbia causato il timeout. | Un'attribuzione causale richiede confronti controllati tra circuiti, configurazioni e device.",qiskit/transpiler/passes/layout/vf2_post_layout.py:366:_score_layout
quantinuum_h2_56,56,8c5576ac2f280a98f797dceb53186f97500e901d9784cc328187e156cbbe9b8f,run_86fc35df3b27644c9b114be9fb7892616d8ff35c839bf7261573e7731fc15127,qaoa_indep_tket_7,qaoa,tket,7,10,42,o3_sabre_lookahead,3,sabre,lookahead,2,timeout,transpilation,timeout,AttemptTimeoutError,100.0,100.00237710199963,Tentativo interrotto dopo 100.0 secondi.,qiskit_post_pass_callback_and_sigalrm_traceback,transpilation,47,VF2PostLayout,qiskit.transpiler.passes.layout.vf2_post_layout.VF2PostLayout,46,99.9604856967926,99.9994658149999,qiskit/transpiler/passes/layout/vf2_post_layout.py,run,282,optimization,optimization_level,3,medium,False,"Il callback pubblico di Qiskit viene eseguito dopo ogni pass: last_completed_pass non identifica necessariamente il pass interrotto. | Lo stack indica dove SIGALRM è stato osservato, non dimostra quale pass, configurazione, circuito o hardware abbia causato il timeout. | Un'attribuzione causale richiede confronti controllati tra circuiti, configurazioni e device.",qiskit/transpiler/passes/layout/vf2_post_layout.py:282:run
ibm_heron_133,133,804f28754ad200e42a328ba910639c9d6fd3233dff35035e7f3cb85a2fc5168a,run_cee2ca3833deb2868ac14044e8feed789abdc992aacccfc751899ca337e1cbcc,qft_indep_tket_40,qft,tket,40,81,880,o3_sabre_lookahead,3,sabre,lookahead,0,timeout,transpilation,timeout,AttemptTimeoutError,100.0,100.02481910799997,Tentativo interrotto dopo 100.0 secondi.,qiskit_post_pass_callback_and_sigalrm_traceback,transpilation,21,LookaheadSwap,qiskit.transpiler.passes.routing.lookahead_swap.LookaheadSwap,20,99.67513966560364,99.98650030799945,qiskit/transpiler/passes/routing/lookahead_swap.py,_calc_layout_distance,342,routing,routing_method,lookahead,medium,False,"Il callback pubblico di Qiskit viene eseguito dopo ogni pass: last_completed_pass non identifica necessariamente il pass interrotto. | Lo stack indica dove SIGALRM è stato osservato, non dimostra quale pass, configurazione, circuito o hardware abbia causato il timeout. | Un'attribuzione causale richiede confronti controllati tra circuiti, configurazioni e device.",qiskit/transpiler/passes/routing/lookahead_swap.py:342:_calc_layout_distance
ibm_falcon_127,127,225e5f6fd85af0b37a1dd7c6306dd046a8c7ca585f135dda6e6418dd16f76b48,run_48244ec093fc3dad807ceb2ac397752bfd6250c3427c147988b07d879e486af0,qft_indep_tket_40,qft,tket,40,81,880,o3_sabre_lookahead,3,sabre,lookahead,0,timeout,transpilation,timeout,AttemptTimeoutError,100.0,100.0161889560004,Tentativo interrotto dopo 100.0 secondi.,qiskit_post_pass_callback_and_sigalrm_traceback,transpilation,21,LookaheadSwap,qiskit.transpiler.passes.routing.lookahead_swap.LookaheadSwap,20,99.69838619232178,99.98742904299979,qiskit/transpiler/passes/routing/lookahead_swap.py,_calc_layout_distance,342,routing,routing_method,lookahead,medium,False,"Il callback pubblico di Qiskit viene eseguito dopo ogni pass: last_completed_pass non identifica necessariamente il pass interrotto. | Lo stack indica dove SIGALRM è stato osservato, non dimostra quale pass, configurazione, circuito o hardware abbia causato il timeout. | Un'attribuzione causale richiede confronti controllati tra circuiti, configurazioni e device.",qiskit/transpiler/passes/routing/lookahead_swap.py:342:_calc_layout_distance
ibm_heron_156,156,a30f41e65c03fb900a4b8852261a8407c56c389560f4031ecb43099c1bec5089,run_78a7826b720f6803918b7a607a51c32765c4ac016e5537602cf9fae8742d1fdd,qft_indep_tket_40,qft,tket,40,81,880,o3_sabre_lookahead,3,sabre,lookahead,0,timeout,transpilation,timeout,AttemptTimeoutError,100.0,100.02167603900034,Tentativo interrotto dopo 100.0 secondi.,qiskit_post_pass_callback_and_sigalrm_traceback,transpilation,21,LookaheadSwap,qiskit.transpiler.passes.routing.lookahead_swap.LookaheadSwap,20,99.68817043304443,99.98660405299961,qiskit/transpiler/passes/routing/lookahead_swap.py,_calc_layout_distance,342,routing,routing_method,lookahead,medium,False,"Il callback pubblico di Qiskit viene eseguito dopo ogni pass: last_completed_pass non identifica necessariamente il pass interrotto. | Lo stack indica dove SIGALRM è stato osservato, non dimostra quale pass, configurazione, circuito o hardware abbia causato il timeout. | Un'attribuzione causale richiede confronti controllati tra circuiti, configurazioni e device.",qiskit/transpiler/passes/routing/lookahead_swap.py:342:_calc_layout_distance
quantinuum_h2_56,56,8c5576ac2f280a98f797dceb53186f97500e901d9784cc328187e156cbbe9b8f,run_dc6a316a773bbf18d19eced5fe320899b25b58280a26417231c164f166dac60d,qft_indep_tket_40,qft,tket,40,81,880,o3_sabre_lookahead,3,sabre,lookahead,0,timeout,transpilation,timeout,AttemptTimeoutError,100.0,100.00213145999987,Tentativo interrotto dopo 100.0 secondi.,qiskit_post_pass_callback_and_sigalrm_traceback,transpilation,57,VF2PostLayout,qiskit.transpiler.passes.layout.vf2_post_layout.VF2PostLayout,56,99.69984769821167,99.9932160820008,qiskit/transpiler/passes/layout/vf2_post_layout.py,_score_layout,371,optimization,optimization_level,3,medium,False,"Il callback pubblico di Qiskit viene eseguito dopo ogni pass: last_completed_pass non identifica necessariamente il pass interrotto. | Lo stack indica dove SIGALRM è stato osservato, non dimostra quale pass, configurazione, circuito o hardware abbia causato il timeout. | Un'attribuzione causale richiede confronti controllati tra circuiti, configurazioni e device.",qiskit/transpiler/passes/layout/vf2_post_layout.py:371:_score_layout
ibm_heron_133,133,804f28754ad200e42a328ba910639c9d6fd3233dff35035e7f3cb85a2fc5168a,run_9e5259748b64d9ce3255044aa423e7306702de3c9618e37309b242e1342fb514,qft_indep_tket_40,qft,tket,40,81,880,o3_sabre_lookahead,3,sabre,lookahead,1,timeout,transpilation,timeout,AttemptTimeoutError,100.0,100.01543424200008,Tentativo interrotto dopo 100.0 secondi.,qiskit_post_pass_callback_and_sigalrm_traceback,transpilation,21,LookaheadSwap,qiskit.transpiler.passes.routing.lookahead_swap.LookaheadSwap,20,99.66735243797302,99.98740324800019,qiskit/transpiler/passes/routing/lookahead_swap.py,_calc_layout_distance,342,routing,routing_method,lookahead,medium,False,"Il callback pubblico di Qiskit viene eseguito dopo ogni pass: last_completed_pass non identifica necessariamente il pass interrotto. | Lo stack indica dove SIGALRM è stato osservato, non dimostra quale pass, configurazione, circuito o hardware abbia causato il timeout. | Un'attribuzione causale richiede confronti controllati tra circuiti, configurazioni e device.",qiskit/transpiler/passes/routing/lookahead_swap.py:342:_calc_layout_distance
ibm_falcon_127,127,225e5f6fd85af0b37a1dd7c6306dd046a8c7ca585f135dda6e6418dd16f76b48,run_d9b66511bc60250089ebfdd48edd5b00cecf308dfa59fb56a793c7e3b21b3973,qft_indep_tket_40,qft,tket,40,81,880,o3_sabre_lookahead,3,sabre,lookahead,1,timeout,transpilation,timeout,AttemptTimeoutError,100.0,100.01593281400073,Tentativo interrotto dopo 100.0 secondi.,qiskit_post_pass_callback_and_sigalrm_traceback,transpilation,21,LookaheadSwap,qiskit.transpiler.passes.routing.lookahead_swap.LookaheadSwap,20,99.71122670173645,99.99193769500016,qiskit/transpiler/passes/routing/lookahead_swap.py,_calc_layout_distance,342,routing,routing_method,lookahead,medium,False,"Il callback pubblico di Qiskit viene eseguito dopo ogni pass: last_completed_pass non identifica necessariamente il pass interrotto. | Lo stack indica dove SIGALRM è stato osservato, non dimostra quale pass, configurazione, circuito o hardware abbia causato il timeout. | Un'attribuzione causale richiede confronti controllati tra circuiti, configurazioni e device.",qiskit/transpiler/passes/routing/lookahead_swap.py:342:_calc_layout_distance
ibm_heron_156,156,a30f41e65c03fb900a4b8852261a8407c56c389560f4031ecb43099c1bec5089,run_71d17b54012d0c3328ef9d954a27431e1344cd2c6519c6c8f1390b3383a70e71,qft_indep_tket_40,qft,tket,40,81,880,o3_sabre_lookahead,3,sabre,lookahead,1,timeout,transpilation,timeout,AttemptTimeoutError,100.0,100.01536284899976,Tentativo interrotto dopo 100.0 secondi.,qiskit_post_pass_callback_and_sigalrm_traceback,transpilation,21,LookaheadSwap,qiskit.transpiler.passes.routing.lookahead_swap.LookaheadSwap,20,99.76678609848022,99.99145499800034,qiskit/transpiler/passes/routing/lookahead_swap.py,_calc_layout_distance,342,routing,routing_method,lookahead,medium,False,"Il callback pubblico di Qiskit viene eseguito dopo ogni pass: last_completed_pass non identifica necessariamente il pass interrotto. | Lo stack indica dove SIGALRM è stato osservato, non dimostra quale pass, configurazione, circuito o hardware abbia causato il timeout. | Un'attribuzione causale richiede confronti controllati tra circuiti, configurazioni e device.",qiskit/transpiler/passes/routing/lookahead_swap.py:342:_calc_layout_distance
quantinuum_h2_56,56,8c5576ac2f280a98f797dceb53186f97500e901d9784cc328187e156cbbe9b8f,run_0ac78eca3f7f30498a4206a93095290750dddc18eb753a046510cbc06b07b4c1,qft_indep_tket_40,qft,tket,40,81,880,o3_sabre_lookahead,3,sabre,lookahead,1,timeout,transpilation,timeout,AttemptTimeoutError,100.0,100.00276720500005,Tentativo interrotto dopo 100.0 secondi.,qiskit_post_pass_callback_and_sigalrm_traceback,transpilation,57,VF2PostLayout,qiskit.transpiler.passes.layout.vf2_post_layout.VF2PostLayout,56,99.65316247940063,99.9932418240005,qiskit/transpiler/passes/layout/vf2_post_layout.py,_score_layout,375,optimization,optimization_level,3,medium,False,"Il callback pubblico di Qiskit viene eseguito dopo ogni pass: last_completed_pass non identifica necessariamente il pass interrotto. | Lo stack indica dove SIGALRM è stato osservato, non dimostra quale pass, configurazione, circuito o hardware abbia causato il timeout. | Un'attribuzione causale richiede confronti controllati tra circuiti, configurazioni e device.",qiskit/transpiler/passes/layout/vf2_post_layout.py:375:_score_layout
ibm_heron_133,133,804f28754ad200e42a328ba910639c9d6fd3233dff35035e7f3cb85a2fc5168a,run_06bde21c14f89084148ec2430f3e28e98938e187a31deabdbe65a43a430e5c33,qft_indep_tket_40,qft,tket,40,81,880,o3_sabre_lookahead,3,sabre,lookahead,2,timeout,transpilation,timeout,AttemptTimeoutError,100.0,100.01531345500007,Tentativo interrotto dopo 100.0 secondi.,qiskit_post_pass_callback_and_sigalrm_traceback,transpilation,21,LookaheadSwap,qiskit.transpiler.passes.routing.lookahead_swap.LookaheadSwap,20,99.69621801376343,99.98752905000038,qiskit/transpiler/passes/routing/lookahead_swap.py,_calc_layout_distance,342,routing,routing_method,lookahead,medium,False,"Il callback pubblico di Qiskit viene eseguito dopo ogni pass: last_completed_pass non identifica necessariamente il pass interrotto. | Lo stack indica dove SIGALRM è stato osservato, non dimostra quale pass, configurazione, circuito o hardware abbia causato il timeout. | Un'attribuzione causale richiede confronti controllati tra circuiti, configurazioni e device.",qiskit/transpiler/passes/routing/lookahead_swap.py:342:_calc_layout_distance
ibm_falcon_127,127,225e5f6fd85af0b37a1dd7c6306dd046a8c7ca585f135dda6e6418dd16f76b48,run_7d537c4420a958711de84e778222806e4f095c201e323133affaa286de0651b8,qft_indep_tket_40,qft,tket,40,81,880,o3_sabre_lookahead,3,sabre,lookahead,2,timeout,transpilation,timeout,AttemptTimeoutError,100.0,100.02443983900048,Tentativo interrotto dopo 100.0 secondi.,qiskit_post_pass_callback_and_sigalrm_traceback,transpilation,21,LookaheadSwap,qiskit.transpiler.passes.routing.lookahead_swap.LookaheadSwap,20,99.69630670547485,99.98920681900017,qiskit/transpiler/passes/routing/lookahead_swap.py,_calc_layout_distance,342,routing,routing_method,lookahead,medium,False,"Il callback pubblico di Qiskit viene eseguito dopo ogni pass: last_completed_pass non identifica necessariamente il pass interrotto. | Lo stack indica dove SIGALRM è stato osservato, non dimostra quale pass, configurazione, circuito o hardware abbia causato il timeout. | Un'attribuzione causale richiede confronti controllati tra circuiti, configurazioni e device.",qiskit/transpiler/passes/routing/lookahead_swap.py:342:_calc_layout_distance
ibm_heron_156,156,a30f41e65c03fb900a4b8852261a8407c56c389560f4031ecb43099c1bec5089,run_12f28efad37d632f00f23ce822a3173925e9653bb3e021dc4ffaada00d611b97,qft_indep_tket_40,qft,tket,40,81,880,o3_sabre_lookahead,3,sabre,lookahead,2,timeout,transpilation,timeout,AttemptTimeoutError,100.0,100.01502260899997,Tentativo interrotto dopo 100.0 secondi.,qiskit_post_pass_callback_and_sigalrm_traceback,transpilation,21,LookaheadSwap,qiskit.transpiler.passes.routing.lookahead_swap.LookaheadSwap,20,99.75560712814331,99.9920662529994,qiskit/transpiler/passes/routing/lookahead_swap.py,_calc_layout_distance,341,routing,routing_method,lookahead,medium,False,"Il callback pubblico di Qiskit viene eseguito dopo ogni pass: last_completed_pass non identifica necessariamente il pass interrotto. | Lo stack indica dove SIGALRM è stato osservato, non dimostra quale pass, configurazione, circuito o hardware abbia causato il timeout. | Un'attribuzione causale richiede confronti controllati tra circuiti, configurazioni e device.",qiskit/transpiler/passes/routing/lookahead_swap.py:341:_calc_layout_distance
quantinuum_h2_56,56,8c5576ac2f280a98f797dceb53186f97500e901d9784cc328187e156cbbe9b8f,run_0ea477d79cf3e58b5ad48ade36575ffa8c5203ff7233109c9c441ed849d49c34,qft_indep_tket_40,qft,tket,40,81,880,o3_sabre_lookahead,3,sabre,lookahead,2,timeout,transpilation,timeout,AttemptTimeoutError,100.0,100.00216437500058,Tentativo interrotto dopo 100.0 secondi.,qiskit_post_pass_callback_and_sigalrm_traceback,transpilation,57,VF2PostLayout,qiskit.transpiler.passes.layout.vf2_post_layout.VF2PostLayout,56,99.64599657058716,99.99276423599986,qiskit/transpiler/passes/layout/vf2_post_layout.py,_score_layout,371,optimization,optimization_level,3,medium,False,"Il callback pubblico di Qiskit viene eseguito dopo ogni pass: last_completed_pass non identifica necessariamente il pass interrotto. | Lo stack indica dove SIGALRM è stato osservato, non dimostra quale pass, configurazione, circuito o hardware abbia causato il timeout. | Un'attribuzione causale richiede confronti controllati tra circuiti, configurazioni e device.",qiskit/transpiler/passes/layout/vf2_post_layout.py:371:_score_layout
ibm_heron_133,133,804f28754ad200e42a328ba910639c9d6fd3233dff35035e7f3cb85a2fc5168a,run_fa28a2005d9e8711427721a52e51ebd4f85c3eb10c0d8a7169714f1ec03e7cf4,qpeexact_indep_tket_60,qpeexact,tket,60,179,1977,o3_sabre_lookahead,3,sabre,lookahead,0,timeout,transpilation,timeout,AttemptTimeoutError,100.0,100.05627863599966,Tentativo interrotto dopo 100.0 secondi.,qiskit_post_pass_callback_and_sigalrm_traceback,transpilation,21,LookaheadSwap,qiskit.transpiler.passes.routing.lookahead_swap.LookaheadSwap,20,99.48586320877075,99.97119163800016,qiskit/transpiler/passes/routing/lookahead_swap.py,_map_free_gates,312,routing,routing_method,lookahead,medium,False,"Il callback pubblico di Qiskit viene eseguito dopo ogni pass: last_completed_pass non identifica necessariamente il pass interrotto. | Lo stack indica dove SIGALRM è stato osservato, non dimostra quale pass, configurazione, circuito o hardware abbia causato il timeout. | Un'attribuzione causale richiede confronti controllati tra circuiti, configurazioni e device.",qiskit/transpiler/passes/routing/lookahead_swap.py:312:_map_free_gates
ibm_falcon_127,127,225e5f6fd85af0b37a1dd7c6306dd046a8c7ca585f135dda6e6418dd16f76b48,run_b472609586749847f2d3c7acffa92abc94a9719248189cbd2047f5dfabb14908,qpeexact_indep_tket_60,qpeexact,tket,60,179,1977,o3_sabre_lookahead,3,sabre,lookahead,0,timeout,transpilation,timeout,AttemptTimeoutError,100.0,100.05261793099999,Tentativo interrotto dopo 100.0 secondi.,qiskit_post_pass_callback_and_sigalrm_traceback,transpilation,21,LookaheadSwap,qiskit.transpiler.passes.routing.lookahead_swap.LookaheadSwap,20,99.51755404472351,99.97526654300054,qiskit/transpiler/passes/routing/lookahead_swap.py,_calc_layout_distance,342,routing,routing_method,lookahead,medium,False,"Il callback pubblico di Qiskit viene eseguito dopo ogni pass: last_completed_pass non identifica necessariamente il pass interrotto. | Lo stack indica dove SIGALRM è stato osservato, non dimostra quale pass, configurazione, circuito o hardware abbia causato il timeout. | Un'attribuzione causale richiede confronti controllati tra circuiti, configurazioni e device.",qiskit/transpiler/passes/routing/lookahead_swap.py:342:_calc_layout_distance
ibm_heron_156,156,a30f41e65c03fb900a4b8852261a8407c56c389560f4031ecb43099c1bec5089,run_f663cb166aa49d1904e944494b1262bf5661a230fdb286525dd17382364687ef,qpeexact_indep_tket_60,qpeexact,tket,60,179,1977,o3_sabre_lookahead,3,sabre,lookahead,0,timeout,transpilation,timeout,AttemptTimeoutError,100.0,100.03329808699982,Tentativo interrotto dopo 100.0 secondi.,qiskit_post_pass_callback_and_sigalrm_traceback,transpilation,21,LookaheadSwap,qiskit.transpiler.passes.routing.lookahead_swap.LookaheadSwap,20,99.62778854370117,99.97977489700042,qiskit/transpiler/passes/routing/lookahead_swap.py,_calc_layout_distance,342,routing,routing_method,lookahead,medium,False,"Il callback pubblico di Qiskit viene eseguito dopo ogni pass: last_completed_pass non identifica necessariamente il pass interrotto. | Lo stack indica dove SIGALRM è stato osservato, non dimostra quale pass, configurazione, circuito o hardware abbia causato il timeout. | Un'attribuzione causale richiede confronti controllati tra circuiti, configurazioni e device.",qiskit/transpiler/passes/routing/lookahead_swap.py:342:_calc_layout_distance
ibm_heron_133,133,804f28754ad200e42a328ba910639c9d6fd3233dff35035e7f3cb85a2fc5168a,run_daf9c4d48d63349a59b58fe9b1674e956a595e809417b230fbab7a0236c5ee66,qpeexact_indep_tket_60,qpeexact,tket,60,179,1977,o3_sabre_lookahead,3,sabre,lookahead,1,timeout,transpilation,timeout,AttemptTimeoutError,100.0,100.03256213300028,Tentativo interrotto dopo 100.0 secondi.,qiskit_post_pass_callback_and_sigalrm_traceback,transpilation,21,LookaheadSwap,qiskit.transpiler.passes.routing.lookahead_swap.LookaheadSwap,20,99.55319213867188,99.98060036400057,qiskit/transpiler/passes/routing/lookahead_swap.py,_calc_layout_distance,342,routing,routing_method,lookahead,medium,False,"Il callback pubblico di Qiskit viene eseguito dopo ogni pass: last_completed_pass non identifica necessariamente il pass interrotto. | Lo stack indica dove SIGALRM è stato osservato, non dimostra quale pass, configurazione, circuito o hardware abbia causato il timeout. | Un'attribuzione causale richiede confronti controllati tra circuiti, configurazioni e device.",qiskit/transpiler/passes/routing/lookahead_swap.py:342:_calc_layout_distance
ibm_falcon_127,127,225e5f6fd85af0b37a1dd7c6306dd046a8c7ca585f135dda6e6418dd16f76b48,run_eea87e45e6700f8052c0e0fe32ead19216d9efed50f684882111a249828dba62,qpeexact_indep_tket_60,qpeexact,tket,60,179,1977,o3_sabre_lookahead,3,sabre,lookahead,1,timeout,transpilation,timeout,AttemptTimeoutError,100.0,100.05489582000064,Tentativo interrotto dopo 100.0 secondi.,qiskit_post_pass_callback_and_sigalrm_traceback,transpilation,21,LookaheadSwap,qiskit.transpiler.passes.routing.lookahead_swap.LookaheadSwap,20,99.55478882789612,99.98330826500023,qiskit/transpiler/passes/routing/lookahead_swap.py,_score_state_with_swap,355,routing,routing_method,lookahead,medium,False,"Il callback pubblico di Qiskit viene eseguito dopo ogni pass: last_completed_pass non identifica necessariamente il pass interrotto. | Lo stack indica dove SIGALRM è stato osservato, non dimostra quale pass, configurazione, circuito o hardware abbia causato il timeout. | Un'attribuzione causale richiede confronti controllati tra circuiti, configurazioni e device.",qiskit/transpiler/passes/routing/lookahead_swap.py:355:_score_state_with_swap
ibm_heron_156,156,a30f41e65c03fb900a4b8852261a8407c56c389560f4031ecb43099c1bec5089,run_01e3b364ff162f648a3ce5299dd7ce8305df9b70384325743ebba0cea63a4804,qpeexact_indep_tket_60,qpeexact,tket,60,179,1977,o3_sabre_lookahead,3,sabre,lookahead,1,timeout,transpilation,timeout,AttemptTimeoutError,100.0,100.0543483599995,Tentativo interrotto dopo 100.0 secondi.,qiskit_post_pass_callback_and_sigalrm_traceback,transpilation,21,LookaheadSwap,qiskit.transpiler.passes.routing.lookahead_swap.LookaheadSwap,20,99.625314950943,99.98387839899988,qiskit/transpiler/passes/routing/lookahead_swap.py,_calc_layout_distance,342,routing,routing_method,lookahead,medium,False,"Il callback pubblico di Qiskit viene eseguito dopo ogni pass: last_completed_pass non identifica necessariamente il pass interrotto. | Lo stack indica dove SIGALRM è stato osservato, non dimostra quale pass, configurazione, circuito o hardware abbia causato il timeout. | Un'attribuzione causale richiede confronti controllati tra circuiti, configurazioni e device.",qiskit/transpiler/passes/routing/lookahead_swap.py:342:_calc_layout_distance
ibm_heron_133,133,804f28754ad200e42a328ba910639c9d6fd3233dff35035e7f3cb85a2fc5168a,run_acc06e68bb526a2d5e3ea34e14542fb64a27a49ba7db331c95e0fe32c5120962,qpeexact_indep_tket_60,qpeexact,tket,60,179,1977,o3_sabre_lookahead,3,sabre,lookahead,2,timeout,transpilation,timeout,AttemptTimeoutError,100.0,100.03216161199998,Tentativo interrotto dopo 100.0 secondi.,qiskit_post_pass_callback_and_sigalrm_traceback,transpilation,21,LookaheadSwap,qiskit.transpiler.passes.routing.lookahead_swap.LookaheadSwap,20,99.54051923751831,99.98227838000003,qiskit/transpiler/passes/routing/lookahead_swap.py,_calc_layout_distance,342,routing,routing_method,lookahead,medium,False,"Il callback pubblico di Qiskit viene eseguito dopo ogni pass: last_completed_pass non identifica necessariamente il pass interrotto. | Lo stack indica dove SIGALRM è stato osservato, non dimostra quale pass, configurazione, circuito o hardware abbia causato il timeout. | Un'attribuzione causale richiede confronti controllati tra circuiti, configurazioni e device.",qiskit/transpiler/passes/routing/lookahead_swap.py:342:_calc_layout_distance
ibm_falcon_127,127,225e5f6fd85af0b37a1dd7c6306dd046a8c7ca585f135dda6e6418dd16f76b48,run_e02dec04a2b6b9f7bde9649601bc5adb25846b07919e42d6be77cbbac443bd05,qpeexact_indep_tket_60,qpeexact,tket,60,179,1977,o3_sabre_lookahead,3,sabre,lookahead,2,timeout,transpilation,timeout,AttemptTimeoutError,100.0,100.03430950299935,Tentativo interrotto dopo 100.0 secondi.,qiskit_post_pass_callback_and_sigalrm_traceback,transpilation,21,LookaheadSwap,qiskit.transpiler.passes.routing.lookahead_swap.LookaheadSwap,20,99.40386056900024,99.97145725700011,qiskit/transpiler/passes/routing/lookahead_swap.py,_calc_layout_distance,342,routing,routing_method,lookahead,medium,False,"Il callback pubblico di Qiskit viene eseguito dopo ogni pass: last_completed_pass non identifica necessariamente il pass interrotto. | Lo stack indica dove SIGALRM è stato osservato, non dimostra quale pass, configurazione, circuito o hardware abbia causato il timeout. | Un'attribuzione causale richiede confronti controllati tra circuiti, configurazioni e device.",qiskit/transpiler/passes/routing/lookahead_swap.py:342:_calc_layout_distance
ibm_heron_156,156,a30f41e65c03fb900a4b8852261a8407c56c389560f4031ecb43099c1bec5089,run_d18dac3036afce270ebef4f9eecaef728247806342362e015f0445b128c27b4c,qpeexact_indep_tket_60,qpeexact,tket,60,179,1977,o3_sabre_lookahead,3,sabre,lookahead,2,timeout,transpilation,timeout,AttemptTimeoutError,100.0,100.0317274099998,Tentativo interrotto dopo 100.0 secondi.,qiskit_post_pass_callback_and_sigalrm_traceback,transpilation,21,LookaheadSwap,qiskit.transpiler.passes.routing.lookahead_swap.LookaheadSwap,20,99.64557695388794,99.9777268379994,qiskit/transpiler/passes/routing/lookahead_swap.py,_calc_layout_distance,342,routing,routing_method,lookahead,medium,False,"Il callback pubblico di Qiskit viene eseguito dopo ogni pass: last_completed_pass non identifica necessariamente il pass interrotto. | Lo stack indica dove SIGALRM è stato osservato, non dimostra quale pass, configurazione, circuito o hardware abbia causato il timeout. | Un'attribuzione causale richiede confronti controllati tra circuiti, configurazioni e device.",qiskit/transpiler/passes/routing/lookahead_swap.py:342:_calc_layout_distance
ibm_heron_133,133,804f28754ad200e42a328ba910639c9d6fd3233dff35035e7f3cb85a2fc5168a,run_16b52803bb137de00404363b130f7a0656418c8217e4baecdaff2aaa5b9655a2,random_indep_qiskit_30,random,qiskit,30,312,2080,o3_sabre_lookahead,3,sabre,lookahead,0,timeout,transpilation,timeout,AttemptTimeoutError,100.0,100.17885018699963,Tentativo interrotto dopo 100.0 secondi.,qiskit_post_pass_callback_and_sigalrm_traceback,transpilation,21,LookaheadSwap,qiskit.transpiler.passes.routing.lookahead_swap.LookaheadSwap,20,99.21569800376892,99.98351228299998,qiskit/transpiler/passes/routing/lookahead_swap.py,_calc_layout_distance,342,routing,routing_method,lookahead,medium,False,"Il callback pubblico di Qiskit viene eseguito dopo ogni pass: last_completed_pass non identifica necessariamente il pass interrotto. | Lo stack indica dove SIGALRM è stato osservato, non dimostra quale pass, configurazione, circuito o hardware abbia causato il timeout. | Un'attribuzione causale richiede confronti controllati tra circuiti, configurazioni e device.",qiskit/transpiler/passes/routing/lookahead_swap.py:342:_calc_layout_distance
ibm_falcon_127,127,225e5f6fd85af0b37a1dd7c6306dd046a8c7ca585f135dda6e6418dd16f76b48,run_7c1553c78267fff3a9f08316d5dc5d3861be71ca8e768684af662ffd6df77239,random_indep_qiskit_30,random,qiskit,30,312,2080,o3_sabre_lookahead,3,sabre,lookahead,0,timeout,transpilation,timeout,AttemptTimeoutError,100.0,100.07116613899962,Tentativo interrotto dopo 100.0 secondi.,qiskit_post_pass_callback_and_sigalrm_traceback,transpilation,21,LookaheadSwap,qiskit.transpiler.passes.routing.lookahead_swap.LookaheadSwap,20,99.1530442237854,99.9855801850008,qiskit/transpiler/passes/routing/lookahead_swap.py,_calc_layout_distance,342,routing,routing_method,lookahead,medium,False,"Il callback pubblico di Qiskit viene eseguito dopo ogni pass: last_completed_pass non identifica necessariamente il pass interrotto. | Lo stack indica dove SIGALRM è stato osservato, non dimostra quale pass, configurazione, circuito o hardware abbia causato il timeout. | Un'attribuzione causale richiede confronti controllati tra circuiti, configurazioni e device.",qiskit/transpiler/passes/routing/lookahead_swap.py:342:_calc_layout_distance
ibm_heron_156,156,a30f41e65c03fb900a4b8852261a8407c56c389560f4031ecb43099c1bec5089,run_597285f0cbd7f19dcf45cc80e3bbd6deb132dd195e1769ea99b312ee13364891,random_indep_qiskit_30,random,qiskit,30,312,2080,o3_sabre_lookahead,3,sabre,lookahead,0,timeout,transpilation,timeout,AttemptTimeoutError,100.0,100.11255377199996,Tentativo interrotto dopo 100.0 secondi.,qiskit_post_pass_callback_and_sigalrm_traceback,transpilation,21,LookaheadSwap,qiskit.transpiler.passes.routing.lookahead_swap.LookaheadSwap,20,99.00312423706055,99.98721318999924,qiskit/transpiler/passes/routing/lookahead_swap.py,_calc_layout_distance,342,routing,routing_method,lookahead,medium,False,"Il callback pubblico di Qiskit viene eseguito dopo ogni pass: last_completed_pass non identifica necessariamente il pass interrotto. | Lo stack indica dove SIGALRM è stato osservato, non dimostra quale pass, configurazione, circuito o hardware abbia causato il timeout. | Un'attribuzione causale richiede confronti controllati tra circuiti, configurazioni e device.",qiskit/transpiler/passes/routing/lookahead_swap.py:342:_calc_layout_distance
quantinuum_h2_56,56,8c5576ac2f280a98f797dceb53186f97500e901d9784cc328187e156cbbe9b8f,run_a4eb1e87abd712247643b9eb6b50be88aace4fdc18c8e46363130f99c18038cf,random_indep_qiskit_30,random,qiskit,30,312,2080,o3_sabre_lookahead,3,sabre,lookahead,0,timeout,transpilation,timeout,AttemptTimeoutError,100.0,100.00385078699946,Tentativo interrotto dopo 100.0 secondi.,qiskit_post_pass_callback_and_sigalrm_traceback,transpilation,47,VF2PostLayout,qiskit.transpiler.passes.layout.vf2_post_layout.VF2PostLayout,46,99.52169728279114,99.98388286999943,qiskit/transpiler/passes/layout/vf2_post_layout.py,_score_layout,371,optimization,optimization_level,3,medium,False,"Il callback pubblico di Qiskit viene eseguito dopo ogni pass: last_completed_pass non identifica necessariamente il pass interrotto. | Lo stack indica dove SIGALRM è stato osservato, non dimostra quale pass, configurazione, circuito o hardware abbia causato il timeout. | Un'attribuzione causale richiede confronti controllati tra circuiti, configurazioni e device.",qiskit/transpiler/passes/layout/vf2_post_layout.py:371:_score_layout
ibm_heron_133,133,804f28754ad200e42a328ba910639c9d6fd3233dff35035e7f3cb85a2fc5168a,run_c0f0f90287f94ad6a2835f1e2d19087134457a8ef219a48e330fb4e2c22a3d14,random_indep_qiskit_30,random,qiskit,30,312,2080,o3_sabre_lookahead,3,sabre,lookahead,1,timeout,transpilation,timeout,AttemptTimeoutError,100.0,100.17164797399982,Tentativo interrotto dopo 100.0 secondi.,qiskit_post_pass_callback_and_sigalrm_traceback,transpilation,21,LookaheadSwap,qiskit.transpiler.passes.routing.lookahead_swap.LookaheadSwap,20,99.1795585155487,99.9893126299994,qiskit/transpiler/passes/routing/lookahead_swap.py,_calc_layout_distance,341,routing,routing_method,lookahead,medium,False,"Il callback pubblico di Qiskit viene eseguito dopo ogni pass: last_completed_pass non identifica necessariamente il pass interrotto. | Lo stack indica dove SIGALRM è stato osservato, non dimostra quale pass, configurazione, circuito o hardware abbia causato il timeout. | Un'attribuzione causale richiede confronti controllati tra circuiti, configurazioni e device.",qiskit/transpiler/passes/routing/lookahead_swap.py:341:_calc_layout_distance
ibm_falcon_127,127,225e5f6fd85af0b37a1dd7c6306dd046a8c7ca585f135dda6e6418dd16f76b48,run_413aa10e5bdd33ab1bf27f0122150bfd1c1649377ef7357dd221b634d6e4b120,random_indep_qiskit_30,random,qiskit,30,312,2080,o3_sabre_lookahead,3,sabre,lookahead,1,timeout,transpilation,timeout,AttemptTimeoutError,100.0,100.07863162400008,Tentativo interrotto dopo 100.0 secondi.,qiskit_post_pass_callback_and_sigalrm_traceback,transpilation,21,LookaheadSwap,qiskit.transpiler.passes.routing.lookahead_swap.LookaheadSwap,20,99.13293409347534,99.98341870599961,qiskit/transpiler/passes/routing/lookahead_swap.py,_calc_layout_distance,342,routing,routing_method,lookahead,medium,False,"Il callback pubblico di Qiskit viene eseguito dopo ogni pass: last_completed_pass non identifica necessariamente il pass interrotto. | Lo stack indica dove SIGALRM è stato osservato, non dimostra quale pass, configurazione, circuito o hardware abbia causato il timeout. | Un'attribuzione causale richiede confronti controllati tra circuiti, configurazioni e device.",qiskit/transpiler/passes/routing/lookahead_swap.py:342:_calc_layout_distance
ibm_heron_156,156,a30f41e65c03fb900a4b8852261a8407c56c389560f4031ecb43099c1bec5089,run_4f854d0c51fb9a2f17b0008150d37ccf493552fdc6af20c37d9083c0c4b4747a,random_indep_qiskit_30,random,qiskit,30,312,2080,o3_sabre_lookahead,3,sabre,lookahead,1,timeout,transpilation,timeout,AttemptTimeoutError,100.0,100.1180723159996,Tentativo interrotto dopo 100.0 secondi.,qiskit_post_pass_callback_and_sigalrm_traceback,transpilation,21,LookaheadSwap,qiskit.transpiler.passes.routing.lookahead_swap.LookaheadSwap,20,99.18271827697754,99.98364657000002,qiskit/transpiler/passes/routing/lookahead_swap.py,_score_step,360,routing,routing_method,lookahead,medium,False,"Il callback pubblico di Qiskit viene eseguito dopo ogni pass: last_completed_pass non identifica necessariamente il pass interrotto. | Lo stack indica dove SIGALRM è stato osservato, non dimostra quale pass, configurazione, circuito o hardware abbia causato il timeout. | Un'attribuzione causale richiede confronti controllati tra circuiti, configurazioni e device.",qiskit/transpiler/passes/routing/lookahead_swap.py:360:_score_step
quantinuum_h2_56,56,8c5576ac2f280a98f797dceb53186f97500e901d9784cc328187e156cbbe9b8f,run_0106e87a508e549aa017430856a63aefcb1fa733a782d6f09041ebc0944f1c65,random_indep_qiskit_30,random,qiskit,30,312,2080,o3_sabre_lookahead,3,sabre,lookahead,1,timeout,transpilation,timeout,AttemptTimeoutError,100.0,100.00395000699973,Tentativo interrotto dopo 100.0 secondi.,qiskit_post_pass_callback_and_sigalrm_traceback,transpilation,47,VF2PostLayout,qiskit.transpiler.passes.layout.vf2_post_layout.VF2PostLayout,46,99.5533139705658,99.9703741860003,qiskit/transpiler/passes/layout/vf2_post_layout.py,_score_layout,373,optimization,optimization_level,3,medium,False,"Il callback pubblico di Qiskit viene eseguito dopo ogni pass: last_completed_pass non identifica necessariamente il pass interrotto. | Lo stack indica dove SIGALRM è stato osservato, non dimostra quale pass, configurazione, circuito o hardware abbia causato il timeout. | Un'attribuzione causale richiede confronti controllati tra circuiti, configurazioni e device.",qiskit/transpiler/passes/layout/vf2_post_layout.py:373:_score_layout
ibm_heron_133,133,804f28754ad200e42a328ba910639c9d6fd3233dff35035e7f3cb85a2fc5168a,run_b9456e762665922bec9a4041bafbe1224aa39bc61ef81586b441da1b1e63b0be,random_indep_qiskit_30,random,qiskit,30,312,2080,o3_sabre_lookahead,3,sabre,lookahead,2,timeout,transpilation,timeout,AttemptTimeoutError,100.0,100.13339939100024,Tentativo interrotto dopo 100.0 secondi.,qiskit_post_pass_callback_and_sigalrm_traceback,transpilation,21,LookaheadSwap,qiskit.transpiler.passes.routing.lookahead_swap.LookaheadSwap,20,99.13044571876526,99.98390926900083,qiskit/transpiler/passes/routing/lookahead_swap.py,_calc_layout_distance,342,routing,routing_method,lookahead,medium,False,"Il callback pubblico di Qiskit viene eseguito dopo ogni pass: last_completed_pass non identifica necessariamente il pass interrotto. | Lo stack indica dove SIGALRM è stato osservato, non dimostra quale pass, configurazione, circuito o hardware abbia causato il timeout. | Un'attribuzione causale richiede confronti controllati tra circuiti, configurazioni e device.",qiskit/transpiler/passes/routing/lookahead_swap.py:342:_calc_layout_distance
ibm_falcon_127,127,225e5f6fd85af0b37a1dd7c6306dd046a8c7ca585f135dda6e6418dd16f76b48,run_c060c4117336955052836c38424cbe0be7dbf4d2cea7f04ded84f5114562072a,random_indep_qiskit_30,random,qiskit,30,312,2080,o3_sabre_lookahead,3,sabre,lookahead,2,timeout,transpilation,timeout,AttemptTimeoutError,100.0,100.07440931900055,Tentativo interrotto dopo 100.0 secondi.,qiskit_post_pass_callback_and_sigalrm_traceback,transpilation,21,LookaheadSwap,qiskit.transpiler.passes.routing.lookahead_swap.LookaheadSwap,20,99.3803641796112,99.9893561230001,qiskit/transpiler/passes/routing/lookahead_swap.py,_calc_layout_distance,342,routing,routing_method,lookahead,medium,False,"Il callback pubblico di Qiskit viene eseguito dopo ogni pass: last_completed_pass non identifica necessariamente il pass interrotto. | Lo stack indica dove SIGALRM è stato osservato, non dimostra quale pass, configurazione, circuito o hardware abbia causato il timeout. | Un'attribuzione causale richiede confronti controllati tra circuiti, configurazioni e device.",qiskit/transpiler/passes/routing/lookahead_swap.py:342:_calc_layout_distance
ibm_heron_156,156,a30f41e65c03fb900a4b8852261a8407c56c389560f4031ecb43099c1bec5089,run_226876813602e0826de7ddd10f7fd6ba0be9c1fb76e6a0513b1e63aabff129a0,random_indep_qiskit_30,random,qiskit,30,312,2080,o3_sabre_lookahead,3,sabre,lookahead,2,timeout,transpilation,timeout,AttemptTimeoutError,100.0,100.07586218600045,Tentativo interrotto dopo 100.0 secondi.,qiskit_post_pass_callback_and_sigalrm_traceback,transpilation,21,LookaheadSwap,qiskit.transpiler.passes.routing.lookahead_swap.LookaheadSwap,20,99.03632736206055,99.98797992800064,qiskit/transpiler/passes/routing/lookahead_swap.py,_calc_layout_distance,342,routing,routing_method,lookahead,medium,False,"Il callback pubblico di Qiskit viene eseguito dopo ogni pass: last_completed_pass non identifica necessariamente il pass interrotto. | Lo stack indica dove SIGALRM è stato osservato, non dimostra quale pass, configurazione, circuito o hardware abbia causato il timeout. | Un'attribuzione causale richiede confronti controllati tra circuiti, configurazioni e device.",qiskit/transpiler/passes/routing/lookahead_swap.py:342:_calc_layout_distance
quantinuum_h2_56,56,8c5576ac2f280a98f797dceb53186f97500e901d9784cc328187e156cbbe9b8f,run_97ad8328ef57bf80c45a0b075fa7e945c01718149b38cea164fed0355fb99596,random_indep_qiskit_30,random,qiskit,30,312,2080,o3_sabre_lookahead,3,sabre,lookahead,2,timeout,transpilation,timeout,AttemptTimeoutError,100.0,100.00587553700007,Tentativo interrotto dopo 100.0 secondi.,qiskit_post_pass_callback_and_sigalrm_traceback,transpilation,47,VF2PostLayout,qiskit.transpiler.passes.layout.vf2_post_layout.VF2PostLayout,46,99.44126725196838,99.9903624640001,qiskit/transpiler/passes/layout/vf2_post_layout.py,_target_match,41,optimization,optimization_level,3,medium,False,"Il callback pubblico di Qiskit viene eseguito dopo ogni pass: last_completed_pass non identifica necessariamente il pass interrotto. | Lo stack indica dove SIGALRM è stato osservato, non dimostra quale pass, configurazione, circuito o hardware abbia causato il timeout. | Un'attribuzione causale richiede confronti controllati tra circuiti, configurazioni e device.",qiskit/transpiler/passes/layout/vf2_post_layout.py:41:_target_match
quantinuum_h2_56,56,8c5576ac2f280a98f797dceb53186f97500e901d9784cc328187e156cbbe9b8f,run_781a95b24b9b38f5895218cd06de4d1d42123ecd5317d75451ee68a685beb681,routing_indep_qiskit_12,routing,qiskit,12,20,93,o3_sabre_lookahead,3,sabre,lookahead,0,timeout,transpilation,timeout,AttemptTimeoutError,100.0,100.00159805400108,Tentativo interrotto dopo 100.0 secondi.,qiskit_post_pass_callback_and_sigalrm_traceback,transpilation,47,VF2PostLayout,qiskit.transpiler.passes.layout.vf2_post_layout.VF2PostLayout,46,99.97057390213013,99.99962552800025,qiskit/transpiler/passes/layout/vf2_post_layout.py,run,278,optimization,optimization_level,3,medium,False,"Il callback pubblico di Qiskit viene eseguito dopo ogni pass: last_completed_pass non identifica necessariamente il pass interrotto. | Lo stack indica dove SIGALRM è stato osservato, non dimostra quale pass, configurazione, circuito o hardware abbia causato il timeout. | Un'attribuzione causale richiede confronti controllati tra circuiti, configurazioni e device.",qiskit/transpiler/passes/layout/vf2_post_layout.py:278:run
quantinuum_h2_56,56,8c5576ac2f280a98f797dceb53186f97500e901d9784cc328187e156cbbe9b8f,run_3f43894729a8c34bd2df501dd0a17b469beb05959c9e1ac0ed817978f3d139a2,routing_indep_qiskit_12,routing,qiskit,12,20,93,o3_sabre_lookahead,3,sabre,lookahead,1,timeout,transpilation,timeout,AttemptTimeoutError,100.0,100.00149710700134,Tentativo interrotto dopo 100.0 secondi.,qiskit_post_pass_callback_and_sigalrm_traceback,transpilation,47,VF2PostLayout,qiskit.transpiler.passes.layout.vf2_post_layout.VF2PostLayout,46,99.96250867843628,99.99918895399969,qiskit/transpiler/passes/layout/vf2_post_layout.py,run,282,optimization,optimization_level,3,medium,False,"Il callback pubblico di Qiskit viene eseguito dopo ogni pass: last_completed_pass non identifica necessariamente il pass interrotto. | Lo stack indica dove SIGALRM è stato osservato, non dimostra quale pass, configurazione, circuito o hardware abbia causato il timeout. | Un'attribuzione causale richiede confronti controllati tra circuiti, configurazioni e device.",qiskit/transpiler/passes/layout/vf2_post_layout.py:282:run
quantinuum_h2_56,56,8c5576ac2f280a98f797dceb53186f97500e901d9784cc328187e156cbbe9b8f,run_60399ff26a6888a27b795f9133dd1e8494449109afd46b21a7b6318e10877dff,routing_indep_qiskit_12,routing,qiskit,12,20,93,o3_sabre_lookahead,3,sabre,lookahead,2,timeout,transpilation,timeout,AttemptTimeoutError,100.0,100.00159434099987,Tentativo interrotto dopo 100.0 secondi.,qiskit_post_pass_callback_and_sigalrm_traceback,transpilation,47,VF2PostLayout,qiskit.transpiler.passes.layout.vf2_post_layout.VF2PostLayout,46,99.96741080284119,99.99948290199973,qiskit/transpiler/passes/layout/vf2_post_layout.py,_score_layout,363,optimization,optimization_level,3,medium,False,"Il callback pubblico di Qiskit viene eseguito dopo ogni pass: last_completed_pass non identifica necessariamente il pass interrotto. | Lo stack indica dove SIGALRM è stato osservato, non dimostra quale pass, configurazione, circuito o hardware abbia causato il timeout. | Un'attribuzione causale richiede confronti controllati tra circuiti, configurazioni e device.",qiskit/transpiler/passes/layout/vf2_post_layout.py:363:_score_layout
ibm_falcon_127,127,225e5f6fd85af0b37a1dd7c6306dd046a8c7ca585f135dda6e6418dd16f76b48,run_370654b6b398eca8e98977a13ea031fb49c22a70bfa3d86a7641cd52ebd2c264,vqe_indep_tket_16,vqe,tket,16,21,94,o3_sabre_lookahead,3,sabre,lookahead,0,timeout,transpilation,timeout,AttemptTimeoutError,100.0,100.01333535499998,Tentativo interrotto dopo 100.0 secondi.,qiskit_post_pass_callback_and_sigalrm_traceback,transpilation,49,VF2PostLayout,qiskit.transpiler.passes.layout.vf2_post_layout.VF2PostLayout,48,88.2078206539154,99.99867403600001,qiskit/transpiler/passes/layout/vf2_post_layout.py,_score_layout,363,optimization,optimization_level,3,medium,False,"Il callback pubblico di Qiskit viene eseguito dopo ogni pass: last_completed_pass non identifica necessariamente il pass interrotto. | Lo stack indica dove SIGALRM è stato osservato, non dimostra quale pass, configurazione, circuito o hardware abbia causato il timeout. | Un'attribuzione causale richiede confronti controllati tra circuiti, configurazioni e device.",qiskit/transpiler/passes/layout/vf2_post_layout.py:363:_score_layout
quantinuum_h2_56,56,8c5576ac2f280a98f797dceb53186f97500e901d9784cc328187e156cbbe9b8f,run_72d1ae7c074a95c89d277a2ee3bcd0f76bc47101a4268af2a5bd9c57cc54b243,vqe_indep_tket_16,vqe,tket,16,21,94,o3_sabre_lookahead,3,sabre,lookahead,0,timeout,transpilation,timeout,AttemptTimeoutError,100.0,100.00165671300056,Tentativo interrotto dopo 100.0 secondi.,qiskit_post_pass_callback_and_sigalrm_traceback,transpilation,47,VF2PostLayout,qiskit.transpiler.passes.layout.vf2_post_layout.VF2PostLayout,46,99.96640133857727,99.99953766300041,qiskit/transpiler/passes/layout/vf2_post_layout.py,run,281,optimization,optimization_level,3,medium,False,"Il callback pubblico di Qiskit viene eseguito dopo ogni pass: last_completed_pass non identifica necessariamente il pass interrotto. | Lo stack indica dove SIGALRM è stato osservato, non dimostra quale pass, configurazione, circuito o hardware abbia causato il timeout. | Un'attribuzione causale richiede confronti controllati tra circuiti, configurazioni e device.",qiskit/transpiler/passes/layout/vf2_post_layout.py:281:run
ibm_falcon_127,127,225e5f6fd85af0b37a1dd7c6306dd046a8c7ca585f135dda6e6418dd16f76b48,run_f55649d1e233a67ffc0f5920c6d94cbf56935a8b55613fa0e241d32573625640,vqe_indep_tket_16,vqe,tket,16,21,94,o3_sabre_lookahead,3,sabre,lookahead,1,timeout,transpilation,timeout,AttemptTimeoutError,100.0,100.0021489159999,Tentativo interrotto dopo 100.0 secondi.,qiskit_post_pass_callback_and_sigalrm_traceback,transpilation,49,VF2PostLayout,qiskit.transpiler.passes.layout.vf2_post_layout.VF2PostLayout,48,87.65223431587219,99.99921974799963,qiskit/transpiler/passes/layout/vf2_post_layout.py,_score_layout,368,optimization,optimization_level,3,medium,False,"Il callback pubblico di Qiskit viene eseguito dopo ogni pass: last_completed_pass non identifica necessariamente il pass interrotto. | Lo stack indica dove SIGALRM è stato osservato, non dimostra quale pass, configurazione, circuito o hardware abbia causato il timeout. | Un'attribuzione causale richiede confronti controllati tra circuiti, configurazioni e device.",qiskit/transpiler/passes/layout/vf2_post_layout.py:368:_score_layout
quantinuum_h2_56,56,8c5576ac2f280a98f797dceb53186f97500e901d9784cc328187e156cbbe9b8f,run_1a5c719968ea672e8be2083029ac9c0f39e02779436c222a30a5950d96f19236,vqe_indep_tket_16,vqe,tket,16,21,94,o3_sabre_lookahead,3,sabre,lookahead,1,timeout,transpilation,timeout,AttemptTimeoutError,100.0,100.00150894900071,Tentativo interrotto dopo 100.0 secondi.,qiskit_post_pass_callback_and_sigalrm_traceback,transpilation,47,VF2PostLayout,qiskit.transpiler.passes.layout.vf2_post_layout.VF2PostLayout,46,99.97268533706665,99.99941639899953,qiskit/transpiler/passes/layout/vf2_post_layout.py,_score_layout,375,optimization,optimization_level,3,medium,False,"Il callback pubblico di Qiskit viene eseguito dopo ogni pass: last_completed_pass non identifica necessariamente il pass interrotto. | Lo stack indica dove SIGALRM è stato osservato, non dimostra quale pass, configurazione, circuito o hardware abbia causato il timeout. | Un'attribuzione causale richiede confronti controllati tra circuiti, configurazioni e device.",qiskit/transpiler/passes/layout/vf2_post_layout.py:375:_score_layout
ibm_falcon_127,127,225e5f6fd85af0b37a1dd7c6306dd046a8c7ca585f135dda6e6418dd16f76b48,run_9d63d1c88e0bd7c0b550ff7837f9bc441c70e110ba6666789e141037ce9cae57,vqe_indep_tket_16,vqe,tket,16,21,94,o3_sabre_lookahead,3,sabre,lookahead,2,timeout,transpilation,timeout,AttemptTimeoutError,100.0,100.00244511300025,Tentativo interrotto dopo 100.0 secondi.,qiskit_post_pass_callback_and_sigalrm_traceback,transpilation,49,VF2PostLayout,qiskit.transpiler.passes.layout.vf2_post_layout.VF2PostLayout,48,89.6536455154419,99.99936209400039,qiskit/transpiler/passes/layout/vf2_post_layout.py,_score_layout,366,optimization,optimization_level,3,medium,False,"Il callback pubblico di Qiskit viene eseguito dopo ogni pass: last_completed_pass non identifica necessariamente il pass interrotto. | Lo stack indica dove SIGALRM è stato osservato, non dimostra quale pass, configurazione, circuito o hardware abbia causato il timeout. | Un'attribuzione causale richiede confronti controllati tra circuiti, configurazioni e device.",qiskit/transpiler/passes/layout/vf2_post_layout.py:366:_score_layout
quantinuum_h2_56,56,8c5576ac2f280a98f797dceb53186f97500e901d9784cc328187e156cbbe9b8f,run_7962e309b9c9c39891c333b0530737b1fb290625853c6af2ef1a18d633277ac5,vqe_indep_tket_16,vqe,tket,16,21,94,o3_sabre_lookahead,3,sabre,lookahead,2,timeout,transpilation,timeout,AttemptTimeoutError,100.0,100.00155961599921,Tentativo interrotto dopo 100.0 secondi.,qiskit_post_pass_callback_and_sigalrm_traceback,transpilation,47,VF2PostLayout,qiskit.transpiler.passes.layout.vf2_post_layout.VF2PostLayout,46,99.97230672836304,99.99947195700042,qiskit/transpiler/passes/layout/vf2_post_layout.py,_score_layout,368,optimization,optimization_level,3,medium,False,"Il callback pubblico di Qiskit viene eseguito dopo ogni pass: last_completed_pass non identifica necessariamente il pass interrotto. | Lo stack indica dove SIGALRM è stato osservato, non dimostra quale pass, configurazione, circuito o hardware abbia causato il timeout. | Un'attribuzione causale richiede confronti controllati tra circuiti, configurazioni e device.",qiskit/transpiler/passes/layout/vf2_post_layout.py:368:_score_layout
ibm_heron_133,133,804f28754ad200e42a328ba910639c9d6fd3233dff35035e7f3cb85a2fc5168a,run_503461b5e7d94d2d4fc93a515166a8e08ebca6dd01cf22b241b62e5a4dc56087,wstate_indep_tket_90,wstate,tket,90,181,447,o3_sabre_lookahead,3,sabre,lookahead,0,timeout,transpilation,timeout,AttemptTimeoutError,100.0,100.00168149700039,Tentativo interrotto dopo 100.0 secondi.,qiskit_post_pass_callback_and_sigalrm_traceback,transpilation,47,VF2PostLayout,qiskit.transpiler.passes.layout.vf2_post_layout.VF2PostLayout,46,99.8625180721283,99.99720948400045,qiskit/transpiler/passes/layout/vf2_post_layout.py,_score_layout,366,optimization,optimization_level,3,medium,False,"Il callback pubblico di Qiskit viene eseguito dopo ogni pass: last_completed_pass non identifica necessariamente il pass interrotto. | Lo stack indica dove SIGALRM è stato osservato, non dimostra quale pass, configurazione, circuito o hardware abbia causato il timeout. | Un'attribuzione causale richiede confronti controllati tra circuiti, configurazioni e device.",qiskit/transpiler/passes/layout/vf2_post_layout.py:366:_score_layout
ibm_falcon_127,127,225e5f6fd85af0b37a1dd7c6306dd046a8c7ca585f135dda6e6418dd16f76b48,run_cd73de4abd42f85e38d985234feab06038bca6754907438e3a15e3f49410a809,wstate_indep_tket_90,wstate,tket,90,181,447,o3_sabre_lookahead,3,sabre,lookahead,0,timeout,transpilation,timeout,AttemptTimeoutError,100.0,100.01207151000017,Tentativo interrotto dopo 100.0 secondi.,qiskit_post_pass_callback_and_sigalrm_traceback,transpilation,21,LookaheadSwap,qiskit.transpiler.passes.routing.lookahead_swap.LookaheadSwap,20,99.89103031158447,99.9984083039999,qiskit/transpiler/passes/routing/lookahead_swap.py,_first_op_node,390,routing,routing_method,lookahead,medium,False,"Il callback pubblico di Qiskit viene eseguito dopo ogni pass: last_completed_pass non identifica necessariamente il pass interrotto. | Lo stack indica dove SIGALRM è stato osservato, non dimostra quale pass, configurazione, circuito o hardware abbia causato il timeout. | Un'attribuzione causale richiede confronti controllati tra circuiti, configurazioni e device.",qiskit/transpiler/passes/routing/lookahead_swap.py:390:_first_op_node
ibm_heron_156,156,a30f41e65c03fb900a4b8852261a8407c56c389560f4031ecb43099c1bec5089,run_d4925129863ce8434ceb2aa7f4c86dc37793d3c3661e0314af02367e7220c782,wstate_indep_tket_90,wstate,tket,90,181,447,o3_sabre_lookahead,3,sabre,lookahead,0,timeout,transpilation,timeout,AttemptTimeoutError,100.0,100.00257991199942,Tentativo interrotto dopo 100.0 secondi.,qiskit_post_pass_callback_and_sigalrm_traceback,transpilation,47,VF2PostLayout,qiskit.transpiler.passes.layout.vf2_post_layout.VF2PostLayout,46,99.86141467094421,99.99768762599979,qiskit/transpiler/passes/layout/vf2_post_layout.py,_target_match,41,optimization,optimization_level,3,medium,False,"Il callback pubblico di Qiskit viene eseguito dopo ogni pass: last_completed_pass non identifica necessariamente il pass interrotto. | Lo stack indica dove SIGALRM è stato osservato, non dimostra quale pass, configurazione, circuito o hardware abbia causato il timeout. | Un'attribuzione causale richiede confronti controllati tra circuiti, configurazioni e device.",qiskit/transpiler/passes/layout/vf2_post_layout.py:41:_target_match
ibm_heron_133,133,804f28754ad200e42a328ba910639c9d6fd3233dff35035e7f3cb85a2fc5168a,run_acf7c4fa2b2c1364e9d51049ae1d2e5a3c0b3d8a3c358ee7aefea882bdffa028,wstate_indep_tket_90,wstate,tket,90,181,447,o3_sabre_lookahead,3,sabre,lookahead,1,timeout,transpilation,timeout,AttemptTimeoutError,100.0,100.00236645399946,Tentativo interrotto dopo 100.0 secondi.,qiskit_post_pass_callback_and_sigalrm_traceback,transpilation,47,VF2PostLayout,qiskit.transpiler.passes.layout.vf2_post_layout.VF2PostLayout,46,99.856689453125,99.99718159299937,qiskit/transpiler/passes/layout/vf2_post_layout.py,_target_match,41,optimization,optimization_level,3,medium,False,"Il callback pubblico di Qiskit viene eseguito dopo ogni pass: last_completed_pass non identifica necessariamente il pass interrotto. | Lo stack indica dove SIGALRM è stato osservato, non dimostra quale pass, configurazione, circuito o hardware abbia causato il timeout. | Un'attribuzione causale richiede confronti controllati tra circuiti, configurazioni e device.",qiskit/transpiler/passes/layout/vf2_post_layout.py:41:_target_match
ibm_falcon_127,127,225e5f6fd85af0b37a1dd7c6306dd046a8c7ca585f135dda6e6418dd16f76b48,run_facf79fd6d5ff86f93fcd3c06d463b397024dd1a31db7776d8c70ae0853fc97c,wstate_indep_tket_90,wstate,tket,90,181,447,o3_sabre_lookahead,3,sabre,lookahead,1,timeout,transpilation,timeout,AttemptTimeoutError,100.0,100.0109184009998,Tentativo interrotto dopo 100.0 secondi.,qiskit_post_pass_callback_and_sigalrm_traceback,transpilation,21,LookaheadSwap,qiskit.transpiler.passes.routing.lookahead_swap.LookaheadSwap,20,99.89028263092041,99.99756254900058,qiskit/transpiler/passes/routing/lookahead_swap.py,_calc_layout_distance,342,routing,routing_method,lookahead,medium,False,"Il callback pubblico di Qiskit viene eseguito dopo ogni pass: last_completed_pass non identifica necessariamente il pass interrotto. | Lo stack indica dove SIGALRM è stato osservato, non dimostra quale pass, configurazione, circuito o hardware abbia causato il timeout. | Un'attribuzione causale richiede confronti controllati tra circuiti, configurazioni e device.",qiskit/transpiler/passes/routing/lookahead_swap.py:342:_calc_layout_distance
ibm_heron_156,156,a30f41e65c03fb900a4b8852261a8407c56c389560f4031ecb43099c1bec5089,run_d160765ad80d1344d4aefb40217295ca89d0e8b194ead2cea7bb8a8c5502fc7f,wstate_indep_tket_90,wstate,tket,90,181,447,o3_sabre_lookahead,3,sabre,lookahead,1,timeout,transpilation,timeout,AttemptTimeoutError,100.0,100.0021302969999,Tentativo interrotto dopo 100.0 secondi.,qiskit_post_pass_callback_and_sigalrm_traceback,transpilation,47,VF2PostLayout,qiskit.transpiler.passes.layout.vf2_post_layout.VF2PostLayout,46,99.84286499023438,99.99750724899968,qiskit/transpiler/passes/layout/vf2_post_layout.py,run,281,optimization,optimization_level,3,medium,False,"Il callback pubblico di Qiskit viene eseguito dopo ogni pass: last_completed_pass non identifica necessariamente il pass interrotto. | Lo stack indica dove SIGALRM è stato osservato, non dimostra quale pass, configurazione, circuito o hardware abbia causato il timeout. | Un'attribuzione causale richiede confronti controllati tra circuiti, configurazioni e device.",qiskit/transpiler/passes/layout/vf2_post_layout.py:281:run
ibm_heron_133,133,804f28754ad200e42a328ba910639c9d6fd3233dff35035e7f3cb85a2fc5168a,run_2d722a40fc6a4e5cdbe26a61c0541b5f907ca1d69787bc75ad4568149e6ca023,wstate_indep_tket_90,wstate,tket,90,181,447,o3_sabre_lookahead,3,sabre,lookahead,2,timeout,transpilation,timeout,AttemptTimeoutError,100.0,100.00224179999987,Tentativo interrotto dopo 100.0 secondi.,qiskit_post_pass_callback_and_sigalrm_traceback,transpilation,47,VF2PostLayout,qiskit.transpiler.passes.layout.vf2_post_layout.VF2PostLayout,46,99.88026404380798,99.99801466200006,qiskit/transpiler/passes/layout/vf2_post_layout.py,_target_match,45,optimization,optimization_level,3,medium,False,"Il callback pubblico di Qiskit viene eseguito dopo ogni pass: last_completed_pass non identifica necessariamente il pass interrotto. | Lo stack indica dove SIGALRM è stato osservato, non dimostra quale pass, configurazione, circuito o hardware abbia causato il timeout. | Un'attribuzione causale richiede confronti controllati tra circuiti, configurazioni e device.",qiskit/transpiler/passes/layout/vf2_post_layout.py:45:_target_match
ibm_falcon_127,127,225e5f6fd85af0b37a1dd7c6306dd046a8c7ca585f135dda6e6418dd16f76b48,run_682c195c394365469156ab807063f57e771160e1398559a0d887fac4d4e2c79f,wstate_indep_tket_90,wstate,tket,90,181,447,o3_sabre_lookahead,3,sabre,lookahead,2,timeout,transpilation,timeout,AttemptTimeoutError,100.0,100.01090344099975,Tentativo interrotto dopo 100.0 secondi.,qiskit_post_pass_callback_and_sigalrm_traceback,transpilation,21,LookaheadSwap,qiskit.transpiler.passes.routing.lookahead_swap.LookaheadSwap,20,99.89386415481567,99.99730673900012,qiskit/transpiler/passes/routing/lookahead_swap.py,_calc_layout_distance,342,routing,routing_method,lookahead,medium,False,"Il callback pubblico di Qiskit viene eseguito dopo ogni pass: last_completed_pass non identifica necessariamente il pass interrotto. | Lo stack indica dove SIGALRM è stato osservato, non dimostra quale pass, configurazione, circuito o hardware abbia causato il timeout. | Un'attribuzione causale richiede confronti controllati tra circuiti, configurazioni e device.",qiskit/transpiler/passes/routing/lookahead_swap.py:342:_calc_layout_distance
ibm_heron_156,156,a30f41e65c03fb900a4b8852261a8407c56c389560f4031ecb43099c1bec5089,run_97896fcbaaa1621181a3b1ac27c4848ce559beab5813c31913c3fd385c51c970,wstate_indep_tket_90,wstate,tket,90,181,447,o3_sabre_lookahead,3,sabre,lookahead,2,timeout,transpilation,timeout,AttemptTimeoutError,100.0,100.00248812300015,Tentativo interrotto dopo 100.0 secondi.,qiskit_post_pass_callback_and_sigalrm_traceback,transpilation,47,VF2PostLayout,qiskit.transpiler.passes.layout.vf2_post_layout.VF2PostLayout,46,99.85663866996765,99.99755297899992,qiskit/transpiler/passes/layout/vf2_post_layout.py,_score_layout,372,optimization,optimization_level,3,medium,False,"Il callback pubblico di Qiskit viene eseguito dopo ogni pass: last_completed_pass non identifica necessariamente il pass interrotto. | Lo stack indica dove SIGALRM è stato osservato, non dimostra quale pass, configurazione, circuito o hardware abbia causato il timeout. | Un'attribuzione causale richiede confronti controllati tra circuiti, configurazioni e device.",qiskit/transpiler/passes/layout/vf2_post_layout.py:372:_score_layout
quantinuum_h2_56,56,8c5576ac2f280a98f797dceb53186f97500e901d9784cc328187e156cbbe9b8f,run_55bb3f245bf5d3767e0bfa1ed4355901b40681ddd3249cf05b5558efc5e25476,graphstate_indep_qiskit_14,graphstate,qiskit,14,8,42,o3_sabre_sabre,3,sabre,sabre,0,timeout,transpilation,timeout,AttemptTimeoutError,100.0,100.00405594899985,Tentativo interrotto dopo 100.0 secondi.,qiskit_post_pass_callback_and_sigalrm_traceback,transpilation,44,VF2PostLayout,qiskit.transpiler.passes.layout.vf2_post_layout.VF2PostLayout,43,99.95393180847168,99.9995688150002,qiskit/transpiler/passes/layout/vf2_post_layout.py,_score_layout,364,optimization,optimization_level,3,medium,False,"Il callback pubblico di Qiskit viene eseguito dopo ogni pass: last_completed_pass non identifica necessariamente il pass interrotto. | Lo stack indica dove SIGALRM è stato osservato, non dimostra quale pass, configurazione, circuito o hardware abbia causato il timeout. | Un'attribuzione causale richiede confronti controllati tra circuiti, configurazioni e device.",qiskit/transpiler/passes/layout/vf2_post_layout.py:364:_score_layout
quantinuum_h2_56,56,8c5576ac2f280a98f797dceb53186f97500e901d9784cc328187e156cbbe9b8f,run_6b9287edf69bef4d5334a53990e7b08e0b67b3ab00a80bc48c9ae5685390ee16,graphstate_indep_qiskit_14,graphstate,qiskit,14,8,42,o3_sabre_sabre,3,sabre,sabre,1,timeout,transpilation,timeout,AttemptTimeoutError,100.0,100.00222918400004,Tentativo interrotto dopo 100.0 secondi.,qiskit_post_pass_callback_and_sigalrm_traceback,transpilation,44,VF2PostLayout,qiskit.transpiler.passes.layout.vf2_post_layout.VF2PostLayout,43,99.96021151542664,99.99954665199994,qiskit/transpiler/passes/layout/vf2_post_layout.py,_score_layout,366,optimization,optimization_level,3,medium,False,"Il callback pubblico di Qiskit viene eseguito dopo ogni pass: last_completed_pass non identifica necessariamente il pass interrotto. | Lo stack indica dove SIGALRM è stato osservato, non dimostra quale pass, configurazione, circuito o hardware abbia causato il timeout. | Un'attribuzione causale richiede confronti controllati tra circuiti, configurazioni e device.",qiskit/transpiler/passes/layout/vf2_post_layout.py:366:_score_layout
quantinuum_h2_56,56,8c5576ac2f280a98f797dceb53186f97500e901d9784cc328187e156cbbe9b8f,run_6d43c84ec3c12698530029a2cbffbdbf0fefa88960764db8115c0290c7a5f6f2,graphstate_indep_qiskit_14,graphstate,qiskit,14,8,42,o3_sabre_sabre,3,sabre,sabre,2,timeout,transpilation,timeout,AttemptTimeoutError,100.0,100.0035973099998,Tentativo interrotto dopo 100.0 secondi.,qiskit_post_pass_callback_and_sigalrm_traceback,transpilation,44,VF2PostLayout,qiskit.transpiler.passes.layout.vf2_post_layout.VF2PostLayout,43,99.95854687690735,100.00068058100032,qiskit/transpiler/passes/layout/vf2_post_layout.py,_score_layout,363,optimization,optimization_level,3,medium,False,"Il callback pubblico di Qiskit viene eseguito dopo ogni pass: last_completed_pass non identifica necessariamente il pass interrotto. | Lo stack indica dove SIGALRM è stato osservato, non dimostra quale pass, configurazione, circuito o hardware abbia causato il timeout. | Un'attribuzione causale richiede confronti controllati tra circuiti, configurazioni e device.",qiskit/transpiler/passes/layout/vf2_post_layout.py:363:_score_layout
quantinuum_h2_56,56,8c5576ac2f280a98f797dceb53186f97500e901d9784cc328187e156cbbe9b8f,run_8564a2c81a8cdf0c0bfe4ba2cd5fd62621ebae786caa627f4ec245176ff02313,pricingcall_indep_qiskit_5,pricingcall,qiskit,5,36,47,o3_sabre_sabre,3,sabre,sabre,0,timeout,transpilation,timeout,AttemptTimeoutError,100.0,100.0015216769998,Tentativo interrotto dopo 100.0 secondi.,qiskit_post_pass_callback_and_sigalrm_traceback,transpilation,44,VF2PostLayout,qiskit.transpiler.passes.layout.vf2_post_layout.VF2PostLayout,43,99.96660423278809,99.99957477200041,qiskit/transpiler/passes/layout/vf2_post_layout.py,run,281,optimization,optimization_level,3,medium,False,"Il callback pubblico di Qiskit viene eseguito dopo ogni pass: last_completed_pass non identifica necessariamente il pass interrotto. | Lo stack indica dove SIGALRM è stato osservato, non dimostra quale pass, configurazione, circuito o hardware abbia causato il timeout. | Un'attribuzione causale richiede confronti controllati tra circuiti, configurazioni e device.",qiskit/transpiler/passes/layout/vf2_post_layout.py:281:run
quantinuum_h2_56,56,8c5576ac2f280a98f797dceb53186f97500e901d9784cc328187e156cbbe9b8f,run_56158731981493cad51fd81d8c2ef21211b6109b697f0d878d0f35f77c841a1a,pricingcall_indep_qiskit_5,pricingcall,qiskit,5,36,47,o3_sabre_sabre,3,sabre,sabre,1,timeout,transpilation,timeout,AttemptTimeoutError,100.0,100.00162799499958,Tentativo interrotto dopo 100.0 secondi.,qiskit_post_pass_callback_and_sigalrm_traceback,transpilation,44,VF2PostLayout,qiskit.transpiler.passes.layout.vf2_post_layout.VF2PostLayout,43,99.96464467048645,99.99952456699975,qiskit/transpiler/passes/layout/vf2_post_layout.py,_score_layout,366,optimization,optimization_level,3,medium,False,"Il callback pubblico di Qiskit viene eseguito dopo ogni pass: last_completed_pass non identifica necessariamente il pass interrotto. | Lo stack indica dove SIGALRM è stato osservato, non dimostra quale pass, configurazione, circuito o hardware abbia causato il timeout. | Un'attribuzione causale richiede confronti controllati tra circuiti, configurazioni e device.",qiskit/transpiler/passes/layout/vf2_post_layout.py:366:_score_layout
quantinuum_h2_56,56,8c5576ac2f280a98f797dceb53186f97500e901d9784cc328187e156cbbe9b8f,run_036caea610f538eb8c525a546d67e2dce8c3ddeff5c7f5336a9c57e46d1f25de,pricingcall_indep_qiskit_5,pricingcall,qiskit,5,36,47,o3_sabre_sabre,3,sabre,sabre,2,timeout,transpilation,timeout,AttemptTimeoutError,100.0,100.00159141299991,Tentativo interrotto dopo 100.0 secondi.,qiskit_post_pass_callback_and_sigalrm_traceback,transpilation,44,VF2PostLayout,qiskit.transpiler.passes.layout.vf2_post_layout.VF2PostLayout,43,99.96915698051453,99.99955906499963,qiskit/transpiler/passes/layout/vf2_post_layout.py,run,281,optimization,optimization_level,3,medium,False,"Il callback pubblico di Qiskit viene eseguito dopo ogni pass: last_completed_pass non identifica necessariamente il pass interrotto. | Lo stack indica dove SIGALRM è stato osservato, non dimostra quale pass, configurazione, circuito o hardware abbia causato il timeout. | Un'attribuzione causale richiede confronti controllati tra circuiti, configurazioni e device.",qiskit/transpiler/passes/layout/vf2_post_layout.py:281:run
quantinuum_h2_56,56,8c5576ac2f280a98f797dceb53186f97500e901d9784cc328187e156cbbe9b8f,run_4700257e57453ef97ebd4ecc8004f6e097ae0425eeb48a8be283694531d67124,qaoa_indep_tket_7,qaoa,tket,7,10,42,o3_sabre_sabre,3,sabre,sabre,0,timeout,transpilation,timeout,AttemptTimeoutError,100.0,100.00231361900023,Tentativo interrotto dopo 100.0 secondi.,qiskit_post_pass_callback_and_sigalrm_traceback,transpilation,44,VF2PostLayout,qiskit.transpiler.passes.layout.vf2_post_layout.VF2PostLayout,43,99.97187185287476,99.99955238500024,qiskit/transpiler/passes/layout/vf2_post_layout.py,_target_match,49,optimization,optimization_level,3,medium,False,"Il callback pubblico di Qiskit viene eseguito dopo ogni pass: last_completed_pass non identifica necessariamente il pass interrotto. | Lo stack indica dove SIGALRM è stato osservato, non dimostra quale pass, configurazione, circuito o hardware abbia causato il timeout. | Un'attribuzione causale richiede confronti controllati tra circuiti, configurazioni e device.",qiskit/transpiler/passes/layout/vf2_post_layout.py:49:_target_match
quantinuum_h2_56,56,8c5576ac2f280a98f797dceb53186f97500e901d9784cc328187e156cbbe9b8f,run_fba234355d2835e849c3a82a09b7d14e193a8ed19c45888b5f98affd13eb1133,qaoa_indep_tket_7,qaoa,tket,7,10,42,o3_sabre_sabre,3,sabre,sabre,1,timeout,transpilation,timeout,AttemptTimeoutError,100.0,100.00186789300005,Tentativo interrotto dopo 100.0 secondi.,qiskit_post_pass_callback_and_sigalrm_traceback,transpilation,44,VF2PostLayout,qiskit.transpiler.passes.layout.vf2_post_layout.VF2PostLayout,43,99.96487760543823,99.99959380100063,qiskit/transpiler/passes/layout/vf2_post_layout.py,_score_layout,371,optimization,optimization_level,3,medium,False,"Il callback pubblico di Qiskit viene eseguito dopo ogni pass: last_completed_pass non identifica necessariamente il pass interrotto. | Lo stack indica dove SIGALRM è stato osservato, non dimostra quale pass, configurazione, circuito o hardware abbia causato il timeout. | Un'attribuzione causale richiede confronti controllati tra circuiti, configurazioni e device.",qiskit/transpiler/passes/layout/vf2_post_layout.py:371:_score_layout
quantinuum_h2_56,56,8c5576ac2f280a98f797dceb53186f97500e901d9784cc328187e156cbbe9b8f,run_b79874b584a241fed186a42feb8390ae494eca03a63042baaea9b4c09a1299d7,qaoa_indep_tket_7,qaoa,tket,7,10,42,o3_sabre_sabre,3,sabre,sabre,2,timeout,transpilation,timeout,AttemptTimeoutError,100.0,100.00163585999962,Tentativo interrotto dopo 100.0 secondi.,qiskit_post_pass_callback_and_sigalrm_traceback,transpilation,44,VF2PostLayout,qiskit.transpiler.passes.layout.vf2_post_layout.VF2PostLayout,43,99.9717173576355,99.99946877000002,qiskit/transpiler/passes/layout/vf2_post_layout.py,_score_layout,364,optimization,optimization_level,3,medium,False,"Il callback pubblico di Qiskit viene eseguito dopo ogni pass: last_completed_pass non identifica necessariamente il pass interrotto. | Lo stack indica dove SIGALRM è stato osservato, non dimostra quale pass, configurazione, circuito o hardware abbia causato il timeout. | Un'attribuzione causale richiede confronti controllati tra circuiti, configurazioni e device.",qiskit/transpiler/passes/layout/vf2_post_layout.py:364:_score_layout
quantinuum_h2_56,56,8c5576ac2f280a98f797dceb53186f97500e901d9784cc328187e156cbbe9b8f,run_d9132235e284fd792bbc47fe04cee79941a67c5212e75ac0338d624263973dfa,qft_indep_tket_40,qft,tket,40,81,880,o3_sabre_sabre,3,sabre,sabre,0,timeout,transpilation,timeout,AttemptTimeoutError,100.0,100.0036390790001,Tentativo interrotto dopo 100.0 secondi.,qiskit_post_pass_callback_and_sigalrm_traceback,transpilation,54,VF2PostLayout,qiskit.transpiler.passes.layout.vf2_post_layout.VF2PostLayout,53,99.4561824798584,99.99195317799968,qiskit/transpiler/passes/layout/vf2_post_layout.py,_score_layout,375,optimization,optimization_level,3,medium,False,"Il callback pubblico di Qiskit viene eseguito dopo ogni pass: last_completed_pass non identifica necessariamente il pass interrotto. | Lo stack indica dove SIGALRM è stato osservato, non dimostra quale pass, configurazione, circuito o hardware abbia causato il timeout. | Un'attribuzione causale richiede confronti controllati tra circuiti, configurazioni e device.",qiskit/transpiler/passes/layout/vf2_post_layout.py:375:_score_layout
quantinuum_h2_56,56,8c5576ac2f280a98f797dceb53186f97500e901d9784cc328187e156cbbe9b8f,run_5623ce362aee6c15b1d9cc077310f3a89039c613e5002a270170faa91d0f5de7,qft_indep_tket_40,qft,tket,40,81,880,o3_sabre_sabre,3,sabre,sabre,1,timeout,transpilation,timeout,AttemptTimeoutError,100.0,100.00263084400012,Tentativo interrotto dopo 100.0 secondi.,qiskit_post_pass_callback_and_sigalrm_traceback,transpilation,54,VF2PostLayout,qiskit.transpiler.passes.layout.vf2_post_layout.VF2PostLayout,53,99.69589114189148,99.99279565399956,qiskit/transpiler/passes/layout/vf2_post_layout.py,_score_layout,371,optimization,optimization_level,3,medium,False,"Il callback pubblico di Qiskit viene eseguito dopo ogni pass: last_completed_pass non identifica necessariamente il pass interrotto. | Lo stack indica dove SIGALRM è stato osservato, non dimostra quale pass, configurazione, circuito o hardware abbia causato il timeout. | Un'attribuzione causale richiede confronti controllati tra circuiti, configurazioni e device.",qiskit/transpiler/passes/layout/vf2_post_layout.py:371:_score_layout
quantinuum_h2_56,56,8c5576ac2f280a98f797dceb53186f97500e901d9784cc328187e156cbbe9b8f,run_cc5af6fdf7f57c94a58c2445dfddcb7b7181fd42c6b973a62d03ec11a2a2257c,qft_indep_tket_40,qft,tket,40,81,880,o3_sabre_sabre,3,sabre,sabre,2,timeout,transpilation,timeout,AttemptTimeoutError,100.0,100.00290951899933,Tentativo interrotto dopo 100.0 secondi.,qiskit_post_pass_callback_and_sigalrm_traceback,transpilation,54,VF2PostLayout,qiskit.transpiler.passes.layout.vf2_post_layout.VF2PostLayout,53,99.51735925674438,99.98828866300028,qiskit/transpiler/passes/layout/vf2_post_layout.py,_score_layout,375,optimization,optimization_level,3,medium,False,"Il callback pubblico di Qiskit viene eseguito dopo ogni pass: last_completed_pass non identifica necessariamente il pass interrotto. | Lo stack indica dove SIGALRM è stato osservato, non dimostra quale pass, configurazione, circuito o hardware abbia causato il timeout. | Un'attribuzione causale richiede confronti controllati tra circuiti, configurazioni e device.",qiskit/transpiler/passes/layout/vf2_post_layout.py:375:_score_layout
quantinuum_h2_56,56,8c5576ac2f280a98f797dceb53186f97500e901d9784cc328187e156cbbe9b8f,run_e38e286065cc3b8a902717d0c61d5219d56b02742ad63962e769510b62060c71,random_indep_qiskit_30,random,qiskit,30,312,2080,o3_sabre_sabre,3,sabre,sabre,0,timeout,transpilation,timeout,AttemptTimeoutError,100.0,100.0056309369993,Tentativo interrotto dopo 100.0 secondi.,qiskit_post_pass_callback_and_sigalrm_traceback,transpilation,44,VF2PostLayout,qiskit.transpiler.passes.layout.vf2_post_layout.VF2PostLayout,43,99.53446125984192,99.98318903899963,qiskit/transpiler/passes/layout/vf2_post_layout.py,_score_layout,372,optimization,optimization_level,3,medium,False,"Il callback pubblico di Qiskit viene eseguito dopo ogni pass: last_completed_pass non identifica necessariamente il pass interrotto. | Lo stack indica dove SIGALRM è stato osservato, non dimostra quale pass, configurazione, circuito o hardware abbia causato il timeout. | Un'attribuzione causale richiede confronti controllati tra circuiti, configurazioni e device.",qiskit/transpiler/passes/layout/vf2_post_layout.py:372:_score_layout
quantinuum_h2_56,56,8c5576ac2f280a98f797dceb53186f97500e901d9784cc328187e156cbbe9b8f,run_2a1d9d41620d2feadfba4d13255491fb3359c5f42a5f35f96552f28f3446aef0,random_indep_qiskit_30,random,qiskit,30,312,2080,o3_sabre_sabre,3,sabre,sabre,1,timeout,transpilation,timeout,AttemptTimeoutError,100.0,100.00373460400078,Tentativo interrotto dopo 100.0 secondi.,qiskit_post_pass_callback_and_sigalrm_traceback,transpilation,44,VF2PostLayout,qiskit.transpiler.passes.layout.vf2_post_layout.VF2PostLayout,43,99.6176233291626,99.98486753499947,qiskit/transpiler/passes/layout/vf2_post_layout.py,_score_layout,371,optimization,optimization_level,3,medium,False,"Il callback pubblico di Qiskit viene eseguito dopo ogni pass: last_completed_pass non identifica necessariamente il pass interrotto. | Lo stack indica dove SIGALRM è stato osservato, non dimostra quale pass, configurazione, circuito o hardware abbia causato il timeout. | Un'attribuzione causale richiede confronti controllati tra circuiti, configurazioni e device.",qiskit/transpiler/passes/layout/vf2_post_layout.py:371:_score_layout
quantinuum_h2_56,56,8c5576ac2f280a98f797dceb53186f97500e901d9784cc328187e156cbbe9b8f,run_964bf89bcf0a79917876bcbb87386495f244df985ca7b8573e06385316d7d671,random_indep_qiskit_30,random,qiskit,30,312,2080,o3_sabre_sabre,3,sabre,sabre,2,timeout,transpilation,timeout,AttemptTimeoutError,100.0,100.0059742759995,Tentativo interrotto dopo 100.0 secondi.,qiskit_post_pass_callback_and_sigalrm_traceback,transpilation,44,VF2PostLayout,qiskit.transpiler.passes.layout.vf2_post_layout.VF2PostLayout,43,99.37847828865051,99.98480677299995,qiskit/transpiler/passes/layout/vf2_post_layout.py,_score_layout,375,optimization,optimization_level,3,medium,False,"Il callback pubblico di Qiskit viene eseguito dopo ogni pass: last_completed_pass non identifica necessariamente il pass interrotto. | Lo stack indica dove SIGALRM è stato osservato, non dimostra quale pass, configurazione, circuito o hardware abbia causato il timeout. | Un'attribuzione causale richiede confronti controllati tra circuiti, configurazioni e device.",qiskit/transpiler/passes/layout/vf2_post_layout.py:375:_score_layout
quantinuum_h2_56,56,8c5576ac2f280a98f797dceb53186f97500e901d9784cc328187e156cbbe9b8f,run_c87f56ca87da6f8096280b6780877b852fb4299c6d8b7f0e6859c26e220ca8d6,routing_indep_qiskit_12,routing,qiskit,12,20,93,o3_sabre_sabre,3,sabre,sabre,0,timeout,transpilation,timeout,AttemptTimeoutError,100.0,100.0015697079998,Tentativo interrotto dopo 100.0 secondi.,qiskit_post_pass_callback_and_sigalrm_traceback,transpilation,44,VF2PostLayout,qiskit.transpiler.passes.layout.vf2_post_layout.VF2PostLayout,43,99.9727041721344,99.99954600099954,qiskit/transpiler/passes/layout/vf2_post_layout.py,_target_match,41,optimization,optimization_level,3,medium,False,"Il callback pubblico di Qiskit viene eseguito dopo ogni pass: last_completed_pass non identifica necessariamente il pass interrotto. | Lo stack indica dove SIGALRM è stato osservato, non dimostra quale pass, configurazione, circuito o hardware abbia causato il timeout. | Un'attribuzione causale richiede confronti controllati tra circuiti, configurazioni e device.",qiskit/transpiler/passes/layout/vf2_post_layout.py:41:_target_match
quantinuum_h2_56,56,8c5576ac2f280a98f797dceb53186f97500e901d9784cc328187e156cbbe9b8f,run_257ef366431e98bcc79abfabec02506a4d76d5a3487a4f21457fd3f31f00be68,routing_indep_qiskit_12,routing,qiskit,12,20,93,o3_sabre_sabre,3,sabre,sabre,1,timeout,transpilation,timeout,AttemptTimeoutError,100.0,100.00171110599877,Tentativo interrotto dopo 100.0 secondi.,qiskit_post_pass_callback_and_sigalrm_traceback,transpilation,44,VF2PostLayout,qiskit.transpiler.passes.layout.vf2_post_layout.VF2PostLayout,43,99.79007601737976,99.99959334599953,qiskit/transpiler/passes/layout/vf2_post_layout.py,_score_layout,363,optimization,optimization_level,3,medium,False,"Il callback pubblico di Qiskit viene eseguito dopo ogni pass: last_completed_pass non identifica necessariamente il pass interrotto. | Lo stack indica dove SIGALRM è stato osservato, non dimostra quale pass, configurazione, circuito o hardware abbia causato il timeout. | Un'attribuzione causale richiede confronti controllati tra circuiti, configurazioni e device.",qiskit/transpiler/passes/layout/vf2_post_layout.py:363:_score_layout
quantinuum_h2_56,56,8c5576ac2f280a98f797dceb53186f97500e901d9784cc328187e156cbbe9b8f,run_17a548adcc85315ffb22c3d9aec40c55d854ecbe1176751c300e8151e39406c9,routing_indep_qiskit_12,routing,qiskit,12,20,93,o3_sabre_sabre,3,sabre,sabre,2,timeout,transpilation,timeout,AttemptTimeoutError,100.0,100.00188160100151,Tentativo interrotto dopo 100.0 secondi.,qiskit_post_pass_callback_and_sigalrm_traceback,transpilation,44,VF2PostLayout,qiskit.transpiler.passes.layout.vf2_post_layout.VF2PostLayout,43,99.972083568573,99.9998497430006,qiskit/transpiler/passes/layout/vf2_post_layout.py,_score_layout,372,optimization,optimization_level,3,medium,False,"Il callback pubblico di Qiskit viene eseguito dopo ogni pass: last_completed_pass non identifica necessariamente il pass interrotto. | Lo stack indica dove SIGALRM è stato osservato, non dimostra quale pass, configurazione, circuito o hardware abbia causato il timeout. | Un'attribuzione causale richiede confronti controllati tra circuiti, configurazioni e device.",qiskit/transpiler/passes/layout/vf2_post_layout.py:372:_score_layout
quantinuum_h2_56,56,8c5576ac2f280a98f797dceb53186f97500e901d9784cc328187e156cbbe9b8f,run_2f01e651e0479a0fcf7877e9636fb5b7792a913809c82cb148fc9789aecc348d,vqe_indep_tket_16,vqe,tket,16,21,94,o3_sabre_sabre,3,sabre,sabre,0,timeout,transpilation,timeout,AttemptTimeoutError,100.0,100.00289218000034,Tentativo interrotto dopo 100.0 secondi.,qiskit_post_pass_callback_and_sigalrm_traceback,transpilation,44,VF2PostLayout,qiskit.transpiler.passes.layout.vf2_post_layout.VF2PostLayout,43,99.95827603340149,99.99913497299985,qiskit/transpiler/passes/layout/vf2_post_layout.py,run,281,optimization,optimization_level,3,medium,False,"Il callback pubblico di Qiskit viene eseguito dopo ogni pass: last_completed_pass non identifica necessariamente il pass interrotto. | Lo stack indica dove SIGALRM è stato osservato, non dimostra quale pass, configurazione, circuito o hardware abbia causato il timeout. | Un'attribuzione causale richiede confronti controllati tra circuiti, configurazioni e device.",qiskit/transpiler/passes/layout/vf2_post_layout.py:281:run
quantinuum_h2_56,56,8c5576ac2f280a98f797dceb53186f97500e901d9784cc328187e156cbbe9b8f,run_eaab401661e9eccf1fd51ab9abf18f094bbd12ceb21253e781c5fe26b85ba7b7,vqe_indep_tket_16,vqe,tket,16,21,94,o3_sabre_sabre,3,sabre,sabre,1,timeout,transpilation,timeout,AttemptTimeoutError,100.0,100.00221509400035,Tentativo interrotto dopo 100.0 secondi.,qiskit_post_pass_callback_and_sigalrm_traceback,transpilation,44,VF2PostLayout,qiskit.transpiler.passes.layout.vf2_post_layout.VF2PostLayout,43,99.96164751052856,99.99936009700014,qiskit/transpiler/passes/layout/vf2_post_layout.py,run,281,optimization,optimization_level,3,medium,False,"Il callback pubblico di Qiskit viene eseguito dopo ogni pass: last_completed_pass non identifica necessariamente il pass interrotto. | Lo stack indica dove SIGALRM è stato osservato, non dimostra quale pass, configurazione, circuito o hardware abbia causato il timeout. | Un'attribuzione causale richiede confronti controllati tra circuiti, configurazioni e device.",qiskit/transpiler/passes/layout/vf2_post_layout.py:281:run
quantinuum_h2_56,56,8c5576ac2f280a98f797dceb53186f97500e901d9784cc328187e156cbbe9b8f,run_a371a2b736d0d27aa45fcb1edd51a5093212d6c33bf29d9c8f5f3b11845a907f,vqe_indep_tket_16,vqe,tket,16,21,94,o3_sabre_sabre,3,sabre,sabre,2,timeout,transpilation,timeout,AttemptTimeoutError,100.0,100.00309664300039,Tentativo interrotto dopo 100.0 secondi.,qiskit_post_pass_callback_and_sigalrm_traceback,transpilation,44,VF2PostLayout,qiskit.transpiler.passes.layout.vf2_post_layout.VF2PostLayout,43,99.97149729728699,99.99960258200008,qiskit/transpiler/passes/layout/vf2_post_layout.py,run,298,optimization,optimization_level,3,medium,False,"Il callback pubblico di Qiskit viene eseguito dopo ogni pass: last_completed_pass non identifica necessariamente il pass interrotto. | Lo stack indica dove SIGALRM è stato osservato, non dimostra quale pass, configurazione, circuito o hardware abbia causato il timeout. | Un'attribuzione causale richiede confronti controllati tra circuiti, configurazioni e device.",qiskit/transpiler/passes/layout/vf2_post_layout.py:298:run
ibm_heron_133,133,804f28754ad200e42a328ba910639c9d6fd3233dff35035e7f3cb85a2fc5168a,run_4fb3437e2da9a9839dc9faf6902f9243394c0f76d3facd933f80bb767c8876aa,wstate_indep_tket_90,wstate,tket,90,181,447,o3_sabre_sabre,3,sabre,sabre,0,timeout,transpilation,timeout,AttemptTimeoutError,100.0,100.00368476800031,Tentativo interrotto dopo 100.0 secondi.,qiskit_post_pass_callback_and_sigalrm_traceback,transpilation,44,VF2PostLayout,qiskit.transpiler.passes.layout.vf2_post_layout.VF2PostLayout,43,99.86181640625,99.99933003699971,qiskit/transpiler/passes/layout/vf2_post_layout.py,_target_match,41,optimization,optimization_level,3,medium,False,"Il callback pubblico di Qiskit viene eseguito dopo ogni pass: last_completed_pass non identifica necessariamente il pass interrotto. | Lo stack indica dove SIGALRM è stato osservato, non dimostra quale pass, configurazione, circuito o hardware abbia causato il timeout. | Un'attribuzione causale richiede confronti controllati tra circuiti, configurazioni e device.",qiskit/transpiler/passes/layout/vf2_post_layout.py:41:_target_match
ibm_heron_156,156,a30f41e65c03fb900a4b8852261a8407c56c389560f4031ecb43099c1bec5089,run_e83ba93e53c1d515a3360da1827aeac56437455c2b104d24ce27d201596ced5f,wstate_indep_tket_90,wstate,tket,90,181,447,o3_sabre_sabre,3,sabre,sabre,0,timeout,transpilation,timeout,AttemptTimeoutError,100.0,100.0019224409998,Tentativo interrotto dopo 100.0 secondi.,qiskit_post_pass_callback_and_sigalrm_traceback,transpilation,44,VF2PostLayout,qiskit.transpiler.passes.layout.vf2_post_layout.VF2PostLayout,43,99.84084916114807,99.99834157700025,qiskit/transpiler/passes/layout/vf2_post_layout.py,run,281,optimization,optimization_level,3,medium,False,"Il callback pubblico di Qiskit viene eseguito dopo ogni pass: last_completed_pass non identifica necessariamente il pass interrotto. | Lo stack indica dove SIGALRM è stato osservato, non dimostra quale pass, configurazione, circuito o hardware abbia causato il timeout. | Un'attribuzione causale richiede confronti controllati tra circuiti, configurazioni e device.",qiskit/transpiler/passes/layout/vf2_post_layout.py:281:run
ibm_heron_133,133,804f28754ad200e42a328ba910639c9d6fd3233dff35035e7f3cb85a2fc5168a,run_9dc44775483f8602739112fc5c7c588d3904201b192ef3bd9d9cc88dfcbfdc52,wstate_indep_tket_90,wstate,tket,90,181,447,o3_sabre_sabre,3,sabre,sabre,1,timeout,transpilation,timeout,AttemptTimeoutError,100.0,100.00162053399981,Tentativo interrotto dopo 100.0 secondi.,qiskit_post_pass_callback_and_sigalrm_traceback,transpilation,44,VF2PostLayout,qiskit.transpiler.passes.layout.vf2_post_layout.VF2PostLayout,43,99.84656643867493,99.99801427900002,qiskit/transpiler/passes/layout/vf2_post_layout.py,_target_match,45,optimization,optimization_level,3,medium,False,"Il callback pubblico di Qiskit viene eseguito dopo ogni pass: last_completed_pass non identifica necessariamente il pass interrotto. | Lo stack indica dove SIGALRM è stato osservato, non dimostra quale pass, configurazione, circuito o hardware abbia causato il timeout. | Un'attribuzione causale richiede confronti controllati tra circuiti, configurazioni e device.",qiskit/transpiler/passes/layout/vf2_post_layout.py:45:_target_match
ibm_heron_156,156,a30f41e65c03fb900a4b8852261a8407c56c389560f4031ecb43099c1bec5089,run_09d208eb7eb4c7e19cf20a68c53392ea95214f37da84c6d831f01f3182a97d8e,wstate_indep_tket_90,wstate,tket,90,181,447,o3_sabre_sabre,3,sabre,sabre,1,timeout,transpilation,timeout,AttemptTimeoutError,100.0,100.00239566500022,Tentativo interrotto dopo 100.0 secondi.,qiskit_post_pass_callback_and_sigalrm_traceback,transpilation,44,VF2PostLayout,qiskit.transpiler.passes.layout.vf2_post_layout.VF2PostLayout,43,99.86425232887268,99.9983742609993,qiskit/transpiler/passes/layout/vf2_post_layout.py,_score_layout,363,optimization,optimization_level,3,medium,False,"Il callback pubblico di Qiskit viene eseguito dopo ogni pass: last_completed_pass non identifica necessariamente il pass interrotto. | Lo stack indica dove SIGALRM è stato osservato, non dimostra quale pass, configurazione, circuito o hardware abbia causato il timeout. | Un'attribuzione causale richiede confronti controllati tra circuiti, configurazioni e device.",qiskit/transpiler/passes/layout/vf2_post_layout.py:363:_score_layout
ibm_heron_133,133,804f28754ad200e42a328ba910639c9d6fd3233dff35035e7f3cb85a2fc5168a,run_ff139f917df55090806c9572ddae6edc90b17cefb86eb44ddd348f62c4261398,wstate_indep_tket_90,wstate,tket,90,181,447,o3_sabre_sabre,3,sabre,sabre,2,timeout,transpilation,timeout,AttemptTimeoutError,100.0,100.00253697799963,Tentativo interrotto dopo 100.0 secondi.,qiskit_post_pass_callback_and_sigalrm_traceback,transpilation,44,VF2PostLayout,qiskit.transpiler.passes.layout.vf2_post_layout.VF2PostLayout,43,99.78885698318481,99.99283945800016,qiskit/transpiler/passes/layout/vf2_post_layout.py,_target_match,41,optimization,optimization_level,3,medium,False,"Il callback pubblico di Qiskit viene eseguito dopo ogni pass: last_completed_pass non identifica necessariamente il pass interrotto. | Lo stack indica dove SIGALRM è stato osservato, non dimostra quale pass, configurazione, circuito o hardware abbia causato il timeout. | Un'attribuzione causale richiede confronti controllati tra circuiti, configurazioni e device.",qiskit/transpiler/passes/layout/vf2_post_layout.py:41:_target_match
ibm_heron_156,156,a30f41e65c03fb900a4b8852261a8407c56c389560f4031ecb43099c1bec5089,run_fa565cdb70a1d075d5cc51beb487ec11592d880fbeee32d33802877ae0eba23b,wstate_indep_tket_90,wstate,tket,90,181,447,o3_sabre_sabre,3,sabre,sabre,2,timeout,transpilation,timeout,AttemptTimeoutError,100.0,100.00268883199988,Tentativo interrotto dopo 100.0 secondi.,qiskit_post_pass_callback_and_sigalrm_traceback,transpilation,44,VF2PostLayout,qiskit.transpiler.passes.layout.vf2_post_layout.VF2PostLayout,43,99.86596584320068,99.99798851299965,qiskit/transpiler/passes/layout/vf2_post_layout.py,_score_layout,373,optimization,optimization_level,3,medium,False,"Il callback pubblico di Qiskit viene eseguito dopo ogni pass: last_completed_pass non identifica necessariamente il pass interrotto. | Lo stack indica dove SIGALRM è stato osservato, non dimostra quale pass, configurazione, circuito o hardware abbia causato il timeout. | Un'attribuzione causale richiede confronti controllati tra circuiti, configurazioni e device.",qiskit/transpiler/passes/layout/vf2_post_layout.py:373:_score_layout
quantinuum_h2_56,56,8c5576ac2f280a98f797dceb53186f97500e901d9784cc328187e156cbbe9b8f,run_b6333b498ff510026bcd833d579ab4902a6cb2b8ae0884df05067188813ac913,graphstate_indep_qiskit_14,graphstate,qiskit,14,8,42,o3_trivial_sabre,3,trivial,sabre,0,timeout,transpilation,timeout,AttemptTimeoutError,100.0,100.00876797499996,Tentativo interrotto dopo 100.0 secondi.,qiskit_post_pass_callback_and_sigalrm_traceback,transpilation,46,VF2PostLayout,qiskit.transpiler.passes.layout.vf2_post_layout.VF2PostLayout,45,99.97881984710693,99.9995972100005,qiskit/transpiler/passes/layout/vf2_post_layout.py,_score_layout,366,optimization,optimization_level,3,medium,False,"Il callback pubblico di Qiskit viene eseguito dopo ogni pass: last_completed_pass non identifica necessariamente il pass interrotto. | Lo stack indica dove SIGALRM è stato osservato, non dimostra quale pass, configurazione, circuito o hardware abbia causato il timeout. | Un'attribuzione causale richiede confronti controllati tra circuiti, configurazioni e device.",qiskit/transpiler/passes/layout/vf2_post_layout.py:366:_score_layout
quantinuum_h2_56,56,8c5576ac2f280a98f797dceb53186f97500e901d9784cc328187e156cbbe9b8f,run_75fa72eca8ddca4e33e3ea773ea7ea2e9a26a4994d632619fd305deaee764cdf,graphstate_indep_qiskit_14,graphstate,qiskit,14,8,42,o3_trivial_sabre,3,trivial,sabre,1,timeout,transpilation,timeout,AttemptTimeoutError,100.0,100.00286842400055,Tentativo interrotto dopo 100.0 secondi.,qiskit_post_pass_callback_and_sigalrm_traceback,transpilation,46,VF2PostLayout,qiskit.transpiler.passes.layout.vf2_post_layout.VF2PostLayout,45,99.97808456420898,99.99952385600045,qiskit/transpiler/passes/layout/vf2_post_layout.py,_score_layout,366,optimization,optimization_level,3,medium,False,"Il callback pubblico di Qiskit viene eseguito dopo ogni pass: last_completed_pass non identifica necessariamente il pass interrotto. | Lo stack indica dove SIGALRM è stato osservato, non dimostra quale pass, configurazione, circuito o hardware abbia causato il timeout. | Un'attribuzione causale richiede confronti controllati tra circuiti, configurazioni e device.",qiskit/transpiler/passes/layout/vf2_post_layout.py:366:_score_layout
quantinuum_h2_56,56,8c5576ac2f280a98f797dceb53186f97500e901d9784cc328187e156cbbe9b8f,run_fe0b78aa60a47f11edb4c4e651b19d2e70f6bf1094edf015949ee6e83aa881d4,graphstate_indep_qiskit_14,graphstate,qiskit,14,8,42,o3_trivial_sabre,3,trivial,sabre,2,timeout,transpilation,timeout,AttemptTimeoutError,100.0,100.00245959099993,Tentativo interrotto dopo 100.0 secondi.,qiskit_post_pass_callback_and_sigalrm_traceback,transpilation,46,VF2PostLayout,qiskit.transpiler.passes.layout.vf2_post_layout.VF2PostLayout,45,99.94911861419678,99.99787862500034,qiskit/transpiler/passes/layout/vf2_post_layout.py,_score_layout,371,optimization,optimization_level,3,medium,False,"Il callback pubblico di Qiskit viene eseguito dopo ogni pass: last_completed_pass non identifica necessariamente il pass interrotto. | Lo stack indica dove SIGALRM è stato osservato, non dimostra quale pass, configurazione, circuito o hardware abbia causato il timeout. | Un'attribuzione causale richiede confronti controllati tra circuiti, configurazioni e device.",qiskit/transpiler/passes/layout/vf2_post_layout.py:371:_score_layout
quantinuum_h2_56,56,8c5576ac2f280a98f797dceb53186f97500e901d9784cc328187e156cbbe9b8f,run_d877c72162f837535d36e48eec70d1c936c026b132493c7467beb5573481ea64,pricingcall_indep_qiskit_5,pricingcall,qiskit,5,36,47,o3_trivial_sabre,3,trivial,sabre,0,timeout,transpilation,timeout,AttemptTimeoutError,100.0,100.0014658629998,Tentativo interrotto dopo 100.0 secondi.,qiskit_post_pass_callback_and_sigalrm_traceback,transpilation,46,VF2PostLayout,qiskit.transpiler.passes.layout.vf2_post_layout.VF2PostLayout,45,99.97380995750427,99.99950289700064,qiskit/transpiler/passes/layout/vf2_post_layout.py,_target_match,41,optimization,optimization_level,3,medium,False,"Il callback pubblico di Qiskit viene eseguito dopo ogni pass: last_completed_pass non identifica necessariamente il pass interrotto. | Lo stack indica dove SIGALRM è stato osservato, non dimostra quale pass, configurazione, circuito o hardware abbia causato il timeout. | Un'attribuzione causale richiede confronti controllati tra circuiti, configurazioni e device.",qiskit/transpiler/passes/layout/vf2_post_layout.py:41:_target_match
quantinuum_h2_56,56,8c5576ac2f280a98f797dceb53186f97500e901d9784cc328187e156cbbe9b8f,run_3427a7aedece46358df8b70fdf376f1d9e2b2e8d078a4d873e666b3684ee925c,pricingcall_indep_qiskit_5,pricingcall,qiskit,5,36,47,o3_trivial_sabre,3,trivial,sabre,1,timeout,transpilation,timeout,AttemptTimeoutError,100.0,100.0021056960004,Tentativo interrotto dopo 100.0 secondi.,qiskit_post_pass_callback_and_sigalrm_traceback,transpilation,46,VF2PostLayout,qiskit.transpiler.passes.layout.vf2_post_layout.VF2PostLayout,45,99.97626805305481,99.9999723560004,qiskit/transpiler/passes/layout/vf2_post_layout.py,run,281,optimization,optimization_level,3,medium,False,"Il callback pubblico di Qiskit viene eseguito dopo ogni pass: last_completed_pass non identifica necessariamente il pass interrotto. | Lo stack indica dove SIGALRM è stato osservato, non dimostra quale pass, configurazione, circuito o hardware abbia causato il timeout. | Un'attribuzione causale richiede confronti controllati tra circuiti, configurazioni e device.",qiskit/transpiler/passes/layout/vf2_post_layout.py:281:run
quantinuum_h2_56,56,8c5576ac2f280a98f797dceb53186f97500e901d9784cc328187e156cbbe9b8f,run_af760368bc169ea8cb0e603eb70a95e3d0ddf4a3076a4d02b52e65dc6c79d8ad,pricingcall_indep_qiskit_5,pricingcall,qiskit,5,36,47,o3_trivial_sabre,3,trivial,sabre,2,timeout,transpilation,timeout,AttemptTimeoutError,100.0,100.00153861699982,Tentativo interrotto dopo 100.0 secondi.,qiskit_post_pass_callback_and_sigalrm_traceback,transpilation,46,VF2PostLayout,qiskit.transpiler.passes.layout.vf2_post_layout.VF2PostLayout,45,99.97000074386597,99.99939734700001,qiskit/transpiler/passes/layout/vf2_post_layout.py,_score_layout,372,optimization,optimization_level,3,medium,False,"Il callback pubblico di Qiskit viene eseguito dopo ogni pass: last_completed_pass non identifica necessariamente il pass interrotto. | Lo stack indica dove SIGALRM è stato osservato, non dimostra quale pass, configurazione, circuito o hardware abbia causato il timeout. | Un'attribuzione causale richiede confronti controllati tra circuiti, configurazioni e device.",qiskit/transpiler/passes/layout/vf2_post_layout.py:372:_score_layout
quantinuum_h2_56,56,8c5576ac2f280a98f797dceb53186f97500e901d9784cc328187e156cbbe9b8f,run_0ae060855c62a114e569ff4d3217b40b957d8207a600ff86463d322419625332,qaoa_indep_tket_7,qaoa,tket,7,10,42,o3_trivial_sabre,3,trivial,sabre,0,timeout,transpilation,timeout,AttemptTimeoutError,100.0,100.00234534800074,Tentativo interrotto dopo 100.0 secondi.,qiskit_post_pass_callback_and_sigalrm_traceback,transpilation,46,VF2PostLayout,qiskit.transpiler.passes.layout.vf2_post_layout.VF2PostLayout,45,99.97084355354309,99.9996711140002,qiskit/transpiler/passes/layout/vf2_post_layout.py,_score_layout,366,optimization,optimization_level,3,medium,False,"Il callback pubblico di Qiskit viene eseguito dopo ogni pass: last_completed_pass non identifica necessariamente il pass interrotto. | Lo stack indica dove SIGALRM è stato osservato, non dimostra quale pass, configurazione, circuito o hardware abbia causato il timeout. | Un'attribuzione causale richiede confronti controllati tra circuiti, configurazioni e device.",qiskit/transpiler/passes/layout/vf2_post_layout.py:366:_score_layout
quantinuum_h2_56,56,8c5576ac2f280a98f797dceb53186f97500e901d9784cc328187e156cbbe9b8f,run_2d66622fe2c51d84bf25ce9addedc190414c2b858c814daf9b434ecfafb9843c,qaoa_indep_tket_7,qaoa,tket,7,10,42,o3_trivial_sabre,3,trivial,sabre,1,timeout,transpilation,timeout,AttemptTimeoutError,100.0,100.00213419100055,Tentativo interrotto dopo 100.0 secondi.,qiskit_post_pass_callback_and_sigalrm_traceback,transpilation,46,VF2PostLayout,qiskit.transpiler.passes.layout.vf2_post_layout.VF2PostLayout,45,99.97101306915283,99.99942507800006,qiskit/transpiler/passes/layout/vf2_post_layout.py,run,282,optimization,optimization_level,3,medium,False,"Il callback pubblico di Qiskit viene eseguito dopo ogni pass: last_completed_pass non identifica necessariamente il pass interrotto. | Lo stack indica dove SIGALRM è stato osservato, non dimostra quale pass, configurazione, circuito o hardware abbia causato il timeout. | Un'attribuzione causale richiede confronti controllati tra circuiti, configurazioni e device.",qiskit/transpiler/passes/layout/vf2_post_layout.py:282:run
quantinuum_h2_56,56,8c5576ac2f280a98f797dceb53186f97500e901d9784cc328187e156cbbe9b8f,run_d828fcb18b8c19c3a435cb51a15dd0b22226a5f52c2d19de6c02dd5d799ffd28,qaoa_indep_tket_7,qaoa,tket,7,10,42,o3_trivial_sabre,3,trivial,sabre,2,timeout,transpilation,timeout,AttemptTimeoutError,100.0,100.00269708799988,Tentativo interrotto dopo 100.0 secondi.,qiskit_post_pass_callback_and_sigalrm_traceback,transpilation,46,VF2PostLayout,qiskit.transpiler.passes.layout.vf2_post_layout.VF2PostLayout,45,99.97143602371216,99.99939922199974,qiskit/transpiler/passes/layout/vf2_post_layout.py,run,281,optimization,optimization_level,3,medium,False,"Il callback pubblico di Qiskit viene eseguito dopo ogni pass: last_completed_pass non identifica necessariamente il pass interrotto. | Lo stack indica dove SIGALRM è stato osservato, non dimostra quale pass, configurazione, circuito o hardware abbia causato il timeout. | Un'attribuzione causale richiede confronti controllati tra circuiti, configurazioni e device.",qiskit/transpiler/passes/layout/vf2_post_layout.py:281:run
quantinuum_h2_56,56,8c5576ac2f280a98f797dceb53186f97500e901d9784cc328187e156cbbe9b8f,run_63dfdf02fd81c13ea6afb6451c54a59ed6499d5eb85a954e9e3974677031e76e,qft_indep_tket_40,qft,tket,40,81,880,o3_trivial_sabre,3,trivial,sabre,0,timeout,transpilation,timeout,AttemptTimeoutError,100.0,100.00264079799945,Tentativo interrotto dopo 100.0 secondi.,qiskit_post_pass_callback_and_sigalrm_traceback,transpilation,56,VF2PostLayout,qiskit.transpiler.passes.layout.vf2_post_layout.VF2PostLayout,55,99.67785358428955,99.99269158700099,qiskit/transpiler/passes/layout/vf2_post_layout.py,_score_layout,371,optimization,optimization_level,3,medium,False,"Il callback pubblico di Qiskit viene eseguito dopo ogni pass: last_completed_pass non identifica necessariamente il pass interrotto. | Lo stack indica dove SIGALRM è stato osservato, non dimostra quale pass, configurazione, circuito o hardware abbia causato il timeout. | Un'attribuzione causale richiede confronti controllati tra circuiti, configurazioni e device.",qiskit/transpiler/passes/layout/vf2_post_layout.py:371:_score_layout
quantinuum_h2_56,56,8c5576ac2f280a98f797dceb53186f97500e901d9784cc328187e156cbbe9b8f,run_6e218aba1a9d5d62e3b578b57cf0fd24cfce59919c7373b63ba5d1ed8f43a225,qft_indep_tket_40,qft,tket,40,81,880,o3_trivial_sabre,3,trivial,sabre,1,timeout,transpilation,timeout,AttemptTimeoutError,100.0,100.00249190699833,Tentativo interrotto dopo 100.0 secondi.,qiskit_post_pass_callback_and_sigalrm_traceback,transpilation,56,VF2PostLayout,qiskit.transpiler.passes.layout.vf2_post_layout.VF2PostLayout,55,99.69982028007507,99.98803952200069,qiskit/transpiler/passes/layout/vf2_post_layout.py,_score_layout,373,optimization,optimization_level,3,medium,False,"Il callback pubblico di Qiskit viene eseguito dopo ogni pass: last_completed_pass non identifica necessariamente il pass interrotto. | Lo stack indica dove SIGALRM è stato osservato, non dimostra quale pass, configurazione, circuito o hardware abbia causato il timeout. | Un'attribuzione causale richiede confronti controllati tra circuiti, configurazioni e device.",qiskit/transpiler/passes/layout/vf2_post_layout.py:373:_score_layout
quantinuum_h2_56,56,8c5576ac2f280a98f797dceb53186f97500e901d9784cc328187e156cbbe9b8f,run_8ea2e0427ab8eff9fe04c319464a8211410e1ce0648ac985d73b5bd9979c7fec,qft_indep_tket_40,qft,tket,40,81,880,o3_trivial_sabre,3,trivial,sabre,2,timeout,transpilation,timeout,AttemptTimeoutError,100.0,100.00263291999909,Tentativo interrotto dopo 100.0 secondi.,qiskit_post_pass_callback_and_sigalrm_traceback,transpilation,56,VF2PostLayout,qiskit.transpiler.passes.layout.vf2_post_layout.VF2PostLayout,55,99.67379379272461,99.99303422499906,qiskit/transpiler/passes/layout/vf2_post_layout.py,_score_layout,371,optimization,optimization_level,3,medium,False,"Il callback pubblico di Qiskit viene eseguito dopo ogni pass: last_completed_pass non identifica necessariamente il pass interrotto. | Lo stack indica dove SIGALRM è stato osservato, non dimostra quale pass, configurazione, circuito o hardware abbia causato il timeout. | Un'attribuzione causale richiede confronti controllati tra circuiti, configurazioni e device.",qiskit/transpiler/passes/layout/vf2_post_layout.py:371:_score_layout
quantinuum_h2_56,56,8c5576ac2f280a98f797dceb53186f97500e901d9784cc328187e156cbbe9b8f,run_d30858f2229254e8119bb90e8b248131e1ceec8e10cd54850cbd67aa58aa4be4,random_indep_qiskit_30,random,qiskit,30,312,2080,o3_trivial_sabre,3,trivial,sabre,0,timeout,transpilation,timeout,AttemptTimeoutError,100.0,100.00575939300052,Tentativo interrotto dopo 100.0 secondi.,qiskit_post_pass_callback_and_sigalrm_traceback,transpilation,46,VF2PostLayout,qiskit.transpiler.passes.layout.vf2_post_layout.VF2PostLayout,45,99.61110973358154,99.98483568699976,qiskit/transpiler/passes/layout/vf2_post_layout.py,run,298,optimization,optimization_level,3,medium,False,"Il callback pubblico di Qiskit viene eseguito dopo ogni pass: last_completed_pass non identifica necessariamente il pass interrotto. | Lo stack indica dove SIGALRM è stato osservato, non dimostra quale pass, configurazione, circuito o hardware abbia causato il timeout. | Un'attribuzione causale richiede confronti controllati tra circuiti, configurazioni e device.",qiskit/transpiler/passes/layout/vf2_post_layout.py:298:run
quantinuum_h2_56,56,8c5576ac2f280a98f797dceb53186f97500e901d9784cc328187e156cbbe9b8f,run_97fda4f4e7887867a98f59b7fbc92136ae8110c2d252272f0a76a34e0eb3da6f,random_indep_qiskit_30,random,qiskit,30,312,2080,o3_trivial_sabre,3,trivial,sabre,1,timeout,transpilation,timeout,AttemptTimeoutError,100.0,100.00367925500086,Tentativo interrotto dopo 100.0 secondi.,qiskit_post_pass_callback_and_sigalrm_traceback,transpilation,46,VF2PostLayout,qiskit.transpiler.passes.layout.vf2_post_layout.VF2PostLayout,45,99.56750512123108,99.98463307300062,qiskit/transpiler/passes/layout/vf2_post_layout.py,_score_layout,371,optimization,optimization_level,3,medium,False,"Il callback pubblico di Qiskit viene eseguito dopo ogni pass: last_completed_pass non identifica necessariamente il pass interrotto. | Lo stack indica dove SIGALRM è stato osservato, non dimostra quale pass, configurazione, circuito o hardware abbia causato il timeout. | Un'attribuzione causale richiede confronti controllati tra circuiti, configurazioni e device.",qiskit/transpiler/passes/layout/vf2_post_layout.py:371:_score_layout
quantinuum_h2_56,56,8c5576ac2f280a98f797dceb53186f97500e901d9784cc328187e156cbbe9b8f,run_1a9bf0a68d2e86c56483e6d5b4c4a005cf0dc3048b3612d6f5f2a2ed125f4a24,random_indep_qiskit_30,random,qiskit,30,312,2080,o3_trivial_sabre,3,trivial,sabre,2,timeout,transpilation,timeout,AttemptTimeoutError,100.0,100.00705712099989,Tentativo interrotto dopo 100.0 secondi.,qiskit_post_pass_callback_and_sigalrm_traceback,transpilation,46,VF2PostLayout,qiskit.transpiler.passes.layout.vf2_post_layout.VF2PostLayout,45,99.42594146728516,99.98608207699999,qiskit/transpiler/passes/layout/vf2_post_layout.py,_score_layout,371,optimization,optimization_level,3,medium,False,"Il callback pubblico di Qiskit viene eseguito dopo ogni pass: last_completed_pass non identifica necessariamente il pass interrotto. | Lo stack indica dove SIGALRM è stato osservato, non dimostra quale pass, configurazione, circuito o hardware abbia causato il timeout. | Un'attribuzione causale richiede confronti controllati tra circuiti, configurazioni e device.",qiskit/transpiler/passes/layout/vf2_post_layout.py:371:_score_layout
quantinuum_h2_56,56,8c5576ac2f280a98f797dceb53186f97500e901d9784cc328187e156cbbe9b8f,run_078222ffd67e1294e04f46d72a534eb89063cb1bb4b50befba848d585ff21017,routing_indep_qiskit_12,routing,qiskit,12,20,93,o3_trivial_sabre,3,trivial,sabre,0,timeout,transpilation,timeout,AttemptTimeoutError,100.0,100.00153888400018,Tentativo interrotto dopo 100.0 secondi.,qiskit_post_pass_callback_and_sigalrm_traceback,transpilation,46,VF2PostLayout,qiskit.transpiler.passes.layout.vf2_post_layout.VF2PostLayout,45,99.97880506515503,99.99939740400077,qiskit/transpiler/passes/layout/vf2_post_layout.py,run,281,optimization,optimization_level,3,medium,False,"Il callback pubblico di Qiskit viene eseguito dopo ogni pass: last_completed_pass non identifica necessariamente il pass interrotto. | Lo stack indica dove SIGALRM è stato osservato, non dimostra quale pass, configurazione, circuito o hardware abbia causato il timeout. | Un'attribuzione causale richiede confronti controllati tra circuiti, configurazioni e device.",qiskit/transpiler/passes/layout/vf2_post_layout.py:281:run
quantinuum_h2_56,56,8c5576ac2f280a98f797dceb53186f97500e901d9784cc328187e156cbbe9b8f,run_7d24cd6d784ed6da539b86394fde8d43be5cfeb2209bb45327f0caadf9b88975,routing_indep_qiskit_12,routing,qiskit,12,20,93,o3_trivial_sabre,3,trivial,sabre,1,timeout,transpilation,timeout,AttemptTimeoutError,100.0,100.00155798500055,Tentativo interrotto dopo 100.0 secondi.,qiskit_post_pass_callback_and_sigalrm_traceback,transpilation,46,VF2PostLayout,qiskit.transpiler.passes.layout.vf2_post_layout.VF2PostLayout,45,99.97917294502258,99.99943228600023,qiskit/transpiler/passes/layout/vf2_post_layout.py,_score_layout,371,optimization,optimization_level,3,medium,False,"Il callback pubblico di Qiskit viene eseguito dopo ogni pass: last_completed_pass non identifica necessariamente il pass interrotto. | Lo stack indica dove SIGALRM è stato osservato, non dimostra quale pass, configurazione, circuito o hardware abbia causato il timeout. | Un'attribuzione causale richiede confronti controllati tra circuiti, configurazioni e device.",qiskit/transpiler/passes/layout/vf2_post_layout.py:371:_score_layout
quantinuum_h2_56,56,8c5576ac2f280a98f797dceb53186f97500e901d9784cc328187e156cbbe9b8f,run_76e279ce97b485aa125a378e2317c51979fa99c3a8c33d1056f2832c5f2df90f,routing_indep_qiskit_12,routing,qiskit,12,20,93,o3_trivial_sabre,3,trivial,sabre,2,timeout,transpilation,timeout,AttemptTimeoutError,100.0,100.00235900100051,Tentativo interrotto dopo 100.0 secondi.,qiskit_post_pass_callback_and_sigalrm_traceback,transpilation,46,VF2PostLayout,qiskit.transpiler.passes.layout.vf2_post_layout.VF2PostLayout,45,99.97913360595703,99.9994938639993,qiskit/transpiler/passes/layout/vf2_post_layout.py,run,278,optimization,optimization_level,3,medium,False,"Il callback pubblico di Qiskit viene eseguito dopo ogni pass: last_completed_pass non identifica necessariamente il pass interrotto. | Lo stack indica dove SIGALRM è stato osservato, non dimostra quale pass, configurazione, circuito o hardware abbia causato il timeout. | Un'attribuzione causale richiede confronti controllati tra circuiti, configurazioni e device.",qiskit/transpiler/passes/layout/vf2_post_layout.py:278:run
quantinuum_h2_56,56,8c5576ac2f280a98f797dceb53186f97500e901d9784cc328187e156cbbe9b8f,run_64b3756f04017707751442c903e38bada0674d91dc8aa3a509c1b76c3e6ef6f3,vqe_indep_tket_16,vqe,tket,16,21,94,o3_trivial_sabre,3,trivial,sabre,0,timeout,transpilation,timeout,AttemptTimeoutError,100.0,100.00162765100049,Tentativo interrotto dopo 100.0 secondi.,qiskit_post_pass_callback_and_sigalrm_traceback,transpilation,46,VF2PostLayout,qiskit.transpiler.passes.layout.vf2_post_layout.VF2PostLayout,45,99.97841787338257,99.99945229900004,qiskit/transpiler/passes/layout/vf2_post_layout.py,_score_layout,366,optimization,optimization_level,3,medium,False,"Il callback pubblico di Qiskit viene eseguito dopo ogni pass: last_completed_pass non identifica necessariamente il pass interrotto. | Lo stack indica dove SIGALRM è stato osservato, non dimostra quale pass, configurazione, circuito o hardware abbia causato il timeout. | Un'attribuzione causale richiede confronti controllati tra circuiti, configurazioni e device.",qiskit/transpiler/passes/layout/vf2_post_layout.py:366:_score_layout
quantinuum_h2_56,56,8c5576ac2f280a98f797dceb53186f97500e901d9784cc328187e156cbbe9b8f,run_8af51c88ff105fe8e3dea7fcf783f73f41bb3adabfe2334811b2be2c93271656,vqe_indep_tket_16,vqe,tket,16,21,94,o3_trivial_sabre,3,trivial,sabre,1,timeout,transpilation,timeout,AttemptTimeoutError,100.0,100.00164829099958,Tentativo interrotto dopo 100.0 secondi.,qiskit_post_pass_callback_and_sigalrm_traceback,transpilation,46,VF2PostLayout,qiskit.transpiler.passes.layout.vf2_post_layout.VF2PostLayout,45,99.97940492630005,99.99952928099992,qiskit/transpiler/passes/layout/vf2_post_layout.py,_score_layout,364,optimization,optimization_level,3,medium,False,"Il callback pubblico di Qiskit viene eseguito dopo ogni pass: last_completed_pass non identifica necessariamente il pass interrotto. | Lo stack indica dove SIGALRM è stato osservato, non dimostra quale pass, configurazione, circuito o hardware abbia causato il timeout. | Un'attribuzione causale richiede confronti controllati tra circuiti, configurazioni e device.",qiskit/transpiler/passes/layout/vf2_post_layout.py:364:_score_layout
quantinuum_h2_56,56,8c5576ac2f280a98f797dceb53186f97500e901d9784cc328187e156cbbe9b8f,run_9f2700a4d978b2a668931dc6ed362be945640c3bbcb9d6db41815a114b69fb62,vqe_indep_tket_16,vqe,tket,16,21,94,o3_trivial_sabre,3,trivial,sabre,2,timeout,transpilation,timeout,AttemptTimeoutError,100.0,100.00165563199971,Tentativo interrotto dopo 100.0 secondi.,qiskit_post_pass_callback_and_sigalrm_traceback,transpilation,46,VF2PostLayout,qiskit.transpiler.passes.layout.vf2_post_layout.VF2PostLayout,45,99.97331500053406,99.99944368999968,qiskit/transpiler/passes/layout/vf2_post_layout.py,_score_layout,366,optimization,optimization_level,3,medium,False,"Il callback pubblico di Qiskit viene eseguito dopo ogni pass: last_completed_pass non identifica necessariamente il pass interrotto. | Lo stack indica dove SIGALRM è stato osservato, non dimostra quale pass, configurazione, circuito o hardware abbia causato il timeout. | Un'attribuzione causale richiede confronti controllati tra circuiti, configurazioni e device.",qiskit/transpiler/passes/layout/vf2_post_layout.py:366:_score_layout
ibm_heron_156,156,a30f41e65c03fb900a4b8852261a8407c56c389560f4031ecb43099c1bec5089,run_0d98ba5b2ed718579139f00dfa1f99c5a96055baa4cc603a6dd9b9a61aaa5514,wstate_indep_tket_90,wstate,tket,90,181,447,o3_trivial_sabre,3,trivial,sabre,1,timeout,transpilation,timeout,AttemptTimeoutError,100.0,100.00229389000015,Tentativo interrotto dopo 100.0 secondi.,qiskit_post_pass_callback_and_sigalrm_traceback,transpilation,48,VF2PostLayout,qiskit.transpiler.passes.layout.vf2_post_layout.VF2PostLayout,47,99.89144277572632,99.99714171899996,qiskit/transpiler/passes/layout/vf2_post_layout.py,_score_layout,366,optimization,optimization_level,3,medium,False,"Il callback pubblico di Qiskit viene eseguito dopo ogni pass: last_completed_pass non identifica necessariamente il pass interrotto. | Lo stack indica dove SIGALRM è stato osservato, non dimostra quale pass, configurazione, circuito o hardware abbia causato il timeout. | Un'attribuzione causale richiede confronti controllati tra circuiti, configurazioni e device.",qiskit/transpiler/passes/layout/vf2_post_layout.py:366:_score_layout
