device_id,device_num_qubits,target_sha256,run_id,circuit_id,family,generator,num_qubits,depth,size,config_id,optimization_level,layout_method,routing_method,seed,status,phase,category,exception_type,timeout_seconds,observed_total_seconds,message,diagnostic_method,observed_phase,completed_pass_count,last_completed_pass_name,last_completed_pass_class,last_completed_pass_index,last_completed_pass_duration_seconds,last_completed_pass_wall_elapsed_seconds,interrupted_pass_file,interrupted_pass_function,interrupted_pass_line,inferred_qiskit_stage,inferred_configuration_component,inferred_configuration_value,inference_confidence,causal_attribution_supported,diagnostic_limitations,last_relevant_qiskit_frame
ibm_falcon_27,27,b9120f471bd90ef5aae03606ebc1e421478cd50f7b65ff4fb115f64c5148c104,run_88b00143208e296711efaeb1b93e75d47bfa09835f464b251af950bbcbfc6c80,ae_indep_qiskit_11,ae,qiskit,11,60,117,o2_sabre_lookahead,2,sabre,lookahead,1,timeout,transpilation,timeout,AttemptTimeoutError,100.0,100.00729533699632,Tentativo interrotto dopo 100.0 secondi.,qiskit_post_pass_callback_and_sigalrm_traceback,transpilation,21,LookaheadSwap,qiskit.transpiler.passes.routing.lookahead_swap.LookaheadSwap,20,99.97791790962219,99.99495042800845,qiskit/transpiler/passes/routing/lookahead_swap.py,_first_op_node,394,,,,none,False,"Il callback pubblico di Qiskit viene eseguito dopo ogni pass: last_completed_pass non identifica necessariamente il pass interrotto. | Lo stack indica dove SIGALRM è stato osservato, non dimostra quale pass, configurazione, circuito o hardware abbia causato il timeout. | Un'attribuzione causale richiede confronti controllati tra circuiti, configurazioni e device.",qiskit/transpiler/passes/routing/lookahead_swap.py:394:_first_op_node
ibm_falcon_27,27,b9120f471bd90ef5aae03606ebc1e421478cd50f7b65ff4fb115f64c5148c104,run_8f97748bd067309f4c121952631695826b477c062a34942c0ade2b913f83e73f,ae_indep_qiskit_12,ae,qiskit,12,66,134,o2_sabre_lookahead,2,sabre,lookahead,1,timeout,transpilation,timeout,AttemptTimeoutError,100.0,100.00276965099329,Tentativo interrotto dopo 100.0 secondi.,qiskit_post_pass_callback_and_sigalrm_traceback,transpilation,21,LookaheadSwap,qiskit.transpiler.passes.routing.lookahead_swap.LookaheadSwap,20,99.98708605766296,99.99855410499731,qiskit/transpiler/passes/routing/lookahead_swap.py,_first_op_node,394,,,,none,False,"Il callback pubblico di Qiskit viene eseguito dopo ogni pass: last_completed_pass non identifica necessariamente il pass interrotto. | Lo stack indica dove SIGALRM è stato osservato, non dimostra quale pass, configurazione, circuito o hardware abbia causato il timeout. | Un'attribuzione causale richiede confronti controllati tra circuiti, configurazioni e device.",qiskit/transpiler/passes/routing/lookahead_swap.py:394:_first_op_node
ibm_falcon_27,27,b9120f471bd90ef5aae03606ebc1e421478cd50f7b65ff4fb115f64c5148c104,run_668880a516c8dc624e93e84c03d5c238ba6f69aa325755bded576256c6d5760b,ae_indep_qiskit_12,ae,qiskit,12,66,134,o2_sabre_lookahead,2,sabre,lookahead,2,timeout,transpilation,timeout,AttemptTimeoutError,100.0,100.0069884750119,Tentativo interrotto dopo 100.0 secondi.,qiskit_post_pass_callback_and_sigalrm_traceback,transpilation,21,LookaheadSwap,qiskit.transpiler.passes.routing.lookahead_swap.LookaheadSwap,20,99.23636054992676,99.97266908299935,qiskit/transpiler/passes/routing/lookahead_swap.py,_calc_layout_distance,346,,,,none,False,"Il callback pubblico di Qiskit viene eseguito dopo ogni pass: last_completed_pass non identifica necessariamente il pass interrotto. | Lo stack indica dove SIGALRM è stato osservato, non dimostra quale pass, configurazione, circuito o hardware abbia causato il timeout. | Un'attribuzione causale richiede confronti controllati tra circuiti, configurazioni e device.",qiskit/transpiler/passes/routing/lookahead_swap.py:346:_calc_layout_distance
ibm_falcon_27,27,b9120f471bd90ef5aae03606ebc1e421478cd50f7b65ff4fb115f64c5148c104,run_2f349bf49cff2b91096e9af75ed002bf7550471db097c59ce7a53239159a19ea,ae_indep_qiskit_13,ae,qiskit,13,72,152,o2_sabre_lookahead,2,sabre,lookahead,1,timeout,transpilation,timeout,AttemptTimeoutError,100.0,100.00437384199176,Tentativo interrotto dopo 100.0 secondi.,qiskit_post_pass_callback_and_sigalrm_traceback,transpilation,21,LookaheadSwap,qiskit.transpiler.passes.routing.lookahead_swap.LookaheadSwap,20,99.92741560935974,99.9719969699945,qiskit/transpiler/passes/routing/lookahead_swap.py,_first_op_node,394,,,,none,False,"Il callback pubblico di Qiskit viene eseguito dopo ogni pass: last_completed_pass non identifica necessariamente il pass interrotto. | Lo stack indica dove SIGALRM è stato osservato, non dimostra quale pass, configurazione, circuito o hardware abbia causato il timeout. | Un'attribuzione causale richiede confronti controllati tra circuiti, configurazioni e device.",qiskit/transpiler/passes/routing/lookahead_swap.py:394:_first_op_node
ibm_falcon_27,27,b9120f471bd90ef5aae03606ebc1e421478cd50f7b65ff4fb115f64c5148c104,run_428c612e23130c56856f96e53c22abe3cab21abbc61dae50dec7bf10caf41d2f,ae_indep_tket_11,ae,tket,11,70,137,o2_sabre_lookahead,2,sabre,lookahead,0,timeout,transpilation,timeout,AttemptTimeoutError,100.0,100.00552078799228,Tentativo interrotto dopo 100.0 secondi.,qiskit_post_pass_callback_and_sigalrm_traceback,transpilation,21,LookaheadSwap,qiskit.transpiler.passes.routing.lookahead_swap.LookaheadSwap,20,99.98715901374817,99.99888703299803,qiskit/transpiler/passes/routing/lookahead_swap.py,_first_op_node,394,,,,none,False,"Il callback pubblico di Qiskit viene eseguito dopo ogni pass: last_completed_pass non identifica necessariamente il pass interrotto. | Lo stack indica dove SIGALRM è stato osservato, non dimostra quale pass, configurazione, circuito o hardware abbia causato il timeout. | Un'attribuzione causale richiede confronti controllati tra circuiti, configurazioni e device.",qiskit/transpiler/passes/routing/lookahead_swap.py:394:_first_op_node
ibm_falcon_27,27,b9120f471bd90ef5aae03606ebc1e421478cd50f7b65ff4fb115f64c5148c104,run_7ba0e51a0c1624dd8964c63ddf19e2e1c53fd0d34d6ec096b253131466e2a3b5,ae_indep_tket_11,ae,tket,11,70,137,o2_sabre_lookahead,2,sabre,lookahead,1,timeout,transpilation,timeout,AttemptTimeoutError,100.0,100.00385292999272,Tentativo interrotto dopo 100.0 secondi.,qiskit_post_pass_callback_and_sigalrm_traceback,transpilation,21,LookaheadSwap,qiskit.transpiler.passes.routing.lookahead_swap.LookaheadSwap,20,99.98899936676025,99.99854122499528,qiskit/transpiler/passes/routing/lookahead_swap.py,_calc_layout_distance,346,,,,none,False,"Il callback pubblico di Qiskit viene eseguito dopo ogni pass: last_completed_pass non identifica necessariamente il pass interrotto. | Lo stack indica dove SIGALRM è stato osservato, non dimostra quale pass, configurazione, circuito o hardware abbia causato il timeout. | Un'attribuzione causale richiede confronti controllati tra circuiti, configurazioni e device.",qiskit/transpiler/passes/routing/lookahead_swap.py:346:_calc_layout_distance
ibm_falcon_27,27,b9120f471bd90ef5aae03606ebc1e421478cd50f7b65ff4fb115f64c5148c104,run_2d47253307ec6bc312154af0ebf738b89d209555e8766f4e3f8086d5772dd3b1,ae_indep_tket_12,ae,tket,12,77,156,o2_sabre_lookahead,2,sabre,lookahead,1,timeout,transpilation,timeout,AttemptTimeoutError,100.0,100.00360866700066,Tentativo interrotto dopo 100.0 secondi.,qiskit_post_pass_callback_and_sigalrm_traceback,transpilation,21,LookaheadSwap,qiskit.transpiler.passes.routing.lookahead_swap.LookaheadSwap,20,99.98972845077515,99.99895434899372,qiskit/transpiler/passes/routing/lookahead_swap.py,_calc_layout_distance,346,,,,none,False,"Il callback pubblico di Qiskit viene eseguito dopo ogni pass: last_completed_pass non identifica necessariamente il pass interrotto. | Lo stack indica dove SIGALRM è stato osservato, non dimostra quale pass, configurazione, circuito o hardware abbia causato il timeout. | Un'attribuzione causale richiede confronti controllati tra circuiti, configurazioni e device.",qiskit/transpiler/passes/routing/lookahead_swap.py:346:_calc_layout_distance
ibm_falcon_27,27,b9120f471bd90ef5aae03606ebc1e421478cd50f7b65ff4fb115f64c5148c104,run_f39d0af35ab363dbcf485685d678af609da729b0251120e9a1f687dcd2f3fdab,ae_indep_tket_12,ae,tket,12,77,156,o2_sabre_lookahead,2,sabre,lookahead,2,timeout,transpilation,timeout,AttemptTimeoutError,100.0,100.00443234099657,Tentativo interrotto dopo 100.0 secondi.,qiskit_post_pass_callback_and_sigalrm_traceback,transpilation,21,LookaheadSwap,qiskit.transpiler.passes.routing.lookahead_swap.LookaheadSwap,20,99.98967123031616,99.99895835400093,qiskit/transpiler/passes/routing/lookahead_swap.py,_score_state_with_swap,359,,,,none,False,"Il callback pubblico di Qiskit viene eseguito dopo ogni pass: last_completed_pass non identifica necessariamente il pass interrotto. | Lo stack indica dove SIGALRM è stato osservato, non dimostra quale pass, configurazione, circuito o hardware abbia causato il timeout. | Un'attribuzione causale richiede confronti controllati tra circuiti, configurazioni e device.",qiskit/transpiler/passes/routing/lookahead_swap.py:359:_score_state_with_swap
ibm_falcon_27,27,b9120f471bd90ef5aae03606ebc1e421478cd50f7b65ff4fb115f64c5148c104,run_d374fbe73624e2153ec8b56058a7d79937b6a0b35f26d9452c6aafd1d3f9d2af,dj_indep_qiskit_17,dj,qiskit,17,19,65,o2_sabre_lookahead,2,sabre,lookahead,2,timeout,transpilation,timeout,AttemptTimeoutError,100.0,100.00253969599726,Tentativo interrotto dopo 100.0 secondi.,qiskit_post_pass_callback_and_sigalrm_traceback,transpilation,21,LookaheadSwap,qiskit.transpiler.passes.routing.lookahead_swap.LookaheadSwap,20,99.9923038482666,99.9996400020027,qiskit/transpiler/passes/routing/lookahead_swap.py,_calc_layout_distance,346,,,,none,False,"Il callback pubblico di Qiskit viene eseguito dopo ogni pass: last_completed_pass non identifica necessariamente il pass interrotto. | Lo stack indica dove SIGALRM è stato osservato, non dimostra quale pass, configurazione, circuito o hardware abbia causato il timeout. | Un'attribuzione causale richiede confronti controllati tra circuiti, configurazioni e device.",qiskit/transpiler/passes/routing/lookahead_swap.py:346:_calc_layout_distance
ibm_falcon_27,27,b9120f471bd90ef5aae03606ebc1e421478cd50f7b65ff4fb115f64c5148c104,run_7860fc34827bfa0a7d4e0097f5f6fc5c54ff1114fc0f8966f16ea242c1a92a3b,dj_indep_qiskit_22,dj,qiskit,22,24,85,o2_sabre_lookahead,2,sabre,lookahead,1,timeout,transpilation,timeout,AttemptTimeoutError,100.0,100.00168228101393,Tentativo interrotto dopo 100.0 secondi.,qiskit_post_pass_callback_and_sigalrm_traceback,transpilation,21,LookaheadSwap,qiskit.transpiler.passes.routing.lookahead_swap.LookaheadSwap,20,99.99298357963562,99.99960861800355,qiskit/transpiler/passes/routing/lookahead_swap.py,_first_op_node,394,,,,none,False,"Il callback pubblico di Qiskit viene eseguito dopo ogni pass: last_completed_pass non identifica necessariamente il pass interrotto. | Lo stack indica dove SIGALRM è stato osservato, non dimostra quale pass, configurazione, circuito o hardware abbia causato il timeout. | Un'attribuzione causale richiede confronti controllati tra circuiti, configurazioni e device.",qiskit/transpiler/passes/routing/lookahead_swap.py:394:_first_op_node
ibm_falcon_27,27,b9120f471bd90ef5aae03606ebc1e421478cd50f7b65ff4fb115f64c5148c104,run_f15d6d1b927f7567feb911f12298c8c53531a7699ca5978e2b74c26ba9fe381f,dj_indep_qiskit_23,dj,qiskit,23,25,89,o2_sabre_lookahead,2,sabre,lookahead,1,timeout,transpilation,timeout,AttemptTimeoutError,100.0,100.00151157200162,Tentativo interrotto dopo 100.0 secondi.,qiskit_post_pass_callback_and_sigalrm_traceback,transpilation,21,LookaheadSwap,qiskit.transpiler.passes.routing.lookahead_swap.LookaheadSwap,20,99.99252510070801,99.99946411000565,qiskit/transpiler/passes/routing/lookahead_swap.py,_map_free_gates,306,,,,none,False,"Il callback pubblico di Qiskit viene eseguito dopo ogni pass: last_completed_pass non identifica necessariamente il pass interrotto. | Lo stack indica dove SIGALRM è stato osservato, non dimostra quale pass, configurazione, circuito o hardware abbia causato il timeout. | Un'attribuzione causale richiede confronti controllati tra circuiti, configurazioni e device.",qiskit/transpiler/passes/routing/lookahead_swap.py:306:_map_free_gates
ibm_falcon_27,27,b9120f471bd90ef5aae03606ebc1e421478cd50f7b65ff4fb115f64c5148c104,run_c6064d15b1fe5678bccf6ca15bf839a132fe072b7083de18bc0f3064baf73e6d,dj_indep_qiskit_23,dj,qiskit,23,25,89,o2_sabre_lookahead,2,sabre,lookahead,2,timeout,transpilation,timeout,AttemptTimeoutError,100.0,100.00153451699589,Tentativo interrotto dopo 100.0 secondi.,qiskit_post_pass_callback_and_sigalrm_traceback,transpilation,21,LookaheadSwap,qiskit.transpiler.passes.routing.lookahead_swap.LookaheadSwap,20,99.99206233024597,99.9992887499975,qiskit/transpiler/passes/routing/lookahead_swap.py,_first_op_node,394,,,,none,False,"Il callback pubblico di Qiskit viene eseguito dopo ogni pass: last_completed_pass non identifica necessariamente il pass interrotto. | Lo stack indica dove SIGALRM è stato osservato, non dimostra quale pass, configurazione, circuito o hardware abbia causato il timeout. | Un'attribuzione causale richiede confronti controllati tra circuiti, configurazioni e device.",qiskit/transpiler/passes/routing/lookahead_swap.py:394:_first_op_node
ibm_falcon_27,27,b9120f471bd90ef5aae03606ebc1e421478cd50f7b65ff4fb115f64c5148c104,run_1c1b8d6f6b4e069de0a807a4d16a848e4c8d88f4e30d5bc165daa36eddccacc8,dj_indep_qiskit_24,dj,qiskit,24,26,93,o2_sabre_lookahead,2,sabre,lookahead,1,timeout,transpilation,timeout,AttemptTimeoutError,100.0,100.00159579901083,Tentativo interrotto dopo 100.0 secondi.,qiskit_post_pass_callback_and_sigalrm_traceback,transpilation,21,LookaheadSwap,qiskit.transpiler.passes.routing.lookahead_swap.LookaheadSwap,20,99.99255132675171,99.99944621400209,qiskit/transpiler/passes/routing/lookahead_swap.py,_first_op_node,394,,,,none,False,"Il callback pubblico di Qiskit viene eseguito dopo ogni pass: last_completed_pass non identifica necessariamente il pass interrotto. | Lo stack indica dove SIGALRM è stato osservato, non dimostra quale pass, configurazione, circuito o hardware abbia causato il timeout. | Un'attribuzione causale richiede confronti controllati tra circuiti, configurazioni e device.",qiskit/transpiler/passes/routing/lookahead_swap.py:394:_first_op_node
ibm_falcon_27,27,b9120f471bd90ef5aae03606ebc1e421478cd50f7b65ff4fb115f64c5148c104,run_20293d2efee41f8a7adcf9228c07c635798823509e273902d101997e1dd450c4,dj_indep_qiskit_25,dj,qiskit,25,27,97,o2_sabre_lookahead,2,sabre,lookahead,2,timeout,transpilation,timeout,AttemptTimeoutError,100.0,100.00158778599871,Tentativo interrotto dopo 100.0 secondi.,qiskit_post_pass_callback_and_sigalrm_traceback,transpilation,21,LookaheadSwap,qiskit.transpiler.passes.routing.lookahead_swap.LookaheadSwap,20,99.99041962623596,99.99924818599538,qiskit/transpiler/passes/routing/lookahead_swap.py,_first_op_node,394,,,,none,False,"Il callback pubblico di Qiskit viene eseguito dopo ogni pass: last_completed_pass non identifica necessariamente il pass interrotto. | Lo stack indica dove SIGALRM è stato osservato, non dimostra quale pass, configurazione, circuito o hardware abbia causato il timeout. | Un'attribuzione causale richiede confronti controllati tra circuiti, configurazioni e device.",qiskit/transpiler/passes/routing/lookahead_swap.py:394:_first_op_node
ibm_falcon_27,27,b9120f471bd90ef5aae03606ebc1e421478cd50f7b65ff4fb115f64c5148c104,run_ed039ef0c0c2cf6fda3e545c2e7271a66fe6ef70d0a0eaa53ed787c579b07644,dj_indep_qiskit_26,dj,qiskit,26,28,101,o2_sabre_lookahead,2,sabre,lookahead,0,timeout,transpilation,timeout,AttemptTimeoutError,100.0,100.00152506599261,Tentativo interrotto dopo 100.0 secondi.,qiskit_post_pass_callback_and_sigalrm_traceback,transpilation,21,LookaheadSwap,qiskit.transpiler.passes.routing.lookahead_swap.LookaheadSwap,20,99.99001812934875,99.9991683059925,qiskit/transpiler/passes/routing/lookahead_swap.py,_map_free_gates,316,,,,none,False,"Il callback pubblico di Qiskit viene eseguito dopo ogni pass: last_completed_pass non identifica necessariamente il pass interrotto. | Lo stack indica dove SIGALRM è stato osservato, non dimostra quale pass, configurazione, circuito o hardware abbia causato il timeout. | Un'attribuzione causale richiede confronti controllati tra circuiti, configurazioni e device.",qiskit/transpiler/passes/routing/lookahead_swap.py:316:_map_free_gates
ibm_falcon_27,27,b9120f471bd90ef5aae03606ebc1e421478cd50f7b65ff4fb115f64c5148c104,run_98dbe0876a58b62f48a541e1a259bd2dbc5a0894923b92a9e1ef480f1311e463,dj_indep_qiskit_27,dj,qiskit,27,29,105,o2_sabre_lookahead,2,sabre,lookahead,0,timeout,transpilation,timeout,AttemptTimeoutError,100.0,100.0016327409976,Tentativo interrotto dopo 100.0 secondi.,qiskit_post_pass_callback_and_sigalrm_traceback,transpilation,21,LookaheadSwap,qiskit.transpiler.passes.routing.lookahead_swap.LookaheadSwap,20,99.99198579788208,99.9995170369948,qiskit/transpiler/passes/routing/lookahead_swap.py,_calc_layout_distance,346,,,,none,False,"Il callback pubblico di Qiskit viene eseguito dopo ogni pass: last_completed_pass non identifica necessariamente il pass interrotto. | Lo stack indica dove SIGALRM è stato osservato, non dimostra quale pass, configurazione, circuito o hardware abbia causato il timeout. | Un'attribuzione causale richiede confronti controllati tra circuiti, configurazioni e device.",qiskit/transpiler/passes/routing/lookahead_swap.py:346:_calc_layout_distance
ibm_falcon_27,27,b9120f471bd90ef5aae03606ebc1e421478cd50f7b65ff4fb115f64c5148c104,run_f0ccf474f10a38d2a48aed862fe5183ea6d6fae23189243e173db5fa3745b510,dj_indep_tket_17,dj,tket,17,21,86,o2_sabre_lookahead,2,sabre,lookahead,2,timeout,transpilation,timeout,AttemptTimeoutError,100.0,100.00214397699165,Tentativo interrotto dopo 100.0 secondi.,qiskit_post_pass_callback_and_sigalrm_traceback,transpilation,21,LookaheadSwap,qiskit.transpiler.passes.routing.lookahead_swap.LookaheadSwap,20,99.99160885810852,99.99962525199226,qiskit/transpiler/passes/routing/lookahead_swap.py,_first_op_node,394,,,,none,False,"Il callback pubblico di Qiskit viene eseguito dopo ogni pass: last_completed_pass non identifica necessariamente il pass interrotto. | Lo stack indica dove SIGALRM è stato osservato, non dimostra quale pass, configurazione, circuito o hardware abbia causato il timeout. | Un'attribuzione causale richiede confronti controllati tra circuiti, configurazioni e device.",qiskit/transpiler/passes/routing/lookahead_swap.py:394:_first_op_node
ibm_falcon_27,27,b9120f471bd90ef5aae03606ebc1e421478cd50f7b65ff4fb115f64c5148c104,run_6bc66761f38bd6e1828a3bad0511f1b88bfb8464489ed47020836470b920a439,dj_indep_tket_22,dj,tket,22,25,106,o2_sabre_lookahead,2,sabre,lookahead,1,timeout,transpilation,timeout,AttemptTimeoutError,100.0,100.00221225900168,Tentativo interrotto dopo 100.0 secondi.,qiskit_post_pass_callback_and_sigalrm_traceback,transpilation,21,LookaheadSwap,qiskit.transpiler.passes.routing.lookahead_swap.LookaheadSwap,20,99.99095106124878,99.99934357599705,qiskit/transpiler/passes/routing/lookahead_swap.py,_calc_layout_distance,345,,,,none,False,"Il callback pubblico di Qiskit viene eseguito dopo ogni pass: last_completed_pass non identifica necessariamente il pass interrotto. | Lo stack indica dove SIGALRM è stato osservato, non dimostra quale pass, configurazione, circuito o hardware abbia causato il timeout. | Un'attribuzione causale richiede confronti controllati tra circuiti, configurazioni e device.",qiskit/transpiler/passes/routing/lookahead_swap.py:345:_calc_layout_distance
ibm_falcon_27,27,b9120f471bd90ef5aae03606ebc1e421478cd50f7b65ff4fb115f64c5148c104,run_ae5e8333d823979abe73995c4172e7db1d6f1ec022c752060233789b82db446e,dj_indep_tket_23,dj,tket,23,27,112,o2_sabre_lookahead,2,sabre,lookahead,1,timeout,transpilation,timeout,AttemptTimeoutError,100.0,100.0021530350059,Tentativo interrotto dopo 100.0 secondi.,qiskit_post_pass_callback_and_sigalrm_traceback,transpilation,21,LookaheadSwap,qiskit.transpiler.passes.routing.lookahead_swap.LookaheadSwap,20,99.99243307113647,99.99959592900996,qiskit/transpiler/passes/routing/lookahead_swap.py,_score_step,364,,,,none,False,"Il callback pubblico di Qiskit viene eseguito dopo ogni pass: last_completed_pass non identifica necessariamente il pass interrotto. | Lo stack indica dove SIGALRM è stato osservato, non dimostra quale pass, configurazione, circuito o hardware abbia causato il timeout. | Un'attribuzione causale richiede confronti controllati tra circuiti, configurazioni e device.",qiskit/transpiler/passes/routing/lookahead_swap.py:364:_score_step
ibm_falcon_27,27,b9120f471bd90ef5aae03606ebc1e421478cd50f7b65ff4fb115f64c5148c104,run_1bc98cffa619ceecb5ad79ec3e9a045f82431e98436670d8f065ec945beaa6ec,dj_indep_tket_23,dj,tket,23,27,112,o2_sabre_lookahead,2,sabre,lookahead,2,timeout,transpilation,timeout,AttemptTimeoutError,100.0,100.00153263600077,Tentativo interrotto dopo 100.0 secondi.,qiskit_post_pass_callback_and_sigalrm_traceback,transpilation,21,LookaheadSwap,qiskit.transpiler.passes.routing.lookahead_swap.LookaheadSwap,20,99.99194431304932,99.9994955949951,qiskit/transpiler/passes/routing/lookahead_swap.py,_map_free_gates,307,,,,none,False,"Il callback pubblico di Qiskit viene eseguito dopo ogni pass: last_completed_pass non identifica necessariamente il pass interrotto. | Lo stack indica dove SIGALRM è stato osservato, non dimostra quale pass, configurazione, circuito o hardware abbia causato il timeout. | Un'attribuzione causale richiede confronti controllati tra circuiti, configurazioni e device.",qiskit/transpiler/passes/routing/lookahead_swap.py:307:_map_free_gates
ibm_falcon_27,27,b9120f471bd90ef5aae03606ebc1e421478cd50f7b65ff4fb115f64c5148c104,run_df4f09a897b581f93adaafe3981ec73fad287f3f85a2b0634aef52e3e46d3175,dj_indep_tket_24,dj,tket,24,27,116,o2_sabre_lookahead,2,sabre,lookahead,1,timeout,transpilation,timeout,AttemptTimeoutError,100.0,100.00176917501085,Tentativo interrotto dopo 100.0 secondi.,qiskit_post_pass_callback_and_sigalrm_traceback,transpilation,21,LookaheadSwap,qiskit.transpiler.passes.routing.lookahead_swap.LookaheadSwap,20,99.99072694778442,99.99921874000574,qiskit/transpiler/passes/routing/lookahead_swap.py,_calc_layout_distance,346,,,,none,False,"Il callback pubblico di Qiskit viene eseguito dopo ogni pass: last_completed_pass non identifica necessariamente il pass interrotto. | Lo stack indica dove SIGALRM è stato osservato, non dimostra quale pass, configurazione, circuito o hardware abbia causato il timeout. | Un'attribuzione causale richiede confronti controllati tra circuiti, configurazioni e device.",qiskit/transpiler/passes/routing/lookahead_swap.py:346:_calc_layout_distance
ibm_falcon_27,27,b9120f471bd90ef5aae03606ebc1e421478cd50f7b65ff4fb115f64c5148c104,run_8033ced35782832332867c5ccf9598a8c6430d50cf816e448fc5a61be2fdc72a,dj_indep_tket_25,dj,tket,25,28,120,o2_sabre_lookahead,2,sabre,lookahead,2,timeout,transpilation,timeout,AttemptTimeoutError,100.0,100.0022326180042,Tentativo interrotto dopo 100.0 secondi.,qiskit_post_pass_callback_and_sigalrm_traceback,transpilation,21,LookaheadSwap,qiskit.transpiler.passes.routing.lookahead_swap.LookaheadSwap,20,99.99023628234863,99.99952349800151,qiskit/transpiler/passes/routing/lookahead_swap.py,_map_free_gates,307,,,,none,False,"Il callback pubblico di Qiskit viene eseguito dopo ogni pass: last_completed_pass non identifica necessariamente il pass interrotto. | Lo stack indica dove SIGALRM è stato osservato, non dimostra quale pass, configurazione, circuito o hardware abbia causato il timeout. | Un'attribuzione causale richiede confronti controllati tra circuiti, configurazioni e device.",qiskit/transpiler/passes/routing/lookahead_swap.py:307:_map_free_gates
ibm_falcon_27,27,b9120f471bd90ef5aae03606ebc1e421478cd50f7b65ff4fb115f64c5148c104,run_190cc18aa8b7e74fcd097114e4ef10ddec463276d996c2270b645e8d03d3cd9f,dj_indep_tket_26,dj,tket,26,30,126,o2_sabre_lookahead,2,sabre,lookahead,0,timeout,transpilation,timeout,AttemptTimeoutError,100.0,100.00214910699287,Tentativo interrotto dopo 100.0 secondi.,qiskit_post_pass_callback_and_sigalrm_traceback,transpilation,21,LookaheadSwap,qiskit.transpiler.passes.routing.lookahead_swap.LookaheadSwap,20,99.98985528945923,99.99935989700316,qiskit/transpiler/passes/routing/lookahead_swap.py,_first_op_node,394,,,,none,False,"Il callback pubblico di Qiskit viene eseguito dopo ogni pass: last_completed_pass non identifica necessariamente il pass interrotto. | Lo stack indica dove SIGALRM è stato osservato, non dimostra quale pass, configurazione, circuito o hardware abbia causato il timeout. | Un'attribuzione causale richiede confronti controllati tra circuiti, configurazioni e device.",qiskit/transpiler/passes/routing/lookahead_swap.py:394:_first_op_node
ibm_falcon_27,27,b9120f471bd90ef5aae03606ebc1e421478cd50f7b65ff4fb115f64c5148c104,run_0513f675bfc3f77d1f374a99747e4695800305283bd1143b1e4e978ad55e0082,dj_indep_tket_27,dj,tket,27,31,132,o2_sabre_lookahead,2,sabre,lookahead,0,timeout,transpilation,timeout,AttemptTimeoutError,100.0,100.0032050590089,Tentativo interrotto dopo 100.0 secondi.,qiskit_post_pass_callback_and_sigalrm_traceback,transpilation,21,LookaheadSwap,qiskit.transpiler.passes.routing.lookahead_swap.LookaheadSwap,20,99.9899971485138,99.99945698298689,qiskit/transpiler/passes/routing/lookahead_swap.py,_map_free_gates,316,,,,none,False,"Il callback pubblico di Qiskit viene eseguito dopo ogni pass: last_completed_pass non identifica necessariamente il pass interrotto. | Lo stack indica dove SIGALRM è stato osservato, non dimostra quale pass, configurazione, circuito o hardware abbia causato il timeout. | Un'attribuzione causale richiede confronti controllati tra circuiti, configurazioni e device.",qiskit/transpiler/passes/routing/lookahead_swap.py:316:_map_free_gates
ibm_falcon_27,27,b9120f471bd90ef5aae03606ebc1e421478cd50f7b65ff4fb115f64c5148c104,run_19d7e47ad578aac3a2fa26af3daefe19a3e62423c46a2155ff1debe918eda6cc,portfolioqaoa_indep_qiskit_6,portfolioqaoa,qiskit,6,27,81,o2_sabre_lookahead,2,sabre,lookahead,0,timeout,transpilation,timeout,AttemptTimeoutError,100.0,100.00212980799552,Tentativo interrotto dopo 100.0 secondi.,qiskit_post_pass_callback_and_sigalrm_traceback,transpilation,21,LookaheadSwap,qiskit.transpiler.passes.routing.lookahead_swap.LookaheadSwap,20,99.99177241325378,99.99943795001309,qiskit/transpiler/passes/routing/lookahead_swap.py,_calc_layout_distance,346,,,,none,False,"Il callback pubblico di Qiskit viene eseguito dopo ogni pass: last_completed_pass non identifica necessariamente il pass interrotto. | Lo stack indica dove SIGALRM è stato osservato, non dimostra quale pass, configurazione, circuito o hardware abbia causato il timeout. | Un'attribuzione causale richiede confronti controllati tra circuiti, configurazioni e device.",qiskit/transpiler/passes/routing/lookahead_swap.py:346:_calc_layout_distance
ibm_falcon_27,27,b9120f471bd90ef5aae03606ebc1e421478cd50f7b65ff4fb115f64c5148c104,run_38bedce254de07753eca443b18e228461039a05a039feaed4c2f9bc662966a87,portfolioqaoa_indep_qiskit_7,portfolioqaoa,qiskit,7,31,105,o2_sabre_lookahead,2,sabre,lookahead,0,timeout,transpilation,timeout,AttemptTimeoutError,100.0,100.00136799699976,Tentativo interrotto dopo 100.0 secondi.,qiskit_post_pass_callback_and_sigalrm_traceback,transpilation,21,LookaheadSwap,qiskit.transpiler.passes.routing.lookahead_swap.LookaheadSwap,20,99.98956036567688,99.9993253749999,qiskit/transpiler/passes/routing/lookahead_swap.py,_map_free_gates,316,,,,none,False,"Il callback pubblico di Qiskit viene eseguito dopo ogni pass: last_completed_pass non identifica necessariamente il pass interrotto. | Lo stack indica dove SIGALRM è stato osservato, non dimostra quale pass, configurazione, circuito o hardware abbia causato il timeout. | Un'attribuzione causale richiede confronti controllati tra circuiti, configurazioni e device.",qiskit/transpiler/passes/routing/lookahead_swap.py:316:_map_free_gates
ibm_falcon_27,27,b9120f471bd90ef5aae03606ebc1e421478cd50f7b65ff4fb115f64c5148c104,run_5e9ea3373397a893e5422e68e6dd46ddf78b18721daee97655fe42e8b9ca9c38,portfolioqaoa_indep_qiskit_7,portfolioqaoa,qiskit,7,31,105,o2_sabre_lookahead,2,sabre,lookahead,2,timeout,transpilation,timeout,AttemptTimeoutError,100.0,100.00226029400073,Tentativo interrotto dopo 100.0 secondi.,qiskit_post_pass_callback_and_sigalrm_traceback,transpilation,21,LookaheadSwap,qiskit.transpiler.passes.routing.lookahead_swap.LookaheadSwap,20,99.99061703681946,99.99939726099547,qiskit/transpiler/passes/routing/lookahead_swap.py,_first_op_node,394,,,,none,False,"Il callback pubblico di Qiskit viene eseguito dopo ogni pass: last_completed_pass non identifica necessariamente il pass interrotto. | Lo stack indica dove SIGALRM è stato osservato, non dimostra quale pass, configurazione, circuito o hardware abbia causato il timeout. | Un'attribuzione causale richiede confronti controllati tra circuiti, configurazioni e device.",qiskit/transpiler/passes/routing/lookahead_swap.py:394:_first_op_node
ibm_falcon_27,27,b9120f471bd90ef5aae03606ebc1e421478cd50f7b65ff4fb115f64c5148c104,run_74cdbd1f9fea74b6eb51605e93ce0ed461f9169b3b3e09abf059f2ae0646e5f9,portfolioqaoa_indep_tket_6,portfolioqaoa,tket,6,30,99,o2_sabre_lookahead,2,sabre,lookahead,0,timeout,transpilation,timeout,AttemptTimeoutError,100.0,100.00222514099733,Tentativo interrotto dopo 100.0 secondi.,qiskit_post_pass_callback_and_sigalrm_traceback,transpilation,21,LookaheadSwap,qiskit.transpiler.passes.routing.lookahead_swap.LookaheadSwap,20,99.98905181884766,99.99915940601204,qiskit/transpiler/passes/routing/lookahead_swap.py,_calc_layout_distance,346,,,,none,False,"Il callback pubblico di Qiskit viene eseguito dopo ogni pass: last_completed_pass non identifica necessariamente il pass interrotto. | Lo stack indica dove SIGALRM è stato osservato, non dimostra quale pass, configurazione, circuito o hardware abbia causato il timeout. | Un'attribuzione causale richiede confronti controllati tra circuiti, configurazioni e device.",qiskit/transpiler/passes/routing/lookahead_swap.py:346:_calc_layout_distance
ibm_falcon_27,27,b9120f471bd90ef5aae03606ebc1e421478cd50f7b65ff4fb115f64c5148c104,run_d095a27d63fd8ffc9ca669a7d882d4e442a6fbf6bc2a9bd243400292b0a5358f,portfolioqaoa_indep_tket_7,portfolioqaoa,tket,7,34,126,o2_sabre_lookahead,2,sabre,lookahead,0,timeout,transpilation,timeout,AttemptTimeoutError,100.0,100.00202330799948,Tentativo interrotto dopo 100.0 secondi.,qiskit_post_pass_callback_and_sigalrm_traceback,transpilation,21,LookaheadSwap,qiskit.transpiler.passes.routing.lookahead_swap.LookaheadSwap,20,99.99009251594543,99.99892238900065,qiskit/transpiler/passes/routing/lookahead_swap.py,_map_free_gates,317,,,,none,False,"Il callback pubblico di Qiskit viene eseguito dopo ogni pass: last_completed_pass non identifica necessariamente il pass interrotto. | Lo stack indica dove SIGALRM è stato osservato, non dimostra quale pass, configurazione, circuito o hardware abbia causato il timeout. | Un'attribuzione causale richiede confronti controllati tra circuiti, configurazioni e device.",qiskit/transpiler/passes/routing/lookahead_swap.py:317:_map_free_gates
ibm_falcon_27,27,b9120f471bd90ef5aae03606ebc1e421478cd50f7b65ff4fb115f64c5148c104,run_2f08f07ee7b333abaf36bb98bc408074fba8928aa4839d6f47675906f74da14c,portfolioqaoa_indep_tket_7,portfolioqaoa,tket,7,34,126,o2_sabre_lookahead,2,sabre,lookahead,2,timeout,transpilation,timeout,AttemptTimeoutError,100.0,100.0014893089974,Tentativo interrotto dopo 100.0 secondi.,qiskit_post_pass_callback_and_sigalrm_traceback,transpilation,21,LookaheadSwap,qiskit.transpiler.passes.routing.lookahead_swap.LookaheadSwap,20,99.98912000656128,99.99901150701044,qiskit/transpiler/passes/routing/lookahead_swap.py,_map_free_gates,317,,,,none,False,"Il callback pubblico di Qiskit viene eseguito dopo ogni pass: last_completed_pass non identifica necessariamente il pass interrotto. | Lo stack indica dove SIGALRM è stato osservato, non dimostra quale pass, configurazione, circuito o hardware abbia causato il timeout. | Un'attribuzione causale richiede confronti controllati tra circuiti, configurazioni e device.",qiskit/transpiler/passes/routing/lookahead_swap.py:317:_map_free_gates
ibm_falcon_27,27,b9120f471bd90ef5aae03606ebc1e421478cd50f7b65ff4fb115f64c5148c104,run_9f72e732deeef1c9d073e4250526ab91de118c112ff7ba1474991d58f774a8ea,portfoliovqe_indep_qiskit_10,portfoliovqe,qiskit,10,42,185,o2_sabre_lookahead,2,sabre,lookahead,0,timeout,transpilation,timeout,AttemptTimeoutError,100.0,100.00175756799581,Tentativo interrotto dopo 100.0 secondi.,qiskit_post_pass_callback_and_sigalrm_traceback,transpilation,21,LookaheadSwap,qiskit.transpiler.passes.routing.lookahead_swap.LookaheadSwap,20,99.98422837257385,99.99925282500044,qiskit/transpiler/passes/routing/lookahead_swap.py,_calc_layout_distance,346,,,,none,False,"Il callback pubblico di Qiskit viene eseguito dopo ogni pass: last_completed_pass non identifica necessariamente il pass interrotto. | Lo stack indica dove SIGALRM è stato osservato, non dimostra quale pass, configurazione, circuito o hardware abbia causato il timeout. | Un'attribuzione causale richiede confronti controllati tra circuiti, configurazioni e device.",qiskit/transpiler/passes/routing/lookahead_swap.py:346:_calc_layout_distance
ibm_falcon_27,27,b9120f471bd90ef5aae03606ebc1e421478cd50f7b65ff4fb115f64c5148c104,run_fcce394621edf483eebda7cd50b3913d139e0d3ebea8878d7d48cd0549d1f08e,portfoliovqe_indep_qiskit_10,portfoliovqe,qiskit,10,42,185,o2_sabre_lookahead,2,sabre,lookahead,1,timeout,transpilation,timeout,AttemptTimeoutError,100.0,100.00261928499094,Tentativo interrotto dopo 100.0 secondi.,qiskit_post_pass_callback_and_sigalrm_traceback,transpilation,21,LookaheadSwap,qiskit.transpiler.passes.routing.lookahead_swap.LookaheadSwap,20,99.98630046844482,99.99929908099875,qiskit/transpiler/passes/routing/lookahead_swap.py,_first_op_node,394,,,,none,False,"Il callback pubblico di Qiskit viene eseguito dopo ogni pass: last_completed_pass non identifica necessariamente il pass interrotto. | Lo stack indica dove SIGALRM è stato osservato, non dimostra quale pass, configurazione, circuito o hardware abbia causato il timeout. | Un'attribuzione causale richiede confronti controllati tra circuiti, configurazioni e device.",qiskit/transpiler/passes/routing/lookahead_swap.py:394:_first_op_node
ibm_falcon_27,27,b9120f471bd90ef5aae03606ebc1e421478cd50f7b65ff4fb115f64c5148c104,run_930bad0af1af7d352f635996b9aa0b93de6501febb048d902b19aec5f5c15c8f,portfoliovqe_indep_qiskit_10,portfoliovqe,qiskit,10,42,185,o2_sabre_lookahead,2,sabre,lookahead,2,timeout,transpilation,timeout,AttemptTimeoutError,100.0,100.00252132600872,Tentativo interrotto dopo 100.0 secondi.,qiskit_post_pass_callback_and_sigalrm_traceback,transpilation,21,LookaheadSwap,qiskit.transpiler.passes.routing.lookahead_swap.LookaheadSwap,20,99.98483347892761,99.99883518200659,qiskit/transpiler/passes/routing/lookahead_swap.py,_calc_layout_distance,346,,,,none,False,"Il callback pubblico di Qiskit viene eseguito dopo ogni pass: last_completed_pass non identifica necessariamente il pass interrotto. | Lo stack indica dove SIGALRM è stato osservato, non dimostra quale pass, configurazione, circuito o hardware abbia causato il timeout. | Un'attribuzione causale richiede confronti controllati tra circuiti, configurazioni e device.",qiskit/transpiler/passes/routing/lookahead_swap.py:346:_calc_layout_distance
ibm_falcon_27,27,b9120f471bd90ef5aae03606ebc1e421478cd50f7b65ff4fb115f64c5148c104,run_c4b7b2d7612978ca78b3aef59c11fb2ffef0f51463ad2daa5979509f9dd74c3c,portfoliovqe_indep_qiskit_11,portfoliovqe,qiskit,11,46,220,o2_sabre_lookahead,2,sabre,lookahead,0,timeout,transpilation,timeout,AttemptTimeoutError,100.0,100.00194776701392,Tentativo interrotto dopo 100.0 secondi.,qiskit_post_pass_callback_and_sigalrm_traceback,transpilation,21,LookaheadSwap,qiskit.transpiler.passes.routing.lookahead_swap.LookaheadSwap,20,99.97486019134521,99.99909393499547,qiskit/transpiler/passes/routing/lookahead_swap.py,_calc_layout_distance,346,,,,none,False,"Il callback pubblico di Qiskit viene eseguito dopo ogni pass: last_completed_pass non identifica necessariamente il pass interrotto. | Lo stack indica dove SIGALRM è stato osservato, non dimostra quale pass, configurazione, circuito o hardware abbia causato il timeout. | Un'attribuzione causale richiede confronti controllati tra circuiti, configurazioni e device.",qiskit/transpiler/passes/routing/lookahead_swap.py:346:_calc_layout_distance
ibm_falcon_27,27,b9120f471bd90ef5aae03606ebc1e421478cd50f7b65ff4fb115f64c5148c104,run_f205cb43e304c517fcc936ed5cbe73fcc6d6501a9ffee3fff3eaa595051be70d,portfoliovqe_indep_qiskit_11,portfoliovqe,qiskit,11,46,220,o2_sabre_lookahead,2,sabre,lookahead,1,timeout,transpilation,timeout,AttemptTimeoutError,100.0,100.00179298699368,Tentativo interrotto dopo 100.0 secondi.,qiskit_post_pass_callback_and_sigalrm_traceback,transpilation,21,LookaheadSwap,qiskit.transpiler.passes.routing.lookahead_swap.LookaheadSwap,20,99.98127746582031,99.99870875901252,qiskit/transpiler/passes/routing/lookahead_swap.py,_calc_layout_distance,346,,,,none,False,"Il callback pubblico di Qiskit viene eseguito dopo ogni pass: last_completed_pass non identifica necessariamente il pass interrotto. | Lo stack indica dove SIGALRM è stato osservato, non dimostra quale pass, configurazione, circuito o hardware abbia causato il timeout. | Un'attribuzione causale richiede confronti controllati tra circuiti, configurazioni e device.",qiskit/transpiler/passes/routing/lookahead_swap.py:346:_calc_layout_distance
ibm_falcon_27,27,b9120f471bd90ef5aae03606ebc1e421478cd50f7b65ff4fb115f64c5148c104,run_759e5e491a9e5b8f60e79692cd7b9603fb7ee6583cc5fc6844af421ab26ab553,portfoliovqe_indep_qiskit_11,portfoliovqe,qiskit,11,46,220,o2_sabre_lookahead,2,sabre,lookahead,2,timeout,transpilation,timeout,AttemptTimeoutError,100.0,100.00222726700304,Tentativo interrotto dopo 100.0 secondi.,qiskit_post_pass_callback_and_sigalrm_traceback,transpilation,21,LookaheadSwap,qiskit.transpiler.passes.routing.lookahead_swap.LookaheadSwap,20,99.98297476768494,99.99877209900296,qiskit/transpiler/passes/routing/lookahead_swap.py,_map_free_gates,316,,,,none,False,"Il callback pubblico di Qiskit viene eseguito dopo ogni pass: last_completed_pass non identifica necessariamente il pass interrotto. | Lo stack indica dove SIGALRM è stato osservato, non dimostra quale pass, configurazione, circuito o hardware abbia causato il timeout. | Un'attribuzione causale richiede confronti controllati tra circuiti, configurazioni e device.",qiskit/transpiler/passes/routing/lookahead_swap.py:316:_map_free_gates
ibm_falcon_27,27,b9120f471bd90ef5aae03606ebc1e421478cd50f7b65ff4fb115f64c5148c104,run_28787f78b9956db5e1a026dd282061349abab1057c4efe144aaee70e65c408b3,portfoliovqe_indep_qiskit_6,portfoliovqe,qiskit,6,26,75,o2_sabre_lookahead,2,sabre,lookahead,0,timeout,transpilation,timeout,AttemptTimeoutError,100.0,100.00150004199531,Tentativo interrotto dopo 100.0 secondi.,qiskit_post_pass_callback_and_sigalrm_traceback,transpilation,21,LookaheadSwap,qiskit.transpiler.passes.routing.lookahead_swap.LookaheadSwap,20,99.99111723899841,99.99934992700582,qiskit/transpiler/passes/routing/lookahead_swap.py,_calc_layout_distance,346,,,,none,False,"Il callback pubblico di Qiskit viene eseguito dopo ogni pass: last_completed_pass non identifica necessariamente il pass interrotto. | Lo stack indica dove SIGALRM è stato osservato, non dimostra quale pass, configurazione, circuito o hardware abbia causato il timeout. | Un'attribuzione causale richiede confronti controllati tra circuiti, configurazioni e device.",qiskit/transpiler/passes/routing/lookahead_swap.py:346:_calc_layout_distance
ibm_falcon_27,27,b9120f471bd90ef5aae03606ebc1e421478cd50f7b65ff4fb115f64c5148c104,run_593f678073c3e8e2c70d2b6847f83552588878af242de8f84940ccb04fcfe445,portfoliovqe_indep_qiskit_7,portfoliovqe,qiskit,7,30,98,o2_sabre_lookahead,2,sabre,lookahead,0,timeout,transpilation,timeout,AttemptTimeoutError,100.0,100.00142061999941,Tentativo interrotto dopo 100.0 secondi.,qiskit_post_pass_callback_and_sigalrm_traceback,transpilation,21,LookaheadSwap,qiskit.transpiler.passes.routing.lookahead_swap.LookaheadSwap,20,99.98918128013611,99.99908914200205,qiskit/transpiler/passes/routing/lookahead_swap.py,_map_free_gates,312,,,,none,False,"Il callback pubblico di Qiskit viene eseguito dopo ogni pass: last_completed_pass non identifica necessariamente il pass interrotto. | Lo stack indica dove SIGALRM è stato osservato, non dimostra quale pass, configurazione, circuito o hardware abbia causato il timeout. | Un'attribuzione causale richiede confronti controllati tra circuiti, configurazioni e device.",qiskit/transpiler/passes/routing/lookahead_swap.py:312:_map_free_gates
ibm_falcon_27,27,b9120f471bd90ef5aae03606ebc1e421478cd50f7b65ff4fb115f64c5148c104,run_3a5c273053f78b530d70cfcb586ca1136a77ad50b2293cf5d5be4f89a505b439,portfoliovqe_indep_qiskit_7,portfoliovqe,qiskit,7,30,98,o2_sabre_lookahead,2,sabre,lookahead,2,timeout,transpilation,timeout,AttemptTimeoutError,100.0,100.00208598500467,Tentativo interrotto dopo 100.0 secondi.,qiskit_post_pass_callback_and_sigalrm_traceback,transpilation,21,LookaheadSwap,qiskit.transpiler.passes.routing.lookahead_swap.LookaheadSwap,20,99.99016404151917,99.99955667099857,qiskit/transpiler/passes/routing/lookahead_swap.py,_calc_layout_distance,346,,,,none,False,"Il callback pubblico di Qiskit viene eseguito dopo ogni pass: last_completed_pass non identifica necessariamente il pass interrotto. | Lo stack indica dove SIGALRM è stato osservato, non dimostra quale pass, configurazione, circuito o hardware abbia causato il timeout. | Un'attribuzione causale richiede confronti controllati tra circuiti, configurazioni e device.",qiskit/transpiler/passes/routing/lookahead_swap.py:346:_calc_layout_distance
ibm_falcon_27,27,b9120f471bd90ef5aae03606ebc1e421478cd50f7b65ff4fb115f64c5148c104,run_c625e5955aebff69e280f737809c3e1df6f510e97a1ff7f4feff10edaae11e60,portfoliovqe_indep_qiskit_8,portfoliovqe,qiskit,8,34,124,o2_sabre_lookahead,2,sabre,lookahead,0,timeout,transpilation,timeout,AttemptTimeoutError,100.0,100.0013317480043,Tentativo interrotto dopo 100.0 secondi.,qiskit_post_pass_callback_and_sigalrm_traceback,transpilation,21,LookaheadSwap,qiskit.transpiler.passes.routing.lookahead_swap.LookaheadSwap,20,99.98911166191101,99.99920954499976,qiskit/transpiler/passes/routing/lookahead_swap.py,_map_free_gates,307,,,,none,False,"Il callback pubblico di Qiskit viene eseguito dopo ogni pass: last_completed_pass non identifica necessariamente il pass interrotto. | Lo stack indica dove SIGALRM è stato osservato, non dimostra quale pass, configurazione, circuito o hardware abbia causato il timeout. | Un'attribuzione causale richiede confronti controllati tra circuiti, configurazioni e device.",qiskit/transpiler/passes/routing/lookahead_swap.py:307:_map_free_gates
ibm_falcon_27,27,b9120f471bd90ef5aae03606ebc1e421478cd50f7b65ff4fb115f64c5148c104,run_8993da8b0bef091d912549e3e4d706081bb6fa4c7c60ae0d357074f7b9628dea,portfoliovqe_indep_qiskit_8,portfoliovqe,qiskit,8,34,124,o2_sabre_lookahead,2,sabre,lookahead,1,timeout,transpilation,timeout,AttemptTimeoutError,100.0,100.00206228200113,Tentativo interrotto dopo 100.0 secondi.,qiskit_post_pass_callback_and_sigalrm_traceback,transpilation,21,LookaheadSwap,qiskit.transpiler.passes.routing.lookahead_swap.LookaheadSwap,20,99.9901475906372,99.99932769300358,qiskit/transpiler/passes/routing/lookahead_swap.py,_map_free_gates,316,,,,none,False,"Il callback pubblico di Qiskit viene eseguito dopo ogni pass: last_completed_pass non identifica necessariamente il pass interrotto. | Lo stack indica dove SIGALRM è stato osservato, non dimostra quale pass, configurazione, circuito o hardware abbia causato il timeout. | Un'attribuzione causale richiede confronti controllati tra circuiti, configurazioni e device.",qiskit/transpiler/passes/routing/lookahead_swap.py:316:_map_free_gates
ibm_falcon_27,27,b9120f471bd90ef5aae03606ebc1e421478cd50f7b65ff4fb115f64c5148c104,run_00dce69d458e8088f34dec75dbf60670c69a15cb0fc8d7ff2fbcf75d13848c4c,portfoliovqe_indep_qiskit_8,portfoliovqe,qiskit,8,34,124,o2_sabre_lookahead,2,sabre,lookahead,2,timeout,transpilation,timeout,AttemptTimeoutError,100.0,100.00215279999247,Tentativo interrotto dopo 100.0 secondi.,qiskit_post_pass_callback_and_sigalrm_traceback,transpilation,21,LookaheadSwap,qiskit.transpiler.passes.routing.lookahead_swap.LookaheadSwap,20,99.98931074142456,99.99907627199718,qiskit/transpiler/passes/routing/lookahead_swap.py,_calc_layout_distance,346,,,,none,False,"Il callback pubblico di Qiskit viene eseguito dopo ogni pass: last_completed_pass non identifica necessariamente il pass interrotto. | Lo stack indica dove SIGALRM è stato osservato, non dimostra quale pass, configurazione, circuito o hardware abbia causato il timeout. | Un'attribuzione causale richiede confronti controllati tra circuiti, configurazioni e device.",qiskit/transpiler/passes/routing/lookahead_swap.py:346:_calc_layout_distance
ibm_falcon_27,27,b9120f471bd90ef5aae03606ebc1e421478cd50f7b65ff4fb115f64c5148c104,run_5ac6756cf8be370f5d0f23cbf5f7d7fd0b20b2c875809a22eca6f769665508f9,portfoliovqe_indep_qiskit_9,portfoliovqe,qiskit,9,38,153,o2_sabre_lookahead,2,sabre,lookahead,0,timeout,transpilation,timeout,AttemptTimeoutError,100.0,100.0022921260097,Tentativo interrotto dopo 100.0 secondi.,qiskit_post_pass_callback_and_sigalrm_traceback,transpilation,21,LookaheadSwap,qiskit.transpiler.passes.routing.lookahead_swap.LookaheadSwap,20,99.98797011375427,99.99935702201037,qiskit/transpiler/passes/routing/lookahead_swap.py,_calc_layout_distance,346,,,,none,False,"Il callback pubblico di Qiskit viene eseguito dopo ogni pass: last_completed_pass non identifica necessariamente il pass interrotto. | Lo stack indica dove SIGALRM è stato osservato, non dimostra quale pass, configurazione, circuito o hardware abbia causato il timeout. | Un'attribuzione causale richiede confronti controllati tra circuiti, configurazioni e device.",qiskit/transpiler/passes/routing/lookahead_swap.py:346:_calc_layout_distance
ibm_falcon_27,27,b9120f471bd90ef5aae03606ebc1e421478cd50f7b65ff4fb115f64c5148c104,run_1f7e903201731387c23cfb72d42ae5ee7369cd16184d5797c01995ff8c691226,portfoliovqe_indep_qiskit_9,portfoliovqe,qiskit,9,38,153,o2_sabre_lookahead,2,sabre,lookahead,1,timeout,transpilation,timeout,AttemptTimeoutError,100.0,100.00149807200069,Tentativo interrotto dopo 100.0 secondi.,qiskit_post_pass_callback_and_sigalrm_traceback,transpilation,21,LookaheadSwap,qiskit.transpiler.passes.routing.lookahead_swap.LookaheadSwap,20,99.98635959625244,99.9989757079893,qiskit/transpiler/passes/routing/lookahead_swap.py,_map_free_gates,318,,,,none,False,"Il callback pubblico di Qiskit viene eseguito dopo ogni pass: last_completed_pass non identifica necessariamente il pass interrotto. | Lo stack indica dove SIGALRM è stato osservato, non dimostra quale pass, configurazione, circuito o hardware abbia causato il timeout. | Un'attribuzione causale richiede confronti controllati tra circuiti, configurazioni e device.",qiskit/transpiler/passes/routing/lookahead_swap.py:318:_map_free_gates
ibm_falcon_27,27,b9120f471bd90ef5aae03606ebc1e421478cd50f7b65ff4fb115f64c5148c104,run_bb66d51a9e1fd484a82632d777efaa27f9251400687c11c8a2cc3a293113abf4,portfoliovqe_indep_qiskit_9,portfoliovqe,qiskit,9,38,153,o2_sabre_lookahead,2,sabre,lookahead,2,timeout,transpilation,timeout,AttemptTimeoutError,100.0,100.00157141800446,Tentativo interrotto dopo 100.0 secondi.,qiskit_post_pass_callback_and_sigalrm_traceback,transpilation,21,LookaheadSwap,qiskit.transpiler.passes.routing.lookahead_swap.LookaheadSwap,20,99.98729634284973,99.99895679300244,qiskit/transpiler/passes/routing/lookahead_swap.py,_map_free_gates,312,,,,none,False,"Il callback pubblico di Qiskit viene eseguito dopo ogni pass: last_completed_pass non identifica necessariamente il pass interrotto. | Lo stack indica dove SIGALRM è stato osservato, non dimostra quale pass, configurazione, circuito o hardware abbia causato il timeout. | Un'attribuzione causale richiede confronti controllati tra circuiti, configurazioni e device.",qiskit/transpiler/passes/routing/lookahead_swap.py:312:_map_free_gates
ibm_falcon_27,27,b9120f471bd90ef5aae03606ebc1e421478cd50f7b65ff4fb115f64c5148c104,run_e398beb03dfb7b1d6879e5ffece9437192779f85dae8e2360f56d9b7487d5f32,portfoliovqe_indep_tket_10,portfoliovqe,tket,10,42,185,o2_sabre_lookahead,2,sabre,lookahead,0,timeout,transpilation,timeout,AttemptTimeoutError,100.0,100.002401877995,Tentativo interrotto dopo 100.0 secondi.,qiskit_post_pass_callback_and_sigalrm_traceback,transpilation,21,LookaheadSwap,qiskit.transpiler.passes.routing.lookahead_swap.LookaheadSwap,20,99.98271083831787,99.99888028898567,qiskit/transpiler/passes/routing/lookahead_swap.py,_calc_layout_distance,346,,,,none,False,"Il callback pubblico di Qiskit viene eseguito dopo ogni pass: last_completed_pass non identifica necessariamente il pass interrotto. | Lo stack indica dove SIGALRM è stato osservato, non dimostra quale pass, configurazione, circuito o hardware abbia causato il timeout. | Un'attribuzione causale richiede confronti controllati tra circuiti, configurazioni e device.",qiskit/transpiler/passes/routing/lookahead_swap.py:346:_calc_layout_distance
ibm_falcon_27,27,b9120f471bd90ef5aae03606ebc1e421478cd50f7b65ff4fb115f64c5148c104,run_6ce78624f1a31038c09f1e3a398f2e38fc04735049cdb7c8b91de5cf4a22730e,portfoliovqe_indep_tket_10,portfoliovqe,tket,10,42,185,o2_sabre_lookahead,2,sabre,lookahead,1,timeout,transpilation,timeout,AttemptTimeoutError,100.0,100.00249688400072,Tentativo interrotto dopo 100.0 secondi.,qiskit_post_pass_callback_and_sigalrm_traceback,transpilation,21,LookaheadSwap,qiskit.transpiler.passes.routing.lookahead_swap.LookaheadSwap,20,99.98641610145569,99.99924637199729,qiskit/transpiler/passes/routing/lookahead_swap.py,_calc_layout_distance,346,,,,none,False,"Il callback pubblico di Qiskit viene eseguito dopo ogni pass: last_completed_pass non identifica necessariamente il pass interrotto. | Lo stack indica dove SIGALRM è stato osservato, non dimostra quale pass, configurazione, circuito o hardware abbia causato il timeout. | Un'attribuzione causale richiede confronti controllati tra circuiti, configurazioni e device.",qiskit/transpiler/passes/routing/lookahead_swap.py:346:_calc_layout_distance
ibm_falcon_27,27,b9120f471bd90ef5aae03606ebc1e421478cd50f7b65ff4fb115f64c5148c104,run_4145716b5c493c0b0a3839fe6de19e9490bca628679801cc71ba8d60a92e9176,portfoliovqe_indep_tket_10,portfoliovqe,tket,10,42,185,o2_sabre_lookahead,2,sabre,lookahead,2,timeout,transpilation,timeout,AttemptTimeoutError,100.0,100.00259505800204,Tentativo interrotto dopo 100.0 secondi.,qiskit_post_pass_callback_and_sigalrm_traceback,transpilation,21,LookaheadSwap,qiskit.transpiler.passes.routing.lookahead_swap.LookaheadSwap,20,99.98700952529907,99.99908209900605,qiskit/transpiler/passes/routing/lookahead_swap.py,_calc_layout_distance,346,,,,none,False,"Il callback pubblico di Qiskit viene eseguito dopo ogni pass: last_completed_pass non identifica necessariamente il pass interrotto. | Lo stack indica dove SIGALRM è stato osservato, non dimostra quale pass, configurazione, circuito o hardware abbia causato il timeout. | Un'attribuzione causale richiede confronti controllati tra circuiti, configurazioni e device.",qiskit/transpiler/passes/routing/lookahead_swap.py:346:_calc_layout_distance
ibm_falcon_27,27,b9120f471bd90ef5aae03606ebc1e421478cd50f7b65ff4fb115f64c5148c104,run_10b285474e4dfbf1635b95532f76850fe6c83bb74e6def1ecffe2db11954db7d,portfoliovqe_indep_tket_11,portfoliovqe,tket,11,46,220,o2_sabre_lookahead,2,sabre,lookahead,0,timeout,transpilation,timeout,AttemptTimeoutError,100.0,100.00186731800204,Tentativo interrotto dopo 100.0 secondi.,qiskit_post_pass_callback_and_sigalrm_traceback,transpilation,21,LookaheadSwap,qiskit.transpiler.passes.routing.lookahead_swap.LookaheadSwap,20,99.98261380195618,99.99865894699178,qiskit/transpiler/passes/routing/lookahead_swap.py,_calc_layout_distance,346,,,,none,False,"Il callback pubblico di Qiskit viene eseguito dopo ogni pass: last_completed_pass non identifica necessariamente il pass interrotto. | Lo stack indica dove SIGALRM è stato osservato, non dimostra quale pass, configurazione, circuito o hardware abbia causato il timeout. | Un'attribuzione causale richiede confronti controllati tra circuiti, configurazioni e device.",qiskit/transpiler/passes/routing/lookahead_swap.py:346:_calc_layout_distance
ibm_falcon_27,27,b9120f471bd90ef5aae03606ebc1e421478cd50f7b65ff4fb115f64c5148c104,run_d41237bf68ab699ce5398e6a4ca596379f1b8d9323e0a947b0c08be623992897,portfoliovqe_indep_tket_11,portfoliovqe,tket,11,46,220,o2_sabre_lookahead,2,sabre,lookahead,1,timeout,transpilation,timeout,AttemptTimeoutError,100.0,100.00191843100765,Tentativo interrotto dopo 100.0 secondi.,qiskit_post_pass_callback_and_sigalrm_traceback,transpilation,21,LookaheadSwap,qiskit.transpiler.passes.routing.lookahead_swap.LookaheadSwap,20,99.98296570777893,99.99876414099708,qiskit/transpiler/passes/routing/lookahead_swap.py,_calc_layout_distance,346,,,,none,False,"Il callback pubblico di Qiskit viene eseguito dopo ogni pass: last_completed_pass non identifica necessariamente il pass interrotto. | Lo stack indica dove SIGALRM è stato osservato, non dimostra quale pass, configurazione, circuito o hardware abbia causato il timeout. | Un'attribuzione causale richiede confronti controllati tra circuiti, configurazioni e device.",qiskit/transpiler/passes/routing/lookahead_swap.py:346:_calc_layout_distance
ibm_falcon_27,27,b9120f471bd90ef5aae03606ebc1e421478cd50f7b65ff4fb115f64c5148c104,run_0cc4f2c7608e66743fed321d3da25e245127c455104e1a847cbacf3bc091cdab,portfoliovqe_indep_tket_11,portfoliovqe,tket,11,46,220,o2_sabre_lookahead,2,sabre,lookahead,2,timeout,transpilation,timeout,AttemptTimeoutError,100.0,100.00187569099944,Tentativo interrotto dopo 100.0 secondi.,qiskit_post_pass_callback_and_sigalrm_traceback,transpilation,21,LookaheadSwap,qiskit.transpiler.passes.routing.lookahead_swap.LookaheadSwap,20,99.98180961608887,99.99860033798905,qiskit/transpiler/passes/routing/lookahead_swap.py,_calc_layout_distance,346,,,,none,False,"Il callback pubblico di Qiskit viene eseguito dopo ogni pass: last_completed_pass non identifica necessariamente il pass interrotto. | Lo stack indica dove SIGALRM è stato osservato, non dimostra quale pass, configurazione, circuito o hardware abbia causato il timeout. | Un'attribuzione causale richiede confronti controllati tra circuiti, configurazioni e device.",qiskit/transpiler/passes/routing/lookahead_swap.py:346:_calc_layout_distance
ibm_falcon_27,27,b9120f471bd90ef5aae03606ebc1e421478cd50f7b65ff4fb115f64c5148c104,run_88dce5696c93fccca9c7f87f2991776fa3c29011f38bdeb1c2f8de1d1aa1b7f1,portfoliovqe_indep_tket_6,portfoliovqe,tket,6,26,75,o2_sabre_lookahead,2,sabre,lookahead,0,timeout,transpilation,timeout,AttemptTimeoutError,100.0,100.00141684900154,Tentativo interrotto dopo 100.0 secondi.,qiskit_post_pass_callback_and_sigalrm_traceback,transpilation,21,LookaheadSwap,qiskit.transpiler.passes.routing.lookahead_swap.LookaheadSwap,20,99.9908721446991,99.99935999700392,qiskit/transpiler/passes/routing/lookahead_swap.py,_calc_layout_distance,346,,,,none,False,"Il callback pubblico di Qiskit viene eseguito dopo ogni pass: last_completed_pass non identifica necessariamente il pass interrotto. | Lo stack indica dove SIGALRM è stato osservato, non dimostra quale pass, configurazione, circuito o hardware abbia causato il timeout. | Un'attribuzione causale richiede confronti controllati tra circuiti, configurazioni e device.",qiskit/transpiler/passes/routing/lookahead_swap.py:346:_calc_layout_distance
ibm_falcon_27,27,b9120f471bd90ef5aae03606ebc1e421478cd50f7b65ff4fb115f64c5148c104,run_1b0c87333d254f52210d0676e08e086d07b3b696e010252445a4752a5e5afca0,portfoliovqe_indep_tket_7,portfoliovqe,tket,7,30,98,o2_sabre_lookahead,2,sabre,lookahead,0,timeout,transpilation,timeout,AttemptTimeoutError,100.0,100.00129785799072,Tentativo interrotto dopo 100.0 secondi.,qiskit_post_pass_callback_and_sigalrm_traceback,transpilation,21,LookaheadSwap,qiskit.transpiler.passes.routing.lookahead_swap.LookaheadSwap,20,99.99164509773254,99.99950977301341,qiskit/transpiler/passes/routing/lookahead_swap.py,_map_free_gates,316,,,,none,False,"Il callback pubblico di Qiskit viene eseguito dopo ogni pass: last_completed_pass non identifica necessariamente il pass interrotto. | Lo stack indica dove SIGALRM è stato osservato, non dimostra quale pass, configurazione, circuito o hardware abbia causato il timeout. | Un'attribuzione causale richiede confronti controllati tra circuiti, configurazioni e device.",qiskit/transpiler/passes/routing/lookahead_swap.py:316:_map_free_gates
ibm_falcon_27,27,b9120f471bd90ef5aae03606ebc1e421478cd50f7b65ff4fb115f64c5148c104,run_7165bb104e6498ca8a768c9b142af715dd94c63295d1b553c186c5a6f8bb3853,portfoliovqe_indep_tket_7,portfoliovqe,tket,7,30,98,o2_sabre_lookahead,2,sabre,lookahead,2,timeout,transpilation,timeout,AttemptTimeoutError,100.0,100.00147423900489,Tentativo interrotto dopo 100.0 secondi.,qiskit_post_pass_callback_and_sigalrm_traceback,transpilation,21,LookaheadSwap,qiskit.transpiler.passes.routing.lookahead_swap.LookaheadSwap,20,99.99030184745789,99.99955774600676,qiskit/transpiler/passes/routing/lookahead_swap.py,_map_free_gates,318,,,,none,False,"Il callback pubblico di Qiskit viene eseguito dopo ogni pass: last_completed_pass non identifica necessariamente il pass interrotto. | Lo stack indica dove SIGALRM è stato osservato, non dimostra quale pass, configurazione, circuito o hardware abbia causato il timeout. | Un'attribuzione causale richiede confronti controllati tra circuiti, configurazioni e device.",qiskit/transpiler/passes/routing/lookahead_swap.py:318:_map_free_gates
ibm_falcon_27,27,b9120f471bd90ef5aae03606ebc1e421478cd50f7b65ff4fb115f64c5148c104,run_b518cc7b404632e28d800fa9bd67b4167b1f5d812b60bfb45e4cb0f864c7f596,portfoliovqe_indep_tket_8,portfoliovqe,tket,8,34,124,o2_sabre_lookahead,2,sabre,lookahead,0,timeout,transpilation,timeout,AttemptTimeoutError,100.0,100.00199320899264,Tentativo interrotto dopo 100.0 secondi.,qiskit_post_pass_callback_and_sigalrm_traceback,transpilation,21,LookaheadSwap,qiskit.transpiler.passes.routing.lookahead_swap.LookaheadSwap,20,99.98974132537842,99.99936862201139,qiskit/transpiler/passes/routing/lookahead_swap.py,_first_op_node,394,,,,none,False,"Il callback pubblico di Qiskit viene eseguito dopo ogni pass: last_completed_pass non identifica necessariamente il pass interrotto. | Lo stack indica dove SIGALRM è stato osservato, non dimostra quale pass, configurazione, circuito o hardware abbia causato il timeout. | Un'attribuzione causale richiede confronti controllati tra circuiti, configurazioni e device.",qiskit/transpiler/passes/routing/lookahead_swap.py:394:_first_op_node
ibm_falcon_27,27,b9120f471bd90ef5aae03606ebc1e421478cd50f7b65ff4fb115f64c5148c104,run_19b2d924c938ef144df85ba10e75a6457e901fee73ae1ab388a42af06c0ff64a,portfoliovqe_indep_tket_8,portfoliovqe,tket,8,34,124,o2_sabre_lookahead,2,sabre,lookahead,1,timeout,transpilation,timeout,AttemptTimeoutError,100.0,100.00152890701429,Tentativo interrotto dopo 100.0 secondi.,qiskit_post_pass_callback_and_sigalrm_traceback,transpilation,21,LookaheadSwap,qiskit.transpiler.passes.routing.lookahead_swap.LookaheadSwap,20,99.9896788597107,99.99927856000431,qiskit/transpiler/passes/routing/lookahead_swap.py,_first_op_node,394,,,,none,False,"Il callback pubblico di Qiskit viene eseguito dopo ogni pass: last_completed_pass non identifica necessariamente il pass interrotto. | Lo stack indica dove SIGALRM è stato osservato, non dimostra quale pass, configurazione, circuito o hardware abbia causato il timeout. | Un'attribuzione causale richiede confronti controllati tra circuiti, configurazioni e device.",qiskit/transpiler/passes/routing/lookahead_swap.py:394:_first_op_node
ibm_falcon_27,27,b9120f471bd90ef5aae03606ebc1e421478cd50f7b65ff4fb115f64c5148c104,run_141ef0646ee2bea94197c3951d4bc6c57251350834b4a5ddda3a2b91161fc0b3,portfoliovqe_indep_tket_8,portfoliovqe,tket,8,34,124,o2_sabre_lookahead,2,sabre,lookahead,2,timeout,transpilation,timeout,AttemptTimeoutError,100.0,100.00147286699212,Tentativo interrotto dopo 100.0 secondi.,qiskit_post_pass_callback_and_sigalrm_traceback,transpilation,21,LookaheadSwap,qiskit.transpiler.passes.routing.lookahead_swap.LookaheadSwap,20,99.98976540565491,99.9993389339943,qiskit/transpiler/passes/routing/lookahead_swap.py,_map_free_gates,316,,,,none,False,"Il callback pubblico di Qiskit viene eseguito dopo ogni pass: last_completed_pass non identifica necessariamente il pass interrotto. | Lo stack indica dove SIGALRM è stato osservato, non dimostra quale pass, configurazione, circuito o hardware abbia causato il timeout. | Un'attribuzione causale richiede confronti controllati tra circuiti, configurazioni e device.",qiskit/transpiler/passes/routing/lookahead_swap.py:316:_map_free_gates
ibm_falcon_27,27,b9120f471bd90ef5aae03606ebc1e421478cd50f7b65ff4fb115f64c5148c104,run_6f61529f181981e37a360f9bc696c1f7894473f5c7b69f8a9d72ba49a6afd4d6,portfoliovqe_indep_tket_9,portfoliovqe,tket,9,38,153,o2_sabre_lookahead,2,sabre,lookahead,0,timeout,transpilation,timeout,AttemptTimeoutError,100.0,100.0015877810074,Tentativo interrotto dopo 100.0 secondi.,qiskit_post_pass_callback_and_sigalrm_traceback,transpilation,21,LookaheadSwap,qiskit.transpiler.passes.routing.lookahead_swap.LookaheadSwap,20,99.9878396987915,99.99932711399742,qiskit/transpiler/passes/routing/lookahead_swap.py,_first_op_node,394,,,,none,False,"Il callback pubblico di Qiskit viene eseguito dopo ogni pass: last_completed_pass non identifica necessariamente il pass interrotto. | Lo stack indica dove SIGALRM è stato osservato, non dimostra quale pass, configurazione, circuito o hardware abbia causato il timeout. | Un'attribuzione causale richiede confronti controllati tra circuiti, configurazioni e device.",qiskit/transpiler/passes/routing/lookahead_swap.py:394:_first_op_node
ibm_falcon_27,27,b9120f471bd90ef5aae03606ebc1e421478cd50f7b65ff4fb115f64c5148c104,run_6403591c95e5140fe4cb8c261fc3edc1db60381fe75996c5a756ac4e171682df,portfoliovqe_indep_tket_9,portfoliovqe,tket,9,38,153,o2_sabre_lookahead,2,sabre,lookahead,1,timeout,transpilation,timeout,AttemptTimeoutError,100.0,100.00150624300295,Tentativo interrotto dopo 100.0 secondi.,qiskit_post_pass_callback_and_sigalrm_traceback,transpilation,21,LookaheadSwap,qiskit.transpiler.passes.routing.lookahead_swap.LookaheadSwap,20,99.98912262916565,99.99915797400172,qiskit/transpiler/passes/routing/lookahead_swap.py,_calc_layout_distance,346,,,,none,False,"Il callback pubblico di Qiskit viene eseguito dopo ogni pass: last_completed_pass non identifica necessariamente il pass interrotto. | Lo stack indica dove SIGALRM è stato osservato, non dimostra quale pass, configurazione, circuito o hardware abbia causato il timeout. | Un'attribuzione causale richiede confronti controllati tra circuiti, configurazioni e device.",qiskit/transpiler/passes/routing/lookahead_swap.py:346:_calc_layout_distance
ibm_falcon_27,27,b9120f471bd90ef5aae03606ebc1e421478cd50f7b65ff4fb115f64c5148c104,run_a5bfe444f7978b401e9791f28afbbbb230b4588452966b992851ce4be8e5a4c7,portfoliovqe_indep_tket_9,portfoliovqe,tket,9,38,153,o2_sabre_lookahead,2,sabre,lookahead,2,timeout,transpilation,timeout,AttemptTimeoutError,100.0,100.00151177600492,Tentativo interrotto dopo 100.0 secondi.,qiskit_post_pass_callback_and_sigalrm_traceback,transpilation,21,LookaheadSwap,qiskit.transpiler.passes.routing.lookahead_swap.LookaheadSwap,20,99.98812222480774,99.99927539000055,qiskit/transpiler/passes/routing/lookahead_swap.py,_first_op_node,394,,,,none,False,"Il callback pubblico di Qiskit viene eseguito dopo ogni pass: last_completed_pass non identifica necessariamente il pass interrotto. | Lo stack indica dove SIGALRM è stato osservato, non dimostra quale pass, configurazione, circuito o hardware abbia causato il timeout. | Un'attribuzione causale richiede confronti controllati tra circuiti, configurazioni e device.",qiskit/transpiler/passes/routing/lookahead_swap.py:394:_first_op_node
ibm_falcon_27,27,b9120f471bd90ef5aae03606ebc1e421478cd50f7b65ff4fb115f64c5148c104,run_2add6d0047f04550f3f73fd6cee9a5f39b879c71572ccc1906ccf444751b8268,pricingcall_indep_qiskit_11,pricingcall,qiskit,11,127,166,o2_sabre_lookahead,2,sabre,lookahead,0,timeout,transpilation,timeout,AttemptTimeoutError,100.0,100.02336309300154,Tentativo interrotto dopo 100.0 secondi.,qiskit_post_pass_callback_and_sigalrm_traceback,transpilation,21,LookaheadSwap,qiskit.transpiler.passes.routing.lookahead_swap.LookaheadSwap,20,99.77012991905212,99.9980010510044,qiskit/transpiler/passes/routing/lookahead_swap.py,_calc_layout_distance,345,,,,none,False,"Il callback pubblico di Qiskit viene eseguito dopo ogni pass: last_completed_pass non identifica necessariamente il pass interrotto. | Lo stack indica dove SIGALRM è stato osservato, non dimostra quale pass, configurazione, circuito o hardware abbia causato il timeout. | Un'attribuzione causale richiede confronti controllati tra circuiti, configurazioni e device.",qiskit/transpiler/passes/routing/lookahead_swap.py:345:_calc_layout_distance
ibm_falcon_27,27,b9120f471bd90ef5aae03606ebc1e421478cd50f7b65ff4fb115f64c5148c104,run_1298bd854010fd18f814de13c22704372441e5a310741d3ca7db5707a58ee7d4,pricingcall_indep_qiskit_11,pricingcall,qiskit,11,127,166,o2_sabre_lookahead,2,sabre,lookahead,1,timeout,transpilation,timeout,AttemptTimeoutError,100.0,100.01325599300617,Tentativo interrotto dopo 100.0 secondi.,qiskit_post_pass_callback_and_sigalrm_traceback,transpilation,21,LookaheadSwap,qiskit.transpiler.passes.routing.lookahead_swap.LookaheadSwap,20,99.76446318626404,99.99878162599634,qiskit/transpiler/passes/routing/lookahead_swap.py,_calc_layout_distance,346,,,,none,False,"Il callback pubblico di Qiskit viene eseguito dopo ogni pass: last_completed_pass non identifica necessariamente il pass interrotto. | Lo stack indica dove SIGALRM è stato osservato, non dimostra quale pass, configurazione, circuito o hardware abbia causato il timeout. | Un'attribuzione causale richiede confronti controllati tra circuiti, configurazioni e device.",qiskit/transpiler/passes/routing/lookahead_swap.py:346:_calc_layout_distance
ibm_falcon_27,27,b9120f471bd90ef5aae03606ebc1e421478cd50f7b65ff4fb115f64c5148c104,run_63714b850ff087c15746fdf6906f3768c37eacfdf47892c24f798d6b3be1f5d1,pricingcall_indep_qiskit_11,pricingcall,qiskit,11,127,166,o2_sabre_lookahead,2,sabre,lookahead,2,timeout,transpilation,timeout,AttemptTimeoutError,100.0,100.00473129499005,Tentativo interrotto dopo 100.0 secondi.,qiskit_post_pass_callback_and_sigalrm_traceback,transpilation,21,LookaheadSwap,qiskit.transpiler.passes.routing.lookahead_swap.LookaheadSwap,20,99.76791667938232,99.99909940100042,qiskit/transpiler/passes/routing/lookahead_swap.py,_map_free_gates,317,,,,none,False,"Il callback pubblico di Qiskit viene eseguito dopo ogni pass: last_completed_pass non identifica necessariamente il pass interrotto. | Lo stack indica dove SIGALRM è stato osservato, non dimostra quale pass, configurazione, circuito o hardware abbia causato il timeout. | Un'attribuzione causale richiede confronti controllati tra circuiti, configurazioni e device.",qiskit/transpiler/passes/routing/lookahead_swap.py:317:_map_free_gates
ibm_falcon_27,27,b9120f471bd90ef5aae03606ebc1e421478cd50f7b65ff4fb115f64c5148c104,run_c6644e247b21a66af30cac509b63a012f639e491188bacd401d6946414a315a8,pricingcall_indep_qiskit_5,pricingcall,qiskit,5,36,47,o2_sabre_lookahead,2,sabre,lookahead,2,timeout,transpilation,timeout,AttemptTimeoutError,100.0,100.00155027599249,Tentativo interrotto dopo 100.0 secondi.,qiskit_post_pass_callback_and_sigalrm_traceback,transpilation,21,LookaheadSwap,qiskit.transpiler.passes.routing.lookahead_swap.LookaheadSwap,20,99.9916410446167,99.99912466500246,qiskit/transpiler/passes/routing/lookahead_swap.py,_calc_layout_distance,346,,,,none,False,"Il callback pubblico di Qiskit viene eseguito dopo ogni pass: last_completed_pass non identifica necessariamente il pass interrotto. | Lo stack indica dove SIGALRM è stato osservato, non dimostra quale pass, configurazione, circuito o hardware abbia causato il timeout. | Un'attribuzione causale richiede confronti controllati tra circuiti, configurazioni e device.",qiskit/transpiler/passes/routing/lookahead_swap.py:346:_calc_layout_distance
ibm_falcon_27,27,b9120f471bd90ef5aae03606ebc1e421478cd50f7b65ff4fb115f64c5148c104,run_c93c0d348cf3ee57558466b19956edb30d1ad0cbc0f8b2a7e96003e58447aea9,pricingcall_indep_qiskit_7,pricingcall,qiskit,7,56,78,o2_sabre_lookahead,2,sabre,lookahead,0,timeout,transpilation,timeout,AttemptTimeoutError,100.0,100.0027235810121,Tentativo interrotto dopo 100.0 secondi.,qiskit_post_pass_callback_and_sigalrm_traceback,transpilation,21,LookaheadSwap,qiskit.transpiler.passes.routing.lookahead_swap.LookaheadSwap,20,99.98717856407166,99.99912069900893,qiskit/transpiler/passes/routing/lookahead_swap.py,_calc_layout_distance,345,,,,none,False,"Il callback pubblico di Qiskit viene eseguito dopo ogni pass: last_completed_pass non identifica necessariamente il pass interrotto. | Lo stack indica dove SIGALRM è stato osservato, non dimostra quale pass, configurazione, circuito o hardware abbia causato il timeout. | Un'attribuzione causale richiede confronti controllati tra circuiti, configurazioni e device.",qiskit/transpiler/passes/routing/lookahead_swap.py:345:_calc_layout_distance
ibm_falcon_27,27,b9120f471bd90ef5aae03606ebc1e421478cd50f7b65ff4fb115f64c5148c104,run_3f651a64c4912b9566494c1598eaf6559ab737e2fea3d2b2a20cfc4793deec9f,pricingcall_indep_qiskit_7,pricingcall,qiskit,7,56,78,o2_sabre_lookahead,2,sabre,lookahead,1,timeout,transpilation,timeout,AttemptTimeoutError,100.0,100.00311161899299,Tentativo interrotto dopo 100.0 secondi.,qiskit_post_pass_callback_and_sigalrm_traceback,transpilation,21,LookaheadSwap,qiskit.transpiler.passes.routing.lookahead_swap.LookaheadSwap,20,99.99155902862549,99.99944608400983,qiskit/transpiler/passes/routing/lookahead_swap.py,_first_op_node,394,,,,none,False,"Il callback pubblico di Qiskit viene eseguito dopo ogni pass: last_completed_pass non identifica necessariamente il pass interrotto. | Lo stack indica dove SIGALRM è stato osservato, non dimostra quale pass, configurazione, circuito o hardware abbia causato il timeout. | Un'attribuzione causale richiede confronti controllati tra circuiti, configurazioni e device.",qiskit/transpiler/passes/routing/lookahead_swap.py:394:_first_op_node
ibm_falcon_27,27,b9120f471bd90ef5aae03606ebc1e421478cd50f7b65ff4fb115f64c5148c104,run_bb5b7384915f4bb7545c7e3b9f6f7393f7fd56fc7804ba7bd28f64822a8448b8,pricingcall_indep_qiskit_7,pricingcall,qiskit,7,56,78,o2_sabre_lookahead,2,sabre,lookahead,2,timeout,transpilation,timeout,AttemptTimeoutError,100.0,100.00286805600626,Tentativo interrotto dopo 100.0 secondi.,qiskit_post_pass_callback_and_sigalrm_traceback,transpilation,21,LookaheadSwap,qiskit.transpiler.passes.routing.lookahead_swap.LookaheadSwap,20,99.98921203613281,99.99926486499317,qiskit/transpiler/passes/routing/lookahead_swap.py,_map_free_gates,316,,,,none,False,"Il callback pubblico di Qiskit viene eseguito dopo ogni pass: last_completed_pass non identifica necessariamente il pass interrotto. | Lo stack indica dove SIGALRM è stato osservato, non dimostra quale pass, configurazione, circuito o hardware abbia causato il timeout. | Un'attribuzione causale richiede confronti controllati tra circuiti, configurazioni e device.",qiskit/transpiler/passes/routing/lookahead_swap.py:316:_map_free_gates
ibm_falcon_27,27,b9120f471bd90ef5aae03606ebc1e421478cd50f7b65ff4fb115f64c5148c104,run_3eb4b743b163c6b3082e0ec22c79f5346eb2cf8739e8697fd87d15b316ca9457,pricingcall_indep_qiskit_9,pricingcall,qiskit,9,83,111,o2_sabre_lookahead,2,sabre,lookahead,0,timeout,transpilation,timeout,AttemptTimeoutError,100.0,100.0037448709918,Tentativo interrotto dopo 100.0 secondi.,qiskit_post_pass_callback_and_sigalrm_traceback,transpilation,21,LookaheadSwap,qiskit.transpiler.passes.routing.lookahead_swap.LookaheadSwap,20,99.98678374290466,99.99936309900659,qiskit/transpiler/passes/routing/lookahead_swap.py,_calc_layout_distance,346,,,,none,False,"Il callback pubblico di Qiskit viene eseguito dopo ogni pass: last_completed_pass non identifica necessariamente il pass interrotto. | Lo stack indica dove SIGALRM è stato osservato, non dimostra quale pass, configurazione, circuito o hardware abbia causato il timeout. | Un'attribuzione causale richiede confronti controllati tra circuiti, configurazioni e device.",qiskit/transpiler/passes/routing/lookahead_swap.py:346:_calc_layout_distance
ibm_falcon_27,27,b9120f471bd90ef5aae03606ebc1e421478cd50f7b65ff4fb115f64c5148c104,run_5ca0d388880a0e6fd77c22f425331a7506de9f76722516700b96aefb5f271200,pricingcall_indep_qiskit_9,pricingcall,qiskit,9,83,111,o2_sabre_lookahead,2,sabre,lookahead,1,timeout,transpilation,timeout,AttemptTimeoutError,100.0,100.00279990500712,Tentativo interrotto dopo 100.0 secondi.,qiskit_post_pass_callback_and_sigalrm_traceback,transpilation,21,LookaheadSwap,qiskit.transpiler.passes.routing.lookahead_swap.LookaheadSwap,20,99.98737978935242,99.99903030900168,qiskit/transpiler/passes/routing/lookahead_swap.py,_calc_layout_distance,346,,,,none,False,"Il callback pubblico di Qiskit viene eseguito dopo ogni pass: last_completed_pass non identifica necessariamente il pass interrotto. | Lo stack indica dove SIGALRM è stato osservato, non dimostra quale pass, configurazione, circuito o hardware abbia causato il timeout. | Un'attribuzione causale richiede confronti controllati tra circuiti, configurazioni e device.",qiskit/transpiler/passes/routing/lookahead_swap.py:346:_calc_layout_distance
ibm_falcon_27,27,b9120f471bd90ef5aae03606ebc1e421478cd50f7b65ff4fb115f64c5148c104,run_ad5c6a7ab9d24f941b831137354095c95834566efe108c87030b743ce5bb3ba6,pricingcall_indep_qiskit_9,pricingcall,qiskit,9,83,111,o2_sabre_lookahead,2,sabre,lookahead,2,timeout,transpilation,timeout,AttemptTimeoutError,100.0,100.00227990599524,Tentativo interrotto dopo 100.0 secondi.,qiskit_post_pass_callback_and_sigalrm_traceback,transpilation,21,LookaheadSwap,qiskit.transpiler.passes.routing.lookahead_swap.LookaheadSwap,20,99.98890089988708,99.99904196399439,qiskit/transpiler/passes/routing/lookahead_swap.py,_map_free_gates,317,,,,none,False,"Il callback pubblico di Qiskit viene eseguito dopo ogni pass: last_completed_pass non identifica necessariamente il pass interrotto. | Lo stack indica dove SIGALRM è stato osservato, non dimostra quale pass, configurazione, circuito o hardware abbia causato il timeout. | Un'attribuzione causale richiede confronti controllati tra circuiti, configurazioni e device.",qiskit/transpiler/passes/routing/lookahead_swap.py:317:_map_free_gates
ibm_falcon_27,27,b9120f471bd90ef5aae03606ebc1e421478cd50f7b65ff4fb115f64c5148c104,run_45ebe5e12b386f18a504a1e511da4a2edc412498bd76926201da6e356df013ea,pricingcall_indep_tket_5,pricingcall,tket,5,41,59,o2_sabre_lookahead,2,sabre,lookahead,2,timeout,transpilation,timeout,AttemptTimeoutError,100.0,100.00206308200723,Tentativo interrotto dopo 100.0 secondi.,qiskit_post_pass_callback_and_sigalrm_traceback,transpilation,21,LookaheadSwap,qiskit.transpiler.passes.routing.lookahead_swap.LookaheadSwap,20,99.99116039276123,99.99943998700473,qiskit/transpiler/passes/routing/lookahead_swap.py,_map_free_gates,316,,,,none,False,"Il callback pubblico di Qiskit viene eseguito dopo ogni pass: last_completed_pass non identifica necessariamente il pass interrotto. | Lo stack indica dove SIGALRM è stato osservato, non dimostra quale pass, configurazione, circuito o hardware abbia causato il timeout. | Un'attribuzione causale richiede confronti controllati tra circuiti, configurazioni e device.",qiskit/transpiler/passes/routing/lookahead_swap.py:316:_map_free_gates
ibm_falcon_27,27,b9120f471bd90ef5aae03606ebc1e421478cd50f7b65ff4fb115f64c5148c104,run_6fb58fa5befe59e8ac2a58d17f2dbaa451487ebb0a29c1d001d11f62bdee9125,pricingcall_indep_tket_7,pricingcall,tket,7,63,92,o2_sabre_lookahead,2,sabre,lookahead,0,timeout,transpilation,timeout,AttemptTimeoutError,100.0,100.00193120300537,Tentativo interrotto dopo 100.0 secondi.,qiskit_post_pass_callback_and_sigalrm_traceback,transpilation,21,LookaheadSwap,qiskit.transpiler.passes.routing.lookahead_swap.LookaheadSwap,20,99.99104738235474,99.99942913900304,qiskit/transpiler/passes/routing/lookahead_swap.py,_calc_layout_distance,346,,,,none,False,"Il callback pubblico di Qiskit viene eseguito dopo ogni pass: last_completed_pass non identifica necessariamente il pass interrotto. | Lo stack indica dove SIGALRM è stato osservato, non dimostra quale pass, configurazione, circuito o hardware abbia causato il timeout. | Un'attribuzione causale richiede confronti controllati tra circuiti, configurazioni e device.",qiskit/transpiler/passes/routing/lookahead_swap.py:346:_calc_layout_distance
ibm_falcon_27,27,b9120f471bd90ef5aae03606ebc1e421478cd50f7b65ff4fb115f64c5148c104,run_968f3fc51b7753d5cb6779b5bd3a8288add59e6437302815103fe7e6aa674bf1,pricingcall_indep_tket_7,pricingcall,tket,7,63,92,o2_sabre_lookahead,2,sabre,lookahead,1,timeout,transpilation,timeout,AttemptTimeoutError,100.0,100.0019823640032,Tentativo interrotto dopo 100.0 secondi.,qiskit_post_pass_callback_and_sigalrm_traceback,transpilation,21,LookaheadSwap,qiskit.transpiler.passes.routing.lookahead_swap.LookaheadSwap,20,99.99112153053284,99.99945266899886,qiskit/transpiler/passes/routing/lookahead_swap.py,_calc_layout_distance,346,,,,none,False,"Il callback pubblico di Qiskit viene eseguito dopo ogni pass: last_completed_pass non identifica necessariamente il pass interrotto. | Lo stack indica dove SIGALRM è stato osservato, non dimostra quale pass, configurazione, circuito o hardware abbia causato il timeout. | Un'attribuzione causale richiede confronti controllati tra circuiti, configurazioni e device.",qiskit/transpiler/passes/routing/lookahead_swap.py:346:_calc_layout_distance
ibm_falcon_27,27,b9120f471bd90ef5aae03606ebc1e421478cd50f7b65ff4fb115f64c5148c104,run_b297bfa96b41e1cb65ac6132d7f5560ec403b0727a240cd924374070ecb3b557,pricingcall_indep_tket_7,pricingcall,tket,7,63,92,o2_sabre_lookahead,2,sabre,lookahead,2,timeout,transpilation,timeout,AttemptTimeoutError,100.0,100.00283389499236,Tentativo interrotto dopo 100.0 secondi.,qiskit_post_pass_callback_and_sigalrm_traceback,transpilation,21,LookaheadSwap,qiskit.transpiler.passes.routing.lookahead_swap.LookaheadSwap,20,99.98886799812317,99.99906455900054,qiskit/transpiler/passes/routing/lookahead_swap.py,_calc_layout_distance,346,,,,none,False,"Il callback pubblico di Qiskit viene eseguito dopo ogni pass: last_completed_pass non identifica necessariamente il pass interrotto. | Lo stack indica dove SIGALRM è stato osservato, non dimostra quale pass, configurazione, circuito o hardware abbia causato il timeout. | Un'attribuzione causale richiede confronti controllati tra circuiti, configurazioni e device.",qiskit/transpiler/passes/routing/lookahead_swap.py:346:_calc_layout_distance
ibm_falcon_27,27,b9120f471bd90ef5aae03606ebc1e421478cd50f7b65ff4fb115f64c5148c104,run_509421cb174d0d6ed8d8ee53dcc81516f9c0e0ede2a0c95c25fc4962eab9bd08,pricingcall_indep_tket_9,pricingcall,tket,9,92,129,o2_sabre_lookahead,2,sabre,lookahead,0,timeout,transpilation,timeout,AttemptTimeoutError,100.0,100.00500062698848,Tentativo interrotto dopo 100.0 secondi.,qiskit_post_pass_callback_and_sigalrm_traceback,transpilation,21,LookaheadSwap,qiskit.transpiler.passes.routing.lookahead_swap.LookaheadSwap,20,99.98778009414673,99.99897082099051,qiskit/transpiler/passes/routing/lookahead_swap.py,_score_state_with_swap,359,,,,none,False,"Il callback pubblico di Qiskit viene eseguito dopo ogni pass: last_completed_pass non identifica necessariamente il pass interrotto. | Lo stack indica dove SIGALRM è stato osservato, non dimostra quale pass, configurazione, circuito o hardware abbia causato il timeout. | Un'attribuzione causale richiede confronti controllati tra circuiti, configurazioni e device.",qiskit/transpiler/passes/routing/lookahead_swap.py:359:_score_state_with_swap
ibm_falcon_27,27,b9120f471bd90ef5aae03606ebc1e421478cd50f7b65ff4fb115f64c5148c104,run_fcde0546a76846d50ff595466ff45e8d643c81b804923b543edf205bfe39679f,pricingcall_indep_tket_9,pricingcall,tket,9,92,129,o2_sabre_lookahead,2,sabre,lookahead,1,timeout,transpilation,timeout,AttemptTimeoutError,100.0,100.00308317299641,Tentativo interrotto dopo 100.0 secondi.,qiskit_post_pass_callback_and_sigalrm_traceback,transpilation,21,LookaheadSwap,qiskit.transpiler.passes.routing.lookahead_swap.LookaheadSwap,20,99.98923134803772,99.99928922699473,qiskit/transpiler/passes/routing/lookahead_swap.py,_calc_layout_distance,345,,,,none,False,"Il callback pubblico di Qiskit viene eseguito dopo ogni pass: last_completed_pass non identifica necessariamente il pass interrotto. | Lo stack indica dove SIGALRM è stato osservato, non dimostra quale pass, configurazione, circuito o hardware abbia causato il timeout. | Un'attribuzione causale richiede confronti controllati tra circuiti, configurazioni e device.",qiskit/transpiler/passes/routing/lookahead_swap.py:345:_calc_layout_distance
ibm_falcon_27,27,b9120f471bd90ef5aae03606ebc1e421478cd50f7b65ff4fb115f64c5148c104,run_f8f11b5191a290c106bdcba31f55bdad9fabc9544ea71e8b0085d20ee8fd0d43,pricingcall_indep_tket_9,pricingcall,tket,9,92,129,o2_sabre_lookahead,2,sabre,lookahead,2,timeout,transpilation,timeout,AttemptTimeoutError,100.0,100.00208192600985,Tentativo interrotto dopo 100.0 secondi.,qiskit_post_pass_callback_and_sigalrm_traceback,transpilation,21,LookaheadSwap,qiskit.transpiler.passes.routing.lookahead_swap.LookaheadSwap,20,99.98769688606262,99.99889076499676,qiskit/transpiler/passes/routing/lookahead_swap.py,_score_state_with_swap,350,,,,none,False,"Il callback pubblico di Qiskit viene eseguito dopo ogni pass: last_completed_pass non identifica necessariamente il pass interrotto. | Lo stack indica dove SIGALRM è stato osservato, non dimostra quale pass, configurazione, circuito o hardware abbia causato il timeout. | Un'attribuzione causale richiede confronti controllati tra circuiti, configurazioni e device.",qiskit/transpiler/passes/routing/lookahead_swap.py:350:_score_state_with_swap
ibm_falcon_27,27,b9120f471bd90ef5aae03606ebc1e421478cd50f7b65ff4fb115f64c5148c104,run_f7da361c1bd91460cf383a03f77b8ece98f672327683662a459792219ae728b4,pricingput_indep_qiskit_11,pricingput,qiskit,11,128,172,o2_sabre_lookahead,2,sabre,lookahead,0,timeout,transpilation,timeout,AttemptTimeoutError,100.0,100.0039547750057,Tentativo interrotto dopo 100.0 secondi.,qiskit_post_pass_callback_and_sigalrm_traceback,transpilation,21,LookaheadSwap,qiskit.transpiler.passes.routing.lookahead_swap.LookaheadSwap,20,99.9871437549591,99.99919009399309,qiskit/transpiler/passes/routing/lookahead_swap.py,_calc_layout_distance,346,,,,none,False,"Il callback pubblico di Qiskit viene eseguito dopo ogni pass: last_completed_pass non identifica necessariamente il pass interrotto. | Lo stack indica dove SIGALRM è stato osservato, non dimostra quale pass, configurazione, circuito o hardware abbia causato il timeout. | Un'attribuzione causale richiede confronti controllati tra circuiti, configurazioni e device.",qiskit/transpiler/passes/routing/lookahead_swap.py:346:_calc_layout_distance
ibm_falcon_27,27,b9120f471bd90ef5aae03606ebc1e421478cd50f7b65ff4fb115f64c5148c104,run_ce0c7adae2adbeb1e4343340f182396d0e3d30457a0f22dd715c2e0aef4b3822,pricingput_indep_qiskit_11,pricingput,qiskit,11,128,172,o2_sabre_lookahead,2,sabre,lookahead,1,timeout,transpilation,timeout,AttemptTimeoutError,100.0,100.00294325200957,Tentativo interrotto dopo 100.0 secondi.,qiskit_post_pass_callback_and_sigalrm_traceback,transpilation,21,LookaheadSwap,qiskit.transpiler.passes.routing.lookahead_swap.LookaheadSwap,20,99.98637890815735,99.99868499400327,qiskit/transpiler/passes/routing/lookahead_swap.py,_calc_layout_distance,346,,,,none,False,"Il callback pubblico di Qiskit viene eseguito dopo ogni pass: last_completed_pass non identifica necessariamente il pass interrotto. | Lo stack indica dove SIGALRM è stato osservato, non dimostra quale pass, configurazione, circuito o hardware abbia causato il timeout. | Un'attribuzione causale richiede confronti controllati tra circuiti, configurazioni e device.",qiskit/transpiler/passes/routing/lookahead_swap.py:346:_calc_layout_distance
ibm_falcon_27,27,b9120f471bd90ef5aae03606ebc1e421478cd50f7b65ff4fb115f64c5148c104,run_181d131e51ee554fbfa15767c6479ad4f7e2d75e5735fa3bb77ae6a5200d5796,pricingput_indep_qiskit_11,pricingput,qiskit,11,128,172,o2_sabre_lookahead,2,sabre,lookahead,2,timeout,transpilation,timeout,AttemptTimeoutError,100.0,100.00279014300031,Tentativo interrotto dopo 100.0 secondi.,qiskit_post_pass_callback_and_sigalrm_traceback,transpilation,21,LookaheadSwap,qiskit.transpiler.passes.routing.lookahead_swap.LookaheadSwap,20,99.98815608024597,99.99876547200256,qiskit/transpiler/passes/routing/lookahead_swap.py,_map_free_gates,316,,,,none,False,"Il callback pubblico di Qiskit viene eseguito dopo ogni pass: last_completed_pass non identifica necessariamente il pass interrotto. | Lo stack indica dove SIGALRM è stato osservato, non dimostra quale pass, configurazione, circuito o hardware abbia causato il timeout. | Un'attribuzione causale richiede confronti controllati tra circuiti, configurazioni e device.",qiskit/transpiler/passes/routing/lookahead_swap.py:316:_map_free_gates
ibm_falcon_27,27,b9120f471bd90ef5aae03606ebc1e421478cd50f7b65ff4fb115f64c5148c104,run_d71affb4dbe2889e5ac0d6420b54c1a5e24ea11f497ac63dd81989f20958162a,pricingput_indep_qiskit_7,pricingput,qiskit,7,55,80,o2_sabre_lookahead,2,sabre,lookahead,0,timeout,transpilation,timeout,AttemptTimeoutError,100.0,100.00295602399274,Tentativo interrotto dopo 100.0 secondi.,qiskit_post_pass_callback_and_sigalrm_traceback,transpilation,21,LookaheadSwap,qiskit.transpiler.passes.routing.lookahead_swap.LookaheadSwap,20,99.98930239677429,99.99921523001103,qiskit/transpiler/passes/routing/lookahead_swap.py,_calc_layout_distance,346,,,,none,False,"Il callback pubblico di Qiskit viene eseguito dopo ogni pass: last_completed_pass non identifica necessariamente il pass interrotto. | Lo stack indica dove SIGALRM è stato osservato, non dimostra quale pass, configurazione, circuito o hardware abbia causato il timeout. | Un'attribuzione causale richiede confronti controllati tra circuiti, configurazioni e device.",qiskit/transpiler/passes/routing/lookahead_swap.py:346:_calc_layout_distance
ibm_falcon_27,27,b9120f471bd90ef5aae03606ebc1e421478cd50f7b65ff4fb115f64c5148c104,run_59191027673494d4fb9901f905b32d30902f7ca0b30812ed16d9fe71a4107f3a,pricingput_indep_qiskit_7,pricingput,qiskit,7,55,80,o2_sabre_lookahead,2,sabre,lookahead,1,timeout,transpilation,timeout,AttemptTimeoutError,100.0,100.00207790899731,Tentativo interrotto dopo 100.0 secondi.,qiskit_post_pass_callback_and_sigalrm_traceback,transpilation,21,LookaheadSwap,qiskit.transpiler.passes.routing.lookahead_swap.LookaheadSwap,20,99.98915100097656,99.99928459699731,qiskit/transpiler/passes/routing/lookahead_swap.py,_calc_layout_distance,346,,,,none,False,"Il callback pubblico di Qiskit viene eseguito dopo ogni pass: last_completed_pass non identifica necessariamente il pass interrotto. | Lo stack indica dove SIGALRM è stato osservato, non dimostra quale pass, configurazione, circuito o hardware abbia causato il timeout. | Un'attribuzione causale richiede confronti controllati tra circuiti, configurazioni e device.",qiskit/transpiler/passes/routing/lookahead_swap.py:346:_calc_layout_distance
ibm_falcon_27,27,b9120f471bd90ef5aae03606ebc1e421478cd50f7b65ff4fb115f64c5148c104,run_5eaf53006896b925d966d52b6a38e95d3360517679f95c8c1bf9bf1373b9c5cf,pricingput_indep_qiskit_7,pricingput,qiskit,7,55,80,o2_sabre_lookahead,2,sabre,lookahead,2,timeout,transpilation,timeout,AttemptTimeoutError,100.0,100.00215332499647,Tentativo interrotto dopo 100.0 secondi.,qiskit_post_pass_callback_and_sigalrm_traceback,transpilation,21,LookaheadSwap,qiskit.transpiler.passes.routing.lookahead_swap.LookaheadSwap,20,99.98950290679932,99.99915503901138,qiskit/transpiler/passes/routing/lookahead_swap.py,_calc_layout_distance,346,,,,none,False,"Il callback pubblico di Qiskit viene eseguito dopo ogni pass: last_completed_pass non identifica necessariamente il pass interrotto. | Lo stack indica dove SIGALRM è stato osservato, non dimostra quale pass, configurazione, circuito o hardware abbia causato il timeout. | Un'attribuzione causale richiede confronti controllati tra circuiti, configurazioni e device.",qiskit/transpiler/passes/routing/lookahead_swap.py:346:_calc_layout_distance
ibm_falcon_27,27,b9120f471bd90ef5aae03606ebc1e421478cd50f7b65ff4fb115f64c5148c104,run_efd38916ffe131e52bf32744ed3b62a4f9c4e86b1038b116cb56787337fd17e9,pricingput_indep_qiskit_9,pricingput,qiskit,9,84,121,o2_sabre_lookahead,2,sabre,lookahead,0,timeout,transpilation,timeout,AttemptTimeoutError,100.0,100.00339052600611,Tentativo interrotto dopo 100.0 secondi.,qiskit_post_pass_callback_and_sigalrm_traceback,transpilation,21,LookaheadSwap,qiskit.transpiler.passes.routing.lookahead_swap.LookaheadSwap,20,99.98892116546631,99.99919523899734,qiskit/transpiler/passes/routing/lookahead_swap.py,_calc_layout_distance,345,,,,none,False,"Il callback pubblico di Qiskit viene eseguito dopo ogni pass: last_completed_pass non identifica necessariamente il pass interrotto. | Lo stack indica dove SIGALRM è stato osservato, non dimostra quale pass, configurazione, circuito o hardware abbia causato il timeout. | Un'attribuzione causale richiede confronti controllati tra circuiti, configurazioni e device.",qiskit/transpiler/passes/routing/lookahead_swap.py:345:_calc_layout_distance
ibm_falcon_27,27,b9120f471bd90ef5aae03606ebc1e421478cd50f7b65ff4fb115f64c5148c104,run_2f852bf8dd19d2025993f3db53a7966e3a6deefd3a0d1cb8de8548f438d690b6,pricingput_indep_qiskit_9,pricingput,qiskit,9,84,121,o2_sabre_lookahead,2,sabre,lookahead,1,timeout,transpilation,timeout,AttemptTimeoutError,100.0,100.00331336700765,Tentativo interrotto dopo 100.0 secondi.,qiskit_post_pass_callback_and_sigalrm_traceback,transpilation,21,LookaheadSwap,qiskit.transpiler.passes.routing.lookahead_swap.LookaheadSwap,20,99.9901340007782,99.99929012398934,qiskit/transpiler/passes/routing/lookahead_swap.py,_map_free_gates,317,,,,none,False,"Il callback pubblico di Qiskit viene eseguito dopo ogni pass: last_completed_pass non identifica necessariamente il pass interrotto. | Lo stack indica dove SIGALRM è stato osservato, non dimostra quale pass, configurazione, circuito o hardware abbia causato il timeout. | Un'attribuzione causale richiede confronti controllati tra circuiti, configurazioni e device.",qiskit/transpiler/passes/routing/lookahead_swap.py:317:_map_free_gates
ibm_falcon_27,27,b9120f471bd90ef5aae03606ebc1e421478cd50f7b65ff4fb115f64c5148c104,run_197cba1173add11367c675fa297f7ec9973b30e0af52dcbec0b57834929d5ff3,pricingput_indep_qiskit_9,pricingput,qiskit,9,84,121,o2_sabre_lookahead,2,sabre,lookahead,2,timeout,transpilation,timeout,AttemptTimeoutError,100.0,100.00253038899973,Tentativo interrotto dopo 100.0 secondi.,qiskit_post_pass_callback_and_sigalrm_traceback,transpilation,21,LookaheadSwap,qiskit.transpiler.passes.routing.lookahead_swap.LookaheadSwap,20,99.99025440216064,99.99920225399546,qiskit/transpiler/passes/routing/lookahead_swap.py,_calc_layout_distance,346,,,,none,False,"Il callback pubblico di Qiskit viene eseguito dopo ogni pass: last_completed_pass non identifica necessariamente il pass interrotto. | Lo stack indica dove SIGALRM è stato osservato, non dimostra quale pass, configurazione, circuito o hardware abbia causato il timeout. | Un'attribuzione causale richiede confronti controllati tra circuiti, configurazioni e device.",qiskit/transpiler/passes/routing/lookahead_swap.py:346:_calc_layout_distance
ibm_falcon_27,27,b9120f471bd90ef5aae03606ebc1e421478cd50f7b65ff4fb115f64c5148c104,run_7380b33417865598ed3d44bef6661afd65d2f46ae06a40adffc10a9bc45d1b6e,pricingput_indep_tket_7,pricingput,tket,7,62,102,o2_sabre_lookahead,2,sabre,lookahead,0,timeout,transpilation,timeout,AttemptTimeoutError,100.0,100.00360116999946,Tentativo interrotto dopo 100.0 secondi.,qiskit_post_pass_callback_and_sigalrm_traceback,transpilation,21,LookaheadSwap,qiskit.transpiler.passes.routing.lookahead_swap.LookaheadSwap,20,99.98668456077576,99.99903366400395,qiskit/transpiler/passes/routing/lookahead_swap.py,_calc_layout_distance,346,,,,none,False,"Il callback pubblico di Qiskit viene eseguito dopo ogni pass: last_completed_pass non identifica necessariamente il pass interrotto. | Lo stack indica dove SIGALRM è stato osservato, non dimostra quale pass, configurazione, circuito o hardware abbia causato il timeout. | Un'attribuzione causale richiede confronti controllati tra circuiti, configurazioni e device.",qiskit/transpiler/passes/routing/lookahead_swap.py:346:_calc_layout_distance
ibm_falcon_27,27,b9120f471bd90ef5aae03606ebc1e421478cd50f7b65ff4fb115f64c5148c104,run_da64308583e5cb5095e0024dcffd87f0465bfc9870e2f07c773efa64e96d0748,pricingput_indep_tket_7,pricingput,tket,7,62,102,o2_sabre_lookahead,2,sabre,lookahead,1,timeout,transpilation,timeout,AttemptTimeoutError,100.0,100.00287670100806,Tentativo interrotto dopo 100.0 secondi.,qiskit_post_pass_callback_and_sigalrm_traceback,transpilation,21,LookaheadSwap,qiskit.transpiler.passes.routing.lookahead_swap.LookaheadSwap,20,99.98964381217957,99.9990752540034,qiskit/transpiler/passes/routing/lookahead_swap.py,_map_free_gates,318,,,,none,False,"Il callback pubblico di Qiskit viene eseguito dopo ogni pass: last_completed_pass non identifica necessariamente il pass interrotto. | Lo stack indica dove SIGALRM è stato osservato, non dimostra quale pass, configurazione, circuito o hardware abbia causato il timeout. | Un'attribuzione causale richiede confronti controllati tra circuiti, configurazioni e device.",qiskit/transpiler/passes/routing/lookahead_swap.py:318:_map_free_gates
ibm_falcon_27,27,b9120f471bd90ef5aae03606ebc1e421478cd50f7b65ff4fb115f64c5148c104,run_c8ef7adf6ec2537b61681ebcf9e0a165ce4c2c517c684bc355776ba0a57a4994,pricingput_indep_tket_7,pricingput,tket,7,62,102,o2_sabre_lookahead,2,sabre,lookahead,2,timeout,transpilation,timeout,AttemptTimeoutError,100.0,100.00303360099497,Tentativo interrotto dopo 100.0 secondi.,qiskit_post_pass_callback_and_sigalrm_traceback,transpilation,21,LookaheadSwap,qiskit.transpiler.passes.routing.lookahead_swap.LookaheadSwap,20,99.98877906799316,99.99916354200104,qiskit/transpiler/passes/routing/lookahead_swap.py,_calc_layout_distance,346,,,,none,False,"Il callback pubblico di Qiskit viene eseguito dopo ogni pass: last_completed_pass non identifica necessariamente il pass interrotto. | Lo stack indica dove SIGALRM è stato osservato, non dimostra quale pass, configurazione, circuito o hardware abbia causato il timeout. | Un'attribuzione causale richiede confronti controllati tra circuiti, configurazioni e device.",qiskit/transpiler/passes/routing/lookahead_swap.py:346:_calc_layout_distance
ibm_falcon_27,27,b9120f471bd90ef5aae03606ebc1e421478cd50f7b65ff4fb115f64c5148c104,run_9f835e95d10f9c51536c8a80d8c1c103dc7420bf6554a038c8f7c846931cc818,pricingput_indep_tket_9,pricingput,tket,9,93,159,o2_sabre_lookahead,2,sabre,lookahead,0,timeout,transpilation,timeout,AttemptTimeoutError,100.0,100.00254765999853,Tentativo interrotto dopo 100.0 secondi.,qiskit_post_pass_callback_and_sigalrm_traceback,transpilation,21,LookaheadSwap,qiskit.transpiler.passes.routing.lookahead_swap.LookaheadSwap,20,99.989093542099,99.99926097600837,qiskit/transpiler/passes/routing/lookahead_swap.py,_first_op_node,394,,,,none,False,"Il callback pubblico di Qiskit viene eseguito dopo ogni pass: last_completed_pass non identifica necessariamente il pass interrotto. | Lo stack indica dove SIGALRM è stato osservato, non dimostra quale pass, configurazione, circuito o hardware abbia causato il timeout. | Un'attribuzione causale richiede confronti controllati tra circuiti, configurazioni e device.",qiskit/transpiler/passes/routing/lookahead_swap.py:394:_first_op_node
ibm_falcon_27,27,b9120f471bd90ef5aae03606ebc1e421478cd50f7b65ff4fb115f64c5148c104,run_3cc0df6ba0d6780a3fd81504be67d6f0560e0d6283226692c27b4dbdb7e5035a,pricingput_indep_tket_9,pricingput,tket,9,93,159,o2_sabre_lookahead,2,sabre,lookahead,1,timeout,transpilation,timeout,AttemptTimeoutError,100.0,100.00240100600058,Tentativo interrotto dopo 100.0 secondi.,qiskit_post_pass_callback_and_sigalrm_traceback,transpilation,21,LookaheadSwap,qiskit.transpiler.passes.routing.lookahead_swap.LookaheadSwap,20,99.98695874214172,99.99880292500893,qiskit/transpiler/passes/routing/lookahead_swap.py,_calc_layout_distance,346,,,,none,False,"Il callback pubblico di Qiskit viene eseguito dopo ogni pass: last_completed_pass non identifica necessariamente il pass interrotto. | Lo stack indica dove SIGALRM è stato osservato, non dimostra quale pass, configurazione, circuito o hardware abbia causato il timeout. | Un'attribuzione causale richiede confronti controllati tra circuiti, configurazioni e device.",qiskit/transpiler/passes/routing/lookahead_swap.py:346:_calc_layout_distance
ibm_falcon_27,27,b9120f471bd90ef5aae03606ebc1e421478cd50f7b65ff4fb115f64c5148c104,run_d77616e291d602d863e54f3d3e0fbe1252845ee64eda1e2d977e152b23605805,pricingput_indep_tket_9,pricingput,tket,9,93,159,o2_sabre_lookahead,2,sabre,lookahead,2,timeout,transpilation,timeout,AttemptTimeoutError,100.0,100.00360861800436,Tentativo interrotto dopo 100.0 secondi.,qiskit_post_pass_callback_and_sigalrm_traceback,transpilation,21,LookaheadSwap,qiskit.transpiler.passes.routing.lookahead_swap.LookaheadSwap,20,99.98781085014343,99.99880850600312,qiskit/transpiler/passes/routing/lookahead_swap.py,_calc_layout_distance,346,,,,none,False,"Il callback pubblico di Qiskit viene eseguito dopo ogni pass: last_completed_pass non identifica necessariamente il pass interrotto. | Lo stack indica dove SIGALRM è stato osservato, non dimostra quale pass, configurazione, circuito o hardware abbia causato il timeout. | Un'attribuzione causale richiede confronti controllati tra circuiti, configurazioni e device.",qiskit/transpiler/passes/routing/lookahead_swap.py:346:_calc_layout_distance
ibm_falcon_27,27,b9120f471bd90ef5aae03606ebc1e421478cd50f7b65ff4fb115f64c5148c104,run_7688dca6572f8a7c5a8fc6292181a92a8cf5a78f2a8f8fc51ecd65854495a63a,qft_indep_qiskit_11,qft,qiskit,11,23,82,o2_sabre_lookahead,2,sabre,lookahead,2,timeout,transpilation,timeout,AttemptTimeoutError,100.0,100.00154044400551,Tentativo interrotto dopo 100.0 secondi.,qiskit_post_pass_callback_and_sigalrm_traceback,transpilation,21,LookaheadSwap,qiskit.transpiler.passes.routing.lookahead_swap.LookaheadSwap,20,99.98999905586243,99.99908774301002,qiskit/transpiler/passes/routing/lookahead_swap.py,_calc_layout_distance,346,,,,none,False,"Il callback pubblico di Qiskit viene eseguito dopo ogni pass: last_completed_pass non identifica necessariamente il pass interrotto. | Lo stack indica dove SIGALRM è stato osservato, non dimostra quale pass, configurazione, circuito o hardware abbia causato il timeout. | Un'attribuzione causale richiede confronti controllati tra circuiti, configurazioni e device.",qiskit/transpiler/passes/routing/lookahead_swap.py:346:_calc_layout_distance
ibm_falcon_27,27,b9120f471bd90ef5aae03606ebc1e421478cd50f7b65ff4fb115f64c5148c104,run_785ede56a76b08f628968a86730f2184009b4b5caa9143254698ddadaa81cee6,qft_indep_qiskit_12,qft,qiskit,12,25,96,o2_sabre_lookahead,2,sabre,lookahead,0,timeout,transpilation,timeout,AttemptTimeoutError,100.0,100.00212315599492,Tentativo interrotto dopo 100.0 secondi.,qiskit_post_pass_callback_and_sigalrm_traceback,transpilation,21,LookaheadSwap,qiskit.transpiler.passes.routing.lookahead_swap.LookaheadSwap,20,99.98692679405212,99.9983283499896,qiskit/transpiler/passes/routing/lookahead_swap.py,_first_op_node,394,,,,none,False,"Il callback pubblico di Qiskit viene eseguito dopo ogni pass: last_completed_pass non identifica necessariamente il pass interrotto. | Lo stack indica dove SIGALRM è stato osservato, non dimostra quale pass, configurazione, circuito o hardware abbia causato il timeout. | Un'attribuzione causale richiede confronti controllati tra circuiti, configurazioni e device.",qiskit/transpiler/passes/routing/lookahead_swap.py:394:_first_op_node
ibm_falcon_27,27,b9120f471bd90ef5aae03606ebc1e421478cd50f7b65ff4fb115f64c5148c104,run_34aa5de6d0a3cc0461689888ff08cedead55212cd67ff81d8dcc359700ecfa34,qft_indep_qiskit_12,qft,qiskit,12,25,96,o2_sabre_lookahead,2,sabre,lookahead,1,timeout,transpilation,timeout,AttemptTimeoutError,100.0,100.00218471900735,Tentativo interrotto dopo 100.0 secondi.,qiskit_post_pass_callback_and_sigalrm_traceback,transpilation,21,LookaheadSwap,qiskit.transpiler.passes.routing.lookahead_swap.LookaheadSwap,20,99.98767280578613,99.99844556400785,qiskit/transpiler/passes/routing/lookahead_swap.py,_calc_layout_distance,346,,,,none,False,"Il callback pubblico di Qiskit viene eseguito dopo ogni pass: last_completed_pass non identifica necessariamente il pass interrotto. | Lo stack indica dove SIGALRM è stato osservato, non dimostra quale pass, configurazione, circuito o hardware abbia causato il timeout. | Un'attribuzione causale richiede confronti controllati tra circuiti, configurazioni e device.",qiskit/transpiler/passes/routing/lookahead_swap.py:346:_calc_layout_distance
ibm_falcon_27,27,b9120f471bd90ef5aae03606ebc1e421478cd50f7b65ff4fb115f64c5148c104,run_f0031f53693c20159e68cf65733c8dfd72f92ac90ba529bc8f8e0a681bb99c7d,qft_indep_qiskit_12,qft,qiskit,12,25,96,o2_sabre_lookahead,2,sabre,lookahead,2,timeout,transpilation,timeout,AttemptTimeoutError,100.0,100.00171677999606,Tentativo interrotto dopo 100.0 secondi.,qiskit_post_pass_callback_and_sigalrm_traceback,transpilation,21,LookaheadSwap,qiskit.transpiler.passes.routing.lookahead_swap.LookaheadSwap,20,99.98642444610596,99.9987938359991,qiskit/transpiler/passes/routing/lookahead_swap.py,_score_state_with_swap,359,,,,none,False,"Il callback pubblico di Qiskit viene eseguito dopo ogni pass: last_completed_pass non identifica necessariamente il pass interrotto. | Lo stack indica dove SIGALRM è stato osservato, non dimostra quale pass, configurazione, circuito o hardware abbia causato il timeout. | Un'attribuzione causale richiede confronti controllati tra circuiti, configurazioni e device.",qiskit/transpiler/passes/routing/lookahead_swap.py:359:_score_state_with_swap
ibm_falcon_27,27,b9120f471bd90ef5aae03606ebc1e421478cd50f7b65ff4fb115f64c5148c104,run_61d0a81f0b73c5e5a0567f1bb5e161612f8aeb9ed4db6698fc3cb146de5610e1,qft_indep_qiskit_13,qft,qiskit,13,27,110,o2_sabre_lookahead,2,sabre,lookahead,0,timeout,transpilation,timeout,AttemptTimeoutError,100.0,100.00247666799987,Tentativo interrotto dopo 100.0 secondi.,qiskit_post_pass_callback_and_sigalrm_traceback,transpilation,21,LookaheadSwap,qiskit.transpiler.passes.routing.lookahead_swap.LookaheadSwap,20,99.98698043823242,99.99880627500534,qiskit/transpiler/passes/routing/lookahead_swap.py,_calc_layout_distance,346,,,,none,False,"Il callback pubblico di Qiskit viene eseguito dopo ogni pass: last_completed_pass non identifica necessariamente il pass interrotto. | Lo stack indica dove SIGALRM è stato osservato, non dimostra quale pass, configurazione, circuito o hardware abbia causato il timeout. | Un'attribuzione causale richiede confronti controllati tra circuiti, configurazioni e device.",qiskit/transpiler/passes/routing/lookahead_swap.py:346:_calc_layout_distance
ibm_falcon_27,27,b9120f471bd90ef5aae03606ebc1e421478cd50f7b65ff4fb115f64c5148c104,run_c5c0a988839288aea1efba6952ae890120e2ac632145461685c7a384e45cb41d,qft_indep_qiskit_13,qft,qiskit,13,27,110,o2_sabre_lookahead,2,sabre,lookahead,1,timeout,transpilation,timeout,AttemptTimeoutError,100.0,100.00173259600706,Tentativo interrotto dopo 100.0 secondi.,qiskit_post_pass_callback_and_sigalrm_traceback,transpilation,21,LookaheadSwap,qiskit.transpiler.passes.routing.lookahead_swap.LookaheadSwap,20,99.98603129386902,99.99865928999498,qiskit/transpiler/passes/routing/lookahead_swap.py,_first_op_node,394,,,,none,False,"Il callback pubblico di Qiskit viene eseguito dopo ogni pass: last_completed_pass non identifica necessariamente il pass interrotto. | Lo stack indica dove SIGALRM è stato osservato, non dimostra quale pass, configurazione, circuito o hardware abbia causato il timeout. | Un'attribuzione causale richiede confronti controllati tra circuiti, configurazioni e device.",qiskit/transpiler/passes/routing/lookahead_swap.py:394:_first_op_node
ibm_falcon_27,27,b9120f471bd90ef5aae03606ebc1e421478cd50f7b65ff4fb115f64c5148c104,run_7daea6d1e50392f3143c0c52487212254c2afc49bce6874ee2bd720df5133b29,qft_indep_qiskit_13,qft,qiskit,13,27,110,o2_sabre_lookahead,2,sabre,lookahead,2,timeout,transpilation,timeout,AttemptTimeoutError,100.0,100.00229494599625,Tentativo interrotto dopo 100.0 secondi.,qiskit_post_pass_callback_and_sigalrm_traceback,transpilation,21,LookaheadSwap,qiskit.transpiler.passes.routing.lookahead_swap.LookaheadSwap,20,99.98869562149048,99.99890227000287,qiskit/transpiler/passes/routing/lookahead_swap.py,_map_free_gates,316,,,,none,False,"Il callback pubblico di Qiskit viene eseguito dopo ogni pass: last_completed_pass non identifica necessariamente il pass interrotto. | Lo stack indica dove SIGALRM è stato osservato, non dimostra quale pass, configurazione, circuito o hardware abbia causato il timeout. | Un'attribuzione causale richiede confronti controllati tra circuiti, configurazioni e device.",qiskit/transpiler/passes/routing/lookahead_swap.py:316:_map_free_gates
ibm_falcon_27,27,b9120f471bd90ef5aae03606ebc1e421478cd50f7b65ff4fb115f64c5148c104,run_14ed87f703c0af94bb9a4239745115527a2bede62d765ec1ae50f37ed03be09d,qft_indep_qiskit_14,qft,qiskit,14,29,126,o2_sabre_lookahead,2,sabre,lookahead,0,timeout,transpilation,timeout,AttemptTimeoutError,100.0,100.00162362199626,Tentativo interrotto dopo 100.0 secondi.,qiskit_post_pass_callback_and_sigalrm_traceback,transpilation,21,LookaheadSwap,qiskit.transpiler.passes.routing.lookahead_swap.LookaheadSwap,20,99.98579549789429,99.99869962700177,qiskit/transpiler/passes/routing/lookahead_swap.py,_calc_layout_distance,346,,,,none,False,"Il callback pubblico di Qiskit viene eseguito dopo ogni pass: last_completed_pass non identifica necessariamente il pass interrotto. | Lo stack indica dove SIGALRM è stato osservato, non dimostra quale pass, configurazione, circuito o hardware abbia causato il timeout. | Un'attribuzione causale richiede confronti controllati tra circuiti, configurazioni e device.",qiskit/transpiler/passes/routing/lookahead_swap.py:346:_calc_layout_distance
ibm_falcon_27,27,b9120f471bd90ef5aae03606ebc1e421478cd50f7b65ff4fb115f64c5148c104,run_c22e38b19a5cfb4c50f46d94e0ff803d2f248a4a9c29401a7f3cd3972d7f1bd2,qft_indep_qiskit_14,qft,qiskit,14,29,126,o2_sabre_lookahead,2,sabre,lookahead,1,timeout,transpilation,timeout,AttemptTimeoutError,100.0,100.00144610900315,Tentativo interrotto dopo 100.0 secondi.,qiskit_post_pass_callback_and_sigalrm_traceback,transpilation,21,LookaheadSwap,qiskit.transpiler.passes.routing.lookahead_swap.LookaheadSwap,20,99.98695230484009,99.99797046100139,qiskit/transpiler/passes/routing/lookahead_swap.py,_calc_layout_distance,346,,,,none,False,"Il callback pubblico di Qiskit viene eseguito dopo ogni pass: last_completed_pass non identifica necessariamente il pass interrotto. | Lo stack indica dove SIGALRM è stato osservato, non dimostra quale pass, configurazione, circuito o hardware abbia causato il timeout. | Un'attribuzione causale richiede confronti controllati tra circuiti, configurazioni e device.",qiskit/transpiler/passes/routing/lookahead_swap.py:346:_calc_layout_distance
ibm_falcon_27,27,b9120f471bd90ef5aae03606ebc1e421478cd50f7b65ff4fb115f64c5148c104,run_a4697533d7238bfbf214edf3c5520c4d8685bee66215a3a1a9f51e67b84f0fb0,qft_indep_qiskit_14,qft,qiskit,14,29,126,o2_sabre_lookahead,2,sabre,lookahead,2,timeout,transpilation,timeout,AttemptTimeoutError,100.0,100.00164815000608,Tentativo interrotto dopo 100.0 secondi.,qiskit_post_pass_callback_and_sigalrm_traceback,transpilation,21,LookaheadSwap,qiskit.transpiler.passes.routing.lookahead_swap.LookaheadSwap,20,99.98715424537659,99.99868567599333,qiskit/transpiler/passes/routing/lookahead_swap.py,_first_op_node,394,,,,none,False,"Il callback pubblico di Qiskit viene eseguito dopo ogni pass: last_completed_pass non identifica necessariamente il pass interrotto. | Lo stack indica dove SIGALRM è stato osservato, non dimostra quale pass, configurazione, circuito o hardware abbia causato il timeout. | Un'attribuzione causale richiede confronti controllati tra circuiti, configurazioni e device.",qiskit/transpiler/passes/routing/lookahead_swap.py:394:_first_op_node
ibm_falcon_27,27,b9120f471bd90ef5aae03606ebc1e421478cd50f7b65ff4fb115f64c5148c104,run_1ef555249c2de4b9350444ca61fb419684a232ce48b3b034313be70c9e6fda00,qft_indep_qiskit_15,qft,qiskit,15,31,142,o2_sabre_lookahead,2,sabre,lookahead,0,timeout,transpilation,timeout,AttemptTimeoutError,100.0,100.00183475199447,Tentativo interrotto dopo 100.0 secondi.,qiskit_post_pass_callback_and_sigalrm_traceback,transpilation,21,LookaheadSwap,qiskit.transpiler.passes.routing.lookahead_swap.LookaheadSwap,20,99.98584198951721,99.99855784898682,qiskit/transpiler/passes/routing/lookahead_swap.py,_calc_layout_distance,346,,,,none,False,"Il callback pubblico di Qiskit viene eseguito dopo ogni pass: last_completed_pass non identifica necessariamente il pass interrotto. | Lo stack indica dove SIGALRM è stato osservato, non dimostra quale pass, configurazione, circuito o hardware abbia causato il timeout. | Un'attribuzione causale richiede confronti controllati tra circuiti, configurazioni e device.",qiskit/transpiler/passes/routing/lookahead_swap.py:346:_calc_layout_distance
ibm_falcon_27,27,b9120f471bd90ef5aae03606ebc1e421478cd50f7b65ff4fb115f64c5148c104,run_417130aaf6f7d96791c76f79b8c8c1fb14738336c1f00b076b429e2750633614,qft_indep_qiskit_15,qft,qiskit,15,31,142,o2_sabre_lookahead,2,sabre,lookahead,1,timeout,transpilation,timeout,AttemptTimeoutError,100.0,100.00164152499929,Tentativo interrotto dopo 100.0 secondi.,qiskit_post_pass_callback_and_sigalrm_traceback,transpilation,21,LookaheadSwap,qiskit.transpiler.passes.routing.lookahead_swap.LookaheadSwap,20,99.98428750038147,99.99811339499138,qiskit/transpiler/passes/routing/lookahead_swap.py,_map_free_gates,316,,,,none,False,"Il callback pubblico di Qiskit viene eseguito dopo ogni pass: last_completed_pass non identifica necessariamente il pass interrotto. | Lo stack indica dove SIGALRM è stato osservato, non dimostra quale pass, configurazione, circuito o hardware abbia causato il timeout. | Un'attribuzione causale richiede confronti controllati tra circuiti, configurazioni e device.",qiskit/transpiler/passes/routing/lookahead_swap.py:316:_map_free_gates
ibm_falcon_27,27,b9120f471bd90ef5aae03606ebc1e421478cd50f7b65ff4fb115f64c5148c104,run_4aefc5673414526587bf6761982153cf79022be0f79118da6124fe39b5662df1,qft_indep_qiskit_15,qft,qiskit,15,31,142,o2_sabre_lookahead,2,sabre,lookahead,2,timeout,transpilation,timeout,AttemptTimeoutError,100.0,100.00256676400022,Tentativo interrotto dopo 100.0 secondi.,qiskit_post_pass_callback_and_sigalrm_traceback,transpilation,21,LookaheadSwap,qiskit.transpiler.passes.routing.lookahead_swap.LookaheadSwap,20,99.98594760894775,99.99845834399457,qiskit/transpiler/passes/routing/lookahead_swap.py,<genexpr>,394,,,,none,False,"Il callback pubblico di Qiskit viene eseguito dopo ogni pass: last_completed_pass non identifica necessariamente il pass interrotto. | Lo stack indica dove SIGALRM è stato osservato, non dimostra quale pass, configurazione, circuito o hardware abbia causato il timeout. | Un'attribuzione causale richiede confronti controllati tra circuiti, configurazioni e device.",qiskit/transpiler/passes/routing/lookahead_swap.py:394:<genexpr>
ibm_falcon_27,27,b9120f471bd90ef5aae03606ebc1e421478cd50f7b65ff4fb115f64c5148c104,run_d829f359e526ee7bcdf2eeaa6ebbb18d4e02ee00b3b7b9be18f3ef86c1debd6d,qft_indep_qiskit_16,qft,qiskit,16,33,160,o2_sabre_lookahead,2,sabre,lookahead,0,timeout,transpilation,timeout,AttemptTimeoutError,100.0,100.00272975300322,Tentativo interrotto dopo 100.0 secondi.,qiskit_post_pass_callback_and_sigalrm_traceback,transpilation,21,LookaheadSwap,qiskit.transpiler.passes.routing.lookahead_swap.LookaheadSwap,20,99.98320031166077,99.99835544099915,qiskit/transpiler/passes/routing/lookahead_swap.py,_first_op_node,394,,,,none,False,"Il callback pubblico di Qiskit viene eseguito dopo ogni pass: last_completed_pass non identifica necessariamente il pass interrotto. | Lo stack indica dove SIGALRM è stato osservato, non dimostra quale pass, configurazione, circuito o hardware abbia causato il timeout. | Un'attribuzione causale richiede confronti controllati tra circuiti, configurazioni e device.",qiskit/transpiler/passes/routing/lookahead_swap.py:394:_first_op_node
ibm_falcon_27,27,b9120f471bd90ef5aae03606ebc1e421478cd50f7b65ff4fb115f64c5148c104,run_f360b6b10cdcfc36b5176638b7d855c3b895000b94f4dc96ffc096d5b3c7eb79,qft_indep_qiskit_16,qft,qiskit,16,33,160,o2_sabre_lookahead,2,sabre,lookahead,1,timeout,transpilation,timeout,AttemptTimeoutError,100.0,100.00264262300334,Tentativo interrotto dopo 100.0 secondi.,qiskit_post_pass_callback_and_sigalrm_traceback,transpilation,21,LookaheadSwap,qiskit.transpiler.passes.routing.lookahead_swap.LookaheadSwap,20,99.98232293128967,99.99745181201433,qiskit/transpiler/passes/routing/lookahead_swap.py,_calc_layout_distance,346,,,,none,False,"Il callback pubblico di Qiskit viene eseguito dopo ogni pass: last_completed_pass non identifica necessariamente il pass interrotto. | Lo stack indica dove SIGALRM è stato osservato, non dimostra quale pass, configurazione, circuito o hardware abbia causato il timeout. | Un'attribuzione causale richiede confronti controllati tra circuiti, configurazioni e device.",qiskit/transpiler/passes/routing/lookahead_swap.py:346:_calc_layout_distance
ibm_falcon_27,27,b9120f471bd90ef5aae03606ebc1e421478cd50f7b65ff4fb115f64c5148c104,run_9fdebad5144d994b9903f60f873e7428c436e68147f042d3085755683d53e7ba,qft_indep_qiskit_16,qft,qiskit,16,33,160,o2_sabre_lookahead,2,sabre,lookahead,2,timeout,transpilation,timeout,AttemptTimeoutError,100.0,100.00198486099544,Tentativo interrotto dopo 100.0 secondi.,qiskit_post_pass_callback_and_sigalrm_traceback,transpilation,21,LookaheadSwap,qiskit.transpiler.passes.routing.lookahead_swap.LookaheadSwap,20,99.983478307724,99.9983834099985,qiskit/transpiler/passes/routing/lookahead_swap.py,_calc_layout_distance,346,,,,none,False,"Il callback pubblico di Qiskit viene eseguito dopo ogni pass: last_completed_pass non identifica necessariamente il pass interrotto. | Lo stack indica dove SIGALRM è stato osservato, non dimostra quale pass, configurazione, circuito o hardware abbia causato il timeout. | Un'attribuzione causale richiede confronti controllati tra circuiti, configurazioni e device.",qiskit/transpiler/passes/routing/lookahead_swap.py:346:_calc_layout_distance
ibm_falcon_27,27,b9120f471bd90ef5aae03606ebc1e421478cd50f7b65ff4fb115f64c5148c104,run_aa04be590179dd89f5985b4bc268bd202d3ac3538a42a167ca420e2dcd1cc84f,qft_indep_qiskit_17,qft,qiskit,17,35,178,o2_sabre_lookahead,2,sabre,lookahead,0,timeout,transpilation,timeout,AttemptTimeoutError,100.0,100.00190486299107,Tentativo interrotto dopo 100.0 secondi.,qiskit_post_pass_callback_and_sigalrm_traceback,transpilation,21,LookaheadSwap,qiskit.transpiler.passes.routing.lookahead_swap.LookaheadSwap,20,99.98162126541138,99.99711164001201,qiskit/transpiler/passes/routing/lookahead_swap.py,_calc_layout_distance,346,,,,none,False,"Il callback pubblico di Qiskit viene eseguito dopo ogni pass: last_completed_pass non identifica necessariamente il pass interrotto. | Lo stack indica dove SIGALRM è stato osservato, non dimostra quale pass, configurazione, circuito o hardware abbia causato il timeout. | Un'attribuzione causale richiede confronti controllati tra circuiti, configurazioni e device.",qiskit/transpiler/passes/routing/lookahead_swap.py:346:_calc_layout_distance
ibm_falcon_27,27,b9120f471bd90ef5aae03606ebc1e421478cd50f7b65ff4fb115f64c5148c104,run_9e269dcdba9ffd0d324352fdb018d108d52f63feb7bbf4b675eb1c4268c2d1e1,qft_indep_qiskit_17,qft,qiskit,17,35,178,o2_sabre_lookahead,2,sabre,lookahead,1,timeout,transpilation,timeout,AttemptTimeoutError,100.0,100.00331459000881,Tentativo interrotto dopo 100.0 secondi.,qiskit_post_pass_callback_and_sigalrm_traceback,transpilation,21,LookaheadSwap,qiskit.transpiler.passes.routing.lookahead_swap.LookaheadSwap,20,99.98397874832153,99.9983407700056,qiskit/transpiler/passes/routing/lookahead_swap.py,_calc_layout_distance,346,,,,none,False,"Il callback pubblico di Qiskit viene eseguito dopo ogni pass: last_completed_pass non identifica necessariamente il pass interrotto. | Lo stack indica dove SIGALRM è stato osservato, non dimostra quale pass, configurazione, circuito o hardware abbia causato il timeout. | Un'attribuzione causale richiede confronti controllati tra circuiti, configurazioni e device.",qiskit/transpiler/passes/routing/lookahead_swap.py:346:_calc_layout_distance
ibm_falcon_27,27,b9120f471bd90ef5aae03606ebc1e421478cd50f7b65ff4fb115f64c5148c104,run_dc6b1262a032cdab2a454348f033956532f0eab77381d41bc4f792ee35c55e79,qft_indep_qiskit_17,qft,qiskit,17,35,178,o2_sabre_lookahead,2,sabre,lookahead,2,timeout,transpilation,timeout,AttemptTimeoutError,100.0,100.00266458799888,Tentativo interrotto dopo 100.0 secondi.,qiskit_post_pass_callback_and_sigalrm_traceback,transpilation,21,LookaheadSwap,qiskit.transpiler.passes.routing.lookahead_swap.LookaheadSwap,20,99.98330473899841,99.9981635120057,qiskit/transpiler/passes/routing/lookahead_swap.py,_first_op_node,394,,,,none,False,"Il callback pubblico di Qiskit viene eseguito dopo ogni pass: last_completed_pass non identifica necessariamente il pass interrotto. | Lo stack indica dove SIGALRM è stato osservato, non dimostra quale pass, configurazione, circuito o hardware abbia causato il timeout. | Un'attribuzione causale richiede confronti controllati tra circuiti, configurazioni e device.",qiskit/transpiler/passes/routing/lookahead_swap.py:394:_first_op_node
ibm_falcon_27,27,b9120f471bd90ef5aae03606ebc1e421478cd50f7b65ff4fb115f64c5148c104,run_d1049c1c652f0c9266e43b2282ca5544d7b8af4c089d5ebe816b461d07e36b62,qft_indep_tket_11,qft,tket,11,23,82,o2_sabre_lookahead,2,sabre,lookahead,2,timeout,transpilation,timeout,AttemptTimeoutError,100.0,100.0023163040023,Tentativo interrotto dopo 100.0 secondi.,qiskit_post_pass_callback_and_sigalrm_traceback,transpilation,21,LookaheadSwap,qiskit.transpiler.passes.routing.lookahead_swap.LookaheadSwap,20,99.98819971084595,99.99865040100121,qiskit/transpiler/passes/routing/lookahead_swap.py,<genexpr>,394,,,,none,False,"Il callback pubblico di Qiskit viene eseguito dopo ogni pass: last_completed_pass non identifica necessariamente il pass interrotto. | Lo stack indica dove SIGALRM è stato osservato, non dimostra quale pass, configurazione, circuito o hardware abbia causato il timeout. | Un'attribuzione causale richiede confronti controllati tra circuiti, configurazioni e device.",qiskit/transpiler/passes/routing/lookahead_swap.py:394:<genexpr>
ibm_falcon_27,27,b9120f471bd90ef5aae03606ebc1e421478cd50f7b65ff4fb115f64c5148c104,run_a5c2982da364e27074a1be5f8f118409971aa8dfa7f4c499dda9092cc513b0e5,qft_indep_tket_12,qft,tket,12,25,96,o2_sabre_lookahead,2,sabre,lookahead,0,timeout,transpilation,timeout,AttemptTimeoutError,100.0,100.00137681300112,Tentativo interrotto dopo 100.0 secondi.,qiskit_post_pass_callback_and_sigalrm_traceback,transpilation,21,LookaheadSwap,qiskit.transpiler.passes.routing.lookahead_swap.LookaheadSwap,20,99.98881721496582,99.99890097999014,qiskit/transpiler/passes/routing/lookahead_swap.py,_map_free_gates,316,,,,none,False,"Il callback pubblico di Qiskit viene eseguito dopo ogni pass: last_completed_pass non identifica necessariamente il pass interrotto. | Lo stack indica dove SIGALRM è stato osservato, non dimostra quale pass, configurazione, circuito o hardware abbia causato il timeout. | Un'attribuzione causale richiede confronti controllati tra circuiti, configurazioni e device.",qiskit/transpiler/passes/routing/lookahead_swap.py:316:_map_free_gates
ibm_falcon_27,27,b9120f471bd90ef5aae03606ebc1e421478cd50f7b65ff4fb115f64c5148c104,run_b16833d293fa764c709fe197de12e26a5ec2a95e381a0f1dd773eb456460e63e,qft_indep_tket_12,qft,tket,12,25,96,o2_sabre_lookahead,2,sabre,lookahead,1,timeout,transpilation,timeout,AttemptTimeoutError,100.0,100.00150536700676,Tentativo interrotto dopo 100.0 secondi.,qiskit_post_pass_callback_and_sigalrm_traceback,transpilation,21,LookaheadSwap,qiskit.transpiler.passes.routing.lookahead_swap.LookaheadSwap,20,99.9878602027893,99.99851769099769,qiskit/transpiler/passes/routing/lookahead_swap.py,_map_free_gates,316,,,,none,False,"Il callback pubblico di Qiskit viene eseguito dopo ogni pass: last_completed_pass non identifica necessariamente il pass interrotto. | Lo stack indica dove SIGALRM è stato osservato, non dimostra quale pass, configurazione, circuito o hardware abbia causato il timeout. | Un'attribuzione causale richiede confronti controllati tra circuiti, configurazioni e device.",qiskit/transpiler/passes/routing/lookahead_swap.py:316:_map_free_gates
ibm_falcon_27,27,b9120f471bd90ef5aae03606ebc1e421478cd50f7b65ff4fb115f64c5148c104,run_4a7979b6fc57f3c62112987875ff102750ca78e2cf9d01dc588ee4d2d00d5f1f,qft_indep_tket_12,qft,tket,12,25,96,o2_sabre_lookahead,2,sabre,lookahead,2,timeout,transpilation,timeout,AttemptTimeoutError,100.0,100.00144373999501,Tentativo interrotto dopo 100.0 secondi.,qiskit_post_pass_callback_and_sigalrm_traceback,transpilation,21,LookaheadSwap,qiskit.transpiler.passes.routing.lookahead_swap.LookaheadSwap,20,99.98704957962036,99.99842235300457,qiskit/transpiler/passes/routing/lookahead_swap.py,_first_op_node,394,,,,none,False,"Il callback pubblico di Qiskit viene eseguito dopo ogni pass: last_completed_pass non identifica necessariamente il pass interrotto. | Lo stack indica dove SIGALRM è stato osservato, non dimostra quale pass, configurazione, circuito o hardware abbia causato il timeout. | Un'attribuzione causale richiede confronti controllati tra circuiti, configurazioni e device.",qiskit/transpiler/passes/routing/lookahead_swap.py:394:_first_op_node
ibm_falcon_27,27,b9120f471bd90ef5aae03606ebc1e421478cd50f7b65ff4fb115f64c5148c104,run_c289cf2161387b5dc38331607e4dd0f30ae308165cbed4a6e4627f37e5304661,qft_indep_tket_13,qft,tket,13,27,110,o2_sabre_lookahead,2,sabre,lookahead,0,timeout,transpilation,timeout,AttemptTimeoutError,100.0,100.0024027400068,Tentativo interrotto dopo 100.0 secondi.,qiskit_post_pass_callback_and_sigalrm_traceback,transpilation,21,LookaheadSwap,qiskit.transpiler.passes.routing.lookahead_swap.LookaheadSwap,20,99.98777508735657,99.99848568199377,qiskit/transpiler/passes/routing/lookahead_swap.py,_calc_layout_distance,346,,,,none,False,"Il callback pubblico di Qiskit viene eseguito dopo ogni pass: last_completed_pass non identifica necessariamente il pass interrotto. | Lo stack indica dove SIGALRM è stato osservato, non dimostra quale pass, configurazione, circuito o hardware abbia causato il timeout. | Un'attribuzione causale richiede confronti controllati tra circuiti, configurazioni e device.",qiskit/transpiler/passes/routing/lookahead_swap.py:346:_calc_layout_distance
ibm_falcon_27,27,b9120f471bd90ef5aae03606ebc1e421478cd50f7b65ff4fb115f64c5148c104,run_3209b4371e757ff4b896cdf4e3463053a21af314d901c64dabe1d2a605a2f675,qft_indep_tket_13,qft,tket,13,27,110,o2_sabre_lookahead,2,sabre,lookahead,1,timeout,transpilation,timeout,AttemptTimeoutError,100.0,100.00220353598706,Tentativo interrotto dopo 100.0 secondi.,qiskit_post_pass_callback_and_sigalrm_traceback,transpilation,21,LookaheadSwap,qiskit.transpiler.passes.routing.lookahead_swap.LookaheadSwap,20,99.98846888542175,99.99865135499567,qiskit/transpiler/passes/routing/lookahead_swap.py,_calc_layout_distance,346,,,,none,False,"Il callback pubblico di Qiskit viene eseguito dopo ogni pass: last_completed_pass non identifica necessariamente il pass interrotto. | Lo stack indica dove SIGALRM è stato osservato, non dimostra quale pass, configurazione, circuito o hardware abbia causato il timeout. | Un'attribuzione causale richiede confronti controllati tra circuiti, configurazioni e device.",qiskit/transpiler/passes/routing/lookahead_swap.py:346:_calc_layout_distance
ibm_falcon_27,27,b9120f471bd90ef5aae03606ebc1e421478cd50f7b65ff4fb115f64c5148c104,run_c1f7be5f1a489e648ad9dd4a7b5c17d7aeef62771eb8bcd923deb66c26b8b869,qft_indep_tket_13,qft,tket,13,27,110,o2_sabre_lookahead,2,sabre,lookahead,2,timeout,transpilation,timeout,AttemptTimeoutError,100.0,100.00220068199269,Tentativo interrotto dopo 100.0 secondi.,qiskit_post_pass_callback_and_sigalrm_traceback,transpilation,21,LookaheadSwap,qiskit.transpiler.passes.routing.lookahead_swap.LookaheadSwap,20,99.98889803886414,99.99884484600625,qiskit/transpiler/passes/routing/lookahead_swap.py,_calc_layout_distance,346,,,,none,False,"Il callback pubblico di Qiskit viene eseguito dopo ogni pass: last_completed_pass non identifica necessariamente il pass interrotto. | Lo stack indica dove SIGALRM è stato osservato, non dimostra quale pass, configurazione, circuito o hardware abbia causato il timeout. | Un'attribuzione causale richiede confronti controllati tra circuiti, configurazioni e device.",qiskit/transpiler/passes/routing/lookahead_swap.py:346:_calc_layout_distance
ibm_falcon_27,27,b9120f471bd90ef5aae03606ebc1e421478cd50f7b65ff4fb115f64c5148c104,run_32830e2d1cfee914694ac8a1478aa2fe4cd931146f1e753dcc877e9b5f6131ef,qft_indep_tket_14,qft,tket,14,29,126,o2_sabre_lookahead,2,sabre,lookahead,0,timeout,transpilation,timeout,AttemptTimeoutError,100.0,100.00147312700574,Tentativo interrotto dopo 100.0 secondi.,qiskit_post_pass_callback_and_sigalrm_traceback,transpilation,21,LookaheadSwap,qiskit.transpiler.passes.routing.lookahead_swap.LookaheadSwap,20,99.98420596122742,99.99799138700473,qiskit/transpiler/passes/routing/lookahead_swap.py,_first_op_node,394,,,,none,False,"Il callback pubblico di Qiskit viene eseguito dopo ogni pass: last_completed_pass non identifica necessariamente il pass interrotto. | Lo stack indica dove SIGALRM è stato osservato, non dimostra quale pass, configurazione, circuito o hardware abbia causato il timeout. | Un'attribuzione causale richiede confronti controllati tra circuiti, configurazioni e device.",qiskit/transpiler/passes/routing/lookahead_swap.py:394:_first_op_node
ibm_falcon_27,27,b9120f471bd90ef5aae03606ebc1e421478cd50f7b65ff4fb115f64c5148c104,run_44da5f05ac8a9ba7bad28439439957225480cb998f0c56b85efa3f1d4c9008d5,qft_indep_tket_14,qft,tket,14,29,126,o2_sabre_lookahead,2,sabre,lookahead,1,timeout,transpilation,timeout,AttemptTimeoutError,100.0,100.00215926000965,Tentativo interrotto dopo 100.0 secondi.,qiskit_post_pass_callback_and_sigalrm_traceback,transpilation,21,LookaheadSwap,qiskit.transpiler.passes.routing.lookahead_swap.LookaheadSwap,20,99.9849488735199,99.99792205300764,qiskit/transpiler/passes/routing/lookahead_swap.py,_first_op_node,390,,,,none,False,"Il callback pubblico di Qiskit viene eseguito dopo ogni pass: last_completed_pass non identifica necessariamente il pass interrotto. | Lo stack indica dove SIGALRM è stato osservato, non dimostra quale pass, configurazione, circuito o hardware abbia causato il timeout. | Un'attribuzione causale richiede confronti controllati tra circuiti, configurazioni e device.",qiskit/transpiler/passes/routing/lookahead_swap.py:390:_first_op_node
ibm_falcon_27,27,b9120f471bd90ef5aae03606ebc1e421478cd50f7b65ff4fb115f64c5148c104,run_490970574e5e54add34edf265f6b79b70adc1a098584173aa3376fe4b4cab461,qft_indep_tket_14,qft,tket,14,29,126,o2_sabre_lookahead,2,sabre,lookahead,2,timeout,transpilation,timeout,AttemptTimeoutError,100.0,100.00155987399921,Tentativo interrotto dopo 100.0 secondi.,qiskit_post_pass_callback_and_sigalrm_traceback,transpilation,21,LookaheadSwap,qiskit.transpiler.passes.routing.lookahead_swap.LookaheadSwap,20,99.98539519309998,99.99809972599905,qiskit/transpiler/passes/routing/lookahead_swap.py,_calc_layout_distance,346,,,,none,False,"Il callback pubblico di Qiskit viene eseguito dopo ogni pass: last_completed_pass non identifica necessariamente il pass interrotto. | Lo stack indica dove SIGALRM è stato osservato, non dimostra quale pass, configurazione, circuito o hardware abbia causato il timeout. | Un'attribuzione causale richiede confronti controllati tra circuiti, configurazioni e device.",qiskit/transpiler/passes/routing/lookahead_swap.py:346:_calc_layout_distance
ibm_falcon_27,27,b9120f471bd90ef5aae03606ebc1e421478cd50f7b65ff4fb115f64c5148c104,run_0f82ff0290d9f897304df3469268fc15eaf514a97ad4bfbc2944010a0fcef491,qftentangled_indep_qiskit_10,qftentangled,qiskit,10,23,80,o2_sabre_lookahead,2,sabre,lookahead,1,timeout,transpilation,timeout,AttemptTimeoutError,100.0,100.00143512600334,Tentativo interrotto dopo 100.0 secondi.,qiskit_post_pass_callback_and_sigalrm_traceback,transpilation,21,LookaheadSwap,qiskit.transpiler.passes.routing.lookahead_swap.LookaheadSwap,20,99.98996829986572,99.99875596699712,qiskit/transpiler/passes/routing/lookahead_swap.py,_calc_layout_distance,346,,,,none,False,"Il callback pubblico di Qiskit viene eseguito dopo ogni pass: last_completed_pass non identifica necessariamente il pass interrotto. | Lo stack indica dove SIGALRM è stato osservato, non dimostra quale pass, configurazione, circuito o hardware abbia causato il timeout. | Un'attribuzione causale richiede confronti controllati tra circuiti, configurazioni e device.",qiskit/transpiler/passes/routing/lookahead_swap.py:346:_calc_layout_distance
ibm_falcon_27,27,b9120f471bd90ef5aae03606ebc1e421478cd50f7b65ff4fb115f64c5148c104,run_5ac15854e9a3f395e23d4df25dd15fbf795a05489489e1c1f58ff7800ea5ed4f,qftentangled_indep_qiskit_12,qftentangled,qiskit,12,27,108,o2_sabre_lookahead,2,sabre,lookahead,1,timeout,transpilation,timeout,AttemptTimeoutError,100.0,100.00232676201267,Tentativo interrotto dopo 100.0 secondi.,qiskit_post_pass_callback_and_sigalrm_traceback,transpilation,21,LookaheadSwap,qiskit.transpiler.passes.routing.lookahead_swap.LookaheadSwap,20,99.98881912231445,99.99899269700109,qiskit/transpiler/passes/routing/lookahead_swap.py,_score_state_with_swap,359,,,,none,False,"Il callback pubblico di Qiskit viene eseguito dopo ogni pass: last_completed_pass non identifica necessariamente il pass interrotto. | Lo stack indica dove SIGALRM è stato osservato, non dimostra quale pass, configurazione, circuito o hardware abbia causato il timeout. | Un'attribuzione causale richiede confronti controllati tra circuiti, configurazioni e device.",qiskit/transpiler/passes/routing/lookahead_swap.py:359:_score_state_with_swap
ibm_falcon_27,27,b9120f471bd90ef5aae03606ebc1e421478cd50f7b65ff4fb115f64c5148c104,run_82a87ff2d48f6f6ce6a3885afda9493a2f35e4f4a52cc2bba6b29536ab175b96,qftentangled_indep_qiskit_12,qftentangled,qiskit,12,27,108,o2_sabre_lookahead,2,sabre,lookahead,2,timeout,transpilation,timeout,AttemptTimeoutError,100.0,100.00222852799925,Tentativo interrotto dopo 100.0 secondi.,qiskit_post_pass_callback_and_sigalrm_traceback,transpilation,21,LookaheadSwap,qiskit.transpiler.passes.routing.lookahead_swap.LookaheadSwap,20,99.98761343955994,99.99892056299723,qiskit/transpiler/passes/routing/lookahead_swap.py,_first_op_node,394,,,,none,False,"Il callback pubblico di Qiskit viene eseguito dopo ogni pass: last_completed_pass non identifica necessariamente il pass interrotto. | Lo stack indica dove SIGALRM è stato osservato, non dimostra quale pass, configurazione, circuito o hardware abbia causato il timeout. | Un'attribuzione causale richiede confronti controllati tra circuiti, configurazioni e device.",qiskit/transpiler/passes/routing/lookahead_swap.py:394:_first_op_node
ibm_falcon_27,27,b9120f471bd90ef5aae03606ebc1e421478cd50f7b65ff4fb115f64c5148c104,run_5c9e1c786f53fe8b5de3981a7d0164df3a20ff353619f0865b45a0783cf26387,qftentangled_indep_qiskit_13,qftentangled,qiskit,13,29,123,o2_sabre_lookahead,2,sabre,lookahead,0,timeout,transpilation,timeout,AttemptTimeoutError,100.0,100.00234331599495,Tentativo interrotto dopo 100.0 secondi.,qiskit_post_pass_callback_and_sigalrm_traceback,transpilation,21,LookaheadSwap,qiskit.transpiler.passes.routing.lookahead_swap.LookaheadSwap,20,99.98756551742554,99.99888038900099,qiskit/transpiler/passes/routing/lookahead_swap.py,_map_free_gates,316,,,,none,False,"Il callback pubblico di Qiskit viene eseguito dopo ogni pass: last_completed_pass non identifica necessariamente il pass interrotto. | Lo stack indica dove SIGALRM è stato osservato, non dimostra quale pass, configurazione, circuito o hardware abbia causato il timeout. | Un'attribuzione causale richiede confronti controllati tra circuiti, configurazioni e device.",qiskit/transpiler/passes/routing/lookahead_swap.py:316:_map_free_gates
ibm_falcon_27,27,b9120f471bd90ef5aae03606ebc1e421478cd50f7b65ff4fb115f64c5148c104,run_a8058d55c4cec7c4e95a4b80b669f3819aa84fbdc3b22a28722fb7ba90288090,qftentangled_indep_qiskit_13,qftentangled,qiskit,13,29,123,o2_sabre_lookahead,2,sabre,lookahead,1,timeout,transpilation,timeout,AttemptTimeoutError,100.0,100.00211204501102,Tentativo interrotto dopo 100.0 secondi.,qiskit_post_pass_callback_and_sigalrm_traceback,transpilation,21,LookaheadSwap,qiskit.transpiler.passes.routing.lookahead_swap.LookaheadSwap,20,99.98790383338928,99.99887187199784,qiskit/transpiler/passes/routing/lookahead_swap.py,_map_free_gates,307,,,,none,False,"Il callback pubblico di Qiskit viene eseguito dopo ogni pass: last_completed_pass non identifica necessariamente il pass interrotto. | Lo stack indica dove SIGALRM è stato osservato, non dimostra quale pass, configurazione, circuito o hardware abbia causato il timeout. | Un'attribuzione causale richiede confronti controllati tra circuiti, configurazioni e device.",qiskit/transpiler/passes/routing/lookahead_swap.py:307:_map_free_gates
ibm_falcon_27,27,b9120f471bd90ef5aae03606ebc1e421478cd50f7b65ff4fb115f64c5148c104,run_3ba45ad389f39645f74ecf3c88a118ea94301a05cdd0054a1e2651f8d11953bf,qftentangled_indep_qiskit_13,qftentangled,qiskit,13,29,123,o2_sabre_lookahead,2,sabre,lookahead,2,timeout,transpilation,timeout,AttemptTimeoutError,100.0,100.00224201100355,Tentativo interrotto dopo 100.0 secondi.,qiskit_post_pass_callback_and_sigalrm_traceback,transpilation,21,LookaheadSwap,qiskit.transpiler.passes.routing.lookahead_swap.LookaheadSwap,20,99.98565888404846,99.99817771599919,qiskit/transpiler/passes/routing/lookahead_swap.py,_calc_layout_distance,346,,,,none,False,"Il callback pubblico di Qiskit viene eseguito dopo ogni pass: last_completed_pass non identifica necessariamente il pass interrotto. | Lo stack indica dove SIGALRM è stato osservato, non dimostra quale pass, configurazione, circuito o hardware abbia causato il timeout. | Un'attribuzione causale richiede confronti controllati tra circuiti, configurazioni e device.",qiskit/transpiler/passes/routing/lookahead_swap.py:346:_calc_layout_distance
ibm_falcon_27,27,b9120f471bd90ef5aae03606ebc1e421478cd50f7b65ff4fb115f64c5148c104,run_d44182985cbd8c4e4c316bb91248114f226de98c60bea8f56faa252c13167303,qftentangled_indep_qiskit_14,qftentangled,qiskit,14,31,140,o2_sabre_lookahead,2,sabre,lookahead,0,timeout,transpilation,timeout,AttemptTimeoutError,100.0,100.001673930994,Tentativo interrotto dopo 100.0 secondi.,qiskit_post_pass_callback_and_sigalrm_traceback,transpilation,21,LookaheadSwap,qiskit.transpiler.passes.routing.lookahead_swap.LookaheadSwap,20,99.98562407493591,99.99866488399857,qiskit/transpiler/passes/routing/lookahead_swap.py,_first_op_node,394,,,,none,False,"Il callback pubblico di Qiskit viene eseguito dopo ogni pass: last_completed_pass non identifica necessariamente il pass interrotto. | Lo stack indica dove SIGALRM è stato osservato, non dimostra quale pass, configurazione, circuito o hardware abbia causato il timeout. | Un'attribuzione causale richiede confronti controllati tra circuiti, configurazioni e device.",qiskit/transpiler/passes/routing/lookahead_swap.py:394:_first_op_node
ibm_falcon_27,27,b9120f471bd90ef5aae03606ebc1e421478cd50f7b65ff4fb115f64c5148c104,run_bb729426c11bccc12807a1e96dc43df1801f17e7dd0d5cbb451b04c14f6d025e,qftentangled_indep_qiskit_14,qftentangled,qiskit,14,31,140,o2_sabre_lookahead,2,sabre,lookahead,1,timeout,transpilation,timeout,AttemptTimeoutError,100.0,100.00238683700445,Tentativo interrotto dopo 100.0 secondi.,qiskit_post_pass_callback_and_sigalrm_traceback,transpilation,21,LookaheadSwap,qiskit.transpiler.passes.routing.lookahead_swap.LookaheadSwap,20,99.97936654090881,99.99778954999056,qiskit/transpiler/passes/routing/lookahead_swap.py,_calc_layout_distance,346,,,,none,False,"Il callback pubblico di Qiskit viene eseguito dopo ogni pass: last_completed_pass non identifica necessariamente il pass interrotto. | Lo stack indica dove SIGALRM è stato osservato, non dimostra quale pass, configurazione, circuito o hardware abbia causato il timeout. | Un'attribuzione causale richiede confronti controllati tra circuiti, configurazioni e device.",qiskit/transpiler/passes/routing/lookahead_swap.py:346:_calc_layout_distance
ibm_falcon_27,27,b9120f471bd90ef5aae03606ebc1e421478cd50f7b65ff4fb115f64c5148c104,run_87f34d3338aed62fccf06a0c6da5da0cc62b28b937bf8f2743c33773008207c2,qftentangled_indep_qiskit_14,qftentangled,qiskit,14,31,140,o2_sabre_lookahead,2,sabre,lookahead,2,timeout,transpilation,timeout,AttemptTimeoutError,100.0,100.0022356469999,Tentativo interrotto dopo 100.0 secondi.,qiskit_post_pass_callback_and_sigalrm_traceback,transpilation,21,LookaheadSwap,qiskit.transpiler.passes.routing.lookahead_swap.LookaheadSwap,20,99.98523020744324,99.99849711899878,qiskit/transpiler/passes/routing/lookahead_swap.py,_calc_layout_distance,346,,,,none,False,"Il callback pubblico di Qiskit viene eseguito dopo ogni pass: last_completed_pass non identifica necessariamente il pass interrotto. | Lo stack indica dove SIGALRM è stato osservato, non dimostra quale pass, configurazione, circuito o hardware abbia causato il timeout. | Un'attribuzione causale richiede confronti controllati tra circuiti, configurazioni e device.",qiskit/transpiler/passes/routing/lookahead_swap.py:346:_calc_layout_distance
ibm_falcon_27,27,b9120f471bd90ef5aae03606ebc1e421478cd50f7b65ff4fb115f64c5148c104,run_d81034952ef21ddf28e7d75eb182d9f454ef47a105d335f02693ae649b5fe5e7,qftentangled_indep_qiskit_15,qftentangled,qiskit,15,33,157,o2_sabre_lookahead,2,sabre,lookahead,0,timeout,transpilation,timeout,AttemptTimeoutError,100.0,100.0017960749974,Tentativo interrotto dopo 100.0 secondi.,qiskit_post_pass_callback_and_sigalrm_traceback,transpilation,21,LookaheadSwap,qiskit.transpiler.passes.routing.lookahead_swap.LookaheadSwap,20,99.98162198066711,99.9970749310014,qiskit/transpiler/passes/routing/lookahead_swap.py,_map_free_gates,316,,,,none,False,"Il callback pubblico di Qiskit viene eseguito dopo ogni pass: last_completed_pass non identifica necessariamente il pass interrotto. | Lo stack indica dove SIGALRM è stato osservato, non dimostra quale pass, configurazione, circuito o hardware abbia causato il timeout. | Un'attribuzione causale richiede confronti controllati tra circuiti, configurazioni e device.",qiskit/transpiler/passes/routing/lookahead_swap.py:316:_map_free_gates
ibm_falcon_27,27,b9120f471bd90ef5aae03606ebc1e421478cd50f7b65ff4fb115f64c5148c104,run_ec89179db46803de017f52b27892111d95fbce790779ae94c151c7c6fd09e81d,qftentangled_indep_qiskit_15,qftentangled,qiskit,15,33,157,o2_sabre_lookahead,2,sabre,lookahead,1,timeout,transpilation,timeout,AttemptTimeoutError,100.0,100.00166522798827,Tentativo interrotto dopo 100.0 secondi.,qiskit_post_pass_callback_and_sigalrm_traceback,transpilation,21,LookaheadSwap,qiskit.transpiler.passes.routing.lookahead_swap.LookaheadSwap,20,99.98350071907043,99.99736562800535,qiskit/transpiler/passes/routing/lookahead_swap.py,_calc_layout_distance,346,,,,none,False,"Il callback pubblico di Qiskit viene eseguito dopo ogni pass: last_completed_pass non identifica necessariamente il pass interrotto. | Lo stack indica dove SIGALRM è stato osservato, non dimostra quale pass, configurazione, circuito o hardware abbia causato il timeout. | Un'attribuzione causale richiede confronti controllati tra circuiti, configurazioni e device.",qiskit/transpiler/passes/routing/lookahead_swap.py:346:_calc_layout_distance
ibm_falcon_27,27,b9120f471bd90ef5aae03606ebc1e421478cd50f7b65ff4fb115f64c5148c104,run_fa64b981c26568f9160766359a58bf56875c8132bf501ca71304072255423e1b,qftentangled_indep_qiskit_15,qftentangled,qiskit,15,33,157,o2_sabre_lookahead,2,sabre,lookahead,2,timeout,transpilation,timeout,AttemptTimeoutError,100.0,100.00157138200302,Tentativo interrotto dopo 100.0 secondi.,qiskit_post_pass_callback_and_sigalrm_traceback,transpilation,21,LookaheadSwap,qiskit.transpiler.passes.routing.lookahead_swap.LookaheadSwap,20,99.98405838012695,99.99787362800271,qiskit/transpiler/passes/routing/lookahead_swap.py,_calc_layout_distance,346,,,,none,False,"Il callback pubblico di Qiskit viene eseguito dopo ogni pass: last_completed_pass non identifica necessariamente il pass interrotto. | Lo stack indica dove SIGALRM è stato osservato, non dimostra quale pass, configurazione, circuito o hardware abbia causato il timeout. | Un'attribuzione causale richiede confronti controllati tra circuiti, configurazioni e device.",qiskit/transpiler/passes/routing/lookahead_swap.py:346:_calc_layout_distance
ibm_falcon_27,27,b9120f471bd90ef5aae03606ebc1e421478cd50f7b65ff4fb115f64c5148c104,run_535e5ce70d8d8a59e400637bbe97a06dc52d5ce3c5bccd7b7dc5472bd4ff9ee9,qftentangled_indep_qiskit_16,qftentangled,qiskit,16,35,176,o2_sabre_lookahead,2,sabre,lookahead,0,timeout,transpilation,timeout,AttemptTimeoutError,100.0,100.00264920199697,Tentativo interrotto dopo 100.0 secondi.,qiskit_post_pass_callback_and_sigalrm_traceback,transpilation,21,LookaheadSwap,qiskit.transpiler.passes.routing.lookahead_swap.LookaheadSwap,20,99.98455309867859,99.99794951199146,qiskit/transpiler/passes/routing/lookahead_swap.py,_calc_layout_distance,346,,,,none,False,"Il callback pubblico di Qiskit viene eseguito dopo ogni pass: last_completed_pass non identifica necessariamente il pass interrotto. | Lo stack indica dove SIGALRM è stato osservato, non dimostra quale pass, configurazione, circuito o hardware abbia causato il timeout. | Un'attribuzione causale richiede confronti controllati tra circuiti, configurazioni e device.",qiskit/transpiler/passes/routing/lookahead_swap.py:346:_calc_layout_distance
ibm_falcon_27,27,b9120f471bd90ef5aae03606ebc1e421478cd50f7b65ff4fb115f64c5148c104,run_25e50d65a78f376b40a5e42061ccc75503f1f2d097adb0731b3643114d4ec90e,qftentangled_indep_qiskit_16,qftentangled,qiskit,16,35,176,o2_sabre_lookahead,2,sabre,lookahead,1,timeout,transpilation,timeout,AttemptTimeoutError,100.0,100.00175274499634,Tentativo interrotto dopo 100.0 secondi.,qiskit_post_pass_callback_and_sigalrm_traceback,transpilation,21,LookaheadSwap,qiskit.transpiler.passes.routing.lookahead_swap.LookaheadSwap,20,99.98481798171997,99.99825276700722,qiskit/transpiler/passes/routing/lookahead_swap.py,_map_free_gates,316,,,,none,False,"Il callback pubblico di Qiskit viene eseguito dopo ogni pass: last_completed_pass non identifica necessariamente il pass interrotto. | Lo stack indica dove SIGALRM è stato osservato, non dimostra quale pass, configurazione, circuito o hardware abbia causato il timeout. | Un'attribuzione causale richiede confronti controllati tra circuiti, configurazioni e device.",qiskit/transpiler/passes/routing/lookahead_swap.py:316:_map_free_gates
ibm_falcon_27,27,b9120f471bd90ef5aae03606ebc1e421478cd50f7b65ff4fb115f64c5148c104,run_6a63afab2bf1636fedc2de8ef9f0be1f4dc1f6aba4ad9e25c91c5f3c70e07563,qftentangled_indep_qiskit_16,qftentangled,qiskit,16,35,176,o2_sabre_lookahead,2,sabre,lookahead,2,timeout,transpilation,timeout,AttemptTimeoutError,100.0,100.00172100699274,Tentativo interrotto dopo 100.0 secondi.,qiskit_post_pass_callback_and_sigalrm_traceback,transpilation,21,LookaheadSwap,qiskit.transpiler.passes.routing.lookahead_swap.LookaheadSwap,20,99.98314094543457,99.99744818800536,qiskit/transpiler/passes/routing/lookahead_swap.py,_calc_layout_distance,346,,,,none,False,"Il callback pubblico di Qiskit viene eseguito dopo ogni pass: last_completed_pass non identifica necessariamente il pass interrotto. | Lo stack indica dove SIGALRM è stato osservato, non dimostra quale pass, configurazione, circuito o hardware abbia causato il timeout. | Un'attribuzione causale richiede confronti controllati tra circuiti, configurazioni e device.",qiskit/transpiler/passes/routing/lookahead_swap.py:346:_calc_layout_distance
ibm_falcon_27,27,b9120f471bd90ef5aae03606ebc1e421478cd50f7b65ff4fb115f64c5148c104,run_c83990f6d900104cba03385f0a4b61839e30a93afee36628677553e15c6d1f09,qftentangled_indep_tket_10,qftentangled,tket,10,23,80,o2_sabre_lookahead,2,sabre,lookahead,1,timeout,transpilation,timeout,AttemptTimeoutError,100.0,100.00142241199501,Tentativo interrotto dopo 100.0 secondi.,qiskit_post_pass_callback_and_sigalrm_traceback,transpilation,21,LookaheadSwap,qiskit.transpiler.passes.routing.lookahead_swap.LookaheadSwap,20,99.9893856048584,99.99919394598692,qiskit/transpiler/passes/routing/lookahead_swap.py,_calc_layout_distance,346,,,,none,False,"Il callback pubblico di Qiskit viene eseguito dopo ogni pass: last_completed_pass non identifica necessariamente il pass interrotto. | Lo stack indica dove SIGALRM è stato osservato, non dimostra quale pass, configurazione, circuito o hardware abbia causato il timeout. | Un'attribuzione causale richiede confronti controllati tra circuiti, configurazioni e device.",qiskit/transpiler/passes/routing/lookahead_swap.py:346:_calc_layout_distance
ibm_falcon_27,27,b9120f471bd90ef5aae03606ebc1e421478cd50f7b65ff4fb115f64c5148c104,run_e77271bdacb17a00ed029ebbc4966a1a7f388562ca13bed957279793f11cae90,qftentangled_indep_tket_12,qftentangled,tket,12,27,108,o2_sabre_lookahead,2,sabre,lookahead,1,timeout,transpilation,timeout,AttemptTimeoutError,100.0,100.00157136100461,Tentativo interrotto dopo 100.0 secondi.,qiskit_post_pass_callback_and_sigalrm_traceback,transpilation,21,LookaheadSwap,qiskit.transpiler.passes.routing.lookahead_swap.LookaheadSwap,20,99.98916840553284,99.99899873600225,qiskit/transpiler/passes/routing/lookahead_swap.py,_calc_layout_distance,346,,,,none,False,"Il callback pubblico di Qiskit viene eseguito dopo ogni pass: last_completed_pass non identifica necessariamente il pass interrotto. | Lo stack indica dove SIGALRM è stato osservato, non dimostra quale pass, configurazione, circuito o hardware abbia causato il timeout. | Un'attribuzione causale richiede confronti controllati tra circuiti, configurazioni e device.",qiskit/transpiler/passes/routing/lookahead_swap.py:346:_calc_layout_distance
ibm_falcon_27,27,b9120f471bd90ef5aae03606ebc1e421478cd50f7b65ff4fb115f64c5148c104,run_04dc5a5fc37068ed8f086ffcc5c8d681a582bf52f223ab8b0c047e687da6be8f,qftentangled_indep_tket_12,qftentangled,tket,12,27,108,o2_sabre_lookahead,2,sabre,lookahead,2,timeout,transpilation,timeout,AttemptTimeoutError,100.0,100.00209501601057,Tentativo interrotto dopo 100.0 secondi.,qiskit_post_pass_callback_and_sigalrm_traceback,transpilation,21,LookaheadSwap,qiskit.transpiler.passes.routing.lookahead_swap.LookaheadSwap,20,99.98764824867249,99.99899642699165,qiskit/transpiler/passes/routing/lookahead_swap.py,_map_free_gates,316,,,,none,False,"Il callback pubblico di Qiskit viene eseguito dopo ogni pass: last_completed_pass non identifica necessariamente il pass interrotto. | Lo stack indica dove SIGALRM è stato osservato, non dimostra quale pass, configurazione, circuito o hardware abbia causato il timeout. | Un'attribuzione causale richiede confronti controllati tra circuiti, configurazioni e device.",qiskit/transpiler/passes/routing/lookahead_swap.py:316:_map_free_gates
ibm_falcon_27,27,b9120f471bd90ef5aae03606ebc1e421478cd50f7b65ff4fb115f64c5148c104,run_4c9579b5cc4e3acf8e106b8dcf923b8da3f249195b74fbb670d2144d1b0851c8,qftentangled_indep_tket_13,qftentangled,tket,13,29,123,o2_sabre_lookahead,2,sabre,lookahead,0,timeout,transpilation,timeout,AttemptTimeoutError,100.0,100.00266058499983,Tentativo interrotto dopo 100.0 secondi.,qiskit_post_pass_callback_and_sigalrm_traceback,transpilation,21,LookaheadSwap,qiskit.transpiler.passes.routing.lookahead_swap.LookaheadSwap,20,99.98237776756287,99.99725656899682,qiskit/transpiler/passes/routing/lookahead_swap.py,<genexpr>,394,,,,none,False,"Il callback pubblico di Qiskit viene eseguito dopo ogni pass: last_completed_pass non identifica necessariamente il pass interrotto. | Lo stack indica dove SIGALRM è stato osservato, non dimostra quale pass, configurazione, circuito o hardware abbia causato il timeout. | Un'attribuzione causale richiede confronti controllati tra circuiti, configurazioni e device.",qiskit/transpiler/passes/routing/lookahead_swap.py:394:<genexpr>
ibm_falcon_27,27,b9120f471bd90ef5aae03606ebc1e421478cd50f7b65ff4fb115f64c5148c104,run_9b1659822d3e8e3e474a574fa40f03ce6a232aa72e4eb48dd143ae56494ca350,qftentangled_indep_tket_13,qftentangled,tket,13,29,123,o2_sabre_lookahead,2,sabre,lookahead,1,timeout,transpilation,timeout,AttemptTimeoutError,100.0,100.00140040800034,Tentativo interrotto dopo 100.0 secondi.,qiskit_post_pass_callback_and_sigalrm_traceback,transpilation,21,LookaheadSwap,qiskit.transpiler.passes.routing.lookahead_swap.LookaheadSwap,20,99.98776817321777,99.99868565901124,qiskit/transpiler/passes/routing/lookahead_swap.py,_search_forward_n_swaps,194,,,,none,False,"Il callback pubblico di Qiskit viene eseguito dopo ogni pass: last_completed_pass non identifica necessariamente il pass interrotto. | Lo stack indica dove SIGALRM è stato osservato, non dimostra quale pass, configurazione, circuito o hardware abbia causato il timeout. | Un'attribuzione causale richiede confronti controllati tra circuiti, configurazioni e device.",qiskit/transpiler/passes/routing/lookahead_swap.py:194:_search_forward_n_swaps
ibm_falcon_27,27,b9120f471bd90ef5aae03606ebc1e421478cd50f7b65ff4fb115f64c5148c104,run_9791ad7ee6f2728e7bffc089ef0148d98b20e74da61cdf3de87602e3b515ff21,qftentangled_indep_tket_13,qftentangled,tket,13,29,123,o2_sabre_lookahead,2,sabre,lookahead,2,timeout,transpilation,timeout,AttemptTimeoutError,100.0,100.00147725199349,Tentativo interrotto dopo 100.0 secondi.,qiskit_post_pass_callback_and_sigalrm_traceback,transpilation,21,LookaheadSwap,qiskit.transpiler.passes.routing.lookahead_swap.LookaheadSwap,20,99.98677277565002,99.99818459800736,qiskit/transpiler/passes/routing/lookahead_swap.py,_calc_layout_distance,332,,,,none,False,"Il callback pubblico di Qiskit viene eseguito dopo ogni pass: last_completed_pass non identifica necessariamente il pass interrotto. | Lo stack indica dove SIGALRM è stato osservato, non dimostra quale pass, configurazione, circuito o hardware abbia causato il timeout. | Un'attribuzione causale richiede confronti controllati tra circuiti, configurazioni e device.",qiskit/transpiler/passes/routing/lookahead_swap.py:332:_calc_layout_distance
ibm_falcon_27,27,b9120f471bd90ef5aae03606ebc1e421478cd50f7b65ff4fb115f64c5148c104,run_619a930ee771d97d6aefa82c92dd7c2e55e9bb4297837561122109de04088dba,qftentangled_indep_tket_14,qftentangled,tket,14,31,140,o2_sabre_lookahead,2,sabre,lookahead,0,timeout,transpilation,timeout,AttemptTimeoutError,100.0,100.00247200999002,Tentativo interrotto dopo 100.0 secondi.,qiskit_post_pass_callback_and_sigalrm_traceback,transpilation,21,LookaheadSwap,qiskit.transpiler.passes.routing.lookahead_swap.LookaheadSwap,20,99.98441529273987,99.99740465899231,qiskit/transpiler/passes/routing/lookahead_swap.py,_first_op_node,394,,,,none,False,"Il callback pubblico di Qiskit viene eseguito dopo ogni pass: last_completed_pass non identifica necessariamente il pass interrotto. | Lo stack indica dove SIGALRM è stato osservato, non dimostra quale pass, configurazione, circuito o hardware abbia causato il timeout. | Un'attribuzione causale richiede confronti controllati tra circuiti, configurazioni e device.",qiskit/transpiler/passes/routing/lookahead_swap.py:394:_first_op_node
ibm_falcon_27,27,b9120f471bd90ef5aae03606ebc1e421478cd50f7b65ff4fb115f64c5148c104,run_7517d8dd55f386cd6775962499d643974438fb3879c19d461a2632c50d295d4a,qftentangled_indep_tket_14,qftentangled,tket,14,31,140,o2_sabre_lookahead,2,sabre,lookahead,1,timeout,transpilation,timeout,AttemptTimeoutError,100.0,100.00231906599947,Tentativo interrotto dopo 100.0 secondi.,qiskit_post_pass_callback_and_sigalrm_traceback,transpilation,21,LookaheadSwap,qiskit.transpiler.passes.routing.lookahead_swap.LookaheadSwap,20,99.98729610443115,99.99873402400408,qiskit/transpiler/passes/routing/lookahead_swap.py,_calc_layout_distance,332,,,,none,False,"Il callback pubblico di Qiskit viene eseguito dopo ogni pass: last_completed_pass non identifica necessariamente il pass interrotto. | Lo stack indica dove SIGALRM è stato osservato, non dimostra quale pass, configurazione, circuito o hardware abbia causato il timeout. | Un'attribuzione causale richiede confronti controllati tra circuiti, configurazioni e device.",qiskit/transpiler/passes/routing/lookahead_swap.py:332:_calc_layout_distance
ibm_falcon_27,27,b9120f471bd90ef5aae03606ebc1e421478cd50f7b65ff4fb115f64c5148c104,run_3485bb0f5610406e9f8934afffaf17232b314a39df3d99215ecc90bb7ffa4ed0,qftentangled_indep_tket_14,qftentangled,tket,14,31,140,o2_sabre_lookahead,2,sabre,lookahead,2,timeout,transpilation,timeout,AttemptTimeoutError,100.0,100.00179372400453,Tentativo interrotto dopo 100.0 secondi.,qiskit_post_pass_callback_and_sigalrm_traceback,transpilation,21,LookaheadSwap,qiskit.transpiler.passes.routing.lookahead_swap.LookaheadSwap,20,99.98635244369507,99.9982008520019,qiskit/transpiler/passes/routing/lookahead_swap.py,_calc_layout_distance,346,,,,none,False,"Il callback pubblico di Qiskit viene eseguito dopo ogni pass: last_completed_pass non identifica necessariamente il pass interrotto. | Lo stack indica dove SIGALRM è stato osservato, non dimostra quale pass, configurazione, circuito o hardware abbia causato il timeout. | Un'attribuzione causale richiede confronti controllati tra circuiti, configurazioni e device.",qiskit/transpiler/passes/routing/lookahead_swap.py:346:_calc_layout_distance
ibm_falcon_27,27,b9120f471bd90ef5aae03606ebc1e421478cd50f7b65ff4fb115f64c5148c104,run_0b68a5ec96693b4904dd021de0d4f7e36284028816b6b20b423cb2e72a9b3199,qnn_indep_qiskit_7,qnn,qiskit,7,65,167,o2_sabre_lookahead,2,sabre,lookahead,2,timeout,transpilation,timeout,AttemptTimeoutError,100.0,100.00157661299454,Tentativo interrotto dopo 100.0 secondi.,qiskit_post_pass_callback_and_sigalrm_traceback,transpilation,21,LookaheadSwap,qiskit.transpiler.passes.routing.lookahead_swap.LookaheadSwap,20,99.99102854728699,99.99929015399539,qiskit/transpiler/passes/routing/lookahead_swap.py,_calc_layout_distance,346,,,,none,False,"Il callback pubblico di Qiskit viene eseguito dopo ogni pass: last_completed_pass non identifica necessariamente il pass interrotto. | Lo stack indica dove SIGALRM è stato osservato, non dimostra quale pass, configurazione, circuito o hardware abbia causato il timeout. | Un'attribuzione causale richiede confronti controllati tra circuiti, configurazioni e device.",qiskit/transpiler/passes/routing/lookahead_swap.py:346:_calc_layout_distance
ibm_falcon_27,27,b9120f471bd90ef5aae03606ebc1e421478cd50f7b65ff4fb115f64c5148c104,run_c6db4ef20aecc1568f34b6ff42fa08930ad4ff092c1b25392a05ad911b2e2c3a,qnn_indep_tket_7,qnn,tket,7,67,181,o2_sabre_lookahead,2,sabre,lookahead,2,timeout,transpilation,timeout,AttemptTimeoutError,100.0,100.00224627200805,Tentativo interrotto dopo 100.0 secondi.,qiskit_post_pass_callback_and_sigalrm_traceback,transpilation,21,LookaheadSwap,qiskit.transpiler.passes.routing.lookahead_swap.LookaheadSwap,20,99.99210500717163,99.99924663698766,qiskit/transpiler/passes/routing/lookahead_swap.py,_first_op_node,394,,,,none,False,"Il callback pubblico di Qiskit viene eseguito dopo ogni pass: last_completed_pass non identifica necessariamente il pass interrotto. | Lo stack indica dove SIGALRM è stato osservato, non dimostra quale pass, configurazione, circuito o hardware abbia causato il timeout. | Un'attribuzione causale richiede confronti controllati tra circuiti, configurazioni e device.",qiskit/transpiler/passes/routing/lookahead_swap.py:394:_first_op_node
ibm_falcon_27,27,b9120f471bd90ef5aae03606ebc1e421478cd50f7b65ff4fb115f64c5148c104,run_d466d90268fb1a521120a23159ee5d3071c3108eb4d5ae3d60e9695c63f5aa8d,random_indep_qiskit_6,random,qiskit,6,34,78,o2_sabre_lookahead,2,sabre,lookahead,0,timeout,transpilation,timeout,AttemptTimeoutError,100.0,100.00209004399949,Tentativo interrotto dopo 100.0 secondi.,qiskit_post_pass_callback_and_sigalrm_traceback,transpilation,21,LookaheadSwap,qiskit.transpiler.passes.routing.lookahead_swap.LookaheadSwap,20,99.9922354221344,99.99940313599654,qiskit/transpiler/passes/routing/lookahead_swap.py,_calc_layout_distance,346,,,,none,False,"Il callback pubblico di Qiskit viene eseguito dopo ogni pass: last_completed_pass non identifica necessariamente il pass interrotto. | Lo stack indica dove SIGALRM è stato osservato, non dimostra quale pass, configurazione, circuito o hardware abbia causato il timeout. | Un'attribuzione causale richiede confronti controllati tra circuiti, configurazioni e device.",qiskit/transpiler/passes/routing/lookahead_swap.py:346:_calc_layout_distance
ibm_falcon_27,27,b9120f471bd90ef5aae03606ebc1e421478cd50f7b65ff4fb115f64c5148c104,run_831cd9d2c5c89e67ec9c727e43ca81d74277f956248d619f9112d76681ae58d5,random_indep_qiskit_6,random,qiskit,6,34,78,o2_sabre_lookahead,2,sabre,lookahead,1,timeout,transpilation,timeout,AttemptTimeoutError,100.0,100.00136213599762,Tentativo interrotto dopo 100.0 secondi.,qiskit_post_pass_callback_and_sigalrm_traceback,transpilation,21,LookaheadSwap,qiskit.transpiler.passes.routing.lookahead_swap.LookaheadSwap,20,99.98923230171204,99.99875721300486,qiskit/transpiler/passes/routing/lookahead_swap.py,_score_step,364,,,,none,False,"Il callback pubblico di Qiskit viene eseguito dopo ogni pass: last_completed_pass non identifica necessariamente il pass interrotto. | Lo stack indica dove SIGALRM è stato osservato, non dimostra quale pass, configurazione, circuito o hardware abbia causato il timeout. | Un'attribuzione causale richiede confronti controllati tra circuiti, configurazioni e device.",qiskit/transpiler/passes/routing/lookahead_swap.py:364:_score_step
ibm_falcon_27,27,b9120f471bd90ef5aae03606ebc1e421478cd50f7b65ff4fb115f64c5148c104,run_49ea292ceae8908e5fac2d31f132d52ef869614419fc4e8d2ca3ae3cae185cec,random_indep_qiskit_7,random,qiskit,7,41,116,o2_sabre_lookahead,2,sabre,lookahead,0,timeout,transpilation,timeout,AttemptTimeoutError,100.0,100.00245419799467,Tentativo interrotto dopo 100.0 secondi.,qiskit_post_pass_callback_and_sigalrm_traceback,transpilation,21,LookaheadSwap,qiskit.transpiler.passes.routing.lookahead_swap.LookaheadSwap,20,99.9905309677124,99.99876537600358,qiskit/transpiler/passes/routing/lookahead_swap.py,_calc_layout_distance,346,,,,none,False,"Il callback pubblico di Qiskit viene eseguito dopo ogni pass: last_completed_pass non identifica necessariamente il pass interrotto. | Lo stack indica dove SIGALRM è stato osservato, non dimostra quale pass, configurazione, circuito o hardware abbia causato il timeout. | Un'attribuzione causale richiede confronti controllati tra circuiti, configurazioni e device.",qiskit/transpiler/passes/routing/lookahead_swap.py:346:_calc_layout_distance
ibm_falcon_27,27,b9120f471bd90ef5aae03606ebc1e421478cd50f7b65ff4fb115f64c5148c104,run_c1103e266d77510b99f392c475b4ff5a35e1a2c99b13964dcae1b5f0b627bd4d,random_indep_qiskit_7,random,qiskit,7,41,116,o2_sabre_lookahead,2,sabre,lookahead,1,timeout,transpilation,timeout,AttemptTimeoutError,100.0,100.00151098800416,Tentativo interrotto dopo 100.0 secondi.,qiskit_post_pass_callback_and_sigalrm_traceback,transpilation,21,LookaheadSwap,qiskit.transpiler.passes.routing.lookahead_swap.LookaheadSwap,20,99.9908983707428,99.99927600999945,qiskit/transpiler/passes/routing/lookahead_swap.py,_map_free_gates,316,,,,none,False,"Il callback pubblico di Qiskit viene eseguito dopo ogni pass: last_completed_pass non identifica necessariamente il pass interrotto. | Lo stack indica dove SIGALRM è stato osservato, non dimostra quale pass, configurazione, circuito o hardware abbia causato il timeout. | Un'attribuzione causale richiede confronti controllati tra circuiti, configurazioni e device.",qiskit/transpiler/passes/routing/lookahead_swap.py:316:_map_free_gates
ibm_falcon_27,27,b9120f471bd90ef5aae03606ebc1e421478cd50f7b65ff4fb115f64c5148c104,run_905f54e9acdbd1d31a53242432b820df99d1cd30ab494f2a26747ae907e84954,random_indep_qiskit_7,random,qiskit,7,41,116,o2_sabre_lookahead,2,sabre,lookahead,2,timeout,transpilation,timeout,AttemptTimeoutError,100.0,100.00157377000141,Tentativo interrotto dopo 100.0 secondi.,qiskit_post_pass_callback_and_sigalrm_traceback,transpilation,21,LookaheadSwap,qiskit.transpiler.passes.routing.lookahead_swap.LookaheadSwap,20,99.98870062828064,99.99876891898748,qiskit/transpiler/passes/routing/lookahead_swap.py,_calc_layout_distance,346,,,,none,False,"Il callback pubblico di Qiskit viene eseguito dopo ogni pass: last_completed_pass non identifica necessariamente il pass interrotto. | Lo stack indica dove SIGALRM è stato osservato, non dimostra quale pass, configurazione, circuito o hardware abbia causato il timeout. | Un'attribuzione causale richiede confronti controllati tra circuiti, configurazioni e device.",qiskit/transpiler/passes/routing/lookahead_swap.py:346:_calc_layout_distance
ibm_falcon_27,27,b9120f471bd90ef5aae03606ebc1e421478cd50f7b65ff4fb115f64c5148c104,run_45eef4f219894a63734ec3a3f9aefbdcc0b780a7c155f470d9cef5a48db192c3,random_indep_qiskit_8,random,qiskit,8,50,152,o2_sabre_lookahead,2,sabre,lookahead,0,timeout,transpilation,timeout,AttemptTimeoutError,100.0,100.00238087199978,Tentativo interrotto dopo 100.0 secondi.,qiskit_post_pass_callback_and_sigalrm_traceback,transpilation,21,LookaheadSwap,qiskit.transpiler.passes.routing.lookahead_swap.LookaheadSwap,20,99.98275303840637,99.99901853699703,qiskit/transpiler/passes/routing/lookahead_swap.py,_calc_layout_distance,346,,,,none,False,"Il callback pubblico di Qiskit viene eseguito dopo ogni pass: last_completed_pass non identifica necessariamente il pass interrotto. | Lo stack indica dove SIGALRM è stato osservato, non dimostra quale pass, configurazione, circuito o hardware abbia causato il timeout. | Un'attribuzione causale richiede confronti controllati tra circuiti, configurazioni e device.",qiskit/transpiler/passes/routing/lookahead_swap.py:346:_calc_layout_distance
ibm_falcon_27,27,b9120f471bd90ef5aae03606ebc1e421478cd50f7b65ff4fb115f64c5148c104,run_6392f17188565708ad1c6913bb71d64cf327c708b83a2e1572954041d95c012d,random_indep_qiskit_8,random,qiskit,8,50,152,o2_sabre_lookahead,2,sabre,lookahead,1,timeout,transpilation,timeout,AttemptTimeoutError,100.0,100.00142888700066,Tentativo interrotto dopo 100.0 secondi.,qiskit_post_pass_callback_and_sigalrm_traceback,transpilation,21,LookaheadSwap,qiskit.transpiler.passes.routing.lookahead_swap.LookaheadSwap,20,99.9904215335846,99.99851395298901,qiskit/transpiler/passes/routing/lookahead_swap.py,_calc_layout_distance,346,,,,none,False,"Il callback pubblico di Qiskit viene eseguito dopo ogni pass: last_completed_pass non identifica necessariamente il pass interrotto. | Lo stack indica dove SIGALRM è stato osservato, non dimostra quale pass, configurazione, circuito o hardware abbia causato il timeout. | Un'attribuzione causale richiede confronti controllati tra circuiti, configurazioni e device.",qiskit/transpiler/passes/routing/lookahead_swap.py:346:_calc_layout_distance
ibm_falcon_27,27,b9120f471bd90ef5aae03606ebc1e421478cd50f7b65ff4fb115f64c5148c104,run_827752ea9118e56557260664fd9547ad4d87931473838ed075016ae48a2a6004,random_indep_qiskit_8,random,qiskit,8,50,152,o2_sabre_lookahead,2,sabre,lookahead,2,timeout,transpilation,timeout,AttemptTimeoutError,100.0,100.0015839819971,Tentativo interrotto dopo 100.0 secondi.,qiskit_post_pass_callback_and_sigalrm_traceback,transpilation,21,LookaheadSwap,qiskit.transpiler.passes.routing.lookahead_swap.LookaheadSwap,20,99.98986506462097,99.99901022300764,qiskit/transpiler/passes/routing/lookahead_swap.py,_calc_layout_distance,346,,,,none,False,"Il callback pubblico di Qiskit viene eseguito dopo ogni pass: last_completed_pass non identifica necessariamente il pass interrotto. | Lo stack indica dove SIGALRM è stato osservato, non dimostra quale pass, configurazione, circuito o hardware abbia causato il timeout. | Un'attribuzione causale richiede confronti controllati tra circuiti, configurazioni e device.",qiskit/transpiler/passes/routing/lookahead_swap.py:346:_calc_layout_distance
ibm_falcon_27,27,b9120f471bd90ef5aae03606ebc1e421478cd50f7b65ff4fb115f64c5148c104,run_640d7d7db71a33d54c8b7930ad26c5f38303cb2bf2e106b0ea3382e428cff8c5,random_indep_tket_6,random,tket,6,34,78,o2_sabre_lookahead,2,sabre,lookahead,0,timeout,transpilation,timeout,AttemptTimeoutError,100.0,100.00137855899811,Tentativo interrotto dopo 100.0 secondi.,qiskit_post_pass_callback_and_sigalrm_traceback,transpilation,21,LookaheadSwap,qiskit.transpiler.passes.routing.lookahead_swap.LookaheadSwap,20,99.98990821838379,99.99900448900007,qiskit/transpiler/passes/routing/lookahead_swap.py,_map_free_gates,306,,,,none,False,"Il callback pubblico di Qiskit viene eseguito dopo ogni pass: last_completed_pass non identifica necessariamente il pass interrotto. | Lo stack indica dove SIGALRM è stato osservato, non dimostra quale pass, configurazione, circuito o hardware abbia causato il timeout. | Un'attribuzione causale richiede confronti controllati tra circuiti, configurazioni e device.",qiskit/transpiler/passes/routing/lookahead_swap.py:306:_map_free_gates
ibm_falcon_27,27,b9120f471bd90ef5aae03606ebc1e421478cd50f7b65ff4fb115f64c5148c104,run_5041905d2895454c5a720d695caa5b58709a8ee3527f1db336114815f798c843,random_indep_tket_6,random,tket,6,34,78,o2_sabre_lookahead,2,sabre,lookahead,1,timeout,transpilation,timeout,AttemptTimeoutError,100.0,100.00151944199752,Tentativo interrotto dopo 100.0 secondi.,qiskit_post_pass_callback_and_sigalrm_traceback,transpilation,21,LookaheadSwap,qiskit.transpiler.passes.routing.lookahead_swap.LookaheadSwap,20,99.99030065536499,99.9993692880089,qiskit/transpiler/passes/routing/lookahead_swap.py,_map_free_gates,306,,,,none,False,"Il callback pubblico di Qiskit viene eseguito dopo ogni pass: last_completed_pass non identifica necessariamente il pass interrotto. | Lo stack indica dove SIGALRM è stato osservato, non dimostra quale pass, configurazione, circuito o hardware abbia causato il timeout. | Un'attribuzione causale richiede confronti controllati tra circuiti, configurazioni e device.",qiskit/transpiler/passes/routing/lookahead_swap.py:306:_map_free_gates
ibm_falcon_27,27,b9120f471bd90ef5aae03606ebc1e421478cd50f7b65ff4fb115f64c5148c104,run_2f19c1645b93b4e23a2c365b626886a122e9c65bd22da22d4cce35c2e4f28e85,random_indep_tket_7,random,tket,7,41,116,o2_sabre_lookahead,2,sabre,lookahead,0,timeout,transpilation,timeout,AttemptTimeoutError,100.0,100.0024183360074,Tentativo interrotto dopo 100.0 secondi.,qiskit_post_pass_callback_and_sigalrm_traceback,transpilation,21,LookaheadSwap,qiskit.transpiler.passes.routing.lookahead_swap.LookaheadSwap,20,99.99126243591309,99.99913779299823,qiskit/transpiler/passes/routing/lookahead_swap.py,_map_free_gates,316,,,,none,False,"Il callback pubblico di Qiskit viene eseguito dopo ogni pass: last_completed_pass non identifica necessariamente il pass interrotto. | Lo stack indica dove SIGALRM è stato osservato, non dimostra quale pass, configurazione, circuito o hardware abbia causato il timeout. | Un'attribuzione causale richiede confronti controllati tra circuiti, configurazioni e device.",qiskit/transpiler/passes/routing/lookahead_swap.py:316:_map_free_gates
ibm_falcon_27,27,b9120f471bd90ef5aae03606ebc1e421478cd50f7b65ff4fb115f64c5148c104,run_df740445cb99df7e73ea269b504119294250e8ce1adb9324b19ec7edb4aa8480,random_indep_tket_7,random,tket,7,41,116,o2_sabre_lookahead,2,sabre,lookahead,1,timeout,transpilation,timeout,AttemptTimeoutError,100.0,100.00225234401296,Tentativo interrotto dopo 100.0 secondi.,qiskit_post_pass_callback_and_sigalrm_traceback,transpilation,21,LookaheadSwap,qiskit.transpiler.passes.routing.lookahead_swap.LookaheadSwap,20,99.99038052558899,99.99927038700844,qiskit/transpiler/passes/routing/lookahead_swap.py,_calc_layout_distance,346,,,,none,False,"Il callback pubblico di Qiskit viene eseguito dopo ogni pass: last_completed_pass non identifica necessariamente il pass interrotto. | Lo stack indica dove SIGALRM è stato osservato, non dimostra quale pass, configurazione, circuito o hardware abbia causato il timeout. | Un'attribuzione causale richiede confronti controllati tra circuiti, configurazioni e device.",qiskit/transpiler/passes/routing/lookahead_swap.py:346:_calc_layout_distance
ibm_falcon_27,27,b9120f471bd90ef5aae03606ebc1e421478cd50f7b65ff4fb115f64c5148c104,run_43f3490fb77d64358a789397bbd55cff91bab392732ead36650739f0e7fd3351,random_indep_tket_7,random,tket,7,41,116,o2_sabre_lookahead,2,sabre,lookahead,2,timeout,transpilation,timeout,AttemptTimeoutError,100.0,100.00228078999498,Tentativo interrotto dopo 100.0 secondi.,qiskit_post_pass_callback_and_sigalrm_traceback,transpilation,21,LookaheadSwap,qiskit.transpiler.passes.routing.lookahead_swap.LookaheadSwap,20,99.99112820625305,99.99913173100504,qiskit/transpiler/passes/routing/lookahead_swap.py,_calc_layout_distance,346,,,,none,False,"Il callback pubblico di Qiskit viene eseguito dopo ogni pass: last_completed_pass non identifica necessariamente il pass interrotto. | Lo stack indica dove SIGALRM è stato osservato, non dimostra quale pass, configurazione, circuito o hardware abbia causato il timeout. | Un'attribuzione causale richiede confronti controllati tra circuiti, configurazioni e device.",qiskit/transpiler/passes/routing/lookahead_swap.py:346:_calc_layout_distance
ibm_falcon_27,27,b9120f471bd90ef5aae03606ebc1e421478cd50f7b65ff4fb115f64c5148c104,run_3cf9504f435cb70c0fab00478991230f8903a0c90ec470f94612499efd10a1e7,random_indep_tket_8,random,tket,8,50,152,o2_sabre_lookahead,2,sabre,lookahead,0,timeout,transpilation,timeout,AttemptTimeoutError,100.0,100.00225469301222,Tentativo interrotto dopo 100.0 secondi.,qiskit_post_pass_callback_and_sigalrm_traceback,transpilation,21,LookaheadSwap,qiskit.transpiler.passes.routing.lookahead_swap.LookaheadSwap,20,99.98981380462646,99.99897645998863,qiskit/transpiler/passes/routing/lookahead_swap.py,_map_free_gates,316,,,,none,False,"Il callback pubblico di Qiskit viene eseguito dopo ogni pass: last_completed_pass non identifica necessariamente il pass interrotto. | Lo stack indica dove SIGALRM è stato osservato, non dimostra quale pass, configurazione, circuito o hardware abbia causato il timeout. | Un'attribuzione causale richiede confronti controllati tra circuiti, configurazioni e device.",qiskit/transpiler/passes/routing/lookahead_swap.py:316:_map_free_gates
ibm_falcon_27,27,b9120f471bd90ef5aae03606ebc1e421478cd50f7b65ff4fb115f64c5148c104,run_5342bf3e8f9ae11a8863e9e6d094a63550780c53de965d8a84d6db7606843fd1,random_indep_tket_8,random,tket,8,50,152,o2_sabre_lookahead,2,sabre,lookahead,1,timeout,transpilation,timeout,AttemptTimeoutError,100.0,100.00217636198795,Tentativo interrotto dopo 100.0 secondi.,qiskit_post_pass_callback_and_sigalrm_traceback,transpilation,21,LookaheadSwap,qiskit.transpiler.passes.routing.lookahead_swap.LookaheadSwap,20,99.98819231987,99.99835725600133,qiskit/transpiler/passes/routing/lookahead_swap.py,_calc_layout_distance,346,,,,none,False,"Il callback pubblico di Qiskit viene eseguito dopo ogni pass: last_completed_pass non identifica necessariamente il pass interrotto. | Lo stack indica dove SIGALRM è stato osservato, non dimostra quale pass, configurazione, circuito o hardware abbia causato il timeout. | Un'attribuzione causale richiede confronti controllati tra circuiti, configurazioni e device.",qiskit/transpiler/passes/routing/lookahead_swap.py:346:_calc_layout_distance
ibm_falcon_27,27,b9120f471bd90ef5aae03606ebc1e421478cd50f7b65ff4fb115f64c5148c104,run_18a33441a7db0d00a52dbd9009c56a272f45dbb4884e474ca70748fe31c741a0,random_indep_tket_8,random,tket,8,50,152,o2_sabre_lookahead,2,sabre,lookahead,2,timeout,transpilation,timeout,AttemptTimeoutError,100.0,100.00222453699098,Tentativo interrotto dopo 100.0 secondi.,qiskit_post_pass_callback_and_sigalrm_traceback,transpilation,21,LookaheadSwap,qiskit.transpiler.passes.routing.lookahead_swap.LookaheadSwap,20,99.98803997039795,99.99842495999474,qiskit/transpiler/passes/routing/lookahead_swap.py,_calc_layout_distance,345,,,,none,False,"Il callback pubblico di Qiskit viene eseguito dopo ogni pass: last_completed_pass non identifica necessariamente il pass interrotto. | Lo stack indica dove SIGALRM è stato osservato, non dimostra quale pass, configurazione, circuito o hardware abbia causato il timeout. | Un'attribuzione causale richiede confronti controllati tra circuiti, configurazioni e device.",qiskit/transpiler/passes/routing/lookahead_swap.py:345:_calc_layout_distance
ibm_falcon_27,27,b9120f471bd90ef5aae03606ebc1e421478cd50f7b65ff4fb115f64c5148c104,run_81eff93e6cad764f2086c8ed6fec2de6f9f3fd3239e41df4405e84b840c4c6f3,realamprandom_indep_qiskit_10,realamprandom,qiskit,10,42,185,o2_sabre_lookahead,2,sabre,lookahead,0,timeout,transpilation,timeout,AttemptTimeoutError,100.0,100.00199485800113,Tentativo interrotto dopo 100.0 secondi.,qiskit_post_pass_callback_and_sigalrm_traceback,transpilation,21,LookaheadSwap,qiskit.transpiler.passes.routing.lookahead_swap.LookaheadSwap,20,99.98566794395447,99.99930863000918,qiskit/transpiler/passes/routing/lookahead_swap.py,<genexpr>,394,,,,none,False,"Il callback pubblico di Qiskit viene eseguito dopo ogni pass: last_completed_pass non identifica necessariamente il pass interrotto. | Lo stack indica dove SIGALRM è stato osservato, non dimostra quale pass, configurazione, circuito o hardware abbia causato il timeout. | Un'attribuzione causale richiede confronti controllati tra circuiti, configurazioni e device.",qiskit/transpiler/passes/routing/lookahead_swap.py:394:<genexpr>
ibm_falcon_27,27,b9120f471bd90ef5aae03606ebc1e421478cd50f7b65ff4fb115f64c5148c104,run_fe45ef27216c1fa0c3ba21dffc2636b249045920b8bca8378cc2e487ba68b371,realamprandom_indep_qiskit_10,realamprandom,qiskit,10,42,185,o2_sabre_lookahead,2,sabre,lookahead,1,timeout,transpilation,timeout,AttemptTimeoutError,100.0,100.00168945200858,Tentativo interrotto dopo 100.0 secondi.,qiskit_post_pass_callback_and_sigalrm_traceback,transpilation,21,LookaheadSwap,qiskit.transpiler.passes.routing.lookahead_swap.LookaheadSwap,20,99.98549151420593,99.998747087011,qiskit/transpiler/passes/routing/lookahead_swap.py,_calc_layout_distance,346,,,,none,False,"Il callback pubblico di Qiskit viene eseguito dopo ogni pass: last_completed_pass non identifica necessariamente il pass interrotto. | Lo stack indica dove SIGALRM è stato osservato, non dimostra quale pass, configurazione, circuito o hardware abbia causato il timeout. | Un'attribuzione causale richiede confronti controllati tra circuiti, configurazioni e device.",qiskit/transpiler/passes/routing/lookahead_swap.py:346:_calc_layout_distance
ibm_falcon_27,27,b9120f471bd90ef5aae03606ebc1e421478cd50f7b65ff4fb115f64c5148c104,run_63687b7dcfab6b14dd1c23fdecec596812d12151d22446567eb6f47e802f6ac3,realamprandom_indep_qiskit_10,realamprandom,qiskit,10,42,185,o2_sabre_lookahead,2,sabre,lookahead,2,timeout,transpilation,timeout,AttemptTimeoutError,100.0,100.00180798499787,Tentativo interrotto dopo 100.0 secondi.,qiskit_post_pass_callback_and_sigalrm_traceback,transpilation,21,LookaheadSwap,qiskit.transpiler.passes.routing.lookahead_swap.LookaheadSwap,20,99.98435091972351,99.99883902999863,qiskit/transpiler/passes/routing/lookahead_swap.py,_calc_layout_distance,346,,,,none,False,"Il callback pubblico di Qiskit viene eseguito dopo ogni pass: last_completed_pass non identifica necessariamente il pass interrotto. | Lo stack indica dove SIGALRM è stato osservato, non dimostra quale pass, configurazione, circuito o hardware abbia causato il timeout. | Un'attribuzione causale richiede confronti controllati tra circuiti, configurazioni e device.",qiskit/transpiler/passes/routing/lookahead_swap.py:346:_calc_layout_distance
ibm_falcon_27,27,b9120f471bd90ef5aae03606ebc1e421478cd50f7b65ff4fb115f64c5148c104,run_874f44c3b47fc490fc23fbda7ec83cad9ea8f0da46b9228f25c837e146fe0840,realamprandom_indep_qiskit_11,realamprandom,qiskit,11,46,220,o2_sabre_lookahead,2,sabre,lookahead,0,timeout,transpilation,timeout,AttemptTimeoutError,100.0,100.00190667099378,Tentativo interrotto dopo 100.0 secondi.,qiskit_post_pass_callback_and_sigalrm_traceback,transpilation,21,LookaheadSwap,qiskit.transpiler.passes.routing.lookahead_swap.LookaheadSwap,20,99.98237562179565,99.99874864101002,qiskit/transpiler/passes/routing/lookahead_swap.py,_map_free_gates,316,,,,none,False,"Il callback pubblico di Qiskit viene eseguito dopo ogni pass: last_completed_pass non identifica necessariamente il pass interrotto. | Lo stack indica dove SIGALRM è stato osservato, non dimostra quale pass, configurazione, circuito o hardware abbia causato il timeout. | Un'attribuzione causale richiede confronti controllati tra circuiti, configurazioni e device.",qiskit/transpiler/passes/routing/lookahead_swap.py:316:_map_free_gates
ibm_falcon_27,27,b9120f471bd90ef5aae03606ebc1e421478cd50f7b65ff4fb115f64c5148c104,run_303b69ba190fef564f4204baf7159c888ac25abd4804de5968c7e73ece7ba1a6,realamprandom_indep_qiskit_11,realamprandom,qiskit,11,46,220,o2_sabre_lookahead,2,sabre,lookahead,1,timeout,transpilation,timeout,AttemptTimeoutError,100.0,100.00263997499133,Tentativo interrotto dopo 100.0 secondi.,qiskit_post_pass_callback_and_sigalrm_traceback,transpilation,21,LookaheadSwap,qiskit.transpiler.passes.routing.lookahead_swap.LookaheadSwap,20,99.9852364063263,99.99918753700331,qiskit/transpiler/passes/routing/lookahead_swap.py,_calc_layout_distance,346,,,,none,False,"Il callback pubblico di Qiskit viene eseguito dopo ogni pass: last_completed_pass non identifica necessariamente il pass interrotto. | Lo stack indica dove SIGALRM è stato osservato, non dimostra quale pass, configurazione, circuito o hardware abbia causato il timeout. | Un'attribuzione causale richiede confronti controllati tra circuiti, configurazioni e device.",qiskit/transpiler/passes/routing/lookahead_swap.py:346:_calc_layout_distance
ibm_falcon_27,27,b9120f471bd90ef5aae03606ebc1e421478cd50f7b65ff4fb115f64c5148c104,run_16c9efa95e34b7137ec2ba755cbb54d21d58c88ef3987d16cadae3c29a89ba58,realamprandom_indep_qiskit_11,realamprandom,qiskit,11,46,220,o2_sabre_lookahead,2,sabre,lookahead,2,timeout,transpilation,timeout,AttemptTimeoutError,100.0,100.00204710201069,Tentativo interrotto dopo 100.0 secondi.,qiskit_post_pass_callback_and_sigalrm_traceback,transpilation,21,LookaheadSwap,qiskit.transpiler.passes.routing.lookahead_swap.LookaheadSwap,20,99.9850423336029,99.99894488499558,qiskit/transpiler/passes/routing/lookahead_swap.py,<genexpr>,394,,,,none,False,"Il callback pubblico di Qiskit viene eseguito dopo ogni pass: last_completed_pass non identifica necessariamente il pass interrotto. | Lo stack indica dove SIGALRM è stato osservato, non dimostra quale pass, configurazione, circuito o hardware abbia causato il timeout. | Un'attribuzione causale richiede confronti controllati tra circuiti, configurazioni e device.",qiskit/transpiler/passes/routing/lookahead_swap.py:394:<genexpr>
ibm_falcon_27,27,b9120f471bd90ef5aae03606ebc1e421478cd50f7b65ff4fb115f64c5148c104,run_a3af4934cb1427f55d108db7cf7168abfdead13e104c95076cd8a727428f3ecd,realamprandom_indep_qiskit_6,realamprandom,qiskit,6,26,75,o2_sabre_lookahead,2,sabre,lookahead,0,timeout,transpilation,timeout,AttemptTimeoutError,100.0,100.00192815999617,Tentativo interrotto dopo 100.0 secondi.,qiskit_post_pass_callback_and_sigalrm_traceback,transpilation,21,LookaheadSwap,qiskit.transpiler.passes.routing.lookahead_swap.LookaheadSwap,20,99.992755651474,99.99960173999716,qiskit/transpiler/passes/routing/lookahead_swap.py,_calc_layout_distance,346,,,,none,False,"Il callback pubblico di Qiskit viene eseguito dopo ogni pass: last_completed_pass non identifica necessariamente il pass interrotto. | Lo stack indica dove SIGALRM è stato osservato, non dimostra quale pass, configurazione, circuito o hardware abbia causato il timeout. | Un'attribuzione causale richiede confronti controllati tra circuiti, configurazioni e device.",qiskit/transpiler/passes/routing/lookahead_swap.py:346:_calc_layout_distance
ibm_falcon_27,27,b9120f471bd90ef5aae03606ebc1e421478cd50f7b65ff4fb115f64c5148c104,run_2c0090add5935741e3d0a6d74e6d8d3a01687cfb4cad17e95b2234532a3532cc,realamprandom_indep_qiskit_7,realamprandom,qiskit,7,30,98,o2_sabre_lookahead,2,sabre,lookahead,0,timeout,transpilation,timeout,AttemptTimeoutError,100.0,100.0020548600005,Tentativo interrotto dopo 100.0 secondi.,qiskit_post_pass_callback_and_sigalrm_traceback,transpilation,21,LookaheadSwap,qiskit.transpiler.passes.routing.lookahead_swap.LookaheadSwap,20,99.99142718315125,99.99947584499023,qiskit/transpiler/passes/routing/lookahead_swap.py,_first_op_node,394,,,,none,False,"Il callback pubblico di Qiskit viene eseguito dopo ogni pass: last_completed_pass non identifica necessariamente il pass interrotto. | Lo stack indica dove SIGALRM è stato osservato, non dimostra quale pass, configurazione, circuito o hardware abbia causato il timeout. | Un'attribuzione causale richiede confronti controllati tra circuiti, configurazioni e device.",qiskit/transpiler/passes/routing/lookahead_swap.py:394:_first_op_node
ibm_falcon_27,27,b9120f471bd90ef5aae03606ebc1e421478cd50f7b65ff4fb115f64c5148c104,run_e69860c802374acde36f912e9e7cc2396f71ddbc5d45e6704c35e569ad53e1b2,realamprandom_indep_qiskit_7,realamprandom,qiskit,7,30,98,o2_sabre_lookahead,2,sabre,lookahead,2,timeout,transpilation,timeout,AttemptTimeoutError,100.0,100.00221234098717,Tentativo interrotto dopo 100.0 secondi.,qiskit_post_pass_callback_and_sigalrm_traceback,transpilation,21,LookaheadSwap,qiskit.transpiler.passes.routing.lookahead_swap.LookaheadSwap,20,99.98900008201599,99.99926081500598,qiskit/transpiler/passes/routing/lookahead_swap.py,<genexpr>,394,,,,none,False,"Il callback pubblico di Qiskit viene eseguito dopo ogni pass: last_completed_pass non identifica necessariamente il pass interrotto. | Lo stack indica dove SIGALRM è stato osservato, non dimostra quale pass, configurazione, circuito o hardware abbia causato il timeout. | Un'attribuzione causale richiede confronti controllati tra circuiti, configurazioni e device.",qiskit/transpiler/passes/routing/lookahead_swap.py:394:<genexpr>
ibm_falcon_27,27,b9120f471bd90ef5aae03606ebc1e421478cd50f7b65ff4fb115f64c5148c104,run_fbce71d64b0c00dcb2b26575bfd456e238b74e1b35132bd3692d22025e689c6a,realamprandom_indep_qiskit_8,realamprandom,qiskit,8,34,124,o2_sabre_lookahead,2,sabre,lookahead,0,timeout,transpilation,timeout,AttemptTimeoutError,100.0,100.00203284398594,Tentativo interrotto dopo 100.0 secondi.,qiskit_post_pass_callback_and_sigalrm_traceback,transpilation,21,LookaheadSwap,qiskit.transpiler.passes.routing.lookahead_swap.LookaheadSwap,20,99.98820781707764,99.99921205299324,qiskit/transpiler/passes/routing/lookahead_swap.py,_first_op_node,394,,,,none,False,"Il callback pubblico di Qiskit viene eseguito dopo ogni pass: last_completed_pass non identifica necessariamente il pass interrotto. | Lo stack indica dove SIGALRM è stato osservato, non dimostra quale pass, configurazione, circuito o hardware abbia causato il timeout. | Un'attribuzione causale richiede confronti controllati tra circuiti, configurazioni e device.",qiskit/transpiler/passes/routing/lookahead_swap.py:394:_first_op_node
ibm_falcon_27,27,b9120f471bd90ef5aae03606ebc1e421478cd50f7b65ff4fb115f64c5148c104,run_216b0a3f2a725179cef022524dcdf920a02462dbbf276cb95831ffcccd496a41,realamprandom_indep_qiskit_8,realamprandom,qiskit,8,34,124,o2_sabre_lookahead,2,sabre,lookahead,1,timeout,transpilation,timeout,AttemptTimeoutError,100.0,100.00200608599698,Tentativo interrotto dopo 100.0 secondi.,qiskit_post_pass_callback_and_sigalrm_traceback,transpilation,21,LookaheadSwap,qiskit.transpiler.passes.routing.lookahead_swap.LookaheadSwap,20,99.9878044128418,99.99916641500022,qiskit/transpiler/passes/routing/lookahead_swap.py,_calc_layout_distance,346,,,,none,False,"Il callback pubblico di Qiskit viene eseguito dopo ogni pass: last_completed_pass non identifica necessariamente il pass interrotto. | Lo stack indica dove SIGALRM è stato osservato, non dimostra quale pass, configurazione, circuito o hardware abbia causato il timeout. | Un'attribuzione causale richiede confronti controllati tra circuiti, configurazioni e device.",qiskit/transpiler/passes/routing/lookahead_swap.py:346:_calc_layout_distance
ibm_falcon_27,27,b9120f471bd90ef5aae03606ebc1e421478cd50f7b65ff4fb115f64c5148c104,run_bc779accad7f5cee7560397a70e12613e16da765395cfb990a0abcba821573cd,realamprandom_indep_qiskit_8,realamprandom,qiskit,8,34,124,o2_sabre_lookahead,2,sabre,lookahead,2,timeout,transpilation,timeout,AttemptTimeoutError,100.0,100.00226487100008,Tentativo interrotto dopo 100.0 secondi.,qiskit_post_pass_callback_and_sigalrm_traceback,transpilation,21,LookaheadSwap,qiskit.transpiler.passes.routing.lookahead_swap.LookaheadSwap,20,99.98822450637817,99.99911709100707,qiskit/transpiler/passes/routing/lookahead_swap.py,_first_op_node,394,,,,none,False,"Il callback pubblico di Qiskit viene eseguito dopo ogni pass: last_completed_pass non identifica necessariamente il pass interrotto. | Lo stack indica dove SIGALRM è stato osservato, non dimostra quale pass, configurazione, circuito o hardware abbia causato il timeout. | Un'attribuzione causale richiede confronti controllati tra circuiti, configurazioni e device.",qiskit/transpiler/passes/routing/lookahead_swap.py:394:_first_op_node
ibm_falcon_27,27,b9120f471bd90ef5aae03606ebc1e421478cd50f7b65ff4fb115f64c5148c104,run_22177ce60366298eaa2f0566696f76522c3848cdcaae648cf79a65efd7be7554,realamprandom_indep_qiskit_9,realamprandom,qiskit,9,38,153,o2_sabre_lookahead,2,sabre,lookahead,0,timeout,transpilation,timeout,AttemptTimeoutError,100.0,100.00157926400425,Tentativo interrotto dopo 100.0 secondi.,qiskit_post_pass_callback_and_sigalrm_traceback,transpilation,21,LookaheadSwap,qiskit.transpiler.passes.routing.lookahead_swap.LookaheadSwap,20,99.9881238937378,99.9992932449968,qiskit/transpiler/passes/routing/lookahead_swap.py,_calc_layout_distance,346,,,,none,False,"Il callback pubblico di Qiskit viene eseguito dopo ogni pass: last_completed_pass non identifica necessariamente il pass interrotto. | Lo stack indica dove SIGALRM è stato osservato, non dimostra quale pass, configurazione, circuito o hardware abbia causato il timeout. | Un'attribuzione causale richiede confronti controllati tra circuiti, configurazioni e device.",qiskit/transpiler/passes/routing/lookahead_swap.py:346:_calc_layout_distance
ibm_falcon_27,27,b9120f471bd90ef5aae03606ebc1e421478cd50f7b65ff4fb115f64c5148c104,run_2316804008928efc0efe61a0b487fa183f22067af08fcd420952e701d73e732a,realamprandom_indep_qiskit_9,realamprandom,qiskit,9,38,153,o2_sabre_lookahead,2,sabre,lookahead,1,timeout,transpilation,timeout,AttemptTimeoutError,100.0,100.00204617300187,Tentativo interrotto dopo 100.0 secondi.,qiskit_post_pass_callback_and_sigalrm_traceback,transpilation,21,LookaheadSwap,qiskit.transpiler.passes.routing.lookahead_swap.LookaheadSwap,20,99.98723459243774,99.99897382401105,qiskit/transpiler/passes/routing/lookahead_swap.py,_calc_layout_distance,346,,,,none,False,"Il callback pubblico di Qiskit viene eseguito dopo ogni pass: last_completed_pass non identifica necessariamente il pass interrotto. | Lo stack indica dove SIGALRM è stato osservato, non dimostra quale pass, configurazione, circuito o hardware abbia causato il timeout. | Un'attribuzione causale richiede confronti controllati tra circuiti, configurazioni e device.",qiskit/transpiler/passes/routing/lookahead_swap.py:346:_calc_layout_distance
ibm_falcon_27,27,b9120f471bd90ef5aae03606ebc1e421478cd50f7b65ff4fb115f64c5148c104,run_e6614b03124a5e7c9dacc0e35f3e3ac06c00b7cac049c42b23477cbfa808b0ac,realamprandom_indep_qiskit_9,realamprandom,qiskit,9,38,153,o2_sabre_lookahead,2,sabre,lookahead,2,timeout,transpilation,timeout,AttemptTimeoutError,100.0,100.00166912100394,Tentativo interrotto dopo 100.0 secondi.,qiskit_post_pass_callback_and_sigalrm_traceback,transpilation,21,LookaheadSwap,qiskit.transpiler.passes.routing.lookahead_swap.LookaheadSwap,20,99.98671698570251,99.99894631200004,qiskit/transpiler/passes/routing/lookahead_swap.py,_calc_layout_distance,346,,,,none,False,"Il callback pubblico di Qiskit viene eseguito dopo ogni pass: last_completed_pass non identifica necessariamente il pass interrotto. | Lo stack indica dove SIGALRM è stato osservato, non dimostra quale pass, configurazione, circuito o hardware abbia causato il timeout. | Un'attribuzione causale richiede confronti controllati tra circuiti, configurazioni e device.",qiskit/transpiler/passes/routing/lookahead_swap.py:346:_calc_layout_distance
ibm_falcon_27,27,b9120f471bd90ef5aae03606ebc1e421478cd50f7b65ff4fb115f64c5148c104,run_aeb8e85bcbbb9df573d0a534e2348a8784ccac153027b570a377094ccdaa302e,realamprandom_indep_tket_10,realamprandom,tket,10,42,185,o2_sabre_lookahead,2,sabre,lookahead,0,timeout,transpilation,timeout,AttemptTimeoutError,100.0,100.00256450200686,Tentativo interrotto dopo 100.0 secondi.,qiskit_post_pass_callback_and_sigalrm_traceback,transpilation,21,LookaheadSwap,qiskit.transpiler.passes.routing.lookahead_swap.LookaheadSwap,20,99.98442935943604,99.99875618799706,qiskit/transpiler/passes/routing/lookahead_swap.py,_calc_layout_distance,346,,,,none,False,"Il callback pubblico di Qiskit viene eseguito dopo ogni pass: last_completed_pass non identifica necessariamente il pass interrotto. | Lo stack indica dove SIGALRM è stato osservato, non dimostra quale pass, configurazione, circuito o hardware abbia causato il timeout. | Un'attribuzione causale richiede confronti controllati tra circuiti, configurazioni e device.",qiskit/transpiler/passes/routing/lookahead_swap.py:346:_calc_layout_distance
ibm_falcon_27,27,b9120f471bd90ef5aae03606ebc1e421478cd50f7b65ff4fb115f64c5148c104,run_b428fb8f76c832845ca9f28d1fa225ea8ca44ca1fe9129fdd7960d501d01f39f,realamprandom_indep_tket_10,realamprandom,tket,10,42,185,o2_sabre_lookahead,2,sabre,lookahead,1,timeout,transpilation,timeout,AttemptTimeoutError,100.0,100.0024931920052,Tentativo interrotto dopo 100.0 secondi.,qiskit_post_pass_callback_and_sigalrm_traceback,transpilation,21,LookaheadSwap,qiskit.transpiler.passes.routing.lookahead_swap.LookaheadSwap,20,99.984854221344,99.99890476099972,qiskit/transpiler/passes/routing/lookahead_swap.py,_calc_layout_distance,346,,,,none,False,"Il callback pubblico di Qiskit viene eseguito dopo ogni pass: last_completed_pass non identifica necessariamente il pass interrotto. | Lo stack indica dove SIGALRM è stato osservato, non dimostra quale pass, configurazione, circuito o hardware abbia causato il timeout. | Un'attribuzione causale richiede confronti controllati tra circuiti, configurazioni e device.",qiskit/transpiler/passes/routing/lookahead_swap.py:346:_calc_layout_distance
ibm_falcon_27,27,b9120f471bd90ef5aae03606ebc1e421478cd50f7b65ff4fb115f64c5148c104,run_0eb29db9fd1017e02784ed5cd7362aa14091347f38b6357961a67c2049287289,realamprandom_indep_tket_10,realamprandom,tket,10,42,185,o2_sabre_lookahead,2,sabre,lookahead,2,timeout,transpilation,timeout,AttemptTimeoutError,100.0,100.00255165700219,Tentativo interrotto dopo 100.0 secondi.,qiskit_post_pass_callback_and_sigalrm_traceback,transpilation,21,LookaheadSwap,qiskit.transpiler.passes.routing.lookahead_swap.LookaheadSwap,20,99.98634481430054,99.99902018599096,qiskit/transpiler/passes/routing/lookahead_swap.py,_search_forward_n_swaps,214,,,,none,False,"Il callback pubblico di Qiskit viene eseguito dopo ogni pass: last_completed_pass non identifica necessariamente il pass interrotto. | Lo stack indica dove SIGALRM è stato osservato, non dimostra quale pass, configurazione, circuito o hardware abbia causato il timeout. | Un'attribuzione causale richiede confronti controllati tra circuiti, configurazioni e device.",qiskit/transpiler/passes/routing/lookahead_swap.py:214:_search_forward_n_swaps
ibm_falcon_27,27,b9120f471bd90ef5aae03606ebc1e421478cd50f7b65ff4fb115f64c5148c104,run_5afe515440bba952d5b7e8feb48055e4479c0a8eeee29614a4fe372d9ed5c637,realamprandom_indep_tket_11,realamprandom,tket,11,46,220,o2_sabre_lookahead,2,sabre,lookahead,0,timeout,transpilation,timeout,AttemptTimeoutError,100.0,100.0025377740094,Tentativo interrotto dopo 100.0 secondi.,qiskit_post_pass_callback_and_sigalrm_traceback,transpilation,21,LookaheadSwap,qiskit.transpiler.passes.routing.lookahead_swap.LookaheadSwap,20,99.97414898872375,99.9987002179987,qiskit/transpiler/passes/routing/lookahead_swap.py,_first_op_node,394,,,,none,False,"Il callback pubblico di Qiskit viene eseguito dopo ogni pass: last_completed_pass non identifica necessariamente il pass interrotto. | Lo stack indica dove SIGALRM è stato osservato, non dimostra quale pass, configurazione, circuito o hardware abbia causato il timeout. | Un'attribuzione causale richiede confronti controllati tra circuiti, configurazioni e device.",qiskit/transpiler/passes/routing/lookahead_swap.py:394:_first_op_node
ibm_falcon_27,27,b9120f471bd90ef5aae03606ebc1e421478cd50f7b65ff4fb115f64c5148c104,run_2b3886ba0bec11af7a909ff1c5597f44e31a43795cbed98510fe91e6a23b5113,realamprandom_indep_tket_11,realamprandom,tket,11,46,220,o2_sabre_lookahead,2,sabre,lookahead,1,timeout,transpilation,timeout,AttemptTimeoutError,100.0,100.00218298599066,Tentativo interrotto dopo 100.0 secondi.,qiskit_post_pass_callback_and_sigalrm_traceback,transpilation,21,LookaheadSwap,qiskit.transpiler.passes.routing.lookahead_swap.LookaheadSwap,20,99.97613477706909,99.99917780600663,qiskit/transpiler/passes/routing/lookahead_swap.py,_calc_layout_distance,345,,,,none,False,"Il callback pubblico di Qiskit viene eseguito dopo ogni pass: last_completed_pass non identifica necessariamente il pass interrotto. | Lo stack indica dove SIGALRM è stato osservato, non dimostra quale pass, configurazione, circuito o hardware abbia causato il timeout. | Un'attribuzione causale richiede confronti controllati tra circuiti, configurazioni e device.",qiskit/transpiler/passes/routing/lookahead_swap.py:345:_calc_layout_distance
ibm_falcon_27,27,b9120f471bd90ef5aae03606ebc1e421478cd50f7b65ff4fb115f64c5148c104,run_1a9ffb317e6bcf6979e0a750feeb0bffa0a570527e51f98982cfbda5ffe18e9c,realamprandom_indep_tket_11,realamprandom,tket,11,46,220,o2_sabre_lookahead,2,sabre,lookahead,2,timeout,transpilation,timeout,AttemptTimeoutError,100.0,100.00231708900537,Tentativo interrotto dopo 100.0 secondi.,qiskit_post_pass_callback_and_sigalrm_traceback,transpilation,21,LookaheadSwap,qiskit.transpiler.passes.routing.lookahead_swap.LookaheadSwap,20,99.98334097862244,99.99880488899362,qiskit/transpiler/passes/routing/lookahead_swap.py,_calc_layout_distance,346,,,,none,False,"Il callback pubblico di Qiskit viene eseguito dopo ogni pass: last_completed_pass non identifica necessariamente il pass interrotto. | Lo stack indica dove SIGALRM è stato osservato, non dimostra quale pass, configurazione, circuito o hardware abbia causato il timeout. | Un'attribuzione causale richiede confronti controllati tra circuiti, configurazioni e device.",qiskit/transpiler/passes/routing/lookahead_swap.py:346:_calc_layout_distance
ibm_falcon_27,27,b9120f471bd90ef5aae03606ebc1e421478cd50f7b65ff4fb115f64c5148c104,run_8ea1792819fcfb3d202e2ac0a6f4915f25be2dd851a26006c184e1cb4e2eb147,realamprandom_indep_tket_6,realamprandom,tket,6,26,75,o2_sabre_lookahead,2,sabre,lookahead,0,timeout,transpilation,timeout,AttemptTimeoutError,100.0,100.00127908399736,Tentativo interrotto dopo 100.0 secondi.,qiskit_post_pass_callback_and_sigalrm_traceback,transpilation,21,LookaheadSwap,qiskit.transpiler.passes.routing.lookahead_swap.LookaheadSwap,20,99.99242305755615,99.99955508900166,qiskit/transpiler/passes/routing/lookahead_swap.py,_score_step,364,,,,none,False,"Il callback pubblico di Qiskit viene eseguito dopo ogni pass: last_completed_pass non identifica necessariamente il pass interrotto. | Lo stack indica dove SIGALRM è stato osservato, non dimostra quale pass, configurazione, circuito o hardware abbia causato il timeout. | Un'attribuzione causale richiede confronti controllati tra circuiti, configurazioni e device.",qiskit/transpiler/passes/routing/lookahead_swap.py:364:_score_step
ibm_falcon_27,27,b9120f471bd90ef5aae03606ebc1e421478cd50f7b65ff4fb115f64c5148c104,run_e019d0dad24ee568e01e84733eebc4c30c15b3cca03f314036d28684983be560,realamprandom_indep_tket_7,realamprandom,tket,7,30,98,o2_sabre_lookahead,2,sabre,lookahead,0,timeout,transpilation,timeout,AttemptTimeoutError,100.0,100.00135406298796,Tentativo interrotto dopo 100.0 secondi.,qiskit_post_pass_callback_and_sigalrm_traceback,transpilation,21,LookaheadSwap,qiskit.transpiler.passes.routing.lookahead_swap.LookaheadSwap,20,99.99016070365906,99.99927199899685,qiskit/transpiler/passes/routing/lookahead_swap.py,_first_op_node,394,,,,none,False,"Il callback pubblico di Qiskit viene eseguito dopo ogni pass: last_completed_pass non identifica necessariamente il pass interrotto. | Lo stack indica dove SIGALRM è stato osservato, non dimostra quale pass, configurazione, circuito o hardware abbia causato il timeout. | Un'attribuzione causale richiede confronti controllati tra circuiti, configurazioni e device.",qiskit/transpiler/passes/routing/lookahead_swap.py:394:_first_op_node
ibm_falcon_27,27,b9120f471bd90ef5aae03606ebc1e421478cd50f7b65ff4fb115f64c5148c104,run_a57c1181a0504214baeeea03eddbb7182a200323a27b8bf50c55a993fcc85546,realamprandom_indep_tket_7,realamprandom,tket,7,30,98,o2_sabre_lookahead,2,sabre,lookahead,2,timeout,transpilation,timeout,AttemptTimeoutError,100.0,100.00208253999881,Tentativo interrotto dopo 100.0 secondi.,qiskit_post_pass_callback_and_sigalrm_traceback,transpilation,21,LookaheadSwap,qiskit.transpiler.passes.routing.lookahead_swap.LookaheadSwap,20,99.9895920753479,99.999423923,qiskit/transpiler/passes/routing/lookahead_swap.py,_map_free_gates,317,,,,none,False,"Il callback pubblico di Qiskit viene eseguito dopo ogni pass: last_completed_pass non identifica necessariamente il pass interrotto. | Lo stack indica dove SIGALRM è stato osservato, non dimostra quale pass, configurazione, circuito o hardware abbia causato il timeout. | Un'attribuzione causale richiede confronti controllati tra circuiti, configurazioni e device.",qiskit/transpiler/passes/routing/lookahead_swap.py:317:_map_free_gates
ibm_falcon_27,27,b9120f471bd90ef5aae03606ebc1e421478cd50f7b65ff4fb115f64c5148c104,run_7cfd303102d8b13196be50ecfbd1ac86520f50f71e21c6d0be36a8741d56cf32,realamprandom_indep_tket_8,realamprandom,tket,8,34,124,o2_sabre_lookahead,2,sabre,lookahead,0,timeout,transpilation,timeout,AttemptTimeoutError,100.0,100.00135167098779,Tentativo interrotto dopo 100.0 secondi.,qiskit_post_pass_callback_and_sigalrm_traceback,transpilation,21,LookaheadSwap,qiskit.transpiler.passes.routing.lookahead_swap.LookaheadSwap,20,99.98993420600891,99.99938026101154,qiskit/transpiler/passes/routing/lookahead_swap.py,_calc_layout_distance,346,,,,none,False,"Il callback pubblico di Qiskit viene eseguito dopo ogni pass: last_completed_pass non identifica necessariamente il pass interrotto. | Lo stack indica dove SIGALRM è stato osservato, non dimostra quale pass, configurazione, circuito o hardware abbia causato il timeout. | Un'attribuzione causale richiede confronti controllati tra circuiti, configurazioni e device.",qiskit/transpiler/passes/routing/lookahead_swap.py:346:_calc_layout_distance
ibm_falcon_27,27,b9120f471bd90ef5aae03606ebc1e421478cd50f7b65ff4fb115f64c5148c104,run_4959e4523d7a754667524389c1d65801275573500be9100dcf3e7e9c934c26cc,realamprandom_indep_tket_8,realamprandom,tket,8,34,124,o2_sabre_lookahead,2,sabre,lookahead,1,timeout,transpilation,timeout,AttemptTimeoutError,100.0,100.00147787100286,Tentativo interrotto dopo 100.0 secondi.,qiskit_post_pass_callback_and_sigalrm_traceback,transpilation,21,LookaheadSwap,qiskit.transpiler.passes.routing.lookahead_swap.LookaheadSwap,20,99.98897361755371,99.99935446699965,qiskit/transpiler/passes/routing/lookahead_swap.py,_score_state_with_swap,358,,,,none,False,"Il callback pubblico di Qiskit viene eseguito dopo ogni pass: last_completed_pass non identifica necessariamente il pass interrotto. | Lo stack indica dove SIGALRM è stato osservato, non dimostra quale pass, configurazione, circuito o hardware abbia causato il timeout. | Un'attribuzione causale richiede confronti controllati tra circuiti, configurazioni e device.",qiskit/transpiler/passes/routing/lookahead_swap.py:358:_score_state_with_swap
ibm_falcon_27,27,b9120f471bd90ef5aae03606ebc1e421478cd50f7b65ff4fb115f64c5148c104,run_1590c5806a25521d5a99741ee6c0eed18eecd93bab2bd6f242fd6724dc790881,realamprandom_indep_tket_8,realamprandom,tket,8,34,124,o2_sabre_lookahead,2,sabre,lookahead,2,timeout,transpilation,timeout,AttemptTimeoutError,100.0,100.00155804300448,Tentativo interrotto dopo 100.0 secondi.,qiskit_post_pass_callback_and_sigalrm_traceback,transpilation,21,LookaheadSwap,qiskit.transpiler.passes.routing.lookahead_swap.LookaheadSwap,20,99.9781858921051,99.9994075489958,qiskit/transpiler/passes/routing/lookahead_swap.py,_calc_layout_distance,346,,,,none,False,"Il callback pubblico di Qiskit viene eseguito dopo ogni pass: last_completed_pass non identifica necessariamente il pass interrotto. | Lo stack indica dove SIGALRM è stato osservato, non dimostra quale pass, configurazione, circuito o hardware abbia causato il timeout. | Un'attribuzione causale richiede confronti controllati tra circuiti, configurazioni e device.",qiskit/transpiler/passes/routing/lookahead_swap.py:346:_calc_layout_distance
ibm_falcon_27,27,b9120f471bd90ef5aae03606ebc1e421478cd50f7b65ff4fb115f64c5148c104,run_993ecc34c393f8a4c5800c88af658708cffa6fa14c0c29b4fa37eb7eda5372d9,realamprandom_indep_tket_9,realamprandom,tket,9,38,153,o2_sabre_lookahead,2,sabre,lookahead,0,timeout,transpilation,timeout,AttemptTimeoutError,100.0,100.00214978199801,Tentativo interrotto dopo 100.0 secondi.,qiskit_post_pass_callback_and_sigalrm_traceback,transpilation,21,LookaheadSwap,qiskit.transpiler.passes.routing.lookahead_swap.LookaheadSwap,20,99.98632621765137,99.9989099430095,qiskit/transpiler/passes/routing/lookahead_swap.py,_map_free_gates,316,,,,none,False,"Il callback pubblico di Qiskit viene eseguito dopo ogni pass: last_completed_pass non identifica necessariamente il pass interrotto. | Lo stack indica dove SIGALRM è stato osservato, non dimostra quale pass, configurazione, circuito o hardware abbia causato il timeout. | Un'attribuzione causale richiede confronti controllati tra circuiti, configurazioni e device.",qiskit/transpiler/passes/routing/lookahead_swap.py:316:_map_free_gates
ibm_falcon_27,27,b9120f471bd90ef5aae03606ebc1e421478cd50f7b65ff4fb115f64c5148c104,run_7644a10b44a8da53228f2a083631f74862aab8909cacc0eae03f326d2071332c,realamprandom_indep_tket_9,realamprandom,tket,9,38,153,o2_sabre_lookahead,2,sabre,lookahead,1,timeout,transpilation,timeout,AttemptTimeoutError,100.0,100.00223009299953,Tentativo interrotto dopo 100.0 secondi.,qiskit_post_pass_callback_and_sigalrm_traceback,transpilation,21,LookaheadSwap,qiskit.transpiler.passes.routing.lookahead_swap.LookaheadSwap,20,99.98888611793518,99.99928265799826,qiskit/transpiler/passes/routing/lookahead_swap.py,_calc_layout_distance,346,,,,none,False,"Il callback pubblico di Qiskit viene eseguito dopo ogni pass: last_completed_pass non identifica necessariamente il pass interrotto. | Lo stack indica dove SIGALRM è stato osservato, non dimostra quale pass, configurazione, circuito o hardware abbia causato il timeout. | Un'attribuzione causale richiede confronti controllati tra circuiti, configurazioni e device.",qiskit/transpiler/passes/routing/lookahead_swap.py:346:_calc_layout_distance
ibm_falcon_27,27,b9120f471bd90ef5aae03606ebc1e421478cd50f7b65ff4fb115f64c5148c104,run_bce5f0d4b23024a1d6f8c3337a3c691c533a0b014a0baa3288e888903d1fbee2,realamprandom_indep_tket_9,realamprandom,tket,9,38,153,o2_sabre_lookahead,2,sabre,lookahead,2,timeout,transpilation,timeout,AttemptTimeoutError,100.0,100.0021893200028,Tentativo interrotto dopo 100.0 secondi.,qiskit_post_pass_callback_and_sigalrm_traceback,transpilation,21,LookaheadSwap,qiskit.transpiler.passes.routing.lookahead_swap.LookaheadSwap,20,99.98905658721924,99.99929100601003,qiskit/transpiler/passes/routing/lookahead_swap.py,_calc_layout_distance,346,,,,none,False,"Il callback pubblico di Qiskit viene eseguito dopo ogni pass: last_completed_pass non identifica necessariamente il pass interrotto. | Lo stack indica dove SIGALRM è stato osservato, non dimostra quale pass, configurazione, circuito o hardware abbia causato il timeout. | Un'attribuzione causale richiede confronti controllati tra circuiti, configurazioni e device.",qiskit/transpiler/passes/routing/lookahead_swap.py:346:_calc_layout_distance
ibm_falcon_27,27,b9120f471bd90ef5aae03606ebc1e421478cd50f7b65ff4fb115f64c5148c104,run_6caa576797fa5889afebba1ed9f4beba076a849897a037d85220b7c8ab4e02aa,su2random_indep_qiskit_6,su2random,qiskit,6,26,75,o2_sabre_lookahead,2,sabre,lookahead,0,timeout,transpilation,timeout,AttemptTimeoutError,100.0,100.0013120900112,Tentativo interrotto dopo 100.0 secondi.,qiskit_post_pass_callback_and_sigalrm_traceback,transpilation,21,LookaheadSwap,qiskit.transpiler.passes.routing.lookahead_swap.LookaheadSwap,20,99.99055790901184,99.99918841999897,qiskit/transpiler/passes/routing/lookahead_swap.py,_first_op_node,394,,,,none,False,"Il callback pubblico di Qiskit viene eseguito dopo ogni pass: last_completed_pass non identifica necessariamente il pass interrotto. | Lo stack indica dove SIGALRM è stato osservato, non dimostra quale pass, configurazione, circuito o hardware abbia causato il timeout. | Un'attribuzione causale richiede confronti controllati tra circuiti, configurazioni e device.",qiskit/transpiler/passes/routing/lookahead_swap.py:394:_first_op_node
ibm_falcon_27,27,b9120f471bd90ef5aae03606ebc1e421478cd50f7b65ff4fb115f64c5148c104,run_466f5c8e09b8622ebb10de75e27e2944e913418395964bef96221b603502a431,su2random_indep_qiskit_7,su2random,qiskit,7,30,98,o2_sabre_lookahead,2,sabre,lookahead,0,timeout,transpilation,timeout,AttemptTimeoutError,100.0,100.00142620400584,Tentativo interrotto dopo 100.0 secondi.,qiskit_post_pass_callback_and_sigalrm_traceback,transpilation,21,LookaheadSwap,qiskit.transpiler.passes.routing.lookahead_swap.LookaheadSwap,20,99.9917905330658,99.99949558501248,qiskit/transpiler/passes/routing/lookahead_swap.py,_map_free_gates,316,,,,none,False,"Il callback pubblico di Qiskit viene eseguito dopo ogni pass: last_completed_pass non identifica necessariamente il pass interrotto. | Lo stack indica dove SIGALRM è stato osservato, non dimostra quale pass, configurazione, circuito o hardware abbia causato il timeout. | Un'attribuzione causale richiede confronti controllati tra circuiti, configurazioni e device.",qiskit/transpiler/passes/routing/lookahead_swap.py:316:_map_free_gates
ibm_falcon_27,27,b9120f471bd90ef5aae03606ebc1e421478cd50f7b65ff4fb115f64c5148c104,run_f96b38256834aa4707e880fe41b1dcfdd6a3bd4c15942a8b89fefcae94bd457f,su2random_indep_qiskit_7,su2random,qiskit,7,30,98,o2_sabre_lookahead,2,sabre,lookahead,2,timeout,transpilation,timeout,AttemptTimeoutError,100.0,100.00143072300125,Tentativo interrotto dopo 100.0 secondi.,qiskit_post_pass_callback_and_sigalrm_traceback,transpilation,21,LookaheadSwap,qiskit.transpiler.passes.routing.lookahead_swap.LookaheadSwap,20,99.99133348464966,99.99946885299869,qiskit/transpiler/passes/routing/lookahead_swap.py,_map_free_gates,316,,,,none,False,"Il callback pubblico di Qiskit viene eseguito dopo ogni pass: last_completed_pass non identifica necessariamente il pass interrotto. | Lo stack indica dove SIGALRM è stato osservato, non dimostra quale pass, configurazione, circuito o hardware abbia causato il timeout. | Un'attribuzione causale richiede confronti controllati tra circuiti, configurazioni e device.",qiskit/transpiler/passes/routing/lookahead_swap.py:316:_map_free_gates
ibm_falcon_27,27,b9120f471bd90ef5aae03606ebc1e421478cd50f7b65ff4fb115f64c5148c104,run_60364c357489f9040c8a674f1596659a8a9d03ec5406643023678d8ef47301e8,su2random_indep_qiskit_8,su2random,qiskit,8,34,124,o2_sabre_lookahead,2,sabre,lookahead,0,timeout,transpilation,timeout,AttemptTimeoutError,100.0,100.00202469500073,Tentativo interrotto dopo 100.0 secondi.,qiskit_post_pass_callback_and_sigalrm_traceback,transpilation,21,LookaheadSwap,qiskit.transpiler.passes.routing.lookahead_swap.LookaheadSwap,20,99.98933553695679,99.99933480600885,qiskit/transpiler/passes/routing/lookahead_swap.py,_map_free_gates,317,,,,none,False,"Il callback pubblico di Qiskit viene eseguito dopo ogni pass: last_completed_pass non identifica necessariamente il pass interrotto. | Lo stack indica dove SIGALRM è stato osservato, non dimostra quale pass, configurazione, circuito o hardware abbia causato il timeout. | Un'attribuzione causale richiede confronti controllati tra circuiti, configurazioni e device.",qiskit/transpiler/passes/routing/lookahead_swap.py:317:_map_free_gates
ibm_falcon_27,27,b9120f471bd90ef5aae03606ebc1e421478cd50f7b65ff4fb115f64c5148c104,run_59de35f59c303950b1681e21e4f24f313f93a9e56be42d5b4688d907fea133df,su2random_indep_qiskit_8,su2random,qiskit,8,34,124,o2_sabre_lookahead,2,sabre,lookahead,1,timeout,transpilation,timeout,AttemptTimeoutError,100.0,100.00217906398757,Tentativo interrotto dopo 100.0 secondi.,qiskit_post_pass_callback_and_sigalrm_traceback,transpilation,21,LookaheadSwap,qiskit.transpiler.passes.routing.lookahead_swap.LookaheadSwap,20,99.98989605903625,99.99939138299669,qiskit/transpiler/passes/routing/lookahead_swap.py,_map_free_gates,322,,,,none,False,"Il callback pubblico di Qiskit viene eseguito dopo ogni pass: last_completed_pass non identifica necessariamente il pass interrotto. | Lo stack indica dove SIGALRM è stato osservato, non dimostra quale pass, configurazione, circuito o hardware abbia causato il timeout. | Un'attribuzione causale richiede confronti controllati tra circuiti, configurazioni e device.",qiskit/transpiler/passes/routing/lookahead_swap.py:322:_map_free_gates
ibm_falcon_27,27,b9120f471bd90ef5aae03606ebc1e421478cd50f7b65ff4fb115f64c5148c104,run_9a32f29c686e99aa29e08cfad43b79adab37a50f6076f6036ed6aaab7aa009db,su2random_indep_qiskit_8,su2random,qiskit,8,34,124,o2_sabre_lookahead,2,sabre,lookahead,2,timeout,transpilation,timeout,AttemptTimeoutError,100.0,100.0015703139943,Tentativo interrotto dopo 100.0 secondi.,qiskit_post_pass_callback_and_sigalrm_traceback,transpilation,21,LookaheadSwap,qiskit.transpiler.passes.routing.lookahead_swap.LookaheadSwap,20,99.98930478096008,99.99903384900244,qiskit/transpiler/passes/routing/lookahead_swap.py,_calc_layout_distance,346,,,,none,False,"Il callback pubblico di Qiskit viene eseguito dopo ogni pass: last_completed_pass non identifica necessariamente il pass interrotto. | Lo stack indica dove SIGALRM è stato osservato, non dimostra quale pass, configurazione, circuito o hardware abbia causato il timeout. | Un'attribuzione causale richiede confronti controllati tra circuiti, configurazioni e device.",qiskit/transpiler/passes/routing/lookahead_swap.py:346:_calc_layout_distance
ibm_falcon_27,27,b9120f471bd90ef5aae03606ebc1e421478cd50f7b65ff4fb115f64c5148c104,run_75c56e3bac9ff88801b60a0b11aa23f0f31b4b19b7f62947e26dc9982c441164,su2random_indep_qiskit_9,su2random,qiskit,9,38,153,o2_sabre_lookahead,2,sabre,lookahead,0,timeout,transpilation,timeout,AttemptTimeoutError,100.0,100.00227653200272,Tentativo interrotto dopo 100.0 secondi.,qiskit_post_pass_callback_and_sigalrm_traceback,transpilation,21,LookaheadSwap,qiskit.transpiler.passes.routing.lookahead_swap.LookaheadSwap,20,99.98730611801147,99.99933428700024,qiskit/transpiler/passes/routing/lookahead_swap.py,_calc_layout_distance,346,,,,none,False,"Il callback pubblico di Qiskit viene eseguito dopo ogni pass: last_completed_pass non identifica necessariamente il pass interrotto. | Lo stack indica dove SIGALRM è stato osservato, non dimostra quale pass, configurazione, circuito o hardware abbia causato il timeout. | Un'attribuzione causale richiede confronti controllati tra circuiti, configurazioni e device.",qiskit/transpiler/passes/routing/lookahead_swap.py:346:_calc_layout_distance
ibm_falcon_27,27,b9120f471bd90ef5aae03606ebc1e421478cd50f7b65ff4fb115f64c5148c104,run_44cb1c397607ba21f2f8809923535751c0cfe9089e0c09c808cbea323efc91ef,su2random_indep_qiskit_9,su2random,qiskit,9,38,153,o2_sabre_lookahead,2,sabre,lookahead,1,timeout,transpilation,timeout,AttemptTimeoutError,100.0,100.00156113700359,Tentativo interrotto dopo 100.0 secondi.,qiskit_post_pass_callback_and_sigalrm_traceback,transpilation,21,LookaheadSwap,qiskit.transpiler.passes.routing.lookahead_swap.LookaheadSwap,20,99.98639869689941,99.99870872500469,qiskit/transpiler/passes/routing/lookahead_swap.py,_map_free_gates,317,,,,none,False,"Il callback pubblico di Qiskit viene eseguito dopo ogni pass: last_completed_pass non identifica necessariamente il pass interrotto. | Lo stack indica dove SIGALRM è stato osservato, non dimostra quale pass, configurazione, circuito o hardware abbia causato il timeout. | Un'attribuzione causale richiede confronti controllati tra circuiti, configurazioni e device.",qiskit/transpiler/passes/routing/lookahead_swap.py:317:_map_free_gates
ibm_falcon_27,27,b9120f471bd90ef5aae03606ebc1e421478cd50f7b65ff4fb115f64c5148c104,run_191e2440de215d745405ddde26d5f68bde084844fc6d1d62b62c74504c6f9054,su2random_indep_qiskit_9,su2random,qiskit,9,38,153,o2_sabre_lookahead,2,sabre,lookahead,2,timeout,transpilation,timeout,AttemptTimeoutError,100.0,100.00218855199637,Tentativo interrotto dopo 100.0 secondi.,qiskit_post_pass_callback_and_sigalrm_traceback,transpilation,21,LookaheadSwap,qiskit.transpiler.passes.routing.lookahead_swap.LookaheadSwap,20,99.98910021781921,99.99924570800795,qiskit/transpiler/passes/routing/lookahead_swap.py,_first_op_node,394,,,,none,False,"Il callback pubblico di Qiskit viene eseguito dopo ogni pass: last_completed_pass non identifica necessariamente il pass interrotto. | Lo stack indica dove SIGALRM è stato osservato, non dimostra quale pass, configurazione, circuito o hardware abbia causato il timeout. | Un'attribuzione causale richiede confronti controllati tra circuiti, configurazioni e device.",qiskit/transpiler/passes/routing/lookahead_swap.py:394:_first_op_node
ibm_falcon_27,27,b9120f471bd90ef5aae03606ebc1e421478cd50f7b65ff4fb115f64c5148c104,run_973ad4d7486070e08997be979f71467bb89024eb11bf9fad85f97d48ac9e6ba3,su2random_indep_tket_6,su2random,tket,6,30,99,o2_sabre_lookahead,2,sabre,lookahead,0,timeout,transpilation,timeout,AttemptTimeoutError,100.0,100.001361704999,Tentativo interrotto dopo 100.0 secondi.,qiskit_post_pass_callback_and_sigalrm_traceback,transpilation,21,LookaheadSwap,qiskit.transpiler.passes.routing.lookahead_swap.LookaheadSwap,20,99.99209904670715,99.99945267599833,qiskit/transpiler/passes/routing/lookahead_swap.py,_calc_layout_distance,345,,,,none,False,"Il callback pubblico di Qiskit viene eseguito dopo ogni pass: last_completed_pass non identifica necessariamente il pass interrotto. | Lo stack indica dove SIGALRM è stato osservato, non dimostra quale pass, configurazione, circuito o hardware abbia causato il timeout. | Un'attribuzione causale richiede confronti controllati tra circuiti, configurazioni e device.",qiskit/transpiler/passes/routing/lookahead_swap.py:345:_calc_layout_distance
ibm_falcon_27,27,b9120f471bd90ef5aae03606ebc1e421478cd50f7b65ff4fb115f64c5148c104,run_cc34e6098732d48d88d675b4595676dea139dd758083d0fb897288becb8f6f8d,su2random_indep_tket_7,su2random,tket,7,34,126,o2_sabre_lookahead,2,sabre,lookahead,0,timeout,transpilation,timeout,AttemptTimeoutError,100.0,100.00209515700408,Tentativo interrotto dopo 100.0 secondi.,qiskit_post_pass_callback_and_sigalrm_traceback,transpilation,21,LookaheadSwap,qiskit.transpiler.passes.routing.lookahead_swap.LookaheadSwap,20,99.98919463157654,99.9993854380009,qiskit/transpiler/passes/routing/lookahead_swap.py,_calc_layout_distance,346,,,,none,False,"Il callback pubblico di Qiskit viene eseguito dopo ogni pass: last_completed_pass non identifica necessariamente il pass interrotto. | Lo stack indica dove SIGALRM è stato osservato, non dimostra quale pass, configurazione, circuito o hardware abbia causato il timeout. | Un'attribuzione causale richiede confronti controllati tra circuiti, configurazioni e device.",qiskit/transpiler/passes/routing/lookahead_swap.py:346:_calc_layout_distance
ibm_falcon_27,27,b9120f471bd90ef5aae03606ebc1e421478cd50f7b65ff4fb115f64c5148c104,run_fb11189e78f21400c694b80a81881d32229d855a1f6646cbd407a297bdc24de2,su2random_indep_tket_7,su2random,tket,7,34,126,o2_sabre_lookahead,2,sabre,lookahead,2,timeout,transpilation,timeout,AttemptTimeoutError,100.0,100.0013867259986,Tentativo interrotto dopo 100.0 secondi.,qiskit_post_pass_callback_and_sigalrm_traceback,transpilation,21,LookaheadSwap,qiskit.transpiler.passes.routing.lookahead_swap.LookaheadSwap,20,99.99151420593262,99.99940136499936,qiskit/transpiler/passes/routing/lookahead_swap.py,_map_free_gates,306,,,,none,False,"Il callback pubblico di Qiskit viene eseguito dopo ogni pass: last_completed_pass non identifica necessariamente il pass interrotto. | Lo stack indica dove SIGALRM è stato osservato, non dimostra quale pass, configurazione, circuito o hardware abbia causato il timeout. | Un'attribuzione causale richiede confronti controllati tra circuiti, configurazioni e device.",qiskit/transpiler/passes/routing/lookahead_swap.py:306:_map_free_gates
ibm_falcon_27,27,b9120f471bd90ef5aae03606ebc1e421478cd50f7b65ff4fb115f64c5148c104,run_eadf6718ced0097257cb508338b7f3d51636e09cb854442d8bcbddc8b5c7928d,su2random_indep_tket_8,su2random,tket,8,38,156,o2_sabre_lookahead,2,sabre,lookahead,0,timeout,transpilation,timeout,AttemptTimeoutError,100.0,100.00141145900125,Tentativo interrotto dopo 100.0 secondi.,qiskit_post_pass_callback_and_sigalrm_traceback,transpilation,21,LookaheadSwap,qiskit.transpiler.passes.routing.lookahead_swap.LookaheadSwap,20,99.9890205860138,99.99891110500903,qiskit/transpiler/passes/routing/lookahead_swap.py,_first_op_node,394,,,,none,False,"Il callback pubblico di Qiskit viene eseguito dopo ogni pass: last_completed_pass non identifica necessariamente il pass interrotto. | Lo stack indica dove SIGALRM è stato osservato, non dimostra quale pass, configurazione, circuito o hardware abbia causato il timeout. | Un'attribuzione causale richiede confronti controllati tra circuiti, configurazioni e device.",qiskit/transpiler/passes/routing/lookahead_swap.py:394:_first_op_node
ibm_falcon_27,27,b9120f471bd90ef5aae03606ebc1e421478cd50f7b65ff4fb115f64c5148c104,run_347e025a296fc51a4cb73787b548e6c3006aaf9119c2bfb102a2b12f37ec1994,su2random_indep_tket_8,su2random,tket,8,38,156,o2_sabre_lookahead,2,sabre,lookahead,1,timeout,transpilation,timeout,AttemptTimeoutError,100.0,100.00212593800097,Tentativo interrotto dopo 100.0 secondi.,qiskit_post_pass_callback_and_sigalrm_traceback,transpilation,21,LookaheadSwap,qiskit.transpiler.passes.routing.lookahead_swap.LookaheadSwap,20,99.98893547058105,99.99883689600392,qiskit/transpiler/passes/routing/lookahead_swap.py,_calc_layout_distance,346,,,,none,False,"Il callback pubblico di Qiskit viene eseguito dopo ogni pass: last_completed_pass non identifica necessariamente il pass interrotto. | Lo stack indica dove SIGALRM è stato osservato, non dimostra quale pass, configurazione, circuito o hardware abbia causato il timeout. | Un'attribuzione causale richiede confronti controllati tra circuiti, configurazioni e device.",qiskit/transpiler/passes/routing/lookahead_swap.py:346:_calc_layout_distance
ibm_falcon_27,27,b9120f471bd90ef5aae03606ebc1e421478cd50f7b65ff4fb115f64c5148c104,run_5a6e54d4c1d8002c171e3a70d946c9a47004815be0e57e53b46f95520e7b2de3,su2random_indep_tket_8,su2random,tket,8,38,156,o2_sabre_lookahead,2,sabre,lookahead,2,timeout,transpilation,timeout,AttemptTimeoutError,100.0,100.00156688901188,Tentativo interrotto dopo 100.0 secondi.,qiskit_post_pass_callback_and_sigalrm_traceback,transpilation,21,LookaheadSwap,qiskit.transpiler.passes.routing.lookahead_swap.LookaheadSwap,20,99.9878351688385,99.99888428099803,qiskit/transpiler/passes/routing/lookahead_swap.py,_calc_layout_distance,345,,,,none,False,"Il callback pubblico di Qiskit viene eseguito dopo ogni pass: last_completed_pass non identifica necessariamente il pass interrotto. | Lo stack indica dove SIGALRM è stato osservato, non dimostra quale pass, configurazione, circuito o hardware abbia causato il timeout. | Un'attribuzione causale richiede confronti controllati tra circuiti, configurazioni e device.",qiskit/transpiler/passes/routing/lookahead_swap.py:345:_calc_layout_distance
ibm_falcon_27,27,b9120f471bd90ef5aae03606ebc1e421478cd50f7b65ff4fb115f64c5148c104,run_848f71cd678c63b864da1d9592fe3601202b7eac867889452b02a80d2bf4d807,su2random_indep_tket_9,su2random,tket,9,42,189,o2_sabre_lookahead,2,sabre,lookahead,0,timeout,transpilation,timeout,AttemptTimeoutError,100.0,100.00234390101105,Tentativo interrotto dopo 100.0 secondi.,qiskit_post_pass_callback_and_sigalrm_traceback,transpilation,21,LookaheadSwap,qiskit.transpiler.passes.routing.lookahead_swap.LookaheadSwap,20,99.98577809333801,99.99891716499405,qiskit/transpiler/passes/routing/lookahead_swap.py,_map_free_gates,316,,,,none,False,"Il callback pubblico di Qiskit viene eseguito dopo ogni pass: last_completed_pass non identifica necessariamente il pass interrotto. | Lo stack indica dove SIGALRM è stato osservato, non dimostra quale pass, configurazione, circuito o hardware abbia causato il timeout. | Un'attribuzione causale richiede confronti controllati tra circuiti, configurazioni e device.",qiskit/transpiler/passes/routing/lookahead_swap.py:316:_map_free_gates
ibm_falcon_27,27,b9120f471bd90ef5aae03606ebc1e421478cd50f7b65ff4fb115f64c5148c104,run_ee4189ef895d0377f423acb1efd2ba13d5b3b814b306cd2664fb2d482be40064,su2random_indep_tket_9,su2random,tket,9,42,189,o2_sabre_lookahead,2,sabre,lookahead,1,timeout,transpilation,timeout,AttemptTimeoutError,100.0,100.00218002901238,Tentativo interrotto dopo 100.0 secondi.,qiskit_post_pass_callback_and_sigalrm_traceback,transpilation,21,LookaheadSwap,qiskit.transpiler.passes.routing.lookahead_swap.LookaheadSwap,20,99.9863634109497,99.99879035400227,qiskit/transpiler/passes/routing/lookahead_swap.py,_calc_layout_distance,346,,,,none,False,"Il callback pubblico di Qiskit viene eseguito dopo ogni pass: last_completed_pass non identifica necessariamente il pass interrotto. | Lo stack indica dove SIGALRM è stato osservato, non dimostra quale pass, configurazione, circuito o hardware abbia causato il timeout. | Un'attribuzione causale richiede confronti controllati tra circuiti, configurazioni e device.",qiskit/transpiler/passes/routing/lookahead_swap.py:346:_calc_layout_distance
ibm_falcon_27,27,b9120f471bd90ef5aae03606ebc1e421478cd50f7b65ff4fb115f64c5148c104,run_a8b25c2bb248ce8dbac90ac3e3e71abfd1a04fa1494f8e0716e992ea8d4f50aa,su2random_indep_tket_9,su2random,tket,9,42,189,o2_sabre_lookahead,2,sabre,lookahead,2,timeout,transpilation,timeout,AttemptTimeoutError,100.0,100.00216362699575,Tentativo interrotto dopo 100.0 secondi.,qiskit_post_pass_callback_and_sigalrm_traceback,transpilation,21,LookaheadSwap,qiskit.transpiler.passes.routing.lookahead_swap.LookaheadSwap,20,99.98729038238525,99.99875890099793,qiskit/transpiler/passes/routing/lookahead_swap.py,_calc_layout_distance,345,,,,none,False,"Il callback pubblico di Qiskit viene eseguito dopo ogni pass: last_completed_pass non identifica necessariamente il pass interrotto. | Lo stack indica dove SIGALRM è stato osservato, non dimostra quale pass, configurazione, circuito o hardware abbia causato il timeout. | Un'attribuzione causale richiede confronti controllati tra circuiti, configurazioni e device.",qiskit/transpiler/passes/routing/lookahead_swap.py:345:_calc_layout_distance
ibm_falcon_27,27,b9120f471bd90ef5aae03606ebc1e421478cd50f7b65ff4fb115f64c5148c104,run_a062bf6f15a46eeeee547e5be2d1219f2d4b97f9da8b1bd790bc8525567a58e1,twolocalrandom_indep_qiskit_10,twolocalrandom,qiskit,10,42,185,o2_sabre_lookahead,2,sabre,lookahead,0,timeout,transpilation,timeout,AttemptTimeoutError,100.0,100.00252816299326,Tentativo interrotto dopo 100.0 secondi.,qiskit_post_pass_callback_and_sigalrm_traceback,transpilation,21,LookaheadSwap,qiskit.transpiler.passes.routing.lookahead_swap.LookaheadSwap,20,99.9842894077301,99.99882305900974,qiskit/transpiler/passes/routing/lookahead_swap.py,_first_op_node,394,,,,none,False,"Il callback pubblico di Qiskit viene eseguito dopo ogni pass: last_completed_pass non identifica necessariamente il pass interrotto. | Lo stack indica dove SIGALRM è stato osservato, non dimostra quale pass, configurazione, circuito o hardware abbia causato il timeout. | Un'attribuzione causale richiede confronti controllati tra circuiti, configurazioni e device.",qiskit/transpiler/passes/routing/lookahead_swap.py:394:_first_op_node
ibm_falcon_27,27,b9120f471bd90ef5aae03606ebc1e421478cd50f7b65ff4fb115f64c5148c104,run_3f211e534bf75818f687e4dfa5cf1a2c2e1f6d963157924ed59db58d9fc433fe,twolocalrandom_indep_qiskit_10,twolocalrandom,qiskit,10,42,185,o2_sabre_lookahead,2,sabre,lookahead,1,timeout,transpilation,timeout,AttemptTimeoutError,100.0,100.00218409999798,Tentativo interrotto dopo 100.0 secondi.,qiskit_post_pass_callback_and_sigalrm_traceback,transpilation,21,LookaheadSwap,qiskit.transpiler.passes.routing.lookahead_swap.LookaheadSwap,20,99.9831976890564,99.99878698600514,qiskit/transpiler/passes/routing/lookahead_swap.py,_score_state_with_swap,358,,,,none,False,"Il callback pubblico di Qiskit viene eseguito dopo ogni pass: last_completed_pass non identifica necessariamente il pass interrotto. | Lo stack indica dove SIGALRM è stato osservato, non dimostra quale pass, configurazione, circuito o hardware abbia causato il timeout. | Un'attribuzione causale richiede confronti controllati tra circuiti, configurazioni e device.",qiskit/transpiler/passes/routing/lookahead_swap.py:358:_score_state_with_swap
ibm_falcon_27,27,b9120f471bd90ef5aae03606ebc1e421478cd50f7b65ff4fb115f64c5148c104,run_e411f9f5b09a224035a048ddb1f665af634a0dfb225769e00d80ec66e4ce3032,twolocalrandom_indep_qiskit_10,twolocalrandom,qiskit,10,42,185,o2_sabre_lookahead,2,sabre,lookahead,2,timeout,transpilation,timeout,AttemptTimeoutError,100.0,100.00278745101241,Tentativo interrotto dopo 100.0 secondi.,qiskit_post_pass_callback_and_sigalrm_traceback,transpilation,21,LookaheadSwap,qiskit.transpiler.passes.routing.lookahead_swap.LookaheadSwap,20,99.98561501502991,99.99888187099714,qiskit/transpiler/passes/routing/lookahead_swap.py,<genexpr>,394,,,,none,False,"Il callback pubblico di Qiskit viene eseguito dopo ogni pass: last_completed_pass non identifica necessariamente il pass interrotto. | Lo stack indica dove SIGALRM è stato osservato, non dimostra quale pass, configurazione, circuito o hardware abbia causato il timeout. | Un'attribuzione causale richiede confronti controllati tra circuiti, configurazioni e device.",qiskit/transpiler/passes/routing/lookahead_swap.py:394:<genexpr>
ibm_falcon_27,27,b9120f471bd90ef5aae03606ebc1e421478cd50f7b65ff4fb115f64c5148c104,run_92526a8ebe37b92a2657365cf1d116e9e0b0bf2ecfbd6e6164cc169db6d25180,twolocalrandom_indep_qiskit_11,twolocalrandom,qiskit,11,46,220,o2_sabre_lookahead,2,sabre,lookahead,0,timeout,transpilation,timeout,AttemptTimeoutError,100.0,100.00192131000222,Tentativo interrotto dopo 100.0 secondi.,qiskit_post_pass_callback_and_sigalrm_traceback,transpilation,21,LookaheadSwap,qiskit.transpiler.passes.routing.lookahead_swap.LookaheadSwap,20,99.98379254341125,99.99840073699306,qiskit/transpiler/passes/routing/lookahead_swap.py,_calc_layout_distance,346,,,,none,False,"Il callback pubblico di Qiskit viene eseguito dopo ogni pass: last_completed_pass non identifica necessariamente il pass interrotto. | Lo stack indica dove SIGALRM è stato osservato, non dimostra quale pass, configurazione, circuito o hardware abbia causato il timeout. | Un'attribuzione causale richiede confronti controllati tra circuiti, configurazioni e device.",qiskit/transpiler/passes/routing/lookahead_swap.py:346:_calc_layout_distance
ibm_falcon_27,27,b9120f471bd90ef5aae03606ebc1e421478cd50f7b65ff4fb115f64c5148c104,run_8e2e2a6dcecaf37cc74cb440852df5dd52054e180b8e191e7375b3604a9c518f,twolocalrandom_indep_qiskit_11,twolocalrandom,qiskit,11,46,220,o2_sabre_lookahead,2,sabre,lookahead,1,timeout,transpilation,timeout,AttemptTimeoutError,100.0,100.00191346700012,Tentativo interrotto dopo 100.0 secondi.,qiskit_post_pass_callback_and_sigalrm_traceback,transpilation,21,LookaheadSwap,qiskit.transpiler.passes.routing.lookahead_swap.LookaheadSwap,20,99.98253273963928,99.99876198700804,qiskit/transpiler/passes/routing/lookahead_swap.py,_calc_layout_distance,346,,,,none,False,"Il callback pubblico di Qiskit viene eseguito dopo ogni pass: last_completed_pass non identifica necessariamente il pass interrotto. | Lo stack indica dove SIGALRM è stato osservato, non dimostra quale pass, configurazione, circuito o hardware abbia causato il timeout. | Un'attribuzione causale richiede confronti controllati tra circuiti, configurazioni e device.",qiskit/transpiler/passes/routing/lookahead_swap.py:346:_calc_layout_distance
ibm_falcon_27,27,b9120f471bd90ef5aae03606ebc1e421478cd50f7b65ff4fb115f64c5148c104,run_747f038a585372e852536f06a4cad87040b030c79b336313cdc93fbe1a4a312c,twolocalrandom_indep_qiskit_11,twolocalrandom,qiskit,11,46,220,o2_sabre_lookahead,2,sabre,lookahead,2,timeout,transpilation,timeout,AttemptTimeoutError,100.0,100.0026001810038,Tentativo interrotto dopo 100.0 secondi.,qiskit_post_pass_callback_and_sigalrm_traceback,transpilation,21,LookaheadSwap,qiskit.transpiler.passes.routing.lookahead_swap.LookaheadSwap,20,99.98280072212219,99.99864145999891,qiskit/transpiler/passes/routing/lookahead_swap.py,_calc_layout_distance,346,,,,none,False,"Il callback pubblico di Qiskit viene eseguito dopo ogni pass: last_completed_pass non identifica necessariamente il pass interrotto. | Lo stack indica dove SIGALRM è stato osservato, non dimostra quale pass, configurazione, circuito o hardware abbia causato il timeout. | Un'attribuzione causale richiede confronti controllati tra circuiti, configurazioni e device.",qiskit/transpiler/passes/routing/lookahead_swap.py:346:_calc_layout_distance
ibm_falcon_27,27,b9120f471bd90ef5aae03606ebc1e421478cd50f7b65ff4fb115f64c5148c104,run_07e19abcd85c6d41aad0b900ef737472b4c33836713c45d93779a0cf99ef7aed,twolocalrandom_indep_qiskit_6,twolocalrandom,qiskit,6,26,75,o2_sabre_lookahead,2,sabre,lookahead,0,timeout,transpilation,timeout,AttemptTimeoutError,100.0,100.00217209199036,Tentativo interrotto dopo 100.0 secondi.,qiskit_post_pass_callback_and_sigalrm_traceback,transpilation,21,LookaheadSwap,qiskit.transpiler.passes.routing.lookahead_swap.LookaheadSwap,20,99.99090266227722,99.99960421699507,qiskit/transpiler/passes/routing/lookahead_swap.py,_calc_layout_distance,346,,,,none,False,"Il callback pubblico di Qiskit viene eseguito dopo ogni pass: last_completed_pass non identifica necessariamente il pass interrotto. | Lo stack indica dove SIGALRM è stato osservato, non dimostra quale pass, configurazione, circuito o hardware abbia causato il timeout. | Un'attribuzione causale richiede confronti controllati tra circuiti, configurazioni e device.",qiskit/transpiler/passes/routing/lookahead_swap.py:346:_calc_layout_distance
ibm_falcon_27,27,b9120f471bd90ef5aae03606ebc1e421478cd50f7b65ff4fb115f64c5148c104,run_d74625634a40baf82e2547114871472cef3a4cd1fa50b3b2f0a7c1114f4f28ee,twolocalrandom_indep_qiskit_7,twolocalrandom,qiskit,7,30,98,o2_sabre_lookahead,2,sabre,lookahead,0,timeout,transpilation,timeout,AttemptTimeoutError,100.0,100.00199713700567,Tentativo interrotto dopo 100.0 secondi.,qiskit_post_pass_callback_and_sigalrm_traceback,transpilation,21,LookaheadSwap,qiskit.transpiler.passes.routing.lookahead_swap.LookaheadSwap,20,99.98987913131714,99.99920925599872,qiskit/transpiler/passes/routing/lookahead_swap.py,_calc_layout_distance,346,,,,none,False,"Il callback pubblico di Qiskit viene eseguito dopo ogni pass: last_completed_pass non identifica necessariamente il pass interrotto. | Lo stack indica dove SIGALRM è stato osservato, non dimostra quale pass, configurazione, circuito o hardware abbia causato il timeout. | Un'attribuzione causale richiede confronti controllati tra circuiti, configurazioni e device.",qiskit/transpiler/passes/routing/lookahead_swap.py:346:_calc_layout_distance
ibm_falcon_27,27,b9120f471bd90ef5aae03606ebc1e421478cd50f7b65ff4fb115f64c5148c104,run_bc744c2a9fe6ddf71956d2a1cff3dee8737f8856e9a8ae552df489cab1a4faa2,twolocalrandom_indep_qiskit_7,twolocalrandom,qiskit,7,30,98,o2_sabre_lookahead,2,sabre,lookahead,2,timeout,transpilation,timeout,AttemptTimeoutError,100.0,100.00144728799933,Tentativo interrotto dopo 100.0 secondi.,qiskit_post_pass_callback_and_sigalrm_traceback,transpilation,21,LookaheadSwap,qiskit.transpiler.passes.routing.lookahead_swap.LookaheadSwap,20,99.99158120155334,99.99953882899717,qiskit/transpiler/passes/routing/lookahead_swap.py,_first_op_node,394,,,,none,False,"Il callback pubblico di Qiskit viene eseguito dopo ogni pass: last_completed_pass non identifica necessariamente il pass interrotto. | Lo stack indica dove SIGALRM è stato osservato, non dimostra quale pass, configurazione, circuito o hardware abbia causato il timeout. | Un'attribuzione causale richiede confronti controllati tra circuiti, configurazioni e device.",qiskit/transpiler/passes/routing/lookahead_swap.py:394:_first_op_node
ibm_falcon_27,27,b9120f471bd90ef5aae03606ebc1e421478cd50f7b65ff4fb115f64c5148c104,run_b00ab9c576285dc1d4f2e332d7bb8c7ffdb5c0f82b10bfd04c7fab23f532cdc8,twolocalrandom_indep_qiskit_8,twolocalrandom,qiskit,8,34,124,o2_sabre_lookahead,2,sabre,lookahead,0,timeout,transpilation,timeout,AttemptTimeoutError,100.0,100.00132812000811,Tentativo interrotto dopo 100.0 secondi.,qiskit_post_pass_callback_and_sigalrm_traceback,transpilation,21,LookaheadSwap,qiskit.transpiler.passes.routing.lookahead_swap.LookaheadSwap,20,99.98982572555542,99.99941667199892,qiskit/transpiler/passes/routing/lookahead_swap.py,_first_op_node,394,,,,none,False,"Il callback pubblico di Qiskit viene eseguito dopo ogni pass: last_completed_pass non identifica necessariamente il pass interrotto. | Lo stack indica dove SIGALRM è stato osservato, non dimostra quale pass, configurazione, circuito o hardware abbia causato il timeout. | Un'attribuzione causale richiede confronti controllati tra circuiti, configurazioni e device.",qiskit/transpiler/passes/routing/lookahead_swap.py:394:_first_op_node
ibm_falcon_27,27,b9120f471bd90ef5aae03606ebc1e421478cd50f7b65ff4fb115f64c5148c104,run_440171636934e1cc8809ac9b91585df364f85904c17801c5f9436cbc9b9bfc6e,twolocalrandom_indep_qiskit_8,twolocalrandom,qiskit,8,34,124,o2_sabre_lookahead,2,sabre,lookahead,1,timeout,transpilation,timeout,AttemptTimeoutError,100.0,100.0018704910035,Tentativo interrotto dopo 100.0 secondi.,qiskit_post_pass_callback_and_sigalrm_traceback,transpilation,21,LookaheadSwap,qiskit.transpiler.passes.routing.lookahead_swap.LookaheadSwap,20,99.98855662345886,99.99930818699067,qiskit/transpiler/passes/routing/lookahead_swap.py,_calc_layout_distance,345,,,,none,False,"Il callback pubblico di Qiskit viene eseguito dopo ogni pass: last_completed_pass non identifica necessariamente il pass interrotto. | Lo stack indica dove SIGALRM è stato osservato, non dimostra quale pass, configurazione, circuito o hardware abbia causato il timeout. | Un'attribuzione causale richiede confronti controllati tra circuiti, configurazioni e device.",qiskit/transpiler/passes/routing/lookahead_swap.py:345:_calc_layout_distance
ibm_falcon_27,27,b9120f471bd90ef5aae03606ebc1e421478cd50f7b65ff4fb115f64c5148c104,run_7d5f89758600cd4e42b008d742b50fa215909706dad475f03601b3c37d19c8e8,twolocalrandom_indep_qiskit_8,twolocalrandom,qiskit,8,34,124,o2_sabre_lookahead,2,sabre,lookahead,2,timeout,transpilation,timeout,AttemptTimeoutError,100.0,100.0015525459894,Tentativo interrotto dopo 100.0 secondi.,qiskit_post_pass_callback_and_sigalrm_traceback,transpilation,21,LookaheadSwap,qiskit.transpiler.passes.routing.lookahead_swap.LookaheadSwap,20,99.98821830749512,99.99911700500525,qiskit/transpiler/passes/routing/lookahead_swap.py,_calc_layout_distance,346,,,,none,False,"Il callback pubblico di Qiskit viene eseguito dopo ogni pass: last_completed_pass non identifica necessariamente il pass interrotto. | Lo stack indica dove SIGALRM è stato osservato, non dimostra quale pass, configurazione, circuito o hardware abbia causato il timeout. | Un'attribuzione causale richiede confronti controllati tra circuiti, configurazioni e device.",qiskit/transpiler/passes/routing/lookahead_swap.py:346:_calc_layout_distance
ibm_falcon_27,27,b9120f471bd90ef5aae03606ebc1e421478cd50f7b65ff4fb115f64c5148c104,run_0994267b0257ef08c83bd7d53b1735d1ef5e308f0ca8499d1c10c5c7e88b47a8,twolocalrandom_indep_qiskit_9,twolocalrandom,qiskit,9,38,153,o2_sabre_lookahead,2,sabre,lookahead,0,timeout,transpilation,timeout,AttemptTimeoutError,100.0,100.00157847400988,Tentativo interrotto dopo 100.0 secondi.,qiskit_post_pass_callback_and_sigalrm_traceback,transpilation,21,LookaheadSwap,qiskit.transpiler.passes.routing.lookahead_swap.LookaheadSwap,20,99.98663306236267,99.99900176899973,qiskit/transpiler/passes/routing/lookahead_swap.py,_calc_layout_distance,346,,,,none,False,"Il callback pubblico di Qiskit viene eseguito dopo ogni pass: last_completed_pass non identifica necessariamente il pass interrotto. | Lo stack indica dove SIGALRM è stato osservato, non dimostra quale pass, configurazione, circuito o hardware abbia causato il timeout. | Un'attribuzione causale richiede confronti controllati tra circuiti, configurazioni e device.",qiskit/transpiler/passes/routing/lookahead_swap.py:346:_calc_layout_distance
ibm_falcon_27,27,b9120f471bd90ef5aae03606ebc1e421478cd50f7b65ff4fb115f64c5148c104,run_385b5864e72f93897dbca74da857b670a4b0761d966de8c8ea8b1d36404cad28,twolocalrandom_indep_qiskit_9,twolocalrandom,qiskit,9,38,153,o2_sabre_lookahead,2,sabre,lookahead,1,timeout,transpilation,timeout,AttemptTimeoutError,100.0,100.00215392900282,Tentativo interrotto dopo 100.0 secondi.,qiskit_post_pass_callback_and_sigalrm_traceback,transpilation,21,LookaheadSwap,qiskit.transpiler.passes.routing.lookahead_swap.LookaheadSwap,20,99.98679089546204,99.99900504900143,qiskit/transpiler/passes/routing/lookahead_swap.py,_first_op_node,394,,,,none,False,"Il callback pubblico di Qiskit viene eseguito dopo ogni pass: last_completed_pass non identifica necessariamente il pass interrotto. | Lo stack indica dove SIGALRM è stato osservato, non dimostra quale pass, configurazione, circuito o hardware abbia causato il timeout. | Un'attribuzione causale richiede confronti controllati tra circuiti, configurazioni e device.",qiskit/transpiler/passes/routing/lookahead_swap.py:394:_first_op_node
ibm_falcon_27,27,b9120f471bd90ef5aae03606ebc1e421478cd50f7b65ff4fb115f64c5148c104,run_aae2ce38ef060b75eedeb986c3a529e7dfccb20fec58e907daf044a912ef12e8,twolocalrandom_indep_qiskit_9,twolocalrandom,qiskit,9,38,153,o2_sabre_lookahead,2,sabre,lookahead,2,timeout,transpilation,timeout,AttemptTimeoutError,100.0,100.00155345500389,Tentativo interrotto dopo 100.0 secondi.,qiskit_post_pass_callback_and_sigalrm_traceback,transpilation,21,LookaheadSwap,qiskit.transpiler.passes.routing.lookahead_swap.LookaheadSwap,20,99.98913097381592,99.99922139500268,qiskit/transpiler/passes/routing/lookahead_swap.py,_calc_layout_distance,346,,,,none,False,"Il callback pubblico di Qiskit viene eseguito dopo ogni pass: last_completed_pass non identifica necessariamente il pass interrotto. | Lo stack indica dove SIGALRM è stato osservato, non dimostra quale pass, configurazione, circuito o hardware abbia causato il timeout. | Un'attribuzione causale richiede confronti controllati tra circuiti, configurazioni e device.",qiskit/transpiler/passes/routing/lookahead_swap.py:346:_calc_layout_distance
ibm_falcon_27,27,b9120f471bd90ef5aae03606ebc1e421478cd50f7b65ff4fb115f64c5148c104,run_bea0c66aed804487ebd1af59c477704cec91d66eb8e817ad6bf70971fcbf7fde,twolocalrandom_indep_tket_10,twolocalrandom,tket,10,42,185,o2_sabre_lookahead,2,sabre,lookahead,0,timeout,transpilation,timeout,AttemptTimeoutError,100.0,100.00244940200355,Tentativo interrotto dopo 100.0 secondi.,qiskit_post_pass_callback_and_sigalrm_traceback,transpilation,21,LookaheadSwap,qiskit.transpiler.passes.routing.lookahead_swap.LookaheadSwap,20,99.98467016220093,99.99886448099278,qiskit/transpiler/passes/routing/lookahead_swap.py,_calc_layout_distance,346,,,,none,False,"Il callback pubblico di Qiskit viene eseguito dopo ogni pass: last_completed_pass non identifica necessariamente il pass interrotto. | Lo stack indica dove SIGALRM è stato osservato, non dimostra quale pass, configurazione, circuito o hardware abbia causato il timeout. | Un'attribuzione causale richiede confronti controllati tra circuiti, configurazioni e device.",qiskit/transpiler/passes/routing/lookahead_swap.py:346:_calc_layout_distance
ibm_falcon_27,27,b9120f471bd90ef5aae03606ebc1e421478cd50f7b65ff4fb115f64c5148c104,run_37025758b15bd4130836c88c675df22a28ee4788eab4086d762b218a0669241a,twolocalrandom_indep_tket_10,twolocalrandom,tket,10,42,185,o2_sabre_lookahead,2,sabre,lookahead,1,timeout,transpilation,timeout,AttemptTimeoutError,100.0,100.00189766200492,Tentativo interrotto dopo 100.0 secondi.,qiskit_post_pass_callback_and_sigalrm_traceback,transpilation,21,LookaheadSwap,qiskit.transpiler.passes.routing.lookahead_swap.LookaheadSwap,20,99.98498058319092,99.99880369300081,qiskit/transpiler/passes/routing/lookahead_swap.py,_map_free_gates,316,,,,none,False,"Il callback pubblico di Qiskit viene eseguito dopo ogni pass: last_completed_pass non identifica necessariamente il pass interrotto. | Lo stack indica dove SIGALRM è stato osservato, non dimostra quale pass, configurazione, circuito o hardware abbia causato il timeout. | Un'attribuzione causale richiede confronti controllati tra circuiti, configurazioni e device.",qiskit/transpiler/passes/routing/lookahead_swap.py:316:_map_free_gates
ibm_falcon_27,27,b9120f471bd90ef5aae03606ebc1e421478cd50f7b65ff4fb115f64c5148c104,run_9323a6d8835463fd10c8f2ce83c389062c34d56bf7df7b3cde7889ec49ebb9fd,twolocalrandom_indep_tket_10,twolocalrandom,tket,10,42,185,o2_sabre_lookahead,2,sabre,lookahead,2,timeout,transpilation,timeout,AttemptTimeoutError,100.0,100.0017447549908,Tentativo interrotto dopo 100.0 secondi.,qiskit_post_pass_callback_and_sigalrm_traceback,transpilation,21,LookaheadSwap,qiskit.transpiler.passes.routing.lookahead_swap.LookaheadSwap,20,99.98588752746582,99.9989908740099,qiskit/transpiler/passes/routing/lookahead_swap.py,_calc_layout_distance,346,,,,none,False,"Il callback pubblico di Qiskit viene eseguito dopo ogni pass: last_completed_pass non identifica necessariamente il pass interrotto. | Lo stack indica dove SIGALRM è stato osservato, non dimostra quale pass, configurazione, circuito o hardware abbia causato il timeout. | Un'attribuzione causale richiede confronti controllati tra circuiti, configurazioni e device.",qiskit/transpiler/passes/routing/lookahead_swap.py:346:_calc_layout_distance
ibm_falcon_27,27,b9120f471bd90ef5aae03606ebc1e421478cd50f7b65ff4fb115f64c5148c104,run_b67983cae3ae57e56df3383ce601468c80991e699c1068990bb7704592e64714,twolocalrandom_indep_tket_11,twolocalrandom,tket,11,46,220,o2_sabre_lookahead,2,sabre,lookahead,0,timeout,transpilation,timeout,AttemptTimeoutError,100.0,100.00622666999698,Tentativo interrotto dopo 100.0 secondi.,qiskit_post_pass_callback_and_sigalrm_traceback,transpilation,21,LookaheadSwap,qiskit.transpiler.passes.routing.lookahead_swap.LookaheadSwap,20,99.98308968544006,99.99863878599717,qiskit/transpiler/passes/routing/lookahead_swap.py,_score_state_with_swap,360,,,,none,False,"Il callback pubblico di Qiskit viene eseguito dopo ogni pass: last_completed_pass non identifica necessariamente il pass interrotto. | Lo stack indica dove SIGALRM è stato osservato, non dimostra quale pass, configurazione, circuito o hardware abbia causato il timeout. | Un'attribuzione causale richiede confronti controllati tra circuiti, configurazioni e device.",qiskit/transpiler/passes/routing/lookahead_swap.py:360:_score_state_with_swap
ibm_falcon_27,27,b9120f471bd90ef5aae03606ebc1e421478cd50f7b65ff4fb115f64c5148c104,run_c8e29e56b5b46d74f4142dc0a6eb72f72ee21298eba27c8d9a39259af88682b0,twolocalrandom_indep_tket_11,twolocalrandom,tket,11,46,220,o2_sabre_lookahead,2,sabre,lookahead,1,timeout,transpilation,timeout,AttemptTimeoutError,100.0,100.00268952400074,Tentativo interrotto dopo 100.0 secondi.,qiskit_post_pass_callback_and_sigalrm_traceback,transpilation,21,LookaheadSwap,qiskit.transpiler.passes.routing.lookahead_swap.LookaheadSwap,20,99.9816324710846,99.9985891499964,qiskit/transpiler/passes/routing/lookahead_swap.py,_calc_layout_distance,346,,,,none,False,"Il callback pubblico di Qiskit viene eseguito dopo ogni pass: last_completed_pass non identifica necessariamente il pass interrotto. | Lo stack indica dove SIGALRM è stato osservato, non dimostra quale pass, configurazione, circuito o hardware abbia causato il timeout. | Un'attribuzione causale richiede confronti controllati tra circuiti, configurazioni e device.",qiskit/transpiler/passes/routing/lookahead_swap.py:346:_calc_layout_distance
ibm_falcon_27,27,b9120f471bd90ef5aae03606ebc1e421478cd50f7b65ff4fb115f64c5148c104,run_d68424b7ff27f163dc9da624d74232dcaa7ada48550d2edc8fa15156f91b3a19,twolocalrandom_indep_tket_11,twolocalrandom,tket,11,46,220,o2_sabre_lookahead,2,sabre,lookahead,2,timeout,transpilation,timeout,AttemptTimeoutError,100.0,100.00180640399049,Tentativo interrotto dopo 100.0 secondi.,qiskit_post_pass_callback_and_sigalrm_traceback,transpilation,21,LookaheadSwap,qiskit.transpiler.passes.routing.lookahead_swap.LookaheadSwap,20,99.98418879508972,99.99913268600358,qiskit/transpiler/passes/routing/lookahead_swap.py,_calc_layout_distance,346,,,,none,False,"Il callback pubblico di Qiskit viene eseguito dopo ogni pass: last_completed_pass non identifica necessariamente il pass interrotto. | Lo stack indica dove SIGALRM è stato osservato, non dimostra quale pass, configurazione, circuito o hardware abbia causato il timeout. | Un'attribuzione causale richiede confronti controllati tra circuiti, configurazioni e device.",qiskit/transpiler/passes/routing/lookahead_swap.py:346:_calc_layout_distance
ibm_falcon_27,27,b9120f471bd90ef5aae03606ebc1e421478cd50f7b65ff4fb115f64c5148c104,run_12a48a76ba111530bdc8e1718ef80d203fb136afa8d36c140448c3169bc23cd0,twolocalrandom_indep_tket_6,twolocalrandom,tket,6,26,75,o2_sabre_lookahead,2,sabre,lookahead,0,timeout,transpilation,timeout,AttemptTimeoutError,100.0,100.00144212700252,Tentativo interrotto dopo 100.0 secondi.,qiskit_post_pass_callback_and_sigalrm_traceback,transpilation,21,LookaheadSwap,qiskit.transpiler.passes.routing.lookahead_swap.LookaheadSwap,20,99.99146842956543,99.9995628290053,qiskit/transpiler/passes/routing/lookahead_swap.py,_map_free_gates,316,,,,none,False,"Il callback pubblico di Qiskit viene eseguito dopo ogni pass: last_completed_pass non identifica necessariamente il pass interrotto. | Lo stack indica dove SIGALRM è stato osservato, non dimostra quale pass, configurazione, circuito o hardware abbia causato il timeout. | Un'attribuzione causale richiede confronti controllati tra circuiti, configurazioni e device.",qiskit/transpiler/passes/routing/lookahead_swap.py:316:_map_free_gates
ibm_falcon_27,27,b9120f471bd90ef5aae03606ebc1e421478cd50f7b65ff4fb115f64c5148c104,run_61c8124213167a3e9ece6f217805242940b17c97eb874bd152ca09cd67791127,twolocalrandom_indep_tket_7,twolocalrandom,tket,7,30,98,o2_sabre_lookahead,2,sabre,lookahead,0,timeout,transpilation,timeout,AttemptTimeoutError,100.0,100.00141217900091,Tentativo interrotto dopo 100.0 secondi.,qiskit_post_pass_callback_and_sigalrm_traceback,transpilation,21,LookaheadSwap,qiskit.transpiler.passes.routing.lookahead_swap.LookaheadSwap,20,99.99108815193176,99.99945319899416,qiskit/transpiler/passes/routing/lookahead_swap.py,_first_op_node,394,,,,none,False,"Il callback pubblico di Qiskit viene eseguito dopo ogni pass: last_completed_pass non identifica necessariamente il pass interrotto. | Lo stack indica dove SIGALRM è stato osservato, non dimostra quale pass, configurazione, circuito o hardware abbia causato il timeout. | Un'attribuzione causale richiede confronti controllati tra circuiti, configurazioni e device.",qiskit/transpiler/passes/routing/lookahead_swap.py:394:_first_op_node
ibm_falcon_27,27,b9120f471bd90ef5aae03606ebc1e421478cd50f7b65ff4fb115f64c5148c104,run_64ceca00a87dabcc51d5da29620e6e3c86753bbe6861c9647089df7504c687b0,twolocalrandom_indep_tket_7,twolocalrandom,tket,7,30,98,o2_sabre_lookahead,2,sabre,lookahead,2,timeout,transpilation,timeout,AttemptTimeoutError,100.0,100.00221437199798,Tentativo interrotto dopo 100.0 secondi.,qiskit_post_pass_callback_and_sigalrm_traceback,transpilation,21,LookaheadSwap,qiskit.transpiler.passes.routing.lookahead_swap.LookaheadSwap,20,99.99085021018982,99.99949669300986,qiskit/transpiler/passes/routing/lookahead_swap.py,_calc_layout_distance,346,,,,none,False,"Il callback pubblico di Qiskit viene eseguito dopo ogni pass: last_completed_pass non identifica necessariamente il pass interrotto. | Lo stack indica dove SIGALRM è stato osservato, non dimostra quale pass, configurazione, circuito o hardware abbia causato il timeout. | Un'attribuzione causale richiede confronti controllati tra circuiti, configurazioni e device.",qiskit/transpiler/passes/routing/lookahead_swap.py:346:_calc_layout_distance
ibm_falcon_27,27,b9120f471bd90ef5aae03606ebc1e421478cd50f7b65ff4fb115f64c5148c104,run_5a738c611fadf399735cf30135e11adb370d916f525bd241f1332c2a99e3403b,twolocalrandom_indep_tket_8,twolocalrandom,tket,8,34,124,o2_sabre_lookahead,2,sabre,lookahead,0,timeout,transpilation,timeout,AttemptTimeoutError,100.0,100.0014135340025,Tentativo interrotto dopo 100.0 secondi.,qiskit_post_pass_callback_and_sigalrm_traceback,transpilation,21,LookaheadSwap,qiskit.transpiler.passes.routing.lookahead_swap.LookaheadSwap,20,99.98709630966187,99.99910412399913,qiskit/transpiler/passes/routing/lookahead_swap.py,_calc_layout_distance,346,,,,none,False,"Il callback pubblico di Qiskit viene eseguito dopo ogni pass: last_completed_pass non identifica necessariamente il pass interrotto. | Lo stack indica dove SIGALRM è stato osservato, non dimostra quale pass, configurazione, circuito o hardware abbia causato il timeout. | Un'attribuzione causale richiede confronti controllati tra circuiti, configurazioni e device.",qiskit/transpiler/passes/routing/lookahead_swap.py:346:_calc_layout_distance
ibm_falcon_27,27,b9120f471bd90ef5aae03606ebc1e421478cd50f7b65ff4fb115f64c5148c104,run_9976eca9f14b126dfa80383f2211a2b3f011b48bba646549b4c64b0305f0626f,twolocalrandom_indep_tket_8,twolocalrandom,tket,8,34,124,o2_sabre_lookahead,2,sabre,lookahead,1,timeout,transpilation,timeout,AttemptTimeoutError,100.0,100.00139263601159,Tentativo interrotto dopo 100.0 secondi.,qiskit_post_pass_callback_and_sigalrm_traceback,transpilation,21,LookaheadSwap,qiskit.transpiler.passes.routing.lookahead_swap.LookaheadSwap,20,99.9886269569397,99.9990641070035,qiskit/transpiler/passes/routing/lookahead_swap.py,_calc_layout_distance,346,,,,none,False,"Il callback pubblico di Qiskit viene eseguito dopo ogni pass: last_completed_pass non identifica necessariamente il pass interrotto. | Lo stack indica dove SIGALRM è stato osservato, non dimostra quale pass, configurazione, circuito o hardware abbia causato il timeout. | Un'attribuzione causale richiede confronti controllati tra circuiti, configurazioni e device.",qiskit/transpiler/passes/routing/lookahead_swap.py:346:_calc_layout_distance
ibm_falcon_27,27,b9120f471bd90ef5aae03606ebc1e421478cd50f7b65ff4fb115f64c5148c104,run_8726683087621e91e9ff0f843d903d119993fe058cce5b4c222c19bbf55e5d47,twolocalrandom_indep_tket_8,twolocalrandom,tket,8,34,124,o2_sabre_lookahead,2,sabre,lookahead,2,timeout,transpilation,timeout,AttemptTimeoutError,100.0,100.00216587800242,Tentativo interrotto dopo 100.0 secondi.,qiskit_post_pass_callback_and_sigalrm_traceback,transpilation,21,LookaheadSwap,qiskit.transpiler.passes.routing.lookahead_swap.LookaheadSwap,20,99.990154504776,99.99928284500493,qiskit/transpiler/passes/routing/lookahead_swap.py,_search_forward_n_swaps,248,,,,none,False,"Il callback pubblico di Qiskit viene eseguito dopo ogni pass: last_completed_pass non identifica necessariamente il pass interrotto. | Lo stack indica dove SIGALRM è stato osservato, non dimostra quale pass, configurazione, circuito o hardware abbia causato il timeout. | Un'attribuzione causale richiede confronti controllati tra circuiti, configurazioni e device.",qiskit/transpiler/passes/routing/lookahead_swap.py:248:_search_forward_n_swaps
ibm_falcon_27,27,b9120f471bd90ef5aae03606ebc1e421478cd50f7b65ff4fb115f64c5148c104,run_3e94e61c1442e389a6c5c283773030b297caa63def19ae6a79733802b490efdf,twolocalrandom_indep_tket_9,twolocalrandom,tket,9,38,153,o2_sabre_lookahead,2,sabre,lookahead,0,timeout,transpilation,timeout,AttemptTimeoutError,100.0,100.00233558399486,Tentativo interrotto dopo 100.0 secondi.,qiskit_post_pass_callback_and_sigalrm_traceback,transpilation,21,LookaheadSwap,qiskit.transpiler.passes.routing.lookahead_swap.LookaheadSwap,20,99.98592686653137,99.99862430999929,qiskit/transpiler/passes/routing/lookahead_swap.py,_map_free_gates,317,,,,none,False,"Il callback pubblico di Qiskit viene eseguito dopo ogni pass: last_completed_pass non identifica necessariamente il pass interrotto. | Lo stack indica dove SIGALRM è stato osservato, non dimostra quale pass, configurazione, circuito o hardware abbia causato il timeout. | Un'attribuzione causale richiede confronti controllati tra circuiti, configurazioni e device.",qiskit/transpiler/passes/routing/lookahead_swap.py:317:_map_free_gates
ibm_falcon_27,27,b9120f471bd90ef5aae03606ebc1e421478cd50f7b65ff4fb115f64c5148c104,run_b3bbc8e73882015b45d91b9bd56dde5e4f0352642f08a9485715fa3637570270,twolocalrandom_indep_tket_9,twolocalrandom,tket,9,38,153,o2_sabre_lookahead,2,sabre,lookahead,1,timeout,transpilation,timeout,AttemptTimeoutError,100.0,100.00244023501,Tentativo interrotto dopo 100.0 secondi.,qiskit_post_pass_callback_and_sigalrm_traceback,transpilation,21,LookaheadSwap,qiskit.transpiler.passes.routing.lookahead_swap.LookaheadSwap,20,99.98825216293335,99.99917376200028,qiskit/transpiler/passes/routing/lookahead_swap.py,_score_state_with_swap,360,,,,none,False,"Il callback pubblico di Qiskit viene eseguito dopo ogni pass: last_completed_pass non identifica necessariamente il pass interrotto. | Lo stack indica dove SIGALRM è stato osservato, non dimostra quale pass, configurazione, circuito o hardware abbia causato il timeout. | Un'attribuzione causale richiede confronti controllati tra circuiti, configurazioni e device.",qiskit/transpiler/passes/routing/lookahead_swap.py:360:_score_state_with_swap
ibm_falcon_27,27,b9120f471bd90ef5aae03606ebc1e421478cd50f7b65ff4fb115f64c5148c104,run_e47e018c0a7e0d1b7af924d4b33f409bb41a3eb81539d441b49e39df8170cd52,twolocalrandom_indep_tket_9,twolocalrandom,tket,9,38,153,o2_sabre_lookahead,2,sabre,lookahead,2,timeout,transpilation,timeout,AttemptTimeoutError,100.0,100.00153269199654,Tentativo interrotto dopo 100.0 secondi.,qiskit_post_pass_callback_and_sigalrm_traceback,transpilation,21,LookaheadSwap,qiskit.transpiler.passes.routing.lookahead_swap.LookaheadSwap,20,99.9861536026001,99.99898315699829,qiskit/transpiler/passes/routing/lookahead_swap.py,_first_op_node,394,,,,none,False,"Il callback pubblico di Qiskit viene eseguito dopo ogni pass: last_completed_pass non identifica necessariamente il pass interrotto. | Lo stack indica dove SIGALRM è stato osservato, non dimostra quale pass, configurazione, circuito o hardware abbia causato il timeout. | Un'attribuzione causale richiede confronti controllati tra circuiti, configurazioni e device.",qiskit/transpiler/passes/routing/lookahead_swap.py:394:_first_op_node
ibm_falcon_27,27,b9120f471bd90ef5aae03606ebc1e421478cd50f7b65ff4fb115f64c5148c104,run_76a20521b9cdb0905246a1bf0fa5ca9db3ce39923ed54dd1c3a373ec7b0df9a9,ae_indep_qiskit_12,ae,qiskit,12,66,134,o3_sabre_lookahead,3,sabre,lookahead,1,timeout,transpilation,timeout,AttemptTimeoutError,100.0,100.00507040201046,Tentativo interrotto dopo 100.0 secondi.,qiskit_post_pass_callback_and_sigalrm_traceback,transpilation,21,LookaheadSwap,qiskit.transpiler.passes.routing.lookahead_swap.LookaheadSwap,20,99.9082133769989,99.9799152409978,qiskit/transpiler/passes/routing/lookahead_swap.py,_calc_layout_distance,346,,,,none,False,"Il callback pubblico di Qiskit viene eseguito dopo ogni pass: last_completed_pass non identifica necessariamente il pass interrotto. | Lo stack indica dove SIGALRM è stato osservato, non dimostra quale pass, configurazione, circuito o hardware abbia causato il timeout. | Un'attribuzione causale richiede confronti controllati tra circuiti, configurazioni e device.",qiskit/transpiler/passes/routing/lookahead_swap.py:346:_calc_layout_distance
ibm_falcon_27,27,b9120f471bd90ef5aae03606ebc1e421478cd50f7b65ff4fb115f64c5148c104,run_4adfacb41f242b472f7d719eac61725416613bfd781e47fb22f394ee6ecb9ab7,ae_indep_qiskit_13,ae,qiskit,13,72,152,o3_sabre_lookahead,3,sabre,lookahead,0,timeout,transpilation,timeout,AttemptTimeoutError,100.0,100.00295329799701,Tentativo interrotto dopo 100.0 secondi.,qiskit_post_pass_callback_and_sigalrm_traceback,transpilation,21,LookaheadSwap,qiskit.transpiler.passes.routing.lookahead_swap.LookaheadSwap,20,99.98593640327454,99.99742971399974,qiskit/transpiler/passes/routing/lookahead_swap.py,_calc_layout_distance,346,,,,none,False,"Il callback pubblico di Qiskit viene eseguito dopo ogni pass: last_completed_pass non identifica necessariamente il pass interrotto. | Lo stack indica dove SIGALRM è stato osservato, non dimostra quale pass, configurazione, circuito o hardware abbia causato il timeout. | Un'attribuzione causale richiede confronti controllati tra circuiti, configurazioni e device.",qiskit/transpiler/passes/routing/lookahead_swap.py:346:_calc_layout_distance
ibm_falcon_27,27,b9120f471bd90ef5aae03606ebc1e421478cd50f7b65ff4fb115f64c5148c104,run_1667bff29018dfea63f947f2a166fcf759ed8eaadc904c97973fdd9ac4aaba8e,ae_indep_qiskit_13,ae,qiskit,13,72,152,o3_sabre_lookahead,3,sabre,lookahead,1,timeout,transpilation,timeout,AttemptTimeoutError,100.0,100.00322987300751,Tentativo interrotto dopo 100.0 secondi.,qiskit_post_pass_callback_and_sigalrm_traceback,transpilation,21,LookaheadSwap,qiskit.transpiler.passes.routing.lookahead_swap.LookaheadSwap,20,99.98878455162048,99.99858344699896,qiskit/transpiler/passes/routing/lookahead_swap.py,_calc_layout_distance,346,,,,none,False,"Il callback pubblico di Qiskit viene eseguito dopo ogni pass: last_completed_pass non identifica necessariamente il pass interrotto. | Lo stack indica dove SIGALRM è stato osservato, non dimostra quale pass, configurazione, circuito o hardware abbia causato il timeout. | Un'attribuzione causale richiede confronti controllati tra circuiti, configurazioni e device.",qiskit/transpiler/passes/routing/lookahead_swap.py:346:_calc_layout_distance
ibm_falcon_27,27,b9120f471bd90ef5aae03606ebc1e421478cd50f7b65ff4fb115f64c5148c104,run_e68daf2652a675bbd9d582ae042ec2773c2b1913fe14a575bfc9131b36fa1258,ae_indep_qiskit_13,ae,qiskit,13,72,152,o3_sabre_lookahead,3,sabre,lookahead,2,timeout,transpilation,timeout,AttemptTimeoutError,100.0,100.00407055400137,Tentativo interrotto dopo 100.0 secondi.,qiskit_post_pass_callback_and_sigalrm_traceback,transpilation,21,LookaheadSwap,qiskit.transpiler.passes.routing.lookahead_swap.LookaheadSwap,20,99.98709058761597,99.99851462899824,qiskit/transpiler/passes/routing/lookahead_swap.py,_calc_layout_distance,346,,,,none,False,"Il callback pubblico di Qiskit viene eseguito dopo ogni pass: last_completed_pass non identifica necessariamente il pass interrotto. | Lo stack indica dove SIGALRM è stato osservato, non dimostra quale pass, configurazione, circuito o hardware abbia causato il timeout. | Un'attribuzione causale richiede confronti controllati tra circuiti, configurazioni e device.",qiskit/transpiler/passes/routing/lookahead_swap.py:346:_calc_layout_distance
ibm_falcon_27,27,b9120f471bd90ef5aae03606ebc1e421478cd50f7b65ff4fb115f64c5148c104,run_52e31d64fdfd3ae4e785cd689ca7a3dfdabfe0181671d57b9fc907f2b43d9c9b,ae_indep_tket_12,ae,tket,12,77,156,o3_sabre_lookahead,3,sabre,lookahead,1,timeout,transpilation,timeout,AttemptTimeoutError,100.0,100.00221256200166,Tentativo interrotto dopo 100.0 secondi.,qiskit_post_pass_callback_and_sigalrm_traceback,transpilation,21,LookaheadSwap,qiskit.transpiler.passes.routing.lookahead_swap.LookaheadSwap,20,99.975750207901,99.9955236120004,qiskit/transpiler/passes/routing/lookahead_swap.py,_first_op_node,394,,,,none,False,"Il callback pubblico di Qiskit viene eseguito dopo ogni pass: last_completed_pass non identifica necessariamente il pass interrotto. | Lo stack indica dove SIGALRM è stato osservato, non dimostra quale pass, configurazione, circuito o hardware abbia causato il timeout. | Un'attribuzione causale richiede confronti controllati tra circuiti, configurazioni e device.",qiskit/transpiler/passes/routing/lookahead_swap.py:394:_first_op_node
ibm_falcon_27,27,b9120f471bd90ef5aae03606ebc1e421478cd50f7b65ff4fb115f64c5148c104,run_28dc6d862c4e32a84c1b0835e3fefc32ec408f4d85b27a25d4277ff7b1a92e77,dj_indep_qiskit_17,dj,qiskit,17,19,65,o3_sabre_lookahead,3,sabre,lookahead,2,timeout,transpilation,timeout,AttemptTimeoutError,100.0,100.00261787000636,Tentativo interrotto dopo 100.0 secondi.,qiskit_post_pass_callback_and_sigalrm_traceback,transpilation,21,LookaheadSwap,qiskit.transpiler.passes.routing.lookahead_swap.LookaheadSwap,20,99.99343943595886,99.99966061601299,qiskit/transpiler/passes/routing/lookahead_swap.py,_first_op_node,394,,,,none,False,"Il callback pubblico di Qiskit viene eseguito dopo ogni pass: last_completed_pass non identifica necessariamente il pass interrotto. | Lo stack indica dove SIGALRM è stato osservato, non dimostra quale pass, configurazione, circuito o hardware abbia causato il timeout. | Un'attribuzione causale richiede confronti controllati tra circuiti, configurazioni e device.",qiskit/transpiler/passes/routing/lookahead_swap.py:394:_first_op_node
ibm_falcon_27,27,b9120f471bd90ef5aae03606ebc1e421478cd50f7b65ff4fb115f64c5148c104,run_31955ba8fc961f11dd61b40e89250605191a53afee747ec02d38601110af4ebf,dj_indep_qiskit_19,dj,qiskit,19,21,73,o3_sabre_lookahead,3,sabre,lookahead,2,timeout,transpilation,timeout,AttemptTimeoutError,100.0,100.00155694699788,Tentativo interrotto dopo 100.0 secondi.,qiskit_post_pass_callback_and_sigalrm_traceback,transpilation,21,LookaheadSwap,qiskit.transpiler.passes.routing.lookahead_swap.LookaheadSwap,20,99.9903507232666,99.99937485100236,qiskit/transpiler/passes/routing/lookahead_swap.py,_map_free_gates,307,,,,none,False,"Il callback pubblico di Qiskit viene eseguito dopo ogni pass: last_completed_pass non identifica necessariamente il pass interrotto. | Lo stack indica dove SIGALRM è stato osservato, non dimostra quale pass, configurazione, circuito o hardware abbia causato il timeout. | Un'attribuzione causale richiede confronti controllati tra circuiti, configurazioni e device.",qiskit/transpiler/passes/routing/lookahead_swap.py:307:_map_free_gates
ibm_falcon_27,27,b9120f471bd90ef5aae03606ebc1e421478cd50f7b65ff4fb115f64c5148c104,run_824b301d4dee034376ba911b3bcee1e2c92cf69c2f484ed0b3f41e5ec51ad6ab,dj_indep_qiskit_22,dj,qiskit,22,24,85,o3_sabre_lookahead,3,sabre,lookahead,1,timeout,transpilation,timeout,AttemptTimeoutError,100.0,100.00151892298891,Tentativo interrotto dopo 100.0 secondi.,qiskit_post_pass_callback_and_sigalrm_traceback,transpilation,21,LookaheadSwap,qiskit.transpiler.passes.routing.lookahead_swap.LookaheadSwap,20,99.99220561981201,99.99948398099514,qiskit/transpiler/passes/routing/lookahead_swap.py,_search_forward_n_swaps,248,,,,none,False,"Il callback pubblico di Qiskit viene eseguito dopo ogni pass: last_completed_pass non identifica necessariamente il pass interrotto. | Lo stack indica dove SIGALRM è stato osservato, non dimostra quale pass, configurazione, circuito o hardware abbia causato il timeout. | Un'attribuzione causale richiede confronti controllati tra circuiti, configurazioni e device.",qiskit/transpiler/passes/routing/lookahead_swap.py:248:_search_forward_n_swaps
ibm_falcon_27,27,b9120f471bd90ef5aae03606ebc1e421478cd50f7b65ff4fb115f64c5148c104,run_45123c1e968b385806c28223e082843fbb07bfd0468772b3b44d8fa837e356ff,dj_indep_qiskit_23,dj,qiskit,23,25,89,o3_sabre_lookahead,3,sabre,lookahead,1,timeout,transpilation,timeout,AttemptTimeoutError,100.0,100.00220789399464,Tentativo interrotto dopo 100.0 secondi.,qiskit_post_pass_callback_and_sigalrm_traceback,transpilation,21,LookaheadSwap,qiskit.transpiler.passes.routing.lookahead_swap.LookaheadSwap,20,99.99115800857544,99.99926620798942,qiskit/transpiler/passes/routing/lookahead_swap.py,<genexpr>,394,,,,none,False,"Il callback pubblico di Qiskit viene eseguito dopo ogni pass: last_completed_pass non identifica necessariamente il pass interrotto. | Lo stack indica dove SIGALRM è stato osservato, non dimostra quale pass, configurazione, circuito o hardware abbia causato il timeout. | Un'attribuzione causale richiede confronti controllati tra circuiti, configurazioni e device.",qiskit/transpiler/passes/routing/lookahead_swap.py:394:<genexpr>
ibm_falcon_27,27,b9120f471bd90ef5aae03606ebc1e421478cd50f7b65ff4fb115f64c5148c104,run_986800d6a443614ad20ae65d7ec6d4300726943c138df8c3c18e8319a2473a10,dj_indep_qiskit_23,dj,qiskit,23,25,89,o3_sabre_lookahead,3,sabre,lookahead,2,timeout,transpilation,timeout,AttemptTimeoutError,100.0,100.00220323499525,Tentativo interrotto dopo 100.0 secondi.,qiskit_post_pass_callback_and_sigalrm_traceback,transpilation,21,LookaheadSwap,qiskit.transpiler.passes.routing.lookahead_swap.LookaheadSwap,20,99.99153351783752,99.9993532619992,qiskit/transpiler/passes/routing/lookahead_swap.py,_map_free_gates,316,,,,none,False,"Il callback pubblico di Qiskit viene eseguito dopo ogni pass: last_completed_pass non identifica necessariamente il pass interrotto. | Lo stack indica dove SIGALRM è stato osservato, non dimostra quale pass, configurazione, circuito o hardware abbia causato il timeout. | Un'attribuzione causale richiede confronti controllati tra circuiti, configurazioni e device.",qiskit/transpiler/passes/routing/lookahead_swap.py:316:_map_free_gates
ibm_falcon_27,27,b9120f471bd90ef5aae03606ebc1e421478cd50f7b65ff4fb115f64c5148c104,run_69da73778dc42ccc64a00829ddff3a2e029eacd3f12d8e2c53c323d3a8861365,dj_indep_qiskit_25,dj,qiskit,25,27,97,o3_sabre_lookahead,3,sabre,lookahead,1,timeout,transpilation,timeout,AttemptTimeoutError,100.0,100.00145048799459,Tentativo interrotto dopo 100.0 secondi.,qiskit_post_pass_callback_and_sigalrm_traceback,transpilation,21,LookaheadSwap,qiskit.transpiler.passes.routing.lookahead_swap.LookaheadSwap,20,99.9923026561737,99.9994204149989,qiskit/transpiler/passes/routing/lookahead_swap.py,_map_free_gates,316,,,,none,False,"Il callback pubblico di Qiskit viene eseguito dopo ogni pass: last_completed_pass non identifica necessariamente il pass interrotto. | Lo stack indica dove SIGALRM è stato osservato, non dimostra quale pass, configurazione, circuito o hardware abbia causato il timeout. | Un'attribuzione causale richiede confronti controllati tra circuiti, configurazioni e device.",qiskit/transpiler/passes/routing/lookahead_swap.py:316:_map_free_gates
ibm_falcon_27,27,b9120f471bd90ef5aae03606ebc1e421478cd50f7b65ff4fb115f64c5148c104,run_e4855dd46a23c4f60a4790af82fb60c0cf3ab4286eaf8437b1d56d6dfaadf5cc,dj_indep_qiskit_25,dj,qiskit,25,27,97,o3_sabre_lookahead,3,sabre,lookahead,2,timeout,transpilation,timeout,AttemptTimeoutError,100.0,100.0015675409959,Tentativo interrotto dopo 100.0 secondi.,qiskit_post_pass_callback_and_sigalrm_traceback,transpilation,21,LookaheadSwap,qiskit.transpiler.passes.routing.lookahead_swap.LookaheadSwap,20,99.9925856590271,99.99954002899176,qiskit/transpiler/passes/routing/lookahead_swap.py,_first_op_node,394,,,,none,False,"Il callback pubblico di Qiskit viene eseguito dopo ogni pass: last_completed_pass non identifica necessariamente il pass interrotto. | Lo stack indica dove SIGALRM è stato osservato, non dimostra quale pass, configurazione, circuito o hardware abbia causato il timeout. | Un'attribuzione causale richiede confronti controllati tra circuiti, configurazioni e device.",qiskit/transpiler/passes/routing/lookahead_swap.py:394:_first_op_node
ibm_falcon_27,27,b9120f471bd90ef5aae03606ebc1e421478cd50f7b65ff4fb115f64c5148c104,run_b9dd569453d893f11050bf6f2250b503adc2035be8e66fab72c2ab54b77b51ee,dj_indep_qiskit_26,dj,qiskit,26,28,101,o3_sabre_lookahead,3,sabre,lookahead,0,timeout,transpilation,timeout,AttemptTimeoutError,100.0,100.00175512699934,Tentativo interrotto dopo 100.0 secondi.,qiskit_post_pass_callback_and_sigalrm_traceback,transpilation,21,LookaheadSwap,qiskit.transpiler.passes.routing.lookahead_swap.LookaheadSwap,20,99.99146771430969,99.99943897800404,qiskit/transpiler/passes/routing/lookahead_swap.py,_map_free_gates,317,,,,none,False,"Il callback pubblico di Qiskit viene eseguito dopo ogni pass: last_completed_pass non identifica necessariamente il pass interrotto. | Lo stack indica dove SIGALRM è stato osservato, non dimostra quale pass, configurazione, circuito o hardware abbia causato il timeout. | Un'attribuzione causale richiede confronti controllati tra circuiti, configurazioni e device.",qiskit/transpiler/passes/routing/lookahead_swap.py:317:_map_free_gates
ibm_falcon_27,27,b9120f471bd90ef5aae03606ebc1e421478cd50f7b65ff4fb115f64c5148c104,run_02552bdedc9af63f4fc9c545cbe1831462a9b1f142754681b48e071b227cb349,dj_indep_qiskit_27,dj,qiskit,27,29,105,o3_sabre_lookahead,3,sabre,lookahead,0,timeout,transpilation,timeout,AttemptTimeoutError,100.0,100.00168985700293,Tentativo interrotto dopo 100.0 secondi.,qiskit_post_pass_callback_and_sigalrm_traceback,transpilation,21,LookaheadSwap,qiskit.transpiler.passes.routing.lookahead_swap.LookaheadSwap,20,99.99224209785461,99.99953980300052,qiskit/transpiler/passes/routing/lookahead_swap.py,_first_op_node,394,,,,none,False,"Il callback pubblico di Qiskit viene eseguito dopo ogni pass: last_completed_pass non identifica necessariamente il pass interrotto. | Lo stack indica dove SIGALRM è stato osservato, non dimostra quale pass, configurazione, circuito o hardware abbia causato il timeout. | Un'attribuzione causale richiede confronti controllati tra circuiti, configurazioni e device.",qiskit/transpiler/passes/routing/lookahead_swap.py:394:_first_op_node
ibm_falcon_27,27,b9120f471bd90ef5aae03606ebc1e421478cd50f7b65ff4fb115f64c5148c104,run_638708bc0f3fd4a69abeedd0088f482789e0a5da0905bd5ef5899a21c3334336,dj_indep_qiskit_27,dj,qiskit,27,29,105,o3_sabre_lookahead,3,sabre,lookahead,1,timeout,transpilation,timeout,AttemptTimeoutError,100.0,100.00161645299522,Tentativo interrotto dopo 100.0 secondi.,qiskit_post_pass_callback_and_sigalrm_traceback,transpilation,21,LookaheadSwap,qiskit.transpiler.passes.routing.lookahead_swap.LookaheadSwap,20,99.98821139335632,99.999250621986,qiskit/transpiler/passes/routing/lookahead_swap.py,_calc_layout_distance,346,,,,none,False,"Il callback pubblico di Qiskit viene eseguito dopo ogni pass: last_completed_pass non identifica necessariamente il pass interrotto. | Lo stack indica dove SIGALRM è stato osservato, non dimostra quale pass, configurazione, circuito o hardware abbia causato il timeout. | Un'attribuzione causale richiede confronti controllati tra circuiti, configurazioni e device.",qiskit/transpiler/passes/routing/lookahead_swap.py:346:_calc_layout_distance
ibm_falcon_27,27,b9120f471bd90ef5aae03606ebc1e421478cd50f7b65ff4fb115f64c5148c104,run_e984a9aafd9cbc4978e80de40b05bf5e296e1f377333ffea4962f3c175db8337,dj_indep_tket_16,dj,tket,16,19,80,o3_sabre_lookahead,3,sabre,lookahead,2,timeout,transpilation,timeout,AttemptTimeoutError,100.0,100.0021937690035,Tentativo interrotto dopo 100.0 secondi.,qiskit_post_pass_callback_and_sigalrm_traceback,transpilation,21,LookaheadSwap,qiskit.transpiler.passes.routing.lookahead_swap.LookaheadSwap,20,99.99236822128296,99.99963597398892,qiskit/transpiler/passes/routing/lookahead_swap.py,_score_state_with_swap,359,,,,none,False,"Il callback pubblico di Qiskit viene eseguito dopo ogni pass: last_completed_pass non identifica necessariamente il pass interrotto. | Lo stack indica dove SIGALRM è stato osservato, non dimostra quale pass, configurazione, circuito o hardware abbia causato il timeout. | Un'attribuzione causale richiede confronti controllati tra circuiti, configurazioni e device.",qiskit/transpiler/passes/routing/lookahead_swap.py:359:_score_state_with_swap
ibm_falcon_27,27,b9120f471bd90ef5aae03606ebc1e421478cd50f7b65ff4fb115f64c5148c104,run_bdf886cc8a68f3b339c01a268212480da074b3949046f9e188413fb16dff54cd,dj_indep_tket_17,dj,tket,17,21,86,o3_sabre_lookahead,3,sabre,lookahead,2,timeout,transpilation,timeout,AttemptTimeoutError,100.0,100.00149435999629,Tentativo interrotto dopo 100.0 secondi.,qiskit_post_pass_callback_and_sigalrm_traceback,transpilation,21,LookaheadSwap,qiskit.transpiler.passes.routing.lookahead_swap.LookaheadSwap,20,99.99292945861816,99.99941127700731,qiskit/transpiler/passes/routing/lookahead_swap.py,_calc_layout_distance,345,,,,none,False,"Il callback pubblico di Qiskit viene eseguito dopo ogni pass: last_completed_pass non identifica necessariamente il pass interrotto. | Lo stack indica dove SIGALRM è stato osservato, non dimostra quale pass, configurazione, circuito o hardware abbia causato il timeout. | Un'attribuzione causale richiede confronti controllati tra circuiti, configurazioni e device.",qiskit/transpiler/passes/routing/lookahead_swap.py:345:_calc_layout_distance
ibm_falcon_27,27,b9120f471bd90ef5aae03606ebc1e421478cd50f7b65ff4fb115f64c5148c104,run_11cef2061b405b59af489ade77a55bc5d9a5b12d1ea29cf2955c5b7ada971d02,dj_indep_tket_19,dj,tket,19,22,94,o3_sabre_lookahead,3,sabre,lookahead,2,timeout,transpilation,timeout,AttemptTimeoutError,100.0,100.00145443000656,Tentativo interrotto dopo 100.0 secondi.,qiskit_post_pass_callback_and_sigalrm_traceback,transpilation,21,LookaheadSwap,qiskit.transpiler.passes.routing.lookahead_swap.LookaheadSwap,20,99.99166417121887,99.99954754101054,qiskit/transpiler/passes/routing/lookahead_swap.py,_first_op_node,394,,,,none,False,"Il callback pubblico di Qiskit viene eseguito dopo ogni pass: last_completed_pass non identifica necessariamente il pass interrotto. | Lo stack indica dove SIGALRM è stato osservato, non dimostra quale pass, configurazione, circuito o hardware abbia causato il timeout. | Un'attribuzione causale richiede confronti controllati tra circuiti, configurazioni e device.",qiskit/transpiler/passes/routing/lookahead_swap.py:394:_first_op_node
ibm_falcon_27,27,b9120f471bd90ef5aae03606ebc1e421478cd50f7b65ff4fb115f64c5148c104,run_1223d8d4d52b4d74be7ff02f560c4b4c633b3aef64485bc6b74b9061276703ef,dj_indep_tket_22,dj,tket,22,25,106,o3_sabre_lookahead,3,sabre,lookahead,1,timeout,transpilation,timeout,AttemptTimeoutError,100.0,100.00155049200112,Tentativo interrotto dopo 100.0 secondi.,qiskit_post_pass_callback_and_sigalrm_traceback,transpilation,21,LookaheadSwap,qiskit.transpiler.passes.routing.lookahead_swap.LookaheadSwap,20,99.9904043674469,99.99931466500857,qiskit/transpiler/passes/routing/lookahead_swap.py,_first_op_node,394,,,,none,False,"Il callback pubblico di Qiskit viene eseguito dopo ogni pass: last_completed_pass non identifica necessariamente il pass interrotto. | Lo stack indica dove SIGALRM è stato osservato, non dimostra quale pass, configurazione, circuito o hardware abbia causato il timeout. | Un'attribuzione causale richiede confronti controllati tra circuiti, configurazioni e device.",qiskit/transpiler/passes/routing/lookahead_swap.py:394:_first_op_node
ibm_falcon_27,27,b9120f471bd90ef5aae03606ebc1e421478cd50f7b65ff4fb115f64c5148c104,run_2c3985f53b2b17683a48c2549a1be218da332cc9a52793fc37b52124f2c8eadf,dj_indep_tket_23,dj,tket,23,27,112,o3_sabre_lookahead,3,sabre,lookahead,1,timeout,transpilation,timeout,AttemptTimeoutError,100.0,100.00149399400107,Tentativo interrotto dopo 100.0 secondi.,qiskit_post_pass_callback_and_sigalrm_traceback,transpilation,21,LookaheadSwap,qiskit.transpiler.passes.routing.lookahead_swap.LookaheadSwap,20,99.99010419845581,99.99919124599546,qiskit/transpiler/passes/routing/lookahead_swap.py,_first_op_node,394,,,,none,False,"Il callback pubblico di Qiskit viene eseguito dopo ogni pass: last_completed_pass non identifica necessariamente il pass interrotto. | Lo stack indica dove SIGALRM è stato osservato, non dimostra quale pass, configurazione, circuito o hardware abbia causato il timeout. | Un'attribuzione causale richiede confronti controllati tra circuiti, configurazioni e device.",qiskit/transpiler/passes/routing/lookahead_swap.py:394:_first_op_node
ibm_falcon_27,27,b9120f471bd90ef5aae03606ebc1e421478cd50f7b65ff4fb115f64c5148c104,run_b3734f1d2ee01f6a6018a33c7f10a94742ef7c72c35f23caf88fb9e8abb76019,dj_indep_tket_23,dj,tket,23,27,112,o3_sabre_lookahead,3,sabre,lookahead,2,timeout,transpilation,timeout,AttemptTimeoutError,100.0,100.00224197200441,Tentativo interrotto dopo 100.0 secondi.,qiskit_post_pass_callback_and_sigalrm_traceback,transpilation,21,LookaheadSwap,qiskit.transpiler.passes.routing.lookahead_swap.LookaheadSwap,20,99.99096608161926,99.99927797699638,qiskit/transpiler/passes/routing/lookahead_swap.py,_calc_layout_distance,346,,,,none,False,"Il callback pubblico di Qiskit viene eseguito dopo ogni pass: last_completed_pass non identifica necessariamente il pass interrotto. | Lo stack indica dove SIGALRM è stato osservato, non dimostra quale pass, configurazione, circuito o hardware abbia causato il timeout. | Un'attribuzione causale richiede confronti controllati tra circuiti, configurazioni e device.",qiskit/transpiler/passes/routing/lookahead_swap.py:346:_calc_layout_distance
ibm_falcon_27,27,b9120f471bd90ef5aae03606ebc1e421478cd50f7b65ff4fb115f64c5148c104,run_a1db4f4c3492cf511c796c437802a3098111e88c04a52df8c089ec9c4bdc7c70,dj_indep_tket_25,dj,tket,25,28,120,o3_sabre_lookahead,3,sabre,lookahead,1,timeout,transpilation,timeout,AttemptTimeoutError,100.0,100.0023393589945,Tentativo interrotto dopo 100.0 secondi.,qiskit_post_pass_callback_and_sigalrm_traceback,transpilation,21,LookaheadSwap,qiskit.transpiler.passes.routing.lookahead_swap.LookaheadSwap,20,99.98918771743774,99.99924132000888,qiskit/transpiler/passes/routing/lookahead_swap.py,_first_op_node,394,,,,none,False,"Il callback pubblico di Qiskit viene eseguito dopo ogni pass: last_completed_pass non identifica necessariamente il pass interrotto. | Lo stack indica dove SIGALRM è stato osservato, non dimostra quale pass, configurazione, circuito o hardware abbia causato il timeout. | Un'attribuzione causale richiede confronti controllati tra circuiti, configurazioni e device.",qiskit/transpiler/passes/routing/lookahead_swap.py:394:_first_op_node
ibm_falcon_27,27,b9120f471bd90ef5aae03606ebc1e421478cd50f7b65ff4fb115f64c5148c104,run_a2c0be86aeb1d1f66b919dad6ee0b47168d451ed009b76f5bd97d184749f06a7,dj_indep_tket_25,dj,tket,25,28,120,o3_sabre_lookahead,3,sabre,lookahead,2,timeout,transpilation,timeout,AttemptTimeoutError,100.0,100.00156929901277,Tentativo interrotto dopo 100.0 secondi.,qiskit_post_pass_callback_and_sigalrm_traceback,transpilation,21,LookaheadSwap,qiskit.transpiler.passes.routing.lookahead_swap.LookaheadSwap,20,99.9926643371582,99.99956310699054,qiskit/transpiler/passes/routing/lookahead_swap.py,_calc_layout_distance,346,,,,none,False,"Il callback pubblico di Qiskit viene eseguito dopo ogni pass: last_completed_pass non identifica necessariamente il pass interrotto. | Lo stack indica dove SIGALRM è stato osservato, non dimostra quale pass, configurazione, circuito o hardware abbia causato il timeout. | Un'attribuzione causale richiede confronti controllati tra circuiti, configurazioni e device.",qiskit/transpiler/passes/routing/lookahead_swap.py:346:_calc_layout_distance
ibm_falcon_27,27,b9120f471bd90ef5aae03606ebc1e421478cd50f7b65ff4fb115f64c5148c104,run_be509602c3ee79a63f58f4583694ee4bfbc776ac2896fb1693fe544731236673,dj_indep_tket_26,dj,tket,26,30,126,o3_sabre_lookahead,3,sabre,lookahead,0,timeout,transpilation,timeout,AttemptTimeoutError,100.0,100.00183783199464,Tentativo interrotto dopo 100.0 secondi.,qiskit_post_pass_callback_and_sigalrm_traceback,transpilation,21,LookaheadSwap,qiskit.transpiler.passes.routing.lookahead_swap.LookaheadSwap,20,99.99062919616699,99.99926725598925,qiskit/transpiler/passes/routing/lookahead_swap.py,_score_state_with_swap,359,,,,none,False,"Il callback pubblico di Qiskit viene eseguito dopo ogni pass: last_completed_pass non identifica necessariamente il pass interrotto. | Lo stack indica dove SIGALRM è stato osservato, non dimostra quale pass, configurazione, circuito o hardware abbia causato il timeout. | Un'attribuzione causale richiede confronti controllati tra circuiti, configurazioni e device.",qiskit/transpiler/passes/routing/lookahead_swap.py:359:_score_state_with_swap
ibm_falcon_27,27,b9120f471bd90ef5aae03606ebc1e421478cd50f7b65ff4fb115f64c5148c104,run_3352539bfee6d98938a3e1b204b2b3d9421a9c4b38ba3ae2f0752b3448d9a0f1,dj_indep_tket_27,dj,tket,27,31,132,o3_sabre_lookahead,3,sabre,lookahead,0,timeout,transpilation,timeout,AttemptTimeoutError,100.0,100.0026602410071,Tentativo interrotto dopo 100.0 secondi.,qiskit_post_pass_callback_and_sigalrm_traceback,transpilation,21,LookaheadSwap,qiskit.transpiler.passes.routing.lookahead_swap.LookaheadSwap,20,99.99206709861755,99.99956526100868,qiskit/transpiler/passes/routing/lookahead_swap.py,_calc_layout_distance,346,,,,none,False,"Il callback pubblico di Qiskit viene eseguito dopo ogni pass: last_completed_pass non identifica necessariamente il pass interrotto. | Lo stack indica dove SIGALRM è stato osservato, non dimostra quale pass, configurazione, circuito o hardware abbia causato il timeout. | Un'attribuzione causale richiede confronti controllati tra circuiti, configurazioni e device.",qiskit/transpiler/passes/routing/lookahead_swap.py:346:_calc_layout_distance
ibm_falcon_27,27,b9120f471bd90ef5aae03606ebc1e421478cd50f7b65ff4fb115f64c5148c104,run_1ee0d34c05285a3e2d4d347f740087cd7aad3b301d74018eed4eab672bf95f35,dj_indep_tket_27,dj,tket,27,31,132,o3_sabre_lookahead,3,sabre,lookahead,1,timeout,transpilation,timeout,AttemptTimeoutError,100.0,100.00218608700379,Tentativo interrotto dopo 100.0 secondi.,qiskit_post_pass_callback_and_sigalrm_traceback,transpilation,21,LookaheadSwap,qiskit.transpiler.passes.routing.lookahead_swap.LookaheadSwap,20,99.99164915084839,99.99950311900466,qiskit/transpiler/passes/routing/lookahead_swap.py,_calc_layout_distance,345,,,,none,False,"Il callback pubblico di Qiskit viene eseguito dopo ogni pass: last_completed_pass non identifica necessariamente il pass interrotto. | Lo stack indica dove SIGALRM è stato osservato, non dimostra quale pass, configurazione, circuito o hardware abbia causato il timeout. | Un'attribuzione causale richiede confronti controllati tra circuiti, configurazioni e device.",qiskit/transpiler/passes/routing/lookahead_swap.py:345:_calc_layout_distance
ibm_falcon_27,27,b9120f471bd90ef5aae03606ebc1e421478cd50f7b65ff4fb115f64c5148c104,run_c69faac1db363b043be884b90384c96d7383959882e6daf74d4cda200a59c929,portfolioqaoa_indep_qiskit_6,portfolioqaoa,qiskit,6,27,81,o3_sabre_lookahead,3,sabre,lookahead,0,timeout,transpilation,timeout,AttemptTimeoutError,100.0,100.0020790050039,Tentativo interrotto dopo 100.0 secondi.,qiskit_post_pass_callback_and_sigalrm_traceback,transpilation,21,LookaheadSwap,qiskit.transpiler.passes.routing.lookahead_swap.LookaheadSwap,20,99.99077701568604,99.99947040900588,qiskit/transpiler/passes/routing/lookahead_swap.py,_map_free_gates,316,,,,none,False,"Il callback pubblico di Qiskit viene eseguito dopo ogni pass: last_completed_pass non identifica necessariamente il pass interrotto. | Lo stack indica dove SIGALRM è stato osservato, non dimostra quale pass, configurazione, circuito o hardware abbia causato il timeout. | Un'attribuzione causale richiede confronti controllati tra circuiti, configurazioni e device.",qiskit/transpiler/passes/routing/lookahead_swap.py:316:_map_free_gates
ibm_falcon_27,27,b9120f471bd90ef5aae03606ebc1e421478cd50f7b65ff4fb115f64c5148c104,run_f1d826dd5bdcdb54cba5829674bbf6b3988407bd230dbcd3b6f657aef8a094d2,portfolioqaoa_indep_qiskit_7,portfolioqaoa,qiskit,7,31,105,o3_sabre_lookahead,3,sabre,lookahead,0,timeout,transpilation,timeout,AttemptTimeoutError,100.0,100.00135891900572,Tentativo interrotto dopo 100.0 secondi.,qiskit_post_pass_callback_and_sigalrm_traceback,transpilation,21,LookaheadSwap,qiskit.transpiler.passes.routing.lookahead_swap.LookaheadSwap,20,99.99120807647705,99.99941537999257,qiskit/transpiler/passes/routing/lookahead_swap.py,_first_op_node,394,,,,none,False,"Il callback pubblico di Qiskit viene eseguito dopo ogni pass: last_completed_pass non identifica necessariamente il pass interrotto. | Lo stack indica dove SIGALRM è stato osservato, non dimostra quale pass, configurazione, circuito o hardware abbia causato il timeout. | Un'attribuzione causale richiede confronti controllati tra circuiti, configurazioni e device.",qiskit/transpiler/passes/routing/lookahead_swap.py:394:_first_op_node
ibm_falcon_27,27,b9120f471bd90ef5aae03606ebc1e421478cd50f7b65ff4fb115f64c5148c104,run_0cbe6de83a456bc6e0649388bd5690809dee391ac5435925bfeae0ef34ccf09a,portfolioqaoa_indep_qiskit_7,portfolioqaoa,qiskit,7,31,105,o3_sabre_lookahead,3,sabre,lookahead,2,timeout,transpilation,timeout,AttemptTimeoutError,100.0,100.00154166200082,Tentativo interrotto dopo 100.0 secondi.,qiskit_post_pass_callback_and_sigalrm_traceback,transpilation,21,LookaheadSwap,qiskit.transpiler.passes.routing.lookahead_swap.LookaheadSwap,20,99.9888277053833,99.99897146700823,qiskit/transpiler/passes/routing/lookahead_swap.py,_calc_layout_distance,346,,,,none,False,"Il callback pubblico di Qiskit viene eseguito dopo ogni pass: last_completed_pass non identifica necessariamente il pass interrotto. | Lo stack indica dove SIGALRM è stato osservato, non dimostra quale pass, configurazione, circuito o hardware abbia causato il timeout. | Un'attribuzione causale richiede confronti controllati tra circuiti, configurazioni e device.",qiskit/transpiler/passes/routing/lookahead_swap.py:346:_calc_layout_distance
ibm_falcon_27,27,b9120f471bd90ef5aae03606ebc1e421478cd50f7b65ff4fb115f64c5148c104,run_1a425ef629ea4735216fa04b73fa6b8e0723c37ae44795278fc1c334e9209539,portfolioqaoa_indep_tket_6,portfolioqaoa,tket,6,30,99,o3_sabre_lookahead,3,sabre,lookahead,0,timeout,transpilation,timeout,AttemptTimeoutError,100.0,100.00155169700156,Tentativo interrotto dopo 100.0 secondi.,qiskit_post_pass_callback_and_sigalrm_traceback,transpilation,21,LookaheadSwap,qiskit.transpiler.passes.routing.lookahead_swap.LookaheadSwap,20,99.98994040489197,99.99894417100586,qiskit/transpiler/passes/routing/lookahead_swap.py,_first_op_node,394,,,,none,False,"Il callback pubblico di Qiskit viene eseguito dopo ogni pass: last_completed_pass non identifica necessariamente il pass interrotto. | Lo stack indica dove SIGALRM è stato osservato, non dimostra quale pass, configurazione, circuito o hardware abbia causato il timeout. | Un'attribuzione causale richiede confronti controllati tra circuiti, configurazioni e device.",qiskit/transpiler/passes/routing/lookahead_swap.py:394:_first_op_node
ibm_falcon_27,27,b9120f471bd90ef5aae03606ebc1e421478cd50f7b65ff4fb115f64c5148c104,run_aefba34b8b77530cecf26d08a7ddf00a7d964e4fa754c5d72d8f93a898f859a0,portfolioqaoa_indep_tket_7,portfolioqaoa,tket,7,34,126,o3_sabre_lookahead,3,sabre,lookahead,0,timeout,transpilation,timeout,AttemptTimeoutError,100.0,100.00139329700323,Tentativo interrotto dopo 100.0 secondi.,qiskit_post_pass_callback_and_sigalrm_traceback,transpilation,21,LookaheadSwap,qiskit.transpiler.passes.routing.lookahead_swap.LookaheadSwap,20,99.98702573776245,99.99870138800179,qiskit/transpiler/passes/routing/lookahead_swap.py,_map_free_gates,317,,,,none,False,"Il callback pubblico di Qiskit viene eseguito dopo ogni pass: last_completed_pass non identifica necessariamente il pass interrotto. | Lo stack indica dove SIGALRM è stato osservato, non dimostra quale pass, configurazione, circuito o hardware abbia causato il timeout. | Un'attribuzione causale richiede confronti controllati tra circuiti, configurazioni e device.",qiskit/transpiler/passes/routing/lookahead_swap.py:317:_map_free_gates
ibm_falcon_27,27,b9120f471bd90ef5aae03606ebc1e421478cd50f7b65ff4fb115f64c5148c104,run_3108bab0a75b6459627faff9e4625327fadddaa9d3f89aecf14be04a848646e0,portfolioqaoa_indep_tket_7,portfolioqaoa,tket,7,34,126,o3_sabre_lookahead,3,sabre,lookahead,2,timeout,transpilation,timeout,AttemptTimeoutError,100.0,100.00152518801042,Tentativo interrotto dopo 100.0 secondi.,qiskit_post_pass_callback_and_sigalrm_traceback,transpilation,21,LookaheadSwap,qiskit.transpiler.passes.routing.lookahead_swap.LookaheadSwap,20,99.98807048797607,99.99895105199539,qiskit/transpiler/passes/routing/lookahead_swap.py,_calc_layout_distance,346,,,,none,False,"Il callback pubblico di Qiskit viene eseguito dopo ogni pass: last_completed_pass non identifica necessariamente il pass interrotto. | Lo stack indica dove SIGALRM è stato osservato, non dimostra quale pass, configurazione, circuito o hardware abbia causato il timeout. | Un'attribuzione causale richiede confronti controllati tra circuiti, configurazioni e device.",qiskit/transpiler/passes/routing/lookahead_swap.py:346:_calc_layout_distance
ibm_falcon_27,27,b9120f471bd90ef5aae03606ebc1e421478cd50f7b65ff4fb115f64c5148c104,run_ed8a4d2d8e6f648f7590fb3ce051f587800603672e5a9e90417a116b4a789926,portfoliovqe_indep_qiskit_10,portfoliovqe,qiskit,10,42,185,o3_sabre_lookahead,3,sabre,lookahead,0,timeout,transpilation,timeout,AttemptTimeoutError,100.0,100.0024842779967,Tentativo interrotto dopo 100.0 secondi.,qiskit_post_pass_callback_and_sigalrm_traceback,transpilation,21,LookaheadSwap,qiskit.transpiler.passes.routing.lookahead_swap.LookaheadSwap,20,99.98354840278625,99.99900761900062,qiskit/transpiler/passes/routing/lookahead_swap.py,_calc_layout_distance,346,,,,none,False,"Il callback pubblico di Qiskit viene eseguito dopo ogni pass: last_completed_pass non identifica necessariamente il pass interrotto. | Lo stack indica dove SIGALRM è stato osservato, non dimostra quale pass, configurazione, circuito o hardware abbia causato il timeout. | Un'attribuzione causale richiede confronti controllati tra circuiti, configurazioni e device.",qiskit/transpiler/passes/routing/lookahead_swap.py:346:_calc_layout_distance
ibm_falcon_27,27,b9120f471bd90ef5aae03606ebc1e421478cd50f7b65ff4fb115f64c5148c104,run_952aa04eeb47e1b87c69269c29c269c33ee54fc8309d492ead3f4621de7936dd,portfoliovqe_indep_qiskit_10,portfoliovqe,qiskit,10,42,185,o3_sabre_lookahead,3,sabre,lookahead,1,timeout,transpilation,timeout,AttemptTimeoutError,100.0,100.00269155899878,Tentativo interrotto dopo 100.0 secondi.,qiskit_post_pass_callback_and_sigalrm_traceback,transpilation,21,LookaheadSwap,qiskit.transpiler.passes.routing.lookahead_swap.LookaheadSwap,20,99.98582863807678,99.99923661199864,qiskit/transpiler/passes/routing/lookahead_swap.py,<genexpr>,394,,,,none,False,"Il callback pubblico di Qiskit viene eseguito dopo ogni pass: last_completed_pass non identifica necessariamente il pass interrotto. | Lo stack indica dove SIGALRM è stato osservato, non dimostra quale pass, configurazione, circuito o hardware abbia causato il timeout. | Un'attribuzione causale richiede confronti controllati tra circuiti, configurazioni e device.",qiskit/transpiler/passes/routing/lookahead_swap.py:394:<genexpr>
ibm_falcon_27,27,b9120f471bd90ef5aae03606ebc1e421478cd50f7b65ff4fb115f64c5148c104,run_e862b7f8ed6e55010341d2db633e59b82d80ffb7dba1ccd06e59ff0c41a4a089,portfoliovqe_indep_qiskit_10,portfoliovqe,qiskit,10,42,185,o3_sabre_lookahead,3,sabre,lookahead,2,timeout,transpilation,timeout,AttemptTimeoutError,100.0,100.00246979299118,Tentativo interrotto dopo 100.0 secondi.,qiskit_post_pass_callback_and_sigalrm_traceback,transpilation,21,LookaheadSwap,qiskit.transpiler.passes.routing.lookahead_swap.LookaheadSwap,20,99.98505783081055,99.99873594699602,qiskit/transpiler/passes/routing/lookahead_swap.py,_calc_layout_distance,346,,,,none,False,"Il callback pubblico di Qiskit viene eseguito dopo ogni pass: last_completed_pass non identifica necessariamente il pass interrotto. | Lo stack indica dove SIGALRM è stato osservato, non dimostra quale pass, configurazione, circuito o hardware abbia causato il timeout. | Un'attribuzione causale richiede confronti controllati tra circuiti, configurazioni e device.",qiskit/transpiler/passes/routing/lookahead_swap.py:346:_calc_layout_distance
ibm_falcon_27,27,b9120f471bd90ef5aae03606ebc1e421478cd50f7b65ff4fb115f64c5148c104,run_5a2fa24cfc8fabda96a7809396b8b2f09e0ac6bb14086e656d2f2afee016f09a,portfoliovqe_indep_qiskit_11,portfoliovqe,qiskit,11,46,220,o3_sabre_lookahead,3,sabre,lookahead,0,timeout,transpilation,timeout,AttemptTimeoutError,100.0,100.00188440100465,Tentativo interrotto dopo 100.0 secondi.,qiskit_post_pass_callback_and_sigalrm_traceback,transpilation,21,LookaheadSwap,qiskit.transpiler.passes.routing.lookahead_swap.LookaheadSwap,20,99.97892308235168,99.9987074110104,qiskit/transpiler/passes/routing/lookahead_swap.py,_calc_layout_distance,346,,,,none,False,"Il callback pubblico di Qiskit viene eseguito dopo ogni pass: last_completed_pass non identifica necessariamente il pass interrotto. | Lo stack indica dove SIGALRM è stato osservato, non dimostra quale pass, configurazione, circuito o hardware abbia causato il timeout. | Un'attribuzione causale richiede confronti controllati tra circuiti, configurazioni e device.",qiskit/transpiler/passes/routing/lookahead_swap.py:346:_calc_layout_distance
ibm_falcon_27,27,b9120f471bd90ef5aae03606ebc1e421478cd50f7b65ff4fb115f64c5148c104,run_a029c915f57077841027bbb319ecf160430298f91c2d3a1584d6d16af369cc5c,portfoliovqe_indep_qiskit_11,portfoliovqe,qiskit,11,46,220,o3_sabre_lookahead,3,sabre,lookahead,1,timeout,transpilation,timeout,AttemptTimeoutError,100.0,100.00182237300032,Tentativo interrotto dopo 100.0 secondi.,qiskit_post_pass_callback_and_sigalrm_traceback,transpilation,21,LookaheadSwap,qiskit.transpiler.passes.routing.lookahead_swap.LookaheadSwap,20,99.98025488853455,99.9986288210057,qiskit/transpiler/passes/routing/lookahead_swap.py,_map_free_gates,306,,,,none,False,"Il callback pubblico di Qiskit viene eseguito dopo ogni pass: last_completed_pass non identifica necessariamente il pass interrotto. | Lo stack indica dove SIGALRM è stato osservato, non dimostra quale pass, configurazione, circuito o hardware abbia causato il timeout. | Un'attribuzione causale richiede confronti controllati tra circuiti, configurazioni e device.",qiskit/transpiler/passes/routing/lookahead_swap.py:306:_map_free_gates
ibm_falcon_27,27,b9120f471bd90ef5aae03606ebc1e421478cd50f7b65ff4fb115f64c5148c104,run_4468f8d2a0b9e03c8283bbbc6a0a1559061fee0e5722ae256e9c6b81b4902651,portfoliovqe_indep_qiskit_11,portfoliovqe,qiskit,11,46,220,o3_sabre_lookahead,3,sabre,lookahead,2,timeout,transpilation,timeout,AttemptTimeoutError,100.0,100.00187773900689,Tentativo interrotto dopo 100.0 secondi.,qiskit_post_pass_callback_and_sigalrm_traceback,transpilation,21,LookaheadSwap,qiskit.transpiler.passes.routing.lookahead_swap.LookaheadSwap,20,99.9809787273407,99.998514684994,qiskit/transpiler/passes/routing/lookahead_swap.py,_map_free_gates,317,,,,none,False,"Il callback pubblico di Qiskit viene eseguito dopo ogni pass: last_completed_pass non identifica necessariamente il pass interrotto. | Lo stack indica dove SIGALRM è stato osservato, non dimostra quale pass, configurazione, circuito o hardware abbia causato il timeout. | Un'attribuzione causale richiede confronti controllati tra circuiti, configurazioni e device.",qiskit/transpiler/passes/routing/lookahead_swap.py:317:_map_free_gates
ibm_falcon_27,27,b9120f471bd90ef5aae03606ebc1e421478cd50f7b65ff4fb115f64c5148c104,run_6490fcd950a0823eebf3b0b8234653476d0be77173d6a004d78231e29d27342f,portfoliovqe_indep_qiskit_6,portfoliovqe,qiskit,6,26,75,o3_sabre_lookahead,3,sabre,lookahead,0,timeout,transpilation,timeout,AttemptTimeoutError,100.0,100.00139855498855,Tentativo interrotto dopo 100.0 secondi.,qiskit_post_pass_callback_and_sigalrm_traceback,transpilation,21,LookaheadSwap,qiskit.transpiler.passes.routing.lookahead_swap.LookaheadSwap,20,99.99276065826416,99.99968441200326,qiskit/transpiler/passes/routing/lookahead_swap.py,<genexpr>,394,,,,none,False,"Il callback pubblico di Qiskit viene eseguito dopo ogni pass: last_completed_pass non identifica necessariamente il pass interrotto. | Lo stack indica dove SIGALRM è stato osservato, non dimostra quale pass, configurazione, circuito o hardware abbia causato il timeout. | Un'attribuzione causale richiede confronti controllati tra circuiti, configurazioni e device.",qiskit/transpiler/passes/routing/lookahead_swap.py:394:<genexpr>
ibm_falcon_27,27,b9120f471bd90ef5aae03606ebc1e421478cd50f7b65ff4fb115f64c5148c104,run_e1d31c9d55a902a6012b22f7645381c965b70a96af496cba8cf43e75e7a3962f,portfoliovqe_indep_qiskit_7,portfoliovqe,qiskit,7,30,98,o3_sabre_lookahead,3,sabre,lookahead,0,timeout,transpilation,timeout,AttemptTimeoutError,100.0,100.00198999101121,Tentativo interrotto dopo 100.0 secondi.,qiskit_post_pass_callback_and_sigalrm_traceback,transpilation,21,LookaheadSwap,qiskit.transpiler.passes.routing.lookahead_swap.LookaheadSwap,20,99.99028658866882,99.9992655130045,qiskit/transpiler/passes/routing/lookahead_swap.py,_calc_layout_distance,346,,,,none,False,"Il callback pubblico di Qiskit viene eseguito dopo ogni pass: last_completed_pass non identifica necessariamente il pass interrotto. | Lo stack indica dove SIGALRM è stato osservato, non dimostra quale pass, configurazione, circuito o hardware abbia causato il timeout. | Un'attribuzione causale richiede confronti controllati tra circuiti, configurazioni e device.",qiskit/transpiler/passes/routing/lookahead_swap.py:346:_calc_layout_distance
ibm_falcon_27,27,b9120f471bd90ef5aae03606ebc1e421478cd50f7b65ff4fb115f64c5148c104,run_43993abd743e980ab85882c7611cdd0458a8e017dd6e6617a1b16c3f2f52912d,portfoliovqe_indep_qiskit_7,portfoliovqe,qiskit,7,30,98,o3_sabre_lookahead,3,sabre,lookahead,2,timeout,transpilation,timeout,AttemptTimeoutError,100.0,100.00216218500282,Tentativo interrotto dopo 100.0 secondi.,qiskit_post_pass_callback_and_sigalrm_traceback,transpilation,21,LookaheadSwap,qiskit.transpiler.passes.routing.lookahead_swap.LookaheadSwap,20,99.99078464508057,99.99938975500118,qiskit/transpiler/passes/routing/lookahead_swap.py,_first_op_node,394,,,,none,False,"Il callback pubblico di Qiskit viene eseguito dopo ogni pass: last_completed_pass non identifica necessariamente il pass interrotto. | Lo stack indica dove SIGALRM è stato osservato, non dimostra quale pass, configurazione, circuito o hardware abbia causato il timeout. | Un'attribuzione causale richiede confronti controllati tra circuiti, configurazioni e device.",qiskit/transpiler/passes/routing/lookahead_swap.py:394:_first_op_node
ibm_falcon_27,27,b9120f471bd90ef5aae03606ebc1e421478cd50f7b65ff4fb115f64c5148c104,run_69ca9125c8aaed874df1d18c7177abe0f29989fce8f511a1671cf91c27d66992,portfoliovqe_indep_qiskit_8,portfoliovqe,qiskit,8,34,124,o3_sabre_lookahead,3,sabre,lookahead,0,timeout,transpilation,timeout,AttemptTimeoutError,100.0,100.00208637400647,Tentativo interrotto dopo 100.0 secondi.,qiskit_post_pass_callback_and_sigalrm_traceback,transpilation,21,LookaheadSwap,qiskit.transpiler.passes.routing.lookahead_swap.LookaheadSwap,20,99.98971700668335,99.99944749599672,qiskit/transpiler/passes/routing/lookahead_swap.py,<genexpr>,394,,,,none,False,"Il callback pubblico di Qiskit viene eseguito dopo ogni pass: last_completed_pass non identifica necessariamente il pass interrotto. | Lo stack indica dove SIGALRM è stato osservato, non dimostra quale pass, configurazione, circuito o hardware abbia causato il timeout. | Un'attribuzione causale richiede confronti controllati tra circuiti, configurazioni e device.",qiskit/transpiler/passes/routing/lookahead_swap.py:394:<genexpr>
ibm_falcon_27,27,b9120f471bd90ef5aae03606ebc1e421478cd50f7b65ff4fb115f64c5148c104,run_45ae8e3daccab27b71d29a102ad6ca9ae706e1bf71ae13da966fac207b7afe13,portfoliovqe_indep_qiskit_8,portfoliovqe,qiskit,8,34,124,o3_sabre_lookahead,3,sabre,lookahead,1,timeout,transpilation,timeout,AttemptTimeoutError,100.0,100.0021062589949,Tentativo interrotto dopo 100.0 secondi.,qiskit_post_pass_callback_and_sigalrm_traceback,transpilation,21,LookaheadSwap,qiskit.transpiler.passes.routing.lookahead_swap.LookaheadSwap,20,99.98649740219116,99.99916031300381,qiskit/transpiler/passes/routing/lookahead_swap.py,_calc_layout_distance,346,,,,none,False,"Il callback pubblico di Qiskit viene eseguito dopo ogni pass: last_completed_pass non identifica necessariamente il pass interrotto. | Lo stack indica dove SIGALRM è stato osservato, non dimostra quale pass, configurazione, circuito o hardware abbia causato il timeout. | Un'attribuzione causale richiede confronti controllati tra circuiti, configurazioni e device.",qiskit/transpiler/passes/routing/lookahead_swap.py:346:_calc_layout_distance
ibm_falcon_27,27,b9120f471bd90ef5aae03606ebc1e421478cd50f7b65ff4fb115f64c5148c104,run_c275bd7d58c847f6e66d953081710a9e8be2d240e78fe713df4bc14936822aad,portfoliovqe_indep_qiskit_8,portfoliovqe,qiskit,8,34,124,o3_sabre_lookahead,3,sabre,lookahead,2,timeout,transpilation,timeout,AttemptTimeoutError,100.0,100.00221810401126,Tentativo interrotto dopo 100.0 secondi.,qiskit_post_pass_callback_and_sigalrm_traceback,transpilation,21,LookaheadSwap,qiskit.transpiler.passes.routing.lookahead_swap.LookaheadSwap,20,99.9869532585144,99.9991023150069,qiskit/transpiler/passes/routing/lookahead_swap.py,_calc_layout_distance,345,,,,none,False,"Il callback pubblico di Qiskit viene eseguito dopo ogni pass: last_completed_pass non identifica necessariamente il pass interrotto. | Lo stack indica dove SIGALRM è stato osservato, non dimostra quale pass, configurazione, circuito o hardware abbia causato il timeout. | Un'attribuzione causale richiede confronti controllati tra circuiti, configurazioni e device.",qiskit/transpiler/passes/routing/lookahead_swap.py:345:_calc_layout_distance
ibm_falcon_27,27,b9120f471bd90ef5aae03606ebc1e421478cd50f7b65ff4fb115f64c5148c104,run_bc693046e9af9163b84f3c50e9061ed8157afa2385859c2cbe593f749fff0ca0,portfoliovqe_indep_qiskit_9,portfoliovqe,qiskit,9,38,153,o3_sabre_lookahead,3,sabre,lookahead,0,timeout,transpilation,timeout,AttemptTimeoutError,100.0,100.00176011200529,Tentativo interrotto dopo 100.0 secondi.,qiskit_post_pass_callback_and_sigalrm_traceback,transpilation,21,LookaheadSwap,qiskit.transpiler.passes.routing.lookahead_swap.LookaheadSwap,20,99.98603200912476,99.99904768398846,qiskit/transpiler/passes/routing/lookahead_swap.py,<genexpr>,394,,,,none,False,"Il callback pubblico di Qiskit viene eseguito dopo ogni pass: last_completed_pass non identifica necessariamente il pass interrotto. | Lo stack indica dove SIGALRM è stato osservato, non dimostra quale pass, configurazione, circuito o hardware abbia causato il timeout. | Un'attribuzione causale richiede confronti controllati tra circuiti, configurazioni e device.",qiskit/transpiler/passes/routing/lookahead_swap.py:394:<genexpr>
ibm_falcon_27,27,b9120f471bd90ef5aae03606ebc1e421478cd50f7b65ff4fb115f64c5148c104,run_5ddc2d7e38e6e02a525b2f9504c8547485954e843449c11955cc3f0e9e451253,portfoliovqe_indep_qiskit_9,portfoliovqe,qiskit,9,38,153,o3_sabre_lookahead,3,sabre,lookahead,1,timeout,transpilation,timeout,AttemptTimeoutError,100.0,100.00167582499853,Tentativo interrotto dopo 100.0 secondi.,qiskit_post_pass_callback_and_sigalrm_traceback,transpilation,21,LookaheadSwap,qiskit.transpiler.passes.routing.lookahead_swap.LookaheadSwap,20,99.98372530937195,99.99898383600521,qiskit/transpiler/passes/routing/lookahead_swap.py,_calc_layout_distance,346,,,,none,False,"Il callback pubblico di Qiskit viene eseguito dopo ogni pass: last_completed_pass non identifica necessariamente il pass interrotto. | Lo stack indica dove SIGALRM è stato osservato, non dimostra quale pass, configurazione, circuito o hardware abbia causato il timeout. | Un'attribuzione causale richiede confronti controllati tra circuiti, configurazioni e device.",qiskit/transpiler/passes/routing/lookahead_swap.py:346:_calc_layout_distance
ibm_falcon_27,27,b9120f471bd90ef5aae03606ebc1e421478cd50f7b65ff4fb115f64c5148c104,run_34ed056a387efe54cf1fd176ce42c92e232fc899ea482130b3a0e537d9e17585,portfoliovqe_indep_qiskit_9,portfoliovqe,qiskit,9,38,153,o3_sabre_lookahead,3,sabre,lookahead,2,timeout,transpilation,timeout,AttemptTimeoutError,100.0,100.00230066198856,Tentativo interrotto dopo 100.0 secondi.,qiskit_post_pass_callback_and_sigalrm_traceback,transpilation,21,LookaheadSwap,qiskit.transpiler.passes.routing.lookahead_swap.LookaheadSwap,20,99.98665952682495,99.99898888800817,qiskit/transpiler/passes/routing/lookahead_swap.py,_first_op_node,394,,,,none,False,"Il callback pubblico di Qiskit viene eseguito dopo ogni pass: last_completed_pass non identifica necessariamente il pass interrotto. | Lo stack indica dove SIGALRM è stato osservato, non dimostra quale pass, configurazione, circuito o hardware abbia causato il timeout. | Un'attribuzione causale richiede confronti controllati tra circuiti, configurazioni e device.",qiskit/transpiler/passes/routing/lookahead_swap.py:394:_first_op_node
ibm_falcon_27,27,b9120f471bd90ef5aae03606ebc1e421478cd50f7b65ff4fb115f64c5148c104,run_2e59e6a231348d33a3d827316a56f58bc0aa9f2ba9c1391c5d129b75ae6899a2,portfoliovqe_indep_tket_10,portfoliovqe,tket,10,42,185,o3_sabre_lookahead,3,sabre,lookahead,0,timeout,transpilation,timeout,AttemptTimeoutError,100.0,100.00253215699922,Tentativo interrotto dopo 100.0 secondi.,qiskit_post_pass_callback_and_sigalrm_traceback,transpilation,21,LookaheadSwap,qiskit.transpiler.passes.routing.lookahead_swap.LookaheadSwap,20,99.98593854904175,99.99915741098812,qiskit/transpiler/passes/routing/lookahead_swap.py,_map_free_gates,316,,,,none,False,"Il callback pubblico di Qiskit viene eseguito dopo ogni pass: last_completed_pass non identifica necessariamente il pass interrotto. | Lo stack indica dove SIGALRM è stato osservato, non dimostra quale pass, configurazione, circuito o hardware abbia causato il timeout. | Un'attribuzione causale richiede confronti controllati tra circuiti, configurazioni e device.",qiskit/transpiler/passes/routing/lookahead_swap.py:316:_map_free_gates
ibm_falcon_27,27,b9120f471bd90ef5aae03606ebc1e421478cd50f7b65ff4fb115f64c5148c104,run_bd09614867f0005dce4b393fabb7a88a826498f14a5fe4e1a224db8fa193385e,portfoliovqe_indep_tket_10,portfoliovqe,tket,10,42,185,o3_sabre_lookahead,3,sabre,lookahead,1,timeout,transpilation,timeout,AttemptTimeoutError,100.0,100.00242129599792,Tentativo interrotto dopo 100.0 secondi.,qiskit_post_pass_callback_and_sigalrm_traceback,transpilation,21,LookaheadSwap,qiskit.transpiler.passes.routing.lookahead_swap.LookaheadSwap,20,99.98548221588135,99.99889423599234,qiskit/transpiler/passes/routing/lookahead_swap.py,_calc_layout_distance,346,,,,none,False,"Il callback pubblico di Qiskit viene eseguito dopo ogni pass: last_completed_pass non identifica necessariamente il pass interrotto. | Lo stack indica dove SIGALRM è stato osservato, non dimostra quale pass, configurazione, circuito o hardware abbia causato il timeout. | Un'attribuzione causale richiede confronti controllati tra circuiti, configurazioni e device.",qiskit/transpiler/passes/routing/lookahead_swap.py:346:_calc_layout_distance
ibm_falcon_27,27,b9120f471bd90ef5aae03606ebc1e421478cd50f7b65ff4fb115f64c5148c104,run_8c563ede0b900003df2d2991889e54398236489b1c643c7c6d03721d145e57dc,portfoliovqe_indep_tket_10,portfoliovqe,tket,10,42,185,o3_sabre_lookahead,3,sabre,lookahead,2,timeout,transpilation,timeout,AttemptTimeoutError,100.0,100.001718902,Tentativo interrotto dopo 100.0 secondi.,qiskit_post_pass_callback_and_sigalrm_traceback,transpilation,21,LookaheadSwap,qiskit.transpiler.passes.routing.lookahead_swap.LookaheadSwap,20,99.98366475105286,99.99885587899189,qiskit/transpiler/passes/routing/lookahead_swap.py,_calc_layout_distance,346,,,,none,False,"Il callback pubblico di Qiskit viene eseguito dopo ogni pass: last_completed_pass non identifica necessariamente il pass interrotto. | Lo stack indica dove SIGALRM è stato osservato, non dimostra quale pass, configurazione, circuito o hardware abbia causato il timeout. | Un'attribuzione causale richiede confronti controllati tra circuiti, configurazioni e device.",qiskit/transpiler/passes/routing/lookahead_swap.py:346:_calc_layout_distance
ibm_falcon_27,27,b9120f471bd90ef5aae03606ebc1e421478cd50f7b65ff4fb115f64c5148c104,run_c311ae8b1c8151ba015d6c103aafb215015e10cefc3ada7016ec268b30e3e408,portfoliovqe_indep_tket_11,portfoliovqe,tket,11,46,220,o3_sabre_lookahead,3,sabre,lookahead,0,timeout,transpilation,timeout,AttemptTimeoutError,100.0,100.00184556900058,Tentativo interrotto dopo 100.0 secondi.,qiskit_post_pass_callback_and_sigalrm_traceback,transpilation,21,LookaheadSwap,qiskit.transpiler.passes.routing.lookahead_swap.LookaheadSwap,20,99.98114657402039,99.99850507700467,qiskit/transpiler/passes/routing/lookahead_swap.py,_calc_layout_distance,346,,,,none,False,"Il callback pubblico di Qiskit viene eseguito dopo ogni pass: last_completed_pass non identifica necessariamente il pass interrotto. | Lo stack indica dove SIGALRM è stato osservato, non dimostra quale pass, configurazione, circuito o hardware abbia causato il timeout. | Un'attribuzione causale richiede confronti controllati tra circuiti, configurazioni e device.",qiskit/transpiler/passes/routing/lookahead_swap.py:346:_calc_layout_distance
ibm_falcon_27,27,b9120f471bd90ef5aae03606ebc1e421478cd50f7b65ff4fb115f64c5148c104,run_79ff50c8b28ec96121385feffaaf6b578084abd90db9281db4115e02f1ab8d2d,portfoliovqe_indep_tket_11,portfoliovqe,tket,11,46,220,o3_sabre_lookahead,3,sabre,lookahead,1,timeout,transpilation,timeout,AttemptTimeoutError,100.0,100.00307030900149,Tentativo interrotto dopo 100.0 secondi.,qiskit_post_pass_callback_and_sigalrm_traceback,transpilation,21,LookaheadSwap,qiskit.transpiler.passes.routing.lookahead_swap.LookaheadSwap,20,99.98174118995667,99.99869795799896,qiskit/transpiler/passes/routing/lookahead_swap.py,_first_op_node,394,,,,none,False,"Il callback pubblico di Qiskit viene eseguito dopo ogni pass: last_completed_pass non identifica necessariamente il pass interrotto. | Lo stack indica dove SIGALRM è stato osservato, non dimostra quale pass, configurazione, circuito o hardware abbia causato il timeout. | Un'attribuzione causale richiede confronti controllati tra circuiti, configurazioni e device.",qiskit/transpiler/passes/routing/lookahead_swap.py:394:_first_op_node
ibm_falcon_27,27,b9120f471bd90ef5aae03606ebc1e421478cd50f7b65ff4fb115f64c5148c104,run_21a7e0d38969992bc9391a37165aba79544844e1928ab0d3564486854f33fdd9,portfoliovqe_indep_tket_11,portfoliovqe,tket,11,46,220,o3_sabre_lookahead,3,sabre,lookahead,2,timeout,transpilation,timeout,AttemptTimeoutError,100.0,100.0018276990013,Tentativo interrotto dopo 100.0 secondi.,qiskit_post_pass_callback_and_sigalrm_traceback,transpilation,21,LookaheadSwap,qiskit.transpiler.passes.routing.lookahead_swap.LookaheadSwap,20,99.98433184623718,99.99920390199986,qiskit/transpiler/passes/routing/lookahead_swap.py,_calc_layout_distance,346,,,,none,False,"Il callback pubblico di Qiskit viene eseguito dopo ogni pass: last_completed_pass non identifica necessariamente il pass interrotto. | Lo stack indica dove SIGALRM è stato osservato, non dimostra quale pass, configurazione, circuito o hardware abbia causato il timeout. | Un'attribuzione causale richiede confronti controllati tra circuiti, configurazioni e device.",qiskit/transpiler/passes/routing/lookahead_swap.py:346:_calc_layout_distance
ibm_falcon_27,27,b9120f471bd90ef5aae03606ebc1e421478cd50f7b65ff4fb115f64c5148c104,run_1ee0d4ef58d33497fc34ef1029caf1801efe9361ddd88a57f2f601080e645664,portfoliovqe_indep_tket_6,portfoliovqe,tket,6,26,75,o3_sabre_lookahead,3,sabre,lookahead,0,timeout,transpilation,timeout,AttemptTimeoutError,100.0,100.00132035200659,Tentativo interrotto dopo 100.0 secondi.,qiskit_post_pass_callback_and_sigalrm_traceback,transpilation,21,LookaheadSwap,qiskit.transpiler.passes.routing.lookahead_swap.LookaheadSwap,20,99.98851251602173,99.9993095210084,qiskit/transpiler/passes/routing/lookahead_swap.py,_first_op_node,394,,,,none,False,"Il callback pubblico di Qiskit viene eseguito dopo ogni pass: last_completed_pass non identifica necessariamente il pass interrotto. | Lo stack indica dove SIGALRM è stato osservato, non dimostra quale pass, configurazione, circuito o hardware abbia causato il timeout. | Un'attribuzione causale richiede confronti controllati tra circuiti, configurazioni e device.",qiskit/transpiler/passes/routing/lookahead_swap.py:394:_first_op_node
ibm_falcon_27,27,b9120f471bd90ef5aae03606ebc1e421478cd50f7b65ff4fb115f64c5148c104,run_ba8d5c08dd5fabe6d3b0a4a4cb0bda474420324e3f2371535afd28d174327681,portfoliovqe_indep_tket_7,portfoliovqe,tket,7,30,98,o3_sabre_lookahead,3,sabre,lookahead,0,timeout,transpilation,timeout,AttemptTimeoutError,100.0,100.00133172699134,Tentativo interrotto dopo 100.0 secondi.,qiskit_post_pass_callback_and_sigalrm_traceback,transpilation,21,LookaheadSwap,qiskit.transpiler.passes.routing.lookahead_swap.LookaheadSwap,20,99.98906683921814,99.99923979399318,qiskit/transpiler/passes/routing/lookahead_swap.py,_calc_layout_distance,346,,,,none,False,"Il callback pubblico di Qiskit viene eseguito dopo ogni pass: last_completed_pass non identifica necessariamente il pass interrotto. | Lo stack indica dove SIGALRM è stato osservato, non dimostra quale pass, configurazione, circuito o hardware abbia causato il timeout. | Un'attribuzione causale richiede confronti controllati tra circuiti, configurazioni e device.",qiskit/transpiler/passes/routing/lookahead_swap.py:346:_calc_layout_distance
ibm_falcon_27,27,b9120f471bd90ef5aae03606ebc1e421478cd50f7b65ff4fb115f64c5148c104,run_a47f2aca21fa247b173a26b03a1191ff0eb0311ce3feca241bb483f7e4daf95b,portfoliovqe_indep_tket_7,portfoliovqe,tket,7,30,98,o3_sabre_lookahead,3,sabre,lookahead,2,timeout,transpilation,timeout,AttemptTimeoutError,100.0,100.00204481100081,Tentativo interrotto dopo 100.0 secondi.,qiskit_post_pass_callback_and_sigalrm_traceback,transpilation,21,LookaheadSwap,qiskit.transpiler.passes.routing.lookahead_swap.LookaheadSwap,20,99.9904944896698,99.99947234599676,qiskit/transpiler/passes/routing/lookahead_swap.py,_map_free_gates,316,,,,none,False,"Il callback pubblico di Qiskit viene eseguito dopo ogni pass: last_completed_pass non identifica necessariamente il pass interrotto. | Lo stack indica dove SIGALRM è stato osservato, non dimostra quale pass, configurazione, circuito o hardware abbia causato il timeout. | Un'attribuzione causale richiede confronti controllati tra circuiti, configurazioni e device.",qiskit/transpiler/passes/routing/lookahead_swap.py:316:_map_free_gates
ibm_falcon_27,27,b9120f471bd90ef5aae03606ebc1e421478cd50f7b65ff4fb115f64c5148c104,run_3a28093dd6f2e5432246257b86e2a71139ffa86b62e81a91e0aa81d76b77ef19,portfoliovqe_indep_tket_8,portfoliovqe,tket,8,34,124,o3_sabre_lookahead,3,sabre,lookahead,0,timeout,transpilation,timeout,AttemptTimeoutError,100.0,100.00134205399081,Tentativo interrotto dopo 100.0 secondi.,qiskit_post_pass_callback_and_sigalrm_traceback,transpilation,21,LookaheadSwap,qiskit.transpiler.passes.routing.lookahead_swap.LookaheadSwap,20,99.988440990448,99.9993961549917,qiskit/transpiler/passes/routing/lookahead_swap.py,_map_free_gates,316,,,,none,False,"Il callback pubblico di Qiskit viene eseguito dopo ogni pass: last_completed_pass non identifica necessariamente il pass interrotto. | Lo stack indica dove SIGALRM è stato osservato, non dimostra quale pass, configurazione, circuito o hardware abbia causato il timeout. | Un'attribuzione causale richiede confronti controllati tra circuiti, configurazioni e device.",qiskit/transpiler/passes/routing/lookahead_swap.py:316:_map_free_gates
ibm_falcon_27,27,b9120f471bd90ef5aae03606ebc1e421478cd50f7b65ff4fb115f64c5148c104,run_ccc4c756fc2043f5645364d2656fb7158c996a8c5c5c18accb0fe29c282e984d,portfoliovqe_indep_tket_8,portfoliovqe,tket,8,34,124,o3_sabre_lookahead,3,sabre,lookahead,1,timeout,transpilation,timeout,AttemptTimeoutError,100.0,100.00123123599042,Tentativo interrotto dopo 100.0 secondi.,qiskit_post_pass_callback_and_sigalrm_traceback,transpilation,21,LookaheadSwap,qiskit.transpiler.passes.routing.lookahead_swap.LookaheadSwap,20,99.98859739303589,99.99912537200726,qiskit/transpiler/passes/routing/lookahead_swap.py,_calc_layout_distance,346,,,,none,False,"Il callback pubblico di Qiskit viene eseguito dopo ogni pass: last_completed_pass non identifica necessariamente il pass interrotto. | Lo stack indica dove SIGALRM è stato osservato, non dimostra quale pass, configurazione, circuito o hardware abbia causato il timeout. | Un'attribuzione causale richiede confronti controllati tra circuiti, configurazioni e device.",qiskit/transpiler/passes/routing/lookahead_swap.py:346:_calc_layout_distance
ibm_falcon_27,27,b9120f471bd90ef5aae03606ebc1e421478cd50f7b65ff4fb115f64c5148c104,run_87a7bd359a9f2a2b5767d25dcef177770aa780f4031c9e249c286aa57309f2b7,portfoliovqe_indep_tket_8,portfoliovqe,tket,8,34,124,o3_sabre_lookahead,3,sabre,lookahead,2,timeout,transpilation,timeout,AttemptTimeoutError,100.0,100.00175220500387,Tentativo interrotto dopo 100.0 secondi.,qiskit_post_pass_callback_and_sigalrm_traceback,transpilation,21,LookaheadSwap,qiskit.transpiler.passes.routing.lookahead_swap.LookaheadSwap,20,99.98830223083496,99.99909047799883,qiskit/transpiler/passes/routing/lookahead_swap.py,_calc_layout_distance,346,,,,none,False,"Il callback pubblico di Qiskit viene eseguito dopo ogni pass: last_completed_pass non identifica necessariamente il pass interrotto. | Lo stack indica dove SIGALRM è stato osservato, non dimostra quale pass, configurazione, circuito o hardware abbia causato il timeout. | Un'attribuzione causale richiede confronti controllati tra circuiti, configurazioni e device.",qiskit/transpiler/passes/routing/lookahead_swap.py:346:_calc_layout_distance
ibm_falcon_27,27,b9120f471bd90ef5aae03606ebc1e421478cd50f7b65ff4fb115f64c5148c104,run_3ab857c59f900bb42039365ad481fd8d187a65502000b4c7fb240474f4e9eb20,portfoliovqe_indep_tket_9,portfoliovqe,tket,9,38,153,o3_sabre_lookahead,3,sabre,lookahead,0,timeout,transpilation,timeout,AttemptTimeoutError,100.0,100.0023521319963,Tentativo interrotto dopo 100.0 secondi.,qiskit_post_pass_callback_and_sigalrm_traceback,transpilation,21,LookaheadSwap,qiskit.transpiler.passes.routing.lookahead_swap.LookaheadSwap,20,99.98582077026367,99.99866484801169,qiskit/transpiler/passes/routing/lookahead_swap.py,_calc_layout_distance,346,,,,none,False,"Il callback pubblico di Qiskit viene eseguito dopo ogni pass: last_completed_pass non identifica necessariamente il pass interrotto. | Lo stack indica dove SIGALRM è stato osservato, non dimostra quale pass, configurazione, circuito o hardware abbia causato il timeout. | Un'attribuzione causale richiede confronti controllati tra circuiti, configurazioni e device.",qiskit/transpiler/passes/routing/lookahead_swap.py:346:_calc_layout_distance
ibm_falcon_27,27,b9120f471bd90ef5aae03606ebc1e421478cd50f7b65ff4fb115f64c5148c104,run_3f9dde4b039562f3d4d19deff561a6feb56fe3e8d3822ce9947af97f46850343,portfoliovqe_indep_tket_9,portfoliovqe,tket,9,38,153,o3_sabre_lookahead,3,sabre,lookahead,1,timeout,transpilation,timeout,AttemptTimeoutError,100.0,100.00212322200241,Tentativo interrotto dopo 100.0 secondi.,qiskit_post_pass_callback_and_sigalrm_traceback,transpilation,21,LookaheadSwap,qiskit.transpiler.passes.routing.lookahead_swap.LookaheadSwap,20,99.98786067962646,99.99923829799809,qiskit/transpiler/passes/routing/lookahead_swap.py,_calc_layout_distance,346,,,,none,False,"Il callback pubblico di Qiskit viene eseguito dopo ogni pass: last_completed_pass non identifica necessariamente il pass interrotto. | Lo stack indica dove SIGALRM è stato osservato, non dimostra quale pass, configurazione, circuito o hardware abbia causato il timeout. | Un'attribuzione causale richiede confronti controllati tra circuiti, configurazioni e device.",qiskit/transpiler/passes/routing/lookahead_swap.py:346:_calc_layout_distance
ibm_falcon_27,27,b9120f471bd90ef5aae03606ebc1e421478cd50f7b65ff4fb115f64c5148c104,run_a947bd7702729c9bf5136b7c21a7e66a835151190a8c23012854fcc50d58c781,portfoliovqe_indep_tket_9,portfoliovqe,tket,9,38,153,o3_sabre_lookahead,3,sabre,lookahead,2,timeout,transpilation,timeout,AttemptTimeoutError,100.0,100.00263087300118,Tentativo interrotto dopo 100.0 secondi.,qiskit_post_pass_callback_and_sigalrm_traceback,transpilation,21,LookaheadSwap,qiskit.transpiler.passes.routing.lookahead_swap.LookaheadSwap,20,99.98685097694397,99.99900203000288,qiskit/transpiler/passes/routing/lookahead_swap.py,_calc_layout_distance,346,,,,none,False,"Il callback pubblico di Qiskit viene eseguito dopo ogni pass: last_completed_pass non identifica necessariamente il pass interrotto. | Lo stack indica dove SIGALRM è stato osservato, non dimostra quale pass, configurazione, circuito o hardware abbia causato il timeout. | Un'attribuzione causale richiede confronti controllati tra circuiti, configurazioni e device.",qiskit/transpiler/passes/routing/lookahead_swap.py:346:_calc_layout_distance
ibm_falcon_27,27,b9120f471bd90ef5aae03606ebc1e421478cd50f7b65ff4fb115f64c5148c104,run_8695cfe6a76b67e702f2847861b246db0a8ec6b7061791c9c896c888d1ab6c99,pricingcall_indep_qiskit_11,pricingcall,qiskit,11,127,166,o3_sabre_lookahead,3,sabre,lookahead,0,timeout,transpilation,timeout,AttemptTimeoutError,100.0,100.00523095999961,Tentativo interrotto dopo 100.0 secondi.,qiskit_post_pass_callback_and_sigalrm_traceback,transpilation,21,LookaheadSwap,qiskit.transpiler.passes.routing.lookahead_swap.LookaheadSwap,20,99.98541593551636,99.99904483200226,qiskit/transpiler/passes/routing/lookahead_swap.py,_map_free_gates,317,,,,none,False,"Il callback pubblico di Qiskit viene eseguito dopo ogni pass: last_completed_pass non identifica necessariamente il pass interrotto. | Lo stack indica dove SIGALRM è stato osservato, non dimostra quale pass, configurazione, circuito o hardware abbia causato il timeout. | Un'attribuzione causale richiede confronti controllati tra circuiti, configurazioni e device.",qiskit/transpiler/passes/routing/lookahead_swap.py:317:_map_free_gates
ibm_falcon_27,27,b9120f471bd90ef5aae03606ebc1e421478cd50f7b65ff4fb115f64c5148c104,run_150bcde7e1fd01588edf62f90347e875d5ed2ce30f49769283a64c0267bf325c,pricingcall_indep_qiskit_11,pricingcall,qiskit,11,127,166,o3_sabre_lookahead,3,sabre,lookahead,1,timeout,transpilation,timeout,AttemptTimeoutError,100.0,100.00456870500057,Tentativo interrotto dopo 100.0 secondi.,qiskit_post_pass_callback_and_sigalrm_traceback,transpilation,21,LookaheadSwap,qiskit.transpiler.passes.routing.lookahead_swap.LookaheadSwap,20,99.98481917381287,99.99822828298784,qiskit/transpiler/passes/routing/lookahead_swap.py,_map_free_gates,316,,,,none,False,"Il callback pubblico di Qiskit viene eseguito dopo ogni pass: last_completed_pass non identifica necessariamente il pass interrotto. | Lo stack indica dove SIGALRM è stato osservato, non dimostra quale pass, configurazione, circuito o hardware abbia causato il timeout. | Un'attribuzione causale richiede confronti controllati tra circuiti, configurazioni e device.",qiskit/transpiler/passes/routing/lookahead_swap.py:316:_map_free_gates
ibm_falcon_27,27,b9120f471bd90ef5aae03606ebc1e421478cd50f7b65ff4fb115f64c5148c104,run_64a01b0ab50b65f0af58a6849b596a07cd5ee9061a200261cbda6494958de702,pricingcall_indep_qiskit_11,pricingcall,qiskit,11,127,166,o3_sabre_lookahead,3,sabre,lookahead,2,timeout,transpilation,timeout,AttemptTimeoutError,100.0,100.00374424099573,Tentativo interrotto dopo 100.0 secondi.,qiskit_post_pass_callback_and_sigalrm_traceback,transpilation,21,LookaheadSwap,qiskit.transpiler.passes.routing.lookahead_swap.LookaheadSwap,20,99.98119354248047,99.99872559399228,qiskit/transpiler/passes/routing/lookahead_swap.py,_map_free_gates,318,,,,none,False,"Il callback pubblico di Qiskit viene eseguito dopo ogni pass: last_completed_pass non identifica necessariamente il pass interrotto. | Lo stack indica dove SIGALRM è stato osservato, non dimostra quale pass, configurazione, circuito o hardware abbia causato il timeout. | Un'attribuzione causale richiede confronti controllati tra circuiti, configurazioni e device.",qiskit/transpiler/passes/routing/lookahead_swap.py:318:_map_free_gates
ibm_falcon_27,27,b9120f471bd90ef5aae03606ebc1e421478cd50f7b65ff4fb115f64c5148c104,run_6c06fe89b5dfa8423627ca0066f5d0dce6a9b07f1ad36acc4cd3d94e91fb2297,pricingcall_indep_qiskit_5,pricingcall,qiskit,5,36,47,o3_sabre_lookahead,3,sabre,lookahead,2,timeout,transpilation,timeout,AttemptTimeoutError,100.0,100.0014916450018,Tentativo interrotto dopo 100.0 secondi.,qiskit_post_pass_callback_and_sigalrm_traceback,transpilation,21,LookaheadSwap,qiskit.transpiler.passes.routing.lookahead_swap.LookaheadSwap,20,99.98977422714233,99.99928892900061,qiskit/transpiler/passes/routing/lookahead_swap.py,_map_free_gates,317,,,,none,False,"Il callback pubblico di Qiskit viene eseguito dopo ogni pass: last_completed_pass non identifica necessariamente il pass interrotto. | Lo stack indica dove SIGALRM è stato osservato, non dimostra quale pass, configurazione, circuito o hardware abbia causato il timeout. | Un'attribuzione causale richiede confronti controllati tra circuiti, configurazioni e device.",qiskit/transpiler/passes/routing/lookahead_swap.py:317:_map_free_gates
ibm_falcon_27,27,b9120f471bd90ef5aae03606ebc1e421478cd50f7b65ff4fb115f64c5148c104,run_a53b90be4be0d5585b5a7941995fc8dc7e6672acb5c19459a808fa3152746bef,pricingcall_indep_qiskit_7,pricingcall,qiskit,7,56,78,o3_sabre_lookahead,3,sabre,lookahead,0,timeout,transpilation,timeout,AttemptTimeoutError,100.0,100.00287733699952,Tentativo interrotto dopo 100.0 secondi.,qiskit_post_pass_callback_and_sigalrm_traceback,transpilation,21,LookaheadSwap,qiskit.transpiler.passes.routing.lookahead_swap.LookaheadSwap,20,99.98759245872498,99.99916683400807,qiskit/transpiler/passes/routing/lookahead_swap.py,_map_free_gates,316,,,,none,False,"Il callback pubblico di Qiskit viene eseguito dopo ogni pass: last_completed_pass non identifica necessariamente il pass interrotto. | Lo stack indica dove SIGALRM è stato osservato, non dimostra quale pass, configurazione, circuito o hardware abbia causato il timeout. | Un'attribuzione causale richiede confronti controllati tra circuiti, configurazioni e device.",qiskit/transpiler/passes/routing/lookahead_swap.py:316:_map_free_gates
ibm_falcon_27,27,b9120f471bd90ef5aae03606ebc1e421478cd50f7b65ff4fb115f64c5148c104,run_ab092994b1234da9a43b0dc05bf584634f6bcb5ac4fb1dbcc81445b57ceba9aa,pricingcall_indep_qiskit_7,pricingcall,qiskit,7,56,78,o3_sabre_lookahead,3,sabre,lookahead,1,timeout,transpilation,timeout,AttemptTimeoutError,100.0,100.00280678700074,Tentativo interrotto dopo 100.0 secondi.,qiskit_post_pass_callback_and_sigalrm_traceback,transpilation,21,LookaheadSwap,qiskit.transpiler.passes.routing.lookahead_swap.LookaheadSwap,20,99.99048185348511,99.99942659299995,qiskit/transpiler/passes/routing/lookahead_swap.py,_first_op_node,394,,,,none,False,"Il callback pubblico di Qiskit viene eseguito dopo ogni pass: last_completed_pass non identifica necessariamente il pass interrotto. | Lo stack indica dove SIGALRM è stato osservato, non dimostra quale pass, configurazione, circuito o hardware abbia causato il timeout. | Un'attribuzione causale richiede confronti controllati tra circuiti, configurazioni e device.",qiskit/transpiler/passes/routing/lookahead_swap.py:394:_first_op_node
ibm_falcon_27,27,b9120f471bd90ef5aae03606ebc1e421478cd50f7b65ff4fb115f64c5148c104,run_20d1ab927b422b6d1e0604b4431a0ddcca1085e0f007078b0c4689eb0d641bcc,pricingcall_indep_qiskit_7,pricingcall,qiskit,7,56,78,o3_sabre_lookahead,3,sabre,lookahead,2,timeout,transpilation,timeout,AttemptTimeoutError,100.0,100.00194914700114,Tentativo interrotto dopo 100.0 secondi.,qiskit_post_pass_callback_and_sigalrm_traceback,transpilation,21,LookaheadSwap,qiskit.transpiler.passes.routing.lookahead_swap.LookaheadSwap,20,99.99060988426208,99.99942509300308,qiskit/transpiler/passes/routing/lookahead_swap.py,_calc_layout_distance,346,,,,none,False,"Il callback pubblico di Qiskit viene eseguito dopo ogni pass: last_completed_pass non identifica necessariamente il pass interrotto. | Lo stack indica dove SIGALRM è stato osservato, non dimostra quale pass, configurazione, circuito o hardware abbia causato il timeout. | Un'attribuzione causale richiede confronti controllati tra circuiti, configurazioni e device.",qiskit/transpiler/passes/routing/lookahead_swap.py:346:_calc_layout_distance
ibm_falcon_27,27,b9120f471bd90ef5aae03606ebc1e421478cd50f7b65ff4fb115f64c5148c104,run_ce0d068901d91028ddbe99022ceaf4677be2294211897bf3761a7b66fc77950f,pricingcall_indep_qiskit_9,pricingcall,qiskit,9,83,111,o3_sabre_lookahead,3,sabre,lookahead,0,timeout,transpilation,timeout,AttemptTimeoutError,100.0,100.0034679859964,Tentativo interrotto dopo 100.0 secondi.,qiskit_post_pass_callback_and_sigalrm_traceback,transpilation,21,LookaheadSwap,qiskit.transpiler.passes.routing.lookahead_swap.LookaheadSwap,20,99.98648166656494,99.9990744329989,qiskit/transpiler/passes/routing/lookahead_swap.py,_calc_layout_distance,346,,,,none,False,"Il callback pubblico di Qiskit viene eseguito dopo ogni pass: last_completed_pass non identifica necessariamente il pass interrotto. | Lo stack indica dove SIGALRM è stato osservato, non dimostra quale pass, configurazione, circuito o hardware abbia causato il timeout. | Un'attribuzione causale richiede confronti controllati tra circuiti, configurazioni e device.",qiskit/transpiler/passes/routing/lookahead_swap.py:346:_calc_layout_distance
ibm_falcon_27,27,b9120f471bd90ef5aae03606ebc1e421478cd50f7b65ff4fb115f64c5148c104,run_d963acfa1055c2af8722c5c2c7396243a7be4c02f936d1abb72345e90a7c42cd,pricingcall_indep_qiskit_9,pricingcall,qiskit,9,83,111,o3_sabre_lookahead,3,sabre,lookahead,1,timeout,transpilation,timeout,AttemptTimeoutError,100.0,100.00331737598754,Tentativo interrotto dopo 100.0 secondi.,qiskit_post_pass_callback_and_sigalrm_traceback,transpilation,21,LookaheadSwap,qiskit.transpiler.passes.routing.lookahead_swap.LookaheadSwap,20,99.9871027469635,99.99894337399746,qiskit/transpiler/passes/routing/lookahead_swap.py,_calc_layout_distance,346,,,,none,False,"Il callback pubblico di Qiskit viene eseguito dopo ogni pass: last_completed_pass non identifica necessariamente il pass interrotto. | Lo stack indica dove SIGALRM è stato osservato, non dimostra quale pass, configurazione, circuito o hardware abbia causato il timeout. | Un'attribuzione causale richiede confronti controllati tra circuiti, configurazioni e device.",qiskit/transpiler/passes/routing/lookahead_swap.py:346:_calc_layout_distance
ibm_falcon_27,27,b9120f471bd90ef5aae03606ebc1e421478cd50f7b65ff4fb115f64c5148c104,run_c6c5768b31df7707fb4a5dd2e871e574e47d40ff0b26358c231e103b080a80d0,pricingcall_indep_qiskit_9,pricingcall,qiskit,9,83,111,o3_sabre_lookahead,3,sabre,lookahead,2,timeout,transpilation,timeout,AttemptTimeoutError,100.0,100.00322414199763,Tentativo interrotto dopo 100.0 secondi.,qiskit_post_pass_callback_and_sigalrm_traceback,transpilation,21,LookaheadSwap,qiskit.transpiler.passes.routing.lookahead_swap.LookaheadSwap,20,99.98908114433289,99.99916656900314,qiskit/transpiler/passes/routing/lookahead_swap.py,_calc_layout_distance,346,,,,none,False,"Il callback pubblico di Qiskit viene eseguito dopo ogni pass: last_completed_pass non identifica necessariamente il pass interrotto. | Lo stack indica dove SIGALRM è stato osservato, non dimostra quale pass, configurazione, circuito o hardware abbia causato il timeout. | Un'attribuzione causale richiede confronti controllati tra circuiti, configurazioni e device.",qiskit/transpiler/passes/routing/lookahead_swap.py:346:_calc_layout_distance
ibm_falcon_27,27,b9120f471bd90ef5aae03606ebc1e421478cd50f7b65ff4fb115f64c5148c104,run_4e2fd388aaeebe9a070e6d2939d2e070ee2d9779a608e698867358dfeb82c9e9,pricingcall_indep_tket_5,pricingcall,tket,5,41,59,o3_sabre_lookahead,3,sabre,lookahead,2,timeout,transpilation,timeout,AttemptTimeoutError,100.0,100.00149497798702,Tentativo interrotto dopo 100.0 secondi.,qiskit_post_pass_callback_and_sigalrm_traceback,transpilation,21,LookaheadSwap,qiskit.transpiler.passes.routing.lookahead_swap.LookaheadSwap,20,99.99187731742859,99.99959811099689,qiskit/transpiler/passes/routing/lookahead_swap.py,_map_free_gates,316,,,,none,False,"Il callback pubblico di Qiskit viene eseguito dopo ogni pass: last_completed_pass non identifica necessariamente il pass interrotto. | Lo stack indica dove SIGALRM è stato osservato, non dimostra quale pass, configurazione, circuito o hardware abbia causato il timeout. | Un'attribuzione causale richiede confronti controllati tra circuiti, configurazioni e device.",qiskit/transpiler/passes/routing/lookahead_swap.py:316:_map_free_gates
ibm_falcon_27,27,b9120f471bd90ef5aae03606ebc1e421478cd50f7b65ff4fb115f64c5148c104,run_2d544fcfed6550b15c53860c4ae5fd464ffffa3c8b9abd4c18df1ff9453d0ca4,pricingcall_indep_tket_7,pricingcall,tket,7,63,92,o3_sabre_lookahead,3,sabre,lookahead,0,timeout,transpilation,timeout,AttemptTimeoutError,100.0,100.00281177800207,Tentativo interrotto dopo 100.0 secondi.,qiskit_post_pass_callback_and_sigalrm_traceback,transpilation,21,LookaheadSwap,qiskit.transpiler.passes.routing.lookahead_swap.LookaheadSwap,20,99.98911786079407,99.999195485987,qiskit/transpiler/passes/routing/lookahead_swap.py,_calc_layout_distance,346,,,,none,False,"Il callback pubblico di Qiskit viene eseguito dopo ogni pass: last_completed_pass non identifica necessariamente il pass interrotto. | Lo stack indica dove SIGALRM è stato osservato, non dimostra quale pass, configurazione, circuito o hardware abbia causato il timeout. | Un'attribuzione causale richiede confronti controllati tra circuiti, configurazioni e device.",qiskit/transpiler/passes/routing/lookahead_swap.py:346:_calc_layout_distance
ibm_falcon_27,27,b9120f471bd90ef5aae03606ebc1e421478cd50f7b65ff4fb115f64c5148c104,run_c5b82fd408f5c4152626e686624803deaa4b8819a09ff1e4e808dcdc369d58e0,pricingcall_indep_tket_7,pricingcall,tket,7,63,92,o3_sabre_lookahead,3,sabre,lookahead,1,timeout,transpilation,timeout,AttemptTimeoutError,100.0,100.00280002500222,Tentativo interrotto dopo 100.0 secondi.,qiskit_post_pass_callback_and_sigalrm_traceback,transpilation,21,LookaheadSwap,qiskit.transpiler.passes.routing.lookahead_swap.LookaheadSwap,20,99.98880434036255,99.99905674000911,qiskit/transpiler/passes/routing/lookahead_swap.py,_map_free_gates,306,,,,none,False,"Il callback pubblico di Qiskit viene eseguito dopo ogni pass: last_completed_pass non identifica necessariamente il pass interrotto. | Lo stack indica dove SIGALRM è stato osservato, non dimostra quale pass, configurazione, circuito o hardware abbia causato il timeout. | Un'attribuzione causale richiede confronti controllati tra circuiti, configurazioni e device.",qiskit/transpiler/passes/routing/lookahead_swap.py:306:_map_free_gates
ibm_falcon_27,27,b9120f471bd90ef5aae03606ebc1e421478cd50f7b65ff4fb115f64c5148c104,run_c40e99dc163ad1da95e53f43beaf6bce953328e72c4760bdcd111a8e301010af,pricingcall_indep_tket_7,pricingcall,tket,7,63,92,o3_sabre_lookahead,3,sabre,lookahead,2,timeout,transpilation,timeout,AttemptTimeoutError,100.0,100.00192497399985,Tentativo interrotto dopo 100.0 secondi.,qiskit_post_pass_callback_and_sigalrm_traceback,transpilation,21,LookaheadSwap,qiskit.transpiler.passes.routing.lookahead_swap.LookaheadSwap,20,99.99070119857788,99.99932164800703,qiskit/transpiler/passes/routing/lookahead_swap.py,_calc_layout_distance,346,,,,none,False,"Il callback pubblico di Qiskit viene eseguito dopo ogni pass: last_completed_pass non identifica necessariamente il pass interrotto. | Lo stack indica dove SIGALRM è stato osservato, non dimostra quale pass, configurazione, circuito o hardware abbia causato il timeout. | Un'attribuzione causale richiede confronti controllati tra circuiti, configurazioni e device.",qiskit/transpiler/passes/routing/lookahead_swap.py:346:_calc_layout_distance
ibm_falcon_27,27,b9120f471bd90ef5aae03606ebc1e421478cd50f7b65ff4fb115f64c5148c104,run_66f67928f079258e192aa610e974a481985ac5995c9ad6cdeec73a7ecbddd9df,pricingcall_indep_tket_9,pricingcall,tket,9,92,129,o3_sabre_lookahead,3,sabre,lookahead,0,timeout,transpilation,timeout,AttemptTimeoutError,100.0,100.00246801698813,Tentativo interrotto dopo 100.0 secondi.,qiskit_post_pass_callback_and_sigalrm_traceback,transpilation,21,LookaheadSwap,qiskit.transpiler.passes.routing.lookahead_swap.LookaheadSwap,20,99.98936176300049,99.99931428600394,qiskit/transpiler/passes/routing/lookahead_swap.py,_calc_layout_distance,346,,,,none,False,"Il callback pubblico di Qiskit viene eseguito dopo ogni pass: last_completed_pass non identifica necessariamente il pass interrotto. | Lo stack indica dove SIGALRM è stato osservato, non dimostra quale pass, configurazione, circuito o hardware abbia causato il timeout. | Un'attribuzione causale richiede confronti controllati tra circuiti, configurazioni e device.",qiskit/transpiler/passes/routing/lookahead_swap.py:346:_calc_layout_distance
ibm_falcon_27,27,b9120f471bd90ef5aae03606ebc1e421478cd50f7b65ff4fb115f64c5148c104,run_5f68dfa9c16fbf26ec646e2e513f45d39672ef259c950e2b4a6225721db3ad11,pricingcall_indep_tket_9,pricingcall,tket,9,92,129,o3_sabre_lookahead,3,sabre,lookahead,1,timeout,transpilation,timeout,AttemptTimeoutError,100.0,100.00232016001246,Tentativo interrotto dopo 100.0 secondi.,qiskit_post_pass_callback_and_sigalrm_traceback,transpilation,21,LookaheadSwap,qiskit.transpiler.passes.routing.lookahead_swap.LookaheadSwap,20,99.98755669593811,99.99897310500091,qiskit/transpiler/passes/routing/lookahead_swap.py,_map_free_gates,316,,,,none,False,"Il callback pubblico di Qiskit viene eseguito dopo ogni pass: last_completed_pass non identifica necessariamente il pass interrotto. | Lo stack indica dove SIGALRM è stato osservato, non dimostra quale pass, configurazione, circuito o hardware abbia causato il timeout. | Un'attribuzione causale richiede confronti controllati tra circuiti, configurazioni e device.",qiskit/transpiler/passes/routing/lookahead_swap.py:316:_map_free_gates
ibm_falcon_27,27,b9120f471bd90ef5aae03606ebc1e421478cd50f7b65ff4fb115f64c5148c104,run_e37bb7d19009006efa889c6483164de9adfc9470e152a578ab90f5a54cc4ba4b,pricingcall_indep_tket_9,pricingcall,tket,9,92,129,o3_sabre_lookahead,3,sabre,lookahead,2,timeout,transpilation,timeout,AttemptTimeoutError,100.0,100.00289344500925,Tentativo interrotto dopo 100.0 secondi.,qiskit_post_pass_callback_and_sigalrm_traceback,transpilation,21,LookaheadSwap,qiskit.transpiler.passes.routing.lookahead_swap.LookaheadSwap,20,99.98933529853821,99.99924431199906,qiskit/transpiler/passes/routing/lookahead_swap.py,_map_free_gates,316,,,,none,False,"Il callback pubblico di Qiskit viene eseguito dopo ogni pass: last_completed_pass non identifica necessariamente il pass interrotto. | Lo stack indica dove SIGALRM è stato osservato, non dimostra quale pass, configurazione, circuito o hardware abbia causato il timeout. | Un'attribuzione causale richiede confronti controllati tra circuiti, configurazioni e device.",qiskit/transpiler/passes/routing/lookahead_swap.py:316:_map_free_gates
ibm_falcon_27,27,b9120f471bd90ef5aae03606ebc1e421478cd50f7b65ff4fb115f64c5148c104,run_79dd31e835e3b9dc261d49c1c5ed4f5f60f06ccc13aec5855243953a24c0b004,pricingput_indep_qiskit_11,pricingput,qiskit,11,128,172,o3_sabre_lookahead,3,sabre,lookahead,0,timeout,transpilation,timeout,AttemptTimeoutError,100.0,100.00297600499471,Tentativo interrotto dopo 100.0 secondi.,qiskit_post_pass_callback_and_sigalrm_traceback,transpilation,21,LookaheadSwap,qiskit.transpiler.passes.routing.lookahead_swap.LookaheadSwap,20,99.98759770393372,99.99894740201125,qiskit/transpiler/passes/routing/lookahead_swap.py,_map_free_gates,317,,,,none,False,"Il callback pubblico di Qiskit viene eseguito dopo ogni pass: last_completed_pass non identifica necessariamente il pass interrotto. | Lo stack indica dove SIGALRM è stato osservato, non dimostra quale pass, configurazione, circuito o hardware abbia causato il timeout. | Un'attribuzione causale richiede confronti controllati tra circuiti, configurazioni e device.",qiskit/transpiler/passes/routing/lookahead_swap.py:317:_map_free_gates
ibm_falcon_27,27,b9120f471bd90ef5aae03606ebc1e421478cd50f7b65ff4fb115f64c5148c104,run_52c61cc29943355a97776aec4f087be3079666b33416d0f11315d999cfff0820,pricingput_indep_qiskit_11,pricingput,qiskit,11,128,172,o3_sabre_lookahead,3,sabre,lookahead,1,timeout,transpilation,timeout,AttemptTimeoutError,100.0,100.00281772899325,Tentativo interrotto dopo 100.0 secondi.,qiskit_post_pass_callback_and_sigalrm_traceback,transpilation,21,LookaheadSwap,qiskit.transpiler.passes.routing.lookahead_swap.LookaheadSwap,20,99.98786306381226,99.99914554599673,qiskit/transpiler/passes/routing/lookahead_swap.py,_map_free_gates,316,,,,none,False,"Il callback pubblico di Qiskit viene eseguito dopo ogni pass: last_completed_pass non identifica necessariamente il pass interrotto. | Lo stack indica dove SIGALRM è stato osservato, non dimostra quale pass, configurazione, circuito o hardware abbia causato il timeout. | Un'attribuzione causale richiede confronti controllati tra circuiti, configurazioni e device.",qiskit/transpiler/passes/routing/lookahead_swap.py:316:_map_free_gates
ibm_falcon_27,27,b9120f471bd90ef5aae03606ebc1e421478cd50f7b65ff4fb115f64c5148c104,run_63830cb859db6f6ed54a660b6418cd899a3881e1690182a16594c5e15cb8c87a,pricingput_indep_qiskit_11,pricingput,qiskit,11,128,172,o3_sabre_lookahead,3,sabre,lookahead,2,timeout,transpilation,timeout,AttemptTimeoutError,100.0,100.003523485997,Tentativo interrotto dopo 100.0 secondi.,qiskit_post_pass_callback_and_sigalrm_traceback,transpilation,21,LookaheadSwap,qiskit.transpiler.passes.routing.lookahead_swap.LookaheadSwap,20,99.98357462882996,99.99830525400466,qiskit/transpiler/passes/routing/lookahead_swap.py,_calc_layout_distance,346,,,,none,False,"Il callback pubblico di Qiskit viene eseguito dopo ogni pass: last_completed_pass non identifica necessariamente il pass interrotto. | Lo stack indica dove SIGALRM è stato osservato, non dimostra quale pass, configurazione, circuito o hardware abbia causato il timeout. | Un'attribuzione causale richiede confronti controllati tra circuiti, configurazioni e device.",qiskit/transpiler/passes/routing/lookahead_swap.py:346:_calc_layout_distance
ibm_falcon_27,27,b9120f471bd90ef5aae03606ebc1e421478cd50f7b65ff4fb115f64c5148c104,run_aff2ca80c5e59c42c49bcef2751493b5e0d3f64a813528d22de3470eeed70856,pricingput_indep_qiskit_7,pricingput,qiskit,7,55,80,o3_sabre_lookahead,3,sabre,lookahead,0,timeout,transpilation,timeout,AttemptTimeoutError,100.0,100.00274636100221,Tentativo interrotto dopo 100.0 secondi.,qiskit_post_pass_callback_and_sigalrm_traceback,transpilation,21,LookaheadSwap,qiskit.transpiler.passes.routing.lookahead_swap.LookaheadSwap,20,99.97127556800842,99.99459348600067,qiskit/transpiler/passes/routing/lookahead_swap.py,_calc_layout_distance,346,,,,none,False,"Il callback pubblico di Qiskit viene eseguito dopo ogni pass: last_completed_pass non identifica necessariamente il pass interrotto. | Lo stack indica dove SIGALRM è stato osservato, non dimostra quale pass, configurazione, circuito o hardware abbia causato il timeout. | Un'attribuzione causale richiede confronti controllati tra circuiti, configurazioni e device.",qiskit/transpiler/passes/routing/lookahead_swap.py:346:_calc_layout_distance
ibm_falcon_27,27,b9120f471bd90ef5aae03606ebc1e421478cd50f7b65ff4fb115f64c5148c104,run_62a98587d61257711d3a3e99f442020a3fe3e93dd8def1c96517698addbe109b,pricingput_indep_qiskit_7,pricingput,qiskit,7,55,80,o3_sabre_lookahead,3,sabre,lookahead,1,timeout,transpilation,timeout,AttemptTimeoutError,100.0,100.0035327700025,Tentativo interrotto dopo 100.0 secondi.,qiskit_post_pass_callback_and_sigalrm_traceback,transpilation,21,LookaheadSwap,qiskit.transpiler.passes.routing.lookahead_swap.LookaheadSwap,20,99.99073386192322,99.9994663559919,qiskit/transpiler/passes/routing/lookahead_swap.py,_calc_layout_distance,346,,,,none,False,"Il callback pubblico di Qiskit viene eseguito dopo ogni pass: last_completed_pass non identifica necessariamente il pass interrotto. | Lo stack indica dove SIGALRM è stato osservato, non dimostra quale pass, configurazione, circuito o hardware abbia causato il timeout. | Un'attribuzione causale richiede confronti controllati tra circuiti, configurazioni e device.",qiskit/transpiler/passes/routing/lookahead_swap.py:346:_calc_layout_distance
ibm_falcon_27,27,b9120f471bd90ef5aae03606ebc1e421478cd50f7b65ff4fb115f64c5148c104,run_fcffb64306fcebf05e39780712766e281bdc1dec13168faa383f4d03990da966,pricingput_indep_qiskit_7,pricingput,qiskit,7,55,80,o3_sabre_lookahead,3,sabre,lookahead,2,timeout,transpilation,timeout,AttemptTimeoutError,100.0,100.00195551400247,Tentativo interrotto dopo 100.0 secondi.,qiskit_post_pass_callback_and_sigalrm_traceback,transpilation,21,LookaheadSwap,qiskit.transpiler.passes.routing.lookahead_swap.LookaheadSwap,20,99.98897051811218,99.99928373500006,qiskit/transpiler/passes/routing/lookahead_swap.py,_map_free_gates,317,,,,none,False,"Il callback pubblico di Qiskit viene eseguito dopo ogni pass: last_completed_pass non identifica necessariamente il pass interrotto. | Lo stack indica dove SIGALRM è stato osservato, non dimostra quale pass, configurazione, circuito o hardware abbia causato il timeout. | Un'attribuzione causale richiede confronti controllati tra circuiti, configurazioni e device.",qiskit/transpiler/passes/routing/lookahead_swap.py:317:_map_free_gates
ibm_falcon_27,27,b9120f471bd90ef5aae03606ebc1e421478cd50f7b65ff4fb115f64c5148c104,run_bb24f86651cf958fef2e27ac179baa987125146f9bbb88e7eb3b681ad2fa40d0,pricingput_indep_qiskit_9,pricingput,qiskit,9,84,121,o3_sabre_lookahead,3,sabre,lookahead,0,timeout,transpilation,timeout,AttemptTimeoutError,100.0,100.00518534699222,Tentativo interrotto dopo 100.0 secondi.,qiskit_post_pass_callback_and_sigalrm_traceback,transpilation,21,LookaheadSwap,qiskit.transpiler.passes.routing.lookahead_swap.LookaheadSwap,20,99.98847365379333,99.99931391699647,qiskit/transpiler/passes/routing/lookahead_swap.py,_score_state_with_swap,360,,,,none,False,"Il callback pubblico di Qiskit viene eseguito dopo ogni pass: last_completed_pass non identifica necessariamente il pass interrotto. | Lo stack indica dove SIGALRM è stato osservato, non dimostra quale pass, configurazione, circuito o hardware abbia causato il timeout. | Un'attribuzione causale richiede confronti controllati tra circuiti, configurazioni e device.",qiskit/transpiler/passes/routing/lookahead_swap.py:360:_score_state_with_swap
ibm_falcon_27,27,b9120f471bd90ef5aae03606ebc1e421478cd50f7b65ff4fb115f64c5148c104,run_f69f91350f180d23a4bb19d96a92726a2c565e098ae5751e9be66707bf329cc3,pricingput_indep_qiskit_9,pricingput,qiskit,9,84,121,o3_sabre_lookahead,3,sabre,lookahead,1,timeout,transpilation,timeout,AttemptTimeoutError,100.0,100.00236987500102,Tentativo interrotto dopo 100.0 secondi.,qiskit_post_pass_callback_and_sigalrm_traceback,transpilation,21,LookaheadSwap,qiskit.transpiler.passes.routing.lookahead_swap.LookaheadSwap,20,99.98984026908875,99.99932107700442,qiskit/transpiler/passes/routing/lookahead_swap.py,_calc_layout_distance,345,,,,none,False,"Il callback pubblico di Qiskit viene eseguito dopo ogni pass: last_completed_pass non identifica necessariamente il pass interrotto. | Lo stack indica dove SIGALRM è stato osservato, non dimostra quale pass, configurazione, circuito o hardware abbia causato il timeout. | Un'attribuzione causale richiede confronti controllati tra circuiti, configurazioni e device.",qiskit/transpiler/passes/routing/lookahead_swap.py:345:_calc_layout_distance
ibm_falcon_27,27,b9120f471bd90ef5aae03606ebc1e421478cd50f7b65ff4fb115f64c5148c104,run_21a28f96cb7657f4cd8dd6380eaddb9eeeb52cf2591a1ecb986ab1c61b342faf,pricingput_indep_qiskit_9,pricingput,qiskit,9,84,121,o3_sabre_lookahead,3,sabre,lookahead,2,timeout,transpilation,timeout,AttemptTimeoutError,100.0,100.00356477600872,Tentativo interrotto dopo 100.0 secondi.,qiskit_post_pass_callback_and_sigalrm_traceback,transpilation,21,LookaheadSwap,qiskit.transpiler.passes.routing.lookahead_swap.LookaheadSwap,20,99.9867844581604,99.99898724000377,qiskit/transpiler/passes/routing/lookahead_swap.py,_calc_layout_distance,346,,,,none,False,"Il callback pubblico di Qiskit viene eseguito dopo ogni pass: last_completed_pass non identifica necessariamente il pass interrotto. | Lo stack indica dove SIGALRM è stato osservato, non dimostra quale pass, configurazione, circuito o hardware abbia causato il timeout. | Un'attribuzione causale richiede confronti controllati tra circuiti, configurazioni e device.",qiskit/transpiler/passes/routing/lookahead_swap.py:346:_calc_layout_distance
ibm_falcon_27,27,b9120f471bd90ef5aae03606ebc1e421478cd50f7b65ff4fb115f64c5148c104,run_fc82d71b181be3b5f94aef13ce58a1bb8a62338e0ae2b6ff14335b9106cf8b68,pricingput_indep_tket_7,pricingput,tket,7,62,102,o3_sabre_lookahead,3,sabre,lookahead,0,timeout,transpilation,timeout,AttemptTimeoutError,100.0,100.00271540599351,Tentativo interrotto dopo 100.0 secondi.,qiskit_post_pass_callback_and_sigalrm_traceback,transpilation,21,LookaheadSwap,qiskit.transpiler.passes.routing.lookahead_swap.LookaheadSwap,20,99.98881959915161,99.99931506899884,qiskit/transpiler/passes/routing/lookahead_swap.py,_map_free_gates,316,,,,none,False,"Il callback pubblico di Qiskit viene eseguito dopo ogni pass: last_completed_pass non identifica necessariamente il pass interrotto. | Lo stack indica dove SIGALRM è stato osservato, non dimostra quale pass, configurazione, circuito o hardware abbia causato il timeout. | Un'attribuzione causale richiede confronti controllati tra circuiti, configurazioni e device.",qiskit/transpiler/passes/routing/lookahead_swap.py:316:_map_free_gates
ibm_falcon_27,27,b9120f471bd90ef5aae03606ebc1e421478cd50f7b65ff4fb115f64c5148c104,run_69b299d83fbc6b663cf5ae9fcdb90858d96cf39ec9da99938044d9dcb4bd711c,pricingput_indep_tket_7,pricingput,tket,7,62,102,o3_sabre_lookahead,3,sabre,lookahead,1,timeout,transpilation,timeout,AttemptTimeoutError,100.0,100.00198644099873,Tentativo interrotto dopo 100.0 secondi.,qiskit_post_pass_callback_and_sigalrm_traceback,transpilation,21,LookaheadSwap,qiskit.transpiler.passes.routing.lookahead_swap.LookaheadSwap,20,99.98793721199036,99.99909388800734,qiskit/transpiler/passes/routing/lookahead_swap.py,_calc_layout_distance,345,,,,none,False,"Il callback pubblico di Qiskit viene eseguito dopo ogni pass: last_completed_pass non identifica necessariamente il pass interrotto. | Lo stack indica dove SIGALRM è stato osservato, non dimostra quale pass, configurazione, circuito o hardware abbia causato il timeout. | Un'attribuzione causale richiede confronti controllati tra circuiti, configurazioni e device.",qiskit/transpiler/passes/routing/lookahead_swap.py:345:_calc_layout_distance
ibm_falcon_27,27,b9120f471bd90ef5aae03606ebc1e421478cd50f7b65ff4fb115f64c5148c104,run_3135512a8fe13816a07388aa74ceb15e79db002404dcd46c293eb4235c5f62f9,pricingput_indep_tket_7,pricingput,tket,7,62,102,o3_sabre_lookahead,3,sabre,lookahead,2,timeout,transpilation,timeout,AttemptTimeoutError,100.0,100.00288841901056,Tentativo interrotto dopo 100.0 secondi.,qiskit_post_pass_callback_and_sigalrm_traceback,transpilation,21,LookaheadSwap,qiskit.transpiler.passes.routing.lookahead_swap.LookaheadSwap,20,99.98623061180115,99.99909072300943,qiskit/transpiler/passes/routing/lookahead_swap.py,_calc_layout_distance,346,,,,none,False,"Il callback pubblico di Qiskit viene eseguito dopo ogni pass: last_completed_pass non identifica necessariamente il pass interrotto. | Lo stack indica dove SIGALRM è stato osservato, non dimostra quale pass, configurazione, circuito o hardware abbia causato il timeout. | Un'attribuzione causale richiede confronti controllati tra circuiti, configurazioni e device.",qiskit/transpiler/passes/routing/lookahead_swap.py:346:_calc_layout_distance
ibm_falcon_27,27,b9120f471bd90ef5aae03606ebc1e421478cd50f7b65ff4fb115f64c5148c104,run_85450e901e0ec94998c60e844a9dd797b42a86d670f613c93b4beb0f171a6a2b,pricingput_indep_tket_9,pricingput,tket,9,93,159,o3_sabre_lookahead,3,sabre,lookahead,0,timeout,transpilation,timeout,AttemptTimeoutError,100.0,100.00369866398978,Tentativo interrotto dopo 100.0 secondi.,qiskit_post_pass_callback_and_sigalrm_traceback,transpilation,21,LookaheadSwap,qiskit.transpiler.passes.routing.lookahead_swap.LookaheadSwap,20,99.98989200592041,99.99929050198989,qiskit/transpiler/passes/routing/lookahead_swap.py,_calc_layout_distance,346,,,,none,False,"Il callback pubblico di Qiskit viene eseguito dopo ogni pass: last_completed_pass non identifica necessariamente il pass interrotto. | Lo stack indica dove SIGALRM è stato osservato, non dimostra quale pass, configurazione, circuito o hardware abbia causato il timeout. | Un'attribuzione causale richiede confronti controllati tra circuiti, configurazioni e device.",qiskit/transpiler/passes/routing/lookahead_swap.py:346:_calc_layout_distance
ibm_falcon_27,27,b9120f471bd90ef5aae03606ebc1e421478cd50f7b65ff4fb115f64c5148c104,run_1581855e5438d79110f3840658789ae3c56b13c23328d5eac505a78011ec8002,pricingput_indep_tket_9,pricingput,tket,9,93,159,o3_sabre_lookahead,3,sabre,lookahead,1,timeout,transpilation,timeout,AttemptTimeoutError,100.0,100.00300382699061,Tentativo interrotto dopo 100.0 secondi.,qiskit_post_pass_callback_and_sigalrm_traceback,transpilation,21,LookaheadSwap,qiskit.transpiler.passes.routing.lookahead_swap.LookaheadSwap,20,99.98721885681152,99.99888063299295,qiskit/transpiler/passes/routing/lookahead_swap.py,_calc_layout_distance,346,,,,none,False,"Il callback pubblico di Qiskit viene eseguito dopo ogni pass: last_completed_pass non identifica necessariamente il pass interrotto. | Lo stack indica dove SIGALRM è stato osservato, non dimostra quale pass, configurazione, circuito o hardware abbia causato il timeout. | Un'attribuzione causale richiede confronti controllati tra circuiti, configurazioni e device.",qiskit/transpiler/passes/routing/lookahead_swap.py:346:_calc_layout_distance
ibm_falcon_27,27,b9120f471bd90ef5aae03606ebc1e421478cd50f7b65ff4fb115f64c5148c104,run_266360939c9bc0f7b05056ff8a7c17cf1d725f2a7263915cff48f7f66ccf6395,pricingput_indep_tket_9,pricingput,tket,9,93,159,o3_sabre_lookahead,3,sabre,lookahead,2,timeout,transpilation,timeout,AttemptTimeoutError,100.0,100.00354516200605,Tentativo interrotto dopo 100.0 secondi.,qiskit_post_pass_callback_and_sigalrm_traceback,transpilation,21,LookaheadSwap,qiskit.transpiler.passes.routing.lookahead_swap.LookaheadSwap,20,99.98820567131042,99.99913885000569,qiskit/transpiler/passes/routing/lookahead_swap.py,_calc_layout_distance,346,,,,none,False,"Il callback pubblico di Qiskit viene eseguito dopo ogni pass: last_completed_pass non identifica necessariamente il pass interrotto. | Lo stack indica dove SIGALRM è stato osservato, non dimostra quale pass, configurazione, circuito o hardware abbia causato il timeout. | Un'attribuzione causale richiede confronti controllati tra circuiti, configurazioni e device.",qiskit/transpiler/passes/routing/lookahead_swap.py:346:_calc_layout_distance
ibm_falcon_27,27,b9120f471bd90ef5aae03606ebc1e421478cd50f7b65ff4fb115f64c5148c104,run_c27069c490eacb8d72e3d63966efc09b9e01a89a166719b847c836f6fb94c83b,qft_indep_qiskit_11,qft,qiskit,11,23,82,o3_sabre_lookahead,3,sabre,lookahead,0,timeout,transpilation,timeout,AttemptTimeoutError,100.0,100.00147962500341,Tentativo interrotto dopo 100.0 secondi.,qiskit_post_pass_callback_and_sigalrm_traceback,transpilation,21,LookaheadSwap,qiskit.transpiler.passes.routing.lookahead_swap.LookaheadSwap,20,99.98983669281006,99.99909607399604,qiskit/transpiler/passes/routing/lookahead_swap.py,_calc_layout_distance,346,,,,none,False,"Il callback pubblico di Qiskit viene eseguito dopo ogni pass: last_completed_pass non identifica necessariamente il pass interrotto. | Lo stack indica dove SIGALRM è stato osservato, non dimostra quale pass, configurazione, circuito o hardware abbia causato il timeout. | Un'attribuzione causale richiede confronti controllati tra circuiti, configurazioni e device.",qiskit/transpiler/passes/routing/lookahead_swap.py:346:_calc_layout_distance
ibm_falcon_27,27,b9120f471bd90ef5aae03606ebc1e421478cd50f7b65ff4fb115f64c5148c104,run_7b8045d6b0280aa7866f21895258770e2217c4b9b9a4d3530776fbe275efe4ea,qft_indep_qiskit_11,qft,qiskit,11,23,82,o3_sabre_lookahead,3,sabre,lookahead,1,timeout,transpilation,timeout,AttemptTimeoutError,100.0,100.00222536199726,Tentativo interrotto dopo 100.0 secondi.,qiskit_post_pass_callback_and_sigalrm_traceback,transpilation,21,LookaheadSwap,qiskit.transpiler.passes.routing.lookahead_swap.LookaheadSwap,20,99.98714995384216,99.99848834698787,qiskit/transpiler/passes/routing/lookahead_swap.py,_calc_layout_distance,346,,,,none,False,"Il callback pubblico di Qiskit viene eseguito dopo ogni pass: last_completed_pass non identifica necessariamente il pass interrotto. | Lo stack indica dove SIGALRM è stato osservato, non dimostra quale pass, configurazione, circuito o hardware abbia causato il timeout. | Un'attribuzione causale richiede confronti controllati tra circuiti, configurazioni e device.",qiskit/transpiler/passes/routing/lookahead_swap.py:346:_calc_layout_distance
ibm_falcon_27,27,b9120f471bd90ef5aae03606ebc1e421478cd50f7b65ff4fb115f64c5148c104,run_6c0a33abdccc193c764e2d824dee788366f60739ac998143e397994558677f58,qft_indep_qiskit_12,qft,qiskit,12,25,96,o3_sabre_lookahead,3,sabre,lookahead,0,timeout,transpilation,timeout,AttemptTimeoutError,100.0,100.00222120099352,Tentativo interrotto dopo 100.0 secondi.,qiskit_post_pass_callback_and_sigalrm_traceback,transpilation,21,LookaheadSwap,qiskit.transpiler.passes.routing.lookahead_swap.LookaheadSwap,20,99.98834681510925,99.99896006799827,qiskit/transpiler/passes/routing/lookahead_swap.py,_map_free_gates,316,,,,none,False,"Il callback pubblico di Qiskit viene eseguito dopo ogni pass: last_completed_pass non identifica necessariamente il pass interrotto. | Lo stack indica dove SIGALRM è stato osservato, non dimostra quale pass, configurazione, circuito o hardware abbia causato il timeout. | Un'attribuzione causale richiede confronti controllati tra circuiti, configurazioni e device.",qiskit/transpiler/passes/routing/lookahead_swap.py:316:_map_free_gates
ibm_falcon_27,27,b9120f471bd90ef5aae03606ebc1e421478cd50f7b65ff4fb115f64c5148c104,run_61feeb46b13d848daddec4a50c7a776e04304dff44ddb941c8e6da440c081520,qft_indep_qiskit_12,qft,qiskit,12,25,96,o3_sabre_lookahead,3,sabre,lookahead,2,timeout,transpilation,timeout,AttemptTimeoutError,100.0,100.00224531300773,Tentativo interrotto dopo 100.0 secondi.,qiskit_post_pass_callback_and_sigalrm_traceback,transpilation,21,LookaheadSwap,qiskit.transpiler.passes.routing.lookahead_swap.LookaheadSwap,20,99.98646640777588,99.9984246170061,qiskit/transpiler/passes/routing/lookahead_swap.py,_map_free_gates,316,,,,none,False,"Il callback pubblico di Qiskit viene eseguito dopo ogni pass: last_completed_pass non identifica necessariamente il pass interrotto. | Lo stack indica dove SIGALRM è stato osservato, non dimostra quale pass, configurazione, circuito o hardware abbia causato il timeout. | Un'attribuzione causale richiede confronti controllati tra circuiti, configurazioni e device.",qiskit/transpiler/passes/routing/lookahead_swap.py:316:_map_free_gates
ibm_falcon_27,27,b9120f471bd90ef5aae03606ebc1e421478cd50f7b65ff4fb115f64c5148c104,run_4f1f20d8822d773622f5c62aacc0a76b6809081ef096de39f0b6d35f3b64918c,qft_indep_qiskit_13,qft,qiskit,13,27,110,o3_sabre_lookahead,3,sabre,lookahead,0,timeout,transpilation,timeout,AttemptTimeoutError,100.0,100.00173193500086,Tentativo interrotto dopo 100.0 secondi.,qiskit_post_pass_callback_and_sigalrm_traceback,transpilation,21,LookaheadSwap,qiskit.transpiler.passes.routing.lookahead_swap.LookaheadSwap,20,99.98668432235718,99.9986975290085,qiskit/transpiler/passes/routing/lookahead_swap.py,_calc_layout_distance,346,,,,none,False,"Il callback pubblico di Qiskit viene eseguito dopo ogni pass: last_completed_pass non identifica necessariamente il pass interrotto. | Lo stack indica dove SIGALRM è stato osservato, non dimostra quale pass, configurazione, circuito o hardware abbia causato il timeout. | Un'attribuzione causale richiede confronti controllati tra circuiti, configurazioni e device.",qiskit/transpiler/passes/routing/lookahead_swap.py:346:_calc_layout_distance
ibm_falcon_27,27,b9120f471bd90ef5aae03606ebc1e421478cd50f7b65ff4fb115f64c5148c104,run_212277089eea3fb3687b31fa51a75af978a8d19a1d4031ca9326de4b1f7865c6,qft_indep_qiskit_13,qft,qiskit,13,27,110,o3_sabre_lookahead,3,sabre,lookahead,1,timeout,transpilation,timeout,AttemptTimeoutError,100.0,100.00232903299911,Tentativo interrotto dopo 100.0 secondi.,qiskit_post_pass_callback_and_sigalrm_traceback,transpilation,21,LookaheadSwap,qiskit.transpiler.passes.routing.lookahead_swap.LookaheadSwap,20,99.98598599433899,99.99804343401047,qiskit/transpiler/passes/routing/lookahead_swap.py,_calc_layout_distance,346,,,,none,False,"Il callback pubblico di Qiskit viene eseguito dopo ogni pass: last_completed_pass non identifica necessariamente il pass interrotto. | Lo stack indica dove SIGALRM è stato osservato, non dimostra quale pass, configurazione, circuito o hardware abbia causato il timeout. | Un'attribuzione causale richiede confronti controllati tra circuiti, configurazioni e device.",qiskit/transpiler/passes/routing/lookahead_swap.py:346:_calc_layout_distance
ibm_falcon_27,27,b9120f471bd90ef5aae03606ebc1e421478cd50f7b65ff4fb115f64c5148c104,run_2ab4a83e60eefb6fdc983bfa993caf8e884cd9d6f0fa28adaae660c7e8b0f3b6,qft_indep_qiskit_14,qft,qiskit,14,29,126,o3_sabre_lookahead,3,sabre,lookahead,0,timeout,transpilation,timeout,AttemptTimeoutError,100.0,100.00151353100955,Tentativo interrotto dopo 100.0 secondi.,qiskit_post_pass_callback_and_sigalrm_traceback,transpilation,21,LookaheadSwap,qiskit.transpiler.passes.routing.lookahead_swap.LookaheadSwap,20,99.98396444320679,99.9981448949984,qiskit/transpiler/passes/routing/lookahead_swap.py,_map_free_gates,316,,,,none,False,"Il callback pubblico di Qiskit viene eseguito dopo ogni pass: last_completed_pass non identifica necessariamente il pass interrotto. | Lo stack indica dove SIGALRM è stato osservato, non dimostra quale pass, configurazione, circuito o hardware abbia causato il timeout. | Un'attribuzione causale richiede confronti controllati tra circuiti, configurazioni e device.",qiskit/transpiler/passes/routing/lookahead_swap.py:316:_map_free_gates
ibm_falcon_27,27,b9120f471bd90ef5aae03606ebc1e421478cd50f7b65ff4fb115f64c5148c104,run_438df3dbff261fa502723d1a6598a4632dc186335d3cf46cbd1af6d09de3ca7a,qft_indep_qiskit_14,qft,qiskit,14,29,126,o3_sabre_lookahead,3,sabre,lookahead,1,timeout,transpilation,timeout,AttemptTimeoutError,100.0,100.00216687400825,Tentativo interrotto dopo 100.0 secondi.,qiskit_post_pass_callback_and_sigalrm_traceback,transpilation,21,LookaheadSwap,qiskit.transpiler.passes.routing.lookahead_swap.LookaheadSwap,20,99.9855694770813,99.99845420999918,qiskit/transpiler/passes/routing/lookahead_swap.py,_map_free_gates,317,,,,none,False,"Il callback pubblico di Qiskit viene eseguito dopo ogni pass: last_completed_pass non identifica necessariamente il pass interrotto. | Lo stack indica dove SIGALRM è stato osservato, non dimostra quale pass, configurazione, circuito o hardware abbia causato il timeout. | Un'attribuzione causale richiede confronti controllati tra circuiti, configurazioni e device.",qiskit/transpiler/passes/routing/lookahead_swap.py:317:_map_free_gates
ibm_falcon_27,27,b9120f471bd90ef5aae03606ebc1e421478cd50f7b65ff4fb115f64c5148c104,run_a41fefb60cff4cd22df9a07a28ce9d0a0315c966e98298660ece85e095494f8f,qft_indep_qiskit_14,qft,qiskit,14,29,126,o3_sabre_lookahead,3,sabre,lookahead,2,timeout,transpilation,timeout,AttemptTimeoutError,100.0,100.00206537399208,Tentativo interrotto dopo 100.0 secondi.,qiskit_post_pass_callback_and_sigalrm_traceback,transpilation,21,LookaheadSwap,qiskit.transpiler.passes.routing.lookahead_swap.LookaheadSwap,20,99.98219084739685,99.99869936899631,qiskit/transpiler/passes/routing/lookahead_swap.py,_map_free_gates,322,,,,none,False,"Il callback pubblico di Qiskit viene eseguito dopo ogni pass: last_completed_pass non identifica necessariamente il pass interrotto. | Lo stack indica dove SIGALRM è stato osservato, non dimostra quale pass, configurazione, circuito o hardware abbia causato il timeout. | Un'attribuzione causale richiede confronti controllati tra circuiti, configurazioni e device.",qiskit/transpiler/passes/routing/lookahead_swap.py:322:_map_free_gates
ibm_falcon_27,27,b9120f471bd90ef5aae03606ebc1e421478cd50f7b65ff4fb115f64c5148c104,run_4097a596457af13aff44a18bf37a99dc9b4680d8dad9a45425004c76bb5bf011,qft_indep_qiskit_15,qft,qiskit,15,31,142,o3_sabre_lookahead,3,sabre,lookahead,0,timeout,transpilation,timeout,AttemptTimeoutError,100.0,100.00170705599885,Tentativo interrotto dopo 100.0 secondi.,qiskit_post_pass_callback_and_sigalrm_traceback,transpilation,21,LookaheadSwap,qiskit.transpiler.passes.routing.lookahead_swap.LookaheadSwap,20,99.98436188697815,99.99841973200091,qiskit/transpiler/passes/routing/lookahead_swap.py,_map_free_gates,316,,,,none,False,"Il callback pubblico di Qiskit viene eseguito dopo ogni pass: last_completed_pass non identifica necessariamente il pass interrotto. | Lo stack indica dove SIGALRM è stato osservato, non dimostra quale pass, configurazione, circuito o hardware abbia causato il timeout. | Un'attribuzione causale richiede confronti controllati tra circuiti, configurazioni e device.",qiskit/transpiler/passes/routing/lookahead_swap.py:316:_map_free_gates
ibm_falcon_27,27,b9120f471bd90ef5aae03606ebc1e421478cd50f7b65ff4fb115f64c5148c104,run_e6a8ca02d047dd56aa2e0d11e34230680cfdd0fa5ebaae11095b5353d3f40f0c,qft_indep_qiskit_15,qft,qiskit,15,31,142,o3_sabre_lookahead,3,sabre,lookahead,1,timeout,transpilation,timeout,AttemptTimeoutError,100.0,100.00165156000003,Tentativo interrotto dopo 100.0 secondi.,qiskit_post_pass_callback_and_sigalrm_traceback,transpilation,21,LookaheadSwap,qiskit.transpiler.passes.routing.lookahead_swap.LookaheadSwap,20,99.98459935188293,99.99845733000257,qiskit/transpiler/passes/routing/lookahead_swap.py,_calc_layout_distance,346,,,,none,False,"Il callback pubblico di Qiskit viene eseguito dopo ogni pass: last_completed_pass non identifica necessariamente il pass interrotto. | Lo stack indica dove SIGALRM è stato osservato, non dimostra quale pass, configurazione, circuito o hardware abbia causato il timeout. | Un'attribuzione causale richiede confronti controllati tra circuiti, configurazioni e device.",qiskit/transpiler/passes/routing/lookahead_swap.py:346:_calc_layout_distance
ibm_falcon_27,27,b9120f471bd90ef5aae03606ebc1e421478cd50f7b65ff4fb115f64c5148c104,run_b427c0f00f6f75e184198b1eabf396f5da926138a07dcd11e86b5cac69fc92ce,qft_indep_qiskit_15,qft,qiskit,15,31,142,o3_sabre_lookahead,3,sabre,lookahead,2,timeout,transpilation,timeout,AttemptTimeoutError,100.0,100.0025468669919,Tentativo interrotto dopo 100.0 secondi.,qiskit_post_pass_callback_and_sigalrm_traceback,transpilation,21,LookaheadSwap,qiskit.transpiler.passes.routing.lookahead_swap.LookaheadSwap,20,99.9845838546753,99.99804917200527,qiskit/transpiler/passes/routing/lookahead_swap.py,_calc_layout_distance,346,,,,none,False,"Il callback pubblico di Qiskit viene eseguito dopo ogni pass: last_completed_pass non identifica necessariamente il pass interrotto. | Lo stack indica dove SIGALRM è stato osservato, non dimostra quale pass, configurazione, circuito o hardware abbia causato il timeout. | Un'attribuzione causale richiede confronti controllati tra circuiti, configurazioni e device.",qiskit/transpiler/passes/routing/lookahead_swap.py:346:_calc_layout_distance
ibm_falcon_27,27,b9120f471bd90ef5aae03606ebc1e421478cd50f7b65ff4fb115f64c5148c104,run_92cd04697ec427d10b439f75d5b9495156e14faa365959a0fe4f21477b25cc25,qft_indep_qiskit_16,qft,qiskit,16,33,160,o3_sabre_lookahead,3,sabre,lookahead,0,timeout,transpilation,timeout,AttemptTimeoutError,100.0,100.00180597299186,Tentativo interrotto dopo 100.0 secondi.,qiskit_post_pass_callback_and_sigalrm_traceback,transpilation,21,LookaheadSwap,qiskit.transpiler.passes.routing.lookahead_swap.LookaheadSwap,20,99.98101806640625,99.99829554300231,qiskit/transpiler/passes/routing/lookahead_swap.py,_map_free_gates,317,,,,none,False,"Il callback pubblico di Qiskit viene eseguito dopo ogni pass: last_completed_pass non identifica necessariamente il pass interrotto. | Lo stack indica dove SIGALRM è stato osservato, non dimostra quale pass, configurazione, circuito o hardware abbia causato il timeout. | Un'attribuzione causale richiede confronti controllati tra circuiti, configurazioni e device.",qiskit/transpiler/passes/routing/lookahead_swap.py:317:_map_free_gates
ibm_falcon_27,27,b9120f471bd90ef5aae03606ebc1e421478cd50f7b65ff4fb115f64c5148c104,run_ca0ee93de5c628740f7677fc62157e3628524a506fc4ce3bf0e96d0f4ee8cd54,qft_indep_qiskit_16,qft,qiskit,16,33,160,o3_sabre_lookahead,3,sabre,lookahead,1,timeout,transpilation,timeout,AttemptTimeoutError,100.0,100.00168174300052,Tentativo interrotto dopo 100.0 secondi.,qiskit_post_pass_callback_and_sigalrm_traceback,transpilation,21,LookaheadSwap,qiskit.transpiler.passes.routing.lookahead_swap.LookaheadSwap,20,99.98224449157715,99.99738008300483,qiskit/transpiler/passes/routing/lookahead_swap.py,_map_free_gates,306,,,,none,False,"Il callback pubblico di Qiskit viene eseguito dopo ogni pass: last_completed_pass non identifica necessariamente il pass interrotto. | Lo stack indica dove SIGALRM è stato osservato, non dimostra quale pass, configurazione, circuito o hardware abbia causato il timeout. | Un'attribuzione causale richiede confronti controllati tra circuiti, configurazioni e device.",qiskit/transpiler/passes/routing/lookahead_swap.py:306:_map_free_gates
ibm_falcon_27,27,b9120f471bd90ef5aae03606ebc1e421478cd50f7b65ff4fb115f64c5148c104,run_d83c1321daef5f4eabfc3fa20d8c8089f489976525b619be5ab3c497cd7aeeb0,qft_indep_qiskit_16,qft,qiskit,16,33,160,o3_sabre_lookahead,3,sabre,lookahead,2,timeout,transpilation,timeout,AttemptTimeoutError,100.0,100.00253836798947,Tentativo interrotto dopo 100.0 secondi.,qiskit_post_pass_callback_and_sigalrm_traceback,transpilation,21,LookaheadSwap,qiskit.transpiler.passes.routing.lookahead_swap.LookaheadSwap,20,99.9801721572876,99.99777342299058,qiskit/transpiler/passes/routing/lookahead_swap.py,_calc_layout_distance,346,,,,none,False,"Il callback pubblico di Qiskit viene eseguito dopo ogni pass: last_completed_pass non identifica necessariamente il pass interrotto. | Lo stack indica dove SIGALRM è stato osservato, non dimostra quale pass, configurazione, circuito o hardware abbia causato il timeout. | Un'attribuzione causale richiede confronti controllati tra circuiti, configurazioni e device.",qiskit/transpiler/passes/routing/lookahead_swap.py:346:_calc_layout_distance
ibm_falcon_27,27,b9120f471bd90ef5aae03606ebc1e421478cd50f7b65ff4fb115f64c5148c104,run_94fd127fffdbc6c0a4e0479a7e90bfc552aaff87cf0dd40a0266bcb1f8128fff,qft_indep_qiskit_17,qft,qiskit,17,35,178,o3_sabre_lookahead,3,sabre,lookahead,0,timeout,transpilation,timeout,AttemptTimeoutError,100.0,100.00277567098965,Tentativo interrotto dopo 100.0 secondi.,qiskit_post_pass_callback_and_sigalrm_traceback,transpilation,21,LookaheadSwap,qiskit.transpiler.passes.routing.lookahead_swap.LookaheadSwap,20,99.98177719116211,99.99824961600825,qiskit/transpiler/passes/routing/lookahead_swap.py,_calc_layout_distance,346,,,,none,False,"Il callback pubblico di Qiskit viene eseguito dopo ogni pass: last_completed_pass non identifica necessariamente il pass interrotto. | Lo stack indica dove SIGALRM è stato osservato, non dimostra quale pass, configurazione, circuito o hardware abbia causato il timeout. | Un'attribuzione causale richiede confronti controllati tra circuiti, configurazioni e device.",qiskit/transpiler/passes/routing/lookahead_swap.py:346:_calc_layout_distance
ibm_falcon_27,27,b9120f471bd90ef5aae03606ebc1e421478cd50f7b65ff4fb115f64c5148c104,run_8538de7041f645a9066a6ea47aa36532278c35b9fcbbb8ae92d6620e4ef7c1dd,qft_indep_qiskit_17,qft,qiskit,17,35,178,o3_sabre_lookahead,3,sabre,lookahead,1,timeout,transpilation,timeout,AttemptTimeoutError,100.0,100.00186493899673,Tentativo interrotto dopo 100.0 secondi.,qiskit_post_pass_callback_and_sigalrm_traceback,transpilation,21,LookaheadSwap,qiskit.transpiler.passes.routing.lookahead_swap.LookaheadSwap,20,99.98017907142639,99.99725176300853,qiskit/transpiler/passes/routing/lookahead_swap.py,_calc_layout_distance,346,,,,none,False,"Il callback pubblico di Qiskit viene eseguito dopo ogni pass: last_completed_pass non identifica necessariamente il pass interrotto. | Lo stack indica dove SIGALRM è stato osservato, non dimostra quale pass, configurazione, circuito o hardware abbia causato il timeout. | Un'attribuzione causale richiede confronti controllati tra circuiti, configurazioni e device.",qiskit/transpiler/passes/routing/lookahead_swap.py:346:_calc_layout_distance
ibm_falcon_27,27,b9120f471bd90ef5aae03606ebc1e421478cd50f7b65ff4fb115f64c5148c104,run_55efcd3adb0bde6b45c8d49a2e02bd4a50220993ff2d5be3a1e36ffaecd1adfb,qft_indep_qiskit_17,qft,qiskit,17,35,178,o3_sabre_lookahead,3,sabre,lookahead,2,timeout,transpilation,timeout,AttemptTimeoutError,100.0,100.0027748959983,Tentativo interrotto dopo 100.0 secondi.,qiskit_post_pass_callback_and_sigalrm_traceback,transpilation,21,LookaheadSwap,qiskit.transpiler.passes.routing.lookahead_swap.LookaheadSwap,20,99.98223161697388,99.99829630200111,qiskit/transpiler/passes/routing/lookahead_swap.py,_calc_layout_distance,346,,,,none,False,"Il callback pubblico di Qiskit viene eseguito dopo ogni pass: last_completed_pass non identifica necessariamente il pass interrotto. | Lo stack indica dove SIGALRM è stato osservato, non dimostra quale pass, configurazione, circuito o hardware abbia causato il timeout. | Un'attribuzione causale richiede confronti controllati tra circuiti, configurazioni e device.",qiskit/transpiler/passes/routing/lookahead_swap.py:346:_calc_layout_distance
ibm_falcon_27,27,b9120f471bd90ef5aae03606ebc1e421478cd50f7b65ff4fb115f64c5148c104,run_230f60112748e8947a0675d0024bf4db86ec5e560646f9725f4c0cdbe5a94156,qft_indep_tket_11,qft,tket,11,23,82,o3_sabre_lookahead,3,sabre,lookahead,0,timeout,transpilation,timeout,AttemptTimeoutError,100.0,100.00151565900887,Tentativo interrotto dopo 100.0 secondi.,qiskit_post_pass_callback_and_sigalrm_traceback,transpilation,21,LookaheadSwap,qiskit.transpiler.passes.routing.lookahead_swap.LookaheadSwap,20,99.98806285858154,99.99909957799537,qiskit/transpiler/passes/routing/lookahead_swap.py,_first_op_node,394,,,,none,False,"Il callback pubblico di Qiskit viene eseguito dopo ogni pass: last_completed_pass non identifica necessariamente il pass interrotto. | Lo stack indica dove SIGALRM è stato osservato, non dimostra quale pass, configurazione, circuito o hardware abbia causato il timeout. | Un'attribuzione causale richiede confronti controllati tra circuiti, configurazioni e device.",qiskit/transpiler/passes/routing/lookahead_swap.py:394:_first_op_node
ibm_falcon_27,27,b9120f471bd90ef5aae03606ebc1e421478cd50f7b65ff4fb115f64c5148c104,run_b9c3bb15a5919797c0d9389d2e3a72afc0c0c11b47f22961e26196df8b25048c,qft_indep_tket_11,qft,tket,11,23,82,o3_sabre_lookahead,3,sabre,lookahead,1,timeout,transpilation,timeout,AttemptTimeoutError,100.0,100.00219525300781,Tentativo interrotto dopo 100.0 secondi.,qiskit_post_pass_callback_and_sigalrm_traceback,transpilation,21,LookaheadSwap,qiskit.transpiler.passes.routing.lookahead_swap.LookaheadSwap,20,99.98824119567871,99.99893488999805,qiskit/transpiler/passes/routing/lookahead_swap.py,_calc_layout_distance,346,,,,none,False,"Il callback pubblico di Qiskit viene eseguito dopo ogni pass: last_completed_pass non identifica necessariamente il pass interrotto. | Lo stack indica dove SIGALRM è stato osservato, non dimostra quale pass, configurazione, circuito o hardware abbia causato il timeout. | Un'attribuzione causale richiede confronti controllati tra circuiti, configurazioni e device.",qiskit/transpiler/passes/routing/lookahead_swap.py:346:_calc_layout_distance
ibm_falcon_27,27,b9120f471bd90ef5aae03606ebc1e421478cd50f7b65ff4fb115f64c5148c104,run_400e339f378834beb357aa8dd850cafec6d1c46a9bbfd8d2ab418dde054f6a04,qft_indep_tket_12,qft,tket,12,25,96,o3_sabre_lookahead,3,sabre,lookahead,0,timeout,transpilation,timeout,AttemptTimeoutError,100.0,100.00160813500406,Tentativo interrotto dopo 100.0 secondi.,qiskit_post_pass_callback_and_sigalrm_traceback,transpilation,21,LookaheadSwap,qiskit.transpiler.passes.routing.lookahead_swap.LookaheadSwap,20,99.98767113685608,99.9987168420048,qiskit/transpiler/passes/routing/lookahead_swap.py,<genexpr>,394,,,,none,False,"Il callback pubblico di Qiskit viene eseguito dopo ogni pass: last_completed_pass non identifica necessariamente il pass interrotto. | Lo stack indica dove SIGALRM è stato osservato, non dimostra quale pass, configurazione, circuito o hardware abbia causato il timeout. | Un'attribuzione causale richiede confronti controllati tra circuiti, configurazioni e device.",qiskit/transpiler/passes/routing/lookahead_swap.py:394:<genexpr>
ibm_falcon_27,27,b9120f471bd90ef5aae03606ebc1e421478cd50f7b65ff4fb115f64c5148c104,run_b941cfd16226b8e9713f1ef31630d2c81905925ec2f77f5d2503f0bf561cb362,qft_indep_tket_12,qft,tket,12,25,96,o3_sabre_lookahead,3,sabre,lookahead,2,timeout,transpilation,timeout,AttemptTimeoutError,100.0,100.00147544899664,Tentativo interrotto dopo 100.0 secondi.,qiskit_post_pass_callback_and_sigalrm_traceback,transpilation,21,LookaheadSwap,qiskit.transpiler.passes.routing.lookahead_swap.LookaheadSwap,20,99.98876142501831,99.99869827799557,qiskit/transpiler/passes/routing/lookahead_swap.py,_calc_layout_distance,346,,,,none,False,"Il callback pubblico di Qiskit viene eseguito dopo ogni pass: last_completed_pass non identifica necessariamente il pass interrotto. | Lo stack indica dove SIGALRM è stato osservato, non dimostra quale pass, configurazione, circuito o hardware abbia causato il timeout. | Un'attribuzione causale richiede confronti controllati tra circuiti, configurazioni e device.",qiskit/transpiler/passes/routing/lookahead_swap.py:346:_calc_layout_distance
ibm_falcon_27,27,b9120f471bd90ef5aae03606ebc1e421478cd50f7b65ff4fb115f64c5148c104,run_d59db08aa0357464a93c9a90ee8bf6c5647647f29ca4bfb466b0ef035e48d4d6,qft_indep_tket_13,qft,tket,13,27,110,o3_sabre_lookahead,3,sabre,lookahead,0,timeout,transpilation,timeout,AttemptTimeoutError,100.0,100.00209106200782,Tentativo interrotto dopo 100.0 secondi.,qiskit_post_pass_callback_and_sigalrm_traceback,transpilation,21,LookaheadSwap,qiskit.transpiler.passes.routing.lookahead_swap.LookaheadSwap,20,99.98629069328308,99.9988137689943,qiskit/transpiler/passes/routing/lookahead_swap.py,_calc_layout_distance,346,,,,none,False,"Il callback pubblico di Qiskit viene eseguito dopo ogni pass: last_completed_pass non identifica necessariamente il pass interrotto. | Lo stack indica dove SIGALRM è stato osservato, non dimostra quale pass, configurazione, circuito o hardware abbia causato il timeout. | Un'attribuzione causale richiede confronti controllati tra circuiti, configurazioni e device.",qiskit/transpiler/passes/routing/lookahead_swap.py:346:_calc_layout_distance
ibm_falcon_27,27,b9120f471bd90ef5aae03606ebc1e421478cd50f7b65ff4fb115f64c5148c104,run_46f3400e80716c15120ad58b18e5578a75ed672029ec04ebfd2e9e0880af7da8,qft_indep_tket_13,qft,tket,13,27,110,o3_sabre_lookahead,3,sabre,lookahead,1,timeout,transpilation,timeout,AttemptTimeoutError,100.0,100.00221063700155,Tentativo interrotto dopo 100.0 secondi.,qiskit_post_pass_callback_and_sigalrm_traceback,transpilation,21,LookaheadSwap,qiskit.transpiler.passes.routing.lookahead_swap.LookaheadSwap,20,99.98787188529968,99.99868921699817,qiskit/transpiler/passes/routing/lookahead_swap.py,_calc_layout_distance,346,,,,none,False,"Il callback pubblico di Qiskit viene eseguito dopo ogni pass: last_completed_pass non identifica necessariamente il pass interrotto. | Lo stack indica dove SIGALRM è stato osservato, non dimostra quale pass, configurazione, circuito o hardware abbia causato il timeout. | Un'attribuzione causale richiede confronti controllati tra circuiti, configurazioni e device.",qiskit/transpiler/passes/routing/lookahead_swap.py:346:_calc_layout_distance
ibm_falcon_27,27,b9120f471bd90ef5aae03606ebc1e421478cd50f7b65ff4fb115f64c5148c104,run_65ec2f995c58d6e294891cf6e2f2f2d353b52be63d4075ed8b93225080a5f863,qft_indep_tket_14,qft,tket,14,29,126,o3_sabre_lookahead,3,sabre,lookahead,0,timeout,transpilation,timeout,AttemptTimeoutError,100.0,100.00197728900821,Tentativo interrotto dopo 100.0 secondi.,qiskit_post_pass_callback_and_sigalrm_traceback,transpilation,21,LookaheadSwap,qiskit.transpiler.passes.routing.lookahead_swap.LookaheadSwap,20,99.98508715629578,99.9985352109943,qiskit/transpiler/passes/routing/lookahead_swap.py,_score_step,364,,,,none,False,"Il callback pubblico di Qiskit viene eseguito dopo ogni pass: last_completed_pass non identifica necessariamente il pass interrotto. | Lo stack indica dove SIGALRM è stato osservato, non dimostra quale pass, configurazione, circuito o hardware abbia causato il timeout. | Un'attribuzione causale richiede confronti controllati tra circuiti, configurazioni e device.",qiskit/transpiler/passes/routing/lookahead_swap.py:364:_score_step
ibm_falcon_27,27,b9120f471bd90ef5aae03606ebc1e421478cd50f7b65ff4fb115f64c5148c104,run_f8d770565f12afcdeb0ad04c43f36e2ae7846bed3b32b59af2bf4fa90f9d7244,qft_indep_tket_14,qft,tket,14,29,126,o3_sabre_lookahead,3,sabre,lookahead,1,timeout,transpilation,timeout,AttemptTimeoutError,100.0,100.00221153598977,Tentativo interrotto dopo 100.0 secondi.,qiskit_post_pass_callback_and_sigalrm_traceback,transpilation,21,LookaheadSwap,qiskit.transpiler.passes.routing.lookahead_swap.LookaheadSwap,20,99.9851462841034,99.99859961400216,qiskit/transpiler/passes/routing/lookahead_swap.py,_calc_layout_distance,346,,,,none,False,"Il callback pubblico di Qiskit viene eseguito dopo ogni pass: last_completed_pass non identifica necessariamente il pass interrotto. | Lo stack indica dove SIGALRM è stato osservato, non dimostra quale pass, configurazione, circuito o hardware abbia causato il timeout. | Un'attribuzione causale richiede confronti controllati tra circuiti, configurazioni e device.",qiskit/transpiler/passes/routing/lookahead_swap.py:346:_calc_layout_distance
ibm_falcon_27,27,b9120f471bd90ef5aae03606ebc1e421478cd50f7b65ff4fb115f64c5148c104,run_be86ce713693ec61b5d5fcb29a3f7d746e79442c8a2001b9a65ccd3aa734c024,qft_indep_tket_14,qft,tket,14,29,126,o3_sabre_lookahead,3,sabre,lookahead,2,timeout,transpilation,timeout,AttemptTimeoutError,100.0,100.0021665910026,Tentativo interrotto dopo 100.0 secondi.,qiskit_post_pass_callback_and_sigalrm_traceback,transpilation,21,LookaheadSwap,qiskit.transpiler.passes.routing.lookahead_swap.LookaheadSwap,20,99.98734092712402,99.99867146198812,qiskit/transpiler/passes/routing/lookahead_swap.py,_calc_layout_distance,346,,,,none,False,"Il callback pubblico di Qiskit viene eseguito dopo ogni pass: last_completed_pass non identifica necessariamente il pass interrotto. | Lo stack indica dove SIGALRM è stato osservato, non dimostra quale pass, configurazione, circuito o hardware abbia causato il timeout. | Un'attribuzione causale richiede confronti controllati tra circuiti, configurazioni e device.",qiskit/transpiler/passes/routing/lookahead_swap.py:346:_calc_layout_distance
ibm_falcon_27,27,b9120f471bd90ef5aae03606ebc1e421478cd50f7b65ff4fb115f64c5148c104,run_0140351faf3d68e58c5e5a9bf7fbdbba81cefc59c3ea44b6b2ef5fa77317ca74,qftentangled_indep_qiskit_11,qftentangled,qiskit,11,25,93,o3_sabre_lookahead,3,sabre,lookahead,0,timeout,transpilation,timeout,AttemptTimeoutError,100.0,100.00149853900075,Tentativo interrotto dopo 100.0 secondi.,qiskit_post_pass_callback_and_sigalrm_traceback,transpilation,21,LookaheadSwap,qiskit.transpiler.passes.routing.lookahead_swap.LookaheadSwap,20,99.98964238166809,99.99905761799891,qiskit/transpiler/passes/routing/lookahead_swap.py,_calc_layout_distance,346,,,,none,False,"Il callback pubblico di Qiskit viene eseguito dopo ogni pass: last_completed_pass non identifica necessariamente il pass interrotto. | Lo stack indica dove SIGALRM è stato osservato, non dimostra quale pass, configurazione, circuito o hardware abbia causato il timeout. | Un'attribuzione causale richiede confronti controllati tra circuiti, configurazioni e device.",qiskit/transpiler/passes/routing/lookahead_swap.py:346:_calc_layout_distance
ibm_falcon_27,27,b9120f471bd90ef5aae03606ebc1e421478cd50f7b65ff4fb115f64c5148c104,run_c0d3ef40770f2142e51f538c4eaa7157639a49e3f9843424871697e1086ade38,qftentangled_indep_qiskit_12,qftentangled,qiskit,12,27,108,o3_sabre_lookahead,3,sabre,lookahead,1,timeout,transpilation,timeout,AttemptTimeoutError,100.0,100.00225542399858,Tentativo interrotto dopo 100.0 secondi.,qiskit_post_pass_callback_and_sigalrm_traceback,transpilation,21,LookaheadSwap,qiskit.transpiler.passes.routing.lookahead_swap.LookaheadSwap,20,99.98682427406311,99.99872916399909,qiskit/transpiler/passes/routing/lookahead_swap.py,_calc_layout_distance,346,,,,none,False,"Il callback pubblico di Qiskit viene eseguito dopo ogni pass: last_completed_pass non identifica necessariamente il pass interrotto. | Lo stack indica dove SIGALRM è stato osservato, non dimostra quale pass, configurazione, circuito o hardware abbia causato il timeout. | Un'attribuzione causale richiede confronti controllati tra circuiti, configurazioni e device.",qiskit/transpiler/passes/routing/lookahead_swap.py:346:_calc_layout_distance
ibm_falcon_27,27,b9120f471bd90ef5aae03606ebc1e421478cd50f7b65ff4fb115f64c5148c104,run_6e2ef17d528accd5c7d610ea9d6c9ec66772270756985a71edd9177fd43f96dc,qftentangled_indep_qiskit_12,qftentangled,qiskit,12,27,108,o3_sabre_lookahead,3,sabre,lookahead,2,timeout,transpilation,timeout,AttemptTimeoutError,100.0,100.00212357800046,Tentativo interrotto dopo 100.0 secondi.,qiskit_post_pass_callback_and_sigalrm_traceback,transpilation,21,LookaheadSwap,qiskit.transpiler.passes.routing.lookahead_swap.LookaheadSwap,20,99.98771905899048,99.9990224600042,qiskit/transpiler/passes/routing/lookahead_swap.py,_map_free_gates,316,,,,none,False,"Il callback pubblico di Qiskit viene eseguito dopo ogni pass: last_completed_pass non identifica necessariamente il pass interrotto. | Lo stack indica dove SIGALRM è stato osservato, non dimostra quale pass, configurazione, circuito o hardware abbia causato il timeout. | Un'attribuzione causale richiede confronti controllati tra circuiti, configurazioni e device.",qiskit/transpiler/passes/routing/lookahead_swap.py:316:_map_free_gates
ibm_falcon_27,27,b9120f471bd90ef5aae03606ebc1e421478cd50f7b65ff4fb115f64c5148c104,run_855fded2f6d483a44cef4d8fbffe65967dce801510190ba986430221ccf6ed88,qftentangled_indep_qiskit_13,qftentangled,qiskit,13,29,123,o3_sabre_lookahead,3,sabre,lookahead,0,timeout,transpilation,timeout,AttemptTimeoutError,100.0,100.00153969800158,Tentativo interrotto dopo 100.0 secondi.,qiskit_post_pass_callback_and_sigalrm_traceback,transpilation,21,LookaheadSwap,qiskit.transpiler.passes.routing.lookahead_swap.LookaheadSwap,20,99.98766136169434,99.9987779080111,qiskit/transpiler/passes/routing/lookahead_swap.py,_calc_layout_distance,346,,,,none,False,"Il callback pubblico di Qiskit viene eseguito dopo ogni pass: last_completed_pass non identifica necessariamente il pass interrotto. | Lo stack indica dove SIGALRM è stato osservato, non dimostra quale pass, configurazione, circuito o hardware abbia causato il timeout. | Un'attribuzione causale richiede confronti controllati tra circuiti, configurazioni e device.",qiskit/transpiler/passes/routing/lookahead_swap.py:346:_calc_layout_distance
ibm_falcon_27,27,b9120f471bd90ef5aae03606ebc1e421478cd50f7b65ff4fb115f64c5148c104,run_1441f29193ca5bed622b7e6b7f6df2b4240b50b26064a9d3730d3009df270fb9,qftentangled_indep_qiskit_13,qftentangled,qiskit,13,29,123,o3_sabre_lookahead,3,sabre,lookahead,1,timeout,transpilation,timeout,AttemptTimeoutError,100.0,100.00150250199658,Tentativo interrotto dopo 100.0 secondi.,qiskit_post_pass_callback_and_sigalrm_traceback,transpilation,21,LookaheadSwap,qiskit.transpiler.passes.routing.lookahead_swap.LookaheadSwap,20,99.98439908027649,99.99814337599673,qiskit/transpiler/passes/routing/lookahead_swap.py,_calc_layout_distance,346,,,,none,False,"Il callback pubblico di Qiskit viene eseguito dopo ogni pass: last_completed_pass non identifica necessariamente il pass interrotto. | Lo stack indica dove SIGALRM è stato osservato, non dimostra quale pass, configurazione, circuito o hardware abbia causato il timeout. | Un'attribuzione causale richiede confronti controllati tra circuiti, configurazioni e device.",qiskit/transpiler/passes/routing/lookahead_swap.py:346:_calc_layout_distance
ibm_falcon_27,27,b9120f471bd90ef5aae03606ebc1e421478cd50f7b65ff4fb115f64c5148c104,run_7afdb40f14a4ffffb4db228be0db36794290cabfdf97bfe86e2a37c83ff1021b,qftentangled_indep_qiskit_13,qftentangled,qiskit,13,29,123,o3_sabre_lookahead,3,sabre,lookahead,2,timeout,transpilation,timeout,AttemptTimeoutError,100.0,100.00219560701225,Tentativo interrotto dopo 100.0 secondi.,qiskit_post_pass_callback_and_sigalrm_traceback,transpilation,21,LookaheadSwap,qiskit.transpiler.passes.routing.lookahead_swap.LookaheadSwap,20,99.98585629463196,99.9982894279965,qiskit/transpiler/passes/routing/lookahead_swap.py,<genexpr>,220,,,,none,False,"Il callback pubblico di Qiskit viene eseguito dopo ogni pass: last_completed_pass non identifica necessariamente il pass interrotto. | Lo stack indica dove SIGALRM è stato osservato, non dimostra quale pass, configurazione, circuito o hardware abbia causato il timeout. | Un'attribuzione causale richiede confronti controllati tra circuiti, configurazioni e device.",qiskit/transpiler/passes/routing/lookahead_swap.py:220:<genexpr>
ibm_falcon_27,27,b9120f471bd90ef5aae03606ebc1e421478cd50f7b65ff4fb115f64c5148c104,run_96a02a10d304abfcb37fa9c669d6c26a6aebd705e41addaf8a10c008d9b74643,qftentangled_indep_qiskit_14,qftentangled,qiskit,14,31,140,o3_sabre_lookahead,3,sabre,lookahead,0,timeout,transpilation,timeout,AttemptTimeoutError,100.0,100.00167996200616,Tentativo interrotto dopo 100.0 secondi.,qiskit_post_pass_callback_and_sigalrm_traceback,transpilation,21,LookaheadSwap,qiskit.transpiler.passes.routing.lookahead_swap.LookaheadSwap,20,99.98621201515198,99.99860991499736,qiskit/transpiler/passes/routing/lookahead_swap.py,_map_free_gates,317,,,,none,False,"Il callback pubblico di Qiskit viene eseguito dopo ogni pass: last_completed_pass non identifica necessariamente il pass interrotto. | Lo stack indica dove SIGALRM è stato osservato, non dimostra quale pass, configurazione, circuito o hardware abbia causato il timeout. | Un'attribuzione causale richiede confronti controllati tra circuiti, configurazioni e device.",qiskit/transpiler/passes/routing/lookahead_swap.py:317:_map_free_gates
ibm_falcon_27,27,b9120f471bd90ef5aae03606ebc1e421478cd50f7b65ff4fb115f64c5148c104,run_a6683cb6e91322b4849807ba6998f86d7e4c7df46b1e3fdb12fd89918cbbf5f7,qftentangled_indep_qiskit_14,qftentangled,qiskit,14,31,140,o3_sabre_lookahead,3,sabre,lookahead,1,timeout,transpilation,timeout,AttemptTimeoutError,100.0,100.0023100440012,Tentativo interrotto dopo 100.0 secondi.,qiskit_post_pass_callback_and_sigalrm_traceback,transpilation,21,LookaheadSwap,qiskit.transpiler.passes.routing.lookahead_swap.LookaheadSwap,20,99.98310375213623,99.99785287200939,qiskit/transpiler/passes/routing/lookahead_swap.py,_calc_layout_distance,346,,,,none,False,"Il callback pubblico di Qiskit viene eseguito dopo ogni pass: last_completed_pass non identifica necessariamente il pass interrotto. | Lo stack indica dove SIGALRM è stato osservato, non dimostra quale pass, configurazione, circuito o hardware abbia causato il timeout. | Un'attribuzione causale richiede confronti controllati tra circuiti, configurazioni e device.",qiskit/transpiler/passes/routing/lookahead_swap.py:346:_calc_layout_distance
ibm_falcon_27,27,b9120f471bd90ef5aae03606ebc1e421478cd50f7b65ff4fb115f64c5148c104,run_1a0a03dab227f6667c0e9223eb04883feb85a03fb62bab8ca9878a6ad74906c5,qftentangled_indep_qiskit_14,qftentangled,qiskit,14,31,140,o3_sabre_lookahead,3,sabre,lookahead,2,timeout,transpilation,timeout,AttemptTimeoutError,100.0,100.00240480600041,Tentativo interrotto dopo 100.0 secondi.,qiskit_post_pass_callback_and_sigalrm_traceback,transpilation,21,LookaheadSwap,qiskit.transpiler.passes.routing.lookahead_swap.LookaheadSwap,20,99.98255133628845,99.99849313599407,qiskit/transpiler/passes/routing/lookahead_swap.py,_first_op_node,394,,,,none,False,"Il callback pubblico di Qiskit viene eseguito dopo ogni pass: last_completed_pass non identifica necessariamente il pass interrotto. | Lo stack indica dove SIGALRM è stato osservato, non dimostra quale pass, configurazione, circuito o hardware abbia causato il timeout. | Un'attribuzione causale richiede confronti controllati tra circuiti, configurazioni e device.",qiskit/transpiler/passes/routing/lookahead_swap.py:394:_first_op_node
ibm_falcon_27,27,b9120f471bd90ef5aae03606ebc1e421478cd50f7b65ff4fb115f64c5148c104,run_8e1d6d87aaa1b54478f9dee0b4bc52f59ffc961615f71763e6178bb6f15bf8df,qftentangled_indep_qiskit_15,qftentangled,qiskit,15,33,157,o3_sabre_lookahead,3,sabre,lookahead,0,timeout,transpilation,timeout,AttemptTimeoutError,100.0,100.00177518300188,Tentativo interrotto dopo 100.0 secondi.,qiskit_post_pass_callback_and_sigalrm_traceback,transpilation,21,LookaheadSwap,qiskit.transpiler.passes.routing.lookahead_swap.LookaheadSwap,20,99.98275399208069,99.99778360300115,qiskit/transpiler/passes/routing/lookahead_swap.py,_calc_layout_distance,346,,,,none,False,"Il callback pubblico di Qiskit viene eseguito dopo ogni pass: last_completed_pass non identifica necessariamente il pass interrotto. | Lo stack indica dove SIGALRM è stato osservato, non dimostra quale pass, configurazione, circuito o hardware abbia causato il timeout. | Un'attribuzione causale richiede confronti controllati tra circuiti, configurazioni e device.",qiskit/transpiler/passes/routing/lookahead_swap.py:346:_calc_layout_distance
ibm_falcon_27,27,b9120f471bd90ef5aae03606ebc1e421478cd50f7b65ff4fb115f64c5148c104,run_de3b3693420c227f5879628e5c7a73868fd208dbda1188dd8dcbf083c8199811,qftentangled_indep_qiskit_15,qftentangled,qiskit,15,33,157,o3_sabre_lookahead,3,sabre,lookahead,1,timeout,transpilation,timeout,AttemptTimeoutError,100.0,100.00175398199644,Tentativo interrotto dopo 100.0 secondi.,qiskit_post_pass_callback_and_sigalrm_traceback,transpilation,21,LookaheadSwap,qiskit.transpiler.passes.routing.lookahead_swap.LookaheadSwap,20,99.98440742492676,99.99806578899734,qiskit/transpiler/passes/routing/lookahead_swap.py,_first_op_node,394,,,,none,False,"Il callback pubblico di Qiskit viene eseguito dopo ogni pass: last_completed_pass non identifica necessariamente il pass interrotto. | Lo stack indica dove SIGALRM è stato osservato, non dimostra quale pass, configurazione, circuito o hardware abbia causato il timeout. | Un'attribuzione causale richiede confronti controllati tra circuiti, configurazioni e device.",qiskit/transpiler/passes/routing/lookahead_swap.py:394:_first_op_node
ibm_falcon_27,27,b9120f471bd90ef5aae03606ebc1e421478cd50f7b65ff4fb115f64c5148c104,run_9d553809b2d7468cb0fb0d71b3e243e803932cf4e3bbbcef4d21bd6b0af71389,qftentangled_indep_qiskit_15,qftentangled,qiskit,15,33,157,o3_sabre_lookahead,3,sabre,lookahead,2,timeout,transpilation,timeout,AttemptTimeoutError,100.0,100.00156898399291,Tentativo interrotto dopo 100.0 secondi.,qiskit_post_pass_callback_and_sigalrm_traceback,transpilation,21,LookaheadSwap,qiskit.transpiler.passes.routing.lookahead_swap.LookaheadSwap,20,99.98543500900269,99.9985874180129,qiskit/transpiler/passes/routing/lookahead_swap.py,_first_op_node,394,,,,none,False,"Il callback pubblico di Qiskit viene eseguito dopo ogni pass: last_completed_pass non identifica necessariamente il pass interrotto. | Lo stack indica dove SIGALRM è stato osservato, non dimostra quale pass, configurazione, circuito o hardware abbia causato il timeout. | Un'attribuzione causale richiede confronti controllati tra circuiti, configurazioni e device.",qiskit/transpiler/passes/routing/lookahead_swap.py:394:_first_op_node
ibm_falcon_27,27,b9120f471bd90ef5aae03606ebc1e421478cd50f7b65ff4fb115f64c5148c104,run_3c23d97b6df65ad4883084a97032adb78df183dee1a251f4786d6ea7d73b3b09,qftentangled_indep_qiskit_16,qftentangled,qiskit,16,35,176,o3_sabre_lookahead,3,sabre,lookahead,0,timeout,transpilation,timeout,AttemptTimeoutError,100.0,100.0025192030007,Tentativo interrotto dopo 100.0 secondi.,qiskit_post_pass_callback_and_sigalrm_traceback,transpilation,21,LookaheadSwap,qiskit.transpiler.passes.routing.lookahead_swap.LookaheadSwap,20,99.98333930969238,99.99784124399594,qiskit/transpiler/passes/routing/lookahead_swap.py,_calc_layout_distance,346,,,,none,False,"Il callback pubblico di Qiskit viene eseguito dopo ogni pass: last_completed_pass non identifica necessariamente il pass interrotto. | Lo stack indica dove SIGALRM è stato osservato, non dimostra quale pass, configurazione, circuito o hardware abbia causato il timeout. | Un'attribuzione causale richiede confronti controllati tra circuiti, configurazioni e device.",qiskit/transpiler/passes/routing/lookahead_swap.py:346:_calc_layout_distance
ibm_falcon_27,27,b9120f471bd90ef5aae03606ebc1e421478cd50f7b65ff4fb115f64c5148c104,run_02970a423b1376db3162d46b2111347afd879fb30757ecaa8eb5be08e3efe417,qftentangled_indep_qiskit_16,qftentangled,qiskit,16,35,176,o3_sabre_lookahead,3,sabre,lookahead,1,timeout,transpilation,timeout,AttemptTimeoutError,100.0,100.00181766400055,Tentativo interrotto dopo 100.0 secondi.,qiskit_post_pass_callback_and_sigalrm_traceback,transpilation,21,LookaheadSwap,qiskit.transpiler.passes.routing.lookahead_swap.LookaheadSwap,20,99.98332333564758,99.99826121500519,qiskit/transpiler/passes/routing/lookahead_swap.py,_first_op_node,394,,,,none,False,"Il callback pubblico di Qiskit viene eseguito dopo ogni pass: last_completed_pass non identifica necessariamente il pass interrotto. | Lo stack indica dove SIGALRM è stato osservato, non dimostra quale pass, configurazione, circuito o hardware abbia causato il timeout. | Un'attribuzione causale richiede confronti controllati tra circuiti, configurazioni e device.",qiskit/transpiler/passes/routing/lookahead_swap.py:394:_first_op_node
ibm_falcon_27,27,b9120f471bd90ef5aae03606ebc1e421478cd50f7b65ff4fb115f64c5148c104,run_e146ab11e5fc9ad96171dfddf1eb80a0ec13266009eec0809bff24dd4c482c1b,qftentangled_indep_qiskit_16,qftentangled,qiskit,16,35,176,o3_sabre_lookahead,3,sabre,lookahead,2,timeout,transpilation,timeout,AttemptTimeoutError,100.0,100.0037521339982,Tentativo interrotto dopo 100.0 secondi.,qiskit_post_pass_callback_and_sigalrm_traceback,transpilation,21,LookaheadSwap,qiskit.transpiler.passes.routing.lookahead_swap.LookaheadSwap,20,99.98117780685425,99.9973802720051,qiskit/transpiler/passes/routing/lookahead_swap.py,_score_state_with_swap,359,,,,none,False,"Il callback pubblico di Qiskit viene eseguito dopo ogni pass: last_completed_pass non identifica necessariamente il pass interrotto. | Lo stack indica dove SIGALRM è stato osservato, non dimostra quale pass, configurazione, circuito o hardware abbia causato il timeout. | Un'attribuzione causale richiede confronti controllati tra circuiti, configurazioni e device.",qiskit/transpiler/passes/routing/lookahead_swap.py:359:_score_state_with_swap
ibm_falcon_27,27,b9120f471bd90ef5aae03606ebc1e421478cd50f7b65ff4fb115f64c5148c104,run_8bdb48a15c0b5bf9d923933f85b2c57c0c5c52ff5e84e53130cfe9bd5e0fbf04,qftentangled_indep_tket_11,qftentangled,tket,11,25,93,o3_sabre_lookahead,3,sabre,lookahead,0,timeout,transpilation,timeout,AttemptTimeoutError,100.0,100.00232885799778,Tentativo interrotto dopo 100.0 secondi.,qiskit_post_pass_callback_and_sigalrm_traceback,transpilation,21,LookaheadSwap,qiskit.transpiler.passes.routing.lookahead_swap.LookaheadSwap,20,99.98854231834412,99.9987471790082,qiskit/transpiler/passes/routing/lookahead_swap.py,_calc_layout_distance,346,,,,none,False,"Il callback pubblico di Qiskit viene eseguito dopo ogni pass: last_completed_pass non identifica necessariamente il pass interrotto. | Lo stack indica dove SIGALRM è stato osservato, non dimostra quale pass, configurazione, circuito o hardware abbia causato il timeout. | Un'attribuzione causale richiede confronti controllati tra circuiti, configurazioni e device.",qiskit/transpiler/passes/routing/lookahead_swap.py:346:_calc_layout_distance
ibm_falcon_27,27,b9120f471bd90ef5aae03606ebc1e421478cd50f7b65ff4fb115f64c5148c104,run_b5fb0670ff8f8f39d9f7b815306110f5d9ce2de9c44eeb7f1df13cd58b221099,qftentangled_indep_tket_12,qftentangled,tket,12,27,108,o3_sabre_lookahead,3,sabre,lookahead,1,timeout,transpilation,timeout,AttemptTimeoutError,100.0,100.00302839199139,Tentativo interrotto dopo 100.0 secondi.,qiskit_post_pass_callback_and_sigalrm_traceback,transpilation,21,LookaheadSwap,qiskit.transpiler.passes.routing.lookahead_swap.LookaheadSwap,20,99.98715662956238,99.99809921599808,qiskit/transpiler/passes/routing/lookahead_swap.py,_calc_layout_distance,346,,,,none,False,"Il callback pubblico di Qiskit viene eseguito dopo ogni pass: last_completed_pass non identifica necessariamente il pass interrotto. | Lo stack indica dove SIGALRM è stato osservato, non dimostra quale pass, configurazione, circuito o hardware abbia causato il timeout. | Un'attribuzione causale richiede confronti controllati tra circuiti, configurazioni e device.",qiskit/transpiler/passes/routing/lookahead_swap.py:346:_calc_layout_distance
ibm_falcon_27,27,b9120f471bd90ef5aae03606ebc1e421478cd50f7b65ff4fb115f64c5148c104,run_fc03d1de66f9b32c48a0617c1bdbb6ba3ee4c9f0ab5b7e8cea195734ec4ed0fd,qftentangled_indep_tket_12,qftentangled,tket,12,27,108,o3_sabre_lookahead,3,sabre,lookahead,2,timeout,transpilation,timeout,AttemptTimeoutError,100.0,100.00260163699568,Tentativo interrotto dopo 100.0 secondi.,qiskit_post_pass_callback_and_sigalrm_traceback,transpilation,21,LookaheadSwap,qiskit.transpiler.passes.routing.lookahead_swap.LookaheadSwap,20,99.98813509941101,99.99905978700554,qiskit/transpiler/passes/routing/lookahead_swap.py,_score_state_with_swap,359,,,,none,False,"Il callback pubblico di Qiskit viene eseguito dopo ogni pass: last_completed_pass non identifica necessariamente il pass interrotto. | Lo stack indica dove SIGALRM è stato osservato, non dimostra quale pass, configurazione, circuito o hardware abbia causato il timeout. | Un'attribuzione causale richiede confronti controllati tra circuiti, configurazioni e device.",qiskit/transpiler/passes/routing/lookahead_swap.py:359:_score_state_with_swap
ibm_falcon_27,27,b9120f471bd90ef5aae03606ebc1e421478cd50f7b65ff4fb115f64c5148c104,run_1d901e584b5bcb7f3ab9329ffbc3f393cd098421b86f13694d12e45b348c3ea5,qftentangled_indep_tket_13,qftentangled,tket,13,29,123,o3_sabre_lookahead,3,sabre,lookahead,0,timeout,transpilation,timeout,AttemptTimeoutError,100.0,100.00160306600446,Tentativo interrotto dopo 100.0 secondi.,qiskit_post_pass_callback_and_sigalrm_traceback,transpilation,21,LookaheadSwap,qiskit.transpiler.passes.routing.lookahead_swap.LookaheadSwap,20,99.98630595207214,99.99882039400109,qiskit/transpiler/passes/routing/lookahead_swap.py,_map_free_gates,317,,,,none,False,"Il callback pubblico di Qiskit viene eseguito dopo ogni pass: last_completed_pass non identifica necessariamente il pass interrotto. | Lo stack indica dove SIGALRM è stato osservato, non dimostra quale pass, configurazione, circuito o hardware abbia causato il timeout. | Un'attribuzione causale richiede confronti controllati tra circuiti, configurazioni e device.",qiskit/transpiler/passes/routing/lookahead_swap.py:317:_map_free_gates
ibm_falcon_27,27,b9120f471bd90ef5aae03606ebc1e421478cd50f7b65ff4fb115f64c5148c104,run_d72f484888615e6d4407cbd0726e6f5aae6ba46e0c72e1e660ea252d59e317a6,qftentangled_indep_tket_13,qftentangled,tket,13,29,123,o3_sabre_lookahead,3,sabre,lookahead,1,timeout,transpilation,timeout,AttemptTimeoutError,100.0,100.00157761599985,Tentativo interrotto dopo 100.0 secondi.,qiskit_post_pass_callback_and_sigalrm_traceback,transpilation,21,LookaheadSwap,qiskit.transpiler.passes.routing.lookahead_swap.LookaheadSwap,20,99.98548603057861,99.99809506699967,qiskit/transpiler/passes/routing/lookahead_swap.py,_calc_layout_distance,346,,,,none,False,"Il callback pubblico di Qiskit viene eseguito dopo ogni pass: last_completed_pass non identifica necessariamente il pass interrotto. | Lo stack indica dove SIGALRM è stato osservato, non dimostra quale pass, configurazione, circuito o hardware abbia causato il timeout. | Un'attribuzione causale richiede confronti controllati tra circuiti, configurazioni e device.",qiskit/transpiler/passes/routing/lookahead_swap.py:346:_calc_layout_distance
ibm_falcon_27,27,b9120f471bd90ef5aae03606ebc1e421478cd50f7b65ff4fb115f64c5148c104,run_16c377343a96140751cad8e6ca20a410c08fad487098c98bfd9fea7f2c269cf5,qftentangled_indep_tket_13,qftentangled,tket,13,29,123,o3_sabre_lookahead,3,sabre,lookahead,2,timeout,transpilation,timeout,AttemptTimeoutError,100.0,100.00224648299627,Tentativo interrotto dopo 100.0 secondi.,qiskit_post_pass_callback_and_sigalrm_traceback,transpilation,21,LookaheadSwap,qiskit.transpiler.passes.routing.lookahead_swap.LookaheadSwap,20,99.98464369773865,99.9980312770058,qiskit/transpiler/passes/routing/lookahead_swap.py,_calc_layout_distance,346,,,,none,False,"Il callback pubblico di Qiskit viene eseguito dopo ogni pass: last_completed_pass non identifica necessariamente il pass interrotto. | Lo stack indica dove SIGALRM è stato osservato, non dimostra quale pass, configurazione, circuito o hardware abbia causato il timeout. | Un'attribuzione causale richiede confronti controllati tra circuiti, configurazioni e device.",qiskit/transpiler/passes/routing/lookahead_swap.py:346:_calc_layout_distance
ibm_falcon_27,27,b9120f471bd90ef5aae03606ebc1e421478cd50f7b65ff4fb115f64c5148c104,run_7b8c801a90cdd0152688af3fc1ac0b973af255011198dc0b0b475c70fcc5280d,qftentangled_indep_tket_14,qftentangled,tket,14,31,140,o3_sabre_lookahead,3,sabre,lookahead,0,timeout,transpilation,timeout,AttemptTimeoutError,100.0,100.00161318799655,Tentativo interrotto dopo 100.0 secondi.,qiskit_post_pass_callback_and_sigalrm_traceback,transpilation,21,LookaheadSwap,qiskit.transpiler.passes.routing.lookahead_swap.LookaheadSwap,20,99.98337697982788,99.99781498301309,qiskit/transpiler/passes/routing/lookahead_swap.py,_calc_layout_distance,346,,,,none,False,"Il callback pubblico di Qiskit viene eseguito dopo ogni pass: last_completed_pass non identifica necessariamente il pass interrotto. | Lo stack indica dove SIGALRM è stato osservato, non dimostra quale pass, configurazione, circuito o hardware abbia causato il timeout. | Un'attribuzione causale richiede confronti controllati tra circuiti, configurazioni e device.",qiskit/transpiler/passes/routing/lookahead_swap.py:346:_calc_layout_distance
ibm_falcon_27,27,b9120f471bd90ef5aae03606ebc1e421478cd50f7b65ff4fb115f64c5148c104,run_0ab3d8a01ef6146a56a7a3bd2d50961ed35c827c79d0dd1124b2c07ba13895cd,qftentangled_indep_tket_14,qftentangled,tket,14,31,140,o3_sabre_lookahead,3,sabre,lookahead,1,timeout,transpilation,timeout,AttemptTimeoutError,100.0,100.00163686700398,Tentativo interrotto dopo 100.0 secondi.,qiskit_post_pass_callback_and_sigalrm_traceback,transpilation,21,LookaheadSwap,qiskit.transpiler.passes.routing.lookahead_swap.LookaheadSwap,20,99.98384141921997,99.99783854199632,qiskit/transpiler/passes/routing/lookahead_swap.py,_first_op_node,394,,,,none,False,"Il callback pubblico di Qiskit viene eseguito dopo ogni pass: last_completed_pass non identifica necessariamente il pass interrotto. | Lo stack indica dove SIGALRM è stato osservato, non dimostra quale pass, configurazione, circuito o hardware abbia causato il timeout. | Un'attribuzione causale richiede confronti controllati tra circuiti, configurazioni e device.",qiskit/transpiler/passes/routing/lookahead_swap.py:394:_first_op_node
ibm_falcon_27,27,b9120f471bd90ef5aae03606ebc1e421478cd50f7b65ff4fb115f64c5148c104,run_7fb6f6fb3588a539a5bce1da82ae2eda4f02e5ecc0595505ee77049b94cecf42,qftentangled_indep_tket_14,qftentangled,tket,14,31,140,o3_sabre_lookahead,3,sabre,lookahead,2,timeout,transpilation,timeout,AttemptTimeoutError,100.0,100.00235274899751,Tentativo interrotto dopo 100.0 secondi.,qiskit_post_pass_callback_and_sigalrm_traceback,transpilation,21,LookaheadSwap,qiskit.transpiler.passes.routing.lookahead_swap.LookaheadSwap,20,99.98431372642517,99.9979406860075,qiskit/transpiler/passes/routing/lookahead_swap.py,_map_free_gates,316,,,,none,False,"Il callback pubblico di Qiskit viene eseguito dopo ogni pass: last_completed_pass non identifica necessariamente il pass interrotto. | Lo stack indica dove SIGALRM è stato osservato, non dimostra quale pass, configurazione, circuito o hardware abbia causato il timeout. | Un'attribuzione causale richiede confronti controllati tra circuiti, configurazioni e device.",qiskit/transpiler/passes/routing/lookahead_swap.py:316:_map_free_gates
ibm_falcon_27,27,b9120f471bd90ef5aae03606ebc1e421478cd50f7b65ff4fb115f64c5148c104,run_0c32853e3b8677215ae180a60dd6adfc248487754d49778c18f06af12f38fb26,qnn_indep_qiskit_7,qnn,qiskit,7,65,167,o3_sabre_lookahead,3,sabre,lookahead,2,timeout,transpilation,timeout,AttemptTimeoutError,100.0,100.00166327599436,Tentativo interrotto dopo 100.0 secondi.,qiskit_post_pass_callback_and_sigalrm_traceback,transpilation,21,LookaheadSwap,qiskit.transpiler.passes.routing.lookahead_swap.LookaheadSwap,20,99.98705983161926,99.99905944000056,qiskit/transpiler/passes/routing/lookahead_swap.py,_map_free_gates,306,,,,none,False,"Il callback pubblico di Qiskit viene eseguito dopo ogni pass: last_completed_pass non identifica necessariamente il pass interrotto. | Lo stack indica dove SIGALRM è stato osservato, non dimostra quale pass, configurazione, circuito o hardware abbia causato il timeout. | Un'attribuzione causale richiede confronti controllati tra circuiti, configurazioni e device.",qiskit/transpiler/passes/routing/lookahead_swap.py:306:_map_free_gates
ibm_falcon_27,27,b9120f471bd90ef5aae03606ebc1e421478cd50f7b65ff4fb115f64c5148c104,run_132f2451c379d6d3c58f1aca196c1ec9f947593d7fa32c1d4054ef585272a20b,qnn_indep_tket_7,qnn,tket,7,67,181,o3_sabre_lookahead,3,sabre,lookahead,2,timeout,transpilation,timeout,AttemptTimeoutError,100.0,100.00208881500294,Tentativo interrotto dopo 100.0 secondi.,qiskit_post_pass_callback_and_sigalrm_traceback,transpilation,21,LookaheadSwap,qiskit.transpiler.passes.routing.lookahead_swap.LookaheadSwap,20,99.98579120635986,99.99916740100889,qiskit/transpiler/passes/routing/lookahead_swap.py,_calc_layout_distance,345,,,,none,False,"Il callback pubblico di Qiskit viene eseguito dopo ogni pass: last_completed_pass non identifica necessariamente il pass interrotto. | Lo stack indica dove SIGALRM è stato osservato, non dimostra quale pass, configurazione, circuito o hardware abbia causato il timeout. | Un'attribuzione causale richiede confronti controllati tra circuiti, configurazioni e device.",qiskit/transpiler/passes/routing/lookahead_swap.py:345:_calc_layout_distance
ibm_falcon_27,27,b9120f471bd90ef5aae03606ebc1e421478cd50f7b65ff4fb115f64c5148c104,run_c2ee7ca7337fdc41bd6ce9b5cb96d4daf20e31f8dbe12640f4e85297c7c840bc,random_indep_qiskit_6,random,qiskit,6,34,78,o3_sabre_lookahead,3,sabre,lookahead,0,timeout,transpilation,timeout,AttemptTimeoutError,100.0,100.00143558200216,Tentativo interrotto dopo 100.0 secondi.,qiskit_post_pass_callback_and_sigalrm_traceback,transpilation,21,LookaheadSwap,qiskit.transpiler.passes.routing.lookahead_swap.LookaheadSwap,20,99.98908877372742,99.99898229999235,qiskit/transpiler/passes/routing/lookahead_swap.py,_map_free_gates,316,,,,none,False,"Il callback pubblico di Qiskit viene eseguito dopo ogni pass: last_completed_pass non identifica necessariamente il pass interrotto. | Lo stack indica dove SIGALRM è stato osservato, non dimostra quale pass, configurazione, circuito o hardware abbia causato il timeout. | Un'attribuzione causale richiede confronti controllati tra circuiti, configurazioni e device.",qiskit/transpiler/passes/routing/lookahead_swap.py:316:_map_free_gates
ibm_falcon_27,27,b9120f471bd90ef5aae03606ebc1e421478cd50f7b65ff4fb115f64c5148c104,run_0eac012c9d8e0e57e3113f0e8c195e6c180237cceda618aea970b17d5ba5d0f2,random_indep_qiskit_6,random,qiskit,6,34,78,o3_sabre_lookahead,3,sabre,lookahead,1,timeout,transpilation,timeout,AttemptTimeoutError,100.0,100.0015052989911,Tentativo interrotto dopo 100.0 secondi.,qiskit_post_pass_callback_and_sigalrm_traceback,transpilation,21,LookaheadSwap,qiskit.transpiler.passes.routing.lookahead_swap.LookaheadSwap,20,99.99209690093994,99.99935866399028,qiskit/transpiler/passes/routing/lookahead_swap.py,_first_op_node,394,,,,none,False,"Il callback pubblico di Qiskit viene eseguito dopo ogni pass: last_completed_pass non identifica necessariamente il pass interrotto. | Lo stack indica dove SIGALRM è stato osservato, non dimostra quale pass, configurazione, circuito o hardware abbia causato il timeout. | Un'attribuzione causale richiede confronti controllati tra circuiti, configurazioni e device.",qiskit/transpiler/passes/routing/lookahead_swap.py:394:_first_op_node
ibm_falcon_27,27,b9120f471bd90ef5aae03606ebc1e421478cd50f7b65ff4fb115f64c5148c104,run_8a5108418ba18bdbfb2656ad13a5124a78964c06c781c2871b6f67b701d78df7,random_indep_qiskit_7,random,qiskit,7,41,116,o3_sabre_lookahead,3,sabre,lookahead,0,timeout,transpilation,timeout,AttemptTimeoutError,100.0,100.00176354299765,Tentativo interrotto dopo 100.0 secondi.,qiskit_post_pass_callback_and_sigalrm_traceback,transpilation,21,LookaheadSwap,qiskit.transpiler.passes.routing.lookahead_swap.LookaheadSwap,20,99.98843264579773,99.99882058000367,qiskit/transpiler/passes/routing/lookahead_swap.py,_map_free_gates,317,,,,none,False,"Il callback pubblico di Qiskit viene eseguito dopo ogni pass: last_completed_pass non identifica necessariamente il pass interrotto. | Lo stack indica dove SIGALRM è stato osservato, non dimostra quale pass, configurazione, circuito o hardware abbia causato il timeout. | Un'attribuzione causale richiede confronti controllati tra circuiti, configurazioni e device.",qiskit/transpiler/passes/routing/lookahead_swap.py:317:_map_free_gates
ibm_falcon_27,27,b9120f471bd90ef5aae03606ebc1e421478cd50f7b65ff4fb115f64c5148c104,run_f1b42ae7ebde87cef64096286e8ae0fc6d10e21370075f251bce28d969beff00,random_indep_qiskit_7,random,qiskit,7,41,116,o3_sabre_lookahead,3,sabre,lookahead,1,timeout,transpilation,timeout,AttemptTimeoutError,100.0,100.0023808709957,Tentativo interrotto dopo 100.0 secondi.,qiskit_post_pass_callback_and_sigalrm_traceback,transpilation,21,LookaheadSwap,qiskit.transpiler.passes.routing.lookahead_swap.LookaheadSwap,20,99.99095129966736,99.99913728899264,qiskit/transpiler/passes/routing/lookahead_swap.py,_calc_layout_distance,346,,,,none,False,"Il callback pubblico di Qiskit viene eseguito dopo ogni pass: last_completed_pass non identifica necessariamente il pass interrotto. | Lo stack indica dove SIGALRM è stato osservato, non dimostra quale pass, configurazione, circuito o hardware abbia causato il timeout. | Un'attribuzione causale richiede confronti controllati tra circuiti, configurazioni e device.",qiskit/transpiler/passes/routing/lookahead_swap.py:346:_calc_layout_distance
ibm_falcon_27,27,b9120f471bd90ef5aae03606ebc1e421478cd50f7b65ff4fb115f64c5148c104,run_ee368e9ba332af47e12a4ec7049986ceb2936c601bc373fe99485e2a639ef65a,random_indep_qiskit_7,random,qiskit,7,41,116,o3_sabre_lookahead,3,sabre,lookahead,2,timeout,transpilation,timeout,AttemptTimeoutError,100.0,100.00154603899864,Tentativo interrotto dopo 100.0 secondi.,qiskit_post_pass_callback_and_sigalrm_traceback,transpilation,21,LookaheadSwap,qiskit.transpiler.passes.routing.lookahead_swap.LookaheadSwap,20,99.99132370948792,99.99916208900686,qiskit/transpiler/passes/routing/lookahead_swap.py,_calc_layout_distance,345,,,,none,False,"Il callback pubblico di Qiskit viene eseguito dopo ogni pass: last_completed_pass non identifica necessariamente il pass interrotto. | Lo stack indica dove SIGALRM è stato osservato, non dimostra quale pass, configurazione, circuito o hardware abbia causato il timeout. | Un'attribuzione causale richiede confronti controllati tra circuiti, configurazioni e device.",qiskit/transpiler/passes/routing/lookahead_swap.py:345:_calc_layout_distance
ibm_falcon_27,27,b9120f471bd90ef5aae03606ebc1e421478cd50f7b65ff4fb115f64c5148c104,run_9961b72e5ad78d4bb27bb53d3e3eae4eb1ccce89ba88d1a952e12385e4115613,random_indep_qiskit_8,random,qiskit,8,50,152,o3_sabre_lookahead,3,sabre,lookahead,0,timeout,transpilation,timeout,AttemptTimeoutError,100.0,100.00171635400329,Tentativo interrotto dopo 100.0 secondi.,qiskit_post_pass_callback_and_sigalrm_traceback,transpilation,21,LookaheadSwap,qiskit.transpiler.passes.routing.lookahead_swap.LookaheadSwap,20,99.98856139183044,99.99860902500222,qiskit/transpiler/passes/routing/lookahead_swap.py,_first_op_node,394,,,,none,False,"Il callback pubblico di Qiskit viene eseguito dopo ogni pass: last_completed_pass non identifica necessariamente il pass interrotto. | Lo stack indica dove SIGALRM è stato osservato, non dimostra quale pass, configurazione, circuito o hardware abbia causato il timeout. | Un'attribuzione causale richiede confronti controllati tra circuiti, configurazioni e device.",qiskit/transpiler/passes/routing/lookahead_swap.py:394:_first_op_node
ibm_falcon_27,27,b9120f471bd90ef5aae03606ebc1e421478cd50f7b65ff4fb115f64c5148c104,run_eda24e0df40025741a9575dd023bc872880d3e7e078348517867c77542785578,random_indep_qiskit_8,random,qiskit,8,50,152,o3_sabre_lookahead,3,sabre,lookahead,1,timeout,transpilation,timeout,AttemptTimeoutError,100.0,100.00162171300326,Tentativo interrotto dopo 100.0 secondi.,qiskit_post_pass_callback_and_sigalrm_traceback,transpilation,21,LookaheadSwap,qiskit.transpiler.passes.routing.lookahead_swap.LookaheadSwap,20,99.9879858493805,99.99844819300051,qiskit/transpiler/passes/routing/lookahead_swap.py,_calc_layout_distance,346,,,,none,False,"Il callback pubblico di Qiskit viene eseguito dopo ogni pass: last_completed_pass non identifica necessariamente il pass interrotto. | Lo stack indica dove SIGALRM è stato osservato, non dimostra quale pass, configurazione, circuito o hardware abbia causato il timeout. | Un'attribuzione causale richiede confronti controllati tra circuiti, configurazioni e device.",qiskit/transpiler/passes/routing/lookahead_swap.py:346:_calc_layout_distance
ibm_falcon_27,27,b9120f471bd90ef5aae03606ebc1e421478cd50f7b65ff4fb115f64c5148c104,run_3959ae4ffb988ed2fa683e0d20359ce7b24faf99d1b67ac40348262be1e37413,random_indep_qiskit_8,random,qiskit,8,50,152,o3_sabre_lookahead,3,sabre,lookahead,2,timeout,transpilation,timeout,AttemptTimeoutError,100.0,100.00241122499574,Tentativo interrotto dopo 100.0 secondi.,qiskit_post_pass_callback_and_sigalrm_traceback,transpilation,21,LookaheadSwap,qiskit.transpiler.passes.routing.lookahead_swap.LookaheadSwap,20,99.99038290977478,99.9988352250075,qiskit/transpiler/passes/routing/lookahead_swap.py,_first_op_node,394,,,,none,False,"Il callback pubblico di Qiskit viene eseguito dopo ogni pass: last_completed_pass non identifica necessariamente il pass interrotto. | Lo stack indica dove SIGALRM è stato osservato, non dimostra quale pass, configurazione, circuito o hardware abbia causato il timeout. | Un'attribuzione causale richiede confronti controllati tra circuiti, configurazioni e device.",qiskit/transpiler/passes/routing/lookahead_swap.py:394:_first_op_node
ibm_falcon_27,27,b9120f471bd90ef5aae03606ebc1e421478cd50f7b65ff4fb115f64c5148c104,run_8ab78e243812084201794460844b9d10ad88ea2dfca75631d9735b1b39cf6d8f,random_indep_tket_6,random,tket,6,34,78,o3_sabre_lookahead,3,sabre,lookahead,0,timeout,transpilation,timeout,AttemptTimeoutError,100.0,100.0019983289967,Tentativo interrotto dopo 100.0 secondi.,qiskit_post_pass_callback_and_sigalrm_traceback,transpilation,21,LookaheadSwap,qiskit.transpiler.passes.routing.lookahead_swap.LookaheadSwap,20,99.99086475372314,99.99939665399143,qiskit/transpiler/passes/routing/lookahead_swap.py,_calc_layout_distance,345,,,,none,False,"Il callback pubblico di Qiskit viene eseguito dopo ogni pass: last_completed_pass non identifica necessariamente il pass interrotto. | Lo stack indica dove SIGALRM è stato osservato, non dimostra quale pass, configurazione, circuito o hardware abbia causato il timeout. | Un'attribuzione causale richiede confronti controllati tra circuiti, configurazioni e device.",qiskit/transpiler/passes/routing/lookahead_swap.py:345:_calc_layout_distance
ibm_falcon_27,27,b9120f471bd90ef5aae03606ebc1e421478cd50f7b65ff4fb115f64c5148c104,run_c96f00360179fde8f37f8563d8e816a9f4f4e2edb036eb4645f1125f59fa6d78,random_indep_tket_6,random,tket,6,34,78,o3_sabre_lookahead,3,sabre,lookahead,1,timeout,transpilation,timeout,AttemptTimeoutError,100.0,100.00207095799851,Tentativo interrotto dopo 100.0 secondi.,qiskit_post_pass_callback_and_sigalrm_traceback,transpilation,21,LookaheadSwap,qiskit.transpiler.passes.routing.lookahead_swap.LookaheadSwap,20,99.9923083782196,99.99941797000065,qiskit/transpiler/passes/routing/lookahead_swap.py,_map_free_gates,316,,,,none,False,"Il callback pubblico di Qiskit viene eseguito dopo ogni pass: last_completed_pass non identifica necessariamente il pass interrotto. | Lo stack indica dove SIGALRM è stato osservato, non dimostra quale pass, configurazione, circuito o hardware abbia causato il timeout. | Un'attribuzione causale richiede confronti controllati tra circuiti, configurazioni e device.",qiskit/transpiler/passes/routing/lookahead_swap.py:316:_map_free_gates
ibm_falcon_27,27,b9120f471bd90ef5aae03606ebc1e421478cd50f7b65ff4fb115f64c5148c104,run_e8e411b5e1f50c9f5f038f02d025b7db88ac79c40b7f8dad93766b5d98086d1b,random_indep_tket_7,random,tket,7,41,116,o3_sabre_lookahead,3,sabre,lookahead,0,timeout,transpilation,timeout,AttemptTimeoutError,100.0,100.00185535600758,Tentativo interrotto dopo 100.0 secondi.,qiskit_post_pass_callback_and_sigalrm_traceback,transpilation,21,LookaheadSwap,qiskit.transpiler.passes.routing.lookahead_swap.LookaheadSwap,20,99.9902355670929,99.99862250199658,qiskit/transpiler/passes/routing/lookahead_swap.py,_score_state_with_swap,359,,,,none,False,"Il callback pubblico di Qiskit viene eseguito dopo ogni pass: last_completed_pass non identifica necessariamente il pass interrotto. | Lo stack indica dove SIGALRM è stato osservato, non dimostra quale pass, configurazione, circuito o hardware abbia causato il timeout. | Un'attribuzione causale richiede confronti controllati tra circuiti, configurazioni e device.",qiskit/transpiler/passes/routing/lookahead_swap.py:359:_score_state_with_swap
ibm_falcon_27,27,b9120f471bd90ef5aae03606ebc1e421478cd50f7b65ff4fb115f64c5148c104,run_d13f05f6f08d8ac940330cfc9f622ba292f377021691fd5fa78822239623a696,random_indep_tket_7,random,tket,7,41,116,o3_sabre_lookahead,3,sabre,lookahead,1,timeout,transpilation,timeout,AttemptTimeoutError,100.0,100.00223554400145,Tentativo interrotto dopo 100.0 secondi.,qiskit_post_pass_callback_and_sigalrm_traceback,transpilation,21,LookaheadSwap,qiskit.transpiler.passes.routing.lookahead_swap.LookaheadSwap,20,99.9899230003357,99.9986957939982,qiskit/transpiler/passes/routing/lookahead_swap.py,<genexpr>,220,,,,none,False,"Il callback pubblico di Qiskit viene eseguito dopo ogni pass: last_completed_pass non identifica necessariamente il pass interrotto. | Lo stack indica dove SIGALRM è stato osservato, non dimostra quale pass, configurazione, circuito o hardware abbia causato il timeout. | Un'attribuzione causale richiede confronti controllati tra circuiti, configurazioni e device.",qiskit/transpiler/passes/routing/lookahead_swap.py:220:<genexpr>
ibm_falcon_27,27,b9120f471bd90ef5aae03606ebc1e421478cd50f7b65ff4fb115f64c5148c104,run_c48985084b36b62f3d5fea37f262e0a1ac09d83e1cbe84f4f2f7380e13d5255e,random_indep_tket_7,random,tket,7,41,116,o3_sabre_lookahead,3,sabre,lookahead,2,timeout,transpilation,timeout,AttemptTimeoutError,100.0,100.0022427560034,Tentativo interrotto dopo 100.0 secondi.,qiskit_post_pass_callback_and_sigalrm_traceback,transpilation,21,LookaheadSwap,qiskit.transpiler.passes.routing.lookahead_swap.LookaheadSwap,20,99.99011731147766,99.99859249401197,qiskit/transpiler/passes/routing/lookahead_swap.py,_calc_layout_distance,345,,,,none,False,"Il callback pubblico di Qiskit viene eseguito dopo ogni pass: last_completed_pass non identifica necessariamente il pass interrotto. | Lo stack indica dove SIGALRM è stato osservato, non dimostra quale pass, configurazione, circuito o hardware abbia causato il timeout. | Un'attribuzione causale richiede confronti controllati tra circuiti, configurazioni e device.",qiskit/transpiler/passes/routing/lookahead_swap.py:345:_calc_layout_distance
ibm_falcon_27,27,b9120f471bd90ef5aae03606ebc1e421478cd50f7b65ff4fb115f64c5148c104,run_afb94b931a09ae01e0c71cae2281e154f53e6e662cd9bbaa1145660207dd1d4b,random_indep_tket_8,random,tket,8,50,152,o3_sabre_lookahead,3,sabre,lookahead,0,timeout,transpilation,timeout,AttemptTimeoutError,100.0,100.00163326298934,Tentativo interrotto dopo 100.0 secondi.,qiskit_post_pass_callback_and_sigalrm_traceback,transpilation,21,LookaheadSwap,qiskit.transpiler.passes.routing.lookahead_swap.LookaheadSwap,20,99.99011969566345,99.99903351599642,qiskit/transpiler/passes/routing/lookahead_swap.py,_calc_layout_distance,346,,,,none,False,"Il callback pubblico di Qiskit viene eseguito dopo ogni pass: last_completed_pass non identifica necessariamente il pass interrotto. | Lo stack indica dove SIGALRM è stato osservato, non dimostra quale pass, configurazione, circuito o hardware abbia causato il timeout. | Un'attribuzione causale richiede confronti controllati tra circuiti, configurazioni e device.",qiskit/transpiler/passes/routing/lookahead_swap.py:346:_calc_layout_distance
ibm_falcon_27,27,b9120f471bd90ef5aae03606ebc1e421478cd50f7b65ff4fb115f64c5148c104,run_46ce0bf12719130aba479e7bfb397069a9a5526aceb4448db33ac13d56aacbf2,random_indep_tket_8,random,tket,8,50,152,o3_sabre_lookahead,3,sabre,lookahead,1,timeout,transpilation,timeout,AttemptTimeoutError,100.0,100.00211646099342,Tentativo interrotto dopo 100.0 secondi.,qiskit_post_pass_callback_and_sigalrm_traceback,transpilation,21,LookaheadSwap,qiskit.transpiler.passes.routing.lookahead_swap.LookaheadSwap,20,99.98835587501526,99.99849357000494,qiskit/transpiler/passes/routing/lookahead_swap.py,_first_op_node,394,,,,none,False,"Il callback pubblico di Qiskit viene eseguito dopo ogni pass: last_completed_pass non identifica necessariamente il pass interrotto. | Lo stack indica dove SIGALRM è stato osservato, non dimostra quale pass, configurazione, circuito o hardware abbia causato il timeout. | Un'attribuzione causale richiede confronti controllati tra circuiti, configurazioni e device.",qiskit/transpiler/passes/routing/lookahead_swap.py:394:_first_op_node
ibm_falcon_27,27,b9120f471bd90ef5aae03606ebc1e421478cd50f7b65ff4fb115f64c5148c104,run_8ddea461dd6d221b99c8f210e9921d320940fa33afd965b0743f6ca4afd93a55,random_indep_tket_8,random,tket,8,50,152,o3_sabre_lookahead,3,sabre,lookahead,2,timeout,transpilation,timeout,AttemptTimeoutError,100.0,100.00225699400471,Tentativo interrotto dopo 100.0 secondi.,qiskit_post_pass_callback_and_sigalrm_traceback,transpilation,21,LookaheadSwap,qiskit.transpiler.passes.routing.lookahead_swap.LookaheadSwap,20,99.98781442642212,99.99840753601165,qiskit/transpiler/passes/routing/lookahead_swap.py,_score_state_with_swap,359,,,,none,False,"Il callback pubblico di Qiskit viene eseguito dopo ogni pass: last_completed_pass non identifica necessariamente il pass interrotto. | Lo stack indica dove SIGALRM è stato osservato, non dimostra quale pass, configurazione, circuito o hardware abbia causato il timeout. | Un'attribuzione causale richiede confronti controllati tra circuiti, configurazioni e device.",qiskit/transpiler/passes/routing/lookahead_swap.py:359:_score_state_with_swap
ibm_falcon_27,27,b9120f471bd90ef5aae03606ebc1e421478cd50f7b65ff4fb115f64c5148c104,run_ab42d7dfd41fb969d73dcac55fa16e472a759f12423064d10ccc447cfb515e0a,realamprandom_indep_qiskit_10,realamprandom,qiskit,10,42,185,o3_sabre_lookahead,3,sabre,lookahead,0,timeout,transpilation,timeout,AttemptTimeoutError,100.0,100.00260356201034,Tentativo interrotto dopo 100.0 secondi.,qiskit_post_pass_callback_and_sigalrm_traceback,transpilation,21,LookaheadSwap,qiskit.transpiler.passes.routing.lookahead_swap.LookaheadSwap,20,99.98413944244385,99.99921188699955,qiskit/transpiler/passes/routing/lookahead_swap.py,_map_free_gates,316,,,,none,False,"Il callback pubblico di Qiskit viene eseguito dopo ogni pass: last_completed_pass non identifica necessariamente il pass interrotto. | Lo stack indica dove SIGALRM è stato osservato, non dimostra quale pass, configurazione, circuito o hardware abbia causato il timeout. | Un'attribuzione causale richiede confronti controllati tra circuiti, configurazioni e device.",qiskit/transpiler/passes/routing/lookahead_swap.py:316:_map_free_gates
ibm_falcon_27,27,b9120f471bd90ef5aae03606ebc1e421478cd50f7b65ff4fb115f64c5148c104,run_54a9996077b1bd04b7b6f5037158df129221812254e54b42fe29ff1b91c26356,realamprandom_indep_qiskit_10,realamprandom,qiskit,10,42,185,o3_sabre_lookahead,3,sabre,lookahead,1,timeout,transpilation,timeout,AttemptTimeoutError,100.0,100.00175574400055,Tentativo interrotto dopo 100.0 secondi.,qiskit_post_pass_callback_and_sigalrm_traceback,transpilation,21,LookaheadSwap,qiskit.transpiler.passes.routing.lookahead_swap.LookaheadSwap,20,99.98355650901794,99.99886046000756,qiskit/transpiler/passes/routing/lookahead_swap.py,_map_free_gates,306,,,,none,False,"Il callback pubblico di Qiskit viene eseguito dopo ogni pass: last_completed_pass non identifica necessariamente il pass interrotto. | Lo stack indica dove SIGALRM è stato osservato, non dimostra quale pass, configurazione, circuito o hardware abbia causato il timeout. | Un'attribuzione causale richiede confronti controllati tra circuiti, configurazioni e device.",qiskit/transpiler/passes/routing/lookahead_swap.py:306:_map_free_gates
ibm_falcon_27,27,b9120f471bd90ef5aae03606ebc1e421478cd50f7b65ff4fb115f64c5148c104,run_09ce3e9592c92ff4f6191f57f114a708be5d0d4292727bb528a2819a942e12a1,realamprandom_indep_qiskit_10,realamprandom,qiskit,10,42,185,o3_sabre_lookahead,3,sabre,lookahead,2,timeout,transpilation,timeout,AttemptTimeoutError,100.0,100.00251861900324,Tentativo interrotto dopo 100.0 secondi.,qiskit_post_pass_callback_and_sigalrm_traceback,transpilation,21,LookaheadSwap,qiskit.transpiler.passes.routing.lookahead_swap.LookaheadSwap,20,99.9840579032898,99.99887791600486,qiskit/transpiler/passes/routing/lookahead_swap.py,_first_op_node,394,,,,none,False,"Il callback pubblico di Qiskit viene eseguito dopo ogni pass: last_completed_pass non identifica necessariamente il pass interrotto. | Lo stack indica dove SIGALRM è stato osservato, non dimostra quale pass, configurazione, circuito o hardware abbia causato il timeout. | Un'attribuzione causale richiede confronti controllati tra circuiti, configurazioni e device.",qiskit/transpiler/passes/routing/lookahead_swap.py:394:_first_op_node
ibm_falcon_27,27,b9120f471bd90ef5aae03606ebc1e421478cd50f7b65ff4fb115f64c5148c104,run_8771e201dfcb6886be7f10d47c46a244a5e06ddc2b47e2c80e5841f74a979928,realamprandom_indep_qiskit_11,realamprandom,qiskit,11,46,220,o3_sabre_lookahead,3,sabre,lookahead,0,timeout,transpilation,timeout,AttemptTimeoutError,100.0,100.00200239599508,Tentativo interrotto dopo 100.0 secondi.,qiskit_post_pass_callback_and_sigalrm_traceback,transpilation,21,LookaheadSwap,qiskit.transpiler.passes.routing.lookahead_swap.LookaheadSwap,20,99.98286557197571,99.99905668199062,qiskit/transpiler/passes/routing/lookahead_swap.py,_calc_layout_distance,346,,,,none,False,"Il callback pubblico di Qiskit viene eseguito dopo ogni pass: last_completed_pass non identifica necessariamente il pass interrotto. | Lo stack indica dove SIGALRM è stato osservato, non dimostra quale pass, configurazione, circuito o hardware abbia causato il timeout. | Un'attribuzione causale richiede confronti controllati tra circuiti, configurazioni e device.",qiskit/transpiler/passes/routing/lookahead_swap.py:346:_calc_layout_distance
ibm_falcon_27,27,b9120f471bd90ef5aae03606ebc1e421478cd50f7b65ff4fb115f64c5148c104,run_2475a66053908343bf37e2e35d822e72cb5bfb11b8b1f83f9dd185a38395e7cd,realamprandom_indep_qiskit_11,realamprandom,qiskit,11,46,220,o3_sabre_lookahead,3,sabre,lookahead,1,timeout,transpilation,timeout,AttemptTimeoutError,100.0,100.00180641899351,Tentativo interrotto dopo 100.0 secondi.,qiskit_post_pass_callback_and_sigalrm_traceback,transpilation,21,LookaheadSwap,qiskit.transpiler.passes.routing.lookahead_swap.LookaheadSwap,20,99.9831600189209,99.99875981100195,qiskit/transpiler/passes/routing/lookahead_swap.py,_calc_layout_distance,346,,,,none,False,"Il callback pubblico di Qiskit viene eseguito dopo ogni pass: last_completed_pass non identifica necessariamente il pass interrotto. | Lo stack indica dove SIGALRM è stato osservato, non dimostra quale pass, configurazione, circuito o hardware abbia causato il timeout. | Un'attribuzione causale richiede confronti controllati tra circuiti, configurazioni e device.",qiskit/transpiler/passes/routing/lookahead_swap.py:346:_calc_layout_distance
ibm_falcon_27,27,b9120f471bd90ef5aae03606ebc1e421478cd50f7b65ff4fb115f64c5148c104,run_ac542c28b66b53fbbdf68cfe956701fa92847003b0da92f4a46662f63453441f,realamprandom_indep_qiskit_11,realamprandom,qiskit,11,46,220,o3_sabre_lookahead,3,sabre,lookahead,2,timeout,transpilation,timeout,AttemptTimeoutError,100.0,100.00257038700511,Tentativo interrotto dopo 100.0 secondi.,qiskit_post_pass_callback_and_sigalrm_traceback,transpilation,21,LookaheadSwap,qiskit.transpiler.passes.routing.lookahead_swap.LookaheadSwap,20,99.98145031929016,99.99865686798876,qiskit/transpiler/passes/routing/lookahead_swap.py,_calc_layout_distance,346,,,,none,False,"Il callback pubblico di Qiskit viene eseguito dopo ogni pass: last_completed_pass non identifica necessariamente il pass interrotto. | Lo stack indica dove SIGALRM è stato osservato, non dimostra quale pass, configurazione, circuito o hardware abbia causato il timeout. | Un'attribuzione causale richiede confronti controllati tra circuiti, configurazioni e device.",qiskit/transpiler/passes/routing/lookahead_swap.py:346:_calc_layout_distance
ibm_falcon_27,27,b9120f471bd90ef5aae03606ebc1e421478cd50f7b65ff4fb115f64c5148c104,run_3d052583120f4f55556327cf23a086ccfb759339b5cea4a3b40a631dc6a053c6,realamprandom_indep_qiskit_6,realamprandom,qiskit,6,26,75,o3_sabre_lookahead,3,sabre,lookahead,0,timeout,transpilation,timeout,AttemptTimeoutError,100.0,100.00198402600654,Tentativo interrotto dopo 100.0 secondi.,qiskit_post_pass_callback_and_sigalrm_traceback,transpilation,21,LookaheadSwap,qiskit.transpiler.passes.routing.lookahead_swap.LookaheadSwap,20,99.99023532867432,99.99941194000712,qiskit/transpiler/passes/routing/lookahead_swap.py,_first_op_node,394,,,,none,False,"Il callback pubblico di Qiskit viene eseguito dopo ogni pass: last_completed_pass non identifica necessariamente il pass interrotto. | Lo stack indica dove SIGALRM è stato osservato, non dimostra quale pass, configurazione, circuito o hardware abbia causato il timeout. | Un'attribuzione causale richiede confronti controllati tra circuiti, configurazioni e device.",qiskit/transpiler/passes/routing/lookahead_swap.py:394:_first_op_node
ibm_falcon_27,27,b9120f471bd90ef5aae03606ebc1e421478cd50f7b65ff4fb115f64c5148c104,run_97e49f6407ebe9d76aec2a22fd198e36b2ac92fa4154da7d550d4b16c2855ab5,realamprandom_indep_qiskit_7,realamprandom,qiskit,7,30,98,o3_sabre_lookahead,3,sabre,lookahead,0,timeout,transpilation,timeout,AttemptTimeoutError,100.0,100.00133640700369,Tentativo interrotto dopo 100.0 secondi.,qiskit_post_pass_callback_and_sigalrm_traceback,transpilation,21,LookaheadSwap,qiskit.transpiler.passes.routing.lookahead_swap.LookaheadSwap,20,99.98996710777283,99.99951180101198,qiskit/transpiler/passes/routing/lookahead_swap.py,_first_op_node,394,,,,none,False,"Il callback pubblico di Qiskit viene eseguito dopo ogni pass: last_completed_pass non identifica necessariamente il pass interrotto. | Lo stack indica dove SIGALRM è stato osservato, non dimostra quale pass, configurazione, circuito o hardware abbia causato il timeout. | Un'attribuzione causale richiede confronti controllati tra circuiti, configurazioni e device.",qiskit/transpiler/passes/routing/lookahead_swap.py:394:_first_op_node
ibm_falcon_27,27,b9120f471bd90ef5aae03606ebc1e421478cd50f7b65ff4fb115f64c5148c104,run_c0a8e59cfe01c8a123cfe30df16deb6255270ec98207279ab02dd8eefcff29ba,realamprandom_indep_qiskit_7,realamprandom,qiskit,7,30,98,o3_sabre_lookahead,3,sabre,lookahead,2,timeout,transpilation,timeout,AttemptTimeoutError,100.0,100.0014278870076,Tentativo interrotto dopo 100.0 secondi.,qiskit_post_pass_callback_and_sigalrm_traceback,transpilation,21,LookaheadSwap,qiskit.transpiler.passes.routing.lookahead_swap.LookaheadSwap,20,99.98928308486938,99.99926069199864,qiskit/transpiler/passes/routing/lookahead_swap.py,_first_op_node,394,,,,none,False,"Il callback pubblico di Qiskit viene eseguito dopo ogni pass: last_completed_pass non identifica necessariamente il pass interrotto. | Lo stack indica dove SIGALRM è stato osservato, non dimostra quale pass, configurazione, circuito o hardware abbia causato il timeout. | Un'attribuzione causale richiede confronti controllati tra circuiti, configurazioni e device.",qiskit/transpiler/passes/routing/lookahead_swap.py:394:_first_op_node
ibm_falcon_27,27,b9120f471bd90ef5aae03606ebc1e421478cd50f7b65ff4fb115f64c5148c104,run_bd5bfa8140655cf9f705b4ac2840641e8c271f13efca37927707d782b24015bf,realamprandom_indep_qiskit_8,realamprandom,qiskit,8,34,124,o3_sabre_lookahead,3,sabre,lookahead,0,timeout,transpilation,timeout,AttemptTimeoutError,100.0,100.00202009899658,Tentativo interrotto dopo 100.0 secondi.,qiskit_post_pass_callback_and_sigalrm_traceback,transpilation,21,LookaheadSwap,qiskit.transpiler.passes.routing.lookahead_swap.LookaheadSwap,20,99.98972916603088,99.99948265501007,qiskit/transpiler/passes/routing/lookahead_swap.py,_calc_layout_distance,346,,,,none,False,"Il callback pubblico di Qiskit viene eseguito dopo ogni pass: last_completed_pass non identifica necessariamente il pass interrotto. | Lo stack indica dove SIGALRM è stato osservato, non dimostra quale pass, configurazione, circuito o hardware abbia causato il timeout. | Un'attribuzione causale richiede confronti controllati tra circuiti, configurazioni e device.",qiskit/transpiler/passes/routing/lookahead_swap.py:346:_calc_layout_distance
ibm_falcon_27,27,b9120f471bd90ef5aae03606ebc1e421478cd50f7b65ff4fb115f64c5148c104,run_709c7ad9303ae45cdbab52909db09caf31a2c6e3f7171da16048fbfd1638b12b,realamprandom_indep_qiskit_8,realamprandom,qiskit,8,34,124,o3_sabre_lookahead,3,sabre,lookahead,1,timeout,transpilation,timeout,AttemptTimeoutError,100.0,100.00142133400368,Tentativo interrotto dopo 100.0 secondi.,qiskit_post_pass_callback_and_sigalrm_traceback,transpilation,21,LookaheadSwap,qiskit.transpiler.passes.routing.lookahead_swap.LookaheadSwap,20,99.989018201828,99.99913503600692,qiskit/transpiler/passes/routing/lookahead_swap.py,<genexpr>,394,,,,none,False,"Il callback pubblico di Qiskit viene eseguito dopo ogni pass: last_completed_pass non identifica necessariamente il pass interrotto. | Lo stack indica dove SIGALRM è stato osservato, non dimostra quale pass, configurazione, circuito o hardware abbia causato il timeout. | Un'attribuzione causale richiede confronti controllati tra circuiti, configurazioni e device.",qiskit/transpiler/passes/routing/lookahead_swap.py:394:<genexpr>
ibm_falcon_27,27,b9120f471bd90ef5aae03606ebc1e421478cd50f7b65ff4fb115f64c5148c104,run_87e3f17c65b8239fe2b2f56c09dab934851909fe5f612bd708189159b0d58b80,realamprandom_indep_qiskit_8,realamprandom,qiskit,8,34,124,o3_sabre_lookahead,3,sabre,lookahead,2,timeout,transpilation,timeout,AttemptTimeoutError,100.0,100.00145799000165,Tentativo interrotto dopo 100.0 secondi.,qiskit_post_pass_callback_and_sigalrm_traceback,transpilation,21,LookaheadSwap,qiskit.transpiler.passes.routing.lookahead_swap.LookaheadSwap,20,99.9892566204071,99.99931922499673,qiskit/transpiler/passes/routing/lookahead_swap.py,_calc_layout_distance,346,,,,none,False,"Il callback pubblico di Qiskit viene eseguito dopo ogni pass: last_completed_pass non identifica necessariamente il pass interrotto. | Lo stack indica dove SIGALRM è stato osservato, non dimostra quale pass, configurazione, circuito o hardware abbia causato il timeout. | Un'attribuzione causale richiede confronti controllati tra circuiti, configurazioni e device.",qiskit/transpiler/passes/routing/lookahead_swap.py:346:_calc_layout_distance
ibm_falcon_27,27,b9120f471bd90ef5aae03606ebc1e421478cd50f7b65ff4fb115f64c5148c104,run_21c1c193d7e75c4254807c46d3520adccf491ba0b82b1fce459ee8743fc0a848,realamprandom_indep_qiskit_9,realamprandom,qiskit,9,38,153,o3_sabre_lookahead,3,sabre,lookahead,0,timeout,transpilation,timeout,AttemptTimeoutError,100.0,100.00226812300389,Tentativo interrotto dopo 100.0 secondi.,qiskit_post_pass_callback_and_sigalrm_traceback,transpilation,21,LookaheadSwap,qiskit.transpiler.passes.routing.lookahead_swap.LookaheadSwap,20,99.98735737800598,99.99927068600664,qiskit/transpiler/passes/routing/lookahead_swap.py,_calc_layout_distance,346,,,,none,False,"Il callback pubblico di Qiskit viene eseguito dopo ogni pass: last_completed_pass non identifica necessariamente il pass interrotto. | Lo stack indica dove SIGALRM è stato osservato, non dimostra quale pass, configurazione, circuito o hardware abbia causato il timeout. | Un'attribuzione causale richiede confronti controllati tra circuiti, configurazioni e device.",qiskit/transpiler/passes/routing/lookahead_swap.py:346:_calc_layout_distance
ibm_falcon_27,27,b9120f471bd90ef5aae03606ebc1e421478cd50f7b65ff4fb115f64c5148c104,run_da0a23fc12044aa8c67d9afef719729784cde96881e4abd80c85c7c527e21d53,realamprandom_indep_qiskit_9,realamprandom,qiskit,9,38,153,o3_sabre_lookahead,3,sabre,lookahead,1,timeout,transpilation,timeout,AttemptTimeoutError,100.0,100.00177001100383,Tentativo interrotto dopo 100.0 secondi.,qiskit_post_pass_callback_and_sigalrm_traceback,transpilation,21,LookaheadSwap,qiskit.transpiler.passes.routing.lookahead_swap.LookaheadSwap,20,99.98626232147217,99.9993246570084,qiskit/transpiler/passes/routing/lookahead_swap.py,_calc_layout_distance,346,,,,none,False,"Il callback pubblico di Qiskit viene eseguito dopo ogni pass: last_completed_pass non identifica necessariamente il pass interrotto. | Lo stack indica dove SIGALRM è stato osservato, non dimostra quale pass, configurazione, circuito o hardware abbia causato il timeout. | Un'attribuzione causale richiede confronti controllati tra circuiti, configurazioni e device.",qiskit/transpiler/passes/routing/lookahead_swap.py:346:_calc_layout_distance
ibm_falcon_27,27,b9120f471bd90ef5aae03606ebc1e421478cd50f7b65ff4fb115f64c5148c104,run_c57372d9b53c466584fba10a667e4fdb4daae6c3ca68f6c2fd41fa2fe89d3dff,realamprandom_indep_qiskit_9,realamprandom,qiskit,9,38,153,o3_sabre_lookahead,3,sabre,lookahead,2,timeout,transpilation,timeout,AttemptTimeoutError,100.0,100.00154159699741,Tentativo interrotto dopo 100.0 secondi.,qiskit_post_pass_callback_and_sigalrm_traceback,transpilation,21,LookaheadSwap,qiskit.transpiler.passes.routing.lookahead_swap.LookaheadSwap,20,99.9875316619873,99.9992442990042,qiskit/transpiler/passes/routing/lookahead_swap.py,_map_free_gates,317,,,,none,False,"Il callback pubblico di Qiskit viene eseguito dopo ogni pass: last_completed_pass non identifica necessariamente il pass interrotto. | Lo stack indica dove SIGALRM è stato osservato, non dimostra quale pass, configurazione, circuito o hardware abbia causato il timeout. | Un'attribuzione causale richiede confronti controllati tra circuiti, configurazioni e device.",qiskit/transpiler/passes/routing/lookahead_swap.py:317:_map_free_gates
ibm_falcon_27,27,b9120f471bd90ef5aae03606ebc1e421478cd50f7b65ff4fb115f64c5148c104,run_651dd7e23e0d84e2297f37bb7cb64828c85e6e29e26b9f16da6ef0994efd0190,realamprandom_indep_tket_10,realamprandom,tket,10,42,185,o3_sabre_lookahead,3,sabre,lookahead,0,timeout,transpilation,timeout,AttemptTimeoutError,100.0,100.00243922499067,Tentativo interrotto dopo 100.0 secondi.,qiskit_post_pass_callback_and_sigalrm_traceback,transpilation,21,LookaheadSwap,qiskit.transpiler.passes.routing.lookahead_swap.LookaheadSwap,20,99.98605632781982,99.99916198299616,qiskit/transpiler/passes/routing/lookahead_swap.py,_calc_layout_distance,346,,,,none,False,"Il callback pubblico di Qiskit viene eseguito dopo ogni pass: last_completed_pass non identifica necessariamente il pass interrotto. | Lo stack indica dove SIGALRM è stato osservato, non dimostra quale pass, configurazione, circuito o hardware abbia causato il timeout. | Un'attribuzione causale richiede confronti controllati tra circuiti, configurazioni e device.",qiskit/transpiler/passes/routing/lookahead_swap.py:346:_calc_layout_distance
ibm_falcon_27,27,b9120f471bd90ef5aae03606ebc1e421478cd50f7b65ff4fb115f64c5148c104,run_f7623ed05fdf825c7b5b496eb991f0e5ad856f340dab4530319ec52f4f21c080,realamprandom_indep_tket_10,realamprandom,tket,10,42,185,o3_sabre_lookahead,3,sabre,lookahead,1,timeout,transpilation,timeout,AttemptTimeoutError,100.0,100.00156717399659,Tentativo interrotto dopo 100.0 secondi.,qiskit_post_pass_callback_and_sigalrm_traceback,transpilation,21,LookaheadSwap,qiskit.transpiler.passes.routing.lookahead_swap.LookaheadSwap,20,99.98661589622498,99.99924371499219,qiskit/transpiler/passes/routing/lookahead_swap.py,_calc_layout_distance,346,,,,none,False,"Il callback pubblico di Qiskit viene eseguito dopo ogni pass: last_completed_pass non identifica necessariamente il pass interrotto. | Lo stack indica dove SIGALRM è stato osservato, non dimostra quale pass, configurazione, circuito o hardware abbia causato il timeout. | Un'attribuzione causale richiede confronti controllati tra circuiti, configurazioni e device.",qiskit/transpiler/passes/routing/lookahead_swap.py:346:_calc_layout_distance
ibm_falcon_27,27,b9120f471bd90ef5aae03606ebc1e421478cd50f7b65ff4fb115f64c5148c104,run_135e27486da4e44cc3666ab04ee21636abb468c9681d91e3aeaca9f399f5a424,realamprandom_indep_tket_10,realamprandom,tket,10,42,185,o3_sabre_lookahead,3,sabre,lookahead,2,timeout,transpilation,timeout,AttemptTimeoutError,100.0,100.00259000300139,Tentativo interrotto dopo 100.0 secondi.,qiskit_post_pass_callback_and_sigalrm_traceback,transpilation,21,LookaheadSwap,qiskit.transpiler.passes.routing.lookahead_swap.LookaheadSwap,20,99.98590898513794,99.99904062299174,qiskit/transpiler/passes/routing/lookahead_swap.py,_calc_layout_distance,346,,,,none,False,"Il callback pubblico di Qiskit viene eseguito dopo ogni pass: last_completed_pass non identifica necessariamente il pass interrotto. | Lo stack indica dove SIGALRM è stato osservato, non dimostra quale pass, configurazione, circuito o hardware abbia causato il timeout. | Un'attribuzione causale richiede confronti controllati tra circuiti, configurazioni e device.",qiskit/transpiler/passes/routing/lookahead_swap.py:346:_calc_layout_distance
ibm_falcon_27,27,b9120f471bd90ef5aae03606ebc1e421478cd50f7b65ff4fb115f64c5148c104,run_8768d2562d08e4723f22c1fe15ef581929ca6f2f2c7bd07b46833be55031e5bd,realamprandom_indep_tket_11,realamprandom,tket,11,46,220,o3_sabre_lookahead,3,sabre,lookahead,0,timeout,transpilation,timeout,AttemptTimeoutError,100.0,100.0026613890077,Tentativo interrotto dopo 100.0 secondi.,qiskit_post_pass_callback_and_sigalrm_traceback,transpilation,21,LookaheadSwap,qiskit.transpiler.passes.routing.lookahead_swap.LookaheadSwap,20,99.98215413093567,99.99915165900893,qiskit/transpiler/passes/routing/lookahead_swap.py,_calc_layout_distance,346,,,,none,False,"Il callback pubblico di Qiskit viene eseguito dopo ogni pass: last_completed_pass non identifica necessariamente il pass interrotto. | Lo stack indica dove SIGALRM è stato osservato, non dimostra quale pass, configurazione, circuito o hardware abbia causato il timeout. | Un'attribuzione causale richiede confronti controllati tra circuiti, configurazioni e device.",qiskit/transpiler/passes/routing/lookahead_swap.py:346:_calc_layout_distance
ibm_falcon_27,27,b9120f471bd90ef5aae03606ebc1e421478cd50f7b65ff4fb115f64c5148c104,run_dfd417c2dbdd6b0c6cbfe189adbe2aa6b4ce0fc6c05bed25471bfb65ed35955f,realamprandom_indep_tket_11,realamprandom,tket,11,46,220,o3_sabre_lookahead,3,sabre,lookahead,1,timeout,transpilation,timeout,AttemptTimeoutError,100.0,100.00263081099547,Tentativo interrotto dopo 100.0 secondi.,qiskit_post_pass_callback_and_sigalrm_traceback,transpilation,21,LookaheadSwap,qiskit.transpiler.passes.routing.lookahead_swap.LookaheadSwap,20,99.98386240005493,99.99904912000056,qiskit/transpiler/passes/routing/lookahead_swap.py,_calc_layout_distance,346,,,,none,False,"Il callback pubblico di Qiskit viene eseguito dopo ogni pass: last_completed_pass non identifica necessariamente il pass interrotto. | Lo stack indica dove SIGALRM è stato osservato, non dimostra quale pass, configurazione, circuito o hardware abbia causato il timeout. | Un'attribuzione causale richiede confronti controllati tra circuiti, configurazioni e device.",qiskit/transpiler/passes/routing/lookahead_swap.py:346:_calc_layout_distance
ibm_falcon_27,27,b9120f471bd90ef5aae03606ebc1e421478cd50f7b65ff4fb115f64c5148c104,run_f70b047786947988e6fde36dd6c25017810164d499f1b6f856e77958c85ba681,realamprandom_indep_tket_11,realamprandom,tket,11,46,220,o3_sabre_lookahead,3,sabre,lookahead,2,timeout,transpilation,timeout,AttemptTimeoutError,100.0,100.0018514359981,Tentativo interrotto dopo 100.0 secondi.,qiskit_post_pass_callback_and_sigalrm_traceback,transpilation,21,LookaheadSwap,qiskit.transpiler.passes.routing.lookahead_swap.LookaheadSwap,20,99.98186206817627,99.99871877599799,qiskit/transpiler/passes/routing/lookahead_swap.py,_calc_layout_distance,346,,,,none,False,"Il callback pubblico di Qiskit viene eseguito dopo ogni pass: last_completed_pass non identifica necessariamente il pass interrotto. | Lo stack indica dove SIGALRM è stato osservato, non dimostra quale pass, configurazione, circuito o hardware abbia causato il timeout. | Un'attribuzione causale richiede confronti controllati tra circuiti, configurazioni e device.",qiskit/transpiler/passes/routing/lookahead_swap.py:346:_calc_layout_distance
ibm_falcon_27,27,b9120f471bd90ef5aae03606ebc1e421478cd50f7b65ff4fb115f64c5148c104,run_21f62588b9616ad77a1918bd00ee965d7b541ca3eac2e0793dd3faadbfd84062,realamprandom_indep_tket_6,realamprandom,tket,6,26,75,o3_sabre_lookahead,3,sabre,lookahead,0,timeout,transpilation,timeout,AttemptTimeoutError,100.0,100.00131657999009,Tentativo interrotto dopo 100.0 secondi.,qiskit_post_pass_callback_and_sigalrm_traceback,transpilation,21,LookaheadSwap,qiskit.transpiler.passes.routing.lookahead_swap.LookaheadSwap,20,99.99206733703613,99.9995941859961,qiskit/transpiler/passes/routing/lookahead_swap.py,_calc_layout_distance,346,,,,none,False,"Il callback pubblico di Qiskit viene eseguito dopo ogni pass: last_completed_pass non identifica necessariamente il pass interrotto. | Lo stack indica dove SIGALRM è stato osservato, non dimostra quale pass, configurazione, circuito o hardware abbia causato il timeout. | Un'attribuzione causale richiede confronti controllati tra circuiti, configurazioni e device.",qiskit/transpiler/passes/routing/lookahead_swap.py:346:_calc_layout_distance
ibm_falcon_27,27,b9120f471bd90ef5aae03606ebc1e421478cd50f7b65ff4fb115f64c5148c104,run_88ff7a40ffaf65371e43a2bdbfaa296f53cda0385752a3fdf7bb5f29ff8b7d45,realamprandom_indep_tket_7,realamprandom,tket,7,30,98,o3_sabre_lookahead,3,sabre,lookahead,0,timeout,transpilation,timeout,AttemptTimeoutError,100.0,100.00137734599411,Tentativo interrotto dopo 100.0 secondi.,qiskit_post_pass_callback_and_sigalrm_traceback,transpilation,21,LookaheadSwap,qiskit.transpiler.passes.routing.lookahead_swap.LookaheadSwap,20,99.99074506759644,99.99946578599338,qiskit/transpiler/passes/routing/lookahead_swap.py,_first_op_node,394,,,,none,False,"Il callback pubblico di Qiskit viene eseguito dopo ogni pass: last_completed_pass non identifica necessariamente il pass interrotto. | Lo stack indica dove SIGALRM è stato osservato, non dimostra quale pass, configurazione, circuito o hardware abbia causato il timeout. | Un'attribuzione causale richiede confronti controllati tra circuiti, configurazioni e device.",qiskit/transpiler/passes/routing/lookahead_swap.py:394:_first_op_node
ibm_falcon_27,27,b9120f471bd90ef5aae03606ebc1e421478cd50f7b65ff4fb115f64c5148c104,run_50e1f21598e877393bd37f60b9b4b7c75b05880951c47ecdb022fa6f57855b0b,realamprandom_indep_tket_7,realamprandom,tket,7,30,98,o3_sabre_lookahead,3,sabre,lookahead,2,timeout,transpilation,timeout,AttemptTimeoutError,100.0,100.00207327200042,Tentativo interrotto dopo 100.0 secondi.,qiskit_post_pass_callback_and_sigalrm_traceback,transpilation,21,LookaheadSwap,qiskit.transpiler.passes.routing.lookahead_swap.LookaheadSwap,20,99.99141812324524,99.99948541700724,qiskit/transpiler/passes/routing/lookahead_swap.py,_calc_layout_distance,346,,,,none,False,"Il callback pubblico di Qiskit viene eseguito dopo ogni pass: last_completed_pass non identifica necessariamente il pass interrotto. | Lo stack indica dove SIGALRM è stato osservato, non dimostra quale pass, configurazione, circuito o hardware abbia causato il timeout. | Un'attribuzione causale richiede confronti controllati tra circuiti, configurazioni e device.",qiskit/transpiler/passes/routing/lookahead_swap.py:346:_calc_layout_distance
ibm_falcon_27,27,b9120f471bd90ef5aae03606ebc1e421478cd50f7b65ff4fb115f64c5148c104,run_f0a793225ba9a16aaf7fd405387a23a4a2d6e343e1972810f365c7578122653a,realamprandom_indep_tket_8,realamprandom,tket,8,34,124,o3_sabre_lookahead,3,sabre,lookahead,0,timeout,transpilation,timeout,AttemptTimeoutError,100.0,100.00153781299014,Tentativo interrotto dopo 100.0 secondi.,qiskit_post_pass_callback_and_sigalrm_traceback,transpilation,21,LookaheadSwap,qiskit.transpiler.passes.routing.lookahead_swap.LookaheadSwap,20,99.98951935768127,99.99946901098883,qiskit/transpiler/passes/routing/lookahead_swap.py,_map_free_gates,317,,,,none,False,"Il callback pubblico di Qiskit viene eseguito dopo ogni pass: last_completed_pass non identifica necessariamente il pass interrotto. | Lo stack indica dove SIGALRM è stato osservato, non dimostra quale pass, configurazione, circuito o hardware abbia causato il timeout. | Un'attribuzione causale richiede confronti controllati tra circuiti, configurazioni e device.",qiskit/transpiler/passes/routing/lookahead_swap.py:317:_map_free_gates
ibm_falcon_27,27,b9120f471bd90ef5aae03606ebc1e421478cd50f7b65ff4fb115f64c5148c104,run_609c2dad94830a57cdc65942d2ee5a21cb43f03141e4872a388495ebbce4d319,realamprandom_indep_tket_8,realamprandom,tket,8,34,124,o3_sabre_lookahead,3,sabre,lookahead,1,timeout,transpilation,timeout,AttemptTimeoutError,100.0,100.0019685659936,Tentativo interrotto dopo 100.0 secondi.,qiskit_post_pass_callback_and_sigalrm_traceback,transpilation,21,LookaheadSwap,qiskit.transpiler.passes.routing.lookahead_swap.LookaheadSwap,20,99.98848152160645,99.99906773299153,qiskit/transpiler/passes/routing/lookahead_swap.py,_first_op_node,394,,,,none,False,"Il callback pubblico di Qiskit viene eseguito dopo ogni pass: last_completed_pass non identifica necessariamente il pass interrotto. | Lo stack indica dove SIGALRM è stato osservato, non dimostra quale pass, configurazione, circuito o hardware abbia causato il timeout. | Un'attribuzione causale richiede confronti controllati tra circuiti, configurazioni e device.",qiskit/transpiler/passes/routing/lookahead_swap.py:394:_first_op_node
ibm_falcon_27,27,b9120f471bd90ef5aae03606ebc1e421478cd50f7b65ff4fb115f64c5148c104,run_f27ece4f2401903a0d68c15e1aae47f2ad5dc228231d6a9664f2c1aa4b2a60ae,realamprandom_indep_tket_8,realamprandom,tket,8,34,124,o3_sabre_lookahead,3,sabre,lookahead,2,timeout,transpilation,timeout,AttemptTimeoutError,100.0,100.00203494299785,Tentativo interrotto dopo 100.0 secondi.,qiskit_post_pass_callback_and_sigalrm_traceback,transpilation,21,LookaheadSwap,qiskit.transpiler.passes.routing.lookahead_swap.LookaheadSwap,20,99.98857975006104,99.99899596598698,qiskit/transpiler/passes/routing/lookahead_swap.py,_search_forward_n_swaps,194,,,,none,False,"Il callback pubblico di Qiskit viene eseguito dopo ogni pass: last_completed_pass non identifica necessariamente il pass interrotto. | Lo stack indica dove SIGALRM è stato osservato, non dimostra quale pass, configurazione, circuito o hardware abbia causato il timeout. | Un'attribuzione causale richiede confronti controllati tra circuiti, configurazioni e device.",qiskit/transpiler/passes/routing/lookahead_swap.py:194:_search_forward_n_swaps
ibm_falcon_27,27,b9120f471bd90ef5aae03606ebc1e421478cd50f7b65ff4fb115f64c5148c104,run_ed7a1b1914495ed49e80ac129dc6c1ef699c2856f818a0fa9f905b7e091b343c,realamprandom_indep_tket_9,realamprandom,tket,9,38,153,o3_sabre_lookahead,3,sabre,lookahead,0,timeout,transpilation,timeout,AttemptTimeoutError,100.0,100.0023457740026,Tentativo interrotto dopo 100.0 secondi.,qiskit_post_pass_callback_and_sigalrm_traceback,transpilation,21,LookaheadSwap,qiskit.transpiler.passes.routing.lookahead_swap.LookaheadSwap,20,99.98771929740906,99.99938855900837,qiskit/transpiler/passes/routing/lookahead_swap.py,_calc_layout_distance,346,,,,none,False,"Il callback pubblico di Qiskit viene eseguito dopo ogni pass: last_completed_pass non identifica necessariamente il pass interrotto. | Lo stack indica dove SIGALRM è stato osservato, non dimostra quale pass, configurazione, circuito o hardware abbia causato il timeout. | Un'attribuzione causale richiede confronti controllati tra circuiti, configurazioni e device.",qiskit/transpiler/passes/routing/lookahead_swap.py:346:_calc_layout_distance
ibm_falcon_27,27,b9120f471bd90ef5aae03606ebc1e421478cd50f7b65ff4fb115f64c5148c104,run_6441966062dad07ec127e2780f52c69345e3f64a5e2378570e365653a18048a6,realamprandom_indep_tket_9,realamprandom,tket,9,38,153,o3_sabre_lookahead,3,sabre,lookahead,1,timeout,transpilation,timeout,AttemptTimeoutError,100.0,100.00155821899534,Tentativo interrotto dopo 100.0 secondi.,qiskit_post_pass_callback_and_sigalrm_traceback,transpilation,21,LookaheadSwap,qiskit.transpiler.passes.routing.lookahead_swap.LookaheadSwap,20,99.98650646209717,99.99896588199772,qiskit/transpiler/passes/routing/lookahead_swap.py,_first_op_node,394,,,,none,False,"Il callback pubblico di Qiskit viene eseguito dopo ogni pass: last_completed_pass non identifica necessariamente il pass interrotto. | Lo stack indica dove SIGALRM è stato osservato, non dimostra quale pass, configurazione, circuito o hardware abbia causato il timeout. | Un'attribuzione causale richiede confronti controllati tra circuiti, configurazioni e device.",qiskit/transpiler/passes/routing/lookahead_swap.py:394:_first_op_node
ibm_falcon_27,27,b9120f471bd90ef5aae03606ebc1e421478cd50f7b65ff4fb115f64c5148c104,run_c2df8d7d908500463cff4f4340c7d061435fba63ef0b078f73aebf1673c1e348,realamprandom_indep_tket_9,realamprandom,tket,9,38,153,o3_sabre_lookahead,3,sabre,lookahead,2,timeout,transpilation,timeout,AttemptTimeoutError,100.0,100.0023005240073,Tentativo interrotto dopo 100.0 secondi.,qiskit_post_pass_callback_and_sigalrm_traceback,transpilation,21,LookaheadSwap,qiskit.transpiler.passes.routing.lookahead_swap.LookaheadSwap,20,99.98608350753784,99.9990193220001,qiskit/transpiler/passes/routing/lookahead_swap.py,_calc_layout_distance,346,,,,none,False,"Il callback pubblico di Qiskit viene eseguito dopo ogni pass: last_completed_pass non identifica necessariamente il pass interrotto. | Lo stack indica dove SIGALRM è stato osservato, non dimostra quale pass, configurazione, circuito o hardware abbia causato il timeout. | Un'attribuzione causale richiede confronti controllati tra circuiti, configurazioni e device.",qiskit/transpiler/passes/routing/lookahead_swap.py:346:_calc_layout_distance
ibm_falcon_27,27,b9120f471bd90ef5aae03606ebc1e421478cd50f7b65ff4fb115f64c5148c104,run_666f01ea008ef654689bba23afacb3ca6332b8770e1f386e974807a59f1fb556,su2random_indep_qiskit_6,su2random,qiskit,6,26,75,o3_sabre_lookahead,3,sabre,lookahead,0,timeout,transpilation,timeout,AttemptTimeoutError,100.0,100.00132696000219,Tentativo interrotto dopo 100.0 secondi.,qiskit_post_pass_callback_and_sigalrm_traceback,transpilation,21,LookaheadSwap,qiskit.transpiler.passes.routing.lookahead_swap.LookaheadSwap,20,99.99008846282959,99.99949198399554,qiskit/transpiler/passes/routing/lookahead_swap.py,_calc_layout_distance,346,,,,none,False,"Il callback pubblico di Qiskit viene eseguito dopo ogni pass: last_completed_pass non identifica necessariamente il pass interrotto. | Lo stack indica dove SIGALRM è stato osservato, non dimostra quale pass, configurazione, circuito o hardware abbia causato il timeout. | Un'attribuzione causale richiede confronti controllati tra circuiti, configurazioni e device.",qiskit/transpiler/passes/routing/lookahead_swap.py:346:_calc_layout_distance
ibm_falcon_27,27,b9120f471bd90ef5aae03606ebc1e421478cd50f7b65ff4fb115f64c5148c104,run_ecf2373e566f392d73cccf5c3eaed6db5aeaa9fa199344b4c74028e0013dfe79,su2random_indep_qiskit_7,su2random,qiskit,7,30,98,o3_sabre_lookahead,3,sabre,lookahead,0,timeout,transpilation,timeout,AttemptTimeoutError,100.0,100.0013180829992,Tentativo interrotto dopo 100.0 secondi.,qiskit_post_pass_callback_and_sigalrm_traceback,transpilation,21,LookaheadSwap,qiskit.transpiler.passes.routing.lookahead_swap.LookaheadSwap,20,99.99024248123169,99.99929198199243,qiskit/transpiler/passes/routing/lookahead_swap.py,_map_free_gates,317,,,,none,False,"Il callback pubblico di Qiskit viene eseguito dopo ogni pass: last_completed_pass non identifica necessariamente il pass interrotto. | Lo stack indica dove SIGALRM è stato osservato, non dimostra quale pass, configurazione, circuito o hardware abbia causato il timeout. | Un'attribuzione causale richiede confronti controllati tra circuiti, configurazioni e device.",qiskit/transpiler/passes/routing/lookahead_swap.py:317:_map_free_gates
ibm_falcon_27,27,b9120f471bd90ef5aae03606ebc1e421478cd50f7b65ff4fb115f64c5148c104,run_ca6eb690251ebb34909c1672ec385c3afc7b269bdc5a40715f67111c1f60b44b,su2random_indep_qiskit_7,su2random,qiskit,7,30,98,o3_sabre_lookahead,3,sabre,lookahead,2,timeout,transpilation,timeout,AttemptTimeoutError,100.0,100.00140766199911,Tentativo interrotto dopo 100.0 secondi.,qiskit_post_pass_callback_and_sigalrm_traceback,transpilation,21,LookaheadSwap,qiskit.transpiler.passes.routing.lookahead_swap.LookaheadSwap,20,99.99097776412964,99.9994529329997,qiskit/transpiler/passes/routing/lookahead_swap.py,_map_free_gates,317,,,,none,False,"Il callback pubblico di Qiskit viene eseguito dopo ogni pass: last_completed_pass non identifica necessariamente il pass interrotto. | Lo stack indica dove SIGALRM è stato osservato, non dimostra quale pass, configurazione, circuito o hardware abbia causato il timeout. | Un'attribuzione causale richiede confronti controllati tra circuiti, configurazioni e device.",qiskit/transpiler/passes/routing/lookahead_swap.py:317:_map_free_gates
ibm_falcon_27,27,b9120f471bd90ef5aae03606ebc1e421478cd50f7b65ff4fb115f64c5148c104,run_aa857f2e78d82da53e13e3a639289392ee75005df28688b0b1a435731987b406,su2random_indep_qiskit_8,su2random,qiskit,8,34,124,o3_sabre_lookahead,3,sabre,lookahead,0,timeout,transpilation,timeout,AttemptTimeoutError,100.0,100.00136201000714,Tentativo interrotto dopo 100.0 secondi.,qiskit_post_pass_callback_and_sigalrm_traceback,transpilation,21,LookaheadSwap,qiskit.transpiler.passes.routing.lookahead_swap.LookaheadSwap,20,99.98783922195435,99.99914909299696,qiskit/transpiler/passes/routing/lookahead_swap.py,_calc_layout_distance,337,,,,none,False,"Il callback pubblico di Qiskit viene eseguito dopo ogni pass: last_completed_pass non identifica necessariamente il pass interrotto. | Lo stack indica dove SIGALRM è stato osservato, non dimostra quale pass, configurazione, circuito o hardware abbia causato il timeout. | Un'attribuzione causale richiede confronti controllati tra circuiti, configurazioni e device.",qiskit/transpiler/passes/routing/lookahead_swap.py:337:_calc_layout_distance
ibm_falcon_27,27,b9120f471bd90ef5aae03606ebc1e421478cd50f7b65ff4fb115f64c5148c104,run_a433f073294c5e9b40bec5459209047992c13479d085079685818755e4e6f37c,su2random_indep_qiskit_8,su2random,qiskit,8,34,124,o3_sabre_lookahead,3,sabre,lookahead,1,timeout,transpilation,timeout,AttemptTimeoutError,100.0,100.00128348798899,Tentativo interrotto dopo 100.0 secondi.,qiskit_post_pass_callback_and_sigalrm_traceback,transpilation,21,LookaheadSwap,qiskit.transpiler.passes.routing.lookahead_swap.LookaheadSwap,20,99.99001789093018,99.99932058900595,qiskit/transpiler/passes/routing/lookahead_swap.py,_first_op_node,394,,,,none,False,"Il callback pubblico di Qiskit viene eseguito dopo ogni pass: last_completed_pass non identifica necessariamente il pass interrotto. | Lo stack indica dove SIGALRM è stato osservato, non dimostra quale pass, configurazione, circuito o hardware abbia causato il timeout. | Un'attribuzione causale richiede confronti controllati tra circuiti, configurazioni e device.",qiskit/transpiler/passes/routing/lookahead_swap.py:394:_first_op_node
ibm_falcon_27,27,b9120f471bd90ef5aae03606ebc1e421478cd50f7b65ff4fb115f64c5148c104,run_70289cce00af3e8b55675fade506f378b20fc0d160f4f379b8afae826bdadced,su2random_indep_qiskit_8,su2random,qiskit,8,34,124,o3_sabre_lookahead,3,sabre,lookahead,2,timeout,transpilation,timeout,AttemptTimeoutError,100.0,100.00217228100519,Tentativo interrotto dopo 100.0 secondi.,qiskit_post_pass_callback_and_sigalrm_traceback,transpilation,21,LookaheadSwap,qiskit.transpiler.passes.routing.lookahead_swap.LookaheadSwap,20,99.98861742019653,99.99909496300097,qiskit/transpiler/passes/routing/lookahead_swap.py,_calc_layout_distance,346,,,,none,False,"Il callback pubblico di Qiskit viene eseguito dopo ogni pass: last_completed_pass non identifica necessariamente il pass interrotto. | Lo stack indica dove SIGALRM è stato osservato, non dimostra quale pass, configurazione, circuito o hardware abbia causato il timeout. | Un'attribuzione causale richiede confronti controllati tra circuiti, configurazioni e device.",qiskit/transpiler/passes/routing/lookahead_swap.py:346:_calc_layout_distance
ibm_falcon_27,27,b9120f471bd90ef5aae03606ebc1e421478cd50f7b65ff4fb115f64c5148c104,run_eabda8aa47b8509e74e9dd08fc788a8f2c19671f0d0aa4acb045722cba3b30cd,su2random_indep_qiskit_9,su2random,qiskit,9,38,153,o3_sabre_lookahead,3,sabre,lookahead,0,timeout,transpilation,timeout,AttemptTimeoutError,100.0,100.00229902399587,Tentativo interrotto dopo 100.0 secondi.,qiskit_post_pass_callback_and_sigalrm_traceback,transpilation,21,LookaheadSwap,qiskit.transpiler.passes.routing.lookahead_swap.LookaheadSwap,20,99.98809146881104,99.99933217000216,qiskit/transpiler/passes/routing/lookahead_swap.py,_map_free_gates,317,,,,none,False,"Il callback pubblico di Qiskit viene eseguito dopo ogni pass: last_completed_pass non identifica necessariamente il pass interrotto. | Lo stack indica dove SIGALRM è stato osservato, non dimostra quale pass, configurazione, circuito o hardware abbia causato il timeout. | Un'attribuzione causale richiede confronti controllati tra circuiti, configurazioni e device.",qiskit/transpiler/passes/routing/lookahead_swap.py:317:_map_free_gates
ibm_falcon_27,27,b9120f471bd90ef5aae03606ebc1e421478cd50f7b65ff4fb115f64c5148c104,run_75a854754e1a95497fdbc245a2fa6fdd97ef96a309e7d8678f534d764a19d114,su2random_indep_qiskit_9,su2random,qiskit,9,38,153,o3_sabre_lookahead,3,sabre,lookahead,1,timeout,transpilation,timeout,AttemptTimeoutError,100.0,100.00148641999112,Tentativo interrotto dopo 100.0 secondi.,qiskit_post_pass_callback_and_sigalrm_traceback,transpilation,21,LookaheadSwap,qiskit.transpiler.passes.routing.lookahead_swap.LookaheadSwap,20,99.98806071281433,99.99930756499816,qiskit/transpiler/passes/routing/lookahead_swap.py,_calc_layout_distance,346,,,,none,False,"Il callback pubblico di Qiskit viene eseguito dopo ogni pass: last_completed_pass non identifica necessariamente il pass interrotto. | Lo stack indica dove SIGALRM è stato osservato, non dimostra quale pass, configurazione, circuito o hardware abbia causato il timeout. | Un'attribuzione causale richiede confronti controllati tra circuiti, configurazioni e device.",qiskit/transpiler/passes/routing/lookahead_swap.py:346:_calc_layout_distance
ibm_falcon_27,27,b9120f471bd90ef5aae03606ebc1e421478cd50f7b65ff4fb115f64c5148c104,run_cd59d0044de5fc0aa582bd7fb063d376d07332a20ec6082031399e0f2344fef5,su2random_indep_qiskit_9,su2random,qiskit,9,38,153,o3_sabre_lookahead,3,sabre,lookahead,2,timeout,transpilation,timeout,AttemptTimeoutError,100.0,100.00213978000102,Tentativo interrotto dopo 100.0 secondi.,qiskit_post_pass_callback_and_sigalrm_traceback,transpilation,21,LookaheadSwap,qiskit.transpiler.passes.routing.lookahead_swap.LookaheadSwap,20,99.9855682849884,99.99887668699375,qiskit/transpiler/passes/routing/lookahead_swap.py,_calc_layout_distance,345,,,,none,False,"Il callback pubblico di Qiskit viene eseguito dopo ogni pass: last_completed_pass non identifica necessariamente il pass interrotto. | Lo stack indica dove SIGALRM è stato osservato, non dimostra quale pass, configurazione, circuito o hardware abbia causato il timeout. | Un'attribuzione causale richiede confronti controllati tra circuiti, configurazioni e device.",qiskit/transpiler/passes/routing/lookahead_swap.py:345:_calc_layout_distance
ibm_falcon_27,27,b9120f471bd90ef5aae03606ebc1e421478cd50f7b65ff4fb115f64c5148c104,run_08923edc8bce46926c8f6a84ec5d53d66c7b48fafc0493ad6082928c85f4a0f3,su2random_indep_tket_6,su2random,tket,6,30,99,o3_sabre_lookahead,3,sabre,lookahead,0,timeout,transpilation,timeout,AttemptTimeoutError,100.0,100.00146286199742,Tentativo interrotto dopo 100.0 secondi.,qiskit_post_pass_callback_and_sigalrm_traceback,transpilation,21,LookaheadSwap,qiskit.transpiler.passes.routing.lookahead_swap.LookaheadSwap,20,99.99041295051575,99.99948882199533,qiskit/transpiler/passes/routing/lookahead_swap.py,_first_op_node,394,,,,none,False,"Il callback pubblico di Qiskit viene eseguito dopo ogni pass: last_completed_pass non identifica necessariamente il pass interrotto. | Lo stack indica dove SIGALRM è stato osservato, non dimostra quale pass, configurazione, circuito o hardware abbia causato il timeout. | Un'attribuzione causale richiede confronti controllati tra circuiti, configurazioni e device.",qiskit/transpiler/passes/routing/lookahead_swap.py:394:_first_op_node
ibm_falcon_27,27,b9120f471bd90ef5aae03606ebc1e421478cd50f7b65ff4fb115f64c5148c104,run_06b12e9b3ecb4f34f880b8a43efe6c91d149d8aeeaa4f49f57f43b3342a8f079,su2random_indep_tket_7,su2random,tket,7,34,126,o3_sabre_lookahead,3,sabre,lookahead,0,timeout,transpilation,timeout,AttemptTimeoutError,100.0,100.00197317500715,Tentativo interrotto dopo 100.0 secondi.,qiskit_post_pass_callback_and_sigalrm_traceback,transpilation,21,LookaheadSwap,qiskit.transpiler.passes.routing.lookahead_swap.LookaheadSwap,20,99.99060010910034,99.99940164000145,qiskit/transpiler/passes/routing/lookahead_swap.py,_calc_layout_distance,346,,,,none,False,"Il callback pubblico di Qiskit viene eseguito dopo ogni pass: last_completed_pass non identifica necessariamente il pass interrotto. | Lo stack indica dove SIGALRM è stato osservato, non dimostra quale pass, configurazione, circuito o hardware abbia causato il timeout. | Un'attribuzione causale richiede confronti controllati tra circuiti, configurazioni e device.",qiskit/transpiler/passes/routing/lookahead_swap.py:346:_calc_layout_distance
ibm_falcon_27,27,b9120f471bd90ef5aae03606ebc1e421478cd50f7b65ff4fb115f64c5148c104,run_553abf7e71fc430496e80a93b8a989f0a48b965f690386845d795be4426ecf5e,su2random_indep_tket_7,su2random,tket,7,34,126,o3_sabre_lookahead,3,sabre,lookahead,2,timeout,transpilation,timeout,AttemptTimeoutError,100.0,100.00210138999682,Tentativo interrotto dopo 100.0 secondi.,qiskit_post_pass_callback_and_sigalrm_traceback,transpilation,21,LookaheadSwap,qiskit.transpiler.passes.routing.lookahead_swap.LookaheadSwap,20,99.99115300178528,99.99937417000183,qiskit/transpiler/passes/routing/lookahead_swap.py,_calc_layout_distance,346,,,,none,False,"Il callback pubblico di Qiskit viene eseguito dopo ogni pass: last_completed_pass non identifica necessariamente il pass interrotto. | Lo stack indica dove SIGALRM è stato osservato, non dimostra quale pass, configurazione, circuito o hardware abbia causato il timeout. | Un'attribuzione causale richiede confronti controllati tra circuiti, configurazioni e device.",qiskit/transpiler/passes/routing/lookahead_swap.py:346:_calc_layout_distance
ibm_falcon_27,27,b9120f471bd90ef5aae03606ebc1e421478cd50f7b65ff4fb115f64c5148c104,run_ae69905960271d40b6833b61bfa6e626931fdb65cf4fcbc573335c3d64618c0a,su2random_indep_tket_8,su2random,tket,8,38,156,o3_sabre_lookahead,3,sabre,lookahead,0,timeout,transpilation,timeout,AttemptTimeoutError,100.0,100.00126412999816,Tentativo interrotto dopo 100.0 secondi.,qiskit_post_pass_callback_and_sigalrm_traceback,transpilation,21,LookaheadSwap,qiskit.transpiler.passes.routing.lookahead_swap.LookaheadSwap,20,99.98881483078003,99.99934416099859,qiskit/transpiler/passes/routing/lookahead_swap.py,_score_step,364,,,,none,False,"Il callback pubblico di Qiskit viene eseguito dopo ogni pass: last_completed_pass non identifica necessariamente il pass interrotto. | Lo stack indica dove SIGALRM è stato osservato, non dimostra quale pass, configurazione, circuito o hardware abbia causato il timeout. | Un'attribuzione causale richiede confronti controllati tra circuiti, configurazioni e device.",qiskit/transpiler/passes/routing/lookahead_swap.py:364:_score_step
ibm_falcon_27,27,b9120f471bd90ef5aae03606ebc1e421478cd50f7b65ff4fb115f64c5148c104,run_ef492b422e4fb7f57b610cde7734ba660d7a3ed6913dd3fae11ec4e285037bd4,su2random_indep_tket_8,su2random,tket,8,38,156,o3_sabre_lookahead,3,sabre,lookahead,1,timeout,transpilation,timeout,AttemptTimeoutError,100.0,100.00213308099774,Tentativo interrotto dopo 100.0 secondi.,qiskit_post_pass_callback_and_sigalrm_traceback,transpilation,21,LookaheadSwap,qiskit.transpiler.passes.routing.lookahead_swap.LookaheadSwap,20,99.98877954483032,99.99895285000093,qiskit/transpiler/passes/routing/lookahead_swap.py,_map_free_gates,316,,,,none,False,"Il callback pubblico di Qiskit viene eseguito dopo ogni pass: last_completed_pass non identifica necessariamente il pass interrotto. | Lo stack indica dove SIGALRM è stato osservato, non dimostra quale pass, configurazione, circuito o hardware abbia causato il timeout. | Un'attribuzione causale richiede confronti controllati tra circuiti, configurazioni e device.",qiskit/transpiler/passes/routing/lookahead_swap.py:316:_map_free_gates
ibm_falcon_27,27,b9120f471bd90ef5aae03606ebc1e421478cd50f7b65ff4fb115f64c5148c104,run_6a49bfb36860a156768601d43db8531f09e3562f97773ff709202474341ae981,su2random_indep_tket_8,su2random,tket,8,38,156,o3_sabre_lookahead,3,sabre,lookahead,2,timeout,transpilation,timeout,AttemptTimeoutError,100.0,100.00207195499388,Tentativo interrotto dopo 100.0 secondi.,qiskit_post_pass_callback_and_sigalrm_traceback,transpilation,21,LookaheadSwap,qiskit.transpiler.passes.routing.lookahead_swap.LookaheadSwap,20,99.9885573387146,99.99888680400909,qiskit/transpiler/passes/routing/lookahead_swap.py,_calc_layout_distance,346,,,,none,False,"Il callback pubblico di Qiskit viene eseguito dopo ogni pass: last_completed_pass non identifica necessariamente il pass interrotto. | Lo stack indica dove SIGALRM è stato osservato, non dimostra quale pass, configurazione, circuito o hardware abbia causato il timeout. | Un'attribuzione causale richiede confronti controllati tra circuiti, configurazioni e device.",qiskit/transpiler/passes/routing/lookahead_swap.py:346:_calc_layout_distance
ibm_falcon_27,27,b9120f471bd90ef5aae03606ebc1e421478cd50f7b65ff4fb115f64c5148c104,run_e268f28e78b397cad8b8acf0f9ee810cdd284693cf0fb2a4ea5423907a969416,su2random_indep_tket_9,su2random,tket,9,42,189,o3_sabre_lookahead,3,sabre,lookahead,0,timeout,transpilation,timeout,AttemptTimeoutError,100.0,100.00241525599267,Tentativo interrotto dopo 100.0 secondi.,qiskit_post_pass_callback_and_sigalrm_traceback,transpilation,21,LookaheadSwap,qiskit.transpiler.passes.routing.lookahead_swap.LookaheadSwap,20,99.9860610961914,99.99897986699943,qiskit/transpiler/passes/routing/lookahead_swap.py,_first_op_node,394,,,,none,False,"Il callback pubblico di Qiskit viene eseguito dopo ogni pass: last_completed_pass non identifica necessariamente il pass interrotto. | Lo stack indica dove SIGALRM è stato osservato, non dimostra quale pass, configurazione, circuito o hardware abbia causato il timeout. | Un'attribuzione causale richiede confronti controllati tra circuiti, configurazioni e device.",qiskit/transpiler/passes/routing/lookahead_swap.py:394:_first_op_node
ibm_falcon_27,27,b9120f471bd90ef5aae03606ebc1e421478cd50f7b65ff4fb115f64c5148c104,run_718c6b7a8556b9de7eb297abd9a75fde0a3e5c50ad063def34a9e7f353479fb8,su2random_indep_tket_9,su2random,tket,9,42,189,o3_sabre_lookahead,3,sabre,lookahead,1,timeout,transpilation,timeout,AttemptTimeoutError,100.0,100.0019845909992,Tentativo interrotto dopo 100.0 secondi.,qiskit_post_pass_callback_and_sigalrm_traceback,transpilation,21,LookaheadSwap,qiskit.transpiler.passes.routing.lookahead_swap.LookaheadSwap,20,99.98654246330261,99.99882454099134,qiskit/transpiler/passes/routing/lookahead_swap.py,_calc_layout_distance,346,,,,none,False,"Il callback pubblico di Qiskit viene eseguito dopo ogni pass: last_completed_pass non identifica necessariamente il pass interrotto. | Lo stack indica dove SIGALRM è stato osservato, non dimostra quale pass, configurazione, circuito o hardware abbia causato il timeout. | Un'attribuzione causale richiede confronti controllati tra circuiti, configurazioni e device.",qiskit/transpiler/passes/routing/lookahead_swap.py:346:_calc_layout_distance
ibm_falcon_27,27,b9120f471bd90ef5aae03606ebc1e421478cd50f7b65ff4fb115f64c5148c104,run_11e0a2751f4af58488bd347fa3b3f2649a73be59307856c9729d0379d049571e,su2random_indep_tket_9,su2random,tket,9,42,189,o3_sabre_lookahead,3,sabre,lookahead,2,timeout,transpilation,timeout,AttemptTimeoutError,100.0,100.0022027399973,Tentativo interrotto dopo 100.0 secondi.,qiskit_post_pass_callback_and_sigalrm_traceback,transpilation,21,LookaheadSwap,qiskit.transpiler.passes.routing.lookahead_swap.LookaheadSwap,20,99.98629713058472,99.99856327699672,qiskit/transpiler/passes/routing/lookahead_swap.py,_calc_layout_distance,346,,,,none,False,"Il callback pubblico di Qiskit viene eseguito dopo ogni pass: last_completed_pass non identifica necessariamente il pass interrotto. | Lo stack indica dove SIGALRM è stato osservato, non dimostra quale pass, configurazione, circuito o hardware abbia causato il timeout. | Un'attribuzione causale richiede confronti controllati tra circuiti, configurazioni e device.",qiskit/transpiler/passes/routing/lookahead_swap.py:346:_calc_layout_distance
ibm_falcon_27,27,b9120f471bd90ef5aae03606ebc1e421478cd50f7b65ff4fb115f64c5148c104,run_1f4025828fbc4de9cb0ba6c146b8f9e6782c9d68a0fa1745f5970e1a00ef4e21,twolocalrandom_indep_qiskit_10,twolocalrandom,qiskit,10,42,185,o3_sabre_lookahead,3,sabre,lookahead,0,timeout,transpilation,timeout,AttemptTimeoutError,100.0,100.00242176098982,Tentativo interrotto dopo 100.0 secondi.,qiskit_post_pass_callback_and_sigalrm_traceback,transpilation,21,LookaheadSwap,qiskit.transpiler.passes.routing.lookahead_swap.LookaheadSwap,20,99.98527574539185,99.99932900199201,qiskit/transpiler/passes/routing/lookahead_swap.py,_calc_layout_distance,346,,,,none,False,"Il callback pubblico di Qiskit viene eseguito dopo ogni pass: last_completed_pass non identifica necessariamente il pass interrotto. | Lo stack indica dove SIGALRM è stato osservato, non dimostra quale pass, configurazione, circuito o hardware abbia causato il timeout. | Un'attribuzione causale richiede confronti controllati tra circuiti, configurazioni e device.",qiskit/transpiler/passes/routing/lookahead_swap.py:346:_calc_layout_distance
ibm_falcon_27,27,b9120f471bd90ef5aae03606ebc1e421478cd50f7b65ff4fb115f64c5148c104,run_5ebd1af396b6f9f703572d0886853eca87565410795cdf4162edcd9d3a5f791a,twolocalrandom_indep_qiskit_10,twolocalrandom,qiskit,10,42,185,o3_sabre_lookahead,3,sabre,lookahead,1,timeout,transpilation,timeout,AttemptTimeoutError,100.0,100.00188620200788,Tentativo interrotto dopo 100.0 secondi.,qiskit_post_pass_callback_and_sigalrm_traceback,transpilation,21,LookaheadSwap,qiskit.transpiler.passes.routing.lookahead_swap.LookaheadSwap,20,99.98440170288086,99.99886555700505,qiskit/transpiler/passes/routing/lookahead_swap.py,_calc_layout_distance,346,,,,none,False,"Il callback pubblico di Qiskit viene eseguito dopo ogni pass: last_completed_pass non identifica necessariamente il pass interrotto. | Lo stack indica dove SIGALRM è stato osservato, non dimostra quale pass, configurazione, circuito o hardware abbia causato il timeout. | Un'attribuzione causale richiede confronti controllati tra circuiti, configurazioni e device.",qiskit/transpiler/passes/routing/lookahead_swap.py:346:_calc_layout_distance
ibm_falcon_27,27,b9120f471bd90ef5aae03606ebc1e421478cd50f7b65ff4fb115f64c5148c104,run_dac3aa0f1917ff444aed37a1d9fc2e32a7675781b440fa37598e181a8724ae5a,twolocalrandom_indep_qiskit_10,twolocalrandom,qiskit,10,42,185,o3_sabre_lookahead,3,sabre,lookahead,2,timeout,transpilation,timeout,AttemptTimeoutError,100.0,100.0025287479948,Tentativo interrotto dopo 100.0 secondi.,qiskit_post_pass_callback_and_sigalrm_traceback,transpilation,21,LookaheadSwap,qiskit.transpiler.passes.routing.lookahead_swap.LookaheadSwap,20,99.9852442741394,99.99889945500763,qiskit/transpiler/passes/routing/lookahead_swap.py,_calc_layout_distance,346,,,,none,False,"Il callback pubblico di Qiskit viene eseguito dopo ogni pass: last_completed_pass non identifica necessariamente il pass interrotto. | Lo stack indica dove SIGALRM è stato osservato, non dimostra quale pass, configurazione, circuito o hardware abbia causato il timeout. | Un'attribuzione causale richiede confronti controllati tra circuiti, configurazioni e device.",qiskit/transpiler/passes/routing/lookahead_swap.py:346:_calc_layout_distance
ibm_falcon_27,27,b9120f471bd90ef5aae03606ebc1e421478cd50f7b65ff4fb115f64c5148c104,run_0d69b5c96dddc1ff94a59b21f3b32d9a5a99765ad6a2ac7d480b69ed1fbb9c85,twolocalrandom_indep_qiskit_11,twolocalrandom,qiskit,11,46,220,o3_sabre_lookahead,3,sabre,lookahead,0,timeout,transpilation,timeout,AttemptTimeoutError,100.0,100.00266264400852,Tentativo interrotto dopo 100.0 secondi.,qiskit_post_pass_callback_and_sigalrm_traceback,transpilation,21,LookaheadSwap,qiskit.transpiler.passes.routing.lookahead_swap.LookaheadSwap,20,99.98279547691345,99.99923616700107,qiskit/transpiler/passes/routing/lookahead_swap.py,_calc_layout_distance,346,,,,none,False,"Il callback pubblico di Qiskit viene eseguito dopo ogni pass: last_completed_pass non identifica necessariamente il pass interrotto. | Lo stack indica dove SIGALRM è stato osservato, non dimostra quale pass, configurazione, circuito o hardware abbia causato il timeout. | Un'attribuzione causale richiede confronti controllati tra circuiti, configurazioni e device.",qiskit/transpiler/passes/routing/lookahead_swap.py:346:_calc_layout_distance
ibm_falcon_27,27,b9120f471bd90ef5aae03606ebc1e421478cd50f7b65ff4fb115f64c5148c104,run_9b36ba6f61c8f46db68dd5911a33ad92a79a01c4b6b1ae86c30efbfe6bfd26ba,twolocalrandom_indep_qiskit_11,twolocalrandom,qiskit,11,46,220,o3_sabre_lookahead,3,sabre,lookahead,1,timeout,transpilation,timeout,AttemptTimeoutError,100.0,100.00183057998947,Tentativo interrotto dopo 100.0 secondi.,qiskit_post_pass_callback_and_sigalrm_traceback,transpilation,21,LookaheadSwap,qiskit.transpiler.passes.routing.lookahead_swap.LookaheadSwap,20,99.98163223266602,99.9984738649946,qiskit/transpiler/passes/routing/lookahead_swap.py,_map_free_gates,317,,,,none,False,"Il callback pubblico di Qiskit viene eseguito dopo ogni pass: last_completed_pass non identifica necessariamente il pass interrotto. | Lo stack indica dove SIGALRM è stato osservato, non dimostra quale pass, configurazione, circuito o hardware abbia causato il timeout. | Un'attribuzione causale richiede confronti controllati tra circuiti, configurazioni e device.",qiskit/transpiler/passes/routing/lookahead_swap.py:317:_map_free_gates
ibm_falcon_27,27,b9120f471bd90ef5aae03606ebc1e421478cd50f7b65ff4fb115f64c5148c104,run_a2301e46b208781237bc4e6c13ac0e623a150c3663cd6295dcabd3324740984c,twolocalrandom_indep_qiskit_11,twolocalrandom,qiskit,11,46,220,o3_sabre_lookahead,3,sabre,lookahead,2,timeout,transpilation,timeout,AttemptTimeoutError,100.0,100.0024242829968,Tentativo interrotto dopo 100.0 secondi.,qiskit_post_pass_callback_and_sigalrm_traceback,transpilation,21,LookaheadSwap,qiskit.transpiler.passes.routing.lookahead_swap.LookaheadSwap,20,99.98103618621826,99.9986482069944,qiskit/transpiler/passes/routing/lookahead_swap.py,_map_free_gates,317,,,,none,False,"Il callback pubblico di Qiskit viene eseguito dopo ogni pass: last_completed_pass non identifica necessariamente il pass interrotto. | Lo stack indica dove SIGALRM è stato osservato, non dimostra quale pass, configurazione, circuito o hardware abbia causato il timeout. | Un'attribuzione causale richiede confronti controllati tra circuiti, configurazioni e device.",qiskit/transpiler/passes/routing/lookahead_swap.py:317:_map_free_gates
ibm_falcon_27,27,b9120f471bd90ef5aae03606ebc1e421478cd50f7b65ff4fb115f64c5148c104,run_75ca70c9db525e463a01164275ebac5011339fe781f74b5ba506c9cd45afe1ab,twolocalrandom_indep_qiskit_6,twolocalrandom,qiskit,6,26,75,o3_sabre_lookahead,3,sabre,lookahead,0,timeout,transpilation,timeout,AttemptTimeoutError,100.0,100.00139160100662,Tentativo interrotto dopo 100.0 secondi.,qiskit_post_pass_callback_and_sigalrm_traceback,transpilation,21,LookaheadSwap,qiskit.transpiler.passes.routing.lookahead_swap.LookaheadSwap,20,99.99038481712341,99.99933609999425,qiskit/transpiler/passes/routing/lookahead_swap.py,_first_op_node,394,,,,none,False,"Il callback pubblico di Qiskit viene eseguito dopo ogni pass: last_completed_pass non identifica necessariamente il pass interrotto. | Lo stack indica dove SIGALRM è stato osservato, non dimostra quale pass, configurazione, circuito o hardware abbia causato il timeout. | Un'attribuzione causale richiede confronti controllati tra circuiti, configurazioni e device.",qiskit/transpiler/passes/routing/lookahead_swap.py:394:_first_op_node
ibm_falcon_27,27,b9120f471bd90ef5aae03606ebc1e421478cd50f7b65ff4fb115f64c5148c104,run_7e643632181ffb51993244af2996d90fdcec91a9aafb9f7269bc04471c8a8b92,twolocalrandom_indep_qiskit_7,twolocalrandom,qiskit,7,30,98,o3_sabre_lookahead,3,sabre,lookahead,0,timeout,transpilation,timeout,AttemptTimeoutError,100.0,100.00197638799727,Tentativo interrotto dopo 100.0 secondi.,qiskit_post_pass_callback_and_sigalrm_traceback,transpilation,21,LookaheadSwap,qiskit.transpiler.passes.routing.lookahead_swap.LookaheadSwap,20,99.98836326599121,99.99925621799775,qiskit/transpiler/passes/routing/lookahead_swap.py,_map_free_gates,307,,,,none,False,"Il callback pubblico di Qiskit viene eseguito dopo ogni pass: last_completed_pass non identifica necessariamente il pass interrotto. | Lo stack indica dove SIGALRM è stato osservato, non dimostra quale pass, configurazione, circuito o hardware abbia causato il timeout. | Un'attribuzione causale richiede confronti controllati tra circuiti, configurazioni e device.",qiskit/transpiler/passes/routing/lookahead_swap.py:307:_map_free_gates
ibm_falcon_27,27,b9120f471bd90ef5aae03606ebc1e421478cd50f7b65ff4fb115f64c5148c104,run_c091ad33db70ba998117aaabe16291fa5fe447348b6d5d69567bc3a9f0898fe6,twolocalrandom_indep_qiskit_7,twolocalrandom,qiskit,7,30,98,o3_sabre_lookahead,3,sabre,lookahead,2,timeout,transpilation,timeout,AttemptTimeoutError,100.0,100.00225696900452,Tentativo interrotto dopo 100.0 secondi.,qiskit_post_pass_callback_and_sigalrm_traceback,transpilation,21,LookaheadSwap,qiskit.transpiler.passes.routing.lookahead_swap.LookaheadSwap,20,99.98897099494934,99.99927508299879,qiskit/transpiler/passes/routing/lookahead_swap.py,<genexpr>,394,,,,none,False,"Il callback pubblico di Qiskit viene eseguito dopo ogni pass: last_completed_pass non identifica necessariamente il pass interrotto. | Lo stack indica dove SIGALRM è stato osservato, non dimostra quale pass, configurazione, circuito o hardware abbia causato il timeout. | Un'attribuzione causale richiede confronti controllati tra circuiti, configurazioni e device.",qiskit/transpiler/passes/routing/lookahead_swap.py:394:<genexpr>
ibm_falcon_27,27,b9120f471bd90ef5aae03606ebc1e421478cd50f7b65ff4fb115f64c5148c104,run_5f5486f5acb924c64ae2a26172d713f7720f12281a15bee8f1b454e206d63e8b,twolocalrandom_indep_qiskit_8,twolocalrandom,qiskit,8,34,124,o3_sabre_lookahead,3,sabre,lookahead,0,timeout,transpilation,timeout,AttemptTimeoutError,100.0,100.00199291401077,Tentativo interrotto dopo 100.0 secondi.,qiskit_post_pass_callback_and_sigalrm_traceback,transpilation,21,LookaheadSwap,qiskit.transpiler.passes.routing.lookahead_swap.LookaheadSwap,20,99.98917961120605,99.999445199006,qiskit/transpiler/passes/routing/lookahead_swap.py,_calc_layout_distance,346,,,,none,False,"Il callback pubblico di Qiskit viene eseguito dopo ogni pass: last_completed_pass non identifica necessariamente il pass interrotto. | Lo stack indica dove SIGALRM è stato osservato, non dimostra quale pass, configurazione, circuito o hardware abbia causato il timeout. | Un'attribuzione causale richiede confronti controllati tra circuiti, configurazioni e device.",qiskit/transpiler/passes/routing/lookahead_swap.py:346:_calc_layout_distance
ibm_falcon_27,27,b9120f471bd90ef5aae03606ebc1e421478cd50f7b65ff4fb115f64c5148c104,run_222f5b330a5f452745307bdba57ddc2d4d70ce27a229b9adef08e34e98f8a98d,twolocalrandom_indep_qiskit_8,twolocalrandom,qiskit,8,34,124,o3_sabre_lookahead,3,sabre,lookahead,1,timeout,transpilation,timeout,AttemptTimeoutError,100.0,100.00196456900449,Tentativo interrotto dopo 100.0 secondi.,qiskit_post_pass_callback_and_sigalrm_traceback,transpilation,21,LookaheadSwap,qiskit.transpiler.passes.routing.lookahead_swap.LookaheadSwap,20,99.98692417144775,99.99894908700662,qiskit/transpiler/passes/routing/lookahead_swap.py,_first_op_node,394,,,,none,False,"Il callback pubblico di Qiskit viene eseguito dopo ogni pass: last_completed_pass non identifica necessariamente il pass interrotto. | Lo stack indica dove SIGALRM è stato osservato, non dimostra quale pass, configurazione, circuito o hardware abbia causato il timeout. | Un'attribuzione causale richiede confronti controllati tra circuiti, configurazioni e device.",qiskit/transpiler/passes/routing/lookahead_swap.py:394:_first_op_node
ibm_falcon_27,27,b9120f471bd90ef5aae03606ebc1e421478cd50f7b65ff4fb115f64c5148c104,run_563017d9e88904e3798fc1223c1562a449c665d5b384c6f8c122dc3e91125a54,twolocalrandom_indep_qiskit_8,twolocalrandom,qiskit,8,34,124,o3_sabre_lookahead,3,sabre,lookahead,2,timeout,transpilation,timeout,AttemptTimeoutError,100.0,100.00206671500928,Tentativo interrotto dopo 100.0 secondi.,qiskit_post_pass_callback_and_sigalrm_traceback,transpilation,21,LookaheadSwap,qiskit.transpiler.passes.routing.lookahead_swap.LookaheadSwap,20,99.98841834068298,99.99911612999858,qiskit/transpiler/passes/routing/lookahead_swap.py,_calc_layout_distance,346,,,,none,False,"Il callback pubblico di Qiskit viene eseguito dopo ogni pass: last_completed_pass non identifica necessariamente il pass interrotto. | Lo stack indica dove SIGALRM è stato osservato, non dimostra quale pass, configurazione, circuito o hardware abbia causato il timeout. | Un'attribuzione causale richiede confronti controllati tra circuiti, configurazioni e device.",qiskit/transpiler/passes/routing/lookahead_swap.py:346:_calc_layout_distance
ibm_falcon_27,27,b9120f471bd90ef5aae03606ebc1e421478cd50f7b65ff4fb115f64c5148c104,run_440f99201c6150caf7b95fbaa3da3cea163e0f61048b2cae081407310afdbb1d,twolocalrandom_indep_qiskit_9,twolocalrandom,qiskit,9,38,153,o3_sabre_lookahead,3,sabre,lookahead,0,timeout,transpilation,timeout,AttemptTimeoutError,100.0,100.00177428900497,Tentativo interrotto dopo 100.0 secondi.,qiskit_post_pass_callback_and_sigalrm_traceback,transpilation,21,LookaheadSwap,qiskit.transpiler.passes.routing.lookahead_swap.LookaheadSwap,20,99.98779773712158,99.99928323600034,qiskit/transpiler/passes/routing/lookahead_swap.py,_calc_layout_distance,346,,,,none,False,"Il callback pubblico di Qiskit viene eseguito dopo ogni pass: last_completed_pass non identifica necessariamente il pass interrotto. | Lo stack indica dove SIGALRM è stato osservato, non dimostra quale pass, configurazione, circuito o hardware abbia causato il timeout. | Un'attribuzione causale richiede confronti controllati tra circuiti, configurazioni e device.",qiskit/transpiler/passes/routing/lookahead_swap.py:346:_calc_layout_distance
ibm_falcon_27,27,b9120f471bd90ef5aae03606ebc1e421478cd50f7b65ff4fb115f64c5148c104,run_5b7040f374f880dc4d3cbcc5143f7112306821e80b8d33baf902153b8defc465,twolocalrandom_indep_qiskit_9,twolocalrandom,qiskit,9,38,153,o3_sabre_lookahead,3,sabre,lookahead,1,timeout,transpilation,timeout,AttemptTimeoutError,100.0,100.0022648509912,Tentativo interrotto dopo 100.0 secondi.,qiskit_post_pass_callback_and_sigalrm_traceback,transpilation,21,LookaheadSwap,qiskit.transpiler.passes.routing.lookahead_swap.LookaheadSwap,20,99.98618912696838,99.99896721800906,qiskit/transpiler/passes/routing/lookahead_swap.py,_calc_layout_distance,346,,,,none,False,"Il callback pubblico di Qiskit viene eseguito dopo ogni pass: last_completed_pass non identifica necessariamente il pass interrotto. | Lo stack indica dove SIGALRM è stato osservato, non dimostra quale pass, configurazione, circuito o hardware abbia causato il timeout. | Un'attribuzione causale richiede confronti controllati tra circuiti, configurazioni e device.",qiskit/transpiler/passes/routing/lookahead_swap.py:346:_calc_layout_distance
ibm_falcon_27,27,b9120f471bd90ef5aae03606ebc1e421478cd50f7b65ff4fb115f64c5148c104,run_63c9ab99d4a906c5581ac45255ba7085411c57246456dad387e28a17570c72c1,twolocalrandom_indep_qiskit_9,twolocalrandom,qiskit,9,38,153,o3_sabre_lookahead,3,sabre,lookahead,2,timeout,transpilation,timeout,AttemptTimeoutError,100.0,100.00150886300253,Tentativo interrotto dopo 100.0 secondi.,qiskit_post_pass_callback_and_sigalrm_traceback,transpilation,21,LookaheadSwap,qiskit.transpiler.passes.routing.lookahead_swap.LookaheadSwap,20,99.98654365539551,99.99893345800228,qiskit/transpiler/passes/routing/lookahead_swap.py,_map_free_gates,316,,,,none,False,"Il callback pubblico di Qiskit viene eseguito dopo ogni pass: last_completed_pass non identifica necessariamente il pass interrotto. | Lo stack indica dove SIGALRM è stato osservato, non dimostra quale pass, configurazione, circuito o hardware abbia causato il timeout. | Un'attribuzione causale richiede confronti controllati tra circuiti, configurazioni e device.",qiskit/transpiler/passes/routing/lookahead_swap.py:316:_map_free_gates
ibm_falcon_27,27,b9120f471bd90ef5aae03606ebc1e421478cd50f7b65ff4fb115f64c5148c104,run_228a1a2e4b003240c330b2cc55f16ab794b2e702b7975a2be6085ef4ff2aad81,twolocalrandom_indep_tket_10,twolocalrandom,tket,10,42,185,o3_sabre_lookahead,3,sabre,lookahead,0,timeout,transpilation,timeout,AttemptTimeoutError,100.0,100.00257191799756,Tentativo interrotto dopo 100.0 secondi.,qiskit_post_pass_callback_and_sigalrm_traceback,transpilation,21,LookaheadSwap,qiskit.transpiler.passes.routing.lookahead_swap.LookaheadSwap,20,99.96681714057922,99.98820639299811,qiskit/transpiler/passes/routing/lookahead_swap.py,_calc_layout_distance,346,,,,none,False,"Il callback pubblico di Qiskit viene eseguito dopo ogni pass: last_completed_pass non identifica necessariamente il pass interrotto. | Lo stack indica dove SIGALRM è stato osservato, non dimostra quale pass, configurazione, circuito o hardware abbia causato il timeout. | Un'attribuzione causale richiede confronti controllati tra circuiti, configurazioni e device.",qiskit/transpiler/passes/routing/lookahead_swap.py:346:_calc_layout_distance
ibm_falcon_27,27,b9120f471bd90ef5aae03606ebc1e421478cd50f7b65ff4fb115f64c5148c104,run_f6ba4e88301435321a1acbb9e616cee02cd298c3382a87a86bf03c6a9aa5a36b,twolocalrandom_indep_tket_10,twolocalrandom,tket,10,42,185,o3_sabre_lookahead,3,sabre,lookahead,1,timeout,transpilation,timeout,AttemptTimeoutError,100.0,100.00170427600096,Tentativo interrotto dopo 100.0 secondi.,qiskit_post_pass_callback_and_sigalrm_traceback,transpilation,21,LookaheadSwap,qiskit.transpiler.passes.routing.lookahead_swap.LookaheadSwap,20,99.98523902893066,99.9988333430083,qiskit/transpiler/passes/routing/lookahead_swap.py,_map_free_gates,316,,,,none,False,"Il callback pubblico di Qiskit viene eseguito dopo ogni pass: last_completed_pass non identifica necessariamente il pass interrotto. | Lo stack indica dove SIGALRM è stato osservato, non dimostra quale pass, configurazione, circuito o hardware abbia causato il timeout. | Un'attribuzione causale richiede confronti controllati tra circuiti, configurazioni e device.",qiskit/transpiler/passes/routing/lookahead_swap.py:316:_map_free_gates
ibm_falcon_27,27,b9120f471bd90ef5aae03606ebc1e421478cd50f7b65ff4fb115f64c5148c104,run_3fedf9b2511283976d2b36b9505d02640b84d255b7488e49546018e2f5a69565,twolocalrandom_indep_tket_10,twolocalrandom,tket,10,42,185,o3_sabre_lookahead,3,sabre,lookahead,2,timeout,transpilation,timeout,AttemptTimeoutError,100.0,100.00251299400406,Tentativo interrotto dopo 100.0 secondi.,qiskit_post_pass_callback_and_sigalrm_traceback,transpilation,21,LookaheadSwap,qiskit.transpiler.passes.routing.lookahead_swap.LookaheadSwap,20,99.9860508441925,99.99886638100725,qiskit/transpiler/passes/routing/lookahead_swap.py,_score_state_with_swap,358,,,,none,False,"Il callback pubblico di Qiskit viene eseguito dopo ogni pass: last_completed_pass non identifica necessariamente il pass interrotto. | Lo stack indica dove SIGALRM è stato osservato, non dimostra quale pass, configurazione, circuito o hardware abbia causato il timeout. | Un'attribuzione causale richiede confronti controllati tra circuiti, configurazioni e device.",qiskit/transpiler/passes/routing/lookahead_swap.py:358:_score_state_with_swap
ibm_falcon_27,27,b9120f471bd90ef5aae03606ebc1e421478cd50f7b65ff4fb115f64c5148c104,run_ecd05a2155d49314a654a5dc75af400b808173bda753a380f2403d942670de44,twolocalrandom_indep_tket_11,twolocalrandom,tket,11,46,220,o3_sabre_lookahead,3,sabre,lookahead,0,timeout,transpilation,timeout,AttemptTimeoutError,100.0,100.00272952100204,Tentativo interrotto dopo 100.0 secondi.,qiskit_post_pass_callback_and_sigalrm_traceback,transpilation,21,LookaheadSwap,qiskit.transpiler.passes.routing.lookahead_swap.LookaheadSwap,20,99.98281908035278,99.99888017200283,qiskit/transpiler/passes/routing/lookahead_swap.py,_calc_layout_distance,346,,,,none,False,"Il callback pubblico di Qiskit viene eseguito dopo ogni pass: last_completed_pass non identifica necessariamente il pass interrotto. | Lo stack indica dove SIGALRM è stato osservato, non dimostra quale pass, configurazione, circuito o hardware abbia causato il timeout. | Un'attribuzione causale richiede confronti controllati tra circuiti, configurazioni e device.",qiskit/transpiler/passes/routing/lookahead_swap.py:346:_calc_layout_distance
ibm_falcon_27,27,b9120f471bd90ef5aae03606ebc1e421478cd50f7b65ff4fb115f64c5148c104,run_d88d60be41e8457c07c4e310835e1891bd219476c480352af695db9b29f3b653,twolocalrandom_indep_tket_11,twolocalrandom,tket,11,46,220,o3_sabre_lookahead,3,sabre,lookahead,1,timeout,transpilation,timeout,AttemptTimeoutError,100.0,100.00188586699369,Tentativo interrotto dopo 100.0 secondi.,qiskit_post_pass_callback_and_sigalrm_traceback,transpilation,21,LookaheadSwap,qiskit.transpiler.passes.routing.lookahead_swap.LookaheadSwap,20,99.98370623588562,99.9989249920036,qiskit/transpiler/passes/routing/lookahead_swap.py,_calc_layout_distance,346,,,,none,False,"Il callback pubblico di Qiskit viene eseguito dopo ogni pass: last_completed_pass non identifica necessariamente il pass interrotto. | Lo stack indica dove SIGALRM è stato osservato, non dimostra quale pass, configurazione, circuito o hardware abbia causato il timeout. | Un'attribuzione causale richiede confronti controllati tra circuiti, configurazioni e device.",qiskit/transpiler/passes/routing/lookahead_swap.py:346:_calc_layout_distance
ibm_falcon_27,27,b9120f471bd90ef5aae03606ebc1e421478cd50f7b65ff4fb115f64c5148c104,run_98010d92611a705cd65de453611a25accd7eabe909a65ae035ed5173218c8b8b,twolocalrandom_indep_tket_11,twolocalrandom,tket,11,46,220,o3_sabre_lookahead,3,sabre,lookahead,2,timeout,transpilation,timeout,AttemptTimeoutError,100.0,100.00184850201185,Tentativo interrotto dopo 100.0 secondi.,qiskit_post_pass_callback_and_sigalrm_traceback,transpilation,21,LookaheadSwap,qiskit.transpiler.passes.routing.lookahead_swap.LookaheadSwap,20,99.9808406829834,99.99852070800262,qiskit/transpiler/passes/routing/lookahead_swap.py,_calc_layout_distance,346,,,,none,False,"Il callback pubblico di Qiskit viene eseguito dopo ogni pass: last_completed_pass non identifica necessariamente il pass interrotto. | Lo stack indica dove SIGALRM è stato osservato, non dimostra quale pass, configurazione, circuito o hardware abbia causato il timeout. | Un'attribuzione causale richiede confronti controllati tra circuiti, configurazioni e device.",qiskit/transpiler/passes/routing/lookahead_swap.py:346:_calc_layout_distance
ibm_falcon_27,27,b9120f471bd90ef5aae03606ebc1e421478cd50f7b65ff4fb115f64c5148c104,run_a250b988b449c6c346e6b43219683f1158a99be79876aac5cc282fc88fbb4a5c,twolocalrandom_indep_tket_6,twolocalrandom,tket,6,26,75,o3_sabre_lookahead,3,sabre,lookahead,0,timeout,transpilation,timeout,AttemptTimeoutError,100.0,100.00205845700111,Tentativo interrotto dopo 100.0 secondi.,qiskit_post_pass_callback_and_sigalrm_traceback,transpilation,21,LookaheadSwap,qiskit.transpiler.passes.routing.lookahead_swap.LookaheadSwap,20,99.98977017402649,99.99935613801063,qiskit/transpiler/passes/routing/lookahead_swap.py,_first_op_node,394,,,,none,False,"Il callback pubblico di Qiskit viene eseguito dopo ogni pass: last_completed_pass non identifica necessariamente il pass interrotto. | Lo stack indica dove SIGALRM è stato osservato, non dimostra quale pass, configurazione, circuito o hardware abbia causato il timeout. | Un'attribuzione causale richiede confronti controllati tra circuiti, configurazioni e device.",qiskit/transpiler/passes/routing/lookahead_swap.py:394:_first_op_node
ibm_falcon_27,27,b9120f471bd90ef5aae03606ebc1e421478cd50f7b65ff4fb115f64c5148c104,run_1ac5dafea00ac91b423bae84739ceb57bb988fb5e4abbad280e912c6eb7e817f,twolocalrandom_indep_tket_7,twolocalrandom,tket,7,30,98,o3_sabre_lookahead,3,sabre,lookahead,0,timeout,transpilation,timeout,AttemptTimeoutError,100.0,100.00200060699717,Tentativo interrotto dopo 100.0 secondi.,qiskit_post_pass_callback_and_sigalrm_traceback,transpilation,21,LookaheadSwap,qiskit.transpiler.passes.routing.lookahead_swap.LookaheadSwap,20,99.99137234687805,99.99956486499286,qiskit/transpiler/passes/routing/lookahead_swap.py,_calc_layout_distance,346,,,,none,False,"Il callback pubblico di Qiskit viene eseguito dopo ogni pass: last_completed_pass non identifica necessariamente il pass interrotto. | Lo stack indica dove SIGALRM è stato osservato, non dimostra quale pass, configurazione, circuito o hardware abbia causato il timeout. | Un'attribuzione causale richiede confronti controllati tra circuiti, configurazioni e device.",qiskit/transpiler/passes/routing/lookahead_swap.py:346:_calc_layout_distance
ibm_falcon_27,27,b9120f471bd90ef5aae03606ebc1e421478cd50f7b65ff4fb115f64c5148c104,run_d297fefab7e1dd00a8a4b742eb4a4690234894d407d0dd67fa3babb48812e838,twolocalrandom_indep_tket_7,twolocalrandom,tket,7,30,98,o3_sabre_lookahead,3,sabre,lookahead,2,timeout,transpilation,timeout,AttemptTimeoutError,100.0,100.00209643099515,Tentativo interrotto dopo 100.0 secondi.,qiskit_post_pass_callback_and_sigalrm_traceback,transpilation,21,LookaheadSwap,qiskit.transpiler.passes.routing.lookahead_swap.LookaheadSwap,20,99.99109554290771,99.9994871839881,qiskit/transpiler/passes/routing/lookahead_swap.py,_calc_layout_distance,346,,,,none,False,"Il callback pubblico di Qiskit viene eseguito dopo ogni pass: last_completed_pass non identifica necessariamente il pass interrotto. | Lo stack indica dove SIGALRM è stato osservato, non dimostra quale pass, configurazione, circuito o hardware abbia causato il timeout. | Un'attribuzione causale richiede confronti controllati tra circuiti, configurazioni e device.",qiskit/transpiler/passes/routing/lookahead_swap.py:346:_calc_layout_distance
ibm_falcon_27,27,b9120f471bd90ef5aae03606ebc1e421478cd50f7b65ff4fb115f64c5148c104,run_78d5e99d8161ed2835d54b2aa3e97bddd7d5b64ceb31c9e20ec65ef1253ac48b,twolocalrandom_indep_tket_8,twolocalrandom,tket,8,34,124,o3_sabre_lookahead,3,sabre,lookahead,0,timeout,transpilation,timeout,AttemptTimeoutError,100.0,100.00137717100733,Tentativo interrotto dopo 100.0 secondi.,qiskit_post_pass_callback_and_sigalrm_traceback,transpilation,21,LookaheadSwap,qiskit.transpiler.passes.routing.lookahead_swap.LookaheadSwap,20,99.98515152931213,99.9989868900011,qiskit/transpiler/passes/routing/lookahead_swap.py,_calc_layout_distance,346,,,,none,False,"Il callback pubblico di Qiskit viene eseguito dopo ogni pass: last_completed_pass non identifica necessariamente il pass interrotto. | Lo stack indica dove SIGALRM è stato osservato, non dimostra quale pass, configurazione, circuito o hardware abbia causato il timeout. | Un'attribuzione causale richiede confronti controllati tra circuiti, configurazioni e device.",qiskit/transpiler/passes/routing/lookahead_swap.py:346:_calc_layout_distance
ibm_falcon_27,27,b9120f471bd90ef5aae03606ebc1e421478cd50f7b65ff4fb115f64c5148c104,run_a1102ad24530ddafa89a95f317cacf5d8d6846f44828fcf9efc73c2dc90f4a17,twolocalrandom_indep_tket_8,twolocalrandom,tket,8,34,124,o3_sabre_lookahead,3,sabre,lookahead,1,timeout,transpilation,timeout,AttemptTimeoutError,100.0,100.00136029798887,Tentativo interrotto dopo 100.0 secondi.,qiskit_post_pass_callback_and_sigalrm_traceback,transpilation,21,LookaheadSwap,qiskit.transpiler.passes.routing.lookahead_swap.LookaheadSwap,20,99.98863101005554,99.99906514900795,qiskit/transpiler/passes/routing/lookahead_swap.py,_calc_layout_distance,346,,,,none,False,"Il callback pubblico di Qiskit viene eseguito dopo ogni pass: last_completed_pass non identifica necessariamente il pass interrotto. | Lo stack indica dove SIGALRM è stato osservato, non dimostra quale pass, configurazione, circuito o hardware abbia causato il timeout. | Un'attribuzione causale richiede confronti controllati tra circuiti, configurazioni e device.",qiskit/transpiler/passes/routing/lookahead_swap.py:346:_calc_layout_distance
ibm_falcon_27,27,b9120f471bd90ef5aae03606ebc1e421478cd50f7b65ff4fb115f64c5148c104,run_d15ede61804c7812e28330ef1bf5af68bb615b47ca4e34e855f74ebd00e56592,twolocalrandom_indep_tket_8,twolocalrandom,tket,8,34,124,o3_sabre_lookahead,3,sabre,lookahead,2,timeout,transpilation,timeout,AttemptTimeoutError,100.0,100.00226198599557,Tentativo interrotto dopo 100.0 secondi.,qiskit_post_pass_callback_and_sigalrm_traceback,transpilation,21,LookaheadSwap,qiskit.transpiler.passes.routing.lookahead_swap.LookaheadSwap,20,99.98566222190857,99.99910412500321,qiskit/transpiler/passes/routing/lookahead_swap.py,_map_free_gates,317,,,,none,False,"Il callback pubblico di Qiskit viene eseguito dopo ogni pass: last_completed_pass non identifica necessariamente il pass interrotto. | Lo stack indica dove SIGALRM è stato osservato, non dimostra quale pass, configurazione, circuito o hardware abbia causato il timeout. | Un'attribuzione causale richiede confronti controllati tra circuiti, configurazioni e device.",qiskit/transpiler/passes/routing/lookahead_swap.py:317:_map_free_gates
ibm_falcon_27,27,b9120f471bd90ef5aae03606ebc1e421478cd50f7b65ff4fb115f64c5148c104,run_5f20311fe8e8df7003fec68526bdfbf7faa36e8237e6a75b4102275bd8dacc4b,twolocalrandom_indep_tket_9,twolocalrandom,tket,9,38,153,o3_sabre_lookahead,3,sabre,lookahead,0,timeout,transpilation,timeout,AttemptTimeoutError,100.0,100.00187336900854,Tentativo interrotto dopo 100.0 secondi.,qiskit_post_pass_callback_and_sigalrm_traceback,transpilation,21,LookaheadSwap,qiskit.transpiler.passes.routing.lookahead_swap.LookaheadSwap,20,99.98782420158386,99.99924878400634,qiskit/transpiler/passes/routing/lookahead_swap.py,_calc_layout_distance,346,,,,none,False,"Il callback pubblico di Qiskit viene eseguito dopo ogni pass: last_completed_pass non identifica necessariamente il pass interrotto. | Lo stack indica dove SIGALRM è stato osservato, non dimostra quale pass, configurazione, circuito o hardware abbia causato il timeout. | Un'attribuzione causale richiede confronti controllati tra circuiti, configurazioni e device.",qiskit/transpiler/passes/routing/lookahead_swap.py:346:_calc_layout_distance
ibm_falcon_27,27,b9120f471bd90ef5aae03606ebc1e421478cd50f7b65ff4fb115f64c5148c104,run_f6a8e667f8947e30a944aa4e00c554d70aca7d0486601c245e41950ab17533bc,twolocalrandom_indep_tket_9,twolocalrandom,tket,9,38,153,o3_sabre_lookahead,3,sabre,lookahead,1,timeout,transpilation,timeout,AttemptTimeoutError,100.0,100.00223140999151,Tentativo interrotto dopo 100.0 secondi.,qiskit_post_pass_callback_and_sigalrm_traceback,transpilation,21,LookaheadSwap,qiskit.transpiler.passes.routing.lookahead_swap.LookaheadSwap,20,99.98576307296753,99.99907004999113,qiskit/transpiler/passes/routing/lookahead_swap.py,_map_free_gates,316,,,,none,False,"Il callback pubblico di Qiskit viene eseguito dopo ogni pass: last_completed_pass non identifica necessariamente il pass interrotto. | Lo stack indica dove SIGALRM è stato osservato, non dimostra quale pass, configurazione, circuito o hardware abbia causato il timeout. | Un'attribuzione causale richiede confronti controllati tra circuiti, configurazioni e device.",qiskit/transpiler/passes/routing/lookahead_swap.py:316:_map_free_gates
ibm_falcon_27,27,b9120f471bd90ef5aae03606ebc1e421478cd50f7b65ff4fb115f64c5148c104,run_0c1884480d9c93492d71d1c987b5ec1a89716d39e4387f161b25aa9582ddeaa5,twolocalrandom_indep_tket_9,twolocalrandom,tket,9,38,153,o3_sabre_lookahead,3,sabre,lookahead,2,timeout,transpilation,timeout,AttemptTimeoutError,100.0,100.00237775399,Tentativo interrotto dopo 100.0 secondi.,qiskit_post_pass_callback_and_sigalrm_traceback,transpilation,21,LookaheadSwap,qiskit.transpiler.passes.routing.lookahead_swap.LookaheadSwap,20,99.98484468460083,99.99899699899834,qiskit/transpiler/passes/routing/lookahead_swap.py,<genexpr>,394,,,,none,False,"Il callback pubblico di Qiskit viene eseguito dopo ogni pass: last_completed_pass non identifica necessariamente il pass interrotto. | Lo stack indica dove SIGALRM è stato osservato, non dimostra quale pass, configurazione, circuito o hardware abbia causato il timeout. | Un'attribuzione causale richiede confronti controllati tra circuiti, configurazioni e device.",qiskit/transpiler/passes/routing/lookahead_swap.py:394:<genexpr>
