device_id,device_num_qubits,target_sha256,run_id,circuit_id,family,generator,num_qubits,depth,size,config_id,optimization_level,layout_method,routing_method,seed,status,phase,category,exception_type,timeout_seconds,observed_total_seconds,message,diagnostic_method,observed_phase,completed_pass_count,last_completed_pass_name,last_completed_pass_class,last_completed_pass_index,last_completed_pass_duration_seconds,last_completed_pass_wall_elapsed_seconds,interrupted_pass_file,interrupted_pass_function,interrupted_pass_line,inferred_qiskit_stage,inferred_configuration_component,inferred_configuration_value,inference_confidence,causal_attribution_supported,diagnostic_limitations,last_relevant_qiskit_frame
ibm_falcon_27,27,f30536987677ef5017fe3a89b8b4ee0a3e7252a1a226cc3db95fd9b2e822d991,run_87af8aff44ecc6bac74479ee6f3211612ebfda5cbbce3ab2cea735cdf6417ad7,ae_indep_qiskit_13,ae,qiskit,13,72,152,o2_sabre_lookahead,2,sabre,lookahead,0,timeout,transpilation,timeout,AttemptTimeoutError,100.0,100.00364837399997,Tentativo interrotto dopo 100.0 secondi.,qiskit_post_pass_callback_and_sigalrm_traceback,transpilation,21,LookaheadSwap,qiskit.transpiler.passes.routing.lookahead_swap.LookaheadSwap,20,99.93428707122803,99.998108269,qiskit/transpiler/passes/routing/lookahead_swap.py,_first_op_node,390,routing,routing_method,lookahead,medium,False,"Il callback pubblico di Qiskit viene eseguito dopo ogni pass: last_completed_pass non identifica necessariamente il pass interrotto. | Lo stack indica dove SIGALRM è stato osservato, non dimostra quale pass, configurazione, circuito o hardware abbia causato il timeout. | Un'attribuzione causale richiede confronti controllati tra circuiti, configurazioni e device.",qiskit/transpiler/passes/routing/lookahead_swap.py:390:_first_op_node
ibm_falcon_27,27,f30536987677ef5017fe3a89b8b4ee0a3e7252a1a226cc3db95fd9b2e822d991,run_10ba17e64ee9e99ccb7b2459afc1aab879f5949066ede109d6e309b88c87ddb4,ae_indep_qiskit_13,ae,qiskit,13,72,152,o2_sabre_lookahead,2,sabre,lookahead,1,timeout,transpilation,timeout,AttemptTimeoutError,100.0,100.00399351700003,Tentativo interrotto dopo 100.0 secondi.,qiskit_post_pass_callback_and_sigalrm_traceback,transpilation,21,LookaheadSwap,qiskit.transpiler.passes.routing.lookahead_swap.LookaheadSwap,20,99.92745518684387,99.99825557600002,qiskit/transpiler/passes/routing/lookahead_swap.py,_map_free_gates,312,routing,routing_method,lookahead,medium,False,"Il callback pubblico di Qiskit viene eseguito dopo ogni pass: last_completed_pass non identifica necessariamente il pass interrotto. | Lo stack indica dove SIGALRM è stato osservato, non dimostra quale pass, configurazione, circuito o hardware abbia causato il timeout. | Un'attribuzione causale richiede confronti controllati tra circuiti, configurazioni e device.",qiskit/transpiler/passes/routing/lookahead_swap.py:312:_map_free_gates
ibm_falcon_27,27,f30536987677ef5017fe3a89b8b4ee0a3e7252a1a226cc3db95fd9b2e822d991,run_c20011b52ea01fa66ac8f24d9c347e246d5e13d9eba765d9e970d7314ace9bb1,ae_indep_qiskit_13,ae,qiskit,13,72,152,o2_sabre_lookahead,2,sabre,lookahead,2,timeout,transpilation,timeout,AttemptTimeoutError,100.0,100.00263427800002,Tentativo interrotto dopo 100.0 secondi.,qiskit_post_pass_callback_and_sigalrm_traceback,transpilation,21,LookaheadSwap,qiskit.transpiler.passes.routing.lookahead_swap.LookaheadSwap,20,99.93726205825806,99.997826718,qiskit/transpiler/passes/routing/lookahead_swap.py,<genexpr>,380,routing,routing_method,lookahead,medium,False,"Il callback pubblico di Qiskit viene eseguito dopo ogni pass: last_completed_pass non identifica necessariamente il pass interrotto. | Lo stack indica dove SIGALRM è stato osservato, non dimostra quale pass, configurazione, circuito o hardware abbia causato il timeout. | Un'attribuzione causale richiede confronti controllati tra circuiti, configurazioni e device.",qiskit/transpiler/passes/routing/lookahead_swap.py:380:<genexpr>
ibm_falcon_27,27,f30536987677ef5017fe3a89b8b4ee0a3e7252a1a226cc3db95fd9b2e822d991,run_13b9bdea69e3540bc94fbc8e615a978685734a67bd1475d54eb988622ee33406,ae_indep_tket_12,ae,tket,12,77,156,o2_sabre_lookahead,2,sabre,lookahead,2,timeout,transpilation,timeout,AttemptTimeoutError,100.0,100.002117494,Tentativo interrotto dopo 100.0 secondi.,qiskit_post_pass_callback_and_sigalrm_traceback,transpilation,21,LookaheadSwap,qiskit.transpiler.passes.routing.lookahead_swap.LookaheadSwap,20,99.91600441932678,99.99793218900004,qiskit/transpiler/passes/routing/lookahead_swap.py,<genexpr>,216,routing,routing_method,lookahead,medium,False,"Il callback pubblico di Qiskit viene eseguito dopo ogni pass: last_completed_pass non identifica necessariamente il pass interrotto. | Lo stack indica dove SIGALRM è stato osservato, non dimostra quale pass, configurazione, circuito o hardware abbia causato il timeout. | Un'attribuzione causale richiede confronti controllati tra circuiti, configurazioni e device.",qiskit/transpiler/passes/routing/lookahead_swap.py:216:<genexpr>
ibm_falcon_27,27,f30536987677ef5017fe3a89b8b4ee0a3e7252a1a226cc3db95fd9b2e822d991,run_577c6f9846a8e3cadeb6f7bad964c71d433cd13252268019623ee915df96405e,dj_indep_qiskit_22,dj,qiskit,22,24,85,o2_sabre_lookahead,2,sabre,lookahead,0,timeout,transpilation,timeout,AttemptTimeoutError,100.0,100.00279243,Tentativo interrotto dopo 100.0 secondi.,qiskit_post_pass_callback_and_sigalrm_traceback,transpilation,21,LookaheadSwap,qiskit.transpiler.passes.routing.lookahead_swap.LookaheadSwap,20,99.97357106208801,99.99924486999998,qiskit/transpiler/passes/routing/lookahead_swap.py,_calc_layout_distance,342,routing,routing_method,lookahead,medium,False,"Il callback pubblico di Qiskit viene eseguito dopo ogni pass: last_completed_pass non identifica necessariamente il pass interrotto. | Lo stack indica dove SIGALRM è stato osservato, non dimostra quale pass, configurazione, circuito o hardware abbia causato il timeout. | Un'attribuzione causale richiede confronti controllati tra circuiti, configurazioni e device.",qiskit/transpiler/passes/routing/lookahead_swap.py:342:_calc_layout_distance
ibm_falcon_27,27,f30536987677ef5017fe3a89b8b4ee0a3e7252a1a226cc3db95fd9b2e822d991,run_a9d5ff522f9d7919d8b0fec8e5c3c6496f018f58ffe21bc1206f475e762e552a,dj_indep_qiskit_23,dj,qiskit,23,25,89,o2_sabre_lookahead,2,sabre,lookahead,2,timeout,transpilation,timeout,AttemptTimeoutError,100.0,100.00276655599987,Tentativo interrotto dopo 100.0 secondi.,qiskit_post_pass_callback_and_sigalrm_traceback,transpilation,21,LookaheadSwap,qiskit.transpiler.passes.routing.lookahead_swap.LookaheadSwap,20,99.96190142631531,99.999259037,qiskit/transpiler/passes/routing/lookahead_swap.py,_map_free_gates,313,routing,routing_method,lookahead,medium,False,"Il callback pubblico di Qiskit viene eseguito dopo ogni pass: last_completed_pass non identifica necessariamente il pass interrotto. | Lo stack indica dove SIGALRM è stato osservato, non dimostra quale pass, configurazione, circuito o hardware abbia causato il timeout. | Un'attribuzione causale richiede confronti controllati tra circuiti, configurazioni e device.",qiskit/transpiler/passes/routing/lookahead_swap.py:313:_map_free_gates
ibm_falcon_27,27,f30536987677ef5017fe3a89b8b4ee0a3e7252a1a226cc3db95fd9b2e822d991,run_18fb0853fd9c78df4a745bd0608bed9c7cff5a983729ad356a2ea82facdc4cb5,dj_indep_tket_22,dj,tket,22,25,106,o2_sabre_lookahead,2,sabre,lookahead,0,timeout,transpilation,timeout,AttemptTimeoutError,100.0,100.03271004699991,Tentativo interrotto dopo 100.0 secondi.,qiskit_post_pass_callback_and_sigalrm_traceback,transpilation,21,LookaheadSwap,qiskit.transpiler.passes.routing.lookahead_swap.LookaheadSwap,20,99.95264554023743,99.99925484300002,qiskit/transpiler/passes/routing/lookahead_swap.py,<genexpr>,390,routing,routing_method,lookahead,medium,False,"Il callback pubblico di Qiskit viene eseguito dopo ogni pass: last_completed_pass non identifica necessariamente il pass interrotto. | Lo stack indica dove SIGALRM è stato osservato, non dimostra quale pass, configurazione, circuito o hardware abbia causato il timeout. | Un'attribuzione causale richiede confronti controllati tra circuiti, configurazioni e device.",qiskit/transpiler/passes/routing/lookahead_swap.py:390:<genexpr>
ibm_falcon_27,27,f30536987677ef5017fe3a89b8b4ee0a3e7252a1a226cc3db95fd9b2e822d991,run_75e14a25e99050736519513b3e1b50e810e6ce6dbab6bfce39c68532695f4d4f,dj_indep_tket_23,dj,tket,23,27,112,o2_sabre_lookahead,2,sabre,lookahead,2,timeout,transpilation,timeout,AttemptTimeoutError,100.0,100.03688429599993,Tentativo interrotto dopo 100.0 secondi.,qiskit_post_pass_callback_and_sigalrm_traceback,transpilation,21,LookaheadSwap,qiskit.transpiler.passes.routing.lookahead_swap.LookaheadSwap,20,99.93407487869263,99.99915218299998,qiskit/transpiler/passes/routing/lookahead_swap.py,_first_op_node,390,routing,routing_method,lookahead,medium,False,"Il callback pubblico di Qiskit viene eseguito dopo ogni pass: last_completed_pass non identifica necessariamente il pass interrotto. | Lo stack indica dove SIGALRM è stato osservato, non dimostra quale pass, configurazione, circuito o hardware abbia causato il timeout. | Un'attribuzione causale richiede confronti controllati tra circuiti, configurazioni e device.",qiskit/transpiler/passes/routing/lookahead_swap.py:390:_first_op_node
ibm_falcon_27,27,f30536987677ef5017fe3a89b8b4ee0a3e7252a1a226cc3db95fd9b2e822d991,run_649fc9157b31fce54b8b4e78de85fdde589b76fa65793115abee19be1d1011f0,groundstate_medium_indep_qiskit_12,groundstate_medium,qiskit,12,37,180,o2_sabre_lookahead,2,sabre,lookahead,0,timeout,transpilation,timeout,AttemptTimeoutError,100.0,100.0034420669981,Tentativo interrotto dopo 100.0 secondi.,qiskit_post_pass_callback_and_sigalrm_traceback,transpilation,21,LookaheadSwap,qiskit.transpiler.passes.routing.lookahead_swap.LookaheadSwap,20,99.89361834526062,99.99864286999946,qiskit/transpiler/passes/routing/lookahead_swap.py,_calc_layout_distance,342,routing,routing_method,lookahead,medium,False,"Il callback pubblico di Qiskit viene eseguito dopo ogni pass: last_completed_pass non identifica necessariamente il pass interrotto. | Lo stack indica dove SIGALRM è stato osservato, non dimostra quale pass, configurazione, circuito o hardware abbia causato il timeout. | Un'attribuzione causale richiede confronti controllati tra circuiti, configurazioni e device.",qiskit/transpiler/passes/routing/lookahead_swap.py:342:_calc_layout_distance
ibm_falcon_27,27,f30536987677ef5017fe3a89b8b4ee0a3e7252a1a226cc3db95fd9b2e822d991,run_c7a960a1071f434589fb14bd4667ddfea3e10093aa030cb28fc0306f1cc79f47,groundstate_medium_indep_qiskit_12,groundstate_medium,qiskit,12,37,180,o2_sabre_lookahead,2,sabre,lookahead,1,timeout,transpilation,timeout,AttemptTimeoutError,100.0,100.00333587899877,Tentativo interrotto dopo 100.0 secondi.,qiskit_post_pass_callback_and_sigalrm_traceback,transpilation,21,LookaheadSwap,qiskit.transpiler.passes.routing.lookahead_swap.LookaheadSwap,20,99.87682819366455,99.99817346200143,qiskit/transpiler/passes/routing/lookahead_swap.py,_score_step,360,routing,routing_method,lookahead,medium,False,"Il callback pubblico di Qiskit viene eseguito dopo ogni pass: last_completed_pass non identifica necessariamente il pass interrotto. | Lo stack indica dove SIGALRM è stato osservato, non dimostra quale pass, configurazione, circuito o hardware abbia causato il timeout. | Un'attribuzione causale richiede confronti controllati tra circuiti, configurazioni e device.",qiskit/transpiler/passes/routing/lookahead_swap.py:360:_score_step
ibm_falcon_27,27,f30536987677ef5017fe3a89b8b4ee0a3e7252a1a226cc3db95fd9b2e822d991,run_7003a66e23c0c4bac37d045778cae9ec9b2238255a9fba342248e8c221006339,groundstate_medium_indep_qiskit_12,groundstate_medium,qiskit,12,37,180,o2_sabre_lookahead,2,sabre,lookahead,2,timeout,transpilation,timeout,AttemptTimeoutError,100.0,100.00707048500044,Tentativo interrotto dopo 100.0 secondi.,qiskit_post_pass_callback_and_sigalrm_traceback,transpilation,21,LookaheadSwap,qiskit.transpiler.passes.routing.lookahead_swap.LookaheadSwap,20,99.87260890007019,99.99872174700067,qiskit/transpiler/passes/routing/lookahead_swap.py,_calc_layout_distance,342,routing,routing_method,lookahead,medium,False,"Il callback pubblico di Qiskit viene eseguito dopo ogni pass: last_completed_pass non identifica necessariamente il pass interrotto. | Lo stack indica dove SIGALRM è stato osservato, non dimostra quale pass, configurazione, circuito o hardware abbia causato il timeout. | Un'attribuzione causale richiede confronti controllati tra circuiti, configurazioni e device.",qiskit/transpiler/passes/routing/lookahead_swap.py:342:_calc_layout_distance
ibm_falcon_27,27,f30536987677ef5017fe3a89b8b4ee0a3e7252a1a226cc3db95fd9b2e822d991,run_7a0c0e1d906080927767480f3391e4404ff6c7db4612be296c9546957011fc54,groundstate_medium_indep_tket_12,groundstate_medium,tket,12,40,216,o2_sabre_lookahead,2,sabre,lookahead,0,timeout,transpilation,timeout,AttemptTimeoutError,100.0,100.0033297129994,Tentativo interrotto dopo 100.0 secondi.,qiskit_post_pass_callback_and_sigalrm_traceback,transpilation,21,LookaheadSwap,qiskit.transpiler.passes.routing.lookahead_swap.LookaheadSwap,20,99.8980667591095,99.99857492500087,qiskit/transpiler/passes/routing/lookahead_swap.py,_calc_layout_distance,342,routing,routing_method,lookahead,medium,False,"Il callback pubblico di Qiskit viene eseguito dopo ogni pass: last_completed_pass non identifica necessariamente il pass interrotto. | Lo stack indica dove SIGALRM è stato osservato, non dimostra quale pass, configurazione, circuito o hardware abbia causato il timeout. | Un'attribuzione causale richiede confronti controllati tra circuiti, configurazioni e device.",qiskit/transpiler/passes/routing/lookahead_swap.py:342:_calc_layout_distance
ibm_falcon_27,27,f30536987677ef5017fe3a89b8b4ee0a3e7252a1a226cc3db95fd9b2e822d991,run_970742a02f183c3bbca87f6e7b9f6bf399bf48ecc91af10084e5185016748643,groundstate_medium_indep_tket_12,groundstate_medium,tket,12,40,216,o2_sabre_lookahead,2,sabre,lookahead,1,timeout,transpilation,timeout,AttemptTimeoutError,100.0,100.0035580190015,Tentativo interrotto dopo 100.0 secondi.,qiskit_post_pass_callback_and_sigalrm_traceback,transpilation,21,LookaheadSwap,qiskit.transpiler.passes.routing.lookahead_swap.LookaheadSwap,20,99.90155363082886,99.99827996900058,qiskit/transpiler/passes/routing/lookahead_swap.py,_map_free_gates,312,routing,routing_method,lookahead,medium,False,"Il callback pubblico di Qiskit viene eseguito dopo ogni pass: last_completed_pass non identifica necessariamente il pass interrotto. | Lo stack indica dove SIGALRM è stato osservato, non dimostra quale pass, configurazione, circuito o hardware abbia causato il timeout. | Un'attribuzione causale richiede confronti controllati tra circuiti, configurazioni e device.",qiskit/transpiler/passes/routing/lookahead_swap.py:312:_map_free_gates
ibm_falcon_27,27,f30536987677ef5017fe3a89b8b4ee0a3e7252a1a226cc3db95fd9b2e822d991,run_da4aca0aa633c5127780861f20de53bead9afc7327b19b6d73b41fb9b3ba2463,groundstate_medium_indep_tket_12,groundstate_medium,tket,12,40,216,o2_sabre_lookahead,2,sabre,lookahead,2,timeout,transpilation,timeout,AttemptTimeoutError,100.0,100.00353283000004,Tentativo interrotto dopo 100.0 secondi.,qiskit_post_pass_callback_and_sigalrm_traceback,transpilation,21,LookaheadSwap,qiskit.transpiler.passes.routing.lookahead_swap.LookaheadSwap,20,99.89337182044983,99.99822502100142,qiskit/transpiler/passes/routing/lookahead_swap.py,_calc_layout_distance,342,routing,routing_method,lookahead,medium,False,"Il callback pubblico di Qiskit viene eseguito dopo ogni pass: last_completed_pass non identifica necessariamente il pass interrotto. | Lo stack indica dove SIGALRM è stato osservato, non dimostra quale pass, configurazione, circuito o hardware abbia causato il timeout. | Un'attribuzione causale richiede confronti controllati tra circuiti, configurazioni e device.",qiskit/transpiler/passes/routing/lookahead_swap.py:342:_calc_layout_distance
ibm_falcon_27,27,f30536987677ef5017fe3a89b8b4ee0a3e7252a1a226cc3db95fd9b2e822d991,run_6ce492700b3809cbb38afd1b4d17dcc27ef3dfe3d321140db22b5be47d72460a,portfolioqaoa_indep_qiskit_6,portfolioqaoa,qiskit,6,27,81,o2_sabre_lookahead,2,sabre,lookahead,0,timeout,transpilation,timeout,AttemptTimeoutError,100.0,100.0078913960001,Tentativo interrotto dopo 100.0 secondi.,qiskit_post_pass_callback_and_sigalrm_traceback,transpilation,21,LookaheadSwap,qiskit.transpiler.passes.routing.lookahead_swap.LookaheadSwap,20,99.9133882522583,99.99911233400007,qiskit/transpiler/passes/routing/lookahead_swap.py,_first_op_node,390,routing,routing_method,lookahead,medium,False,"Il callback pubblico di Qiskit viene eseguito dopo ogni pass: last_completed_pass non identifica necessariamente il pass interrotto. | Lo stack indica dove SIGALRM è stato osservato, non dimostra quale pass, configurazione, circuito o hardware abbia causato il timeout. | Un'attribuzione causale richiede confronti controllati tra circuiti, configurazioni e device.",qiskit/transpiler/passes/routing/lookahead_swap.py:390:_first_op_node
ibm_falcon_27,27,f30536987677ef5017fe3a89b8b4ee0a3e7252a1a226cc3db95fd9b2e822d991,run_a524bb3f97b0b08c4944b1b9905d675de93a22cc58d121afca72d90310ee8add,portfolioqaoa_indep_qiskit_6,portfolioqaoa,qiskit,6,27,81,o2_sabre_lookahead,2,sabre,lookahead,1,timeout,transpilation,timeout,AttemptTimeoutError,100.0,100.00273095500006,Tentativo interrotto dopo 100.0 secondi.,qiskit_post_pass_callback_and_sigalrm_traceback,transpilation,21,LookaheadSwap,qiskit.transpiler.passes.routing.lookahead_swap.LookaheadSwap,20,99.93047451972961,99.99912091500028,qiskit/transpiler/passes/routing/lookahead_swap.py,<genexpr>,390,routing,routing_method,lookahead,medium,False,"Il callback pubblico di Qiskit viene eseguito dopo ogni pass: last_completed_pass non identifica necessariamente il pass interrotto. | Lo stack indica dove SIGALRM è stato osservato, non dimostra quale pass, configurazione, circuito o hardware abbia causato il timeout. | Un'attribuzione causale richiede confronti controllati tra circuiti, configurazioni e device.",qiskit/transpiler/passes/routing/lookahead_swap.py:390:<genexpr>
ibm_falcon_27,27,f30536987677ef5017fe3a89b8b4ee0a3e7252a1a226cc3db95fd9b2e822d991,run_4ee7b8fecb8701294a3cbf5fe7f26554d2608ab95b40edc4e644f9a97fe8f425,portfolioqaoa_indep_qiskit_7,portfolioqaoa,qiskit,7,31,105,o2_sabre_lookahead,2,sabre,lookahead,0,timeout,transpilation,timeout,AttemptTimeoutError,100.0,100.00291376599989,Tentativo interrotto dopo 100.0 secondi.,qiskit_post_pass_callback_and_sigalrm_traceback,transpilation,21,LookaheadSwap,qiskit.transpiler.passes.routing.lookahead_swap.LookaheadSwap,20,99.92181444168091,99.99814904899995,qiskit/transpiler/passes/routing/lookahead_swap.py,_calc_layout_distance,342,routing,routing_method,lookahead,medium,False,"Il callback pubblico di Qiskit viene eseguito dopo ogni pass: last_completed_pass non identifica necessariamente il pass interrotto. | Lo stack indica dove SIGALRM è stato osservato, non dimostra quale pass, configurazione, circuito o hardware abbia causato il timeout. | Un'attribuzione causale richiede confronti controllati tra circuiti, configurazioni e device.",qiskit/transpiler/passes/routing/lookahead_swap.py:342:_calc_layout_distance
ibm_falcon_27,27,f30536987677ef5017fe3a89b8b4ee0a3e7252a1a226cc3db95fd9b2e822d991,run_8407a69b4622df6e63f3b281f5e4dca67eeffdf1468904d95b6fb2590fa14822,portfolioqaoa_indep_qiskit_7,portfolioqaoa,qiskit,7,31,105,o2_sabre_lookahead,2,sabre,lookahead,1,timeout,transpilation,timeout,AttemptTimeoutError,100.0,100.00785831699977,Tentativo interrotto dopo 100.0 secondi.,qiskit_post_pass_callback_and_sigalrm_traceback,transpilation,21,LookaheadSwap,qiskit.transpiler.passes.routing.lookahead_swap.LookaheadSwap,20,99.9400703907013,100.00126618900003,qiskit/transpiler/passes/routing/lookahead_swap.py,_calc_layout_distance,342,routing,routing_method,lookahead,medium,False,"Il callback pubblico di Qiskit viene eseguito dopo ogni pass: last_completed_pass non identifica necessariamente il pass interrotto. | Lo stack indica dove SIGALRM è stato osservato, non dimostra quale pass, configurazione, circuito o hardware abbia causato il timeout. | Un'attribuzione causale richiede confronti controllati tra circuiti, configurazioni e device.",qiskit/transpiler/passes/routing/lookahead_swap.py:342:_calc_layout_distance
ibm_falcon_27,27,f30536987677ef5017fe3a89b8b4ee0a3e7252a1a226cc3db95fd9b2e822d991,run_baa8f154069621aee09c3dfa75ef68e460fa2001c6a8b1f2ba71a64d588c139e,portfolioqaoa_indep_qiskit_7,portfolioqaoa,qiskit,7,31,105,o2_sabre_lookahead,2,sabre,lookahead,2,timeout,transpilation,timeout,AttemptTimeoutError,100.0,100.0027381470004,Tentativo interrotto dopo 100.0 secondi.,qiskit_post_pass_callback_and_sigalrm_traceback,transpilation,21,LookaheadSwap,qiskit.transpiler.passes.routing.lookahead_swap.LookaheadSwap,20,99.92940354347229,99.99901534399987,qiskit/transpiler/passes/routing/lookahead_swap.py,_calc_layout_distance,342,routing,routing_method,lookahead,medium,False,"Il callback pubblico di Qiskit viene eseguito dopo ogni pass: last_completed_pass non identifica necessariamente il pass interrotto. | Lo stack indica dove SIGALRM è stato osservato, non dimostra quale pass, configurazione, circuito o hardware abbia causato il timeout. | Un'attribuzione causale richiede confronti controllati tra circuiti, configurazioni e device.",qiskit/transpiler/passes/routing/lookahead_swap.py:342:_calc_layout_distance
ibm_falcon_27,27,f30536987677ef5017fe3a89b8b4ee0a3e7252a1a226cc3db95fd9b2e822d991,run_0f7ad36c52a7b92a94d37ae492e422ee34142b64d1019572f2275633f51f7f4f,portfolioqaoa_indep_tket_6,portfolioqaoa,tket,6,30,99,o2_sabre_lookahead,2,sabre,lookahead,0,timeout,transpilation,timeout,AttemptTimeoutError,100.0,100.00298231399984,Tentativo interrotto dopo 100.0 secondi.,qiskit_post_pass_callback_and_sigalrm_traceback,transpilation,21,LookaheadSwap,qiskit.transpiler.passes.routing.lookahead_swap.LookaheadSwap,20,99.92476081848145,99.999026254,qiskit/transpiler/passes/routing/lookahead_swap.py,_map_free_gates,313,routing,routing_method,lookahead,medium,False,"Il callback pubblico di Qiskit viene eseguito dopo ogni pass: last_completed_pass non identifica necessariamente il pass interrotto. | Lo stack indica dove SIGALRM è stato osservato, non dimostra quale pass, configurazione, circuito o hardware abbia causato il timeout. | Un'attribuzione causale richiede confronti controllati tra circuiti, configurazioni e device.",qiskit/transpiler/passes/routing/lookahead_swap.py:313:_map_free_gates
ibm_falcon_27,27,f30536987677ef5017fe3a89b8b4ee0a3e7252a1a226cc3db95fd9b2e822d991,run_54fa8330df91050600a72d9a23291244fdd48019b5cb96360eb588793794d57f,portfolioqaoa_indep_tket_6,portfolioqaoa,tket,6,30,99,o2_sabre_lookahead,2,sabre,lookahead,1,timeout,transpilation,timeout,AttemptTimeoutError,100.0,100.00744719100021,Tentativo interrotto dopo 100.0 secondi.,qiskit_post_pass_callback_and_sigalrm_traceback,transpilation,21,LookaheadSwap,qiskit.transpiler.passes.routing.lookahead_swap.LookaheadSwap,20,99.9463324546814,99.9989294699999,qiskit/transpiler/passes/routing/lookahead_swap.py,_calc_layout_distance,342,routing,routing_method,lookahead,medium,False,"Il callback pubblico di Qiskit viene eseguito dopo ogni pass: last_completed_pass non identifica necessariamente il pass interrotto. | Lo stack indica dove SIGALRM è stato osservato, non dimostra quale pass, configurazione, circuito o hardware abbia causato il timeout. | Un'attribuzione causale richiede confronti controllati tra circuiti, configurazioni e device.",qiskit/transpiler/passes/routing/lookahead_swap.py:342:_calc_layout_distance
ibm_falcon_27,27,f30536987677ef5017fe3a89b8b4ee0a3e7252a1a226cc3db95fd9b2e822d991,run_ff52092eef4f43159aca004981399fa74f924d9c7c523727c8c7d1a94f2d2e93,portfolioqaoa_indep_tket_7,portfolioqaoa,tket,7,34,126,o2_sabre_lookahead,2,sabre,lookahead,0,timeout,transpilation,timeout,AttemptTimeoutError,100.0,100.00506771300024,Tentativo interrotto dopo 100.0 secondi.,qiskit_post_pass_callback_and_sigalrm_traceback,transpilation,21,LookaheadSwap,qiskit.transpiler.passes.routing.lookahead_swap.LookaheadSwap,20,99.95782446861267,99.99844750500006,qiskit/transpiler/passes/routing/lookahead_swap.py,_map_free_gates,313,routing,routing_method,lookahead,medium,False,"Il callback pubblico di Qiskit viene eseguito dopo ogni pass: last_completed_pass non identifica necessariamente il pass interrotto. | Lo stack indica dove SIGALRM è stato osservato, non dimostra quale pass, configurazione, circuito o hardware abbia causato il timeout. | Un'attribuzione causale richiede confronti controllati tra circuiti, configurazioni e device.",qiskit/transpiler/passes/routing/lookahead_swap.py:313:_map_free_gates
ibm_falcon_27,27,f30536987677ef5017fe3a89b8b4ee0a3e7252a1a226cc3db95fd9b2e822d991,run_d404c740e426d3ce397aeb7db61ba5c922153004be5c8cb487126727c3849f96,portfolioqaoa_indep_tket_7,portfolioqaoa,tket,7,34,126,o2_sabre_lookahead,2,sabre,lookahead,1,timeout,transpilation,timeout,AttemptTimeoutError,100.0,100.00298602900011,Tentativo interrotto dopo 100.0 secondi.,qiskit_post_pass_callback_and_sigalrm_traceback,transpilation,21,LookaheadSwap,qiskit.transpiler.passes.routing.lookahead_swap.LookaheadSwap,20,99.89520812034607,99.99833205300001,qiskit/transpiler/passes/routing/lookahead_swap.py,_calc_layout_distance,342,routing,routing_method,lookahead,medium,False,"Il callback pubblico di Qiskit viene eseguito dopo ogni pass: last_completed_pass non identifica necessariamente il pass interrotto. | Lo stack indica dove SIGALRM è stato osservato, non dimostra quale pass, configurazione, circuito o hardware abbia causato il timeout. | Un'attribuzione causale richiede confronti controllati tra circuiti, configurazioni e device.",qiskit/transpiler/passes/routing/lookahead_swap.py:342:_calc_layout_distance
ibm_falcon_27,27,f30536987677ef5017fe3a89b8b4ee0a3e7252a1a226cc3db95fd9b2e822d991,run_94111ad45c7adf232eeac5012dca90219c33f8000796577350b3e7d40ad5240a,portfolioqaoa_indep_tket_7,portfolioqaoa,tket,7,34,126,o2_sabre_lookahead,2,sabre,lookahead,2,timeout,transpilation,timeout,AttemptTimeoutError,100.0,100.00288854100017,Tentativo interrotto dopo 100.0 secondi.,qiskit_post_pass_callback_and_sigalrm_traceback,transpilation,21,LookaheadSwap,qiskit.transpiler.passes.routing.lookahead_swap.LookaheadSwap,20,99.92328929901123,99.99873189800019,qiskit/transpiler/passes/routing/lookahead_swap.py,_first_op_node,390,routing,routing_method,lookahead,medium,False,"Il callback pubblico di Qiskit viene eseguito dopo ogni pass: last_completed_pass non identifica necessariamente il pass interrotto. | Lo stack indica dove SIGALRM è stato osservato, non dimostra quale pass, configurazione, circuito o hardware abbia causato il timeout. | Un'attribuzione causale richiede confronti controllati tra circuiti, configurazioni e device.",qiskit/transpiler/passes/routing/lookahead_swap.py:390:_first_op_node
ibm_falcon_27,27,f30536987677ef5017fe3a89b8b4ee0a3e7252a1a226cc3db95fd9b2e822d991,run_4d849adfda750de534ecade4cfc4c3bb8fc173f815e3268260c898f38be42538,portfoliovqe_indep_qiskit_10,portfoliovqe,qiskit,10,42,185,o2_sabre_lookahead,2,sabre,lookahead,0,timeout,transpilation,timeout,AttemptTimeoutError,100.0,100.00496948399996,Tentativo interrotto dopo 100.0 secondi.,qiskit_post_pass_callback_and_sigalrm_traceback,transpilation,21,LookaheadSwap,qiskit.transpiler.passes.routing.lookahead_swap.LookaheadSwap,20,99.86095333099365,99.99869257199998,qiskit/transpiler/passes/routing/lookahead_swap.py,_first_op_node,390,routing,routing_method,lookahead,medium,False,"Il callback pubblico di Qiskit viene eseguito dopo ogni pass: last_completed_pass non identifica necessariamente il pass interrotto. | Lo stack indica dove SIGALRM è stato osservato, non dimostra quale pass, configurazione, circuito o hardware abbia causato il timeout. | Un'attribuzione causale richiede confronti controllati tra circuiti, configurazioni e device.",qiskit/transpiler/passes/routing/lookahead_swap.py:390:_first_op_node
ibm_falcon_27,27,f30536987677ef5017fe3a89b8b4ee0a3e7252a1a226cc3db95fd9b2e822d991,run_3e6a5a41399baae8104aa1469d2e886defe176a9c0e40c12ca4899e6f72433a3,portfoliovqe_indep_qiskit_10,portfoliovqe,qiskit,10,42,185,o2_sabre_lookahead,2,sabre,lookahead,1,timeout,transpilation,timeout,AttemptTimeoutError,100.0,100.0031969089996,Tentativo interrotto dopo 100.0 secondi.,qiskit_post_pass_callback_and_sigalrm_traceback,transpilation,21,LookaheadSwap,qiskit.transpiler.passes.routing.lookahead_swap.LookaheadSwap,20,99.88766241073608,99.99883866099981,qiskit/transpiler/passes/routing/lookahead_swap.py,_calc_layout_distance,342,routing,routing_method,lookahead,medium,False,"Il callback pubblico di Qiskit viene eseguito dopo ogni pass: last_completed_pass non identifica necessariamente il pass interrotto. | Lo stack indica dove SIGALRM è stato osservato, non dimostra quale pass, configurazione, circuito o hardware abbia causato il timeout. | Un'attribuzione causale richiede confronti controllati tra circuiti, configurazioni e device.",qiskit/transpiler/passes/routing/lookahead_swap.py:342:_calc_layout_distance
ibm_falcon_27,27,f30536987677ef5017fe3a89b8b4ee0a3e7252a1a226cc3db95fd9b2e822d991,run_d449d5baa12919aa340d5436d26ad08e3ffa0157854cf57265d714977231ec0e,portfoliovqe_indep_qiskit_10,portfoliovqe,qiskit,10,42,185,o2_sabre_lookahead,2,sabre,lookahead,2,timeout,transpilation,timeout,AttemptTimeoutError,100.0,100.01483056300003,Tentativo interrotto dopo 100.0 secondi.,qiskit_post_pass_callback_and_sigalrm_traceback,transpilation,21,LookaheadSwap,qiskit.transpiler.passes.routing.lookahead_swap.LookaheadSwap,20,99.87088632583618,99.9985270369998,qiskit/transpiler/passes/routing/lookahead_swap.py,_calc_layout_distance,342,routing,routing_method,lookahead,medium,False,"Il callback pubblico di Qiskit viene eseguito dopo ogni pass: last_completed_pass non identifica necessariamente il pass interrotto. | Lo stack indica dove SIGALRM è stato osservato, non dimostra quale pass, configurazione, circuito o hardware abbia causato il timeout. | Un'attribuzione causale richiede confronti controllati tra circuiti, configurazioni e device.",qiskit/transpiler/passes/routing/lookahead_swap.py:342:_calc_layout_distance
ibm_falcon_27,27,f30536987677ef5017fe3a89b8b4ee0a3e7252a1a226cc3db95fd9b2e822d991,run_efdb613d7ef74319c9038e210d05fad4b422d19643a0425b11543da364b78c6c,portfoliovqe_indep_qiskit_11,portfoliovqe,qiskit,11,46,220,o2_sabre_lookahead,2,sabre,lookahead,0,timeout,transpilation,timeout,AttemptTimeoutError,100.0,100.00388522999992,Tentativo interrotto dopo 100.0 secondi.,qiskit_post_pass_callback_and_sigalrm_traceback,transpilation,21,LookaheadSwap,qiskit.transpiler.passes.routing.lookahead_swap.LookaheadSwap,20,99.81238651275635,99.99859372799983,qiskit/transpiler/passes/routing/lookahead_swap.py,_map_free_gates,313,routing,routing_method,lookahead,medium,False,"Il callback pubblico di Qiskit viene eseguito dopo ogni pass: last_completed_pass non identifica necessariamente il pass interrotto. | Lo stack indica dove SIGALRM è stato osservato, non dimostra quale pass, configurazione, circuito o hardware abbia causato il timeout. | Un'attribuzione causale richiede confronti controllati tra circuiti, configurazioni e device.",qiskit/transpiler/passes/routing/lookahead_swap.py:313:_map_free_gates
ibm_falcon_27,27,f30536987677ef5017fe3a89b8b4ee0a3e7252a1a226cc3db95fd9b2e822d991,run_ce4e878bed3594d706d012dffe23db3b6c146184d68dd7ddd6f41f0a5bcebdf5,portfoliovqe_indep_qiskit_11,portfoliovqe,qiskit,11,46,220,o2_sabre_lookahead,2,sabre,lookahead,1,timeout,transpilation,timeout,AttemptTimeoutError,100.0,100.00421237899991,Tentativo interrotto dopo 100.0 secondi.,qiskit_post_pass_callback_and_sigalrm_traceback,transpilation,21,LookaheadSwap,qiskit.transpiler.passes.routing.lookahead_swap.LookaheadSwap,20,99.87878656387329,99.9988256759998,qiskit/transpiler/passes/routing/lookahead_swap.py,_calc_layout_distance,342,routing,routing_method,lookahead,medium,False,"Il callback pubblico di Qiskit viene eseguito dopo ogni pass: last_completed_pass non identifica necessariamente il pass interrotto. | Lo stack indica dove SIGALRM è stato osservato, non dimostra quale pass, configurazione, circuito o hardware abbia causato il timeout. | Un'attribuzione causale richiede confronti controllati tra circuiti, configurazioni e device.",qiskit/transpiler/passes/routing/lookahead_swap.py:342:_calc_layout_distance
ibm_falcon_27,27,f30536987677ef5017fe3a89b8b4ee0a3e7252a1a226cc3db95fd9b2e822d991,run_74e9c037a3e129f928032ec9f2546274cb4c16e18fc30679b61b3f7a546a5933,portfoliovqe_indep_qiskit_11,portfoliovqe,qiskit,11,46,220,o2_sabre_lookahead,2,sabre,lookahead,2,timeout,transpilation,timeout,AttemptTimeoutError,100.0,100.00392495100004,Tentativo interrotto dopo 100.0 secondi.,qiskit_post_pass_callback_and_sigalrm_traceback,transpilation,21,LookaheadSwap,qiskit.transpiler.passes.routing.lookahead_swap.LookaheadSwap,20,99.87419986724854,99.99849917900019,qiskit/transpiler/passes/routing/lookahead_swap.py,_map_free_gates,312,routing,routing_method,lookahead,medium,False,"Il callback pubblico di Qiskit viene eseguito dopo ogni pass: last_completed_pass non identifica necessariamente il pass interrotto. | Lo stack indica dove SIGALRM è stato osservato, non dimostra quale pass, configurazione, circuito o hardware abbia causato il timeout. | Un'attribuzione causale richiede confronti controllati tra circuiti, configurazioni e device.",qiskit/transpiler/passes/routing/lookahead_swap.py:312:_map_free_gates
ibm_falcon_27,27,f30536987677ef5017fe3a89b8b4ee0a3e7252a1a226cc3db95fd9b2e822d991,run_8792dbba1940a3447fd9a1627465d079777d8bb0a5c206fa2306c2258799de18,portfoliovqe_indep_qiskit_6,portfoliovqe,qiskit,6,26,75,o2_sabre_lookahead,2,sabre,lookahead,0,timeout,transpilation,timeout,AttemptTimeoutError,100.0,100.003490005,Tentativo interrotto dopo 100.0 secondi.,qiskit_post_pass_callback_and_sigalrm_traceback,transpilation,21,LookaheadSwap,qiskit.transpiler.passes.routing.lookahead_swap.LookaheadSwap,20,99.95520520210266,99.99981461100015,qiskit/transpiler/passes/routing/lookahead_swap.py,_map_free_gates,312,routing,routing_method,lookahead,medium,False,"Il callback pubblico di Qiskit viene eseguito dopo ogni pass: last_completed_pass non identifica necessariamente il pass interrotto. | Lo stack indica dove SIGALRM è stato osservato, non dimostra quale pass, configurazione, circuito o hardware abbia causato il timeout. | Un'attribuzione causale richiede confronti controllati tra circuiti, configurazioni e device.",qiskit/transpiler/passes/routing/lookahead_swap.py:312:_map_free_gates
ibm_falcon_27,27,f30536987677ef5017fe3a89b8b4ee0a3e7252a1a226cc3db95fd9b2e822d991,run_e2339cb1db0ce0eb0f81623b43f8290872cd4ca07d77f07120d4da87fe7d5f58,portfoliovqe_indep_qiskit_6,portfoliovqe,qiskit,6,26,75,o2_sabre_lookahead,2,sabre,lookahead,1,timeout,transpilation,timeout,AttemptTimeoutError,100.0,100.00567556999977,Tentativo interrotto dopo 100.0 secondi.,qiskit_post_pass_callback_and_sigalrm_traceback,transpilation,21,LookaheadSwap,qiskit.transpiler.passes.routing.lookahead_swap.LookaheadSwap,20,99.94514966011047,99.9993313949999,qiskit/transpiler/passes/routing/lookahead_swap.py,_score_state_with_swap,355,routing,routing_method,lookahead,medium,False,"Il callback pubblico di Qiskit viene eseguito dopo ogni pass: last_completed_pass non identifica necessariamente il pass interrotto. | Lo stack indica dove SIGALRM è stato osservato, non dimostra quale pass, configurazione, circuito o hardware abbia causato il timeout. | Un'attribuzione causale richiede confronti controllati tra circuiti, configurazioni e device.",qiskit/transpiler/passes/routing/lookahead_swap.py:355:_score_state_with_swap
ibm_falcon_27,27,f30536987677ef5017fe3a89b8b4ee0a3e7252a1a226cc3db95fd9b2e822d991,run_ef27dae4ad190b775185a917969d956fbfb4836e6e479e033530a15ebbff4186,portfoliovqe_indep_qiskit_7,portfoliovqe,qiskit,7,30,98,o2_sabre_lookahead,2,sabre,lookahead,0,timeout,transpilation,timeout,AttemptTimeoutError,100.0,100.00274757000034,Tentativo interrotto dopo 100.0 secondi.,qiskit_post_pass_callback_and_sigalrm_traceback,transpilation,21,LookaheadSwap,qiskit.transpiler.passes.routing.lookahead_swap.LookaheadSwap,20,99.88613629341125,99.99917103899998,qiskit/transpiler/passes/routing/lookahead_swap.py,_calc_layout_distance,342,routing,routing_method,lookahead,medium,False,"Il callback pubblico di Qiskit viene eseguito dopo ogni pass: last_completed_pass non identifica necessariamente il pass interrotto. | Lo stack indica dove SIGALRM è stato osservato, non dimostra quale pass, configurazione, circuito o hardware abbia causato il timeout. | Un'attribuzione causale richiede confronti controllati tra circuiti, configurazioni e device.",qiskit/transpiler/passes/routing/lookahead_swap.py:342:_calc_layout_distance
ibm_falcon_27,27,f30536987677ef5017fe3a89b8b4ee0a3e7252a1a226cc3db95fd9b2e822d991,run_08a9c557ef83809400f36055d306d5cc9caeaf79ec7633341e8d147140fe4403,portfoliovqe_indep_qiskit_7,portfoliovqe,qiskit,7,30,98,o2_sabre_lookahead,2,sabre,lookahead,1,timeout,transpilation,timeout,AttemptTimeoutError,100.0,100.00354890299968,Tentativo interrotto dopo 100.0 secondi.,qiskit_post_pass_callback_and_sigalrm_traceback,transpilation,21,LookaheadSwap,qiskit.transpiler.passes.routing.lookahead_swap.LookaheadSwap,20,99.91247487068176,99.99912786100003,qiskit/transpiler/passes/routing/lookahead_swap.py,_map_free_gates,302,routing,routing_method,lookahead,medium,False,"Il callback pubblico di Qiskit viene eseguito dopo ogni pass: last_completed_pass non identifica necessariamente il pass interrotto. | Lo stack indica dove SIGALRM è stato osservato, non dimostra quale pass, configurazione, circuito o hardware abbia causato il timeout. | Un'attribuzione causale richiede confronti controllati tra circuiti, configurazioni e device.",qiskit/transpiler/passes/routing/lookahead_swap.py:302:_map_free_gates
ibm_falcon_27,27,f30536987677ef5017fe3a89b8b4ee0a3e7252a1a226cc3db95fd9b2e822d991,run_71c401af07821d38b4035369d77cc7d7c5009f0959a4786f1c64984526576690,portfoliovqe_indep_qiskit_7,portfoliovqe,qiskit,7,30,98,o2_sabre_lookahead,2,sabre,lookahead,2,timeout,transpilation,timeout,AttemptTimeoutError,100.0,100.00379226900031,Tentativo interrotto dopo 100.0 secondi.,qiskit_post_pass_callback_and_sigalrm_traceback,transpilation,21,LookaheadSwap,qiskit.transpiler.passes.routing.lookahead_swap.LookaheadSwap,20,99.92006063461304,99.99911939100048,qiskit/transpiler/passes/routing/lookahead_swap.py,_calc_layout_distance,342,routing,routing_method,lookahead,medium,False,"Il callback pubblico di Qiskit viene eseguito dopo ogni pass: last_completed_pass non identifica necessariamente il pass interrotto. | Lo stack indica dove SIGALRM è stato osservato, non dimostra quale pass, configurazione, circuito o hardware abbia causato il timeout. | Un'attribuzione causale richiede confronti controllati tra circuiti, configurazioni e device.",qiskit/transpiler/passes/routing/lookahead_swap.py:342:_calc_layout_distance
ibm_falcon_27,27,f30536987677ef5017fe3a89b8b4ee0a3e7252a1a226cc3db95fd9b2e822d991,run_3b6fb1f817f5e2d64931fbcbf888d1ddd7adf06f1d8da33a2359528a542b0eb3,portfoliovqe_indep_qiskit_8,portfoliovqe,qiskit,8,34,124,o2_sabre_lookahead,2,sabre,lookahead,0,timeout,transpilation,timeout,AttemptTimeoutError,100.0,100.00292676899971,Tentativo interrotto dopo 100.0 secondi.,qiskit_post_pass_callback_and_sigalrm_traceback,transpilation,21,LookaheadSwap,qiskit.transpiler.passes.routing.lookahead_swap.LookaheadSwap,20,99.9219012260437,99.99905639100052,qiskit/transpiler/passes/routing/lookahead_swap.py,_first_op_node,390,routing,routing_method,lookahead,medium,False,"Il callback pubblico di Qiskit viene eseguito dopo ogni pass: last_completed_pass non identifica necessariamente il pass interrotto. | Lo stack indica dove SIGALRM è stato osservato, non dimostra quale pass, configurazione, circuito o hardware abbia causato il timeout. | Un'attribuzione causale richiede confronti controllati tra circuiti, configurazioni e device.",qiskit/transpiler/passes/routing/lookahead_swap.py:390:_first_op_node
ibm_falcon_27,27,f30536987677ef5017fe3a89b8b4ee0a3e7252a1a226cc3db95fd9b2e822d991,run_d5fd65c5b2f8e629f5cd943de0b5b0f9d82dd1361cba7394642f8ce60fdedfe5,portfoliovqe_indep_qiskit_8,portfoliovqe,qiskit,8,34,124,o2_sabre_lookahead,2,sabre,lookahead,1,timeout,transpilation,timeout,AttemptTimeoutError,100.0,100.00323606799975,Tentativo interrotto dopo 100.0 secondi.,qiskit_post_pass_callback_and_sigalrm_traceback,transpilation,21,LookaheadSwap,qiskit.transpiler.passes.routing.lookahead_swap.LookaheadSwap,20,99.92565321922302,99.9989802630007,qiskit/transpiler/passes/routing/lookahead_swap.py,_first_op_node,390,routing,routing_method,lookahead,medium,False,"Il callback pubblico di Qiskit viene eseguito dopo ogni pass: last_completed_pass non identifica necessariamente il pass interrotto. | Lo stack indica dove SIGALRM è stato osservato, non dimostra quale pass, configurazione, circuito o hardware abbia causato il timeout. | Un'attribuzione causale richiede confronti controllati tra circuiti, configurazioni e device.",qiskit/transpiler/passes/routing/lookahead_swap.py:390:_first_op_node
ibm_falcon_27,27,f30536987677ef5017fe3a89b8b4ee0a3e7252a1a226cc3db95fd9b2e822d991,run_823ee01d8c84fa8aa40fd6b900721e84ca1e273a3c1129652c9a0f17ac67f8ac,portfoliovqe_indep_qiskit_8,portfoliovqe,qiskit,8,34,124,o2_sabre_lookahead,2,sabre,lookahead,2,timeout,transpilation,timeout,AttemptTimeoutError,100.0,100.00377435199971,Tentativo interrotto dopo 100.0 secondi.,qiskit_post_pass_callback_and_sigalrm_traceback,transpilation,21,LookaheadSwap,qiskit.transpiler.passes.routing.lookahead_swap.LookaheadSwap,20,99.90152955055237,99.99835693100067,qiskit/transpiler/passes/routing/lookahead_swap.py,_calc_layout_distance,342,routing,routing_method,lookahead,medium,False,"Il callback pubblico di Qiskit viene eseguito dopo ogni pass: last_completed_pass non identifica necessariamente il pass interrotto. | Lo stack indica dove SIGALRM è stato osservato, non dimostra quale pass, configurazione, circuito o hardware abbia causato il timeout. | Un'attribuzione causale richiede confronti controllati tra circuiti, configurazioni e device.",qiskit/transpiler/passes/routing/lookahead_swap.py:342:_calc_layout_distance
ibm_falcon_27,27,f30536987677ef5017fe3a89b8b4ee0a3e7252a1a226cc3db95fd9b2e822d991,run_2d73f3715247a274de23a515069742ad92faae0f5e0e3d7a170d23ae659f72ee,portfoliovqe_indep_qiskit_9,portfoliovqe,qiskit,9,38,153,o2_sabre_lookahead,2,sabre,lookahead,0,timeout,transpilation,timeout,AttemptTimeoutError,100.0,100.00598756599993,Tentativo interrotto dopo 100.0 secondi.,qiskit_post_pass_callback_and_sigalrm_traceback,transpilation,21,LookaheadSwap,qiskit.transpiler.passes.routing.lookahead_swap.LookaheadSwap,20,99.89425778388977,99.99998471700019,qiskit/transpiler/passes/routing/lookahead_swap.py,_calc_layout_distance,342,routing,routing_method,lookahead,medium,False,"Il callback pubblico di Qiskit viene eseguito dopo ogni pass: last_completed_pass non identifica necessariamente il pass interrotto. | Lo stack indica dove SIGALRM è stato osservato, non dimostra quale pass, configurazione, circuito o hardware abbia causato il timeout. | Un'attribuzione causale richiede confronti controllati tra circuiti, configurazioni e device.",qiskit/transpiler/passes/routing/lookahead_swap.py:342:_calc_layout_distance
ibm_falcon_27,27,f30536987677ef5017fe3a89b8b4ee0a3e7252a1a226cc3db95fd9b2e822d991,run_0404fd5dc462eef5db666d5bbbe320bef8cc884f06a5c79dcf3441b90193194d,portfoliovqe_indep_qiskit_9,portfoliovqe,qiskit,9,38,153,o2_sabre_lookahead,2,sabre,lookahead,1,timeout,transpilation,timeout,AttemptTimeoutError,100.0,100.00354200200036,Tentativo interrotto dopo 100.0 secondi.,qiskit_post_pass_callback_and_sigalrm_traceback,transpilation,21,LookaheadSwap,qiskit.transpiler.passes.routing.lookahead_swap.LookaheadSwap,20,99.89592027664185,99.99881445499977,qiskit/transpiler/passes/routing/lookahead_swap.py,_calc_layout_distance,341,routing,routing_method,lookahead,medium,False,"Il callback pubblico di Qiskit viene eseguito dopo ogni pass: last_completed_pass non identifica necessariamente il pass interrotto. | Lo stack indica dove SIGALRM è stato osservato, non dimostra quale pass, configurazione, circuito o hardware abbia causato il timeout. | Un'attribuzione causale richiede confronti controllati tra circuiti, configurazioni e device.",qiskit/transpiler/passes/routing/lookahead_swap.py:341:_calc_layout_distance
ibm_falcon_27,27,f30536987677ef5017fe3a89b8b4ee0a3e7252a1a226cc3db95fd9b2e822d991,run_e2a3a1657a314fdb74e99249c3ac6e9eb6552558ef770e59678612d74826a46c,portfoliovqe_indep_qiskit_9,portfoliovqe,qiskit,9,38,153,o2_sabre_lookahead,2,sabre,lookahead,2,timeout,transpilation,timeout,AttemptTimeoutError,100.0,100.0034004879999,Tentativo interrotto dopo 100.0 secondi.,qiskit_post_pass_callback_and_sigalrm_traceback,transpilation,21,LookaheadSwap,qiskit.transpiler.passes.routing.lookahead_swap.LookaheadSwap,20,99.8907539844513,99.99878147500021,qiskit/transpiler/passes/routing/lookahead_swap.py,_map_free_gates,313,routing,routing_method,lookahead,medium,False,"Il callback pubblico di Qiskit viene eseguito dopo ogni pass: last_completed_pass non identifica necessariamente il pass interrotto. | Lo stack indica dove SIGALRM è stato osservato, non dimostra quale pass, configurazione, circuito o hardware abbia causato il timeout. | Un'attribuzione causale richiede confronti controllati tra circuiti, configurazioni e device.",qiskit/transpiler/passes/routing/lookahead_swap.py:313:_map_free_gates
ibm_falcon_27,27,f30536987677ef5017fe3a89b8b4ee0a3e7252a1a226cc3db95fd9b2e822d991,run_6f9092ad35816bf3bd775eff8251c90861e0563bc00d62b481649d43373f9435,portfoliovqe_indep_tket_10,portfoliovqe,tket,10,42,185,o2_sabre_lookahead,2,sabre,lookahead,0,timeout,transpilation,timeout,AttemptTimeoutError,100.0,100.00459819999924,Tentativo interrotto dopo 100.0 secondi.,qiskit_post_pass_callback_and_sigalrm_traceback,transpilation,21,LookaheadSwap,qiskit.transpiler.passes.routing.lookahead_swap.LookaheadSwap,20,99.87471437454224,99.99874975700004,qiskit/transpiler/passes/routing/lookahead_swap.py,_first_op_node,390,routing,routing_method,lookahead,medium,False,"Il callback pubblico di Qiskit viene eseguito dopo ogni pass: last_completed_pass non identifica necessariamente il pass interrotto. | Lo stack indica dove SIGALRM è stato osservato, non dimostra quale pass, configurazione, circuito o hardware abbia causato il timeout. | Un'attribuzione causale richiede confronti controllati tra circuiti, configurazioni e device.",qiskit/transpiler/passes/routing/lookahead_swap.py:390:_first_op_node
ibm_falcon_27,27,f30536987677ef5017fe3a89b8b4ee0a3e7252a1a226cc3db95fd9b2e822d991,run_5456b3df7e84afd0353b25837228a619f2938a4ed239e8e70ea63f99e18dba34,portfoliovqe_indep_tket_10,portfoliovqe,tket,10,42,185,o2_sabre_lookahead,2,sabre,lookahead,1,timeout,transpilation,timeout,AttemptTimeoutError,100.0,100.00405909100027,Tentativo interrotto dopo 100.0 secondi.,qiskit_post_pass_callback_and_sigalrm_traceback,transpilation,21,LookaheadSwap,qiskit.transpiler.passes.routing.lookahead_swap.LookaheadSwap,20,99.8727719783783,99.9987517290001,qiskit/transpiler/passes/routing/lookahead_swap.py,_calc_layout_distance,342,routing,routing_method,lookahead,medium,False,"Il callback pubblico di Qiskit viene eseguito dopo ogni pass: last_completed_pass non identifica necessariamente il pass interrotto. | Lo stack indica dove SIGALRM è stato osservato, non dimostra quale pass, configurazione, circuito o hardware abbia causato il timeout. | Un'attribuzione causale richiede confronti controllati tra circuiti, configurazioni e device.",qiskit/transpiler/passes/routing/lookahead_swap.py:342:_calc_layout_distance
ibm_falcon_27,27,f30536987677ef5017fe3a89b8b4ee0a3e7252a1a226cc3db95fd9b2e822d991,run_f0ffc21210e5d547b0942a123e343aaa6bffae482fbf29cf110146c5db62d24c,portfoliovqe_indep_tket_10,portfoliovqe,tket,10,42,185,o2_sabre_lookahead,2,sabre,lookahead,2,timeout,transpilation,timeout,AttemptTimeoutError,100.0,100.00394196400066,Tentativo interrotto dopo 100.0 secondi.,qiskit_post_pass_callback_and_sigalrm_traceback,transpilation,21,LookaheadSwap,qiskit.transpiler.passes.routing.lookahead_swap.LookaheadSwap,20,99.90088081359863,99.99863405500037,qiskit/transpiler/passes/routing/lookahead_swap.py,_map_free_gates,312,routing,routing_method,lookahead,medium,False,"Il callback pubblico di Qiskit viene eseguito dopo ogni pass: last_completed_pass non identifica necessariamente il pass interrotto. | Lo stack indica dove SIGALRM è stato osservato, non dimostra quale pass, configurazione, circuito o hardware abbia causato il timeout. | Un'attribuzione causale richiede confronti controllati tra circuiti, configurazioni e device.",qiskit/transpiler/passes/routing/lookahead_swap.py:312:_map_free_gates
ibm_falcon_27,27,f30536987677ef5017fe3a89b8b4ee0a3e7252a1a226cc3db95fd9b2e822d991,run_1b8513491d878460bc7ef7eddaf16bd8d29a47f8f68d4eb5df9c852901484c63,portfoliovqe_indep_tket_11,portfoliovqe,tket,11,46,220,o2_sabre_lookahead,2,sabre,lookahead,0,timeout,transpilation,timeout,AttemptTimeoutError,100.0,100.00510230300006,Tentativo interrotto dopo 100.0 secondi.,qiskit_post_pass_callback_and_sigalrm_traceback,transpilation,21,LookaheadSwap,qiskit.transpiler.passes.routing.lookahead_swap.LookaheadSwap,20,99.88714337348938,99.99737222399926,qiskit/transpiler/passes/routing/lookahead_swap.py,_map_free_gates,313,routing,routing_method,lookahead,medium,False,"Il callback pubblico di Qiskit viene eseguito dopo ogni pass: last_completed_pass non identifica necessariamente il pass interrotto. | Lo stack indica dove SIGALRM è stato osservato, non dimostra quale pass, configurazione, circuito o hardware abbia causato il timeout. | Un'attribuzione causale richiede confronti controllati tra circuiti, configurazioni e device.",qiskit/transpiler/passes/routing/lookahead_swap.py:313:_map_free_gates
ibm_falcon_27,27,f30536987677ef5017fe3a89b8b4ee0a3e7252a1a226cc3db95fd9b2e822d991,run_33cacf53c76b3965a6c40ea37839cb26f421aba62815b5946fae6da9466bec32,portfoliovqe_indep_tket_11,portfoliovqe,tket,11,46,220,o2_sabre_lookahead,2,sabre,lookahead,1,timeout,transpilation,timeout,AttemptTimeoutError,100.0,100.0039862399999,Tentativo interrotto dopo 100.0 secondi.,qiskit_post_pass_callback_and_sigalrm_traceback,transpilation,21,LookaheadSwap,qiskit.transpiler.passes.routing.lookahead_swap.LookaheadSwap,20,99.88327026367188,99.99861392799994,qiskit/transpiler/passes/routing/lookahead_swap.py,_calc_layout_distance,342,routing,routing_method,lookahead,medium,False,"Il callback pubblico di Qiskit viene eseguito dopo ogni pass: last_completed_pass non identifica necessariamente il pass interrotto. | Lo stack indica dove SIGALRM è stato osservato, non dimostra quale pass, configurazione, circuito o hardware abbia causato il timeout. | Un'attribuzione causale richiede confronti controllati tra circuiti, configurazioni e device.",qiskit/transpiler/passes/routing/lookahead_swap.py:342:_calc_layout_distance
ibm_falcon_27,27,f30536987677ef5017fe3a89b8b4ee0a3e7252a1a226cc3db95fd9b2e822d991,run_66a56c70786c1140fc602c45a0fe3b334128ea198b5cf0b791830a3bb01eed95,portfoliovqe_indep_tket_11,portfoliovqe,tket,11,46,220,o2_sabre_lookahead,2,sabre,lookahead,2,timeout,transpilation,timeout,AttemptTimeoutError,100.0,100.00382140900001,Tentativo interrotto dopo 100.0 secondi.,qiskit_post_pass_callback_and_sigalrm_traceback,transpilation,21,LookaheadSwap,qiskit.transpiler.passes.routing.lookahead_swap.LookaheadSwap,20,99.8752133846283,99.99838629500027,qiskit/transpiler/passes/routing/lookahead_swap.py,_calc_layout_distance,342,routing,routing_method,lookahead,medium,False,"Il callback pubblico di Qiskit viene eseguito dopo ogni pass: last_completed_pass non identifica necessariamente il pass interrotto. | Lo stack indica dove SIGALRM è stato osservato, non dimostra quale pass, configurazione, circuito o hardware abbia causato il timeout. | Un'attribuzione causale richiede confronti controllati tra circuiti, configurazioni e device.",qiskit/transpiler/passes/routing/lookahead_swap.py:342:_calc_layout_distance
ibm_falcon_27,27,f30536987677ef5017fe3a89b8b4ee0a3e7252a1a226cc3db95fd9b2e822d991,run_717109e58239127db93f7c86c398fb4534922633e72a84f39cb29c358cf04e3e,portfoliovqe_indep_tket_6,portfoliovqe,tket,6,26,75,o2_sabre_lookahead,2,sabre,lookahead,0,timeout,transpilation,timeout,AttemptTimeoutError,100.0,100.00305864799975,Tentativo interrotto dopo 100.0 secondi.,qiskit_post_pass_callback_and_sigalrm_traceback,transpilation,21,LookaheadSwap,qiskit.transpiler.passes.routing.lookahead_swap.LookaheadSwap,20,99.920663356781,99.999087788,qiskit/transpiler/passes/routing/lookahead_swap.py,_calc_layout_distance,342,routing,routing_method,lookahead,medium,False,"Il callback pubblico di Qiskit viene eseguito dopo ogni pass: last_completed_pass non identifica necessariamente il pass interrotto. | Lo stack indica dove SIGALRM è stato osservato, non dimostra quale pass, configurazione, circuito o hardware abbia causato il timeout. | Un'attribuzione causale richiede confronti controllati tra circuiti, configurazioni e device.",qiskit/transpiler/passes/routing/lookahead_swap.py:342:_calc_layout_distance
ibm_falcon_27,27,f30536987677ef5017fe3a89b8b4ee0a3e7252a1a226cc3db95fd9b2e822d991,run_d5b3f2c27e0ccb2fa10bedbe6df7477f379762828756cfc79823a7b0b2d131c6,portfoliovqe_indep_tket_6,portfoliovqe,tket,6,26,75,o2_sabre_lookahead,2,sabre,lookahead,1,timeout,transpilation,timeout,AttemptTimeoutError,100.0,100.00265773699994,Tentativo interrotto dopo 100.0 secondi.,qiskit_post_pass_callback_and_sigalrm_traceback,transpilation,21,LookaheadSwap,qiskit.transpiler.passes.routing.lookahead_swap.LookaheadSwap,20,99.91935181617737,99.99914737900053,qiskit/transpiler/passes/routing/lookahead_swap.py,_calc_layout_distance,342,routing,routing_method,lookahead,medium,False,"Il callback pubblico di Qiskit viene eseguito dopo ogni pass: last_completed_pass non identifica necessariamente il pass interrotto. | Lo stack indica dove SIGALRM è stato osservato, non dimostra quale pass, configurazione, circuito o hardware abbia causato il timeout. | Un'attribuzione causale richiede confronti controllati tra circuiti, configurazioni e device.",qiskit/transpiler/passes/routing/lookahead_swap.py:342:_calc_layout_distance
ibm_falcon_27,27,f30536987677ef5017fe3a89b8b4ee0a3e7252a1a226cc3db95fd9b2e822d991,run_b01e53bb4dbb344a96b5c80ea403ce578844bd524d2cc198ca61ad282ec0fffb,portfoliovqe_indep_tket_7,portfoliovqe,tket,7,30,98,o2_sabre_lookahead,2,sabre,lookahead,0,timeout,transpilation,timeout,AttemptTimeoutError,100.0,100.00295962400014,Tentativo interrotto dopo 100.0 secondi.,qiskit_post_pass_callback_and_sigalrm_traceback,transpilation,21,LookaheadSwap,qiskit.transpiler.passes.routing.lookahead_swap.LookaheadSwap,20,99.93350434303284,99.9991626989995,qiskit/transpiler/passes/routing/lookahead_swap.py,_calc_layout_distance,342,routing,routing_method,lookahead,medium,False,"Il callback pubblico di Qiskit viene eseguito dopo ogni pass: last_completed_pass non identifica necessariamente il pass interrotto. | Lo stack indica dove SIGALRM è stato osservato, non dimostra quale pass, configurazione, circuito o hardware abbia causato il timeout. | Un'attribuzione causale richiede confronti controllati tra circuiti, configurazioni e device.",qiskit/transpiler/passes/routing/lookahead_swap.py:342:_calc_layout_distance
ibm_falcon_27,27,f30536987677ef5017fe3a89b8b4ee0a3e7252a1a226cc3db95fd9b2e822d991,run_0a768001e42fed3423b16e5a00ce172effa54c6f5dbaacc11b43067129195bdd,portfoliovqe_indep_tket_7,portfoliovqe,tket,7,30,98,o2_sabre_lookahead,2,sabre,lookahead,1,timeout,transpilation,timeout,AttemptTimeoutError,100.0,100.00304758899983,Tentativo interrotto dopo 100.0 secondi.,qiskit_post_pass_callback_and_sigalrm_traceback,transpilation,21,LookaheadSwap,qiskit.transpiler.passes.routing.lookahead_swap.LookaheadSwap,20,99.93479466438293,99.99883629400028,qiskit/transpiler/passes/routing/lookahead_swap.py,_calc_layout_distance,342,routing,routing_method,lookahead,medium,False,"Il callback pubblico di Qiskit viene eseguito dopo ogni pass: last_completed_pass non identifica necessariamente il pass interrotto. | Lo stack indica dove SIGALRM è stato osservato, non dimostra quale pass, configurazione, circuito o hardware abbia causato il timeout. | Un'attribuzione causale richiede confronti controllati tra circuiti, configurazioni e device.",qiskit/transpiler/passes/routing/lookahead_swap.py:342:_calc_layout_distance
ibm_falcon_27,27,f30536987677ef5017fe3a89b8b4ee0a3e7252a1a226cc3db95fd9b2e822d991,run_e17426e56208b9775af99c5a179dc848e9f8ece2b8ca78d13e5d228c6786dd94,portfoliovqe_indep_tket_7,portfoliovqe,tket,7,30,98,o2_sabre_lookahead,2,sabre,lookahead,2,timeout,transpilation,timeout,AttemptTimeoutError,100.0,100.00304767599937,Tentativo interrotto dopo 100.0 secondi.,qiskit_post_pass_callback_and_sigalrm_traceback,transpilation,21,LookaheadSwap,qiskit.transpiler.passes.routing.lookahead_swap.LookaheadSwap,20,99.89676976203918,99.99911250700006,qiskit/transpiler/passes/routing/lookahead_swap.py,<genexpr>,390,routing,routing_method,lookahead,medium,False,"Il callback pubblico di Qiskit viene eseguito dopo ogni pass: last_completed_pass non identifica necessariamente il pass interrotto. | Lo stack indica dove SIGALRM è stato osservato, non dimostra quale pass, configurazione, circuito o hardware abbia causato il timeout. | Un'attribuzione causale richiede confronti controllati tra circuiti, configurazioni e device.",qiskit/transpiler/passes/routing/lookahead_swap.py:390:<genexpr>
ibm_falcon_27,27,f30536987677ef5017fe3a89b8b4ee0a3e7252a1a226cc3db95fd9b2e822d991,run_42307345b047d11287f7cf3c64ec060831253c9e3159c8fc0009d6e07b9e60fd,portfoliovqe_indep_tket_8,portfoliovqe,tket,8,34,124,o2_sabre_lookahead,2,sabre,lookahead,0,timeout,transpilation,timeout,AttemptTimeoutError,100.0,100.00280663400008,Tentativo interrotto dopo 100.0 secondi.,qiskit_post_pass_callback_and_sigalrm_traceback,transpilation,21,LookaheadSwap,qiskit.transpiler.passes.routing.lookahead_swap.LookaheadSwap,20,99.91271209716797,99.9989950979998,qiskit/transpiler/passes/routing/lookahead_swap.py,_calc_layout_distance,342,routing,routing_method,lookahead,medium,False,"Il callback pubblico di Qiskit viene eseguito dopo ogni pass: last_completed_pass non identifica necessariamente il pass interrotto. | Lo stack indica dove SIGALRM è stato osservato, non dimostra quale pass, configurazione, circuito o hardware abbia causato il timeout. | Un'attribuzione causale richiede confronti controllati tra circuiti, configurazioni e device.",qiskit/transpiler/passes/routing/lookahead_swap.py:342:_calc_layout_distance
ibm_falcon_27,27,f30536987677ef5017fe3a89b8b4ee0a3e7252a1a226cc3db95fd9b2e822d991,run_d52e5e92d2c8a8afb9ef5943cb8f2dbb4ba2d99e7893f2b07292190dbeeb3155,portfoliovqe_indep_tket_8,portfoliovqe,tket,8,34,124,o2_sabre_lookahead,2,sabre,lookahead,1,timeout,transpilation,timeout,AttemptTimeoutError,100.0,100.01740068399977,Tentativo interrotto dopo 100.0 secondi.,qiskit_post_pass_callback_and_sigalrm_traceback,transpilation,21,LookaheadSwap,qiskit.transpiler.passes.routing.lookahead_swap.LookaheadSwap,20,99.95107674598694,100.01328869099962,qiskit/transpiler/passes/routing/lookahead_swap.py,_score_state_with_swap,354,routing,routing_method,lookahead,medium,False,"Il callback pubblico di Qiskit viene eseguito dopo ogni pass: last_completed_pass non identifica necessariamente il pass interrotto. | Lo stack indica dove SIGALRM è stato osservato, non dimostra quale pass, configurazione, circuito o hardware abbia causato il timeout. | Un'attribuzione causale richiede confronti controllati tra circuiti, configurazioni e device.",qiskit/transpiler/passes/routing/lookahead_swap.py:354:_score_state_with_swap
ibm_falcon_27,27,f30536987677ef5017fe3a89b8b4ee0a3e7252a1a226cc3db95fd9b2e822d991,run_850bede46630eb946a5314a29eeecf2cad6414f392ebd7cbe5afe43da357a618,portfoliovqe_indep_tket_8,portfoliovqe,tket,8,34,124,o2_sabre_lookahead,2,sabre,lookahead,2,timeout,transpilation,timeout,AttemptTimeoutError,100.0,100.00384853299965,Tentativo interrotto dopo 100.0 secondi.,qiskit_post_pass_callback_and_sigalrm_traceback,transpilation,21,LookaheadSwap,qiskit.transpiler.passes.routing.lookahead_swap.LookaheadSwap,20,99.92421340942383,99.99914420799996,qiskit/transpiler/passes/routing/lookahead_swap.py,_calc_layout_distance,342,routing,routing_method,lookahead,medium,False,"Il callback pubblico di Qiskit viene eseguito dopo ogni pass: last_completed_pass non identifica necessariamente il pass interrotto. | Lo stack indica dove SIGALRM è stato osservato, non dimostra quale pass, configurazione, circuito o hardware abbia causato il timeout. | Un'attribuzione causale richiede confronti controllati tra circuiti, configurazioni e device.",qiskit/transpiler/passes/routing/lookahead_swap.py:342:_calc_layout_distance
ibm_falcon_27,27,f30536987677ef5017fe3a89b8b4ee0a3e7252a1a226cc3db95fd9b2e822d991,run_610afc01420204cb4b4c0ba8dddee1c837aa0499761f97bfc63c2b5380e5820e,portfoliovqe_indep_tket_9,portfoliovqe,tket,9,38,153,o2_sabre_lookahead,2,sabre,lookahead,0,timeout,transpilation,timeout,AttemptTimeoutError,100.0,100.0033852430006,Tentativo interrotto dopo 100.0 secondi.,qiskit_post_pass_callback_and_sigalrm_traceback,transpilation,21,LookaheadSwap,qiskit.transpiler.passes.routing.lookahead_swap.LookaheadSwap,20,99.90043330192566,99.99845042200013,qiskit/transpiler/passes/routing/lookahead_swap.py,_calc_layout_distance,342,routing,routing_method,lookahead,medium,False,"Il callback pubblico di Qiskit viene eseguito dopo ogni pass: last_completed_pass non identifica necessariamente il pass interrotto. | Lo stack indica dove SIGALRM è stato osservato, non dimostra quale pass, configurazione, circuito o hardware abbia causato il timeout. | Un'attribuzione causale richiede confronti controllati tra circuiti, configurazioni e device.",qiskit/transpiler/passes/routing/lookahead_swap.py:342:_calc_layout_distance
ibm_falcon_27,27,f30536987677ef5017fe3a89b8b4ee0a3e7252a1a226cc3db95fd9b2e822d991,run_3b20c3c7d24cae432a544767090372e537c1acd99283514a6a4eb0ecb299d72c,portfoliovqe_indep_tket_9,portfoliovqe,tket,9,38,153,o2_sabre_lookahead,2,sabre,lookahead,1,timeout,transpilation,timeout,AttemptTimeoutError,100.0,100.00383381399934,Tentativo interrotto dopo 100.0 secondi.,qiskit_post_pass_callback_and_sigalrm_traceback,transpilation,21,LookaheadSwap,qiskit.transpiler.passes.routing.lookahead_swap.LookaheadSwap,20,99.88744473457336,99.99880839099933,qiskit/transpiler/passes/routing/lookahead_swap.py,_calc_layout_distance,342,routing,routing_method,lookahead,medium,False,"Il callback pubblico di Qiskit viene eseguito dopo ogni pass: last_completed_pass non identifica necessariamente il pass interrotto. | Lo stack indica dove SIGALRM è stato osservato, non dimostra quale pass, configurazione, circuito o hardware abbia causato il timeout. | Un'attribuzione causale richiede confronti controllati tra circuiti, configurazioni e device.",qiskit/transpiler/passes/routing/lookahead_swap.py:342:_calc_layout_distance
ibm_falcon_27,27,f30536987677ef5017fe3a89b8b4ee0a3e7252a1a226cc3db95fd9b2e822d991,run_572a8c2b295fcf54d8d68d1f982b01e3a62da5aebb9897012d48038f0a8d0d74,portfoliovqe_indep_tket_9,portfoliovqe,tket,9,38,153,o2_sabre_lookahead,2,sabre,lookahead,2,timeout,transpilation,timeout,AttemptTimeoutError,100.0,100.0035291639997,Tentativo interrotto dopo 100.0 secondi.,qiskit_post_pass_callback_and_sigalrm_traceback,transpilation,21,LookaheadSwap,qiskit.transpiler.passes.routing.lookahead_swap.LookaheadSwap,20,99.90236234664917,99.99887544899957,qiskit/transpiler/passes/routing/lookahead_swap.py,_calc_layout_distance,342,routing,routing_method,lookahead,medium,False,"Il callback pubblico di Qiskit viene eseguito dopo ogni pass: last_completed_pass non identifica necessariamente il pass interrotto. | Lo stack indica dove SIGALRM è stato osservato, non dimostra quale pass, configurazione, circuito o hardware abbia causato il timeout. | Un'attribuzione causale richiede confronti controllati tra circuiti, configurazioni e device.",qiskit/transpiler/passes/routing/lookahead_swap.py:342:_calc_layout_distance
ibm_falcon_27,27,f30536987677ef5017fe3a89b8b4ee0a3e7252a1a226cc3db95fd9b2e822d991,run_9cbee9ce930ce162d1314dd8cc4d246ad110b988e5196e3f77194f0ebfdc3033,pricingcall_indep_qiskit_11,pricingcall,qiskit,11,127,166,o2_sabre_lookahead,2,sabre,lookahead,0,timeout,transpilation,timeout,AttemptTimeoutError,100.0,100.00612974399883,Tentativo interrotto dopo 100.0 secondi.,qiskit_post_pass_callback_and_sigalrm_traceback,transpilation,21,LookaheadSwap,qiskit.transpiler.passes.routing.lookahead_swap.LookaheadSwap,20,99.8601405620575,99.99860788499973,qiskit/transpiler/passes/routing/lookahead_swap.py,_calc_layout_distance,342,routing,routing_method,lookahead,medium,False,"Il callback pubblico di Qiskit viene eseguito dopo ogni pass: last_completed_pass non identifica necessariamente il pass interrotto. | Lo stack indica dove SIGALRM è stato osservato, non dimostra quale pass, configurazione, circuito o hardware abbia causato il timeout. | Un'attribuzione causale richiede confronti controllati tra circuiti, configurazioni e device.",qiskit/transpiler/passes/routing/lookahead_swap.py:342:_calc_layout_distance
ibm_falcon_27,27,f30536987677ef5017fe3a89b8b4ee0a3e7252a1a226cc3db95fd9b2e822d991,run_16d84e19f6cef7e713b8af5a6d93f94e5bcae68e7664ea16f9aa763c5d1f0235,pricingcall_indep_qiskit_11,pricingcall,qiskit,11,127,166,o2_sabre_lookahead,2,sabre,lookahead,1,timeout,transpilation,timeout,AttemptTimeoutError,100.0,100.00623406699924,Tentativo interrotto dopo 100.0 secondi.,qiskit_post_pass_callback_and_sigalrm_traceback,transpilation,21,LookaheadSwap,qiskit.transpiler.passes.routing.lookahead_swap.LookaheadSwap,20,99.84566187858582,99.99853022299976,qiskit/transpiler/passes/routing/lookahead_swap.py,_calc_layout_distance,342,routing,routing_method,lookahead,medium,False,"Il callback pubblico di Qiskit viene eseguito dopo ogni pass: last_completed_pass non identifica necessariamente il pass interrotto. | Lo stack indica dove SIGALRM è stato osservato, non dimostra quale pass, configurazione, circuito o hardware abbia causato il timeout. | Un'attribuzione causale richiede confronti controllati tra circuiti, configurazioni e device.",qiskit/transpiler/passes/routing/lookahead_swap.py:342:_calc_layout_distance
ibm_falcon_27,27,f30536987677ef5017fe3a89b8b4ee0a3e7252a1a226cc3db95fd9b2e822d991,run_56a3576530a888e31c65c7bb8ccd5819039b88c9d11a8bc1f148b18d5fff45f2,pricingcall_indep_qiskit_11,pricingcall,qiskit,11,127,166,o2_sabre_lookahead,2,sabre,lookahead,2,timeout,transpilation,timeout,AttemptTimeoutError,100.0,100.0151212310011,Tentativo interrotto dopo 100.0 secondi.,qiskit_post_pass_callback_and_sigalrm_traceback,transpilation,21,LookaheadSwap,qiskit.transpiler.passes.routing.lookahead_swap.LookaheadSwap,20,99.89278554916382,99.99943726600031,qiskit/transpiler/passes/routing/lookahead_swap.py,_score_state_with_swap,355,routing,routing_method,lookahead,medium,False,"Il callback pubblico di Qiskit viene eseguito dopo ogni pass: last_completed_pass non identifica necessariamente il pass interrotto. | Lo stack indica dove SIGALRM è stato osservato, non dimostra quale pass, configurazione, circuito o hardware abbia causato il timeout. | Un'attribuzione causale richiede confronti controllati tra circuiti, configurazioni e device.",qiskit/transpiler/passes/routing/lookahead_swap.py:355:_score_state_with_swap
ibm_falcon_27,27,f30536987677ef5017fe3a89b8b4ee0a3e7252a1a226cc3db95fd9b2e822d991,run_3026adfe9cd91a10372711863e3c329e795e7a5279e464393ec368369d54e1e6,pricingcall_indep_qiskit_5,pricingcall,qiskit,5,36,47,o2_sabre_lookahead,2,sabre,lookahead,2,timeout,transpilation,timeout,AttemptTimeoutError,100.0,100.00303017500119,Tentativo interrotto dopo 100.0 secondi.,qiskit_post_pass_callback_and_sigalrm_traceback,transpilation,21,LookaheadSwap,qiskit.transpiler.passes.routing.lookahead_swap.LookaheadSwap,20,99.87390422821045,99.99945319400103,qiskit/transpiler/passes/routing/lookahead_swap.py,_calc_layout_distance,341,routing,routing_method,lookahead,medium,False,"Il callback pubblico di Qiskit viene eseguito dopo ogni pass: last_completed_pass non identifica necessariamente il pass interrotto. | Lo stack indica dove SIGALRM è stato osservato, non dimostra quale pass, configurazione, circuito o hardware abbia causato il timeout. | Un'attribuzione causale richiede confronti controllati tra circuiti, configurazioni e device.",qiskit/transpiler/passes/routing/lookahead_swap.py:341:_calc_layout_distance
ibm_falcon_27,27,f30536987677ef5017fe3a89b8b4ee0a3e7252a1a226cc3db95fd9b2e822d991,run_63b60cc929aa4bd3a6d019ed2d58042eea07b3ec6140b6eca172d009a58b1bc5,pricingcall_indep_qiskit_7,pricingcall,qiskit,7,56,78,o2_sabre_lookahead,2,sabre,lookahead,0,timeout,transpilation,timeout,AttemptTimeoutError,100.0,100.00385100099993,Tentativo interrotto dopo 100.0 secondi.,qiskit_post_pass_callback_and_sigalrm_traceback,transpilation,21,LookaheadSwap,qiskit.transpiler.passes.routing.lookahead_swap.LookaheadSwap,20,99.92962074279785,99.99914525500026,qiskit/transpiler/passes/routing/lookahead_swap.py,_map_free_gates,312,routing,routing_method,lookahead,medium,False,"Il callback pubblico di Qiskit viene eseguito dopo ogni pass: last_completed_pass non identifica necessariamente il pass interrotto. | Lo stack indica dove SIGALRM è stato osservato, non dimostra quale pass, configurazione, circuito o hardware abbia causato il timeout. | Un'attribuzione causale richiede confronti controllati tra circuiti, configurazioni e device.",qiskit/transpiler/passes/routing/lookahead_swap.py:312:_map_free_gates
ibm_falcon_27,27,f30536987677ef5017fe3a89b8b4ee0a3e7252a1a226cc3db95fd9b2e822d991,run_9929e563a2b71a2a0fcc63bf3d8633fb7b6494b80cbf0cd2b7faff65fd2ce6c1,pricingcall_indep_qiskit_7,pricingcall,qiskit,7,56,78,o2_sabre_lookahead,2,sabre,lookahead,1,timeout,transpilation,timeout,AttemptTimeoutError,100.0,100.00404278600035,Tentativo interrotto dopo 100.0 secondi.,qiskit_post_pass_callback_and_sigalrm_traceback,transpilation,21,LookaheadSwap,qiskit.transpiler.passes.routing.lookahead_swap.LookaheadSwap,20,99.91323351860046,99.99907407399951,qiskit/transpiler/passes/routing/lookahead_swap.py,_calc_layout_distance,342,routing,routing_method,lookahead,medium,False,"Il callback pubblico di Qiskit viene eseguito dopo ogni pass: last_completed_pass non identifica necessariamente il pass interrotto. | Lo stack indica dove SIGALRM è stato osservato, non dimostra quale pass, configurazione, circuito o hardware abbia causato il timeout. | Un'attribuzione causale richiede confronti controllati tra circuiti, configurazioni e device.",qiskit/transpiler/passes/routing/lookahead_swap.py:342:_calc_layout_distance
ibm_falcon_27,27,f30536987677ef5017fe3a89b8b4ee0a3e7252a1a226cc3db95fd9b2e822d991,run_5a1cac186e2225ee0516db434dbfc883ec4cb234b2abfc3f9e3ca825bc50e75e,pricingcall_indep_qiskit_7,pricingcall,qiskit,7,56,78,o2_sabre_lookahead,2,sabre,lookahead,2,timeout,transpilation,timeout,AttemptTimeoutError,100.0,100.00383825399877,Tentativo interrotto dopo 100.0 secondi.,qiskit_post_pass_callback_and_sigalrm_traceback,transpilation,21,LookaheadSwap,qiskit.transpiler.passes.routing.lookahead_swap.LookaheadSwap,20,99.93820405006409,99.99888891199953,qiskit/transpiler/passes/routing/lookahead_swap.py,_map_free_gates,313,routing,routing_method,lookahead,medium,False,"Il callback pubblico di Qiskit viene eseguito dopo ogni pass: last_completed_pass non identifica necessariamente il pass interrotto. | Lo stack indica dove SIGALRM è stato osservato, non dimostra quale pass, configurazione, circuito o hardware abbia causato il timeout. | Un'attribuzione causale richiede confronti controllati tra circuiti, configurazioni e device.",qiskit/transpiler/passes/routing/lookahead_swap.py:313:_map_free_gates
ibm_falcon_27,27,f30536987677ef5017fe3a89b8b4ee0a3e7252a1a226cc3db95fd9b2e822d991,run_3ddb721a2b1dd86bfa663160a2f8157c7d8dbee713890f18a437e3c3664f3f28,pricingcall_indep_qiskit_9,pricingcall,qiskit,9,83,111,o2_sabre_lookahead,2,sabre,lookahead,0,timeout,transpilation,timeout,AttemptTimeoutError,100.0,100.00477923699873,Tentativo interrotto dopo 100.0 secondi.,qiskit_post_pass_callback_and_sigalrm_traceback,transpilation,21,LookaheadSwap,qiskit.transpiler.passes.routing.lookahead_swap.LookaheadSwap,20,99.92561388015747,99.99876122299975,qiskit/transpiler/passes/routing/lookahead_swap.py,_map_free_gates,312,routing,routing_method,lookahead,medium,False,"Il callback pubblico di Qiskit viene eseguito dopo ogni pass: last_completed_pass non identifica necessariamente il pass interrotto. | Lo stack indica dove SIGALRM è stato osservato, non dimostra quale pass, configurazione, circuito o hardware abbia causato il timeout. | Un'attribuzione causale richiede confronti controllati tra circuiti, configurazioni e device.",qiskit/transpiler/passes/routing/lookahead_swap.py:312:_map_free_gates
ibm_falcon_27,27,f30536987677ef5017fe3a89b8b4ee0a3e7252a1a226cc3db95fd9b2e822d991,run_fca48bf6e5597f0bbda395a76ba4c12ae32570117e3c406062098ec858195c5f,pricingcall_indep_qiskit_9,pricingcall,qiskit,9,83,111,o2_sabre_lookahead,2,sabre,lookahead,1,timeout,transpilation,timeout,AttemptTimeoutError,100.0,100.005150175999,Tentativo interrotto dopo 100.0 secondi.,qiskit_post_pass_callback_and_sigalrm_traceback,transpilation,21,LookaheadSwap,qiskit.transpiler.passes.routing.lookahead_swap.LookaheadSwap,20,99.9212965965271,99.99894511799903,qiskit/transpiler/passes/routing/lookahead_swap.py,_calc_layout_distance,341,routing,routing_method,lookahead,medium,False,"Il callback pubblico di Qiskit viene eseguito dopo ogni pass: last_completed_pass non identifica necessariamente il pass interrotto. | Lo stack indica dove SIGALRM è stato osservato, non dimostra quale pass, configurazione, circuito o hardware abbia causato il timeout. | Un'attribuzione causale richiede confronti controllati tra circuiti, configurazioni e device.",qiskit/transpiler/passes/routing/lookahead_swap.py:341:_calc_layout_distance
ibm_falcon_27,27,f30536987677ef5017fe3a89b8b4ee0a3e7252a1a226cc3db95fd9b2e822d991,run_bddb7340d9bfbfe7a5c0f20b15b701b8cec4314b3c442518222d2c16f74a526a,pricingcall_indep_qiskit_9,pricingcall,qiskit,9,83,111,o2_sabre_lookahead,2,sabre,lookahead,2,timeout,transpilation,timeout,AttemptTimeoutError,100.0,100.00478106099945,Tentativo interrotto dopo 100.0 secondi.,qiskit_post_pass_callback_and_sigalrm_traceback,transpilation,21,LookaheadSwap,qiskit.transpiler.passes.routing.lookahead_swap.LookaheadSwap,20,99.90748572349548,99.99890779899943,qiskit/transpiler/passes/routing/lookahead_swap.py,_search_forward_n_swaps,244,routing,routing_method,lookahead,medium,False,"Il callback pubblico di Qiskit viene eseguito dopo ogni pass: last_completed_pass non identifica necessariamente il pass interrotto. | Lo stack indica dove SIGALRM è stato osservato, non dimostra quale pass, configurazione, circuito o hardware abbia causato il timeout. | Un'attribuzione causale richiede confronti controllati tra circuiti, configurazioni e device.",qiskit/transpiler/passes/routing/lookahead_swap.py:244:_search_forward_n_swaps
ibm_falcon_27,27,f30536987677ef5017fe3a89b8b4ee0a3e7252a1a226cc3db95fd9b2e822d991,run_a3da8f3814b7f54625321253e2b91fe19928716a2cabaec7776c3797b2b484b3,pricingcall_indep_tket_5,pricingcall,tket,5,41,59,o2_sabre_lookahead,2,sabre,lookahead,2,timeout,transpilation,timeout,AttemptTimeoutError,100.0,100.00306815400108,Tentativo interrotto dopo 100.0 secondi.,qiskit_post_pass_callback_and_sigalrm_traceback,transpilation,21,LookaheadSwap,qiskit.transpiler.passes.routing.lookahead_swap.LookaheadSwap,20,99.95744442939758,99.99925663800059,qiskit/transpiler/passes/routing/lookahead_swap.py,_map_free_gates,313,routing,routing_method,lookahead,medium,False,"Il callback pubblico di Qiskit viene eseguito dopo ogni pass: last_completed_pass non identifica necessariamente il pass interrotto. | Lo stack indica dove SIGALRM è stato osservato, non dimostra quale pass, configurazione, circuito o hardware abbia causato il timeout. | Un'attribuzione causale richiede confronti controllati tra circuiti, configurazioni e device.",qiskit/transpiler/passes/routing/lookahead_swap.py:313:_map_free_gates
ibm_falcon_27,27,f30536987677ef5017fe3a89b8b4ee0a3e7252a1a226cc3db95fd9b2e822d991,run_0490ee35847425cc044353e027bf9435ea703dd44a8e95e91e4df38e58fef099,pricingcall_indep_tket_7,pricingcall,tket,7,63,92,o2_sabre_lookahead,2,sabre,lookahead,0,timeout,transpilation,timeout,AttemptTimeoutError,100.0,100.00391565800055,Tentativo interrotto dopo 100.0 secondi.,qiskit_post_pass_callback_and_sigalrm_traceback,transpilation,21,LookaheadSwap,qiskit.transpiler.passes.routing.lookahead_swap.LookaheadSwap,20,99.93187522888184,99.99907354900097,qiskit/transpiler/passes/routing/lookahead_swap.py,_first_op_node,390,routing,routing_method,lookahead,medium,False,"Il callback pubblico di Qiskit viene eseguito dopo ogni pass: last_completed_pass non identifica necessariamente il pass interrotto. | Lo stack indica dove SIGALRM è stato osservato, non dimostra quale pass, configurazione, circuito o hardware abbia causato il timeout. | Un'attribuzione causale richiede confronti controllati tra circuiti, configurazioni e device.",qiskit/transpiler/passes/routing/lookahead_swap.py:390:_first_op_node
ibm_falcon_27,27,f30536987677ef5017fe3a89b8b4ee0a3e7252a1a226cc3db95fd9b2e822d991,run_736d6999f363469aa69c0d057da5e2a504b08192b4e13d872edd3a7ed1adf856,pricingcall_indep_tket_7,pricingcall,tket,7,63,92,o2_sabre_lookahead,2,sabre,lookahead,1,timeout,transpilation,timeout,AttemptTimeoutError,100.0,100.00363935899986,Tentativo interrotto dopo 100.0 secondi.,qiskit_post_pass_callback_and_sigalrm_traceback,transpilation,21,LookaheadSwap,qiskit.transpiler.passes.routing.lookahead_swap.LookaheadSwap,20,99.92098498344421,99.99904559300012,qiskit/transpiler/passes/routing/lookahead_swap.py,_calc_layout_distance,342,routing,routing_method,lookahead,medium,False,"Il callback pubblico di Qiskit viene eseguito dopo ogni pass: last_completed_pass non identifica necessariamente il pass interrotto. | Lo stack indica dove SIGALRM è stato osservato, non dimostra quale pass, configurazione, circuito o hardware abbia causato il timeout. | Un'attribuzione causale richiede confronti controllati tra circuiti, configurazioni e device.",qiskit/transpiler/passes/routing/lookahead_swap.py:342:_calc_layout_distance
ibm_falcon_27,27,f30536987677ef5017fe3a89b8b4ee0a3e7252a1a226cc3db95fd9b2e822d991,run_db44c0ff26c05e19854eb9e2cafc6c293ca4ec7c43602a95bd28d6aef423c8b7,pricingcall_indep_tket_7,pricingcall,tket,7,63,92,o2_sabre_lookahead,2,sabre,lookahead,2,timeout,transpilation,timeout,AttemptTimeoutError,100.0,100.00341556999956,Tentativo interrotto dopo 100.0 secondi.,qiskit_post_pass_callback_and_sigalrm_traceback,transpilation,21,LookaheadSwap,qiskit.transpiler.passes.routing.lookahead_swap.LookaheadSwap,20,99.92422652244568,99.99604800399902,qiskit/transpiler/passes/routing/lookahead_swap.py,_map_free_gates,313,routing,routing_method,lookahead,medium,False,"Il callback pubblico di Qiskit viene eseguito dopo ogni pass: last_completed_pass non identifica necessariamente il pass interrotto. | Lo stack indica dove SIGALRM è stato osservato, non dimostra quale pass, configurazione, circuito o hardware abbia causato il timeout. | Un'attribuzione causale richiede confronti controllati tra circuiti, configurazioni e device.",qiskit/transpiler/passes/routing/lookahead_swap.py:313:_map_free_gates
ibm_falcon_27,27,f30536987677ef5017fe3a89b8b4ee0a3e7252a1a226cc3db95fd9b2e822d991,run_1d3023caeff9d71429b79b8fef9232ee86e530bf566ce918786a16a91dee9d2a,pricingcall_indep_tket_9,pricingcall,tket,9,92,129,o2_sabre_lookahead,2,sabre,lookahead,0,timeout,transpilation,timeout,AttemptTimeoutError,100.0,100.006355128,Tentativo interrotto dopo 100.0 secondi.,qiskit_post_pass_callback_and_sigalrm_traceback,transpilation,21,LookaheadSwap,qiskit.transpiler.passes.routing.lookahead_swap.LookaheadSwap,20,99.92530226707458,99.99863603300037,qiskit/transpiler/passes/routing/lookahead_swap.py,_calc_layout_distance,342,routing,routing_method,lookahead,medium,False,"Il callback pubblico di Qiskit viene eseguito dopo ogni pass: last_completed_pass non identifica necessariamente il pass interrotto. | Lo stack indica dove SIGALRM è stato osservato, non dimostra quale pass, configurazione, circuito o hardware abbia causato il timeout. | Un'attribuzione causale richiede confronti controllati tra circuiti, configurazioni e device.",qiskit/transpiler/passes/routing/lookahead_swap.py:342:_calc_layout_distance
ibm_falcon_27,27,f30536987677ef5017fe3a89b8b4ee0a3e7252a1a226cc3db95fd9b2e822d991,run_bbfc7b72baed38d377bc10c236029f1565ae8918ae4810fa230fbc8716b2942c,pricingcall_indep_tket_9,pricingcall,tket,9,92,129,o2_sabre_lookahead,2,sabre,lookahead,1,timeout,transpilation,timeout,AttemptTimeoutError,100.0,100.0049226430001,Tentativo interrotto dopo 100.0 secondi.,qiskit_post_pass_callback_and_sigalrm_traceback,transpilation,21,LookaheadSwap,qiskit.transpiler.passes.routing.lookahead_swap.LookaheadSwap,20,99.9059579372406,99.99883436399978,qiskit/transpiler/passes/routing/lookahead_swap.py,_calc_layout_distance,342,routing,routing_method,lookahead,medium,False,"Il callback pubblico di Qiskit viene eseguito dopo ogni pass: last_completed_pass non identifica necessariamente il pass interrotto. | Lo stack indica dove SIGALRM è stato osservato, non dimostra quale pass, configurazione, circuito o hardware abbia causato il timeout. | Un'attribuzione causale richiede confronti controllati tra circuiti, configurazioni e device.",qiskit/transpiler/passes/routing/lookahead_swap.py:342:_calc_layout_distance
ibm_falcon_27,27,f30536987677ef5017fe3a89b8b4ee0a3e7252a1a226cc3db95fd9b2e822d991,run_8dd126d597a72f88a6b55c59323aca5728de5421c7308d97461a5cccc0b1e18c,pricingcall_indep_tket_9,pricingcall,tket,9,92,129,o2_sabre_lookahead,2,sabre,lookahead,2,timeout,transpilation,timeout,AttemptTimeoutError,100.0,100.0049579839997,Tentativo interrotto dopo 100.0 secondi.,qiskit_post_pass_callback_and_sigalrm_traceback,transpilation,21,LookaheadSwap,qiskit.transpiler.passes.routing.lookahead_swap.LookaheadSwap,20,99.90451002120972,99.99880274300085,qiskit/transpiler/passes/routing/lookahead_swap.py,_calc_layout_distance,342,routing,routing_method,lookahead,medium,False,"Il callback pubblico di Qiskit viene eseguito dopo ogni pass: last_completed_pass non identifica necessariamente il pass interrotto. | Lo stack indica dove SIGALRM è stato osservato, non dimostra quale pass, configurazione, circuito o hardware abbia causato il timeout. | Un'attribuzione causale richiede confronti controllati tra circuiti, configurazioni e device.",qiskit/transpiler/passes/routing/lookahead_swap.py:342:_calc_layout_distance
ibm_falcon_27,27,f30536987677ef5017fe3a89b8b4ee0a3e7252a1a226cc3db95fd9b2e822d991,run_1d8f471e6a3c2b48e716061e78bed9155649db73699256f16e9243f157056be9,pricingput_indep_qiskit_11,pricingput,qiskit,11,128,172,o2_sabre_lookahead,2,sabre,lookahead,0,timeout,transpilation,timeout,AttemptTimeoutError,100.0,100.00624482800049,Tentativo interrotto dopo 100.0 secondi.,qiskit_post_pass_callback_and_sigalrm_traceback,transpilation,21,LookaheadSwap,qiskit.transpiler.passes.routing.lookahead_swap.LookaheadSwap,20,99.91227698326111,99.99830508799823,qiskit/transpiler/passes/routing/lookahead_swap.py,_calc_layout_distance,342,routing,routing_method,lookahead,medium,False,"Il callback pubblico di Qiskit viene eseguito dopo ogni pass: last_completed_pass non identifica necessariamente il pass interrotto. | Lo stack indica dove SIGALRM è stato osservato, non dimostra quale pass, configurazione, circuito o hardware abbia causato il timeout. | Un'attribuzione causale richiede confronti controllati tra circuiti, configurazioni e device.",qiskit/transpiler/passes/routing/lookahead_swap.py:342:_calc_layout_distance
ibm_falcon_27,27,f30536987677ef5017fe3a89b8b4ee0a3e7252a1a226cc3db95fd9b2e822d991,run_10491fe541ad5a56b82c4f913bfa8e27af960f56de5236a77e5b811b50795919,pricingput_indep_qiskit_11,pricingput,qiskit,11,128,172,o2_sabre_lookahead,2,sabre,lookahead,1,timeout,transpilation,timeout,AttemptTimeoutError,100.0,100.00594923300014,Tentativo interrotto dopo 100.0 secondi.,qiskit_post_pass_callback_and_sigalrm_traceback,transpilation,21,LookaheadSwap,qiskit.transpiler.passes.routing.lookahead_swap.LookaheadSwap,20,99.89822936058044,99.99861452000005,qiskit/transpiler/passes/routing/lookahead_swap.py,_calc_layout_distance,342,routing,routing_method,lookahead,medium,False,"Il callback pubblico di Qiskit viene eseguito dopo ogni pass: last_completed_pass non identifica necessariamente il pass interrotto. | Lo stack indica dove SIGALRM è stato osservato, non dimostra quale pass, configurazione, circuito o hardware abbia causato il timeout. | Un'attribuzione causale richiede confronti controllati tra circuiti, configurazioni e device.",qiskit/transpiler/passes/routing/lookahead_swap.py:342:_calc_layout_distance
ibm_falcon_27,27,f30536987677ef5017fe3a89b8b4ee0a3e7252a1a226cc3db95fd9b2e822d991,run_66481a0e99a0be134fe796a8b1d077c2201552b9cf65d4b70f7759344acac8fe,pricingput_indep_qiskit_11,pricingput,qiskit,11,128,172,o2_sabre_lookahead,2,sabre,lookahead,2,timeout,transpilation,timeout,AttemptTimeoutError,100.0,100.00608689500041,Tentativo interrotto dopo 100.0 secondi.,qiskit_post_pass_callback_and_sigalrm_traceback,transpilation,21,LookaheadSwap,qiskit.transpiler.passes.routing.lookahead_swap.LookaheadSwap,20,99.89738893508911,99.99865222699918,qiskit/transpiler/passes/routing/lookahead_swap.py,_map_free_gates,313,routing,routing_method,lookahead,medium,False,"Il callback pubblico di Qiskit viene eseguito dopo ogni pass: last_completed_pass non identifica necessariamente il pass interrotto. | Lo stack indica dove SIGALRM è stato osservato, non dimostra quale pass, configurazione, circuito o hardware abbia causato il timeout. | Un'attribuzione causale richiede confronti controllati tra circuiti, configurazioni e device.",qiskit/transpiler/passes/routing/lookahead_swap.py:313:_map_free_gates
ibm_falcon_27,27,f30536987677ef5017fe3a89b8b4ee0a3e7252a1a226cc3db95fd9b2e822d991,run_f784019f54d37a48bc9f93d226ac69621a1f40e30a9a4049237a9e799c1ae1b4,pricingput_indep_qiskit_5,pricingput,qiskit,5,36,47,o2_sabre_lookahead,2,sabre,lookahead,2,timeout,transpilation,timeout,AttemptTimeoutError,100.0,100.00286866899842,Tentativo interrotto dopo 100.0 secondi.,qiskit_post_pass_callback_and_sigalrm_traceback,transpilation,21,LookaheadSwap,qiskit.transpiler.passes.routing.lookahead_swap.LookaheadSwap,20,99.95792055130005,99.99918197600164,qiskit/transpiler/passes/routing/lookahead_swap.py,_first_op_node,390,routing,routing_method,lookahead,medium,False,"Il callback pubblico di Qiskit viene eseguito dopo ogni pass: last_completed_pass non identifica necessariamente il pass interrotto. | Lo stack indica dove SIGALRM è stato osservato, non dimostra quale pass, configurazione, circuito o hardware abbia causato il timeout. | Un'attribuzione causale richiede confronti controllati tra circuiti, configurazioni e device.",qiskit/transpiler/passes/routing/lookahead_swap.py:390:_first_op_node
ibm_falcon_27,27,f30536987677ef5017fe3a89b8b4ee0a3e7252a1a226cc3db95fd9b2e822d991,run_dd61411cb9e64955cdb8d09a9b4f50c751f197fb2f293663290370dc0a0f4d65,pricingput_indep_qiskit_7,pricingput,qiskit,7,55,80,o2_sabre_lookahead,2,sabre,lookahead,0,timeout,transpilation,timeout,AttemptTimeoutError,100.0,100.00375977900148,Tentativo interrotto dopo 100.0 secondi.,qiskit_post_pass_callback_and_sigalrm_traceback,transpilation,21,LookaheadSwap,qiskit.transpiler.passes.routing.lookahead_swap.LookaheadSwap,20,99.88741660118103,99.9990846540004,qiskit/transpiler/passes/routing/lookahead_swap.py,_map_free_gates,313,routing,routing_method,lookahead,medium,False,"Il callback pubblico di Qiskit viene eseguito dopo ogni pass: last_completed_pass non identifica necessariamente il pass interrotto. | Lo stack indica dove SIGALRM è stato osservato, non dimostra quale pass, configurazione, circuito o hardware abbia causato il timeout. | Un'attribuzione causale richiede confronti controllati tra circuiti, configurazioni e device.",qiskit/transpiler/passes/routing/lookahead_swap.py:313:_map_free_gates
ibm_falcon_27,27,f30536987677ef5017fe3a89b8b4ee0a3e7252a1a226cc3db95fd9b2e822d991,run_3d5b50e41ae35c093c40eff8298d53a8454e2cbdb0d0ad6e1ae41868914f6711,pricingput_indep_qiskit_7,pricingput,qiskit,7,55,80,o2_sabre_lookahead,2,sabre,lookahead,1,timeout,transpilation,timeout,AttemptTimeoutError,100.0,100.00408991900076,Tentativo interrotto dopo 100.0 secondi.,qiskit_post_pass_callback_and_sigalrm_traceback,transpilation,21,LookaheadSwap,qiskit.transpiler.passes.routing.lookahead_swap.LookaheadSwap,20,99.941401720047,99.99923813200076,qiskit/transpiler/passes/routing/lookahead_swap.py,_calc_layout_distance,342,routing,routing_method,lookahead,medium,False,"Il callback pubblico di Qiskit viene eseguito dopo ogni pass: last_completed_pass non identifica necessariamente il pass interrotto. | Lo stack indica dove SIGALRM è stato osservato, non dimostra quale pass, configurazione, circuito o hardware abbia causato il timeout. | Un'attribuzione causale richiede confronti controllati tra circuiti, configurazioni e device.",qiskit/transpiler/passes/routing/lookahead_swap.py:342:_calc_layout_distance
ibm_falcon_27,27,f30536987677ef5017fe3a89b8b4ee0a3e7252a1a226cc3db95fd9b2e822d991,run_de4b3528a330b57becc7209f62ab646179336383fbf0b00b4609e88420f97a4d,pricingput_indep_qiskit_7,pricingput,qiskit,7,55,80,o2_sabre_lookahead,2,sabre,lookahead,2,timeout,transpilation,timeout,AttemptTimeoutError,100.0,100.00406309299979,Tentativo interrotto dopo 100.0 secondi.,qiskit_post_pass_callback_and_sigalrm_traceback,transpilation,21,LookaheadSwap,qiskit.transpiler.passes.routing.lookahead_swap.LookaheadSwap,20,99.90508508682251,99.99768306199985,qiskit/transpiler/passes/routing/lookahead_swap.py,_map_free_gates,313,routing,routing_method,lookahead,medium,False,"Il callback pubblico di Qiskit viene eseguito dopo ogni pass: last_completed_pass non identifica necessariamente il pass interrotto. | Lo stack indica dove SIGALRM è stato osservato, non dimostra quale pass, configurazione, circuito o hardware abbia causato il timeout. | Un'attribuzione causale richiede confronti controllati tra circuiti, configurazioni e device.",qiskit/transpiler/passes/routing/lookahead_swap.py:313:_map_free_gates
ibm_falcon_27,27,f30536987677ef5017fe3a89b8b4ee0a3e7252a1a226cc3db95fd9b2e822d991,run_8abbefd53e5444fed22e5530fad4ca5edc33ae5062f007091bd5816d720fbeed,pricingput_indep_qiskit_9,pricingput,qiskit,9,84,121,o2_sabre_lookahead,2,sabre,lookahead,0,timeout,transpilation,timeout,AttemptTimeoutError,100.0,100.00516741800129,Tentativo interrotto dopo 100.0 secondi.,qiskit_post_pass_callback_and_sigalrm_traceback,transpilation,21,LookaheadSwap,qiskit.transpiler.passes.routing.lookahead_swap.LookaheadSwap,20,99.88968682289124,99.99877737299903,qiskit/transpiler/passes/routing/lookahead_swap.py,_calc_layout_distance,342,routing,routing_method,lookahead,medium,False,"Il callback pubblico di Qiskit viene eseguito dopo ogni pass: last_completed_pass non identifica necessariamente il pass interrotto. | Lo stack indica dove SIGALRM è stato osservato, non dimostra quale pass, configurazione, circuito o hardware abbia causato il timeout. | Un'attribuzione causale richiede confronti controllati tra circuiti, configurazioni e device.",qiskit/transpiler/passes/routing/lookahead_swap.py:342:_calc_layout_distance
ibm_falcon_27,27,f30536987677ef5017fe3a89b8b4ee0a3e7252a1a226cc3db95fd9b2e822d991,run_d079f0ec0ecef71f367ac952adeffe1e01f21a02542c193e70d9ee60cfcf5231,pricingput_indep_qiskit_9,pricingput,qiskit,9,84,121,o2_sabre_lookahead,2,sabre,lookahead,1,timeout,transpilation,timeout,AttemptTimeoutError,100.0,100.00460804999966,Tentativo interrotto dopo 100.0 secondi.,qiskit_post_pass_callback_and_sigalrm_traceback,transpilation,21,LookaheadSwap,qiskit.transpiler.passes.routing.lookahead_swap.LookaheadSwap,20,99.91663098335266,99.99885456999982,qiskit/transpiler/passes/routing/lookahead_swap.py,_map_free_gates,313,routing,routing_method,lookahead,medium,False,"Il callback pubblico di Qiskit viene eseguito dopo ogni pass: last_completed_pass non identifica necessariamente il pass interrotto. | Lo stack indica dove SIGALRM è stato osservato, non dimostra quale pass, configurazione, circuito o hardware abbia causato il timeout. | Un'attribuzione causale richiede confronti controllati tra circuiti, configurazioni e device.",qiskit/transpiler/passes/routing/lookahead_swap.py:313:_map_free_gates
ibm_falcon_27,27,f30536987677ef5017fe3a89b8b4ee0a3e7252a1a226cc3db95fd9b2e822d991,run_9dffbae237d9306e046f13c0fe4257b287489a2c9ce849e0dd1ca3116a591070,pricingput_indep_qiskit_9,pricingput,qiskit,9,84,121,o2_sabre_lookahead,2,sabre,lookahead,2,timeout,transpilation,timeout,AttemptTimeoutError,100.0,100.0051384110011,Tentativo interrotto dopo 100.0 secondi.,qiskit_post_pass_callback_and_sigalrm_traceback,transpilation,21,LookaheadSwap,qiskit.transpiler.passes.routing.lookahead_swap.LookaheadSwap,20,99.91152262687683,99.99839849099953,qiskit/transpiler/passes/routing/lookahead_swap.py,_calc_layout_distance,342,routing,routing_method,lookahead,medium,False,"Il callback pubblico di Qiskit viene eseguito dopo ogni pass: last_completed_pass non identifica necessariamente il pass interrotto. | Lo stack indica dove SIGALRM è stato osservato, non dimostra quale pass, configurazione, circuito o hardware abbia causato il timeout. | Un'attribuzione causale richiede confronti controllati tra circuiti, configurazioni e device.",qiskit/transpiler/passes/routing/lookahead_swap.py:342:_calc_layout_distance
ibm_falcon_27,27,f30536987677ef5017fe3a89b8b4ee0a3e7252a1a226cc3db95fd9b2e822d991,run_fc60528d4456badcbde9fc4807936f0e5118b122c94d2083836e6216786e8a79,pricingput_indep_tket_5,pricingput,tket,5,41,59,o2_sabre_lookahead,2,sabre,lookahead,2,timeout,transpilation,timeout,AttemptTimeoutError,100.0,100.00303475600049,Tentativo interrotto dopo 100.0 secondi.,qiskit_post_pass_callback_and_sigalrm_traceback,transpilation,21,LookaheadSwap,qiskit.transpiler.passes.routing.lookahead_swap.LookaheadSwap,20,99.94669771194458,99.99920810999902,qiskit/transpiler/passes/routing/lookahead_swap.py,_map_free_gates,312,routing,routing_method,lookahead,medium,False,"Il callback pubblico di Qiskit viene eseguito dopo ogni pass: last_completed_pass non identifica necessariamente il pass interrotto. | Lo stack indica dove SIGALRM è stato osservato, non dimostra quale pass, configurazione, circuito o hardware abbia causato il timeout. | Un'attribuzione causale richiede confronti controllati tra circuiti, configurazioni e device.",qiskit/transpiler/passes/routing/lookahead_swap.py:312:_map_free_gates
ibm_falcon_27,27,f30536987677ef5017fe3a89b8b4ee0a3e7252a1a226cc3db95fd9b2e822d991,run_ccb1d4b9370139f4eca9018c9bb0e74c7989ac6e1e8eadd1ac38ccb6267fb4e5,pricingput_indep_tket_7,pricingput,tket,7,62,102,o2_sabre_lookahead,2,sabre,lookahead,0,timeout,transpilation,timeout,AttemptTimeoutError,100.0,100.0040827039993,Tentativo interrotto dopo 100.0 secondi.,qiskit_post_pass_callback_and_sigalrm_traceback,transpilation,21,LookaheadSwap,qiskit.transpiler.passes.routing.lookahead_swap.LookaheadSwap,20,99.93502497673035,99.99900350899952,qiskit/transpiler/passes/routing/lookahead_swap.py,_map_free_gates,312,routing,routing_method,lookahead,medium,False,"Il callback pubblico di Qiskit viene eseguito dopo ogni pass: last_completed_pass non identifica necessariamente il pass interrotto. | Lo stack indica dove SIGALRM è stato osservato, non dimostra quale pass, configurazione, circuito o hardware abbia causato il timeout. | Un'attribuzione causale richiede confronti controllati tra circuiti, configurazioni e device.",qiskit/transpiler/passes/routing/lookahead_swap.py:312:_map_free_gates
ibm_falcon_27,27,f30536987677ef5017fe3a89b8b4ee0a3e7252a1a226cc3db95fd9b2e822d991,run_7fe8127b31825d38925ea926f0c7d2f1eae140f6720cf347a510a3430cfad96a,pricingput_indep_tket_7,pricingput,tket,7,62,102,o2_sabre_lookahead,2,sabre,lookahead,1,timeout,transpilation,timeout,AttemptTimeoutError,100.0,100.00417146099971,Tentativo interrotto dopo 100.0 secondi.,qiskit_post_pass_callback_and_sigalrm_traceback,transpilation,21,LookaheadSwap,qiskit.transpiler.passes.routing.lookahead_swap.LookaheadSwap,20,99.9149272441864,99.99865658699855,qiskit/transpiler/passes/routing/lookahead_swap.py,_calc_layout_distance,341,routing,routing_method,lookahead,medium,False,"Il callback pubblico di Qiskit viene eseguito dopo ogni pass: last_completed_pass non identifica necessariamente il pass interrotto. | Lo stack indica dove SIGALRM è stato osservato, non dimostra quale pass, configurazione, circuito o hardware abbia causato il timeout. | Un'attribuzione causale richiede confronti controllati tra circuiti, configurazioni e device.",qiskit/transpiler/passes/routing/lookahead_swap.py:341:_calc_layout_distance
ibm_falcon_27,27,f30536987677ef5017fe3a89b8b4ee0a3e7252a1a226cc3db95fd9b2e822d991,run_d159a116f758f60799869b8f4318782aec1a7284c3e629a3fd4544145bf6e7ce,pricingput_indep_tket_7,pricingput,tket,7,62,102,o2_sabre_lookahead,2,sabre,lookahead,2,timeout,transpilation,timeout,AttemptTimeoutError,100.0,100.00396939300117,Tentativo interrotto dopo 100.0 secondi.,qiskit_post_pass_callback_and_sigalrm_traceback,transpilation,21,LookaheadSwap,qiskit.transpiler.passes.routing.lookahead_swap.LookaheadSwap,20,99.91645908355713,99.99901284899897,qiskit/transpiler/passes/routing/lookahead_swap.py,_calc_layout_distance,342,routing,routing_method,lookahead,medium,False,"Il callback pubblico di Qiskit viene eseguito dopo ogni pass: last_completed_pass non identifica necessariamente il pass interrotto. | Lo stack indica dove SIGALRM è stato osservato, non dimostra quale pass, configurazione, circuito o hardware abbia causato il timeout. | Un'attribuzione causale richiede confronti controllati tra circuiti, configurazioni e device.",qiskit/transpiler/passes/routing/lookahead_swap.py:342:_calc_layout_distance
ibm_falcon_27,27,f30536987677ef5017fe3a89b8b4ee0a3e7252a1a226cc3db95fd9b2e822d991,run_69bc6830425fa8a597be106c7ab8c59057f1de4447b4eff13f40633187fa1b8c,pricingput_indep_tket_9,pricingput,tket,9,93,159,o2_sabre_lookahead,2,sabre,lookahead,0,timeout,transpilation,timeout,AttemptTimeoutError,100.0,100.00516803699975,Tentativo interrotto dopo 100.0 secondi.,qiskit_post_pass_callback_and_sigalrm_traceback,transpilation,21,LookaheadSwap,qiskit.transpiler.passes.routing.lookahead_swap.LookaheadSwap,20,99.9329617023468,99.99805857300089,qiskit/transpiler/passes/routing/lookahead_swap.py,_calc_layout_distance,342,routing,routing_method,lookahead,medium,False,"Il callback pubblico di Qiskit viene eseguito dopo ogni pass: last_completed_pass non identifica necessariamente il pass interrotto. | Lo stack indica dove SIGALRM è stato osservato, non dimostra quale pass, configurazione, circuito o hardware abbia causato il timeout. | Un'attribuzione causale richiede confronti controllati tra circuiti, configurazioni e device.",qiskit/transpiler/passes/routing/lookahead_swap.py:342:_calc_layout_distance
ibm_falcon_27,27,f30536987677ef5017fe3a89b8b4ee0a3e7252a1a226cc3db95fd9b2e822d991,run_dc4a3bf31f0baaa87e05fade718c8639f0ac4ac640f2e32dda220e850bb16925,pricingput_indep_tket_9,pricingput,tket,9,93,159,o2_sabre_lookahead,2,sabre,lookahead,1,timeout,transpilation,timeout,AttemptTimeoutError,100.0,100.00550499900055,Tentativo interrotto dopo 100.0 secondi.,qiskit_post_pass_callback_and_sigalrm_traceback,transpilation,21,LookaheadSwap,qiskit.transpiler.passes.routing.lookahead_swap.LookaheadSwap,20,99.9115731716156,99.99868704500113,qiskit/transpiler/passes/routing/lookahead_swap.py,_map_free_gates,312,routing,routing_method,lookahead,medium,False,"Il callback pubblico di Qiskit viene eseguito dopo ogni pass: last_completed_pass non identifica necessariamente il pass interrotto. | Lo stack indica dove SIGALRM è stato osservato, non dimostra quale pass, configurazione, circuito o hardware abbia causato il timeout. | Un'attribuzione causale richiede confronti controllati tra circuiti, configurazioni e device.",qiskit/transpiler/passes/routing/lookahead_swap.py:312:_map_free_gates
ibm_falcon_27,27,f30536987677ef5017fe3a89b8b4ee0a3e7252a1a226cc3db95fd9b2e822d991,run_212f03c9389270ebf737c5dcfa2a8f363e76d6613b4abf7d07ddda3c867b96db,pricingput_indep_tket_9,pricingput,tket,9,93,159,o2_sabre_lookahead,2,sabre,lookahead,2,timeout,transpilation,timeout,AttemptTimeoutError,100.0,100.19773863900082,Tentativo interrotto dopo 100.0 secondi.,qiskit_post_pass_callback_and_sigalrm_traceback,transpilation,21,LookaheadSwap,qiskit.transpiler.passes.routing.lookahead_swap.LookaheadSwap,20,99.91147661209106,99.9987503529992,qiskit/transpiler/passes/routing/lookahead_swap.py,_map_free_gates,312,routing,routing_method,lookahead,medium,False,"Il callback pubblico di Qiskit viene eseguito dopo ogni pass: last_completed_pass non identifica necessariamente il pass interrotto. | Lo stack indica dove SIGALRM è stato osservato, non dimostra quale pass, configurazione, circuito o hardware abbia causato il timeout. | Un'attribuzione causale richiede confronti controllati tra circuiti, configurazioni e device.",qiskit/transpiler/passes/routing/lookahead_swap.py:312:_map_free_gates
ibm_falcon_27,27,f30536987677ef5017fe3a89b8b4ee0a3e7252a1a226cc3db95fd9b2e822d991,run_2569c309945d78347be2abb9f529c7c7234db6a4fbc9ef1b44f982ea481c7bac,qft_indep_qiskit_10,qft,qiskit,10,21,70,o2_sabre_lookahead,2,sabre,lookahead,2,timeout,transpilation,timeout,AttemptTimeoutError,100.0,100.00267209900085,Tentativo interrotto dopo 100.0 secondi.,qiskit_post_pass_callback_and_sigalrm_traceback,transpilation,21,LookaheadSwap,qiskit.transpiler.passes.routing.lookahead_swap.LookaheadSwap,20,99.93780660629272,99.99870815000031,qiskit/transpiler/passes/routing/lookahead_swap.py,_first_op_node,390,routing,routing_method,lookahead,medium,False,"Il callback pubblico di Qiskit viene eseguito dopo ogni pass: last_completed_pass non identifica necessariamente il pass interrotto. | Lo stack indica dove SIGALRM è stato osservato, non dimostra quale pass, configurazione, circuito o hardware abbia causato il timeout. | Un'attribuzione causale richiede confronti controllati tra circuiti, configurazioni e device.",qiskit/transpiler/passes/routing/lookahead_swap.py:390:_first_op_node
ibm_falcon_27,27,f30536987677ef5017fe3a89b8b4ee0a3e7252a1a226cc3db95fd9b2e822d991,run_dda6a8725e16b69fa4ed547b38e62a512a8ef6ad5d657838b8a69db855b5da67,qft_indep_qiskit_11,qft,qiskit,11,23,82,o2_sabre_lookahead,2,sabre,lookahead,1,timeout,transpilation,timeout,AttemptTimeoutError,100.0,100.00267469000028,Tentativo interrotto dopo 100.0 secondi.,qiskit_post_pass_callback_and_sigalrm_traceback,transpilation,21,LookaheadSwap,qiskit.transpiler.passes.routing.lookahead_swap.LookaheadSwap,20,99.92087912559509,99.99861916900045,qiskit/transpiler/passes/routing/lookahead_swap.py,_first_op_node,390,routing,routing_method,lookahead,medium,False,"Il callback pubblico di Qiskit viene eseguito dopo ogni pass: last_completed_pass non identifica necessariamente il pass interrotto. | Lo stack indica dove SIGALRM è stato osservato, non dimostra quale pass, configurazione, circuito o hardware abbia causato il timeout. | Un'attribuzione causale richiede confronti controllati tra circuiti, configurazioni e device.",qiskit/transpiler/passes/routing/lookahead_swap.py:390:_first_op_node
ibm_falcon_27,27,f30536987677ef5017fe3a89b8b4ee0a3e7252a1a226cc3db95fd9b2e822d991,run_74b2cf7935ffc4798bc838ffd21911ed050da0d21966c26dc18bff3ed832381c,qft_indep_qiskit_11,qft,qiskit,11,23,82,o2_sabre_lookahead,2,sabre,lookahead,2,timeout,transpilation,timeout,AttemptTimeoutError,100.0,100.00296327600154,Tentativo interrotto dopo 100.0 secondi.,qiskit_post_pass_callback_and_sigalrm_traceback,transpilation,21,LookaheadSwap,qiskit.transpiler.passes.routing.lookahead_swap.LookaheadSwap,20,99.93734359741211,99.99590182800057,qiskit/transpiler/passes/routing/lookahead_swap.py,_first_op_node,390,routing,routing_method,lookahead,medium,False,"Il callback pubblico di Qiskit viene eseguito dopo ogni pass: last_completed_pass non identifica necessariamente il pass interrotto. | Lo stack indica dove SIGALRM è stato osservato, non dimostra quale pass, configurazione, circuito o hardware abbia causato il timeout. | Un'attribuzione causale richiede confronti controllati tra circuiti, configurazioni e device.",qiskit/transpiler/passes/routing/lookahead_swap.py:390:_first_op_node
ibm_falcon_27,27,f30536987677ef5017fe3a89b8b4ee0a3e7252a1a226cc3db95fd9b2e822d991,run_7f96abfcce6f7e2b62bbbfc902dff793e78a84686364745f42e4763b7099b73d,qft_indep_qiskit_12,qft,qiskit,12,25,96,o2_sabre_lookahead,2,sabre,lookahead,0,timeout,transpilation,timeout,AttemptTimeoutError,100.0,100.00308679599948,Tentativo interrotto dopo 100.0 secondi.,qiskit_post_pass_callback_and_sigalrm_traceback,transpilation,21,LookaheadSwap,qiskit.transpiler.passes.routing.lookahead_swap.LookaheadSwap,20,99.90764164924622,99.99842744099988,qiskit/transpiler/passes/routing/lookahead_swap.py,_map_free_gates,318,routing,routing_method,lookahead,medium,False,"Il callback pubblico di Qiskit viene eseguito dopo ogni pass: last_completed_pass non identifica necessariamente il pass interrotto. | Lo stack indica dove SIGALRM è stato osservato, non dimostra quale pass, configurazione, circuito o hardware abbia causato il timeout. | Un'attribuzione causale richiede confronti controllati tra circuiti, configurazioni e device.",qiskit/transpiler/passes/routing/lookahead_swap.py:318:_map_free_gates
ibm_falcon_27,27,f30536987677ef5017fe3a89b8b4ee0a3e7252a1a226cc3db95fd9b2e822d991,run_3127525bae2e48d9acf98655e16aefe9ce347f8141219179e23b695a12ec6192,qft_indep_qiskit_12,qft,qiskit,12,25,96,o2_sabre_lookahead,2,sabre,lookahead,1,timeout,transpilation,timeout,AttemptTimeoutError,100.0,100.00314258300023,Tentativo interrotto dopo 100.0 secondi.,qiskit_post_pass_callback_and_sigalrm_traceback,transpilation,21,LookaheadSwap,qiskit.transpiler.passes.routing.lookahead_swap.LookaheadSwap,20,99.91689276695251,99.99846612800138,qiskit/transpiler/passes/routing/lookahead_swap.py,_map_free_gates,302,routing,routing_method,lookahead,medium,False,"Il callback pubblico di Qiskit viene eseguito dopo ogni pass: last_completed_pass non identifica necessariamente il pass interrotto. | Lo stack indica dove SIGALRM è stato osservato, non dimostra quale pass, configurazione, circuito o hardware abbia causato il timeout. | Un'attribuzione causale richiede confronti controllati tra circuiti, configurazioni e device.",qiskit/transpiler/passes/routing/lookahead_swap.py:302:_map_free_gates
ibm_falcon_27,27,f30536987677ef5017fe3a89b8b4ee0a3e7252a1a226cc3db95fd9b2e822d991,run_304ef95f1c01ff491db8ab66472b7e2b66956b0b4c9ae8c9adea9ab7e6509a51,qft_indep_qiskit_13,qft,qiskit,13,27,110,o2_sabre_lookahead,2,sabre,lookahead,0,timeout,transpilation,timeout,AttemptTimeoutError,100.0,100.00352127800033,Tentativo interrotto dopo 100.0 secondi.,qiskit_post_pass_callback_and_sigalrm_traceback,transpilation,21,LookaheadSwap,qiskit.transpiler.passes.routing.lookahead_swap.LookaheadSwap,20,99.92727303504944,99.99824314000034,qiskit/transpiler/passes/routing/lookahead_swap.py,_map_free_gates,313,routing,routing_method,lookahead,medium,False,"Il callback pubblico di Qiskit viene eseguito dopo ogni pass: last_completed_pass non identifica necessariamente il pass interrotto. | Lo stack indica dove SIGALRM è stato osservato, non dimostra quale pass, configurazione, circuito o hardware abbia causato il timeout. | Un'attribuzione causale richiede confronti controllati tra circuiti, configurazioni e device.",qiskit/transpiler/passes/routing/lookahead_swap.py:313:_map_free_gates
ibm_falcon_27,27,f30536987677ef5017fe3a89b8b4ee0a3e7252a1a226cc3db95fd9b2e822d991,run_1a6e00ae05b319a4b8cdc8f8ebe595c51ed4eea5781341ed4d5f77c25e65fa5d,qft_indep_qiskit_13,qft,qiskit,13,27,110,o2_sabre_lookahead,2,sabre,lookahead,1,timeout,transpilation,timeout,AttemptTimeoutError,100.0,100.00323723200017,Tentativo interrotto dopo 100.0 secondi.,qiskit_post_pass_callback_and_sigalrm_traceback,transpilation,21,LookaheadSwap,qiskit.transpiler.passes.routing.lookahead_swap.LookaheadSwap,20,99.94136333465576,99.99781480100137,qiskit/transpiler/passes/routing/lookahead_swap.py,_calc_layout_distance,342,routing,routing_method,lookahead,medium,False,"Il callback pubblico di Qiskit viene eseguito dopo ogni pass: last_completed_pass non identifica necessariamente il pass interrotto. | Lo stack indica dove SIGALRM è stato osservato, non dimostra quale pass, configurazione, circuito o hardware abbia causato il timeout. | Un'attribuzione causale richiede confronti controllati tra circuiti, configurazioni e device.",qiskit/transpiler/passes/routing/lookahead_swap.py:342:_calc_layout_distance
ibm_falcon_27,27,f30536987677ef5017fe3a89b8b4ee0a3e7252a1a226cc3db95fd9b2e822d991,run_1e6f3e522d9952852c2516a982f89dfe446a4e2069d957205b16bb895e5256a0,qft_indep_qiskit_13,qft,qiskit,13,27,110,o2_sabre_lookahead,2,sabre,lookahead,2,timeout,transpilation,timeout,AttemptTimeoutError,100.0,100.00306430400087,Tentativo interrotto dopo 100.0 secondi.,qiskit_post_pass_callback_and_sigalrm_traceback,transpilation,21,LookaheadSwap,qiskit.transpiler.passes.routing.lookahead_swap.LookaheadSwap,20,99.92306852340698,99.99817307200101,qiskit/transpiler/passes/routing/lookahead_swap.py,_calc_layout_distance,342,routing,routing_method,lookahead,medium,False,"Il callback pubblico di Qiskit viene eseguito dopo ogni pass: last_completed_pass non identifica necessariamente il pass interrotto. | Lo stack indica dove SIGALRM è stato osservato, non dimostra quale pass, configurazione, circuito o hardware abbia causato il timeout. | Un'attribuzione causale richiede confronti controllati tra circuiti, configurazioni e device.",qiskit/transpiler/passes/routing/lookahead_swap.py:342:_calc_layout_distance
ibm_falcon_27,27,f30536987677ef5017fe3a89b8b4ee0a3e7252a1a226cc3db95fd9b2e822d991,run_3713edc2d24bec2460a6654a1988071b704984301c79044445537b66ddced1fb,qft_indep_qiskit_14,qft,qiskit,14,29,126,o2_sabre_lookahead,2,sabre,lookahead,0,timeout,transpilation,timeout,AttemptTimeoutError,100.0,100.0031990110001,Tentativo interrotto dopo 100.0 secondi.,qiskit_post_pass_callback_and_sigalrm_traceback,transpilation,21,LookaheadSwap,qiskit.transpiler.passes.routing.lookahead_swap.LookaheadSwap,20,99.89799118041992,99.99708886400003,qiskit/transpiler/passes/routing/lookahead_swap.py,_calc_layout_distance,342,routing,routing_method,lookahead,medium,False,"Il callback pubblico di Qiskit viene eseguito dopo ogni pass: last_completed_pass non identifica necessariamente il pass interrotto. | Lo stack indica dove SIGALRM è stato osservato, non dimostra quale pass, configurazione, circuito o hardware abbia causato il timeout. | Un'attribuzione causale richiede confronti controllati tra circuiti, configurazioni e device.",qiskit/transpiler/passes/routing/lookahead_swap.py:342:_calc_layout_distance
ibm_falcon_27,27,f30536987677ef5017fe3a89b8b4ee0a3e7252a1a226cc3db95fd9b2e822d991,run_7c406d436ea3aed94ef0f414ca431fddbe9f73a22b8358d0d0b2cea42cae82af,qft_indep_qiskit_14,qft,qiskit,14,29,126,o2_sabre_lookahead,2,sabre,lookahead,1,timeout,transpilation,timeout,AttemptTimeoutError,100.0,100.00312657799986,Tentativo interrotto dopo 100.0 secondi.,qiskit_post_pass_callback_and_sigalrm_traceback,transpilation,21,LookaheadSwap,qiskit.transpiler.passes.routing.lookahead_swap.LookaheadSwap,20,99.88805055618286,99.99576595299914,qiskit/transpiler/passes/routing/lookahead_swap.py,_calc_layout_distance,342,routing,routing_method,lookahead,medium,False,"Il callback pubblico di Qiskit viene eseguito dopo ogni pass: last_completed_pass non identifica necessariamente il pass interrotto. | Lo stack indica dove SIGALRM è stato osservato, non dimostra quale pass, configurazione, circuito o hardware abbia causato il timeout. | Un'attribuzione causale richiede confronti controllati tra circuiti, configurazioni e device.",qiskit/transpiler/passes/routing/lookahead_swap.py:342:_calc_layout_distance
ibm_falcon_27,27,f30536987677ef5017fe3a89b8b4ee0a3e7252a1a226cc3db95fd9b2e822d991,run_04846729260e0c571077a1fcffdda3cdea7f1a1f2734ef9346b8e4cbbd0f4eb0,qft_indep_qiskit_14,qft,qiskit,14,29,126,o2_sabre_lookahead,2,sabre,lookahead,2,timeout,transpilation,timeout,AttemptTimeoutError,100.0,100.00331602200094,Tentativo interrotto dopo 100.0 secondi.,qiskit_post_pass_callback_and_sigalrm_traceback,transpilation,21,LookaheadSwap,qiskit.transpiler.passes.routing.lookahead_swap.LookaheadSwap,20,99.91485714912415,99.99802511200141,qiskit/transpiler/passes/routing/lookahead_swap.py,_calc_layout_distance,342,routing,routing_method,lookahead,medium,False,"Il callback pubblico di Qiskit viene eseguito dopo ogni pass: last_completed_pass non identifica necessariamente il pass interrotto. | Lo stack indica dove SIGALRM è stato osservato, non dimostra quale pass, configurazione, circuito o hardware abbia causato il timeout. | Un'attribuzione causale richiede confronti controllati tra circuiti, configurazioni e device.",qiskit/transpiler/passes/routing/lookahead_swap.py:342:_calc_layout_distance
ibm_falcon_27,27,f30536987677ef5017fe3a89b8b4ee0a3e7252a1a226cc3db95fd9b2e822d991,run_a6e5ff87e740a217bf59fc939c6b9689d509d718b6565e0c9659ded84ef72c64,qft_indep_qiskit_15,qft,qiskit,15,31,142,o2_sabre_lookahead,2,sabre,lookahead,0,timeout,transpilation,timeout,AttemptTimeoutError,100.0,100.00359442300032,Tentativo interrotto dopo 100.0 secondi.,qiskit_post_pass_callback_and_sigalrm_traceback,transpilation,21,LookaheadSwap,qiskit.transpiler.passes.routing.lookahead_swap.LookaheadSwap,20,99.85443019866943,99.99773144999926,qiskit/transpiler/passes/routing/lookahead_swap.py,_map_free_gates,302,routing,routing_method,lookahead,medium,False,"Il callback pubblico di Qiskit viene eseguito dopo ogni pass: last_completed_pass non identifica necessariamente il pass interrotto. | Lo stack indica dove SIGALRM è stato osservato, non dimostra quale pass, configurazione, circuito o hardware abbia causato il timeout. | Un'attribuzione causale richiede confronti controllati tra circuiti, configurazioni e device.",qiskit/transpiler/passes/routing/lookahead_swap.py:302:_map_free_gates
ibm_falcon_27,27,f30536987677ef5017fe3a89b8b4ee0a3e7252a1a226cc3db95fd9b2e822d991,run_44c153cdd963b670fa9b4ad069a248cbb714da23cd77e525f580c5c1874dfaf0,qft_indep_qiskit_15,qft,qiskit,15,31,142,o2_sabre_lookahead,2,sabre,lookahead,1,timeout,transpilation,timeout,AttemptTimeoutError,100.0,100.003620417001,Tentativo interrotto dopo 100.0 secondi.,qiskit_post_pass_callback_and_sigalrm_traceback,transpilation,21,LookaheadSwap,qiskit.transpiler.passes.routing.lookahead_swap.LookaheadSwap,20,99.92702651023865,99.99735458699979,qiskit/transpiler/passes/routing/lookahead_swap.py,_calc_layout_distance,342,routing,routing_method,lookahead,medium,False,"Il callback pubblico di Qiskit viene eseguito dopo ogni pass: last_completed_pass non identifica necessariamente il pass interrotto. | Lo stack indica dove SIGALRM è stato osservato, non dimostra quale pass, configurazione, circuito o hardware abbia causato il timeout. | Un'attribuzione causale richiede confronti controllati tra circuiti, configurazioni e device.",qiskit/transpiler/passes/routing/lookahead_swap.py:342:_calc_layout_distance
ibm_falcon_27,27,f30536987677ef5017fe3a89b8b4ee0a3e7252a1a226cc3db95fd9b2e822d991,run_1ce86ee5e0b7d29d8cb03be8f693841cd23966c5d506d846d4edf95f22604658,qft_indep_qiskit_15,qft,qiskit,15,31,142,o2_sabre_lookahead,2,sabre,lookahead,2,timeout,transpilation,timeout,AttemptTimeoutError,100.0,100.00329569600035,Tentativo interrotto dopo 100.0 secondi.,qiskit_post_pass_callback_and_sigalrm_traceback,transpilation,21,LookaheadSwap,qiskit.transpiler.passes.routing.lookahead_swap.LookaheadSwap,20,99.92153072357178,99.99785089299985,qiskit/transpiler/passes/routing/lookahead_swap.py,_map_free_gates,314,routing,routing_method,lookahead,medium,False,"Il callback pubblico di Qiskit viene eseguito dopo ogni pass: last_completed_pass non identifica necessariamente il pass interrotto. | Lo stack indica dove SIGALRM è stato osservato, non dimostra quale pass, configurazione, circuito o hardware abbia causato il timeout. | Un'attribuzione causale richiede confronti controllati tra circuiti, configurazioni e device.",qiskit/transpiler/passes/routing/lookahead_swap.py:314:_map_free_gates
ibm_falcon_27,27,f30536987677ef5017fe3a89b8b4ee0a3e7252a1a226cc3db95fd9b2e822d991,run_8c088dacc81156215cb59a9e70d0ae0bbb50836cc142d6851c9c3c6e43f37f50,qft_indep_qiskit_16,qft,qiskit,16,33,160,o2_sabre_lookahead,2,sabre,lookahead,0,timeout,transpilation,timeout,AttemptTimeoutError,100.0,100.00351068800046,Tentativo interrotto dopo 100.0 secondi.,qiskit_post_pass_callback_and_sigalrm_traceback,transpilation,21,LookaheadSwap,qiskit.transpiler.passes.routing.lookahead_swap.LookaheadSwap,20,99.90503644943237,99.99729762800052,qiskit/transpiler/passes/routing/lookahead_swap.py,_map_free_gates,313,routing,routing_method,lookahead,medium,False,"Il callback pubblico di Qiskit viene eseguito dopo ogni pass: last_completed_pass non identifica necessariamente il pass interrotto. | Lo stack indica dove SIGALRM è stato osservato, non dimostra quale pass, configurazione, circuito o hardware abbia causato il timeout. | Un'attribuzione causale richiede confronti controllati tra circuiti, configurazioni e device.",qiskit/transpiler/passes/routing/lookahead_swap.py:313:_map_free_gates
ibm_falcon_27,27,f30536987677ef5017fe3a89b8b4ee0a3e7252a1a226cc3db95fd9b2e822d991,run_646a0627387a721e24afbbf29ec3d6d134f92d55a139c0b741f309831fb91818,qft_indep_qiskit_16,qft,qiskit,16,33,160,o2_sabre_lookahead,2,sabre,lookahead,1,timeout,transpilation,timeout,AttemptTimeoutError,100.0,100.0039229869999,Tentativo interrotto dopo 100.0 secondi.,qiskit_post_pass_callback_and_sigalrm_traceback,transpilation,21,LookaheadSwap,qiskit.transpiler.passes.routing.lookahead_swap.LookaheadSwap,20,99.91070985794067,99.99764833399968,qiskit/transpiler/passes/routing/lookahead_swap.py,<genexpr>,390,routing,routing_method,lookahead,medium,False,"Il callback pubblico di Qiskit viene eseguito dopo ogni pass: last_completed_pass non identifica necessariamente il pass interrotto. | Lo stack indica dove SIGALRM è stato osservato, non dimostra quale pass, configurazione, circuito o hardware abbia causato il timeout. | Un'attribuzione causale richiede confronti controllati tra circuiti, configurazioni e device.",qiskit/transpiler/passes/routing/lookahead_swap.py:390:<genexpr>
ibm_falcon_27,27,f30536987677ef5017fe3a89b8b4ee0a3e7252a1a226cc3db95fd9b2e822d991,run_d628b3ae41f672d99d0c8b6dba498114fb71f9ddd73b2d7e3004486515ccb9ba,qft_indep_qiskit_16,qft,qiskit,16,33,160,o2_sabre_lookahead,2,sabre,lookahead,2,timeout,transpilation,timeout,AttemptTimeoutError,100.0,100.00379798600079,Tentativo interrotto dopo 100.0 secondi.,qiskit_post_pass_callback_and_sigalrm_traceback,transpilation,21,LookaheadSwap,qiskit.transpiler.passes.routing.lookahead_swap.LookaheadSwap,20,99.89059638977051,99.99755627600098,qiskit/transpiler/passes/routing/lookahead_swap.py,<genexpr>,390,routing,routing_method,lookahead,medium,False,"Il callback pubblico di Qiskit viene eseguito dopo ogni pass: last_completed_pass non identifica necessariamente il pass interrotto. | Lo stack indica dove SIGALRM è stato osservato, non dimostra quale pass, configurazione, circuito o hardware abbia causato il timeout. | Un'attribuzione causale richiede confronti controllati tra circuiti, configurazioni e device.",qiskit/transpiler/passes/routing/lookahead_swap.py:390:<genexpr>
ibm_falcon_27,27,f30536987677ef5017fe3a89b8b4ee0a3e7252a1a226cc3db95fd9b2e822d991,run_dcc368ee4a4ee7b186835e895aa5236796a1fb23b40991f27e55a0e3895cbf6c,qft_indep_qiskit_17,qft,qiskit,17,35,178,o2_sabre_lookahead,2,sabre,lookahead,0,timeout,transpilation,timeout,AttemptTimeoutError,100.0,100.00414910200016,Tentativo interrotto dopo 100.0 secondi.,qiskit_post_pass_callback_and_sigalrm_traceback,transpilation,21,LookaheadSwap,qiskit.transpiler.passes.routing.lookahead_swap.LookaheadSwap,20,99.89625930786133,99.99668806099908,qiskit/transpiler/passes/routing/lookahead_swap.py,_calc_layout_distance,342,routing,routing_method,lookahead,medium,False,"Il callback pubblico di Qiskit viene eseguito dopo ogni pass: last_completed_pass non identifica necessariamente il pass interrotto. | Lo stack indica dove SIGALRM è stato osservato, non dimostra quale pass, configurazione, circuito o hardware abbia causato il timeout. | Un'attribuzione causale richiede confronti controllati tra circuiti, configurazioni e device.",qiskit/transpiler/passes/routing/lookahead_swap.py:342:_calc_layout_distance
ibm_falcon_27,27,f30536987677ef5017fe3a89b8b4ee0a3e7252a1a226cc3db95fd9b2e822d991,run_3fe9c6ec97dd95b8b52f6bd5f2bfaea87eaa9ba6a8fbc8723f6ffe8c646709f8,qft_indep_qiskit_17,qft,qiskit,17,35,178,o2_sabre_lookahead,2,sabre,lookahead,1,timeout,transpilation,timeout,AttemptTimeoutError,100.0,100.0043886250005,Tentativo interrotto dopo 100.0 secondi.,qiskit_post_pass_callback_and_sigalrm_traceback,transpilation,21,LookaheadSwap,qiskit.transpiler.passes.routing.lookahead_swap.LookaheadSwap,20,99.89770770072937,99.9972577160006,qiskit/transpiler/passes/routing/lookahead_swap.py,_calc_layout_distance,342,routing,routing_method,lookahead,medium,False,"Il callback pubblico di Qiskit viene eseguito dopo ogni pass: last_completed_pass non identifica necessariamente il pass interrotto. | Lo stack indica dove SIGALRM è stato osservato, non dimostra quale pass, configurazione, circuito o hardware abbia causato il timeout. | Un'attribuzione causale richiede confronti controllati tra circuiti, configurazioni e device.",qiskit/transpiler/passes/routing/lookahead_swap.py:342:_calc_layout_distance
ibm_falcon_27,27,f30536987677ef5017fe3a89b8b4ee0a3e7252a1a226cc3db95fd9b2e822d991,run_6cf936d33e7783d9f38b62edd299b1e054f31469a8086fdcd77ae6d5d8db9fb6,qft_indep_qiskit_17,qft,qiskit,17,35,178,o2_sabre_lookahead,2,sabre,lookahead,2,timeout,transpilation,timeout,AttemptTimeoutError,100.0,100.00422392800101,Tentativo interrotto dopo 100.0 secondi.,qiskit_post_pass_callback_and_sigalrm_traceback,transpilation,21,LookaheadSwap,qiskit.transpiler.passes.routing.lookahead_swap.LookaheadSwap,20,99.9070131778717,99.99714815700099,qiskit/transpiler/passes/routing/lookahead_swap.py,_first_op_node,390,routing,routing_method,lookahead,medium,False,"Il callback pubblico di Qiskit viene eseguito dopo ogni pass: last_completed_pass non identifica necessariamente il pass interrotto. | Lo stack indica dove SIGALRM è stato osservato, non dimostra quale pass, configurazione, circuito o hardware abbia causato il timeout. | Un'attribuzione causale richiede confronti controllati tra circuiti, configurazioni e device.",qiskit/transpiler/passes/routing/lookahead_swap.py:390:_first_op_node
ibm_falcon_27,27,f30536987677ef5017fe3a89b8b4ee0a3e7252a1a226cc3db95fd9b2e822d991,run_fc40830ff9537f813f65b9733e7a2d74c520364be918a2137111d2b7c8c7a3b7,qft_indep_qiskit_9,qft,qiskit,9,19,58,o2_sabre_lookahead,2,sabre,lookahead,1,timeout,transpilation,timeout,AttemptTimeoutError,100.0,100.00269067199952,Tentativo interrotto dopo 100.0 secondi.,qiskit_post_pass_callback_and_sigalrm_traceback,transpilation,21,LookaheadSwap,qiskit.transpiler.passes.routing.lookahead_swap.LookaheadSwap,20,99.96443295478821,99.99894258899985,qiskit/transpiler/passes/routing/lookahead_swap.py,_calc_layout_distance,342,routing,routing_method,lookahead,medium,False,"Il callback pubblico di Qiskit viene eseguito dopo ogni pass: last_completed_pass non identifica necessariamente il pass interrotto. | Lo stack indica dove SIGALRM è stato osservato, non dimostra quale pass, configurazione, circuito o hardware abbia causato il timeout. | Un'attribuzione causale richiede confronti controllati tra circuiti, configurazioni e device.",qiskit/transpiler/passes/routing/lookahead_swap.py:342:_calc_layout_distance
ibm_falcon_27,27,f30536987677ef5017fe3a89b8b4ee0a3e7252a1a226cc3db95fd9b2e822d991,run_98d9fdc00981da61d2fc2c4fd14638de5d6eaad28890dfe05a31b6935a84e3ad,qft_indep_tket_10,qft,tket,10,21,70,o2_sabre_lookahead,2,sabre,lookahead,2,timeout,transpilation,timeout,AttemptTimeoutError,100.0,100.00262517100055,Tentativo interrotto dopo 100.0 secondi.,qiskit_post_pass_callback_and_sigalrm_traceback,transpilation,21,LookaheadSwap,qiskit.transpiler.passes.routing.lookahead_swap.LookaheadSwap,20,99.93027901649475,99.99864146800064,qiskit/transpiler/passes/routing/lookahead_swap.py,_calc_layout_distance,342,routing,routing_method,lookahead,medium,False,"Il callback pubblico di Qiskit viene eseguito dopo ogni pass: last_completed_pass non identifica necessariamente il pass interrotto. | Lo stack indica dove SIGALRM è stato osservato, non dimostra quale pass, configurazione, circuito o hardware abbia causato il timeout. | Un'attribuzione causale richiede confronti controllati tra circuiti, configurazioni e device.",qiskit/transpiler/passes/routing/lookahead_swap.py:342:_calc_layout_distance
ibm_falcon_27,27,f30536987677ef5017fe3a89b8b4ee0a3e7252a1a226cc3db95fd9b2e822d991,run_69331881fbbf37fe511e61efff706b07ee0edf287dde09d51c926435c62f38c3,qft_indep_tket_11,qft,tket,11,23,82,o2_sabre_lookahead,2,sabre,lookahead,1,timeout,transpilation,timeout,AttemptTimeoutError,100.0,100.00265241599845,Tentativo interrotto dopo 100.0 secondi.,qiskit_post_pass_callback_and_sigalrm_traceback,transpilation,21,LookaheadSwap,qiskit.transpiler.passes.routing.lookahead_swap.LookaheadSwap,20,99.92152094841003,99.9970172100002,qiskit/transpiler/passes/routing/lookahead_swap.py,_calc_layout_distance,342,routing,routing_method,lookahead,medium,False,"Il callback pubblico di Qiskit viene eseguito dopo ogni pass: last_completed_pass non identifica necessariamente il pass interrotto. | Lo stack indica dove SIGALRM è stato osservato, non dimostra quale pass, configurazione, circuito o hardware abbia causato il timeout. | Un'attribuzione causale richiede confronti controllati tra circuiti, configurazioni e device.",qiskit/transpiler/passes/routing/lookahead_swap.py:342:_calc_layout_distance
ibm_falcon_27,27,f30536987677ef5017fe3a89b8b4ee0a3e7252a1a226cc3db95fd9b2e822d991,run_d96dfad6c919b8a0c6f4ad7e783ef170f474cfe6b2bef67887aa61e3d052367f,qft_indep_tket_11,qft,tket,11,23,82,o2_sabre_lookahead,2,sabre,lookahead,2,timeout,transpilation,timeout,AttemptTimeoutError,100.0,100.00283710700023,Tentativo interrotto dopo 100.0 secondi.,qiskit_post_pass_callback_and_sigalrm_traceback,transpilation,21,LookaheadSwap,qiskit.transpiler.passes.routing.lookahead_swap.LookaheadSwap,20,99.92270874977112,99.99853599000016,qiskit/transpiler/passes/routing/lookahead_swap.py,_search_forward_n_swaps,244,routing,routing_method,lookahead,medium,False,"Il callback pubblico di Qiskit viene eseguito dopo ogni pass: last_completed_pass non identifica necessariamente il pass interrotto. | Lo stack indica dove SIGALRM è stato osservato, non dimostra quale pass, configurazione, circuito o hardware abbia causato il timeout. | Un'attribuzione causale richiede confronti controllati tra circuiti, configurazioni e device.",qiskit/transpiler/passes/routing/lookahead_swap.py:244:_search_forward_n_swaps
ibm_falcon_27,27,f30536987677ef5017fe3a89b8b4ee0a3e7252a1a226cc3db95fd9b2e822d991,run_533f2ab19a53bc7020f8075a7c1fcea5633755dbea421c65baa3c23693b8aa9d,qft_indep_tket_12,qft,tket,12,25,96,o2_sabre_lookahead,2,sabre,lookahead,0,timeout,transpilation,timeout,AttemptTimeoutError,100.0,100.00321284100028,Tentativo interrotto dopo 100.0 secondi.,qiskit_post_pass_callback_and_sigalrm_traceback,transpilation,21,LookaheadSwap,qiskit.transpiler.passes.routing.lookahead_swap.LookaheadSwap,20,99.92896485328674,99.99848258600105,qiskit/transpiler/passes/routing/lookahead_swap.py,_calc_layout_distance,342,routing,routing_method,lookahead,medium,False,"Il callback pubblico di Qiskit viene eseguito dopo ogni pass: last_completed_pass non identifica necessariamente il pass interrotto. | Lo stack indica dove SIGALRM è stato osservato, non dimostra quale pass, configurazione, circuito o hardware abbia causato il timeout. | Un'attribuzione causale richiede confronti controllati tra circuiti, configurazioni e device.",qiskit/transpiler/passes/routing/lookahead_swap.py:342:_calc_layout_distance
ibm_falcon_27,27,f30536987677ef5017fe3a89b8b4ee0a3e7252a1a226cc3db95fd9b2e822d991,run_0612109643bf08bc9fb9d6b376b6162d630236be530461626bd83570ff08c136,qft_indep_tket_12,qft,tket,12,25,96,o2_sabre_lookahead,2,sabre,lookahead,1,timeout,transpilation,timeout,AttemptTimeoutError,100.0,100.00333205400057,Tentativo interrotto dopo 100.0 secondi.,qiskit_post_pass_callback_and_sigalrm_traceback,transpilation,21,LookaheadSwap,qiskit.transpiler.passes.routing.lookahead_swap.LookaheadSwap,20,99.92184209823608,99.99746029900052,qiskit/transpiler/passes/routing/lookahead_swap.py,_first_op_node,390,routing,routing_method,lookahead,medium,False,"Il callback pubblico di Qiskit viene eseguito dopo ogni pass: last_completed_pass non identifica necessariamente il pass interrotto. | Lo stack indica dove SIGALRM è stato osservato, non dimostra quale pass, configurazione, circuito o hardware abbia causato il timeout. | Un'attribuzione causale richiede confronti controllati tra circuiti, configurazioni e device.",qiskit/transpiler/passes/routing/lookahead_swap.py:390:_first_op_node
ibm_falcon_27,27,f30536987677ef5017fe3a89b8b4ee0a3e7252a1a226cc3db95fd9b2e822d991,run_3bae8210e724bf677919667578769bcddede327ac27e255ac767ad3d14ef5c9c,qft_indep_tket_13,qft,tket,13,27,110,o2_sabre_lookahead,2,sabre,lookahead,0,timeout,transpilation,timeout,AttemptTimeoutError,100.0,100.00311066799986,Tentativo interrotto dopo 100.0 secondi.,qiskit_post_pass_callback_and_sigalrm_traceback,transpilation,21,LookaheadSwap,qiskit.transpiler.passes.routing.lookahead_swap.LookaheadSwap,20,99.91569232940674,99.99811786499959,qiskit/transpiler/passes/routing/lookahead_swap.py,_map_free_gates,302,routing,routing_method,lookahead,medium,False,"Il callback pubblico di Qiskit viene eseguito dopo ogni pass: last_completed_pass non identifica necessariamente il pass interrotto. | Lo stack indica dove SIGALRM è stato osservato, non dimostra quale pass, configurazione, circuito o hardware abbia causato il timeout. | Un'attribuzione causale richiede confronti controllati tra circuiti, configurazioni e device.",qiskit/transpiler/passes/routing/lookahead_swap.py:302:_map_free_gates
ibm_falcon_27,27,f30536987677ef5017fe3a89b8b4ee0a3e7252a1a226cc3db95fd9b2e822d991,run_0b32d49c34a4281d8b74c16843ad8c492ce4ba4b99dd61bcdb9033d158fea887,qft_indep_tket_13,qft,tket,13,27,110,o2_sabre_lookahead,2,sabre,lookahead,1,timeout,transpilation,timeout,AttemptTimeoutError,100.0,100.00319362700066,Tentativo interrotto dopo 100.0 secondi.,qiskit_post_pass_callback_and_sigalrm_traceback,transpilation,21,LookaheadSwap,qiskit.transpiler.passes.routing.lookahead_swap.LookaheadSwap,20,99.9177942276001,99.99816384400037,qiskit/transpiler/passes/routing/lookahead_swap.py,_calc_layout_distance,342,routing,routing_method,lookahead,medium,False,"Il callback pubblico di Qiskit viene eseguito dopo ogni pass: last_completed_pass non identifica necessariamente il pass interrotto. | Lo stack indica dove SIGALRM è stato osservato, non dimostra quale pass, configurazione, circuito o hardware abbia causato il timeout. | Un'attribuzione causale richiede confronti controllati tra circuiti, configurazioni e device.",qiskit/transpiler/passes/routing/lookahead_swap.py:342:_calc_layout_distance
ibm_falcon_27,27,f30536987677ef5017fe3a89b8b4ee0a3e7252a1a226cc3db95fd9b2e822d991,run_39a5dde47b82bc3999ef9edfbd0276709a4471ca740afafdca981f48a0791976,qft_indep_tket_13,qft,tket,13,27,110,o2_sabre_lookahead,2,sabre,lookahead,2,timeout,transpilation,timeout,AttemptTimeoutError,100.0,100.0030093990008,Tentativo interrotto dopo 100.0 secondi.,qiskit_post_pass_callback_and_sigalrm_traceback,transpilation,21,LookaheadSwap,qiskit.transpiler.passes.routing.lookahead_swap.LookaheadSwap,20,99.9242672920227,99.9983020540003,qiskit/transpiler/passes/routing/lookahead_swap.py,_calc_layout_distance,342,routing,routing_method,lookahead,medium,False,"Il callback pubblico di Qiskit viene eseguito dopo ogni pass: last_completed_pass non identifica necessariamente il pass interrotto. | Lo stack indica dove SIGALRM è stato osservato, non dimostra quale pass, configurazione, circuito o hardware abbia causato il timeout. | Un'attribuzione causale richiede confronti controllati tra circuiti, configurazioni e device.",qiskit/transpiler/passes/routing/lookahead_swap.py:342:_calc_layout_distance
ibm_falcon_27,27,f30536987677ef5017fe3a89b8b4ee0a3e7252a1a226cc3db95fd9b2e822d991,run_bf73d356103948bc7e6167b4dca77898710905e862593b005bee6ade98609bfe,qft_indep_tket_14,qft,tket,14,29,126,o2_sabre_lookahead,2,sabre,lookahead,0,timeout,transpilation,timeout,AttemptTimeoutError,100.0,100.00335044899839,Tentativo interrotto dopo 100.0 secondi.,qiskit_post_pass_callback_and_sigalrm_traceback,transpilation,21,LookaheadSwap,qiskit.transpiler.passes.routing.lookahead_swap.LookaheadSwap,20,99.8952214717865,99.99826972400115,qiskit/transpiler/passes/routing/lookahead_swap.py,_calc_layout_distance,342,routing,routing_method,lookahead,medium,False,"Il callback pubblico di Qiskit viene eseguito dopo ogni pass: last_completed_pass non identifica necessariamente il pass interrotto. | Lo stack indica dove SIGALRM è stato osservato, non dimostra quale pass, configurazione, circuito o hardware abbia causato il timeout. | Un'attribuzione causale richiede confronti controllati tra circuiti, configurazioni e device.",qiskit/transpiler/passes/routing/lookahead_swap.py:342:_calc_layout_distance
ibm_falcon_27,27,f30536987677ef5017fe3a89b8b4ee0a3e7252a1a226cc3db95fd9b2e822d991,run_067ab47cf0091dd5505354544a6a0ec4c9bb54ae15f3843789bfe597b497ea80,qft_indep_tket_14,qft,tket,14,29,126,o2_sabre_lookahead,2,sabre,lookahead,1,timeout,transpilation,timeout,AttemptTimeoutError,100.0,100.00328816000001,Tentativo interrotto dopo 100.0 secondi.,qiskit_post_pass_callback_and_sigalrm_traceback,transpilation,21,LookaheadSwap,qiskit.transpiler.passes.routing.lookahead_swap.LookaheadSwap,20,99.90170073509216,99.99679425499926,qiskit/transpiler/passes/routing/lookahead_swap.py,<genexpr>,390,routing,routing_method,lookahead,medium,False,"Il callback pubblico di Qiskit viene eseguito dopo ogni pass: last_completed_pass non identifica necessariamente il pass interrotto. | Lo stack indica dove SIGALRM è stato osservato, non dimostra quale pass, configurazione, circuito o hardware abbia causato il timeout. | Un'attribuzione causale richiede confronti controllati tra circuiti, configurazioni e device.",qiskit/transpiler/passes/routing/lookahead_swap.py:390:<genexpr>
ibm_falcon_27,27,f30536987677ef5017fe3a89b8b4ee0a3e7252a1a226cc3db95fd9b2e822d991,run_d7e6f8d327a4d72da026522db33cfe4c643c5470d4169eea87d267cd71c57041,qft_indep_tket_14,qft,tket,14,29,126,o2_sabre_lookahead,2,sabre,lookahead,2,timeout,transpilation,timeout,AttemptTimeoutError,100.0,100.00436174199967,Tentativo interrotto dopo 100.0 secondi.,qiskit_post_pass_callback_and_sigalrm_traceback,transpilation,21,LookaheadSwap,qiskit.transpiler.passes.routing.lookahead_swap.LookaheadSwap,20,99.87646508216858,99.9970616669998,qiskit/transpiler/passes/routing/lookahead_swap.py,_calc_layout_distance,342,routing,routing_method,lookahead,medium,False,"Il callback pubblico di Qiskit viene eseguito dopo ogni pass: last_completed_pass non identifica necessariamente il pass interrotto. | Lo stack indica dove SIGALRM è stato osservato, non dimostra quale pass, configurazione, circuito o hardware abbia causato il timeout. | Un'attribuzione causale richiede confronti controllati tra circuiti, configurazioni e device.",qiskit/transpiler/passes/routing/lookahead_swap.py:342:_calc_layout_distance
ibm_falcon_27,27,f30536987677ef5017fe3a89b8b4ee0a3e7252a1a226cc3db95fd9b2e822d991,run_c5d64804727e1dff90b2d6e717e86e3915016fb1fbf608ce2742be75004caf5d,qft_indep_tket_9,qft,tket,9,19,58,o2_sabre_lookahead,2,sabre,lookahead,1,timeout,transpilation,timeout,AttemptTimeoutError,100.0,100.00282197300112,Tentativo interrotto dopo 100.0 secondi.,qiskit_post_pass_callback_and_sigalrm_traceback,transpilation,21,LookaheadSwap,qiskit.transpiler.passes.routing.lookahead_swap.LookaheadSwap,20,99.96331763267517,99.99889994500154,qiskit/transpiler/passes/routing/lookahead_swap.py,_first_op_node,390,routing,routing_method,lookahead,medium,False,"Il callback pubblico di Qiskit viene eseguito dopo ogni pass: last_completed_pass non identifica necessariamente il pass interrotto. | Lo stack indica dove SIGALRM è stato osservato, non dimostra quale pass, configurazione, circuito o hardware abbia causato il timeout. | Un'attribuzione causale richiede confronti controllati tra circuiti, configurazioni e device.",qiskit/transpiler/passes/routing/lookahead_swap.py:390:_first_op_node
ibm_falcon_27,27,f30536987677ef5017fe3a89b8b4ee0a3e7252a1a226cc3db95fd9b2e822d991,run_dad98c486bb3d79b23cf0a0190fc46e6225f2c4aed476a94ebd6d47df09f327d,qftentangled_indep_qiskit_10,qftentangled,qiskit,10,23,80,o2_sabre_lookahead,2,sabre,lookahead,1,timeout,transpilation,timeout,AttemptTimeoutError,100.0,100.00278388399965,Tentativo interrotto dopo 100.0 secondi.,qiskit_post_pass_callback_and_sigalrm_traceback,transpilation,21,LookaheadSwap,qiskit.transpiler.passes.routing.lookahead_swap.LookaheadSwap,20,99.94510221481323,99.9982536230018,qiskit/transpiler/passes/routing/lookahead_swap.py,<genexpr>,390,routing,routing_method,lookahead,medium,False,"Il callback pubblico di Qiskit viene eseguito dopo ogni pass: last_completed_pass non identifica necessariamente il pass interrotto. | Lo stack indica dove SIGALRM è stato osservato, non dimostra quale pass, configurazione, circuito o hardware abbia causato il timeout. | Un'attribuzione causale richiede confronti controllati tra circuiti, configurazioni e device.",qiskit/transpiler/passes/routing/lookahead_swap.py:390:<genexpr>
ibm_falcon_27,27,f30536987677ef5017fe3a89b8b4ee0a3e7252a1a226cc3db95fd9b2e822d991,run_970486e053f3e54a3094fa5021edc958c7c06dd165294f5a3a7013ea77be04fe,qftentangled_indep_qiskit_10,qftentangled,qiskit,10,23,80,o2_sabre_lookahead,2,sabre,lookahead,2,timeout,transpilation,timeout,AttemptTimeoutError,100.0,100.00296709900067,Tentativo interrotto dopo 100.0 secondi.,qiskit_post_pass_callback_and_sigalrm_traceback,transpilation,21,LookaheadSwap,qiskit.transpiler.passes.routing.lookahead_swap.LookaheadSwap,20,99.94358325004578,99.99781155500023,qiskit/transpiler/passes/routing/lookahead_swap.py,_calc_layout_distance,341,routing,routing_method,lookahead,medium,False,"Il callback pubblico di Qiskit viene eseguito dopo ogni pass: last_completed_pass non identifica necessariamente il pass interrotto. | Lo stack indica dove SIGALRM è stato osservato, non dimostra quale pass, configurazione, circuito o hardware abbia causato il timeout. | Un'attribuzione causale richiede confronti controllati tra circuiti, configurazioni e device.",qiskit/transpiler/passes/routing/lookahead_swap.py:341:_calc_layout_distance
ibm_falcon_27,27,f30536987677ef5017fe3a89b8b4ee0a3e7252a1a226cc3db95fd9b2e822d991,run_3439e0e7907a3e145c2366ec41dc3a364389070603e1782469e6bbc060646c8f,qftentangled_indep_qiskit_11,qftentangled,qiskit,11,25,93,o2_sabre_lookahead,2,sabre,lookahead,0,timeout,transpilation,timeout,AttemptTimeoutError,100.0,100.00281436599835,Tentativo interrotto dopo 100.0 secondi.,qiskit_post_pass_callback_and_sigalrm_traceback,transpilation,21,LookaheadSwap,qiskit.transpiler.passes.routing.lookahead_swap.LookaheadSwap,20,99.94164824485779,99.99847151699942,qiskit/transpiler/passes/routing/lookahead_swap.py,_calc_layout_distance,342,routing,routing_method,lookahead,medium,False,"Il callback pubblico di Qiskit viene eseguito dopo ogni pass: last_completed_pass non identifica necessariamente il pass interrotto. | Lo stack indica dove SIGALRM è stato osservato, non dimostra quale pass, configurazione, circuito o hardware abbia causato il timeout. | Un'attribuzione causale richiede confronti controllati tra circuiti, configurazioni e device.",qiskit/transpiler/passes/routing/lookahead_swap.py:342:_calc_layout_distance
ibm_falcon_27,27,f30536987677ef5017fe3a89b8b4ee0a3e7252a1a226cc3db95fd9b2e822d991,run_92ccf33ffa734e818305e9a7b2db80a1de1713189ce5e0589ed31824702062f8,qftentangled_indep_qiskit_11,qftentangled,qiskit,11,25,93,o2_sabre_lookahead,2,sabre,lookahead,1,timeout,transpilation,timeout,AttemptTimeoutError,100.0,100.00286892800068,Tentativo interrotto dopo 100.0 secondi.,qiskit_post_pass_callback_and_sigalrm_traceback,transpilation,21,LookaheadSwap,qiskit.transpiler.passes.routing.lookahead_swap.LookaheadSwap,20,99.93530988693237,99.99863661199925,qiskit/transpiler/passes/routing/lookahead_swap.py,_map_free_gates,303,routing,routing_method,lookahead,medium,False,"Il callback pubblico di Qiskit viene eseguito dopo ogni pass: last_completed_pass non identifica necessariamente il pass interrotto. | Lo stack indica dove SIGALRM è stato osservato, non dimostra quale pass, configurazione, circuito o hardware abbia causato il timeout. | Un'attribuzione causale richiede confronti controllati tra circuiti, configurazioni e device.",qiskit/transpiler/passes/routing/lookahead_swap.py:303:_map_free_gates
ibm_falcon_27,27,f30536987677ef5017fe3a89b8b4ee0a3e7252a1a226cc3db95fd9b2e822d991,run_aca3861513a7202a0e1d9aab65af47bed0f513b61bf9d6901ae80050251bcf73,qftentangled_indep_qiskit_11,qftentangled,qiskit,11,25,93,o2_sabre_lookahead,2,sabre,lookahead,2,timeout,transpilation,timeout,AttemptTimeoutError,100.0,100.00292467700274,Tentativo interrotto dopo 100.0 secondi.,qiskit_post_pass_callback_and_sigalrm_traceback,transpilation,21,LookaheadSwap,qiskit.transpiler.passes.routing.lookahead_swap.LookaheadSwap,20,99.93397545814514,99.99834259099953,qiskit/transpiler/passes/routing/lookahead_swap.py,<genexpr>,390,routing,routing_method,lookahead,medium,False,"Il callback pubblico di Qiskit viene eseguito dopo ogni pass: last_completed_pass non identifica necessariamente il pass interrotto. | Lo stack indica dove SIGALRM è stato osservato, non dimostra quale pass, configurazione, circuito o hardware abbia causato il timeout. | Un'attribuzione causale richiede confronti controllati tra circuiti, configurazioni e device.",qiskit/transpiler/passes/routing/lookahead_swap.py:390:<genexpr>
ibm_falcon_27,27,f30536987677ef5017fe3a89b8b4ee0a3e7252a1a226cc3db95fd9b2e822d991,run_975c46cdd4b35b82aa1d8a3f1dc2c607e07c98a036bcccb0edce982a9438f509,qftentangled_indep_qiskit_12,qftentangled,qiskit,12,27,108,o2_sabre_lookahead,2,sabre,lookahead,0,timeout,transpilation,timeout,AttemptTimeoutError,100.0,100.00293928600149,Tentativo interrotto dopo 100.0 secondi.,qiskit_post_pass_callback_and_sigalrm_traceback,transpilation,21,LookaheadSwap,qiskit.transpiler.passes.routing.lookahead_swap.LookaheadSwap,20,99.9309229850769,99.99838085600277,qiskit/transpiler/passes/routing/lookahead_swap.py,_map_free_gates,312,routing,routing_method,lookahead,medium,False,"Il callback pubblico di Qiskit viene eseguito dopo ogni pass: last_completed_pass non identifica necessariamente il pass interrotto. | Lo stack indica dove SIGALRM è stato osservato, non dimostra quale pass, configurazione, circuito o hardware abbia causato il timeout. | Un'attribuzione causale richiede confronti controllati tra circuiti, configurazioni e device.",qiskit/transpiler/passes/routing/lookahead_swap.py:312:_map_free_gates
ibm_falcon_27,27,f30536987677ef5017fe3a89b8b4ee0a3e7252a1a226cc3db95fd9b2e822d991,run_826d2b31c438d026b9fb9dfd558e4dd05f12cbf9dbb45304d2d30ae66330796c,qftentangled_indep_qiskit_12,qftentangled,qiskit,12,27,108,o2_sabre_lookahead,2,sabre,lookahead,1,timeout,transpilation,timeout,AttemptTimeoutError,100.0,100.00315094799953,Tentativo interrotto dopo 100.0 secondi.,qiskit_post_pass_callback_and_sigalrm_traceback,transpilation,21,LookaheadSwap,qiskit.transpiler.passes.routing.lookahead_swap.LookaheadSwap,20,99.91125750541687,99.99838295299924,qiskit/transpiler/passes/routing/lookahead_swap.py,_calc_layout_distance,342,routing,routing_method,lookahead,medium,False,"Il callback pubblico di Qiskit viene eseguito dopo ogni pass: last_completed_pass non identifica necessariamente il pass interrotto. | Lo stack indica dove SIGALRM è stato osservato, non dimostra quale pass, configurazione, circuito o hardware abbia causato il timeout. | Un'attribuzione causale richiede confronti controllati tra circuiti, configurazioni e device.",qiskit/transpiler/passes/routing/lookahead_swap.py:342:_calc_layout_distance
ibm_falcon_27,27,f30536987677ef5017fe3a89b8b4ee0a3e7252a1a226cc3db95fd9b2e822d991,run_2bb8b47f22d383c9dc2d3578c13cfbebdaf245fe91fffef6bbe2768e1062b64a,qftentangled_indep_qiskit_12,qftentangled,qiskit,12,27,108,o2_sabre_lookahead,2,sabre,lookahead,2,timeout,transpilation,timeout,AttemptTimeoutError,100.0,100.00279620999936,Tentativo interrotto dopo 100.0 secondi.,qiskit_post_pass_callback_and_sigalrm_traceback,transpilation,21,LookaheadSwap,qiskit.transpiler.passes.routing.lookahead_swap.LookaheadSwap,20,99.91775131225586,99.99803135200273,qiskit/transpiler/passes/routing/lookahead_swap.py,_first_op_node,390,routing,routing_method,lookahead,medium,False,"Il callback pubblico di Qiskit viene eseguito dopo ogni pass: last_completed_pass non identifica necessariamente il pass interrotto. | Lo stack indica dove SIGALRM è stato osservato, non dimostra quale pass, configurazione, circuito o hardware abbia causato il timeout. | Un'attribuzione causale richiede confronti controllati tra circuiti, configurazioni e device.",qiskit/transpiler/passes/routing/lookahead_swap.py:390:_first_op_node
ibm_falcon_27,27,f30536987677ef5017fe3a89b8b4ee0a3e7252a1a226cc3db95fd9b2e822d991,run_944a748b04ca3a7c4f49048d64c3753bf63e98660fec9e14a7ada1d04164a9dc,qftentangled_indep_qiskit_13,qftentangled,qiskit,13,29,123,o2_sabre_lookahead,2,sabre,lookahead,0,timeout,transpilation,timeout,AttemptTimeoutError,100.0,100.00314266400164,Tentativo interrotto dopo 100.0 secondi.,qiskit_post_pass_callback_and_sigalrm_traceback,transpilation,21,LookaheadSwap,qiskit.transpiler.passes.routing.lookahead_swap.LookaheadSwap,20,99.92768287658691,99.99820354300027,qiskit/transpiler/passes/routing/lookahead_swap.py,_calc_layout_distance,342,routing,routing_method,lookahead,medium,False,"Il callback pubblico di Qiskit viene eseguito dopo ogni pass: last_completed_pass non identifica necessariamente il pass interrotto. | Lo stack indica dove SIGALRM è stato osservato, non dimostra quale pass, configurazione, circuito o hardware abbia causato il timeout. | Un'attribuzione causale richiede confronti controllati tra circuiti, configurazioni e device.",qiskit/transpiler/passes/routing/lookahead_swap.py:342:_calc_layout_distance
ibm_falcon_27,27,f30536987677ef5017fe3a89b8b4ee0a3e7252a1a226cc3db95fd9b2e822d991,run_f983423e67a902537bd94de29412b684267a0931465879e51e39f8bf9194c7a1,qftentangled_indep_qiskit_13,qftentangled,qiskit,13,29,123,o2_sabre_lookahead,2,sabre,lookahead,1,timeout,transpilation,timeout,AttemptTimeoutError,100.0,100.00327380599992,Tentativo interrotto dopo 100.0 secondi.,qiskit_post_pass_callback_and_sigalrm_traceback,transpilation,21,LookaheadSwap,qiskit.transpiler.passes.routing.lookahead_swap.LookaheadSwap,20,99.93481779098511,99.99814799899832,qiskit/transpiler/passes/routing/lookahead_swap.py,_calc_layout_distance,342,routing,routing_method,lookahead,medium,False,"Il callback pubblico di Qiskit viene eseguito dopo ogni pass: last_completed_pass non identifica necessariamente il pass interrotto. | Lo stack indica dove SIGALRM è stato osservato, non dimostra quale pass, configurazione, circuito o hardware abbia causato il timeout. | Un'attribuzione causale richiede confronti controllati tra circuiti, configurazioni e device.",qiskit/transpiler/passes/routing/lookahead_swap.py:342:_calc_layout_distance
ibm_falcon_27,27,f30536987677ef5017fe3a89b8b4ee0a3e7252a1a226cc3db95fd9b2e822d991,run_3f94563b89342ac2dfe3453cab6aa45e416d54ead73be84278fbedf8a514f97d,qftentangled_indep_qiskit_13,qftentangled,qiskit,13,29,123,o2_sabre_lookahead,2,sabre,lookahead,2,timeout,transpilation,timeout,AttemptTimeoutError,100.0,100.00298044100055,Tentativo interrotto dopo 100.0 secondi.,qiskit_post_pass_callback_and_sigalrm_traceback,transpilation,21,LookaheadSwap,qiskit.transpiler.passes.routing.lookahead_swap.LookaheadSwap,20,99.91794681549072,99.99820167399957,qiskit/transpiler/passes/routing/lookahead_swap.py,_map_free_gates,313,routing,routing_method,lookahead,medium,False,"Il callback pubblico di Qiskit viene eseguito dopo ogni pass: last_completed_pass non identifica necessariamente il pass interrotto. | Lo stack indica dove SIGALRM è stato osservato, non dimostra quale pass, configurazione, circuito o hardware abbia causato il timeout. | Un'attribuzione causale richiede confronti controllati tra circuiti, configurazioni e device.",qiskit/transpiler/passes/routing/lookahead_swap.py:313:_map_free_gates
ibm_falcon_27,27,f30536987677ef5017fe3a89b8b4ee0a3e7252a1a226cc3db95fd9b2e822d991,run_ed07b6890a818f70c78135e81722318736941c9f098f6bac6ea581c08fd80b14,qftentangled_indep_qiskit_14,qftentangled,qiskit,14,31,140,o2_sabre_lookahead,2,sabre,lookahead,0,timeout,transpilation,timeout,AttemptTimeoutError,100.0,100.00346703100149,Tentativo interrotto dopo 100.0 secondi.,qiskit_post_pass_callback_and_sigalrm_traceback,transpilation,21,LookaheadSwap,qiskit.transpiler.passes.routing.lookahead_swap.LookaheadSwap,20,99.8878653049469,99.99805400100013,qiskit/transpiler/passes/routing/lookahead_swap.py,_score_state_with_swap,355,routing,routing_method,lookahead,medium,False,"Il callback pubblico di Qiskit viene eseguito dopo ogni pass: last_completed_pass non identifica necessariamente il pass interrotto. | Lo stack indica dove SIGALRM è stato osservato, non dimostra quale pass, configurazione, circuito o hardware abbia causato il timeout. | Un'attribuzione causale richiede confronti controllati tra circuiti, configurazioni e device.",qiskit/transpiler/passes/routing/lookahead_swap.py:355:_score_state_with_swap
ibm_falcon_27,27,f30536987677ef5017fe3a89b8b4ee0a3e7252a1a226cc3db95fd9b2e822d991,run_69e3311ede97b156d53c36c3df3e5324b3da096b82fec4ccac98111016c2f682,qftentangled_indep_qiskit_14,qftentangled,qiskit,14,31,140,o2_sabre_lookahead,2,sabre,lookahead,1,timeout,transpilation,timeout,AttemptTimeoutError,100.0,100.00327245800145,Tentativo interrotto dopo 100.0 secondi.,qiskit_post_pass_callback_and_sigalrm_traceback,transpilation,21,LookaheadSwap,qiskit.transpiler.passes.routing.lookahead_swap.LookaheadSwap,20,99.90318298339844,99.99696125099945,qiskit/transpiler/passes/routing/lookahead_swap.py,_calc_layout_distance,342,routing,routing_method,lookahead,medium,False,"Il callback pubblico di Qiskit viene eseguito dopo ogni pass: last_completed_pass non identifica necessariamente il pass interrotto. | Lo stack indica dove SIGALRM è stato osservato, non dimostra quale pass, configurazione, circuito o hardware abbia causato il timeout. | Un'attribuzione causale richiede confronti controllati tra circuiti, configurazioni e device.",qiskit/transpiler/passes/routing/lookahead_swap.py:342:_calc_layout_distance
ibm_falcon_27,27,f30536987677ef5017fe3a89b8b4ee0a3e7252a1a226cc3db95fd9b2e822d991,run_43d4ffa8131fb26d8e9248d3efa89dce4dbf9c0b4fe14e13dbb6f4b916d1301a,qftentangled_indep_qiskit_14,qftentangled,qiskit,14,31,140,o2_sabre_lookahead,2,sabre,lookahead,2,timeout,transpilation,timeout,AttemptTimeoutError,100.0,100.00322201000017,Tentativo interrotto dopo 100.0 secondi.,qiskit_post_pass_callback_and_sigalrm_traceback,transpilation,21,LookaheadSwap,qiskit.transpiler.passes.routing.lookahead_swap.LookaheadSwap,20,99.90355634689331,99.99789129700002,qiskit/transpiler/passes/routing/lookahead_swap.py,_calc_layout_distance,342,routing,routing_method,lookahead,medium,False,"Il callback pubblico di Qiskit viene eseguito dopo ogni pass: last_completed_pass non identifica necessariamente il pass interrotto. | Lo stack indica dove SIGALRM è stato osservato, non dimostra quale pass, configurazione, circuito o hardware abbia causato il timeout. | Un'attribuzione causale richiede confronti controllati tra circuiti, configurazioni e device.",qiskit/transpiler/passes/routing/lookahead_swap.py:342:_calc_layout_distance
ibm_falcon_27,27,f30536987677ef5017fe3a89b8b4ee0a3e7252a1a226cc3db95fd9b2e822d991,run_7c5ef31bde795def237a853c718be4b814d6fd34aa726eb0f173411768d76a10,qftentangled_indep_qiskit_15,qftentangled,qiskit,15,33,157,o2_sabre_lookahead,2,sabre,lookahead,0,timeout,transpilation,timeout,AttemptTimeoutError,100.0,100.003635871999,Tentativo interrotto dopo 100.0 secondi.,qiskit_post_pass_callback_and_sigalrm_traceback,transpilation,21,LookaheadSwap,qiskit.transpiler.passes.routing.lookahead_swap.LookaheadSwap,20,99.87226557731628,99.9977841200016,qiskit/transpiler/passes/routing/lookahead_swap.py,_calc_layout_distance,342,routing,routing_method,lookahead,medium,False,"Il callback pubblico di Qiskit viene eseguito dopo ogni pass: last_completed_pass non identifica necessariamente il pass interrotto. | Lo stack indica dove SIGALRM è stato osservato, non dimostra quale pass, configurazione, circuito o hardware abbia causato il timeout. | Un'attribuzione causale richiede confronti controllati tra circuiti, configurazioni e device.",qiskit/transpiler/passes/routing/lookahead_swap.py:342:_calc_layout_distance
ibm_falcon_27,27,f30536987677ef5017fe3a89b8b4ee0a3e7252a1a226cc3db95fd9b2e822d991,run_049d5fc838352122c65257e79040b0922929715e68aa05984792ec986a96b8de,qftentangled_indep_qiskit_15,qftentangled,qiskit,15,33,157,o2_sabre_lookahead,2,sabre,lookahead,1,timeout,transpilation,timeout,AttemptTimeoutError,100.0,100.00462641700142,Tentativo interrotto dopo 100.0 secondi.,qiskit_post_pass_callback_and_sigalrm_traceback,transpilation,21,LookaheadSwap,qiskit.transpiler.passes.routing.lookahead_swap.LookaheadSwap,20,99.88527917861938,99.99844963000214,qiskit/transpiler/passes/routing/lookahead_swap.py,_calc_layout_distance,342,routing,routing_method,lookahead,medium,False,"Il callback pubblico di Qiskit viene eseguito dopo ogni pass: last_completed_pass non identifica necessariamente il pass interrotto. | Lo stack indica dove SIGALRM è stato osservato, non dimostra quale pass, configurazione, circuito o hardware abbia causato il timeout. | Un'attribuzione causale richiede confronti controllati tra circuiti, configurazioni e device.",qiskit/transpiler/passes/routing/lookahead_swap.py:342:_calc_layout_distance
ibm_falcon_27,27,f30536987677ef5017fe3a89b8b4ee0a3e7252a1a226cc3db95fd9b2e822d991,run_3c17fd52d887ee8781fa5039be5eeed5d863c3e53d0abc521929ab2631a99865,qftentangled_indep_qiskit_15,qftentangled,qiskit,15,33,157,o2_sabre_lookahead,2,sabre,lookahead,2,timeout,transpilation,timeout,AttemptTimeoutError,100.0,100.0033484739979,Tentativo interrotto dopo 100.0 secondi.,qiskit_post_pass_callback_and_sigalrm_traceback,transpilation,21,LookaheadSwap,qiskit.transpiler.passes.routing.lookahead_swap.LookaheadSwap,20,99.92386531829834,99.99719124600233,qiskit/transpiler/passes/routing/lookahead_swap.py,_calc_layout_distance,342,routing,routing_method,lookahead,medium,False,"Il callback pubblico di Qiskit viene eseguito dopo ogni pass: last_completed_pass non identifica necessariamente il pass interrotto. | Lo stack indica dove SIGALRM è stato osservato, non dimostra quale pass, configurazione, circuito o hardware abbia causato il timeout. | Un'attribuzione causale richiede confronti controllati tra circuiti, configurazioni e device.",qiskit/transpiler/passes/routing/lookahead_swap.py:342:_calc_layout_distance
ibm_falcon_27,27,f30536987677ef5017fe3a89b8b4ee0a3e7252a1a226cc3db95fd9b2e822d991,run_d6f8f1a1ebaacaaf52cd281da2fca4533ba35b49e18505fccc449b23441ad01b,qftentangled_indep_qiskit_16,qftentangled,qiskit,16,35,176,o2_sabre_lookahead,2,sabre,lookahead,0,timeout,transpilation,timeout,AttemptTimeoutError,100.0,100.00375352999981,Tentativo interrotto dopo 100.0 secondi.,qiskit_post_pass_callback_and_sigalrm_traceback,transpilation,21,LookaheadSwap,qiskit.transpiler.passes.routing.lookahead_swap.LookaheadSwap,20,99.89826488494873,99.99751967600241,qiskit/transpiler/passes/routing/lookahead_swap.py,_map_free_gates,312,routing,routing_method,lookahead,medium,False,"Il callback pubblico di Qiskit viene eseguito dopo ogni pass: last_completed_pass non identifica necessariamente il pass interrotto. | Lo stack indica dove SIGALRM è stato osservato, non dimostra quale pass, configurazione, circuito o hardware abbia causato il timeout. | Un'attribuzione causale richiede confronti controllati tra circuiti, configurazioni e device.",qiskit/transpiler/passes/routing/lookahead_swap.py:312:_map_free_gates
ibm_falcon_27,27,f30536987677ef5017fe3a89b8b4ee0a3e7252a1a226cc3db95fd9b2e822d991,run_405c9c7f624d4c1221dc9a83b83110ae0086fa25319efaa88da2d07621d78bb8,qftentangled_indep_qiskit_16,qftentangled,qiskit,16,35,176,o2_sabre_lookahead,2,sabre,lookahead,1,timeout,transpilation,timeout,AttemptTimeoutError,100.0,100.00414909699975,Tentativo interrotto dopo 100.0 secondi.,qiskit_post_pass_callback_and_sigalrm_traceback,transpilation,21,LookaheadSwap,qiskit.transpiler.passes.routing.lookahead_swap.LookaheadSwap,20,99.87783789634705,99.99757535900062,qiskit/transpiler/passes/routing/lookahead_swap.py,_map_free_gates,312,routing,routing_method,lookahead,medium,False,"Il callback pubblico di Qiskit viene eseguito dopo ogni pass: last_completed_pass non identifica necessariamente il pass interrotto. | Lo stack indica dove SIGALRM è stato osservato, non dimostra quale pass, configurazione, circuito o hardware abbia causato il timeout. | Un'attribuzione causale richiede confronti controllati tra circuiti, configurazioni e device.",qiskit/transpiler/passes/routing/lookahead_swap.py:312:_map_free_gates
ibm_falcon_27,27,f30536987677ef5017fe3a89b8b4ee0a3e7252a1a226cc3db95fd9b2e822d991,run_05fcff676ee084f131ddf9ef438e851e655c67be246e2b85c37e5fcb00711a5d,qftentangled_indep_qiskit_16,qftentangled,qiskit,16,35,176,o2_sabre_lookahead,2,sabre,lookahead,2,timeout,transpilation,timeout,AttemptTimeoutError,100.0,100.0038950119997,Tentativo interrotto dopo 100.0 secondi.,qiskit_post_pass_callback_and_sigalrm_traceback,transpilation,21,LookaheadSwap,qiskit.transpiler.passes.routing.lookahead_swap.LookaheadSwap,20,99.89294648170471,99.99634835100005,qiskit/transpiler/passes/routing/lookahead_swap.py,_calc_layout_distance,342,routing,routing_method,lookahead,medium,False,"Il callback pubblico di Qiskit viene eseguito dopo ogni pass: last_completed_pass non identifica necessariamente il pass interrotto. | Lo stack indica dove SIGALRM è stato osservato, non dimostra quale pass, configurazione, circuito o hardware abbia causato il timeout. | Un'attribuzione causale richiede confronti controllati tra circuiti, configurazioni e device.",qiskit/transpiler/passes/routing/lookahead_swap.py:342:_calc_layout_distance
ibm_falcon_27,27,f30536987677ef5017fe3a89b8b4ee0a3e7252a1a226cc3db95fd9b2e822d991,run_27bbcd74e582d91b8a501dca80512ede86e881d22ef1238612d5c57959412cbd,qftentangled_indep_tket_10,qftentangled,tket,10,23,80,o2_sabre_lookahead,2,sabre,lookahead,1,timeout,transpilation,timeout,AttemptTimeoutError,100.0,100.00264424899797,Tentativo interrotto dopo 100.0 secondi.,qiskit_post_pass_callback_and_sigalrm_traceback,transpilation,21,LookaheadSwap,qiskit.transpiler.passes.routing.lookahead_swap.LookaheadSwap,20,99.92367959022522,99.9987039589978,qiskit/transpiler/passes/routing/lookahead_swap.py,_calc_layout_distance,342,routing,routing_method,lookahead,medium,False,"Il callback pubblico di Qiskit viene eseguito dopo ogni pass: last_completed_pass non identifica necessariamente il pass interrotto. | Lo stack indica dove SIGALRM è stato osservato, non dimostra quale pass, configurazione, circuito o hardware abbia causato il timeout. | Un'attribuzione causale richiede confronti controllati tra circuiti, configurazioni e device.",qiskit/transpiler/passes/routing/lookahead_swap.py:342:_calc_layout_distance
ibm_falcon_27,27,f30536987677ef5017fe3a89b8b4ee0a3e7252a1a226cc3db95fd9b2e822d991,run_9b1feeeb8cd22e58bd56eafbc975377d001d097ee0cdbc4d09526518f527ea2a,qftentangled_indep_tket_10,qftentangled,tket,10,23,80,o2_sabre_lookahead,2,sabre,lookahead,2,timeout,transpilation,timeout,AttemptTimeoutError,100.0,100.00342324600206,Tentativo interrotto dopo 100.0 secondi.,qiskit_post_pass_callback_and_sigalrm_traceback,transpilation,21,LookaheadSwap,qiskit.transpiler.passes.routing.lookahead_swap.LookaheadSwap,20,99.92911219596863,99.99846409200109,qiskit/transpiler/passes/routing/lookahead_swap.py,_swap_ops_from_edge,383,routing,routing_method,lookahead,medium,False,"Il callback pubblico di Qiskit viene eseguito dopo ogni pass: last_completed_pass non identifica necessariamente il pass interrotto. | Lo stack indica dove SIGALRM è stato osservato, non dimostra quale pass, configurazione, circuito o hardware abbia causato il timeout. | Un'attribuzione causale richiede confronti controllati tra circuiti, configurazioni e device.",qiskit/transpiler/passes/routing/lookahead_swap.py:383:_swap_ops_from_edge
ibm_falcon_27,27,f30536987677ef5017fe3a89b8b4ee0a3e7252a1a226cc3db95fd9b2e822d991,run_27ca17da3b40716144c166258fbc4ff081bf394de206afb83603a441b4294bf7,qftentangled_indep_tket_11,qftentangled,tket,11,25,93,o2_sabre_lookahead,2,sabre,lookahead,0,timeout,transpilation,timeout,AttemptTimeoutError,100.0,100.002929399001,Tentativo interrotto dopo 100.0 secondi.,qiskit_post_pass_callback_and_sigalrm_traceback,transpilation,21,LookaheadSwap,qiskit.transpiler.passes.routing.lookahead_swap.LookaheadSwap,20,99.95003080368042,99.99833080600001,qiskit/transpiler/passes/routing/lookahead_swap.py,_first_op_node,390,routing,routing_method,lookahead,medium,False,"Il callback pubblico di Qiskit viene eseguito dopo ogni pass: last_completed_pass non identifica necessariamente il pass interrotto. | Lo stack indica dove SIGALRM è stato osservato, non dimostra quale pass, configurazione, circuito o hardware abbia causato il timeout. | Un'attribuzione causale richiede confronti controllati tra circuiti, configurazioni e device.",qiskit/transpiler/passes/routing/lookahead_swap.py:390:_first_op_node
ibm_falcon_27,27,f30536987677ef5017fe3a89b8b4ee0a3e7252a1a226cc3db95fd9b2e822d991,run_26d93b0f9193f18feaf2c63d2832011ca08db66a74d55fe8e9e838034d49b668,qftentangled_indep_tket_11,qftentangled,tket,11,25,93,o2_sabre_lookahead,2,sabre,lookahead,1,timeout,transpilation,timeout,AttemptTimeoutError,100.0,100.00279847699858,Tentativo interrotto dopo 100.0 secondi.,qiskit_post_pass_callback_and_sigalrm_traceback,transpilation,21,LookaheadSwap,qiskit.transpiler.passes.routing.lookahead_swap.LookaheadSwap,20,99.92952919006348,99.99854604199936,qiskit/transpiler/passes/routing/lookahead_swap.py,_map_free_gates,312,routing,routing_method,lookahead,medium,False,"Il callback pubblico di Qiskit viene eseguito dopo ogni pass: last_completed_pass non identifica necessariamente il pass interrotto. | Lo stack indica dove SIGALRM è stato osservato, non dimostra quale pass, configurazione, circuito o hardware abbia causato il timeout. | Un'attribuzione causale richiede confronti controllati tra circuiti, configurazioni e device.",qiskit/transpiler/passes/routing/lookahead_swap.py:312:_map_free_gates
ibm_falcon_27,27,f30536987677ef5017fe3a89b8b4ee0a3e7252a1a226cc3db95fd9b2e822d991,run_a963e13fed2d563523e3bfb1002b8496d6803b35c2923e0cd21611a89d32fb7b,qftentangled_indep_tket_11,qftentangled,tket,11,25,93,o2_sabre_lookahead,2,sabre,lookahead,2,timeout,transpilation,timeout,AttemptTimeoutError,100.0,100.00262467200082,Tentativo interrotto dopo 100.0 secondi.,qiskit_post_pass_callback_and_sigalrm_traceback,transpilation,21,LookaheadSwap,qiskit.transpiler.passes.routing.lookahead_swap.LookaheadSwap,20,99.91119360923767,99.9985524190015,qiskit/transpiler/passes/routing/lookahead_swap.py,_calc_layout_distance,342,routing,routing_method,lookahead,medium,False,"Il callback pubblico di Qiskit viene eseguito dopo ogni pass: last_completed_pass non identifica necessariamente il pass interrotto. | Lo stack indica dove SIGALRM è stato osservato, non dimostra quale pass, configurazione, circuito o hardware abbia causato il timeout. | Un'attribuzione causale richiede confronti controllati tra circuiti, configurazioni e device.",qiskit/transpiler/passes/routing/lookahead_swap.py:342:_calc_layout_distance
ibm_falcon_27,27,f30536987677ef5017fe3a89b8b4ee0a3e7252a1a226cc3db95fd9b2e822d991,run_00ea2d4411462d8a962fad6b2ec1c891e88e24e52d152b1c111a890ebcdffe1a,qftentangled_indep_tket_12,qftentangled,tket,12,27,108,o2_sabre_lookahead,2,sabre,lookahead,0,timeout,transpilation,timeout,AttemptTimeoutError,100.0,100.00307505800083,Tentativo interrotto dopo 100.0 secondi.,qiskit_post_pass_callback_and_sigalrm_traceback,transpilation,21,LookaheadSwap,qiskit.transpiler.passes.routing.lookahead_swap.LookaheadSwap,20,99.93777632713318,99.99800452599811,qiskit/transpiler/passes/routing/lookahead_swap.py,_score_state_with_swap,355,routing,routing_method,lookahead,medium,False,"Il callback pubblico di Qiskit viene eseguito dopo ogni pass: last_completed_pass non identifica necessariamente il pass interrotto. | Lo stack indica dove SIGALRM è stato osservato, non dimostra quale pass, configurazione, circuito o hardware abbia causato il timeout. | Un'attribuzione causale richiede confronti controllati tra circuiti, configurazioni e device.",qiskit/transpiler/passes/routing/lookahead_swap.py:355:_score_state_with_swap
ibm_falcon_27,27,f30536987677ef5017fe3a89b8b4ee0a3e7252a1a226cc3db95fd9b2e822d991,run_50e56bd1ee25aa157ff30aefef5ab0642b2bae7f8b554c53e0cb8f940a2b60a3,qftentangled_indep_tket_12,qftentangled,tket,12,27,108,o2_sabre_lookahead,2,sabre,lookahead,1,timeout,transpilation,timeout,AttemptTimeoutError,100.0,100.00313740600177,Tentativo interrotto dopo 100.0 secondi.,qiskit_post_pass_callback_and_sigalrm_traceback,transpilation,21,LookaheadSwap,qiskit.transpiler.passes.routing.lookahead_swap.LookaheadSwap,20,99.92284154891968,99.99835147900012,qiskit/transpiler/passes/routing/lookahead_swap.py,_first_op_node,390,routing,routing_method,lookahead,medium,False,"Il callback pubblico di Qiskit viene eseguito dopo ogni pass: last_completed_pass non identifica necessariamente il pass interrotto. | Lo stack indica dove SIGALRM è stato osservato, non dimostra quale pass, configurazione, circuito o hardware abbia causato il timeout. | Un'attribuzione causale richiede confronti controllati tra circuiti, configurazioni e device.",qiskit/transpiler/passes/routing/lookahead_swap.py:390:_first_op_node
ibm_falcon_27,27,f30536987677ef5017fe3a89b8b4ee0a3e7252a1a226cc3db95fd9b2e822d991,run_2d11e44b75e90ddbb1e0cf73629bb951d7c891e9336dfce0c225681ff72bcc4c,qftentangled_indep_tket_12,qftentangled,tket,12,27,108,o2_sabre_lookahead,2,sabre,lookahead,2,timeout,transpilation,timeout,AttemptTimeoutError,100.0,100.00290390199734,Tentativo interrotto dopo 100.0 secondi.,qiskit_post_pass_callback_and_sigalrm_traceback,transpilation,21,LookaheadSwap,qiskit.transpiler.passes.routing.lookahead_swap.LookaheadSwap,20,99.93780016899109,99.99806392199753,qiskit/transpiler/passes/routing/lookahead_swap.py,_calc_layout_distance,342,routing,routing_method,lookahead,medium,False,"Il callback pubblico di Qiskit viene eseguito dopo ogni pass: last_completed_pass non identifica necessariamente il pass interrotto. | Lo stack indica dove SIGALRM è stato osservato, non dimostra quale pass, configurazione, circuito o hardware abbia causato il timeout. | Un'attribuzione causale richiede confronti controllati tra circuiti, configurazioni e device.",qiskit/transpiler/passes/routing/lookahead_swap.py:342:_calc_layout_distance
ibm_falcon_27,27,f30536987677ef5017fe3a89b8b4ee0a3e7252a1a226cc3db95fd9b2e822d991,run_4233572933a02b533b5a1ec4ceddc93bf17921caf354094c169f903fd420160d,qftentangled_indep_tket_13,qftentangled,tket,13,29,123,o2_sabre_lookahead,2,sabre,lookahead,0,timeout,transpilation,timeout,AttemptTimeoutError,100.0,100.00325912500193,Tentativo interrotto dopo 100.0 secondi.,qiskit_post_pass_callback_and_sigalrm_traceback,transpilation,21,LookaheadSwap,qiskit.transpiler.passes.routing.lookahead_swap.LookaheadSwap,20,99.92308211326599,99.99793237400081,qiskit/transpiler/passes/routing/lookahead_swap.py,_calc_layout_distance,342,routing,routing_method,lookahead,medium,False,"Il callback pubblico di Qiskit viene eseguito dopo ogni pass: last_completed_pass non identifica necessariamente il pass interrotto. | Lo stack indica dove SIGALRM è stato osservato, non dimostra quale pass, configurazione, circuito o hardware abbia causato il timeout. | Un'attribuzione causale richiede confronti controllati tra circuiti, configurazioni e device.",qiskit/transpiler/passes/routing/lookahead_swap.py:342:_calc_layout_distance
ibm_falcon_27,27,f30536987677ef5017fe3a89b8b4ee0a3e7252a1a226cc3db95fd9b2e822d991,run_067558b33e65b147457bb2c0646fadd7a9dc277870b4207034205c7827d3679d,qftentangled_indep_tket_13,qftentangled,tket,13,29,123,o2_sabre_lookahead,2,sabre,lookahead,1,timeout,transpilation,timeout,AttemptTimeoutError,100.0,100.00304245500229,Tentativo interrotto dopo 100.0 secondi.,qiskit_post_pass_callback_and_sigalrm_traceback,transpilation,21,LookaheadSwap,qiskit.transpiler.passes.routing.lookahead_swap.LookaheadSwap,20,99.92342758178711,99.99718484199911,qiskit/transpiler/passes/routing/lookahead_swap.py,_calc_layout_distance,342,routing,routing_method,lookahead,medium,False,"Il callback pubblico di Qiskit viene eseguito dopo ogni pass: last_completed_pass non identifica necessariamente il pass interrotto. | Lo stack indica dove SIGALRM è stato osservato, non dimostra quale pass, configurazione, circuito o hardware abbia causato il timeout. | Un'attribuzione causale richiede confronti controllati tra circuiti, configurazioni e device.",qiskit/transpiler/passes/routing/lookahead_swap.py:342:_calc_layout_distance
ibm_falcon_27,27,f30536987677ef5017fe3a89b8b4ee0a3e7252a1a226cc3db95fd9b2e822d991,run_a00fba475385829f247340c829a1e3fd008b94089167d1f327d2d42a8dc5575e,qftentangled_indep_tket_13,qftentangled,tket,13,29,123,o2_sabre_lookahead,2,sabre,lookahead,2,timeout,transpilation,timeout,AttemptTimeoutError,100.0,100.00272573199982,Tentativo interrotto dopo 100.0 secondi.,qiskit_post_pass_callback_and_sigalrm_traceback,transpilation,21,LookaheadSwap,qiskit.transpiler.passes.routing.lookahead_swap.LookaheadSwap,20,99.92528891563416,99.99806091600112,qiskit/transpiler/passes/routing/lookahead_swap.py,_map_free_gates,314,routing,routing_method,lookahead,medium,False,"Il callback pubblico di Qiskit viene eseguito dopo ogni pass: last_completed_pass non identifica necessariamente il pass interrotto. | Lo stack indica dove SIGALRM è stato osservato, non dimostra quale pass, configurazione, circuito o hardware abbia causato il timeout. | Un'attribuzione causale richiede confronti controllati tra circuiti, configurazioni e device.",qiskit/transpiler/passes/routing/lookahead_swap.py:314:_map_free_gates
ibm_falcon_27,27,f30536987677ef5017fe3a89b8b4ee0a3e7252a1a226cc3db95fd9b2e822d991,run_a634e49464355b953935943664aed13e18eddb3a9446d1c1c0e0913b1076a98d,qftentangled_indep_tket_14,qftentangled,tket,14,31,140,o2_sabre_lookahead,2,sabre,lookahead,0,timeout,transpilation,timeout,AttemptTimeoutError,100.0,100.00571193699943,Tentativo interrotto dopo 100.0 secondi.,qiskit_post_pass_callback_and_sigalrm_traceback,transpilation,21,LookaheadSwap,qiskit.transpiler.passes.routing.lookahead_swap.LookaheadSwap,20,99.91994142532349,99.99970048199975,qiskit/transpiler/passes/routing/lookahead_swap.py,_map_free_gates,314,routing,routing_method,lookahead,medium,False,"Il callback pubblico di Qiskit viene eseguito dopo ogni pass: last_completed_pass non identifica necessariamente il pass interrotto. | Lo stack indica dove SIGALRM è stato osservato, non dimostra quale pass, configurazione, circuito o hardware abbia causato il timeout. | Un'attribuzione causale richiede confronti controllati tra circuiti, configurazioni e device.",qiskit/transpiler/passes/routing/lookahead_swap.py:314:_map_free_gates
ibm_falcon_27,27,f30536987677ef5017fe3a89b8b4ee0a3e7252a1a226cc3db95fd9b2e822d991,run_325380c44061bd9ff6296369c033d19de9d69211e524627b59a1bbcdaf0dde68,qftentangled_indep_tket_14,qftentangled,tket,14,31,140,o2_sabre_lookahead,2,sabre,lookahead,1,timeout,transpilation,timeout,AttemptTimeoutError,100.0,100.00333184200281,Tentativo interrotto dopo 100.0 secondi.,qiskit_post_pass_callback_and_sigalrm_traceback,transpilation,21,LookaheadSwap,qiskit.transpiler.passes.routing.lookahead_swap.LookaheadSwap,20,99.916827917099,99.99732547799795,qiskit/transpiler/passes/routing/lookahead_swap.py,_calc_layout_distance,342,routing,routing_method,lookahead,medium,False,"Il callback pubblico di Qiskit viene eseguito dopo ogni pass: last_completed_pass non identifica necessariamente il pass interrotto. | Lo stack indica dove SIGALRM è stato osservato, non dimostra quale pass, configurazione, circuito o hardware abbia causato il timeout. | Un'attribuzione causale richiede confronti controllati tra circuiti, configurazioni e device.",qiskit/transpiler/passes/routing/lookahead_swap.py:342:_calc_layout_distance
ibm_falcon_27,27,f30536987677ef5017fe3a89b8b4ee0a3e7252a1a226cc3db95fd9b2e822d991,run_fa3fd93fce2d3e6222dc7ffd05f22e90b99f4bd509501d9544bff665143b55b4,qftentangled_indep_tket_14,qftentangled,tket,14,31,140,o2_sabre_lookahead,2,sabre,lookahead,2,timeout,transpilation,timeout,AttemptTimeoutError,100.0,100.00337731599939,Tentativo interrotto dopo 100.0 secondi.,qiskit_post_pass_callback_and_sigalrm_traceback,transpilation,21,LookaheadSwap,qiskit.transpiler.passes.routing.lookahead_swap.LookaheadSwap,20,99.8906192779541,99.99795805300164,qiskit/transpiler/passes/routing/lookahead_swap.py,_calc_layout_distance,342,routing,routing_method,lookahead,medium,False,"Il callback pubblico di Qiskit viene eseguito dopo ogni pass: last_completed_pass non identifica necessariamente il pass interrotto. | Lo stack indica dove SIGALRM è stato osservato, non dimostra quale pass, configurazione, circuito o hardware abbia causato il timeout. | Un'attribuzione causale richiede confronti controllati tra circuiti, configurazioni e device.",qiskit/transpiler/passes/routing/lookahead_swap.py:342:_calc_layout_distance
ibm_falcon_27,27,f30536987677ef5017fe3a89b8b4ee0a3e7252a1a226cc3db95fd9b2e822d991,run_fc52ce0f1f453bf467bcd9e97e671dc84e3e9aa028e03ce80b4a18f7028b78af,qnn_indep_qiskit_7,qnn,qiskit,7,65,167,o2_sabre_lookahead,2,sabre,lookahead,1,timeout,transpilation,timeout,AttemptTimeoutError,100.0,100.00369873399995,Tentativo interrotto dopo 100.0 secondi.,qiskit_post_pass_callback_and_sigalrm_traceback,transpilation,21,LookaheadSwap,qiskit.transpiler.passes.routing.lookahead_swap.LookaheadSwap,20,99.94231128692627,99.99828642400007,qiskit/transpiler/passes/routing/lookahead_swap.py,_calc_layout_distance,342,routing,routing_method,lookahead,medium,False,"Il callback pubblico di Qiskit viene eseguito dopo ogni pass: last_completed_pass non identifica necessariamente il pass interrotto. | Lo stack indica dove SIGALRM è stato osservato, non dimostra quale pass, configurazione, circuito o hardware abbia causato il timeout. | Un'attribuzione causale richiede confronti controllati tra circuiti, configurazioni e device.",qiskit/transpiler/passes/routing/lookahead_swap.py:342:_calc_layout_distance
ibm_falcon_27,27,f30536987677ef5017fe3a89b8b4ee0a3e7252a1a226cc3db95fd9b2e822d991,run_69cd746a2dc0107b0c03bb0a92f2de1d3b6ef5b0c90070033b8a34d2bb9be4c9,qnn_indep_tket_7,qnn,tket,7,67,181,o2_sabre_lookahead,2,sabre,lookahead,1,timeout,transpilation,timeout,AttemptTimeoutError,100.0,100.00325665200035,Tentativo interrotto dopo 100.0 secondi.,qiskit_post_pass_callback_and_sigalrm_traceback,transpilation,21,LookaheadSwap,qiskit.transpiler.passes.routing.lookahead_swap.LookaheadSwap,20,99.92285513877869,99.99877649300015,qiskit/transpiler/passes/routing/lookahead_swap.py,_map_free_gates,313,routing,routing_method,lookahead,medium,False,"Il callback pubblico di Qiskit viene eseguito dopo ogni pass: last_completed_pass non identifica necessariamente il pass interrotto. | Lo stack indica dove SIGALRM è stato osservato, non dimostra quale pass, configurazione, circuito o hardware abbia causato il timeout. | Un'attribuzione causale richiede confronti controllati tra circuiti, configurazioni e device.",qiskit/transpiler/passes/routing/lookahead_swap.py:313:_map_free_gates
ibm_falcon_27,27,f30536987677ef5017fe3a89b8b4ee0a3e7252a1a226cc3db95fd9b2e822d991,run_909ead10cccf3d99a33bc22c3d7d01567df7a62ce7d8f96b177247144272b039,qpeexact_indep_qiskit_10,qpeexact,qiskit,10,25,75,o2_sabre_lookahead,2,sabre,lookahead,0,timeout,transpilation,timeout,AttemptTimeoutError,100.0,100.00263370000175,Tentativo interrotto dopo 100.0 secondi.,qiskit_post_pass_callback_and_sigalrm_traceback,transpilation,21,LookaheadSwap,qiskit.transpiler.passes.routing.lookahead_swap.LookaheadSwap,20,99.94104266166687,99.99872647200027,qiskit/transpiler/passes/routing/lookahead_swap.py,_first_op_node,390,routing,routing_method,lookahead,medium,False,"Il callback pubblico di Qiskit viene eseguito dopo ogni pass: last_completed_pass non identifica necessariamente il pass interrotto. | Lo stack indica dove SIGALRM è stato osservato, non dimostra quale pass, configurazione, circuito o hardware abbia causato il timeout. | Un'attribuzione causale richiede confronti controllati tra circuiti, configurazioni e device.",qiskit/transpiler/passes/routing/lookahead_swap.py:390:_first_op_node
ibm_falcon_27,27,f30536987677ef5017fe3a89b8b4ee0a3e7252a1a226cc3db95fd9b2e822d991,run_24708445e8edf36f530107e81236be7fc56ac80b8d5488762382056d15f3ccdb,qpeexact_indep_qiskit_12,qpeexact,qiskit,12,33,104,o2_sabre_lookahead,2,sabre,lookahead,1,timeout,transpilation,timeout,AttemptTimeoutError,100.0,100.00262578000184,Tentativo interrotto dopo 100.0 secondi.,qiskit_post_pass_callback_and_sigalrm_traceback,transpilation,21,LookaheadSwap,qiskit.transpiler.passes.routing.lookahead_swap.LookaheadSwap,20,99.93698024749756,99.9983375319971,qiskit/transpiler/passes/routing/lookahead_swap.py,<genexpr>,390,routing,routing_method,lookahead,medium,False,"Il callback pubblico di Qiskit viene eseguito dopo ogni pass: last_completed_pass non identifica necessariamente il pass interrotto. | Lo stack indica dove SIGALRM è stato osservato, non dimostra quale pass, configurazione, circuito o hardware abbia causato il timeout. | Un'attribuzione causale richiede confronti controllati tra circuiti, configurazioni e device.",qiskit/transpiler/passes/routing/lookahead_swap.py:390:<genexpr>
ibm_falcon_27,27,f30536987677ef5017fe3a89b8b4ee0a3e7252a1a226cc3db95fd9b2e822d991,run_0d8c2fb487ca9513bcfd1135f32752489bbd4650b0bc2efd26bfdeaf353b26c1,qpeexact_indep_qiskit_12,qpeexact,qiskit,12,33,104,o2_sabre_lookahead,2,sabre,lookahead,2,timeout,transpilation,timeout,AttemptTimeoutError,100.0,100.00266042099975,Tentativo interrotto dopo 100.0 secondi.,qiskit_post_pass_callback_and_sigalrm_traceback,transpilation,21,LookaheadSwap,qiskit.transpiler.passes.routing.lookahead_swap.LookaheadSwap,20,99.93949747085571,99.99815087800016,qiskit/transpiler/passes/routing/lookahead_swap.py,_map_free_gates,312,routing,routing_method,lookahead,medium,False,"Il callback pubblico di Qiskit viene eseguito dopo ogni pass: last_completed_pass non identifica necessariamente il pass interrotto. | Lo stack indica dove SIGALRM è stato osservato, non dimostra quale pass, configurazione, circuito o hardware abbia causato il timeout. | Un'attribuzione causale richiede confronti controllati tra circuiti, configurazioni e device.",qiskit/transpiler/passes/routing/lookahead_swap.py:312:_map_free_gates
ibm_falcon_27,27,f30536987677ef5017fe3a89b8b4ee0a3e7252a1a226cc3db95fd9b2e822d991,run_7cd14cd570ed26d56ffdb5645128fb28d31009be67327014be74c9a850969d45,qpeexact_indep_qiskit_13,qpeexact,qiskit,13,34,119,o2_sabre_lookahead,2,sabre,lookahead,0,timeout,transpilation,timeout,AttemptTimeoutError,100.0,100.0031954440019,Tentativo interrotto dopo 100.0 secondi.,qiskit_post_pass_callback_and_sigalrm_traceback,transpilation,21,LookaheadSwap,qiskit.transpiler.passes.routing.lookahead_swap.LookaheadSwap,20,99.92217564582825,99.99768028999824,qiskit/transpiler/passes/routing/lookahead_swap.py,_map_free_gates,312,routing,routing_method,lookahead,medium,False,"Il callback pubblico di Qiskit viene eseguito dopo ogni pass: last_completed_pass non identifica necessariamente il pass interrotto. | Lo stack indica dove SIGALRM è stato osservato, non dimostra quale pass, configurazione, circuito o hardware abbia causato il timeout. | Un'attribuzione causale richiede confronti controllati tra circuiti, configurazioni e device.",qiskit/transpiler/passes/routing/lookahead_swap.py:312:_map_free_gates
ibm_falcon_27,27,f30536987677ef5017fe3a89b8b4ee0a3e7252a1a226cc3db95fd9b2e822d991,run_a223bb3289072705fdb291a2e8ee94cf368445b22d622d8585df89c0982f7557,qpeexact_indep_qiskit_13,qpeexact,qiskit,13,34,119,o2_sabre_lookahead,2,sabre,lookahead,1,timeout,transpilation,timeout,AttemptTimeoutError,100.0,100.00322662399776,Tentativo interrotto dopo 100.0 secondi.,qiskit_post_pass_callback_and_sigalrm_traceback,transpilation,21,LookaheadSwap,qiskit.transpiler.passes.routing.lookahead_swap.LookaheadSwap,20,99.92157244682312,99.99814252800206,qiskit/transpiler/passes/routing/lookahead_swap.py,_calc_layout_distance,342,routing,routing_method,lookahead,medium,False,"Il callback pubblico di Qiskit viene eseguito dopo ogni pass: last_completed_pass non identifica necessariamente il pass interrotto. | Lo stack indica dove SIGALRM è stato osservato, non dimostra quale pass, configurazione, circuito o hardware abbia causato il timeout. | Un'attribuzione causale richiede confronti controllati tra circuiti, configurazioni e device.",qiskit/transpiler/passes/routing/lookahead_swap.py:342:_calc_layout_distance
ibm_falcon_27,27,f30536987677ef5017fe3a89b8b4ee0a3e7252a1a226cc3db95fd9b2e822d991,run_0ba5a060d46455f647d01e69dfcc35d8d8364e6639d9d6e0c1ef0978501ad43e,qpeexact_indep_qiskit_13,qpeexact,qiskit,13,34,119,o2_sabre_lookahead,2,sabre,lookahead,2,timeout,transpilation,timeout,AttemptTimeoutError,100.0,100.00306790299874,Tentativo interrotto dopo 100.0 secondi.,qiskit_post_pass_callback_and_sigalrm_traceback,transpilation,21,LookaheadSwap,qiskit.transpiler.passes.routing.lookahead_swap.LookaheadSwap,20,99.85669469833374,99.99810627099941,qiskit/transpiler/passes/routing/lookahead_swap.py,_calc_layout_distance,342,routing,routing_method,lookahead,medium,False,"Il callback pubblico di Qiskit viene eseguito dopo ogni pass: last_completed_pass non identifica necessariamente il pass interrotto. | Lo stack indica dove SIGALRM è stato osservato, non dimostra quale pass, configurazione, circuito o hardware abbia causato il timeout. | Un'attribuzione causale richiede confronti controllati tra circuiti, configurazioni e device.",qiskit/transpiler/passes/routing/lookahead_swap.py:342:_calc_layout_distance
ibm_falcon_27,27,f30536987677ef5017fe3a89b8b4ee0a3e7252a1a226cc3db95fd9b2e822d991,run_bbf5145fa66dc15999ed5bd43ede0aad69b59d2a0da97d72fcf1494b461ee908,qpeexact_indep_qiskit_14,qpeexact,qiskit,14,35,134,o2_sabre_lookahead,2,sabre,lookahead,0,timeout,transpilation,timeout,AttemptTimeoutError,100.0,100.00342110899874,Tentativo interrotto dopo 100.0 secondi.,qiskit_post_pass_callback_and_sigalrm_traceback,transpilation,21,LookaheadSwap,qiskit.transpiler.passes.routing.lookahead_swap.LookaheadSwap,20,99.92804670333862,99.99807921800311,qiskit/transpiler/passes/routing/lookahead_swap.py,_first_op_node,390,routing,routing_method,lookahead,medium,False,"Il callback pubblico di Qiskit viene eseguito dopo ogni pass: last_completed_pass non identifica necessariamente il pass interrotto. | Lo stack indica dove SIGALRM è stato osservato, non dimostra quale pass, configurazione, circuito o hardware abbia causato il timeout. | Un'attribuzione causale richiede confronti controllati tra circuiti, configurazioni e device.",qiskit/transpiler/passes/routing/lookahead_swap.py:390:_first_op_node
ibm_falcon_27,27,f30536987677ef5017fe3a89b8b4ee0a3e7252a1a226cc3db95fd9b2e822d991,run_d978c6c92d8f161866e69e3f27d33e80238fce5cab5b95c35c44a8dedab96f04,qpeexact_indep_qiskit_14,qpeexact,qiskit,14,35,134,o2_sabre_lookahead,2,sabre,lookahead,1,timeout,transpilation,timeout,AttemptTimeoutError,100.0,100.00331144000302,Tentativo interrotto dopo 100.0 secondi.,qiskit_post_pass_callback_and_sigalrm_traceback,transpilation,21,LookaheadSwap,qiskit.transpiler.passes.routing.lookahead_swap.LookaheadSwap,20,99.92030072212219,99.99811987000066,qiskit/transpiler/passes/routing/lookahead_swap.py,_calc_layout_distance,342,routing,routing_method,lookahead,medium,False,"Il callback pubblico di Qiskit viene eseguito dopo ogni pass: last_completed_pass non identifica necessariamente il pass interrotto. | Lo stack indica dove SIGALRM è stato osservato, non dimostra quale pass, configurazione, circuito o hardware abbia causato il timeout. | Un'attribuzione causale richiede confronti controllati tra circuiti, configurazioni e device.",qiskit/transpiler/passes/routing/lookahead_swap.py:342:_calc_layout_distance
ibm_falcon_27,27,f30536987677ef5017fe3a89b8b4ee0a3e7252a1a226cc3db95fd9b2e822d991,run_1e846e100ed08e3793ee2229c7556f46abb2ddc65a062ecc87b957aa1c972443,qpeexact_indep_qiskit_14,qpeexact,qiskit,14,35,134,o2_sabre_lookahead,2,sabre,lookahead,2,timeout,transpilation,timeout,AttemptTimeoutError,100.0,100.00305797100009,Tentativo interrotto dopo 100.0 secondi.,qiskit_post_pass_callback_and_sigalrm_traceback,transpilation,21,LookaheadSwap,qiskit.transpiler.passes.routing.lookahead_swap.LookaheadSwap,20,99.88509774208069,99.99683861000085,qiskit/transpiler/passes/routing/lookahead_swap.py,_calc_layout_distance,342,routing,routing_method,lookahead,medium,False,"Il callback pubblico di Qiskit viene eseguito dopo ogni pass: last_completed_pass non identifica necessariamente il pass interrotto. | Lo stack indica dove SIGALRM è stato osservato, non dimostra quale pass, configurazione, circuito o hardware abbia causato il timeout. | Un'attribuzione causale richiede confronti controllati tra circuiti, configurazioni e device.",qiskit/transpiler/passes/routing/lookahead_swap.py:342:_calc_layout_distance
ibm_falcon_27,27,f30536987677ef5017fe3a89b8b4ee0a3e7252a1a226cc3db95fd9b2e822d991,run_fb27eda222a1538ca79ff0980d593e29ec08e1422bc69f54006eb6213afa677a,qpeexact_indep_qiskit_15,qpeexact,qiskit,15,44,155,o2_sabre_lookahead,2,sabre,lookahead,0,timeout,transpilation,timeout,AttemptTimeoutError,100.0,100.00362144199971,Tentativo interrotto dopo 100.0 secondi.,qiskit_post_pass_callback_and_sigalrm_traceback,transpilation,21,LookaheadSwap,qiskit.transpiler.passes.routing.lookahead_swap.LookaheadSwap,20,99.92439699172974,99.9974573340005,qiskit/transpiler/passes/routing/lookahead_swap.py,_first_op_node,390,routing,routing_method,lookahead,medium,False,"Il callback pubblico di Qiskit viene eseguito dopo ogni pass: last_completed_pass non identifica necessariamente il pass interrotto. | Lo stack indica dove SIGALRM è stato osservato, non dimostra quale pass, configurazione, circuito o hardware abbia causato il timeout. | Un'attribuzione causale richiede confronti controllati tra circuiti, configurazioni e device.",qiskit/transpiler/passes/routing/lookahead_swap.py:390:_first_op_node
ibm_falcon_27,27,f30536987677ef5017fe3a89b8b4ee0a3e7252a1a226cc3db95fd9b2e822d991,run_86b322010ba2495b9870a8293aad9d0e3a06c4262dcf64988eb367c7291d920c,qpeexact_indep_qiskit_15,qpeexact,qiskit,15,44,155,o2_sabre_lookahead,2,sabre,lookahead,1,timeout,transpilation,timeout,AttemptTimeoutError,100.0,100.0032079090015,Tentativo interrotto dopo 100.0 secondi.,qiskit_post_pass_callback_and_sigalrm_traceback,transpilation,21,LookaheadSwap,qiskit.transpiler.passes.routing.lookahead_swap.LookaheadSwap,20,99.91194987297058,99.99766193499818,qiskit/transpiler/passes/routing/lookahead_swap.py,_calc_layout_distance,342,routing,routing_method,lookahead,medium,False,"Il callback pubblico di Qiskit viene eseguito dopo ogni pass: last_completed_pass non identifica necessariamente il pass interrotto. | Lo stack indica dove SIGALRM è stato osservato, non dimostra quale pass, configurazione, circuito o hardware abbia causato il timeout. | Un'attribuzione causale richiede confronti controllati tra circuiti, configurazioni e device.",qiskit/transpiler/passes/routing/lookahead_swap.py:342:_calc_layout_distance
ibm_falcon_27,27,f30536987677ef5017fe3a89b8b4ee0a3e7252a1a226cc3db95fd9b2e822d991,run_0f023a5e61d4de49722932a2b2f49b02d9427e585d8fc1bc971cd96c8505d315,qpeexact_indep_qiskit_15,qpeexact,qiskit,15,44,155,o2_sabre_lookahead,2,sabre,lookahead,2,timeout,transpilation,timeout,AttemptTimeoutError,100.0,100.00347525199686,Tentativo interrotto dopo 100.0 secondi.,qiskit_post_pass_callback_and_sigalrm_traceback,transpilation,21,LookaheadSwap,qiskit.transpiler.passes.routing.lookahead_swap.LookaheadSwap,20,99.89199137687683,99.9971589179986,qiskit/transpiler/passes/routing/lookahead_swap.py,_first_op_node,390,routing,routing_method,lookahead,medium,False,"Il callback pubblico di Qiskit viene eseguito dopo ogni pass: last_completed_pass non identifica necessariamente il pass interrotto. | Lo stack indica dove SIGALRM è stato osservato, non dimostra quale pass, configurazione, circuito o hardware abbia causato il timeout. | Un'attribuzione causale richiede confronti controllati tra circuiti, configurazioni e device.",qiskit/transpiler/passes/routing/lookahead_swap.py:390:_first_op_node
ibm_falcon_27,27,f30536987677ef5017fe3a89b8b4ee0a3e7252a1a226cc3db95fd9b2e822d991,run_8fac0ee6c8f52fbc93be20f97ba0c7dd74c782bb8b0e933213eb35317ec2b070,qpeexact_indep_qiskit_16,qpeexact,qiskit,16,47,173,o2_sabre_lookahead,2,sabre,lookahead,0,timeout,transpilation,timeout,AttemptTimeoutError,100.0,100.00358068299829,Tentativo interrotto dopo 100.0 secondi.,qiskit_post_pass_callback_and_sigalrm_traceback,transpilation,21,LookaheadSwap,qiskit.transpiler.passes.routing.lookahead_swap.LookaheadSwap,20,99.89881539344788,99.99725975099864,qiskit/transpiler/passes/routing/lookahead_swap.py,_calc_layout_distance,342,routing,routing_method,lookahead,medium,False,"Il callback pubblico di Qiskit viene eseguito dopo ogni pass: last_completed_pass non identifica necessariamente il pass interrotto. | Lo stack indica dove SIGALRM è stato osservato, non dimostra quale pass, configurazione, circuito o hardware abbia causato il timeout. | Un'attribuzione causale richiede confronti controllati tra circuiti, configurazioni e device.",qiskit/transpiler/passes/routing/lookahead_swap.py:342:_calc_layout_distance
ibm_falcon_27,27,f30536987677ef5017fe3a89b8b4ee0a3e7252a1a226cc3db95fd9b2e822d991,run_18475661de37927e50c8bbe5cc2008c60afaed32946b32557f825dfa600b88b9,qpeexact_indep_qiskit_16,qpeexact,qiskit,16,47,173,o2_sabre_lookahead,2,sabre,lookahead,1,timeout,transpilation,timeout,AttemptTimeoutError,100.0,100.00395718000073,Tentativo interrotto dopo 100.0 secondi.,qiskit_post_pass_callback_and_sigalrm_traceback,transpilation,21,LookaheadSwap,qiskit.transpiler.passes.routing.lookahead_swap.LookaheadSwap,20,99.90304183959961,99.99751749500138,qiskit/transpiler/passes/routing/lookahead_swap.py,_map_free_gates,312,routing,routing_method,lookahead,medium,False,"Il callback pubblico di Qiskit viene eseguito dopo ogni pass: last_completed_pass non identifica necessariamente il pass interrotto. | Lo stack indica dove SIGALRM è stato osservato, non dimostra quale pass, configurazione, circuito o hardware abbia causato il timeout. | Un'attribuzione causale richiede confronti controllati tra circuiti, configurazioni e device.",qiskit/transpiler/passes/routing/lookahead_swap.py:312:_map_free_gates
ibm_falcon_27,27,f30536987677ef5017fe3a89b8b4ee0a3e7252a1a226cc3db95fd9b2e822d991,run_2a53899a33f169b7eecf2de0db4695410341dfa41bf6dc1fddfd27211fd50f77,qpeexact_indep_qiskit_16,qpeexact,qiskit,16,47,173,o2_sabre_lookahead,2,sabre,lookahead,2,timeout,transpilation,timeout,AttemptTimeoutError,100.0,100.00367724800162,Tentativo interrotto dopo 100.0 secondi.,qiskit_post_pass_callback_and_sigalrm_traceback,transpilation,21,LookaheadSwap,qiskit.transpiler.passes.routing.lookahead_swap.LookaheadSwap,20,99.88491344451904,99.99758611200014,qiskit/transpiler/passes/routing/lookahead_swap.py,_calc_layout_distance,342,routing,routing_method,lookahead,medium,False,"Il callback pubblico di Qiskit viene eseguito dopo ogni pass: last_completed_pass non identifica necessariamente il pass interrotto. | Lo stack indica dove SIGALRM è stato osservato, non dimostra quale pass, configurazione, circuito o hardware abbia causato il timeout. | Un'attribuzione causale richiede confronti controllati tra circuiti, configurazioni e device.",qiskit/transpiler/passes/routing/lookahead_swap.py:342:_calc_layout_distance
ibm_falcon_27,27,f30536987677ef5017fe3a89b8b4ee0a3e7252a1a226cc3db95fd9b2e822d991,run_8d8ddadd6863f2a5332bd9ff5dd177da8e4de2a5e745dc52311c70f982628bb9,qpeexact_indep_qiskit_9,qpeexact,qiskit,9,24,64,o2_sabre_lookahead,2,sabre,lookahead,0,timeout,transpilation,timeout,AttemptTimeoutError,100.0,100.00252783999895,Tentativo interrotto dopo 100.0 secondi.,qiskit_post_pass_callback_and_sigalrm_traceback,transpilation,21,LookaheadSwap,qiskit.transpiler.passes.routing.lookahead_swap.LookaheadSwap,20,99.953209400177,99.99899034000191,qiskit/transpiler/passes/routing/lookahead_swap.py,_map_free_gates,312,routing,routing_method,lookahead,medium,False,"Il callback pubblico di Qiskit viene eseguito dopo ogni pass: last_completed_pass non identifica necessariamente il pass interrotto. | Lo stack indica dove SIGALRM è stato osservato, non dimostra quale pass, configurazione, circuito o hardware abbia causato il timeout. | Un'attribuzione causale richiede confronti controllati tra circuiti, configurazioni e device.",qiskit/transpiler/passes/routing/lookahead_swap.py:312:_map_free_gates
ibm_falcon_27,27,f30536987677ef5017fe3a89b8b4ee0a3e7252a1a226cc3db95fd9b2e822d991,run_2947cd7c207e5b06845bca969a0486d48b934b3d521f725477542f596a9185fd,qpeexact_indep_qiskit_9,qpeexact,qiskit,9,24,64,o2_sabre_lookahead,2,sabre,lookahead,1,timeout,transpilation,timeout,AttemptTimeoutError,100.0,100.00263208800243,Tentativo interrotto dopo 100.0 secondi.,qiskit_post_pass_callback_and_sigalrm_traceback,transpilation,21,LookaheadSwap,qiskit.transpiler.passes.routing.lookahead_swap.LookaheadSwap,20,99.93360948562622,99.99901494499863,qiskit/transpiler/passes/routing/lookahead_swap.py,_map_free_gates,312,routing,routing_method,lookahead,medium,False,"Il callback pubblico di Qiskit viene eseguito dopo ogni pass: last_completed_pass non identifica necessariamente il pass interrotto. | Lo stack indica dove SIGALRM è stato osservato, non dimostra quale pass, configurazione, circuito o hardware abbia causato il timeout. | Un'attribuzione causale richiede confronti controllati tra circuiti, configurazioni e device.",qiskit/transpiler/passes/routing/lookahead_swap.py:312:_map_free_gates
ibm_falcon_27,27,f30536987677ef5017fe3a89b8b4ee0a3e7252a1a226cc3db95fd9b2e822d991,run_f584d2991e16b7cf7704b03a44f642e4b7598144c39d1d09c9e49bfa6ab1f199,qpeexact_indep_tket_10,qpeexact,tket,10,25,75,o2_sabre_lookahead,2,sabre,lookahead,2,timeout,transpilation,timeout,AttemptTimeoutError,100.0,100.0026363399993,Tentativo interrotto dopo 100.0 secondi.,qiskit_post_pass_callback_and_sigalrm_traceback,transpilation,21,LookaheadSwap,qiskit.transpiler.passes.routing.lookahead_swap.LookaheadSwap,20,99.9444169998169,99.9986626179998,qiskit/transpiler/passes/routing/lookahead_swap.py,_score_step,360,routing,routing_method,lookahead,medium,False,"Il callback pubblico di Qiskit viene eseguito dopo ogni pass: last_completed_pass non identifica necessariamente il pass interrotto. | Lo stack indica dove SIGALRM è stato osservato, non dimostra quale pass, configurazione, circuito o hardware abbia causato il timeout. | Un'attribuzione causale richiede confronti controllati tra circuiti, configurazioni e device.",qiskit/transpiler/passes/routing/lookahead_swap.py:360:_score_step
ibm_falcon_27,27,f30536987677ef5017fe3a89b8b4ee0a3e7252a1a226cc3db95fd9b2e822d991,run_9870129a4250f53cc80e74080111bdafa8aae84b69f6a862187dab49172d359f,qpeexact_indep_tket_11,qpeexact,tket,11,32,91,o2_sabre_lookahead,2,sabre,lookahead,1,timeout,transpilation,timeout,AttemptTimeoutError,100.0,100.00272923600278,Tentativo interrotto dopo 100.0 secondi.,qiskit_post_pass_callback_and_sigalrm_traceback,transpilation,21,LookaheadSwap,qiskit.transpiler.passes.routing.lookahead_swap.LookaheadSwap,20,99.93752956390381,99.99858834199767,qiskit/transpiler/passes/routing/lookahead_swap.py,_calc_layout_distance,342,routing,routing_method,lookahead,medium,False,"Il callback pubblico di Qiskit viene eseguito dopo ogni pass: last_completed_pass non identifica necessariamente il pass interrotto. | Lo stack indica dove SIGALRM è stato osservato, non dimostra quale pass, configurazione, circuito o hardware abbia causato il timeout. | Un'attribuzione causale richiede confronti controllati tra circuiti, configurazioni e device.",qiskit/transpiler/passes/routing/lookahead_swap.py:342:_calc_layout_distance
ibm_falcon_27,27,f30536987677ef5017fe3a89b8b4ee0a3e7252a1a226cc3db95fd9b2e822d991,run_e39dba02d7adfe67078a8c13dbce2dbf40e8b0840394b91c22331d4499674349,qpeexact_indep_tket_12,qpeexact,tket,12,33,104,o2_sabre_lookahead,2,sabre,lookahead,1,timeout,transpilation,timeout,AttemptTimeoutError,100.0,100.00266825799918,Tentativo interrotto dopo 100.0 secondi.,qiskit_post_pass_callback_and_sigalrm_traceback,transpilation,21,LookaheadSwap,qiskit.transpiler.passes.routing.lookahead_swap.LookaheadSwap,20,99.89666557312012,99.99857632799831,qiskit/transpiler/passes/routing/lookahead_swap.py,_map_free_gates,303,routing,routing_method,lookahead,medium,False,"Il callback pubblico di Qiskit viene eseguito dopo ogni pass: last_completed_pass non identifica necessariamente il pass interrotto. | Lo stack indica dove SIGALRM è stato osservato, non dimostra quale pass, configurazione, circuito o hardware abbia causato il timeout. | Un'attribuzione causale richiede confronti controllati tra circuiti, configurazioni e device.",qiskit/transpiler/passes/routing/lookahead_swap.py:303:_map_free_gates
ibm_falcon_27,27,f30536987677ef5017fe3a89b8b4ee0a3e7252a1a226cc3db95fd9b2e822d991,run_ca1172403a4331207c3fbee6d764e985ce0633d68b1df7d8464fc5dfdc12dc1d,qpeexact_indep_tket_12,qpeexact,tket,12,33,104,o2_sabre_lookahead,2,sabre,lookahead,2,timeout,transpilation,timeout,AttemptTimeoutError,100.0,100.00290185999984,Tentativo interrotto dopo 100.0 secondi.,qiskit_post_pass_callback_and_sigalrm_traceback,transpilation,21,LookaheadSwap,qiskit.transpiler.passes.routing.lookahead_swap.LookaheadSwap,20,99.93643140792847,99.99840303699966,qiskit/transpiler/passes/routing/lookahead_swap.py,_calc_layout_distance,342,routing,routing_method,lookahead,medium,False,"Il callback pubblico di Qiskit viene eseguito dopo ogni pass: last_completed_pass non identifica necessariamente il pass interrotto. | Lo stack indica dove SIGALRM è stato osservato, non dimostra quale pass, configurazione, circuito o hardware abbia causato il timeout. | Un'attribuzione causale richiede confronti controllati tra circuiti, configurazioni e device.",qiskit/transpiler/passes/routing/lookahead_swap.py:342:_calc_layout_distance
ibm_falcon_27,27,f30536987677ef5017fe3a89b8b4ee0a3e7252a1a226cc3db95fd9b2e822d991,run_633af180b7d6e920be789632ddca265a2a001c7c886073894b42ac74e19f5dff,qpeexact_indep_tket_13,qpeexact,tket,13,34,119,o2_sabre_lookahead,2,sabre,lookahead,0,timeout,transpilation,timeout,AttemptTimeoutError,100.0,100.0026169140001,Tentativo interrotto dopo 100.0 secondi.,qiskit_post_pass_callback_and_sigalrm_traceback,transpilation,21,LookaheadSwap,qiskit.transpiler.passes.routing.lookahead_swap.LookaheadSwap,20,99.93696761131287,99.99827643699973,qiskit/transpiler/passes/routing/lookahead_swap.py,_score_state_with_swap,354,routing,routing_method,lookahead,medium,False,"Il callback pubblico di Qiskit viene eseguito dopo ogni pass: last_completed_pass non identifica necessariamente il pass interrotto. | Lo stack indica dove SIGALRM è stato osservato, non dimostra quale pass, configurazione, circuito o hardware abbia causato il timeout. | Un'attribuzione causale richiede confronti controllati tra circuiti, configurazioni e device.",qiskit/transpiler/passes/routing/lookahead_swap.py:354:_score_state_with_swap
ibm_falcon_27,27,f30536987677ef5017fe3a89b8b4ee0a3e7252a1a226cc3db95fd9b2e822d991,run_e64a6624dd1a087aec281b15211dcfd4584f5b2b582ea00a546841812aed1969,qpeexact_indep_tket_13,qpeexact,tket,13,34,119,o2_sabre_lookahead,2,sabre,lookahead,1,timeout,transpilation,timeout,AttemptTimeoutError,100.0,100.00292882000213,Tentativo interrotto dopo 100.0 secondi.,qiskit_post_pass_callback_and_sigalrm_traceback,transpilation,21,LookaheadSwap,qiskit.transpiler.passes.routing.lookahead_swap.LookaheadSwap,20,99.93263864517212,99.99744719000228,qiskit/transpiler/passes/routing/lookahead_swap.py,_map_free_gates,302,routing,routing_method,lookahead,medium,False,"Il callback pubblico di Qiskit viene eseguito dopo ogni pass: last_completed_pass non identifica necessariamente il pass interrotto. | Lo stack indica dove SIGALRM è stato osservato, non dimostra quale pass, configurazione, circuito o hardware abbia causato il timeout. | Un'attribuzione causale richiede confronti controllati tra circuiti, configurazioni e device.",qiskit/transpiler/passes/routing/lookahead_swap.py:302:_map_free_gates
ibm_falcon_27,27,f30536987677ef5017fe3a89b8b4ee0a3e7252a1a226cc3db95fd9b2e822d991,run_37b71bbfbb25e5ab283a6c6d46f03da1987dc1cf48dd87db44c61d611f2377ec,qpeexact_indep_tket_13,qpeexact,tket,13,34,119,o2_sabre_lookahead,2,sabre,lookahead,2,timeout,transpilation,timeout,AttemptTimeoutError,100.0,100.00504687000284,Tentativo interrotto dopo 100.0 secondi.,qiskit_post_pass_callback_and_sigalrm_traceback,transpilation,21,LookaheadSwap,qiskit.transpiler.passes.routing.lookahead_swap.LookaheadSwap,20,99.93495965003967,99.99930788900019,qiskit/transpiler/passes/routing/lookahead_swap.py,_map_free_gates,302,routing,routing_method,lookahead,medium,False,"Il callback pubblico di Qiskit viene eseguito dopo ogni pass: last_completed_pass non identifica necessariamente il pass interrotto. | Lo stack indica dove SIGALRM è stato osservato, non dimostra quale pass, configurazione, circuito o hardware abbia causato il timeout. | Un'attribuzione causale richiede confronti controllati tra circuiti, configurazioni e device.",qiskit/transpiler/passes/routing/lookahead_swap.py:302:_map_free_gates
ibm_falcon_27,27,f30536987677ef5017fe3a89b8b4ee0a3e7252a1a226cc3db95fd9b2e822d991,run_5bf2ec56c1f0e128018f2935e757b2837613b5a36322451eb8a1e78416c9da2e,qpeexact_indep_tket_14,qpeexact,tket,14,35,134,o2_sabre_lookahead,2,sabre,lookahead,0,timeout,transpilation,timeout,AttemptTimeoutError,100.0,100.00311004100149,Tentativo interrotto dopo 100.0 secondi.,qiskit_post_pass_callback_and_sigalrm_traceback,transpilation,21,LookaheadSwap,qiskit.transpiler.passes.routing.lookahead_swap.LookaheadSwap,20,99.92195630073547,99.99806352700034,qiskit/transpiler/passes/routing/lookahead_swap.py,_map_free_gates,318,routing,routing_method,lookahead,medium,False,"Il callback pubblico di Qiskit viene eseguito dopo ogni pass: last_completed_pass non identifica necessariamente il pass interrotto. | Lo stack indica dove SIGALRM è stato osservato, non dimostra quale pass, configurazione, circuito o hardware abbia causato il timeout. | Un'attribuzione causale richiede confronti controllati tra circuiti, configurazioni e device.",qiskit/transpiler/passes/routing/lookahead_swap.py:318:_map_free_gates
ibm_falcon_27,27,f30536987677ef5017fe3a89b8b4ee0a3e7252a1a226cc3db95fd9b2e822d991,run_19a6c059dc99bbe3e26a30cd4983c324f8a0aa88779729355ed11d81a0281049,qpeexact_indep_tket_14,qpeexact,tket,14,35,134,o2_sabre_lookahead,2,sabre,lookahead,1,timeout,transpilation,timeout,AttemptTimeoutError,100.0,100.00315739600046,Tentativo interrotto dopo 100.0 secondi.,qiskit_post_pass_callback_and_sigalrm_traceback,transpilation,21,LookaheadSwap,qiskit.transpiler.passes.routing.lookahead_swap.LookaheadSwap,20,99.90864419937134,99.99813304299823,qiskit/transpiler/passes/routing/lookahead_swap.py,_calc_layout_distance,342,routing,routing_method,lookahead,medium,False,"Il callback pubblico di Qiskit viene eseguito dopo ogni pass: last_completed_pass non identifica necessariamente il pass interrotto. | Lo stack indica dove SIGALRM è stato osservato, non dimostra quale pass, configurazione, circuito o hardware abbia causato il timeout. | Un'attribuzione causale richiede confronti controllati tra circuiti, configurazioni e device.",qiskit/transpiler/passes/routing/lookahead_swap.py:342:_calc_layout_distance
ibm_falcon_27,27,f30536987677ef5017fe3a89b8b4ee0a3e7252a1a226cc3db95fd9b2e822d991,run_341006ffbdbc591631269ca4ee120869d05526dca24163f449e6530daeda8671,qpeexact_indep_tket_14,qpeexact,tket,14,35,134,o2_sabre_lookahead,2,sabre,lookahead,2,timeout,transpilation,timeout,AttemptTimeoutError,100.0,100.00322699800017,Tentativo interrotto dopo 100.0 secondi.,qiskit_post_pass_callback_and_sigalrm_traceback,transpilation,21,LookaheadSwap,qiskit.transpiler.passes.routing.lookahead_swap.LookaheadSwap,20,99.89247965812683,99.99802085199917,qiskit/transpiler/passes/routing/lookahead_swap.py,_calc_layout_distance,342,routing,routing_method,lookahead,medium,False,"Il callback pubblico di Qiskit viene eseguito dopo ogni pass: last_completed_pass non identifica necessariamente il pass interrotto. | Lo stack indica dove SIGALRM è stato osservato, non dimostra quale pass, configurazione, circuito o hardware abbia causato il timeout. | Un'attribuzione causale richiede confronti controllati tra circuiti, configurazioni e device.",qiskit/transpiler/passes/routing/lookahead_swap.py:342:_calc_layout_distance
ibm_falcon_27,27,f30536987677ef5017fe3a89b8b4ee0a3e7252a1a226cc3db95fd9b2e822d991,run_24ff49b2181cb1be7a045b829a038977064f26adf96ed4ec496b5acd6bf24b0c,qpeexact_indep_tket_15,qpeexact,tket,15,44,155,o2_sabre_lookahead,2,sabre,lookahead,0,timeout,transpilation,timeout,AttemptTimeoutError,100.0,100.00330265999946,Tentativo interrotto dopo 100.0 secondi.,qiskit_post_pass_callback_and_sigalrm_traceback,transpilation,21,LookaheadSwap,qiskit.transpiler.passes.routing.lookahead_swap.LookaheadSwap,20,99.91167140007019,99.99775651600066,qiskit/transpiler/passes/routing/lookahead_swap.py,_first_op_node,390,routing,routing_method,lookahead,medium,False,"Il callback pubblico di Qiskit viene eseguito dopo ogni pass: last_completed_pass non identifica necessariamente il pass interrotto. | Lo stack indica dove SIGALRM è stato osservato, non dimostra quale pass, configurazione, circuito o hardware abbia causato il timeout. | Un'attribuzione causale richiede confronti controllati tra circuiti, configurazioni e device.",qiskit/transpiler/passes/routing/lookahead_swap.py:390:_first_op_node
ibm_falcon_27,27,f30536987677ef5017fe3a89b8b4ee0a3e7252a1a226cc3db95fd9b2e822d991,run_1fd82687f7c6e9aac501c68631267fdcb3bbb3a064ba789810859da778c8c0af,qpeexact_indep_tket_15,qpeexact,tket,15,44,155,o2_sabre_lookahead,2,sabre,lookahead,1,timeout,transpilation,timeout,AttemptTimeoutError,100.0,100.00343114299903,Tentativo interrotto dopo 100.0 secondi.,qiskit_post_pass_callback_and_sigalrm_traceback,transpilation,21,LookaheadSwap,qiskit.transpiler.passes.routing.lookahead_swap.LookaheadSwap,20,99.91488432884216,99.99748511899816,qiskit/transpiler/passes/routing/lookahead_swap.py,_map_free_gates,312,routing,routing_method,lookahead,medium,False,"Il callback pubblico di Qiskit viene eseguito dopo ogni pass: last_completed_pass non identifica necessariamente il pass interrotto. | Lo stack indica dove SIGALRM è stato osservato, non dimostra quale pass, configurazione, circuito o hardware abbia causato il timeout. | Un'attribuzione causale richiede confronti controllati tra circuiti, configurazioni e device.",qiskit/transpiler/passes/routing/lookahead_swap.py:312:_map_free_gates
ibm_falcon_27,27,f30536987677ef5017fe3a89b8b4ee0a3e7252a1a226cc3db95fd9b2e822d991,run_2c3984edd453788962bbc90eb83ce3130ab9e175ef7a8211f840713a24e9a0bb,qpeexact_indep_tket_15,qpeexact,tket,15,44,155,o2_sabre_lookahead,2,sabre,lookahead,2,timeout,transpilation,timeout,AttemptTimeoutError,100.0,100.00411011699907,Tentativo interrotto dopo 100.0 secondi.,qiskit_post_pass_callback_and_sigalrm_traceback,transpilation,21,LookaheadSwap,qiskit.transpiler.passes.routing.lookahead_swap.LookaheadSwap,20,99.88900399208069,99.99785913600135,qiskit/transpiler/passes/routing/lookahead_swap.py,_map_free_gates,313,routing,routing_method,lookahead,medium,False,"Il callback pubblico di Qiskit viene eseguito dopo ogni pass: last_completed_pass non identifica necessariamente il pass interrotto. | Lo stack indica dove SIGALRM è stato osservato, non dimostra quale pass, configurazione, circuito o hardware abbia causato il timeout. | Un'attribuzione causale richiede confronti controllati tra circuiti, configurazioni e device.",qiskit/transpiler/passes/routing/lookahead_swap.py:313:_map_free_gates
ibm_falcon_27,27,f30536987677ef5017fe3a89b8b4ee0a3e7252a1a226cc3db95fd9b2e822d991,run_49550f354e814ef9b39a37ce55026689ebc0a757ef4a966b5f3c9bd6cb215e59,qpeinexact_indep_qiskit_10,qpeinexact,qiskit,10,29,77,o2_sabre_lookahead,2,sabre,lookahead,1,timeout,transpilation,timeout,AttemptTimeoutError,100.0,100.00251160300104,Tentativo interrotto dopo 100.0 secondi.,qiskit_post_pass_callback_and_sigalrm_traceback,transpilation,21,LookaheadSwap,qiskit.transpiler.passes.routing.lookahead_swap.LookaheadSwap,20,99.93864631652832,99.99878662800256,qiskit/transpiler/passes/routing/lookahead_swap.py,_first_op_node,390,routing,routing_method,lookahead,medium,False,"Il callback pubblico di Qiskit viene eseguito dopo ogni pass: last_completed_pass non identifica necessariamente il pass interrotto. | Lo stack indica dove SIGALRM è stato osservato, non dimostra quale pass, configurazione, circuito o hardware abbia causato il timeout. | Un'attribuzione causale richiede confronti controllati tra circuiti, configurazioni e device.",qiskit/transpiler/passes/routing/lookahead_swap.py:390:_first_op_node
ibm_falcon_27,27,f30536987677ef5017fe3a89b8b4ee0a3e7252a1a226cc3db95fd9b2e822d991,run_0f8667797788940fc98456be332439c61943d1953d2fdb45eb39a0bb59e26014,qpeinexact_indep_qiskit_12,qpeinexact,qiskit,12,35,105,o2_sabre_lookahead,2,sabre,lookahead,0,timeout,transpilation,timeout,AttemptTimeoutError,100.0,100.00280915400072,Tentativo interrotto dopo 100.0 secondi.,qiskit_post_pass_callback_and_sigalrm_traceback,transpilation,21,LookaheadSwap,qiskit.transpiler.passes.routing.lookahead_swap.LookaheadSwap,20,99.92831707000732,99.99846853599956,qiskit/transpiler/passes/routing/lookahead_swap.py,_score_state_with_swap,355,routing,routing_method,lookahead,medium,False,"Il callback pubblico di Qiskit viene eseguito dopo ogni pass: last_completed_pass non identifica necessariamente il pass interrotto. | Lo stack indica dove SIGALRM è stato osservato, non dimostra quale pass, configurazione, circuito o hardware abbia causato il timeout. | Un'attribuzione causale richiede confronti controllati tra circuiti, configurazioni e device.",qiskit/transpiler/passes/routing/lookahead_swap.py:355:_score_state_with_swap
ibm_falcon_27,27,f30536987677ef5017fe3a89b8b4ee0a3e7252a1a226cc3db95fd9b2e822d991,run_19aaeda3c1fb2559ff84ccef546faacbf9f82168b3e7ad2b3acc1e17a818be80,qpeinexact_indep_qiskit_12,qpeinexact,qiskit,12,35,105,o2_sabre_lookahead,2,sabre,lookahead,1,timeout,transpilation,timeout,AttemptTimeoutError,100.0,100.00225947399667,Tentativo interrotto dopo 100.0 secondi.,qiskit_post_pass_callback_and_sigalrm_traceback,transpilation,21,LookaheadSwap,qiskit.transpiler.passes.routing.lookahead_swap.LookaheadSwap,20,99.9390459060669,99.9982800129983,qiskit/transpiler/passes/routing/lookahead_swap.py,_map_free_gates,312,routing,routing_method,lookahead,medium,False,"Il callback pubblico di Qiskit viene eseguito dopo ogni pass: last_completed_pass non identifica necessariamente il pass interrotto. | Lo stack indica dove SIGALRM è stato osservato, non dimostra quale pass, configurazione, circuito o hardware abbia causato il timeout. | Un'attribuzione causale richiede confronti controllati tra circuiti, configurazioni e device.",qiskit/transpiler/passes/routing/lookahead_swap.py:312:_map_free_gates
ibm_falcon_27,27,f30536987677ef5017fe3a89b8b4ee0a3e7252a1a226cc3db95fd9b2e822d991,run_a6a1dde623576cb8e366afe4052c1293d19bebc66cba59afac3d3005dd62fe5e,qpeinexact_indep_qiskit_12,qpeinexact,qiskit,12,35,105,o2_sabre_lookahead,2,sabre,lookahead,2,timeout,transpilation,timeout,AttemptTimeoutError,100.0,100.00268132400015,Tentativo interrotto dopo 100.0 secondi.,qiskit_post_pass_callback_and_sigalrm_traceback,transpilation,21,LookaheadSwap,qiskit.transpiler.passes.routing.lookahead_swap.LookaheadSwap,20,99.90559792518616,99.99839646799956,qiskit/transpiler/passes/routing/lookahead_swap.py,_first_op_node,390,routing,routing_method,lookahead,medium,False,"Il callback pubblico di Qiskit viene eseguito dopo ogni pass: last_completed_pass non identifica necessariamente il pass interrotto. | Lo stack indica dove SIGALRM è stato osservato, non dimostra quale pass, configurazione, circuito o hardware abbia causato il timeout. | Un'attribuzione causale richiede confronti controllati tra circuiti, configurazioni e device.",qiskit/transpiler/passes/routing/lookahead_swap.py:390:_first_op_node
ibm_falcon_27,27,f30536987677ef5017fe3a89b8b4ee0a3e7252a1a226cc3db95fd9b2e822d991,run_f0c427f65dc9dd8d9b2a5b420fa3af3adc45db3aaac8ffff2a6d02303ec84c00,qpeinexact_indep_qiskit_13,qpeinexact,qiskit,13,38,121,o2_sabre_lookahead,2,sabre,lookahead,0,timeout,transpilation,timeout,AttemptTimeoutError,100.0,100.00256756300223,Tentativo interrotto dopo 100.0 secondi.,qiskit_post_pass_callback_and_sigalrm_traceback,transpilation,21,LookaheadSwap,qiskit.transpiler.passes.routing.lookahead_swap.LookaheadSwap,20,99.92407488822937,99.99819442200169,qiskit/transpiler/passes/routing/lookahead_swap.py,_calc_layout_distance,342,routing,routing_method,lookahead,medium,False,"Il callback pubblico di Qiskit viene eseguito dopo ogni pass: last_completed_pass non identifica necessariamente il pass interrotto. | Lo stack indica dove SIGALRM è stato osservato, non dimostra quale pass, configurazione, circuito o hardware abbia causato il timeout. | Un'attribuzione causale richiede confronti controllati tra circuiti, configurazioni e device.",qiskit/transpiler/passes/routing/lookahead_swap.py:342:_calc_layout_distance
ibm_falcon_27,27,f30536987677ef5017fe3a89b8b4ee0a3e7252a1a226cc3db95fd9b2e822d991,run_b1ece48fcea4f8e6cc599419e5fefbbc01ed9a32c292985e6994054b941ae821,qpeinexact_indep_qiskit_13,qpeinexact,qiskit,13,38,121,o2_sabre_lookahead,2,sabre,lookahead,1,timeout,transpilation,timeout,AttemptTimeoutError,100.0,100.00275858799796,Tentativo interrotto dopo 100.0 secondi.,qiskit_post_pass_callback_and_sigalrm_traceback,transpilation,21,LookaheadSwap,qiskit.transpiler.passes.routing.lookahead_swap.LookaheadSwap,20,99.92116570472717,99.99737884600108,qiskit/transpiler/passes/routing/lookahead_swap.py,<genexpr>,390,routing,routing_method,lookahead,medium,False,"Il callback pubblico di Qiskit viene eseguito dopo ogni pass: last_completed_pass non identifica necessariamente il pass interrotto. | Lo stack indica dove SIGALRM è stato osservato, non dimostra quale pass, configurazione, circuito o hardware abbia causato il timeout. | Un'attribuzione causale richiede confronti controllati tra circuiti, configurazioni e device.",qiskit/transpiler/passes/routing/lookahead_swap.py:390:<genexpr>
ibm_falcon_27,27,f30536987677ef5017fe3a89b8b4ee0a3e7252a1a226cc3db95fd9b2e822d991,run_e8282fa6648a8f1c86d73a1b728454e0056e51697317ddda6fd26e1ea7efa992,qpeinexact_indep_qiskit_13,qpeinexact,qiskit,13,38,121,o2_sabre_lookahead,2,sabre,lookahead,2,timeout,transpilation,timeout,AttemptTimeoutError,100.0,100.00269904000015,Tentativo interrotto dopo 100.0 secondi.,qiskit_post_pass_callback_and_sigalrm_traceback,transpilation,21,LookaheadSwap,qiskit.transpiler.passes.routing.lookahead_swap.LookaheadSwap,20,99.93096494674683,99.99824920099854,qiskit/transpiler/passes/routing/lookahead_swap.py,_map_free_gates,313,routing,routing_method,lookahead,medium,False,"Il callback pubblico di Qiskit viene eseguito dopo ogni pass: last_completed_pass non identifica necessariamente il pass interrotto. | Lo stack indica dove SIGALRM è stato osservato, non dimostra quale pass, configurazione, circuito o hardware abbia causato il timeout. | Un'attribuzione causale richiede confronti controllati tra circuiti, configurazioni e device.",qiskit/transpiler/passes/routing/lookahead_swap.py:313:_map_free_gates
ibm_falcon_27,27,f30536987677ef5017fe3a89b8b4ee0a3e7252a1a226cc3db95fd9b2e822d991,run_2b9678e55ad74136fe2fe841026212131b7272cf67b07d1fbd868f06fb2e8fec,qpeinexact_indep_qiskit_14,qpeinexact,qiskit,14,41,137,o2_sabre_lookahead,2,sabre,lookahead,0,timeout,transpilation,timeout,AttemptTimeoutError,100.0,100.00318864699875,Tentativo interrotto dopo 100.0 secondi.,qiskit_post_pass_callback_and_sigalrm_traceback,transpilation,21,LookaheadSwap,qiskit.transpiler.passes.routing.lookahead_swap.LookaheadSwap,20,99.92526364326477,99.99744036799893,qiskit/transpiler/passes/routing/lookahead_swap.py,_first_op_node,390,routing,routing_method,lookahead,medium,False,"Il callback pubblico di Qiskit viene eseguito dopo ogni pass: last_completed_pass non identifica necessariamente il pass interrotto. | Lo stack indica dove SIGALRM è stato osservato, non dimostra quale pass, configurazione, circuito o hardware abbia causato il timeout. | Un'attribuzione causale richiede confronti controllati tra circuiti, configurazioni e device.",qiskit/transpiler/passes/routing/lookahead_swap.py:390:_first_op_node
ibm_falcon_27,27,f30536987677ef5017fe3a89b8b4ee0a3e7252a1a226cc3db95fd9b2e822d991,run_d0ba01aa487f45c8dda64ec39c6dbd32ad0397d36aa5e40a5dd774534eee4eff,qpeinexact_indep_qiskit_14,qpeinexact,qiskit,14,41,137,o2_sabre_lookahead,2,sabre,lookahead,1,timeout,transpilation,timeout,AttemptTimeoutError,100.0,100.00298294000095,Tentativo interrotto dopo 100.0 secondi.,qiskit_post_pass_callback_and_sigalrm_traceback,transpilation,21,LookaheadSwap,qiskit.transpiler.passes.routing.lookahead_swap.LookaheadSwap,20,99.91241693496704,99.99796211699868,qiskit/transpiler/passes/routing/lookahead_swap.py,_map_free_gates,313,routing,routing_method,lookahead,medium,False,"Il callback pubblico di Qiskit viene eseguito dopo ogni pass: last_completed_pass non identifica necessariamente il pass interrotto. | Lo stack indica dove SIGALRM è stato osservato, non dimostra quale pass, configurazione, circuito o hardware abbia causato il timeout. | Un'attribuzione causale richiede confronti controllati tra circuiti, configurazioni e device.",qiskit/transpiler/passes/routing/lookahead_swap.py:313:_map_free_gates
ibm_falcon_27,27,f30536987677ef5017fe3a89b8b4ee0a3e7252a1a226cc3db95fd9b2e822d991,run_5fe5c434947c7e80c8da30e2513348927480dfcbe98bd7c2854a9626166026e9,qpeinexact_indep_qiskit_14,qpeinexact,qiskit,14,41,137,o2_sabre_lookahead,2,sabre,lookahead,2,timeout,transpilation,timeout,AttemptTimeoutError,100.0,100.00272552399838,Tentativo interrotto dopo 100.0 secondi.,qiskit_post_pass_callback_and_sigalrm_traceback,transpilation,21,LookaheadSwap,qiskit.transpiler.passes.routing.lookahead_swap.LookaheadSwap,20,99.89446830749512,99.99798934800128,qiskit/transpiler/passes/routing/lookahead_swap.py,_calc_layout_distance,341,routing,routing_method,lookahead,medium,False,"Il callback pubblico di Qiskit viene eseguito dopo ogni pass: last_completed_pass non identifica necessariamente il pass interrotto. | Lo stack indica dove SIGALRM è stato osservato, non dimostra quale pass, configurazione, circuito o hardware abbia causato il timeout. | Un'attribuzione causale richiede confronti controllati tra circuiti, configurazioni e device.",qiskit/transpiler/passes/routing/lookahead_swap.py:341:_calc_layout_distance
ibm_falcon_27,27,f30536987677ef5017fe3a89b8b4ee0a3e7252a1a226cc3db95fd9b2e822d991,run_7d7b2fcc35b85334b8be62c5352b74b04bc80560977257a371badb08ea789456,qpeinexact_indep_qiskit_15,qpeinexact,qiskit,15,44,155,o2_sabre_lookahead,2,sabre,lookahead,0,timeout,transpilation,timeout,AttemptTimeoutError,100.0,100.00334152199866,Tentativo interrotto dopo 100.0 secondi.,qiskit_post_pass_callback_and_sigalrm_traceback,transpilation,21,LookaheadSwap,qiskit.transpiler.passes.routing.lookahead_swap.LookaheadSwap,20,99.7282555103302,99.99776436499815,qiskit/transpiler/passes/routing/lookahead_swap.py,_score_state_with_swap,354,routing,routing_method,lookahead,medium,False,"Il callback pubblico di Qiskit viene eseguito dopo ogni pass: last_completed_pass non identifica necessariamente il pass interrotto. | Lo stack indica dove SIGALRM è stato osservato, non dimostra quale pass, configurazione, circuito o hardware abbia causato il timeout. | Un'attribuzione causale richiede confronti controllati tra circuiti, configurazioni e device.",qiskit/transpiler/passes/routing/lookahead_swap.py:354:_score_state_with_swap
ibm_falcon_27,27,f30536987677ef5017fe3a89b8b4ee0a3e7252a1a226cc3db95fd9b2e822d991,run_3fae7539ee58bed0bc7a1cf03e20d5d3f8017509cd9f0efbe356eb4b8eade740,qpeinexact_indep_qiskit_15,qpeinexact,qiskit,15,44,155,o2_sabre_lookahead,2,sabre,lookahead,1,timeout,transpilation,timeout,AttemptTimeoutError,100.0,100.00323891800144,Tentativo interrotto dopo 100.0 secondi.,qiskit_post_pass_callback_and_sigalrm_traceback,transpilation,21,LookaheadSwap,qiskit.transpiler.passes.routing.lookahead_swap.LookaheadSwap,20,99.92235469818115,99.99361707099888,qiskit/transpiler/passes/routing/lookahead_swap.py,_calc_layout_distance,342,routing,routing_method,lookahead,medium,False,"Il callback pubblico di Qiskit viene eseguito dopo ogni pass: last_completed_pass non identifica necessariamente il pass interrotto. | Lo stack indica dove SIGALRM è stato osservato, non dimostra quale pass, configurazione, circuito o hardware abbia causato il timeout. | Un'attribuzione causale richiede confronti controllati tra circuiti, configurazioni e device.",qiskit/transpiler/passes/routing/lookahead_swap.py:342:_calc_layout_distance
ibm_falcon_27,27,f30536987677ef5017fe3a89b8b4ee0a3e7252a1a226cc3db95fd9b2e822d991,run_7ccf5c608a13771581b30dbe3019e0b587519d76838f060e2ca9c3196412a31f,qpeinexact_indep_qiskit_15,qpeinexact,qiskit,15,44,155,o2_sabre_lookahead,2,sabre,lookahead,2,timeout,transpilation,timeout,AttemptTimeoutError,100.0,100.00306132500191,Tentativo interrotto dopo 100.0 secondi.,qiskit_post_pass_callback_and_sigalrm_traceback,transpilation,21,LookaheadSwap,qiskit.transpiler.passes.routing.lookahead_swap.LookaheadSwap,20,99.90047788619995,99.99779993800257,qiskit/transpiler/passes/routing/lookahead_swap.py,_calc_layout_distance,342,routing,routing_method,lookahead,medium,False,"Il callback pubblico di Qiskit viene eseguito dopo ogni pass: last_completed_pass non identifica necessariamente il pass interrotto. | Lo stack indica dove SIGALRM è stato osservato, non dimostra quale pass, configurazione, circuito o hardware abbia causato il timeout. | Un'attribuzione causale richiede confronti controllati tra circuiti, configurazioni e device.",qiskit/transpiler/passes/routing/lookahead_swap.py:342:_calc_layout_distance
ibm_falcon_27,27,f30536987677ef5017fe3a89b8b4ee0a3e7252a1a226cc3db95fd9b2e822d991,run_04fbb5f82399a978f8744552c9edd1abb7a40b5d4d81bda0f322bf571f68f901,qpeinexact_indep_qiskit_16,qpeinexact,qiskit,16,47,173,o2_sabre_lookahead,2,sabre,lookahead,0,timeout,transpilation,timeout,AttemptTimeoutError,100.0,100.00372794899886,Tentativo interrotto dopo 100.0 secondi.,qiskit_post_pass_callback_and_sigalrm_traceback,transpilation,21,LookaheadSwap,qiskit.transpiler.passes.routing.lookahead_swap.LookaheadSwap,20,99.91312408447266,99.99742505800168,qiskit/transpiler/passes/routing/lookahead_swap.py,_calc_layout_distance,342,routing,routing_method,lookahead,medium,False,"Il callback pubblico di Qiskit viene eseguito dopo ogni pass: last_completed_pass non identifica necessariamente il pass interrotto. | Lo stack indica dove SIGALRM è stato osservato, non dimostra quale pass, configurazione, circuito o hardware abbia causato il timeout. | Un'attribuzione causale richiede confronti controllati tra circuiti, configurazioni e device.",qiskit/transpiler/passes/routing/lookahead_swap.py:342:_calc_layout_distance
ibm_falcon_27,27,f30536987677ef5017fe3a89b8b4ee0a3e7252a1a226cc3db95fd9b2e822d991,run_ac62eda6c6c5e497a275e774e923dce5a3ba65b2d092643f61086ed764c6e175,qpeinexact_indep_qiskit_16,qpeinexact,qiskit,16,47,173,o2_sabre_lookahead,2,sabre,lookahead,1,timeout,transpilation,timeout,AttemptTimeoutError,100.0,100.0040479829986,Tentativo interrotto dopo 100.0 secondi.,qiskit_post_pass_callback_and_sigalrm_traceback,transpilation,21,LookaheadSwap,qiskit.transpiler.passes.routing.lookahead_swap.LookaheadSwap,20,99.92029857635498,99.99773522999749,qiskit/transpiler/passes/routing/lookahead_swap.py,_map_free_gates,313,routing,routing_method,lookahead,medium,False,"Il callback pubblico di Qiskit viene eseguito dopo ogni pass: last_completed_pass non identifica necessariamente il pass interrotto. | Lo stack indica dove SIGALRM è stato osservato, non dimostra quale pass, configurazione, circuito o hardware abbia causato il timeout. | Un'attribuzione causale richiede confronti controllati tra circuiti, configurazioni e device.",qiskit/transpiler/passes/routing/lookahead_swap.py:313:_map_free_gates
ibm_falcon_27,27,f30536987677ef5017fe3a89b8b4ee0a3e7252a1a226cc3db95fd9b2e822d991,run_de07649042ac5446523c64b20b08f12e98d7e440388aa59924a9af4c669ebc4b,qpeinexact_indep_qiskit_16,qpeinexact,qiskit,16,47,173,o2_sabre_lookahead,2,sabre,lookahead,2,timeout,transpilation,timeout,AttemptTimeoutError,100.0,100.00335310800074,Tentativo interrotto dopo 100.0 secondi.,qiskit_post_pass_callback_and_sigalrm_traceback,transpilation,21,LookaheadSwap,qiskit.transpiler.passes.routing.lookahead_swap.LookaheadSwap,20,99.89585375785828,99.9976098469997,qiskit/transpiler/passes/routing/lookahead_swap.py,_score_state_with_swap,356,routing,routing_method,lookahead,medium,False,"Il callback pubblico di Qiskit viene eseguito dopo ogni pass: last_completed_pass non identifica necessariamente il pass interrotto. | Lo stack indica dove SIGALRM è stato osservato, non dimostra quale pass, configurazione, circuito o hardware abbia causato il timeout. | Un'attribuzione causale richiede confronti controllati tra circuiti, configurazioni e device.",qiskit/transpiler/passes/routing/lookahead_swap.py:356:_score_state_with_swap
ibm_falcon_27,27,f30536987677ef5017fe3a89b8b4ee0a3e7252a1a226cc3db95fd9b2e822d991,run_f43933cfdb15a661b728f1581013879bdd73b7887cda3703e04c6e1ff5aab0b6,qpeinexact_indep_tket_10,qpeinexact,tket,10,29,77,o2_sabre_lookahead,2,sabre,lookahead,1,timeout,transpilation,timeout,AttemptTimeoutError,100.0,100.00265921000027,Tentativo interrotto dopo 100.0 secondi.,qiskit_post_pass_callback_and_sigalrm_traceback,transpilation,21,LookaheadSwap,qiskit.transpiler.passes.routing.lookahead_swap.LookaheadSwap,20,99.9197723865509,99.99869065200255,qiskit/transpiler/passes/routing/lookahead_swap.py,<genexpr>,390,routing,routing_method,lookahead,medium,False,"Il callback pubblico di Qiskit viene eseguito dopo ogni pass: last_completed_pass non identifica necessariamente il pass interrotto. | Lo stack indica dove SIGALRM è stato osservato, non dimostra quale pass, configurazione, circuito o hardware abbia causato il timeout. | Un'attribuzione causale richiede confronti controllati tra circuiti, configurazioni e device.",qiskit/transpiler/passes/routing/lookahead_swap.py:390:<genexpr>
ibm_falcon_27,27,f30536987677ef5017fe3a89b8b4ee0a3e7252a1a226cc3db95fd9b2e822d991,run_c25baf8e8c218463d7d00bcdcdd05ea7ed62f354809468abcb8ea57b9879f8f7,qpeinexact_indep_tket_11,qpeinexact,tket,11,32,91,o2_sabre_lookahead,2,sabre,lookahead,1,timeout,transpilation,timeout,AttemptTimeoutError,100.0,100.00260089700168,Tentativo interrotto dopo 100.0 secondi.,qiskit_post_pass_callback_and_sigalrm_traceback,transpilation,21,LookaheadSwap,qiskit.transpiler.passes.routing.lookahead_swap.LookaheadSwap,20,99.93091177940369,99.99853957300002,qiskit/transpiler/passes/routing/lookahead_swap.py,_map_free_gates,303,routing,routing_method,lookahead,medium,False,"Il callback pubblico di Qiskit viene eseguito dopo ogni pass: last_completed_pass non identifica necessariamente il pass interrotto. | Lo stack indica dove SIGALRM è stato osservato, non dimostra quale pass, configurazione, circuito o hardware abbia causato il timeout. | Un'attribuzione causale richiede confronti controllati tra circuiti, configurazioni e device.",qiskit/transpiler/passes/routing/lookahead_swap.py:303:_map_free_gates
ibm_falcon_27,27,f30536987677ef5017fe3a89b8b4ee0a3e7252a1a226cc3db95fd9b2e822d991,run_17fe572b96e35b9a36ff2929421cb2e166f4667b22f5fd759e1195dd1a3e38f2,qpeinexact_indep_tket_12,qpeinexact,tket,12,35,105,o2_sabre_lookahead,2,sabre,lookahead,2,timeout,transpilation,timeout,AttemptTimeoutError,100.0,100.00288245800039,Tentativo interrotto dopo 100.0 secondi.,qiskit_post_pass_callback_and_sigalrm_traceback,transpilation,21,LookaheadSwap,qiskit.transpiler.passes.routing.lookahead_swap.LookaheadSwap,20,99.8986303806305,99.99825651399806,qiskit/transpiler/passes/routing/lookahead_swap.py,_calc_layout_distance,342,routing,routing_method,lookahead,medium,False,"Il callback pubblico di Qiskit viene eseguito dopo ogni pass: last_completed_pass non identifica necessariamente il pass interrotto. | Lo stack indica dove SIGALRM è stato osservato, non dimostra quale pass, configurazione, circuito o hardware abbia causato il timeout. | Un'attribuzione causale richiede confronti controllati tra circuiti, configurazioni e device.",qiskit/transpiler/passes/routing/lookahead_swap.py:342:_calc_layout_distance
ibm_falcon_27,27,f30536987677ef5017fe3a89b8b4ee0a3e7252a1a226cc3db95fd9b2e822d991,run_efbb8278598d21e9a668f9579cd024d53d0c57a35618fe6a21ebaa2edcfbbafc,qpeinexact_indep_tket_13,qpeinexact,tket,13,38,121,o2_sabre_lookahead,2,sabre,lookahead,0,timeout,transpilation,timeout,AttemptTimeoutError,100.0,100.00331745799849,Tentativo interrotto dopo 100.0 secondi.,qiskit_post_pass_callback_and_sigalrm_traceback,transpilation,21,LookaheadSwap,qiskit.transpiler.passes.routing.lookahead_swap.LookaheadSwap,20,99.9271993637085,99.99813529399762,qiskit/transpiler/passes/routing/lookahead_swap.py,_first_op_node,390,routing,routing_method,lookahead,medium,False,"Il callback pubblico di Qiskit viene eseguito dopo ogni pass: last_completed_pass non identifica necessariamente il pass interrotto. | Lo stack indica dove SIGALRM è stato osservato, non dimostra quale pass, configurazione, circuito o hardware abbia causato il timeout. | Un'attribuzione causale richiede confronti controllati tra circuiti, configurazioni e device.",qiskit/transpiler/passes/routing/lookahead_swap.py:390:_first_op_node
ibm_falcon_27,27,f30536987677ef5017fe3a89b8b4ee0a3e7252a1a226cc3db95fd9b2e822d991,run_31f003974af1b61c17126146880514b8d7c7536986ad8366f65d7d3a93cc7c68,qpeinexact_indep_tket_13,qpeinexact,tket,13,38,121,o2_sabre_lookahead,2,sabre,lookahead,1,timeout,transpilation,timeout,AttemptTimeoutError,100.0,100.0066098440002,Tentativo interrotto dopo 100.0 secondi.,qiskit_post_pass_callback_and_sigalrm_traceback,transpilation,21,LookaheadSwap,qiskit.transpiler.passes.routing.lookahead_swap.LookaheadSwap,20,99.90861415863037,99.99784182299845,qiskit/transpiler/passes/routing/lookahead_swap.py,_calc_layout_distance,342,routing,routing_method,lookahead,medium,False,"Il callback pubblico di Qiskit viene eseguito dopo ogni pass: last_completed_pass non identifica necessariamente il pass interrotto. | Lo stack indica dove SIGALRM è stato osservato, non dimostra quale pass, configurazione, circuito o hardware abbia causato il timeout. | Un'attribuzione causale richiede confronti controllati tra circuiti, configurazioni e device.",qiskit/transpiler/passes/routing/lookahead_swap.py:342:_calc_layout_distance
ibm_falcon_27,27,f30536987677ef5017fe3a89b8b4ee0a3e7252a1a226cc3db95fd9b2e822d991,run_1bbb807c8347b97600eedcb2321c209648630f1b9c3661ada292fd006662582c,qpeinexact_indep_tket_13,qpeinexact,tket,13,38,121,o2_sabre_lookahead,2,sabre,lookahead,2,timeout,transpilation,timeout,AttemptTimeoutError,100.0,100.00463939700057,Tentativo interrotto dopo 100.0 secondi.,qiskit_post_pass_callback_and_sigalrm_traceback,transpilation,21,LookaheadSwap,qiskit.transpiler.passes.routing.lookahead_swap.LookaheadSwap,20,99.91490411758423,99.999979324999,qiskit/transpiler/passes/routing/lookahead_swap.py,_calc_layout_distance,342,routing,routing_method,lookahead,medium,False,"Il callback pubblico di Qiskit viene eseguito dopo ogni pass: last_completed_pass non identifica necessariamente il pass interrotto. | Lo stack indica dove SIGALRM è stato osservato, non dimostra quale pass, configurazione, circuito o hardware abbia causato il timeout. | Un'attribuzione causale richiede confronti controllati tra circuiti, configurazioni e device.",qiskit/transpiler/passes/routing/lookahead_swap.py:342:_calc_layout_distance
ibm_falcon_27,27,f30536987677ef5017fe3a89b8b4ee0a3e7252a1a226cc3db95fd9b2e822d991,run_c8021256203ff96a31020eb911029528e7e5f3b13f6097a37b478f40c81e172e,qpeinexact_indep_tket_14,qpeinexact,tket,14,41,137,o2_sabre_lookahead,2,sabre,lookahead,0,timeout,transpilation,timeout,AttemptTimeoutError,100.0,100.0032916170021,Tentativo interrotto dopo 100.0 secondi.,qiskit_post_pass_callback_and_sigalrm_traceback,transpilation,21,LookaheadSwap,qiskit.transpiler.passes.routing.lookahead_swap.LookaheadSwap,20,99.90836572647095,99.99800674799917,qiskit/transpiler/passes/routing/lookahead_swap.py,_calc_layout_distance,342,routing,routing_method,lookahead,medium,False,"Il callback pubblico di Qiskit viene eseguito dopo ogni pass: last_completed_pass non identifica necessariamente il pass interrotto. | Lo stack indica dove SIGALRM è stato osservato, non dimostra quale pass, configurazione, circuito o hardware abbia causato il timeout. | Un'attribuzione causale richiede confronti controllati tra circuiti, configurazioni e device.",qiskit/transpiler/passes/routing/lookahead_swap.py:342:_calc_layout_distance
ibm_falcon_27,27,f30536987677ef5017fe3a89b8b4ee0a3e7252a1a226cc3db95fd9b2e822d991,run_2236cac0806529b14df53f0bbfaf1c4fffd52307d71ce1b34d0b590c71fcd4ff,qpeinexact_indep_tket_14,qpeinexact,tket,14,41,137,o2_sabre_lookahead,2,sabre,lookahead,1,timeout,transpilation,timeout,AttemptTimeoutError,100.0,100.00311420800062,Tentativo interrotto dopo 100.0 secondi.,qiskit_post_pass_callback_and_sigalrm_traceback,transpilation,21,LookaheadSwap,qiskit.transpiler.passes.routing.lookahead_swap.LookaheadSwap,20,99.91482019424438,99.9978414190009,qiskit/transpiler/passes/routing/lookahead_swap.py,_calc_layout_distance,342,routing,routing_method,lookahead,medium,False,"Il callback pubblico di Qiskit viene eseguito dopo ogni pass: last_completed_pass non identifica necessariamente il pass interrotto. | Lo stack indica dove SIGALRM è stato osservato, non dimostra quale pass, configurazione, circuito o hardware abbia causato il timeout. | Un'attribuzione causale richiede confronti controllati tra circuiti, configurazioni e device.",qiskit/transpiler/passes/routing/lookahead_swap.py:342:_calc_layout_distance
ibm_falcon_27,27,f30536987677ef5017fe3a89b8b4ee0a3e7252a1a226cc3db95fd9b2e822d991,run_cb4c6e1649895822d123ced331df08aab47d676f25fad02bcc605aa0d2389fc7,qpeinexact_indep_tket_14,qpeinexact,tket,14,41,137,o2_sabre_lookahead,2,sabre,lookahead,2,timeout,transpilation,timeout,AttemptTimeoutError,100.0,100.00329514100304,Tentativo interrotto dopo 100.0 secondi.,qiskit_post_pass_callback_and_sigalrm_traceback,transpilation,21,LookaheadSwap,qiskit.transpiler.passes.routing.lookahead_swap.LookaheadSwap,20,99.91432404518127,99.9978680690001,qiskit/transpiler/passes/routing/lookahead_swap.py,_calc_layout_distance,342,routing,routing_method,lookahead,medium,False,"Il callback pubblico di Qiskit viene eseguito dopo ogni pass: last_completed_pass non identifica necessariamente il pass interrotto. | Lo stack indica dove SIGALRM è stato osservato, non dimostra quale pass, configurazione, circuito o hardware abbia causato il timeout. | Un'attribuzione causale richiede confronti controllati tra circuiti, configurazioni e device.",qiskit/transpiler/passes/routing/lookahead_swap.py:342:_calc_layout_distance
ibm_falcon_27,27,f30536987677ef5017fe3a89b8b4ee0a3e7252a1a226cc3db95fd9b2e822d991,run_c2550d1973f10629e6930785d3589cad078764e381677af5b7e4921a807025cd,qpeinexact_indep_tket_15,qpeinexact,tket,15,44,155,o2_sabre_lookahead,2,sabre,lookahead,0,timeout,transpilation,timeout,AttemptTimeoutError,100.0,100.0031797699994,Tentativo interrotto dopo 100.0 secondi.,qiskit_post_pass_callback_and_sigalrm_traceback,transpilation,21,LookaheadSwap,qiskit.transpiler.passes.routing.lookahead_swap.LookaheadSwap,20,99.91085696220398,99.99742283600062,qiskit/transpiler/passes/routing/lookahead_swap.py,<lambda>,217,routing,routing_method,lookahead,medium,False,"Il callback pubblico di Qiskit viene eseguito dopo ogni pass: last_completed_pass non identifica necessariamente il pass interrotto. | Lo stack indica dove SIGALRM è stato osservato, non dimostra quale pass, configurazione, circuito o hardware abbia causato il timeout. | Un'attribuzione causale richiede confronti controllati tra circuiti, configurazioni e device.",qiskit/transpiler/passes/routing/lookahead_swap.py:217:<lambda>
ibm_falcon_27,27,f30536987677ef5017fe3a89b8b4ee0a3e7252a1a226cc3db95fd9b2e822d991,run_74c18bb1df5b8d37d3767bb849b1278bc33faa79626349a4d8e11eba25f3f49b,qpeinexact_indep_tket_15,qpeinexact,tket,15,44,155,o2_sabre_lookahead,2,sabre,lookahead,1,timeout,transpilation,timeout,AttemptTimeoutError,100.0,100.00375808099852,Tentativo interrotto dopo 100.0 secondi.,qiskit_post_pass_callback_and_sigalrm_traceback,transpilation,21,LookaheadSwap,qiskit.transpiler.passes.routing.lookahead_swap.LookaheadSwap,20,99.920645236969,99.99743738799953,qiskit/transpiler/passes/routing/lookahead_swap.py,_map_free_gates,312,routing,routing_method,lookahead,medium,False,"Il callback pubblico di Qiskit viene eseguito dopo ogni pass: last_completed_pass non identifica necessariamente il pass interrotto. | Lo stack indica dove SIGALRM è stato osservato, non dimostra quale pass, configurazione, circuito o hardware abbia causato il timeout. | Un'attribuzione causale richiede confronti controllati tra circuiti, configurazioni e device.",qiskit/transpiler/passes/routing/lookahead_swap.py:312:_map_free_gates
ibm_falcon_27,27,f30536987677ef5017fe3a89b8b4ee0a3e7252a1a226cc3db95fd9b2e822d991,run_cabbbad0b84cee832c23b0e6f0b32838298fd9039b6d81a7efdbc9e198a971b9,qpeinexact_indep_tket_15,qpeinexact,tket,15,44,155,o2_sabre_lookahead,2,sabre,lookahead,2,timeout,transpilation,timeout,AttemptTimeoutError,100.0,100.00354631499795,Tentativo interrotto dopo 100.0 secondi.,qiskit_post_pass_callback_and_sigalrm_traceback,transpilation,21,LookaheadSwap,qiskit.transpiler.passes.routing.lookahead_swap.LookaheadSwap,20,99.90873742103577,99.99729566400129,qiskit/transpiler/passes/routing/lookahead_swap.py,_map_free_gates,302,routing,routing_method,lookahead,medium,False,"Il callback pubblico di Qiskit viene eseguito dopo ogni pass: last_completed_pass non identifica necessariamente il pass interrotto. | Lo stack indica dove SIGALRM è stato osservato, non dimostra quale pass, configurazione, circuito o hardware abbia causato il timeout. | Un'attribuzione causale richiede confronti controllati tra circuiti, configurazioni e device.",qiskit/transpiler/passes/routing/lookahead_swap.py:302:_map_free_gates
ibm_falcon_27,27,f30536987677ef5017fe3a89b8b4ee0a3e7252a1a226cc3db95fd9b2e822d991,run_118ae5c2f470e8d5e79b6a568d06d465042c8ad8650183e1f5dafc3ae453b3a0,qpeinexact_indep_tket_9,qpeinexact,tket,9,26,65,o2_sabre_lookahead,2,sabre,lookahead,0,timeout,transpilation,timeout,AttemptTimeoutError,100.0,100.00245291600004,Tentativo interrotto dopo 100.0 secondi.,qiskit_post_pass_callback_and_sigalrm_traceback,transpilation,21,LookaheadSwap,qiskit.transpiler.passes.routing.lookahead_swap.LookaheadSwap,20,99.95134425163269,99.99862600899723,qiskit/transpiler/passes/routing/lookahead_swap.py,_first_op_node,390,routing,routing_method,lookahead,medium,False,"Il callback pubblico di Qiskit viene eseguito dopo ogni pass: last_completed_pass non identifica necessariamente il pass interrotto. | Lo stack indica dove SIGALRM è stato osservato, non dimostra quale pass, configurazione, circuito o hardware abbia causato il timeout. | Un'attribuzione causale richiede confronti controllati tra circuiti, configurazioni e device.",qiskit/transpiler/passes/routing/lookahead_swap.py:390:_first_op_node
ibm_falcon_27,27,f30536987677ef5017fe3a89b8b4ee0a3e7252a1a226cc3db95fd9b2e822d991,run_f80b31230b25f9a17a4efe97fd3faa11cbe93b38e498b54cab07dd98bb6283dc,random_indep_qiskit_6,random,qiskit,6,34,78,o2_sabre_lookahead,2,sabre,lookahead,0,timeout,transpilation,timeout,AttemptTimeoutError,100.0,100.0062482860003,Tentativo interrotto dopo 100.0 secondi.,qiskit_post_pass_callback_and_sigalrm_traceback,transpilation,21,LookaheadSwap,qiskit.transpiler.passes.routing.lookahead_swap.LookaheadSwap,20,99.95184397697449,100.00128936300007,qiskit/transpiler/passes/routing/lookahead_swap.py,_calc_layout_distance,342,routing,routing_method,lookahead,medium,False,"Il callback pubblico di Qiskit viene eseguito dopo ogni pass: last_completed_pass non identifica necessariamente il pass interrotto. | Lo stack indica dove SIGALRM è stato osservato, non dimostra quale pass, configurazione, circuito o hardware abbia causato il timeout. | Un'attribuzione causale richiede confronti controllati tra circuiti, configurazioni e device.",qiskit/transpiler/passes/routing/lookahead_swap.py:342:_calc_layout_distance
ibm_falcon_27,27,f30536987677ef5017fe3a89b8b4ee0a3e7252a1a226cc3db95fd9b2e822d991,run_ffd7a5b5a5ef69a3c2a4c5bb702414101b901a5ab56e80c51076ac1c81d49f80,random_indep_qiskit_6,random,qiskit,6,34,78,o2_sabre_lookahead,2,sabre,lookahead,1,timeout,transpilation,timeout,AttemptTimeoutError,100.0,100.00275251999938,Tentativo interrotto dopo 100.0 secondi.,qiskit_post_pass_callback_and_sigalrm_traceback,transpilation,21,LookaheadSwap,qiskit.transpiler.passes.routing.lookahead_swap.LookaheadSwap,20,99.9267909526825,99.9988618210009,qiskit/transpiler/passes/routing/lookahead_swap.py,<genexpr>,390,routing,routing_method,lookahead,medium,False,"Il callback pubblico di Qiskit viene eseguito dopo ogni pass: last_completed_pass non identifica necessariamente il pass interrotto. | Lo stack indica dove SIGALRM è stato osservato, non dimostra quale pass, configurazione, circuito o hardware abbia causato il timeout. | Un'attribuzione causale richiede confronti controllati tra circuiti, configurazioni e device.",qiskit/transpiler/passes/routing/lookahead_swap.py:390:<genexpr>
ibm_falcon_27,27,f30536987677ef5017fe3a89b8b4ee0a3e7252a1a226cc3db95fd9b2e822d991,run_1fb610751e5561f9be73d725dbec32ecc017b684cc48795dea7ff6a2d2027c43,random_indep_qiskit_7,random,qiskit,7,41,116,o2_sabre_lookahead,2,sabre,lookahead,0,timeout,transpilation,timeout,AttemptTimeoutError,100.0,100.00308876200052,Tentativo interrotto dopo 100.0 secondi.,qiskit_post_pass_callback_and_sigalrm_traceback,transpilation,21,LookaheadSwap,qiskit.transpiler.passes.routing.lookahead_swap.LookaheadSwap,20,99.90502142906189,99.99866133199976,qiskit/transpiler/passes/routing/lookahead_swap.py,_calc_layout_distance,342,routing,routing_method,lookahead,medium,False,"Il callback pubblico di Qiskit viene eseguito dopo ogni pass: last_completed_pass non identifica necessariamente il pass interrotto. | Lo stack indica dove SIGALRM è stato osservato, non dimostra quale pass, configurazione, circuito o hardware abbia causato il timeout. | Un'attribuzione causale richiede confronti controllati tra circuiti, configurazioni e device.",qiskit/transpiler/passes/routing/lookahead_swap.py:342:_calc_layout_distance
ibm_falcon_27,27,f30536987677ef5017fe3a89b8b4ee0a3e7252a1a226cc3db95fd9b2e822d991,run_4f8e35d5da09fd2d8a2e1a4d26cf87aeceb000514ddc56aef70fe50665c5bd45,random_indep_qiskit_7,random,qiskit,7,41,116,o2_sabre_lookahead,2,sabre,lookahead,1,timeout,transpilation,timeout,AttemptTimeoutError,100.0,100.00317058200017,Tentativo interrotto dopo 100.0 secondi.,qiskit_post_pass_callback_and_sigalrm_traceback,transpilation,21,LookaheadSwap,qiskit.transpiler.passes.routing.lookahead_swap.LookaheadSwap,20,99.91173434257507,99.99829330099965,qiskit/transpiler/passes/routing/lookahead_swap.py,_calc_layout_distance,342,routing,routing_method,lookahead,medium,False,"Il callback pubblico di Qiskit viene eseguito dopo ogni pass: last_completed_pass non identifica necessariamente il pass interrotto. | Lo stack indica dove SIGALRM è stato osservato, non dimostra quale pass, configurazione, circuito o hardware abbia causato il timeout. | Un'attribuzione causale richiede confronti controllati tra circuiti, configurazioni e device.",qiskit/transpiler/passes/routing/lookahead_swap.py:342:_calc_layout_distance
ibm_falcon_27,27,f30536987677ef5017fe3a89b8b4ee0a3e7252a1a226cc3db95fd9b2e822d991,run_8e7da986ac4d248d45e6814f7aa30a4d49d0b7488e840e5aec6390f34aefd76a,random_indep_qiskit_7,random,qiskit,7,41,116,o2_sabre_lookahead,2,sabre,lookahead,2,timeout,transpilation,timeout,AttemptTimeoutError,100.0,100.00489704499978,Tentativo interrotto dopo 100.0 secondi.,qiskit_post_pass_callback_and_sigalrm_traceback,transpilation,21,LookaheadSwap,qiskit.transpiler.passes.routing.lookahead_swap.LookaheadSwap,20,99.94135975837708,99.99879553200026,qiskit/transpiler/passes/routing/lookahead_swap.py,_map_free_gates,313,routing,routing_method,lookahead,medium,False,"Il callback pubblico di Qiskit viene eseguito dopo ogni pass: last_completed_pass non identifica necessariamente il pass interrotto. | Lo stack indica dove SIGALRM è stato osservato, non dimostra quale pass, configurazione, circuito o hardware abbia causato il timeout. | Un'attribuzione causale richiede confronti controllati tra circuiti, configurazioni e device.",qiskit/transpiler/passes/routing/lookahead_swap.py:313:_map_free_gates
ibm_falcon_27,27,f30536987677ef5017fe3a89b8b4ee0a3e7252a1a226cc3db95fd9b2e822d991,run_81bba4f13cd841c04b1d6ac17fb06cf738dafe96b28970e4d39fe0732c2ae217,random_indep_qiskit_8,random,qiskit,8,50,152,o2_sabre_lookahead,2,sabre,lookahead,0,timeout,transpilation,timeout,AttemptTimeoutError,100.0,100.00371992999953,Tentativo interrotto dopo 100.0 secondi.,qiskit_post_pass_callback_and_sigalrm_traceback,transpilation,21,LookaheadSwap,qiskit.transpiler.passes.routing.lookahead_swap.LookaheadSwap,20,99.9433445930481,99.9981245529998,qiskit/transpiler/passes/routing/lookahead_swap.py,_calc_layout_distance,342,routing,routing_method,lookahead,medium,False,"Il callback pubblico di Qiskit viene eseguito dopo ogni pass: last_completed_pass non identifica necessariamente il pass interrotto. | Lo stack indica dove SIGALRM è stato osservato, non dimostra quale pass, configurazione, circuito o hardware abbia causato il timeout. | Un'attribuzione causale richiede confronti controllati tra circuiti, configurazioni e device.",qiskit/transpiler/passes/routing/lookahead_swap.py:342:_calc_layout_distance
ibm_falcon_27,27,f30536987677ef5017fe3a89b8b4ee0a3e7252a1a226cc3db95fd9b2e822d991,run_e393d2d11e0125968792de8e60a082da0d2b7bd22b2553ec24359483e77b5a26,random_indep_qiskit_8,random,qiskit,8,50,152,o2_sabre_lookahead,2,sabre,lookahead,1,timeout,transpilation,timeout,AttemptTimeoutError,100.0,100.0031040670001,Tentativo interrotto dopo 100.0 secondi.,qiskit_post_pass_callback_and_sigalrm_traceback,transpilation,21,LookaheadSwap,qiskit.transpiler.passes.routing.lookahead_swap.LookaheadSwap,20,99.94615602493286,99.99828672999956,qiskit/transpiler/passes/routing/lookahead_swap.py,_map_free_gates,312,routing,routing_method,lookahead,medium,False,"Il callback pubblico di Qiskit viene eseguito dopo ogni pass: last_completed_pass non identifica necessariamente il pass interrotto. | Lo stack indica dove SIGALRM è stato osservato, non dimostra quale pass, configurazione, circuito o hardware abbia causato il timeout. | Un'attribuzione causale richiede confronti controllati tra circuiti, configurazioni e device.",qiskit/transpiler/passes/routing/lookahead_swap.py:312:_map_free_gates
ibm_falcon_27,27,f30536987677ef5017fe3a89b8b4ee0a3e7252a1a226cc3db95fd9b2e822d991,run_dc415e0c53b4468b2ba9bc65dc828c7ad05742f08b1582b8ffa5ce5edc1e3204,random_indep_qiskit_8,random,qiskit,8,50,152,o2_sabre_lookahead,2,sabre,lookahead,2,timeout,transpilation,timeout,AttemptTimeoutError,100.0,100.00446604600074,Tentativo interrotto dopo 100.0 secondi.,qiskit_post_pass_callback_and_sigalrm_traceback,transpilation,21,LookaheadSwap,qiskit.transpiler.passes.routing.lookahead_swap.LookaheadSwap,20,99.91651964187622,99.9984286809995,qiskit/transpiler/passes/routing/lookahead_swap.py,_calc_layout_distance,342,routing,routing_method,lookahead,medium,False,"Il callback pubblico di Qiskit viene eseguito dopo ogni pass: last_completed_pass non identifica necessariamente il pass interrotto. | Lo stack indica dove SIGALRM è stato osservato, non dimostra quale pass, configurazione, circuito o hardware abbia causato il timeout. | Un'attribuzione causale richiede confronti controllati tra circuiti, configurazioni e device.",qiskit/transpiler/passes/routing/lookahead_swap.py:342:_calc_layout_distance
ibm_falcon_27,27,f30536987677ef5017fe3a89b8b4ee0a3e7252a1a226cc3db95fd9b2e822d991,run_efa2f5bd024bb8b050568d554ec692029a1bcefd47d69b12d66463fcbdd3f663,random_indep_tket_6,random,tket,6,34,78,o2_sabre_lookahead,2,sabre,lookahead,0,timeout,transpilation,timeout,AttemptTimeoutError,100.0,100.00320323800042,Tentativo interrotto dopo 100.0 secondi.,qiskit_post_pass_callback_and_sigalrm_traceback,transpilation,21,LookaheadSwap,qiskit.transpiler.passes.routing.lookahead_swap.LookaheadSwap,20,99.94686436653137,99.99717402500028,qiskit/transpiler/passes/routing/lookahead_swap.py,<genexpr>,390,routing,routing_method,lookahead,medium,False,"Il callback pubblico di Qiskit viene eseguito dopo ogni pass: last_completed_pass non identifica necessariamente il pass interrotto. | Lo stack indica dove SIGALRM è stato osservato, non dimostra quale pass, configurazione, circuito o hardware abbia causato il timeout. | Un'attribuzione causale richiede confronti controllati tra circuiti, configurazioni e device.",qiskit/transpiler/passes/routing/lookahead_swap.py:390:<genexpr>
ibm_falcon_27,27,f30536987677ef5017fe3a89b8b4ee0a3e7252a1a226cc3db95fd9b2e822d991,run_a19d1db117eae17eae1d598c4f31166b29e227ccb1fb46ac7a0904fda43188c4,random_indep_tket_6,random,tket,6,34,78,o2_sabre_lookahead,2,sabre,lookahead,1,timeout,transpilation,timeout,AttemptTimeoutError,100.0,100.00301599300019,Tentativo interrotto dopo 100.0 secondi.,qiskit_post_pass_callback_and_sigalrm_traceback,transpilation,21,LookaheadSwap,qiskit.transpiler.passes.routing.lookahead_swap.LookaheadSwap,20,99.91084814071655,99.99896557100055,qiskit/transpiler/passes/routing/lookahead_swap.py,_first_op_node,390,routing,routing_method,lookahead,medium,False,"Il callback pubblico di Qiskit viene eseguito dopo ogni pass: last_completed_pass non identifica necessariamente il pass interrotto. | Lo stack indica dove SIGALRM è stato osservato, non dimostra quale pass, configurazione, circuito o hardware abbia causato il timeout. | Un'attribuzione causale richiede confronti controllati tra circuiti, configurazioni e device.",qiskit/transpiler/passes/routing/lookahead_swap.py:390:_first_op_node
ibm_falcon_27,27,f30536987677ef5017fe3a89b8b4ee0a3e7252a1a226cc3db95fd9b2e822d991,run_41fca1f64b78e68d11ceaf679627578df273f21a98cc9cc4354cdbf3f1a259a1,random_indep_tket_7,random,tket,7,41,116,o2_sabre_lookahead,2,sabre,lookahead,0,timeout,transpilation,timeout,AttemptTimeoutError,100.0,100.00300645400057,Tentativo interrotto dopo 100.0 secondi.,qiskit_post_pass_callback_and_sigalrm_traceback,transpilation,21,LookaheadSwap,qiskit.transpiler.passes.routing.lookahead_swap.LookaheadSwap,20,99.9037024974823,99.9984631340003,qiskit/transpiler/passes/routing/lookahead_swap.py,_calc_layout_distance,342,routing,routing_method,lookahead,medium,False,"Il callback pubblico di Qiskit viene eseguito dopo ogni pass: last_completed_pass non identifica necessariamente il pass interrotto. | Lo stack indica dove SIGALRM è stato osservato, non dimostra quale pass, configurazione, circuito o hardware abbia causato il timeout. | Un'attribuzione causale richiede confronti controllati tra circuiti, configurazioni e device.",qiskit/transpiler/passes/routing/lookahead_swap.py:342:_calc_layout_distance
ibm_falcon_27,27,f30536987677ef5017fe3a89b8b4ee0a3e7252a1a226cc3db95fd9b2e822d991,run_f70d004bc947bc272002243e824cbe02a0163b2371d74a5e46823c8bb10fd705,random_indep_tket_7,random,tket,7,41,116,o2_sabre_lookahead,2,sabre,lookahead,1,timeout,transpilation,timeout,AttemptTimeoutError,100.0,100.00350979299947,Tentativo interrotto dopo 100.0 secondi.,qiskit_post_pass_callback_and_sigalrm_traceback,transpilation,21,LookaheadSwap,qiskit.transpiler.passes.routing.lookahead_swap.LookaheadSwap,20,99.94497299194336,99.99879851500009,qiskit/transpiler/passes/routing/lookahead_swap.py,_map_free_gates,313,routing,routing_method,lookahead,medium,False,"Il callback pubblico di Qiskit viene eseguito dopo ogni pass: last_completed_pass non identifica necessariamente il pass interrotto. | Lo stack indica dove SIGALRM è stato osservato, non dimostra quale pass, configurazione, circuito o hardware abbia causato il timeout. | Un'attribuzione causale richiede confronti controllati tra circuiti, configurazioni e device.",qiskit/transpiler/passes/routing/lookahead_swap.py:313:_map_free_gates
ibm_falcon_27,27,f30536987677ef5017fe3a89b8b4ee0a3e7252a1a226cc3db95fd9b2e822d991,run_894014d4b6bca94cb2d514906c33a20edd806cbaca90e3b9bb342110aaf90e99,random_indep_tket_7,random,tket,7,41,116,o2_sabre_lookahead,2,sabre,lookahead,2,timeout,transpilation,timeout,AttemptTimeoutError,100.0,100.00327165099952,Tentativo interrotto dopo 100.0 secondi.,qiskit_post_pass_callback_and_sigalrm_traceback,transpilation,21,LookaheadSwap,qiskit.transpiler.passes.routing.lookahead_swap.LookaheadSwap,20,99.94618606567383,99.9986085999999,qiskit/transpiler/passes/routing/lookahead_swap.py,_calc_layout_distance,341,routing,routing_method,lookahead,medium,False,"Il callback pubblico di Qiskit viene eseguito dopo ogni pass: last_completed_pass non identifica necessariamente il pass interrotto. | Lo stack indica dove SIGALRM è stato osservato, non dimostra quale pass, configurazione, circuito o hardware abbia causato il timeout. | Un'attribuzione causale richiede confronti controllati tra circuiti, configurazioni e device.",qiskit/transpiler/passes/routing/lookahead_swap.py:341:_calc_layout_distance
ibm_falcon_27,27,f30536987677ef5017fe3a89b8b4ee0a3e7252a1a226cc3db95fd9b2e822d991,run_04f9fe41dbef6f06bd75c92c56ebb0a67728aedd9961dba18031a871399902fb,random_indep_tket_8,random,tket,8,50,152,o2_sabre_lookahead,2,sabre,lookahead,0,timeout,transpilation,timeout,AttemptTimeoutError,100.0,100.00382276099936,Tentativo interrotto dopo 100.0 secondi.,qiskit_post_pass_callback_and_sigalrm_traceback,transpilation,21,LookaheadSwap,qiskit.transpiler.passes.routing.lookahead_swap.LookaheadSwap,20,99.9381799697876,99.99819674500031,qiskit/transpiler/passes/routing/lookahead_swap.py,_calc_layout_distance,342,routing,routing_method,lookahead,medium,False,"Il callback pubblico di Qiskit viene eseguito dopo ogni pass: last_completed_pass non identifica necessariamente il pass interrotto. | Lo stack indica dove SIGALRM è stato osservato, non dimostra quale pass, configurazione, circuito o hardware abbia causato il timeout. | Un'attribuzione causale richiede confronti controllati tra circuiti, configurazioni e device.",qiskit/transpiler/passes/routing/lookahead_swap.py:342:_calc_layout_distance
ibm_falcon_27,27,f30536987677ef5017fe3a89b8b4ee0a3e7252a1a226cc3db95fd9b2e822d991,run_48ed5fc2d57d7051faeaf45bae7a82df4c16c30b88fa22cd73bbf709f0c8351f,random_indep_tket_8,random,tket,8,50,152,o2_sabre_lookahead,2,sabre,lookahead,1,timeout,transpilation,timeout,AttemptTimeoutError,100.0,100.00394509499984,Tentativo interrotto dopo 100.0 secondi.,qiskit_post_pass_callback_and_sigalrm_traceback,transpilation,21,LookaheadSwap,qiskit.transpiler.passes.routing.lookahead_swap.LookaheadSwap,20,99.92780113220215,99.99869621700054,qiskit/transpiler/passes/routing/lookahead_swap.py,_first_op_node,390,routing,routing_method,lookahead,medium,False,"Il callback pubblico di Qiskit viene eseguito dopo ogni pass: last_completed_pass non identifica necessariamente il pass interrotto. | Lo stack indica dove SIGALRM è stato osservato, non dimostra quale pass, configurazione, circuito o hardware abbia causato il timeout. | Un'attribuzione causale richiede confronti controllati tra circuiti, configurazioni e device.",qiskit/transpiler/passes/routing/lookahead_swap.py:390:_first_op_node
ibm_falcon_27,27,f30536987677ef5017fe3a89b8b4ee0a3e7252a1a226cc3db95fd9b2e822d991,run_bc62459b5aed51f03dd9a18b91491ad0fa7be027d37c1f32c52de470e040f238,random_indep_tket_8,random,tket,8,50,152,o2_sabre_lookahead,2,sabre,lookahead,2,timeout,transpilation,timeout,AttemptTimeoutError,100.0,100.0047660220007,Tentativo interrotto dopo 100.0 secondi.,qiskit_post_pass_callback_and_sigalrm_traceback,transpilation,21,LookaheadSwap,qiskit.transpiler.passes.routing.lookahead_swap.LookaheadSwap,20,99.9494047164917,99.99972433699986,qiskit/transpiler/passes/routing/lookahead_swap.py,_map_free_gates,312,routing,routing_method,lookahead,medium,False,"Il callback pubblico di Qiskit viene eseguito dopo ogni pass: last_completed_pass non identifica necessariamente il pass interrotto. | Lo stack indica dove SIGALRM è stato osservato, non dimostra quale pass, configurazione, circuito o hardware abbia causato il timeout. | Un'attribuzione causale richiede confronti controllati tra circuiti, configurazioni e device.",qiskit/transpiler/passes/routing/lookahead_swap.py:312:_map_free_gates
ibm_falcon_27,27,f30536987677ef5017fe3a89b8b4ee0a3e7252a1a226cc3db95fd9b2e822d991,run_13d33f456ffea4ee4400ddd18bec3962b241c28eff524b1b64881252986e3614,realamprandom_indep_qiskit_10,realamprandom,qiskit,10,42,185,o2_sabre_lookahead,2,sabre,lookahead,0,timeout,transpilation,timeout,AttemptTimeoutError,100.0,100.00387482599945,Tentativo interrotto dopo 100.0 secondi.,qiskit_post_pass_callback_and_sigalrm_traceback,transpilation,21,LookaheadSwap,qiskit.transpiler.passes.routing.lookahead_swap.LookaheadSwap,20,99.86297798156738,99.99868389699986,qiskit/transpiler/passes/routing/lookahead_swap.py,_calc_layout_distance,342,routing,routing_method,lookahead,medium,False,"Il callback pubblico di Qiskit viene eseguito dopo ogni pass: last_completed_pass non identifica necessariamente il pass interrotto. | Lo stack indica dove SIGALRM è stato osservato, non dimostra quale pass, configurazione, circuito o hardware abbia causato il timeout. | Un'attribuzione causale richiede confronti controllati tra circuiti, configurazioni e device.",qiskit/transpiler/passes/routing/lookahead_swap.py:342:_calc_layout_distance
ibm_falcon_27,27,f30536987677ef5017fe3a89b8b4ee0a3e7252a1a226cc3db95fd9b2e822d991,run_0f863383efab6ee327d5d0b0429ac94739dc4d93986e7a5c58e93d9c7d68cb05,realamprandom_indep_qiskit_10,realamprandom,qiskit,10,42,185,o2_sabre_lookahead,2,sabre,lookahead,1,timeout,transpilation,timeout,AttemptTimeoutError,100.0,100.00358804100051,Tentativo interrotto dopo 100.0 secondi.,qiskit_post_pass_callback_and_sigalrm_traceback,transpilation,21,LookaheadSwap,qiskit.transpiler.passes.routing.lookahead_swap.LookaheadSwap,20,99.87952756881714,99.99875309100025,qiskit/transpiler/passes/routing/lookahead_swap.py,_map_free_gates,312,routing,routing_method,lookahead,medium,False,"Il callback pubblico di Qiskit viene eseguito dopo ogni pass: last_completed_pass non identifica necessariamente il pass interrotto. | Lo stack indica dove SIGALRM è stato osservato, non dimostra quale pass, configurazione, circuito o hardware abbia causato il timeout. | Un'attribuzione causale richiede confronti controllati tra circuiti, configurazioni e device.",qiskit/transpiler/passes/routing/lookahead_swap.py:312:_map_free_gates
ibm_falcon_27,27,f30536987677ef5017fe3a89b8b4ee0a3e7252a1a226cc3db95fd9b2e822d991,run_094315827f37f1d8d891d704c3bf22c99ab2c62728f54dfb6b26538e7decaa24,realamprandom_indep_qiskit_10,realamprandom,qiskit,10,42,185,o2_sabre_lookahead,2,sabre,lookahead,2,timeout,transpilation,timeout,AttemptTimeoutError,100.0,100.0035484760001,Tentativo interrotto dopo 100.0 secondi.,qiskit_post_pass_callback_and_sigalrm_traceback,transpilation,21,LookaheadSwap,qiskit.transpiler.passes.routing.lookahead_swap.LookaheadSwap,20,99.9126489162445,99.99865578699973,qiskit/transpiler/passes/routing/lookahead_swap.py,_map_free_gates,312,routing,routing_method,lookahead,medium,False,"Il callback pubblico di Qiskit viene eseguito dopo ogni pass: last_completed_pass non identifica necessariamente il pass interrotto. | Lo stack indica dove SIGALRM è stato osservato, non dimostra quale pass, configurazione, circuito o hardware abbia causato il timeout. | Un'attribuzione causale richiede confronti controllati tra circuiti, configurazioni e device.",qiskit/transpiler/passes/routing/lookahead_swap.py:312:_map_free_gates
ibm_falcon_27,27,f30536987677ef5017fe3a89b8b4ee0a3e7252a1a226cc3db95fd9b2e822d991,run_101fa59799c389a29c488f6e4a1aa77257c7368904dfdbf447ecc7b6068d0af8,realamprandom_indep_qiskit_11,realamprandom,qiskit,11,46,220,o2_sabre_lookahead,2,sabre,lookahead,0,timeout,transpilation,timeout,AttemptTimeoutError,100.0,100.00496222999936,Tentativo interrotto dopo 100.0 secondi.,qiskit_post_pass_callback_and_sigalrm_traceback,transpilation,21,LookaheadSwap,qiskit.transpiler.passes.routing.lookahead_swap.LookaheadSwap,20,99.8657796382904,99.99854336099997,qiskit/transpiler/passes/routing/lookahead_swap.py,_calc_layout_distance,342,routing,routing_method,lookahead,medium,False,"Il callback pubblico di Qiskit viene eseguito dopo ogni pass: last_completed_pass non identifica necessariamente il pass interrotto. | Lo stack indica dove SIGALRM è stato osservato, non dimostra quale pass, configurazione, circuito o hardware abbia causato il timeout. | Un'attribuzione causale richiede confronti controllati tra circuiti, configurazioni e device.",qiskit/transpiler/passes/routing/lookahead_swap.py:342:_calc_layout_distance
ibm_falcon_27,27,f30536987677ef5017fe3a89b8b4ee0a3e7252a1a226cc3db95fd9b2e822d991,run_0846fb3d8b0512d6470bd10c25133a637ca8793debbe27dead672e130eea4570,realamprandom_indep_qiskit_11,realamprandom,qiskit,11,46,220,o2_sabre_lookahead,2,sabre,lookahead,1,timeout,transpilation,timeout,AttemptTimeoutError,100.0,100.0040950499997,Tentativo interrotto dopo 100.0 secondi.,qiskit_post_pass_callback_and_sigalrm_traceback,transpilation,21,LookaheadSwap,qiskit.transpiler.passes.routing.lookahead_swap.LookaheadSwap,20,99.89942646026611,99.99861151699952,qiskit/transpiler/passes/routing/lookahead_swap.py,_calc_layout_distance,342,routing,routing_method,lookahead,medium,False,"Il callback pubblico di Qiskit viene eseguito dopo ogni pass: last_completed_pass non identifica necessariamente il pass interrotto. | Lo stack indica dove SIGALRM è stato osservato, non dimostra quale pass, configurazione, circuito o hardware abbia causato il timeout. | Un'attribuzione causale richiede confronti controllati tra circuiti, configurazioni e device.",qiskit/transpiler/passes/routing/lookahead_swap.py:342:_calc_layout_distance
ibm_falcon_27,27,f30536987677ef5017fe3a89b8b4ee0a3e7252a1a226cc3db95fd9b2e822d991,run_c5e7a17feb0303766d9e5998b12aa98499e23c4431eb9f596662042a3c052c55,realamprandom_indep_qiskit_11,realamprandom,qiskit,11,46,220,o2_sabre_lookahead,2,sabre,lookahead,2,timeout,transpilation,timeout,AttemptTimeoutError,100.0,100.00715139400018,Tentativo interrotto dopo 100.0 secondi.,qiskit_post_pass_callback_and_sigalrm_traceback,transpilation,21,LookaheadSwap,qiskit.transpiler.passes.routing.lookahead_swap.LookaheadSwap,20,99.85194897651672,99.99675578899951,qiskit/transpiler/passes/routing/lookahead_swap.py,_calc_layout_distance,342,routing,routing_method,lookahead,medium,False,"Il callback pubblico di Qiskit viene eseguito dopo ogni pass: last_completed_pass non identifica necessariamente il pass interrotto. | Lo stack indica dove SIGALRM è stato osservato, non dimostra quale pass, configurazione, circuito o hardware abbia causato il timeout. | Un'attribuzione causale richiede confronti controllati tra circuiti, configurazioni e device.",qiskit/transpiler/passes/routing/lookahead_swap.py:342:_calc_layout_distance
ibm_falcon_27,27,f30536987677ef5017fe3a89b8b4ee0a3e7252a1a226cc3db95fd9b2e822d991,run_61e6a8854232f7decea3a70046da1222b77f504510629032003dbd3ee1ec8c5f,realamprandom_indep_qiskit_6,realamprandom,qiskit,6,26,75,o2_sabre_lookahead,2,sabre,lookahead,0,timeout,transpilation,timeout,AttemptTimeoutError,100.0,100.0067206700005,Tentativo interrotto dopo 100.0 secondi.,qiskit_post_pass_callback_and_sigalrm_traceback,transpilation,21,LookaheadSwap,qiskit.transpiler.passes.routing.lookahead_swap.LookaheadSwap,20,99.95808696746826,100.00188652500037,qiskit/transpiler/passes/routing/lookahead_swap.py,<genexpr>,390,routing,routing_method,lookahead,medium,False,"Il callback pubblico di Qiskit viene eseguito dopo ogni pass: last_completed_pass non identifica necessariamente il pass interrotto. | Lo stack indica dove SIGALRM è stato osservato, non dimostra quale pass, configurazione, circuito o hardware abbia causato il timeout. | Un'attribuzione causale richiede confronti controllati tra circuiti, configurazioni e device.",qiskit/transpiler/passes/routing/lookahead_swap.py:390:<genexpr>
ibm_falcon_27,27,f30536987677ef5017fe3a89b8b4ee0a3e7252a1a226cc3db95fd9b2e822d991,run_eb5c13cdcce3488b75df700d1dc783f71eb42352c261c5daf0c39dabf732e92d,realamprandom_indep_qiskit_6,realamprandom,qiskit,6,26,75,o2_sabre_lookahead,2,sabre,lookahead,1,timeout,transpilation,timeout,AttemptTimeoutError,100.0,100.00309740399916,Tentativo interrotto dopo 100.0 secondi.,qiskit_post_pass_callback_and_sigalrm_traceback,transpilation,21,LookaheadSwap,qiskit.transpiler.passes.routing.lookahead_swap.LookaheadSwap,20,99.95525598526001,99.99924319999991,qiskit/transpiler/passes/routing/lookahead_swap.py,_first_op_node,390,routing,routing_method,lookahead,medium,False,"Il callback pubblico di Qiskit viene eseguito dopo ogni pass: last_completed_pass non identifica necessariamente il pass interrotto. | Lo stack indica dove SIGALRM è stato osservato, non dimostra quale pass, configurazione, circuito o hardware abbia causato il timeout. | Un'attribuzione causale richiede confronti controllati tra circuiti, configurazioni e device.",qiskit/transpiler/passes/routing/lookahead_swap.py:390:_first_op_node
ibm_falcon_27,27,f30536987677ef5017fe3a89b8b4ee0a3e7252a1a226cc3db95fd9b2e822d991,run_e8689373ea541de96ac4accc5d079c86f07026ee325e0f36067b81acac0c4edd,realamprandom_indep_qiskit_7,realamprandom,qiskit,7,30,98,o2_sabre_lookahead,2,sabre,lookahead,0,timeout,transpilation,timeout,AttemptTimeoutError,100.0,100.0030899329995,Tentativo interrotto dopo 100.0 secondi.,qiskit_post_pass_callback_and_sigalrm_traceback,transpilation,21,LookaheadSwap,qiskit.transpiler.passes.routing.lookahead_swap.LookaheadSwap,20,99.93671703338623,99.99895402200036,qiskit/transpiler/passes/routing/lookahead_swap.py,_calc_layout_distance,342,routing,routing_method,lookahead,medium,False,"Il callback pubblico di Qiskit viene eseguito dopo ogni pass: last_completed_pass non identifica necessariamente il pass interrotto. | Lo stack indica dove SIGALRM è stato osservato, non dimostra quale pass, configurazione, circuito o hardware abbia causato il timeout. | Un'attribuzione causale richiede confronti controllati tra circuiti, configurazioni e device.",qiskit/transpiler/passes/routing/lookahead_swap.py:342:_calc_layout_distance
ibm_falcon_27,27,f30536987677ef5017fe3a89b8b4ee0a3e7252a1a226cc3db95fd9b2e822d991,run_dcd569f361f4820ea4938888377267bb7d93b803fba904df6e9b2f9d1c8d2c3d,realamprandom_indep_qiskit_7,realamprandom,qiskit,7,30,98,o2_sabre_lookahead,2,sabre,lookahead,1,timeout,transpilation,timeout,AttemptTimeoutError,100.0,100.00309173999995,Tentativo interrotto dopo 100.0 secondi.,qiskit_post_pass_callback_and_sigalrm_traceback,transpilation,21,LookaheadSwap,qiskit.transpiler.passes.routing.lookahead_swap.LookaheadSwap,20,99.89207935333252,99.99901714800035,qiskit/transpiler/passes/routing/lookahead_swap.py,_map_free_gates,312,routing,routing_method,lookahead,medium,False,"Il callback pubblico di Qiskit viene eseguito dopo ogni pass: last_completed_pass non identifica necessariamente il pass interrotto. | Lo stack indica dove SIGALRM è stato osservato, non dimostra quale pass, configurazione, circuito o hardware abbia causato il timeout. | Un'attribuzione causale richiede confronti controllati tra circuiti, configurazioni e device.",qiskit/transpiler/passes/routing/lookahead_swap.py:312:_map_free_gates
ibm_falcon_27,27,f30536987677ef5017fe3a89b8b4ee0a3e7252a1a226cc3db95fd9b2e822d991,run_ad06031ffea15cb0d6b0b00a29ef5a45fff41d405389481b68635bf5274ad107,realamprandom_indep_qiskit_7,realamprandom,qiskit,7,30,98,o2_sabre_lookahead,2,sabre,lookahead,2,timeout,transpilation,timeout,AttemptTimeoutError,100.0,100.00330798499999,Tentativo interrotto dopo 100.0 secondi.,qiskit_post_pass_callback_and_sigalrm_traceback,transpilation,21,LookaheadSwap,qiskit.transpiler.passes.routing.lookahead_swap.LookaheadSwap,20,99.94795846939087,99.99911606000023,qiskit/transpiler/passes/routing/lookahead_swap.py,_calc_layout_distance,342,routing,routing_method,lookahead,medium,False,"Il callback pubblico di Qiskit viene eseguito dopo ogni pass: last_completed_pass non identifica necessariamente il pass interrotto. | Lo stack indica dove SIGALRM è stato osservato, non dimostra quale pass, configurazione, circuito o hardware abbia causato il timeout. | Un'attribuzione causale richiede confronti controllati tra circuiti, configurazioni e device.",qiskit/transpiler/passes/routing/lookahead_swap.py:342:_calc_layout_distance
ibm_falcon_27,27,f30536987677ef5017fe3a89b8b4ee0a3e7252a1a226cc3db95fd9b2e822d991,run_9a881ccc5f8aa1af249342d2384df1546f94a62978a536910b46aadf370b1a00,realamprandom_indep_qiskit_8,realamprandom,qiskit,8,34,124,o2_sabre_lookahead,2,sabre,lookahead,0,timeout,transpilation,timeout,AttemptTimeoutError,100.0,100.00384727800065,Tentativo interrotto dopo 100.0 secondi.,qiskit_post_pass_callback_and_sigalrm_traceback,transpilation,21,LookaheadSwap,qiskit.transpiler.passes.routing.lookahead_swap.LookaheadSwap,20,99.89904236793518,99.99994745799995,qiskit/transpiler/passes/routing/lookahead_swap.py,_calc_layout_distance,342,routing,routing_method,lookahead,medium,False,"Il callback pubblico di Qiskit viene eseguito dopo ogni pass: last_completed_pass non identifica necessariamente il pass interrotto. | Lo stack indica dove SIGALRM è stato osservato, non dimostra quale pass, configurazione, circuito o hardware abbia causato il timeout. | Un'attribuzione causale richiede confronti controllati tra circuiti, configurazioni e device.",qiskit/transpiler/passes/routing/lookahead_swap.py:342:_calc_layout_distance
ibm_falcon_27,27,f30536987677ef5017fe3a89b8b4ee0a3e7252a1a226cc3db95fd9b2e822d991,run_b4ef309c531508fcc068f960697f961014144979fcf2523bd40235af9615a342,realamprandom_indep_qiskit_8,realamprandom,qiskit,8,34,124,o2_sabre_lookahead,2,sabre,lookahead,1,timeout,transpilation,timeout,AttemptTimeoutError,100.0,100.00290617300016,Tentativo interrotto dopo 100.0 secondi.,qiskit_post_pass_callback_and_sigalrm_traceback,transpilation,21,LookaheadSwap,qiskit.transpiler.passes.routing.lookahead_swap.LookaheadSwap,20,99.88670611381531,99.99905366500025,qiskit/transpiler/passes/routing/lookahead_swap.py,_calc_layout_distance,342,routing,routing_method,lookahead,medium,False,"Il callback pubblico di Qiskit viene eseguito dopo ogni pass: last_completed_pass non identifica necessariamente il pass interrotto. | Lo stack indica dove SIGALRM è stato osservato, non dimostra quale pass, configurazione, circuito o hardware abbia causato il timeout. | Un'attribuzione causale richiede confronti controllati tra circuiti, configurazioni e device.",qiskit/transpiler/passes/routing/lookahead_swap.py:342:_calc_layout_distance
ibm_falcon_27,27,f30536987677ef5017fe3a89b8b4ee0a3e7252a1a226cc3db95fd9b2e822d991,run_c0bdc081f1744e9071fceb7f1b8011bc49d8ba156c14792db9689a2ec258d31d,realamprandom_indep_qiskit_8,realamprandom,qiskit,8,34,124,o2_sabre_lookahead,2,sabre,lookahead,2,timeout,transpilation,timeout,AttemptTimeoutError,100.0,100.00300655300089,Tentativo interrotto dopo 100.0 secondi.,qiskit_post_pass_callback_and_sigalrm_traceback,transpilation,21,LookaheadSwap,qiskit.transpiler.passes.routing.lookahead_swap.LookaheadSwap,20,99.90085935592651,99.9990262020001,qiskit/transpiler/passes/routing/lookahead_swap.py,_map_free_gates,312,routing,routing_method,lookahead,medium,False,"Il callback pubblico di Qiskit viene eseguito dopo ogni pass: last_completed_pass non identifica necessariamente il pass interrotto. | Lo stack indica dove SIGALRM è stato osservato, non dimostra quale pass, configurazione, circuito o hardware abbia causato il timeout. | Un'attribuzione causale richiede confronti controllati tra circuiti, configurazioni e device.",qiskit/transpiler/passes/routing/lookahead_swap.py:312:_map_free_gates
ibm_falcon_27,27,f30536987677ef5017fe3a89b8b4ee0a3e7252a1a226cc3db95fd9b2e822d991,run_b18c5b9cb76f57d96fd8a668b7cf3e7e170cfbdc713f2f196fb5e84664205c3b,realamprandom_indep_qiskit_9,realamprandom,qiskit,9,38,153,o2_sabre_lookahead,2,sabre,lookahead,0,timeout,transpilation,timeout,AttemptTimeoutError,100.0,100.00392856200051,Tentativo interrotto dopo 100.0 secondi.,qiskit_post_pass_callback_and_sigalrm_traceback,transpilation,21,LookaheadSwap,qiskit.transpiler.passes.routing.lookahead_swap.LookaheadSwap,20,99.9137020111084,99.99874350600021,qiskit/transpiler/passes/routing/lookahead_swap.py,_calc_layout_distance,342,routing,routing_method,lookahead,medium,False,"Il callback pubblico di Qiskit viene eseguito dopo ogni pass: last_completed_pass non identifica necessariamente il pass interrotto. | Lo stack indica dove SIGALRM è stato osservato, non dimostra quale pass, configurazione, circuito o hardware abbia causato il timeout. | Un'attribuzione causale richiede confronti controllati tra circuiti, configurazioni e device.",qiskit/transpiler/passes/routing/lookahead_swap.py:342:_calc_layout_distance
ibm_falcon_27,27,f30536987677ef5017fe3a89b8b4ee0a3e7252a1a226cc3db95fd9b2e822d991,run_cbe7a216663b41d50f08c6f92970304dbda00a6bb83b4daa050d6fb54867e1ce,realamprandom_indep_qiskit_9,realamprandom,qiskit,9,38,153,o2_sabre_lookahead,2,sabre,lookahead,1,timeout,transpilation,timeout,AttemptTimeoutError,100.0,100.00356616599947,Tentativo interrotto dopo 100.0 secondi.,qiskit_post_pass_callback_and_sigalrm_traceback,transpilation,21,LookaheadSwap,qiskit.transpiler.passes.routing.lookahead_swap.LookaheadSwap,20,99.89540314674377,99.99890525200044,qiskit/transpiler/passes/routing/lookahead_swap.py,_first_op_node,390,routing,routing_method,lookahead,medium,False,"Il callback pubblico di Qiskit viene eseguito dopo ogni pass: last_completed_pass non identifica necessariamente il pass interrotto. | Lo stack indica dove SIGALRM è stato osservato, non dimostra quale pass, configurazione, circuito o hardware abbia causato il timeout. | Un'attribuzione causale richiede confronti controllati tra circuiti, configurazioni e device.",qiskit/transpiler/passes/routing/lookahead_swap.py:390:_first_op_node
ibm_falcon_27,27,f30536987677ef5017fe3a89b8b4ee0a3e7252a1a226cc3db95fd9b2e822d991,run_328a7b015225a68f30d53c2fb8ff4f0f9d5645631f20a8180ee8a2668c187637,realamprandom_indep_qiskit_9,realamprandom,qiskit,9,38,153,o2_sabre_lookahead,2,sabre,lookahead,2,timeout,transpilation,timeout,AttemptTimeoutError,100.0,100.00330659100018,Tentativo interrotto dopo 100.0 secondi.,qiskit_post_pass_callback_and_sigalrm_traceback,transpilation,21,LookaheadSwap,qiskit.transpiler.passes.routing.lookahead_swap.LookaheadSwap,20,99.90047359466553,99.99882239599992,qiskit/transpiler/passes/routing/lookahead_swap.py,_first_op_node,390,routing,routing_method,lookahead,medium,False,"Il callback pubblico di Qiskit viene eseguito dopo ogni pass: last_completed_pass non identifica necessariamente il pass interrotto. | Lo stack indica dove SIGALRM è stato osservato, non dimostra quale pass, configurazione, circuito o hardware abbia causato il timeout. | Un'attribuzione causale richiede confronti controllati tra circuiti, configurazioni e device.",qiskit/transpiler/passes/routing/lookahead_swap.py:390:_first_op_node
ibm_falcon_27,27,f30536987677ef5017fe3a89b8b4ee0a3e7252a1a226cc3db95fd9b2e822d991,run_1ea8e344ba4d11c287c0b85210861376f7605c156501e1215e9eb2918dba4803,realamprandom_indep_tket_10,realamprandom,tket,10,42,185,o2_sabre_lookahead,2,sabre,lookahead,0,timeout,transpilation,timeout,AttemptTimeoutError,100.0,100.00385021300008,Tentativo interrotto dopo 100.0 secondi.,qiskit_post_pass_callback_and_sigalrm_traceback,transpilation,21,LookaheadSwap,qiskit.transpiler.passes.routing.lookahead_swap.LookaheadSwap,20,99.91415119171143,99.99846174100003,qiskit/transpiler/passes/routing/lookahead_swap.py,<genexpr>,390,routing,routing_method,lookahead,medium,False,"Il callback pubblico di Qiskit viene eseguito dopo ogni pass: last_completed_pass non identifica necessariamente il pass interrotto. | Lo stack indica dove SIGALRM è stato osservato, non dimostra quale pass, configurazione, circuito o hardware abbia causato il timeout. | Un'attribuzione causale richiede confronti controllati tra circuiti, configurazioni e device.",qiskit/transpiler/passes/routing/lookahead_swap.py:390:<genexpr>
ibm_falcon_27,27,f30536987677ef5017fe3a89b8b4ee0a3e7252a1a226cc3db95fd9b2e822d991,run_98202600161244987bea2a5e6878a3d05df9f112383f12602fb71ecc84997823,realamprandom_indep_tket_10,realamprandom,tket,10,42,185,o2_sabre_lookahead,2,sabre,lookahead,1,timeout,transpilation,timeout,AttemptTimeoutError,100.0,100.00340478999988,Tentativo interrotto dopo 100.0 secondi.,qiskit_post_pass_callback_and_sigalrm_traceback,transpilation,21,LookaheadSwap,qiskit.transpiler.passes.routing.lookahead_swap.LookaheadSwap,20,99.89680051803589,99.99867859300048,qiskit/transpiler/passes/routing/lookahead_swap.py,_score_state_with_swap,355,routing,routing_method,lookahead,medium,False,"Il callback pubblico di Qiskit viene eseguito dopo ogni pass: last_completed_pass non identifica necessariamente il pass interrotto. | Lo stack indica dove SIGALRM è stato osservato, non dimostra quale pass, configurazione, circuito o hardware abbia causato il timeout. | Un'attribuzione causale richiede confronti controllati tra circuiti, configurazioni e device.",qiskit/transpiler/passes/routing/lookahead_swap.py:355:_score_state_with_swap
ibm_falcon_27,27,f30536987677ef5017fe3a89b8b4ee0a3e7252a1a226cc3db95fd9b2e822d991,run_ef1149a15b51d74a526beb56f5671c1559093fa88a9bfa5d83e2603af590c467,realamprandom_indep_tket_10,realamprandom,tket,10,42,185,o2_sabre_lookahead,2,sabre,lookahead,2,timeout,transpilation,timeout,AttemptTimeoutError,100.0,100.00422304699987,Tentativo interrotto dopo 100.0 secondi.,qiskit_post_pass_callback_and_sigalrm_traceback,transpilation,21,LookaheadSwap,qiskit.transpiler.passes.routing.lookahead_swap.LookaheadSwap,20,99.91772508621216,99.99868013800005,qiskit/transpiler/passes/routing/lookahead_swap.py,_calc_layout_distance,342,routing,routing_method,lookahead,medium,False,"Il callback pubblico di Qiskit viene eseguito dopo ogni pass: last_completed_pass non identifica necessariamente il pass interrotto. | Lo stack indica dove SIGALRM è stato osservato, non dimostra quale pass, configurazione, circuito o hardware abbia causato il timeout. | Un'attribuzione causale richiede confronti controllati tra circuiti, configurazioni e device.",qiskit/transpiler/passes/routing/lookahead_swap.py:342:_calc_layout_distance
ibm_falcon_27,27,f30536987677ef5017fe3a89b8b4ee0a3e7252a1a226cc3db95fd9b2e822d991,run_e4a6d5155d1bc542acaaf50f48bc1d768c9f7be8d5c85c9759b9b8be9afe3df8,realamprandom_indep_tket_11,realamprandom,tket,11,46,220,o2_sabre_lookahead,2,sabre,lookahead,0,timeout,transpilation,timeout,AttemptTimeoutError,100.0,100.00358352800049,Tentativo interrotto dopo 100.0 secondi.,qiskit_post_pass_callback_and_sigalrm_traceback,transpilation,21,LookaheadSwap,qiskit.transpiler.passes.routing.lookahead_swap.LookaheadSwap,20,99.85161852836609,99.99853954500031,qiskit/transpiler/passes/routing/lookahead_swap.py,_map_free_gates,312,routing,routing_method,lookahead,medium,False,"Il callback pubblico di Qiskit viene eseguito dopo ogni pass: last_completed_pass non identifica necessariamente il pass interrotto. | Lo stack indica dove SIGALRM è stato osservato, non dimostra quale pass, configurazione, circuito o hardware abbia causato il timeout. | Un'attribuzione causale richiede confronti controllati tra circuiti, configurazioni e device.",qiskit/transpiler/passes/routing/lookahead_swap.py:312:_map_free_gates
ibm_falcon_27,27,f30536987677ef5017fe3a89b8b4ee0a3e7252a1a226cc3db95fd9b2e822d991,run_e25dccf5c1589e4af8e3fa7ba37c70e3509773f8a7161053bbb1fe72243bbaca,realamprandom_indep_tket_11,realamprandom,tket,11,46,220,o2_sabre_lookahead,2,sabre,lookahead,1,timeout,transpilation,timeout,AttemptTimeoutError,100.0,100.00366812900029,Tentativo interrotto dopo 100.0 secondi.,qiskit_post_pass_callback_and_sigalrm_traceback,transpilation,21,LookaheadSwap,qiskit.transpiler.passes.routing.lookahead_swap.LookaheadSwap,20,99.86283564567566,99.99846720999994,qiskit/transpiler/passes/routing/lookahead_swap.py,_calc_layout_distance,342,routing,routing_method,lookahead,medium,False,"Il callback pubblico di Qiskit viene eseguito dopo ogni pass: last_completed_pass non identifica necessariamente il pass interrotto. | Lo stack indica dove SIGALRM è stato osservato, non dimostra quale pass, configurazione, circuito o hardware abbia causato il timeout. | Un'attribuzione causale richiede confronti controllati tra circuiti, configurazioni e device.",qiskit/transpiler/passes/routing/lookahead_swap.py:342:_calc_layout_distance
ibm_falcon_27,27,f30536987677ef5017fe3a89b8b4ee0a3e7252a1a226cc3db95fd9b2e822d991,run_21e760eba88cd1de9007dcf9ee48eeeb15a7946908460686a822c7e8ef714c40,realamprandom_indep_tket_11,realamprandom,tket,11,46,220,o2_sabre_lookahead,2,sabre,lookahead,2,timeout,transpilation,timeout,AttemptTimeoutError,100.0,100.00356620599996,Tentativo interrotto dopo 100.0 secondi.,qiskit_post_pass_callback_and_sigalrm_traceback,transpilation,21,LookaheadSwap,qiskit.transpiler.passes.routing.lookahead_swap.LookaheadSwap,20,99.85488557815552,99.99833491800018,qiskit/transpiler/passes/routing/lookahead_swap.py,_calc_layout_distance,342,routing,routing_method,lookahead,medium,False,"Il callback pubblico di Qiskit viene eseguito dopo ogni pass: last_completed_pass non identifica necessariamente il pass interrotto. | Lo stack indica dove SIGALRM è stato osservato, non dimostra quale pass, configurazione, circuito o hardware abbia causato il timeout. | Un'attribuzione causale richiede confronti controllati tra circuiti, configurazioni e device.",qiskit/transpiler/passes/routing/lookahead_swap.py:342:_calc_layout_distance
ibm_falcon_27,27,f30536987677ef5017fe3a89b8b4ee0a3e7252a1a226cc3db95fd9b2e822d991,run_9a892c5e02e966daed4090eb577f24dded95bea5cb739c29f5d830ffe3d20c6b,realamprandom_indep_tket_6,realamprandom,tket,6,26,75,o2_sabre_lookahead,2,sabre,lookahead,0,timeout,transpilation,timeout,AttemptTimeoutError,100.0,100.00293934599904,Tentativo interrotto dopo 100.0 secondi.,qiskit_post_pass_callback_and_sigalrm_traceback,transpilation,21,LookaheadSwap,qiskit.transpiler.passes.routing.lookahead_swap.LookaheadSwap,20,99.9496557712555,99.99921985200126,qiskit/transpiler/passes/routing/lookahead_swap.py,_map_free_gates,312,routing,routing_method,lookahead,medium,False,"Il callback pubblico di Qiskit viene eseguito dopo ogni pass: last_completed_pass non identifica necessariamente il pass interrotto. | Lo stack indica dove SIGALRM è stato osservato, non dimostra quale pass, configurazione, circuito o hardware abbia causato il timeout. | Un'attribuzione causale richiede confronti controllati tra circuiti, configurazioni e device.",qiskit/transpiler/passes/routing/lookahead_swap.py:312:_map_free_gates
ibm_falcon_27,27,f30536987677ef5017fe3a89b8b4ee0a3e7252a1a226cc3db95fd9b2e822d991,run_1b2fd9db7f9a8cec110fd8e8ba315e0fd3cea74c43b1e0954ae7117644544ba6,realamprandom_indep_tket_6,realamprandom,tket,6,26,75,o2_sabre_lookahead,2,sabre,lookahead,1,timeout,transpilation,timeout,AttemptTimeoutError,100.0,100.0025205689999,Tentativo interrotto dopo 100.0 secondi.,qiskit_post_pass_callback_and_sigalrm_traceback,transpilation,21,LookaheadSwap,qiskit.transpiler.passes.routing.lookahead_swap.LookaheadSwap,20,99.95965933799744,99.99928963799903,qiskit/transpiler/passes/routing/lookahead_swap.py,_calc_layout_distance,339,routing,routing_method,lookahead,medium,False,"Il callback pubblico di Qiskit viene eseguito dopo ogni pass: last_completed_pass non identifica necessariamente il pass interrotto. | Lo stack indica dove SIGALRM è stato osservato, non dimostra quale pass, configurazione, circuito o hardware abbia causato il timeout. | Un'attribuzione causale richiede confronti controllati tra circuiti, configurazioni e device.",qiskit/transpiler/passes/routing/lookahead_swap.py:339:_calc_layout_distance
ibm_falcon_27,27,f30536987677ef5017fe3a89b8b4ee0a3e7252a1a226cc3db95fd9b2e822d991,run_190b18e057a5a99f6912f91deb16e2e998bdf0b2f7c9be9b3d13446b8aa99bc0,realamprandom_indep_tket_7,realamprandom,tket,7,30,98,o2_sabre_lookahead,2,sabre,lookahead,0,timeout,transpilation,timeout,AttemptTimeoutError,100.0,100.00272571500136,Tentativo interrotto dopo 100.0 secondi.,qiskit_post_pass_callback_and_sigalrm_traceback,transpilation,21,LookaheadSwap,qiskit.transpiler.passes.routing.lookahead_swap.LookaheadSwap,20,99.92378377914429,99.99911668399909,qiskit/transpiler/passes/routing/lookahead_swap.py,_calc_layout_distance,342,routing,routing_method,lookahead,medium,False,"Il callback pubblico di Qiskit viene eseguito dopo ogni pass: last_completed_pass non identifica necessariamente il pass interrotto. | Lo stack indica dove SIGALRM è stato osservato, non dimostra quale pass, configurazione, circuito o hardware abbia causato il timeout. | Un'attribuzione causale richiede confronti controllati tra circuiti, configurazioni e device.",qiskit/transpiler/passes/routing/lookahead_swap.py:342:_calc_layout_distance
ibm_falcon_27,27,f30536987677ef5017fe3a89b8b4ee0a3e7252a1a226cc3db95fd9b2e822d991,run_c74ea6f78889de81885561d7562ecfdf5b5db44ad1192cf9e0142dca3ee7a397,realamprandom_indep_tket_7,realamprandom,tket,7,30,98,o2_sabre_lookahead,2,sabre,lookahead,1,timeout,transpilation,timeout,AttemptTimeoutError,100.0,100.00286080099977,Tentativo interrotto dopo 100.0 secondi.,qiskit_post_pass_callback_and_sigalrm_traceback,transpilation,21,LookaheadSwap,qiskit.transpiler.passes.routing.lookahead_swap.LookaheadSwap,20,99.92931151390076,99.99911805699958,qiskit/transpiler/passes/routing/lookahead_swap.py,_score_state_with_swap,355,routing,routing_method,lookahead,medium,False,"Il callback pubblico di Qiskit viene eseguito dopo ogni pass: last_completed_pass non identifica necessariamente il pass interrotto. | Lo stack indica dove SIGALRM è stato osservato, non dimostra quale pass, configurazione, circuito o hardware abbia causato il timeout. | Un'attribuzione causale richiede confronti controllati tra circuiti, configurazioni e device.",qiskit/transpiler/passes/routing/lookahead_swap.py:355:_score_state_with_swap
ibm_falcon_27,27,f30536987677ef5017fe3a89b8b4ee0a3e7252a1a226cc3db95fd9b2e822d991,run_1eab429c580e1ef69a8efc511cc91287868001a498ab1a40c118102f578df897,realamprandom_indep_tket_7,realamprandom,tket,7,30,98,o2_sabre_lookahead,2,sabre,lookahead,2,timeout,transpilation,timeout,AttemptTimeoutError,100.0,100.00246348099972,Tentativo interrotto dopo 100.0 secondi.,qiskit_post_pass_callback_and_sigalrm_traceback,transpilation,21,LookaheadSwap,qiskit.transpiler.passes.routing.lookahead_swap.LookaheadSwap,20,99.93735909461975,99.99865858399971,qiskit/transpiler/passes/routing/lookahead_swap.py,_score_state_with_swap,355,routing,routing_method,lookahead,medium,False,"Il callback pubblico di Qiskit viene eseguito dopo ogni pass: last_completed_pass non identifica necessariamente il pass interrotto. | Lo stack indica dove SIGALRM è stato osservato, non dimostra quale pass, configurazione, circuito o hardware abbia causato il timeout. | Un'attribuzione causale richiede confronti controllati tra circuiti, configurazioni e device.",qiskit/transpiler/passes/routing/lookahead_swap.py:355:_score_state_with_swap
ibm_falcon_27,27,f30536987677ef5017fe3a89b8b4ee0a3e7252a1a226cc3db95fd9b2e822d991,run_56bdc01aae08d8211600bbc6a501ca6531cd04cddff0b28e891fc701b4b4a948,realamprandom_indep_tket_8,realamprandom,tket,8,34,124,o2_sabre_lookahead,2,sabre,lookahead,0,timeout,transpilation,timeout,AttemptTimeoutError,100.0,100.00274995499967,Tentativo interrotto dopo 100.0 secondi.,qiskit_post_pass_callback_and_sigalrm_traceback,transpilation,21,LookaheadSwap,qiskit.transpiler.passes.routing.lookahead_swap.LookaheadSwap,20,99.89667296409607,99.99906082000052,qiskit/transpiler/passes/routing/lookahead_swap.py,_calc_layout_distance,342,routing,routing_method,lookahead,medium,False,"Il callback pubblico di Qiskit viene eseguito dopo ogni pass: last_completed_pass non identifica necessariamente il pass interrotto. | Lo stack indica dove SIGALRM è stato osservato, non dimostra quale pass, configurazione, circuito o hardware abbia causato il timeout. | Un'attribuzione causale richiede confronti controllati tra circuiti, configurazioni e device.",qiskit/transpiler/passes/routing/lookahead_swap.py:342:_calc_layout_distance
ibm_falcon_27,27,f30536987677ef5017fe3a89b8b4ee0a3e7252a1a226cc3db95fd9b2e822d991,run_2b2dc5485d9df189f83bc815875c6b4824a4250247fbfab5c407b315bb0c9a7a,realamprandom_indep_tket_8,realamprandom,tket,8,34,124,o2_sabre_lookahead,2,sabre,lookahead,1,timeout,transpilation,timeout,AttemptTimeoutError,100.0,100.00273062499946,Tentativo interrotto dopo 100.0 secondi.,qiskit_post_pass_callback_and_sigalrm_traceback,transpilation,21,LookaheadSwap,qiskit.transpiler.passes.routing.lookahead_swap.LookaheadSwap,20,99.9122302532196,99.99914921500022,qiskit/transpiler/passes/routing/lookahead_swap.py,_score_state_with_swap,354,routing,routing_method,lookahead,medium,False,"Il callback pubblico di Qiskit viene eseguito dopo ogni pass: last_completed_pass non identifica necessariamente il pass interrotto. | Lo stack indica dove SIGALRM è stato osservato, non dimostra quale pass, configurazione, circuito o hardware abbia causato il timeout. | Un'attribuzione causale richiede confronti controllati tra circuiti, configurazioni e device.",qiskit/transpiler/passes/routing/lookahead_swap.py:354:_score_state_with_swap
ibm_falcon_27,27,f30536987677ef5017fe3a89b8b4ee0a3e7252a1a226cc3db95fd9b2e822d991,run_71e386060886f4f58e732617b5532ecce063e9343d2025cbc790d39eda971e92,realamprandom_indep_tket_8,realamprandom,tket,8,34,124,o2_sabre_lookahead,2,sabre,lookahead,2,timeout,transpilation,timeout,AttemptTimeoutError,100.0,100.00278019899997,Tentativo interrotto dopo 100.0 secondi.,qiskit_post_pass_callback_and_sigalrm_traceback,transpilation,21,LookaheadSwap,qiskit.transpiler.passes.routing.lookahead_swap.LookaheadSwap,20,99.9308021068573,99.998056729999,qiskit/transpiler/passes/routing/lookahead_swap.py,_calc_layout_distance,342,routing,routing_method,lookahead,medium,False,"Il callback pubblico di Qiskit viene eseguito dopo ogni pass: last_completed_pass non identifica necessariamente il pass interrotto. | Lo stack indica dove SIGALRM è stato osservato, non dimostra quale pass, configurazione, circuito o hardware abbia causato il timeout. | Un'attribuzione causale richiede confronti controllati tra circuiti, configurazioni e device.",qiskit/transpiler/passes/routing/lookahead_swap.py:342:_calc_layout_distance
ibm_falcon_27,27,f30536987677ef5017fe3a89b8b4ee0a3e7252a1a226cc3db95fd9b2e822d991,run_661b8f7a9d8463108740910e938a57ef69b4de3fbf975579b58a7ff7bc78362d,realamprandom_indep_tket_9,realamprandom,tket,9,38,153,o2_sabre_lookahead,2,sabre,lookahead,0,timeout,transpilation,timeout,AttemptTimeoutError,100.0,100.00306049999926,Tentativo interrotto dopo 100.0 secondi.,qiskit_post_pass_callback_and_sigalrm_traceback,transpilation,21,LookaheadSwap,qiskit.transpiler.passes.routing.lookahead_swap.LookaheadSwap,20,99.8697156906128,99.99870146199828,qiskit/transpiler/passes/routing/lookahead_swap.py,_calc_layout_distance,342,routing,routing_method,lookahead,medium,False,"Il callback pubblico di Qiskit viene eseguito dopo ogni pass: last_completed_pass non identifica necessariamente il pass interrotto. | Lo stack indica dove SIGALRM è stato osservato, non dimostra quale pass, configurazione, circuito o hardware abbia causato il timeout. | Un'attribuzione causale richiede confronti controllati tra circuiti, configurazioni e device.",qiskit/transpiler/passes/routing/lookahead_swap.py:342:_calc_layout_distance
ibm_falcon_27,27,f30536987677ef5017fe3a89b8b4ee0a3e7252a1a226cc3db95fd9b2e822d991,run_120147f24b26d14d46d78dd7364a6348448df24697617bcc913a65850bc1b03f,realamprandom_indep_tket_9,realamprandom,tket,9,38,153,o2_sabre_lookahead,2,sabre,lookahead,1,timeout,transpilation,timeout,AttemptTimeoutError,100.0,100.00978293700064,Tentativo interrotto dopo 100.0 secondi.,qiskit_post_pass_callback_and_sigalrm_traceback,transpilation,21,LookaheadSwap,qiskit.transpiler.passes.routing.lookahead_swap.LookaheadSwap,20,99.9139051437378,100.00521811399994,qiskit/transpiler/passes/routing/lookahead_swap.py,_calc_layout_distance,342,routing,routing_method,lookahead,medium,False,"Il callback pubblico di Qiskit viene eseguito dopo ogni pass: last_completed_pass non identifica necessariamente il pass interrotto. | Lo stack indica dove SIGALRM è stato osservato, non dimostra quale pass, configurazione, circuito o hardware abbia causato il timeout. | Un'attribuzione causale richiede confronti controllati tra circuiti, configurazioni e device.",qiskit/transpiler/passes/routing/lookahead_swap.py:342:_calc_layout_distance
ibm_falcon_27,27,f30536987677ef5017fe3a89b8b4ee0a3e7252a1a226cc3db95fd9b2e822d991,run_2a8bb8a56a3e74b69d24822c100eb904b7de20ace7ff275e16791b6ee4174ddb,realamprandom_indep_tket_9,realamprandom,tket,9,38,153,o2_sabre_lookahead,2,sabre,lookahead,2,timeout,transpilation,timeout,AttemptTimeoutError,100.0,100.00305768599901,Tentativo interrotto dopo 100.0 secondi.,qiskit_post_pass_callback_and_sigalrm_traceback,transpilation,21,LookaheadSwap,qiskit.transpiler.passes.routing.lookahead_swap.LookaheadSwap,20,99.90310001373291,99.9989755739989,qiskit/transpiler/passes/routing/lookahead_swap.py,_map_free_gates,312,routing,routing_method,lookahead,medium,False,"Il callback pubblico di Qiskit viene eseguito dopo ogni pass: last_completed_pass non identifica necessariamente il pass interrotto. | Lo stack indica dove SIGALRM è stato osservato, non dimostra quale pass, configurazione, circuito o hardware abbia causato il timeout. | Un'attribuzione causale richiede confronti controllati tra circuiti, configurazioni e device.",qiskit/transpiler/passes/routing/lookahead_swap.py:312:_map_free_gates
ibm_falcon_27,27,f30536987677ef5017fe3a89b8b4ee0a3e7252a1a226cc3db95fd9b2e822d991,run_4473fa5294a0c63f0159096e2b6c81e76359da0271dbd5879aa828add3453e5c,su2random_indep_qiskit_6,su2random,qiskit,6,26,75,o2_sabre_lookahead,2,sabre,lookahead,0,timeout,transpilation,timeout,AttemptTimeoutError,100.0,100.0027726649987,Tentativo interrotto dopo 100.0 secondi.,qiskit_post_pass_callback_and_sigalrm_traceback,transpilation,21,LookaheadSwap,qiskit.transpiler.passes.routing.lookahead_swap.LookaheadSwap,20,99.96133995056152,99.99807908200091,qiskit/transpiler/passes/routing/lookahead_swap.py,_calc_layout_distance,342,routing,routing_method,lookahead,medium,False,"Il callback pubblico di Qiskit viene eseguito dopo ogni pass: last_completed_pass non identifica necessariamente il pass interrotto. | Lo stack indica dove SIGALRM è stato osservato, non dimostra quale pass, configurazione, circuito o hardware abbia causato il timeout. | Un'attribuzione causale richiede confronti controllati tra circuiti, configurazioni e device.",qiskit/transpiler/passes/routing/lookahead_swap.py:342:_calc_layout_distance
ibm_falcon_27,27,f30536987677ef5017fe3a89b8b4ee0a3e7252a1a226cc3db95fd9b2e822d991,run_e989bb268b5025f0cedd5755a721272833ab20608562ba3740d44cdd0c8acb51,su2random_indep_qiskit_6,su2random,qiskit,6,26,75,o2_sabre_lookahead,2,sabre,lookahead,1,timeout,transpilation,timeout,AttemptTimeoutError,100.0,100.00279548799881,Tentativo interrotto dopo 100.0 secondi.,qiskit_post_pass_callback_and_sigalrm_traceback,transpilation,21,LookaheadSwap,qiskit.transpiler.passes.routing.lookahead_swap.LookaheadSwap,20,99.91685581207275,99.99916435600062,qiskit/transpiler/passes/routing/lookahead_swap.py,_score_state_with_swap,355,routing,routing_method,lookahead,medium,False,"Il callback pubblico di Qiskit viene eseguito dopo ogni pass: last_completed_pass non identifica necessariamente il pass interrotto. | Lo stack indica dove SIGALRM è stato osservato, non dimostra quale pass, configurazione, circuito o hardware abbia causato il timeout. | Un'attribuzione causale richiede confronti controllati tra circuiti, configurazioni e device.",qiskit/transpiler/passes/routing/lookahead_swap.py:355:_score_state_with_swap
ibm_falcon_27,27,f30536987677ef5017fe3a89b8b4ee0a3e7252a1a226cc3db95fd9b2e822d991,run_30435170dca23424ea1d204c5e5f5edb24f78f963e5d384263e84e3e114ef90c,su2random_indep_qiskit_7,su2random,qiskit,7,30,98,o2_sabre_lookahead,2,sabre,lookahead,0,timeout,transpilation,timeout,AttemptTimeoutError,100.0,100.00310386899946,Tentativo interrotto dopo 100.0 secondi.,qiskit_post_pass_callback_and_sigalrm_traceback,transpilation,21,LookaheadSwap,qiskit.transpiler.passes.routing.lookahead_swap.LookaheadSwap,20,99.92557525634766,99.99892307099981,qiskit/transpiler/passes/routing/lookahead_swap.py,_calc_layout_distance,342,routing,routing_method,lookahead,medium,False,"Il callback pubblico di Qiskit viene eseguito dopo ogni pass: last_completed_pass non identifica necessariamente il pass interrotto. | Lo stack indica dove SIGALRM è stato osservato, non dimostra quale pass, configurazione, circuito o hardware abbia causato il timeout. | Un'attribuzione causale richiede confronti controllati tra circuiti, configurazioni e device.",qiskit/transpiler/passes/routing/lookahead_swap.py:342:_calc_layout_distance
ibm_falcon_27,27,f30536987677ef5017fe3a89b8b4ee0a3e7252a1a226cc3db95fd9b2e822d991,run_93bae13c4aa8060590150f94f41fdd5ddf7d239a836c14d823e07593444f1a39,su2random_indep_qiskit_7,su2random,qiskit,7,30,98,o2_sabre_lookahead,2,sabre,lookahead,1,timeout,transpilation,timeout,AttemptTimeoutError,100.0,100.00353224300125,Tentativo interrotto dopo 100.0 secondi.,qiskit_post_pass_callback_and_sigalrm_traceback,transpilation,21,LookaheadSwap,qiskit.transpiler.passes.routing.lookahead_swap.LookaheadSwap,20,99.93295097351074,99.99930458999916,qiskit/transpiler/passes/routing/lookahead_swap.py,_calc_layout_distance,342,routing,routing_method,lookahead,medium,False,"Il callback pubblico di Qiskit viene eseguito dopo ogni pass: last_completed_pass non identifica necessariamente il pass interrotto. | Lo stack indica dove SIGALRM è stato osservato, non dimostra quale pass, configurazione, circuito o hardware abbia causato il timeout. | Un'attribuzione causale richiede confronti controllati tra circuiti, configurazioni e device.",qiskit/transpiler/passes/routing/lookahead_swap.py:342:_calc_layout_distance
ibm_falcon_27,27,f30536987677ef5017fe3a89b8b4ee0a3e7252a1a226cc3db95fd9b2e822d991,run_7659456a9e431bef0832876b4896e5087562e17ea3d7e4904e8a75380f70c013,su2random_indep_qiskit_7,su2random,qiskit,7,30,98,o2_sabre_lookahead,2,sabre,lookahead,2,timeout,transpilation,timeout,AttemptTimeoutError,100.0,100.00267455699941,Tentativo interrotto dopo 100.0 secondi.,qiskit_post_pass_callback_and_sigalrm_traceback,transpilation,21,LookaheadSwap,qiskit.transpiler.passes.routing.lookahead_swap.LookaheadSwap,20,99.93262600898743,99.99910291500055,qiskit/transpiler/passes/routing/lookahead_swap.py,_first_op_node,390,routing,routing_method,lookahead,medium,False,"Il callback pubblico di Qiskit viene eseguito dopo ogni pass: last_completed_pass non identifica necessariamente il pass interrotto. | Lo stack indica dove SIGALRM è stato osservato, non dimostra quale pass, configurazione, circuito o hardware abbia causato il timeout. | Un'attribuzione causale richiede confronti controllati tra circuiti, configurazioni e device.",qiskit/transpiler/passes/routing/lookahead_swap.py:390:_first_op_node
ibm_falcon_27,27,f30536987677ef5017fe3a89b8b4ee0a3e7252a1a226cc3db95fd9b2e822d991,run_1d45024af512c7fc76aa90bce6bb07c73016a392c83be335cb9becfa6af43150,su2random_indep_qiskit_8,su2random,qiskit,8,34,124,o2_sabre_lookahead,2,sabre,lookahead,0,timeout,transpilation,timeout,AttemptTimeoutError,100.0,100.00274724799965,Tentativo interrotto dopo 100.0 secondi.,qiskit_post_pass_callback_and_sigalrm_traceback,transpilation,21,LookaheadSwap,qiskit.transpiler.passes.routing.lookahead_swap.LookaheadSwap,20,99.92832159996033,99.99894004100133,qiskit/transpiler/passes/routing/lookahead_swap.py,_map_free_gates,313,routing,routing_method,lookahead,medium,False,"Il callback pubblico di Qiskit viene eseguito dopo ogni pass: last_completed_pass non identifica necessariamente il pass interrotto. | Lo stack indica dove SIGALRM è stato osservato, non dimostra quale pass, configurazione, circuito o hardware abbia causato il timeout. | Un'attribuzione causale richiede confronti controllati tra circuiti, configurazioni e device.",qiskit/transpiler/passes/routing/lookahead_swap.py:313:_map_free_gates
ibm_falcon_27,27,f30536987677ef5017fe3a89b8b4ee0a3e7252a1a226cc3db95fd9b2e822d991,run_6663a4f115e76b6b9f5bd25c0447f7f66dc504e22201595a3103d3b137894417,su2random_indep_qiskit_8,su2random,qiskit,8,34,124,o2_sabre_lookahead,2,sabre,lookahead,1,timeout,transpilation,timeout,AttemptTimeoutError,100.0,100.0028488629996,Tentativo interrotto dopo 100.0 secondi.,qiskit_post_pass_callback_and_sigalrm_traceback,transpilation,21,LookaheadSwap,qiskit.transpiler.passes.routing.lookahead_swap.LookaheadSwap,20,99.92043209075928,99.99901015499927,qiskit/transpiler/passes/routing/lookahead_swap.py,_map_free_gates,312,routing,routing_method,lookahead,medium,False,"Il callback pubblico di Qiskit viene eseguito dopo ogni pass: last_completed_pass non identifica necessariamente il pass interrotto. | Lo stack indica dove SIGALRM è stato osservato, non dimostra quale pass, configurazione, circuito o hardware abbia causato il timeout. | Un'attribuzione causale richiede confronti controllati tra circuiti, configurazioni e device.",qiskit/transpiler/passes/routing/lookahead_swap.py:312:_map_free_gates
ibm_falcon_27,27,f30536987677ef5017fe3a89b8b4ee0a3e7252a1a226cc3db95fd9b2e822d991,run_f8a03b440cc088dfa82c26686017f9ecc236f3696db0c036151496fceb4bdf4b,su2random_indep_qiskit_8,su2random,qiskit,8,34,124,o2_sabre_lookahead,2,sabre,lookahead,2,timeout,transpilation,timeout,AttemptTimeoutError,100.0,100.00274129300124,Tentativo interrotto dopo 100.0 secondi.,qiskit_post_pass_callback_and_sigalrm_traceback,transpilation,21,LookaheadSwap,qiskit.transpiler.passes.routing.lookahead_swap.LookaheadSwap,20,99.920569896698,99.99895109600038,qiskit/transpiler/passes/routing/lookahead_swap.py,_calc_layout_distance,342,routing,routing_method,lookahead,medium,False,"Il callback pubblico di Qiskit viene eseguito dopo ogni pass: last_completed_pass non identifica necessariamente il pass interrotto. | Lo stack indica dove SIGALRM è stato osservato, non dimostra quale pass, configurazione, circuito o hardware abbia causato il timeout. | Un'attribuzione causale richiede confronti controllati tra circuiti, configurazioni e device.",qiskit/transpiler/passes/routing/lookahead_swap.py:342:_calc_layout_distance
ibm_falcon_27,27,f30536987677ef5017fe3a89b8b4ee0a3e7252a1a226cc3db95fd9b2e822d991,run_d10bdcd74bf2e057cdb748af074a2c2c1d2e179a0967cf786a8650f120536c8c,su2random_indep_qiskit_9,su2random,qiskit,9,38,153,o2_sabre_lookahead,2,sabre,lookahead,0,timeout,transpilation,timeout,AttemptTimeoutError,100.0,100.00343207100013,Tentativo interrotto dopo 100.0 secondi.,qiskit_post_pass_callback_and_sigalrm_traceback,transpilation,21,LookaheadSwap,qiskit.transpiler.passes.routing.lookahead_swap.LookaheadSwap,20,99.92819356918335,99.99865880099969,qiskit/transpiler/passes/routing/lookahead_swap.py,_calc_layout_distance,342,routing,routing_method,lookahead,medium,False,"Il callback pubblico di Qiskit viene eseguito dopo ogni pass: last_completed_pass non identifica necessariamente il pass interrotto. | Lo stack indica dove SIGALRM è stato osservato, non dimostra quale pass, configurazione, circuito o hardware abbia causato il timeout. | Un'attribuzione causale richiede confronti controllati tra circuiti, configurazioni e device.",qiskit/transpiler/passes/routing/lookahead_swap.py:342:_calc_layout_distance
ibm_falcon_27,27,f30536987677ef5017fe3a89b8b4ee0a3e7252a1a226cc3db95fd9b2e822d991,run_caee29b3ef099ed405dbed007529b0e25bbff62e0d12e5ac9576a956520b06a7,su2random_indep_qiskit_9,su2random,qiskit,9,38,153,o2_sabre_lookahead,2,sabre,lookahead,1,timeout,transpilation,timeout,AttemptTimeoutError,100.0,100.00317834499947,Tentativo interrotto dopo 100.0 secondi.,qiskit_post_pass_callback_and_sigalrm_traceback,transpilation,21,LookaheadSwap,qiskit.transpiler.passes.routing.lookahead_swap.LookaheadSwap,20,99.91070604324341,99.99878078700021,qiskit/transpiler/passes/routing/lookahead_swap.py,_calc_layout_distance,342,routing,routing_method,lookahead,medium,False,"Il callback pubblico di Qiskit viene eseguito dopo ogni pass: last_completed_pass non identifica necessariamente il pass interrotto. | Lo stack indica dove SIGALRM è stato osservato, non dimostra quale pass, configurazione, circuito o hardware abbia causato il timeout. | Un'attribuzione causale richiede confronti controllati tra circuiti, configurazioni e device.",qiskit/transpiler/passes/routing/lookahead_swap.py:342:_calc_layout_distance
ibm_falcon_27,27,f30536987677ef5017fe3a89b8b4ee0a3e7252a1a226cc3db95fd9b2e822d991,run_8d68f4172200cb26f8359db9f63f2923eff63ef3cf44201c501dc44c2c362e15,su2random_indep_qiskit_9,su2random,qiskit,9,38,153,o2_sabre_lookahead,2,sabre,lookahead,2,timeout,transpilation,timeout,AttemptTimeoutError,100.0,100.00306460299907,Tentativo interrotto dopo 100.0 secondi.,qiskit_post_pass_callback_and_sigalrm_traceback,transpilation,21,LookaheadSwap,qiskit.transpiler.passes.routing.lookahead_swap.LookaheadSwap,20,99.89533257484436,99.99879714800045,qiskit/transpiler/passes/routing/lookahead_swap.py,_map_free_gates,312,routing,routing_method,lookahead,medium,False,"Il callback pubblico di Qiskit viene eseguito dopo ogni pass: last_completed_pass non identifica necessariamente il pass interrotto. | Lo stack indica dove SIGALRM è stato osservato, non dimostra quale pass, configurazione, circuito o hardware abbia causato il timeout. | Un'attribuzione causale richiede confronti controllati tra circuiti, configurazioni e device.",qiskit/transpiler/passes/routing/lookahead_swap.py:312:_map_free_gates
ibm_falcon_27,27,f30536987677ef5017fe3a89b8b4ee0a3e7252a1a226cc3db95fd9b2e822d991,run_fa5149c593fafd5cffea160f9be8a4149050e66392e038bc7941d6d195407f2c,su2random_indep_tket_6,su2random,tket,6,30,99,o2_sabre_lookahead,2,sabre,lookahead,0,timeout,transpilation,timeout,AttemptTimeoutError,100.0,100.00277203000041,Tentativo interrotto dopo 100.0 secondi.,qiskit_post_pass_callback_and_sigalrm_traceback,transpilation,21,LookaheadSwap,qiskit.transpiler.passes.routing.lookahead_swap.LookaheadSwap,20,99.95168352127075,99.99914745800015,qiskit/transpiler/passes/routing/lookahead_swap.py,_calc_layout_distance,342,routing,routing_method,lookahead,medium,False,"Il callback pubblico di Qiskit viene eseguito dopo ogni pass: last_completed_pass non identifica necessariamente il pass interrotto. | Lo stack indica dove SIGALRM è stato osservato, non dimostra quale pass, configurazione, circuito o hardware abbia causato il timeout. | Un'attribuzione causale richiede confronti controllati tra circuiti, configurazioni e device.",qiskit/transpiler/passes/routing/lookahead_swap.py:342:_calc_layout_distance
ibm_falcon_27,27,f30536987677ef5017fe3a89b8b4ee0a3e7252a1a226cc3db95fd9b2e822d991,run_7f119e53525e32074afd14955b4a4c84807f28841b76728ffa67f84cb14a47a9,su2random_indep_tket_6,su2random,tket,6,30,99,o2_sabre_lookahead,2,sabre,lookahead,1,timeout,transpilation,timeout,AttemptTimeoutError,100.0,100.00251845599996,Tentativo interrotto dopo 100.0 secondi.,qiskit_post_pass_callback_and_sigalrm_traceback,transpilation,21,LookaheadSwap,qiskit.transpiler.passes.routing.lookahead_swap.LookaheadSwap,20,99.95040512084961,99.99889225299921,qiskit/transpiler/passes/routing/lookahead_swap.py,_first_op_node,390,routing,routing_method,lookahead,medium,False,"Il callback pubblico di Qiskit viene eseguito dopo ogni pass: last_completed_pass non identifica necessariamente il pass interrotto. | Lo stack indica dove SIGALRM è stato osservato, non dimostra quale pass, configurazione, circuito o hardware abbia causato il timeout. | Un'attribuzione causale richiede confronti controllati tra circuiti, configurazioni e device.",qiskit/transpiler/passes/routing/lookahead_swap.py:390:_first_op_node
ibm_falcon_27,27,f30536987677ef5017fe3a89b8b4ee0a3e7252a1a226cc3db95fd9b2e822d991,run_5e8bf266380e77f3cd0b8429f2d313d1b5920832668cdcb0221277546ca45f5f,su2random_indep_tket_7,su2random,tket,7,34,126,o2_sabre_lookahead,2,sabre,lookahead,0,timeout,transpilation,timeout,AttemptTimeoutError,100.0,100.00253414399958,Tentativo interrotto dopo 100.0 secondi.,qiskit_post_pass_callback_and_sigalrm_traceback,transpilation,21,LookaheadSwap,qiskit.transpiler.passes.routing.lookahead_swap.LookaheadSwap,20,99.93558502197266,99.99899832399933,qiskit/transpiler/passes/routing/lookahead_swap.py,_map_free_gates,313,routing,routing_method,lookahead,medium,False,"Il callback pubblico di Qiskit viene eseguito dopo ogni pass: last_completed_pass non identifica necessariamente il pass interrotto. | Lo stack indica dove SIGALRM è stato osservato, non dimostra quale pass, configurazione, circuito o hardware abbia causato il timeout. | Un'attribuzione causale richiede confronti controllati tra circuiti, configurazioni e device.",qiskit/transpiler/passes/routing/lookahead_swap.py:313:_map_free_gates
ibm_falcon_27,27,f30536987677ef5017fe3a89b8b4ee0a3e7252a1a226cc3db95fd9b2e822d991,run_1963eee96cf2d3d34b4bcf9bc6a37871d79e344e088567ea597dab9655d1f058,su2random_indep_tket_7,su2random,tket,7,34,126,o2_sabre_lookahead,2,sabre,lookahead,1,timeout,transpilation,timeout,AttemptTimeoutError,100.0,100.0028798580006,Tentativo interrotto dopo 100.0 secondi.,qiskit_post_pass_callback_and_sigalrm_traceback,transpilation,21,LookaheadSwap,qiskit.transpiler.passes.routing.lookahead_swap.LookaheadSwap,20,99.92942833900452,99.99904210999921,qiskit/transpiler/passes/routing/lookahead_swap.py,_calc_layout_distance,342,routing,routing_method,lookahead,medium,False,"Il callback pubblico di Qiskit viene eseguito dopo ogni pass: last_completed_pass non identifica necessariamente il pass interrotto. | Lo stack indica dove SIGALRM è stato osservato, non dimostra quale pass, configurazione, circuito o hardware abbia causato il timeout. | Un'attribuzione causale richiede confronti controllati tra circuiti, configurazioni e device.",qiskit/transpiler/passes/routing/lookahead_swap.py:342:_calc_layout_distance
ibm_falcon_27,27,f30536987677ef5017fe3a89b8b4ee0a3e7252a1a226cc3db95fd9b2e822d991,run_5d9f14e4fe80d9d3eb9fef3d9f7e478b0016cd522279a73b376a2382beb6a084,su2random_indep_tket_7,su2random,tket,7,34,126,o2_sabre_lookahead,2,sabre,lookahead,2,timeout,transpilation,timeout,AttemptTimeoutError,100.0,100.0025763880003,Tentativo interrotto dopo 100.0 secondi.,qiskit_post_pass_callback_and_sigalrm_traceback,transpilation,21,LookaheadSwap,qiskit.transpiler.passes.routing.lookahead_swap.LookaheadSwap,20,99.90755915641785,99.99894319699888,qiskit/transpiler/passes/routing/lookahead_swap.py,_calc_layout_distance,342,routing,routing_method,lookahead,medium,False,"Il callback pubblico di Qiskit viene eseguito dopo ogni pass: last_completed_pass non identifica necessariamente il pass interrotto. | Lo stack indica dove SIGALRM è stato osservato, non dimostra quale pass, configurazione, circuito o hardware abbia causato il timeout. | Un'attribuzione causale richiede confronti controllati tra circuiti, configurazioni e device.",qiskit/transpiler/passes/routing/lookahead_swap.py:342:_calc_layout_distance
ibm_falcon_27,27,f30536987677ef5017fe3a89b8b4ee0a3e7252a1a226cc3db95fd9b2e822d991,run_57cb6181b3e1e9b82d36a7f45136c779dd82fdc5cefe7f460469aa38e5890449,su2random_indep_tket_8,su2random,tket,8,38,156,o2_sabre_lookahead,2,sabre,lookahead,0,timeout,transpilation,timeout,AttemptTimeoutError,100.0,100.00287172199933,Tentativo interrotto dopo 100.0 secondi.,qiskit_post_pass_callback_and_sigalrm_traceback,transpilation,21,LookaheadSwap,qiskit.transpiler.passes.routing.lookahead_swap.LookaheadSwap,20,99.91694664955139,99.99885228300082,qiskit/transpiler/passes/routing/lookahead_swap.py,_map_free_gates,303,routing,routing_method,lookahead,medium,False,"Il callback pubblico di Qiskit viene eseguito dopo ogni pass: last_completed_pass non identifica necessariamente il pass interrotto. | Lo stack indica dove SIGALRM è stato osservato, non dimostra quale pass, configurazione, circuito o hardware abbia causato il timeout. | Un'attribuzione causale richiede confronti controllati tra circuiti, configurazioni e device.",qiskit/transpiler/passes/routing/lookahead_swap.py:303:_map_free_gates
ibm_falcon_27,27,f30536987677ef5017fe3a89b8b4ee0a3e7252a1a226cc3db95fd9b2e822d991,run_c1d4acadd6921f8d40bce97620e2f79ebf5f4f4b63f3181e10cb0e7b0a47bd8e,su2random_indep_tket_8,su2random,tket,8,38,156,o2_sabre_lookahead,2,sabre,lookahead,1,timeout,transpilation,timeout,AttemptTimeoutError,100.0,100.00293420400158,Tentativo interrotto dopo 100.0 secondi.,qiskit_post_pass_callback_and_sigalrm_traceback,transpilation,21,LookaheadSwap,qiskit.transpiler.passes.routing.lookahead_swap.LookaheadSwap,20,99.92130923271179,99.99873888200091,qiskit/transpiler/passes/routing/lookahead_swap.py,<genexpr>,390,routing,routing_method,lookahead,medium,False,"Il callback pubblico di Qiskit viene eseguito dopo ogni pass: last_completed_pass non identifica necessariamente il pass interrotto. | Lo stack indica dove SIGALRM è stato osservato, non dimostra quale pass, configurazione, circuito o hardware abbia causato il timeout. | Un'attribuzione causale richiede confronti controllati tra circuiti, configurazioni e device.",qiskit/transpiler/passes/routing/lookahead_swap.py:390:<genexpr>
ibm_falcon_27,27,f30536987677ef5017fe3a89b8b4ee0a3e7252a1a226cc3db95fd9b2e822d991,run_d10de5d8c5e6be32b6567e8ef6c3102212ec34e8b0935bd24a5684f7a204cb02,su2random_indep_tket_8,su2random,tket,8,38,156,o2_sabre_lookahead,2,sabre,lookahead,2,timeout,transpilation,timeout,AttemptTimeoutError,100.0,100.0028979409999,Tentativo interrotto dopo 100.0 secondi.,qiskit_post_pass_callback_and_sigalrm_traceback,transpilation,21,LookaheadSwap,qiskit.transpiler.passes.routing.lookahead_swap.LookaheadSwap,20,99.9297821521759,99.99779158599995,qiskit/transpiler/passes/routing/lookahead_swap.py,_calc_layout_distance,342,routing,routing_method,lookahead,medium,False,"Il callback pubblico di Qiskit viene eseguito dopo ogni pass: last_completed_pass non identifica necessariamente il pass interrotto. | Lo stack indica dove SIGALRM è stato osservato, non dimostra quale pass, configurazione, circuito o hardware abbia causato il timeout. | Un'attribuzione causale richiede confronti controllati tra circuiti, configurazioni e device.",qiskit/transpiler/passes/routing/lookahead_swap.py:342:_calc_layout_distance
ibm_falcon_27,27,f30536987677ef5017fe3a89b8b4ee0a3e7252a1a226cc3db95fd9b2e822d991,run_8ea52541ec659c1ecbb32a2b66c0d1506a5e4236978af38ddc35cb074184f3f5,su2random_indep_tket_9,su2random,tket,9,42,189,o2_sabre_lookahead,2,sabre,lookahead,0,timeout,transpilation,timeout,AttemptTimeoutError,100.0,100.00346906499908,Tentativo interrotto dopo 100.0 secondi.,qiskit_post_pass_callback_and_sigalrm_traceback,transpilation,21,LookaheadSwap,qiskit.transpiler.passes.routing.lookahead_swap.LookaheadSwap,20,99.89756727218628,99.99885236000046,qiskit/transpiler/passes/routing/lookahead_swap.py,_calc_layout_distance,342,routing,routing_method,lookahead,medium,False,"Il callback pubblico di Qiskit viene eseguito dopo ogni pass: last_completed_pass non identifica necessariamente il pass interrotto. | Lo stack indica dove SIGALRM è stato osservato, non dimostra quale pass, configurazione, circuito o hardware abbia causato il timeout. | Un'attribuzione causale richiede confronti controllati tra circuiti, configurazioni e device.",qiskit/transpiler/passes/routing/lookahead_swap.py:342:_calc_layout_distance
ibm_falcon_27,27,f30536987677ef5017fe3a89b8b4ee0a3e7252a1a226cc3db95fd9b2e822d991,run_ce197b7d1209366763e6c4b9dc878afc01ff61822cfab29a2571138e6a6c9c4f,su2random_indep_tket_9,su2random,tket,9,42,189,o2_sabre_lookahead,2,sabre,lookahead,1,timeout,transpilation,timeout,AttemptTimeoutError,100.0,100.00323463099994,Tentativo interrotto dopo 100.0 secondi.,qiskit_post_pass_callback_and_sigalrm_traceback,transpilation,21,LookaheadSwap,qiskit.transpiler.passes.routing.lookahead_swap.LookaheadSwap,20,99.91522812843323,99.99871164000069,qiskit/transpiler/passes/routing/lookahead_swap.py,_calc_layout_distance,342,routing,routing_method,lookahead,medium,False,"Il callback pubblico di Qiskit viene eseguito dopo ogni pass: last_completed_pass non identifica necessariamente il pass interrotto. | Lo stack indica dove SIGALRM è stato osservato, non dimostra quale pass, configurazione, circuito o hardware abbia causato il timeout. | Un'attribuzione causale richiede confronti controllati tra circuiti, configurazioni e device.",qiskit/transpiler/passes/routing/lookahead_swap.py:342:_calc_layout_distance
ibm_falcon_27,27,f30536987677ef5017fe3a89b8b4ee0a3e7252a1a226cc3db95fd9b2e822d991,run_503f3b0cee2e455c2fe045efd67fc373a8bb83b9f7e0f1b5041ef4f08d447147,su2random_indep_tket_9,su2random,tket,9,42,189,o2_sabre_lookahead,2,sabre,lookahead,2,timeout,transpilation,timeout,AttemptTimeoutError,100.0,100.00325215300109,Tentativo interrotto dopo 100.0 secondi.,qiskit_post_pass_callback_and_sigalrm_traceback,transpilation,21,LookaheadSwap,qiskit.transpiler.passes.routing.lookahead_swap.LookaheadSwap,20,99.90854525566101,99.99807802900068,qiskit/transpiler/passes/routing/lookahead_swap.py,_calc_layout_distance,342,routing,routing_method,lookahead,medium,False,"Il callback pubblico di Qiskit viene eseguito dopo ogni pass: last_completed_pass non identifica necessariamente il pass interrotto. | Lo stack indica dove SIGALRM è stato osservato, non dimostra quale pass, configurazione, circuito o hardware abbia causato il timeout. | Un'attribuzione causale richiede confronti controllati tra circuiti, configurazioni e device.",qiskit/transpiler/passes/routing/lookahead_swap.py:342:_calc_layout_distance
ibm_falcon_27,27,f30536987677ef5017fe3a89b8b4ee0a3e7252a1a226cc3db95fd9b2e822d991,run_7fe91227aa387ee8bec9326118cd987f9383bfef72dfb1baaef57f3a4470f20a,twolocalrandom_indep_qiskit_10,twolocalrandom,qiskit,10,42,185,o2_sabre_lookahead,2,sabre,lookahead,0,timeout,transpilation,timeout,AttemptTimeoutError,100.0,100.00368736599921,Tentativo interrotto dopo 100.0 secondi.,qiskit_post_pass_callback_and_sigalrm_traceback,transpilation,21,LookaheadSwap,qiskit.transpiler.passes.routing.lookahead_swap.LookaheadSwap,20,99.88759469985962,99.99856830300087,qiskit/transpiler/passes/routing/lookahead_swap.py,_map_free_gates,314,routing,routing_method,lookahead,medium,False,"Il callback pubblico di Qiskit viene eseguito dopo ogni pass: last_completed_pass non identifica necessariamente il pass interrotto. | Lo stack indica dove SIGALRM è stato osservato, non dimostra quale pass, configurazione, circuito o hardware abbia causato il timeout. | Un'attribuzione causale richiede confronti controllati tra circuiti, configurazioni e device.",qiskit/transpiler/passes/routing/lookahead_swap.py:314:_map_free_gates
ibm_falcon_27,27,f30536987677ef5017fe3a89b8b4ee0a3e7252a1a226cc3db95fd9b2e822d991,run_1b9356c97a182d7ce88c69b8eb540584e7adab258a3a87059c7a5d829e8ee085,twolocalrandom_indep_qiskit_10,twolocalrandom,qiskit,10,42,185,o2_sabre_lookahead,2,sabre,lookahead,1,timeout,transpilation,timeout,AttemptTimeoutError,100.0,100.00354141299977,Tentativo interrotto dopo 100.0 secondi.,qiskit_post_pass_callback_and_sigalrm_traceback,transpilation,21,LookaheadSwap,qiskit.transpiler.passes.routing.lookahead_swap.LookaheadSwap,20,99.8572645187378,99.99880825599939,qiskit/transpiler/passes/routing/lookahead_swap.py,_calc_layout_distance,342,routing,routing_method,lookahead,medium,False,"Il callback pubblico di Qiskit viene eseguito dopo ogni pass: last_completed_pass non identifica necessariamente il pass interrotto. | Lo stack indica dove SIGALRM è stato osservato, non dimostra quale pass, configurazione, circuito o hardware abbia causato il timeout. | Un'attribuzione causale richiede confronti controllati tra circuiti, configurazioni e device.",qiskit/transpiler/passes/routing/lookahead_swap.py:342:_calc_layout_distance
ibm_falcon_27,27,f30536987677ef5017fe3a89b8b4ee0a3e7252a1a226cc3db95fd9b2e822d991,run_2cc00ec2f9727d371c1934825109f45c9a41e14e06ef67adea7046883e176c33,twolocalrandom_indep_qiskit_10,twolocalrandom,qiskit,10,42,185,o2_sabre_lookahead,2,sabre,lookahead,2,timeout,transpilation,timeout,AttemptTimeoutError,100.0,100.00356995099901,Tentativo interrotto dopo 100.0 secondi.,qiskit_post_pass_callback_and_sigalrm_traceback,transpilation,21,LookaheadSwap,qiskit.transpiler.passes.routing.lookahead_swap.LookaheadSwap,20,99.91505599021912,99.99874995200116,qiskit/transpiler/passes/routing/lookahead_swap.py,_calc_layout_distance,342,routing,routing_method,lookahead,medium,False,"Il callback pubblico di Qiskit viene eseguito dopo ogni pass: last_completed_pass non identifica necessariamente il pass interrotto. | Lo stack indica dove SIGALRM è stato osservato, non dimostra quale pass, configurazione, circuito o hardware abbia causato il timeout. | Un'attribuzione causale richiede confronti controllati tra circuiti, configurazioni e device.",qiskit/transpiler/passes/routing/lookahead_swap.py:342:_calc_layout_distance
ibm_falcon_27,27,f30536987677ef5017fe3a89b8b4ee0a3e7252a1a226cc3db95fd9b2e822d991,run_3a52161491d58b7f9f9edffc40ff3101330a08a3b18e7409d19a6377409d211e,twolocalrandom_indep_qiskit_11,twolocalrandom,qiskit,11,46,220,o2_sabre_lookahead,2,sabre,lookahead,0,timeout,transpilation,timeout,AttemptTimeoutError,100.0,100.00358601899825,Tentativo interrotto dopo 100.0 secondi.,qiskit_post_pass_callback_and_sigalrm_traceback,transpilation,21,LookaheadSwap,qiskit.transpiler.passes.routing.lookahead_swap.LookaheadSwap,20,99.8927252292633,99.99848898500022,qiskit/transpiler/passes/routing/lookahead_swap.py,_calc_layout_distance,342,routing,routing_method,lookahead,medium,False,"Il callback pubblico di Qiskit viene eseguito dopo ogni pass: last_completed_pass non identifica necessariamente il pass interrotto. | Lo stack indica dove SIGALRM è stato osservato, non dimostra quale pass, configurazione, circuito o hardware abbia causato il timeout. | Un'attribuzione causale richiede confronti controllati tra circuiti, configurazioni e device.",qiskit/transpiler/passes/routing/lookahead_swap.py:342:_calc_layout_distance
ibm_falcon_27,27,f30536987677ef5017fe3a89b8b4ee0a3e7252a1a226cc3db95fd9b2e822d991,run_6cad7179d1e80ca614f4f9d9bf9883689f9e7b15f5086ab57e1ddcf174a84d33,twolocalrandom_indep_qiskit_11,twolocalrandom,qiskit,11,46,220,o2_sabre_lookahead,2,sabre,lookahead,1,timeout,transpilation,timeout,AttemptTimeoutError,100.0,100.0037828149998,Tentativo interrotto dopo 100.0 secondi.,qiskit_post_pass_callback_and_sigalrm_traceback,transpilation,21,LookaheadSwap,qiskit.transpiler.passes.routing.lookahead_swap.LookaheadSwap,20,99.89248156547546,99.99816977799856,qiskit/transpiler/passes/routing/lookahead_swap.py,_search_forward_n_swaps,244,routing,routing_method,lookahead,medium,False,"Il callback pubblico di Qiskit viene eseguito dopo ogni pass: last_completed_pass non identifica necessariamente il pass interrotto. | Lo stack indica dove SIGALRM è stato osservato, non dimostra quale pass, configurazione, circuito o hardware abbia causato il timeout. | Un'attribuzione causale richiede confronti controllati tra circuiti, configurazioni e device.",qiskit/transpiler/passes/routing/lookahead_swap.py:244:_search_forward_n_swaps
ibm_falcon_27,27,f30536987677ef5017fe3a89b8b4ee0a3e7252a1a226cc3db95fd9b2e822d991,run_d3c30fae5b313198f93f4ce5a023a828868467745905d3eaf232f461ea0613a8,twolocalrandom_indep_qiskit_11,twolocalrandom,qiskit,11,46,220,o2_sabre_lookahead,2,sabre,lookahead,2,timeout,transpilation,timeout,AttemptTimeoutError,100.0,100.00382041699959,Tentativo interrotto dopo 100.0 secondi.,qiskit_post_pass_callback_and_sigalrm_traceback,transpilation,21,LookaheadSwap,qiskit.transpiler.passes.routing.lookahead_swap.LookaheadSwap,20,99.84080624580383,99.99816066899984,qiskit/transpiler/passes/routing/lookahead_swap.py,_calc_layout_distance,342,routing,routing_method,lookahead,medium,False,"Il callback pubblico di Qiskit viene eseguito dopo ogni pass: last_completed_pass non identifica necessariamente il pass interrotto. | Lo stack indica dove SIGALRM è stato osservato, non dimostra quale pass, configurazione, circuito o hardware abbia causato il timeout. | Un'attribuzione causale richiede confronti controllati tra circuiti, configurazioni e device.",qiskit/transpiler/passes/routing/lookahead_swap.py:342:_calc_layout_distance
ibm_falcon_27,27,f30536987677ef5017fe3a89b8b4ee0a3e7252a1a226cc3db95fd9b2e822d991,run_790c800a755521617832bd896c8cc9d9ef1ba5d1bf7fa20503f0507545b5aa84,twolocalrandom_indep_qiskit_6,twolocalrandom,qiskit,6,26,75,o2_sabre_lookahead,2,sabre,lookahead,0,timeout,transpilation,timeout,AttemptTimeoutError,100.0,100.00259425900003,Tentativo interrotto dopo 100.0 secondi.,qiskit_post_pass_callback_and_sigalrm_traceback,transpilation,21,LookaheadSwap,qiskit.transpiler.passes.routing.lookahead_swap.LookaheadSwap,20,99.95352005958557,99.9993067739997,qiskit/transpiler/passes/routing/lookahead_swap.py,_map_free_gates,312,routing,routing_method,lookahead,medium,False,"Il callback pubblico di Qiskit viene eseguito dopo ogni pass: last_completed_pass non identifica necessariamente il pass interrotto. | Lo stack indica dove SIGALRM è stato osservato, non dimostra quale pass, configurazione, circuito o hardware abbia causato il timeout. | Un'attribuzione causale richiede confronti controllati tra circuiti, configurazioni e device.",qiskit/transpiler/passes/routing/lookahead_swap.py:312:_map_free_gates
ibm_falcon_27,27,f30536987677ef5017fe3a89b8b4ee0a3e7252a1a226cc3db95fd9b2e822d991,run_005bb0f2d9434d2f09c04dca124bfa10f2209be50c83fe9f59db930983d5bc13,twolocalrandom_indep_qiskit_6,twolocalrandom,qiskit,6,26,75,o2_sabre_lookahead,2,sabre,lookahead,1,timeout,transpilation,timeout,AttemptTimeoutError,100.0,100.00288827800068,Tentativo interrotto dopo 100.0 secondi.,qiskit_post_pass_callback_and_sigalrm_traceback,transpilation,21,LookaheadSwap,qiskit.transpiler.passes.routing.lookahead_swap.LookaheadSwap,20,99.95431661605835,99.99935542599997,qiskit/transpiler/passes/routing/lookahead_swap.py,_first_op_node,390,routing,routing_method,lookahead,medium,False,"Il callback pubblico di Qiskit viene eseguito dopo ogni pass: last_completed_pass non identifica necessariamente il pass interrotto. | Lo stack indica dove SIGALRM è stato osservato, non dimostra quale pass, configurazione, circuito o hardware abbia causato il timeout. | Un'attribuzione causale richiede confronti controllati tra circuiti, configurazioni e device.",qiskit/transpiler/passes/routing/lookahead_swap.py:390:_first_op_node
ibm_falcon_27,27,f30536987677ef5017fe3a89b8b4ee0a3e7252a1a226cc3db95fd9b2e822d991,run_8e96bbd2280bc052f6874452943320038b006449dd867aa6acd5fcbe93c3fdce,twolocalrandom_indep_qiskit_7,twolocalrandom,qiskit,7,30,98,o2_sabre_lookahead,2,sabre,lookahead,0,timeout,transpilation,timeout,AttemptTimeoutError,100.0,100.00282136700116,Tentativo interrotto dopo 100.0 secondi.,qiskit_post_pass_callback_and_sigalrm_traceback,transpilation,21,LookaheadSwap,qiskit.transpiler.passes.routing.lookahead_swap.LookaheadSwap,20,99.93882131576538,99.99912189099996,qiskit/transpiler/passes/routing/lookahead_swap.py,_calc_layout_distance,342,routing,routing_method,lookahead,medium,False,"Il callback pubblico di Qiskit viene eseguito dopo ogni pass: last_completed_pass non identifica necessariamente il pass interrotto. | Lo stack indica dove SIGALRM è stato osservato, non dimostra quale pass, configurazione, circuito o hardware abbia causato il timeout. | Un'attribuzione causale richiede confronti controllati tra circuiti, configurazioni e device.",qiskit/transpiler/passes/routing/lookahead_swap.py:342:_calc_layout_distance
ibm_falcon_27,27,f30536987677ef5017fe3a89b8b4ee0a3e7252a1a226cc3db95fd9b2e822d991,run_7cfe0746ad0ab5e3449b5dc2ab401afe5b510f9806f2f051b4de2d0a7cad26db,twolocalrandom_indep_qiskit_7,twolocalrandom,qiskit,7,30,98,o2_sabre_lookahead,2,sabre,lookahead,1,timeout,transpilation,timeout,AttemptTimeoutError,100.0,100.00280141199983,Tentativo interrotto dopo 100.0 secondi.,qiskit_post_pass_callback_and_sigalrm_traceback,transpilation,21,LookaheadSwap,qiskit.transpiler.passes.routing.lookahead_swap.LookaheadSwap,20,99.90720534324646,99.99916471100005,qiskit/transpiler/passes/routing/lookahead_swap.py,_calc_layout_distance,342,routing,routing_method,lookahead,medium,False,"Il callback pubblico di Qiskit viene eseguito dopo ogni pass: last_completed_pass non identifica necessariamente il pass interrotto. | Lo stack indica dove SIGALRM è stato osservato, non dimostra quale pass, configurazione, circuito o hardware abbia causato il timeout. | Un'attribuzione causale richiede confronti controllati tra circuiti, configurazioni e device.",qiskit/transpiler/passes/routing/lookahead_swap.py:342:_calc_layout_distance
ibm_falcon_27,27,f30536987677ef5017fe3a89b8b4ee0a3e7252a1a226cc3db95fd9b2e822d991,run_d6a71b625f82fb02188543e365853660bcb43a8900ad0c7728f52be49dcb5ea2,twolocalrandom_indep_qiskit_7,twolocalrandom,qiskit,7,30,98,o2_sabre_lookahead,2,sabre,lookahead,2,timeout,transpilation,timeout,AttemptTimeoutError,100.0,100.00263304800137,Tentativo interrotto dopo 100.0 secondi.,qiskit_post_pass_callback_and_sigalrm_traceback,transpilation,21,LookaheadSwap,qiskit.transpiler.passes.routing.lookahead_swap.LookaheadSwap,20,99.91784477233887,99.99919511100052,qiskit/transpiler/passes/routing/lookahead_swap.py,_first_op_node,390,routing,routing_method,lookahead,medium,False,"Il callback pubblico di Qiskit viene eseguito dopo ogni pass: last_completed_pass non identifica necessariamente il pass interrotto. | Lo stack indica dove SIGALRM è stato osservato, non dimostra quale pass, configurazione, circuito o hardware abbia causato il timeout. | Un'attribuzione causale richiede confronti controllati tra circuiti, configurazioni e device.",qiskit/transpiler/passes/routing/lookahead_swap.py:390:_first_op_node
ibm_falcon_27,27,f30536987677ef5017fe3a89b8b4ee0a3e7252a1a226cc3db95fd9b2e822d991,run_27161ba1e1de73636712514e0bd4cd8aaab684335cbb1bfd19b30b0cf1ffdec7,twolocalrandom_indep_qiskit_8,twolocalrandom,qiskit,8,34,124,o2_sabre_lookahead,2,sabre,lookahead,0,timeout,transpilation,timeout,AttemptTimeoutError,100.0,100.00271796000015,Tentativo interrotto dopo 100.0 secondi.,qiskit_post_pass_callback_and_sigalrm_traceback,transpilation,21,LookaheadSwap,qiskit.transpiler.passes.routing.lookahead_swap.LookaheadSwap,20,99.90580630302429,99.99903312700008,qiskit/transpiler/passes/routing/lookahead_swap.py,_calc_layout_distance,342,routing,routing_method,lookahead,medium,False,"Il callback pubblico di Qiskit viene eseguito dopo ogni pass: last_completed_pass non identifica necessariamente il pass interrotto. | Lo stack indica dove SIGALRM è stato osservato, non dimostra quale pass, configurazione, circuito o hardware abbia causato il timeout. | Un'attribuzione causale richiede confronti controllati tra circuiti, configurazioni e device.",qiskit/transpiler/passes/routing/lookahead_swap.py:342:_calc_layout_distance
ibm_falcon_27,27,f30536987677ef5017fe3a89b8b4ee0a3e7252a1a226cc3db95fd9b2e822d991,run_50f5708c91d8c6a8010f7c48796947cc3f1eb06e47979ae1b40b4f54d9338a59,twolocalrandom_indep_qiskit_8,twolocalrandom,qiskit,8,34,124,o2_sabre_lookahead,2,sabre,lookahead,1,timeout,transpilation,timeout,AttemptTimeoutError,100.0,100.00264179499936,Tentativo interrotto dopo 100.0 secondi.,qiskit_post_pass_callback_and_sigalrm_traceback,transpilation,21,LookaheadSwap,qiskit.transpiler.passes.routing.lookahead_swap.LookaheadSwap,20,99.90486669540405,99.99861404100011,qiskit/transpiler/passes/routing/lookahead_swap.py,_calc_layout_distance,342,routing,routing_method,lookahead,medium,False,"Il callback pubblico di Qiskit viene eseguito dopo ogni pass: last_completed_pass non identifica necessariamente il pass interrotto. | Lo stack indica dove SIGALRM è stato osservato, non dimostra quale pass, configurazione, circuito o hardware abbia causato il timeout. | Un'attribuzione causale richiede confronti controllati tra circuiti, configurazioni e device.",qiskit/transpiler/passes/routing/lookahead_swap.py:342:_calc_layout_distance
ibm_falcon_27,27,f30536987677ef5017fe3a89b8b4ee0a3e7252a1a226cc3db95fd9b2e822d991,run_73f57fdaf972e2af073e005dd4de8f2b42df45f1abb5e3e78078d36e958c7aba,twolocalrandom_indep_qiskit_8,twolocalrandom,qiskit,8,34,124,o2_sabre_lookahead,2,sabre,lookahead,2,timeout,transpilation,timeout,AttemptTimeoutError,100.0,100.0027568759997,Tentativo interrotto dopo 100.0 secondi.,qiskit_post_pass_callback_and_sigalrm_traceback,transpilation,21,LookaheadSwap,qiskit.transpiler.passes.routing.lookahead_swap.LookaheadSwap,20,99.92116403579712,99.99906356199972,qiskit/transpiler/passes/routing/lookahead_swap.py,_map_free_gates,312,routing,routing_method,lookahead,medium,False,"Il callback pubblico di Qiskit viene eseguito dopo ogni pass: last_completed_pass non identifica necessariamente il pass interrotto. | Lo stack indica dove SIGALRM è stato osservato, non dimostra quale pass, configurazione, circuito o hardware abbia causato il timeout. | Un'attribuzione causale richiede confronti controllati tra circuiti, configurazioni e device.",qiskit/transpiler/passes/routing/lookahead_swap.py:312:_map_free_gates
ibm_falcon_27,27,f30536987677ef5017fe3a89b8b4ee0a3e7252a1a226cc3db95fd9b2e822d991,run_65685282c7c35eb9b77b6f37a91c4660041ffe5c3ab89626df7f6aaec0617c15,twolocalrandom_indep_qiskit_9,twolocalrandom,qiskit,9,38,153,o2_sabre_lookahead,2,sabre,lookahead,0,timeout,transpilation,timeout,AttemptTimeoutError,100.0,100.00314452899875,Tentativo interrotto dopo 100.0 secondi.,qiskit_post_pass_callback_and_sigalrm_traceback,transpilation,21,LookaheadSwap,qiskit.transpiler.passes.routing.lookahead_swap.LookaheadSwap,20,99.92658829689026,99.99883681099891,qiskit/transpiler/passes/routing/lookahead_swap.py,_calc_layout_distance,342,routing,routing_method,lookahead,medium,False,"Il callback pubblico di Qiskit viene eseguito dopo ogni pass: last_completed_pass non identifica necessariamente il pass interrotto. | Lo stack indica dove SIGALRM è stato osservato, non dimostra quale pass, configurazione, circuito o hardware abbia causato il timeout. | Un'attribuzione causale richiede confronti controllati tra circuiti, configurazioni e device.",qiskit/transpiler/passes/routing/lookahead_swap.py:342:_calc_layout_distance
ibm_falcon_27,27,f30536987677ef5017fe3a89b8b4ee0a3e7252a1a226cc3db95fd9b2e822d991,run_11b26c3fd94deb4665e0a43e7a5fe2089727fab072ce08b85405e1d8daa37c59,twolocalrandom_indep_qiskit_9,twolocalrandom,qiskit,9,38,153,o2_sabre_lookahead,2,sabre,lookahead,1,timeout,transpilation,timeout,AttemptTimeoutError,100.0,100.00338028599981,Tentativo interrotto dopo 100.0 secondi.,qiskit_post_pass_callback_and_sigalrm_traceback,transpilation,21,LookaheadSwap,qiskit.transpiler.passes.routing.lookahead_swap.LookaheadSwap,20,99.92194485664368,99.99897521599996,qiskit/transpiler/passes/routing/lookahead_swap.py,_calc_layout_distance,342,routing,routing_method,lookahead,medium,False,"Il callback pubblico di Qiskit viene eseguito dopo ogni pass: last_completed_pass non identifica necessariamente il pass interrotto. | Lo stack indica dove SIGALRM è stato osservato, non dimostra quale pass, configurazione, circuito o hardware abbia causato il timeout. | Un'attribuzione causale richiede confronti controllati tra circuiti, configurazioni e device.",qiskit/transpiler/passes/routing/lookahead_swap.py:342:_calc_layout_distance
ibm_falcon_27,27,f30536987677ef5017fe3a89b8b4ee0a3e7252a1a226cc3db95fd9b2e822d991,run_2bdee2b7b3dda2462f25339d34a72f7528fab1e0fe93d6a3f211fa1d1b029422,twolocalrandom_indep_qiskit_9,twolocalrandom,qiskit,9,38,153,o2_sabre_lookahead,2,sabre,lookahead,2,timeout,transpilation,timeout,AttemptTimeoutError,100.0,100.00323183699948,Tentativo interrotto dopo 100.0 secondi.,qiskit_post_pass_callback_and_sigalrm_traceback,transpilation,21,LookaheadSwap,qiskit.transpiler.passes.routing.lookahead_swap.LookaheadSwap,20,99.92422819137573,99.99835963900114,qiskit/transpiler/passes/routing/lookahead_swap.py,_calc_layout_distance,342,routing,routing_method,lookahead,medium,False,"Il callback pubblico di Qiskit viene eseguito dopo ogni pass: last_completed_pass non identifica necessariamente il pass interrotto. | Lo stack indica dove SIGALRM è stato osservato, non dimostra quale pass, configurazione, circuito o hardware abbia causato il timeout. | Un'attribuzione causale richiede confronti controllati tra circuiti, configurazioni e device.",qiskit/transpiler/passes/routing/lookahead_swap.py:342:_calc_layout_distance
ibm_falcon_27,27,f30536987677ef5017fe3a89b8b4ee0a3e7252a1a226cc3db95fd9b2e822d991,run_c6f312520f7ceb0494cd3a4d70e79a652f61b3dd05b1fe0968f506095da99c16,twolocalrandom_indep_tket_10,twolocalrandom,tket,10,42,185,o2_sabre_lookahead,2,sabre,lookahead,0,timeout,transpilation,timeout,AttemptTimeoutError,100.0,100.00398898700041,Tentativo interrotto dopo 100.0 secondi.,qiskit_post_pass_callback_and_sigalrm_traceback,transpilation,21,LookaheadSwap,qiskit.transpiler.passes.routing.lookahead_swap.LookaheadSwap,20,99.91250562667847,99.99880829100039,qiskit/transpiler/passes/routing/lookahead_swap.py,_calc_layout_distance,342,routing,routing_method,lookahead,medium,False,"Il callback pubblico di Qiskit viene eseguito dopo ogni pass: last_completed_pass non identifica necessariamente il pass interrotto. | Lo stack indica dove SIGALRM è stato osservato, non dimostra quale pass, configurazione, circuito o hardware abbia causato il timeout. | Un'attribuzione causale richiede confronti controllati tra circuiti, configurazioni e device.",qiskit/transpiler/passes/routing/lookahead_swap.py:342:_calc_layout_distance
ibm_falcon_27,27,f30536987677ef5017fe3a89b8b4ee0a3e7252a1a226cc3db95fd9b2e822d991,run_8ff455f9f56876ac1a734922178ad4e98f79a6d43fede684829f8cd156c2dc7a,twolocalrandom_indep_tket_10,twolocalrandom,tket,10,42,185,o2_sabre_lookahead,2,sabre,lookahead,1,timeout,transpilation,timeout,AttemptTimeoutError,100.0,100.0033463159998,Tentativo interrotto dopo 100.0 secondi.,qiskit_post_pass_callback_and_sigalrm_traceback,transpilation,21,LookaheadSwap,qiskit.transpiler.passes.routing.lookahead_swap.LookaheadSwap,20,99.90466070175171,99.99810533699929,qiskit/transpiler/passes/routing/lookahead_swap.py,_score_state_with_swap,355,routing,routing_method,lookahead,medium,False,"Il callback pubblico di Qiskit viene eseguito dopo ogni pass: last_completed_pass non identifica necessariamente il pass interrotto. | Lo stack indica dove SIGALRM è stato osservato, non dimostra quale pass, configurazione, circuito o hardware abbia causato il timeout. | Un'attribuzione causale richiede confronti controllati tra circuiti, configurazioni e device.",qiskit/transpiler/passes/routing/lookahead_swap.py:355:_score_state_with_swap
ibm_falcon_27,27,f30536987677ef5017fe3a89b8b4ee0a3e7252a1a226cc3db95fd9b2e822d991,run_9b2f4dfa5950ba38d7324b0e908784f8a838c25f1b442c822ac9a7b0fced9ba2,twolocalrandom_indep_tket_10,twolocalrandom,tket,10,42,185,o2_sabre_lookahead,2,sabre,lookahead,2,timeout,transpilation,timeout,AttemptTimeoutError,100.0,100.00342495299992,Tentativo interrotto dopo 100.0 secondi.,qiskit_post_pass_callback_and_sigalrm_traceback,transpilation,21,LookaheadSwap,qiskit.transpiler.passes.routing.lookahead_swap.LookaheadSwap,20,99.90615439414978,99.99867581699982,qiskit/transpiler/passes/routing/lookahead_swap.py,_calc_layout_distance,342,routing,routing_method,lookahead,medium,False,"Il callback pubblico di Qiskit viene eseguito dopo ogni pass: last_completed_pass non identifica necessariamente il pass interrotto. | Lo stack indica dove SIGALRM è stato osservato, non dimostra quale pass, configurazione, circuito o hardware abbia causato il timeout. | Un'attribuzione causale richiede confronti controllati tra circuiti, configurazioni e device.",qiskit/transpiler/passes/routing/lookahead_swap.py:342:_calc_layout_distance
ibm_falcon_27,27,f30536987677ef5017fe3a89b8b4ee0a3e7252a1a226cc3db95fd9b2e822d991,run_3bf6ea06449574e8cbb376a978d92a1a7b5fc03dd459a55ca081a4c464689e02,twolocalrandom_indep_tket_11,twolocalrandom,tket,11,46,220,o2_sabre_lookahead,2,sabre,lookahead,0,timeout,transpilation,timeout,AttemptTimeoutError,100.0,100.00425524300044,Tentativo interrotto dopo 100.0 secondi.,qiskit_post_pass_callback_and_sigalrm_traceback,transpilation,21,LookaheadSwap,qiskit.transpiler.passes.routing.lookahead_swap.LookaheadSwap,20,99.85455274581909,99.99870230700071,qiskit/transpiler/passes/routing/lookahead_swap.py,_calc_layout_distance,341,routing,routing_method,lookahead,medium,False,"Il callback pubblico di Qiskit viene eseguito dopo ogni pass: last_completed_pass non identifica necessariamente il pass interrotto. | Lo stack indica dove SIGALRM è stato osservato, non dimostra quale pass, configurazione, circuito o hardware abbia causato il timeout. | Un'attribuzione causale richiede confronti controllati tra circuiti, configurazioni e device.",qiskit/transpiler/passes/routing/lookahead_swap.py:341:_calc_layout_distance
ibm_falcon_27,27,f30536987677ef5017fe3a89b8b4ee0a3e7252a1a226cc3db95fd9b2e822d991,run_9942b6cff21b03f9e64a1005ff6e527f17e7bee801219c00007019d95c16d0d9,twolocalrandom_indep_tket_11,twolocalrandom,tket,11,46,220,o2_sabre_lookahead,2,sabre,lookahead,1,timeout,transpilation,timeout,AttemptTimeoutError,100.0,100.01228784699924,Tentativo interrotto dopo 100.0 secondi.,qiskit_post_pass_callback_and_sigalrm_traceback,transpilation,21,LookaheadSwap,qiskit.transpiler.passes.routing.lookahead_swap.LookaheadSwap,20,99.87107872962952,99.99856714900125,qiskit/transpiler/passes/routing/lookahead_swap.py,_calc_layout_distance,342,routing,routing_method,lookahead,medium,False,"Il callback pubblico di Qiskit viene eseguito dopo ogni pass: last_completed_pass non identifica necessariamente il pass interrotto. | Lo stack indica dove SIGALRM è stato osservato, non dimostra quale pass, configurazione, circuito o hardware abbia causato il timeout. | Un'attribuzione causale richiede confronti controllati tra circuiti, configurazioni e device.",qiskit/transpiler/passes/routing/lookahead_swap.py:342:_calc_layout_distance
ibm_falcon_27,27,f30536987677ef5017fe3a89b8b4ee0a3e7252a1a226cc3db95fd9b2e822d991,run_3f0944dfdff3e6fa28f8cee77b38e32740cb805d3620053f10123a7fb44d06e8,twolocalrandom_indep_tket_11,twolocalrandom,tket,11,46,220,o2_sabre_lookahead,2,sabre,lookahead,2,timeout,transpilation,timeout,AttemptTimeoutError,100.0,100.0040457970008,Tentativo interrotto dopo 100.0 secondi.,qiskit_post_pass_callback_and_sigalrm_traceback,transpilation,21,LookaheadSwap,qiskit.transpiler.passes.routing.lookahead_swap.LookaheadSwap,20,99.88889598846436,99.99867170499965,qiskit/transpiler/passes/routing/lookahead_swap.py,_map_free_gates,312,routing,routing_method,lookahead,medium,False,"Il callback pubblico di Qiskit viene eseguito dopo ogni pass: last_completed_pass non identifica necessariamente il pass interrotto. | Lo stack indica dove SIGALRM è stato osservato, non dimostra quale pass, configurazione, circuito o hardware abbia causato il timeout. | Un'attribuzione causale richiede confronti controllati tra circuiti, configurazioni e device.",qiskit/transpiler/passes/routing/lookahead_swap.py:312:_map_free_gates
ibm_falcon_27,27,f30536987677ef5017fe3a89b8b4ee0a3e7252a1a226cc3db95fd9b2e822d991,run_16dfe3002ec29e6303b0862f9836374b6bc41c09d272ca3e7211561114997849,twolocalrandom_indep_tket_6,twolocalrandom,tket,6,26,75,o2_sabre_lookahead,2,sabre,lookahead,0,timeout,transpilation,timeout,AttemptTimeoutError,100.0,100.00264548000087,Tentativo interrotto dopo 100.0 secondi.,qiskit_post_pass_callback_and_sigalrm_traceback,transpilation,21,LookaheadSwap,qiskit.transpiler.passes.routing.lookahead_swap.LookaheadSwap,20,99.94795083999634,99.99925886299934,qiskit/transpiler/passes/routing/lookahead_swap.py,_first_op_node,390,routing,routing_method,lookahead,medium,False,"Il callback pubblico di Qiskit viene eseguito dopo ogni pass: last_completed_pass non identifica necessariamente il pass interrotto. | Lo stack indica dove SIGALRM è stato osservato, non dimostra quale pass, configurazione, circuito o hardware abbia causato il timeout. | Un'attribuzione causale richiede confronti controllati tra circuiti, configurazioni e device.",qiskit/transpiler/passes/routing/lookahead_swap.py:390:_first_op_node
ibm_falcon_27,27,f30536987677ef5017fe3a89b8b4ee0a3e7252a1a226cc3db95fd9b2e822d991,run_4e807b502e6dbaf2e0b867932f7a3a70aa569d84325e060dd7c7c0feaa120541,twolocalrandom_indep_tket_6,twolocalrandom,tket,6,26,75,o2_sabre_lookahead,2,sabre,lookahead,1,timeout,transpilation,timeout,AttemptTimeoutError,100.0,100.00262666900016,Tentativo interrotto dopo 100.0 secondi.,qiskit_post_pass_callback_and_sigalrm_traceback,transpilation,21,LookaheadSwap,qiskit.transpiler.passes.routing.lookahead_swap.LookaheadSwap,20,99.95793056488037,99.99929109499863,qiskit/transpiler/passes/routing/lookahead_swap.py,_calc_layout_distance,342,routing,routing_method,lookahead,medium,False,"Il callback pubblico di Qiskit viene eseguito dopo ogni pass: last_completed_pass non identifica necessariamente il pass interrotto. | Lo stack indica dove SIGALRM è stato osservato, non dimostra quale pass, configurazione, circuito o hardware abbia causato il timeout. | Un'attribuzione causale richiede confronti controllati tra circuiti, configurazioni e device.",qiskit/transpiler/passes/routing/lookahead_swap.py:342:_calc_layout_distance
ibm_falcon_27,27,f30536987677ef5017fe3a89b8b4ee0a3e7252a1a226cc3db95fd9b2e822d991,run_58a45a1ae6d13770136f3af67f3659818aef00c25799dd6a497e71f33044a740,twolocalrandom_indep_tket_7,twolocalrandom,tket,7,30,98,o2_sabre_lookahead,2,sabre,lookahead,0,timeout,transpilation,timeout,AttemptTimeoutError,100.0,100.00263741399976,Tentativo interrotto dopo 100.0 secondi.,qiskit_post_pass_callback_and_sigalrm_traceback,transpilation,21,LookaheadSwap,qiskit.transpiler.passes.routing.lookahead_swap.LookaheadSwap,20,99.92841148376465,99.99911077599972,qiskit/transpiler/passes/routing/lookahead_swap.py,_map_free_gates,303,routing,routing_method,lookahead,medium,False,"Il callback pubblico di Qiskit viene eseguito dopo ogni pass: last_completed_pass non identifica necessariamente il pass interrotto. | Lo stack indica dove SIGALRM è stato osservato, non dimostra quale pass, configurazione, circuito o hardware abbia causato il timeout. | Un'attribuzione causale richiede confronti controllati tra circuiti, configurazioni e device.",qiskit/transpiler/passes/routing/lookahead_swap.py:303:_map_free_gates
ibm_falcon_27,27,f30536987677ef5017fe3a89b8b4ee0a3e7252a1a226cc3db95fd9b2e822d991,run_fd0c36b3ad321996da781a8797c42aed9128e3358ae03352e7cc2687e54dd0f3,twolocalrandom_indep_tket_7,twolocalrandom,tket,7,30,98,o2_sabre_lookahead,2,sabre,lookahead,1,timeout,transpilation,timeout,AttemptTimeoutError,100.0,100.00291822600047,Tentativo interrotto dopo 100.0 secondi.,qiskit_post_pass_callback_and_sigalrm_traceback,transpilation,21,LookaheadSwap,qiskit.transpiler.passes.routing.lookahead_swap.LookaheadSwap,20,99.92638683319092,99.99902205800026,qiskit/transpiler/passes/routing/lookahead_swap.py,_map_free_gates,312,routing,routing_method,lookahead,medium,False,"Il callback pubblico di Qiskit viene eseguito dopo ogni pass: last_completed_pass non identifica necessariamente il pass interrotto. | Lo stack indica dove SIGALRM è stato osservato, non dimostra quale pass, configurazione, circuito o hardware abbia causato il timeout. | Un'attribuzione causale richiede confronti controllati tra circuiti, configurazioni e device.",qiskit/transpiler/passes/routing/lookahead_swap.py:312:_map_free_gates
ibm_falcon_27,27,f30536987677ef5017fe3a89b8b4ee0a3e7252a1a226cc3db95fd9b2e822d991,run_e22ef1607afaf6666ce3b7a32a0aa34bfa2b2ced7f6f69b5b2219a082760a0e3,twolocalrandom_indep_tket_7,twolocalrandom,tket,7,30,98,o2_sabre_lookahead,2,sabre,lookahead,2,timeout,transpilation,timeout,AttemptTimeoutError,100.0,100.00263806200019,Tentativo interrotto dopo 100.0 secondi.,qiskit_post_pass_callback_and_sigalrm_traceback,transpilation,21,LookaheadSwap,qiskit.transpiler.passes.routing.lookahead_swap.LookaheadSwap,20,99.93403220176697,99.99915243400028,qiskit/transpiler/passes/routing/lookahead_swap.py,<genexpr>,390,routing,routing_method,lookahead,medium,False,"Il callback pubblico di Qiskit viene eseguito dopo ogni pass: last_completed_pass non identifica necessariamente il pass interrotto. | Lo stack indica dove SIGALRM è stato osservato, non dimostra quale pass, configurazione, circuito o hardware abbia causato il timeout. | Un'attribuzione causale richiede confronti controllati tra circuiti, configurazioni e device.",qiskit/transpiler/passes/routing/lookahead_swap.py:390:<genexpr>
ibm_falcon_27,27,f30536987677ef5017fe3a89b8b4ee0a3e7252a1a226cc3db95fd9b2e822d991,run_4ad7c65f8e15d322af1026237bf87bec52eae278f1f3d338b59ac99d11ebd3da,twolocalrandom_indep_tket_8,twolocalrandom,tket,8,34,124,o2_sabre_lookahead,2,sabre,lookahead,0,timeout,transpilation,timeout,AttemptTimeoutError,100.0,100.0027483949998,Tentativo interrotto dopo 100.0 secondi.,qiskit_post_pass_callback_and_sigalrm_traceback,transpilation,21,LookaheadSwap,qiskit.transpiler.passes.routing.lookahead_swap.LookaheadSwap,20,99.93162417411804,99.9990366009988,qiskit/transpiler/passes/routing/lookahead_swap.py,_calc_layout_distance,342,routing,routing_method,lookahead,medium,False,"Il callback pubblico di Qiskit viene eseguito dopo ogni pass: last_completed_pass non identifica necessariamente il pass interrotto. | Lo stack indica dove SIGALRM è stato osservato, non dimostra quale pass, configurazione, circuito o hardware abbia causato il timeout. | Un'attribuzione causale richiede confronti controllati tra circuiti, configurazioni e device.",qiskit/transpiler/passes/routing/lookahead_swap.py:342:_calc_layout_distance
ibm_falcon_27,27,f30536987677ef5017fe3a89b8b4ee0a3e7252a1a226cc3db95fd9b2e822d991,run_8e432edb0c0e13ff84fc41f1fb740380c6a72ba0a94a3ce3f415f320bd206b97,twolocalrandom_indep_tket_8,twolocalrandom,tket,8,34,124,o2_sabre_lookahead,2,sabre,lookahead,1,timeout,transpilation,timeout,AttemptTimeoutError,100.0,100.00273112099967,Tentativo interrotto dopo 100.0 secondi.,qiskit_post_pass_callback_and_sigalrm_traceback,transpilation,21,LookaheadSwap,qiskit.transpiler.passes.routing.lookahead_swap.LookaheadSwap,20,99.90521121025085,99.99903333899965,qiskit/transpiler/passes/routing/lookahead_swap.py,_calc_layout_distance,342,routing,routing_method,lookahead,medium,False,"Il callback pubblico di Qiskit viene eseguito dopo ogni pass: last_completed_pass non identifica necessariamente il pass interrotto. | Lo stack indica dove SIGALRM è stato osservato, non dimostra quale pass, configurazione, circuito o hardware abbia causato il timeout. | Un'attribuzione causale richiede confronti controllati tra circuiti, configurazioni e device.",qiskit/transpiler/passes/routing/lookahead_swap.py:342:_calc_layout_distance
ibm_falcon_27,27,f30536987677ef5017fe3a89b8b4ee0a3e7252a1a226cc3db95fd9b2e822d991,run_0991f07aee061d2024b0e2437753f5a87f590caf84020a64191a17ffc95d9859,twolocalrandom_indep_tket_8,twolocalrandom,tket,8,34,124,o2_sabre_lookahead,2,sabre,lookahead,2,timeout,transpilation,timeout,AttemptTimeoutError,100.0,100.00281069700031,Tentativo interrotto dopo 100.0 secondi.,qiskit_post_pass_callback_and_sigalrm_traceback,transpilation,21,LookaheadSwap,qiskit.transpiler.passes.routing.lookahead_swap.LookaheadSwap,20,99.9229302406311,99.99778031900132,qiskit/transpiler/passes/routing/lookahead_swap.py,_first_op_node,390,routing,routing_method,lookahead,medium,False,"Il callback pubblico di Qiskit viene eseguito dopo ogni pass: last_completed_pass non identifica necessariamente il pass interrotto. | Lo stack indica dove SIGALRM è stato osservato, non dimostra quale pass, configurazione, circuito o hardware abbia causato il timeout. | Un'attribuzione causale richiede confronti controllati tra circuiti, configurazioni e device.",qiskit/transpiler/passes/routing/lookahead_swap.py:390:_first_op_node
ibm_falcon_27,27,f30536987677ef5017fe3a89b8b4ee0a3e7252a1a226cc3db95fd9b2e822d991,run_66e4a04dc64280ac0f26f7cc531205291762268eb1acb29132df4ed0af961d9d,twolocalrandom_indep_tket_9,twolocalrandom,tket,9,38,153,o2_sabre_lookahead,2,sabre,lookahead,0,timeout,transpilation,timeout,AttemptTimeoutError,100.0,100.00307673099996,Tentativo interrotto dopo 100.0 secondi.,qiskit_post_pass_callback_and_sigalrm_traceback,transpilation,21,LookaheadSwap,qiskit.transpiler.passes.routing.lookahead_swap.LookaheadSwap,20,99.89648795127869,99.99891752599979,qiskit/transpiler/passes/routing/lookahead_swap.py,_map_free_gates,302,routing,routing_method,lookahead,medium,False,"Il callback pubblico di Qiskit viene eseguito dopo ogni pass: last_completed_pass non identifica necessariamente il pass interrotto. | Lo stack indica dove SIGALRM è stato osservato, non dimostra quale pass, configurazione, circuito o hardware abbia causato il timeout. | Un'attribuzione causale richiede confronti controllati tra circuiti, configurazioni e device.",qiskit/transpiler/passes/routing/lookahead_swap.py:302:_map_free_gates
ibm_falcon_27,27,f30536987677ef5017fe3a89b8b4ee0a3e7252a1a226cc3db95fd9b2e822d991,run_fa04df9786a29daa493449f40f1b9468f7e9faa52986a97a41809d33f3f4300e,twolocalrandom_indep_tket_9,twolocalrandom,tket,9,38,153,o2_sabre_lookahead,2,sabre,lookahead,1,timeout,transpilation,timeout,AttemptTimeoutError,100.0,100.0032080839992,Tentativo interrotto dopo 100.0 secondi.,qiskit_post_pass_callback_and_sigalrm_traceback,transpilation,21,LookaheadSwap,qiskit.transpiler.passes.routing.lookahead_swap.LookaheadSwap,20,99.90837025642395,99.99891920599839,qiskit/transpiler/passes/routing/lookahead_swap.py,_calc_layout_distance,342,routing,routing_method,lookahead,medium,False,"Il callback pubblico di Qiskit viene eseguito dopo ogni pass: last_completed_pass non identifica necessariamente il pass interrotto. | Lo stack indica dove SIGALRM è stato osservato, non dimostra quale pass, configurazione, circuito o hardware abbia causato il timeout. | Un'attribuzione causale richiede confronti controllati tra circuiti, configurazioni e device.",qiskit/transpiler/passes/routing/lookahead_swap.py:342:_calc_layout_distance
ibm_falcon_27,27,f30536987677ef5017fe3a89b8b4ee0a3e7252a1a226cc3db95fd9b2e822d991,run_768b74a03e5c6fab4880ba6ba8f3a84f70cb887934d88d163e55d65516340557,twolocalrandom_indep_tket_9,twolocalrandom,tket,9,38,153,o2_sabre_lookahead,2,sabre,lookahead,2,timeout,transpilation,timeout,AttemptTimeoutError,100.0,100.0036885369991,Tentativo interrotto dopo 100.0 secondi.,qiskit_post_pass_callback_and_sigalrm_traceback,transpilation,21,LookaheadSwap,qiskit.transpiler.passes.routing.lookahead_swap.LookaheadSwap,20,99.91698884963989,99.99882591400092,qiskit/transpiler/passes/routing/lookahead_swap.py,_calc_layout_distance,342,routing,routing_method,lookahead,medium,False,"Il callback pubblico di Qiskit viene eseguito dopo ogni pass: last_completed_pass non identifica necessariamente il pass interrotto. | Lo stack indica dove SIGALRM è stato osservato, non dimostra quale pass, configurazione, circuito o hardware abbia causato il timeout. | Un'attribuzione causale richiede confronti controllati tra circuiti, configurazioni e device.",qiskit/transpiler/passes/routing/lookahead_swap.py:342:_calc_layout_distance
ibm_falcon_27,27,f30536987677ef5017fe3a89b8b4ee0a3e7252a1a226cc3db95fd9b2e822d991,run_7ab14ca88fdd55c58e99cb7f37233bd888e8c313837c0dcb805ede4850f7f846,graphstate_indep_qiskit_13,graphstate,qiskit,13,5,39,o3_sabre_basic,3,sabre,basic,0,timeout,transpilation,timeout,AttemptTimeoutError,100.0,100.01508025600015,Tentativo interrotto dopo 100.0 secondi.,qiskit_post_pass_callback_and_sigalrm_traceback,transpilation,49,VF2PostLayout,qiskit.transpiler.passes.layout.vf2_post_layout.VF2PostLayout,48,99.93949580192566,100.0124315160001,qiskit/transpiler/passes/layout/vf2_post_layout.py,_target_match,41,optimization,optimization_level,3,medium,False,"Il callback pubblico di Qiskit viene eseguito dopo ogni pass: last_completed_pass non identifica necessariamente il pass interrotto. | Lo stack indica dove SIGALRM è stato osservato, non dimostra quale pass, configurazione, circuito o hardware abbia causato il timeout. | Un'attribuzione causale richiede confronti controllati tra circuiti, configurazioni e device.",qiskit/transpiler/passes/layout/vf2_post_layout.py:41:_target_match
ibm_falcon_27,27,f30536987677ef5017fe3a89b8b4ee0a3e7252a1a226cc3db95fd9b2e822d991,run_a1dfafa35d6f05ebdea6570d16ef8ff6ac627856a88329b6b7c931073f288ceb,graphstate_indep_qiskit_13,graphstate,qiskit,13,5,39,o3_sabre_basic,3,sabre,basic,1,timeout,transpilation,timeout,AttemptTimeoutError,100.0,100.0017904729998,Tentativo interrotto dopo 100.0 secondi.,qiskit_post_pass_callback_and_sigalrm_traceback,transpilation,49,VF2PostLayout,qiskit.transpiler.passes.layout.vf2_post_layout.VF2PostLayout,48,99.95058512687683,99.99948261100008,qiskit/transpiler/passes/layout/vf2_post_layout.py,_target_match,41,optimization,optimization_level,3,medium,False,"Il callback pubblico di Qiskit viene eseguito dopo ogni pass: last_completed_pass non identifica necessariamente il pass interrotto. | Lo stack indica dove SIGALRM è stato osservato, non dimostra quale pass, configurazione, circuito o hardware abbia causato il timeout. | Un'attribuzione causale richiede confronti controllati tra circuiti, configurazioni e device.",qiskit/transpiler/passes/layout/vf2_post_layout.py:41:_target_match
ibm_falcon_27,27,f30536987677ef5017fe3a89b8b4ee0a3e7252a1a226cc3db95fd9b2e822d991,run_afd0b8e917999ff6222dd72e1658d8754569babd9a8d6dfb2cda44d4efa7a5f0,graphstate_indep_qiskit_13,graphstate,qiskit,13,5,39,o3_sabre_basic,3,sabre,basic,2,timeout,transpilation,timeout,AttemptTimeoutError,100.0,100.00298627800021,Tentativo interrotto dopo 100.0 secondi.,qiskit_post_pass_callback_and_sigalrm_traceback,transpilation,49,VF2PostLayout,qiskit.transpiler.passes.layout.vf2_post_layout.VF2PostLayout,48,99.95794534683228,99.99949097900026,qiskit/transpiler/passes/layout/vf2_post_layout.py,_score_layout,363,optimization,optimization_level,3,medium,False,"Il callback pubblico di Qiskit viene eseguito dopo ogni pass: last_completed_pass non identifica necessariamente il pass interrotto. | Lo stack indica dove SIGALRM è stato osservato, non dimostra quale pass, configurazione, circuito o hardware abbia causato il timeout. | Un'attribuzione causale richiede confronti controllati tra circuiti, configurazioni e device.",qiskit/transpiler/passes/layout/vf2_post_layout.py:363:_score_layout
ibm_falcon_27,27,f30536987677ef5017fe3a89b8b4ee0a3e7252a1a226cc3db95fd9b2e822d991,run_269ff3db5daa542c3b2f1359a238bd88d0b8b50c306771969ca4d083250b167b,ae_indep_qiskit_12,ae,qiskit,12,66,134,o3_sabre_lookahead,3,sabre,lookahead,1,timeout,transpilation,timeout,AttemptTimeoutError,100.0,100.003845243,Tentativo interrotto dopo 100.0 secondi.,qiskit_post_pass_callback_and_sigalrm_traceback,transpilation,21,LookaheadSwap,qiskit.transpiler.passes.routing.lookahead_swap.LookaheadSwap,20,99.90092539787292,99.99821128600001,qiskit/transpiler/passes/routing/lookahead_swap.py,_calc_layout_distance,342,routing,routing_method,lookahead,medium,False,"Il callback pubblico di Qiskit viene eseguito dopo ogni pass: last_completed_pass non identifica necessariamente il pass interrotto. | Lo stack indica dove SIGALRM è stato osservato, non dimostra quale pass, configurazione, circuito o hardware abbia causato il timeout. | Un'attribuzione causale richiede confronti controllati tra circuiti, configurazioni e device.",qiskit/transpiler/passes/routing/lookahead_swap.py:342:_calc_layout_distance
ibm_falcon_27,27,f30536987677ef5017fe3a89b8b4ee0a3e7252a1a226cc3db95fd9b2e822d991,run_d44d065a2471e723288e96bd9557bf2ef8baccddfbd0fa2f265fe2df377c1cca,ae_indep_qiskit_12,ae,qiskit,12,66,134,o3_sabre_lookahead,3,sabre,lookahead,2,timeout,transpilation,timeout,AttemptTimeoutError,100.0,100.00382201500003,Tentativo interrotto dopo 100.0 secondi.,qiskit_post_pass_callback_and_sigalrm_traceback,transpilation,21,LookaheadSwap,qiskit.transpiler.passes.routing.lookahead_swap.LookaheadSwap,20,99.93163728713989,99.99824521900001,qiskit/transpiler/passes/routing/lookahead_swap.py,_map_free_gates,312,routing,routing_method,lookahead,medium,False,"Il callback pubblico di Qiskit viene eseguito dopo ogni pass: last_completed_pass non identifica necessariamente il pass interrotto. | Lo stack indica dove SIGALRM è stato osservato, non dimostra quale pass, configurazione, circuito o hardware abbia causato il timeout. | Un'attribuzione causale richiede confronti controllati tra circuiti, configurazioni e device.",qiskit/transpiler/passes/routing/lookahead_swap.py:312:_map_free_gates
ibm_falcon_27,27,f30536987677ef5017fe3a89b8b4ee0a3e7252a1a226cc3db95fd9b2e822d991,run_ffa614c484ede7c4b2d5638561d1430b2bb05b5d14db6628d416f631a6504f03,ae_indep_qiskit_13,ae,qiskit,13,72,152,o3_sabre_lookahead,3,sabre,lookahead,0,timeout,transpilation,timeout,AttemptTimeoutError,100.0,100.002658156,Tentativo interrotto dopo 100.0 secondi.,qiskit_post_pass_callback_and_sigalrm_traceback,transpilation,21,LookaheadSwap,qiskit.transpiler.passes.routing.lookahead_swap.LookaheadSwap,20,99.93754863739014,99.99815913399999,qiskit/transpiler/passes/routing/lookahead_swap.py,_first_op_node,390,routing,routing_method,lookahead,medium,False,"Il callback pubblico di Qiskit viene eseguito dopo ogni pass: last_completed_pass non identifica necessariamente il pass interrotto. | Lo stack indica dove SIGALRM è stato osservato, non dimostra quale pass, configurazione, circuito o hardware abbia causato il timeout. | Un'attribuzione causale richiede confronti controllati tra circuiti, configurazioni e device.",qiskit/transpiler/passes/routing/lookahead_swap.py:390:_first_op_node
ibm_falcon_27,27,f30536987677ef5017fe3a89b8b4ee0a3e7252a1a226cc3db95fd9b2e822d991,run_74795fb42e1af5df5a91c56ffc148cd691cea78249db68ea607e055c5c86d358,ae_indep_qiskit_13,ae,qiskit,13,72,152,o3_sabre_lookahead,3,sabre,lookahead,1,timeout,transpilation,timeout,AttemptTimeoutError,100.0,100.00272556100003,Tentativo interrotto dopo 100.0 secondi.,qiskit_post_pass_callback_and_sigalrm_traceback,transpilation,21,LookaheadSwap,qiskit.transpiler.passes.routing.lookahead_swap.LookaheadSwap,20,99.87846970558167,99.99786528899995,qiskit/transpiler/passes/routing/lookahead_swap.py,_search_forward_n_swaps,210,routing,routing_method,lookahead,medium,False,"Il callback pubblico di Qiskit viene eseguito dopo ogni pass: last_completed_pass non identifica necessariamente il pass interrotto. | Lo stack indica dove SIGALRM è stato osservato, non dimostra quale pass, configurazione, circuito o hardware abbia causato il timeout. | Un'attribuzione causale richiede confronti controllati tra circuiti, configurazioni e device.",qiskit/transpiler/passes/routing/lookahead_swap.py:210:_search_forward_n_swaps
ibm_falcon_27,27,f30536987677ef5017fe3a89b8b4ee0a3e7252a1a226cc3db95fd9b2e822d991,run_3ae6d8115d964d5c31e1b39cd3b7809460afc404a783c349ff114153f257bd91,ae_indep_qiskit_13,ae,qiskit,13,72,152,o3_sabre_lookahead,3,sabre,lookahead,2,timeout,transpilation,timeout,AttemptTimeoutError,100.0,100.00290640999998,Tentativo interrotto dopo 100.0 secondi.,qiskit_post_pass_callback_and_sigalrm_traceback,transpilation,21,LookaheadSwap,qiskit.transpiler.passes.routing.lookahead_swap.LookaheadSwap,20,99.92816686630249,99.99817512299995,qiskit/transpiler/passes/routing/lookahead_swap.py,_calc_layout_distance,342,routing,routing_method,lookahead,medium,False,"Il callback pubblico di Qiskit viene eseguito dopo ogni pass: last_completed_pass non identifica necessariamente il pass interrotto. | Lo stack indica dove SIGALRM è stato osservato, non dimostra quale pass, configurazione, circuito o hardware abbia causato il timeout. | Un'attribuzione causale richiede confronti controllati tra circuiti, configurazioni e device.",qiskit/transpiler/passes/routing/lookahead_swap.py:342:_calc_layout_distance
ibm_falcon_27,27,f30536987677ef5017fe3a89b8b4ee0a3e7252a1a226cc3db95fd9b2e822d991,run_188b2bc0be01fe3f8f4f0d951cd61ec3bc9e225e984ba26bec85db88e3467cff,ae_indep_tket_12,ae,tket,12,77,156,o3_sabre_lookahead,3,sabre,lookahead,1,timeout,transpilation,timeout,AttemptTimeoutError,100.0,100.00316716399993,Tentativo interrotto dopo 100.0 secondi.,qiskit_post_pass_callback_and_sigalrm_traceback,transpilation,21,LookaheadSwap,qiskit.transpiler.passes.routing.lookahead_swap.LookaheadSwap,20,99.92485928535461,99.998278873,qiskit/transpiler/passes/routing/lookahead_swap.py,_calc_layout_distance,342,routing,routing_method,lookahead,medium,False,"Il callback pubblico di Qiskit viene eseguito dopo ogni pass: last_completed_pass non identifica necessariamente il pass interrotto. | Lo stack indica dove SIGALRM è stato osservato, non dimostra quale pass, configurazione, circuito o hardware abbia causato il timeout. | Un'attribuzione causale richiede confronti controllati tra circuiti, configurazioni e device.",qiskit/transpiler/passes/routing/lookahead_swap.py:342:_calc_layout_distance
ibm_falcon_27,27,f30536987677ef5017fe3a89b8b4ee0a3e7252a1a226cc3db95fd9b2e822d991,run_2d1e2252df2c4879bbeabfe3c9f1316cfaa5d4a164adb4783b025d874c7d11ea,ae_indep_tket_12,ae,tket,12,77,156,o3_sabre_lookahead,3,sabre,lookahead,2,timeout,transpilation,timeout,AttemptTimeoutError,100.0,100.00264493600002,Tentativo interrotto dopo 100.0 secondi.,qiskit_post_pass_callback_and_sigalrm_traceback,transpilation,21,LookaheadSwap,qiskit.transpiler.passes.routing.lookahead_swap.LookaheadSwap,20,99.93226337432861,99.99822562500003,qiskit/transpiler/passes/routing/lookahead_swap.py,_first_op_node,390,routing,routing_method,lookahead,medium,False,"Il callback pubblico di Qiskit viene eseguito dopo ogni pass: last_completed_pass non identifica necessariamente il pass interrotto. | Lo stack indica dove SIGALRM è stato osservato, non dimostra quale pass, configurazione, circuito o hardware abbia causato il timeout. | Un'attribuzione causale richiede confronti controllati tra circuiti, configurazioni e device.",qiskit/transpiler/passes/routing/lookahead_swap.py:390:_first_op_node
ibm_falcon_27,27,f30536987677ef5017fe3a89b8b4ee0a3e7252a1a226cc3db95fd9b2e822d991,run_586a6266725468cc1128657328cee3d242ead453735de4d2d8f632336ef1ecaf,dj_indep_qiskit_24,dj,qiskit,24,26,93,o3_sabre_lookahead,3,sabre,lookahead,2,timeout,transpilation,timeout,AttemptTimeoutError,100.0,100.00344186300003,Tentativo interrotto dopo 100.0 secondi.,qiskit_post_pass_callback_and_sigalrm_traceback,transpilation,21,LookaheadSwap,qiskit.transpiler.passes.routing.lookahead_swap.LookaheadSwap,20,99.95376968383789,99.99925669799995,qiskit/transpiler/passes/routing/lookahead_swap.py,_first_op_node,390,routing,routing_method,lookahead,medium,False,"Il callback pubblico di Qiskit viene eseguito dopo ogni pass: last_completed_pass non identifica necessariamente il pass interrotto. | Lo stack indica dove SIGALRM è stato osservato, non dimostra quale pass, configurazione, circuito o hardware abbia causato il timeout. | Un'attribuzione causale richiede confronti controllati tra circuiti, configurazioni e device.",qiskit/transpiler/passes/routing/lookahead_swap.py:390:_first_op_node
ibm_falcon_27,27,f30536987677ef5017fe3a89b8b4ee0a3e7252a1a226cc3db95fd9b2e822d991,run_d62194329d8587713decfbd16fe8a2b6d6835d7e5eb8c46f6c3351cd0ee326dc,dj_indep_tket_24,dj,tket,24,27,116,o3_sabre_lookahead,3,sabre,lookahead,2,timeout,transpilation,timeout,AttemptTimeoutError,100.0,100.00781607900012,Tentativo interrotto dopo 100.0 secondi.,qiskit_post_pass_callback_and_sigalrm_traceback,transpilation,21,LookaheadSwap,qiskit.transpiler.passes.routing.lookahead_swap.LookaheadSwap,20,99.94366216659546,99.9988263140001,qiskit/transpiler/passes/routing/lookahead_swap.py,_map_free_gates,314,routing,routing_method,lookahead,medium,False,"Il callback pubblico di Qiskit viene eseguito dopo ogni pass: last_completed_pass non identifica necessariamente il pass interrotto. | Lo stack indica dove SIGALRM è stato osservato, non dimostra quale pass, configurazione, circuito o hardware abbia causato il timeout. | Un'attribuzione causale richiede confronti controllati tra circuiti, configurazioni e device.",qiskit/transpiler/passes/routing/lookahead_swap.py:314:_map_free_gates
ibm_falcon_27,27,f30536987677ef5017fe3a89b8b4ee0a3e7252a1a226cc3db95fd9b2e822d991,run_8a548aaa186e76006d95ba815069a2d0e5fe48f40bb70e72acb5ed8830602b9a,graphstate_indep_qiskit_13,graphstate,qiskit,13,5,39,o3_sabre_lookahead,3,sabre,lookahead,0,timeout,transpilation,timeout,AttemptTimeoutError,100.0,100.00217150400022,Tentativo interrotto dopo 100.0 secondi.,qiskit_post_pass_callback_and_sigalrm_traceback,transpilation,49,VF2PostLayout,qiskit.transpiler.passes.layout.vf2_post_layout.VF2PostLayout,48,96.32981586456299,99.99952815400002,qiskit/transpiler/passes/layout/vf2_post_layout.py,_score_layout,371,optimization,optimization_level,3,medium,False,"Il callback pubblico di Qiskit viene eseguito dopo ogni pass: last_completed_pass non identifica necessariamente il pass interrotto. | Lo stack indica dove SIGALRM è stato osservato, non dimostra quale pass, configurazione, circuito o hardware abbia causato il timeout. | Un'attribuzione causale richiede confronti controllati tra circuiti, configurazioni e device.",qiskit/transpiler/passes/layout/vf2_post_layout.py:371:_score_layout
ibm_falcon_27,27,f30536987677ef5017fe3a89b8b4ee0a3e7252a1a226cc3db95fd9b2e822d991,run_b918188006cd5e1dcc8888cd6a71a9330f368a400c51413017e81774d04e9712,graphstate_indep_qiskit_13,graphstate,qiskit,13,5,39,o3_sabre_lookahead,3,sabre,lookahead,1,timeout,transpilation,timeout,AttemptTimeoutError,100.0,100.00201847900007,Tentativo interrotto dopo 100.0 secondi.,qiskit_post_pass_callback_and_sigalrm_traceback,transpilation,49,VF2PostLayout,qiskit.transpiler.passes.layout.vf2_post_layout.VF2PostLayout,48,96.05073833465576,99.9994697459997,qiskit/transpiler/passes/layout/vf2_post_layout.py,_score_layout,366,optimization,optimization_level,3,medium,False,"Il callback pubblico di Qiskit viene eseguito dopo ogni pass: last_completed_pass non identifica necessariamente il pass interrotto. | Lo stack indica dove SIGALRM è stato osservato, non dimostra quale pass, configurazione, circuito o hardware abbia causato il timeout. | Un'attribuzione causale richiede confronti controllati tra circuiti, configurazioni e device.",qiskit/transpiler/passes/layout/vf2_post_layout.py:366:_score_layout
ibm_falcon_27,27,f30536987677ef5017fe3a89b8b4ee0a3e7252a1a226cc3db95fd9b2e822d991,run_cffa14a4eb123518f22eb2f4bace56f7a770451b41f2aa048264bcec2b9e9faa,graphstate_indep_qiskit_13,graphstate,qiskit,13,5,39,o3_sabre_lookahead,3,sabre,lookahead,2,timeout,transpilation,timeout,AttemptTimeoutError,100.0,100.0020279399996,Tentativo interrotto dopo 100.0 secondi.,qiskit_post_pass_callback_and_sigalrm_traceback,transpilation,49,VF2PostLayout,qiskit.transpiler.passes.layout.vf2_post_layout.VF2PostLayout,48,96.48784899711609,99.9994853029998,qiskit/transpiler/passes/layout/vf2_post_layout.py,_score_layout,375,optimization,optimization_level,3,medium,False,"Il callback pubblico di Qiskit viene eseguito dopo ogni pass: last_completed_pass non identifica necessariamente il pass interrotto. | Lo stack indica dove SIGALRM è stato osservato, non dimostra quale pass, configurazione, circuito o hardware abbia causato il timeout. | Un'attribuzione causale richiede confronti controllati tra circuiti, configurazioni e device.",qiskit/transpiler/passes/layout/vf2_post_layout.py:375:_score_layout
ibm_falcon_27,27,f30536987677ef5017fe3a89b8b4ee0a3e7252a1a226cc3db95fd9b2e822d991,run_76df79fcb928336419bdb4a7572c15a329f9837636869a918fcc84a3f16a7b1e,groundstate_medium_indep_qiskit_12,groundstate_medium,qiskit,12,37,180,o3_sabre_lookahead,3,sabre,lookahead,0,timeout,transpilation,timeout,AttemptTimeoutError,100.0,100.00358957799835,Tentativo interrotto dopo 100.0 secondi.,qiskit_post_pass_callback_and_sigalrm_traceback,transpilation,21,LookaheadSwap,qiskit.transpiler.passes.routing.lookahead_swap.LookaheadSwap,20,99.90547895431519,99.99874996799917,qiskit/transpiler/passes/routing/lookahead_swap.py,_map_free_gates,313,routing,routing_method,lookahead,medium,False,"Il callback pubblico di Qiskit viene eseguito dopo ogni pass: last_completed_pass non identifica necessariamente il pass interrotto. | Lo stack indica dove SIGALRM è stato osservato, non dimostra quale pass, configurazione, circuito o hardware abbia causato il timeout. | Un'attribuzione causale richiede confronti controllati tra circuiti, configurazioni e device.",qiskit/transpiler/passes/routing/lookahead_swap.py:313:_map_free_gates
ibm_falcon_27,27,f30536987677ef5017fe3a89b8b4ee0a3e7252a1a226cc3db95fd9b2e822d991,run_8cd4573c64e1c91325773f1e8e5e188ef0428b77af9f207fb5f10c820e9f1a9f,groundstate_medium_indep_qiskit_12,groundstate_medium,qiskit,12,37,180,o3_sabre_lookahead,3,sabre,lookahead,1,timeout,transpilation,timeout,AttemptTimeoutError,100.0,100.0033851570006,Tentativo interrotto dopo 100.0 secondi.,qiskit_post_pass_callback_and_sigalrm_traceback,transpilation,21,LookaheadSwap,qiskit.transpiler.passes.routing.lookahead_swap.LookaheadSwap,20,99.90166473388672,99.99872753199816,qiskit/transpiler/passes/routing/lookahead_swap.py,_calc_layout_distance,342,routing,routing_method,lookahead,medium,False,"Il callback pubblico di Qiskit viene eseguito dopo ogni pass: last_completed_pass non identifica necessariamente il pass interrotto. | Lo stack indica dove SIGALRM è stato osservato, non dimostra quale pass, configurazione, circuito o hardware abbia causato il timeout. | Un'attribuzione causale richiede confronti controllati tra circuiti, configurazioni e device.",qiskit/transpiler/passes/routing/lookahead_swap.py:342:_calc_layout_distance
ibm_falcon_27,27,f30536987677ef5017fe3a89b8b4ee0a3e7252a1a226cc3db95fd9b2e822d991,run_0c543ef36fe2f417dd7951eeaafdafd364b3fdc6766df1c01e475a3de6900fc6,groundstate_medium_indep_qiskit_12,groundstate_medium,qiskit,12,37,180,o3_sabre_lookahead,3,sabre,lookahead,2,timeout,transpilation,timeout,AttemptTimeoutError,100.0,100.0035059490001,Tentativo interrotto dopo 100.0 secondi.,qiskit_post_pass_callback_and_sigalrm_traceback,transpilation,21,LookaheadSwap,qiskit.transpiler.passes.routing.lookahead_swap.LookaheadSwap,20,99.89639687538147,99.99879058199804,qiskit/transpiler/passes/routing/lookahead_swap.py,_map_free_gates,312,routing,routing_method,lookahead,medium,False,"Il callback pubblico di Qiskit viene eseguito dopo ogni pass: last_completed_pass non identifica necessariamente il pass interrotto. | Lo stack indica dove SIGALRM è stato osservato, non dimostra quale pass, configurazione, circuito o hardware abbia causato il timeout. | Un'attribuzione causale richiede confronti controllati tra circuiti, configurazioni e device.",qiskit/transpiler/passes/routing/lookahead_swap.py:312:_map_free_gates
ibm_falcon_27,27,f30536987677ef5017fe3a89b8b4ee0a3e7252a1a226cc3db95fd9b2e822d991,run_9f6cb97457ff9ea841c854960723ab0a65a65240a398f8886e6348f223a7a1ff,groundstate_medium_indep_tket_12,groundstate_medium,tket,12,40,216,o3_sabre_lookahead,3,sabre,lookahead,0,timeout,transpilation,timeout,AttemptTimeoutError,100.0,100.00369299700105,Tentativo interrotto dopo 100.0 secondi.,qiskit_post_pass_callback_and_sigalrm_traceback,transpilation,21,LookaheadSwap,qiskit.transpiler.passes.routing.lookahead_swap.LookaheadSwap,20,99.88397550582886,99.99864738200267,qiskit/transpiler/passes/routing/lookahead_swap.py,_calc_layout_distance,342,routing,routing_method,lookahead,medium,False,"Il callback pubblico di Qiskit viene eseguito dopo ogni pass: last_completed_pass non identifica necessariamente il pass interrotto. | Lo stack indica dove SIGALRM è stato osservato, non dimostra quale pass, configurazione, circuito o hardware abbia causato il timeout. | Un'attribuzione causale richiede confronti controllati tra circuiti, configurazioni e device.",qiskit/transpiler/passes/routing/lookahead_swap.py:342:_calc_layout_distance
ibm_falcon_27,27,f30536987677ef5017fe3a89b8b4ee0a3e7252a1a226cc3db95fd9b2e822d991,run_502618d82a1886c2163936c4ea197bb5a48ab5dc31b1a20cda2faa1864621376,groundstate_medium_indep_tket_12,groundstate_medium,tket,12,40,216,o3_sabre_lookahead,3,sabre,lookahead,1,timeout,transpilation,timeout,AttemptTimeoutError,100.0,100.0040539090005,Tentativo interrotto dopo 100.0 secondi.,qiskit_post_pass_callback_and_sigalrm_traceback,transpilation,21,LookaheadSwap,qiskit.transpiler.passes.routing.lookahead_swap.LookaheadSwap,20,99.87795948982239,99.99871671800065,qiskit/transpiler/passes/routing/lookahead_swap.py,_calc_layout_distance,342,routing,routing_method,lookahead,medium,False,"Il callback pubblico di Qiskit viene eseguito dopo ogni pass: last_completed_pass non identifica necessariamente il pass interrotto. | Lo stack indica dove SIGALRM è stato osservato, non dimostra quale pass, configurazione, circuito o hardware abbia causato il timeout. | Un'attribuzione causale richiede confronti controllati tra circuiti, configurazioni e device.",qiskit/transpiler/passes/routing/lookahead_swap.py:342:_calc_layout_distance
ibm_falcon_27,27,f30536987677ef5017fe3a89b8b4ee0a3e7252a1a226cc3db95fd9b2e822d991,run_5c0b6c8bd2695d55737c9f001c42113a0b831bc29d881edb6a60b344430f2e76,groundstate_medium_indep_tket_12,groundstate_medium,tket,12,40,216,o3_sabre_lookahead,3,sabre,lookahead,2,timeout,transpilation,timeout,AttemptTimeoutError,100.0,100.0038807810015,Tentativo interrotto dopo 100.0 secondi.,qiskit_post_pass_callback_and_sigalrm_traceback,transpilation,21,LookaheadSwap,qiskit.transpiler.passes.routing.lookahead_swap.LookaheadSwap,20,99.88536286354065,99.99754165000195,qiskit/transpiler/passes/routing/lookahead_swap.py,_map_free_gates,312,routing,routing_method,lookahead,medium,False,"Il callback pubblico di Qiskit viene eseguito dopo ogni pass: last_completed_pass non identifica necessariamente il pass interrotto. | Lo stack indica dove SIGALRM è stato osservato, non dimostra quale pass, configurazione, circuito o hardware abbia causato il timeout. | Un'attribuzione causale richiede confronti controllati tra circuiti, configurazioni e device.",qiskit/transpiler/passes/routing/lookahead_swap.py:312:_map_free_gates
ibm_falcon_27,27,f30536987677ef5017fe3a89b8b4ee0a3e7252a1a226cc3db95fd9b2e822d991,run_01f8fd1e9ac2241765daca9b4b03172e4789b249da8332af36097c300c2c18da,portfolioqaoa_indep_qiskit_6,portfolioqaoa,qiskit,6,27,81,o3_sabre_lookahead,3,sabre,lookahead,1,timeout,transpilation,timeout,AttemptTimeoutError,100.0,100.00265869900022,Tentativo interrotto dopo 100.0 secondi.,qiskit_post_pass_callback_and_sigalrm_traceback,transpilation,21,LookaheadSwap,qiskit.transpiler.passes.routing.lookahead_swap.LookaheadSwap,20,99.93468070030212,99.9990632869999,qiskit/transpiler/passes/routing/lookahead_swap.py,_first_op_node,390,routing,routing_method,lookahead,medium,False,"Il callback pubblico di Qiskit viene eseguito dopo ogni pass: last_completed_pass non identifica necessariamente il pass interrotto. | Lo stack indica dove SIGALRM è stato osservato, non dimostra quale pass, configurazione, circuito o hardware abbia causato il timeout. | Un'attribuzione causale richiede confronti controllati tra circuiti, configurazioni e device.",qiskit/transpiler/passes/routing/lookahead_swap.py:390:_first_op_node
ibm_falcon_27,27,f30536987677ef5017fe3a89b8b4ee0a3e7252a1a226cc3db95fd9b2e822d991,run_b9115b9b137f5ddbfbc96eb8ed9ba606b07135a4d7bf873924ef1541fb0e0aac,portfolioqaoa_indep_qiskit_7,portfolioqaoa,qiskit,7,31,105,o3_sabre_lookahead,3,sabre,lookahead,1,timeout,transpilation,timeout,AttemptTimeoutError,100.0,100.00287491000017,Tentativo interrotto dopo 100.0 secondi.,qiskit_post_pass_callback_and_sigalrm_traceback,transpilation,21,LookaheadSwap,qiskit.transpiler.passes.routing.lookahead_swap.LookaheadSwap,20,99.95356154441833,99.99888211100006,qiskit/transpiler/passes/routing/lookahead_swap.py,_map_free_gates,313,routing,routing_method,lookahead,medium,False,"Il callback pubblico di Qiskit viene eseguito dopo ogni pass: last_completed_pass non identifica necessariamente il pass interrotto. | Lo stack indica dove SIGALRM è stato osservato, non dimostra quale pass, configurazione, circuito o hardware abbia causato il timeout. | Un'attribuzione causale richiede confronti controllati tra circuiti, configurazioni e device.",qiskit/transpiler/passes/routing/lookahead_swap.py:313:_map_free_gates
ibm_falcon_27,27,f30536987677ef5017fe3a89b8b4ee0a3e7252a1a226cc3db95fd9b2e822d991,run_7cc20f1675af5e2495579444d36672f7d7e3116920dfb0c6d3bf7931a93d4c9c,portfolioqaoa_indep_qiskit_7,portfolioqaoa,qiskit,7,31,105,o3_sabre_lookahead,3,sabre,lookahead,2,timeout,transpilation,timeout,AttemptTimeoutError,100.0,100.002879226,Tentativo interrotto dopo 100.0 secondi.,qiskit_post_pass_callback_and_sigalrm_traceback,transpilation,21,LookaheadSwap,qiskit.transpiler.passes.routing.lookahead_swap.LookaheadSwap,20,99.92284822463989,99.99854266900002,qiskit/transpiler/passes/routing/lookahead_swap.py,_map_free_gates,312,routing,routing_method,lookahead,medium,False,"Il callback pubblico di Qiskit viene eseguito dopo ogni pass: last_completed_pass non identifica necessariamente il pass interrotto. | Lo stack indica dove SIGALRM è stato osservato, non dimostra quale pass, configurazione, circuito o hardware abbia causato il timeout. | Un'attribuzione causale richiede confronti controllati tra circuiti, configurazioni e device.",qiskit/transpiler/passes/routing/lookahead_swap.py:312:_map_free_gates
ibm_falcon_27,27,f30536987677ef5017fe3a89b8b4ee0a3e7252a1a226cc3db95fd9b2e822d991,run_35b4c22d686c7d1017f4c0c2ff5d3aee8f67677525b0951fd13c8f4c70b29961,portfolioqaoa_indep_tket_6,portfolioqaoa,tket,6,30,99,o3_sabre_lookahead,3,sabre,lookahead,1,timeout,transpilation,timeout,AttemptTimeoutError,100.0,100.00558786900001,Tentativo interrotto dopo 100.0 secondi.,qiskit_post_pass_callback_and_sigalrm_traceback,transpilation,21,LookaheadSwap,qiskit.transpiler.passes.routing.lookahead_swap.LookaheadSwap,20,99.93508291244507,99.99969605700016,qiskit/transpiler/passes/routing/lookahead_swap.py,_first_op_node,390,routing,routing_method,lookahead,medium,False,"Il callback pubblico di Qiskit viene eseguito dopo ogni pass: last_completed_pass non identifica necessariamente il pass interrotto. | Lo stack indica dove SIGALRM è stato osservato, non dimostra quale pass, configurazione, circuito o hardware abbia causato il timeout. | Un'attribuzione causale richiede confronti controllati tra circuiti, configurazioni e device.",qiskit/transpiler/passes/routing/lookahead_swap.py:390:_first_op_node
ibm_falcon_27,27,f30536987677ef5017fe3a89b8b4ee0a3e7252a1a226cc3db95fd9b2e822d991,run_1a08a36a20e6aaed7987d760f8e1ed67c2f5df6a2b95db494d3352a6636c89d0,portfolioqaoa_indep_tket_7,portfolioqaoa,tket,7,34,126,o3_sabre_lookahead,3,sabre,lookahead,1,timeout,transpilation,timeout,AttemptTimeoutError,100.0,100.00280934399962,Tentativo interrotto dopo 100.0 secondi.,qiskit_post_pass_callback_and_sigalrm_traceback,transpilation,21,LookaheadSwap,qiskit.transpiler.passes.routing.lookahead_swap.LookaheadSwap,20,99.92320418357849,99.99769391900008,qiskit/transpiler/passes/routing/lookahead_swap.py,_search_forward_n_swaps,244,routing,routing_method,lookahead,medium,False,"Il callback pubblico di Qiskit viene eseguito dopo ogni pass: last_completed_pass non identifica necessariamente il pass interrotto. | Lo stack indica dove SIGALRM è stato osservato, non dimostra quale pass, configurazione, circuito o hardware abbia causato il timeout. | Un'attribuzione causale richiede confronti controllati tra circuiti, configurazioni e device.",qiskit/transpiler/passes/routing/lookahead_swap.py:244:_search_forward_n_swaps
ibm_falcon_27,27,f30536987677ef5017fe3a89b8b4ee0a3e7252a1a226cc3db95fd9b2e822d991,run_f42716ec563c4a607762ce17946d2ca101a4685f47dade353db33e2f54f6aa7a,portfolioqaoa_indep_tket_7,portfolioqaoa,tket,7,34,126,o3_sabre_lookahead,3,sabre,lookahead,2,timeout,transpilation,timeout,AttemptTimeoutError,100.0,100.00467564400014,Tentativo interrotto dopo 100.0 secondi.,qiskit_post_pass_callback_and_sigalrm_traceback,transpilation,21,LookaheadSwap,qiskit.transpiler.passes.routing.lookahead_swap.LookaheadSwap,20,99.8919415473938,99.99947316599992,qiskit/transpiler/passes/routing/lookahead_swap.py,_calc_layout_distance,342,routing,routing_method,lookahead,medium,False,"Il callback pubblico di Qiskit viene eseguito dopo ogni pass: last_completed_pass non identifica necessariamente il pass interrotto. | Lo stack indica dove SIGALRM è stato osservato, non dimostra quale pass, configurazione, circuito o hardware abbia causato il timeout. | Un'attribuzione causale richiede confronti controllati tra circuiti, configurazioni e device.",qiskit/transpiler/passes/routing/lookahead_swap.py:342:_calc_layout_distance
ibm_falcon_27,27,f30536987677ef5017fe3a89b8b4ee0a3e7252a1a226cc3db95fd9b2e822d991,run_5b77503a615fa10a4175d3cc0e8450e64083eb75b3047cd391e846ec723ea0f4,portfoliovqe_indep_qiskit_10,portfoliovqe,qiskit,10,42,185,o3_sabre_lookahead,3,sabre,lookahead,0,timeout,transpilation,timeout,AttemptTimeoutError,100.0,100.00406745300006,Tentativo interrotto dopo 100.0 secondi.,qiskit_post_pass_callback_and_sigalrm_traceback,transpilation,21,LookaheadSwap,qiskit.transpiler.passes.routing.lookahead_swap.LookaheadSwap,20,99.90883159637451,99.9987883849999,qiskit/transpiler/passes/routing/lookahead_swap.py,_map_free_gates,314,routing,routing_method,lookahead,medium,False,"Il callback pubblico di Qiskit viene eseguito dopo ogni pass: last_completed_pass non identifica necessariamente il pass interrotto. | Lo stack indica dove SIGALRM è stato osservato, non dimostra quale pass, configurazione, circuito o hardware abbia causato il timeout. | Un'attribuzione causale richiede confronti controllati tra circuiti, configurazioni e device.",qiskit/transpiler/passes/routing/lookahead_swap.py:314:_map_free_gates
ibm_falcon_27,27,f30536987677ef5017fe3a89b8b4ee0a3e7252a1a226cc3db95fd9b2e822d991,run_6e7a314013726c0abdb8d47430c091be3511eabc3d8c6964751c0c2547a3b18c,portfoliovqe_indep_qiskit_10,portfoliovqe,qiskit,10,42,185,o3_sabre_lookahead,3,sabre,lookahead,1,timeout,transpilation,timeout,AttemptTimeoutError,100.0,100.00392537300013,Tentativo interrotto dopo 100.0 secondi.,qiskit_post_pass_callback_and_sigalrm_traceback,transpilation,21,LookaheadSwap,qiskit.transpiler.passes.routing.lookahead_swap.LookaheadSwap,20,99.85385251045227,99.99747613999989,qiskit/transpiler/passes/routing/lookahead_swap.py,_calc_layout_distance,342,routing,routing_method,lookahead,medium,False,"Il callback pubblico di Qiskit viene eseguito dopo ogni pass: last_completed_pass non identifica necessariamente il pass interrotto. | Lo stack indica dove SIGALRM è stato osservato, non dimostra quale pass, configurazione, circuito o hardware abbia causato il timeout. | Un'attribuzione causale richiede confronti controllati tra circuiti, configurazioni e device.",qiskit/transpiler/passes/routing/lookahead_swap.py:342:_calc_layout_distance
ibm_falcon_27,27,f30536987677ef5017fe3a89b8b4ee0a3e7252a1a226cc3db95fd9b2e822d991,run_35d9146f6a6278b9be4c5619e7e44ab8c2fb2a2bcc690b05d6ed1ce4828619a6,portfoliovqe_indep_qiskit_10,portfoliovqe,qiskit,10,42,185,o3_sabre_lookahead,3,sabre,lookahead,2,timeout,transpilation,timeout,AttemptTimeoutError,100.0,100.0045684339998,Tentativo interrotto dopo 100.0 secondi.,qiskit_post_pass_callback_and_sigalrm_traceback,transpilation,21,LookaheadSwap,qiskit.transpiler.passes.routing.lookahead_swap.LookaheadSwap,20,99.86093020439148,99.99887369699991,qiskit/transpiler/passes/routing/lookahead_swap.py,_map_free_gates,312,routing,routing_method,lookahead,medium,False,"Il callback pubblico di Qiskit viene eseguito dopo ogni pass: last_completed_pass non identifica necessariamente il pass interrotto. | Lo stack indica dove SIGALRM è stato osservato, non dimostra quale pass, configurazione, circuito o hardware abbia causato il timeout. | Un'attribuzione causale richiede confronti controllati tra circuiti, configurazioni e device.",qiskit/transpiler/passes/routing/lookahead_swap.py:312:_map_free_gates
ibm_falcon_27,27,f30536987677ef5017fe3a89b8b4ee0a3e7252a1a226cc3db95fd9b2e822d991,run_ceb4598bc54a9d7172092435193f80c5a26718efe2031ff9cd884b9afd777845,portfoliovqe_indep_qiskit_11,portfoliovqe,qiskit,11,46,220,o3_sabre_lookahead,3,sabre,lookahead,0,timeout,transpilation,timeout,AttemptTimeoutError,100.0,100.00395088599998,Tentativo interrotto dopo 100.0 secondi.,qiskit_post_pass_callback_and_sigalrm_traceback,transpilation,21,LookaheadSwap,qiskit.transpiler.passes.routing.lookahead_swap.LookaheadSwap,20,99.8729202747345,99.99868264900033,qiskit/transpiler/passes/routing/lookahead_swap.py,_map_free_gates,312,routing,routing_method,lookahead,medium,False,"Il callback pubblico di Qiskit viene eseguito dopo ogni pass: last_completed_pass non identifica necessariamente il pass interrotto. | Lo stack indica dove SIGALRM è stato osservato, non dimostra quale pass, configurazione, circuito o hardware abbia causato il timeout. | Un'attribuzione causale richiede confronti controllati tra circuiti, configurazioni e device.",qiskit/transpiler/passes/routing/lookahead_swap.py:312:_map_free_gates
ibm_falcon_27,27,f30536987677ef5017fe3a89b8b4ee0a3e7252a1a226cc3db95fd9b2e822d991,run_72439fd23c3186c5deefe22ffac297517dbb0cdfb5f2810c24c99e4577296db0,portfoliovqe_indep_qiskit_11,portfoliovqe,qiskit,11,46,220,o3_sabre_lookahead,3,sabre,lookahead,1,timeout,transpilation,timeout,AttemptTimeoutError,100.0,100.00392475900026,Tentativo interrotto dopo 100.0 secondi.,qiskit_post_pass_callback_and_sigalrm_traceback,transpilation,21,LookaheadSwap,qiskit.transpiler.passes.routing.lookahead_swap.LookaheadSwap,20,99.87291026115417,99.99846317699985,qiskit/transpiler/passes/routing/lookahead_swap.py,_calc_layout_distance,342,routing,routing_method,lookahead,medium,False,"Il callback pubblico di Qiskit viene eseguito dopo ogni pass: last_completed_pass non identifica necessariamente il pass interrotto. | Lo stack indica dove SIGALRM è stato osservato, non dimostra quale pass, configurazione, circuito o hardware abbia causato il timeout. | Un'attribuzione causale richiede confronti controllati tra circuiti, configurazioni e device.",qiskit/transpiler/passes/routing/lookahead_swap.py:342:_calc_layout_distance
ibm_falcon_27,27,f30536987677ef5017fe3a89b8b4ee0a3e7252a1a226cc3db95fd9b2e822d991,run_a54dd53e10cf5743c6fce6cfcbcd3f05fef2f3e708c8e135e717e54117eb6521,portfoliovqe_indep_qiskit_11,portfoliovqe,qiskit,11,46,220,o3_sabre_lookahead,3,sabre,lookahead,2,timeout,transpilation,timeout,AttemptTimeoutError,100.0,100.00384802300005,Tentativo interrotto dopo 100.0 secondi.,qiskit_post_pass_callback_and_sigalrm_traceback,transpilation,21,LookaheadSwap,qiskit.transpiler.passes.routing.lookahead_swap.LookaheadSwap,20,99.81135702133179,99.99860575499997,qiskit/transpiler/passes/routing/lookahead_swap.py,_calc_layout_distance,342,routing,routing_method,lookahead,medium,False,"Il callback pubblico di Qiskit viene eseguito dopo ogni pass: last_completed_pass non identifica necessariamente il pass interrotto. | Lo stack indica dove SIGALRM è stato osservato, non dimostra quale pass, configurazione, circuito o hardware abbia causato il timeout. | Un'attribuzione causale richiede confronti controllati tra circuiti, configurazioni e device.",qiskit/transpiler/passes/routing/lookahead_swap.py:342:_calc_layout_distance
ibm_falcon_27,27,f30536987677ef5017fe3a89b8b4ee0a3e7252a1a226cc3db95fd9b2e822d991,run_f6ff9842691e26d977ab0143c4cfe226dcf920a1e8efa40886a2ab142139c9ab,portfoliovqe_indep_qiskit_6,portfoliovqe,qiskit,6,26,75,o3_sabre_lookahead,3,sabre,lookahead,1,timeout,transpilation,timeout,AttemptTimeoutError,100.0,100.00266146500007,Tentativo interrotto dopo 100.0 secondi.,qiskit_post_pass_callback_and_sigalrm_traceback,transpilation,21,LookaheadSwap,qiskit.transpiler.passes.routing.lookahead_swap.LookaheadSwap,20,99.94702434539795,99.99905188399998,qiskit/transpiler/passes/routing/lookahead_swap.py,_calc_layout_distance,342,routing,routing_method,lookahead,medium,False,"Il callback pubblico di Qiskit viene eseguito dopo ogni pass: last_completed_pass non identifica necessariamente il pass interrotto. | Lo stack indica dove SIGALRM è stato osservato, non dimostra quale pass, configurazione, circuito o hardware abbia causato il timeout. | Un'attribuzione causale richiede confronti controllati tra circuiti, configurazioni e device.",qiskit/transpiler/passes/routing/lookahead_swap.py:342:_calc_layout_distance
ibm_falcon_27,27,f30536987677ef5017fe3a89b8b4ee0a3e7252a1a226cc3db95fd9b2e822d991,run_52303381ae36cd4d91f1c5168c293caef38853aeaa17a693e12cedaaa890c175,portfoliovqe_indep_qiskit_7,portfoliovqe,qiskit,7,30,98,o3_sabre_lookahead,3,sabre,lookahead,1,timeout,transpilation,timeout,AttemptTimeoutError,100.0,100.00481771899922,Tentativo interrotto dopo 100.0 secondi.,qiskit_post_pass_callback_and_sigalrm_traceback,transpilation,21,LookaheadSwap,qiskit.transpiler.passes.routing.lookahead_swap.LookaheadSwap,20,99.90501952171326,99.99917795199963,qiskit/transpiler/passes/routing/lookahead_swap.py,_calc_layout_distance,328,routing,routing_method,lookahead,medium,False,"Il callback pubblico di Qiskit viene eseguito dopo ogni pass: last_completed_pass non identifica necessariamente il pass interrotto. | Lo stack indica dove SIGALRM è stato osservato, non dimostra quale pass, configurazione, circuito o hardware abbia causato il timeout. | Un'attribuzione causale richiede confronti controllati tra circuiti, configurazioni e device.",qiskit/transpiler/passes/routing/lookahead_swap.py:328:_calc_layout_distance
ibm_falcon_27,27,f30536987677ef5017fe3a89b8b4ee0a3e7252a1a226cc3db95fd9b2e822d991,run_ddf1e0ec7fbd746a5feb3a7d7e5237c8822bc7c5ad835d85f7d1b70a82ef1ef4,portfoliovqe_indep_qiskit_7,portfoliovqe,qiskit,7,30,98,o3_sabre_lookahead,3,sabre,lookahead,2,timeout,transpilation,timeout,AttemptTimeoutError,100.0,100.00402524299989,Tentativo interrotto dopo 100.0 secondi.,qiskit_post_pass_callback_and_sigalrm_traceback,transpilation,21,LookaheadSwap,qiskit.transpiler.passes.routing.lookahead_swap.LookaheadSwap,20,99.91277122497559,99.99897280799996,qiskit/transpiler/passes/routing/lookahead_swap.py,_calc_layout_distance,342,routing,routing_method,lookahead,medium,False,"Il callback pubblico di Qiskit viene eseguito dopo ogni pass: last_completed_pass non identifica necessariamente il pass interrotto. | Lo stack indica dove SIGALRM è stato osservato, non dimostra quale pass, configurazione, circuito o hardware abbia causato il timeout. | Un'attribuzione causale richiede confronti controllati tra circuiti, configurazioni e device.",qiskit/transpiler/passes/routing/lookahead_swap.py:342:_calc_layout_distance
ibm_falcon_27,27,f30536987677ef5017fe3a89b8b4ee0a3e7252a1a226cc3db95fd9b2e822d991,run_f771ce265a9f2a90caef6a833366b84c8377995eb5951f8d04eac969b7f9a8ac,portfoliovqe_indep_qiskit_8,portfoliovqe,qiskit,8,34,124,o3_sabre_lookahead,3,sabre,lookahead,0,timeout,transpilation,timeout,AttemptTimeoutError,100.0,100.00601298000038,Tentativo interrotto dopo 100.0 secondi.,qiskit_post_pass_callback_and_sigalrm_traceback,transpilation,21,LookaheadSwap,qiskit.transpiler.passes.routing.lookahead_swap.LookaheadSwap,20,99.92219758033752,99.99835618900033,qiskit/transpiler/passes/routing/lookahead_swap.py,_first_op_node,390,routing,routing_method,lookahead,medium,False,"Il callback pubblico di Qiskit viene eseguito dopo ogni pass: last_completed_pass non identifica necessariamente il pass interrotto. | Lo stack indica dove SIGALRM è stato osservato, non dimostra quale pass, configurazione, circuito o hardware abbia causato il timeout. | Un'attribuzione causale richiede confronti controllati tra circuiti, configurazioni e device.",qiskit/transpiler/passes/routing/lookahead_swap.py:390:_first_op_node
ibm_falcon_27,27,f30536987677ef5017fe3a89b8b4ee0a3e7252a1a226cc3db95fd9b2e822d991,run_b6e77bb47b31acde7d4f23f5178559d139ece3c0d8e2c341e9fc5698c54ef537,portfoliovqe_indep_qiskit_8,portfoliovqe,qiskit,8,34,124,o3_sabre_lookahead,3,sabre,lookahead,1,timeout,transpilation,timeout,AttemptTimeoutError,100.0,100.0040664829994,Tentativo interrotto dopo 100.0 secondi.,qiskit_post_pass_callback_and_sigalrm_traceback,transpilation,21,LookaheadSwap,qiskit.transpiler.passes.routing.lookahead_swap.LookaheadSwap,20,99.92455697059631,99.99932733500009,qiskit/transpiler/passes/routing/lookahead_swap.py,_calc_layout_distance,342,routing,routing_method,lookahead,medium,False,"Il callback pubblico di Qiskit viene eseguito dopo ogni pass: last_completed_pass non identifica necessariamente il pass interrotto. | Lo stack indica dove SIGALRM è stato osservato, non dimostra quale pass, configurazione, circuito o hardware abbia causato il timeout. | Un'attribuzione causale richiede confronti controllati tra circuiti, configurazioni e device.",qiskit/transpiler/passes/routing/lookahead_swap.py:342:_calc_layout_distance
ibm_falcon_27,27,f30536987677ef5017fe3a89b8b4ee0a3e7252a1a226cc3db95fd9b2e822d991,run_ddc977af2cac1f0f7b027ab57a6e31dd77696bc31c617b614fdcdd35266a4d60,portfoliovqe_indep_qiskit_8,portfoliovqe,qiskit,8,34,124,o3_sabre_lookahead,3,sabre,lookahead,2,timeout,transpilation,timeout,AttemptTimeoutError,100.0,100.0034955809997,Tentativo interrotto dopo 100.0 secondi.,qiskit_post_pass_callback_and_sigalrm_traceback,transpilation,21,LookaheadSwap,qiskit.transpiler.passes.routing.lookahead_swap.LookaheadSwap,20,99.91508197784424,99.99885325000014,qiskit/transpiler/passes/routing/lookahead_swap.py,<genexpr>,216,routing,routing_method,lookahead,medium,False,"Il callback pubblico di Qiskit viene eseguito dopo ogni pass: last_completed_pass non identifica necessariamente il pass interrotto. | Lo stack indica dove SIGALRM è stato osservato, non dimostra quale pass, configurazione, circuito o hardware abbia causato il timeout. | Un'attribuzione causale richiede confronti controllati tra circuiti, configurazioni e device.",qiskit/transpiler/passes/routing/lookahead_swap.py:216:<genexpr>
ibm_falcon_27,27,f30536987677ef5017fe3a89b8b4ee0a3e7252a1a226cc3db95fd9b2e822d991,run_50286bf10510ad7457428438faca1f1d0944431c4cbce0154ceeaca5eaeffbf1,portfoliovqe_indep_qiskit_9,portfoliovqe,qiskit,9,38,153,o3_sabre_lookahead,3,sabre,lookahead,0,timeout,transpilation,timeout,AttemptTimeoutError,100.0,100.0034565420001,Tentativo interrotto dopo 100.0 secondi.,qiskit_post_pass_callback_and_sigalrm_traceback,transpilation,21,LookaheadSwap,qiskit.transpiler.passes.routing.lookahead_swap.LookaheadSwap,20,99.8958477973938,99.9988718680006,qiskit/transpiler/passes/routing/lookahead_swap.py,_calc_layout_distance,342,routing,routing_method,lookahead,medium,False,"Il callback pubblico di Qiskit viene eseguito dopo ogni pass: last_completed_pass non identifica necessariamente il pass interrotto. | Lo stack indica dove SIGALRM è stato osservato, non dimostra quale pass, configurazione, circuito o hardware abbia causato il timeout. | Un'attribuzione causale richiede confronti controllati tra circuiti, configurazioni e device.",qiskit/transpiler/passes/routing/lookahead_swap.py:342:_calc_layout_distance
ibm_falcon_27,27,f30536987677ef5017fe3a89b8b4ee0a3e7252a1a226cc3db95fd9b2e822d991,run_945525c245b1b5308dbe65e7c1efa46b18cb3df2b5f47e3dd131467642edf377,portfoliovqe_indep_qiskit_9,portfoliovqe,qiskit,9,38,153,o3_sabre_lookahead,3,sabre,lookahead,1,timeout,transpilation,timeout,AttemptTimeoutError,100.0,100.0034916450004,Tentativo interrotto dopo 100.0 secondi.,qiskit_post_pass_callback_and_sigalrm_traceback,transpilation,21,LookaheadSwap,qiskit.transpiler.passes.routing.lookahead_swap.LookaheadSwap,20,99.90826058387756,99.99838055000055,qiskit/transpiler/passes/routing/lookahead_swap.py,_calc_layout_distance,342,routing,routing_method,lookahead,medium,False,"Il callback pubblico di Qiskit viene eseguito dopo ogni pass: last_completed_pass non identifica necessariamente il pass interrotto. | Lo stack indica dove SIGALRM è stato osservato, non dimostra quale pass, configurazione, circuito o hardware abbia causato il timeout. | Un'attribuzione causale richiede confronti controllati tra circuiti, configurazioni e device.",qiskit/transpiler/passes/routing/lookahead_swap.py:342:_calc_layout_distance
ibm_falcon_27,27,f30536987677ef5017fe3a89b8b4ee0a3e7252a1a226cc3db95fd9b2e822d991,run_543280b0f5cbf87f6469033229670586d6f2e063a3755109192d3a1233902c7e,portfoliovqe_indep_qiskit_9,portfoliovqe,qiskit,9,38,153,o3_sabre_lookahead,3,sabre,lookahead,2,timeout,transpilation,timeout,AttemptTimeoutError,100.0,100.00673681700027,Tentativo interrotto dopo 100.0 secondi.,qiskit_post_pass_callback_and_sigalrm_traceback,transpilation,21,LookaheadSwap,qiskit.transpiler.passes.routing.lookahead_swap.LookaheadSwap,20,99.8997712135315,99.99892868799998,qiskit/transpiler/passes/routing/lookahead_swap.py,_calc_layout_distance,342,routing,routing_method,lookahead,medium,False,"Il callback pubblico di Qiskit viene eseguito dopo ogni pass: last_completed_pass non identifica necessariamente il pass interrotto. | Lo stack indica dove SIGALRM è stato osservato, non dimostra quale pass, configurazione, circuito o hardware abbia causato il timeout. | Un'attribuzione causale richiede confronti controllati tra circuiti, configurazioni e device.",qiskit/transpiler/passes/routing/lookahead_swap.py:342:_calc_layout_distance
ibm_falcon_27,27,f30536987677ef5017fe3a89b8b4ee0a3e7252a1a226cc3db95fd9b2e822d991,run_cb2fd86ee2b2174ccdaa014aa88688ed98fcbd67b326f8ccf42055bd0fcb2392,portfoliovqe_indep_tket_10,portfoliovqe,tket,10,42,185,o3_sabre_lookahead,3,sabre,lookahead,0,timeout,transpilation,timeout,AttemptTimeoutError,100.0,100.00421796400042,Tentativo interrotto dopo 100.0 secondi.,qiskit_post_pass_callback_and_sigalrm_traceback,transpilation,21,LookaheadSwap,qiskit.transpiler.passes.routing.lookahead_swap.LookaheadSwap,20,99.89497518539429,99.9987779109997,qiskit/transpiler/passes/routing/lookahead_swap.py,_calc_layout_distance,342,routing,routing_method,lookahead,medium,False,"Il callback pubblico di Qiskit viene eseguito dopo ogni pass: last_completed_pass non identifica necessariamente il pass interrotto. | Lo stack indica dove SIGALRM è stato osservato, non dimostra quale pass, configurazione, circuito o hardware abbia causato il timeout. | Un'attribuzione causale richiede confronti controllati tra circuiti, configurazioni e device.",qiskit/transpiler/passes/routing/lookahead_swap.py:342:_calc_layout_distance
ibm_falcon_27,27,f30536987677ef5017fe3a89b8b4ee0a3e7252a1a226cc3db95fd9b2e822d991,run_eb06f79195bc66f3e9da78e15b2bba4291ae2b42927dc0321147b6f4a9669393,portfoliovqe_indep_tket_10,portfoliovqe,tket,10,42,185,o3_sabre_lookahead,3,sabre,lookahead,1,timeout,transpilation,timeout,AttemptTimeoutError,100.0,100.01292565800031,Tentativo interrotto dopo 100.0 secondi.,qiskit_post_pass_callback_and_sigalrm_traceback,transpilation,21,LookaheadSwap,qiskit.transpiler.passes.routing.lookahead_swap.LookaheadSwap,20,99.84372043609619,99.99871944500046,qiskit/transpiler/passes/routing/lookahead_swap.py,_map_free_gates,313,routing,routing_method,lookahead,medium,False,"Il callback pubblico di Qiskit viene eseguito dopo ogni pass: last_completed_pass non identifica necessariamente il pass interrotto. | Lo stack indica dove SIGALRM è stato osservato, non dimostra quale pass, configurazione, circuito o hardware abbia causato il timeout. | Un'attribuzione causale richiede confronti controllati tra circuiti, configurazioni e device.",qiskit/transpiler/passes/routing/lookahead_swap.py:313:_map_free_gates
ibm_falcon_27,27,f30536987677ef5017fe3a89b8b4ee0a3e7252a1a226cc3db95fd9b2e822d991,run_f329e27f1e60d9191d3951fd628eeea466b26effd8d683873402c712e0f9ed83,portfoliovqe_indep_tket_10,portfoliovqe,tket,10,42,185,o3_sabre_lookahead,3,sabre,lookahead,2,timeout,transpilation,timeout,AttemptTimeoutError,100.0,100.00625986400064,Tentativo interrotto dopo 100.0 secondi.,qiskit_post_pass_callback_and_sigalrm_traceback,transpilation,21,LookaheadSwap,qiskit.transpiler.passes.routing.lookahead_swap.LookaheadSwap,20,99.86954402923584,99.99895067000034,qiskit/transpiler/passes/routing/lookahead_swap.py,_map_free_gates,313,routing,routing_method,lookahead,medium,False,"Il callback pubblico di Qiskit viene eseguito dopo ogni pass: last_completed_pass non identifica necessariamente il pass interrotto. | Lo stack indica dove SIGALRM è stato osservato, non dimostra quale pass, configurazione, circuito o hardware abbia causato il timeout. | Un'attribuzione causale richiede confronti controllati tra circuiti, configurazioni e device.",qiskit/transpiler/passes/routing/lookahead_swap.py:313:_map_free_gates
ibm_falcon_27,27,f30536987677ef5017fe3a89b8b4ee0a3e7252a1a226cc3db95fd9b2e822d991,run_7fe9f65b0bb9b6f332d56b072600edfbcfbf0e4eba2c44dc0615ba3c4ed474d8,portfoliovqe_indep_tket_11,portfoliovqe,tket,11,46,220,o3_sabre_lookahead,3,sabre,lookahead,0,timeout,transpilation,timeout,AttemptTimeoutError,100.0,100.0037981710002,Tentativo interrotto dopo 100.0 secondi.,qiskit_post_pass_callback_and_sigalrm_traceback,transpilation,21,LookaheadSwap,qiskit.transpiler.passes.routing.lookahead_swap.LookaheadSwap,20,99.85980725288391,99.99841756600017,qiskit/transpiler/passes/routing/lookahead_swap.py,_calc_layout_distance,342,routing,routing_method,lookahead,medium,False,"Il callback pubblico di Qiskit viene eseguito dopo ogni pass: last_completed_pass non identifica necessariamente il pass interrotto. | Lo stack indica dove SIGALRM è stato osservato, non dimostra quale pass, configurazione, circuito o hardware abbia causato il timeout. | Un'attribuzione causale richiede confronti controllati tra circuiti, configurazioni e device.",qiskit/transpiler/passes/routing/lookahead_swap.py:342:_calc_layout_distance
ibm_falcon_27,27,f30536987677ef5017fe3a89b8b4ee0a3e7252a1a226cc3db95fd9b2e822d991,run_59b1a2b176ba7ae81258af11ec179bcee2ed07a1f4a01b60614e5e37a11b56ae,portfoliovqe_indep_tket_11,portfoliovqe,tket,11,46,220,o3_sabre_lookahead,3,sabre,lookahead,1,timeout,transpilation,timeout,AttemptTimeoutError,100.0,100.00409070700061,Tentativo interrotto dopo 100.0 secondi.,qiskit_post_pass_callback_and_sigalrm_traceback,transpilation,21,LookaheadSwap,qiskit.transpiler.passes.routing.lookahead_swap.LookaheadSwap,20,99.8754312992096,99.99854999799936,qiskit/transpiler/passes/routing/lookahead_swap.py,_calc_layout_distance,342,routing,routing_method,lookahead,medium,False,"Il callback pubblico di Qiskit viene eseguito dopo ogni pass: last_completed_pass non identifica necessariamente il pass interrotto. | Lo stack indica dove SIGALRM è stato osservato, non dimostra quale pass, configurazione, circuito o hardware abbia causato il timeout. | Un'attribuzione causale richiede confronti controllati tra circuiti, configurazioni e device.",qiskit/transpiler/passes/routing/lookahead_swap.py:342:_calc_layout_distance
ibm_falcon_27,27,f30536987677ef5017fe3a89b8b4ee0a3e7252a1a226cc3db95fd9b2e822d991,run_de8442bb1579236bd29fcd5683980a83302592ef50949aa6c535ee130dbe4143,portfoliovqe_indep_tket_11,portfoliovqe,tket,11,46,220,o3_sabre_lookahead,3,sabre,lookahead,2,timeout,transpilation,timeout,AttemptTimeoutError,100.0,100.00366605999989,Tentativo interrotto dopo 100.0 secondi.,qiskit_post_pass_callback_and_sigalrm_traceback,transpilation,21,LookaheadSwap,qiskit.transpiler.passes.routing.lookahead_swap.LookaheadSwap,20,99.86754107475281,99.99865893600054,qiskit/transpiler/passes/routing/lookahead_swap.py,_map_free_gates,313,routing,routing_method,lookahead,medium,False,"Il callback pubblico di Qiskit viene eseguito dopo ogni pass: last_completed_pass non identifica necessariamente il pass interrotto. | Lo stack indica dove SIGALRM è stato osservato, non dimostra quale pass, configurazione, circuito o hardware abbia causato il timeout. | Un'attribuzione causale richiede confronti controllati tra circuiti, configurazioni e device.",qiskit/transpiler/passes/routing/lookahead_swap.py:313:_map_free_gates
ibm_falcon_27,27,f30536987677ef5017fe3a89b8b4ee0a3e7252a1a226cc3db95fd9b2e822d991,run_899563d827a1c52951129ca5e1a23dd70fd4cf32cb8142a1e490b3cd76ba9a7f,portfoliovqe_indep_tket_6,portfoliovqe,tket,6,26,75,o3_sabre_lookahead,3,sabre,lookahead,1,timeout,transpilation,timeout,AttemptTimeoutError,100.0,100.00280232800014,Tentativo interrotto dopo 100.0 secondi.,qiskit_post_pass_callback_and_sigalrm_traceback,transpilation,21,LookaheadSwap,qiskit.transpiler.passes.routing.lookahead_swap.LookaheadSwap,20,99.93060827255249,99.99891820999983,qiskit/transpiler/passes/routing/lookahead_swap.py,_map_free_gates,312,routing,routing_method,lookahead,medium,False,"Il callback pubblico di Qiskit viene eseguito dopo ogni pass: last_completed_pass non identifica necessariamente il pass interrotto. | Lo stack indica dove SIGALRM è stato osservato, non dimostra quale pass, configurazione, circuito o hardware abbia causato il timeout. | Un'attribuzione causale richiede confronti controllati tra circuiti, configurazioni e device.",qiskit/transpiler/passes/routing/lookahead_swap.py:312:_map_free_gates
ibm_falcon_27,27,f30536987677ef5017fe3a89b8b4ee0a3e7252a1a226cc3db95fd9b2e822d991,run_a0271bbcb1efa6eeb495b16d3b57941515d8c79009ae14ad60463727b7723426,portfoliovqe_indep_tket_7,portfoliovqe,tket,7,30,98,o3_sabre_lookahead,3,sabre,lookahead,1,timeout,transpilation,timeout,AttemptTimeoutError,100.0,100.00280498499978,Tentativo interrotto dopo 100.0 secondi.,qiskit_post_pass_callback_and_sigalrm_traceback,transpilation,21,LookaheadSwap,qiskit.transpiler.passes.routing.lookahead_swap.LookaheadSwap,20,99.92897939682007,99.99841063599979,qiskit/transpiler/passes/routing/lookahead_swap.py,_calc_layout_distance,342,routing,routing_method,lookahead,medium,False,"Il callback pubblico di Qiskit viene eseguito dopo ogni pass: last_completed_pass non identifica necessariamente il pass interrotto. | Lo stack indica dove SIGALRM è stato osservato, non dimostra quale pass, configurazione, circuito o hardware abbia causato il timeout. | Un'attribuzione causale richiede confronti controllati tra circuiti, configurazioni e device.",qiskit/transpiler/passes/routing/lookahead_swap.py:342:_calc_layout_distance
ibm_falcon_27,27,f30536987677ef5017fe3a89b8b4ee0a3e7252a1a226cc3db95fd9b2e822d991,run_23d26c74204b72bc73b30481832e090601b9096cca7e87b08f6e134bb884d8d4,portfoliovqe_indep_tket_7,portfoliovqe,tket,7,30,98,o3_sabre_lookahead,3,sabre,lookahead,2,timeout,transpilation,timeout,AttemptTimeoutError,100.0,100.00451980300022,Tentativo interrotto dopo 100.0 secondi.,qiskit_post_pass_callback_and_sigalrm_traceback,transpilation,21,LookaheadSwap,qiskit.transpiler.passes.routing.lookahead_swap.LookaheadSwap,20,99.93555450439453,99.99916028999996,qiskit/transpiler/passes/routing/lookahead_swap.py,_score_state_with_swap,355,routing,routing_method,lookahead,medium,False,"Il callback pubblico di Qiskit viene eseguito dopo ogni pass: last_completed_pass non identifica necessariamente il pass interrotto. | Lo stack indica dove SIGALRM è stato osservato, non dimostra quale pass, configurazione, circuito o hardware abbia causato il timeout. | Un'attribuzione causale richiede confronti controllati tra circuiti, configurazioni e device.",qiskit/transpiler/passes/routing/lookahead_swap.py:355:_score_state_with_swap
ibm_falcon_27,27,f30536987677ef5017fe3a89b8b4ee0a3e7252a1a226cc3db95fd9b2e822d991,run_bc32370a12a9de2e507e25b591d64ddfe543d9561cb10202a972e5480b5aa6b6,portfoliovqe_indep_tket_8,portfoliovqe,tket,8,34,124,o3_sabre_lookahead,3,sabre,lookahead,0,timeout,transpilation,timeout,AttemptTimeoutError,100.0,100.00399704999927,Tentativo interrotto dopo 100.0 secondi.,qiskit_post_pass_callback_and_sigalrm_traceback,transpilation,21,LookaheadSwap,qiskit.transpiler.passes.routing.lookahead_swap.LookaheadSwap,20,99.9280207157135,100.00012188300025,qiskit/transpiler/passes/routing/lookahead_swap.py,_calc_layout_distance,341,routing,routing_method,lookahead,medium,False,"Il callback pubblico di Qiskit viene eseguito dopo ogni pass: last_completed_pass non identifica necessariamente il pass interrotto. | Lo stack indica dove SIGALRM è stato osservato, non dimostra quale pass, configurazione, circuito o hardware abbia causato il timeout. | Un'attribuzione causale richiede confronti controllati tra circuiti, configurazioni e device.",qiskit/transpiler/passes/routing/lookahead_swap.py:341:_calc_layout_distance
ibm_falcon_27,27,f30536987677ef5017fe3a89b8b4ee0a3e7252a1a226cc3db95fd9b2e822d991,run_45ae32580fd552741f157e3aabae9e3f304cd631bd7623a1ff36756d4c2f67b0,portfoliovqe_indep_tket_8,portfoliovqe,tket,8,34,124,o3_sabre_lookahead,3,sabre,lookahead,1,timeout,transpilation,timeout,AttemptTimeoutError,100.0,100.00305420500081,Tentativo interrotto dopo 100.0 secondi.,qiskit_post_pass_callback_and_sigalrm_traceback,transpilation,21,LookaheadSwap,qiskit.transpiler.passes.routing.lookahead_swap.LookaheadSwap,20,99.91032481193542,99.99881010100034,qiskit/transpiler/passes/routing/lookahead_swap.py,_calc_layout_distance,342,routing,routing_method,lookahead,medium,False,"Il callback pubblico di Qiskit viene eseguito dopo ogni pass: last_completed_pass non identifica necessariamente il pass interrotto. | Lo stack indica dove SIGALRM è stato osservato, non dimostra quale pass, configurazione, circuito o hardware abbia causato il timeout. | Un'attribuzione causale richiede confronti controllati tra circuiti, configurazioni e device.",qiskit/transpiler/passes/routing/lookahead_swap.py:342:_calc_layout_distance
ibm_falcon_27,27,f30536987677ef5017fe3a89b8b4ee0a3e7252a1a226cc3db95fd9b2e822d991,run_4b3ba6e0ef57a50e46c9d78511ccafc3aa507564177475f26657bb1ebe6d3d32,portfoliovqe_indep_tket_8,portfoliovqe,tket,8,34,124,o3_sabre_lookahead,3,sabre,lookahead,2,timeout,transpilation,timeout,AttemptTimeoutError,100.0,100.00408313499975,Tentativo interrotto dopo 100.0 secondi.,qiskit_post_pass_callback_and_sigalrm_traceback,transpilation,21,LookaheadSwap,qiskit.transpiler.passes.routing.lookahead_swap.LookaheadSwap,20,99.87937235832214,99.99869924700033,qiskit/transpiler/passes/routing/lookahead_swap.py,_score_state_with_swap,355,routing,routing_method,lookahead,medium,False,"Il callback pubblico di Qiskit viene eseguito dopo ogni pass: last_completed_pass non identifica necessariamente il pass interrotto. | Lo stack indica dove SIGALRM è stato osservato, non dimostra quale pass, configurazione, circuito o hardware abbia causato il timeout. | Un'attribuzione causale richiede confronti controllati tra circuiti, configurazioni e device.",qiskit/transpiler/passes/routing/lookahead_swap.py:355:_score_state_with_swap
ibm_falcon_27,27,f30536987677ef5017fe3a89b8b4ee0a3e7252a1a226cc3db95fd9b2e822d991,run_1f5bc0b899c4fa81aa82580d78aa43a140e8f94300d3f8f28f85b8cae85d0b35,portfoliovqe_indep_tket_9,portfoliovqe,tket,9,38,153,o3_sabre_lookahead,3,sabre,lookahead,0,timeout,transpilation,timeout,AttemptTimeoutError,100.0,100.00363899100012,Tentativo interrotto dopo 100.0 secondi.,qiskit_post_pass_callback_and_sigalrm_traceback,transpilation,21,LookaheadSwap,qiskit.transpiler.passes.routing.lookahead_swap.LookaheadSwap,20,99.90217757225037,99.9988282230006,qiskit/transpiler/passes/routing/lookahead_swap.py,_first_op_node,390,routing,routing_method,lookahead,medium,False,"Il callback pubblico di Qiskit viene eseguito dopo ogni pass: last_completed_pass non identifica necessariamente il pass interrotto. | Lo stack indica dove SIGALRM è stato osservato, non dimostra quale pass, configurazione, circuito o hardware abbia causato il timeout. | Un'attribuzione causale richiede confronti controllati tra circuiti, configurazioni e device.",qiskit/transpiler/passes/routing/lookahead_swap.py:390:_first_op_node
ibm_falcon_27,27,f30536987677ef5017fe3a89b8b4ee0a3e7252a1a226cc3db95fd9b2e822d991,run_a60a58ac0c3d9f82e9fdf9f822f6dd9c20fbe21197308f56199bb6180e4e7dc3,portfoliovqe_indep_tket_9,portfoliovqe,tket,9,38,153,o3_sabre_lookahead,3,sabre,lookahead,1,timeout,transpilation,timeout,AttemptTimeoutError,100.0,100.00393533699935,Tentativo interrotto dopo 100.0 secondi.,qiskit_post_pass_callback_and_sigalrm_traceback,transpilation,21,LookaheadSwap,qiskit.transpiler.passes.routing.lookahead_swap.LookaheadSwap,20,99.87217044830322,99.99871031600014,qiskit/transpiler/passes/routing/lookahead_swap.py,_first_op_node,390,routing,routing_method,lookahead,medium,False,"Il callback pubblico di Qiskit viene eseguito dopo ogni pass: last_completed_pass non identifica necessariamente il pass interrotto. | Lo stack indica dove SIGALRM è stato osservato, non dimostra quale pass, configurazione, circuito o hardware abbia causato il timeout. | Un'attribuzione causale richiede confronti controllati tra circuiti, configurazioni e device.",qiskit/transpiler/passes/routing/lookahead_swap.py:390:_first_op_node
ibm_falcon_27,27,f30536987677ef5017fe3a89b8b4ee0a3e7252a1a226cc3db95fd9b2e822d991,run_9c4acf23fad31f203a14654c205e87166482c4feccb044b33d80868b435379dd,portfoliovqe_indep_tket_9,portfoliovqe,tket,9,38,153,o3_sabre_lookahead,3,sabre,lookahead,2,timeout,transpilation,timeout,AttemptTimeoutError,100.0,100.00306618000013,Tentativo interrotto dopo 100.0 secondi.,qiskit_post_pass_callback_and_sigalrm_traceback,transpilation,21,LookaheadSwap,qiskit.transpiler.passes.routing.lookahead_swap.LookaheadSwap,20,99.91996932029724,99.99889530600012,qiskit/transpiler/passes/routing/lookahead_swap.py,_calc_layout_distance,342,routing,routing_method,lookahead,medium,False,"Il callback pubblico di Qiskit viene eseguito dopo ogni pass: last_completed_pass non identifica necessariamente il pass interrotto. | Lo stack indica dove SIGALRM è stato osservato, non dimostra quale pass, configurazione, circuito o hardware abbia causato il timeout. | Un'attribuzione causale richiede confronti controllati tra circuiti, configurazioni e device.",qiskit/transpiler/passes/routing/lookahead_swap.py:342:_calc_layout_distance
ibm_falcon_27,27,f30536987677ef5017fe3a89b8b4ee0a3e7252a1a226cc3db95fd9b2e822d991,run_d8f9e5e7d8d9b082d270123103fe0d4296a4e611164151796a76c1d3aa3093a3,pricingcall_indep_qiskit_11,pricingcall,qiskit,11,127,166,o3_sabre_lookahead,3,sabre,lookahead,0,timeout,transpilation,timeout,AttemptTimeoutError,100.0,100.00600507200033,Tentativo interrotto dopo 100.0 secondi.,qiskit_post_pass_callback_and_sigalrm_traceback,transpilation,21,LookaheadSwap,qiskit.transpiler.passes.routing.lookahead_swap.LookaheadSwap,20,99.87689876556396,99.99861452599907,qiskit/transpiler/passes/routing/lookahead_swap.py,_map_free_gates,312,routing,routing_method,lookahead,medium,False,"Il callback pubblico di Qiskit viene eseguito dopo ogni pass: last_completed_pass non identifica necessariamente il pass interrotto. | Lo stack indica dove SIGALRM è stato osservato, non dimostra quale pass, configurazione, circuito o hardware abbia causato il timeout. | Un'attribuzione causale richiede confronti controllati tra circuiti, configurazioni e device.",qiskit/transpiler/passes/routing/lookahead_swap.py:312:_map_free_gates
ibm_falcon_27,27,f30536987677ef5017fe3a89b8b4ee0a3e7252a1a226cc3db95fd9b2e822d991,run_92d152880080cf82ed2bce5003564bf2dae493357e2f6af67cc60fb36e5fb50e,pricingcall_indep_qiskit_11,pricingcall,qiskit,11,127,166,o3_sabre_lookahead,3,sabre,lookahead,1,timeout,transpilation,timeout,AttemptTimeoutError,100.0,100.00625233799838,Tentativo interrotto dopo 100.0 secondi.,qiskit_post_pass_callback_and_sigalrm_traceback,transpilation,21,LookaheadSwap,qiskit.transpiler.passes.routing.lookahead_swap.LookaheadSwap,20,99.87095808982849,99.9986491080017,qiskit/transpiler/passes/routing/lookahead_swap.py,_calc_layout_distance,328,routing,routing_method,lookahead,medium,False,"Il callback pubblico di Qiskit viene eseguito dopo ogni pass: last_completed_pass non identifica necessariamente il pass interrotto. | Lo stack indica dove SIGALRM è stato osservato, non dimostra quale pass, configurazione, circuito o hardware abbia causato il timeout. | Un'attribuzione causale richiede confronti controllati tra circuiti, configurazioni e device.",qiskit/transpiler/passes/routing/lookahead_swap.py:328:_calc_layout_distance
ibm_falcon_27,27,f30536987677ef5017fe3a89b8b4ee0a3e7252a1a226cc3db95fd9b2e822d991,run_3b3433db10dacf0375c54c6bbcf4176ad9d2516253f8793d460b3a24f282a31e,pricingcall_indep_qiskit_11,pricingcall,qiskit,11,127,166,o3_sabre_lookahead,3,sabre,lookahead,2,timeout,transpilation,timeout,AttemptTimeoutError,100.0,100.00615722399925,Tentativo interrotto dopo 100.0 secondi.,qiskit_post_pass_callback_and_sigalrm_traceback,transpilation,21,LookaheadSwap,qiskit.transpiler.passes.routing.lookahead_swap.LookaheadSwap,20,99.83311223983765,99.99842984099996,qiskit/transpiler/passes/routing/lookahead_swap.py,_calc_layout_distance,342,routing,routing_method,lookahead,medium,False,"Il callback pubblico di Qiskit viene eseguito dopo ogni pass: last_completed_pass non identifica necessariamente il pass interrotto. | Lo stack indica dove SIGALRM è stato osservato, non dimostra quale pass, configurazione, circuito o hardware abbia causato il timeout. | Un'attribuzione causale richiede confronti controllati tra circuiti, configurazioni e device.",qiskit/transpiler/passes/routing/lookahead_swap.py:342:_calc_layout_distance
ibm_falcon_27,27,f30536987677ef5017fe3a89b8b4ee0a3e7252a1a226cc3db95fd9b2e822d991,run_5e6c22a68e7b0dc343c67adce13c4c1eca9d15227f5ef30aeeca4b39f25e2347,pricingcall_indep_qiskit_5,pricingcall,qiskit,5,36,47,o3_sabre_lookahead,3,sabre,lookahead,2,timeout,transpilation,timeout,AttemptTimeoutError,100.0,100.00310482600071,Tentativo interrotto dopo 100.0 secondi.,qiskit_post_pass_callback_and_sigalrm_traceback,transpilation,21,LookaheadSwap,qiskit.transpiler.passes.routing.lookahead_swap.LookaheadSwap,20,99.94207525253296,99.99938983299944,qiskit/transpiler/passes/routing/lookahead_swap.py,_map_free_gates,313,routing,routing_method,lookahead,medium,False,"Il callback pubblico di Qiskit viene eseguito dopo ogni pass: last_completed_pass non identifica necessariamente il pass interrotto. | Lo stack indica dove SIGALRM è stato osservato, non dimostra quale pass, configurazione, circuito o hardware abbia causato il timeout. | Un'attribuzione causale richiede confronti controllati tra circuiti, configurazioni e device.",qiskit/transpiler/passes/routing/lookahead_swap.py:313:_map_free_gates
ibm_falcon_27,27,f30536987677ef5017fe3a89b8b4ee0a3e7252a1a226cc3db95fd9b2e822d991,run_a89eac0bfbdc3daf3e55366e68e168ac57de32714b9f02baf8823ac6ecc9d069,pricingcall_indep_qiskit_7,pricingcall,qiskit,7,56,78,o3_sabre_lookahead,3,sabre,lookahead,0,timeout,transpilation,timeout,AttemptTimeoutError,100.0,100.00380453899925,Tentativo interrotto dopo 100.0 secondi.,qiskit_post_pass_callback_and_sigalrm_traceback,transpilation,21,LookaheadSwap,qiskit.transpiler.passes.routing.lookahead_swap.LookaheadSwap,20,99.93330883979797,99.9991367420007,qiskit/transpiler/passes/routing/lookahead_swap.py,_calc_layout_distance,342,routing,routing_method,lookahead,medium,False,"Il callback pubblico di Qiskit viene eseguito dopo ogni pass: last_completed_pass non identifica necessariamente il pass interrotto. | Lo stack indica dove SIGALRM è stato osservato, non dimostra quale pass, configurazione, circuito o hardware abbia causato il timeout. | Un'attribuzione causale richiede confronti controllati tra circuiti, configurazioni e device.",qiskit/transpiler/passes/routing/lookahead_swap.py:342:_calc_layout_distance
ibm_falcon_27,27,f30536987677ef5017fe3a89b8b4ee0a3e7252a1a226cc3db95fd9b2e822d991,run_465a7973b8212dd5b77410dc8dc3d5dcb6f275fa94087677de65090846ec5946,pricingcall_indep_qiskit_7,pricingcall,qiskit,7,56,78,o3_sabre_lookahead,3,sabre,lookahead,1,timeout,transpilation,timeout,AttemptTimeoutError,100.0,100.00371119699957,Tentativo interrotto dopo 100.0 secondi.,qiskit_post_pass_callback_and_sigalrm_traceback,transpilation,21,LookaheadSwap,qiskit.transpiler.passes.routing.lookahead_swap.LookaheadSwap,20,99.93780708312988,99.99915371299903,qiskit/transpiler/passes/routing/lookahead_swap.py,_calc_layout_distance,342,routing,routing_method,lookahead,medium,False,"Il callback pubblico di Qiskit viene eseguito dopo ogni pass: last_completed_pass non identifica necessariamente il pass interrotto. | Lo stack indica dove SIGALRM è stato osservato, non dimostra quale pass, configurazione, circuito o hardware abbia causato il timeout. | Un'attribuzione causale richiede confronti controllati tra circuiti, configurazioni e device.",qiskit/transpiler/passes/routing/lookahead_swap.py:342:_calc_layout_distance
ibm_falcon_27,27,f30536987677ef5017fe3a89b8b4ee0a3e7252a1a226cc3db95fd9b2e822d991,run_cb8bcf8cb3016a99a90636ed2569907b6254224c6ea8244226d7daa74945f35f,pricingcall_indep_qiskit_7,pricingcall,qiskit,7,56,78,o3_sabre_lookahead,3,sabre,lookahead,2,timeout,transpilation,timeout,AttemptTimeoutError,100.0,100.02593187699858,Tentativo interrotto dopo 100.0 secondi.,qiskit_post_pass_callback_and_sigalrm_traceback,transpilation,21,LookaheadSwap,qiskit.transpiler.passes.routing.lookahead_swap.LookaheadSwap,20,99.90245842933655,100.01085149699975,qiskit/transpiler/passes/routing/lookahead_swap.py,_first_op_node,390,routing,routing_method,lookahead,medium,False,"Il callback pubblico di Qiskit viene eseguito dopo ogni pass: last_completed_pass non identifica necessariamente il pass interrotto. | Lo stack indica dove SIGALRM è stato osservato, non dimostra quale pass, configurazione, circuito o hardware abbia causato il timeout. | Un'attribuzione causale richiede confronti controllati tra circuiti, configurazioni e device.",qiskit/transpiler/passes/routing/lookahead_swap.py:390:_first_op_node
ibm_falcon_27,27,f30536987677ef5017fe3a89b8b4ee0a3e7252a1a226cc3db95fd9b2e822d991,run_8210fc708c3330e30c2229a690ae0a02b72eda844abc29ed7dd9fff37c83e191,pricingcall_indep_qiskit_9,pricingcall,qiskit,9,83,111,o3_sabre_lookahead,3,sabre,lookahead,0,timeout,transpilation,timeout,AttemptTimeoutError,100.0,100.00418933199944,Tentativo interrotto dopo 100.0 secondi.,qiskit_post_pass_callback_and_sigalrm_traceback,transpilation,21,LookaheadSwap,qiskit.transpiler.passes.routing.lookahead_swap.LookaheadSwap,20,99.8881585597992,99.9989532139989,qiskit/transpiler/passes/routing/lookahead_swap.py,_calc_layout_distance,342,routing,routing_method,lookahead,medium,False,"Il callback pubblico di Qiskit viene eseguito dopo ogni pass: last_completed_pass non identifica necessariamente il pass interrotto. | Lo stack indica dove SIGALRM è stato osservato, non dimostra quale pass, configurazione, circuito o hardware abbia causato il timeout. | Un'attribuzione causale richiede confronti controllati tra circuiti, configurazioni e device.",qiskit/transpiler/passes/routing/lookahead_swap.py:342:_calc_layout_distance
ibm_falcon_27,27,f30536987677ef5017fe3a89b8b4ee0a3e7252a1a226cc3db95fd9b2e822d991,run_f111f49440d7407e31d23f488924ab538bc278bc9f4db06b227b19d7395e5e51,pricingcall_indep_qiskit_9,pricingcall,qiskit,9,83,111,o3_sabre_lookahead,3,sabre,lookahead,1,timeout,transpilation,timeout,AttemptTimeoutError,100.0,100.0045980240011,Tentativo interrotto dopo 100.0 secondi.,qiskit_post_pass_callback_and_sigalrm_traceback,transpilation,21,LookaheadSwap,qiskit.transpiler.passes.routing.lookahead_swap.LookaheadSwap,20,99.91123175621033,99.99890652700014,qiskit/transpiler/passes/routing/lookahead_swap.py,_map_free_gates,312,routing,routing_method,lookahead,medium,False,"Il callback pubblico di Qiskit viene eseguito dopo ogni pass: last_completed_pass non identifica necessariamente il pass interrotto. | Lo stack indica dove SIGALRM è stato osservato, non dimostra quale pass, configurazione, circuito o hardware abbia causato il timeout. | Un'attribuzione causale richiede confronti controllati tra circuiti, configurazioni e device.",qiskit/transpiler/passes/routing/lookahead_swap.py:312:_map_free_gates
ibm_falcon_27,27,f30536987677ef5017fe3a89b8b4ee0a3e7252a1a226cc3db95fd9b2e822d991,run_36b372e26d51c279ab41a3037dd6be96c3baa1f03bd08e4b2211afe481bc7ed0,pricingcall_indep_qiskit_9,pricingcall,qiskit,9,83,111,o3_sabre_lookahead,3,sabre,lookahead,2,timeout,transpilation,timeout,AttemptTimeoutError,100.0,100.00494937599979,Tentativo interrotto dopo 100.0 secondi.,qiskit_post_pass_callback_and_sigalrm_traceback,transpilation,21,LookaheadSwap,qiskit.transpiler.passes.routing.lookahead_swap.LookaheadSwap,20,99.87146091461182,99.99779925300027,qiskit/transpiler/passes/routing/lookahead_swap.py,_calc_layout_distance,342,routing,routing_method,lookahead,medium,False,"Il callback pubblico di Qiskit viene eseguito dopo ogni pass: last_completed_pass non identifica necessariamente il pass interrotto. | Lo stack indica dove SIGALRM è stato osservato, non dimostra quale pass, configurazione, circuito o hardware abbia causato il timeout. | Un'attribuzione causale richiede confronti controllati tra circuiti, configurazioni e device.",qiskit/transpiler/passes/routing/lookahead_swap.py:342:_calc_layout_distance
ibm_falcon_27,27,f30536987677ef5017fe3a89b8b4ee0a3e7252a1a226cc3db95fd9b2e822d991,run_b6ef7bf0fbd0975dfd63a795e208028f58cddc68de7f58da4f860ed99925e614,pricingcall_indep_tket_5,pricingcall,tket,5,41,59,o3_sabre_lookahead,3,sabre,lookahead,2,timeout,transpilation,timeout,AttemptTimeoutError,100.0,100.00321009100116,Tentativo interrotto dopo 100.0 secondi.,qiskit_post_pass_callback_and_sigalrm_traceback,transpilation,21,LookaheadSwap,qiskit.transpiler.passes.routing.lookahead_swap.LookaheadSwap,20,99.96972250938416,99.9992464019997,qiskit/transpiler/passes/routing/lookahead_swap.py,_first_op_node,390,routing,routing_method,lookahead,medium,False,"Il callback pubblico di Qiskit viene eseguito dopo ogni pass: last_completed_pass non identifica necessariamente il pass interrotto. | Lo stack indica dove SIGALRM è stato osservato, non dimostra quale pass, configurazione, circuito o hardware abbia causato il timeout. | Un'attribuzione causale richiede confronti controllati tra circuiti, configurazioni e device.",qiskit/transpiler/passes/routing/lookahead_swap.py:390:_first_op_node
ibm_falcon_27,27,f30536987677ef5017fe3a89b8b4ee0a3e7252a1a226cc3db95fd9b2e822d991,run_5704ec74ce324fe18b34333e04a344051eb718c1802e9186de14590363309124,pricingcall_indep_tket_7,pricingcall,tket,7,63,92,o3_sabre_lookahead,3,sabre,lookahead,0,timeout,transpilation,timeout,AttemptTimeoutError,100.0,100.0039179129999,Tentativo interrotto dopo 100.0 secondi.,qiskit_post_pass_callback_and_sigalrm_traceback,transpilation,21,LookaheadSwap,qiskit.transpiler.passes.routing.lookahead_swap.LookaheadSwap,20,99.91793870925903,99.9989231719992,qiskit/transpiler/passes/routing/lookahead_swap.py,_first_op_node,390,routing,routing_method,lookahead,medium,False,"Il callback pubblico di Qiskit viene eseguito dopo ogni pass: last_completed_pass non identifica necessariamente il pass interrotto. | Lo stack indica dove SIGALRM è stato osservato, non dimostra quale pass, configurazione, circuito o hardware abbia causato il timeout. | Un'attribuzione causale richiede confronti controllati tra circuiti, configurazioni e device.",qiskit/transpiler/passes/routing/lookahead_swap.py:390:_first_op_node
ibm_falcon_27,27,f30536987677ef5017fe3a89b8b4ee0a3e7252a1a226cc3db95fd9b2e822d991,run_a2d7d7360b058feb449f69595ed85025e67813f836d8ebb0dff6bca698135d38,pricingcall_indep_tket_7,pricingcall,tket,7,63,92,o3_sabre_lookahead,3,sabre,lookahead,1,timeout,transpilation,timeout,AttemptTimeoutError,100.0,100.00398829799997,Tentativo interrotto dopo 100.0 secondi.,qiskit_post_pass_callback_and_sigalrm_traceback,transpilation,21,LookaheadSwap,qiskit.transpiler.passes.routing.lookahead_swap.LookaheadSwap,20,99.92437314987183,99.99905842399858,qiskit/transpiler/passes/routing/lookahead_swap.py,_map_free_gates,312,routing,routing_method,lookahead,medium,False,"Il callback pubblico di Qiskit viene eseguito dopo ogni pass: last_completed_pass non identifica necessariamente il pass interrotto. | Lo stack indica dove SIGALRM è stato osservato, non dimostra quale pass, configurazione, circuito o hardware abbia causato il timeout. | Un'attribuzione causale richiede confronti controllati tra circuiti, configurazioni e device.",qiskit/transpiler/passes/routing/lookahead_swap.py:312:_map_free_gates
ibm_falcon_27,27,f30536987677ef5017fe3a89b8b4ee0a3e7252a1a226cc3db95fd9b2e822d991,run_5aa7fb6ebb6455f04dbb61b81af0461396ec014ee59e50e5825416dfe6354a02,pricingcall_indep_tket_7,pricingcall,tket,7,63,92,o3_sabre_lookahead,3,sabre,lookahead,2,timeout,transpilation,timeout,AttemptTimeoutError,100.0,100.00410937299966,Tentativo interrotto dopo 100.0 secondi.,qiskit_post_pass_callback_and_sigalrm_traceback,transpilation,21,LookaheadSwap,qiskit.transpiler.passes.routing.lookahead_swap.LookaheadSwap,20,99.92515444755554,99.99915788199905,qiskit/transpiler/passes/routing/lookahead_swap.py,_calc_layout_distance,342,routing,routing_method,lookahead,medium,False,"Il callback pubblico di Qiskit viene eseguito dopo ogni pass: last_completed_pass non identifica necessariamente il pass interrotto. | Lo stack indica dove SIGALRM è stato osservato, non dimostra quale pass, configurazione, circuito o hardware abbia causato il timeout. | Un'attribuzione causale richiede confronti controllati tra circuiti, configurazioni e device.",qiskit/transpiler/passes/routing/lookahead_swap.py:342:_calc_layout_distance
ibm_falcon_27,27,f30536987677ef5017fe3a89b8b4ee0a3e7252a1a226cc3db95fd9b2e822d991,run_0690abb4fcc614b7f29ea22f171b4965a4e1ce4fb360ff8a963fffd622f97e5e,pricingcall_indep_tket_9,pricingcall,tket,9,92,129,o3_sabre_lookahead,3,sabre,lookahead,0,timeout,transpilation,timeout,AttemptTimeoutError,100.0,100.00479202899987,Tentativo interrotto dopo 100.0 secondi.,qiskit_post_pass_callback_and_sigalrm_traceback,transpilation,21,LookaheadSwap,qiskit.transpiler.passes.routing.lookahead_swap.LookaheadSwap,20,99.9017562866211,99.99881325299975,qiskit/transpiler/passes/routing/lookahead_swap.py,_map_free_gates,312,routing,routing_method,lookahead,medium,False,"Il callback pubblico di Qiskit viene eseguito dopo ogni pass: last_completed_pass non identifica necessariamente il pass interrotto. | Lo stack indica dove SIGALRM è stato osservato, non dimostra quale pass, configurazione, circuito o hardware abbia causato il timeout. | Un'attribuzione causale richiede confronti controllati tra circuiti, configurazioni e device.",qiskit/transpiler/passes/routing/lookahead_swap.py:312:_map_free_gates
ibm_falcon_27,27,f30536987677ef5017fe3a89b8b4ee0a3e7252a1a226cc3db95fd9b2e822d991,run_c6679d92e28b1b598e992a510d8423fc0dc7b599dc44a002fd021e96285af57b,pricingcall_indep_tket_9,pricingcall,tket,9,92,129,o3_sabre_lookahead,3,sabre,lookahead,1,timeout,transpilation,timeout,AttemptTimeoutError,100.0,100.00507223599925,Tentativo interrotto dopo 100.0 secondi.,qiskit_post_pass_callback_and_sigalrm_traceback,transpilation,21,LookaheadSwap,qiskit.transpiler.passes.routing.lookahead_swap.LookaheadSwap,20,99.90030765533447,99.99749622699892,qiskit/transpiler/passes/routing/lookahead_swap.py,_map_free_gates,312,routing,routing_method,lookahead,medium,False,"Il callback pubblico di Qiskit viene eseguito dopo ogni pass: last_completed_pass non identifica necessariamente il pass interrotto. | Lo stack indica dove SIGALRM è stato osservato, non dimostra quale pass, configurazione, circuito o hardware abbia causato il timeout. | Un'attribuzione causale richiede confronti controllati tra circuiti, configurazioni e device.",qiskit/transpiler/passes/routing/lookahead_swap.py:312:_map_free_gates
ibm_falcon_27,27,f30536987677ef5017fe3a89b8b4ee0a3e7252a1a226cc3db95fd9b2e822d991,run_c7e3b0d5010622d7b8597136f6544f16d785fd67a9304f7eaa67d964cafdbce5,pricingcall_indep_tket_9,pricingcall,tket,9,92,129,o3_sabre_lookahead,3,sabre,lookahead,2,timeout,transpilation,timeout,AttemptTimeoutError,100.0,100.00502865999988,Tentativo interrotto dopo 100.0 secondi.,qiskit_post_pass_callback_and_sigalrm_traceback,transpilation,21,LookaheadSwap,qiskit.transpiler.passes.routing.lookahead_swap.LookaheadSwap,20,99.89921236038208,99.99875645900102,qiskit/transpiler/passes/routing/lookahead_swap.py,_calc_layout_distance,342,routing,routing_method,lookahead,medium,False,"Il callback pubblico di Qiskit viene eseguito dopo ogni pass: last_completed_pass non identifica necessariamente il pass interrotto. | Lo stack indica dove SIGALRM è stato osservato, non dimostra quale pass, configurazione, circuito o hardware abbia causato il timeout. | Un'attribuzione causale richiede confronti controllati tra circuiti, configurazioni e device.",qiskit/transpiler/passes/routing/lookahead_swap.py:342:_calc_layout_distance
ibm_falcon_27,27,f30536987677ef5017fe3a89b8b4ee0a3e7252a1a226cc3db95fd9b2e822d991,run_11487a8ce1a74466705813b3a1b030cc2712b6ad81e50aaaa509f5ee0da9e4f2,pricingput_indep_qiskit_11,pricingput,qiskit,11,128,172,o3_sabre_lookahead,3,sabre,lookahead,0,timeout,transpilation,timeout,AttemptTimeoutError,100.0,100.00625748299899,Tentativo interrotto dopo 100.0 secondi.,qiskit_post_pass_callback_and_sigalrm_traceback,transpilation,21,LookaheadSwap,qiskit.transpiler.passes.routing.lookahead_swap.LookaheadSwap,20,99.88667869567871,99.99849358699976,qiskit/transpiler/passes/routing/lookahead_swap.py,_score_state_with_swap,355,routing,routing_method,lookahead,medium,False,"Il callback pubblico di Qiskit viene eseguito dopo ogni pass: last_completed_pass non identifica necessariamente il pass interrotto. | Lo stack indica dove SIGALRM è stato osservato, non dimostra quale pass, configurazione, circuito o hardware abbia causato il timeout. | Un'attribuzione causale richiede confronti controllati tra circuiti, configurazioni e device.",qiskit/transpiler/passes/routing/lookahead_swap.py:355:_score_state_with_swap
ibm_falcon_27,27,f30536987677ef5017fe3a89b8b4ee0a3e7252a1a226cc3db95fd9b2e822d991,run_29dcc9ae5cb8f400e6f0575be3dff2d42d3a6f5258bda1499301a7f03bf25189,pricingput_indep_qiskit_11,pricingput,qiskit,11,128,172,o3_sabre_lookahead,3,sabre,lookahead,1,timeout,transpilation,timeout,AttemptTimeoutError,100.0,100.00581253900054,Tentativo interrotto dopo 100.0 secondi.,qiskit_post_pass_callback_and_sigalrm_traceback,transpilation,21,LookaheadSwap,qiskit.transpiler.passes.routing.lookahead_swap.LookaheadSwap,20,99.87134504318237,99.9984853549995,qiskit/transpiler/passes/routing/lookahead_swap.py,_calc_layout_distance,342,routing,routing_method,lookahead,medium,False,"Il callback pubblico di Qiskit viene eseguito dopo ogni pass: last_completed_pass non identifica necessariamente il pass interrotto. | Lo stack indica dove SIGALRM è stato osservato, non dimostra quale pass, configurazione, circuito o hardware abbia causato il timeout. | Un'attribuzione causale richiede confronti controllati tra circuiti, configurazioni e device.",qiskit/transpiler/passes/routing/lookahead_swap.py:342:_calc_layout_distance
ibm_falcon_27,27,f30536987677ef5017fe3a89b8b4ee0a3e7252a1a226cc3db95fd9b2e822d991,run_75cb34a6dcf4a5326c3504188a4848b1b49028e9aff20eb4888b12dcd4fbf9d6,pricingput_indep_qiskit_11,pricingput,qiskit,11,128,172,o3_sabre_lookahead,3,sabre,lookahead,2,timeout,transpilation,timeout,AttemptTimeoutError,100.0,100.00700544999927,Tentativo interrotto dopo 100.0 secondi.,qiskit_post_pass_callback_and_sigalrm_traceback,transpilation,21,LookaheadSwap,qiskit.transpiler.passes.routing.lookahead_swap.LookaheadSwap,20,99.89286684989929,99.99865194300037,qiskit/transpiler/passes/routing/lookahead_swap.py,_map_free_gates,314,routing,routing_method,lookahead,medium,False,"Il callback pubblico di Qiskit viene eseguito dopo ogni pass: last_completed_pass non identifica necessariamente il pass interrotto. | Lo stack indica dove SIGALRM è stato osservato, non dimostra quale pass, configurazione, circuito o hardware abbia causato il timeout. | Un'attribuzione causale richiede confronti controllati tra circuiti, configurazioni e device.",qiskit/transpiler/passes/routing/lookahead_swap.py:314:_map_free_gates
ibm_falcon_27,27,f30536987677ef5017fe3a89b8b4ee0a3e7252a1a226cc3db95fd9b2e822d991,run_2b2d94e64893071063ea8330f03526c18492fc74ac6dd2c1f8b25d0d6b445e47,pricingput_indep_qiskit_5,pricingput,qiskit,5,36,47,o3_sabre_lookahead,3,sabre,lookahead,0,timeout,transpilation,timeout,AttemptTimeoutError,100.0,100.002841937001,Tentativo interrotto dopo 100.0 secondi.,qiskit_post_pass_callback_and_sigalrm_traceback,transpilation,21,LookaheadSwap,qiskit.transpiler.passes.routing.lookahead_swap.LookaheadSwap,20,99.95445156097412,99.99917450300018,qiskit/transpiler/passes/routing/lookahead_swap.py,_calc_layout_distance,342,routing,routing_method,lookahead,medium,False,"Il callback pubblico di Qiskit viene eseguito dopo ogni pass: last_completed_pass non identifica necessariamente il pass interrotto. | Lo stack indica dove SIGALRM è stato osservato, non dimostra quale pass, configurazione, circuito o hardware abbia causato il timeout. | Un'attribuzione causale richiede confronti controllati tra circuiti, configurazioni e device.",qiskit/transpiler/passes/routing/lookahead_swap.py:342:_calc_layout_distance
ibm_falcon_27,27,f30536987677ef5017fe3a89b8b4ee0a3e7252a1a226cc3db95fd9b2e822d991,run_078a3a10c36b83fdfabce7f134c4c81187c13733a5888830f8013215dbc5e688,pricingput_indep_qiskit_5,pricingput,qiskit,5,36,47,o3_sabre_lookahead,3,sabre,lookahead,2,timeout,transpilation,timeout,AttemptTimeoutError,100.0,100.00293575999967,Tentativo interrotto dopo 100.0 secondi.,qiskit_post_pass_callback_and_sigalrm_traceback,transpilation,21,LookaheadSwap,qiskit.transpiler.passes.routing.lookahead_swap.LookaheadSwap,20,99.9419276714325,99.99923412700082,qiskit/transpiler/passes/routing/lookahead_swap.py,<genexpr>,390,routing,routing_method,lookahead,medium,False,"Il callback pubblico di Qiskit viene eseguito dopo ogni pass: last_completed_pass non identifica necessariamente il pass interrotto. | Lo stack indica dove SIGALRM è stato osservato, non dimostra quale pass, configurazione, circuito o hardware abbia causato il timeout. | Un'attribuzione causale richiede confronti controllati tra circuiti, configurazioni e device.",qiskit/transpiler/passes/routing/lookahead_swap.py:390:<genexpr>
ibm_falcon_27,27,f30536987677ef5017fe3a89b8b4ee0a3e7252a1a226cc3db95fd9b2e822d991,run_6f95ebf7835d8e501480e6e9f130d1725b1d907b93ff3558f67849876ff97e93,pricingput_indep_qiskit_7,pricingput,qiskit,7,55,80,o3_sabre_lookahead,3,sabre,lookahead,0,timeout,transpilation,timeout,AttemptTimeoutError,100.0,100.00438019100147,Tentativo interrotto dopo 100.0 secondi.,qiskit_post_pass_callback_and_sigalrm_traceback,transpilation,21,LookaheadSwap,qiskit.transpiler.passes.routing.lookahead_swap.LookaheadSwap,20,99.92429709434509,99.99913300099979,qiskit/transpiler/passes/routing/lookahead_swap.py,_map_free_gates,313,routing,routing_method,lookahead,medium,False,"Il callback pubblico di Qiskit viene eseguito dopo ogni pass: last_completed_pass non identifica necessariamente il pass interrotto. | Lo stack indica dove SIGALRM è stato osservato, non dimostra quale pass, configurazione, circuito o hardware abbia causato il timeout. | Un'attribuzione causale richiede confronti controllati tra circuiti, configurazioni e device.",qiskit/transpiler/passes/routing/lookahead_swap.py:313:_map_free_gates
ibm_falcon_27,27,f30536987677ef5017fe3a89b8b4ee0a3e7252a1a226cc3db95fd9b2e822d991,run_70fd80c17d01871b76bad1ff48b98903fde18d902e69a175318220c39a8f9dff,pricingput_indep_qiskit_7,pricingput,qiskit,7,55,80,o3_sabre_lookahead,3,sabre,lookahead,1,timeout,transpilation,timeout,AttemptTimeoutError,100.0,100.00381675800054,Tentativo interrotto dopo 100.0 secondi.,qiskit_post_pass_callback_and_sigalrm_traceback,transpilation,21,LookaheadSwap,qiskit.transpiler.passes.routing.lookahead_swap.LookaheadSwap,20,99.92359375953674,99.99916254099844,qiskit/transpiler/passes/routing/lookahead_swap.py,_map_free_gates,312,routing,routing_method,lookahead,medium,False,"Il callback pubblico di Qiskit viene eseguito dopo ogni pass: last_completed_pass non identifica necessariamente il pass interrotto. | Lo stack indica dove SIGALRM è stato osservato, non dimostra quale pass, configurazione, circuito o hardware abbia causato il timeout. | Un'attribuzione causale richiede confronti controllati tra circuiti, configurazioni e device.",qiskit/transpiler/passes/routing/lookahead_swap.py:312:_map_free_gates
ibm_falcon_27,27,f30536987677ef5017fe3a89b8b4ee0a3e7252a1a226cc3db95fd9b2e822d991,run_46039f3df53dcbc736576e567e48973d671c04852e84d8348438516417f8bdd8,pricingput_indep_qiskit_7,pricingput,qiskit,7,55,80,o3_sabre_lookahead,3,sabre,lookahead,2,timeout,transpilation,timeout,AttemptTimeoutError,100.0,100.00403835000179,Tentativo interrotto dopo 100.0 secondi.,qiskit_post_pass_callback_and_sigalrm_traceback,transpilation,21,LookaheadSwap,qiskit.transpiler.passes.routing.lookahead_swap.LookaheadSwap,20,99.92585802078247,99.999112548001,qiskit/transpiler/passes/routing/lookahead_swap.py,_map_free_gates,312,routing,routing_method,lookahead,medium,False,"Il callback pubblico di Qiskit viene eseguito dopo ogni pass: last_completed_pass non identifica necessariamente il pass interrotto. | Lo stack indica dove SIGALRM è stato osservato, non dimostra quale pass, configurazione, circuito o hardware abbia causato il timeout. | Un'attribuzione causale richiede confronti controllati tra circuiti, configurazioni e device.",qiskit/transpiler/passes/routing/lookahead_swap.py:312:_map_free_gates
ibm_falcon_27,27,f30536987677ef5017fe3a89b8b4ee0a3e7252a1a226cc3db95fd9b2e822d991,run_1798b919ad44cb716a88b716a4c3fef87e9f2e6b4b36c5f9ccabb88ee03147f0,pricingput_indep_qiskit_9,pricingput,qiskit,9,84,121,o3_sabre_lookahead,3,sabre,lookahead,0,timeout,transpilation,timeout,AttemptTimeoutError,100.0,100.00479283399909,Tentativo interrotto dopo 100.0 secondi.,qiskit_post_pass_callback_and_sigalrm_traceback,transpilation,21,LookaheadSwap,qiskit.transpiler.passes.routing.lookahead_swap.LookaheadSwap,20,99.91204595565796,99.99874036800065,qiskit/transpiler/passes/routing/lookahead_swap.py,_map_free_gates,314,routing,routing_method,lookahead,medium,False,"Il callback pubblico di Qiskit viene eseguito dopo ogni pass: last_completed_pass non identifica necessariamente il pass interrotto. | Lo stack indica dove SIGALRM è stato osservato, non dimostra quale pass, configurazione, circuito o hardware abbia causato il timeout. | Un'attribuzione causale richiede confronti controllati tra circuiti, configurazioni e device.",qiskit/transpiler/passes/routing/lookahead_swap.py:314:_map_free_gates
ibm_falcon_27,27,f30536987677ef5017fe3a89b8b4ee0a3e7252a1a226cc3db95fd9b2e822d991,run_89352881e63a2e9bea064483e87e9cbfa201d2e9319eeba053d64dec32bb0137,pricingput_indep_qiskit_9,pricingput,qiskit,9,84,121,o3_sabre_lookahead,3,sabre,lookahead,1,timeout,transpilation,timeout,AttemptTimeoutError,100.0,100.004953914,Tentativo interrotto dopo 100.0 secondi.,qiskit_post_pass_callback_and_sigalrm_traceback,transpilation,21,LookaheadSwap,qiskit.transpiler.passes.routing.lookahead_swap.LookaheadSwap,20,99.90728425979614,99.9988368259983,qiskit/transpiler/passes/routing/lookahead_swap.py,_calc_layout_distance,341,routing,routing_method,lookahead,medium,False,"Il callback pubblico di Qiskit viene eseguito dopo ogni pass: last_completed_pass non identifica necessariamente il pass interrotto. | Lo stack indica dove SIGALRM è stato osservato, non dimostra quale pass, configurazione, circuito o hardware abbia causato il timeout. | Un'attribuzione causale richiede confronti controllati tra circuiti, configurazioni e device.",qiskit/transpiler/passes/routing/lookahead_swap.py:341:_calc_layout_distance
ibm_falcon_27,27,f30536987677ef5017fe3a89b8b4ee0a3e7252a1a226cc3db95fd9b2e822d991,run_74fd65e59d41fba639f235ca5f5296928371124f165f551150fe1d2337af8392,pricingput_indep_qiskit_9,pricingput,qiskit,9,84,121,o3_sabre_lookahead,3,sabre,lookahead,2,timeout,transpilation,timeout,AttemptTimeoutError,100.0,100.00462144199992,Tentativo interrotto dopo 100.0 secondi.,qiskit_post_pass_callback_and_sigalrm_traceback,transpilation,21,LookaheadSwap,qiskit.transpiler.passes.routing.lookahead_swap.LookaheadSwap,20,99.90203833580017,99.99887859499904,qiskit/transpiler/passes/routing/lookahead_swap.py,_calc_layout_distance,342,routing,routing_method,lookahead,medium,False,"Il callback pubblico di Qiskit viene eseguito dopo ogni pass: last_completed_pass non identifica necessariamente il pass interrotto. | Lo stack indica dove SIGALRM è stato osservato, non dimostra quale pass, configurazione, circuito o hardware abbia causato il timeout. | Un'attribuzione causale richiede confronti controllati tra circuiti, configurazioni e device.",qiskit/transpiler/passes/routing/lookahead_swap.py:342:_calc_layout_distance
ibm_falcon_27,27,f30536987677ef5017fe3a89b8b4ee0a3e7252a1a226cc3db95fd9b2e822d991,run_6be8eb5a0bc36f79b0711450031c1f3b390c24539362c986539370ca6a119c34,pricingput_indep_tket_5,pricingput,tket,5,41,59,o3_sabre_lookahead,3,sabre,lookahead,0,timeout,transpilation,timeout,AttemptTimeoutError,100.0,100.00287869500062,Tentativo interrotto dopo 100.0 secondi.,qiskit_post_pass_callback_and_sigalrm_traceback,transpilation,21,LookaheadSwap,qiskit.transpiler.passes.routing.lookahead_swap.LookaheadSwap,20,99.95744109153748,99.99936293499923,qiskit/transpiler/passes/routing/lookahead_swap.py,_calc_layout_distance,342,routing,routing_method,lookahead,medium,False,"Il callback pubblico di Qiskit viene eseguito dopo ogni pass: last_completed_pass non identifica necessariamente il pass interrotto. | Lo stack indica dove SIGALRM è stato osservato, non dimostra quale pass, configurazione, circuito o hardware abbia causato il timeout. | Un'attribuzione causale richiede confronti controllati tra circuiti, configurazioni e device.",qiskit/transpiler/passes/routing/lookahead_swap.py:342:_calc_layout_distance
ibm_falcon_27,27,f30536987677ef5017fe3a89b8b4ee0a3e7252a1a226cc3db95fd9b2e822d991,run_583d93ac590c0e39ea6a725ee9f679463417eecd3ca04b55d55f611f3a704e89,pricingput_indep_tket_5,pricingput,tket,5,41,59,o3_sabre_lookahead,3,sabre,lookahead,2,timeout,transpilation,timeout,AttemptTimeoutError,100.0,100.00277653900048,Tentativo interrotto dopo 100.0 secondi.,qiskit_post_pass_callback_and_sigalrm_traceback,transpilation,21,LookaheadSwap,qiskit.transpiler.passes.routing.lookahead_swap.LookaheadSwap,20,99.95175981521606,99.9993250410007,qiskit/transpiler/passes/routing/lookahead_swap.py,_calc_layout_distance,341,routing,routing_method,lookahead,medium,False,"Il callback pubblico di Qiskit viene eseguito dopo ogni pass: last_completed_pass non identifica necessariamente il pass interrotto. | Lo stack indica dove SIGALRM è stato osservato, non dimostra quale pass, configurazione, circuito o hardware abbia causato il timeout. | Un'attribuzione causale richiede confronti controllati tra circuiti, configurazioni e device.",qiskit/transpiler/passes/routing/lookahead_swap.py:341:_calc_layout_distance
ibm_falcon_27,27,f30536987677ef5017fe3a89b8b4ee0a3e7252a1a226cc3db95fd9b2e822d991,run_4e5ec8070b825e3746aa09814b9b8dfb1a8cb52881e640947bf1c6af19ba0254,pricingput_indep_tket_7,pricingput,tket,7,62,102,o3_sabre_lookahead,3,sabre,lookahead,0,timeout,transpilation,timeout,AttemptTimeoutError,100.0,100.00391146899892,Tentativo interrotto dopo 100.0 secondi.,qiskit_post_pass_callback_and_sigalrm_traceback,transpilation,21,LookaheadSwap,qiskit.transpiler.passes.routing.lookahead_swap.LookaheadSwap,20,99.93153500556946,99.99888877500052,qiskit/transpiler/passes/routing/lookahead_swap.py,_calc_layout_distance,342,routing,routing_method,lookahead,medium,False,"Il callback pubblico di Qiskit viene eseguito dopo ogni pass: last_completed_pass non identifica necessariamente il pass interrotto. | Lo stack indica dove SIGALRM è stato osservato, non dimostra quale pass, configurazione, circuito o hardware abbia causato il timeout. | Un'attribuzione causale richiede confronti controllati tra circuiti, configurazioni e device.",qiskit/transpiler/passes/routing/lookahead_swap.py:342:_calc_layout_distance
ibm_falcon_27,27,f30536987677ef5017fe3a89b8b4ee0a3e7252a1a226cc3db95fd9b2e822d991,run_7af7dbac16ba472e630c5297f721adf49499ec2bd1bc6b89bafd8fa56387d669,pricingput_indep_tket_7,pricingput,tket,7,62,102,o3_sabre_lookahead,3,sabre,lookahead,1,timeout,transpilation,timeout,AttemptTimeoutError,100.0,100.00383384399902,Tentativo interrotto dopo 100.0 secondi.,qiskit_post_pass_callback_and_sigalrm_traceback,transpilation,21,LookaheadSwap,qiskit.transpiler.passes.routing.lookahead_swap.LookaheadSwap,20,99.89168405532837,99.99878018799973,qiskit/transpiler/passes/routing/lookahead_swap.py,_map_free_gates,303,routing,routing_method,lookahead,medium,False,"Il callback pubblico di Qiskit viene eseguito dopo ogni pass: last_completed_pass non identifica necessariamente il pass interrotto. | Lo stack indica dove SIGALRM è stato osservato, non dimostra quale pass, configurazione, circuito o hardware abbia causato il timeout. | Un'attribuzione causale richiede confronti controllati tra circuiti, configurazioni e device.",qiskit/transpiler/passes/routing/lookahead_swap.py:303:_map_free_gates
ibm_falcon_27,27,f30536987677ef5017fe3a89b8b4ee0a3e7252a1a226cc3db95fd9b2e822d991,run_5b87a60d109c20af34580ea2e64bb3b7900b3e1212107f3f7fb457c3ace9841c,pricingput_indep_tket_7,pricingput,tket,7,62,102,o3_sabre_lookahead,3,sabre,lookahead,2,timeout,transpilation,timeout,AttemptTimeoutError,100.0,100.00382656400143,Tentativo interrotto dopo 100.0 secondi.,qiskit_post_pass_callback_and_sigalrm_traceback,transpilation,21,LookaheadSwap,qiskit.transpiler.passes.routing.lookahead_swap.LookaheadSwap,20,99.89179420471191,99.99885400199855,qiskit/transpiler/passes/routing/lookahead_swap.py,_calc_layout_distance,342,routing,routing_method,lookahead,medium,False,"Il callback pubblico di Qiskit viene eseguito dopo ogni pass: last_completed_pass non identifica necessariamente il pass interrotto. | Lo stack indica dove SIGALRM è stato osservato, non dimostra quale pass, configurazione, circuito o hardware abbia causato il timeout. | Un'attribuzione causale richiede confronti controllati tra circuiti, configurazioni e device.",qiskit/transpiler/passes/routing/lookahead_swap.py:342:_calc_layout_distance
ibm_falcon_27,27,f30536987677ef5017fe3a89b8b4ee0a3e7252a1a226cc3db95fd9b2e822d991,run_0c5c45fa07b5a8efc103ee1d7ddfcf976bdc9c0519b6c7163b8d6d2cb5f1dca5,pricingput_indep_tket_9,pricingput,tket,9,93,159,o3_sabre_lookahead,3,sabre,lookahead,0,timeout,transpilation,timeout,AttemptTimeoutError,100.0,100.00491414300086,Tentativo interrotto dopo 100.0 secondi.,qiskit_post_pass_callback_and_sigalrm_traceback,transpilation,21,LookaheadSwap,qiskit.transpiler.passes.routing.lookahead_swap.LookaheadSwap,20,99.90715003013611,99.99873600499996,qiskit/transpiler/passes/routing/lookahead_swap.py,_map_free_gates,312,routing,routing_method,lookahead,medium,False,"Il callback pubblico di Qiskit viene eseguito dopo ogni pass: last_completed_pass non identifica necessariamente il pass interrotto. | Lo stack indica dove SIGALRM è stato osservato, non dimostra quale pass, configurazione, circuito o hardware abbia causato il timeout. | Un'attribuzione causale richiede confronti controllati tra circuiti, configurazioni e device.",qiskit/transpiler/passes/routing/lookahead_swap.py:312:_map_free_gates
ibm_falcon_27,27,f30536987677ef5017fe3a89b8b4ee0a3e7252a1a226cc3db95fd9b2e822d991,run_3b9c6f52b65c890e5be30b9c8745a5636e9167e7ed51c48e8dda274edcbb6889,pricingput_indep_tket_9,pricingput,tket,9,93,159,o3_sabre_lookahead,3,sabre,lookahead,1,timeout,transpilation,timeout,AttemptTimeoutError,100.0,100.00494334599898,Tentativo interrotto dopo 100.0 secondi.,qiskit_post_pass_callback_and_sigalrm_traceback,transpilation,21,LookaheadSwap,qiskit.transpiler.passes.routing.lookahead_swap.LookaheadSwap,20,99.91920709609985,99.99870420499974,qiskit/transpiler/passes/routing/lookahead_swap.py,_score_step,360,routing,routing_method,lookahead,medium,False,"Il callback pubblico di Qiskit viene eseguito dopo ogni pass: last_completed_pass non identifica necessariamente il pass interrotto. | Lo stack indica dove SIGALRM è stato osservato, non dimostra quale pass, configurazione, circuito o hardware abbia causato il timeout. | Un'attribuzione causale richiede confronti controllati tra circuiti, configurazioni e device.",qiskit/transpiler/passes/routing/lookahead_swap.py:360:_score_step
ibm_falcon_27,27,f30536987677ef5017fe3a89b8b4ee0a3e7252a1a226cc3db95fd9b2e822d991,run_748661190ba67b5cad69c7a983390a760ef69573acfdc1890b481b80f5f7a899,pricingput_indep_tket_9,pricingput,tket,9,93,159,o3_sabre_lookahead,3,sabre,lookahead,2,timeout,transpilation,timeout,AttemptTimeoutError,100.0,100.00484099299865,Tentativo interrotto dopo 100.0 secondi.,qiskit_post_pass_callback_and_sigalrm_traceback,transpilation,21,LookaheadSwap,qiskit.transpiler.passes.routing.lookahead_swap.LookaheadSwap,20,99.92162561416626,99.99880289599969,qiskit/transpiler/passes/routing/lookahead_swap.py,_score_step,360,routing,routing_method,lookahead,medium,False,"Il callback pubblico di Qiskit viene eseguito dopo ogni pass: last_completed_pass non identifica necessariamente il pass interrotto. | Lo stack indica dove SIGALRM è stato osservato, non dimostra quale pass, configurazione, circuito o hardware abbia causato il timeout. | Un'attribuzione causale richiede confronti controllati tra circuiti, configurazioni e device.",qiskit/transpiler/passes/routing/lookahead_swap.py:360:_score_step
ibm_falcon_27,27,f30536987677ef5017fe3a89b8b4ee0a3e7252a1a226cc3db95fd9b2e822d991,run_e8386d0ca518d645b39e42398fc631365bfe817f51442e25555887a06e6ba3dc,qft_indep_qiskit_11,qft,qiskit,11,23,82,o3_sabre_lookahead,3,sabre,lookahead,1,timeout,transpilation,timeout,AttemptTimeoutError,100.0,100.0025774500009,Tentativo interrotto dopo 100.0 secondi.,qiskit_post_pass_callback_and_sigalrm_traceback,transpilation,21,LookaheadSwap,qiskit.transpiler.passes.routing.lookahead_swap.LookaheadSwap,20,99.94370079040527,99.99867879199883,qiskit/transpiler/passes/routing/lookahead_swap.py,_search_forward_n_swaps,210,routing,routing_method,lookahead,medium,False,"Il callback pubblico di Qiskit viene eseguito dopo ogni pass: last_completed_pass non identifica necessariamente il pass interrotto. | Lo stack indica dove SIGALRM è stato osservato, non dimostra quale pass, configurazione, circuito o hardware abbia causato il timeout. | Un'attribuzione causale richiede confronti controllati tra circuiti, configurazioni e device.",qiskit/transpiler/passes/routing/lookahead_swap.py:210:_search_forward_n_swaps
ibm_falcon_27,27,f30536987677ef5017fe3a89b8b4ee0a3e7252a1a226cc3db95fd9b2e822d991,run_dc761fc6889a61a27c530b442e00d441ae8f49ac1503d0d97b56290f4137a6a1,qft_indep_qiskit_12,qft,qiskit,12,25,96,o3_sabre_lookahead,3,sabre,lookahead,0,timeout,transpilation,timeout,AttemptTimeoutError,100.0,100.00328864399853,Tentativo interrotto dopo 100.0 secondi.,qiskit_post_pass_callback_and_sigalrm_traceback,transpilation,21,LookaheadSwap,qiskit.transpiler.passes.routing.lookahead_swap.LookaheadSwap,20,99.93335390090942,99.99837302199921,qiskit/transpiler/passes/routing/lookahead_swap.py,_calc_layout_distance,342,routing,routing_method,lookahead,medium,False,"Il callback pubblico di Qiskit viene eseguito dopo ogni pass: last_completed_pass non identifica necessariamente il pass interrotto. | Lo stack indica dove SIGALRM è stato osservato, non dimostra quale pass, configurazione, circuito o hardware abbia causato il timeout. | Un'attribuzione causale richiede confronti controllati tra circuiti, configurazioni e device.",qiskit/transpiler/passes/routing/lookahead_swap.py:342:_calc_layout_distance
ibm_falcon_27,27,f30536987677ef5017fe3a89b8b4ee0a3e7252a1a226cc3db95fd9b2e822d991,run_b58a9c534b4ad0b4fb771da65e01c3ff9435710e9c5e7613cdc27a9cb2d6dc97,qft_indep_qiskit_12,qft,qiskit,12,25,96,o3_sabre_lookahead,3,sabre,lookahead,1,timeout,transpilation,timeout,AttemptTimeoutError,100.0,100.00309940700026,Tentativo interrotto dopo 100.0 secondi.,qiskit_post_pass_callback_and_sigalrm_traceback,transpilation,21,LookaheadSwap,qiskit.transpiler.passes.routing.lookahead_swap.LookaheadSwap,20,99.91137886047363,99.9982601089996,qiskit/transpiler/passes/routing/lookahead_swap.py,_score_state_with_swap,354,routing,routing_method,lookahead,medium,False,"Il callback pubblico di Qiskit viene eseguito dopo ogni pass: last_completed_pass non identifica necessariamente il pass interrotto. | Lo stack indica dove SIGALRM è stato osservato, non dimostra quale pass, configurazione, circuito o hardware abbia causato il timeout. | Un'attribuzione causale richiede confronti controllati tra circuiti, configurazioni e device.",qiskit/transpiler/passes/routing/lookahead_swap.py:354:_score_state_with_swap
ibm_falcon_27,27,f30536987677ef5017fe3a89b8b4ee0a3e7252a1a226cc3db95fd9b2e822d991,run_a916ac19d1939ed2e833e9b7be8a488c467d340c69da60e5fa96b200ad1be10a,qft_indep_qiskit_12,qft,qiskit,12,25,96,o3_sabre_lookahead,3,sabre,lookahead,2,timeout,transpilation,timeout,AttemptTimeoutError,100.0,100.00281049099976,Tentativo interrotto dopo 100.0 secondi.,qiskit_post_pass_callback_and_sigalrm_traceback,transpilation,21,LookaheadSwap,qiskit.transpiler.passes.routing.lookahead_swap.LookaheadSwap,20,99.90469574928284,99.99831755000014,qiskit/transpiler/passes/routing/lookahead_swap.py,_map_free_gates,303,routing,routing_method,lookahead,medium,False,"Il callback pubblico di Qiskit viene eseguito dopo ogni pass: last_completed_pass non identifica necessariamente il pass interrotto. | Lo stack indica dove SIGALRM è stato osservato, non dimostra quale pass, configurazione, circuito o hardware abbia causato il timeout. | Un'attribuzione causale richiede confronti controllati tra circuiti, configurazioni e device.",qiskit/transpiler/passes/routing/lookahead_swap.py:303:_map_free_gates
ibm_falcon_27,27,f30536987677ef5017fe3a89b8b4ee0a3e7252a1a226cc3db95fd9b2e822d991,run_0a505f54759f7494602d63203eb53c338523bba0129e1b38a0acb3bca2bc5302,qft_indep_qiskit_13,qft,qiskit,13,27,110,o3_sabre_lookahead,3,sabre,lookahead,0,timeout,transpilation,timeout,AttemptTimeoutError,100.0,100.00596980400042,Tentativo interrotto dopo 100.0 secondi.,qiskit_post_pass_callback_and_sigalrm_traceback,transpilation,21,LookaheadSwap,qiskit.transpiler.passes.routing.lookahead_swap.LookaheadSwap,20,99.91711091995239,99.99764296400099,qiskit/transpiler/passes/routing/lookahead_swap.py,_swap_ops_from_edge,383,routing,routing_method,lookahead,medium,False,"Il callback pubblico di Qiskit viene eseguito dopo ogni pass: last_completed_pass non identifica necessariamente il pass interrotto. | Lo stack indica dove SIGALRM è stato osservato, non dimostra quale pass, configurazione, circuito o hardware abbia causato il timeout. | Un'attribuzione causale richiede confronti controllati tra circuiti, configurazioni e device.",qiskit/transpiler/passes/routing/lookahead_swap.py:383:_swap_ops_from_edge
ibm_falcon_27,27,f30536987677ef5017fe3a89b8b4ee0a3e7252a1a226cc3db95fd9b2e822d991,run_8b87b32c85f709f26ccb902c6440a39a2e58d6b0c13bf45927c62c1dff10fb70,qft_indep_qiskit_13,qft,qiskit,13,27,110,o3_sabre_lookahead,3,sabre,lookahead,1,timeout,transpilation,timeout,AttemptTimeoutError,100.0,100.00288553800056,Tentativo interrotto dopo 100.0 secondi.,qiskit_post_pass_callback_and_sigalrm_traceback,transpilation,21,LookaheadSwap,qiskit.transpiler.passes.routing.lookahead_swap.LookaheadSwap,20,99.91543889045715,99.99829793600111,qiskit/transpiler/passes/routing/lookahead_swap.py,_calc_layout_distance,342,routing,routing_method,lookahead,medium,False,"Il callback pubblico di Qiskit viene eseguito dopo ogni pass: last_completed_pass non identifica necessariamente il pass interrotto. | Lo stack indica dove SIGALRM è stato osservato, non dimostra quale pass, configurazione, circuito o hardware abbia causato il timeout. | Un'attribuzione causale richiede confronti controllati tra circuiti, configurazioni e device.",qiskit/transpiler/passes/routing/lookahead_swap.py:342:_calc_layout_distance
ibm_falcon_27,27,f30536987677ef5017fe3a89b8b4ee0a3e7252a1a226cc3db95fd9b2e822d991,run_eff83f7c56ccfbdfd92d9720f0b9aa8788c6067f1b0915ea63f7e63effa75803,qft_indep_qiskit_13,qft,qiskit,13,27,110,o3_sabre_lookahead,3,sabre,lookahead,2,timeout,transpilation,timeout,AttemptTimeoutError,100.0,100.00302454399935,Tentativo interrotto dopo 100.0 secondi.,qiskit_post_pass_callback_and_sigalrm_traceback,transpilation,21,LookaheadSwap,qiskit.transpiler.passes.routing.lookahead_swap.LookaheadSwap,20,99.88115239143372,99.99819509500048,qiskit/transpiler/passes/routing/lookahead_swap.py,_calc_layout_distance,342,routing,routing_method,lookahead,medium,False,"Il callback pubblico di Qiskit viene eseguito dopo ogni pass: last_completed_pass non identifica necessariamente il pass interrotto. | Lo stack indica dove SIGALRM è stato osservato, non dimostra quale pass, configurazione, circuito o hardware abbia causato il timeout. | Un'attribuzione causale richiede confronti controllati tra circuiti, configurazioni e device.",qiskit/transpiler/passes/routing/lookahead_swap.py:342:_calc_layout_distance
ibm_falcon_27,27,f30536987677ef5017fe3a89b8b4ee0a3e7252a1a226cc3db95fd9b2e822d991,run_d8a25a0531cbd5df53e72c5d923697bbc9b979c51a6bd2ca84064795236e92df,qft_indep_qiskit_14,qft,qiskit,14,29,126,o3_sabre_lookahead,3,sabre,lookahead,0,timeout,transpilation,timeout,AttemptTimeoutError,100.0,100.00297534500169,Tentativo interrotto dopo 100.0 secondi.,qiskit_post_pass_callback_and_sigalrm_traceback,transpilation,21,LookaheadSwap,qiskit.transpiler.passes.routing.lookahead_swap.LookaheadSwap,20,99.91985607147217,99.99752259300112,qiskit/transpiler/passes/routing/lookahead_swap.py,_score_step,360,routing,routing_method,lookahead,medium,False,"Il callback pubblico di Qiskit viene eseguito dopo ogni pass: last_completed_pass non identifica necessariamente il pass interrotto. | Lo stack indica dove SIGALRM è stato osservato, non dimostra quale pass, configurazione, circuito o hardware abbia causato il timeout. | Un'attribuzione causale richiede confronti controllati tra circuiti, configurazioni e device.",qiskit/transpiler/passes/routing/lookahead_swap.py:360:_score_step
ibm_falcon_27,27,f30536987677ef5017fe3a89b8b4ee0a3e7252a1a226cc3db95fd9b2e822d991,run_d7327b24b11d5a8b0bac1814f4e725e9de02461ca63e65103c9508f7c652cad5,qft_indep_qiskit_14,qft,qiskit,14,29,126,o3_sabre_lookahead,3,sabre,lookahead,1,timeout,transpilation,timeout,AttemptTimeoutError,100.0,100.00331436899978,Tentativo interrotto dopo 100.0 secondi.,qiskit_post_pass_callback_and_sigalrm_traceback,transpilation,21,LookaheadSwap,qiskit.transpiler.passes.routing.lookahead_swap.LookaheadSwap,20,99.91779470443726,99.99801672799913,qiskit/transpiler/passes/routing/lookahead_swap.py,_map_free_gates,313,routing,routing_method,lookahead,medium,False,"Il callback pubblico di Qiskit viene eseguito dopo ogni pass: last_completed_pass non identifica necessariamente il pass interrotto. | Lo stack indica dove SIGALRM è stato osservato, non dimostra quale pass, configurazione, circuito o hardware abbia causato il timeout. | Un'attribuzione causale richiede confronti controllati tra circuiti, configurazioni e device.",qiskit/transpiler/passes/routing/lookahead_swap.py:313:_map_free_gates
ibm_falcon_27,27,f30536987677ef5017fe3a89b8b4ee0a3e7252a1a226cc3db95fd9b2e822d991,run_1edce551292b782617e4d59599409fb78b9db15cc3aca019cb1284dcb49f7464,qft_indep_qiskit_14,qft,qiskit,14,29,126,o3_sabre_lookahead,3,sabre,lookahead,2,timeout,transpilation,timeout,AttemptTimeoutError,100.0,100.00297445400065,Tentativo interrotto dopo 100.0 secondi.,qiskit_post_pass_callback_and_sigalrm_traceback,transpilation,21,LookaheadSwap,qiskit.transpiler.passes.routing.lookahead_swap.LookaheadSwap,20,99.92756986618042,99.99783838599978,qiskit/transpiler/passes/routing/lookahead_swap.py,_calc_layout_distance,342,routing,routing_method,lookahead,medium,False,"Il callback pubblico di Qiskit viene eseguito dopo ogni pass: last_completed_pass non identifica necessariamente il pass interrotto. | Lo stack indica dove SIGALRM è stato osservato, non dimostra quale pass, configurazione, circuito o hardware abbia causato il timeout. | Un'attribuzione causale richiede confronti controllati tra circuiti, configurazioni e device.",qiskit/transpiler/passes/routing/lookahead_swap.py:342:_calc_layout_distance
ibm_falcon_27,27,f30536987677ef5017fe3a89b8b4ee0a3e7252a1a226cc3db95fd9b2e822d991,run_ab8fa381254f2366477f7e19fd701d35a30f03db7fc3a2d33f0b4140e80b6cf1,qft_indep_qiskit_15,qft,qiskit,15,31,142,o3_sabre_lookahead,3,sabre,lookahead,0,timeout,transpilation,timeout,AttemptTimeoutError,100.0,100.0034175109995,Tentativo interrotto dopo 100.0 secondi.,qiskit_post_pass_callback_and_sigalrm_traceback,transpilation,21,LookaheadSwap,qiskit.transpiler.passes.routing.lookahead_swap.LookaheadSwap,20,99.90687203407288,99.99795362700024,qiskit/transpiler/passes/routing/lookahead_swap.py,_calc_layout_distance,342,routing,routing_method,lookahead,medium,False,"Il callback pubblico di Qiskit viene eseguito dopo ogni pass: last_completed_pass non identifica necessariamente il pass interrotto. | Lo stack indica dove SIGALRM è stato osservato, non dimostra quale pass, configurazione, circuito o hardware abbia causato il timeout. | Un'attribuzione causale richiede confronti controllati tra circuiti, configurazioni e device.",qiskit/transpiler/passes/routing/lookahead_swap.py:342:_calc_layout_distance
ibm_falcon_27,27,f30536987677ef5017fe3a89b8b4ee0a3e7252a1a226cc3db95fd9b2e822d991,run_78f1c81f07f9c1bf9424d5e4fb4c17dbd39a248e252cf758ddaae3a2a616fd98,qft_indep_qiskit_15,qft,qiskit,15,31,142,o3_sabre_lookahead,3,sabre,lookahead,1,timeout,transpilation,timeout,AttemptTimeoutError,100.0,100.00348827500056,Tentativo interrotto dopo 100.0 secondi.,qiskit_post_pass_callback_and_sigalrm_traceback,transpilation,21,LookaheadSwap,qiskit.transpiler.passes.routing.lookahead_swap.LookaheadSwap,20,99.89466881752014,99.9974982650001,qiskit/transpiler/passes/routing/lookahead_swap.py,_calc_layout_distance,342,routing,routing_method,lookahead,medium,False,"Il callback pubblico di Qiskit viene eseguito dopo ogni pass: last_completed_pass non identifica necessariamente il pass interrotto. | Lo stack indica dove SIGALRM è stato osservato, non dimostra quale pass, configurazione, circuito o hardware abbia causato il timeout. | Un'attribuzione causale richiede confronti controllati tra circuiti, configurazioni e device.",qiskit/transpiler/passes/routing/lookahead_swap.py:342:_calc_layout_distance
ibm_falcon_27,27,f30536987677ef5017fe3a89b8b4ee0a3e7252a1a226cc3db95fd9b2e822d991,run_cce0c3301daa16984eed60a7fed104bd249f98d8c7e66f40eeacdfc299eecfc8,qft_indep_qiskit_15,qft,qiskit,15,31,142,o3_sabre_lookahead,3,sabre,lookahead,2,timeout,transpilation,timeout,AttemptTimeoutError,100.0,100.0034790209993,Tentativo interrotto dopo 100.0 secondi.,qiskit_post_pass_callback_and_sigalrm_traceback,transpilation,21,LookaheadSwap,qiskit.transpiler.passes.routing.lookahead_swap.LookaheadSwap,20,99.90733242034912,99.99777697200079,qiskit/transpiler/passes/routing/lookahead_swap.py,_calc_layout_distance,342,routing,routing_method,lookahead,medium,False,"Il callback pubblico di Qiskit viene eseguito dopo ogni pass: last_completed_pass non identifica necessariamente il pass interrotto. | Lo stack indica dove SIGALRM è stato osservato, non dimostra quale pass, configurazione, circuito o hardware abbia causato il timeout. | Un'attribuzione causale richiede confronti controllati tra circuiti, configurazioni e device.",qiskit/transpiler/passes/routing/lookahead_swap.py:342:_calc_layout_distance
ibm_falcon_27,27,f30536987677ef5017fe3a89b8b4ee0a3e7252a1a226cc3db95fd9b2e822d991,run_3ba31d4b9f18bb4aa7e7ce82c0854f2410301884307ccd6bd38ad92d0f54eab6,qft_indep_qiskit_16,qft,qiskit,16,33,160,o3_sabre_lookahead,3,sabre,lookahead,0,timeout,transpilation,timeout,AttemptTimeoutError,100.0,100.00379403400075,Tentativo interrotto dopo 100.0 secondi.,qiskit_post_pass_callback_and_sigalrm_traceback,transpilation,21,LookaheadSwap,qiskit.transpiler.passes.routing.lookahead_swap.LookaheadSwap,20,99.89725875854492,99.99742443899959,qiskit/transpiler/passes/routing/lookahead_swap.py,<genexpr>,390,routing,routing_method,lookahead,medium,False,"Il callback pubblico di Qiskit viene eseguito dopo ogni pass: last_completed_pass non identifica necessariamente il pass interrotto. | Lo stack indica dove SIGALRM è stato osservato, non dimostra quale pass, configurazione, circuito o hardware abbia causato il timeout. | Un'attribuzione causale richiede confronti controllati tra circuiti, configurazioni e device.",qiskit/transpiler/passes/routing/lookahead_swap.py:390:<genexpr>
ibm_falcon_27,27,f30536987677ef5017fe3a89b8b4ee0a3e7252a1a226cc3db95fd9b2e822d991,run_22e70c4dd279fa37acad635763a89d6341aab79e88a2d0c409f74978a5e96f8b,qft_indep_qiskit_16,qft,qiskit,16,33,160,o3_sabre_lookahead,3,sabre,lookahead,1,timeout,transpilation,timeout,AttemptTimeoutError,100.0,100.00385995299985,Tentativo interrotto dopo 100.0 secondi.,qiskit_post_pass_callback_and_sigalrm_traceback,transpilation,21,LookaheadSwap,qiskit.transpiler.passes.routing.lookahead_swap.LookaheadSwap,20,99.87466144561768,99.99770832399918,qiskit/transpiler/passes/routing/lookahead_swap.py,_calc_layout_distance,342,routing,routing_method,lookahead,medium,False,"Il callback pubblico di Qiskit viene eseguito dopo ogni pass: last_completed_pass non identifica necessariamente il pass interrotto. | Lo stack indica dove SIGALRM è stato osservato, non dimostra quale pass, configurazione, circuito o hardware abbia causato il timeout. | Un'attribuzione causale richiede confronti controllati tra circuiti, configurazioni e device.",qiskit/transpiler/passes/routing/lookahead_swap.py:342:_calc_layout_distance
ibm_falcon_27,27,f30536987677ef5017fe3a89b8b4ee0a3e7252a1a226cc3db95fd9b2e822d991,run_cafd504bd83eba38e123c6374b4ddd5acbeb18f0428f214bf315a8775df75413,qft_indep_qiskit_16,qft,qiskit,16,33,160,o3_sabre_lookahead,3,sabre,lookahead,2,timeout,transpilation,timeout,AttemptTimeoutError,100.0,100.00931420300003,Tentativo interrotto dopo 100.0 secondi.,qiskit_post_pass_callback_and_sigalrm_traceback,transpilation,21,LookaheadSwap,qiskit.transpiler.passes.routing.lookahead_swap.LookaheadSwap,20,99.91332292556763,99.99965253499977,qiskit/transpiler/passes/routing/lookahead_swap.py,_map_free_gates,313,routing,routing_method,lookahead,medium,False,"Il callback pubblico di Qiskit viene eseguito dopo ogni pass: last_completed_pass non identifica necessariamente il pass interrotto. | Lo stack indica dove SIGALRM è stato osservato, non dimostra quale pass, configurazione, circuito o hardware abbia causato il timeout. | Un'attribuzione causale richiede confronti controllati tra circuiti, configurazioni e device.",qiskit/transpiler/passes/routing/lookahead_swap.py:313:_map_free_gates
ibm_falcon_27,27,f30536987677ef5017fe3a89b8b4ee0a3e7252a1a226cc3db95fd9b2e822d991,run_ed303284afaedc9c1d29ca47393b4f747f3a01ba4837381e96a79f0ff9e2ffe3,qft_indep_qiskit_17,qft,qiskit,17,35,178,o3_sabre_lookahead,3,sabre,lookahead,0,timeout,transpilation,timeout,AttemptTimeoutError,100.0,100.0041750170003,Tentativo interrotto dopo 100.0 secondi.,qiskit_post_pass_callback_and_sigalrm_traceback,transpilation,21,LookaheadSwap,qiskit.transpiler.passes.routing.lookahead_swap.LookaheadSwap,20,99.87816619873047,99.99733619200015,qiskit/transpiler/passes/routing/lookahead_swap.py,_calc_layout_distance,342,routing,routing_method,lookahead,medium,False,"Il callback pubblico di Qiskit viene eseguito dopo ogni pass: last_completed_pass non identifica necessariamente il pass interrotto. | Lo stack indica dove SIGALRM è stato osservato, non dimostra quale pass, configurazione, circuito o hardware abbia causato il timeout. | Un'attribuzione causale richiede confronti controllati tra circuiti, configurazioni e device.",qiskit/transpiler/passes/routing/lookahead_swap.py:342:_calc_layout_distance
ibm_falcon_27,27,f30536987677ef5017fe3a89b8b4ee0a3e7252a1a226cc3db95fd9b2e822d991,run_4cdad7d7a8c69e1ccbcf7207f00842cfbb1f1f781042c91bc72843e6c9a27a89,qft_indep_qiskit_17,qft,qiskit,17,35,178,o3_sabre_lookahead,3,sabre,lookahead,1,timeout,transpilation,timeout,AttemptTimeoutError,100.0,100.00458766799966,Tentativo interrotto dopo 100.0 secondi.,qiskit_post_pass_callback_and_sigalrm_traceback,transpilation,21,LookaheadSwap,qiskit.transpiler.passes.routing.lookahead_swap.LookaheadSwap,20,99.90102314949036,99.99732732400116,qiskit/transpiler/passes/routing/lookahead_swap.py,_calc_layout_distance,342,routing,routing_method,lookahead,medium,False,"Il callback pubblico di Qiskit viene eseguito dopo ogni pass: last_completed_pass non identifica necessariamente il pass interrotto. | Lo stack indica dove SIGALRM è stato osservato, non dimostra quale pass, configurazione, circuito o hardware abbia causato il timeout. | Un'attribuzione causale richiede confronti controllati tra circuiti, configurazioni e device.",qiskit/transpiler/passes/routing/lookahead_swap.py:342:_calc_layout_distance
ibm_falcon_27,27,f30536987677ef5017fe3a89b8b4ee0a3e7252a1a226cc3db95fd9b2e822d991,run_182191e33b24f0cab7769f476247d73906a9c7288e51ce5adb799237bb20a923,qft_indep_qiskit_17,qft,qiskit,17,35,178,o3_sabre_lookahead,3,sabre,lookahead,2,timeout,transpilation,timeout,AttemptTimeoutError,100.0,100.00391841300006,Tentativo interrotto dopo 100.0 secondi.,qiskit_post_pass_callback_and_sigalrm_traceback,transpilation,21,LookaheadSwap,qiskit.transpiler.passes.routing.lookahead_swap.LookaheadSwap,20,99.8986222743988,99.99657888799993,qiskit/transpiler/passes/routing/lookahead_swap.py,_calc_layout_distance,342,routing,routing_method,lookahead,medium,False,"Il callback pubblico di Qiskit viene eseguito dopo ogni pass: last_completed_pass non identifica necessariamente il pass interrotto. | Lo stack indica dove SIGALRM è stato osservato, non dimostra quale pass, configurazione, circuito o hardware abbia causato il timeout. | Un'attribuzione causale richiede confronti controllati tra circuiti, configurazioni e device.",qiskit/transpiler/passes/routing/lookahead_swap.py:342:_calc_layout_distance
ibm_falcon_27,27,f30536987677ef5017fe3a89b8b4ee0a3e7252a1a226cc3db95fd9b2e822d991,run_f1d212b6e7b91acd80d14d9ed07a83054ed6bea1453a2d0d5fd51e3c220e6a33,qft_indep_qiskit_9,qft,qiskit,9,19,58,o3_sabre_lookahead,3,sabre,lookahead,1,timeout,transpilation,timeout,AttemptTimeoutError,100.0,100.00366010700054,Tentativo interrotto dopo 100.0 secondi.,qiskit_post_pass_callback_and_sigalrm_traceback,transpilation,21,LookaheadSwap,qiskit.transpiler.passes.routing.lookahead_swap.LookaheadSwap,20,99.927973985672,99.99886685999991,qiskit/transpiler/passes/routing/lookahead_swap.py,_calc_layout_distance,342,routing,routing_method,lookahead,medium,False,"Il callback pubblico di Qiskit viene eseguito dopo ogni pass: last_completed_pass non identifica necessariamente il pass interrotto. | Lo stack indica dove SIGALRM è stato osservato, non dimostra quale pass, configurazione, circuito o hardware abbia causato il timeout. | Un'attribuzione causale richiede confronti controllati tra circuiti, configurazioni e device.",qiskit/transpiler/passes/routing/lookahead_swap.py:342:_calc_layout_distance
ibm_falcon_27,27,f30536987677ef5017fe3a89b8b4ee0a3e7252a1a226cc3db95fd9b2e822d991,run_a7b935477bf5c515b2f4aad523d943534416625b869220126afd43b033821d7d,qft_indep_tket_11,qft,tket,11,23,82,o3_sabre_lookahead,3,sabre,lookahead,1,timeout,transpilation,timeout,AttemptTimeoutError,100.0,100.00275489699925,Tentativo interrotto dopo 100.0 secondi.,qiskit_post_pass_callback_and_sigalrm_traceback,transpilation,21,LookaheadSwap,qiskit.transpiler.passes.routing.lookahead_swap.LookaheadSwap,20,99.93701410293579,99.99850654200054,qiskit/transpiler/passes/routing/lookahead_swap.py,_calc_layout_distance,342,routing,routing_method,lookahead,medium,False,"Il callback pubblico di Qiskit viene eseguito dopo ogni pass: last_completed_pass non identifica necessariamente il pass interrotto. | Lo stack indica dove SIGALRM è stato osservato, non dimostra quale pass, configurazione, circuito o hardware abbia causato il timeout. | Un'attribuzione causale richiede confronti controllati tra circuiti, configurazioni e device.",qiskit/transpiler/passes/routing/lookahead_swap.py:342:_calc_layout_distance
ibm_falcon_27,27,f30536987677ef5017fe3a89b8b4ee0a3e7252a1a226cc3db95fd9b2e822d991,run_13099fb88a7521f21a03388c34a0b2cc287a42d8c84b3b29b2f97f57c7b61697,qft_indep_tket_12,qft,tket,12,25,96,o3_sabre_lookahead,3,sabre,lookahead,0,timeout,transpilation,timeout,AttemptTimeoutError,100.0,100.00310424599957,Tentativo interrotto dopo 100.0 secondi.,qiskit_post_pass_callback_and_sigalrm_traceback,transpilation,21,LookaheadSwap,qiskit.transpiler.passes.routing.lookahead_swap.LookaheadSwap,20,99.93820881843567,99.99819632600156,qiskit/transpiler/passes/routing/lookahead_swap.py,_map_free_gates,313,routing,routing_method,lookahead,medium,False,"Il callback pubblico di Qiskit viene eseguito dopo ogni pass: last_completed_pass non identifica necessariamente il pass interrotto. | Lo stack indica dove SIGALRM è stato osservato, non dimostra quale pass, configurazione, circuito o hardware abbia causato il timeout. | Un'attribuzione causale richiede confronti controllati tra circuiti, configurazioni e device.",qiskit/transpiler/passes/routing/lookahead_swap.py:313:_map_free_gates
ibm_falcon_27,27,f30536987677ef5017fe3a89b8b4ee0a3e7252a1a226cc3db95fd9b2e822d991,run_c3a76bd11546e1a9c38bb79f57c9343c05030e7cbc8aa74ee7a004cebc315185,qft_indep_tket_12,qft,tket,12,25,96,o3_sabre_lookahead,3,sabre,lookahead,1,timeout,transpilation,timeout,AttemptTimeoutError,100.0,100.00282151700048,Tentativo interrotto dopo 100.0 secondi.,qiskit_post_pass_callback_and_sigalrm_traceback,transpilation,21,LookaheadSwap,qiskit.transpiler.passes.routing.lookahead_swap.LookaheadSwap,20,99.93670988082886,99.99831833499957,qiskit/transpiler/passes/routing/lookahead_swap.py,_first_op_node,390,routing,routing_method,lookahead,medium,False,"Il callback pubblico di Qiskit viene eseguito dopo ogni pass: last_completed_pass non identifica necessariamente il pass interrotto. | Lo stack indica dove SIGALRM è stato osservato, non dimostra quale pass, configurazione, circuito o hardware abbia causato il timeout. | Un'attribuzione causale richiede confronti controllati tra circuiti, configurazioni e device.",qiskit/transpiler/passes/routing/lookahead_swap.py:390:_first_op_node
ibm_falcon_27,27,f30536987677ef5017fe3a89b8b4ee0a3e7252a1a226cc3db95fd9b2e822d991,run_0e89f5cc69a045a899958fb7773116754b0536f4539f7c615dc72470ee179a3b,qft_indep_tket_12,qft,tket,12,25,96,o3_sabre_lookahead,3,sabre,lookahead,2,timeout,transpilation,timeout,AttemptTimeoutError,100.0,100.00363199999993,Tentativo interrotto dopo 100.0 secondi.,qiskit_post_pass_callback_and_sigalrm_traceback,transpilation,21,LookaheadSwap,qiskit.transpiler.passes.routing.lookahead_swap.LookaheadSwap,20,99.91053915023804,99.99797632700029,qiskit/transpiler/passes/routing/lookahead_swap.py,_score_state_with_swap,355,routing,routing_method,lookahead,medium,False,"Il callback pubblico di Qiskit viene eseguito dopo ogni pass: last_completed_pass non identifica necessariamente il pass interrotto. | Lo stack indica dove SIGALRM è stato osservato, non dimostra quale pass, configurazione, circuito o hardware abbia causato il timeout. | Un'attribuzione causale richiede confronti controllati tra circuiti, configurazioni e device.",qiskit/transpiler/passes/routing/lookahead_swap.py:355:_score_state_with_swap
ibm_falcon_27,27,f30536987677ef5017fe3a89b8b4ee0a3e7252a1a226cc3db95fd9b2e822d991,run_b34c336c51f80427d7d739c4c9d13d5cd09dbda4f7fd2a375f2a195361e78325,qft_indep_tket_13,qft,tket,13,27,110,o3_sabre_lookahead,3,sabre,lookahead,0,timeout,transpilation,timeout,AttemptTimeoutError,100.0,100.00315560200033,Tentativo interrotto dopo 100.0 secondi.,qiskit_post_pass_callback_and_sigalrm_traceback,transpilation,21,LookaheadSwap,qiskit.transpiler.passes.routing.lookahead_swap.LookaheadSwap,20,99.92948031425476,99.99813132999952,qiskit/transpiler/passes/routing/lookahead_swap.py,_calc_layout_distance,342,routing,routing_method,lookahead,medium,False,"Il callback pubblico di Qiskit viene eseguito dopo ogni pass: last_completed_pass non identifica necessariamente il pass interrotto. | Lo stack indica dove SIGALRM è stato osservato, non dimostra quale pass, configurazione, circuito o hardware abbia causato il timeout. | Un'attribuzione causale richiede confronti controllati tra circuiti, configurazioni e device.",qiskit/transpiler/passes/routing/lookahead_swap.py:342:_calc_layout_distance
ibm_falcon_27,27,f30536987677ef5017fe3a89b8b4ee0a3e7252a1a226cc3db95fd9b2e822d991,run_c412eb089a8c68af6b43e59144f5cc48e74d32a7f01d37484251722c4604efb9,qft_indep_tket_13,qft,tket,13,27,110,o3_sabre_lookahead,3,sabre,lookahead,1,timeout,transpilation,timeout,AttemptTimeoutError,100.0,100.00337596499958,Tentativo interrotto dopo 100.0 secondi.,qiskit_post_pass_callback_and_sigalrm_traceback,transpilation,21,LookaheadSwap,qiskit.transpiler.passes.routing.lookahead_swap.LookaheadSwap,20,99.91935920715332,99.99820619800084,qiskit/transpiler/passes/routing/lookahead_swap.py,_score_state_with_swap,356,routing,routing_method,lookahead,medium,False,"Il callback pubblico di Qiskit viene eseguito dopo ogni pass: last_completed_pass non identifica necessariamente il pass interrotto. | Lo stack indica dove SIGALRM è stato osservato, non dimostra quale pass, configurazione, circuito o hardware abbia causato il timeout. | Un'attribuzione causale richiede confronti controllati tra circuiti, configurazioni e device.",qiskit/transpiler/passes/routing/lookahead_swap.py:356:_score_state_with_swap
ibm_falcon_27,27,f30536987677ef5017fe3a89b8b4ee0a3e7252a1a226cc3db95fd9b2e822d991,run_0a546c1aa4f0f93daa8e3e82b66f1eec4246188a8d6ab63de832db999b1dc889,qft_indep_tket_13,qft,tket,13,27,110,o3_sabre_lookahead,3,sabre,lookahead,2,timeout,transpilation,timeout,AttemptTimeoutError,100.0,100.00294216399925,Tentativo interrotto dopo 100.0 secondi.,qiskit_post_pass_callback_and_sigalrm_traceback,transpilation,21,LookaheadSwap,qiskit.transpiler.passes.routing.lookahead_swap.LookaheadSwap,20,99.91357183456421,99.99821606899968,qiskit/transpiler/passes/routing/lookahead_swap.py,_calc_layout_distance,342,routing,routing_method,lookahead,medium,False,"Il callback pubblico di Qiskit viene eseguito dopo ogni pass: last_completed_pass non identifica necessariamente il pass interrotto. | Lo stack indica dove SIGALRM è stato osservato, non dimostra quale pass, configurazione, circuito o hardware abbia causato il timeout. | Un'attribuzione causale richiede confronti controllati tra circuiti, configurazioni e device.",qiskit/transpiler/passes/routing/lookahead_swap.py:342:_calc_layout_distance
ibm_falcon_27,27,f30536987677ef5017fe3a89b8b4ee0a3e7252a1a226cc3db95fd9b2e822d991,run_eb3d8a6b67b8bcb2ca8e9a9ad761f0031b011c4c227147106300aaf02e9111e0,qft_indep_tket_14,qft,tket,14,29,126,o3_sabre_lookahead,3,sabre,lookahead,0,timeout,transpilation,timeout,AttemptTimeoutError,100.0,100.00340530200083,Tentativo interrotto dopo 100.0 secondi.,qiskit_post_pass_callback_and_sigalrm_traceback,transpilation,21,LookaheadSwap,qiskit.transpiler.passes.routing.lookahead_swap.LookaheadSwap,20,99.92826104164124,99.99797533999845,qiskit/transpiler/passes/routing/lookahead_swap.py,_calc_layout_distance,342,routing,routing_method,lookahead,medium,False,"Il callback pubblico di Qiskit viene eseguito dopo ogni pass: last_completed_pass non identifica necessariamente il pass interrotto. | Lo stack indica dove SIGALRM è stato osservato, non dimostra quale pass, configurazione, circuito o hardware abbia causato il timeout. | Un'attribuzione causale richiede confronti controllati tra circuiti, configurazioni e device.",qiskit/transpiler/passes/routing/lookahead_swap.py:342:_calc_layout_distance
ibm_falcon_27,27,f30536987677ef5017fe3a89b8b4ee0a3e7252a1a226cc3db95fd9b2e822d991,run_decc8436ba3d2c611e06c74f2cfb09e5260058f7a3741e1280c5929ab139bf7e,qft_indep_tket_14,qft,tket,14,29,126,o3_sabre_lookahead,3,sabre,lookahead,1,timeout,transpilation,timeout,AttemptTimeoutError,100.0,100.00335949299915,Tentativo interrotto dopo 100.0 secondi.,qiskit_post_pass_callback_and_sigalrm_traceback,transpilation,21,LookaheadSwap,qiskit.transpiler.passes.routing.lookahead_swap.LookaheadSwap,20,99.90710830688477,99.99786559799941,qiskit/transpiler/passes/routing/lookahead_swap.py,_calc_layout_distance,342,routing,routing_method,lookahead,medium,False,"Il callback pubblico di Qiskit viene eseguito dopo ogni pass: last_completed_pass non identifica necessariamente il pass interrotto. | Lo stack indica dove SIGALRM è stato osservato, non dimostra quale pass, configurazione, circuito o hardware abbia causato il timeout. | Un'attribuzione causale richiede confronti controllati tra circuiti, configurazioni e device.",qiskit/transpiler/passes/routing/lookahead_swap.py:342:_calc_layout_distance
ibm_falcon_27,27,f30536987677ef5017fe3a89b8b4ee0a3e7252a1a226cc3db95fd9b2e822d991,run_43b349bc5a4952083cd4633a7fff5896aab34e61973d96e0b603d52c406ed4dd,qft_indep_tket_14,qft,tket,14,29,126,o3_sabre_lookahead,3,sabre,lookahead,2,timeout,transpilation,timeout,AttemptTimeoutError,100.0,100.00318413199966,Tentativo interrotto dopo 100.0 secondi.,qiskit_post_pass_callback_and_sigalrm_traceback,transpilation,21,LookaheadSwap,qiskit.transpiler.passes.routing.lookahead_swap.LookaheadSwap,20,99.893479347229,99.99796183400031,qiskit/transpiler/passes/routing/lookahead_swap.py,_first_op_node,390,routing,routing_method,lookahead,medium,False,"Il callback pubblico di Qiskit viene eseguito dopo ogni pass: last_completed_pass non identifica necessariamente il pass interrotto. | Lo stack indica dove SIGALRM è stato osservato, non dimostra quale pass, configurazione, circuito o hardware abbia causato il timeout. | Un'attribuzione causale richiede confronti controllati tra circuiti, configurazioni e device.",qiskit/transpiler/passes/routing/lookahead_swap.py:390:_first_op_node
ibm_falcon_27,27,f30536987677ef5017fe3a89b8b4ee0a3e7252a1a226cc3db95fd9b2e822d991,run_07e3bc39626080f6029247c1f688def146e988e488491f566365a67636b5c8bb,qft_indep_tket_9,qft,tket,9,19,58,o3_sabre_lookahead,3,sabre,lookahead,1,timeout,transpilation,timeout,AttemptTimeoutError,100.0,100.00252942099905,Tentativo interrotto dopo 100.0 secondi.,qiskit_post_pass_callback_and_sigalrm_traceback,transpilation,21,LookaheadSwap,qiskit.transpiler.passes.routing.lookahead_swap.LookaheadSwap,20,99.94406843185425,99.99897926999984,qiskit/transpiler/passes/routing/lookahead_swap.py,_calc_layout_distance,342,routing,routing_method,lookahead,medium,False,"Il callback pubblico di Qiskit viene eseguito dopo ogni pass: last_completed_pass non identifica necessariamente il pass interrotto. | Lo stack indica dove SIGALRM è stato osservato, non dimostra quale pass, configurazione, circuito o hardware abbia causato il timeout. | Un'attribuzione causale richiede confronti controllati tra circuiti, configurazioni e device.",qiskit/transpiler/passes/routing/lookahead_swap.py:342:_calc_layout_distance
ibm_falcon_27,27,f30536987677ef5017fe3a89b8b4ee0a3e7252a1a226cc3db95fd9b2e822d991,run_4aeb9514adf4401f5f91a931cf7fd72fe57947c58212b2732e8668a98e4df6cc,qftentangled_indep_qiskit_10,qftentangled,qiskit,10,23,80,o3_sabre_lookahead,3,sabre,lookahead,0,timeout,transpilation,timeout,AttemptTimeoutError,100.0,100.00259429300058,Tentativo interrotto dopo 100.0 secondi.,qiskit_post_pass_callback_and_sigalrm_traceback,transpilation,21,LookaheadSwap,qiskit.transpiler.passes.routing.lookahead_swap.LookaheadSwap,20,99.93934464454651,99.99868713400065,qiskit/transpiler/passes/routing/lookahead_swap.py,_calc_layout_distance,342,routing,routing_method,lookahead,medium,False,"Il callback pubblico di Qiskit viene eseguito dopo ogni pass: last_completed_pass non identifica necessariamente il pass interrotto. | Lo stack indica dove SIGALRM è stato osservato, non dimostra quale pass, configurazione, circuito o hardware abbia causato il timeout. | Un'attribuzione causale richiede confronti controllati tra circuiti, configurazioni e device.",qiskit/transpiler/passes/routing/lookahead_swap.py:342:_calc_layout_distance
ibm_falcon_27,27,f30536987677ef5017fe3a89b8b4ee0a3e7252a1a226cc3db95fd9b2e822d991,run_0b2764545abcea753bd2fe7f9a856499d0797bd48109d356b4c880dc35afb0e0,qftentangled_indep_qiskit_10,qftentangled,qiskit,10,23,80,o3_sabre_lookahead,3,sabre,lookahead,2,timeout,transpilation,timeout,AttemptTimeoutError,100.0,100.00264938200053,Tentativo interrotto dopo 100.0 secondi.,qiskit_post_pass_callback_and_sigalrm_traceback,transpilation,21,LookaheadSwap,qiskit.transpiler.passes.routing.lookahead_swap.LookaheadSwap,20,99.94027137756348,99.99759947799976,qiskit/transpiler/passes/routing/lookahead_swap.py,_first_op_node,390,routing,routing_method,lookahead,medium,False,"Il callback pubblico di Qiskit viene eseguito dopo ogni pass: last_completed_pass non identifica necessariamente il pass interrotto. | Lo stack indica dove SIGALRM è stato osservato, non dimostra quale pass, configurazione, circuito o hardware abbia causato il timeout. | Un'attribuzione causale richiede confronti controllati tra circuiti, configurazioni e device.",qiskit/transpiler/passes/routing/lookahead_swap.py:390:_first_op_node
ibm_falcon_27,27,f30536987677ef5017fe3a89b8b4ee0a3e7252a1a226cc3db95fd9b2e822d991,run_103e7edba15b2d88cc1e4fb186fe14e1240bac14dd7a56263d14c95f014136fc,qftentangled_indep_qiskit_11,qftentangled,qiskit,11,25,93,o3_sabre_lookahead,3,sabre,lookahead,0,timeout,transpilation,timeout,AttemptTimeoutError,100.0,100.00276555799792,Tentativo interrotto dopo 100.0 secondi.,qiskit_post_pass_callback_and_sigalrm_traceback,transpilation,21,LookaheadSwap,qiskit.transpiler.passes.routing.lookahead_swap.LookaheadSwap,20,99.94793677330017,99.99846686000092,qiskit/transpiler/passes/routing/lookahead_swap.py,_map_free_gates,312,routing,routing_method,lookahead,medium,False,"Il callback pubblico di Qiskit viene eseguito dopo ogni pass: last_completed_pass non identifica necessariamente il pass interrotto. | Lo stack indica dove SIGALRM è stato osservato, non dimostra quale pass, configurazione, circuito o hardware abbia causato il timeout. | Un'attribuzione causale richiede confronti controllati tra circuiti, configurazioni e device.",qiskit/transpiler/passes/routing/lookahead_swap.py:312:_map_free_gates
ibm_falcon_27,27,f30536987677ef5017fe3a89b8b4ee0a3e7252a1a226cc3db95fd9b2e822d991,run_0aced3f9670162275a5643dfd4aecc1f3244a7eb242d4042982d13e2a5fffc28,qftentangled_indep_qiskit_11,qftentangled,qiskit,11,25,93,o3_sabre_lookahead,3,sabre,lookahead,1,timeout,transpilation,timeout,AttemptTimeoutError,100.0,100.00268188100017,Tentativo interrotto dopo 100.0 secondi.,qiskit_post_pass_callback_and_sigalrm_traceback,transpilation,21,LookaheadSwap,qiskit.transpiler.passes.routing.lookahead_swap.LookaheadSwap,20,99.91078662872314,99.99840395399951,qiskit/transpiler/passes/routing/lookahead_swap.py,_calc_layout_distance,342,routing,routing_method,lookahead,medium,False,"Il callback pubblico di Qiskit viene eseguito dopo ogni pass: last_completed_pass non identifica necessariamente il pass interrotto. | Lo stack indica dove SIGALRM è stato osservato, non dimostra quale pass, configurazione, circuito o hardware abbia causato il timeout. | Un'attribuzione causale richiede confronti controllati tra circuiti, configurazioni e device.",qiskit/transpiler/passes/routing/lookahead_swap.py:342:_calc_layout_distance
ibm_falcon_27,27,f30536987677ef5017fe3a89b8b4ee0a3e7252a1a226cc3db95fd9b2e822d991,run_917636e2b1ba0d9946e6f19aba28d2492e6c03b182881143688ee2da1a040c97,qftentangled_indep_qiskit_11,qftentangled,qiskit,11,25,93,o3_sabre_lookahead,3,sabre,lookahead,2,timeout,transpilation,timeout,AttemptTimeoutError,100.0,100.00247586399928,Tentativo interrotto dopo 100.0 secondi.,qiskit_post_pass_callback_and_sigalrm_traceback,transpilation,21,LookaheadSwap,qiskit.transpiler.passes.routing.lookahead_swap.LookaheadSwap,20,99.93470597267151,99.99783288099934,qiskit/transpiler/passes/routing/lookahead_swap.py,_calc_layout_distance,342,routing,routing_method,lookahead,medium,False,"Il callback pubblico di Qiskit viene eseguito dopo ogni pass: last_completed_pass non identifica necessariamente il pass interrotto. | Lo stack indica dove SIGALRM è stato osservato, non dimostra quale pass, configurazione, circuito o hardware abbia causato il timeout. | Un'attribuzione causale richiede confronti controllati tra circuiti, configurazioni e device.",qiskit/transpiler/passes/routing/lookahead_swap.py:342:_calc_layout_distance
ibm_falcon_27,27,f30536987677ef5017fe3a89b8b4ee0a3e7252a1a226cc3db95fd9b2e822d991,run_e7836404d23f9aac16d08007164c3157bcbd433bb210933670b56712d79b9230,qftentangled_indep_qiskit_12,qftentangled,qiskit,12,27,108,o3_sabre_lookahead,3,sabre,lookahead,0,timeout,transpilation,timeout,AttemptTimeoutError,100.0,100.00272842800041,Tentativo interrotto dopo 100.0 secondi.,qiskit_post_pass_callback_and_sigalrm_traceback,transpilation,21,LookaheadSwap,qiskit.transpiler.passes.routing.lookahead_swap.LookaheadSwap,20,99.93132829666138,99.99843074100136,qiskit/transpiler/passes/routing/lookahead_swap.py,_calc_layout_distance,342,routing,routing_method,lookahead,medium,False,"Il callback pubblico di Qiskit viene eseguito dopo ogni pass: last_completed_pass non identifica necessariamente il pass interrotto. | Lo stack indica dove SIGALRM è stato osservato, non dimostra quale pass, configurazione, circuito o hardware abbia causato il timeout. | Un'attribuzione causale richiede confronti controllati tra circuiti, configurazioni e device.",qiskit/transpiler/passes/routing/lookahead_swap.py:342:_calc_layout_distance
ibm_falcon_27,27,f30536987677ef5017fe3a89b8b4ee0a3e7252a1a226cc3db95fd9b2e822d991,run_7d8662697f6fb882c58d3a01ea483adbd78e8af0b1b26d3bdd46ccab741f7987,qftentangled_indep_qiskit_12,qftentangled,qiskit,12,27,108,o3_sabre_lookahead,3,sabre,lookahead,1,timeout,transpilation,timeout,AttemptTimeoutError,100.0,100.00306104400079,Tentativo interrotto dopo 100.0 secondi.,qiskit_post_pass_callback_and_sigalrm_traceback,transpilation,21,LookaheadSwap,qiskit.transpiler.passes.routing.lookahead_swap.LookaheadSwap,20,99.92250752449036,99.99842073900072,qiskit/transpiler/passes/routing/lookahead_swap.py,_map_free_gates,312,routing,routing_method,lookahead,medium,False,"Il callback pubblico di Qiskit viene eseguito dopo ogni pass: last_completed_pass non identifica necessariamente il pass interrotto. | Lo stack indica dove SIGALRM è stato osservato, non dimostra quale pass, configurazione, circuito o hardware abbia causato il timeout. | Un'attribuzione causale richiede confronti controllati tra circuiti, configurazioni e device.",qiskit/transpiler/passes/routing/lookahead_swap.py:312:_map_free_gates
ibm_falcon_27,27,f30536987677ef5017fe3a89b8b4ee0a3e7252a1a226cc3db95fd9b2e822d991,run_3478c4d065e4088cea44e871b78f1325e2eaee7a519abb79eded59d8672b59b4,qftentangled_indep_qiskit_12,qftentangled,qiskit,12,27,108,o3_sabre_lookahead,3,sabre,lookahead,2,timeout,transpilation,timeout,AttemptTimeoutError,100.0,100.00287531899812,Tentativo interrotto dopo 100.0 secondi.,qiskit_post_pass_callback_and_sigalrm_traceback,transpilation,21,LookaheadSwap,qiskit.transpiler.passes.routing.lookahead_swap.LookaheadSwap,20,99.9269483089447,99.99818183200114,qiskit/transpiler/passes/routing/lookahead_swap.py,<genexpr>,390,routing,routing_method,lookahead,medium,False,"Il callback pubblico di Qiskit viene eseguito dopo ogni pass: last_completed_pass non identifica necessariamente il pass interrotto. | Lo stack indica dove SIGALRM è stato osservato, non dimostra quale pass, configurazione, circuito o hardware abbia causato il timeout. | Un'attribuzione causale richiede confronti controllati tra circuiti, configurazioni e device.",qiskit/transpiler/passes/routing/lookahead_swap.py:390:<genexpr>
ibm_falcon_27,27,f30536987677ef5017fe3a89b8b4ee0a3e7252a1a226cc3db95fd9b2e822d991,run_bb22b8404708fa2116a767c0949ec1c31e5aa8680a7d9ca619d5419574e36a16,qftentangled_indep_qiskit_13,qftentangled,qiskit,13,29,123,o3_sabre_lookahead,3,sabre,lookahead,0,timeout,transpilation,timeout,AttemptTimeoutError,100.0,100.00333728199985,Tentativo interrotto dopo 100.0 secondi.,qiskit_post_pass_callback_and_sigalrm_traceback,transpilation,21,LookaheadSwap,qiskit.transpiler.passes.routing.lookahead_swap.LookaheadSwap,20,99.91146111488342,99.99833671899978,qiskit/transpiler/passes/routing/lookahead_swap.py,_first_op_node,390,routing,routing_method,lookahead,medium,False,"Il callback pubblico di Qiskit viene eseguito dopo ogni pass: last_completed_pass non identifica necessariamente il pass interrotto. | Lo stack indica dove SIGALRM è stato osservato, non dimostra quale pass, configurazione, circuito o hardware abbia causato il timeout. | Un'attribuzione causale richiede confronti controllati tra circuiti, configurazioni e device.",qiskit/transpiler/passes/routing/lookahead_swap.py:390:_first_op_node
ibm_falcon_27,27,f30536987677ef5017fe3a89b8b4ee0a3e7252a1a226cc3db95fd9b2e822d991,run_c9c2d342474eef501e06d40885397ab8deded591c02d8c771e64f5102a737f61,qftentangled_indep_qiskit_13,qftentangled,qiskit,13,29,123,o3_sabre_lookahead,3,sabre,lookahead,1,timeout,transpilation,timeout,AttemptTimeoutError,100.0,100.00346591400012,Tentativo interrotto dopo 100.0 secondi.,qiskit_post_pass_callback_and_sigalrm_traceback,transpilation,21,LookaheadSwap,qiskit.transpiler.passes.routing.lookahead_swap.LookaheadSwap,20,99.9074559211731,99.99789690699981,qiskit/transpiler/passes/routing/lookahead_swap.py,_calc_layout_distance,342,routing,routing_method,lookahead,medium,False,"Il callback pubblico di Qiskit viene eseguito dopo ogni pass: last_completed_pass non identifica necessariamente il pass interrotto. | Lo stack indica dove SIGALRM è stato osservato, non dimostra quale pass, configurazione, circuito o hardware abbia causato il timeout. | Un'attribuzione causale richiede confronti controllati tra circuiti, configurazioni e device.",qiskit/transpiler/passes/routing/lookahead_swap.py:342:_calc_layout_distance
ibm_falcon_27,27,f30536987677ef5017fe3a89b8b4ee0a3e7252a1a226cc3db95fd9b2e822d991,run_22ea94dea13a43143f7f653704a0e67e4e7339a2b30405abe8530f9894441b06,qftentangled_indep_qiskit_13,qftentangled,qiskit,13,29,123,o3_sabre_lookahead,3,sabre,lookahead,2,timeout,transpilation,timeout,AttemptTimeoutError,100.0,100.00312784599737,Tentativo interrotto dopo 100.0 secondi.,qiskit_post_pass_callback_and_sigalrm_traceback,transpilation,21,LookaheadSwap,qiskit.transpiler.passes.routing.lookahead_swap.LookaheadSwap,20,99.9108030796051,99.9982045550023,qiskit/transpiler/passes/routing/lookahead_swap.py,_calc_layout_distance,342,routing,routing_method,lookahead,medium,False,"Il callback pubblico di Qiskit viene eseguito dopo ogni pass: last_completed_pass non identifica necessariamente il pass interrotto. | Lo stack indica dove SIGALRM è stato osservato, non dimostra quale pass, configurazione, circuito o hardware abbia causato il timeout. | Un'attribuzione causale richiede confronti controllati tra circuiti, configurazioni e device.",qiskit/transpiler/passes/routing/lookahead_swap.py:342:_calc_layout_distance
ibm_falcon_27,27,f30536987677ef5017fe3a89b8b4ee0a3e7252a1a226cc3db95fd9b2e822d991,run_bd76aea78fb155decc0b99ae59b35c71ff349a2d40efe06dd5a79ea0e743e8cd,qftentangled_indep_qiskit_14,qftentangled,qiskit,14,31,140,o3_sabre_lookahead,3,sabre,lookahead,0,timeout,transpilation,timeout,AttemptTimeoutError,100.0,100.00336292500288,Tentativo interrotto dopo 100.0 secondi.,qiskit_post_pass_callback_and_sigalrm_traceback,transpilation,21,LookaheadSwap,qiskit.transpiler.passes.routing.lookahead_swap.LookaheadSwap,20,99.91036462783813,99.99797372299872,qiskit/transpiler/passes/routing/lookahead_swap.py,_map_free_gates,313,routing,routing_method,lookahead,medium,False,"Il callback pubblico di Qiskit viene eseguito dopo ogni pass: last_completed_pass non identifica necessariamente il pass interrotto. | Lo stack indica dove SIGALRM è stato osservato, non dimostra quale pass, configurazione, circuito o hardware abbia causato il timeout. | Un'attribuzione causale richiede confronti controllati tra circuiti, configurazioni e device.",qiskit/transpiler/passes/routing/lookahead_swap.py:313:_map_free_gates
ibm_falcon_27,27,f30536987677ef5017fe3a89b8b4ee0a3e7252a1a226cc3db95fd9b2e822d991,run_deccf84a7a762365bd7ff8df1077356acd8016df88bc993a7ea14011d5a69b8b,qftentangled_indep_qiskit_14,qftentangled,qiskit,14,31,140,o3_sabre_lookahead,3,sabre,lookahead,1,timeout,transpilation,timeout,AttemptTimeoutError,100.0,100.00321578199873,Tentativo interrotto dopo 100.0 secondi.,qiskit_post_pass_callback_and_sigalrm_traceback,transpilation,21,LookaheadSwap,qiskit.transpiler.passes.routing.lookahead_swap.LookaheadSwap,20,99.90801215171814,99.99731815799896,qiskit/transpiler/passes/routing/lookahead_swap.py,_map_free_gates,313,routing,routing_method,lookahead,medium,False,"Il callback pubblico di Qiskit viene eseguito dopo ogni pass: last_completed_pass non identifica necessariamente il pass interrotto. | Lo stack indica dove SIGALRM è stato osservato, non dimostra quale pass, configurazione, circuito o hardware abbia causato il timeout. | Un'attribuzione causale richiede confronti controllati tra circuiti, configurazioni e device.",qiskit/transpiler/passes/routing/lookahead_swap.py:313:_map_free_gates
ibm_falcon_27,27,f30536987677ef5017fe3a89b8b4ee0a3e7252a1a226cc3db95fd9b2e822d991,run_13128ed667b268b710355acc1e9aa59a9f15d33ffa0b08946fa479fd3b77285c,qftentangled_indep_qiskit_14,qftentangled,qiskit,14,31,140,o3_sabre_lookahead,3,sabre,lookahead,2,timeout,transpilation,timeout,AttemptTimeoutError,100.0,100.00329033199887,Tentativo interrotto dopo 100.0 secondi.,qiskit_post_pass_callback_and_sigalrm_traceback,transpilation,21,LookaheadSwap,qiskit.transpiler.passes.routing.lookahead_swap.LookaheadSwap,20,99.9032301902771,99.99689445600234,qiskit/transpiler/passes/routing/lookahead_swap.py,_calc_layout_distance,342,routing,routing_method,lookahead,medium,False,"Il callback pubblico di Qiskit viene eseguito dopo ogni pass: last_completed_pass non identifica necessariamente il pass interrotto. | Lo stack indica dove SIGALRM è stato osservato, non dimostra quale pass, configurazione, circuito o hardware abbia causato il timeout. | Un'attribuzione causale richiede confronti controllati tra circuiti, configurazioni e device.",qiskit/transpiler/passes/routing/lookahead_swap.py:342:_calc_layout_distance
ibm_falcon_27,27,f30536987677ef5017fe3a89b8b4ee0a3e7252a1a226cc3db95fd9b2e822d991,run_03d313dd456893ebe3de9b6744df2229cc2cf951723e2406edab25316029a78f,qftentangled_indep_qiskit_15,qftentangled,qiskit,15,33,157,o3_sabre_lookahead,3,sabre,lookahead,0,timeout,transpilation,timeout,AttemptTimeoutError,100.0,100.00347897499887,Tentativo interrotto dopo 100.0 secondi.,qiskit_post_pass_callback_and_sigalrm_traceback,transpilation,21,LookaheadSwap,qiskit.transpiler.passes.routing.lookahead_swap.LookaheadSwap,20,99.92154574394226,99.99728112500088,qiskit/transpiler/passes/routing/lookahead_swap.py,_calc_layout_distance,342,routing,routing_method,lookahead,medium,False,"Il callback pubblico di Qiskit viene eseguito dopo ogni pass: last_completed_pass non identifica necessariamente il pass interrotto. | Lo stack indica dove SIGALRM è stato osservato, non dimostra quale pass, configurazione, circuito o hardware abbia causato il timeout. | Un'attribuzione causale richiede confronti controllati tra circuiti, configurazioni e device.",qiskit/transpiler/passes/routing/lookahead_swap.py:342:_calc_layout_distance
ibm_falcon_27,27,f30536987677ef5017fe3a89b8b4ee0a3e7252a1a226cc3db95fd9b2e822d991,run_fb5eca93104e3961c9581b2832f34fa9d3d2f5458d7d7093ec769e6d2b589663,qftentangled_indep_qiskit_15,qftentangled,qiskit,15,33,157,o3_sabre_lookahead,3,sabre,lookahead,1,timeout,transpilation,timeout,AttemptTimeoutError,100.0,100.00333059399782,Tentativo interrotto dopo 100.0 secondi.,qiskit_post_pass_callback_and_sigalrm_traceback,transpilation,21,LookaheadSwap,qiskit.transpiler.passes.routing.lookahead_swap.LookaheadSwap,20,99.87629771232605,99.99766835599803,qiskit/transpiler/passes/routing/lookahead_swap.py,_calc_layout_distance,342,routing,routing_method,lookahead,medium,False,"Il callback pubblico di Qiskit viene eseguito dopo ogni pass: last_completed_pass non identifica necessariamente il pass interrotto. | Lo stack indica dove SIGALRM è stato osservato, non dimostra quale pass, configurazione, circuito o hardware abbia causato il timeout. | Un'attribuzione causale richiede confronti controllati tra circuiti, configurazioni e device.",qiskit/transpiler/passes/routing/lookahead_swap.py:342:_calc_layout_distance
ibm_falcon_27,27,f30536987677ef5017fe3a89b8b4ee0a3e7252a1a226cc3db95fd9b2e822d991,run_783123a4bcc739c9b0f96ec611266df3e7ead3166d212d052e30784c5788303f,qftentangled_indep_qiskit_15,qftentangled,qiskit,15,33,157,o3_sabre_lookahead,3,sabre,lookahead,2,timeout,transpilation,timeout,AttemptTimeoutError,100.0,100.01940508199914,Tentativo interrotto dopo 100.0 secondi.,qiskit_post_pass_callback_and_sigalrm_traceback,transpilation,21,LookaheadSwap,qiskit.transpiler.passes.routing.lookahead_swap.LookaheadSwap,20,99.84164094924927,99.9852973340021,qiskit/transpiler/passes/routing/lookahead_swap.py,_calc_layout_distance,342,routing,routing_method,lookahead,medium,False,"Il callback pubblico di Qiskit viene eseguito dopo ogni pass: last_completed_pass non identifica necessariamente il pass interrotto. | Lo stack indica dove SIGALRM è stato osservato, non dimostra quale pass, configurazione, circuito o hardware abbia causato il timeout. | Un'attribuzione causale richiede confronti controllati tra circuiti, configurazioni e device.",qiskit/transpiler/passes/routing/lookahead_swap.py:342:_calc_layout_distance
ibm_falcon_27,27,f30536987677ef5017fe3a89b8b4ee0a3e7252a1a226cc3db95fd9b2e822d991,run_7e2ce99193dc8df243d13dcc673a3bb9da0b490b300e5616a15a3e9b33abf2ec,qftentangled_indep_qiskit_16,qftentangled,qiskit,16,35,176,o3_sabre_lookahead,3,sabre,lookahead,0,timeout,transpilation,timeout,AttemptTimeoutError,100.0,100.00377507799931,Tentativo interrotto dopo 100.0 secondi.,qiskit_post_pass_callback_and_sigalrm_traceback,transpilation,21,LookaheadSwap,qiskit.transpiler.passes.routing.lookahead_swap.LookaheadSwap,20,99.89892578125,99.99745556600101,qiskit/transpiler/passes/routing/lookahead_swap.py,_calc_layout_distance,342,routing,routing_method,lookahead,medium,False,"Il callback pubblico di Qiskit viene eseguito dopo ogni pass: last_completed_pass non identifica necessariamente il pass interrotto. | Lo stack indica dove SIGALRM è stato osservato, non dimostra quale pass, configurazione, circuito o hardware abbia causato il timeout. | Un'attribuzione causale richiede confronti controllati tra circuiti, configurazioni e device.",qiskit/transpiler/passes/routing/lookahead_swap.py:342:_calc_layout_distance
ibm_falcon_27,27,f30536987677ef5017fe3a89b8b4ee0a3e7252a1a226cc3db95fd9b2e822d991,run_1bb43d592df88d2f40e9dd7df0629ea58aec2f10eff3c25eca553bc27c8898c3,qftentangled_indep_qiskit_16,qftentangled,qiskit,16,35,176,o3_sabre_lookahead,3,sabre,lookahead,1,timeout,transpilation,timeout,AttemptTimeoutError,100.0,100.00378220700077,Tentativo interrotto dopo 100.0 secondi.,qiskit_post_pass_callback_and_sigalrm_traceback,transpilation,21,LookaheadSwap,qiskit.transpiler.passes.routing.lookahead_swap.LookaheadSwap,20,99.91867113113403,99.99748515900137,qiskit/transpiler/passes/routing/lookahead_swap.py,_calc_layout_distance,342,routing,routing_method,lookahead,medium,False,"Il callback pubblico di Qiskit viene eseguito dopo ogni pass: last_completed_pass non identifica necessariamente il pass interrotto. | Lo stack indica dove SIGALRM è stato osservato, non dimostra quale pass, configurazione, circuito o hardware abbia causato il timeout. | Un'attribuzione causale richiede confronti controllati tra circuiti, configurazioni e device.",qiskit/transpiler/passes/routing/lookahead_swap.py:342:_calc_layout_distance
ibm_falcon_27,27,f30536987677ef5017fe3a89b8b4ee0a3e7252a1a226cc3db95fd9b2e822d991,run_8d88f2f9745b00ea64b74dc4fe49fdf663c9b805c027286173ac33010dce77b9,qftentangled_indep_qiskit_16,qftentangled,qiskit,16,35,176,o3_sabre_lookahead,3,sabre,lookahead,2,timeout,transpilation,timeout,AttemptTimeoutError,100.0,100.00397507399975,Tentativo interrotto dopo 100.0 secondi.,qiskit_post_pass_callback_and_sigalrm_traceback,transpilation,21,LookaheadSwap,qiskit.transpiler.passes.routing.lookahead_swap.LookaheadSwap,20,99.89846968650818,99.99736553700131,qiskit/transpiler/passes/routing/lookahead_swap.py,_calc_layout_distance,342,routing,routing_method,lookahead,medium,False,"Il callback pubblico di Qiskit viene eseguito dopo ogni pass: last_completed_pass non identifica necessariamente il pass interrotto. | Lo stack indica dove SIGALRM è stato osservato, non dimostra quale pass, configurazione, circuito o hardware abbia causato il timeout. | Un'attribuzione causale richiede confronti controllati tra circuiti, configurazioni e device.",qiskit/transpiler/passes/routing/lookahead_swap.py:342:_calc_layout_distance
ibm_falcon_27,27,f30536987677ef5017fe3a89b8b4ee0a3e7252a1a226cc3db95fd9b2e822d991,run_f5cc666f00758440cf9a3e76c619bf07106da7136279280d6b2839e08ece4bb0,qftentangled_indep_qiskit_9,qftentangled,qiskit,9,21,67,o3_sabre_lookahead,3,sabre,lookahead,1,timeout,transpilation,timeout,AttemptTimeoutError,100.0,100.00271916199927,Tentativo interrotto dopo 100.0 secondi.,qiskit_post_pass_callback_and_sigalrm_traceback,transpilation,21,LookaheadSwap,qiskit.transpiler.passes.routing.lookahead_swap.LookaheadSwap,20,99.92522358894348,99.99899550700138,qiskit/transpiler/passes/routing/lookahead_swap.py,_first_op_node,390,routing,routing_method,lookahead,medium,False,"Il callback pubblico di Qiskit viene eseguito dopo ogni pass: last_completed_pass non identifica necessariamente il pass interrotto. | Lo stack indica dove SIGALRM è stato osservato, non dimostra quale pass, configurazione, circuito o hardware abbia causato il timeout. | Un'attribuzione causale richiede confronti controllati tra circuiti, configurazioni e device.",qiskit/transpiler/passes/routing/lookahead_swap.py:390:_first_op_node
ibm_falcon_27,27,f30536987677ef5017fe3a89b8b4ee0a3e7252a1a226cc3db95fd9b2e822d991,run_abb6b18916260f0cb712c61463bb577ced30cc11c7e7904fc3b2cf3eb3068fd9,qftentangled_indep_tket_10,qftentangled,tket,10,23,80,o3_sabre_lookahead,3,sabre,lookahead,0,timeout,transpilation,timeout,AttemptTimeoutError,100.0,100.00274525900022,Tentativo interrotto dopo 100.0 secondi.,qiskit_post_pass_callback_and_sigalrm_traceback,transpilation,21,LookaheadSwap,qiskit.transpiler.passes.routing.lookahead_swap.LookaheadSwap,20,99.93970441818237,99.99867515699952,qiskit/transpiler/passes/routing/lookahead_swap.py,<genexpr>,390,routing,routing_method,lookahead,medium,False,"Il callback pubblico di Qiskit viene eseguito dopo ogni pass: last_completed_pass non identifica necessariamente il pass interrotto. | Lo stack indica dove SIGALRM è stato osservato, non dimostra quale pass, configurazione, circuito o hardware abbia causato il timeout. | Un'attribuzione causale richiede confronti controllati tra circuiti, configurazioni e device.",qiskit/transpiler/passes/routing/lookahead_swap.py:390:<genexpr>
ibm_falcon_27,27,f30536987677ef5017fe3a89b8b4ee0a3e7252a1a226cc3db95fd9b2e822d991,run_962eff64adc1de9b6d8e96f0c7e5932f8ea88aeb70d4315f5b0aa080c93736f4,qftentangled_indep_tket_10,qftentangled,tket,10,23,80,o3_sabre_lookahead,3,sabre,lookahead,2,timeout,transpilation,timeout,AttemptTimeoutError,100.0,100.00259948100211,Tentativo interrotto dopo 100.0 secondi.,qiskit_post_pass_callback_and_sigalrm_traceback,transpilation,21,LookaheadSwap,qiskit.transpiler.passes.routing.lookahead_swap.LookaheadSwap,20,99.88305497169495,99.99876173400116,qiskit/transpiler/passes/routing/lookahead_swap.py,_first_op_node,390,routing,routing_method,lookahead,medium,False,"Il callback pubblico di Qiskit viene eseguito dopo ogni pass: last_completed_pass non identifica necessariamente il pass interrotto. | Lo stack indica dove SIGALRM è stato osservato, non dimostra quale pass, configurazione, circuito o hardware abbia causato il timeout. | Un'attribuzione causale richiede confronti controllati tra circuiti, configurazioni e device.",qiskit/transpiler/passes/routing/lookahead_swap.py:390:_first_op_node
ibm_falcon_27,27,f30536987677ef5017fe3a89b8b4ee0a3e7252a1a226cc3db95fd9b2e822d991,run_b63ab035e53200f4756351ee947e264b2d0bbf4c5e3d789a2c6a06c365ac9a65,qftentangled_indep_tket_11,qftentangled,tket,11,25,93,o3_sabre_lookahead,3,sabre,lookahead,0,timeout,transpilation,timeout,AttemptTimeoutError,100.0,100.00270289200125,Tentativo interrotto dopo 100.0 secondi.,qiskit_post_pass_callback_and_sigalrm_traceback,transpilation,21,LookaheadSwap,qiskit.transpiler.passes.routing.lookahead_swap.LookaheadSwap,20,99.93145895004272,99.9982182820022,qiskit/transpiler/passes/routing/lookahead_swap.py,_map_free_gates,312,routing,routing_method,lookahead,medium,False,"Il callback pubblico di Qiskit viene eseguito dopo ogni pass: last_completed_pass non identifica necessariamente il pass interrotto. | Lo stack indica dove SIGALRM è stato osservato, non dimostra quale pass, configurazione, circuito o hardware abbia causato il timeout. | Un'attribuzione causale richiede confronti controllati tra circuiti, configurazioni e device.",qiskit/transpiler/passes/routing/lookahead_swap.py:312:_map_free_gates
ibm_falcon_27,27,f30536987677ef5017fe3a89b8b4ee0a3e7252a1a226cc3db95fd9b2e822d991,run_389d053208308cf39e4dfa82074f988c1e3e7a264923412e5ff18befdf311bc1,qftentangled_indep_tket_11,qftentangled,tket,11,25,93,o3_sabre_lookahead,3,sabre,lookahead,1,timeout,transpilation,timeout,AttemptTimeoutError,100.0,100.003406232001,Tentativo interrotto dopo 100.0 secondi.,qiskit_post_pass_callback_and_sigalrm_traceback,transpilation,21,LookaheadSwap,qiskit.transpiler.passes.routing.lookahead_swap.LookaheadSwap,20,99.93773436546326,99.99849032800194,qiskit/transpiler/passes/routing/lookahead_swap.py,_search_forward_n_swaps,222,routing,routing_method,lookahead,medium,False,"Il callback pubblico di Qiskit viene eseguito dopo ogni pass: last_completed_pass non identifica necessariamente il pass interrotto. | Lo stack indica dove SIGALRM è stato osservato, non dimostra quale pass, configurazione, circuito o hardware abbia causato il timeout. | Un'attribuzione causale richiede confronti controllati tra circuiti, configurazioni e device.",qiskit/transpiler/passes/routing/lookahead_swap.py:222:_search_forward_n_swaps
ibm_falcon_27,27,f30536987677ef5017fe3a89b8b4ee0a3e7252a1a226cc3db95fd9b2e822d991,run_295ebbfef6916e0e5bdef2e2a10c89f36a2d206859c27da3a15470948d6b074f,qftentangled_indep_tket_11,qftentangled,tket,11,25,93,o3_sabre_lookahead,3,sabre,lookahead,2,timeout,transpilation,timeout,AttemptTimeoutError,100.0,100.0023871049998,Tentativo interrotto dopo 100.0 secondi.,qiskit_post_pass_callback_and_sigalrm_traceback,transpilation,21,LookaheadSwap,qiskit.transpiler.passes.routing.lookahead_swap.LookaheadSwap,20,99.92453002929688,99.99842526599969,qiskit/transpiler/passes/routing/lookahead_swap.py,_calc_layout_distance,342,routing,routing_method,lookahead,medium,False,"Il callback pubblico di Qiskit viene eseguito dopo ogni pass: last_completed_pass non identifica necessariamente il pass interrotto. | Lo stack indica dove SIGALRM è stato osservato, non dimostra quale pass, configurazione, circuito o hardware abbia causato il timeout. | Un'attribuzione causale richiede confronti controllati tra circuiti, configurazioni e device.",qiskit/transpiler/passes/routing/lookahead_swap.py:342:_calc_layout_distance
ibm_falcon_27,27,f30536987677ef5017fe3a89b8b4ee0a3e7252a1a226cc3db95fd9b2e822d991,run_5a71afc666fec7004997a45a1f07b04490216e2aa68f8d2fedccab52e5996f7c,qftentangled_indep_tket_12,qftentangled,tket,12,27,108,o3_sabre_lookahead,3,sabre,lookahead,0,timeout,transpilation,timeout,AttemptTimeoutError,100.0,100.00284539199856,Tentativo interrotto dopo 100.0 secondi.,qiskit_post_pass_callback_and_sigalrm_traceback,transpilation,21,LookaheadSwap,qiskit.transpiler.passes.routing.lookahead_swap.LookaheadSwap,20,99.92807126045227,99.99833174899686,qiskit/transpiler/passes/routing/lookahead_swap.py,_calc_layout_distance,342,routing,routing_method,lookahead,medium,False,"Il callback pubblico di Qiskit viene eseguito dopo ogni pass: last_completed_pass non identifica necessariamente il pass interrotto. | Lo stack indica dove SIGALRM è stato osservato, non dimostra quale pass, configurazione, circuito o hardware abbia causato il timeout. | Un'attribuzione causale richiede confronti controllati tra circuiti, configurazioni e device.",qiskit/transpiler/passes/routing/lookahead_swap.py:342:_calc_layout_distance
ibm_falcon_27,27,f30536987677ef5017fe3a89b8b4ee0a3e7252a1a226cc3db95fd9b2e822d991,run_90e572bb9a21a493476ee981b7de4e92037a267a6ea5c53af53e138c834876ec,qftentangled_indep_tket_12,qftentangled,tket,12,27,108,o3_sabre_lookahead,3,sabre,lookahead,1,timeout,transpilation,timeout,AttemptTimeoutError,100.0,100.00308599399796,Tentativo interrotto dopo 100.0 secondi.,qiskit_post_pass_callback_and_sigalrm_traceback,transpilation,21,LookaheadSwap,qiskit.transpiler.passes.routing.lookahead_swap.LookaheadSwap,20,99.90546607971191,99.99842046000049,qiskit/transpiler/passes/routing/lookahead_swap.py,_calc_layout_distance,342,routing,routing_method,lookahead,medium,False,"Il callback pubblico di Qiskit viene eseguito dopo ogni pass: last_completed_pass non identifica necessariamente il pass interrotto. | Lo stack indica dove SIGALRM è stato osservato, non dimostra quale pass, configurazione, circuito o hardware abbia causato il timeout. | Un'attribuzione causale richiede confronti controllati tra circuiti, configurazioni e device.",qiskit/transpiler/passes/routing/lookahead_swap.py:342:_calc_layout_distance
ibm_falcon_27,27,f30536987677ef5017fe3a89b8b4ee0a3e7252a1a226cc3db95fd9b2e822d991,run_e7b33f8c5ba4a827a9e70c3d25c493fa860c7f253eb10c8656a6977a22034d18,qftentangled_indep_tket_12,qftentangled,tket,12,27,108,o3_sabre_lookahead,3,sabre,lookahead,2,timeout,transpilation,timeout,AttemptTimeoutError,100.0,100.00696859500022,Tentativo interrotto dopo 100.0 secondi.,qiskit_post_pass_callback_and_sigalrm_traceback,transpilation,21,LookaheadSwap,qiskit.transpiler.passes.routing.lookahead_swap.LookaheadSwap,20,99.9226086139679,99.99811888399927,qiskit/transpiler/passes/routing/lookahead_swap.py,_calc_layout_distance,339,routing,routing_method,lookahead,medium,False,"Il callback pubblico di Qiskit viene eseguito dopo ogni pass: last_completed_pass non identifica necessariamente il pass interrotto. | Lo stack indica dove SIGALRM è stato osservato, non dimostra quale pass, configurazione, circuito o hardware abbia causato il timeout. | Un'attribuzione causale richiede confronti controllati tra circuiti, configurazioni e device.",qiskit/transpiler/passes/routing/lookahead_swap.py:339:_calc_layout_distance
ibm_falcon_27,27,f30536987677ef5017fe3a89b8b4ee0a3e7252a1a226cc3db95fd9b2e822d991,run_f4985abcaae5aab993ef57fe59fb47a1021431cbed0ac73edd7f235cd1e60e00,qftentangled_indep_tket_13,qftentangled,tket,13,29,123,o3_sabre_lookahead,3,sabre,lookahead,0,timeout,transpilation,timeout,AttemptTimeoutError,100.0,100.00308100499751,Tentativo interrotto dopo 100.0 secondi.,qiskit_post_pass_callback_and_sigalrm_traceback,transpilation,21,LookaheadSwap,qiskit.transpiler.passes.routing.lookahead_swap.LookaheadSwap,20,99.92946863174438,99.99792719700054,qiskit/transpiler/passes/routing/lookahead_swap.py,_calc_layout_distance,342,routing,routing_method,lookahead,medium,False,"Il callback pubblico di Qiskit viene eseguito dopo ogni pass: last_completed_pass non identifica necessariamente il pass interrotto. | Lo stack indica dove SIGALRM è stato osservato, non dimostra quale pass, configurazione, circuito o hardware abbia causato il timeout. | Un'attribuzione causale richiede confronti controllati tra circuiti, configurazioni e device.",qiskit/transpiler/passes/routing/lookahead_swap.py:342:_calc_layout_distance
ibm_falcon_27,27,f30536987677ef5017fe3a89b8b4ee0a3e7252a1a226cc3db95fd9b2e822d991,run_6197db9a6414c73cd17c02a9eb514a91f15795e61e5b1d7605f07a4e60c9b5da,qftentangled_indep_tket_13,qftentangled,tket,13,29,123,o3_sabre_lookahead,3,sabre,lookahead,1,timeout,transpilation,timeout,AttemptTimeoutError,100.0,100.00307478800096,Tentativo interrotto dopo 100.0 secondi.,qiskit_post_pass_callback_and_sigalrm_traceback,transpilation,21,LookaheadSwap,qiskit.transpiler.passes.routing.lookahead_swap.LookaheadSwap,20,99.91866445541382,99.99809358600032,qiskit/transpiler/passes/routing/lookahead_swap.py,_map_free_gates,313,routing,routing_method,lookahead,medium,False,"Il callback pubblico di Qiskit viene eseguito dopo ogni pass: last_completed_pass non identifica necessariamente il pass interrotto. | Lo stack indica dove SIGALRM è stato osservato, non dimostra quale pass, configurazione, circuito o hardware abbia causato il timeout. | Un'attribuzione causale richiede confronti controllati tra circuiti, configurazioni e device.",qiskit/transpiler/passes/routing/lookahead_swap.py:313:_map_free_gates
ibm_falcon_27,27,f30536987677ef5017fe3a89b8b4ee0a3e7252a1a226cc3db95fd9b2e822d991,run_412dc2ed388cd5540d6cbee5f7790be22edff6ba819629e08e0e8de25f920606,qftentangled_indep_tket_13,qftentangled,tket,13,29,123,o3_sabre_lookahead,3,sabre,lookahead,2,timeout,transpilation,timeout,AttemptTimeoutError,100.0,100.0028064750004,Tentativo interrotto dopo 100.0 secondi.,qiskit_post_pass_callback_and_sigalrm_traceback,transpilation,21,LookaheadSwap,qiskit.transpiler.passes.routing.lookahead_swap.LookaheadSwap,20,99.91104865074158,99.9981826910007,qiskit/transpiler/passes/routing/lookahead_swap.py,_score_state_with_swap,354,routing,routing_method,lookahead,medium,False,"Il callback pubblico di Qiskit viene eseguito dopo ogni pass: last_completed_pass non identifica necessariamente il pass interrotto. | Lo stack indica dove SIGALRM è stato osservato, non dimostra quale pass, configurazione, circuito o hardware abbia causato il timeout. | Un'attribuzione causale richiede confronti controllati tra circuiti, configurazioni e device.",qiskit/transpiler/passes/routing/lookahead_swap.py:354:_score_state_with_swap
ibm_falcon_27,27,f30536987677ef5017fe3a89b8b4ee0a3e7252a1a226cc3db95fd9b2e822d991,run_ebfe5a777e36047f7431ff7f6fd32402a3695bea36e579d8d13e7d506ed5e441,qftentangled_indep_tket_14,qftentangled,tket,14,31,140,o3_sabre_lookahead,3,sabre,lookahead,0,timeout,transpilation,timeout,AttemptTimeoutError,100.0,100.00359296500028,Tentativo interrotto dopo 100.0 secondi.,qiskit_post_pass_callback_and_sigalrm_traceback,transpilation,21,LookaheadSwap,qiskit.transpiler.passes.routing.lookahead_swap.LookaheadSwap,20,99.89604997634888,99.99777823499971,qiskit/transpiler/passes/routing/lookahead_swap.py,_calc_layout_distance,342,routing,routing_method,lookahead,medium,False,"Il callback pubblico di Qiskit viene eseguito dopo ogni pass: last_completed_pass non identifica necessariamente il pass interrotto. | Lo stack indica dove SIGALRM è stato osservato, non dimostra quale pass, configurazione, circuito o hardware abbia causato il timeout. | Un'attribuzione causale richiede confronti controllati tra circuiti, configurazioni e device.",qiskit/transpiler/passes/routing/lookahead_swap.py:342:_calc_layout_distance
ibm_falcon_27,27,f30536987677ef5017fe3a89b8b4ee0a3e7252a1a226cc3db95fd9b2e822d991,run_2aaf8a5eeddf4a8b7436603c3c0233211fe52b4eb6b319c0c46f8bfac201b51f,qftentangled_indep_tket_14,qftentangled,tket,14,31,140,o3_sabre_lookahead,3,sabre,lookahead,1,timeout,transpilation,timeout,AttemptTimeoutError,100.0,100.00312142500115,Tentativo interrotto dopo 100.0 secondi.,qiskit_post_pass_callback_and_sigalrm_traceback,transpilation,21,LookaheadSwap,qiskit.transpiler.passes.routing.lookahead_swap.LookaheadSwap,20,99.89976811408997,99.99814370699823,qiskit/transpiler/passes/routing/lookahead_swap.py,_calc_layout_distance,341,routing,routing_method,lookahead,medium,False,"Il callback pubblico di Qiskit viene eseguito dopo ogni pass: last_completed_pass non identifica necessariamente il pass interrotto. | Lo stack indica dove SIGALRM è stato osservato, non dimostra quale pass, configurazione, circuito o hardware abbia causato il timeout. | Un'attribuzione causale richiede confronti controllati tra circuiti, configurazioni e device.",qiskit/transpiler/passes/routing/lookahead_swap.py:341:_calc_layout_distance
ibm_falcon_27,27,f30536987677ef5017fe3a89b8b4ee0a3e7252a1a226cc3db95fd9b2e822d991,run_32e786067200e82d700c4698076721addc70daa0d85ee26c7b4b366ffae05d68,qftentangled_indep_tket_14,qftentangled,tket,14,31,140,o3_sabre_lookahead,3,sabre,lookahead,2,timeout,transpilation,timeout,AttemptTimeoutError,100.0,100.00338179800019,Tentativo interrotto dopo 100.0 secondi.,qiskit_post_pass_callback_and_sigalrm_traceback,transpilation,21,LookaheadSwap,qiskit.transpiler.passes.routing.lookahead_swap.LookaheadSwap,20,99.91761469841003,99.99762993799959,qiskit/transpiler/passes/routing/lookahead_swap.py,_map_free_gates,312,routing,routing_method,lookahead,medium,False,"Il callback pubblico di Qiskit viene eseguito dopo ogni pass: last_completed_pass non identifica necessariamente il pass interrotto. | Lo stack indica dove SIGALRM è stato osservato, non dimostra quale pass, configurazione, circuito o hardware abbia causato il timeout. | Un'attribuzione causale richiede confronti controllati tra circuiti, configurazioni e device.",qiskit/transpiler/passes/routing/lookahead_swap.py:312:_map_free_gates
ibm_falcon_27,27,f30536987677ef5017fe3a89b8b4ee0a3e7252a1a226cc3db95fd9b2e822d991,run_bec111b7a131ecf9a55b12343cba9cc167902df1cd349635e4ba6cd313668902,qftentangled_indep_tket_9,qftentangled,tket,9,21,67,o3_sabre_lookahead,3,sabre,lookahead,1,timeout,transpilation,timeout,AttemptTimeoutError,100.0,100.00257308499931,Tentativo interrotto dopo 100.0 secondi.,qiskit_post_pass_callback_and_sigalrm_traceback,transpilation,21,LookaheadSwap,qiskit.transpiler.passes.routing.lookahead_swap.LookaheadSwap,20,99.94367361068726,99.99890153099841,qiskit/transpiler/passes/routing/lookahead_swap.py,<genexpr>,390,routing,routing_method,lookahead,medium,False,"Il callback pubblico di Qiskit viene eseguito dopo ogni pass: last_completed_pass non identifica necessariamente il pass interrotto. | Lo stack indica dove SIGALRM è stato osservato, non dimostra quale pass, configurazione, circuito o hardware abbia causato il timeout. | Un'attribuzione causale richiede confronti controllati tra circuiti, configurazioni e device.",qiskit/transpiler/passes/routing/lookahead_swap.py:390:<genexpr>
ibm_falcon_27,27,f30536987677ef5017fe3a89b8b4ee0a3e7252a1a226cc3db95fd9b2e822d991,run_81e132a61cd350b90503d9120cc91a0d58843637e43becbab9e27470d747e803,qpeexact_indep_qiskit_10,qpeexact,qiskit,10,25,75,o3_sabre_lookahead,3,sabre,lookahead,0,timeout,transpilation,timeout,AttemptTimeoutError,100.0,100.0027778850017,Tentativo interrotto dopo 100.0 secondi.,qiskit_post_pass_callback_and_sigalrm_traceback,transpilation,21,LookaheadSwap,qiskit.transpiler.passes.routing.lookahead_swap.LookaheadSwap,20,99.95793890953064,99.99801271899923,qiskit/transpiler/passes/routing/lookahead_swap.py,_first_op_node,390,routing,routing_method,lookahead,medium,False,"Il callback pubblico di Qiskit viene eseguito dopo ogni pass: last_completed_pass non identifica necessariamente il pass interrotto. | Lo stack indica dove SIGALRM è stato osservato, non dimostra quale pass, configurazione, circuito o hardware abbia causato il timeout. | Un'attribuzione causale richiede confronti controllati tra circuiti, configurazioni e device.",qiskit/transpiler/passes/routing/lookahead_swap.py:390:_first_op_node
ibm_falcon_27,27,f30536987677ef5017fe3a89b8b4ee0a3e7252a1a226cc3db95fd9b2e822d991,run_7b0a33e586dc75c4a5aa64dc2f3e1c7a50c49026db9176b55aa1d44939eef7ce,qpeexact_indep_qiskit_10,qpeexact,qiskit,10,25,75,o3_sabre_lookahead,3,sabre,lookahead,1,timeout,transpilation,timeout,AttemptTimeoutError,100.0,100.00312852299976,Tentativo interrotto dopo 100.0 secondi.,qiskit_post_pass_callback_and_sigalrm_traceback,transpilation,21,LookaheadSwap,qiskit.transpiler.passes.routing.lookahead_swap.LookaheadSwap,20,99.94155192375183,99.99885516599898,qiskit/transpiler/passes/routing/lookahead_swap.py,_map_free_gates,312,routing,routing_method,lookahead,medium,False,"Il callback pubblico di Qiskit viene eseguito dopo ogni pass: last_completed_pass non identifica necessariamente il pass interrotto. | Lo stack indica dove SIGALRM è stato osservato, non dimostra quale pass, configurazione, circuito o hardware abbia causato il timeout. | Un'attribuzione causale richiede confronti controllati tra circuiti, configurazioni e device.",qiskit/transpiler/passes/routing/lookahead_swap.py:312:_map_free_gates
ibm_falcon_27,27,f30536987677ef5017fe3a89b8b4ee0a3e7252a1a226cc3db95fd9b2e822d991,run_7d5212a6e6b3bb66c68db3fbfc798c0247c3a0966905880be927a40343f66fd3,qpeexact_indep_qiskit_12,qpeexact,qiskit,12,33,104,o3_sabre_lookahead,3,sabre,lookahead,1,timeout,transpilation,timeout,AttemptTimeoutError,100.0,100.00314546899972,Tentativo interrotto dopo 100.0 secondi.,qiskit_post_pass_callback_and_sigalrm_traceback,transpilation,21,LookaheadSwap,qiskit.transpiler.passes.routing.lookahead_swap.LookaheadSwap,20,99.89720916748047,99.99843010699988,qiskit/transpiler/passes/routing/lookahead_swap.py,_map_free_gates,312,routing,routing_method,lookahead,medium,False,"Il callback pubblico di Qiskit viene eseguito dopo ogni pass: last_completed_pass non identifica necessariamente il pass interrotto. | Lo stack indica dove SIGALRM è stato osservato, non dimostra quale pass, configurazione, circuito o hardware abbia causato il timeout. | Un'attribuzione causale richiede confronti controllati tra circuiti, configurazioni e device.",qiskit/transpiler/passes/routing/lookahead_swap.py:312:_map_free_gates
ibm_falcon_27,27,f30536987677ef5017fe3a89b8b4ee0a3e7252a1a226cc3db95fd9b2e822d991,run_141149762e68a873e7136e07c2dcd0295f297f600c8b64e5200cf4fc9cc91fac,qpeexact_indep_qiskit_12,qpeexact,qiskit,12,33,104,o3_sabre_lookahead,3,sabre,lookahead,2,timeout,transpilation,timeout,AttemptTimeoutError,100.0,100.00266745000044,Tentativo interrotto dopo 100.0 secondi.,qiskit_post_pass_callback_and_sigalrm_traceback,transpilation,21,LookaheadSwap,qiskit.transpiler.passes.routing.lookahead_swap.LookaheadSwap,20,99.9281964302063,99.99821115899977,qiskit/transpiler/passes/routing/lookahead_swap.py,_calc_layout_distance,342,routing,routing_method,lookahead,medium,False,"Il callback pubblico di Qiskit viene eseguito dopo ogni pass: last_completed_pass non identifica necessariamente il pass interrotto. | Lo stack indica dove SIGALRM è stato osservato, non dimostra quale pass, configurazione, circuito o hardware abbia causato il timeout. | Un'attribuzione causale richiede confronti controllati tra circuiti, configurazioni e device.",qiskit/transpiler/passes/routing/lookahead_swap.py:342:_calc_layout_distance
ibm_falcon_27,27,f30536987677ef5017fe3a89b8b4ee0a3e7252a1a226cc3db95fd9b2e822d991,run_4dccf5f58e2a52cb55cfeb3529dd0275ef680e46ad211e4560f6e2db7125bd44,qpeexact_indep_qiskit_13,qpeexact,qiskit,13,34,119,o3_sabre_lookahead,3,sabre,lookahead,0,timeout,transpilation,timeout,AttemptTimeoutError,100.0,100.00261104500169,Tentativo interrotto dopo 100.0 secondi.,qiskit_post_pass_callback_and_sigalrm_traceback,transpilation,21,LookaheadSwap,qiskit.transpiler.passes.routing.lookahead_swap.LookaheadSwap,20,99.93217015266418,99.9983090459973,qiskit/transpiler/passes/routing/lookahead_swap.py,_score_state_with_swap,346,routing,routing_method,lookahead,medium,False,"Il callback pubblico di Qiskit viene eseguito dopo ogni pass: last_completed_pass non identifica necessariamente il pass interrotto. | Lo stack indica dove SIGALRM è stato osservato, non dimostra quale pass, configurazione, circuito o hardware abbia causato il timeout. | Un'attribuzione causale richiede confronti controllati tra circuiti, configurazioni e device.",qiskit/transpiler/passes/routing/lookahead_swap.py:346:_score_state_with_swap
ibm_falcon_27,27,f30536987677ef5017fe3a89b8b4ee0a3e7252a1a226cc3db95fd9b2e822d991,run_ce838aab4b97ba8e30be56a8f88c952c3abba304a2fe0b66408494e4a2ed0365,qpeexact_indep_qiskit_13,qpeexact,qiskit,13,34,119,o3_sabre_lookahead,3,sabre,lookahead,1,timeout,transpilation,timeout,AttemptTimeoutError,100.0,100.0029142860003,Tentativo interrotto dopo 100.0 secondi.,qiskit_post_pass_callback_and_sigalrm_traceback,transpilation,21,LookaheadSwap,qiskit.transpiler.passes.routing.lookahead_swap.LookaheadSwap,20,99.92192697525024,99.99808591600231,qiskit/transpiler/passes/routing/lookahead_swap.py,_map_free_gates,313,routing,routing_method,lookahead,medium,False,"Il callback pubblico di Qiskit viene eseguito dopo ogni pass: last_completed_pass non identifica necessariamente il pass interrotto. | Lo stack indica dove SIGALRM è stato osservato, non dimostra quale pass, configurazione, circuito o hardware abbia causato il timeout. | Un'attribuzione causale richiede confronti controllati tra circuiti, configurazioni e device.",qiskit/transpiler/passes/routing/lookahead_swap.py:313:_map_free_gates
ibm_falcon_27,27,f30536987677ef5017fe3a89b8b4ee0a3e7252a1a226cc3db95fd9b2e822d991,run_907f282967b3f8f0ad6e3d6383ae4ed7b161727ffc3308b02b8d0876bd00656d,qpeexact_indep_qiskit_13,qpeexact,qiskit,13,34,119,o3_sabre_lookahead,3,sabre,lookahead,2,timeout,transpilation,timeout,AttemptTimeoutError,100.0,100.00301897600002,Tentativo interrotto dopo 100.0 secondi.,qiskit_post_pass_callback_and_sigalrm_traceback,transpilation,21,LookaheadSwap,qiskit.transpiler.passes.routing.lookahead_swap.LookaheadSwap,20,99.87324810028076,99.99740788000054,qiskit/transpiler/passes/routing/lookahead_swap.py,_map_free_gates,302,routing,routing_method,lookahead,medium,False,"Il callback pubblico di Qiskit viene eseguito dopo ogni pass: last_completed_pass non identifica necessariamente il pass interrotto. | Lo stack indica dove SIGALRM è stato osservato, non dimostra quale pass, configurazione, circuito o hardware abbia causato il timeout. | Un'attribuzione causale richiede confronti controllati tra circuiti, configurazioni e device.",qiskit/transpiler/passes/routing/lookahead_swap.py:302:_map_free_gates
ibm_falcon_27,27,f30536987677ef5017fe3a89b8b4ee0a3e7252a1a226cc3db95fd9b2e822d991,run_11a4241e36ceb6bd7904ce94ea05a561d9f76c9dfd98fb080913aed098330bec,qpeexact_indep_qiskit_14,qpeexact,qiskit,14,35,134,o3_sabre_lookahead,3,sabre,lookahead,0,timeout,transpilation,timeout,AttemptTimeoutError,100.0,100.00332980600069,Tentativo interrotto dopo 100.0 secondi.,qiskit_post_pass_callback_and_sigalrm_traceback,transpilation,21,LookaheadSwap,qiskit.transpiler.passes.routing.lookahead_swap.LookaheadSwap,20,99.84842419624329,99.9980830980021,qiskit/transpiler/passes/routing/lookahead_swap.py,_calc_layout_distance,342,routing,routing_method,lookahead,medium,False,"Il callback pubblico di Qiskit viene eseguito dopo ogni pass: last_completed_pass non identifica necessariamente il pass interrotto. | Lo stack indica dove SIGALRM è stato osservato, non dimostra quale pass, configurazione, circuito o hardware abbia causato il timeout. | Un'attribuzione causale richiede confronti controllati tra circuiti, configurazioni e device.",qiskit/transpiler/passes/routing/lookahead_swap.py:342:_calc_layout_distance
ibm_falcon_27,27,f30536987677ef5017fe3a89b8b4ee0a3e7252a1a226cc3db95fd9b2e822d991,run_f987f4ebaf597d3a7aeff37ac57cfbfb336edacee865ff6cc2e26894698badbe,qpeexact_indep_qiskit_14,qpeexact,qiskit,14,35,134,o3_sabre_lookahead,3,sabre,lookahead,1,timeout,transpilation,timeout,AttemptTimeoutError,100.0,100.00342624699988,Tentativo interrotto dopo 100.0 secondi.,qiskit_post_pass_callback_and_sigalrm_traceback,transpilation,21,LookaheadSwap,qiskit.transpiler.passes.routing.lookahead_swap.LookaheadSwap,20,99.91210675239563,99.99808058599956,qiskit/transpiler/passes/routing/lookahead_swap.py,_calc_layout_distance,341,routing,routing_method,lookahead,medium,False,"Il callback pubblico di Qiskit viene eseguito dopo ogni pass: last_completed_pass non identifica necessariamente il pass interrotto. | Lo stack indica dove SIGALRM è stato osservato, non dimostra quale pass, configurazione, circuito o hardware abbia causato il timeout. | Un'attribuzione causale richiede confronti controllati tra circuiti, configurazioni e device.",qiskit/transpiler/passes/routing/lookahead_swap.py:341:_calc_layout_distance
ibm_falcon_27,27,f30536987677ef5017fe3a89b8b4ee0a3e7252a1a226cc3db95fd9b2e822d991,run_accd407c39e0d30ba78bff915fd0850a630a8fdcbe1676b346b416fce38c09a5,qpeexact_indep_qiskit_14,qpeexact,qiskit,14,35,134,o3_sabre_lookahead,3,sabre,lookahead,2,timeout,transpilation,timeout,AttemptTimeoutError,100.0,100.00333619200319,Tentativo interrotto dopo 100.0 secondi.,qiskit_post_pass_callback_and_sigalrm_traceback,transpilation,21,LookaheadSwap,qiskit.transpiler.passes.routing.lookahead_swap.LookaheadSwap,20,99.92826724052429,99.99804217199926,qiskit/transpiler/passes/routing/lookahead_swap.py,<genexpr>,390,routing,routing_method,lookahead,medium,False,"Il callback pubblico di Qiskit viene eseguito dopo ogni pass: last_completed_pass non identifica necessariamente il pass interrotto. | Lo stack indica dove SIGALRM è stato osservato, non dimostra quale pass, configurazione, circuito o hardware abbia causato il timeout. | Un'attribuzione causale richiede confronti controllati tra circuiti, configurazioni e device.",qiskit/transpiler/passes/routing/lookahead_swap.py:390:<genexpr>
ibm_falcon_27,27,f30536987677ef5017fe3a89b8b4ee0a3e7252a1a226cc3db95fd9b2e822d991,run_5dc2eb2dc1c3be294b82a02906c55cba0f2d4813f145887c2c17d4e8406052b0,qpeexact_indep_qiskit_15,qpeexact,qiskit,15,44,155,o3_sabre_lookahead,3,sabre,lookahead,0,timeout,transpilation,timeout,AttemptTimeoutError,100.0,100.00370653799837,Tentativo interrotto dopo 100.0 secondi.,qiskit_post_pass_callback_and_sigalrm_traceback,transpilation,21,LookaheadSwap,qiskit.transpiler.passes.routing.lookahead_swap.LookaheadSwap,20,99.89495086669922,99.99775334500009,qiskit/transpiler/passes/routing/lookahead_swap.py,_calc_layout_distance,342,routing,routing_method,lookahead,medium,False,"Il callback pubblico di Qiskit viene eseguito dopo ogni pass: last_completed_pass non identifica necessariamente il pass interrotto. | Lo stack indica dove SIGALRM è stato osservato, non dimostra quale pass, configurazione, circuito o hardware abbia causato il timeout. | Un'attribuzione causale richiede confronti controllati tra circuiti, configurazioni e device.",qiskit/transpiler/passes/routing/lookahead_swap.py:342:_calc_layout_distance
ibm_falcon_27,27,f30536987677ef5017fe3a89b8b4ee0a3e7252a1a226cc3db95fd9b2e822d991,run_f1f1b7d38e786a1c827fb0c518e8aa0612f0b9f9cf51d0b356734feed092ca02,qpeexact_indep_qiskit_15,qpeexact,qiskit,15,44,155,o3_sabre_lookahead,3,sabre,lookahead,1,timeout,transpilation,timeout,AttemptTimeoutError,100.0,100.00366609799676,Tentativo interrotto dopo 100.0 secondi.,qiskit_post_pass_callback_and_sigalrm_traceback,transpilation,21,LookaheadSwap,qiskit.transpiler.passes.routing.lookahead_swap.LookaheadSwap,20,99.89651894569397,99.99768821700127,qiskit/transpiler/passes/routing/lookahead_swap.py,_calc_layout_distance,342,routing,routing_method,lookahead,medium,False,"Il callback pubblico di Qiskit viene eseguito dopo ogni pass: last_completed_pass non identifica necessariamente il pass interrotto. | Lo stack indica dove SIGALRM è stato osservato, non dimostra quale pass, configurazione, circuito o hardware abbia causato il timeout. | Un'attribuzione causale richiede confronti controllati tra circuiti, configurazioni e device.",qiskit/transpiler/passes/routing/lookahead_swap.py:342:_calc_layout_distance
ibm_falcon_27,27,f30536987677ef5017fe3a89b8b4ee0a3e7252a1a226cc3db95fd9b2e822d991,run_2bac89e813e0ef6da7cc24dce0f7cc00973c5811dc71bfc8350c7be759b4747b,qpeexact_indep_qiskit_15,qpeexact,qiskit,15,44,155,o3_sabre_lookahead,3,sabre,lookahead,2,timeout,transpilation,timeout,AttemptTimeoutError,100.0,100.00419101800071,Tentativo interrotto dopo 100.0 secondi.,qiskit_post_pass_callback_and_sigalrm_traceback,transpilation,21,LookaheadSwap,qiskit.transpiler.passes.routing.lookahead_swap.LookaheadSwap,20,99.90793132781982,99.99782698299896,qiskit/transpiler/passes/routing/lookahead_swap.py,_transform_gate_for_system,368,routing,routing_method,lookahead,medium,False,"Il callback pubblico di Qiskit viene eseguito dopo ogni pass: last_completed_pass non identifica necessariamente il pass interrotto. | Lo stack indica dove SIGALRM è stato osservato, non dimostra quale pass, configurazione, circuito o hardware abbia causato il timeout. | Un'attribuzione causale richiede confronti controllati tra circuiti, configurazioni e device.",qiskit/transpiler/passes/routing/lookahead_swap.py:368:_transform_gate_for_system
ibm_falcon_27,27,f30536987677ef5017fe3a89b8b4ee0a3e7252a1a226cc3db95fd9b2e822d991,run_62d69c11e7985d94ea96fd8bc329fb7cb225a83d8c33aec903ad778abd6452f3,qpeexact_indep_qiskit_16,qpeexact,qiskit,16,47,173,o3_sabre_lookahead,3,sabre,lookahead,0,timeout,transpilation,timeout,AttemptTimeoutError,100.0,100.00364145599815,Tentativo interrotto dopo 100.0 secondi.,qiskit_post_pass_callback_and_sigalrm_traceback,transpilation,21,LookaheadSwap,qiskit.transpiler.passes.routing.lookahead_swap.LookaheadSwap,20,99.88214921951294,99.99731392299873,qiskit/transpiler/passes/routing/lookahead_swap.py,_map_free_gates,312,routing,routing_method,lookahead,medium,False,"Il callback pubblico di Qiskit viene eseguito dopo ogni pass: last_completed_pass non identifica necessariamente il pass interrotto. | Lo stack indica dove SIGALRM è stato osservato, non dimostra quale pass, configurazione, circuito o hardware abbia causato il timeout. | Un'attribuzione causale richiede confronti controllati tra circuiti, configurazioni e device.",qiskit/transpiler/passes/routing/lookahead_swap.py:312:_map_free_gates
ibm_falcon_27,27,f30536987677ef5017fe3a89b8b4ee0a3e7252a1a226cc3db95fd9b2e822d991,run_1c28f6e86120eae6e4fc44d10331a7ceaeee02ec7ece7444184d4f9b8835f333,qpeexact_indep_qiskit_16,qpeexact,qiskit,16,47,173,o3_sabre_lookahead,3,sabre,lookahead,1,timeout,transpilation,timeout,AttemptTimeoutError,100.0,100.00363908600048,Tentativo interrotto dopo 100.0 secondi.,qiskit_post_pass_callback_and_sigalrm_traceback,transpilation,21,LookaheadSwap,qiskit.transpiler.passes.routing.lookahead_swap.LookaheadSwap,20,99.89505505561829,99.99722992699753,qiskit/transpiler/passes/routing/lookahead_swap.py,_score_state_with_swap,355,routing,routing_method,lookahead,medium,False,"Il callback pubblico di Qiskit viene eseguito dopo ogni pass: last_completed_pass non identifica necessariamente il pass interrotto. | Lo stack indica dove SIGALRM è stato osservato, non dimostra quale pass, configurazione, circuito o hardware abbia causato il timeout. | Un'attribuzione causale richiede confronti controllati tra circuiti, configurazioni e device.",qiskit/transpiler/passes/routing/lookahead_swap.py:355:_score_state_with_swap
ibm_falcon_27,27,f30536987677ef5017fe3a89b8b4ee0a3e7252a1a226cc3db95fd9b2e822d991,run_4cb152cb4009aad594319ce5f7d70bcc239445fa3556c8874d618d5b2f04d9ac,qpeexact_indep_qiskit_16,qpeexact,qiskit,16,47,173,o3_sabre_lookahead,3,sabre,lookahead,2,timeout,transpilation,timeout,AttemptTimeoutError,100.0,100.00342131199795,Tentativo interrotto dopo 100.0 secondi.,qiskit_post_pass_callback_and_sigalrm_traceback,transpilation,21,LookaheadSwap,qiskit.transpiler.passes.routing.lookahead_swap.LookaheadSwap,20,99.89536023139954,99.99753787900045,qiskit/transpiler/passes/routing/lookahead_swap.py,_calc_layout_distance,342,routing,routing_method,lookahead,medium,False,"Il callback pubblico di Qiskit viene eseguito dopo ogni pass: last_completed_pass non identifica necessariamente il pass interrotto. | Lo stack indica dove SIGALRM è stato osservato, non dimostra quale pass, configurazione, circuito o hardware abbia causato il timeout. | Un'attribuzione causale richiede confronti controllati tra circuiti, configurazioni e device.",qiskit/transpiler/passes/routing/lookahead_swap.py:342:_calc_layout_distance
ibm_falcon_27,27,f30536987677ef5017fe3a89b8b4ee0a3e7252a1a226cc3db95fd9b2e822d991,run_36e1088c4faaef6a3146dd5348138eeae735f528529b54d5203195b7a9b4b084,qpeexact_indep_tket_11,qpeexact,tket,11,32,91,o3_sabre_lookahead,3,sabre,lookahead,1,timeout,transpilation,timeout,AttemptTimeoutError,100.0,100.0027770930028,Tentativo interrotto dopo 100.0 secondi.,qiskit_post_pass_callback_and_sigalrm_traceback,transpilation,21,LookaheadSwap,qiskit.transpiler.passes.routing.lookahead_swap.LookaheadSwap,20,99.94385480880737,99.99846151699967,qiskit/transpiler/passes/routing/lookahead_swap.py,_calc_layout_distance,342,routing,routing_method,lookahead,medium,False,"Il callback pubblico di Qiskit viene eseguito dopo ogni pass: last_completed_pass non identifica necessariamente il pass interrotto. | Lo stack indica dove SIGALRM è stato osservato, non dimostra quale pass, configurazione, circuito o hardware abbia causato il timeout. | Un'attribuzione causale richiede confronti controllati tra circuiti, configurazioni e device.",qiskit/transpiler/passes/routing/lookahead_swap.py:342:_calc_layout_distance
ibm_falcon_27,27,f30536987677ef5017fe3a89b8b4ee0a3e7252a1a226cc3db95fd9b2e822d991,run_5c8be2ef57cbf7267793417815398948c3b0a09b4d288ab9109e94c4ed08fc21,qpeexact_indep_tket_12,qpeexact,tket,12,33,104,o3_sabre_lookahead,3,sabre,lookahead,0,timeout,transpilation,timeout,AttemptTimeoutError,100.0,100.00282565100133,Tentativo interrotto dopo 100.0 secondi.,qiskit_post_pass_callback_and_sigalrm_traceback,transpilation,21,LookaheadSwap,qiskit.transpiler.passes.routing.lookahead_swap.LookaheadSwap,20,99.92933177947998,99.99848117200236,qiskit/transpiler/passes/routing/lookahead_swap.py,_first_op_node,390,routing,routing_method,lookahead,medium,False,"Il callback pubblico di Qiskit viene eseguito dopo ogni pass: last_completed_pass non identifica necessariamente il pass interrotto. | Lo stack indica dove SIGALRM è stato osservato, non dimostra quale pass, configurazione, circuito o hardware abbia causato il timeout. | Un'attribuzione causale richiede confronti controllati tra circuiti, configurazioni e device.",qiskit/transpiler/passes/routing/lookahead_swap.py:390:_first_op_node
ibm_falcon_27,27,f30536987677ef5017fe3a89b8b4ee0a3e7252a1a226cc3db95fd9b2e822d991,run_18d5d1b7e796ce6447e25d37dbbcafc7ef94a99f92ccb8b5fa62e4daa5de985f,qpeexact_indep_tket_12,qpeexact,tket,12,33,104,o3_sabre_lookahead,3,sabre,lookahead,1,timeout,transpilation,timeout,AttemptTimeoutError,100.0,100.00298988599752,Tentativo interrotto dopo 100.0 secondi.,qiskit_post_pass_callback_and_sigalrm_traceback,transpilation,21,LookaheadSwap,qiskit.transpiler.passes.routing.lookahead_swap.LookaheadSwap,20,99.92243313789368,99.99822120099998,qiskit/transpiler/passes/routing/lookahead_swap.py,_calc_layout_distance,342,routing,routing_method,lookahead,medium,False,"Il callback pubblico di Qiskit viene eseguito dopo ogni pass: last_completed_pass non identifica necessariamente il pass interrotto. | Lo stack indica dove SIGALRM è stato osservato, non dimostra quale pass, configurazione, circuito o hardware abbia causato il timeout. | Un'attribuzione causale richiede confronti controllati tra circuiti, configurazioni e device.",qiskit/transpiler/passes/routing/lookahead_swap.py:342:_calc_layout_distance
ibm_falcon_27,27,f30536987677ef5017fe3a89b8b4ee0a3e7252a1a226cc3db95fd9b2e822d991,run_bc464ab7a4b921388dbf3948074aa4e16270aba60dfd38800f1c2052fad296f3,qpeexact_indep_tket_12,qpeexact,tket,12,33,104,o3_sabre_lookahead,3,sabre,lookahead,2,timeout,transpilation,timeout,AttemptTimeoutError,100.0,100.00267351500224,Tentativo interrotto dopo 100.0 secondi.,qiskit_post_pass_callback_and_sigalrm_traceback,transpilation,21,LookaheadSwap,qiskit.transpiler.passes.routing.lookahead_swap.LookaheadSwap,20,99.90398073196411,99.998211463997,qiskit/transpiler/passes/routing/lookahead_swap.py,_score_step,360,routing,routing_method,lookahead,medium,False,"Il callback pubblico di Qiskit viene eseguito dopo ogni pass: last_completed_pass non identifica necessariamente il pass interrotto. | Lo stack indica dove SIGALRM è stato osservato, non dimostra quale pass, configurazione, circuito o hardware abbia causato il timeout. | Un'attribuzione causale richiede confronti controllati tra circuiti, configurazioni e device.",qiskit/transpiler/passes/routing/lookahead_swap.py:360:_score_step
ibm_falcon_27,27,f30536987677ef5017fe3a89b8b4ee0a3e7252a1a226cc3db95fd9b2e822d991,run_5e2b424f70ac94c201cfd8caa92c162bd3476a96d9909d85a429cefb309255fb,qpeexact_indep_tket_13,qpeexact,tket,13,34,119,o3_sabre_lookahead,3,sabre,lookahead,0,timeout,transpilation,timeout,AttemptTimeoutError,100.0,100.00269534600011,Tentativo interrotto dopo 100.0 secondi.,qiskit_post_pass_callback_and_sigalrm_traceback,transpilation,21,LookaheadSwap,qiskit.transpiler.passes.routing.lookahead_swap.LookaheadSwap,20,99.93348383903503,99.9980346400007,qiskit/transpiler/passes/routing/lookahead_swap.py,_map_free_gates,313,routing,routing_method,lookahead,medium,False,"Il callback pubblico di Qiskit viene eseguito dopo ogni pass: last_completed_pass non identifica necessariamente il pass interrotto. | Lo stack indica dove SIGALRM è stato osservato, non dimostra quale pass, configurazione, circuito o hardware abbia causato il timeout. | Un'attribuzione causale richiede confronti controllati tra circuiti, configurazioni e device.",qiskit/transpiler/passes/routing/lookahead_swap.py:313:_map_free_gates
ibm_falcon_27,27,f30536987677ef5017fe3a89b8b4ee0a3e7252a1a226cc3db95fd9b2e822d991,run_046f9d9879a159a3f6bcae3f95b9ff686b2b6053f1799b30c07093dcb721d054,qpeexact_indep_tket_13,qpeexact,tket,13,34,119,o3_sabre_lookahead,3,sabre,lookahead,1,timeout,transpilation,timeout,AttemptTimeoutError,100.0,100.00376813899857,Tentativo interrotto dopo 100.0 secondi.,qiskit_post_pass_callback_and_sigalrm_traceback,transpilation,21,LookaheadSwap,qiskit.transpiler.passes.routing.lookahead_swap.LookaheadSwap,20,99.93631100654602,99.99828827700185,qiskit/transpiler/passes/routing/lookahead_swap.py,_calc_layout_distance,342,routing,routing_method,lookahead,medium,False,"Il callback pubblico di Qiskit viene eseguito dopo ogni pass: last_completed_pass non identifica necessariamente il pass interrotto. | Lo stack indica dove SIGALRM è stato osservato, non dimostra quale pass, configurazione, circuito o hardware abbia causato il timeout. | Un'attribuzione causale richiede confronti controllati tra circuiti, configurazioni e device.",qiskit/transpiler/passes/routing/lookahead_swap.py:342:_calc_layout_distance
ibm_falcon_27,27,f30536987677ef5017fe3a89b8b4ee0a3e7252a1a226cc3db95fd9b2e822d991,run_486c95179c5c0989c1096056c88dc00daa92c0a33d68a9702bea9fe8095d648c,qpeexact_indep_tket_13,qpeexact,tket,13,34,119,o3_sabre_lookahead,3,sabre,lookahead,2,timeout,transpilation,timeout,AttemptTimeoutError,100.0,100.00306484000248,Tentativo interrotto dopo 100.0 secondi.,qiskit_post_pass_callback_and_sigalrm_traceback,transpilation,21,LookaheadSwap,qiskit.transpiler.passes.routing.lookahead_swap.LookaheadSwap,20,99.92812657356262,99.9981359859994,qiskit/transpiler/passes/routing/lookahead_swap.py,_calc_layout_distance,341,routing,routing_method,lookahead,medium,False,"Il callback pubblico di Qiskit viene eseguito dopo ogni pass: last_completed_pass non identifica necessariamente il pass interrotto. | Lo stack indica dove SIGALRM è stato osservato, non dimostra quale pass, configurazione, circuito o hardware abbia causato il timeout. | Un'attribuzione causale richiede confronti controllati tra circuiti, configurazioni e device.",qiskit/transpiler/passes/routing/lookahead_swap.py:341:_calc_layout_distance
ibm_falcon_27,27,f30536987677ef5017fe3a89b8b4ee0a3e7252a1a226cc3db95fd9b2e822d991,run_32d89cce7cebc8ed69ff0d629421125db60e52f911077375abba094f78e6bd4e,qpeexact_indep_tket_14,qpeexact,tket,14,35,134,o3_sabre_lookahead,3,sabre,lookahead,0,timeout,transpilation,timeout,AttemptTimeoutError,100.0,100.00299739500042,Tentativo interrotto dopo 100.0 secondi.,qiskit_post_pass_callback_and_sigalrm_traceback,transpilation,21,LookaheadSwap,qiskit.transpiler.passes.routing.lookahead_swap.LookaheadSwap,20,99.92349600791931,99.99813190599889,qiskit/transpiler/passes/routing/lookahead_swap.py,_calc_layout_distance,342,routing,routing_method,lookahead,medium,False,"Il callback pubblico di Qiskit viene eseguito dopo ogni pass: last_completed_pass non identifica necessariamente il pass interrotto. | Lo stack indica dove SIGALRM è stato osservato, non dimostra quale pass, configurazione, circuito o hardware abbia causato il timeout. | Un'attribuzione causale richiede confronti controllati tra circuiti, configurazioni e device.",qiskit/transpiler/passes/routing/lookahead_swap.py:342:_calc_layout_distance
ibm_falcon_27,27,f30536987677ef5017fe3a89b8b4ee0a3e7252a1a226cc3db95fd9b2e822d991,run_2473cbbd85f117560ac061d615aaf21893c7f5a37d11928ad28350b5975dc2a8,qpeexact_indep_tket_14,qpeexact,tket,14,35,134,o3_sabre_lookahead,3,sabre,lookahead,1,timeout,transpilation,timeout,AttemptTimeoutError,100.0,100.00306022699806,Tentativo interrotto dopo 100.0 secondi.,qiskit_post_pass_callback_and_sigalrm_traceback,transpilation,21,LookaheadSwap,qiskit.transpiler.passes.routing.lookahead_swap.LookaheadSwap,20,99.92170810699463,99.9978732089985,qiskit/transpiler/passes/routing/lookahead_swap.py,_calc_layout_distance,342,routing,routing_method,lookahead,medium,False,"Il callback pubblico di Qiskit viene eseguito dopo ogni pass: last_completed_pass non identifica necessariamente il pass interrotto. | Lo stack indica dove SIGALRM è stato osservato, non dimostra quale pass, configurazione, circuito o hardware abbia causato il timeout. | Un'attribuzione causale richiede confronti controllati tra circuiti, configurazioni e device.",qiskit/transpiler/passes/routing/lookahead_swap.py:342:_calc_layout_distance
ibm_falcon_27,27,f30536987677ef5017fe3a89b8b4ee0a3e7252a1a226cc3db95fd9b2e822d991,run_d01644e1071e5cc860ad2e8c15c2280242dadef20d121e6f3f965a39cd4f2431,qpeexact_indep_tket_14,qpeexact,tket,14,35,134,o3_sabre_lookahead,3,sabre,lookahead,2,timeout,transpilation,timeout,AttemptTimeoutError,100.0,100.00309073899916,Tentativo interrotto dopo 100.0 secondi.,qiskit_post_pass_callback_and_sigalrm_traceback,transpilation,21,LookaheadSwap,qiskit.transpiler.passes.routing.lookahead_swap.LookaheadSwap,20,99.91631698608398,99.99773765099962,qiskit/transpiler/passes/routing/lookahead_swap.py,_score_state_with_swap,356,routing,routing_method,lookahead,medium,False,"Il callback pubblico di Qiskit viene eseguito dopo ogni pass: last_completed_pass non identifica necessariamente il pass interrotto. | Lo stack indica dove SIGALRM è stato osservato, non dimostra quale pass, configurazione, circuito o hardware abbia causato il timeout. | Un'attribuzione causale richiede confronti controllati tra circuiti, configurazioni e device.",qiskit/transpiler/passes/routing/lookahead_swap.py:356:_score_state_with_swap
ibm_falcon_27,27,f30536987677ef5017fe3a89b8b4ee0a3e7252a1a226cc3db95fd9b2e822d991,run_ccae299b207091cc64665d89f7b171ebba295516a29bd59b56d88bd3cdba6b9e,qpeexact_indep_tket_15,qpeexact,tket,15,44,155,o3_sabre_lookahead,3,sabre,lookahead,0,timeout,transpilation,timeout,AttemptTimeoutError,100.0,100.00344864299768,Tentativo interrotto dopo 100.0 secondi.,qiskit_post_pass_callback_and_sigalrm_traceback,transpilation,21,LookaheadSwap,qiskit.transpiler.passes.routing.lookahead_swap.LookaheadSwap,20,99.90642380714417,99.99689501300236,qiskit/transpiler/passes/routing/lookahead_swap.py,_calc_layout_distance,342,routing,routing_method,lookahead,medium,False,"Il callback pubblico di Qiskit viene eseguito dopo ogni pass: last_completed_pass non identifica necessariamente il pass interrotto. | Lo stack indica dove SIGALRM è stato osservato, non dimostra quale pass, configurazione, circuito o hardware abbia causato il timeout. | Un'attribuzione causale richiede confronti controllati tra circuiti, configurazioni e device.",qiskit/transpiler/passes/routing/lookahead_swap.py:342:_calc_layout_distance
ibm_falcon_27,27,f30536987677ef5017fe3a89b8b4ee0a3e7252a1a226cc3db95fd9b2e822d991,run_4008f1c2fb2de9c01873fe0a035db92bd74defc92ae6baa11719a0d0c9279cf0,qpeexact_indep_tket_15,qpeexact,tket,15,44,155,o3_sabre_lookahead,3,sabre,lookahead,1,timeout,transpilation,timeout,AttemptTimeoutError,100.0,100.00343399700068,Tentativo interrotto dopo 100.0 secondi.,qiskit_post_pass_callback_and_sigalrm_traceback,transpilation,21,LookaheadSwap,qiskit.transpiler.passes.routing.lookahead_swap.LookaheadSwap,20,99.9035792350769,99.9977448469981,qiskit/transpiler/passes/routing/lookahead_swap.py,_calc_layout_distance,342,routing,routing_method,lookahead,medium,False,"Il callback pubblico di Qiskit viene eseguito dopo ogni pass: last_completed_pass non identifica necessariamente il pass interrotto. | Lo stack indica dove SIGALRM è stato osservato, non dimostra quale pass, configurazione, circuito o hardware abbia causato il timeout. | Un'attribuzione causale richiede confronti controllati tra circuiti, configurazioni e device.",qiskit/transpiler/passes/routing/lookahead_swap.py:342:_calc_layout_distance
ibm_falcon_27,27,f30536987677ef5017fe3a89b8b4ee0a3e7252a1a226cc3db95fd9b2e822d991,run_daa9ac8f4626f71e4918e0147cd0ba053e0ddf74bacd926de2218cad50639678,qpeexact_indep_tket_15,qpeexact,tket,15,44,155,o3_sabre_lookahead,3,sabre,lookahead,2,timeout,transpilation,timeout,AttemptTimeoutError,100.0,100.00344996000058,Tentativo interrotto dopo 100.0 secondi.,qiskit_post_pass_callback_and_sigalrm_traceback,transpilation,21,LookaheadSwap,qiskit.transpiler.passes.routing.lookahead_swap.LookaheadSwap,20,99.89543032646179,99.99743877299989,qiskit/transpiler/passes/routing/lookahead_swap.py,_first_op_node,390,routing,routing_method,lookahead,medium,False,"Il callback pubblico di Qiskit viene eseguito dopo ogni pass: last_completed_pass non identifica necessariamente il pass interrotto. | Lo stack indica dove SIGALRM è stato osservato, non dimostra quale pass, configurazione, circuito o hardware abbia causato il timeout. | Un'attribuzione causale richiede confronti controllati tra circuiti, configurazioni e device.",qiskit/transpiler/passes/routing/lookahead_swap.py:390:_first_op_node
ibm_falcon_27,27,f30536987677ef5017fe3a89b8b4ee0a3e7252a1a226cc3db95fd9b2e822d991,run_e9625ff0d4e33dd9a888f4c803ef9b5743151675f9d847de76c5ee7082142d68,qpeinexact_indep_qiskit_10,qpeinexact,qiskit,10,29,77,o3_sabre_lookahead,3,sabre,lookahead,1,timeout,transpilation,timeout,AttemptTimeoutError,100.0,100.00586185299835,Tentativo interrotto dopo 100.0 secondi.,qiskit_post_pass_callback_and_sigalrm_traceback,transpilation,21,LookaheadSwap,qiskit.transpiler.passes.routing.lookahead_swap.LookaheadSwap,20,99.94335603713989,100.00052181999854,qiskit/transpiler/passes/routing/lookahead_swap.py,<genexpr>,390,routing,routing_method,lookahead,medium,False,"Il callback pubblico di Qiskit viene eseguito dopo ogni pass: last_completed_pass non identifica necessariamente il pass interrotto. | Lo stack indica dove SIGALRM è stato osservato, non dimostra quale pass, configurazione, circuito o hardware abbia causato il timeout. | Un'attribuzione causale richiede confronti controllati tra circuiti, configurazioni e device.",qiskit/transpiler/passes/routing/lookahead_swap.py:390:<genexpr>
ibm_falcon_27,27,f30536987677ef5017fe3a89b8b4ee0a3e7252a1a226cc3db95fd9b2e822d991,run_d7cd6028ccfe993c2270ba38ed7920ad1bd24ff3b5eae4fe290d3880521c357c,qpeinexact_indep_qiskit_12,qpeinexact,qiskit,12,35,105,o3_sabre_lookahead,3,sabre,lookahead,0,timeout,transpilation,timeout,AttemptTimeoutError,100.0,100.00284506300159,Tentativo interrotto dopo 100.0 secondi.,qiskit_post_pass_callback_and_sigalrm_traceback,transpilation,21,LookaheadSwap,qiskit.transpiler.passes.routing.lookahead_swap.LookaheadSwap,20,99.92986130714417,99.99838450400057,qiskit/transpiler/passes/routing/lookahead_swap.py,_calc_layout_distance,342,routing,routing_method,lookahead,medium,False,"Il callback pubblico di Qiskit viene eseguito dopo ogni pass: last_completed_pass non identifica necessariamente il pass interrotto. | Lo stack indica dove SIGALRM è stato osservato, non dimostra quale pass, configurazione, circuito o hardware abbia causato il timeout. | Un'attribuzione causale richiede confronti controllati tra circuiti, configurazioni e device.",qiskit/transpiler/passes/routing/lookahead_swap.py:342:_calc_layout_distance
ibm_falcon_27,27,f30536987677ef5017fe3a89b8b4ee0a3e7252a1a226cc3db95fd9b2e822d991,run_a8157932c4253665a50b1fa95df841b3e1d378d915d53c6e38f22575d5fba260,qpeinexact_indep_qiskit_12,qpeinexact,qiskit,12,35,105,o3_sabre_lookahead,3,sabre,lookahead,1,timeout,transpilation,timeout,AttemptTimeoutError,100.0,100.00286285300172,Tentativo interrotto dopo 100.0 secondi.,qiskit_post_pass_callback_and_sigalrm_traceback,transpilation,21,LookaheadSwap,qiskit.transpiler.passes.routing.lookahead_swap.LookaheadSwap,20,99.93995475769043,99.99836269099978,qiskit/transpiler/passes/routing/lookahead_swap.py,_map_free_gates,313,routing,routing_method,lookahead,medium,False,"Il callback pubblico di Qiskit viene eseguito dopo ogni pass: last_completed_pass non identifica necessariamente il pass interrotto. | Lo stack indica dove SIGALRM è stato osservato, non dimostra quale pass, configurazione, circuito o hardware abbia causato il timeout. | Un'attribuzione causale richiede confronti controllati tra circuiti, configurazioni e device.",qiskit/transpiler/passes/routing/lookahead_swap.py:313:_map_free_gates
ibm_falcon_27,27,f30536987677ef5017fe3a89b8b4ee0a3e7252a1a226cc3db95fd9b2e822d991,run_345563ff2ce76d2bcdc4be2b756b2eec6799a16cbe921445251e8f67902c6de0,qpeinexact_indep_qiskit_13,qpeinexact,qiskit,13,38,121,o3_sabre_lookahead,3,sabre,lookahead,0,timeout,transpilation,timeout,AttemptTimeoutError,100.0,100.0027510889995,Tentativo interrotto dopo 100.0 secondi.,qiskit_post_pass_callback_and_sigalrm_traceback,transpilation,21,LookaheadSwap,qiskit.transpiler.passes.routing.lookahead_swap.LookaheadSwap,20,99.92513465881348,99.99805601200205,qiskit/transpiler/passes/routing/lookahead_swap.py,_calc_layout_distance,341,routing,routing_method,lookahead,medium,False,"Il callback pubblico di Qiskit viene eseguito dopo ogni pass: last_completed_pass non identifica necessariamente il pass interrotto. | Lo stack indica dove SIGALRM è stato osservato, non dimostra quale pass, configurazione, circuito o hardware abbia causato il timeout. | Un'attribuzione causale richiede confronti controllati tra circuiti, configurazioni e device.",qiskit/transpiler/passes/routing/lookahead_swap.py:341:_calc_layout_distance
ibm_falcon_27,27,f30536987677ef5017fe3a89b8b4ee0a3e7252a1a226cc3db95fd9b2e822d991,run_59e751d69368eb902ea22296cd0f09b3174ce7309627dec52631d70c5c17abb6,qpeinexact_indep_qiskit_13,qpeinexact,qiskit,13,38,121,o3_sabre_lookahead,3,sabre,lookahead,1,timeout,transpilation,timeout,AttemptTimeoutError,100.0,100.00280771600228,Tentativo interrotto dopo 100.0 secondi.,qiskit_post_pass_callback_and_sigalrm_traceback,transpilation,21,LookaheadSwap,qiskit.transpiler.passes.routing.lookahead_swap.LookaheadSwap,20,99.90717363357544,99.99816868299968,qiskit/transpiler/passes/routing/lookahead_swap.py,_map_free_gates,313,routing,routing_method,lookahead,medium,False,"Il callback pubblico di Qiskit viene eseguito dopo ogni pass: last_completed_pass non identifica necessariamente il pass interrotto. | Lo stack indica dove SIGALRM è stato osservato, non dimostra quale pass, configurazione, circuito o hardware abbia causato il timeout. | Un'attribuzione causale richiede confronti controllati tra circuiti, configurazioni e device.",qiskit/transpiler/passes/routing/lookahead_swap.py:313:_map_free_gates
ibm_falcon_27,27,f30536987677ef5017fe3a89b8b4ee0a3e7252a1a226cc3db95fd9b2e822d991,run_47a71e782902dbaf9c2292e6b5bb6415eb744a4ffdfafc3f40b8c2c3056b5bb7,qpeinexact_indep_qiskit_13,qpeinexact,qiskit,13,38,121,o3_sabre_lookahead,3,sabre,lookahead,2,timeout,transpilation,timeout,AttemptTimeoutError,100.0,100.0026321569967,Tentativo interrotto dopo 100.0 secondi.,qiskit_post_pass_callback_and_sigalrm_traceback,transpilation,21,LookaheadSwap,qiskit.transpiler.passes.routing.lookahead_swap.LookaheadSwap,20,99.9245355129242,99.99821770699782,qiskit/transpiler/passes/routing/lookahead_swap.py,_calc_layout_distance,342,routing,routing_method,lookahead,medium,False,"Il callback pubblico di Qiskit viene eseguito dopo ogni pass: last_completed_pass non identifica necessariamente il pass interrotto. | Lo stack indica dove SIGALRM è stato osservato, non dimostra quale pass, configurazione, circuito o hardware abbia causato il timeout. | Un'attribuzione causale richiede confronti controllati tra circuiti, configurazioni e device.",qiskit/transpiler/passes/routing/lookahead_swap.py:342:_calc_layout_distance
ibm_falcon_27,27,f30536987677ef5017fe3a89b8b4ee0a3e7252a1a226cc3db95fd9b2e822d991,run_d3ebf1c69d4fab189a75ac3745ab3e9470f67c022c2079dc41d0a8327978d69a,qpeinexact_indep_qiskit_14,qpeinexact,qiskit,14,41,137,o3_sabre_lookahead,3,sabre,lookahead,0,timeout,transpilation,timeout,AttemptTimeoutError,100.0,100.00771258999885,Tentativo interrotto dopo 100.0 secondi.,qiskit_post_pass_callback_and_sigalrm_traceback,transpilation,21,LookaheadSwap,qiskit.transpiler.passes.routing.lookahead_swap.LookaheadSwap,20,99.90224838256836,99.99792528800026,qiskit/transpiler/passes/routing/lookahead_swap.py,_calc_layout_distance,342,routing,routing_method,lookahead,medium,False,"Il callback pubblico di Qiskit viene eseguito dopo ogni pass: last_completed_pass non identifica necessariamente il pass interrotto. | Lo stack indica dove SIGALRM è stato osservato, non dimostra quale pass, configurazione, circuito o hardware abbia causato il timeout. | Un'attribuzione causale richiede confronti controllati tra circuiti, configurazioni e device.",qiskit/transpiler/passes/routing/lookahead_swap.py:342:_calc_layout_distance
ibm_falcon_27,27,f30536987677ef5017fe3a89b8b4ee0a3e7252a1a226cc3db95fd9b2e822d991,run_fdcb8ff5112f6d879b6c8b6f0926b801710c0b7556ef98c4ca106e70b03a30eb,qpeinexact_indep_qiskit_14,qpeinexact,qiskit,14,41,137,o3_sabre_lookahead,3,sabre,lookahead,1,timeout,transpilation,timeout,AttemptTimeoutError,100.0,100.00299172599989,Tentativo interrotto dopo 100.0 secondi.,qiskit_post_pass_callback_and_sigalrm_traceback,transpilation,21,LookaheadSwap,qiskit.transpiler.passes.routing.lookahead_swap.LookaheadSwap,20,99.91700601577759,99.99811068599956,qiskit/transpiler/passes/routing/lookahead_swap.py,_calc_layout_distance,342,routing,routing_method,lookahead,medium,False,"Il callback pubblico di Qiskit viene eseguito dopo ogni pass: last_completed_pass non identifica necessariamente il pass interrotto. | Lo stack indica dove SIGALRM è stato osservato, non dimostra quale pass, configurazione, circuito o hardware abbia causato il timeout. | Un'attribuzione causale richiede confronti controllati tra circuiti, configurazioni e device.",qiskit/transpiler/passes/routing/lookahead_swap.py:342:_calc_layout_distance
ibm_falcon_27,27,f30536987677ef5017fe3a89b8b4ee0a3e7252a1a226cc3db95fd9b2e822d991,run_57773061c354df79704199a500b2064170454e8a1e649c7a23d22ae7ac0b296b,qpeinexact_indep_qiskit_14,qpeinexact,qiskit,14,41,137,o3_sabre_lookahead,3,sabre,lookahead,2,timeout,transpilation,timeout,AttemptTimeoutError,100.0,100.00293571200018,Tentativo interrotto dopo 100.0 secondi.,qiskit_post_pass_callback_and_sigalrm_traceback,transpilation,21,LookaheadSwap,qiskit.transpiler.passes.routing.lookahead_swap.LookaheadSwap,20,99.88370037078857,99.99791552600072,qiskit/transpiler/passes/routing/lookahead_swap.py,_calc_layout_distance,342,routing,routing_method,lookahead,medium,False,"Il callback pubblico di Qiskit viene eseguito dopo ogni pass: last_completed_pass non identifica necessariamente il pass interrotto. | Lo stack indica dove SIGALRM è stato osservato, non dimostra quale pass, configurazione, circuito o hardware abbia causato il timeout. | Un'attribuzione causale richiede confronti controllati tra circuiti, configurazioni e device.",qiskit/transpiler/passes/routing/lookahead_swap.py:342:_calc_layout_distance
ibm_falcon_27,27,f30536987677ef5017fe3a89b8b4ee0a3e7252a1a226cc3db95fd9b2e822d991,run_48d250a9842683057da4fae2be77fea6093a1b75b2fada9aa9bbd1b63517968d,qpeinexact_indep_qiskit_15,qpeinexact,qiskit,15,44,155,o3_sabre_lookahead,3,sabre,lookahead,0,timeout,transpilation,timeout,AttemptTimeoutError,100.0,100.0032838799998,Tentativo interrotto dopo 100.0 secondi.,qiskit_post_pass_callback_and_sigalrm_traceback,transpilation,21,LookaheadSwap,qiskit.transpiler.passes.routing.lookahead_swap.LookaheadSwap,20,99.90421509742737,99.997820736,qiskit/transpiler/passes/routing/lookahead_swap.py,_calc_layout_distance,342,routing,routing_method,lookahead,medium,False,"Il callback pubblico di Qiskit viene eseguito dopo ogni pass: last_completed_pass non identifica necessariamente il pass interrotto. | Lo stack indica dove SIGALRM è stato osservato, non dimostra quale pass, configurazione, circuito o hardware abbia causato il timeout. | Un'attribuzione causale richiede confronti controllati tra circuiti, configurazioni e device.",qiskit/transpiler/passes/routing/lookahead_swap.py:342:_calc_layout_distance
ibm_falcon_27,27,f30536987677ef5017fe3a89b8b4ee0a3e7252a1a226cc3db95fd9b2e822d991,run_dc362a90327dbde5fc7cdc41f44d223a4deb079729a8c949fd663a29133a4e12,qpeinexact_indep_qiskit_15,qpeinexact,qiskit,15,44,155,o3_sabre_lookahead,3,sabre,lookahead,1,timeout,transpilation,timeout,AttemptTimeoutError,100.0,100.00347441399936,Tentativo interrotto dopo 100.0 secondi.,qiskit_post_pass_callback_and_sigalrm_traceback,transpilation,21,LookaheadSwap,qiskit.transpiler.passes.routing.lookahead_swap.LookaheadSwap,20,99.87989664077759,99.99780163499963,qiskit/transpiler/passes/routing/lookahead_swap.py,_calc_layout_distance,342,routing,routing_method,lookahead,medium,False,"Il callback pubblico di Qiskit viene eseguito dopo ogni pass: last_completed_pass non identifica necessariamente il pass interrotto. | Lo stack indica dove SIGALRM è stato osservato, non dimostra quale pass, configurazione, circuito o hardware abbia causato il timeout. | Un'attribuzione causale richiede confronti controllati tra circuiti, configurazioni e device.",qiskit/transpiler/passes/routing/lookahead_swap.py:342:_calc_layout_distance
ibm_falcon_27,27,f30536987677ef5017fe3a89b8b4ee0a3e7252a1a226cc3db95fd9b2e822d991,run_65568b975bea875d7a9a0ebd0667e90767f6bcb753b503033d4512d440e75b83,qpeinexact_indep_qiskit_15,qpeinexact,qiskit,15,44,155,o3_sabre_lookahead,3,sabre,lookahead,2,timeout,transpilation,timeout,AttemptTimeoutError,100.0,100.00346390699997,Tentativo interrotto dopo 100.0 secondi.,qiskit_post_pass_callback_and_sigalrm_traceback,transpilation,21,LookaheadSwap,qiskit.transpiler.passes.routing.lookahead_swap.LookaheadSwap,20,99.89430046081543,99.99776904100145,qiskit/transpiler/passes/routing/lookahead_swap.py,_search_forward_n_swaps,219,routing,routing_method,lookahead,medium,False,"Il callback pubblico di Qiskit viene eseguito dopo ogni pass: last_completed_pass non identifica necessariamente il pass interrotto. | Lo stack indica dove SIGALRM è stato osservato, non dimostra quale pass, configurazione, circuito o hardware abbia causato il timeout. | Un'attribuzione causale richiede confronti controllati tra circuiti, configurazioni e device.",qiskit/transpiler/passes/routing/lookahead_swap.py:219:_search_forward_n_swaps
ibm_falcon_27,27,f30536987677ef5017fe3a89b8b4ee0a3e7252a1a226cc3db95fd9b2e822d991,run_7bf79f34029f48167198bd12395283fc894e9a84e0c15a3ff60b9a1bf71e4626,qpeinexact_indep_qiskit_16,qpeinexact,qiskit,16,47,173,o3_sabre_lookahead,3,sabre,lookahead,0,timeout,transpilation,timeout,AttemptTimeoutError,100.0,100.00378290899971,Tentativo interrotto dopo 100.0 secondi.,qiskit_post_pass_callback_and_sigalrm_traceback,transpilation,21,LookaheadSwap,qiskit.transpiler.passes.routing.lookahead_swap.LookaheadSwap,20,99.89119005203247,99.99750618599865,qiskit/transpiler/passes/routing/lookahead_swap.py,_calc_layout_distance,342,routing,routing_method,lookahead,medium,False,"Il callback pubblico di Qiskit viene eseguito dopo ogni pass: last_completed_pass non identifica necessariamente il pass interrotto. | Lo stack indica dove SIGALRM è stato osservato, non dimostra quale pass, configurazione, circuito o hardware abbia causato il timeout. | Un'attribuzione causale richiede confronti controllati tra circuiti, configurazioni e device.",qiskit/transpiler/passes/routing/lookahead_swap.py:342:_calc_layout_distance
ibm_falcon_27,27,f30536987677ef5017fe3a89b8b4ee0a3e7252a1a226cc3db95fd9b2e822d991,run_1ebfe5bd4193e56349dfd70355a8b6994ca25cebaab1da99e52aff9577f1d39f,qpeinexact_indep_qiskit_16,qpeinexact,qiskit,16,47,173,o3_sabre_lookahead,3,sabre,lookahead,1,timeout,transpilation,timeout,AttemptTimeoutError,100.0,100.00355720399966,Tentativo interrotto dopo 100.0 secondi.,qiskit_post_pass_callback_and_sigalrm_traceback,transpilation,21,LookaheadSwap,qiskit.transpiler.passes.routing.lookahead_swap.LookaheadSwap,20,99.89315700531006,99.99751425100112,qiskit/transpiler/passes/routing/lookahead_swap.py,_map_free_gates,314,routing,routing_method,lookahead,medium,False,"Il callback pubblico di Qiskit viene eseguito dopo ogni pass: last_completed_pass non identifica necessariamente il pass interrotto. | Lo stack indica dove SIGALRM è stato osservato, non dimostra quale pass, configurazione, circuito o hardware abbia causato il timeout. | Un'attribuzione causale richiede confronti controllati tra circuiti, configurazioni e device.",qiskit/transpiler/passes/routing/lookahead_swap.py:314:_map_free_gates
ibm_falcon_27,27,f30536987677ef5017fe3a89b8b4ee0a3e7252a1a226cc3db95fd9b2e822d991,run_a1a84bd1c1ed2a9c1942f2501fa4c793e959cb5b043412e5a78aba2876123a41,qpeinexact_indep_qiskit_16,qpeinexact,qiskit,16,47,173,o3_sabre_lookahead,3,sabre,lookahead,2,timeout,transpilation,timeout,AttemptTimeoutError,100.0,100.00371947900203,Tentativo interrotto dopo 100.0 secondi.,qiskit_post_pass_callback_and_sigalrm_traceback,transpilation,21,LookaheadSwap,qiskit.transpiler.passes.routing.lookahead_swap.LookaheadSwap,20,99.8369026184082,99.99751480900159,qiskit/transpiler/passes/routing/lookahead_swap.py,_calc_layout_distance,342,routing,routing_method,lookahead,medium,False,"Il callback pubblico di Qiskit viene eseguito dopo ogni pass: last_completed_pass non identifica necessariamente il pass interrotto. | Lo stack indica dove SIGALRM è stato osservato, non dimostra quale pass, configurazione, circuito o hardware abbia causato il timeout. | Un'attribuzione causale richiede confronti controllati tra circuiti, configurazioni e device.",qiskit/transpiler/passes/routing/lookahead_swap.py:342:_calc_layout_distance
ibm_falcon_27,27,f30536987677ef5017fe3a89b8b4ee0a3e7252a1a226cc3db95fd9b2e822d991,run_cd1a592843696e37be40062e5f3235efeae0374ceb0c8a6dd62f5c181a8e6287,qpeinexact_indep_tket_11,qpeinexact,tket,11,32,91,o3_sabre_lookahead,3,sabre,lookahead,1,timeout,transpilation,timeout,AttemptTimeoutError,100.0,100.00265294400015,Tentativo interrotto dopo 100.0 secondi.,qiskit_post_pass_callback_and_sigalrm_traceback,transpilation,21,LookaheadSwap,qiskit.transpiler.passes.routing.lookahead_swap.LookaheadSwap,20,99.94139337539673,99.99852956999894,qiskit/transpiler/passes/routing/lookahead_swap.py,_calc_layout_distance,342,routing,routing_method,lookahead,medium,False,"Il callback pubblico di Qiskit viene eseguito dopo ogni pass: last_completed_pass non identifica necessariamente il pass interrotto. | Lo stack indica dove SIGALRM è stato osservato, non dimostra quale pass, configurazione, circuito o hardware abbia causato il timeout. | Un'attribuzione causale richiede confronti controllati tra circuiti, configurazioni e device.",qiskit/transpiler/passes/routing/lookahead_swap.py:342:_calc_layout_distance
ibm_falcon_27,27,f30536987677ef5017fe3a89b8b4ee0a3e7252a1a226cc3db95fd9b2e822d991,run_a63b9b879d6b133bec2b90182b65df6464ceee1ee72e845cb708691e72aef652,qpeinexact_indep_tket_12,qpeinexact,tket,12,35,105,o3_sabre_lookahead,3,sabre,lookahead,1,timeout,transpilation,timeout,AttemptTimeoutError,100.0,100.00313847600046,Tentativo interrotto dopo 100.0 secondi.,qiskit_post_pass_callback_and_sigalrm_traceback,transpilation,21,LookaheadSwap,qiskit.transpiler.passes.routing.lookahead_swap.LookaheadSwap,20,99.93741512298584,99.99822875400059,qiskit/transpiler/passes/routing/lookahead_swap.py,_calc_layout_distance,342,routing,routing_method,lookahead,medium,False,"Il callback pubblico di Qiskit viene eseguito dopo ogni pass: last_completed_pass non identifica necessariamente il pass interrotto. | Lo stack indica dove SIGALRM è stato osservato, non dimostra quale pass, configurazione, circuito o hardware abbia causato il timeout. | Un'attribuzione causale richiede confronti controllati tra circuiti, configurazioni e device.",qiskit/transpiler/passes/routing/lookahead_swap.py:342:_calc_layout_distance
ibm_falcon_27,27,f30536987677ef5017fe3a89b8b4ee0a3e7252a1a226cc3db95fd9b2e822d991,run_516f4ebf569d34eb83205a6876ac43cff238a06e7e8b26964c694e1404a621ae,qpeinexact_indep_tket_13,qpeinexact,tket,13,38,121,o3_sabre_lookahead,3,sabre,lookahead,0,timeout,transpilation,timeout,AttemptTimeoutError,100.0,100.00313616999847,Tentativo interrotto dopo 100.0 secondi.,qiskit_post_pass_callback_and_sigalrm_traceback,transpilation,21,LookaheadSwap,qiskit.transpiler.passes.routing.lookahead_swap.LookaheadSwap,20,99.92023587226868,99.99818845000118,qiskit/transpiler/passes/routing/lookahead_swap.py,_calc_layout_distance,342,routing,routing_method,lookahead,medium,False,"Il callback pubblico di Qiskit viene eseguito dopo ogni pass: last_completed_pass non identifica necessariamente il pass interrotto. | Lo stack indica dove SIGALRM è stato osservato, non dimostra quale pass, configurazione, circuito o hardware abbia causato il timeout. | Un'attribuzione causale richiede confronti controllati tra circuiti, configurazioni e device.",qiskit/transpiler/passes/routing/lookahead_swap.py:342:_calc_layout_distance
ibm_falcon_27,27,f30536987677ef5017fe3a89b8b4ee0a3e7252a1a226cc3db95fd9b2e822d991,run_86f21671dd27195055fbddcca8775e525df31bec1f2a1c1fba1d93e97719c77b,qpeinexact_indep_tket_13,qpeinexact,tket,13,38,121,o3_sabre_lookahead,3,sabre,lookahead,1,timeout,transpilation,timeout,AttemptTimeoutError,100.0,100.00262224400285,Tentativo interrotto dopo 100.0 secondi.,qiskit_post_pass_callback_and_sigalrm_traceback,transpilation,21,LookaheadSwap,qiskit.transpiler.passes.routing.lookahead_swap.LookaheadSwap,20,99.90713000297546,99.99816085199927,qiskit/transpiler/passes/routing/lookahead_swap.py,_calc_layout_distance,342,routing,routing_method,lookahead,medium,False,"Il callback pubblico di Qiskit viene eseguito dopo ogni pass: last_completed_pass non identifica necessariamente il pass interrotto. | Lo stack indica dove SIGALRM è stato osservato, non dimostra quale pass, configurazione, circuito o hardware abbia causato il timeout. | Un'attribuzione causale richiede confronti controllati tra circuiti, configurazioni e device.",qiskit/transpiler/passes/routing/lookahead_swap.py:342:_calc_layout_distance
ibm_falcon_27,27,f30536987677ef5017fe3a89b8b4ee0a3e7252a1a226cc3db95fd9b2e822d991,run_8b2ac924208196dcef2db25b92a80d4b5cee40aa914b19fa36a736130c0c894c,qpeinexact_indep_tket_13,qpeinexact,tket,13,38,121,o3_sabre_lookahead,3,sabre,lookahead,2,timeout,transpilation,timeout,AttemptTimeoutError,100.0,100.0029820460004,Tentativo interrotto dopo 100.0 secondi.,qiskit_post_pass_callback_and_sigalrm_traceback,transpilation,21,LookaheadSwap,qiskit.transpiler.passes.routing.lookahead_swap.LookaheadSwap,20,99.93012309074402,99.99816137699963,qiskit/transpiler/passes/routing/lookahead_swap.py,_map_free_gates,312,routing,routing_method,lookahead,medium,False,"Il callback pubblico di Qiskit viene eseguito dopo ogni pass: last_completed_pass non identifica necessariamente il pass interrotto. | Lo stack indica dove SIGALRM è stato osservato, non dimostra quale pass, configurazione, circuito o hardware abbia causato il timeout. | Un'attribuzione causale richiede confronti controllati tra circuiti, configurazioni e device.",qiskit/transpiler/passes/routing/lookahead_swap.py:312:_map_free_gates
ibm_falcon_27,27,f30536987677ef5017fe3a89b8b4ee0a3e7252a1a226cc3db95fd9b2e822d991,run_4c33513c79a05e07f012d435e68a7baff81d0feb3a1adfd68532b663ab8682dd,qpeinexact_indep_tket_14,qpeinexact,tket,14,41,137,o3_sabre_lookahead,3,sabre,lookahead,0,timeout,transpilation,timeout,AttemptTimeoutError,100.0,100.00351688699811,Tentativo interrotto dopo 100.0 secondi.,qiskit_post_pass_callback_and_sigalrm_traceback,transpilation,21,LookaheadSwap,qiskit.transpiler.passes.routing.lookahead_swap.LookaheadSwap,20,99.9330096244812,99.99775935700018,qiskit/transpiler/passes/routing/lookahead_swap.py,_first_op_node,390,routing,routing_method,lookahead,medium,False,"Il callback pubblico di Qiskit viene eseguito dopo ogni pass: last_completed_pass non identifica necessariamente il pass interrotto. | Lo stack indica dove SIGALRM è stato osservato, non dimostra quale pass, configurazione, circuito o hardware abbia causato il timeout. | Un'attribuzione causale richiede confronti controllati tra circuiti, configurazioni e device.",qiskit/transpiler/passes/routing/lookahead_swap.py:390:_first_op_node
ibm_falcon_27,27,f30536987677ef5017fe3a89b8b4ee0a3e7252a1a226cc3db95fd9b2e822d991,run_ef835024fb0145f342c78a01ee0792bc6fcc48ad72914a79dec99be297681e0a,qpeinexact_indep_tket_14,qpeinexact,tket,14,41,137,o3_sabre_lookahead,3,sabre,lookahead,1,timeout,transpilation,timeout,AttemptTimeoutError,100.0,100.00322239399975,Tentativo interrotto dopo 100.0 secondi.,qiskit_post_pass_callback_and_sigalrm_traceback,transpilation,21,LookaheadSwap,qiskit.transpiler.passes.routing.lookahead_swap.LookaheadSwap,20,99.90421414375305,99.99788147300205,qiskit/transpiler/passes/routing/lookahead_swap.py,_score_state_with_swap,354,routing,routing_method,lookahead,medium,False,"Il callback pubblico di Qiskit viene eseguito dopo ogni pass: last_completed_pass non identifica necessariamente il pass interrotto. | Lo stack indica dove SIGALRM è stato osservato, non dimostra quale pass, configurazione, circuito o hardware abbia causato il timeout. | Un'attribuzione causale richiede confronti controllati tra circuiti, configurazioni e device.",qiskit/transpiler/passes/routing/lookahead_swap.py:354:_score_state_with_swap
ibm_falcon_27,27,f30536987677ef5017fe3a89b8b4ee0a3e7252a1a226cc3db95fd9b2e822d991,run_725f92504e8cdf491606fbb60e8732f6333017641bf2391bcd3427e1e52f38a6,qpeinexact_indep_tket_14,qpeinexact,tket,14,41,137,o3_sabre_lookahead,3,sabre,lookahead,2,timeout,transpilation,timeout,AttemptTimeoutError,100.0,100.00323088599907,Tentativo interrotto dopo 100.0 secondi.,qiskit_post_pass_callback_and_sigalrm_traceback,transpilation,21,LookaheadSwap,qiskit.transpiler.passes.routing.lookahead_swap.LookaheadSwap,20,99.91929197311401,99.99783872399712,qiskit/transpiler/passes/routing/lookahead_swap.py,_score_state_with_swap,356,routing,routing_method,lookahead,medium,False,"Il callback pubblico di Qiskit viene eseguito dopo ogni pass: last_completed_pass non identifica necessariamente il pass interrotto. | Lo stack indica dove SIGALRM è stato osservato, non dimostra quale pass, configurazione, circuito o hardware abbia causato il timeout. | Un'attribuzione causale richiede confronti controllati tra circuiti, configurazioni e device.",qiskit/transpiler/passes/routing/lookahead_swap.py:356:_score_state_with_swap
ibm_falcon_27,27,f30536987677ef5017fe3a89b8b4ee0a3e7252a1a226cc3db95fd9b2e822d991,run_ffbc8be69f24ffce1af1249c82b69f02ffb09a80c21efd49f0fc9f5c8a83a9de,qpeinexact_indep_tket_15,qpeinexact,tket,15,44,155,o3_sabre_lookahead,3,sabre,lookahead,0,timeout,transpilation,timeout,AttemptTimeoutError,100.0,100.00338287799968,Tentativo interrotto dopo 100.0 secondi.,qiskit_post_pass_callback_and_sigalrm_traceback,transpilation,21,LookaheadSwap,qiskit.transpiler.passes.routing.lookahead_swap.LookaheadSwap,20,99.91719174385071,99.99675776799995,qiskit/transpiler/passes/routing/lookahead_swap.py,_calc_layout_distance,342,routing,routing_method,lookahead,medium,False,"Il callback pubblico di Qiskit viene eseguito dopo ogni pass: last_completed_pass non identifica necessariamente il pass interrotto. | Lo stack indica dove SIGALRM è stato osservato, non dimostra quale pass, configurazione, circuito o hardware abbia causato il timeout. | Un'attribuzione causale richiede confronti controllati tra circuiti, configurazioni e device.",qiskit/transpiler/passes/routing/lookahead_swap.py:342:_calc_layout_distance
ibm_falcon_27,27,f30536987677ef5017fe3a89b8b4ee0a3e7252a1a226cc3db95fd9b2e822d991,run_c6e4b2bb55d3c30a285daf199e7182d3067402a3e1c9d1f28d9a9966ecd50928,qpeinexact_indep_tket_15,qpeinexact,tket,15,44,155,o3_sabre_lookahead,3,sabre,lookahead,1,timeout,transpilation,timeout,AttemptTimeoutError,100.0,100.0032945210005,Tentativo interrotto dopo 100.0 secondi.,qiskit_post_pass_callback_and_sigalrm_traceback,transpilation,21,LookaheadSwap,qiskit.transpiler.passes.routing.lookahead_swap.LookaheadSwap,20,99.87870597839355,99.99765853500139,qiskit/transpiler/passes/routing/lookahead_swap.py,_calc_layout_distance,341,routing,routing_method,lookahead,medium,False,"Il callback pubblico di Qiskit viene eseguito dopo ogni pass: last_completed_pass non identifica necessariamente il pass interrotto. | Lo stack indica dove SIGALRM è stato osservato, non dimostra quale pass, configurazione, circuito o hardware abbia causato il timeout. | Un'attribuzione causale richiede confronti controllati tra circuiti, configurazioni e device.",qiskit/transpiler/passes/routing/lookahead_swap.py:341:_calc_layout_distance
ibm_falcon_27,27,f30536987677ef5017fe3a89b8b4ee0a3e7252a1a226cc3db95fd9b2e822d991,run_5f437dc7758a70f88fecfb9c1b9182ec1ebb9f91e30a486cc63db616a075b8d0,qpeinexact_indep_tket_15,qpeinexact,tket,15,44,155,o3_sabre_lookahead,3,sabre,lookahead,2,timeout,transpilation,timeout,AttemptTimeoutError,100.0,100.00339359699865,Tentativo interrotto dopo 100.0 secondi.,qiskit_post_pass_callback_and_sigalrm_traceback,transpilation,21,LookaheadSwap,qiskit.transpiler.passes.routing.lookahead_swap.LookaheadSwap,20,99.90086078643799,99.9974409839997,qiskit/transpiler/passes/routing/lookahead_swap.py,_map_free_gates,318,routing,routing_method,lookahead,medium,False,"Il callback pubblico di Qiskit viene eseguito dopo ogni pass: last_completed_pass non identifica necessariamente il pass interrotto. | Lo stack indica dove SIGALRM è stato osservato, non dimostra quale pass, configurazione, circuito o hardware abbia causato il timeout. | Un'attribuzione causale richiede confronti controllati tra circuiti, configurazioni e device.",qiskit/transpiler/passes/routing/lookahead_swap.py:318:_map_free_gates
ibm_falcon_27,27,f30536987677ef5017fe3a89b8b4ee0a3e7252a1a226cc3db95fd9b2e822d991,run_2d014283306a3d75644eb089d1585c2b20e290527de62485b971494be137d9c5,random_indep_qiskit_6,random,qiskit,6,34,78,o3_sabre_lookahead,3,sabre,lookahead,0,timeout,transpilation,timeout,AttemptTimeoutError,100.0,100.00798995700006,Tentativo interrotto dopo 100.0 secondi.,qiskit_post_pass_callback_and_sigalrm_traceback,transpilation,21,LookaheadSwap,qiskit.transpiler.passes.routing.lookahead_swap.LookaheadSwap,20,99.95379662513733,100.00343132300077,qiskit/transpiler/passes/routing/lookahead_swap.py,_first_op_node,390,routing,routing_method,lookahead,medium,False,"Il callback pubblico di Qiskit viene eseguito dopo ogni pass: last_completed_pass non identifica necessariamente il pass interrotto. | Lo stack indica dove SIGALRM è stato osservato, non dimostra quale pass, configurazione, circuito o hardware abbia causato il timeout. | Un'attribuzione causale richiede confronti controllati tra circuiti, configurazioni e device.",qiskit/transpiler/passes/routing/lookahead_swap.py:390:_first_op_node
ibm_falcon_27,27,f30536987677ef5017fe3a89b8b4ee0a3e7252a1a226cc3db95fd9b2e822d991,run_47acb7ae93fd11f88a0585dabb18913fdcd2feb4d6eb88775dfa8c0b543d864b,random_indep_qiskit_6,random,qiskit,6,34,78,o3_sabre_lookahead,3,sabre,lookahead,1,timeout,transpilation,timeout,AttemptTimeoutError,100.0,100.00264839600004,Tentativo interrotto dopo 100.0 secondi.,qiskit_post_pass_callback_and_sigalrm_traceback,transpilation,21,LookaheadSwap,qiskit.transpiler.passes.routing.lookahead_swap.LookaheadSwap,20,99.9627251625061,99.99880331899931,qiskit/transpiler/passes/routing/lookahead_swap.py,_calc_layout_distance,342,routing,routing_method,lookahead,medium,False,"Il callback pubblico di Qiskit viene eseguito dopo ogni pass: last_completed_pass non identifica necessariamente il pass interrotto. | Lo stack indica dove SIGALRM è stato osservato, non dimostra quale pass, configurazione, circuito o hardware abbia causato il timeout. | Un'attribuzione causale richiede confronti controllati tra circuiti, configurazioni e device.",qiskit/transpiler/passes/routing/lookahead_swap.py:342:_calc_layout_distance
ibm_falcon_27,27,f30536987677ef5017fe3a89b8b4ee0a3e7252a1a226cc3db95fd9b2e822d991,run_5f60d52b17b4150792879f00e84553156f89f32cb2bd5b7ef7d49e989a75583d,random_indep_qiskit_7,random,qiskit,7,41,116,o3_sabre_lookahead,3,sabre,lookahead,0,timeout,transpilation,timeout,AttemptTimeoutError,100.0,100.00329553499978,Tentativo interrotto dopo 100.0 secondi.,qiskit_post_pass_callback_and_sigalrm_traceback,transpilation,21,LookaheadSwap,qiskit.transpiler.passes.routing.lookahead_swap.LookaheadSwap,20,99.93011260032654,99.99856834799994,qiskit/transpiler/passes/routing/lookahead_swap.py,_calc_layout_distance,341,routing,routing_method,lookahead,medium,False,"Il callback pubblico di Qiskit viene eseguito dopo ogni pass: last_completed_pass non identifica necessariamente il pass interrotto. | Lo stack indica dove SIGALRM è stato osservato, non dimostra quale pass, configurazione, circuito o hardware abbia causato il timeout. | Un'attribuzione causale richiede confronti controllati tra circuiti, configurazioni e device.",qiskit/transpiler/passes/routing/lookahead_swap.py:341:_calc_layout_distance
ibm_falcon_27,27,f30536987677ef5017fe3a89b8b4ee0a3e7252a1a226cc3db95fd9b2e822d991,run_e36f3767b03680049fb9cdb1ea120ab5d411f69dcdcfc7b72fe7553a25499883,random_indep_qiskit_7,random,qiskit,7,41,116,o3_sabre_lookahead,3,sabre,lookahead,1,timeout,transpilation,timeout,AttemptTimeoutError,100.0,100.00318868699924,Tentativo interrotto dopo 100.0 secondi.,qiskit_post_pass_callback_and_sigalrm_traceback,transpilation,21,LookaheadSwap,qiskit.transpiler.passes.routing.lookahead_swap.LookaheadSwap,20,99.95194435119629,99.99875458600036,qiskit/transpiler/passes/routing/lookahead_swap.py,_search_forward_n_swaps,210,routing,routing_method,lookahead,medium,False,"Il callback pubblico di Qiskit viene eseguito dopo ogni pass: last_completed_pass non identifica necessariamente il pass interrotto. | Lo stack indica dove SIGALRM è stato osservato, non dimostra quale pass, configurazione, circuito o hardware abbia causato il timeout. | Un'attribuzione causale richiede confronti controllati tra circuiti, configurazioni e device.",qiskit/transpiler/passes/routing/lookahead_swap.py:210:_search_forward_n_swaps
ibm_falcon_27,27,f30536987677ef5017fe3a89b8b4ee0a3e7252a1a226cc3db95fd9b2e822d991,run_42e4799172dcf8e1f1b4bbec57a3e9113ca5b6da15d33aa7dc2c562fa66e218e,random_indep_qiskit_7,random,qiskit,7,41,116,o3_sabre_lookahead,3,sabre,lookahead,2,timeout,transpilation,timeout,AttemptTimeoutError,100.0,100.01429557200026,Tentativo interrotto dopo 100.0 secondi.,qiskit_post_pass_callback_and_sigalrm_traceback,transpilation,21,LookaheadSwap,qiskit.transpiler.passes.routing.lookahead_swap.LookaheadSwap,20,99.92334079742432,100.00655917299991,qiskit/transpiler/passes/routing/lookahead_swap.py,_first_op_node,390,routing,routing_method,lookahead,medium,False,"Il callback pubblico di Qiskit viene eseguito dopo ogni pass: last_completed_pass non identifica necessariamente il pass interrotto. | Lo stack indica dove SIGALRM è stato osservato, non dimostra quale pass, configurazione, circuito o hardware abbia causato il timeout. | Un'attribuzione causale richiede confronti controllati tra circuiti, configurazioni e device.",qiskit/transpiler/passes/routing/lookahead_swap.py:390:_first_op_node
ibm_falcon_27,27,f30536987677ef5017fe3a89b8b4ee0a3e7252a1a226cc3db95fd9b2e822d991,run_886feaa88f946e57880be9702b86987e31f6685dbbeb35a3b759c7b13d6a01b8,random_indep_qiskit_8,random,qiskit,8,50,152,o3_sabre_lookahead,3,sabre,lookahead,0,timeout,transpilation,timeout,AttemptTimeoutError,100.0,100.00310296200041,Tentativo interrotto dopo 100.0 secondi.,qiskit_post_pass_callback_and_sigalrm_traceback,transpilation,21,LookaheadSwap,qiskit.transpiler.passes.routing.lookahead_swap.LookaheadSwap,20,99.93288397789001,99.99448828800087,qiskit/transpiler/passes/routing/lookahead_swap.py,_map_free_gates,312,routing,routing_method,lookahead,medium,False,"Il callback pubblico di Qiskit viene eseguito dopo ogni pass: last_completed_pass non identifica necessariamente il pass interrotto. | Lo stack indica dove SIGALRM è stato osservato, non dimostra quale pass, configurazione, circuito o hardware abbia causato il timeout. | Un'attribuzione causale richiede confronti controllati tra circuiti, configurazioni e device.",qiskit/transpiler/passes/routing/lookahead_swap.py:312:_map_free_gates
ibm_falcon_27,27,f30536987677ef5017fe3a89b8b4ee0a3e7252a1a226cc3db95fd9b2e822d991,run_6ef7419e1e21b6ec3bfc18cf6cbd9d48108c6c9749c682fd349dbbc8435e75cb,random_indep_qiskit_8,random,qiskit,8,50,152,o3_sabre_lookahead,3,sabre,lookahead,1,timeout,transpilation,timeout,AttemptTimeoutError,100.0,100.00327619899963,Tentativo interrotto dopo 100.0 secondi.,qiskit_post_pass_callback_and_sigalrm_traceback,transpilation,21,LookaheadSwap,qiskit.transpiler.passes.routing.lookahead_swap.LookaheadSwap,20,99.92559099197388,99.9983704389997,qiskit/transpiler/passes/routing/lookahead_swap.py,_calc_layout_distance,342,routing,routing_method,lookahead,medium,False,"Il callback pubblico di Qiskit viene eseguito dopo ogni pass: last_completed_pass non identifica necessariamente il pass interrotto. | Lo stack indica dove SIGALRM è stato osservato, non dimostra quale pass, configurazione, circuito o hardware abbia causato il timeout. | Un'attribuzione causale richiede confronti controllati tra circuiti, configurazioni e device.",qiskit/transpiler/passes/routing/lookahead_swap.py:342:_calc_layout_distance
ibm_falcon_27,27,f30536987677ef5017fe3a89b8b4ee0a3e7252a1a226cc3db95fd9b2e822d991,run_002e213767d88e15687594e67f5bbe2d58cefea8f61df5fbf50e793813398180,random_indep_qiskit_8,random,qiskit,8,50,152,o3_sabre_lookahead,3,sabre,lookahead,2,timeout,transpilation,timeout,AttemptTimeoutError,100.0,100.00599089099978,Tentativo interrotto dopo 100.0 secondi.,qiskit_post_pass_callback_and_sigalrm_traceback,transpilation,21,LookaheadSwap,qiskit.transpiler.passes.routing.lookahead_swap.LookaheadSwap,20,99.93830704689026,99.99818497999968,qiskit/transpiler/passes/routing/lookahead_swap.py,_calc_layout_distance,342,routing,routing_method,lookahead,medium,False,"Il callback pubblico di Qiskit viene eseguito dopo ogni pass: last_completed_pass non identifica necessariamente il pass interrotto. | Lo stack indica dove SIGALRM è stato osservato, non dimostra quale pass, configurazione, circuito o hardware abbia causato il timeout. | Un'attribuzione causale richiede confronti controllati tra circuiti, configurazioni e device.",qiskit/transpiler/passes/routing/lookahead_swap.py:342:_calc_layout_distance
ibm_falcon_27,27,f30536987677ef5017fe3a89b8b4ee0a3e7252a1a226cc3db95fd9b2e822d991,run_c17283b85f9ce99431d366154f3ab894faa56f7f047ba78c09875b19b7c55f9d,random_indep_tket_6,random,tket,6,34,78,o3_sabre_lookahead,3,sabre,lookahead,0,timeout,transpilation,timeout,AttemptTimeoutError,100.0,100.00265001099979,Tentativo interrotto dopo 100.0 secondi.,qiskit_post_pass_callback_and_sigalrm_traceback,transpilation,21,LookaheadSwap,qiskit.transpiler.passes.routing.lookahead_swap.LookaheadSwap,20,99.95069479942322,99.99882911499935,qiskit/transpiler/passes/routing/lookahead_swap.py,_calc_layout_distance,342,routing,routing_method,lookahead,medium,False,"Il callback pubblico di Qiskit viene eseguito dopo ogni pass: last_completed_pass non identifica necessariamente il pass interrotto. | Lo stack indica dove SIGALRM è stato osservato, non dimostra quale pass, configurazione, circuito o hardware abbia causato il timeout. | Un'attribuzione causale richiede confronti controllati tra circuiti, configurazioni e device.",qiskit/transpiler/passes/routing/lookahead_swap.py:342:_calc_layout_distance
ibm_falcon_27,27,f30536987677ef5017fe3a89b8b4ee0a3e7252a1a226cc3db95fd9b2e822d991,run_2e94b649689acfbd4945dc83a2601b86d383345283df3ecb5890f6e4df62def7,random_indep_tket_6,random,tket,6,34,78,o3_sabre_lookahead,3,sabre,lookahead,1,timeout,transpilation,timeout,AttemptTimeoutError,100.0,100.00286273999973,Tentativo interrotto dopo 100.0 secondi.,qiskit_post_pass_callback_and_sigalrm_traceback,transpilation,21,LookaheadSwap,qiskit.transpiler.passes.routing.lookahead_swap.LookaheadSwap,20,99.93953657150269,99.99886127900027,qiskit/transpiler/passes/routing/lookahead_swap.py,_calc_layout_distance,342,routing,routing_method,lookahead,medium,False,"Il callback pubblico di Qiskit viene eseguito dopo ogni pass: last_completed_pass non identifica necessariamente il pass interrotto. | Lo stack indica dove SIGALRM è stato osservato, non dimostra quale pass, configurazione, circuito o hardware abbia causato il timeout. | Un'attribuzione causale richiede confronti controllati tra circuiti, configurazioni e device.",qiskit/transpiler/passes/routing/lookahead_swap.py:342:_calc_layout_distance
ibm_falcon_27,27,f30536987677ef5017fe3a89b8b4ee0a3e7252a1a226cc3db95fd9b2e822d991,run_ed0a3f4ea6315f0e65cc5589da8fb1c740dc18c416c686678b120f9c08c16d13,random_indep_tket_7,random,tket,7,41,116,o3_sabre_lookahead,3,sabre,lookahead,0,timeout,transpilation,timeout,AttemptTimeoutError,100.0,100.0032372530004,Tentativo interrotto dopo 100.0 secondi.,qiskit_post_pass_callback_and_sigalrm_traceback,transpilation,21,LookaheadSwap,qiskit.transpiler.passes.routing.lookahead_swap.LookaheadSwap,20,99.95148992538452,99.99853237600018,qiskit/transpiler/passes/routing/lookahead_swap.py,<genexpr>,390,routing,routing_method,lookahead,medium,False,"Il callback pubblico di Qiskit viene eseguito dopo ogni pass: last_completed_pass non identifica necessariamente il pass interrotto. | Lo stack indica dove SIGALRM è stato osservato, non dimostra quale pass, configurazione, circuito o hardware abbia causato il timeout. | Un'attribuzione causale richiede confronti controllati tra circuiti, configurazioni e device.",qiskit/transpiler/passes/routing/lookahead_swap.py:390:<genexpr>
ibm_falcon_27,27,f30536987677ef5017fe3a89b8b4ee0a3e7252a1a226cc3db95fd9b2e822d991,run_d9a87700e19c6382b66c49782df6989ec8cef0e1e72ca0b172addb23dc44fde5,random_indep_tket_7,random,tket,7,41,116,o3_sabre_lookahead,3,sabre,lookahead,1,timeout,transpilation,timeout,AttemptTimeoutError,100.0,100.00385188100063,Tentativo interrotto dopo 100.0 secondi.,qiskit_post_pass_callback_and_sigalrm_traceback,transpilation,21,LookaheadSwap,qiskit.transpiler.passes.routing.lookahead_swap.LookaheadSwap,20,99.94358706474304,99.9988482890003,qiskit/transpiler/passes/routing/lookahead_swap.py,<genexpr>,390,routing,routing_method,lookahead,medium,False,"Il callback pubblico di Qiskit viene eseguito dopo ogni pass: last_completed_pass non identifica necessariamente il pass interrotto. | Lo stack indica dove SIGALRM è stato osservato, non dimostra quale pass, configurazione, circuito o hardware abbia causato il timeout. | Un'attribuzione causale richiede confronti controllati tra circuiti, configurazioni e device.",qiskit/transpiler/passes/routing/lookahead_swap.py:390:<genexpr>
ibm_falcon_27,27,f30536987677ef5017fe3a89b8b4ee0a3e7252a1a226cc3db95fd9b2e822d991,run_62a7527e0dc57bf2562393691c9afefac2c3d6b71b9087ce53f92331fac595cf,random_indep_tket_7,random,tket,7,41,116,o3_sabre_lookahead,3,sabre,lookahead,2,timeout,transpilation,timeout,AttemptTimeoutError,100.0,100.00353013399945,Tentativo interrotto dopo 100.0 secondi.,qiskit_post_pass_callback_and_sigalrm_traceback,transpilation,21,LookaheadSwap,qiskit.transpiler.passes.routing.lookahead_swap.LookaheadSwap,20,99.95699667930603,99.99873701599972,qiskit/transpiler/passes/routing/lookahead_swap.py,_calc_layout_distance,342,routing,routing_method,lookahead,medium,False,"Il callback pubblico di Qiskit viene eseguito dopo ogni pass: last_completed_pass non identifica necessariamente il pass interrotto. | Lo stack indica dove SIGALRM è stato osservato, non dimostra quale pass, configurazione, circuito o hardware abbia causato il timeout. | Un'attribuzione causale richiede confronti controllati tra circuiti, configurazioni e device.",qiskit/transpiler/passes/routing/lookahead_swap.py:342:_calc_layout_distance
ibm_falcon_27,27,f30536987677ef5017fe3a89b8b4ee0a3e7252a1a226cc3db95fd9b2e822d991,run_cc71deaea69307217c4f464867879163b80e305bad040fffb90df59b615d3e62,random_indep_tket_8,random,tket,8,50,152,o3_sabre_lookahead,3,sabre,lookahead,0,timeout,transpilation,timeout,AttemptTimeoutError,100.0,100.00528975200086,Tentativo interrotto dopo 100.0 secondi.,qiskit_post_pass_callback_and_sigalrm_traceback,transpilation,21,LookaheadSwap,qiskit.transpiler.passes.routing.lookahead_swap.LookaheadSwap,20,99.93395709991455,99.99948338200011,qiskit/transpiler/passes/routing/lookahead_swap.py,_calc_layout_distance,342,routing,routing_method,lookahead,medium,False,"Il callback pubblico di Qiskit viene eseguito dopo ogni pass: last_completed_pass non identifica necessariamente il pass interrotto. | Lo stack indica dove SIGALRM è stato osservato, non dimostra quale pass, configurazione, circuito o hardware abbia causato il timeout. | Un'attribuzione causale richiede confronti controllati tra circuiti, configurazioni e device.",qiskit/transpiler/passes/routing/lookahead_swap.py:342:_calc_layout_distance
ibm_falcon_27,27,f30536987677ef5017fe3a89b8b4ee0a3e7252a1a226cc3db95fd9b2e822d991,run_ce2b9408ebd8930c2457cfd0f3dd0205c9c3b359f7d4cae34d508772fc38d416,random_indep_tket_8,random,tket,8,50,152,o3_sabre_lookahead,3,sabre,lookahead,1,timeout,transpilation,timeout,AttemptTimeoutError,100.0,100.0049673579997,Tentativo interrotto dopo 100.0 secondi.,qiskit_post_pass_callback_and_sigalrm_traceback,transpilation,21,LookaheadSwap,qiskit.transpiler.passes.routing.lookahead_swap.LookaheadSwap,20,99.90798926353455,100.00008893999984,qiskit/transpiler/passes/routing/lookahead_swap.py,_calc_layout_distance,341,routing,routing_method,lookahead,medium,False,"Il callback pubblico di Qiskit viene eseguito dopo ogni pass: last_completed_pass non identifica necessariamente il pass interrotto. | Lo stack indica dove SIGALRM è stato osservato, non dimostra quale pass, configurazione, circuito o hardware abbia causato il timeout. | Un'attribuzione causale richiede confronti controllati tra circuiti, configurazioni e device.",qiskit/transpiler/passes/routing/lookahead_swap.py:341:_calc_layout_distance
ibm_falcon_27,27,f30536987677ef5017fe3a89b8b4ee0a3e7252a1a226cc3db95fd9b2e822d991,run_f52d9ddf79d7e8777b55e55826c3b821acad8ab85fe7ce3ffdaadc165910d46f,random_indep_tket_8,random,tket,8,50,152,o3_sabre_lookahead,3,sabre,lookahead,2,timeout,transpilation,timeout,AttemptTimeoutError,100.0,100.00361809199967,Tentativo interrotto dopo 100.0 secondi.,qiskit_post_pass_callback_and_sigalrm_traceback,transpilation,21,LookaheadSwap,qiskit.transpiler.passes.routing.lookahead_swap.LookaheadSwap,20,99.9033751487732,99.99828961100047,qiskit/transpiler/passes/routing/lookahead_swap.py,_first_op_node,386,routing,routing_method,lookahead,medium,False,"Il callback pubblico di Qiskit viene eseguito dopo ogni pass: last_completed_pass non identifica necessariamente il pass interrotto. | Lo stack indica dove SIGALRM è stato osservato, non dimostra quale pass, configurazione, circuito o hardware abbia causato il timeout. | Un'attribuzione causale richiede confronti controllati tra circuiti, configurazioni e device.",qiskit/transpiler/passes/routing/lookahead_swap.py:386:_first_op_node
ibm_falcon_27,27,f30536987677ef5017fe3a89b8b4ee0a3e7252a1a226cc3db95fd9b2e822d991,run_400e95b6743a7cffe0613ef449ee9ef1248cc2dcc0ede526558a465595391da3,realamprandom_indep_qiskit_10,realamprandom,qiskit,10,42,185,o3_sabre_lookahead,3,sabre,lookahead,0,timeout,transpilation,timeout,AttemptTimeoutError,100.0,100.00525682999978,Tentativo interrotto dopo 100.0 secondi.,qiskit_post_pass_callback_and_sigalrm_traceback,transpilation,21,LookaheadSwap,qiskit.transpiler.passes.routing.lookahead_swap.LookaheadSwap,20,99.90270829200745,99.99963741699958,qiskit/transpiler/passes/routing/lookahead_swap.py,_first_op_node,390,routing,routing_method,lookahead,medium,False,"Il callback pubblico di Qiskit viene eseguito dopo ogni pass: last_completed_pass non identifica necessariamente il pass interrotto. | Lo stack indica dove SIGALRM è stato osservato, non dimostra quale pass, configurazione, circuito o hardware abbia causato il timeout. | Un'attribuzione causale richiede confronti controllati tra circuiti, configurazioni e device.",qiskit/transpiler/passes/routing/lookahead_swap.py:390:_first_op_node
ibm_falcon_27,27,f30536987677ef5017fe3a89b8b4ee0a3e7252a1a226cc3db95fd9b2e822d991,run_0cb0895276992a270b09f4c174daae42df256801afcbd54900ea798c180d203c,realamprandom_indep_qiskit_10,realamprandom,qiskit,10,42,185,o3_sabre_lookahead,3,sabre,lookahead,1,timeout,transpilation,timeout,AttemptTimeoutError,100.0,100.0046459590003,Tentativo interrotto dopo 100.0 secondi.,qiskit_post_pass_callback_and_sigalrm_traceback,transpilation,21,LookaheadSwap,qiskit.transpiler.passes.routing.lookahead_swap.LookaheadSwap,20,99.85500884056091,99.99871985500067,qiskit/transpiler/passes/routing/lookahead_swap.py,_first_op_node,390,routing,routing_method,lookahead,medium,False,"Il callback pubblico di Qiskit viene eseguito dopo ogni pass: last_completed_pass non identifica necessariamente il pass interrotto. | Lo stack indica dove SIGALRM è stato osservato, non dimostra quale pass, configurazione, circuito o hardware abbia causato il timeout. | Un'attribuzione causale richiede confronti controllati tra circuiti, configurazioni e device.",qiskit/transpiler/passes/routing/lookahead_swap.py:390:_first_op_node
ibm_falcon_27,27,f30536987677ef5017fe3a89b8b4ee0a3e7252a1a226cc3db95fd9b2e822d991,run_f157390ffa6b125de0cb2291f168490cb36b41111cf2c5dbcbaf1b167d0dee1d,realamprandom_indep_qiskit_10,realamprandom,qiskit,10,42,185,o3_sabre_lookahead,3,sabre,lookahead,2,timeout,transpilation,timeout,AttemptTimeoutError,100.0,100.0037566130004,Tentativo interrotto dopo 100.0 secondi.,qiskit_post_pass_callback_and_sigalrm_traceback,transpilation,21,LookaheadSwap,qiskit.transpiler.passes.routing.lookahead_swap.LookaheadSwap,20,99.83228969573975,99.99879559100009,qiskit/transpiler/passes/routing/lookahead_swap.py,_first_op_node,390,routing,routing_method,lookahead,medium,False,"Il callback pubblico di Qiskit viene eseguito dopo ogni pass: last_completed_pass non identifica necessariamente il pass interrotto. | Lo stack indica dove SIGALRM è stato osservato, non dimostra quale pass, configurazione, circuito o hardware abbia causato il timeout. | Un'attribuzione causale richiede confronti controllati tra circuiti, configurazioni e device.",qiskit/transpiler/passes/routing/lookahead_swap.py:390:_first_op_node
ibm_falcon_27,27,f30536987677ef5017fe3a89b8b4ee0a3e7252a1a226cc3db95fd9b2e822d991,run_349484ebcb7d2b3a1cb4741c24648d526d8e506f13a5180e6bee97c984cd64ae,realamprandom_indep_qiskit_11,realamprandom,qiskit,11,46,220,o3_sabre_lookahead,3,sabre,lookahead,0,timeout,transpilation,timeout,AttemptTimeoutError,100.0,100.0039849499999,Tentativo interrotto dopo 100.0 secondi.,qiskit_post_pass_callback_and_sigalrm_traceback,transpilation,21,LookaheadSwap,qiskit.transpiler.passes.routing.lookahead_swap.LookaheadSwap,20,99.8512635231018,99.99901361000047,qiskit/transpiler/passes/routing/lookahead_swap.py,_calc_layout_distance,342,routing,routing_method,lookahead,medium,False,"Il callback pubblico di Qiskit viene eseguito dopo ogni pass: last_completed_pass non identifica necessariamente il pass interrotto. | Lo stack indica dove SIGALRM è stato osservato, non dimostra quale pass, configurazione, circuito o hardware abbia causato il timeout. | Un'attribuzione causale richiede confronti controllati tra circuiti, configurazioni e device.",qiskit/transpiler/passes/routing/lookahead_swap.py:342:_calc_layout_distance
ibm_falcon_27,27,f30536987677ef5017fe3a89b8b4ee0a3e7252a1a226cc3db95fd9b2e822d991,run_226c4adcf5123b75251a436e03c5e6232d0a9a0aafe38f6c0a1ac254e18190df,realamprandom_indep_qiskit_11,realamprandom,qiskit,11,46,220,o3_sabre_lookahead,3,sabre,lookahead,1,timeout,transpilation,timeout,AttemptTimeoutError,100.0,100.00402728900008,Tentativo interrotto dopo 100.0 secondi.,qiskit_post_pass_callback_and_sigalrm_traceback,transpilation,21,LookaheadSwap,qiskit.transpiler.passes.routing.lookahead_swap.LookaheadSwap,20,99.89121985435486,99.99856566500057,qiskit/transpiler/passes/routing/lookahead_swap.py,_map_free_gates,312,routing,routing_method,lookahead,medium,False,"Il callback pubblico di Qiskit viene eseguito dopo ogni pass: last_completed_pass non identifica necessariamente il pass interrotto. | Lo stack indica dove SIGALRM è stato osservato, non dimostra quale pass, configurazione, circuito o hardware abbia causato il timeout. | Un'attribuzione causale richiede confronti controllati tra circuiti, configurazioni e device.",qiskit/transpiler/passes/routing/lookahead_swap.py:312:_map_free_gates
ibm_falcon_27,27,f30536987677ef5017fe3a89b8b4ee0a3e7252a1a226cc3db95fd9b2e822d991,run_48e553c1db32231593f62a01b40d1bca5839fd305310f7e4f6f7808774ede783,realamprandom_indep_qiskit_11,realamprandom,qiskit,11,46,220,o3_sabre_lookahead,3,sabre,lookahead,2,timeout,transpilation,timeout,AttemptTimeoutError,100.0,100.0038212239997,Tentativo interrotto dopo 100.0 secondi.,qiskit_post_pass_callback_and_sigalrm_traceback,transpilation,21,LookaheadSwap,qiskit.transpiler.passes.routing.lookahead_swap.LookaheadSwap,20,99.89725542068481,99.99862970699996,qiskit/transpiler/passes/routing/lookahead_swap.py,_score_state_with_swap,346,routing,routing_method,lookahead,medium,False,"Il callback pubblico di Qiskit viene eseguito dopo ogni pass: last_completed_pass non identifica necessariamente il pass interrotto. | Lo stack indica dove SIGALRM è stato osservato, non dimostra quale pass, configurazione, circuito o hardware abbia causato il timeout. | Un'attribuzione causale richiede confronti controllati tra circuiti, configurazioni e device.",qiskit/transpiler/passes/routing/lookahead_swap.py:346:_score_state_with_swap
ibm_falcon_27,27,f30536987677ef5017fe3a89b8b4ee0a3e7252a1a226cc3db95fd9b2e822d991,run_0b9c1bb7392ff4e0e4cb5bd55bf95ee5f3c9e9248e72c6dd5c84bf3d379cf3b6,realamprandom_indep_qiskit_6,realamprandom,qiskit,6,26,75,o3_sabre_lookahead,3,sabre,lookahead,1,timeout,transpilation,timeout,AttemptTimeoutError,100.0,100.00259393799934,Tentativo interrotto dopo 100.0 secondi.,qiskit_post_pass_callback_and_sigalrm_traceback,transpilation,21,LookaheadSwap,qiskit.transpiler.passes.routing.lookahead_swap.LookaheadSwap,20,99.95512199401855,99.99924377199932,qiskit/transpiler/passes/routing/lookahead_swap.py,_map_free_gates,312,routing,routing_method,lookahead,medium,False,"Il callback pubblico di Qiskit viene eseguito dopo ogni pass: last_completed_pass non identifica necessariamente il pass interrotto. | Lo stack indica dove SIGALRM è stato osservato, non dimostra quale pass, configurazione, circuito o hardware abbia causato il timeout. | Un'attribuzione causale richiede confronti controllati tra circuiti, configurazioni e device.",qiskit/transpiler/passes/routing/lookahead_swap.py:312:_map_free_gates
ibm_falcon_27,27,f30536987677ef5017fe3a89b8b4ee0a3e7252a1a226cc3db95fd9b2e822d991,run_09f60bac80ece42c84cd6e5c4e16253e7c294dccca534032b324b23300074210,realamprandom_indep_qiskit_7,realamprandom,qiskit,7,30,98,o3_sabre_lookahead,3,sabre,lookahead,1,timeout,transpilation,timeout,AttemptTimeoutError,100.0,100.00283442700038,Tentativo interrotto dopo 100.0 secondi.,qiskit_post_pass_callback_and_sigalrm_traceback,transpilation,21,LookaheadSwap,qiskit.transpiler.passes.routing.lookahead_swap.LookaheadSwap,20,99.92541170120239,99.99901867199969,qiskit/transpiler/passes/routing/lookahead_swap.py,_calc_layout_distance,341,routing,routing_method,lookahead,medium,False,"Il callback pubblico di Qiskit viene eseguito dopo ogni pass: last_completed_pass non identifica necessariamente il pass interrotto. | Lo stack indica dove SIGALRM è stato osservato, non dimostra quale pass, configurazione, circuito o hardware abbia causato il timeout. | Un'attribuzione causale richiede confronti controllati tra circuiti, configurazioni e device.",qiskit/transpiler/passes/routing/lookahead_swap.py:341:_calc_layout_distance
ibm_falcon_27,27,f30536987677ef5017fe3a89b8b4ee0a3e7252a1a226cc3db95fd9b2e822d991,run_ed4a04a244b3cf0c972ad14e2adc1b0198aaefc77622e15854655396691e0f51,realamprandom_indep_qiskit_7,realamprandom,qiskit,7,30,98,o3_sabre_lookahead,3,sabre,lookahead,2,timeout,transpilation,timeout,AttemptTimeoutError,100.0,100.00278438100031,Tentativo interrotto dopo 100.0 secondi.,qiskit_post_pass_callback_and_sigalrm_traceback,transpilation,21,LookaheadSwap,qiskit.transpiler.passes.routing.lookahead_swap.LookaheadSwap,20,99.91576862335205,99.99780595700031,qiskit/transpiler/passes/routing/lookahead_swap.py,_first_op_node,390,routing,routing_method,lookahead,medium,False,"Il callback pubblico di Qiskit viene eseguito dopo ogni pass: last_completed_pass non identifica necessariamente il pass interrotto. | Lo stack indica dove SIGALRM è stato osservato, non dimostra quale pass, configurazione, circuito o hardware abbia causato il timeout. | Un'attribuzione causale richiede confronti controllati tra circuiti, configurazioni e device.",qiskit/transpiler/passes/routing/lookahead_swap.py:390:_first_op_node
ibm_falcon_27,27,f30536987677ef5017fe3a89b8b4ee0a3e7252a1a226cc3db95fd9b2e822d991,run_d3390a21f0da0df70acb94d82f074bb0d78dfe8ec2b41469466a3a4fecee8248,realamprandom_indep_qiskit_8,realamprandom,qiskit,8,34,124,o3_sabre_lookahead,3,sabre,lookahead,0,timeout,transpilation,timeout,AttemptTimeoutError,100.0,100.0026550749999,Tentativo interrotto dopo 100.0 secondi.,qiskit_post_pass_callback_and_sigalrm_traceback,transpilation,21,LookaheadSwap,qiskit.transpiler.passes.routing.lookahead_swap.LookaheadSwap,20,99.9310610294342,99.99870356500014,qiskit/transpiler/passes/routing/lookahead_swap.py,_calc_layout_distance,342,routing,routing_method,lookahead,medium,False,"Il callback pubblico di Qiskit viene eseguito dopo ogni pass: last_completed_pass non identifica necessariamente il pass interrotto. | Lo stack indica dove SIGALRM è stato osservato, non dimostra quale pass, configurazione, circuito o hardware abbia causato il timeout. | Un'attribuzione causale richiede confronti controllati tra circuiti, configurazioni e device.",qiskit/transpiler/passes/routing/lookahead_swap.py:342:_calc_layout_distance
ibm_falcon_27,27,f30536987677ef5017fe3a89b8b4ee0a3e7252a1a226cc3db95fd9b2e822d991,run_57817505df02fa8fd295c455f745fc12095e8727eab002b77f063c98b9000d7d,realamprandom_indep_qiskit_8,realamprandom,qiskit,8,34,124,o3_sabre_lookahead,3,sabre,lookahead,1,timeout,transpilation,timeout,AttemptTimeoutError,100.0,100.00936313800048,Tentativo interrotto dopo 100.0 secondi.,qiskit_post_pass_callback_and_sigalrm_traceback,transpilation,21,LookaheadSwap,qiskit.transpiler.passes.routing.lookahead_swap.LookaheadSwap,20,99.91521906852722,99.9999271200004,qiskit/transpiler/passes/routing/lookahead_swap.py,_swap_ops_from_edge,383,routing,routing_method,lookahead,medium,False,"Il callback pubblico di Qiskit viene eseguito dopo ogni pass: last_completed_pass non identifica necessariamente il pass interrotto. | Lo stack indica dove SIGALRM è stato osservato, non dimostra quale pass, configurazione, circuito o hardware abbia causato il timeout. | Un'attribuzione causale richiede confronti controllati tra circuiti, configurazioni e device.",qiskit/transpiler/passes/routing/lookahead_swap.py:383:_swap_ops_from_edge
ibm_falcon_27,27,f30536987677ef5017fe3a89b8b4ee0a3e7252a1a226cc3db95fd9b2e822d991,run_fedfc1520daaf3ed25702d9a9e54cd6136f8a9c9bac399466d2c1ae86d4286c3,realamprandom_indep_qiskit_8,realamprandom,qiskit,8,34,124,o3_sabre_lookahead,3,sabre,lookahead,2,timeout,transpilation,timeout,AttemptTimeoutError,100.0,100.00289293100013,Tentativo interrotto dopo 100.0 secondi.,qiskit_post_pass_callback_and_sigalrm_traceback,transpilation,21,LookaheadSwap,qiskit.transpiler.passes.routing.lookahead_swap.LookaheadSwap,20,99.88303208351135,99.99888382999961,qiskit/transpiler/passes/routing/lookahead_swap.py,_map_free_gates,312,routing,routing_method,lookahead,medium,False,"Il callback pubblico di Qiskit viene eseguito dopo ogni pass: last_completed_pass non identifica necessariamente il pass interrotto. | Lo stack indica dove SIGALRM è stato osservato, non dimostra quale pass, configurazione, circuito o hardware abbia causato il timeout. | Un'attribuzione causale richiede confronti controllati tra circuiti, configurazioni e device.",qiskit/transpiler/passes/routing/lookahead_swap.py:312:_map_free_gates
ibm_falcon_27,27,f30536987677ef5017fe3a89b8b4ee0a3e7252a1a226cc3db95fd9b2e822d991,run_f28ada319fd7f8b4af263f17098724073de05241c492651a39efe1dec095ae0b,realamprandom_indep_qiskit_9,realamprandom,qiskit,9,38,153,o3_sabre_lookahead,3,sabre,lookahead,0,timeout,transpilation,timeout,AttemptTimeoutError,100.0,100.00410214000021,Tentativo interrotto dopo 100.0 secondi.,qiskit_post_pass_callback_and_sigalrm_traceback,transpilation,21,LookaheadSwap,qiskit.transpiler.passes.routing.lookahead_swap.LookaheadSwap,20,99.91286373138428,99.99896596300005,qiskit/transpiler/passes/routing/lookahead_swap.py,_calc_layout_distance,342,routing,routing_method,lookahead,medium,False,"Il callback pubblico di Qiskit viene eseguito dopo ogni pass: last_completed_pass non identifica necessariamente il pass interrotto. | Lo stack indica dove SIGALRM è stato osservato, non dimostra quale pass, configurazione, circuito o hardware abbia causato il timeout. | Un'attribuzione causale richiede confronti controllati tra circuiti, configurazioni e device.",qiskit/transpiler/passes/routing/lookahead_swap.py:342:_calc_layout_distance
ibm_falcon_27,27,f30536987677ef5017fe3a89b8b4ee0a3e7252a1a226cc3db95fd9b2e822d991,run_5ce5d05025da38c16112b56c909cdbff60aaa5eae50ef6e2391e23a317ef0238,realamprandom_indep_qiskit_9,realamprandom,qiskit,9,38,153,o3_sabre_lookahead,3,sabre,lookahead,1,timeout,transpilation,timeout,AttemptTimeoutError,100.0,100.00336192900068,Tentativo interrotto dopo 100.0 secondi.,qiskit_post_pass_callback_and_sigalrm_traceback,transpilation,21,LookaheadSwap,qiskit.transpiler.passes.routing.lookahead_swap.LookaheadSwap,20,99.90245270729065,99.99861762199998,qiskit/transpiler/passes/routing/lookahead_swap.py,_map_free_gates,313,routing,routing_method,lookahead,medium,False,"Il callback pubblico di Qiskit viene eseguito dopo ogni pass: last_completed_pass non identifica necessariamente il pass interrotto. | Lo stack indica dove SIGALRM è stato osservato, non dimostra quale pass, configurazione, circuito o hardware abbia causato il timeout. | Un'attribuzione causale richiede confronti controllati tra circuiti, configurazioni e device.",qiskit/transpiler/passes/routing/lookahead_swap.py:313:_map_free_gates
ibm_falcon_27,27,f30536987677ef5017fe3a89b8b4ee0a3e7252a1a226cc3db95fd9b2e822d991,run_cbb2eb305d48cab7bd8a031342cdc8c7ecbaa64e66e8632e472bdda62a057fcc,realamprandom_indep_qiskit_9,realamprandom,qiskit,9,38,153,o3_sabre_lookahead,3,sabre,lookahead,2,timeout,transpilation,timeout,AttemptTimeoutError,100.0,100.0030466799999,Tentativo interrotto dopo 100.0 secondi.,qiskit_post_pass_callback_and_sigalrm_traceback,transpilation,21,LookaheadSwap,qiskit.transpiler.passes.routing.lookahead_swap.LookaheadSwap,20,99.90755033493042,99.99881995400028,qiskit/transpiler/passes/routing/lookahead_swap.py,_calc_layout_distance,342,routing,routing_method,lookahead,medium,False,"Il callback pubblico di Qiskit viene eseguito dopo ogni pass: last_completed_pass non identifica necessariamente il pass interrotto. | Lo stack indica dove SIGALRM è stato osservato, non dimostra quale pass, configurazione, circuito o hardware abbia causato il timeout. | Un'attribuzione causale richiede confronti controllati tra circuiti, configurazioni e device.",qiskit/transpiler/passes/routing/lookahead_swap.py:342:_calc_layout_distance
ibm_falcon_27,27,f30536987677ef5017fe3a89b8b4ee0a3e7252a1a226cc3db95fd9b2e822d991,run_734db8bd92176ce44d812c361f39e3b8962134bcf85fb31d56d099b87afa7bf8,realamprandom_indep_tket_10,realamprandom,tket,10,42,185,o3_sabre_lookahead,3,sabre,lookahead,0,timeout,transpilation,timeout,AttemptTimeoutError,100.0,100.00412001099994,Tentativo interrotto dopo 100.0 secondi.,qiskit_post_pass_callback_and_sigalrm_traceback,transpilation,21,LookaheadSwap,qiskit.transpiler.passes.routing.lookahead_swap.LookaheadSwap,20,99.89928579330444,99.99865646699982,qiskit/transpiler/passes/routing/lookahead_swap.py,_calc_layout_distance,342,routing,routing_method,lookahead,medium,False,"Il callback pubblico di Qiskit viene eseguito dopo ogni pass: last_completed_pass non identifica necessariamente il pass interrotto. | Lo stack indica dove SIGALRM è stato osservato, non dimostra quale pass, configurazione, circuito o hardware abbia causato il timeout. | Un'attribuzione causale richiede confronti controllati tra circuiti, configurazioni e device.",qiskit/transpiler/passes/routing/lookahead_swap.py:342:_calc_layout_distance
ibm_falcon_27,27,f30536987677ef5017fe3a89b8b4ee0a3e7252a1a226cc3db95fd9b2e822d991,run_5625f2cefdfc4265b5f5d338331dd8a0f9233b107badba16e28381973a5513d0,realamprandom_indep_tket_10,realamprandom,tket,10,42,185,o3_sabre_lookahead,3,sabre,lookahead,1,timeout,transpilation,timeout,AttemptTimeoutError,100.0,100.00781015200027,Tentativo interrotto dopo 100.0 secondi.,qiskit_post_pass_callback_and_sigalrm_traceback,transpilation,21,LookaheadSwap,qiskit.transpiler.passes.routing.lookahead_swap.LookaheadSwap,20,99.88359546661377,99.99977505999959,qiskit/transpiler/passes/routing/lookahead_swap.py,_calc_layout_distance,342,routing,routing_method,lookahead,medium,False,"Il callback pubblico di Qiskit viene eseguito dopo ogni pass: last_completed_pass non identifica necessariamente il pass interrotto. | Lo stack indica dove SIGALRM è stato osservato, non dimostra quale pass, configurazione, circuito o hardware abbia causato il timeout. | Un'attribuzione causale richiede confronti controllati tra circuiti, configurazioni e device.",qiskit/transpiler/passes/routing/lookahead_swap.py:342:_calc_layout_distance
ibm_falcon_27,27,f30536987677ef5017fe3a89b8b4ee0a3e7252a1a226cc3db95fd9b2e822d991,run_4a26e1583c570e91bc0a382e7a3ae7185ae6d65a2301ceb9b66aaa44843fa11d,realamprandom_indep_tket_10,realamprandom,tket,10,42,185,o3_sabre_lookahead,3,sabre,lookahead,2,timeout,transpilation,timeout,AttemptTimeoutError,100.0,100.01527146400076,Tentativo interrotto dopo 100.0 secondi.,qiskit_post_pass_callback_and_sigalrm_traceback,transpilation,21,LookaheadSwap,qiskit.transpiler.passes.routing.lookahead_swap.LookaheadSwap,20,99.88915228843689,99.99907844499921,qiskit/transpiler/passes/routing/lookahead_swap.py,_calc_layout_distance,342,routing,routing_method,lookahead,medium,False,"Il callback pubblico di Qiskit viene eseguito dopo ogni pass: last_completed_pass non identifica necessariamente il pass interrotto. | Lo stack indica dove SIGALRM è stato osservato, non dimostra quale pass, configurazione, circuito o hardware abbia causato il timeout. | Un'attribuzione causale richiede confronti controllati tra circuiti, configurazioni e device.",qiskit/transpiler/passes/routing/lookahead_swap.py:342:_calc_layout_distance
ibm_falcon_27,27,f30536987677ef5017fe3a89b8b4ee0a3e7252a1a226cc3db95fd9b2e822d991,run_afa6755984f287226f414381c807e2e922ff43c733445eb85368362939f1df60,realamprandom_indep_tket_11,realamprandom,tket,11,46,220,o3_sabre_lookahead,3,sabre,lookahead,0,timeout,transpilation,timeout,AttemptTimeoutError,100.0,100.00409871100055,Tentativo interrotto dopo 100.0 secondi.,qiskit_post_pass_callback_and_sigalrm_traceback,transpilation,21,LookaheadSwap,qiskit.transpiler.passes.routing.lookahead_swap.LookaheadSwap,20,99.89871406555176,99.99886446599976,qiskit/transpiler/passes/routing/lookahead_swap.py,_calc_layout_distance,342,routing,routing_method,lookahead,medium,False,"Il callback pubblico di Qiskit viene eseguito dopo ogni pass: last_completed_pass non identifica necessariamente il pass interrotto. | Lo stack indica dove SIGALRM è stato osservato, non dimostra quale pass, configurazione, circuito o hardware abbia causato il timeout. | Un'attribuzione causale richiede confronti controllati tra circuiti, configurazioni e device.",qiskit/transpiler/passes/routing/lookahead_swap.py:342:_calc_layout_distance
ibm_falcon_27,27,f30536987677ef5017fe3a89b8b4ee0a3e7252a1a226cc3db95fd9b2e822d991,run_10cf5999ae61ab8c0f4a67f0c071b2a83854f0750a74cb60046f0c4b4a50e6e7,realamprandom_indep_tket_11,realamprandom,tket,11,46,220,o3_sabre_lookahead,3,sabre,lookahead,1,timeout,transpilation,timeout,AttemptTimeoutError,100.0,100.00408307699945,Tentativo interrotto dopo 100.0 secondi.,qiskit_post_pass_callback_and_sigalrm_traceback,transpilation,21,LookaheadSwap,qiskit.transpiler.passes.routing.lookahead_swap.LookaheadSwap,20,99.87585186958313,99.99860403500043,qiskit/transpiler/passes/routing/lookahead_swap.py,_calc_layout_distance,342,routing,routing_method,lookahead,medium,False,"Il callback pubblico di Qiskit viene eseguito dopo ogni pass: last_completed_pass non identifica necessariamente il pass interrotto. | Lo stack indica dove SIGALRM è stato osservato, non dimostra quale pass, configurazione, circuito o hardware abbia causato il timeout. | Un'attribuzione causale richiede confronti controllati tra circuiti, configurazioni e device.",qiskit/transpiler/passes/routing/lookahead_swap.py:342:_calc_layout_distance
ibm_falcon_27,27,f30536987677ef5017fe3a89b8b4ee0a3e7252a1a226cc3db95fd9b2e822d991,run_433309fe1d23ad5b175f784360a6456b8bf9f9479ede036e53b04f205eb7e85c,realamprandom_indep_tket_11,realamprandom,tket,11,46,220,o3_sabre_lookahead,3,sabre,lookahead,2,timeout,transpilation,timeout,AttemptTimeoutError,100.0,100.00392514899977,Tentativo interrotto dopo 100.0 secondi.,qiskit_post_pass_callback_and_sigalrm_traceback,transpilation,21,LookaheadSwap,qiskit.transpiler.passes.routing.lookahead_swap.LookaheadSwap,20,99.85823369026184,99.99865564300035,qiskit/transpiler/passes/routing/lookahead_swap.py,_calc_layout_distance,342,routing,routing_method,lookahead,medium,False,"Il callback pubblico di Qiskit viene eseguito dopo ogni pass: last_completed_pass non identifica necessariamente il pass interrotto. | Lo stack indica dove SIGALRM è stato osservato, non dimostra quale pass, configurazione, circuito o hardware abbia causato il timeout. | Un'attribuzione causale richiede confronti controllati tra circuiti, configurazioni e device.",qiskit/transpiler/passes/routing/lookahead_swap.py:342:_calc_layout_distance
ibm_falcon_27,27,f30536987677ef5017fe3a89b8b4ee0a3e7252a1a226cc3db95fd9b2e822d991,run_f5e115882351850d75faca36c050e3fec52a806f423a9337f46ac4b7e513635c,realamprandom_indep_tket_6,realamprandom,tket,6,26,75,o3_sabre_lookahead,3,sabre,lookahead,1,timeout,transpilation,timeout,AttemptTimeoutError,100.0,100.00270353499945,Tentativo interrotto dopo 100.0 secondi.,qiskit_post_pass_callback_and_sigalrm_traceback,transpilation,21,LookaheadSwap,qiskit.transpiler.passes.routing.lookahead_swap.LookaheadSwap,20,99.94147992134094,99.99924111700057,qiskit/transpiler/passes/routing/lookahead_swap.py,_score_state_with_swap,355,routing,routing_method,lookahead,medium,False,"Il callback pubblico di Qiskit viene eseguito dopo ogni pass: last_completed_pass non identifica necessariamente il pass interrotto. | Lo stack indica dove SIGALRM è stato osservato, non dimostra quale pass, configurazione, circuito o hardware abbia causato il timeout. | Un'attribuzione causale richiede confronti controllati tra circuiti, configurazioni e device.",qiskit/transpiler/passes/routing/lookahead_swap.py:355:_score_state_with_swap
ibm_falcon_27,27,f30536987677ef5017fe3a89b8b4ee0a3e7252a1a226cc3db95fd9b2e822d991,run_9eb6632bf8a10947a3aa50c962de279ab20f3e42a36f8d8cdba9b3af9bcbacee,realamprandom_indep_tket_7,realamprandom,tket,7,30,98,o3_sabre_lookahead,3,sabre,lookahead,1,timeout,transpilation,timeout,AttemptTimeoutError,100.0,100.00262363300135,Tentativo interrotto dopo 100.0 secondi.,qiskit_post_pass_callback_and_sigalrm_traceback,transpilation,21,LookaheadSwap,qiskit.transpiler.passes.routing.lookahead_swap.LookaheadSwap,20,99.90162682533264,99.99917442600054,qiskit/transpiler/passes/routing/lookahead_swap.py,_map_free_gates,303,routing,routing_method,lookahead,medium,False,"Il callback pubblico di Qiskit viene eseguito dopo ogni pass: last_completed_pass non identifica necessariamente il pass interrotto. | Lo stack indica dove SIGALRM è stato osservato, non dimostra quale pass, configurazione, circuito o hardware abbia causato il timeout. | Un'attribuzione causale richiede confronti controllati tra circuiti, configurazioni e device.",qiskit/transpiler/passes/routing/lookahead_swap.py:303:_map_free_gates
ibm_falcon_27,27,f30536987677ef5017fe3a89b8b4ee0a3e7252a1a226cc3db95fd9b2e822d991,run_239059b61960b094b0656374c20f661999d7cb857ffd47a58cd0b7595bf2becc,realamprandom_indep_tket_7,realamprandom,tket,7,30,98,o3_sabre_lookahead,3,sabre,lookahead,2,timeout,transpilation,timeout,AttemptTimeoutError,100.0,100.00266053100131,Tentativo interrotto dopo 100.0 secondi.,qiskit_post_pass_callback_and_sigalrm_traceback,transpilation,21,LookaheadSwap,qiskit.transpiler.passes.routing.lookahead_swap.LookaheadSwap,20,99.90505385398865,99.99910212399845,qiskit/transpiler/passes/routing/lookahead_swap.py,_score_step,360,routing,routing_method,lookahead,medium,False,"Il callback pubblico di Qiskit viene eseguito dopo ogni pass: last_completed_pass non identifica necessariamente il pass interrotto. | Lo stack indica dove SIGALRM è stato osservato, non dimostra quale pass, configurazione, circuito o hardware abbia causato il timeout. | Un'attribuzione causale richiede confronti controllati tra circuiti, configurazioni e device.",qiskit/transpiler/passes/routing/lookahead_swap.py:360:_score_step
ibm_falcon_27,27,f30536987677ef5017fe3a89b8b4ee0a3e7252a1a226cc3db95fd9b2e822d991,run_796547469a860ad84cfcb975305909ca6bed0fb389e949ea37bff14519073463,realamprandom_indep_tket_8,realamprandom,tket,8,34,124,o3_sabre_lookahead,3,sabre,lookahead,0,timeout,transpilation,timeout,AttemptTimeoutError,100.0,100.00318094300019,Tentativo interrotto dopo 100.0 secondi.,qiskit_post_pass_callback_and_sigalrm_traceback,transpilation,21,LookaheadSwap,qiskit.transpiler.passes.routing.lookahead_swap.LookaheadSwap,20,99.92150735855103,99.99891939900044,qiskit/transpiler/passes/routing/lookahead_swap.py,<genexpr>,390,routing,routing_method,lookahead,medium,False,"Il callback pubblico di Qiskit viene eseguito dopo ogni pass: last_completed_pass non identifica necessariamente il pass interrotto. | Lo stack indica dove SIGALRM è stato osservato, non dimostra quale pass, configurazione, circuito o hardware abbia causato il timeout. | Un'attribuzione causale richiede confronti controllati tra circuiti, configurazioni e device.",qiskit/transpiler/passes/routing/lookahead_swap.py:390:<genexpr>
ibm_falcon_27,27,f30536987677ef5017fe3a89b8b4ee0a3e7252a1a226cc3db95fd9b2e822d991,run_a5a7b92c39d325148ab0b2a532dffc3559609e0b732eb951d0473008871e4f2d,realamprandom_indep_tket_8,realamprandom,tket,8,34,124,o3_sabre_lookahead,3,sabre,lookahead,1,timeout,transpilation,timeout,AttemptTimeoutError,100.0,100.00269600400134,Tentativo interrotto dopo 100.0 secondi.,qiskit_post_pass_callback_and_sigalrm_traceback,transpilation,21,LookaheadSwap,qiskit.transpiler.passes.routing.lookahead_swap.LookaheadSwap,20,99.9119987487793,99.99904440200044,qiskit/transpiler/passes/routing/lookahead_swap.py,_calc_layout_distance,342,routing,routing_method,lookahead,medium,False,"Il callback pubblico di Qiskit viene eseguito dopo ogni pass: last_completed_pass non identifica necessariamente il pass interrotto. | Lo stack indica dove SIGALRM è stato osservato, non dimostra quale pass, configurazione, circuito o hardware abbia causato il timeout. | Un'attribuzione causale richiede confronti controllati tra circuiti, configurazioni e device.",qiskit/transpiler/passes/routing/lookahead_swap.py:342:_calc_layout_distance
ibm_falcon_27,27,f30536987677ef5017fe3a89b8b4ee0a3e7252a1a226cc3db95fd9b2e822d991,run_72c94f397ace5f7265bae15470d064f8c6e284bf3e5246888f530c187bdda81c,realamprandom_indep_tket_8,realamprandom,tket,8,34,124,o3_sabre_lookahead,3,sabre,lookahead,2,timeout,transpilation,timeout,AttemptTimeoutError,100.0,100.00239903399961,Tentativo interrotto dopo 100.0 secondi.,qiskit_post_pass_callback_and_sigalrm_traceback,transpilation,21,LookaheadSwap,qiskit.transpiler.passes.routing.lookahead_swap.LookaheadSwap,20,99.92767262458801,99.99794021799971,qiskit/transpiler/passes/routing/lookahead_swap.py,_score_step,360,routing,routing_method,lookahead,medium,False,"Il callback pubblico di Qiskit viene eseguito dopo ogni pass: last_completed_pass non identifica necessariamente il pass interrotto. | Lo stack indica dove SIGALRM è stato osservato, non dimostra quale pass, configurazione, circuito o hardware abbia causato il timeout. | Un'attribuzione causale richiede confronti controllati tra circuiti, configurazioni e device.",qiskit/transpiler/passes/routing/lookahead_swap.py:360:_score_step
ibm_falcon_27,27,f30536987677ef5017fe3a89b8b4ee0a3e7252a1a226cc3db95fd9b2e822d991,run_2d0cb9eb47dad0f1129a7a7d60f090bfb0f4d3f627ffd901d46d9b3a12aa9b2b,realamprandom_indep_tket_9,realamprandom,tket,9,38,153,o3_sabre_lookahead,3,sabre,lookahead,0,timeout,transpilation,timeout,AttemptTimeoutError,100.0,100.00623588899907,Tentativo interrotto dopo 100.0 secondi.,qiskit_post_pass_callback_and_sigalrm_traceback,transpilation,21,LookaheadSwap,qiskit.transpiler.passes.routing.lookahead_swap.LookaheadSwap,20,99.93487215042114,100.00113853500079,qiskit/transpiler/passes/routing/lookahead_swap.py,_map_free_gates,313,routing,routing_method,lookahead,medium,False,"Il callback pubblico di Qiskit viene eseguito dopo ogni pass: last_completed_pass non identifica necessariamente il pass interrotto. | Lo stack indica dove SIGALRM è stato osservato, non dimostra quale pass, configurazione, circuito o hardware abbia causato il timeout. | Un'attribuzione causale richiede confronti controllati tra circuiti, configurazioni e device.",qiskit/transpiler/passes/routing/lookahead_swap.py:313:_map_free_gates
ibm_falcon_27,27,f30536987677ef5017fe3a89b8b4ee0a3e7252a1a226cc3db95fd9b2e822d991,run_ed6c65fe23dd0b8256bd2907415300233ab72289e7fac10857d4fcfe5ca9fa48,realamprandom_indep_tket_9,realamprandom,tket,9,38,153,o3_sabre_lookahead,3,sabre,lookahead,1,timeout,transpilation,timeout,AttemptTimeoutError,100.0,100.00369613600014,Tentativo interrotto dopo 100.0 secondi.,qiskit_post_pass_callback_and_sigalrm_traceback,transpilation,21,LookaheadSwap,qiskit.transpiler.passes.routing.lookahead_swap.LookaheadSwap,20,99.88387823104858,99.99900771000102,qiskit/transpiler/passes/routing/lookahead_swap.py,_calc_layout_distance,342,routing,routing_method,lookahead,medium,False,"Il callback pubblico di Qiskit viene eseguito dopo ogni pass: last_completed_pass non identifica necessariamente il pass interrotto. | Lo stack indica dove SIGALRM è stato osservato, non dimostra quale pass, configurazione, circuito o hardware abbia causato il timeout. | Un'attribuzione causale richiede confronti controllati tra circuiti, configurazioni e device.",qiskit/transpiler/passes/routing/lookahead_swap.py:342:_calc_layout_distance
ibm_falcon_27,27,f30536987677ef5017fe3a89b8b4ee0a3e7252a1a226cc3db95fd9b2e822d991,run_21f6405f32113b6567973d7f4088da2320d429e8657caf74ac88813e2c3972f3,realamprandom_indep_tket_9,realamprandom,tket,9,38,153,o3_sabre_lookahead,3,sabre,lookahead,2,timeout,transpilation,timeout,AttemptTimeoutError,100.0,100.00320191300125,Tentativo interrotto dopo 100.0 secondi.,qiskit_post_pass_callback_and_sigalrm_traceback,transpilation,21,LookaheadSwap,qiskit.transpiler.passes.routing.lookahead_swap.LookaheadSwap,20,99.88967680931091,99.991694585,qiskit/transpiler/passes/routing/lookahead_swap.py,_calc_layout_distance,342,routing,routing_method,lookahead,medium,False,"Il callback pubblico di Qiskit viene eseguito dopo ogni pass: last_completed_pass non identifica necessariamente il pass interrotto. | Lo stack indica dove SIGALRM è stato osservato, non dimostra quale pass, configurazione, circuito o hardware abbia causato il timeout. | Un'attribuzione causale richiede confronti controllati tra circuiti, configurazioni e device.",qiskit/transpiler/passes/routing/lookahead_swap.py:342:_calc_layout_distance
ibm_falcon_27,27,f30536987677ef5017fe3a89b8b4ee0a3e7252a1a226cc3db95fd9b2e822d991,run_9e4a47a993cb44e5ad591bdb5fc114c4a2043fff7a8a4776ace3086df07b7efd,su2random_indep_qiskit_6,su2random,qiskit,6,26,75,o3_sabre_lookahead,3,sabre,lookahead,1,timeout,transpilation,timeout,AttemptTimeoutError,100.0,100.00351947499985,Tentativo interrotto dopo 100.0 secondi.,qiskit_post_pass_callback_and_sigalrm_traceback,transpilation,21,LookaheadSwap,qiskit.transpiler.passes.routing.lookahead_swap.LookaheadSwap,20,99.9485411643982,99.99901563300045,qiskit/transpiler/passes/routing/lookahead_swap.py,_first_op_node,386,routing,routing_method,lookahead,medium,False,"Il callback pubblico di Qiskit viene eseguito dopo ogni pass: last_completed_pass non identifica necessariamente il pass interrotto. | Lo stack indica dove SIGALRM è stato osservato, non dimostra quale pass, configurazione, circuito o hardware abbia causato il timeout. | Un'attribuzione causale richiede confronti controllati tra circuiti, configurazioni e device.",qiskit/transpiler/passes/routing/lookahead_swap.py:386:_first_op_node
ibm_falcon_27,27,f30536987677ef5017fe3a89b8b4ee0a3e7252a1a226cc3db95fd9b2e822d991,run_129f64c4bc81788d598c4a938f1ad2e117dd10e1719439526e0d9c91cc24213f,su2random_indep_qiskit_7,su2random,qiskit,7,30,98,o3_sabre_lookahead,3,sabre,lookahead,1,timeout,transpilation,timeout,AttemptTimeoutError,100.0,100.00272349099941,Tentativo interrotto dopo 100.0 secondi.,qiskit_post_pass_callback_and_sigalrm_traceback,transpilation,21,LookaheadSwap,qiskit.transpiler.passes.routing.lookahead_swap.LookaheadSwap,20,99.93736052513123,99.99908748000053,qiskit/transpiler/passes/routing/lookahead_swap.py,_calc_layout_distance,342,routing,routing_method,lookahead,medium,False,"Il callback pubblico di Qiskit viene eseguito dopo ogni pass: last_completed_pass non identifica necessariamente il pass interrotto. | Lo stack indica dove SIGALRM è stato osservato, non dimostra quale pass, configurazione, circuito o hardware abbia causato il timeout. | Un'attribuzione causale richiede confronti controllati tra circuiti, configurazioni e device.",qiskit/transpiler/passes/routing/lookahead_swap.py:342:_calc_layout_distance
ibm_falcon_27,27,f30536987677ef5017fe3a89b8b4ee0a3e7252a1a226cc3db95fd9b2e822d991,run_6bb0f78420cbb017ba8bca44e464923e82ec10a315b4bf5f3419efc5e80430fe,su2random_indep_qiskit_7,su2random,qiskit,7,30,98,o3_sabre_lookahead,3,sabre,lookahead,2,timeout,transpilation,timeout,AttemptTimeoutError,100.0,100.01064404399949,Tentativo interrotto dopo 100.0 secondi.,qiskit_post_pass_callback_and_sigalrm_traceback,transpilation,21,LookaheadSwap,qiskit.transpiler.passes.routing.lookahead_swap.LookaheadSwap,20,99.90030193328857,99.99913963500148,qiskit/transpiler/passes/routing/lookahead_swap.py,_calc_layout_distance,342,routing,routing_method,lookahead,medium,False,"Il callback pubblico di Qiskit viene eseguito dopo ogni pass: last_completed_pass non identifica necessariamente il pass interrotto. | Lo stack indica dove SIGALRM è stato osservato, non dimostra quale pass, configurazione, circuito o hardware abbia causato il timeout. | Un'attribuzione causale richiede confronti controllati tra circuiti, configurazioni e device.",qiskit/transpiler/passes/routing/lookahead_swap.py:342:_calc_layout_distance
ibm_falcon_27,27,f30536987677ef5017fe3a89b8b4ee0a3e7252a1a226cc3db95fd9b2e822d991,run_a8a7be1a605c970be704c0faaaf5274f1a5931db759c8915d80d76e5d9d647d6,su2random_indep_qiskit_8,su2random,qiskit,8,34,124,o3_sabre_lookahead,3,sabre,lookahead,0,timeout,transpilation,timeout,AttemptTimeoutError,100.0,100.00286703100028,Tentativo interrotto dopo 100.0 secondi.,qiskit_post_pass_callback_and_sigalrm_traceback,transpilation,21,LookaheadSwap,qiskit.transpiler.passes.routing.lookahead_swap.LookaheadSwap,20,99.93605375289917,99.99902362400098,qiskit/transpiler/passes/routing/lookahead_swap.py,<genexpr>,390,routing,routing_method,lookahead,medium,False,"Il callback pubblico di Qiskit viene eseguito dopo ogni pass: last_completed_pass non identifica necessariamente il pass interrotto. | Lo stack indica dove SIGALRM è stato osservato, non dimostra quale pass, configurazione, circuito o hardware abbia causato il timeout. | Un'attribuzione causale richiede confronti controllati tra circuiti, configurazioni e device.",qiskit/transpiler/passes/routing/lookahead_swap.py:390:<genexpr>
ibm_falcon_27,27,f30536987677ef5017fe3a89b8b4ee0a3e7252a1a226cc3db95fd9b2e822d991,run_53a3bc676509a1fea865eac735f5e68e9801108761d55a7e1cd09f1e62db25dc,su2random_indep_qiskit_8,su2random,qiskit,8,34,124,o3_sabre_lookahead,3,sabre,lookahead,1,timeout,transpilation,timeout,AttemptTimeoutError,100.0,100.00276322600075,Tentativo interrotto dopo 100.0 secondi.,qiskit_post_pass_callback_and_sigalrm_traceback,transpilation,21,LookaheadSwap,qiskit.transpiler.passes.routing.lookahead_swap.LookaheadSwap,20,99.92412757873535,99.99902580300113,qiskit/transpiler/passes/routing/lookahead_swap.py,_calc_layout_distance,342,routing,routing_method,lookahead,medium,False,"Il callback pubblico di Qiskit viene eseguito dopo ogni pass: last_completed_pass non identifica necessariamente il pass interrotto. | Lo stack indica dove SIGALRM è stato osservato, non dimostra quale pass, configurazione, circuito o hardware abbia causato il timeout. | Un'attribuzione causale richiede confronti controllati tra circuiti, configurazioni e device.",qiskit/transpiler/passes/routing/lookahead_swap.py:342:_calc_layout_distance
ibm_falcon_27,27,f30536987677ef5017fe3a89b8b4ee0a3e7252a1a226cc3db95fd9b2e822d991,run_1f9466ebb75c35839aa3209bfd2ded09eba8da067dda706a4f475c4af38abb01,su2random_indep_qiskit_8,su2random,qiskit,8,34,124,o3_sabre_lookahead,3,sabre,lookahead,2,timeout,transpilation,timeout,AttemptTimeoutError,100.0,100.0023596129995,Tentativo interrotto dopo 100.0 secondi.,qiskit_post_pass_callback_and_sigalrm_traceback,transpilation,21,LookaheadSwap,qiskit.transpiler.passes.routing.lookahead_swap.LookaheadSwap,20,99.89988899230957,99.99360715600051,qiskit/transpiler/passes/routing/lookahead_swap.py,_calc_layout_distance,342,routing,routing_method,lookahead,medium,False,"Il callback pubblico di Qiskit viene eseguito dopo ogni pass: last_completed_pass non identifica necessariamente il pass interrotto. | Lo stack indica dove SIGALRM è stato osservato, non dimostra quale pass, configurazione, circuito o hardware abbia causato il timeout. | Un'attribuzione causale richiede confronti controllati tra circuiti, configurazioni e device.",qiskit/transpiler/passes/routing/lookahead_swap.py:342:_calc_layout_distance
ibm_falcon_27,27,f30536987677ef5017fe3a89b8b4ee0a3e7252a1a226cc3db95fd9b2e822d991,run_3f61d197c488181ab8a433565d4616ab55ee3d827578d5f2ac4237fd8c61ef87,su2random_indep_qiskit_9,su2random,qiskit,9,38,153,o3_sabre_lookahead,3,sabre,lookahead,0,timeout,transpilation,timeout,AttemptTimeoutError,100.0,100.00327339599971,Tentativo interrotto dopo 100.0 secondi.,qiskit_post_pass_callback_and_sigalrm_traceback,transpilation,21,LookaheadSwap,qiskit.transpiler.passes.routing.lookahead_swap.LookaheadSwap,20,99.87545704841614,99.99891798899989,qiskit/transpiler/passes/routing/lookahead_swap.py,_map_free_gates,312,routing,routing_method,lookahead,medium,False,"Il callback pubblico di Qiskit viene eseguito dopo ogni pass: last_completed_pass non identifica necessariamente il pass interrotto. | Lo stack indica dove SIGALRM è stato osservato, non dimostra quale pass, configurazione, circuito o hardware abbia causato il timeout. | Un'attribuzione causale richiede confronti controllati tra circuiti, configurazioni e device.",qiskit/transpiler/passes/routing/lookahead_swap.py:312:_map_free_gates
ibm_falcon_27,27,f30536987677ef5017fe3a89b8b4ee0a3e7252a1a226cc3db95fd9b2e822d991,run_da4f697ab1dcbef6a7761d5a24bf5bbf0c6905fcd82da5bf7bdb633084294909,su2random_indep_qiskit_9,su2random,qiskit,9,38,153,o3_sabre_lookahead,3,sabre,lookahead,1,timeout,transpilation,timeout,AttemptTimeoutError,100.0,100.00329284799955,Tentativo interrotto dopo 100.0 secondi.,qiskit_post_pass_callback_and_sigalrm_traceback,transpilation,21,LookaheadSwap,qiskit.transpiler.passes.routing.lookahead_swap.LookaheadSwap,20,99.88628315925598,99.99859988199933,qiskit/transpiler/passes/routing/lookahead_swap.py,_map_free_gates,312,routing,routing_method,lookahead,medium,False,"Il callback pubblico di Qiskit viene eseguito dopo ogni pass: last_completed_pass non identifica necessariamente il pass interrotto. | Lo stack indica dove SIGALRM è stato osservato, non dimostra quale pass, configurazione, circuito o hardware abbia causato il timeout. | Un'attribuzione causale richiede confronti controllati tra circuiti, configurazioni e device.",qiskit/transpiler/passes/routing/lookahead_swap.py:312:_map_free_gates
ibm_falcon_27,27,f30536987677ef5017fe3a89b8b4ee0a3e7252a1a226cc3db95fd9b2e822d991,run_267b8fa22962f37c70608eef65ef3970c04a17fa3f81c5e55d038984b7a066f8,su2random_indep_qiskit_9,su2random,qiskit,9,38,153,o3_sabre_lookahead,3,sabre,lookahead,2,timeout,transpilation,timeout,AttemptTimeoutError,100.0,100.00306774599994,Tentativo interrotto dopo 100.0 secondi.,qiskit_post_pass_callback_and_sigalrm_traceback,transpilation,21,LookaheadSwap,qiskit.transpiler.passes.routing.lookahead_swap.LookaheadSwap,20,99.91087245941162,99.99881398800062,qiskit/transpiler/passes/routing/lookahead_swap.py,_map_free_gates,313,routing,routing_method,lookahead,medium,False,"Il callback pubblico di Qiskit viene eseguito dopo ogni pass: last_completed_pass non identifica necessariamente il pass interrotto. | Lo stack indica dove SIGALRM è stato osservato, non dimostra quale pass, configurazione, circuito o hardware abbia causato il timeout. | Un'attribuzione causale richiede confronti controllati tra circuiti, configurazioni e device.",qiskit/transpiler/passes/routing/lookahead_swap.py:313:_map_free_gates
ibm_falcon_27,27,f30536987677ef5017fe3a89b8b4ee0a3e7252a1a226cc3db95fd9b2e822d991,run_ee8ca4d757954289e60c88541c7740849286a8b662934ae5a4c8b8d374a30050,su2random_indep_tket_6,su2random,tket,6,30,99,o3_sabre_lookahead,3,sabre,lookahead,1,timeout,transpilation,timeout,AttemptTimeoutError,100.0,100.00285125499977,Tentativo interrotto dopo 100.0 secondi.,qiskit_post_pass_callback_and_sigalrm_traceback,transpilation,21,LookaheadSwap,qiskit.transpiler.passes.routing.lookahead_swap.LookaheadSwap,20,99.93558979034424,99.99880591699912,qiskit/transpiler/passes/routing/lookahead_swap.py,_map_free_gates,313,routing,routing_method,lookahead,medium,False,"Il callback pubblico di Qiskit viene eseguito dopo ogni pass: last_completed_pass non identifica necessariamente il pass interrotto. | Lo stack indica dove SIGALRM è stato osservato, non dimostra quale pass, configurazione, circuito o hardware abbia causato il timeout. | Un'attribuzione causale richiede confronti controllati tra circuiti, configurazioni e device.",qiskit/transpiler/passes/routing/lookahead_swap.py:313:_map_free_gates
ibm_falcon_27,27,f30536987677ef5017fe3a89b8b4ee0a3e7252a1a226cc3db95fd9b2e822d991,run_32e5ae779edfa904b8fa0b3b69a33fc4f8619012c73e5e51b9405d4716c4b7b5,su2random_indep_tket_7,su2random,tket,7,34,126,o3_sabre_lookahead,3,sabre,lookahead,1,timeout,transpilation,timeout,AttemptTimeoutError,100.0,100.00279499499993,Tentativo interrotto dopo 100.0 secondi.,qiskit_post_pass_callback_and_sigalrm_traceback,transpilation,21,LookaheadSwap,qiskit.transpiler.passes.routing.lookahead_swap.LookaheadSwap,20,99.93859553337097,99.99898226100049,qiskit/transpiler/passes/routing/lookahead_swap.py,_calc_layout_distance,342,routing,routing_method,lookahead,medium,False,"Il callback pubblico di Qiskit viene eseguito dopo ogni pass: last_completed_pass non identifica necessariamente il pass interrotto. | Lo stack indica dove SIGALRM è stato osservato, non dimostra quale pass, configurazione, circuito o hardware abbia causato il timeout. | Un'attribuzione causale richiede confronti controllati tra circuiti, configurazioni e device.",qiskit/transpiler/passes/routing/lookahead_swap.py:342:_calc_layout_distance
ibm_falcon_27,27,f30536987677ef5017fe3a89b8b4ee0a3e7252a1a226cc3db95fd9b2e822d991,run_ba4142cf6feeba8e51160fc7de2922750216d8890bf4a9d3f3a6d1cbdd072b42,su2random_indep_tket_7,su2random,tket,7,34,126,o3_sabre_lookahead,3,sabre,lookahead,2,timeout,transpilation,timeout,AttemptTimeoutError,100.0,100.00329314299961,Tentativo interrotto dopo 100.0 secondi.,qiskit_post_pass_callback_and_sigalrm_traceback,transpilation,21,LookaheadSwap,qiskit.transpiler.passes.routing.lookahead_swap.LookaheadSwap,20,99.92486310005188,99.99817893599902,qiskit/transpiler/passes/routing/lookahead_swap.py,_calc_layout_distance,342,routing,routing_method,lookahead,medium,False,"Il callback pubblico di Qiskit viene eseguito dopo ogni pass: last_completed_pass non identifica necessariamente il pass interrotto. | Lo stack indica dove SIGALRM è stato osservato, non dimostra quale pass, configurazione, circuito o hardware abbia causato il timeout. | Un'attribuzione causale richiede confronti controllati tra circuiti, configurazioni e device.",qiskit/transpiler/passes/routing/lookahead_swap.py:342:_calc_layout_distance
ibm_falcon_27,27,f30536987677ef5017fe3a89b8b4ee0a3e7252a1a226cc3db95fd9b2e822d991,run_2a68b76ce89fdc3b947790e3f652848c8cf49183a3d5ddb82f0d811df6e92c61,su2random_indep_tket_8,su2random,tket,8,38,156,o3_sabre_lookahead,3,sabre,lookahead,0,timeout,transpilation,timeout,AttemptTimeoutError,100.0,100.00280423200093,Tentativo interrotto dopo 100.0 secondi.,qiskit_post_pass_callback_and_sigalrm_traceback,transpilation,21,LookaheadSwap,qiskit.transpiler.passes.routing.lookahead_swap.LookaheadSwap,20,99.93226194381714,99.99887950200173,qiskit/transpiler/passes/routing/lookahead_swap.py,_map_free_gates,303,routing,routing_method,lookahead,medium,False,"Il callback pubblico di Qiskit viene eseguito dopo ogni pass: last_completed_pass non identifica necessariamente il pass interrotto. | Lo stack indica dove SIGALRM è stato osservato, non dimostra quale pass, configurazione, circuito o hardware abbia causato il timeout. | Un'attribuzione causale richiede confronti controllati tra circuiti, configurazioni e device.",qiskit/transpiler/passes/routing/lookahead_swap.py:303:_map_free_gates
ibm_falcon_27,27,f30536987677ef5017fe3a89b8b4ee0a3e7252a1a226cc3db95fd9b2e822d991,run_e03a1139afc21e1452f304aee38aeacb3ec94691caf2c36ada750416fdc3a46c,su2random_indep_tket_8,su2random,tket,8,38,156,o3_sabre_lookahead,3,sabre,lookahead,1,timeout,transpilation,timeout,AttemptTimeoutError,100.0,100.00295159800044,Tentativo interrotto dopo 100.0 secondi.,qiskit_post_pass_callback_and_sigalrm_traceback,transpilation,21,LookaheadSwap,qiskit.transpiler.passes.routing.lookahead_swap.LookaheadSwap,20,99.92108821868896,99.99878288299988,qiskit/transpiler/passes/routing/lookahead_swap.py,_calc_layout_distance,342,routing,routing_method,lookahead,medium,False,"Il callback pubblico di Qiskit viene eseguito dopo ogni pass: last_completed_pass non identifica necessariamente il pass interrotto. | Lo stack indica dove SIGALRM è stato osservato, non dimostra quale pass, configurazione, circuito o hardware abbia causato il timeout. | Un'attribuzione causale richiede confronti controllati tra circuiti, configurazioni e device.",qiskit/transpiler/passes/routing/lookahead_swap.py:342:_calc_layout_distance
ibm_falcon_27,27,f30536987677ef5017fe3a89b8b4ee0a3e7252a1a226cc3db95fd9b2e822d991,run_16bba85e5bd4c510fbdbe62b681b5835cce88abdb18910625a81edc997dedfe4,su2random_indep_tket_8,su2random,tket,8,38,156,o3_sabre_lookahead,3,sabre,lookahead,2,timeout,transpilation,timeout,AttemptTimeoutError,100.0,100.00306934000037,Tentativo interrotto dopo 100.0 secondi.,qiskit_post_pass_callback_and_sigalrm_traceback,transpilation,21,LookaheadSwap,qiskit.transpiler.passes.routing.lookahead_swap.LookaheadSwap,20,99.901695728302,99.99872343900097,qiskit/transpiler/passes/routing/lookahead_swap.py,_first_op_node,390,routing,routing_method,lookahead,medium,False,"Il callback pubblico di Qiskit viene eseguito dopo ogni pass: last_completed_pass non identifica necessariamente il pass interrotto. | Lo stack indica dove SIGALRM è stato osservato, non dimostra quale pass, configurazione, circuito o hardware abbia causato il timeout. | Un'attribuzione causale richiede confronti controllati tra circuiti, configurazioni e device.",qiskit/transpiler/passes/routing/lookahead_swap.py:390:_first_op_node
ibm_falcon_27,27,f30536987677ef5017fe3a89b8b4ee0a3e7252a1a226cc3db95fd9b2e822d991,run_4fc35b77a39a56b166e203120855934a24539c66214206f1ddb5346d6f71899d,su2random_indep_tket_9,su2random,tket,9,42,189,o3_sabre_lookahead,3,sabre,lookahead,0,timeout,transpilation,timeout,AttemptTimeoutError,100.0,100.00803687400003,Tentativo interrotto dopo 100.0 secondi.,qiskit_post_pass_callback_and_sigalrm_traceback,transpilation,21,LookaheadSwap,qiskit.transpiler.passes.routing.lookahead_swap.LookaheadSwap,20,99.91474080085754,100.0030454509997,qiskit/transpiler/passes/routing/lookahead_swap.py,_calc_layout_distance,342,routing,routing_method,lookahead,medium,False,"Il callback pubblico di Qiskit viene eseguito dopo ogni pass: last_completed_pass non identifica necessariamente il pass interrotto. | Lo stack indica dove SIGALRM è stato osservato, non dimostra quale pass, configurazione, circuito o hardware abbia causato il timeout. | Un'attribuzione causale richiede confronti controllati tra circuiti, configurazioni e device.",qiskit/transpiler/passes/routing/lookahead_swap.py:342:_calc_layout_distance
ibm_falcon_27,27,f30536987677ef5017fe3a89b8b4ee0a3e7252a1a226cc3db95fd9b2e822d991,run_c6ff360cb8a1b52946058b172c1bba4cbabfed9407ffeb94b03b049467560eb4,su2random_indep_tket_9,su2random,tket,9,42,189,o3_sabre_lookahead,3,sabre,lookahead,1,timeout,transpilation,timeout,AttemptTimeoutError,100.0,100.0035071000002,Tentativo interrotto dopo 100.0 secondi.,qiskit_post_pass_callback_and_sigalrm_traceback,transpilation,21,LookaheadSwap,qiskit.transpiler.passes.routing.lookahead_swap.LookaheadSwap,20,99.89361548423767,99.99871868199989,qiskit/transpiler/passes/routing/lookahead_swap.py,_calc_layout_distance,342,routing,routing_method,lookahead,medium,False,"Il callback pubblico di Qiskit viene eseguito dopo ogni pass: last_completed_pass non identifica necessariamente il pass interrotto. | Lo stack indica dove SIGALRM è stato osservato, non dimostra quale pass, configurazione, circuito o hardware abbia causato il timeout. | Un'attribuzione causale richiede confronti controllati tra circuiti, configurazioni e device.",qiskit/transpiler/passes/routing/lookahead_swap.py:342:_calc_layout_distance
ibm_falcon_27,27,f30536987677ef5017fe3a89b8b4ee0a3e7252a1a226cc3db95fd9b2e822d991,run_668cf141009c8f66b98c7c1650b6d8a92f68399c6e6b7f4f282a06e65d2293aa,su2random_indep_tket_9,su2random,tket,9,42,189,o3_sabre_lookahead,3,sabre,lookahead,2,timeout,transpilation,timeout,AttemptTimeoutError,100.0,100.00325923300079,Tentativo interrotto dopo 100.0 secondi.,qiskit_post_pass_callback_and_sigalrm_traceback,transpilation,21,LookaheadSwap,qiskit.transpiler.passes.routing.lookahead_swap.LookaheadSwap,20,99.86709547042847,99.99876951099941,qiskit/transpiler/passes/routing/lookahead_swap.py,_calc_layout_distance,342,routing,routing_method,lookahead,medium,False,"Il callback pubblico di Qiskit viene eseguito dopo ogni pass: last_completed_pass non identifica necessariamente il pass interrotto. | Lo stack indica dove SIGALRM è stato osservato, non dimostra quale pass, configurazione, circuito o hardware abbia causato il timeout. | Un'attribuzione causale richiede confronti controllati tra circuiti, configurazioni e device.",qiskit/transpiler/passes/routing/lookahead_swap.py:342:_calc_layout_distance
ibm_falcon_27,27,f30536987677ef5017fe3a89b8b4ee0a3e7252a1a226cc3db95fd9b2e822d991,run_ed1435d645d16e2bb64b8cc06d9a26a138a94edb0c7f19a04ad3c06e82e8e235,twolocalrandom_indep_qiskit_10,twolocalrandom,qiskit,10,42,185,o3_sabre_lookahead,3,sabre,lookahead,0,timeout,transpilation,timeout,AttemptTimeoutError,100.0,100.00371218500004,Tentativo interrotto dopo 100.0 secondi.,qiskit_post_pass_callback_and_sigalrm_traceback,transpilation,21,LookaheadSwap,qiskit.transpiler.passes.routing.lookahead_swap.LookaheadSwap,20,99.90858793258667,99.99880305399893,qiskit/transpiler/passes/routing/lookahead_swap.py,_calc_layout_distance,342,routing,routing_method,lookahead,medium,False,"Il callback pubblico di Qiskit viene eseguito dopo ogni pass: last_completed_pass non identifica necessariamente il pass interrotto. | Lo stack indica dove SIGALRM è stato osservato, non dimostra quale pass, configurazione, circuito o hardware abbia causato il timeout. | Un'attribuzione causale richiede confronti controllati tra circuiti, configurazioni e device.",qiskit/transpiler/passes/routing/lookahead_swap.py:342:_calc_layout_distance
ibm_falcon_27,27,f30536987677ef5017fe3a89b8b4ee0a3e7252a1a226cc3db95fd9b2e822d991,run_5f36bf57e387386f9236abbd38b24a5286eaad30d745f8f23e122385c5331c7b,twolocalrandom_indep_qiskit_10,twolocalrandom,qiskit,10,42,185,o3_sabre_lookahead,3,sabre,lookahead,1,timeout,transpilation,timeout,AttemptTimeoutError,100.0,100.0039152399986,Tentativo interrotto dopo 100.0 secondi.,qiskit_post_pass_callback_and_sigalrm_traceback,transpilation,21,LookaheadSwap,qiskit.transpiler.passes.routing.lookahead_swap.LookaheadSwap,20,99.89144396781921,99.99869052299982,qiskit/transpiler/passes/routing/lookahead_swap.py,_calc_layout_distance,342,routing,routing_method,lookahead,medium,False,"Il callback pubblico di Qiskit viene eseguito dopo ogni pass: last_completed_pass non identifica necessariamente il pass interrotto. | Lo stack indica dove SIGALRM è stato osservato, non dimostra quale pass, configurazione, circuito o hardware abbia causato il timeout. | Un'attribuzione causale richiede confronti controllati tra circuiti, configurazioni e device.",qiskit/transpiler/passes/routing/lookahead_swap.py:342:_calc_layout_distance
ibm_falcon_27,27,f30536987677ef5017fe3a89b8b4ee0a3e7252a1a226cc3db95fd9b2e822d991,run_e573c9f68efdf9acba651abe96c8b3227e656580911bd3d64329fcaac7450cc9,twolocalrandom_indep_qiskit_10,twolocalrandom,qiskit,10,42,185,o3_sabre_lookahead,3,sabre,lookahead,2,timeout,transpilation,timeout,AttemptTimeoutError,100.0,100.00356737499897,Tentativo interrotto dopo 100.0 secondi.,qiskit_post_pass_callback_and_sigalrm_traceback,transpilation,21,LookaheadSwap,qiskit.transpiler.passes.routing.lookahead_swap.LookaheadSwap,20,99.80931639671326,99.99878136500047,qiskit/transpiler/passes/routing/lookahead_swap.py,_calc_layout_distance,342,routing,routing_method,lookahead,medium,False,"Il callback pubblico di Qiskit viene eseguito dopo ogni pass: last_completed_pass non identifica necessariamente il pass interrotto. | Lo stack indica dove SIGALRM è stato osservato, non dimostra quale pass, configurazione, circuito o hardware abbia causato il timeout. | Un'attribuzione causale richiede confronti controllati tra circuiti, configurazioni e device.",qiskit/transpiler/passes/routing/lookahead_swap.py:342:_calc_layout_distance
ibm_falcon_27,27,f30536987677ef5017fe3a89b8b4ee0a3e7252a1a226cc3db95fd9b2e822d991,run_632bd80dc8d9e601abb0f2af1b2b71fdfe4c8627b37d1b2f287e6cb52d389ee6,twolocalrandom_indep_qiskit_11,twolocalrandom,qiskit,11,46,220,o3_sabre_lookahead,3,sabre,lookahead,0,timeout,transpilation,timeout,AttemptTimeoutError,100.0,100.00371082200036,Tentativo interrotto dopo 100.0 secondi.,qiskit_post_pass_callback_and_sigalrm_traceback,transpilation,21,LookaheadSwap,qiskit.transpiler.passes.routing.lookahead_swap.LookaheadSwap,20,99.89246845245361,99.99853006599915,qiskit/transpiler/passes/routing/lookahead_swap.py,_first_op_node,390,routing,routing_method,lookahead,medium,False,"Il callback pubblico di Qiskit viene eseguito dopo ogni pass: last_completed_pass non identifica necessariamente il pass interrotto. | Lo stack indica dove SIGALRM è stato osservato, non dimostra quale pass, configurazione, circuito o hardware abbia causato il timeout. | Un'attribuzione causale richiede confronti controllati tra circuiti, configurazioni e device.",qiskit/transpiler/passes/routing/lookahead_swap.py:390:_first_op_node
ibm_falcon_27,27,f30536987677ef5017fe3a89b8b4ee0a3e7252a1a226cc3db95fd9b2e822d991,run_49967de0203f932f3717ab89d4069be20fb828ba2bde6bab49f73dc97b704a27,twolocalrandom_indep_qiskit_11,twolocalrandom,qiskit,11,46,220,o3_sabre_lookahead,3,sabre,lookahead,1,timeout,transpilation,timeout,AttemptTimeoutError,100.0,100.0038204829998,Tentativo interrotto dopo 100.0 secondi.,qiskit_post_pass_callback_and_sigalrm_traceback,transpilation,21,LookaheadSwap,qiskit.transpiler.passes.routing.lookahead_swap.LookaheadSwap,20,99.88505005836487,99.99857445500129,qiskit/transpiler/passes/routing/lookahead_swap.py,_calc_layout_distance,342,routing,routing_method,lookahead,medium,False,"Il callback pubblico di Qiskit viene eseguito dopo ogni pass: last_completed_pass non identifica necessariamente il pass interrotto. | Lo stack indica dove SIGALRM è stato osservato, non dimostra quale pass, configurazione, circuito o hardware abbia causato il timeout. | Un'attribuzione causale richiede confronti controllati tra circuiti, configurazioni e device.",qiskit/transpiler/passes/routing/lookahead_swap.py:342:_calc_layout_distance
ibm_falcon_27,27,f30536987677ef5017fe3a89b8b4ee0a3e7252a1a226cc3db95fd9b2e822d991,run_1c6365d6a650f9b565f72121fb7be0f281f534c30cd305cd933eb37163687abc,twolocalrandom_indep_qiskit_11,twolocalrandom,qiskit,11,46,220,o3_sabre_lookahead,3,sabre,lookahead,2,timeout,transpilation,timeout,AttemptTimeoutError,100.0,100.00361824600077,Tentativo interrotto dopo 100.0 secondi.,qiskit_post_pass_callback_and_sigalrm_traceback,transpilation,21,LookaheadSwap,qiskit.transpiler.passes.routing.lookahead_swap.LookaheadSwap,20,99.87265086174011,99.99651336699935,qiskit/transpiler/passes/routing/lookahead_swap.py,_calc_layout_distance,342,routing,routing_method,lookahead,medium,False,"Il callback pubblico di Qiskit viene eseguito dopo ogni pass: last_completed_pass non identifica necessariamente il pass interrotto. | Lo stack indica dove SIGALRM è stato osservato, non dimostra quale pass, configurazione, circuito o hardware abbia causato il timeout. | Un'attribuzione causale richiede confronti controllati tra circuiti, configurazioni e device.",qiskit/transpiler/passes/routing/lookahead_swap.py:342:_calc_layout_distance
ibm_falcon_27,27,f30536987677ef5017fe3a89b8b4ee0a3e7252a1a226cc3db95fd9b2e822d991,run_34bb796cf018d231a6a140bd551b78a77d20adbd6c4a3b5da7d1e44284b6649e,twolocalrandom_indep_qiskit_6,twolocalrandom,qiskit,6,26,75,o3_sabre_lookahead,3,sabre,lookahead,1,timeout,transpilation,timeout,AttemptTimeoutError,100.0,100.00250353899901,Tentativo interrotto dopo 100.0 secondi.,qiskit_post_pass_callback_and_sigalrm_traceback,transpilation,21,LookaheadSwap,qiskit.transpiler.passes.routing.lookahead_swap.LookaheadSwap,20,99.89822912216187,99.99935903799997,qiskit/transpiler/passes/routing/lookahead_swap.py,_map_free_gates,318,routing,routing_method,lookahead,medium,False,"Il callback pubblico di Qiskit viene eseguito dopo ogni pass: last_completed_pass non identifica necessariamente il pass interrotto. | Lo stack indica dove SIGALRM è stato osservato, non dimostra quale pass, configurazione, circuito o hardware abbia causato il timeout. | Un'attribuzione causale richiede confronti controllati tra circuiti, configurazioni e device.",qiskit/transpiler/passes/routing/lookahead_swap.py:318:_map_free_gates
ibm_falcon_27,27,f30536987677ef5017fe3a89b8b4ee0a3e7252a1a226cc3db95fd9b2e822d991,run_30213d8a6f5f8e8af48e9a97eb5ac1fc2982965ee5ea523b4174123e6664155e,twolocalrandom_indep_qiskit_7,twolocalrandom,qiskit,7,30,98,o3_sabre_lookahead,3,sabre,lookahead,1,timeout,transpilation,timeout,AttemptTimeoutError,100.0,100.00262307699995,Tentativo interrotto dopo 100.0 secondi.,qiskit_post_pass_callback_and_sigalrm_traceback,transpilation,21,LookaheadSwap,qiskit.transpiler.passes.routing.lookahead_swap.LookaheadSwap,20,99.93806624412537,99.99911412800066,qiskit/transpiler/passes/routing/lookahead_swap.py,_map_free_gates,313,routing,routing_method,lookahead,medium,False,"Il callback pubblico di Qiskit viene eseguito dopo ogni pass: last_completed_pass non identifica necessariamente il pass interrotto. | Lo stack indica dove SIGALRM è stato osservato, non dimostra quale pass, configurazione, circuito o hardware abbia causato il timeout. | Un'attribuzione causale richiede confronti controllati tra circuiti, configurazioni e device.",qiskit/transpiler/passes/routing/lookahead_swap.py:313:_map_free_gates
ibm_falcon_27,27,f30536987677ef5017fe3a89b8b4ee0a3e7252a1a226cc3db95fd9b2e822d991,run_7b7e38602b6831d13dd31cc9df155341d554b2b028412b78e828a2f735c0fbf3,twolocalrandom_indep_qiskit_8,twolocalrandom,qiskit,8,34,124,o3_sabre_lookahead,3,sabre,lookahead,0,timeout,transpilation,timeout,AttemptTimeoutError,100.0,100.00278064899976,Tentativo interrotto dopo 100.0 secondi.,qiskit_post_pass_callback_and_sigalrm_traceback,transpilation,21,LookaheadSwap,qiskit.transpiler.passes.routing.lookahead_swap.LookaheadSwap,20,99.9266426563263,99.99897942300049,qiskit/transpiler/passes/routing/lookahead_swap.py,_calc_layout_distance,342,routing,routing_method,lookahead,medium,False,"Il callback pubblico di Qiskit viene eseguito dopo ogni pass: last_completed_pass non identifica necessariamente il pass interrotto. | Lo stack indica dove SIGALRM è stato osservato, non dimostra quale pass, configurazione, circuito o hardware abbia causato il timeout. | Un'attribuzione causale richiede confronti controllati tra circuiti, configurazioni e device.",qiskit/transpiler/passes/routing/lookahead_swap.py:342:_calc_layout_distance
ibm_falcon_27,27,f30536987677ef5017fe3a89b8b4ee0a3e7252a1a226cc3db95fd9b2e822d991,run_bc1a8a646f80f93fd9a558ecd1eef4e0b41d042c9be18ac9798dc7c8a6b7373f,twolocalrandom_indep_qiskit_8,twolocalrandom,qiskit,8,34,124,o3_sabre_lookahead,3,sabre,lookahead,1,timeout,transpilation,timeout,AttemptTimeoutError,100.0,100.00360346399975,Tentativo interrotto dopo 100.0 secondi.,qiskit_post_pass_callback_and_sigalrm_traceback,transpilation,21,LookaheadSwap,qiskit.transpiler.passes.routing.lookahead_swap.LookaheadSwap,20,99.91211318969727,99.99907576299847,qiskit/transpiler/passes/routing/lookahead_swap.py,_score_state_with_swap,355,routing,routing_method,lookahead,medium,False,"Il callback pubblico di Qiskit viene eseguito dopo ogni pass: last_completed_pass non identifica necessariamente il pass interrotto. | Lo stack indica dove SIGALRM è stato osservato, non dimostra quale pass, configurazione, circuito o hardware abbia causato il timeout. | Un'attribuzione causale richiede confronti controllati tra circuiti, configurazioni e device.",qiskit/transpiler/passes/routing/lookahead_swap.py:355:_score_state_with_swap
ibm_falcon_27,27,f30536987677ef5017fe3a89b8b4ee0a3e7252a1a226cc3db95fd9b2e822d991,run_dceeb8758eda6f1f7574d151a80c4436c2441f3d03fb8a58d2322c407c8845b9,twolocalrandom_indep_qiskit_8,twolocalrandom,qiskit,8,34,124,o3_sabre_lookahead,3,sabre,lookahead,2,timeout,transpilation,timeout,AttemptTimeoutError,100.0,100.00251380199916,Tentativo interrotto dopo 100.0 secondi.,qiskit_post_pass_callback_and_sigalrm_traceback,transpilation,21,LookaheadSwap,qiskit.transpiler.passes.routing.lookahead_swap.LookaheadSwap,20,99.91139793395996,99.99896842299859,qiskit/transpiler/passes/routing/lookahead_swap.py,_first_op_node,390,routing,routing_method,lookahead,medium,False,"Il callback pubblico di Qiskit viene eseguito dopo ogni pass: last_completed_pass non identifica necessariamente il pass interrotto. | Lo stack indica dove SIGALRM è stato osservato, non dimostra quale pass, configurazione, circuito o hardware abbia causato il timeout. | Un'attribuzione causale richiede confronti controllati tra circuiti, configurazioni e device.",qiskit/transpiler/passes/routing/lookahead_swap.py:390:_first_op_node
ibm_falcon_27,27,f30536987677ef5017fe3a89b8b4ee0a3e7252a1a226cc3db95fd9b2e822d991,run_66b8ed38824502f3c8f98d3bcca8e83f78241634b6c5ae72b7f25f1bc55b93db,twolocalrandom_indep_qiskit_9,twolocalrandom,qiskit,9,38,153,o3_sabre_lookahead,3,sabre,lookahead,0,timeout,transpilation,timeout,AttemptTimeoutError,100.0,100.00327441599984,Tentativo interrotto dopo 100.0 secondi.,qiskit_post_pass_callback_and_sigalrm_traceback,transpilation,21,LookaheadSwap,qiskit.transpiler.passes.routing.lookahead_swap.LookaheadSwap,20,99.91617894172668,99.99885965700014,qiskit/transpiler/passes/routing/lookahead_swap.py,_calc_layout_distance,342,routing,routing_method,lookahead,medium,False,"Il callback pubblico di Qiskit viene eseguito dopo ogni pass: last_completed_pass non identifica necessariamente il pass interrotto. | Lo stack indica dove SIGALRM è stato osservato, non dimostra quale pass, configurazione, circuito o hardware abbia causato il timeout. | Un'attribuzione causale richiede confronti controllati tra circuiti, configurazioni e device.",qiskit/transpiler/passes/routing/lookahead_swap.py:342:_calc_layout_distance
ibm_falcon_27,27,f30536987677ef5017fe3a89b8b4ee0a3e7252a1a226cc3db95fd9b2e822d991,run_f566a60f0bdb8b238bbb27383b3507dd4ec5980b414ed9d7450d0dd341374ee0,twolocalrandom_indep_qiskit_9,twolocalrandom,qiskit,9,38,153,o3_sabre_lookahead,3,sabre,lookahead,1,timeout,transpilation,timeout,AttemptTimeoutError,100.0,100.00743657699968,Tentativo interrotto dopo 100.0 secondi.,qiskit_post_pass_callback_and_sigalrm_traceback,transpilation,21,LookaheadSwap,qiskit.transpiler.passes.routing.lookahead_swap.LookaheadSwap,20,99.90386486053467,100.00056450000011,qiskit/transpiler/passes/routing/lookahead_swap.py,_map_free_gates,314,routing,routing_method,lookahead,medium,False,"Il callback pubblico di Qiskit viene eseguito dopo ogni pass: last_completed_pass non identifica necessariamente il pass interrotto. | Lo stack indica dove SIGALRM è stato osservato, non dimostra quale pass, configurazione, circuito o hardware abbia causato il timeout. | Un'attribuzione causale richiede confronti controllati tra circuiti, configurazioni e device.",qiskit/transpiler/passes/routing/lookahead_swap.py:314:_map_free_gates
ibm_falcon_27,27,f30536987677ef5017fe3a89b8b4ee0a3e7252a1a226cc3db95fd9b2e822d991,run_0cf12e68c4168266521f2d40adfc75afb46482be9c0f5d2c5055a459833a05d5,twolocalrandom_indep_qiskit_9,twolocalrandom,qiskit,9,38,153,o3_sabre_lookahead,3,sabre,lookahead,2,timeout,transpilation,timeout,AttemptTimeoutError,100.0,100.00339399100085,Tentativo interrotto dopo 100.0 secondi.,qiskit_post_pass_callback_and_sigalrm_traceback,transpilation,21,LookaheadSwap,qiskit.transpiler.passes.routing.lookahead_swap.LookaheadSwap,20,99.90576434135437,99.99873419700089,qiskit/transpiler/passes/routing/lookahead_swap.py,_map_free_gates,312,routing,routing_method,lookahead,medium,False,"Il callback pubblico di Qiskit viene eseguito dopo ogni pass: last_completed_pass non identifica necessariamente il pass interrotto. | Lo stack indica dove SIGALRM è stato osservato, non dimostra quale pass, configurazione, circuito o hardware abbia causato il timeout. | Un'attribuzione causale richiede confronti controllati tra circuiti, configurazioni e device.",qiskit/transpiler/passes/routing/lookahead_swap.py:312:_map_free_gates
ibm_falcon_27,27,f30536987677ef5017fe3a89b8b4ee0a3e7252a1a226cc3db95fd9b2e822d991,run_a4e9995aabfed69b5747ac96d77f43beff913be046eb8b19c2040f460c662f30,twolocalrandom_indep_tket_10,twolocalrandom,tket,10,42,185,o3_sabre_lookahead,3,sabre,lookahead,0,timeout,transpilation,timeout,AttemptTimeoutError,100.0,100.00335699700008,Tentativo interrotto dopo 100.0 secondi.,qiskit_post_pass_callback_and_sigalrm_traceback,transpilation,21,LookaheadSwap,qiskit.transpiler.passes.routing.lookahead_swap.LookaheadSwap,20,99.90745711326599,99.99872191099894,qiskit/transpiler/passes/routing/lookahead_swap.py,_map_free_gates,312,routing,routing_method,lookahead,medium,False,"Il callback pubblico di Qiskit viene eseguito dopo ogni pass: last_completed_pass non identifica necessariamente il pass interrotto. | Lo stack indica dove SIGALRM è stato osservato, non dimostra quale pass, configurazione, circuito o hardware abbia causato il timeout. | Un'attribuzione causale richiede confronti controllati tra circuiti, configurazioni e device.",qiskit/transpiler/passes/routing/lookahead_swap.py:312:_map_free_gates
ibm_falcon_27,27,f30536987677ef5017fe3a89b8b4ee0a3e7252a1a226cc3db95fd9b2e822d991,run_0199f327d0f144a483b48f9e7ecf94d0484a1107a5f8b6b87ca852f245f8c892,twolocalrandom_indep_tket_10,twolocalrandom,tket,10,42,185,o3_sabre_lookahead,3,sabre,lookahead,1,timeout,transpilation,timeout,AttemptTimeoutError,100.0,100.00361652500033,Tentativo interrotto dopo 100.0 secondi.,qiskit_post_pass_callback_and_sigalrm_traceback,transpilation,21,LookaheadSwap,qiskit.transpiler.passes.routing.lookahead_swap.LookaheadSwap,20,99.86883091926575,99.99858131899964,qiskit/transpiler/passes/routing/lookahead_swap.py,_map_free_gates,312,routing,routing_method,lookahead,medium,False,"Il callback pubblico di Qiskit viene eseguito dopo ogni pass: last_completed_pass non identifica necessariamente il pass interrotto. | Lo stack indica dove SIGALRM è stato osservato, non dimostra quale pass, configurazione, circuito o hardware abbia causato il timeout. | Un'attribuzione causale richiede confronti controllati tra circuiti, configurazioni e device.",qiskit/transpiler/passes/routing/lookahead_swap.py:312:_map_free_gates
ibm_falcon_27,27,f30536987677ef5017fe3a89b8b4ee0a3e7252a1a226cc3db95fd9b2e822d991,run_a5be5a47939325258b5c498adc03d37c81c8f3b25be55fe3e5e98bae885b9b3a,twolocalrandom_indep_tket_10,twolocalrandom,tket,10,42,185,o3_sabre_lookahead,3,sabre,lookahead,2,timeout,transpilation,timeout,AttemptTimeoutError,100.0,100.00348900799872,Tentativo interrotto dopo 100.0 secondi.,qiskit_post_pass_callback_and_sigalrm_traceback,transpilation,21,LookaheadSwap,qiskit.transpiler.passes.routing.lookahead_swap.LookaheadSwap,20,99.85260891914368,99.99867922900012,qiskit/transpiler/passes/routing/lookahead_swap.py,_calc_layout_distance,342,routing,routing_method,lookahead,medium,False,"Il callback pubblico di Qiskit viene eseguito dopo ogni pass: last_completed_pass non identifica necessariamente il pass interrotto. | Lo stack indica dove SIGALRM è stato osservato, non dimostra quale pass, configurazione, circuito o hardware abbia causato il timeout. | Un'attribuzione causale richiede confronti controllati tra circuiti, configurazioni e device.",qiskit/transpiler/passes/routing/lookahead_swap.py:342:_calc_layout_distance
ibm_falcon_27,27,f30536987677ef5017fe3a89b8b4ee0a3e7252a1a226cc3db95fd9b2e822d991,run_5f60c93eb6bab23e90b0b53288f78bc87cf12ddd71df80ead8ae60d2562632bc,twolocalrandom_indep_tket_11,twolocalrandom,tket,11,46,220,o3_sabre_lookahead,3,sabre,lookahead,0,timeout,transpilation,timeout,AttemptTimeoutError,100.0,100.00360750800064,Tentativo interrotto dopo 100.0 secondi.,qiskit_post_pass_callback_and_sigalrm_traceback,transpilation,21,LookaheadSwap,qiskit.transpiler.passes.routing.lookahead_swap.LookaheadSwap,20,99.89600467681885,99.99859532400114,qiskit/transpiler/passes/routing/lookahead_swap.py,_calc_layout_distance,342,routing,routing_method,lookahead,medium,False,"Il callback pubblico di Qiskit viene eseguito dopo ogni pass: last_completed_pass non identifica necessariamente il pass interrotto. | Lo stack indica dove SIGALRM è stato osservato, non dimostra quale pass, configurazione, circuito o hardware abbia causato il timeout. | Un'attribuzione causale richiede confronti controllati tra circuiti, configurazioni e device.",qiskit/transpiler/passes/routing/lookahead_swap.py:342:_calc_layout_distance
ibm_falcon_27,27,f30536987677ef5017fe3a89b8b4ee0a3e7252a1a226cc3db95fd9b2e822d991,run_abf202bce5908573260c2df73866b43ccb43f577588b59c6385e16006f2d46ec,twolocalrandom_indep_tket_11,twolocalrandom,tket,11,46,220,o3_sabre_lookahead,3,sabre,lookahead,1,timeout,transpilation,timeout,AttemptTimeoutError,100.0,100.0053793900006,Tentativo interrotto dopo 100.0 secondi.,qiskit_post_pass_callback_and_sigalrm_traceback,transpilation,21,LookaheadSwap,qiskit.transpiler.passes.routing.lookahead_swap.LookaheadSwap,20,99.86749172210693,99.99867809999887,qiskit/transpiler/passes/routing/lookahead_swap.py,_calc_layout_distance,342,routing,routing_method,lookahead,medium,False,"Il callback pubblico di Qiskit viene eseguito dopo ogni pass: last_completed_pass non identifica necessariamente il pass interrotto. | Lo stack indica dove SIGALRM è stato osservato, non dimostra quale pass, configurazione, circuito o hardware abbia causato il timeout. | Un'attribuzione causale richiede confronti controllati tra circuiti, configurazioni e device.",qiskit/transpiler/passes/routing/lookahead_swap.py:342:_calc_layout_distance
ibm_falcon_27,27,f30536987677ef5017fe3a89b8b4ee0a3e7252a1a226cc3db95fd9b2e822d991,run_1fb334a83da9fd000638fc78aa9732044c7a74793b50f7580143742df72c87de,twolocalrandom_indep_tket_11,twolocalrandom,tket,11,46,220,o3_sabre_lookahead,3,sabre,lookahead,2,timeout,transpilation,timeout,AttemptTimeoutError,100.0,100.00374515200019,Tentativo interrotto dopo 100.0 secondi.,qiskit_post_pass_callback_and_sigalrm_traceback,transpilation,21,LookaheadSwap,qiskit.transpiler.passes.routing.lookahead_swap.LookaheadSwap,20,99.8519401550293,99.9984554119983,qiskit/transpiler/passes/routing/lookahead_swap.py,_calc_layout_distance,342,routing,routing_method,lookahead,medium,False,"Il callback pubblico di Qiskit viene eseguito dopo ogni pass: last_completed_pass non identifica necessariamente il pass interrotto. | Lo stack indica dove SIGALRM è stato osservato, non dimostra quale pass, configurazione, circuito o hardware abbia causato il timeout. | Un'attribuzione causale richiede confronti controllati tra circuiti, configurazioni e device.",qiskit/transpiler/passes/routing/lookahead_swap.py:342:_calc_layout_distance
ibm_falcon_27,27,f30536987677ef5017fe3a89b8b4ee0a3e7252a1a226cc3db95fd9b2e822d991,run_852434853f567b3c575712b8f369085f64e438645ca34148b51223856a1b9a69,twolocalrandom_indep_tket_6,twolocalrandom,tket,6,26,75,o3_sabre_lookahead,3,sabre,lookahead,1,timeout,transpilation,timeout,AttemptTimeoutError,100.0,100.00270357800036,Tentativo interrotto dopo 100.0 secondi.,qiskit_post_pass_callback_and_sigalrm_traceback,transpilation,21,LookaheadSwap,qiskit.transpiler.passes.routing.lookahead_swap.LookaheadSwap,20,99.9335446357727,99.99910438799998,qiskit/transpiler/passes/routing/lookahead_swap.py,_first_op_node,390,routing,routing_method,lookahead,medium,False,"Il callback pubblico di Qiskit viene eseguito dopo ogni pass: last_completed_pass non identifica necessariamente il pass interrotto. | Lo stack indica dove SIGALRM è stato osservato, non dimostra quale pass, configurazione, circuito o hardware abbia causato il timeout. | Un'attribuzione causale richiede confronti controllati tra circuiti, configurazioni e device.",qiskit/transpiler/passes/routing/lookahead_swap.py:390:_first_op_node
ibm_falcon_27,27,f30536987677ef5017fe3a89b8b4ee0a3e7252a1a226cc3db95fd9b2e822d991,run_08ebafa588c0501b5caabf845bcfb949eb9d0e842926d88addbaf2e6149e78cf,twolocalrandom_indep_tket_7,twolocalrandom,tket,7,30,98,o3_sabre_lookahead,3,sabre,lookahead,1,timeout,transpilation,timeout,AttemptTimeoutError,100.0,100.00282942800004,Tentativo interrotto dopo 100.0 secondi.,qiskit_post_pass_callback_and_sigalrm_traceback,transpilation,21,LookaheadSwap,qiskit.transpiler.passes.routing.lookahead_swap.LookaheadSwap,20,99.92757773399353,99.99920505999944,qiskit/transpiler/passes/routing/lookahead_swap.py,_calc_layout_distance,342,routing,routing_method,lookahead,medium,False,"Il callback pubblico di Qiskit viene eseguito dopo ogni pass: last_completed_pass non identifica necessariamente il pass interrotto. | Lo stack indica dove SIGALRM è stato osservato, non dimostra quale pass, configurazione, circuito o hardware abbia causato il timeout. | Un'attribuzione causale richiede confronti controllati tra circuiti, configurazioni e device.",qiskit/transpiler/passes/routing/lookahead_swap.py:342:_calc_layout_distance
ibm_falcon_27,27,f30536987677ef5017fe3a89b8b4ee0a3e7252a1a226cc3db95fd9b2e822d991,run_2753f883430ee7c1743fa27727e163474669ef532323268ab0f92790e699fd7d,twolocalrandom_indep_tket_7,twolocalrandom,tket,7,30,98,o3_sabre_lookahead,3,sabre,lookahead,2,timeout,transpilation,timeout,AttemptTimeoutError,100.0,100.00199219500064,Tentativo interrotto dopo 100.0 secondi.,qiskit_post_pass_callback_and_sigalrm_traceback,transpilation,21,LookaheadSwap,qiskit.transpiler.passes.routing.lookahead_swap.LookaheadSwap,20,99.91388130187988,99.99915970100119,qiskit/transpiler/passes/routing/lookahead_swap.py,_first_op_node,390,routing,routing_method,lookahead,medium,False,"Il callback pubblico di Qiskit viene eseguito dopo ogni pass: last_completed_pass non identifica necessariamente il pass interrotto. | Lo stack indica dove SIGALRM è stato osservato, non dimostra quale pass, configurazione, circuito o hardware abbia causato il timeout. | Un'attribuzione causale richiede confronti controllati tra circuiti, configurazioni e device.",qiskit/transpiler/passes/routing/lookahead_swap.py:390:_first_op_node
ibm_falcon_27,27,f30536987677ef5017fe3a89b8b4ee0a3e7252a1a226cc3db95fd9b2e822d991,run_5f2c0166629a2e588fe3da24894383e2f444f280f920b074003fc8334ce72c3f,twolocalrandom_indep_tket_8,twolocalrandom,tket,8,34,124,o3_sabre_lookahead,3,sabre,lookahead,0,timeout,transpilation,timeout,AttemptTimeoutError,100.0,100.00299949300097,Tentativo interrotto dopo 100.0 secondi.,qiskit_post_pass_callback_and_sigalrm_traceback,transpilation,21,LookaheadSwap,qiskit.transpiler.passes.routing.lookahead_swap.LookaheadSwap,20,99.90932250022888,99.99873251600002,qiskit/transpiler/passes/routing/lookahead_swap.py,_map_free_gates,312,routing,routing_method,lookahead,medium,False,"Il callback pubblico di Qiskit viene eseguito dopo ogni pass: last_completed_pass non identifica necessariamente il pass interrotto. | Lo stack indica dove SIGALRM è stato osservato, non dimostra quale pass, configurazione, circuito o hardware abbia causato il timeout. | Un'attribuzione causale richiede confronti controllati tra circuiti, configurazioni e device.",qiskit/transpiler/passes/routing/lookahead_swap.py:312:_map_free_gates
ibm_falcon_27,27,f30536987677ef5017fe3a89b8b4ee0a3e7252a1a226cc3db95fd9b2e822d991,run_1215313321f934385773a7de0d09a4a1b1b331a7a61150abfd8790d434e0bc86,twolocalrandom_indep_tket_8,twolocalrandom,tket,8,34,124,o3_sabre_lookahead,3,sabre,lookahead,1,timeout,transpilation,timeout,AttemptTimeoutError,100.0,100.00548471699949,Tentativo interrotto dopo 100.0 secondi.,qiskit_post_pass_callback_and_sigalrm_traceback,transpilation,21,LookaheadSwap,qiskit.transpiler.passes.routing.lookahead_swap.LookaheadSwap,20,99.92287421226501,99.99895534900133,qiskit/transpiler/passes/routing/lookahead_swap.py,_map_free_gates,323,routing,routing_method,lookahead,medium,False,"Il callback pubblico di Qiskit viene eseguito dopo ogni pass: last_completed_pass non identifica necessariamente il pass interrotto. | Lo stack indica dove SIGALRM è stato osservato, non dimostra quale pass, configurazione, circuito o hardware abbia causato il timeout. | Un'attribuzione causale richiede confronti controllati tra circuiti, configurazioni e device.",qiskit/transpiler/passes/routing/lookahead_swap.py:323:_map_free_gates
ibm_falcon_27,27,f30536987677ef5017fe3a89b8b4ee0a3e7252a1a226cc3db95fd9b2e822d991,run_6806f19c4c6f831d6163858ec1fb6eff03bcf6139217b00d7f8026512c99379f,twolocalrandom_indep_tket_8,twolocalrandom,tket,8,34,124,o3_sabre_lookahead,3,sabre,lookahead,2,timeout,transpilation,timeout,AttemptTimeoutError,100.0,100.00603035199856,Tentativo interrotto dopo 100.0 secondi.,qiskit_post_pass_callback_and_sigalrm_traceback,transpilation,21,LookaheadSwap,qiskit.transpiler.passes.routing.lookahead_swap.LookaheadSwap,20,99.9244487285614,99.99793825300003,qiskit/transpiler/passes/routing/lookahead_swap.py,_calc_layout_distance,342,routing,routing_method,lookahead,medium,False,"Il callback pubblico di Qiskit viene eseguito dopo ogni pass: last_completed_pass non identifica necessariamente il pass interrotto. | Lo stack indica dove SIGALRM è stato osservato, non dimostra quale pass, configurazione, circuito o hardware abbia causato il timeout. | Un'attribuzione causale richiede confronti controllati tra circuiti, configurazioni e device.",qiskit/transpiler/passes/routing/lookahead_swap.py:342:_calc_layout_distance
ibm_falcon_27,27,f30536987677ef5017fe3a89b8b4ee0a3e7252a1a226cc3db95fd9b2e822d991,run_fb1db2be09ebcf8581a35fa87c267cc78a0793b31acda2880dcc4cd53dc994c7,twolocalrandom_indep_tket_9,twolocalrandom,tket,9,38,153,o3_sabre_lookahead,3,sabre,lookahead,0,timeout,transpilation,timeout,AttemptTimeoutError,100.0,100.00323566599945,Tentativo interrotto dopo 100.0 secondi.,qiskit_post_pass_callback_and_sigalrm_traceback,transpilation,21,LookaheadSwap,qiskit.transpiler.passes.routing.lookahead_swap.LookaheadSwap,20,99.89583659172058,99.99885787600033,qiskit/transpiler/passes/routing/lookahead_swap.py,_first_op_node,390,routing,routing_method,lookahead,medium,False,"Il callback pubblico di Qiskit viene eseguito dopo ogni pass: last_completed_pass non identifica necessariamente il pass interrotto. | Lo stack indica dove SIGALRM è stato osservato, non dimostra quale pass, configurazione, circuito o hardware abbia causato il timeout. | Un'attribuzione causale richiede confronti controllati tra circuiti, configurazioni e device.",qiskit/transpiler/passes/routing/lookahead_swap.py:390:_first_op_node
ibm_falcon_27,27,f30536987677ef5017fe3a89b8b4ee0a3e7252a1a226cc3db95fd9b2e822d991,run_28c5b49150afd0981fa77f20d26166de36566bbf32ec4af5c72ed8a3173e9306,twolocalrandom_indep_tket_9,twolocalrandom,tket,9,38,153,o3_sabre_lookahead,3,sabre,lookahead,1,timeout,transpilation,timeout,AttemptTimeoutError,100.0,100.01126998499967,Tentativo interrotto dopo 100.0 secondi.,qiskit_post_pass_callback_and_sigalrm_traceback,transpilation,21,LookaheadSwap,qiskit.transpiler.passes.routing.lookahead_swap.LookaheadSwap,20,99.86865091323853,100.00668552100069,qiskit/transpiler/passes/routing/lookahead_swap.py,_first_op_node,390,routing,routing_method,lookahead,medium,False,"Il callback pubblico di Qiskit viene eseguito dopo ogni pass: last_completed_pass non identifica necessariamente il pass interrotto. | Lo stack indica dove SIGALRM è stato osservato, non dimostra quale pass, configurazione, circuito o hardware abbia causato il timeout. | Un'attribuzione causale richiede confronti controllati tra circuiti, configurazioni e device.",qiskit/transpiler/passes/routing/lookahead_swap.py:390:_first_op_node
ibm_falcon_27,27,f30536987677ef5017fe3a89b8b4ee0a3e7252a1a226cc3db95fd9b2e822d991,run_be1ec629e976a9ffc5622185f0992147141b717fb22e938e7bb4c47550788442,twolocalrandom_indep_tket_9,twolocalrandom,tket,9,38,153,o3_sabre_lookahead,3,sabre,lookahead,2,timeout,transpilation,timeout,AttemptTimeoutError,100.0,100.00327379900045,Tentativo interrotto dopo 100.0 secondi.,qiskit_post_pass_callback_and_sigalrm_traceback,transpilation,21,LookaheadSwap,qiskit.transpiler.passes.routing.lookahead_swap.LookaheadSwap,20,99.86425614356995,99.9989191120003,qiskit/transpiler/passes/routing/lookahead_swap.py,_calc_layout_distance,342,routing,routing_method,lookahead,medium,False,"Il callback pubblico di Qiskit viene eseguito dopo ogni pass: last_completed_pass non identifica necessariamente il pass interrotto. | Lo stack indica dove SIGALRM è stato osservato, non dimostra quale pass, configurazione, circuito o hardware abbia causato il timeout. | Un'attribuzione causale richiede confronti controllati tra circuiti, configurazioni e device.",qiskit/transpiler/passes/routing/lookahead_swap.py:342:_calc_layout_distance
ibm_falcon_27,27,f30536987677ef5017fe3a89b8b4ee0a3e7252a1a226cc3db95fd9b2e822d991,run_3caca4434e6617e6d95cb71ac26343b803348ce94383693b5c6c8e619525cf08,graphstate_indep_qiskit_13,graphstate,qiskit,13,5,39,o3_sabre_sabre,3,sabre,sabre,0,timeout,transpilation,timeout,AttemptTimeoutError,100.0,100.00995993300012,Tentativo interrotto dopo 100.0 secondi.,qiskit_post_pass_callback_and_sigalrm_traceback,transpilation,44,VF2PostLayout,qiskit.transpiler.passes.layout.vf2_post_layout.VF2PostLayout,43,99.9570164680481,100.00013014599972,qiskit/transpiler/passes/layout/vf2_post_layout.py,run,281,optimization,optimization_level,3,medium,False,"Il callback pubblico di Qiskit viene eseguito dopo ogni pass: last_completed_pass non identifica necessariamente il pass interrotto. | Lo stack indica dove SIGALRM è stato osservato, non dimostra quale pass, configurazione, circuito o hardware abbia causato il timeout. | Un'attribuzione causale richiede confronti controllati tra circuiti, configurazioni e device.",qiskit/transpiler/passes/layout/vf2_post_layout.py:281:run
ibm_falcon_27,27,f30536987677ef5017fe3a89b8b4ee0a3e7252a1a226cc3db95fd9b2e822d991,run_b847f5920a3d9ad5c9aa2caf16991adbb2e7a1709079f2c7b3710c7c7386b27b,graphstate_indep_qiskit_13,graphstate,qiskit,13,5,39,o3_sabre_sabre,3,sabre,sabre,1,timeout,transpilation,timeout,AttemptTimeoutError,100.0,100.00482690000035,Tentativo interrotto dopo 100.0 secondi.,qiskit_post_pass_callback_and_sigalrm_traceback,transpilation,44,VF2PostLayout,qiskit.transpiler.passes.layout.vf2_post_layout.VF2PostLayout,43,99.95681405067444,99.99952269100004,qiskit/transpiler/passes/layout/vf2_post_layout.py,_score_layout,366,optimization,optimization_level,3,medium,False,"Il callback pubblico di Qiskit viene eseguito dopo ogni pass: last_completed_pass non identifica necessariamente il pass interrotto. | Lo stack indica dove SIGALRM è stato osservato, non dimostra quale pass, configurazione, circuito o hardware abbia causato il timeout. | Un'attribuzione causale richiede confronti controllati tra circuiti, configurazioni e device.",qiskit/transpiler/passes/layout/vf2_post_layout.py:366:_score_layout
ibm_falcon_27,27,f30536987677ef5017fe3a89b8b4ee0a3e7252a1a226cc3db95fd9b2e822d991,run_d20e3bd1c3c5f92d3a2b115464686e9c0e9b558776c5fb16bdee0c3a644fb62e,graphstate_indep_qiskit_13,graphstate,qiskit,13,5,39,o3_sabre_sabre,3,sabre,sabre,2,timeout,transpilation,timeout,AttemptTimeoutError,100.0,100.01299742099991,Tentativo interrotto dopo 100.0 secondi.,qiskit_post_pass_callback_and_sigalrm_traceback,transpilation,44,VF2PostLayout,qiskit.transpiler.passes.layout.vf2_post_layout.VF2PostLayout,43,99.95663022994995,100.00438029099996,qiskit/transpiler/passes/layout/vf2_post_layout.py,_score_layout,368,optimization,optimization_level,3,medium,False,"Il callback pubblico di Qiskit viene eseguito dopo ogni pass: last_completed_pass non identifica necessariamente il pass interrotto. | Lo stack indica dove SIGALRM è stato osservato, non dimostra quale pass, configurazione, circuito o hardware abbia causato il timeout. | Un'attribuzione causale richiede confronti controllati tra circuiti, configurazioni e device.",qiskit/transpiler/passes/layout/vf2_post_layout.py:368:_score_layout
